Date,Open,High,Low,Close,Volume,Dividends,Stock Splits
2020-02-21 00:00:00+09:00,95836.74806583737,97725.15689472087,95364.6458586165,97253.0546875,4064719,0.0,0.0
2020-02-24 00:00:00+09:00,94892.54031878141,94892.54031878141,93381.81330873116,93948.3359375,5550758,0.0,0.0
2020-02-25 00:00:00+09:00,92343.19036989796,93570.65609056123,91021.30420918367,92532.03125,6594059,0.0,0.0
2020-02-26 00:00:00+09:00,90171.51043043076,90738.03300905127,89132.88570295983,89321.7265625,6405409,0.0,0.0
2020-02-27 00:00:00+09:00,89416.15233533137,89982.67494780442,87055.64145002695,87622.1640625,4644449,0.0,0.0
2020-02-28 00:00:00+09:00,85922.60407778727,87055.64940628556,82806.72942441696,82995.5703125,8171939,0.0,0.0
2020-03-02 00:00:00+09:00,84978.39729234528,87905.4309768594,83373.24978793431,86961.2265625,6382279,0.0,0.0
2020-03-03 00:00:00+09:00,89699.4136415679,89793.83407698007,87244.4823208513,87622.1640625,5573006,0.0,0.0
2020-03-04 00:00:00+09:00,86205.84818233033,89699.40391370625,86205.84818233033,89038.4609375,4984561,0.0,0.0
2020-03-05 00:00:00+09:00,89888.27700210748,90549.22021535828,88566.3905756059,89605.015625,4028776,0.0,0.0
2020-03-06 00:00:00+09:00,88094.26333862041,89038.46766164957,86866.7977186825,87433.3203125,3281612,0.0,0.0
2020-03-09 00:00:00+09:00,87433.3203125,87433.3203125,87433.3203125,87433.3203125,0,0.0,0.0
2020-03-10 00:00:00+09:00,82051.35214120371,84411.86284722222,81768.09085648147,84128.6015625,6579153,0.0,0.0
2020-03-11 00:00:00+09:00,83278.81233552631,83562.07360197368,80351.7792489035,80729.4609375,5226251,0.0,0.0
2020-03-12 00:00:00+09:00,79124.34522192029,79879.70889945653,75158.68591485507,78180.140625,8191818,0.0,0.0
2020-03-13 00:00:00+09:00,72609.31498106061,79974.10895833334,71759.53106060605,77896.859375,8160758,0.0,0.0
2020-03-16 00:00:00+09:00,79029.90865384616,80068.53349875931,75914.0341191067,76102.875,5097762,0.0,0.0
2020-03-17 00:00:00+09:00,73175.83104982898,78463.37497084888,72703.72891402364,75914.0234375,7107436,0.0,0.0
2020-03-18 00:00:00+09:00,77047.0726744186,77896.85656420999,68926.91550530096,69021.3359375,7949482,0.0,0.0
2020-03-19 00:00:00+09:00,71287.42997056158,71570.6912817029,62128.64757699275,65150.1015625,11140367,0.0,0.0
2020-03-20 00:00:00+09:00,67793.88636363637,71948.38636363637,66188.73863636363,70626.5,8750101,0.0,0.0
2020-03-23 00:00:00+09:00,65811.05039850505,67605.03885987031,64205.9028278098,65527.7890625,8192363,0.0,0.0
2020-03-24 00:00:00+09:00,68926.92523030496,74403.31107052097,68077.14122061626,74308.890625,7247345,0.0,0.0
2020-03-25 00:00:00+09:00,77424.7699704142,79974.12215236686,75347.5200443787,79785.28125,8787217,0.0,0.0
2020-03-26 00:00:00+09:00,80257.36766186493,82995.56020562268,75914.02776486988,76197.2890625,7895289,0.0,0.0
2020-03-27 00:00:00+09:00,80918.30908613445,80918.30908613445,76008.44669117648,78652.21875,8085695,0.0,0.0
2020-03-30 00:00:00+09:00,76480.53931451612,80162.93565188172,75536.33512544802,79029.890625,5270037,0.0,0.0
2020-03-31 00:00:00+09:00,79313.16176470589,80729.46822478992,77424.7531512605,78652.21875,5333479,0.0,0.0
2020-04-01 00:00:00+09:00,77519.18128188775,78557.80612244898,74025.625,74025.625,6845675,0.0,0.0
2020-04-02 00:00:00+09:00,74403.3062890625,75536.3515625,72231.63618164063,75536.3515625,5394371,0.0,0.0
2020-04-03 00:00:00+09:00,75536.34579145728,76291.70924937185,74120.03930786745,75158.6640625,3755301,0.0,0.0
2020-04-06 00:00:00+09:00,76480.54602888087,78652.2158543923,75725.18261131167,78463.375,5784159,0.0,0.0
2020-04-07 00:00:00+09:00,81768.08998033217,81862.51040756119,79029.89759069055,81012.7265625,6188649,0.0,0.0
2020-04-08 00:00:00+09:00,81012.74711538461,81673.69027366865,79785.28125,79785.28125,3749575,0.0,0.0
2020-04-09 00:00:00+09:00,81390.43613970588,81673.69751838235,79785.28832720588,80257.390625,3555538,0.0,0.0
2020-04-10 00:00:00+09:00,79313.15769916766,79690.83940249702,78368.95344084423,79407.578125,3675338,0.0,0.0
2020-04-13 00:00:00+09:00,78557.79422604422,78746.63507754914,76574.96528524264,76858.2265625,3615318,0.0,0.0
2020-04-14 00:00:00+09:00,77613.60299589914,79029.90961991191,76669.39857989065,77708.0234375,3344109,0.0,0.0
2020-04-16 00:00:00+09:00,76102.88495541205,77708.03265298279,76102.88495541205,76763.828125,4470072,0.0,0.0
2020-04-17 00:00:00+09:00,78935.4759958383,81107.14578998217,78557.79429250892,79407.578125,6205624,0.0,0.0
2020-04-20 00:00:00+09:00,79218.76209032013,79218.76209032013,77424.7734375,77424.7734375,5027876,0.0,0.0
2020-04-21 00:00:00+09:00,76102.88495541205,77613.6122001845,75725.20314421895,76763.828125,5090721,0.0,0.0
2020-04-22 00:00:00+09:00,76102.87544696066,79218.75,75536.35280095351,79218.75,5335787,0.0,0.0
2020-04-23 00:00:00+09:00,80446.21262106538,80446.21262106538,77424.758625908,77991.28125,6519481,0.0,0.0
2020-04-24 00:00:00+09:00,77424.74911701474,77896.85124577703,76291.70400798526,76858.2265625,3193144,0.0,0.0
2020-04-27 00:00:00+09:00,77141.49731386198,78557.80387409202,76669.39512711865,77991.28125,3235430,0.0,0.0
2020-04-28 00:00:00+09:00,77896.85673336331,79218.74278702038,77802.43630095923,78746.640625,3205535,0.0,0.0
2020-04-29 00:00:00+09:00,78841.04978718638,80068.51523297491,78274.52727374552,79029.890625,3750568,0.0,0.0
2020-05-04 00:00:00+09:00,78274.53501157407,78274.53501157407,76291.70601851851,76480.546875,5280026,0.0,0.0
2020-05-06 00:00:00+09:00,77424.77908828884,77896.88139980279,76386.15400295814,77802.4609375,3351424,0.0,0.0
2020-05-07 00:00:00+09:00,77802.4609375,78746.66556052791,77235.93816368325,77802.4609375,2660512,0.0,0.0
2020-05-08 00:00:00+09:00,78368.98143382353,80729.49292279412,78368.98143382353,80257.390625,5039635,0.0,0.0
2020-05-11 00:00:00+09:00,79785.28125,80446.22440828402,79407.59944526627,79785.28125,2800047,0.0,0.0
2020-05-12 00:00:00+09:00,79785.28269034423,81673.69174810385,78557.81680280047,80918.328125,3574409,0.0,0.0
2020-05-13 00:00:00+09:00,78841.04833283492,79407.57083582536,78368.94624700956,78935.46875,5371416,0.0,0.0
2020-05-14 00:00:00+09:00,77613.6020471464,77896.86336848635,76102.875,76102.875,6409652,0.0,0.0
2020-05-15 00:00:00+09:00,76952.66197344322,77708.02552655677,76197.29842032967,77330.34375,4168866,0.0,0.0
2020-05-18 00:00:00+09:00,75914.02573982738,77235.91176017263,74780.98057953145,76574.96875,5294177,0.0,0.0
2020-05-19 00:00:00+09:00,77802.44959189843,78557.81318016928,77141.50645216143,78085.7109375,4620614,0.0,0.0
2020-05-20 00:00:00+09:00,77330.32875668847,79501.99855083234,77235.90833085612,79407.578125,3924403,0.0,0.0
2020-05-21 00:00:00+09:00,80162.94711106115,80162.94711106115,78557.79976019185,78746.640625,2678953,0.0,0.0
2020-05-22 00:00:00+09:00,78463.39627536901,78652.23718096556,76480.56676660517,76763.828125,3471700,0.0,0.0
2020-05-25 00:00:00+09:00,76952.64698825245,77235.90826550983,76008.44273072788,76858.2265625,2850294,0.0,0.0
2020-05-26 00:00:00+09:00,76102.87797619047,77519.18463827838,76102.87797619047,77330.34375,3040122,0.0,0.0
2020-05-27 00:00:00+09:00,76574.96528524264,78085.69209728195,76480.54485949017,76858.2265625,2946278,0.0,0.0
2020-05-28 00:00:00+09:00,79407.59088200238,80635.05661501788,77802.44338498212,79218.75,9227823,0.0,0.0
2020-05-29 00:00:00+09:00,77991.28897622699,78085.70942292945,76763.82316909509,76952.6640625,6815185,0.0,0.0
2020-06-01 00:00:00+09:00,77519.16249252392,79029.88916716506,77519.16249252392,78935.46875,4205357,0.0,0.0
2020-06-02 00:00:00+09:00,78085.69616596638,78935.4800420168,78085.69616596638,78652.21875,3114162,0.0,0.0
2020-06-03 00:00:00+09:00,78746.64640290305,84223.03188416008,78746.64640290305,83750.9296875,11642239,0.0,0.0
2020-06-04 00:00:00+09:00,84978.40471778791,86489.13191277081,82240.21167688142,82806.734375,6678244,0.0,0.0
2020-06-05 00:00:00+09:00,83562.08210902932,85733.75203954645,82806.7186549364,85356.0703125,4000557,0.0,0.0
2020-06-08 00:00:00+09:00,87811.00240384616,87811.00240384616,85544.91201923076,85922.59375,3789382,0.0,0.0
2020-06-09 00:00:00+09:00,85922.5999617205,86866.80435690423,84128.61161087138,84789.5546875,3410081,0.0,0.0
2020-06-10 00:00:00+09:00,84789.54570484582,86017.01128854626,84411.86398678414,85733.75,3045250,0.0,0.0
2020-06-11 00:00:00+09:00,84317.4651924435,85261.66972987288,82617.89702507062,83562.1015625,5467344,0.0,0.0
2020-06-12 00:00:00+09:00,79785.27563820423,81012.74141725352,79785.27563820423,80446.21875,4742329,0.0,0.0
2020-06-15 00:00:00+09:00,79407.60300114329,81673.69393102135,77424.7734375,77424.7734375,4710114,0.0,0.0
2020-06-16 00:00:00+09:00,78746.65354215457,80918.32384367682,78652.2330942623,80635.0625,3518785,0.0,0.0
2020-06-17 00:00:00+09:00,80068.52880184332,82523.46010944701,78841.06314804147,81956.9375,4160612,0.0,0.0
2020-06-18 00:00:00+09:00,81295.97802167923,81956.92093242459,80635.03511093387,81390.3984375,2484147,0.0,0.0
2020-06-19 00:00:00+09:00,81673.68742681498,82145.78966627635,79785.27846896955,80635.0625,3216102,0.0,0.0
2020-06-22 00:00:00+09:00,79690.85869405183,81107.16542439634,79596.4382453622,80162.9609375,2167216,0.0,0.0
2020-06-23 00:00:00+09:00,80823.88451248514,81390.40706747919,79218.73727333531,79407.578125,2955819,0.0,0.0
2020-06-24 00:00:00+09:00,79502.01021075582,82523.46428052326,79313.16933139534,81201.578125,4079834,0.0,0.0
2020-06-25 00:00:00+09:00,79596.4296875,80823.89538849347,79313.16837188613,79596.4296875,3397112,0.0,0.0
2020-06-26 00:00:00+09:00,81201.58152334516,81296.00196697695,79785.2748688682,79879.6953125,2889494,0.0,0.0
2020-06-29 00:00:00+09:00,79313.15041866028,80540.61584180621,78841.04833283492,78935.46875,2932433,0.0,0.0
2020-06-30 00:00:00+09:00,81390.40591950646,82429.03058901292,80257.3608254994,80351.78125,4983607,0.0,0.0
2020-07-01 00:00:00+09:00,81956.95526817116,82429.05754506154,80162.9666159877,80540.6484375,2382552,0.0,0.0
2020-07-02 00:00:00+09:00,80068.51762440758,80446.19931131517,79313.15425059242,79690.8359375,3295340,0.0,0.0
2020-07-03 00:00:00+09:00,80257.38070843091,80823.90339578454,79785.27846896955,80635.0625,2195897,0.0,0.0
2020-07-06 00:00:00+09:00,81201.578125,82145.78252180232,81012.73724563954,81201.578125,2561766,0.0,0.0
2020-07-07 00:00:00+09:00,82429.04219487029,82429.04219487029,79879.69037441038,80068.53125,3196352,0.0,0.0
2020-07-08 00:00:00+09:00,79124.31104390681,80162.93565188172,78935.47020609319,79029.890625,3523620,0.0,0.0
2020-07-09 00:00:00+09:00,79501.99823042168,79879.67993222892,78368.953125,78368.953125,4002365,0.0,0.0
2020-07-10 00:00:00+09:00,78652.24292346014,78841.08384284421,77802.45878623189,78180.140625,2201557,0.0,0.0
2020-07-13 00:00:00+09:00,78463.37355045181,78841.05525225904,77896.85099774097,78368.953125,2080934,0.0,0.0
2020-07-14 00:00:00+09:00,77991.26997889024,78274.53125,77424.74743667069,78274.53125,2048671,0.0,0.0
2020-07-15 00:00:00+09:00,78463.37355045181,79218.73695406626,78274.5326995482,78368.953125,3024429,0.0,0.0
2020-07-16 00:00:00+09:00,78368.97228310157,78463.39273163542,77708.02914336458,78085.7109375,2312310,0.0,0.0
2020-07-17 00:00:00+09:00,78085.6904025935,78841.05379221955,77991.26997889024,78274.53125,1579078,0.0,0.0
2020-07-20 00:00:00+09:00,78180.11633211678,78368.95719282239,77519.1733196472,77613.59375,2008624,0.0,0.0
2020-07-21 00:00:00+09:00,78746.6351441736,79974.10067999405,78368.95344084423,79407.578125,4181015,0.0,0.0
2020-07-22 00:00:00+09:00,79407.5886324369,79502.00907076322,78274.54337252103,78557.8046875,2876295,0.0,0.0
2020-07-23 00:00:00+09:00,79313.18833434467,79313.18833434467,77708.04047519721,77802.4609375,3591647,0.0,0.0
2020-07-24 00:00:00+09:00,77708.00476030466,79029.890625,77613.58434139784,79029.890625,3667416,0.0,0.0
2020-07-27 00:00:00+09:00,78463.4020040761,79313.18614130435,78180.140625,78180.140625,2784652,0.0,0.0
2020-07-28 00:00:00+09:00,79218.73841756918,79218.73841756918,78085.6932912154,78463.375,4538720,0.0,0.0
2020-07-29 00:00:00+09:00,78274.54337252103,79124.32731745794,77991.28205754208,78557.8046875,3719681,0.0,0.0
2020-07-30 00:00:00+09:00,78652.23932993846,81579.27344665884,78368.97796380422,80540.6484375,6870841,0.0,0.0
2020-07-31 00:00:00+09:00,80918.33395606885,81201.59533514493,78180.140625,78180.140625,4848989,0.0,0.0
2020-08-03 00:00:00+09:00,77802.44452933985,77991.2854141198,76952.66054783006,77235.921875,3483106,0.0,0.0
2020-08-04 00:00:00+09:00,77235.91900275735,77896.86207490809,76858.23724724265,77047.078125,3005937,0.0,0.0
2020-08-05 00:00:00+09:00,76669.39122521685,76763.81165776022,76008.44819741325,76197.2890625,4537005,0.0,0.0
2020-08-06 00:00:00+09:00,76197.28702990136,77330.3321901973,76197.28702990136,76574.96875,3391939,0.0,0.0
2020-08-07 00:00:00+09:00,76669.3976426799,76763.81808312655,75536.3523573201,76102.875,4946631,0.0,0.0
2020-08-10 00:00:00+09:00,75630.76102771806,77330.32869126229,75347.49975046069,76858.2265625,3277238,0.0,0.0
2020-08-11 00:00:00+09:00,77141.50993619312,77424.77129458795,76480.56676660517,76763.828125,3234013,0.0,0.0
2020-08-12 00:00:00+09:00,76574.96730324074,76763.80815972222,75725.18344907407,76480.546875,3595828,0.0,0.0
2020-08-13 00:00:00+09:00,77330.33425302044,77424.7546855638,75819.60733232652,76197.2890625,4049387,0.0,0.0
2020-08-14 00:00:00+09:00,75725.203125,76574.98719996883,75630.78267222569,75725.203125,2589552,0.0,0.0
2020-08-18 00:00:00+09:00,75536.35563380281,75725.19652288733,73647.94674295775,73742.3671875,4946279,0.0,0.0
2020-08-19 00:00:00+09:00,72987.00623958334,73647.94937500001,70815.3359375,70815.3359375,8028305,0.0,0.0
2020-08-20 00:00:00+09:00,70248.82259749304,70248.82259749304,67321.7883225975,67793.890625,7260223,0.0,0.0
2020-08-21 00:00:00+09:00,68738.06384228187,72703.7213716443,68454.80259018457,70343.2109375,7700029,0.0,0.0
2020-08-24 00:00:00+09:00,70437.65347682119,72892.58509933775,69587.86945364239,71287.4375,4298619,0.0,0.0
2020-08-25 00:00:00+09:00,72042.78359374999,73364.66953125,71192.99977678571,72703.7265625,3473488,0.0,0.0
2020-08-26 00:00:00+09:00,73647.9489213198,74686.57384200508,72798.16489530457,74403.3125,4741965,0.0,0.0
2020-08-27 00:00:00+09:00,75725.18726295828,75725.18726295828,74403.30120101139,74686.5625,4223450,0.0,0.0
2020-08-28 00:00:00+09:00,75064.23305952763,75158.65347847044,73364.6655185572,73459.0859375,2511956,0.0,0.0
2020-08-31 00:00:00+09:00,73836.77548685086,74403.29806091878,70909.7421875,70909.7421875,5113128,0.0,0.0
2020-09-01 00:00:00+09:00,71004.15625,72231.62171708776,71004.15625,71004.15625,2538676,0.0,0.0
2020-09-02 00:00:00+09:00,71665.11928807947,72137.22152317881,70720.9148178808,71287.4375,2369360,0.0,0.0
2020-09-03 00:00:00+09:00,73364.68616979034,75253.09508020965,72892.58394218552,74308.890625,7002529,0.0,0.0
2020-09-04 00:00:00+09:00,72137.22037801778,74969.83374364676,71853.95904145489,74308.890625,4582566,0.0,0.0
2020-09-07 00:00:00+09:00,74214.46588010204,75064.24984056123,73270.26147959183,74025.625,2786930,0.0,0.0
2020-09-08 00:00:00+09:00,74308.8850558879,75536.3507556675,73836.782863665,74969.828125,3380355,0.0,0.0
2020-09-09 00:00:00+09:00,73553.51476592821,74025.61691461837,72892.57175776197,72986.9921875,3918435,0.0,0.0
2020-09-10 00:00:00+09:00,73647.9248939295,73836.76572699087,72326.0390625,72326.0390625,3541520,0.0,0.0
2020-09-11 00:00:00+09:00,72420.47751913265,74120.04544005102,72042.79575892857,74025.625,2831262,0.0,0.0
2020-09-14 00:00:00+09:00,74686.56760742188,75630.77200195313,74497.72672851563,75536.3515625,4099644,0.0,0.0
2020-09-15 00:00:00+09:00,76763.82108516483,77519.18463827838,75725.1961996337,77330.34375,5899410,0.0,0.0
2020-09-16 00:00:00+09:00,77141.50495590491,77802.44808282208,76008.45959547546,76952.6640625,3119110,0.0,0.0
2020-09-17 00:00:00+09:00,77330.33245894162,78274.5367624696,76669.38944647202,77613.59375,4055050,0.0,0.0
2020-09-18 00:00:00+09:00,78274.52727374552,79218.73146281362,77613.58434139784,79029.890625,5199334,0.0,0.0
2020-09-21 00:00:00+09:00,79029.91764053254,80257.38350591715,78935.49718934912,79785.28125,4102947,0.0,0.0
2020-09-22 00:00:00+09:00,79690.86216174663,80068.54397293973,75725.20314421895,76763.828125,4139983,0.0,0.0
2020-09-23 00:00:00+09:00,77708.00332685407,80068.51375598086,76008.43581788277,78935.46875,4439085,0.0,0.0
2020-09-24 00:00:00+09:00,78180.12310943061,80635.05451141756,77708.02091674082,79596.4296875,6401560,0.0,0.0
2020-09-25 00:00:00+09:00,81012.72353739446,81107.14396109771,77613.58828407721,78274.53125,3205596,0.0,0.0
2020-09-28 00:00:00+09:00,78746.64329545455,79029.90460227273,76763.81414772727,77896.859375,3154068,0.0,0.0
2020-09-29 00:00:00+09:00,78463.38016183036,80162.94796316964,77613.59626116071,79313.1640625,4707898,0.0,0.0
2020-10-05 00:00:00+09:00,78368.96381084736,79407.5886324369,77708.02074256311,78557.8046875,3396894,0.0,0.0
2020-10-06 00:00:00+09:00,79313.15737951807,79501.99823042168,77991.27142319277,78368.953125,2750145,0.0,0.0
2020-10-07 00:00:00+09:00,78274.53846297962,79029.90192221223,77896.85673336331,78746.640625,2254356,0.0,0.0
2020-10-08 00:00:00+09:00,79596.4171818456,79785.25802925212,78274.53125,78274.53125,3330824,0.0,0.0
2020-10-12 00:00:00+09:00,79218.73418311404,80729.4609375,78841.05249451754,80729.4609375,4464264,0.0,0.0
2020-10-13 00:00:00+09:00,80729.48381696429,84034.19952876984,79879.69977678571,83278.8359375,6375448,0.0,0.0
2020-10-14 00:00:00+09:00,83090.00216763005,83939.7862807081,81296.01348446532,81673.6953125,3223767,0.0,0.0
2020-10-15 00:00:00+09:00,81295.99872632032,82429.04400473593,81107.15784658439,82240.203125,2802900,0.0,0.0
2020-10-16 00:00:00+09:00,82145.79617892731,82995.58027733001,80162.9666159877,80540.6484375,2435541,0.0,0.0
2020-10-19 00:00:00+09:00,81295.97750865051,82995.54498269896,81012.71626297578,81862.5,3150011,0.0,0.0
2020-10-20 00:00:00+09:00,80540.63919454225,85828.18408890846,79029.9120818662,80446.21875,6622637,0.0,0.0
2020-10-21 00:00:00+09:00,80540.62676200776,81390.41063171241,78180.11601282816,79124.3203125,4925877,0.0,0.0
2020-10-22 00:00:00+09:00,79502.00262605042,79596.42305672269,77896.85530462184,78652.21875,2593975,0.0,0.0
2020-10-23 00:00:00+09:00,78180.12514898689,79974.11352800953,77708.02294398092,79218.75,2609595,0.0,0.0
2020-10-26 00:00:00+09:00,79596.42950908955,79974.11126239484,78368.96381084736,78557.8046875,1662847,0.0,0.0
2020-10-27 00:00:00+09:00,77708.019937954,78746.64474878935,77235.91775121065,77991.28125,2265817,0.0,0.0
2020-10-28 00:00:00+09:00,77519.16786037394,78935.4742159228,77424.74743667069,78274.53125,1773556,0.0,0.0
2020-10-29 00:00:00+09:00,77330.3487128978,77802.45096389229,76480.56466110771,77141.5078125,2637314,0.0,0.0
2020-10-30 00:00:00+09:00,77047.07712765958,77519.1793159418,75441.9296875,75441.9296875,2710477,0.0,0.0
2020-11-02 00:00:00+09:00,75725.18665593593,76102.86838489321,74780.9823335427,75158.6640625,2000394,0.0,0.0
2020-11-03 00:00:00+09:00,75158.65889895578,76858.2265625,75158.65889895578,76858.2265625,2057723,0.0,0.0
2020-11-04 00:00:00+09:00,77519.17986591047,79690.84994741587,76669.39592097356,78557.8046875,3782296,0.0,0.0
2020-11-05 00:00:00+09:00,79407.59117305458,81390.42044134726,78652.22764227643,81296.0,4082325,0.0,0.0
2020-11-06 00:00:00+09:00,81673.66897812863,82806.71409690035,81201.56684530707,81484.828125,2863808,0.0,0.0
2020-11-09 00:00:00+09:00,81673.68032340116,82429.04384084302,80823.89636627908,81201.578125,2444330,0.0,0.0
2020-11-10 00:00:00+09:00,82051.37714053468,82334.6385115607,81107.17257044798,81673.6953125,2849783,0.0,0.0
2020-11-11 00:00:00+09:00,81295.98957435344,82334.61429597701,81107.14871587644,82145.7734375,2638617,0.0,0.0
2020-11-12 00:00:00+09:00,82712.31959421112,83467.68324347332,82145.79685726447,83184.421875,4006433,0.0,0.0
2020-11-13 00:00:00+09:00,83184.40580581104,84978.39412625418,82617.88317830267,84695.1328125,3774278,0.0,0.0
2020-11-16 00:00:00+09:00,86961.2252869898,92626.45169005102,86017.02088647959,92532.03125,9274278,0.0,0.0
2020-11-17 00:00:00+09:00,91965.50227765036,94042.75181574924,91115.71837570082,92626.4453125,5218295,0.0,0.0
2020-11-18 00:00:00+09:00,94231.59917091836,94892.5422512755,91210.14508928571,92532.03125,3734037,0.0,0.0
2020-11-19 00:00:00+09:00,90832.48144730143,92815.31108388492,90643.64052953156,92720.890625,2766688,0.0,0.0
2020-11-20 00:00:00+09:00,93476.21803977274,93476.21803977274,91398.96875,91398.96875,2424003,0.0,0.0
2020-11-23 00:00:00+09:00,91871.070484375,95364.62609375,91210.12753125001,94420.421875,4149013,0.0,0.0
2020-11-24 00:00:00+09:00,95364.65327079108,96308.8577586207,92815.30115365112,93098.5625,3766043,0.0,0.0
2020-11-25 00:00:00+09:00,94892.53038194444,94892.53038194444,90926.87239583333,91776.65625,4081524,0.0,0.0
2020-11-26 00:00:00+09:00,91398.98270875252,93948.3344991826,90926.88052533954,93853.9140625,2933290,0.0,0.0
2020-11-27 00:00:00+09:00,94042.76198760122,94326.02331888917,92720.87577492409,93287.3984375,1976047,0.0,0.0
2020-11-30 00:00:00+09:00,94137.17139423077,94231.59182692308,91871.08100961537,92059.921875,3877841,0.0,0.0
2020-12-01 00:00:00+09:00,93098.54309701492,95836.73554104478,92343.1796641791,94892.53125,4455519,0.0,0.0
2020-12-02 00:00:00+09:00,97253.04737672018,103390.37560923165,97253.04737672018,102918.2734375,7488361,0.0,0.0
2020-12-03 00:00:00+09:00,104334.58467628923,108111.40222113229,102918.2780969731,105278.7890625,6617912,0.0,0.0
2020-12-04 00:00:00+09:00,109527.70434782609,112832.4195652174,106222.98913043478,108583.5,8258814,0.0,0.0
2020-12-07 00:00:00+09:00,111888.21937897246,113304.52595338984,109527.70842161016,111416.1171875,5191354,0.0,0.0
2020-12-08 00:00:00+09:00,111416.11304347827,111416.11304347827,107639.29565217391,108583.5,4536460,0.0,0.0
2020-12-09 00:00:00+09:00,109527.71291493776,114248.73502334024,108583.50849325726,113776.6328125,5490760,0.0,0.0
2020-12-10 00:00:00+09:00,110471.91469957081,111888.22129828326,109055.60810085837,109999.8125,8205744,0.0,0.0
2020-12-11 00:00:00+09:00,111416.12040043289,111416.12040043289,108583.50716991341,109055.609375,3944552,0.0,0.0
2020-12-14 00:00:00+09:00,109527.69417735044,112360.30695779916,109055.59204727564,110471.8984375,3066761,0.0,0.0
2020-12-15 00:00:00+09:00,111888.22001329788,111888.22001329788,108583.50465425532,110944.015625,2755902,0.0,0.0
2020-12-16 00:00:00+09:00,112360.3222074468,112832.42440159575,110471.91343085107,110944.015625,2213552,0.0,0.0
2020-12-17 00:00:00+09:00,111888.21750784518,112832.421875,110471.91095711297,112832.421875,3649945,0.0,0.0
2020-12-18 00:00:00+09:00,111888.21875,112360.32093881856,110944.01437236287,111888.21875,3010798,0.0,0.0
2020-12-21 00:00:00+09:00,111416.11179956896,111416.11179956896,108111.39661907328,109527.703125,3585805,0.0,0.0
2020-12-22 00:00:00+09:00,108583.503125,109055.6053125,106222.9921875,106222.9921875,4270842,0.0,0.0
2020-12-23 00:00:00+09:00,106695.09011314655,109527.703125,106222.9879445043,109527.703125,3173156,0.0,0.0
2020-12-24 00:00:00+09:00,109527.70842161016,111888.21937897246,109055.60623013771,111416.1171875,3486636,0.0,0.0
2020-12-28 00:00:00+09:00,112360.32481060606,112832.42701569264,108583.50716991341,109055.609375,4825132,0.0,0.0
2020-12-29 00:00:00+09:00,112556.2963362069,113033.22979525862,108740.8286637931,110648.5625,4208916,1170.0,0.0
2020-12-30 00:00:00+09:00,110648.55933544305,113033.2265625,109217.75899920886,113033.2265625,4195192,0.0,0.0
2021-01-04 00:00:00+09:00,118756.41852678571,122094.95238095238,114940.95126488095,120187.21875,7995016,0.0,0.0
2021-01-05 00:00:00+09:00,118756.4313038793,126387.3666487069,118279.49784482758,124479.6328125,7180224,0.0,0.0
2021-01-06 00:00:00+09:00,126387.37073592558,130679.7720062023,124002.70336354962,124956.5703125,8525749,0.0,0.0
2021-01-07 00:00:00+09:00,126387.37540659851,131156.71032760222,125433.50842239776,128295.109375,5981299,0.0,0.0
2021-01-08 00:00:00+09:00,129725.90670289856,131633.640625,126387.37233922102,131633.640625,8713010,0.0,0.0
2021-01-11 00:00:00+09:00,131633.63134398498,133541.36513157896,124956.56308740602,126864.296875,11154671,0.0,0.0
2021-01-12 00:00:00+09:00,125910.42877906977,127341.22910610466,119710.29402858528,123048.828125,8700877,0.0,0.0
2021-01-13 00:00:00+09:00,123048.82929981203,127341.2303218985,122571.89585291354,126864.296875,6791044,0.0,0.0
2021-01-14 00:00:00+09:00,126387.3666487069,126864.30010775862,123048.83243534483,124479.6328125,5380278,0.0,0.0
2021-01-15 00:00:00+09:00,126864.29926470587,128772.03308823529,121141.09779411764,121618.03125,4838114,0.0,0.0
2021-01-18 00:00:00+09:00,120187.22776442308,124956.56219951922,119233.36087740384,124002.6953125,5927419,0.0,0.0
2021-01-19 00:00:00+09:00,124956.56627155172,125910.43318965517,122571.8989762931,124479.6328125,4513315,0.0,0.0
2021-01-20 00:00:00+09:00,127818.16702586207,128772.03394396552,124002.69935344828,124479.6328125,4913282,0.0,0.0
2021-01-21 00:00:00+09:00,125433.5,126864.30038022815,124002.69961977187,125433.5,3067677,0.0,0.0
2021-01-22 00:00:00+09:00,125433.49118433852,125910.42461089494,122571.890625,122571.890625,3927767,0.0,0.0
2021-01-25 00:00:00+09:00,124002.70428240742,128772.0390625,123525.77080439815,128772.0390625,5061864,0.0,0.0
2021-01-26 00:00:00+09:00,127818.16254844962,127818.16254844962,122571.89468265505,123048.828125,6270106,0.0,0.0
2021-01-27 00:00:00+09:00,123525.75747811284,125910.42461089494,121618.02377188716,122571.890625,5068456,0.0,0.0
2021-01-28 00:00:00+09:00,118279.49974593495,119710.3001460874,115894.83241234756,117325.6328125,6270829,0.0,0.0
2021-01-29 00:00:00+09:00,122571.89671556122,122571.89671556122,115894.82841198979,116848.6953125,7391307,0.0,0.0
2021-02-01 00:00:00+09:00,115417.88431250001,120187.21837500001,112556.28387500001,119233.3515625,5620305,0.0,0.0
2021-02-02 00:00:00+09:00,122571.89498197114,126387.36253004808,121141.0946514423,124002.6953125,4880067,0.0,0.0
2021-02-03 00:00:00+09:00,124956.56219951922,125433.49564302884,122571.89498197114,124002.6953125,3693688,0.0,0.0
2021-02-04 00:00:00+09:00,121618.01859375,122571.88540625,118279.48475,119233.3515625,4600618,0.0,0.0
2021-02-05 00:00:00+09:00,120664.16433823529,122094.96470588235,118756.43051470588,121618.03125,3497303,0.0,0.0
2021-02-08 00:00:00+09:00,121618.01859375,122094.952,119233.3515625,119233.3515625,2876471,0.0,0.0
2021-02-09 00:00:00+09:00,121618.03068974103,124002.69795816734,119233.36342131475,119710.296875,5177095,0.0,0.0
2021-02-10 00:00:00+09:00,119710.28534226191,121141.08556547618,118756.41852678571,120187.21875,4262526,0.0,0.0
2021-02-15 00:00:00+09:00,124002.68821022726,126387.35529119318,124002.68821022726,125910.421875,5384526,0.0,0.0
2021-02-16 00:00:00+09:00,126387.359375,127818.15966981133,124479.62564858492,126387.359375,3218689,0.0,0.0
2021-02-17 00:00:00+09:00,124956.56219951922,124956.56219951922,122094.96153846153,124002.6953125,3621178,0.0,0.0
2021-02-18 00:00:00+09:00,122571.88578869047,124002.68601190476,119710.28534226191,120187.21875,3792425,0.0,0.0
2021-02-19 00:00:00+09:00,123048.82929981203,126864.296875,122571.89585291354,126864.296875,6986526,0.0,0.0
2021-02-22 00:00:00+09:00,129725.88690476191,133064.42075892858,128772.02008928571,130202.8203125,7961516,0.0,0.0
2021-02-23 00:00:00+09:00,127341.22811371842,133541.36281588447,125433.49435920578,132110.5625,6400037,0.0,0.0
2021-02-24 00:00:00+09:00,131156.68299057905,136879.88370289523,127818.14924172794,129725.8828125,9074809,0.0,0.0
2021-02-25 00:00:00+09:00,134495.2326388889,142603.10127314815,133541.36574074076,141649.234375,9936495,0.0,0.0
2021-02-26 00:00:00+09:00,136879.90575309188,138310.70616166078,131633.63758833922,134972.171875,10843268,0.0,0.0
2021-03-02 00:00:00+09:00,142126.16663062284,143556.96696583045,134495.23150951558,137833.765625,9376523,0.0,0.0
2021-03-03 00:00:00+09:00,135926.00605867346,140218.40625,133064.40593112246,140218.40625,5827221,0.0,0.0
2021-03-04 00:00:00+09:00,136402.96060739437,138787.6277508803,133064.42660651408,135449.09375,6586562,0.0,0.0
2021-03-05 00:00:00+09:00,131633.64107142857,134972.17544642856,130202.840625,133541.375,6091444,0.0,0.0
2021-03-08 00:00:00+09:00,136402.9624654059,136402.9624654059,129248.9609375,129248.9609375,5587787,0.0,0.0
2021-03-09 00:00:00+09:00,127818.15327380953,131156.68712797618,124479.61941964286,130202.8203125,7822152,0.0,0.0
2021-03-10 00:00:00+09:00,134018.29857847744,134018.29857847744,126387.36342810151,126864.296875,5614476,0.0,0.0
2021-03-11 00:00:00+09:00,128295.09836906934,132587.49942974452,127818.16491788322,130679.765625,6707671,0.0,0.0
2021-03-12 00:00:00+09:00,134018.30848214286,135926.0424107143,133064.44151785714,133541.375,4548695,0.0,0.0
2021-03-15 00:00:00+09:00,134972.15438988095,135449.08779761905,129725.88690476191,130202.8203125,4289990,0.0,0.0
2021-03-16 00:00:00+09:00,132110.5631116548,134018.296875,131633.6296708185,134018.296875,3304561,0.0,0.0
2021-03-17 00:00:00+09:00,134495.2419642857,134495.2419642857,132110.57455357144,133541.375,2588319,0.0,0.0
2021-03-18 00:00:00+09:00,135926.02717869717,138310.6943221831,134495.22689260563,135449.09375,4426840,0.0,0.0
2021-03-19 00:00:00+09:00,131633.640625,133064.44106657608,130679.77366394928,131633.640625,4015627,0.0,0.0
2021-03-22 00:00:00+09:00,132110.57410552536,133541.37454710144,130679.77366394928,131633.640625,2727719,0.0,0.0
2021-03-23 00:00:00+09:00,132587.5068865741,133064.44036458334,127818.17210648149,128772.0390625,3839090,0.0,0.0
2021-03-24 00:00:00+09:00,126864.27756320224,128295.0776860955,125433.47744030898,127341.2109375,3894080,0.0,0.0
2021-03-25 00:00:00+09:00,126864.296875,128295.0972156955,124479.62964050753,126864.296875,4157799,0.0,0.0
2021-03-26 00:00:00+09:00,127818.17210648149,128772.0390625,125910.43819444445,128772.0390625,3835443,0.0,0.0
2021-03-29 00:00:00+09:00,129248.95578835226,129248.95578835226,125433.48845880681,125910.421875,3575226,0.0,0.0
2021-03-30 00:00:00+09:00,126864.30889869887,129248.97635920074,125910.44191449814,128295.109375,3304184,0.0,0.0
2021-03-31 00:00:00+09:00,128295.0931014151,128772.02653301887,125910.42594339623,126387.359375,3309680,0.0,0.0
2021-04-01 00:00:00+09:00,131633.6296708185,134018.296875,130202.8293483096,134018.296875,5833436,0.0,0.0
2021-04-02 00:00:00+09:00,135449.0698138298,136402.93650265958,133541.3364361702,134495.203125,3432245,0.0,0.0
2021-04-05 00:00:00+09:00,135449.1173513986,137833.78491040212,134495.2503277972,136402.984375,2616440,0.0,0.0
2021-04-06 00:00:00+09:00,140218.4524694056,140218.4524694056,134972.1838395979,136402.984375,3753217,0.0,0.0
2021-04-07 00:00:00+09:00,139264.5736062718,139264.5736062718,135926.0393074913,136879.90625,2424687,0.0,0.0
2021-04-08 00:00:00+09:00,136879.86355251734,139264.53016493056,135925.99690755206,137356.796875,3774932,0.0,0.0
2021-04-09 00:00:00+09:00,137356.84285714285,138310.70982142858,133064.44151785714,133541.375,3276077,0.0,0.0
2021-04-12 00:00:00+09:00,134018.28795454546,134018.28795454546,129725.88727272727,131156.6875,3878457,0.0,0.0
2021-04-13 00:00:00+09:00,129725.87275985663,133541.33960573477,129248.93940412186,133064.40625,2876178,0.0,0.0
2021-04-14 00:00:00+09:00,132587.49942974452,132587.49942974452,130202.83217381388,130679.765625,2777203,0.0,0.0
2021-04-15 00:00:00+09:00,129725.88727272727,132587.48772727273,129725.88727272727,131156.6875,2291160,0.0,0.0
2021-04-16 00:00:00+09:00,132110.55431818182,132587.48772727273,131156.6875,131156.6875,1982877,0.0,0.0
2021-04-19 00:00:00+09:00,131633.640625,132587.50758605072,130679.77366394928,131633.640625,1906782,0.0,0.0
2021-04-20 00:00:00+09:00,130202.82874548736,132110.5625,130202.82874548736,132110.5625,2167732,0.0,0.0
2021-04-21 00:00:00+09:00,131633.6271226415,131633.6271226415,125910.42594339623,126387.359375,5120577,0.0,0.0
2021-04-22 00:00:00+09:00,128295.0972156955,129248.96410949249,126864.296875,126864.296875,3007457,0.0,0.0
2021-04-23 00:00:00+09:00,124479.62564858492,126387.359375,122571.89192216982,126387.359375,4854412,0.0,0.0
2021-04-26 00:00:00+09:00,126387.3669201521,126387.3669201521,124479.63307984792,125433.5,2904879,0.0,0.0
2021-04-27 00:00:00+09:00,126864.30515046297,129725.90601851852,126387.37167245371,128772.0390625,3394650,0.0,0.0
2021-04-28 00:00:00+09:00,128295.09630408653,128772.02974759614,124002.6953125,124002.6953125,5596760,0.0,0.0
2021-04-29 00:00:00+09:00,125910.42908653845,126864.29597355769,123048.82842548077,124002.6953125,3738266,0.0,0.0
2021-04-30 00:00:00+09:00,124002.70263671875,124479.63610839844,120664.16833496094,122094.96875,3955947,0.0,0.0
2021-05-03 00:00:00+09:00,121618.03231939164,126387.3669201521,121141.09885931559,125433.5,4085398,0.0,0.0
2021-05-04 00:00:00+09:00,124479.62162642046,125910.421875,123048.82137784091,125910.421875,2547004,0.0,0.0
2021-05-06 00:00:00+09:00,124002.69500968992,124479.62845203489,122094.96124031009,123048.828125,4211535,0.0,0.0
2021-05-07 00:00:00+09:00,122094.97297297297,124956.57390202703,121141.10599662161,123525.7734375,3450323,0.0,0.0
2021-05-10 00:00:00+09:00,124956.56219951922,124956.56219951922,122571.89498197114,124002.6953125,3067077,0.0,0.0
2021-05-11 00:00:00+09:00,121141.10054623983,121618.03401295732,116371.76587906503,117325.6328125,9882491,0.0,0.0
2021-05-12 00:00:00+09:00,117325.61983525105,117802.55324921549,113510.15252353557,113987.0859375,8272196,0.0,0.0
2021-05-13 00:00:00+09:00,110648.5590425532,113033.22626329788,110171.62559840425,112079.359375,6042025,0.0,0.0
2021-05-14 00:00:00+09:00,113033.2265625,114464.02689873418,112556.29311708861,113033.2265625,3227201,0.0,0.0
2021-05-17 00:00:00+09:00,114464.02659574468,114464.02659574468,111602.42593085107,112079.359375,3110127,0.0,0.0
2021-05-18 00:00:00+09:00,112079.36418517561,116371.76536673553,112079.36418517561,115417.8984375,3470048,0.0,0.0
2021-05-20 00:00:00+09:00,115417.8949617347,118279.4956632653,113987.09461096939,116848.6953125,4600751,0.0,0.0
2021-05-21 00:00:00+09:00,118756.42911352041,119710.29601403061,115417.8949617347,116848.6953125,4062695,0.0,0.0
2021-05-24 00:00:00+09:00,116371.75300732219,116848.68642128662,113510.15252353557,113987.0859375,3188734,0.0,0.0
2021-05-25 00:00:00+09:00,115894.83241234756,117325.6328125,114940.96547891259,117325.6328125,3258364,0.0,0.0
2021-05-26 00:00:00+09:00,118279.49974593495,118756.43321265244,116371.76587906503,117325.6328125,3015522,0.0,0.0
2021-05-27 00:00:00+09:00,118756.42996762948,120187.23032868525,117325.62960657371,119710.296875,4539067,0.0,0.0
2021-05-28 00:00:00+09:00,120664.15178125001,120664.15178125001,118279.48475,119233.3515625,2332971,0.0,0.0
2021-05-31 00:00:00+09:00,120187.22687007874,121141.09375,118279.49311023622,121141.09375,2448074,0.0,0.0
2021-06-01 00:00:00+09:00,121141.09034533074,123048.82405155642,120187.2234922179,122571.890625,2819179,0.0,0.0
2021-06-02 00:00:00+09:00,122571.88578869047,123048.81919642857,119710.28534226191,120187.21875,2885654,0.0,0.0
2021-06-03 00:00:00+09:00,121141.09435562017,124002.69500968992,120664.1609132752,123048.828125,3353993,0.0,0.0
2021-06-04 00:00:00+09:00,121618.02377188716,123048.82405155642,120664.15691877432,122571.890625,2555891,0.0,0.0
2021-06-07 00:00:00+09:00,123525.75747811284,124002.69090466926,122094.95719844358,122571.890625,2562918,0.0,0.0
2021-06-08 00:00:00+09:00,121141.09779411764,121618.03125,119233.36397058822,121618.03125,4194955,0.0,0.0
2021-06-09 00:00:00+09:00,119710.29601403061,120187.22946428572,116848.6953125,116848.6953125,6087592,0.0,0.0
2021-06-10 00:00:00+09:00,116848.69934578252,118279.49974593495,114940.96547891259,117325.6328125,4533076,0.0,0.0
2021-06-11 00:00:00+09:00,118756.43444824219,122571.90222167969,118279.5009765625,122094.96875,4868608,0.0,0.0
2021-06-14 00:00:00+09:00,121141.09375,121618.02718996063,119710.29343011811,121141.09375,2022730,0.0,0.0
2021-06-15 00:00:00+09:00,122571.890625,123525.75747811284,122094.95719844358,122571.890625,1975082,0.0,0.0
2021-06-16 00:00:00+09:00,122094.97297297297,123525.7734375,121141.10599662161,123525.7734375,1893752,0.0,0.0
2021-06-17 00:00:00+09:00,121141.08967391305,122094.95652173914,120187.22282608696,120664.15625,2123793,0.0,0.0
2021-06-18 00:00:00+09:00,121618.03040286143,121618.03040286143,118756.4296875,118756.4296875,2506112,0.0,0.0
2021-06-21 00:00:00+09:00,115417.89094518442,117325.62467981558,114940.95751152665,116371.7578125,3275288,0.0,0.0
2021-06-22 00:00:00+09:00,116848.69124615779,117802.55811347337,116371.7578125,116371.7578125,2179712,0.0,0.0
2021-06-23 00:00:00+09:00,116848.69959677418,118756.43346774192,116371.76612903226,118279.5,2703658,0.0,0.0
2021-06-24 00:00:00+09:00,118279.48511904762,120664.15215773809,117802.55171130953,120187.21875,2646407,0.0,0.0
2021-06-25 00:00:00+09:00,122094.95719844358,123048.82405155642,121618.02377188716,122571.890625,2531018,0.0,0.0
2021-06-28 00:00:00+09:00,123048.81919642857,123525.75260416666,120187.21875,120187.21875,2402730,0.0,0.0
2021-06-29 00:00:00+09:00,121618.01859375,122094.952,119233.3515625,119233.3515625,2211572,0.0,0.0
2021-06-30 00:00:00+09:00,120664.16433823529,123525.7650735294,120187.23088235293,121618.03125,4346027,0.0,0.0
2021-07-01 00:00:00+09:00,121618.03040286143,122094.96385542168,118279.49623493975,118756.4296875,3336174,0.0,0.0
2021-07-02 00:00:00+09:00,116848.6953125,117802.5622130102,115894.82841198979,116848.6953125,3983921,0.0,0.0
2021-07-05 00:00:00+09:00,117802.56627921747,118756.43321265244,116848.69934578252,117325.6328125,1632551,0.0,0.0
2021-07-06 00:00:00+09:00,118279.48475,120187.21837500001,117802.55134375,119233.3515625,2067135,0.0,0.0
2021-07-07 00:00:00+09:00,119233.36285425101,119710.29630566802,116848.69559716599,117802.5625,2229140,0.0,0.0
2021-07-08 00:00:00+09:00,117802.55398019547,117802.55398019547,115417.88689557613,115894.8203125,3165552,0.0,0.0
2021-07-09 00:00:00+09:00,114940.95276542888,114940.95276542888,112556.2856956067,113987.0859375,4823577,0.0,0.0
2021-07-12 00:00:00+09:00,115417.90605468751,116371.77304687501,113987.10556640626,114464.0390625,2477201,0.0,0.0
2021-07-13 00:00:00+09:00,115417.89894563008,117802.56627921747,115417.89894563008,117325.6328125,2879072,0.0,0.0
2021-07-14 00:00:00+09:00,116848.69559716599,118279.495951417,115894.82869433198,117802.5625,2443087,0.0,0.0
2021-07-15 00:00:00+09:00,117802.5625,118279.495951417,116848.69559716599,117802.5625,1500981,0.0,0.0
2021-07-16 00:00:00+09:00,116371.75372942387,116848.68714634774,114940.95347865227,115894.8203125,2905546,0.0,0.0
2021-07-19 00:00:00+09:00,113510.1640625,114464.03098739496,113033.23060005251,113510.1640625,2066638,0.0,0.0
2021-07-20 00:00:00+09:00,112079.35967167722,113987.09345332278,112079.35967167722,113033.2265625,2070074,0.0,0.0
2021-07-21 00:00:00+09:00,113987.08102964744,114464.01442307694,111125.48066907052,111602.4140625,2864601,0.0,0.0
2021-07-22 00:00:00+09:00,112556.2856956067,114464.01935146443,112556.2856956067,113987.0859375,1919233,0.0,0.0
2021-07-23 00:00:00+09:00,113033.2265625,113510.1600079114,112079.35967167722,113033.2265625,1747651,0.0,0.0
2021-07-26 00:00:00+09:00,113987.08102964744,114464.01442307694,111602.4140625,111602.4140625,1836657,0.0,0.0
2021-07-27 00:00:00+09:00,112556.2963362069,113510.16325431035,110648.5625,110648.5625,2916330,0.0,0.0
2021-07-28 00:00:00+09:00,109694.7029194079,110171.63641036184,107310.03546463816,108740.8359375,6033084,0.0,0.0
2021-07-29 00:00:00+09:00,109694.7029194079,110171.63641036184,107786.9689555921,108740.8359375,3054699,0.0,0.0
2021-07-30 00:00:00+09:00,108740.83166666667,108740.83166666667,107310.03125,107310.03125,2888566,0.0,0.0
2021-08-02 00:00:00+09:00,108263.89520474138,111602.42941810345,107786.96174568965,110648.5625,4276730,0.0,0.0
2021-08-03 00:00:00+09:00,112556.305078125,114940.97255859376,111602.43808593751,114464.0390625,4396423,0.0,0.0
2021-08-04 00:00:00+09:00,116371.76536673553,117325.63229597107,114940.96497288223,115417.8984375,4162635,0.0,0.0
2021-08-05 00:00:00+09:00,115417.90605468751,115894.83955078125,112556.305078125,114464.0390625,3491584,0.0,0.0
2021-08-06 00:00:00+09:00,113510.14804025424,113987.08143538135,112079.34785487287,112556.28125,2209875,0.0,0.0
2021-08-09 00:00:00+09:00,112079.36287715517,112556.2963362069,110648.5625,110648.5625,2755724,0.0,0.0
2021-08-10 00:00:00+09:00,109694.6986111111,110171.63208333333,106833.09777777777,107310.03125,5420223,0.0,0.0
2021-08-11 00:00:00+09:00,103971.49518661137,104925.36211492891,100156.02747334122,100632.9609375,13715267,0.0,0.0
2021-08-12 00:00:00+09:00,97294.40951492537,99202.14303482587,95195.90264303482,95863.609375,19150647,0.0,0.0
2021-08-13 00:00:00+09:00,95005.14504310345,96817.4921875,94337.43820043103,96817.4921875,11622957,0.0,0.0
2021-08-17 00:00:00+09:00,96340.55872844828,98725.2260237069,95863.62526939655,96817.4921875,7851717,0.0,0.0
2021-08-18 00:00:00+09:00,98248.30483774039,100632.97243088942,96817.50428185097,99202.171875,8047599,0.0,0.0
2021-08-19 00:00:00+09:00,98248.2849847561,100632.95209603659,96817.48471798781,97771.3515625,6161038,0.0,0.0
2021-08-20 00:00:00+09:00,99202.1518292683,99679.08525152439,97294.41814024391,97771.3515625,4719139,0.0,0.0
2021-08-23 00:00:00+09:00,99679.08146237864,100156.01486650486,98248.28125,98248.28125,4515699,0.0,0.0
2021-08-24 00:00:00+09:00,99679.08221726191,100632.94903273809,99202.1488095238,100156.015625,4454743,0.0,0.0
2021-08-25 00:00:00+09:00,101109.89387077295,101109.89387077295,97771.35963919082,98725.2265625,3194555,0.0,0.0
2021-08-26 00:00:00+09:00,101109.90594951923,101586.83946814905,98725.2383563702,99202.171875,3694741,0.0,0.0
2021-08-27 00:00:00+09:00,98725.2265625,99679.09348580918,96340.55925422706,98725.2265625,3507782,0.0,0.0
2021-08-30 00:00:00+09:00,100156.02694746378,100632.96040911836,98725.2265625,98725.2265625,1815758,0.0,0.0
2021-08-31 00:00:00+09:00,98725.2197403169,101586.8203125,97294.41945422535,101586.8203125,4979276,0.0,0.0
2021-09-01 00:00:00+09:00,101109.89887152778,103017.6328125,99679.09841579861,103017.6328125,4736183,0.0,0.0
2021-09-02 00:00:00+09:00,103017.62059859154,103494.55402728873,101109.88688380281,101586.8203125,2724565,0.0,0.0
2021-09-03 00:00:00+09:00,101586.82436477803,102540.69126022197,101109.89091705608,102063.7578125,2513486,0.0,0.0
2021-09-06 00:00:00+09:00,101586.82407134434,102063.75751768867,100156.02373231131,101109.890625,1888595,0.0,0.0
2021-09-07 00:00:00+09:00,100632.96067583733,101109.89413875598,99202.16028708134,99679.09375,2547667,0.0,0.0
2021-09-08 00:00:00+09:00,99202.15683962264,102540.69096403301,98725.2233932783,101109.890625,2891267,0.0,0.0
2021-09-09 00:00:00+09:00,100156.01486650486,101109.88167475729,98248.28125,98248.28125,3233011,0.0,0.0
2021-09-10 00:00:00+09:00,98725.21540178571,100632.94903273809,98248.28199404762,100156.015625,1999369,0.0,0.0
2021-09-13 00:00:00+09:00,100156.02002640844,102063.75374119719,99202.15316901408,101586.8203125,1923344,0.0,0.0
2021-09-14 00:00:00+09:00,102540.6875,103494.55436046512,101586.82063953488,102540.6875,2463248,0.0,0.0
2021-09-15 00:00:00+09:00,102540.6875,102540.6875,100632.95377906977,102540.6875,2933797,0.0,0.0
2021-09-16 00:00:00+09:00,102063.77298677884,102540.70650540866,99202.171875,99202.171875,3602821,0.0,0.0
2021-09-17 00:00:00+09:00,99679.0905738902,102540.69126022197,99202.15712616823,102063.7578125,3386517,0.0,0.0
2021-09-23 00:00:00+09:00,100632.9609375,102063.7613299763,100156.02747334122,100632.9609375,2493313,0.0,0.0
2021-09-24 00:00:00+09:00,101109.90594951923,101586.83946814905,99202.171875,99202.171875,2236954,0.0,0.0
2021-09-27 00:00:00+09:00,99202.16028708134,100632.96067583733,98725.22682416267,99679.09375,1839358,0.0,0.0
2021-09-28 00:00:00+09:00,100156.02694746378,100632.96040911836,98248.29310084542,98725.2265625,2951945,0.0,0.0
2021-09-29 00:00:00+09:00,96340.562265625,97294.42921875,95100.5352265625,95386.6953125,6353977,0.0,0.0
2021-09-30 00:00:00+09:00,95291.29414441748,98725.21465412622,95005.13410194175,98248.28125,3910557,0.0,0.0
2021-10-01 00:00:00+09:00,97294.42921875,97771.3626953125,95386.6953125,95386.6953125,2681124,0.0,0.0
2021-10-05 00:00:00+09:00,94337.42932839632,94909.74942543411,92715.85572012258,93383.5625,3244145,0.0,0.0
2021-10-06 00:00:00+09:00,93860.48743523317,94146.64745790156,91380.43390544041,92048.140625,2816951,0.0,0.0
2021-10-07 00:00:00+09:00,91857.38264106584,92334.31609195402,90617.35566875653,91285.0625,3834957,0.0,0.0
2021-10-08 00:00:00+09:00,91761.99145611702,91857.37814162234,89186.5509474734,89663.484375,4098832,0.0,0.0
2021-10-12 00:00:00+09:00,88137.29262295082,88614.22602459017,86611.10573770491,87278.8125,4728215,0.0,0.0
2021-10-13 00:00:00+09:00,86706.48874830164,89186.54233186142,86324.9420431386,87755.7421875,3045438,0.0,0.0
2021-10-14 00:00:00+09:00,88137.30503731343,90140.42560634328,87851.14495602345,89472.71875,2414639,0.0,0.0
2021-10-15 00:00:00+09:00,91571.20426829268,93955.8710461128,91285.04425495426,93860.484375,4229748,0.0,0.0
2021-10-18 00:00:00+09:00,93765.12475862513,93765.12475862513,92238.93758045828,92620.484375,2111399,0.0,0.0
2021-10-19 00:00:00+09:00,94051.2849763306,94051.2849763306,92620.48449494627,93192.8046875,1400175,0.0,0.0
2021-10-20 00:00:00+09:00,93669.7225485189,94051.26927987742,92715.85572012258,93383.5625,2010529,0.0,0.0
2021-10-21 00:00:00+09:00,92811.2497160566,93765.11661961318,91666.60943178867,91857.3828125,2152221,0.0,0.0
2021-10-22 00:00:00+09:00,91094.2747461929,94623.58172588832,91094.2747461929,93955.875,1962833,0.0,0.0
2021-10-25 00:00:00+09:00,94909.7618359375,96817.4957421875,93765.1214921875,95386.6953125,2950459,0.0,0.0
2021-10-26 00:00:00+09:00,96817.48843443628,98725.22219669117,96340.55499387255,97294.421875,3458645,0.0,0.0
2021-10-27 00:00:00+09:00,98248.29256465517,99202.15948275862,96817.4921875,96817.4921875,2859255,0.0,0.0
2021-10-28 00:00:00+09:00,97294.41945422535,102540.68716989436,96817.48602552817,101586.8203125,6329703,0.0,0.0
2021-10-29 00:00:00+09:00,102063.74848300971,103494.54869538835,98248.28125,98248.28125,4007223,0.0,0.0
2021-11-01 00:00:00+09:00,98725.2197403169,102063.75374119719,97771.35288292253,101586.8203125,3118661,0.0,0.0
2021-11-02 00:00:00+09:00,102063.75406976744,103494.55436046512,101586.82063953488,102540.6875,2892292,0.0,0.0
2021-11-03 00:00:00+09:00,103494.5617224526,103971.49518661137,99679.09400918246,100632.9609375,3116506,0.0,0.0
2021-11-04 00:00:00+09:00,102063.75751768867,103017.62441037735,100632.95717865565,101109.890625,2059242,0.0,0.0
2021-11-05 00:00:00+09:00,103017.62470794392,103494.55815566589,100632.95746933411,102063.7578125,2523345,0.0,0.0
2021-11-08 00:00:00+09:00,102063.75406976744,103017.62093023256,99202.15348837209,102540.6875,2212348,0.0,0.0
2021-11-09 00:00:00+09:00,103017.61754587156,104925.35120412844,102540.68413130734,103971.484375,3440686,0.0,0.0
2021-11-10 00:00:00+09:00,103494.5546875,104448.42155097926,102540.68782402073,103494.5546875,2361295,0.0,0.0
2021-11-11 00:00:00+09:00,102540.6875,103017.62093023256,100632.95377906977,102540.6875,2731498,0.0,0.0
2021-11-12 00:00:00+09:00,103971.48745598592,104448.42088468309,100632.95345510563,101586.8203125,1786165,0.0,0.0
2021-11-15 00:00:00+09:00,103494.56693412161,106356.16786317567,103017.63344594595,105879.234375,4701568,0.0,0.0
2021-11-16 00:00:00+09:00,105879.22684151786,107786.96065848214,103971.49302455357,106833.09375,3767311,0.0,0.0
2021-11-17 00:00:00+09:00,107786.94824660633,107786.94824660633,104925.34785067874,105402.28125,3062491,0.0,0.0
2021-11-18 00:00:00+09:00,104925.3359375,105879.2026278409,103971.4692471591,104925.3359375,1928891,0.0,0.0
2021-11-19 00:00:00+09:00,104925.35594170402,107310.02312219731,104925.35594170402,106356.15625,2324668,0.0,0.0
2021-11-22 00:00:00+09:00,111125.4854537134,115417.88617939332,110648.55203974896,113987.0859375,9786492,0.0,0.0
2021-11-23 00:00:00+09:00,113987.09752494747,115417.89791228992,112079.36367515755,113510.1640625,4847270,0.0,0.0
2021-11-24 00:00:00+09:00,114940.95276542888,116848.68642128662,112556.2856956067,113987.0859375,4001111,0.0,0.0
2021-11-25 00:00:00+09:00,114940.96003989362,115417.89348404255,111602.42593085107,112079.359375,3339835,0.0,0.0
2021-11-26 00:00:00+09:00,111125.49188311689,113033.22564935066,107786.9577922078,110171.625,4337936,0.0,0.0
2021-11-29 00:00:00+09:00,107786.96174568965,113033.22979525862,107786.96174568965,110648.5625,4412863,0.0,0.0
2021-11-30 00:00:00+09:00,112556.30386513159,113510.17084703948,107310.03546463816,108740.8359375,7449608,0.0,0.0
2021-12-01 00:00:00+09:00,109217.7660944206,112079.3669527897,106833.09871244636,111125.5,4214135,0.0,0.0
2021-12-02 00:00:00+09:00,110171.63759765626,114940.97255859376,109694.7041015625,114464.0390625,6980518,0.0,0.0
2021-12-03 00:00:00+09:00,113510.14804025424,113987.08143538135,110171.6142743644,112556.28125,4567843,0.0,0.0
2021-12-06 00:00:00+09:00,110648.55933544305,113510.1600079114,110171.62589003165,113033.2265625,4318893,0.0,0.0
2021-12-07 00:00:00+09:00,113510.15322788066,116848.68714634774,112556.28639403293,115894.8203125,5112025,0.0,0.0
2021-12-08 00:00:00+09:00,118279.50703125,119233.3740234375,113987.10556640626,114464.0390625,6168137,0.0,0.0
2021-12-09 00:00:00+09:00,114940.96179149798,117802.5625,113510.16143724696,117802.5625,5631833,0.0,0.0
2021-12-10 00:00:00+09:00,114940.953125,115894.81995591286,113987.08629408713,114940.953125,2512642,0.0,0.0
2021-12-13 00:00:00+09:00,115417.88689557613,118279.48739711934,115417.88689557613,115894.8203125,3329176,0.0,0.0
2021-12-14 00:00:00+09:00,114940.96497288223,117325.63229597107,114464.03150826447,115417.8984375,2201003,0.0,0.0
2021-12-15 00:00:00+09:00,114464.02834008097,117802.5625,114464.02834008097,117802.5625,2681332,0.0,0.0
2021-12-16 00:00:00+09:00,119233.36693548386,119710.3004032258,116848.69959677418,118279.5,3869086,0.0,0.0
2021-12-17 00:00:00+09:00,114940.95751152665,117325.62467981558,114940.95751152665,116371.7578125,3850444,0.0,0.0
2021-12-20 00:00:00+09:00,115894.81995591286,117802.5536177386,114940.953125,114940.953125,2846815,0.0,0.0
2021-12-21 00:00:00+09:00,118279.49623493975,118756.4296875,116848.69587725903,118756.4296875,3678590,0.0,0.0
2021-12-22 00:00:00+09:00,121618.02718996063,122571.89406988189,120187.22687007874,121141.09375,3817689,0.0,0.0
2021-12-23 00:00:00+09:00,123048.83161764705,123048.83161764705,120664.16433823529,121618.03125,2398358,0.0,0.0
2021-12-24 00:00:00+09:00,123048.83569335938,124002.70263671875,122094.96875,122094.96875,2462683,0.0,0.0
2021-12-27 00:00:00+09:00,122571.88578869047,123048.81919642857,120187.21875,120187.21875,2684135,0.0,0.0
2021-12-28 00:00:00+09:00,120664.16433823529,122094.96470588235,118756.43051470588,121618.03125,4086063,0.0,0.0
2021-12-29 00:00:00+09:00,123104.93633120079,124070.46524360236,121173.87850639764,122622.171875,3832154,1540.0,0.0
2021-12-30 00:00:00+09:00,126484.296875,128898.11933444656,125518.76789122137,126484.296875,5172987,0.0,0.0
2022-01-04 00:00:00+09:00,125035.98981639104,125518.75425583657,123104.93205860895,124070.4609375,3622369,0.0,0.0
2022-01-05 00:00:00+09:00,124553.23412599601,124553.23412599601,117311.76702564741,121173.8828125,7414954,0.0,0.0
2022-01-06 00:00:00+09:00,119242.81606249999,122622.16712499999,118760.051625,120691.109375,3725569,0.0,0.0
2022-01-07 00:00:00+09:00,122622.171875,124553.22969980315,122139.40741879921,122622.171875,3270119,0.0,0.0
2022-01-10 00:00:00+09:00,122139.4094189257,122622.17388303213,118760.05817018072,120208.3515625,3449197,0.0,0.0
2022-01-11 00:00:00+09:00,121173.88845825195,124070.47543334961,120208.35946655273,123587.7109375,3958787,0.0,0.0
2022-01-12 00:00:00+09:00,125035.98981639104,125518.75425583657,122139.40317971789,124070.4609375,3552174,0.0,0.0
2022-01-13 00:00:00+09:00,124070.47879464286,125518.77232142857,123587.71428571429,125036.0078125,4155984,0.0,0.0
2022-01-14 00:00:00+09:00,124070.4609375,124553.22537694553,121656.63874027236,124070.4609375,3769648,0.0,0.0
2022-01-17 00:00:00+09:00,123104.93633120079,123587.70078740157,120208.34959399606,122622.171875,3730393,0.0,0.0
2022-01-18 00:00:00+09:00,122139.40625,123104.93515316205,120691.11289525691,122139.40625,3607850,0.0,0.0
2022-01-19 00:00:00+09:00,119242.82068159449,124070.46524360236,119242.82068159449,122622.171875,4094609,0.0,0.0
2022-01-20 00:00:00+09:00,121656.63824999999,122139.4026875,119242.81606249999,120691.109375,5441986,0.0,0.0
2022-01-21 00:00:00+09:00,117311.7676930147,118277.29664522059,113932.41636029411,114897.9453125,6465040,0.0,0.0
2022-01-24 00:00:00+09:00,112484.12293198529,116346.23874080883,112484.12293198529,114897.9453125,4883822,0.0,0.0
2022-01-25 00:00:00+09:00,113932.40625,115863.46398305084,112484.11295021186,113932.40625,5702595,0.0,0.0
2022-01-26 00:00:00+09:00,113932.40625,113932.40625,113932.40625,113932.40625,0,0.0,0.0
2022-01-27 00:00:00+09:00,115380.70470814979,115380.70470814979,107173.70897577093,109587.53125,6679404,0.0,0.0
2022-01-28 00:00:00+09:00,111035.81788122407,117311.75541364109,110553.05345565353,116346.2265625,4776510,0.0,0.0
2022-02-03 00:00:00+09:00,120208.35824092742,122622.18069556452,119725.59375,119725.59375,5171178,0.0,0.0
2022-02-04 00:00:00+09:00,121173.88049071285,122622.17388303213,119725.58709839357,120208.3515625,3037097,0.0,0.0
2022-02-07 00:00:00+09:00,118760.0625,119242.82698170732,115380.71112804877,118760.0625,4804261,0.0,0.0
2022-02-08 00:00:00+09:00,118760.0625,118760.0625,118760.0625,118760.0625,0,0.0,0.0
2022-02-09 00:00:00+09:00,118760.0625,118760.0625,118760.0625,118760.0625,0,0.0,0.0
2022-02-10 00:00:00+09:00,124553.24330357142,126484.30133928571,122622.18526785714,125036.0078125,7269729,0.0,0.0
2022-02-11 00:00:00+09:00,126001.51917613635,127932.57694128787,125518.75473484848,127449.8125,6057207,0.0,0.0
2022-02-14 00:00:00+09:00,125518.75589622642,127932.578125,125035.9914504717,127932.578125,4962205,0.0,0.0
2022-02-15 00:00:00+09:00,126967.05198080708,127449.81643700787,122622.171875,122622.171875,5097120,0.0,0.0
2022-02-16 00:00:00+09:00,126484.29573754789,127932.58920019156,125518.7667624521,126001.53125,3499809,0.0,0.0
2022-02-17 00:00:00+09:00,126001.52916470864,129380.88052161653,125518.76468515038,128415.3515625,5433402,0.0,0.0
2022-02-18 00:00:00+09:00,126967.0625,128415.35598859315,125036.00451520912,126967.0625,3108887,0.0,0.0
2022-02-21 00:00:00+09:00,126967.0625,126967.0625,126967.0625,126967.0625,0,0.0,0.0
2022-02-22 00:00:00+09:00,126967.0625,126967.0625,126967.0625,126967.0625,0,0.0,0.0
2022-02-23 00:00:00+09:00,126967.0625,126967.0625,126967.0625,126967.0625,0,0.0,0.0
2022-02-24 00:00:00+09:00,121173.88373724489,121656.64821428571,117794.53239795918,118277.296875,5748069,0.0,0.0
2022-02-25 00:00:00+09:00,121173.88490853658,121656.6493902439,118277.29801829268,118760.0625,3309625,0.0,0.0
2022-02-28 00:00:00+09:00,118760.0625,118760.0625,118760.0625,118760.0625,0,0.0,0.0
2022-03-02 00:00:00+09:00,120208.34493749999,122139.4026875,118760.051625,120691.109375,2903340,0.0,0.0
2022-03-03 00:00:00+09:00,123587.7054263566,125035.99884932171,122622.17647771318,124553.234375,3088097,0.0,0.0
2022-03-04 00:00:00+09:00,124553.234375,124553.234375,124553.234375,124553.234375,0,0.0,0.0
2022-03-07 00:00:00+09:00,114897.93867677824,116828.99646966528,114897.93867677824,115380.703125,5203286,0.0,0.0
2022-03-08 00:00:00+09:00,112966.87738347457,115380.69954978813,112484.11295021186,113932.40625,3619045,0.0,0.0
2022-03-10 00:00:00+09:00,113932.40625,113932.40625,113932.40625,113932.40625,0,0.0,0.0
2022-03-11 00:00:00+09:00,113932.40625,113932.40625,113932.40625,113932.40625,0,0.0,0.0
2022-03-14 00:00:00+09:00,111518.59489493535,112966.8883351293,110553.06593480603,112001.359375,3172353,0.0,0.0
2022-03-15 00:00:00+09:00,112001.359375,112001.359375,112001.359375,112001.359375,0,0.0,0.0
2022-03-16 00:00:00+09:00,112001.359375,112001.359375,112001.359375,112001.359375,0,0.0,0.0
2022-03-17 00:00:00+09:00,112001.359375,112001.359375,112001.359375,112001.359375,0,0.0,0.0
2022-03-18 00:00:00+09:00,119725.59375,120691.12273185483,116829.00680443548,119725.59375,4493159,0.0,0.0
2022-03-21 00:00:00+09:00,119725.59375,119725.59375,119725.59375,119725.59375,0,0.0,0.0
2022-03-22 00:00:00+09:00,116829.00569331984,119725.59261133603,116829.00569331984,119242.828125,2246439,0.0,0.0
2022-03-23 00:00:00+09:00,119725.59261133603,120208.35709767205,117794.5346659919,119242.828125,4085633,0.0,0.0
2022-03-24 00:00:00+09:00,116828.99098807055,117794.51983921163,115380.69771135892,116346.2265625,4215272,0.0,0.0
2022-03-25 00:00:00+09:00,117794.52171610169,118760.05058262711,113932.40625,113932.40625,5514940,0.0,0.0
2022-03-28 00:00:00+09:00,113449.64181673729,115380.69954978813,112484.11295021186,113932.40625,3234792,0.0,0.0
2022-03-29 00:00:00+09:00,115380.71985677083,116346.24889322916,114415.1908203125,115863.484375,3375247,0.0,0.0
2022-03-30 00:00:00+09:00,119057.71022727274,119057.71022727274,116637.83806818182,117121.8125,3436282,300.0,0.0
2022-03-31 00:00:00+09:00,115669.87625794491,116153.85063559322,113733.97874735169,114217.953125,4558063,0.0,0.0
2022-04-01 00:00:00+09:00,113250.01131465517,113733.98572198277,112282.0625,112282.0625,3851558,0.0,0.0
2022-04-04 00:00:00+09:00,111314.10256410256,113733.97435897436,110830.1282051282,113250.0,2470792,0.0,0.0
2022-04-05 00:00:00+09:00,113733.9878956545,114217.96231223176,112282.06464592274,112766.0390625,2101474,0.0,0.0
2022-04-06 00:00:00+09:00,110830.13409153762,111798.08286089603,109378.2109375,109378.2109375,4541938,0.0,0.0
2022-04-07 00:00:00+09:00,107926.2899229075,110830.13628854626,106958.34113436124,109862.1875,5027865,0.0,0.0
2022-04-08 00:00:00+09:00,109378.21442522321,110346.16322544643,106958.34242466518,108410.265625,4268316,0.0,0.0
2022-04-11 00:00:00+09:00,107442.31467208521,109378.2122337444,106958.3402816704,107926.2890625,2390786,0.0,0.0
2022-04-12 00:00:00+09:00,106958.35367398648,109378.22592905405,106958.35367398648,107442.328125,2738163,0.0,0.0
2022-04-13 00:00:00+09:00,108410.26216814159,109378.2109375,107442.3133987832,109378.2109375,2484490,0.0,0.0
2022-04-14 00:00:00+09:00,109378.19751420454,109378.19751420454,106474.3515625,106474.3515625,4715700,0.0,0.0
2022-04-15 00:00:00+09:00,104538.4765625,105022.4509910301,103570.52770543982,104538.4765625,3694012,0.0,0.0
2022-04-18 00:00:00+09:00,103570.51655676606,105990.38843893349,103086.54218033257,105506.4140625,2670439,0.0,0.0
2022-04-19 00:00:00+09:00,106474.37777777777,108894.25,105990.40333333334,108894.25,3021192,0.0,0.0
2022-04-20 00:00:00+09:00,108894.25,109378.22444444444,107442.32666666666,108894.25,2905007,0.0,0.0
2022-04-21 00:00:00+09:00,108894.2365528208,111314.10847621682,108894.2365528208,109378.2109375,3199858,0.0,0.0
2022-04-22 00:00:00+09:00,106958.3359375,108410.25904977375,106958.3359375,106958.3359375,2360834,0.0,0.0
2022-04-25 00:00:00+09:00,105506.42541956018,105990.39984809028,104538.4765625,104538.4765625,2282343,0.0,0.0
2022-04-26 00:00:00+09:00,105990.40477195945,107442.328125,104538.48141891892,107442.328125,2969516,0.0,0.0
2022-04-27 00:00:00+09:00,104538.47091013825,105990.3941172235,104054.4965077765,105022.4453125,3261290,0.0,0.0
2022-04-28 00:00:00+09:00,105990.3984375,106474.37285958904,104538.47517123289,105990.3984375,2804966,0.0,0.0
2022-04-29 00:00:00+09:00,106474.37777777777,108894.25,105990.40333333334,108894.25,3752415,0.0,0.0
2022-05-02 00:00:00+09:00,106474.36156674208,107926.28467901584,106474.36156674208,106958.3359375,2175384,0.0,0.0
2022-05-03 00:00:00+09:00,107442.30021306819,108410.24886363636,105990.3772372159,106474.3515625,2676115,0.0,0.0
2022-05-04 00:00:00+09:00,106958.34728167808,107442.32170376713,105022.44959332193,105990.3984375,2491890,0.0,0.0
2022-05-06 00:00:00+09:00,104538.46656976745,105022.44095203489,103086.54342296511,104054.4921875,2566813,0.0,0.0
2022-05-10 00:00:00+09:00,103570.50561079546,107442.30021306819,103570.50561079546,106474.3515625,4141923,0.0,0.0
2022-05-11 00:00:00+09:00,106958.3359375,108894.23342053167,104538.46408371041,106958.3359375,3658168,0.0,0.0
2022-05-12 00:00:00+09:00,105990.38843893349,107926.28594466743,105022.43968606651,105506.4140625,4132948,0.0,0.0
2022-05-13 00:00:00+09:00,105506.42888888888,108894.25,105506.42888888888,108894.25,4003349,0.0,0.0
2022-05-16 00:00:00+09:00,109862.18216204751,110346.15653280543,106474.36156674208,106958.3359375,3930044,0.0,0.0
2022-05-17 00:00:00+09:00,107442.32666666666,109378.22444444444,106958.35222222222,108894.25,2056143,0.0,0.0
2022-05-18 00:00:00+09:00,110346.16189427313,111314.11068281939,109378.21310572687,109862.1875,3570113,0.0,0.0
2022-05-19 00:00:00+09:00,106958.35367398648,108894.25147804053,106474.37922297297,107442.328125,3680049,0.0,0.0
2022-05-20 00:00:00+09:00,107926.30111111111,109378.22444444444,107442.32666666666,108894.25,2398978,0.0,0.0
2022-05-23 00:00:00+09:00,109378.2109375,109862.18532217921,107442.3133987832,109378.2109375,3160028,0.0,0.0
2022-05-24 00:00:00+09:00,107926.2917266705,108410.26612903226,105022.4453125,105022.4453125,4491835,0.0,0.0
2022-05-25 00:00:00+09:00,105990.39984809028,106474.37427662036,103570.52770543982,104538.4765625,4151560,0.0,0.0
2022-05-26 00:00:00+09:00,104054.4880157767,105022.43674150486,98246.79566140777,99698.71875,8523001,0.0,0.0
2022-05-27 00:00:00+09:00,102118.60369988208,103570.52697523586,101634.62927476416,102602.578125,3686487,0.0,0.0
2022-05-30 00:00:00+09:00,104538.47225467289,104538.47225467289,102602.5746203271,103570.5234375,2054526,0.0,0.0
2022-05-31 00:00:00+09:00,103086.55327690972,104538.4765625,102118.60441984954,104538.4765625,4024509,0.0,0.0
2022-06-02 00:00:00+09:00,102602.5746203271,104054.49784608645,102602.5746203271,103570.5234375,3097583,0.0,0.0
2022-06-03 00:00:00+09:00,104538.47225467289,105022.44666325934,103570.5234375,103570.5234375,1638006,0.0,0.0
2022-06-07 00:00:00+09:00,102118.61087740384,102602.58533653847,100182.71304086539,100666.6875,3174521,0.0,0.0
2022-06-08 00:00:00+09:00,101150.65484964623,104054.50140035378,101150.65484964623,102602.578125,3075530,0.0,0.0
2022-06-09 00:00:00+09:00,102118.6015625,103570.52480746445,101150.6527325237,102118.6015625,4640744,0.0,0.0
2022-06-10 00:00:00+09:00,100666.67753623189,101150.65194746378,99214.75430253624,100182.703125,3480289,0.0,0.0
2022-06-13 00:00:00+09:00,96794.88636363637,97762.83522727274,95826.9375,95826.9375,4133447,0.0,0.0
2022-06-14 00:00:00+09:00,93794.2391917886,96407.70096493441,93697.44431130172,95923.7265625,3242550,0.0,0.0
2022-06-15 00:00:00+09:00,95342.94891949694,95730.12840749489,93600.64122350613,94762.1796875,2578500,0.0,0.0
2022-06-16 00:00:00+09:00,96698.08288148101,98246.80092562885,93987.82630422228,94278.2109375,3810703,0.0,0.0
2022-06-17 00:00:00+09:00,92051.93987454617,93310.2734375,91955.14498508818,93310.2734375,3965464,0.0,0.0
2022-06-20 00:00:00+09:00,93600.65147982804,93697.44636243387,90116.03570601852,91471.1640625,2386222,0.0,0.0
2022-06-21 00:00:00+09:00,91664.74438681723,92826.28285845587,90890.38540572478,92148.71875,2707302,0.0,0.0
2022-06-22 00:00:00+09:00,92632.69563449024,92632.69563449024,88760.90062364425,89244.875,3509830,0.0,0.0
2022-06-23 00:00:00+09:00,89148.095127148,90019.24915119179,86825.0177296979,87308.9921875,3983116,0.0,0.0
2022-06-24 00:00:00+09:00,87599.35798478438,89051.28104530567,87599.35798478438,88664.1015625,3045970,0.0,0.0
2022-06-27 00:00:00+09:00,89728.85064967105,93019.87645559211,89632.05577302631,91955.1328125,3408749,0.0,0.0
2022-06-28 00:00:00+09:00,91471.16437401625,92245.5234375,90696.80531053252,92245.5234375,2022966,0.0,0.0
2022-06-29 00:00:00+09:00,90594.81178523936,92148.42056183511,90206.40959109043,91274.515625,2529973,300.0,0.0
2022-06-30 00:00:00+09:00,88846.99489182692,90400.60354567308,88361.4921875,88361.4921875,3098854,0.0,0.0
2022-07-01 00:00:00+09:00,88361.4875,89817.99553571429,84574.56660714286,84962.96875,4959176,0.0,0.0
2022-07-04 00:00:00+09:00,84962.9772113496,87002.088664422,83797.77066673682,86516.5859375,4331728,0.0,0.0
2022-07-05 00:00:00+09:00,87778.88864864864,90691.90486486486,87778.88864864864,89818.0,3560085,0.0,0.0
2022-07-06 00:00:00+09:00,90109.30537459283,90886.10973127035,88264.39502748371,89429.6015625,3981326,0.0,0.0
2022-07-07 00:00:00+09:00,88652.79982860756,92439.72117944622,88652.79982860756,91177.4140625,3330794,0.0,0.0
2022-07-08 00:00:00+09:00,93119.42634988132,93702.02964299842,91760.01866594146,92051.3203125,2814478,0.0,0.0
2022-07-11 00:00:00+09:00,92245.53386806296,92925.23780182764,90789.02543856723,90983.2265625,1885425,0.0,0.0
2022-07-12 00:00:00+09:00,91274.50847400857,91274.50847400857,89041.19603262325,90594.8046875,2385688,0.0,0.0
2022-07-13 00:00:00+09:00,91857.11891622341,93604.92878989362,91080.31452792553,91274.515625,2721816,0.0,0.0
2022-07-14 00:00:00+09:00,90109.3090425532,92731.0238530585,89623.80629986702,91274.515625,2550307,0.0,0.0
2022-07-15 00:00:00+09:00,93119.41921542553,96129.53599924012,92731.01704977204,95838.234375,4457208,0.0,0.0
2022-07-18 00:00:00+09:00,98071.546875,100499.0604115099,97100.54146039604,98071.546875,4564780,0.0,0.0
2022-07-19 00:00:00+09:00,97100.5390625,97586.0417578125,95838.2320546875,97100.5390625,2709084,0.0,0.0
2022-07-20 00:00:00+09:00,100013.56801470589,101470.07628676471,98071.55698529413,99042.5625,3981053,0.0,0.0
2022-07-21 00:00:00+09:00,99042.55975609756,100013.56524390244,97586.05152439025,99528.0625,2143984,0.0,0.0
2022-07-22 00:00:00+09:00,99528.0525390625,99528.0525390625,97100.5390625,97100.5390625,3126556,0.0,0.0
2022-07-25 00:00:00+09:00,96226.6342109375,98557.0471484375,96032.4331328125,97100.5390625,2185108,0.0,0.0
2022-07-26 00:00:00+09:00,97586.046875,98071.54959577114,96226.63925684079,97586.046875,1636970,0.0,0.0
2022-07-27 00:00:00+09:00,98071.544453125,98557.0471484375,95741.131515625,97100.5390625,3159499,0.0,0.0
2022-07-28 00:00:00+09:00,98071.554090166,98557.05683318662,96032.44256947938,96517.9453125,3359717,0.0,0.0
2022-07-29 00:00:00+09:00,97003.4405084908,97100.54104954035,94575.92698225229,95061.4296875,3899079,0.0,0.0
2022-08-01 00:00:00+09:00,94381.73336122555,95255.6382997554,93702.02952014675,94284.6328125,2007646,0.0,0.0
2022-08-02 00:00:00+09:00,94381.72723445596,94381.72723445596,93410.72181023315,93702.0234375,1916851,0.0,0.0
2022-08-03 00:00:00+09:00,94090.44350961538,94673.046875,93313.63902243589,94673.046875,1703330,0.0,0.0
2022-08-04 00:00:00+09:00,95158.54967948717,95255.65024038461,94284.64463141025,94673.046875,1960526,0.0,0.0
2022-08-05 00:00:00+09:00,95255.6368734137,95838.24015704314,94575.93304251268,95644.0390625,2052852,0.0,0.0
2022-08-08 00:00:00+09:00,94867.2358028297,94867.2358028297,93022.32538291796,93507.828125,3206548,0.0,0.0
2022-08-09 00:00:00+09:00,93216.52996845426,93313.63052050474,91760.02168769717,92342.625,3152955,0.0,0.0
2022-08-10 00:00:00+09:00,89138.3046875,90303.51128472222,89138.3046875,89138.3046875,4356568,0.0,0.0
2022-08-11 00:00:00+09:00,90789.00576935959,91662.91063772776,89915.10090099143,90594.8046875,5206962,0.0,0.0
2022-08-12 00:00:00+09:00,90109.30198285102,91662.91063772776,89915.10090099143,90594.8046875,1910127,0.0,0.0
2022-08-16 00:00:00+09:00,91760.02985231386,94770.14723371252,91662.92929162357,93896.2421875,4267280,0.0,0.0
2022-08-17 00:00:00+09:00,93993.33116632338,94770.1355561277,93119.42622779352,94284.6328125,1764674,0.0,0.0
2022-08-18 00:00:00+09:00,93119.4276629441,93604.93041405434,92536.82436161181,92925.2265625,1889587,0.0,0.0
2022-08-19 00:00:00+09:00,94187.54084543568,94673.04363329876,93119.43471213694,93604.9375,1890839,0.0,0.0
2022-08-22 00:00:00+09:00,92439.71875,92828.12092962184,91274.51221113445,92439.71875,2293601,0.0,0.0
2022-08-23 00:00:00+09:00,91371.61995025373,92633.92713341347,90886.1171875,90886.1171875,1932822,0.0,0.0
2022-08-24 00:00:00+09:00,91177.41477501341,91468.71641966201,90303.5098410676,90497.7109375,1447036,0.0,0.0
2022-08-25 00:00:00+09:00,90886.10666843783,91371.609375,89429.59854875134,91371.609375,2189458,0.0,0.0
2022-08-26 00:00:00+09:00,92633.92665615142,93993.33438485804,91954.2227917981,92342.625,2301949,0.0,0.0
2022-08-29 00:00:00+09:00,90012.20108108108,90594.80432432432,89332.49729729729,89818.0,2619260,0.0,0.0
2022-08-30 00:00:00+09:00,90012.208196419,90691.91203393241,89720.90655177039,90497.7109375,1595242,0.0,0.0
2022-08-31 00:00:00+09:00,89915.10458245798,92731.02038471638,89429.60185793067,92439.71875,2421669,0.0,0.0
2022-09-01 00:00:00+09:00,91177.42240767046,91177.42240767046,89623.8135061553,89720.9140625,2337521,0.0,0.0
2022-09-02 00:00:00+09:00,90012.20861164121,90594.81190362594,88944.10257633588,89041.203125,2036818,0.0,0.0
2022-09-05 00:00:00+09:00,89138.30541643799,89720.9087198134,87778.89770856203,88458.6015625,1706148,0.0,0.0
2022-09-06 00:00:00+09:00,89235.40523726851,90206.41073495371,88458.60083912036,89138.3046875,1389821,0.0,0.0
2022-09-07 00:00:00+09:00,88458.5944240874,88458.5944240874,87293.38791136615,87778.890625,2053413,0.0,0.0
2022-09-08 00:00:00+09:00,87875.99116772677,88361.49388136061,87390.48845409292,87778.890625,2012123,0.0,0.0
2022-09-13 00:00:00+09:00,89041.20329806171,92439.72250791139,89041.20329806171,92051.3203125,3288428,0.0,0.0
2022-09-14 00:00:00+09:00,89041.20841733871,90691.91784274192,88652.80619959677,90303.515625,2444928,0.0,0.0
2022-09-15 00:00:00+09:00,90206.39700237772,90303.49753736414,88846.98951256793,89332.4921875,1755820,0.0,0.0
2022-09-16 00:00:00+09:00,88264.40146998355,88749.9042283443,87390.49650493421,88555.703125,2243179,0.0,0.0
2022-09-19 00:00:00+09:00,88167.30444444444,88847.00833333333,87390.5,87390.5,2078633,0.0,0.0
2022-09-20 00:00:00+09:00,86419.48987926137,87973.09868607955,84962.98162286932,85448.484375,4259789,0.0,0.0
2022-09-21 00:00:00+09:00,84962.98162286932,85933.98712713069,83797.77501775569,85448.484375,2954420,0.0,0.0
2022-09-22 00:00:00+09:00,83797.78606468023,84380.3894440407,83409.38381177325,83506.484375,2204430,0.0,0.0
2022-09-23 00:00:00+09:00,83020.95597866765,84089.06184505987,80884.74424588324,81078.9453125,3932242,0.0,0.0
2022-09-26 00:00:00+09:00,79136.94763257576,80787.65696969697,79136.94763257576,80107.953125,3281145,0.0,0.0
2022-09-27 00:00:00+09:00,79816.6620617378,80302.16487233232,78360.15362995426,79622.4609375,2606333,0.0,0.0
2022-09-28 00:00:00+09:00,79525.36018318965,81078.96917333745,78165.95231681035,78845.65625,3068181,0.0,0.0
2022-09-29 00:00:00+09:00,80405.018177599,80794.86068997525,78455.80561571782,78748.1875,2064798,300.0,0.0
2022-09-30 00:00:00+09:00,78845.64745036101,81769.46626805054,78358.34431407943,80989.78125,4711130,0.0,0.0
2022-10-04 00:00:00+09:00,83036.45620649651,84985.66879350349,83036.45620649651,84011.0625,4277404,0.0,0.0
2022-10-05 00:00:00+09:00,87714.56187360802,88104.40437082406,85862.81001183185,87519.640625,5927256,0.0,0.0
2022-10-06 00:00:00+09:00,88591.71570842603,89663.78267519466,87519.6487416574,87617.109375,3039698,0.0,0.0
2022-10-07 00:00:00+09:00,87324.72368421052,89468.85752467105,85570.43236019736,88884.09375,3100583,0.0,0.0
2022-10-11 00:00:00+09:00,87422.18124653547,88884.09063192905,85765.3506097561,87909.484375,3840842,0.0,0.0
2022-10-12 00:00:00+09:00,88689.17328789894,91612.9921875,88591.71265791224,91612.9921875,4648231,0.0,0.0
2022-10-13 00:00:00+09:00,91028.22344243941,92490.1328125,90443.45969441517,92490.1328125,4390570,0.0,0.0
2022-10-14 00:00:00+09:00,93562.20942408376,94146.9732329843,91905.37863219895,93074.90625,3516437,0.0,0.0
2022-10-17 00:00:00+09:00,92197.75187106091,92879.9762506565,91612.98811712184,92782.515625,2134558,0.0,0.0
2022-10-18 00:00:00+09:00,93464.72623629958,93757.10807019833,92197.73828940501,93367.265625,2618680,0.0,0.0
2022-10-19 00:00:00+09:00,92295.21314921959,92490.13440191066,90346.00062230893,90540.921875,3684934,0.0,0.0
2022-10-20 00:00:00+09:00,88689.16938054324,89468.85438608647,86739.95686668514,87909.484375,4547678,0.0,0.0
2022-10-21 00:00:00+09:00,87519.62729627072,89078.99704765194,87422.16668680939,88201.8515625,2206754,0.0,0.0
2022-10-24 00:00:00+09:00,89858.7097460512,90735.8555027914,88884.1033496732,89468.8671875,2165991,0.0,0.0
2022-10-25 00:00:00+09:00,89566.31744652407,92392.6756684492,88689.17179144385,91125.6875,2656194,0.0,0.0
2022-10-26 00:00:00+09:00,90930.75970946485,93074.89337892704,90833.29908812566,91515.5234375,3310322,0.0,0.0
2022-10-27 00:00:00+09:00,92685.054375,92685.054375,87519.64125,87714.5625,4550273,0.0,0.0
2022-10-28 00:00:00+09:00,84888.2154713729,85570.43993555156,80892.32932404077,81282.171875,7748514,0.0,0.0
2022-10-31 00:00:00+09:00,82159.31547574063,83231.38246296857,80307.56340689238,80599.9453125,6271574,0.0,0.0
2022-11-01 00:00:00+09:00,80599.94888818535,81769.4765625,79332.96057434446,81769.4765625,3820185,0.0,0.0
2022-11-02 00:00:00+09:00,82061.85247781065,83328.8406989645,81477.08868343195,82354.234375,2536363,0.0,0.0
2022-11-03 00:00:00+09:00,80502.48467729747,81379.63039412032,79820.26023087969,80599.9453125,2901380,0.0,0.0
2022-11-04 00:00:00+09:00,80599.9429918639,82451.69500739645,79625.3366678994,82354.234375,3032985,0.0,0.0
2022-11-07 00:00:00+09:00,83231.37837789017,84595.82720375723,82841.53585621387,84303.4453125,2765284,0.0,0.0
2022-11-08 00:00:00+09:00,85375.52373147092,86739.97274087799,85180.60244441277,85472.984375,2799575,0.0,0.0
2022-11-09 00:00:00+09:00,85862.83130430213,86934.8984375,84400.92157721412,86934.8984375,2619752,0.0,0.0
2022-11-10 00:00:00+09:00,86739.95344065657,88494.24463383839,86057.72908775252,86837.4140625,3856811,0.0,0.0
2022-11-11 00:00:00+09:00,92782.51818181819,92879.97881016044,90151.08121657754,91125.6875,5002149,0.0,0.0
2022-11-14 00:00:00+09:00,91515.51363964521,91515.51363964521,88591.6953125,88591.6953125,2483441,0.0,0.0
2022-11-15 00:00:00+09:00,88981.55560862446,89761.24065229257,88104.40993449782,89273.9375,2460465,0.0,0.0
2022-11-16 00:00:00+09:00,89663.77971311475,90053.62223360655,88006.9490010246,89176.4765625,2609199,0.0,0.0
2022-11-17 00:00:00+09:00,80307.57026795894,86252.66952323262,79917.72769384265,85472.984375,3703870,0.0,0.0
2022-11-18 00:00:00+09:00,86447.57719704468,89176.47478612838,85862.81342795532,86155.1953125,2981192,0.0,0.0
2022-11-21 00:00:00+09:00,85375.51162369641,85472.97225340383,83913.60217808517,84108.5234375,2111523,0.0,0.0
2022-11-22 00:00:00+09:00,83328.8271621919,84400.89394439555,82744.0634628081,83036.4453125,1617131,0.0,0.0
2022-11-23 00:00:00+09:00,83913.5908615757,84498.35456095952,82744.0634628081,83036.4453125,1480400,0.0,0.0
2022-11-24 00:00:00+09:00,84693.28125,84985.66311852704,83523.75377589183,84693.28125,2148255,0.0,0.0
2022-11-25 00:00:00+09:00,84985.65731492362,85083.11793111045,82938.984375,82938.984375,1439011,0.0,0.0
2022-11-28 00:00:00+09:00,81964.38752256318,82061.84814981949,80794.85999548736,80989.78125,2471506,0.0,0.0
2022-11-29 00:00:00+09:00,80599.93286103645,81671.99968264636,80015.16914015831,81574.5390625,1501783,0.0,0.0
2022-11-30 00:00:00+09:00,81087.24764705882,83231.3815992647,80989.78701286764,82841.5390625,3332708,0.0,0.0
2022-12-01 00:00:00+09:00,85083.12465872195,85083.12465872195,82451.68781360684,82549.1484375,2878591,0.0,0.0
2022-12-02 00:00:00+09:00,81769.46245421245,81769.46245421245,79722.78937728937,79820.25,4594058,0.0,0.0
2022-12-05 00:00:00+09:00,79820.25503472223,80210.09755015431,78650.72748842592,78943.109375,3516456,0.0,0.0
2022-12-06 00:00:00+09:00,77871.04245756172,79040.57000385803,77773.5818287037,78943.109375,2781352,0.0,0.0
2022-12-07 00:00:00+09:00,77871.05171696769,78650.73684054182,76701.52403160647,76896.4453125,3589926,0.0,0.0
2022-12-08 00:00:00+09:00,76214.21278156726,77773.58286405457,76214.21278156726,76798.9765625,3809847,0.0,0.0
2022-12-09 00:00:00+09:00,77383.73320552146,79430.40625,77286.27258435583,79430.40625,2985508,0.0,0.0
2022-12-12 00:00:00+09:00,78065.96402011406,79235.49157097719,77481.20024468249,79040.5703125,1242007,0.0,0.0
2022-12-13 00:00:00+09:00,79235.47979002126,80599.9283964915,78455.79487203827,80210.0859375,2761104,0.0,0.0
2022-12-14 00:00:00+09:00,80015.17092947739,80502.47404110635,79040.56470621943,79722.7890625,2357491,0.0,0.0
2022-12-15 00:00:00+09:00,78553.27222958229,79040.57540718517,77871.04778093829,78163.4296875,1713617,0.0,0.0
2022-12-16 00:00:00+09:00,75726.90066964286,77383.7311862245,75531.97943239796,76409.125,3827227,0.0,0.0
2022-12-19 00:00:00+09:00,76311.66627768987,78065.95745648735,76311.66627768987,76993.890625,1813544,0.0,0.0
2022-12-20 00:00:00+09:00,76214.19564176246,76896.4198994253,75824.35320881226,76311.65625,1361926,0.0,0.0
2022-12-21 00:00:00+09:00,76506.59219751602,77188.81658653847,76019.2890625,76019.2890625,1513864,0.0,0.0
2022-12-22 00:00:00+09:00,76506.58814709596,77286.27312184343,75921.82441603535,77188.8125,2061883,0.0,0.0
2022-12-23 00:00:00+09:00,75824.359375,76311.6624558162,75337.05629418381,75824.359375,1554446,0.0,0.0
2022-12-26 00:00:00+09:00,75726.91193181819,75726.91193181819,74557.38433441559,75044.6875,1414717,0.0,0.0
2022-12-27 00:00:00+09:00,75531.99066558442,75629.4512987013,74557.38433441559,75044.6875,1694225,0.0,0.0
2022-12-28 00:00:00+09:00,75142.53947368421,75338.22317023025,73772.75359786184,74359.8046875,1891221,300.0,0.0
2022-12-29 00:00:00+09:00,73577.05083333333,73968.418125,73087.84171875,73381.3671875,1736661,0.0,0.0
2023-01-02 00:00:00+09:00,73479.20689192537,75044.67601345773,73381.3650718296,74066.2578125,1376985,0.0,0.0
2023-01-03 00:00:00+09:00,73968.4296875,74653.32255497685,71522.38373222553,73968.4296875,2719437,0.0,0.0
2023-01-04 00:00:00+09:00,73772.74029706791,80132.45928819444,73577.05663580247,79251.8828125,5154609,0.0,0.0
2023-01-05 00:00:00+09:00,81502.23678401412,81502.23678401412,79056.191262285,79643.2421875,3510964,0.0,0.0
2023-01-06 00:00:00+09:00,79643.25135379062,81795.77166064983,79349.72585740073,81306.5625,3687430,0.0,0.0
2023-01-09 00:00:00+09:00,83067.7163971657,84143.9765625,81697.93073219477,84143.9765625,3948670,0.0,0.0
2023-01-10 00:00:00+09:00,83654.76914739884,85318.0803468208,83165.55997109826,84633.1875,3105311,0.0,0.0
2023-01-11 00:00:00+09:00,85905.13104954181,86492.18205899198,84633.1871957331,85415.921875,3083961,0.0,0.0
2023-01-12 00:00:00+09:00,86198.63890588998,86198.63890588998,83948.27716373849,84926.6953125,3065582,0.0,0.0
2023-01-13 00:00:00+09:00,84926.70540402566,85611.598189542,83556.919832993,83850.4453125,2058890,0.0,0.0
2023-01-16 00:00:00+09:00,84143.97271998835,84633.18186370921,83067.71260380246,83948.2890625,1512876,0.0,0.0
2023-01-17 00:00:00+09:00,84535.34389534884,85318.07856104651,83850.45106286337,84143.9765625,1586136,0.0,0.0
2023-01-18 00:00:00+09:00,84535.33431257344,84633.17613469447,82676.33969227379,83263.390625,1494262,0.0,0.0
2023-01-19 00:00:00+09:00,82187.13815789473,83948.29111842105,82187.13815789473,83654.765625,1674834,0.0,0.0
2023-01-20 00:00:00+09:00,84437.49379280822,85905.12114726027,84241.81014554795,85709.4375,2386074,0.0,0.0
2023-01-25 00:00:00+09:00,90014.48851203501,90014.48851203501,88644.70281728666,89427.4375,5019,0.0,0.0
2023-01-26 00:00:00+09:00,88840.38648796499,90308.01401805252,88155.49364059081,89427.4375,4542,0.0,0.0
2023-01-27 00:00:00+09:00,89329.5975751366,90797.22513661202,88351.17920081968,89525.28125,5083,0.0,0.0
2023-01-30 00:00:00+09:00,89329.59790173649,89623.12341510474,88057.65401047409,88742.546875,6289,0.0,0.0
2023-01-31 00:00:00+09:00,88840.3936440678,88840.3936440678,84926.71991525425,86590.03125,29971,0.0,0.0
2023-02-01 00:00:00+09:00,89231.75382932166,89427.4375,86590.02427516412,89427.4375,8975,0.0,0.0
2023-02-02 00:00:00+09:00,92851.9017368709,92851.9017368709,90699.38135940919,89427.4375,8254,0.0,0.0
2023-02-03 00:00:00+09:00,90405.8633744577,91188.5981222885,89329.60309619035,90210.1796875,13644,0.0,0.0
2023-02-06 00:00:00+09:00,89427.42438271604,90014.47530864197,87177.0625,87177.0625,14291,0.0,0.0
2023-02-07 00:00:00+09:00,86883.54618667401,89231.7501376652,86883.54618667401,88840.3828125,6885,0.0,0.0
2023-02-08 00:00:00+09:00,89720.95981790042,92949.74026936249,89623.11798603793,92851.8984375,18320,0.0,0.0
2023-02-09 00:00:00+09:00,92754.05660563751,92754.05660563751,90601.5363046628,92851.8984375,12117,0.0,0.0
2023-02-10 00:00:00+09:00,92264.84400066845,92656.21131350267,91090.74206216578,91482.109375,4669,0.0,0.0
2023-02-13 00:00:00+09:00,90014.46502483444,90014.46502483444,87959.78701883278,88644.6796875,22453,0.0,0.0
2023-02-14 00:00:00+09:00,89818.79640658457,91482.10745115097,89623.11275428266,91384.265625,11361,0.0,0.0
2023-02-15 00:00:00+09:00,91775.64742366412,92167.01479007634,89231.75954198473,89720.96875,6599,0.0,0.0
2023-02-16 00:00:00+09:00,89916.64417384284,91384.27166307857,89623.11867599569,90895.0625,4182,0.0,0.0
2023-02-17 00:00:00+09:00,89427.41786684783,90699.36144701086,88938.20879755434,90014.46875,5053,0.0,0.0
2023-02-20 00:00:00+09:00,90699.37897804054,91286.42997466215,88742.54232263513,90503.6953125,5083,0.0,0.0
2023-02-21 00:00:00+09:00,90503.69380482456,90601.53563596492,88938.22450657895,89231.75,4942,0.0,0.0
2023-02-22 00:00:00+09:00,87959.79706790124,88351.16435185185,86590.01157407407,87177.0625,7566,0.0,0.0
2023-02-23 00:00:00+09:00,88057.6380461165,91677.7853880124,87666.27076591154,90699.3671875,7805,0.0,0.0
2023-02-24 00:00:00+09:00,91482.11620020604,91971.32537774726,89036.0703125,89036.0703125,11917,0.0,0.0
2023-02-27 00:00:00+09:00,88155.49026909722,88351.17393229167,87177.07195312499,88057.6484375,1893345,0.0,0.0
2023-02-28 00:00:00+09:00,89036.0629893736,89036.0629893736,86785.70095777405,87470.59375,2082486,0.0,0.0
2023-03-02 00:00:00+09:00,87470.60009931897,88351.17661038593,85611.60524262203,86198.65625,2744038,0.0,0.0
2023-03-03 00:00:00+09:00,86590.02389390035,87274.91673825888,85318.08004009163,85415.921875,2239958,0.0,0.0
2023-03-06 00:00:00+09:00,86002.96433423914,87861.95901268117,85611.5970335145,87764.1171875,2374415,0.0,0.0
2023-03-07 00:00:00+09:00,87764.11741598706,88057.64289229471,86883.54098706412,86981.3828125,1610948,0.0,0.0
2023-03-08 00:00:00+09:00,85807.27164638537,85905.11346126153,84535.32805299539,84926.6953125,2790989,0.0,0.0
2023-03-09 00:00:00+09:00,85415.92054249416,85905.12970940421,83459.08387485397,83752.609375,3315016,0.0,0.0
2023-03-10 00:00:00+09:00,81991.45918367346,82578.51020408163,81306.5663265306,81502.25,3559824,0.0,0.0
2023-03-13 00:00:00+09:00,81404.40391459076,82872.03138901247,80621.66926156584,82480.6640625,2860341,0.0,0.0
2023-03-14 00:00:00+09:00,80817.35405749075,81208.72138948829,79349.7265625,79349.7265625,3359381,0.0,0.0
2023-03-15 00:00:00+09:00,80132.45388550885,80523.82118165298,77099.35734039191,77392.8828125,5357314,0.0,0.0
2023-03-16 00:00:00+09:00,75044.67716574368,78469.14092167722,75044.67716574368,77295.0390625,4804196,0.0,0.0
2023-03-17 00:00:00+09:00,79447.57682291667,82969.8831845238,79349.73497953868,82187.1484375,6239588,0.0,0.0
2023-03-20 00:00:00+09:00,81991.45120221027,83263.39495594385,81208.71658452807,81893.609375,2223378,0.0,0.0
2023-03-21 00:00:00+09:00,82284.97474955143,83263.39299865431,81110.87285062799,81795.765625,1880231,0.0,0.0
2023-03-22 00:00:00+09:00,83361.23583141541,85415.91417937283,81991.45026611046,85024.546875,2667268,0.0,0.0
2023-03-23 00:00:00+09:00,83556.93411016949,86590.03125,83263.40858050848,86590.03125,3091673,0.0,0.0
2023-03-24 00:00:00+09:00,87177.07490335051,88742.54426188431,84828.87086554983,85415.921875,4670908,0.0,0.0
2023-03-27 00:00:00+09:00,85611.60224780702,85905.12774122808,82872.03097587719,83654.765625,3211190,0.0,0.0
2023-03-28 00:00:00+09:00,83459.08288850397,86785.70518417704,83361.24105627829,86492.1796875,3180431,0.0,0.0
2023-03-29 00:00:00+09:00,85513.75600546604,86785.69974467778,84633.17957062715,85024.546875,3070422,0.0,0.0
2023-03-30 00:00:00+09:00,88264.51190350507,88853.59652132602,86104.53497149494,87184.5234375,4264354,300.0,0.0
2023-03-31 00:00:00+09:00,87577.24869497743,87871.79101121615,86006.35634170429,86988.1640625,2676327,0.0,0.0
2023-04-03 00:00:00+09:00,88068.1521018492,88068.1521018492,85024.54818305619,85613.6328125,2502220,0.0,0.0
2023-04-04 00:00:00+09:00,84140.92715421598,84337.28871116864,82177.31158468935,82962.7578125,16808036,0.0,0.0
2023-04-05 00:00:00+09:00,82766.38738364361,84140.9181349734,82570.02584773937,83060.9296875,4380498,0.0,0.0
2023-04-06 00:00:00+09:00,82373.67296576672,83159.11919190036,81195.50362656623,82275.4921875,5379170,0.0,0.0
2023-04-07 00:00:00+09:00,86300.9087226431,87773.62047558922,84435.473835578,87479.078125,10867359,0.0,0.0
2023-04-10 00:00:00+09:00,87086.33784109702,90817.20688051268,86889.97631270673,89049.953125,5387514,0.0,0.0
2023-04-11 00:00:00+09:00,89049.96457992919,90522.67623229847,88264.51836533225,90129.953125,5001836,0.0,0.0
2023-04-12 00:00:00+09:00,90228.13462936046,90326.31540697675,88068.15752180232,88657.2421875,4751001,0.0,0.0
2023-04-13 00:00:00+09:00,87871.78991685457,88657.23608370913,86595.4398957159,87086.34375,4907552,0.0,0.0
2023-04-14 00:00:00+09:00,88460.87586611141,88657.23741076427,86988.16428121501,87675.4296875,2324722,0.0,0.0
2023-04-17 00:00:00+09:00,87380.90395480226,87380.90395480226,86104.55367231638,86890.0,1877825,0.0,0.0
2023-04-18 00:00:00+09:00,87675.43255921804,87675.43255921804,85711.81704837328,86006.359375,1763334,0.0,0.0
2023-04-19 00:00:00+09:00,86399.09155328797,86889.99548256802,85024.56055130385,86595.453125,2024519,0.0,0.0
2023-04-20 00:00:00+09:00,85024.55054518244,86791.80448261117,84631.82744797606,86104.5390625,1746001,0.0,0.0
2023-04-21 00:00:00+09:00,86104.54715558361,88166.3436097082,85613.64323793491,87479.078125,2624982,0.0,0.0
2023-04-24 00:00:00+09:00,86497.25975666572,87184.52515768349,85417.27126935207,85613.6328125,2054455,0.0,0.0
2023-04-25 00:00:00+09:00,85908.17799707603,86202.72032163742,82177.30855263157,83944.5625,4096411,0.0,0.0
2023-04-26 00:00:00+09:00,84828.18449656751,87086.34218571224,84631.82295838102,85809.9921875,3240654,0.0,0.0
2023-04-27 00:00:00+09:00,86300.89651076858,87577.24651604731,84435.46188766892,87184.5234375,2980163,0.0,0.0
2023-04-28 00:00:00+09:00,89148.1469972067,89737.23166899441,87086.35064594971,87871.796875,3737493,0.0,0.0
2023-05-02 00:00:00+09:00,89246.32007864468,89246.32007864468,87282.70467537417,88559.0546875,2427349,0.0,0.0
2023-05-03 00:00:00+09:00,87380.89748051226,88657.24766842985,86988.17434576838,88166.34375,1779615,0.0,0.0
2023-05-04 00:00:00+09:00,87282.70529171365,87969.97068771138,85908.17449971815,87086.34375,1794303,0.0,0.0
2023-05-08 00:00:00+09:00,88068.1514585682,88362.69377113867,86104.5360414318,87086.34375,2615242,0.0,0.0
2023-05-09 00:00:00+09:00,86791.80097365407,86988.16251431845,85122.72787800687,85711.8125,2297473,0.0,0.0
2023-05-10 00:00:00+09:00,85613.64391542002,86104.5478369534,84730.01685665996,85319.1015625,2137658,0.0,0.0
2023-05-11 00:00:00+09:00,85319.10032227694,85711.8234537949,83453.66544756663,84730.015625,2806299,0.0,0.0
2023-05-12 00:00:00+09:00,84730.0058683343,86006.35589879588,84631.82509676032,85613.6328125,2712372,0.0,0.0
2023-05-15 00:00:00+09:00,85417.27213541666,85515.45290798611,83944.560546875,84828.1875,2357794,0.0,0.0
2023-05-16 00:00:00+09:00,87871.78715258573,89049.95636580476,86889.9794749032,88755.4140625,5121364,0.0,0.0
2023-05-17 00:00:00+09:00,90326.32140914038,90326.32140914038,88657.24807875408,90228.140625,3340386,0.0,0.0
2023-05-18 00:00:00+09:00,91111.74919871795,92289.91836939103,90326.3030849359,91897.1953125,3473641,0.0,0.0
2023-05-19 00:00:00+09:00,93271.7328815519,96118.97525372558,93173.55211009763,95529.890625,5062669,0.0,0.0
2023-05-22 00:00:00+09:00,95922.61955034369,97591.69276667516,95333.53488575612,96413.5234375,4248401,0.0,0.0
2023-05-23 00:00:00+09:00,97198.96506320225,97198.96506320225,95235.34960737998,96118.9765625,2472514,0.0,0.0
2023-05-24 00:00:00+09:00,95628.07486246161,96020.79796251279,94548.08633732087,95922.6171875,2097933,0.0,0.0
2023-05-25 00:00:00+09:00,102402.5398852657,102402.5398852657,99260.7553442029,101617.09375,7431586,0.0,0.0
2023-05-26 00:00:00+09:00,105544.3330757784,108489.75632440476,104169.80222641942,107213.40625,10136706,0.0,0.0
2023-05-30 00:00:00+09:00,111140.63298957389,111336.9945319583,107507.94445546238,108293.390625,9058509,0.0,0.0
2023-05-31 00:00:00+09:00,107998.85114525782,108882.47810917358,106526.13953873159,106624.3203125,8166685,0.0,0.0
2023-06-01 00:00:00+09:00,104071.61746373527,108489.75216738442,104071.61746373527,108293.390625,5553560,0.0,0.0
2023-06-02 00:00:00+09:00,108980.65602334542,110649.72913361288,107213.40214188577,108293.390625,3991904,0.0,0.0
2023-06-05 00:00:00+09:00,108097.03081876725,108489.75390984361,106526.13845446183,106722.5,3316020,0.0,0.0
2023-06-07 00:00:00+09:00,106722.49978298611,107311.58441840278,106035.234375,106035.234375,3313460,0.0,0.0
2023-06-08 00:00:00+09:00,105053.43913798998,107704.3203125,104758.89678526664,107704.3203125,4355468,0.0,0.0
2023-06-09 00:00:00+09:00,108293.39006986568,113496.97091637782,106329.77465608752,113300.609375,7950947,0.0,0.0
2023-06-12 00:00:00+09:00,112318.80035932055,113693.3311329486,111926.07728114112,112711.5234375,2637721,0.0,0.0
2023-06-13 00:00:00+09:00,114871.50411872385,117915.10807400628,114871.50411872385,117326.0234375,6232477,0.0,0.0
2023-06-14 00:00:00+09:00,116638.7578125,117522.384765625,115951.49240451389,116638.7578125,3240260,0.0,0.0
2023-06-15 00:00:00+09:00,118013.2943277311,118896.92132352942,115853.31722689077,116835.125,3778592,0.0,0.0
2023-06-16 00:00:00+09:00,115166.04515349034,117620.5644449117,114184.23743692179,116736.9375,4303391,0.0,0.0
2023-06-19 00:00:00+09:00,115853.30806293554,116344.21191065984,111435.17343341681,112711.5234375,4208396,0.0,0.0
2023-06-20 00:00:00+09:00,111926.0788113695,114871.50193798449,111140.63264427218,113987.875,3319570,0.0,0.0
2023-06-21 00:00:00+09:00,114086.05882113379,115362.40887679192,112515.16644493918,113006.0703125,2728146,0.0,0.0
2023-06-22 00:00:00+09:00,112122.43966557017,113791.51276041666,111336.99350328947,111926.078125,2612402,0.0,0.0
2023-06-23 00:00:00+09:00,111926.07463138204,113104.24383802817,110453.36312307439,111533.3515625,2987472,0.0,0.0
2023-06-26 00:00:00+09:00,111042.45658727974,111827.90278772028,109177.02186123349,111435.1796875,3350758,0.0,0.0
2023-06-27 00:00:00+09:00,111926.08904867257,111926.08904867257,108784.30409292036,110944.28125,3602087,0.0,0.0
2023-06-28 00:00:00+09:00,112122.43642005687,113104.2440944882,110747.90567585302,112220.6171875,3178571,0.0,0.0
2023-06-29 00:00:00+09:00,113401.90533562822,115567.56672224613,112712.83125806799,114386.296875,4398301,300.0,0.0
2023-06-30 00:00:00+09:00,112811.2557779948,113697.20804850261,111433.10780164931,113401.890625,2674318,0.0,0.0
2023-07-03 00:00:00+09:00,113500.34476642219,117044.15431680485,113500.34476642219,115764.4453125,3022009,0.0,0.0
2023-07-04 00:00:00+09:00,116355.07526240459,116551.95356234096,115370.68376272265,116059.7578125,1988592,0.0,0.0
2023-07-05 00:00:00+09:00,116256.63243091259,116355.07157776349,114287.8494938946,114878.484375,2483034,0.0,0.0
2023-07-06 00:00:00+09:00,114189.40328427065,114287.84242503294,111334.66820216388,112023.7421875,3465047,0.0,0.0
2023-07-07 00:00:00+09:00,110940.92109235241,111236.23853980322,109464.33385509839,110054.96875,2781723,0.0,0.0
2023-07-10 00:00:00+09:00,110054.9621486854,111137.79272438803,107987.74014052584,108578.375,3163245,0.0,0.0
2023-07-11 00:00:00+09:00,109759.64072145062,111629.984375,109464.32330246913,111629.984375,2209391,0.0,0.0
2023-07-12 00:00:00+09:00,111433.10458188909,113598.765625,111039.34802859619,113598.765625,2228477,0.0,0.0
2023-07-13 00:00:00+09:00,113598.77136283962,115173.79765556529,111826.86678352322,112319.0625,3421492,0.0,0.0
2023-07-14 00:00:00+09:00,113697.20895127118,118323.84862288136,113500.33066737288,116158.1875,5817889,0.0,0.0
2023-07-17 00:00:00+09:00,115075.370040529,116847.27479735494,114189.41766211604,115370.6875,2427281,0.0,0.0
2023-07-18 00:00:00+09:00,115666.00285839346,117142.59012892615,114878.4896474427,115961.3203125,2299880,0.0,0.0
2023-07-19 00:00:00+09:00,116847.26978723405,117241.02638297873,114878.48680851064,115666.0,2580301,0.0,0.0
2023-07-20 00:00:00+09:00,114681.60279886656,115665.99423920017,113401.89392643285,115075.359375,1949776,0.0,0.0
2023-07-21 00:00:00+09:00,112909.69655462641,113303.453125,111433.10941572546,113303.453125,2745384,0.0,0.0
2023-07-24 00:00:00+09:00,112319.05632538378,113106.56942845395,111137.78667077851,112220.6171875,2761991,0.0,0.0
2023-07-25 00:00:00+09:00,112220.61921296296,112417.49749228395,110448.71469907407,111629.984375,2678385,0.0,0.0
2023-07-26 00:00:00+09:00,114189.40071902654,114287.83985757743,109562.76120713496,111236.2265625,4995935,0.0,0.0
2023-07-27 00:00:00+09:00,113205.01606602823,122064.5390625,112319.06376638105,122064.5390625,9638980,0.0,0.0
2023-07-28 00:00:00+09:00,124230.18930664062,126986.48510742188,120095.74560546875,126002.09375,8718746,0.0,0.0
2023-07-31 00:00:00+09:00,126002.10696920584,126494.3026995543,120587.95393537277,121473.90625,4623350,0.0,0.0
2023-08-01 00:00:00+09:00,122064.54436450839,124427.08393285371,118816.05245803358,123147.375,4656047,0.0,0.0
2023-08-02 00:00:00+09:00,121375.46079367155,122852.04790794979,116847.26030988494,117634.7734375,3765478,0.0,0.0
2023-08-03 00:00:00+09:00,117142.57734375,119406.677578125,115370.6728125,118126.96875,3498537,0.0,0.0
2023-08-04 00:00:00+09:00,116453.50943874897,119012.92722861157,116256.63114722107,118225.4140625,2375384,0.0,0.0
2023-08-07 00:00:00+09:00,118717.61140022559,122950.49472544093,118619.17225312757,119997.3203125,3724826,0.0,0.0
2023-08-08 00:00:00+09:00,119997.32799984192,120489.5237668634,116453.5184772871,116748.8359375,2729243,0.0,0.0
2023-08-09 00:00:00+09:00,116650.3984375,117339.47252109704,115370.68942510548,116650.3984375,2551668,0.0,0.0
2023-08-10 00:00:00+09:00,115567.56773470463,116650.3984375,113303.46717431434,116650.3984375,2622604,0.0,0.0
2023-08-11 00:00:00+09:00,116158.18489809193,117536.33285450998,113401.88898525586,113500.328125,2412381,0.0,0.0
2023-08-14 00:00:00+09:00,112811.26068864229,115469.11761586161,112220.62581592689,113106.578125,2038360,0.0,0.0
2023-08-16 00:00:00+09:00,115370.67929620035,116650.38819624353,113205.01808074267,113992.53125,3870479,0.0,0.0
2023-08-17 00:00:00+09:00,112515.93711209713,113697.20679306403,110744.03259064678,113008.1328125,3064253,0.0,0.0
2023-08-18 00:00:00+09:00,110842.48645477815,116847.27479735494,110054.97322952218,115370.6875,3329697,0.0,0.0
2023-08-21 00:00:00+09:00,115469.12423485825,116650.39404800258,113795.65866623711,114583.171875,2621973,0.0,0.0
2023-08-22 00:00:00+09:00,118126.9715665236,119012.92385327253,113106.57527494634,114681.6015625,3349473,0.0,0.0
2023-08-23 00:00:00+09:00,114386.28453663793,114976.91939655172,112319.06252693966,114189.40625,2573292,0.0,0.0
2023-08-24 00:00:00+09:00,120391.06985370141,121670.77869106701,118422.28702698511,119012.921875,6368401,0.0,0.0
2023-08-25 00:00:00+09:00,115567.55384924893,116453.50613599784,113500.33184683476,114681.6015625,3533647,0.0,0.0
2023-08-28 00:00:00+09:00,115173.80722875323,115666.00298614107,113697.21995658973,114090.9765625,1746882,0.0,0.0
2023-08-29 00:00:00+09:00,116453.5184772871,118422.3015453731,115272.2486364355,116748.8359375,2682352,0.0,0.0
2023-08-30 00:00:00+09:00,120489.51821608041,120883.2748115578,117536.34375,117536.34375,2629711,0.0,0.0
2023-08-31 00:00:00+09:00,119111.36962489737,120883.27429700329,118126.97814039409,119898.8828125,4403695,0.0,0.0
2023-09-01 00:00:00+09:00,119505.11671875,120686.38640624999,117733.2121875,118126.96875,2886011,0.0,0.0
2023-09-04 00:00:00+09:00,116453.51638527685,117831.66450817953,114386.29420092281,117339.46875,3491280,0.0,0.0
2023-09-05 00:00:00+09:00,116256.6348146985,119111.37013190956,115862.87821922111,117536.34375,1749591,0.0,0.0
2023-09-06 00:00:00+09:00,116748.81905668358,118126.96700507613,115961.30594331642,116355.0625,1615519,0.0,0.0
2023-09-07 00:00:00+09:00,116355.08097310126,119012.93815268987,115272.2502703059,116650.3984375,2995088,0.0,0.0
2023-09-08 00:00:00+09:00,115173.79638027704,115272.23552248241,111039.3524076517,111925.3046875,4943255,0.0,0.0
2023-09-11 00:00:00+09:00,111925.31522999353,114189.41571397756,111137.802018173,114090.9765625,2542590,0.0,0.0
2023-09-12 00:00:00+09:00,113598.77546593829,115665.99754980719,112122.1882631748,114878.484375,2749688,0.0,0.0
2023-09-13 00:00:00+09:00,116059.76350870253,118816.05984309071,115075.37196070675,116650.3984375,3860589,0.0,0.0
2023-09-14 00:00:00+09:00,116748.82366254092,120292.6328125,116748.82366254092,120292.6328125,3948784,0.0,0.0
2023-09-15 00:00:00+09:00,120981.71135876226,122458.29856004902,119702.00245098039,120489.515625,3579662,0.0,0.0
2023-09-18 00:00:00+09:00,118422.30275735294,120981.72077205882,116945.71544117648,117142.59375,2356621,0.0,0.0
2023-09-19 00:00:00+09:00,117536.34705327182,119406.69093435403,116748.83384018457,117339.46875,1921912,0.0,0.0
2023-09-20 00:00:00+09:00,117044.13977754237,117831.6529131356,114878.47865466101,116158.1875,2228681,0.0,0.0
2023-09-21 00:00:00+09:00,114189.40584763949,115075.3581343884,112319.06213116953,114681.6015625,3151900,0.0,0.0
2023-09-22 00:00:00+09:00,112515.95044757033,115469.125,112417.51129582268,115469.125,2938386,0.0,0.0
2023-09-25 00:00:00+09:00,114090.97404513888,115862.87873263888,113894.09574652778,115173.8046875,2181722,0.0,0.0
2023-09-26 00:00:00+09:00,115469.88322010869,115667.26763586956,111818.2715285326,113496.0390625,3237819,300.0,0.0
2023-09-27 00:00:00+09:00,111522.18572907585,113693.41412380122,110831.34033075414,113199.953125,3060751,0.0,0.0
2023-10-04 00:00:00+09:00,111522.18411503466,115075.10325498266,111522.18411503466,113890.796875,4447702,0.0,0.0
2023-10-05 00:00:00+09:00,121292.72080386856,121292.72080386856,116555.49493032446,118628.03125,6112858,0.0,0.0
2023-10-06 00:00:00+09:00,118628.03745328073,120009.72840531562,117443.73092296511,118825.421875,4158083,0.0,0.0
2023-10-10 00:00:00+09:00,121194.02230648535,122674.40531511506,117937.1796875,117937.1796875,5580659,0.0,0.0
2023-10-11 00:00:00+09:00,121391.42125891359,122279.65117056418,117641.1171875,117641.1171875,4293299,0.0,0.0
2023-10-12 00:00:00+09:00,119516.26039150564,122575.71875,118924.10716082931,122575.71875,4016352,0.0,0.0
2023-10-13 00:00:00+09:00,121490.10440682639,124648.25496817361,120897.95117657378,123069.1796875,3205273,0.0,0.0
2023-10-16 00:00:00+09:00,123069.1766531527,123562.63766619662,120799.25599315068,122477.0234375,3008476,0.0,0.0
2023-10-17 00:00:00+09:00,123365.26442307692,129089.4126923077,121884.88125,128299.875,6411880,0.0,0.0
2023-10-18 00:00:00+09:00,126918.18403846154,128990.72048076923,125536.49307692307,128299.875,4760148,0.0,0.0
2023-10-19 00:00:00+09:00,125931.25345564837,127214.25211938146,123463.94833308473,124056.1015625,5089745,0.0,0.0
2023-10-20 00:00:00+09:00,122674.41060816165,125536.48454833597,121194.02753565769,124549.5625,3868266,0.0,0.0
2023-10-23 00:00:00+09:00,125141.70972782257,125536.47852822581,121884.86712449597,122378.328125,2432303,0.0,0.0
2023-10-24 00:00:00+09:00,123760.02012273265,125339.09533960962,122279.6371069105,125141.7109375,2802010,0.0,0.0
2023-10-25 00:00:00+09:00,125832.5625,127312.9455882353,124450.87161764706,125832.5625,3053002,0.0,0.0
2023-10-26 00:00:00+09:00,120503.1768359375,123167.86624999999,117937.17962239582,118430.640625,5961584,0.0,0.0
2023-10-27 00:00:00+09:00,118233.2673436188,119318.88165144836,115963.346518157,117542.421875,5486088,0.0,0.0
2023-10-30 00:00:00+09:00,117542.421875,120108.41932986985,117147.65303578925,117542.421875,2798497,0.0,0.0
2023-10-31 00:00:00+09:00,118233.2744249785,119318.88879782888,114779.046875,114779.046875,3166739,0.0,0.0
2023-11-01 00:00:00+09:00,116358.12122038653,118726.734375,115469.89128740648,118726.734375,2707225,0.0,0.0
2023-11-02 00:00:00+09:00,122279.64503317038,123760.02814495211,121490.10737355347,123661.3359375,3736208,0.0,0.0
2023-11-03 00:00:00+09:00,124845.6423266097,125536.4877782194,123365.25921601748,124154.796875,2796773,0.0,0.0
2023-11-06 00:00:00+09:00,124154.80143327068,131260.640625,124154.80143327068,131260.640625,6923192,0.0,0.0
2023-11-07 00:00:00+09:00,130273.71597009203,131754.0991061158,127609.02632524923,128694.640625,4940510,0.0,0.0
2023-11-08 00:00:00+09:00,129878.94614518025,130964.56043666732,124944.33572932993,125931.2578125,3328279,0.0,0.0
2023-11-09 00:00:00+09:00,126029.9390258789,128102.47521972656,125043.0170288086,126326.015625,2228081,0.0,0.0
2023-11-10 00:00:00+09:00,126227.32312619731,129089.39691091955,125339.09333093869,128793.3203125,2656526,0.0,0.0
2023-11-13 00:00:00+09:00,131260.63460261762,132346.24887376706,129286.79047325494,130076.328125,2644761,0.0,0.0
2023-11-14 00:00:00+09:00,131754.10240384616,131754.10240384616,128299.875,128299.875,2589591,0.0,0.0
2023-11-15 00:00:00+09:00,132148.86558538405,132444.942207308,130372.40585384042,132346.25,3616292,0.0,0.0
2023-11-16 00:00:00+09:00,131260.62665343916,132642.31746031746,129484.16704459561,130569.78125,2456351,0.0,0.0
2023-11-17 00:00:00+09:00,129780.25503392032,130273.71607967667,127411.64201428983,128201.1796875,2438499,0.0,0.0
2023-11-20 00:00:00+09:00,127609.02611301371,130273.71575342467,127609.02611301371,129681.5625,2004403,0.0,0.0
2023-11-21 00:00:00+09:00,130273.7109375,131556.70960582385,129878.94211647728,130273.7109375,2439306,0.0,0.0
2023-11-22 00:00:00+09:00,127905.09196496573,129878.93597677075,127806.39976437547,129582.859375,2128566,0.0,0.0
2023-11-23 00:00:00+09:00,128892.01569705995,129681.55331235587,127806.40147602806,128398.5546875,1839516,0.0,0.0
2023-11-24 00:00:00+09:00,128892.01281738281,129286.78161621094,126326.015625,126326.015625,1925668,0.0,0.0
2023-11-27 00:00:00+09:00,127510.32015110941,128990.703125,126720.78256503443,128990.703125,2264243,0.0,0.0
2023-11-28 00:00:00+09:00,130372.40796232877,130372.40796232877,128201.17936643836,129681.5625,2562226,0.0,0.0
2023-11-29 00:00:00+09:00,128497.2562068635,129286.79387940951,127214.25748897623,128694.640625,2227853,0.0,0.0
2023-11-30 00:00:00+09:00,128201.17126820389,132148.859375,128201.17126820389,132148.859375,3625365,0.0,0.0
2023-12-01 00:00:00+09:00,130471.09056843891,131260.6281815611,129089.39974547511,130865.859375,3641222,0.0,0.0
2023-12-04 00:00:00+09:00,131655.39720394736,132839.7036255721,129385.4765625,129385.4765625,2680820,0.0,0.0
2023-12-05 00:00:00+09:00,128003.796161388,128299.87279090549,123760.03113830421,124253.4921875,4375531,0.0,0.0
2023-12-06 00:00:00+09:00,125141.72056628185,125832.56602682125,123760.02964520302,123957.4140625,2667583,0.0,0.0
2023-12-07 00:00:00+09:00,123957.4140625,126128.6426527667,122871.79976736664,123957.4140625,2478565,0.0,0.0
2023-12-08 00:00:00+09:00,126424.71573529413,127411.63779411765,125832.5625,125832.5625,2762531,0.0,0.0
2023-12-11 00:00:00+09:00,127016.86559348332,127411.63440651668,125635.17474786656,127214.25,3696790,0.0,0.0
2023-12-12 00:00:00+09:00,128892.01245229009,130175.01104484733,128793.3202528626,129286.78125,3126577,0.0,0.0
2023-12-13 00:00:00+09:00,128299.86542492379,130668.47832507623,128299.86542492379,129484.171875,2852873,0.0,0.0
2023-12-14 00:00:00+09:00,131951.46844138624,136491.309539594,131852.77624359913,134912.234375,8217135,0.0,0.0
2023-12-15 00:00:00+09:00,135208.32745535712,138169.09375,135208.32745535712,138169.09375,5011719,0.0,0.0
2023-12-18 00:00:00+09:00,137182.1716517857,138958.63142857142,137083.47944196427,138169.09375,2540812,0.0,0.0
2023-12-19 00:00:00+09:00,138169.08465991318,138958.62228654124,136293.9327966715,136392.625,2309721,0.0,0.0
2023-12-20 00:00:00+09:00,138070.393649911,138958.62348754448,137478.24042482206,138662.546875,3108011,0.0,0.0
2023-12-21 00:00:00+09:00,137379.54822064057,138761.23907918148,136293.9339746441,138662.546875,2737124,0.0,0.0
2023-12-22 00:00:00+09:00,140833.7864509246,141820.7085704125,138761.25,138761.25,3183709,0.0,0.0
2023-12-26 00:00:00+09:00,140142.9109740951,140142.9109740951,137576.91401259758,139057.296875,2239789,0.0,0.0
2023-12-27 00:00:00+09:00,139255.12678062677,140046.34909188034,137672.68215811966,138859.515625,2336777,300.0,0.0
2023-12-28 00:00:00+09:00,139354.02080388693,140046.3402826855,137969.38184628976,139947.4375,2459473,0.0,0.0
2024-01-02 00:00:00+09:00,138167.18736832865,141233.17363061797,138167.18736832865,140837.5625,2147458,0.0,0.0
2024-01-03 00:00:00+09:00,138463.92086988303,139255.1432748538,135299.03125,135299.03125,3257820,0.0,0.0
2024-01-04 00:00:00+09:00,135299.01741202344,137277.07322214075,134309.9895069648,134903.40625,2661970,0.0,0.0
2024-01-05 00:00:00+09:00,134309.98079545455,135991.328125,134309.98079545455,135991.328125,1846781,0.0,0.0
2024-01-08 00:00:00+09:00,135991.32295496325,136386.93407628677,133914.36456801472,134507.78125,2498302,0.0,0.0
2024-01-09 00:00:00+09:00,137474.88218704512,137969.3961517467,135101.21515647744,135892.4375,3473806,0.0,0.0
2024-01-10 00:00:00+09:00,136189.13574438202,136584.74688670412,130650.57975187266,132035.21875,3769252,0.0,0.0
2024-01-11 00:00:00+09:00,130947.28115808824,135595.7118336397,130947.28115808824,134507.78125,3594909,0.0,0.0
2024-01-12 00:00:00+09:00,134903.4047818792,135793.52988674497,131936.3210989933,132628.640625,1878915,0.0,0.0
2024-01-15 00:00:00+09:00,133320.9601510067,133617.66851929532,132035.22388842283,132628.640625,353911,0.0,0.0
2024-01-16 00:00:00+09:00,131145.0842046745,132233.01476745837,129661.54252815103,130650.5703125,3670169,0.0,0.0
2024-01-17 00:00:00+09:00,132331.92641937023,133024.24591483778,127584.59273616412,129562.6484375,3822702,0.0,0.0
2024-01-18 00:00:00+09:00,130057.16283498531,135299.01046255507,129167.03776615272,134705.59375,3050556,0.0,0.0
2024-01-19 00:00:00+09:00,137178.15277777778,139749.625,135892.41666666666,139749.625,4946040,0.0,0.0
2024-01-22 00:00:00+09:00,143606.8474754558,143804.6530504909,140738.6666374474,141035.375,3784276,0.0,0.0
2024-01-23 00:00:00+09:00,140738.68260609018,141233.19659978693,136782.57065651633,139255.140625,2912611,0.0,0.0
2024-01-24 00:00:00+09:00,138463.89575971733,140145.24306537103,136090.22897526502,139947.4375,2580665,0.0,0.0
2024-01-25 00:00:00+09:00,141134.28552583695,142123.31345524016,135397.92353529838,135892.4375,4708651,0.0,0.0
2024-01-26 00:00:00+09:00,134705.58681066177,137079.25353860293,134507.78125,134507.78125,3247410,0.0,0.0
2024-01-29 00:00:00+09:00,134013.29525462963,135496.83726851852,133518.78125,133518.78125,2311854,0.0,0.0
2024-01-30 00:00:00+09:00,133815.4772073594,136288.04700054784,132925.35208181155,135397.921875,2297631,0.0,0.0
2024-01-31 00:00:00+09:00,133320.9496566444,135101.1997262435,132134.11627691166,133222.046875,2815362,0.0,0.0
2024-02-01 00:00:00+09:00,131639.61115297663,134112.18085908063,130254.9721175584,131244.0,3778274,0.0,0.0
2024-02-02 00:00:00+09:00,130848.38691855078,133815.47052214603,130749.48413176427,133419.859375,3708253,0.0,0.0
2024-02-05 00:00:00+09:00,133419.85518825587,134309.9802414021,130254.9661104025,130848.3828125,3300954,0.0,0.0
2024-02-06 00:00:00+09:00,132233.03911911233,136881.4705615942,130551.69157608696,136485.859375,4672324,0.0,0.0
2024-02-07 00:00:00+09:00,135101.2202219203,136980.37335824277,134013.28945878622,136485.859375,3348045,0.0,0.0
2024-02-08 00:00:00+09:00,137474.88139005602,141430.9930847339,136386.9506740196,141233.1875,5780714,0.0,0.0
2024-02-13 00:00:00+09:00,145189.29816666667,148354.1875,143409.04791666666,148354.1875,6902585,0.0,0.0
2024-02-14 00:00:00+09:00,144694.8014668796,147562.98276731675,143310.16221839274,147068.46875,4396924,0.0,0.0
2024-02-15 00:00:00+09:00,149639.93276737744,151024.57193376427,146376.14044660845,147266.265625,3560211,0.0,0.0
2024-02-16 00:00:00+09:00,148947.58689543596,148947.58689543596,144101.35066842643,145189.28125,3265836,0.0,0.0
2024-02-19 00:00:00+09:00,144595.89466292135,151519.0907138136,144398.08906146727,149639.9375,3997323,0.0,0.0
2024-02-20 00:00:00+09:00,148650.8819769385,149442.1042362968,145881.60406918448,147958.5625,3507601,0.0,0.0
2024-02-21 00:00:00+09:00,145486.01867659396,150530.06147231543,145486.01867659396,147365.171875,4278500,0.0,0.0
2024-02-22 00:00:00+09:00,152804.81908945687,154782.875,150925.6659744409,154782.875,5966352,0.0,0.0
2024-02-23 00:00:00+09:00,165068.76304019516,165068.76304019516,158046.66467239778,159629.109375,7012032,0.0,0.0
2024-02-26 00:00:00+09:00,156662.0237948084,162991.8025339926,156662.0237948084,160024.71875,4329477,0.0,0.0
2024-02-27 00:00:00+09:00,157255.4292303316,158244.45708712612,151617.97044660273,152112.484375,6107954,0.0,0.0
2024-02-28 00:00:00+09:00,152804.79336431963,157453.22397151898,152112.47391218354,156266.390625,3666960,0.0,0.0
2024-02-29 00:00:00+09:00,153200.4199943982,156662.0176056338,152804.8088388284,154486.15625,3386307,0.0,0.0
2024-03-04 00:00:00+09:00,159233.47222222222,166255.56944444444,158936.76388888888,164673.125,5230909,0.0,0.0
2024-03-05 00:00:00+09:00,163288.52414430035,167145.7333760555,162299.496136158,163980.84375,3612530,0.0,0.0
2024-03-06 00:00:00+09:00,162299.47407343463,163684.11309660834,160914.83505026088,161112.640625,2672526,0.0,0.0
2024-03-07 00:00:00+09:00,162695.0919591419,164079.73103964524,159233.49425788358,163090.703125,3052700,0.0,0.0
2024-03-08 00:00:00+09:00,167936.91666666666,172980.9583333333,167442.40277777778,170013.875,5089650,0.0,0.0
2024-03-11 00:00:00+09:00,163189.60224714887,167046.81102753602,162892.89387942676,164772.046875,3450905,0.0,0.0
2024-03-12 00:00:00+09:00,164277.53303221182,165365.46371454434,162200.57445684972,163881.921875,3102706,0.0,0.0
2024-03-13 00:00:00+09:00,166750.10838172372,167838.03910070294,160222.5240678484,161804.96875,5072935,0.0,0.0
2024-03-14 00:00:00+09:00,161804.97251389746,162398.38928350835,159332.40264051885,160123.625,3655060,0.0,0.0
2024-03-15 00:00:00+09:00,157848.85224100496,161112.64429861974,156859.82434475806,159431.296875,4099531,0.0,0.0
2024-03-18 00:00:00+09:00,159431.29481132075,162695.086826689,159233.48923463176,162497.28125,2696598,0.0,0.0
2024-03-19 00:00:00+09:00,159925.80743796818,160024.71022549938,155870.7931491885,158442.265625,4159293,0.0,0.0
2024-03-20 00:00:00+09:00,158442.27843450478,159629.11198083067,152409.20790734823,154782.875,5692523,0.0,0.0
2024-03-21 00:00:00+09:00,163387.41588235294,169519.38911764708,160815.94323529414,168134.75,9205769,0.0,0.0
2024-03-22 00:00:00+09:00,167145.71517962308,171991.95189193168,165563.27053886926,167936.9375,5400916,0.0,0.0
2024-03-25 00:00:00+09:00,168629.25882711037,172882.078844451,166651.2030050915,167541.328125,3434516,0.0,0.0
2024-03-26 00:00:00+09:00,170112.79975934315,177530.50905117497,170013.89696878538,174662.328125,6549669,0.0,0.0
2024-03-27 00:00:00+09:00,174761.21849130795,180992.09385347684,173673.28787251655,179211.84375,5774536,0.0,0.0
2024-03-28 00:00:00+09:00,176338.92887205386,180400.66824494948,176338.92887205386,176537.0625,3424716,300.0,0.0
2024-03-29 00:00:00+09:00,177527.71147540983,182183.85122950817,175942.6426229508,181292.25,3035080,0.0,0.0
2024-04-01 00:00:00+09:00,184660.53881401618,188722.27813342318,183273.6034366577,183768.9375,2723474,0.0,0.0
2024-04-02 00:00:00+09:00,186245.60453569514,188226.94075415996,182679.19934245842,184561.46875,4207759,0.0,0.0
2024-04-03 00:00:00+09:00,180301.58935546875,181985.7250802176,176537.0506766183,177527.71875,5416518,0.0,0.0
2024-04-04 00:00:00+09:00,182679.1887632979,186740.92777593085,182282.9215425532,186245.59375,5344102,0.0,0.0
2024-04-05 00:00:00+09:00,183075.44536378555,185849.31574808533,180103.44138060723,181094.109375,4043133,0.0,0.0
2024-04-08 00:00:00+09:00,182183.850553601,182183.850553601,178320.24524006623,179509.046875,3278855,0.0,0.0
2024-04-09 00:00:00+09:00,180598.78666621103,183570.7908351558,180004.3858324221,181193.1875,2302751,0.0,0.0
2024-04-11 00:00:00+09:00,181193.18513634554,186641.859375,180697.85111464967,186641.859375,4098231,0.0,0.0
2024-04-12 00:00:00+09:00,186939.07166322038,189613.87555029348,185254.93588247066,185651.203125,3097301,0.0,0.0
2024-04-15 00:00:00+09:00,183669.8637254251,186641.8679928268,181292.26031150372,186443.734375,2672047,0.0,0.0
2024-04-16 00:00:00+09:00,182679.1971663875,183768.93207356226,176636.12177205473,177428.65625,4956035,0.0,0.0
2024-04-17 00:00:00+09:00,177923.97621712368,180796.91347229996,176041.70698097371,177032.375,4340591,0.0,0.0
2024-04-18 00:00:00+09:00,174357.58776741635,181589.46498731486,173763.18690002742,180598.796875,4170243,0.0,0.0
2024-04-19 00:00:00+09:00,175546.38682919793,176834.25535559724,167918.2424805251,171682.78125,7545976,0.0,0.0
2024-04-22 00:00:00+09:00,169107.03936298075,170791.1750801282,165441.5675080128,169998.640625,5882906,0.0,0.0
2024-04-23 00:00:00+09:00,170989.31900584797,172079.05394736843,168116.38143274855,169404.25,3975371,0.0,0.0
2024-04-24 00:00:00+09:00,177230.52370689655,178518.3922413793,174654.786637931,178122.125,4254632,0.0,0.0
2024-04-25 00:00:00+09:00,172178.10649912074,175051.04383426142,169007.96875,169007.96875,5332149,0.0,0.0
2024-04-26 00:00:00+09:00,174555.7123523622,176636.11528051182,173267.8438730315,176140.78125,5471765,0.0,0.0
2024-04-29 00:00:00+09:00,177428.65348742183,178716.5219940307,173961.31520039795,174258.515625,2892809,0.0,0.0
2024-04-30 00:00:00+09:00,174258.52646921642,177329.59771455225,172178.1233675373,172574.390625,3655060,0.0,0.0
2024-05-02 00:00:00+09:00,167422.9110563076,173069.71929903515,167422.9110563076,171979.984375,3168250,0.0,0.0
2024-05-03 00:00:00+09:00,175348.24164621826,175843.575662168,171583.703125,171583.703125,2336256,0.0,0.0
2024-05-07 00:00:00+09:00,177725.86636971048,179211.86859688198,177626.79955456572,177924.0,4349589,0.0,0.0
2024-05-08 00:00:00+09:00,175942.65463483147,177725.8572155899,174357.5856741573,176338.921875,2304744,0.0,0.0
2024-05-09 00:00:00+09:00,177329.59271664766,177725.85996294185,173763.1875,173763.1875,2861600,0.0,0.0
2024-05-10 00:00:00+09:00,174852.91602973876,178419.32111589774,174753.8492217899,178221.1875,2813668,0.0,0.0
2024-05-13 00:00:00+09:00,178320.2580930359,182282.93049510338,177329.58999251903,182084.796875,3230023,0.0,0.0
2024-05-14 00:00:00+09:00,182481.06197719913,184066.13091945494,180103.45856381542,183570.796875,2763069,0.0,0.0
2024-05-16 00:00:00+09:00,189316.6836382772,192189.62127590674,189316.6836382772,191198.953125,5083178,0.0,0.0
2024-05-17 00:00:00+09:00,190208.27804107426,191694.28021327013,188127.875,188127.875,2841394,0.0,0.0
2024-05-20 00:00:00+09:00,190505.4697527617,191397.07101525512,186839.9978958443,188326.0,3592128,0.0,0.0
2024-05-21 00:00:00+09:00,191595.2008951823,191694.2677001953,189415.73118489582,190208.265625,2468109,0.0,0.0
2024-05-22 00:00:00+09:00,190109.20329887458,195855.078125,189118.53522540466,195855.078125,3949439,0.0,0.0
2024-05-23 00:00:00+09:00,201600.9475390625,202096.2815625,196350.406890625,198133.609375,4681849,0.0,0.0
2024-05-24 00:00:00+09:00,197935.47351774923,200610.27721393504,195656.93703581317,196746.671875,3793872,0.0,0.0
2024-05-27 00:00:00+09:00,201600.96122828784,207049.6358560794,197242.0215260546,199619.625,4774882,0.0,0.0
2024-05-28 00:00:00+09:00,200610.28125,203582.28541666668,198628.9451388889,200610.28125,2084945,0.0,0.0
2024-05-29 00:00:00+09:00,208040.2916666667,208040.2916666667,198628.9451388889,200610.28125,3073139,0.0,0.0
2024-05-30 00:00:00+09:00,200610.2931783342,200610.2931783342,193873.75,193873.75,2402236,0.0,0.0
2024-05-31 00:00:00+09:00,192585.86436310783,193378.39878435517,186443.7225984408,187434.390625,5958829,0.0,0.0
2024-06-03 00:00:00+09:00,187731.59456262874,192784.00159307415,186443.72610388775,192387.734375,2982443,0.0,0.0
2024-06-04 00:00:00+09:00,194567.21168520435,194666.27849359805,191099.87339142524,191496.140625,1996780,0.0,0.0
2024-06-05 00:00:00+09:00,187632.5335247806,193378.40836344863,187038.13267940114,191892.40625,2709631,0.0,0.0
2024-06-07 00:00:00+09:00,197638.29544427712,205563.640625,195458.82551957833,205563.640625,4805326,0.0,0.0
2024-06-10 00:00:00+09:00,204077.61703725962,207544.9551908053,203086.94899338944,206058.953125,2448961,0.0,0.0
2024-06-11 00:00:00+09:00,208040.29852941175,212993.63897058822,204077.62617647057,210516.96875,3070163,0.0,0.0
2024-06-12 00:00:00+09:00,210021.6363372093,213984.30872093022,209030.96824127907,212993.640625,2151331,0.0,0.0
2024-06-13 00:00:00+09:00,223890.9847972973,224386.31883445947,216956.30827702704,219928.3125,5777279,0.0,0.0
2024-06-14 00:00:00+09:00,222900.3287613122,222900.3287613122,213984.31561085972,218937.65625,3311223,0.0,0.0
2024-06-17 00:00:00+09:00,216956.31200952915,227358.32696889015,216956.31200952915,220918.984375,2198340,0.0,0.0
2024-06-18 00:00:00+09:00,224881.66104744136,232311.671875,224881.66104744136,232311.671875,3136231,0.0,0.0
2024-06-19 00:00:00+09:00,232806.98641595288,240732.3306343683,229339.64832039614,231320.984375,3758652,0.0,0.0
2024-06-20 00:00:00+09:00,231320.99950657896,236274.33996710528,228844.3292763158,235283.671875,2927358,0.0,0.0
2024-06-21 00:00:00+09:00,228348.9898838141,232311.66215945513,227853.65584935897,231816.328125,3848394,0.0,0.0
2024-06-24 00:00:00+09:00,225872.32483183857,227853.661014574,217946.98010089688,220918.984375,5080726,0.0,0.0
2024-06-25 00:00:00+09:00,213488.96597222224,222900.3125,212993.63194444447,222900.3125,5730999,0.0,0.0
2024-06-26 00:00:00+09:00,225872.33069620252,236274.34592563292,225376.99663765822,234788.34375,5166862,0.0,0.0
2024-06-27 00:00:00+09:00,227646.48728197676,237069.76235465117,225662.63989825582,234589.953125,3763005,300.0,0.0
2024-06-28 00:00:00+09:00,233598.02943313954,235581.87681686046,230622.25835755814,234589.953125,2368287,0.0,0.0
2024-07-01 00:00:00+09:00,231614.18385084925,234589.95494957536,230126.29830148618,233598.03125,1709955,0.0,0.0
2024-07-02 00:00:00+09:00,233598.01394127155,235085.89938038794,228638.39581088364,230126.28125,2343947,0.0,0.0
2024-07-03 00:00:00+09:00,229134.36606197036,234093.984375,223182.82408633476,234093.984375,3315677,0.0,0.0
2024-07-04 00:00:00+09:00,238557.65207201085,238557.65207201085,223182.83457880435,228142.453125,7599882,0.0,0.0
2024-07-05 00:00:00+09:00,226654.5569054555,235581.8698689089,225662.63324284958,234093.984375,4041293,0.0,0.0
2024-07-08 00:00:00+09:00,232110.13369914348,235085.90464400427,230622.24822671307,231614.171875,2309023,0.0,0.0
2024-07-09 00:00:00+09:00,233598.02584512578,239053.60606656183,231118.21665356393,236573.796875,4810781,0.0,0.0
2024-07-10 00:00:00+09:00,235581.86453974896,237069.75,232110.13179916318,237069.75,2579373,0.0,0.0
2024-07-11 00:00:00+09:00,240541.49491052906,246493.03705264523,239053.609375,239053.609375,5336097,0.0,0.0
2024-07-12 00:00:00+09:00,230126.2950643777,234093.98980686694,228142.44769313306,231118.21875,4972976,0.0,0.0
2024-07-15 00:00:00+09:00,233102.07167119565,233598.0335258152,224670.72014266305,228142.453125,3301380,0.0,0.0
2024-07-16 00:00:00+09:00,224670.71479345494,233102.06612124463,222190.90557939914,231118.21875,3982189,0.0,0.0
2024-07-17 00:00:00+09:00,227646.48501275512,228142.4468537415,218719.171875,218719.171875,6051510,0.0,0.0
2024-07-18 00:00:00+09:00,210783.78125,213263.59044117646,207312.04838235295,210783.78125,8847665,0.0,0.0
2024-07-19 00:00:00+09:00,206816.07637231503,212271.65632458235,205328.1909307876,207808.0,4519170,0.0,0.0
2024-07-22 00:00:00+09:00,207312.05419207318,207808.01604420732,198880.70270579268,203344.359375,6662441,0.0,0.0
2024-07-23 00:00:00+09:00,206816.09233993903,207808.01604420732,198880.70270579268,203344.359375,5976519,0.0,0.0
2024-07-24 00:00:00+09:00,200368.58962829737,210783.7885941247,198384.742206235,206816.09375,4838734,0.0,0.0
2024-07-25 00:00:00+09:00,194615.42684210525,197194.42842105264,187473.57631578948,188465.5,12503762,0.0,0.0
2024-07-26 00:00:00+09:00,189259.04503388947,192929.16278349844,184597.00356816995,190250.96875,8769107,0.0,0.0
2024-07-29 00:00:00+09:00,193425.1270130368,194119.47362282718,190647.74057387526,194020.28125,4017366,0.0,0.0
2024-07-30 00:00:00+09:00,189755.00755194548,190647.73889955002,184993.77369805452,187374.390625,5165131,0.0,0.0
2024-07-31 00:00:00+09:00,186481.64761048305,193425.11321300102,183704.26136947586,193028.34375,6439929,0.0,0.0
2024-08-01 00:00:00+09:00,199872.61777353854,199872.61777353854,191738.84375,191738.84375,6457167,0.0,0.0
2024-08-02 00:00:00+09:00,182117.17757650116,182513.9470265589,171007.63297488453,171801.171875,13050139,0.0,0.0
2024-08-05 00:00:00+09:00,166643.17264573992,169817.32831518256,150375.62483984625,154839.28125,12358821,0.0,0.0
2024-08-06 00:00:00+09:00,163766.59940058034,165056.10018326205,160195.6741562309,162377.90625,10717321,0.0,0.0
2024-08-07 00:00:00+09:00,159600.51331770525,169618.9420592144,156128.7805854991,167932.671875,9732037,0.0,0.0
2024-08-08 00:00:00+09:00,161286.7891868115,166841.56175413096,159898.09604498165,162080.328125,5370361,0.0,0.0
2024-08-09 00:00:00+09:00,171404.42274052478,171404.42274052478,167436.7277696793,170114.921875,5141277,0.0,0.0
2024-08-12 00:00:00+09:00,173090.6906779661,178347.88644067795,171206.03559322032,175570.5,4413736,0.0,0.0
2024-08-13 00:00:00+09:00,178447.0744657092,180926.8837273227,177355.95839059923,180430.921875,4234287,0.0,0.0
2024-08-14 00:00:00+09:00,186481.6413363685,186580.83369878147,183208.29337674077,185192.140625,4420516,0.0,0.0
2024-08-16 00:00:00+09:00,194417.0540185278,198384.74899849773,193127.55315003754,198087.171875,6959688,0.0,0.0
2024-08-19 00:00:00+09:00,198285.54203197526,198285.54203197526,190846.1144920062,192334.0,3977026,0.0,0.0
2024-08-20 00:00:00+09:00,197095.2481300075,200864.55836097896,196500.093883012,198087.171875,4258190,0.0,0.0
2024-08-21 00:00:00+09:00,191441.26947040498,193821.88629283488,189556.6144859813,191044.5,4508983,0.0,0.0
2024-08-22 00:00:00+09:00,190449.34065934067,192829.95741758242,187473.56971153847,189556.609375,3166217,0.0,0.0
2024-08-23 00:00:00+09:00,184497.8055929919,187771.15375673855,183902.65138140164,184001.84375,4371332,0.0,0.0
2024-08-26 00:00:00+09:00,186283.27449888643,186977.6211024499,178149.5,178149.5,4913204,0.0,0.0
2024-08-27 00:00:00+09:00,175372.10321428571,178744.6436607143,171999.56276785713,173586.640625,5796566,0.0,0.0
2024-08-28 00:00:00+09:00,173586.649905884,179339.80744562187,172594.7261921361,177851.921875,5590086,0.0,0.0
2024-08-29 00:00:00+09:00,166246.41333971714,170313.30053955512,165849.64385680613,168329.453125,8284585,0.0,0.0
2024-08-30 00:00:00+09:00,169618.9467292746,174082.60322215027,168031.86886514106,172297.140625,4498221,0.0,0.0
2024-09-02 00:00:00+09:00,172197.9492816092,173487.45005387932,167039.94619252873,172594.71875,3507670,0.0,0.0
2024-09-03 00:00:00+09:00,171503.59878193703,172396.33006535948,166940.75,166940.75,3286574,0.0,0.0
2024-09-04 00:00:00+09:00,151665.126312177,157715.8605862403,151665.126312177,153549.78125,10020391,0.0,0.0
2024-09-05 00:00:00+09:00,155732.02370216436,161683.56600925344,155335.25421502508,158112.640625,5349484,0.0,0.0
2024-09-06 00:00:00+09:00,155831.205932305,156922.32195092711,153648.97389506074,155136.859375,3459914,0.0,0.0
2024-09-09 00:00:00+09:00,150574.02766719746,156426.3778861465,149284.5267714968,155732.03125,4484162,0.0,0.0
2024-09-10 00:00:00+09:00,156128.7957194534,160394.06777532154,153053.83214429262,154244.140625,4718523,0.0,0.0
2024-09-11 00:00:00+09:00,155533.6211832061,157418.2760317271,153053.81217199427,155930.390625,3203928,0.0,0.0
2024-09-12 00:00:00+09:00,163865.79346860189,169916.52797319312,162477.10030361373,167436.71875,8628996,0.0,0.0
2024-09-13 00:00:00+09:00,165155.28941761365,165353.6741496468,159798.90165271805,161485.171875,5246578,0.0,0.0
2024-09-19 00:00:00+09:00,153450.5924820026,154442.51615674084,143531.35573462042,151565.9375,15001257,0.0,0.0
2024-09-20 00:00:00+09:00,159203.74348543922,159501.3205760662,154640.89476249204,155831.203125,7155655,0.0,0.0
2024-09-23 00:00:00+09:00,154541.71363811727,161584.37196180556,154442.52126736112,160691.640625,4497592,0.0,0.0
2024-09-24 00:00:00+09:00,162377.91599770644,162377.91599770644,157914.25917431194,162179.53125,3442530,0.0,0.0
2024-09-25 00:00:00+09:00,165353.67752760134,167932.6790967181,163667.40727087113,163964.984375,4665075,0.0,0.0
2024-09-26 00:00:00+09:00,176959.19071310115,179439.0,174776.95854063018,179439.0,9519633,0.0,0.0
2024-09-27 00:00:00+09:00,186294.6360259113,188083.06453176006,182618.421875,182618.421875,6886272,300.0,0.0
2024-09-30 00:00:00+09:00,182519.06203465062,182618.41917239403,173477.5625,173477.5625,4859468,0.0,0.0
2024-10-02 00:00:00+09:00,171589.77887529568,174371.77876441454,168012.921875,168012.921875,4720638,0.0,0.0
2024-10-04 00:00:00+09:00,170596.20988296956,174471.13835439403,169602.63848004022,172980.78125,3633358,0.0,0.0
2024-10-07 00:00:00+09:00,177253.14501081666,183711.359375,174868.57355327206,183711.359375,3904925,0.0,0.0
2024-10-08 00:00:00+09:00,181028.7028616573,183810.70268609552,176855.703125,176855.703125,3988028,0.0,0.0
2024-10-10 00:00:00+09:00,183313.92415974825,186890.78121652384,182220.99561462237,185499.78125,6325045,0.0,0.0
2024-10-11 00:00:00+09:00,188778.56686827957,189970.85255376343,183910.0669858871,184804.28125,3475666,0.0,0.0
2024-10-14 00:00:00+09:00,185698.4955141129,191063.78109879032,185698.4955141129,184804.28125,3309274,0.0,0.0
2024-10-15 00:00:00+09:00,190666.35048114308,191957.99329315708,188480.49341465786,191659.921875,4060365,0.0,0.0
2024-10-16 00:00:00+09:00,183512.63630266296,191262.4931687202,182419.70777027027,187486.921875,4787317,0.0,0.0
2024-10-17 00:00:00+09:00,189970.85714285713,194740.0,187486.92857142858,194740.0,3996946,0.0,0.0
2024-10-18 00:00:00+09:00,196925.85005672718,196925.85005672718,185002.9933428991,186095.921875,5509895,0.0,0.0
2024-10-21 00:00:00+09:00,188182.42414222105,191063.78121726034,186791.4241749607,189672.78125,2428544,0.0,0.0
2024-10-22 00:00:00+09:00,194044.4883935703,194044.4883935703,186294.6317142572,186592.703125,3466963,0.0,0.0
2024-10-23 00:00:00+09:00,187288.2142857143,195435.5,186791.42857142858,194740.0,4366079,0.0,0.0
2024-10-24 00:00:00+09:00,192256.07360778254,200701.4308463673,188778.57356836527,196925.859375,6344515,0.0,0.0
2024-10-25 00:00:00+09:00,201694.9864738806,204675.70055970148,198118.12957089551,199707.84375,5530362,0.0,0.0
2024-10-28 00:00:00+09:00,202191.7857142857,203682.14285714284,192951.57142857142,194740.0,4114186,0.0,0.0
2024-10-29 00:00:00+09:00,194739.9977009984,195733.56911784026,187884.3549247898,189076.640625,4067991,0.0,0.0
2024-10-30 00:00:00+09:00,188977.27918269232,194143.8504326923,188182.4220673077,193746.421875,3580400,0.0,0.0
2024-10-31 00:00:00+09:00,188679.21656099035,191659.93088264894,184903.64508688942,185102.359375,4573282,0.0,0.0
2024-11-01 00:00:00+09:00,181326.77453519485,183711.34581675357,179339.63180056258,181028.703125,3478519,0.0,0.0
2024-11-04 00:00:00+09:00,184009.43070231957,192752.859375,182519.0735422036,192752.859375,3569575,0.0,0.0
2024-11-05 00:00:00+09:00,192355.42857142858,197522.0,190865.07142857142,191958.0,3560310,0.0,0.0
2024-11-06 00:00:00+09:00,196429.06692096527,197919.42402962205,191461.2098921093,194541.28125,3460361,0.0,0.0
2024-11-07 00:00:00+09:00,196130.99549923392,197025.20976442797,191858.63845441776,194541.28125,2976546,0.0,0.0
2024-11-08 00:00:00+09:00,199211.0625,201694.99096009973,197521.99114713215,199211.0625,3031573,0.0,0.0
2024-11-11 00:00:00+09:00,198018.78802407839,198018.78802407839,191163.1450869678,191361.859375,2636191,0.0,0.0
2024-11-12 00:00:00+09:00,191262.49074946178,191262.49074946178,183711.348257535,184605.5625,3920254,0.0,0.0
2024-11-13 00:00:00+09:00,184506.2029541416,188281.77415083378,181426.13171473483,181724.203125,3172827,0.0,0.0
2024-11-14 00:00:00+09:00,181724.2166455925,183711.35952854046,170596.2165010838,171887.859375,6309368,0.0,0.0
2024-11-15 00:00:00+09:00,172881.42203282827,177849.27898779462,172483.99347643097,177054.421875,4330750,0.0,0.0
2024-11-18 00:00:00+09:00,172682.70298849736,176656.9884427781,169205.20321600174,170596.203125,3885644,0.0,0.0
2024-11-19 00:00:00+09:00,169304.56696951934,171788.49547552757,167019.3527439918,169503.28125,4075013,0.0,0.0
2024-11-20 00:00:00+09:00,173874.99542057444,173974.3525608148,169105.8526890387,169503.28125,3689296,0.0,0.0
2024-11-21 00:00:00+09:00,167118.716509923,171887.8594305391,167118.716509923,167714.859375,3821502,0.0,0.0
2024-11-22 00:00:00+09:00,170596.2056097906,177054.4195670628,170099.41992076967,175564.0625,3919973,0.0,0.0
2024-11-25 00:00:00+09:00,173378.21208509887,178346.06916490113,172782.0692355226,175862.140625,4393882,0.0,0.0
2024-11-26 00:00:00+09:00,174073.7142857143,176557.64285714284,173576.92857142858,175961.5,1996128,0.0,0.0
2024-11-27 00:00:00+09:00,174471.1335412953,174570.4906788473,166820.63394979204,167218.0625,4756820,0.0,0.0
2024-11-28 00:00:00+09:00,163541.85942349472,165230.93087562075,159766.28794227188,160064.359375,5691298,0.0,0.0
2024-11-29 00:00:00+09:00,158971.4196372733,161355.9909318324,156586.8483427142,158872.0625,4682788,0.0,0.0
2024-12-02 00:00:00+09:00,161157.28343435138,161654.06914160892,157580.42634209697,157779.140625,3558868,0.0,0.0
2024-12-03 00:00:00+09:00,158176.5649636143,164038.63615259246,158077.20782481806,163839.921875,4180365,0.0,0.0
2024-12-04 00:00:00+09:00,160263.07142857142,166920.0,160064.35714285713,166920.0,5701792,0.0,0.0
2024-12-05 00:00:00+09:00,168907.14505057805,174471.1451228324,168211.64504154626,171887.859375,4671438,0.0,0.0
2024-12-06 00:00:00+09:00,172384.63822187315,172483.99536205866,163939.28130610412,166025.78125,4434259,0.0,0.0
2024-12-09 00:00:00+09:00,166025.7746725133,169503.27444123742,163939.27481127885,167814.203125,5305672,0.0,0.0
2024-12-10 00:00:00+09:00,166919.9911971831,169304.5625,166522.56264671363,169304.5625,3159112,0.0,0.0
2024-12-11 00:00:00+09:00,166323.84844295692,170695.5625,165926.41989231666,170695.5625,2281189,0.0,0.0
2024-12-12 00:00:00+09:00,175365.35043121804,176259.56468270867,172384.63625958262,174967.921875,4550292,0.0,0.0
2024-12-13 00:00:00+09:00,173278.85270655272,175265.99551282052,172384.6384437322,174371.78125,3677980,0.0,0.0
2024-12-16 00:00:00+09:00,176259.5736370608,179240.2879601227,176160.21649295872,178147.359375,3278975,0.0,0.0
2024-12-17 00:00:00+09:00,181823.56920855978,183313.92633322012,180929.3549337636,182817.140625,3188910,0.0,0.0
2024-12-18 00:00:00+09:00,182221.00223092642,182717.78795129427,180432.57363760218,182320.359375,2363872,0.0,0.0
2024-12-19 00:00:00+09:00,172782.07142857142,175663.42857142858,171887.85714285713,173875.0,4833862,0.0,0.0
2024-12-20 00:00:00+09:00,172980.78110163205,173676.28108308604,166025.781287092,167416.78125,4487308,0.0,0.0
2024-12-23 00:00:00+09:00,168907.13167010614,172185.91716723173,168509.703125,168509.703125,3287596,0.0,0.0
2024-12-24 00:00:00+09:00,170596.20973664688,170794.92401706232,167218.06696958456,167416.78125,1844961,0.0,0.0
2024-12-26 00:00:00+09:00,168907.14285714284,170894.2857142857,168311.0,169006.5,2022727,0.0,0.0
2024-12-27 00:00:00+09:00,169006.489120702,174868.56017191976,168907.1319842407,173378.203125,2643523,0.0,0.0
2024-12-30 00:00:00+09:00,172881.41963772284,174669.84811673374,171291.70543415757,172782.0625,1434202,0.0,0.0
2025-01-02 00:00:00+09:00,169403.92190238024,171092.99326445677,168907.13620765187,170099.421875,2102175,0.0,0.0
2025-01-03 00:00:00+09:00,173378.21214437878,181525.49775804012,171987.21216155853,180730.640625,4233446,0.0,0.0
2025-01-06 00:00:00+09:00,183214.5631881882,198515.5625,183214.5631881882,198515.5625,7320382,0.0,0.0
2025-01-07 00:00:00+09:00,203682.1358173077,205172.49290865383,193547.70759615384,193746.421875,6075445,0.0,0.0
2025-01-08 00:00:00+09:00,191858.64507094247,196826.50227112224,189772.14504686696,193448.359375,4275792,0.0,0.0
2025-01-09 00:00:00+09:00,199707.8549542683,204675.71204268292,198515.56925304877,203682.140625,6692254,0.0,0.0
2025-01-10 00:00:00+09:00,206662.8525798526,211133.92390970516,201198.2098433661,202191.78125,6149475,0.0,0.0
2025-01-13 00:00:00+09:00,201694.99300373136,201694.99300373136,192653.49331735718,193050.921875,4767294,0.0,0.0
2025-01-14 00:00:00+09:00,193050.92189903845,196627.77891826924,192355.42192307694,193746.421875,3019149,0.0,0.0
2025-01-15 00:00:00+09:00,196727.1450870333,199707.8594065338,196429.07365508325,196925.859375,3620460,0.0,0.0
2025-01-16 00:00:00+09:00,207159.64285714284,208650.0,205172.5,208650.0,6029645,0.0,0.0
2025-01-17 00:00:00+09:00,208153.20556526806,216101.77666083915,207656.41987179487,213121.0625,5041329,0.0,0.0
2025-01-20 00:00:00+09:00,217592.14055129717,217592.14055129717,209146.78349793633,210637.140625,3036234,0.0,0.0
2025-01-21 00:00:00+09:00,215108.20541857797,218585.70527522935,212624.2769495413,216598.5625,3323212,0.0,0.0
2025-01-22 00:00:00+09:00,220076.05827328158,225540.7008037694,215604.9871119734,224050.34375,5901740,0.0,0.0
2025-01-23 00:00:00+09:00,219579.2789720957,224050.3502633827,213617.850583713,218088.921875,5994781,0.0,0.0
2025-01-24 00:00:00+09:00,219082.49554581448,225540.70970022626,216101.78132070135,219579.28125,3771572,0.0,0.0
2025-01-31 00:00:00+09:00,195733.5648060994,203185.35026826055,193547.7077371988,197919.421875,11871995,0.0,0.0
2025-02-03 00:00:00+09:00,190268.92409311156,191957.9954819277,185698.49562925615,189672.78125,7926444,0.0,0.0
2025-02-04 00:00:00+09:00,191659.92857142858,193050.92857142858,188877.92857142858,189871.5,5851146,0.0,0.0
2025-02-05 00:00:00+09:00,190666.35714285713,198118.14285714284,190666.35714285713,197522.0,4245118,0.0,0.0
2025-02-06 00:00:00+09:00,200701.42414004914,203682.13835995086,199211.0670300983,202191.78125,4032622,0.0,0.0
2025-02-07 00:00:00+09:00,203682.14285714284,204675.7142857143,199211.07142857142,201695.0,2206293,0.0,0.0
2025-02-10 00:00:00+09:00,196528.42857142858,201695.0,195733.57142857142,196826.5,2779740,0.0,0.0
2025-02-11 00:00:00+09:00,199707.84590948923,200204.63159583125,196727.13179143716,198416.203125,2488710,0.0,0.0
2025-02-12 00:00:00+09:00,195236.78791949473,198614.9308147939,194740.0021995978,197621.359375,2884072,0.0,0.0
2025-02-13 00:00:00+09:00,197521.99787170265,207159.640625,196826.49787919666,207159.640625,3574410,0.0,0.0
2025-02-14 00:00:00+09:00,207656.42857142858,210637.14285714284,205172.5,208650.0,2598656,0.0,0.0
2025-02-17 00:00:00+09:00,210140.35491597877,214611.42629716982,209643.56920695756,210637.140625,2497922,0.0,0.0
2025-02-18 00:00:00+09:00,210637.14285714284,213617.85714285713,205669.2857142857,208650.0,1937894,0.0,0.0
2025-02-19 00:00:00+09:00,214611.41533180777,218088.9151172769,212624.27259725402,217095.34375,3537720,0.0,0.0
