Datetime,Open,High,Low,Close,Volume,Dividends,Stock Splits
2025-02-13 13:21:00+09:00,203000.0,203500.0,203000.0,203000.0,0,0.0,0.0
2025-02-13 13:22:00+09:00,203000.0,203500.0,203000.0,203000.0,2287,0.0,0.0
2025-02-13 13:23:00+09:00,203000.0,203500.0,203000.0,203000.0,1955,0.0,0.0
2025-02-13 13:24:00+09:00,203000.0,203500.0,203000.0,203000.0,6540,0.0,0.0
2025-02-13 13:25:00+09:00,203500.0,203500.0,203000.0,203000.0,3205,0.0,0.0
2025-02-13 13:26:00+09:00,203000.0,203500.0,203000.0,203000.0,2675,0.0,0.0
2025-02-13 13:27:00+09:00,203000.0,203500.0,202500.0,202500.0,7605,0.0,0.0
2025-02-13 13:28:00+09:00,202500.0,203000.0,202500.0,202500.0,2512,0.0,0.0
2025-02-13 13:29:00+09:00,202500.0,203000.0,202500.0,202500.0,1500,0.0,0.0
2025-02-13 13:30:00+09:00,202500.0,203000.0,202500.0,202500.0,3018,0.0,0.0
2025-02-13 13:31:00+09:00,202500.0,203000.0,202500.0,203000.0,2250,0.0,0.0
2025-02-13 13:32:00+09:00,202500.0,203000.0,202500.0,202500.0,2626,0.0,0.0
2025-02-13 13:33:00+09:00,202500.0,203000.0,202500.0,202500.0,1083,0.0,0.0
2025-02-13 13:34:00+09:00,203000.0,203000.0,202500.0,202500.0,1478,0.0,0.0
2025-02-13 13:35:00+09:00,202500.0,203000.0,202500.0,202500.0,973,0.0,0.0
2025-02-13 13:36:00+09:00,202500.0,203000.0,202500.0,203000.0,1554,0.0,0.0
2025-02-13 13:37:00+09:00,202500.0,203000.0,202500.0,203000.0,1003,0.0,0.0
2025-02-13 13:38:00+09:00,202500.0,203000.0,202500.0,203000.0,1473,0.0,0.0
2025-02-13 13:39:00+09:00,202500.0,203000.0,202500.0,203000.0,3367,0.0,0.0
2025-02-13 13:40:00+09:00,202500.0,203000.0,202500.0,203000.0,1578,0.0,0.0
2025-02-13 13:41:00+09:00,203000.0,203000.0,202500.0,202500.0,1799,0.0,0.0
2025-02-13 13:42:00+09:00,202500.0,203000.0,202500.0,203000.0,2089,0.0,0.0
2025-02-13 13:43:00+09:00,202500.0,203000.0,202500.0,202500.0,2056,0.0,0.0
2025-02-13 13:44:00+09:00,203000.0,203000.0,202500.0,202500.0,2170,0.0,0.0
2025-02-13 13:45:00+09:00,202500.0,203000.0,202500.0,202500.0,1694,0.0,0.0
2025-02-13 13:46:00+09:00,202500.0,203000.0,202500.0,203000.0,4834,0.0,0.0
2025-02-13 13:47:00+09:00,203000.0,203000.0,202500.0,202500.0,1832,0.0,0.0
2025-02-13 13:48:00+09:00,202500.0,203000.0,202500.0,202500.0,3921,0.0,0.0
2025-02-13 13:49:00+09:00,203000.0,203000.0,202500.0,202500.0,3379,0.0,0.0
2025-02-13 13:50:00+09:00,202500.0,203000.0,202500.0,203000.0,2255,0.0,0.0
2025-02-13 13:51:00+09:00,202500.0,203000.0,202500.0,202500.0,2186,0.0,0.0
2025-02-13 13:52:00+09:00,203000.0,203000.0,202500.0,202500.0,3431,0.0,0.0
2025-02-13 13:53:00+09:00,203000.0,203000.0,202500.0,202500.0,3412,0.0,0.0
2025-02-13 13:54:00+09:00,202500.0,203000.0,202500.0,203000.0,2550,0.0,0.0
2025-02-13 13:55:00+09:00,203000.0,203000.0,202500.0,202500.0,2614,0.0,0.0
2025-02-13 13:56:00+09:00,203000.0,203000.0,202500.0,202500.0,4134,0.0,0.0
2025-02-13 13:57:00+09:00,202500.0,203000.0,202500.0,202500.0,2577,0.0,0.0
2025-02-13 13:58:00+09:00,203000.0,203500.0,202500.0,203500.0,26532,0.0,0.0
2025-02-13 13:59:00+09:00,203000.0,203500.0,203000.0,203000.0,2175,0.0,0.0
2025-02-13 14:00:00+09:00,203000.0,204000.0,203000.0,203500.0,21297,0.0,0.0
2025-02-13 14:01:00+09:00,204000.0,204000.0,203500.0,203500.0,1485,0.0,0.0
2025-02-13 14:02:00+09:00,204000.0,204000.0,203500.0,203500.0,2589,0.0,0.0
2025-02-13 14:03:00+09:00,204000.0,204000.0,203500.0,203500.0,3903,0.0,0.0
2025-02-13 14:04:00+09:00,203500.0,204000.0,203500.0,204000.0,2897,0.0,0.0
2025-02-13 14:05:00+09:00,204000.0,204000.0,203500.0,203500.0,1635,0.0,0.0
2025-02-13 14:06:00+09:00,203500.0,204000.0,203500.0,203500.0,5998,0.0,0.0
2025-02-13 14:07:00+09:00,204000.0,204000.0,203500.0,204000.0,6282,0.0,0.0
2025-02-13 14:08:00+09:00,204000.0,204000.0,203500.0,203500.0,1975,0.0,0.0
2025-02-13 14:09:00+09:00,204000.0,204000.0,203500.0,204000.0,5667,0.0,0.0
2025-02-13 14:10:00+09:00,203500.0,204000.0,203500.0,203500.0,3435,0.0,0.0
2025-02-13 14:11:00+09:00,204000.0,204000.0,203500.0,203500.0,1785,0.0,0.0
2025-02-13 14:12:00+09:00,204000.0,204000.0,203500.0,203500.0,1775,0.0,0.0
2025-02-13 14:13:00+09:00,203500.0,204000.0,203500.0,203500.0,1506,0.0,0.0
2025-02-13 14:14:00+09:00,203500.0,204000.0,203500.0,203500.0,1850,0.0,0.0
2025-02-13 14:15:00+09:00,203500.0,204000.0,203500.0,203500.0,3918,0.0,0.0
2025-02-13 14:16:00+09:00,203500.0,204000.0,203500.0,203500.0,3552,0.0,0.0
2025-02-13 14:17:00+09:00,203500.0,204000.0,203500.0,203500.0,2710,0.0,0.0
2025-02-13 14:18:00+09:00,203500.0,204000.0,203500.0,204000.0,2954,0.0,0.0
2025-02-13 14:19:00+09:00,203500.0,204000.0,203500.0,203500.0,1818,0.0,0.0
2025-02-13 14:20:00+09:00,204000.0,204000.0,203500.0,203500.0,3208,0.0,0.0
2025-02-13 14:21:00+09:00,203500.0,204000.0,203500.0,204000.0,6584,0.0,0.0
2025-02-13 14:22:00+09:00,203500.0,204000.0,203500.0,203500.0,5425,0.0,0.0
2025-02-13 14:23:00+09:00,203500.0,204000.0,203500.0,204000.0,10519,0.0,0.0
2025-02-13 14:24:00+09:00,204000.0,204000.0,203500.0,204000.0,1907,0.0,0.0
2025-02-13 14:25:00+09:00,204000.0,204000.0,203500.0,203500.0,2115,0.0,0.0
2025-02-13 14:26:00+09:00,203500.0,204000.0,203000.0,203500.0,24024,0.0,0.0
2025-02-13 14:27:00+09:00,203000.0,203500.0,202500.0,203500.0,14683,0.0,0.0
2025-02-13 14:28:00+09:00,203500.0,203500.0,202500.0,203500.0,3402,0.0,0.0
2025-02-13 14:29:00+09:00,203500.0,203500.0,203000.0,203000.0,1266,0.0,0.0
2025-02-13 14:30:00+09:00,203000.0,203500.0,203000.0,203000.0,2598,0.0,0.0
2025-02-13 14:31:00+09:00,203000.0,203500.0,203000.0,203500.0,1942,0.0,0.0
2025-02-13 14:32:00+09:00,203000.0,203500.0,203000.0,203000.0,924,0.0,0.0
2025-02-13 14:33:00+09:00,203000.0,203500.0,203000.0,203000.0,4270,0.0,0.0
2025-02-13 14:34:00+09:00,203500.0,203500.0,203000.0,203500.0,1043,0.0,0.0
2025-02-13 14:35:00+09:00,203000.0,203500.0,203000.0,203500.0,1938,0.0,0.0
2025-02-13 14:36:00+09:00,203500.0,203500.0,203000.0,203000.0,1422,0.0,0.0
2025-02-13 14:37:00+09:00,203000.0,203500.0,203000.0,203000.0,3577,0.0,0.0
2025-02-13 14:38:00+09:00,203500.0,203500.0,203000.0,203500.0,3074,0.0,0.0
2025-02-13 14:39:00+09:00,203500.0,204000.0,203500.0,204000.0,5783,0.0,0.0
2025-02-13 14:40:00+09:00,204000.0,204000.0,203500.0,204000.0,1528,0.0,0.0
2025-02-13 14:41:00+09:00,204000.0,204000.0,203500.0,203500.0,1342,0.0,0.0
2025-02-13 14:42:00+09:00,203500.0,204000.0,203500.0,203500.0,2933,0.0,0.0
2025-02-13 14:43:00+09:00,203500.0,204000.0,203000.0,203500.0,20013,0.0,0.0
2025-02-13 14:44:00+09:00,203500.0,204000.0,203000.0,204000.0,22945,0.0,0.0
2025-02-13 14:45:00+09:00,204000.0,204000.0,203500.0,203500.0,3194,0.0,0.0
2025-02-13 14:46:00+09:00,203500.0,204000.0,203500.0,204000.0,3217,0.0,0.0
2025-02-13 14:47:00+09:00,203500.0,204000.0,203500.0,203500.0,4367,0.0,0.0
2025-02-13 14:48:00+09:00,203500.0,204000.0,203500.0,203500.0,2751,0.0,0.0
2025-02-13 14:49:00+09:00,204000.0,204000.0,203500.0,204000.0,6790,0.0,0.0
2025-02-13 14:50:00+09:00,204000.0,204500.0,203500.0,204500.0,22960,0.0,0.0
2025-02-13 14:51:00+09:00,204500.0,204500.0,204000.0,204500.0,2054,0.0,0.0
2025-02-13 14:52:00+09:00,204000.0,204500.0,204000.0,204500.0,4512,0.0,0.0
2025-02-13 14:53:00+09:00,204500.0,204500.0,204000.0,204500.0,2439,0.0,0.0
2025-02-13 14:54:00+09:00,204000.0,204500.0,204000.0,204500.0,2942,0.0,0.0
2025-02-13 14:55:00+09:00,204000.0,204500.0,204000.0,204000.0,4274,0.0,0.0
2025-02-13 14:56:00+09:00,204000.0,204500.0,204000.0,204000.0,2906,0.0,0.0
2025-02-13 14:57:00+09:00,204000.0,204500.0,204000.0,204500.0,2936,0.0,0.0
2025-02-13 14:58:00+09:00,204000.0,204500.0,204000.0,204500.0,2752,0.0,0.0
2025-02-13 14:59:00+09:00,204500.0,204500.0,204000.0,204500.0,5802,0.0,0.0
2025-02-14 09:00:00+09:00,209000.0,209500.0,207500.0,207500.0,172727,0.0,0.0
2025-02-14 09:01:00+09:00,207500.0,208500.0,207000.0,207000.0,46550,0.0,0.0
2025-02-14 09:02:00+09:00,207000.0,208000.0,207000.0,207000.0,19731,0.0,0.0
2025-02-14 09:03:00+09:00,207000.0,208000.0,207000.0,208000.0,26566,0.0,0.0
2025-02-14 09:04:00+09:00,208000.0,208500.0,207500.0,208000.0,24185,0.0,0.0
2025-02-14 09:05:00+09:00,208000.0,209000.0,208000.0,208000.0,13379,0.0,0.0
2025-02-14 09:06:00+09:00,208500.0,209000.0,208000.0,208500.0,23136,0.0,0.0
2025-02-14 09:07:00+09:00,208500.0,209000.0,208000.0,208000.0,23659,0.0,0.0
2025-02-14 09:08:00+09:00,208000.0,208500.0,207500.0,207500.0,21259,0.0,0.0
2025-02-14 09:09:00+09:00,207500.0,208000.0,207500.0,207500.0,16378,0.0,0.0
2025-02-14 09:10:00+09:00,207500.0,208000.0,207000.0,207500.0,13014,0.0,0.0
2025-02-14 09:11:00+09:00,207500.0,208000.0,207000.0,207000.0,6967,0.0,0.0
2025-02-14 09:12:00+09:00,207500.0,208500.0,207000.0,208000.0,12173,0.0,0.0
2025-02-14 09:13:00+09:00,208500.0,208500.0,208000.0,208000.0,16393,0.0,0.0
2025-02-14 09:14:00+09:00,208000.0,208500.0,208000.0,208000.0,9469,0.0,0.0
2025-02-14 09:15:00+09:00,208000.0,208500.0,208000.0,208000.0,7663,0.0,0.0
2025-02-14 09:16:00+09:00,208000.0,208500.0,208000.0,208000.0,16861,0.0,0.0
2025-02-14 09:17:00+09:00,208500.0,208500.0,208000.0,208000.0,7613,0.0,0.0
2025-02-14 09:18:00+09:00,208000.0,208500.0,208000.0,208000.0,5709,0.0,0.0
2025-02-14 09:19:00+09:00,208000.0,208500.0,208000.0,208500.0,4087,0.0,0.0
2025-02-14 09:20:00+09:00,208000.0,208500.0,208000.0,208500.0,6123,0.0,0.0
2025-02-14 09:21:00+09:00,208000.0,208500.0,208000.0,208500.0,5280,0.0,0.0
2025-02-14 09:22:00+09:00,208000.0,208500.0,207500.0,207500.0,16617,0.0,0.0
2025-02-14 09:23:00+09:00,208000.0,208000.0,207500.0,207500.0,3987,0.0,0.0
2025-02-14 09:24:00+09:00,207500.0,208000.0,207500.0,208000.0,2752,0.0,0.0
2025-02-14 09:25:00+09:00,207500.0,208000.0,207500.0,207500.0,8912,0.0,0.0
2025-02-14 09:26:00+09:00,207500.0,208000.0,207500.0,207500.0,3495,0.0,0.0
2025-02-14 09:27:00+09:00,207500.0,208000.0,207500.0,207500.0,3474,0.0,0.0
2025-02-14 09:28:00+09:00,207500.0,208000.0,207500.0,207500.0,7959,0.0,0.0
2025-02-14 09:29:00+09:00,207500.0,208000.0,207500.0,207500.0,20731,0.0,0.0
2025-02-14 09:30:00+09:00,208000.0,208000.0,207000.0,208000.0,8233,0.0,0.0
2025-02-14 09:31:00+09:00,207500.0,208000.0,207500.0,207500.0,5885,0.0,0.0
2025-02-14 09:32:00+09:00,207500.0,208000.0,207500.0,207500.0,2902,0.0,0.0
2025-02-14 09:33:00+09:00,207500.0,208000.0,207500.0,207500.0,4278,0.0,0.0
2025-02-14 09:34:00+09:00,207500.0,208000.0,207500.0,208000.0,3603,0.0,0.0
2025-02-14 09:35:00+09:00,207500.0,208000.0,207500.0,208000.0,6526,0.0,0.0
2025-02-14 09:36:00+09:00,207500.0,208000.0,207500.0,208000.0,3079,0.0,0.0
2025-02-14 09:37:00+09:00,208000.0,208000.0,207500.0,207500.0,4560,0.0,0.0
2025-02-14 09:38:00+09:00,207500.0,208000.0,207000.0,207000.0,10215,0.0,0.0
2025-02-14 09:39:00+09:00,207000.0,207500.0,207000.0,207000.0,7458,0.0,0.0
2025-02-14 09:40:00+09:00,207500.0,207500.0,207000.0,207500.0,6553,0.0,0.0
2025-02-14 09:41:00+09:00,207000.0,207500.0,207000.0,207000.0,2747,0.0,0.0
2025-02-14 09:42:00+09:00,207000.0,207500.0,207000.0,207500.0,8172,0.0,0.0
2025-02-14 09:43:00+09:00,207000.0,207500.0,206500.0,207000.0,20007,0.0,0.0
2025-02-14 09:44:00+09:00,207000.0,207500.0,207000.0,207000.0,8550,0.0,0.0
2025-02-14 09:45:00+09:00,207000.0,207500.0,207000.0,207500.0,3141,0.0,0.0
2025-02-14 09:46:00+09:00,207000.0,207500.0,207000.0,207000.0,4136,0.0,0.0
2025-02-14 09:47:00+09:00,207000.0,207500.0,207000.0,207000.0,6128,0.0,0.0
2025-02-14 09:48:00+09:00,207000.0,207500.0,207000.0,207000.0,9956,0.0,0.0
2025-02-14 09:49:00+09:00,207000.0,207500.0,207000.0,207000.0,2136,0.0,0.0
2025-02-14 09:50:00+09:00,207000.0,207500.0,207000.0,207000.0,4054,0.0,0.0
2025-02-14 09:51:00+09:00,207000.0,207500.0,207000.0,207000.0,2718,0.0,0.0
2025-02-14 09:52:00+09:00,207500.0,207500.0,207000.0,207000.0,3411,0.0,0.0
2025-02-14 09:53:00+09:00,207000.0,207500.0,207000.0,207000.0,3826,0.0,0.0
2025-02-14 09:54:00+09:00,207000.0,207500.0,207000.0,207500.0,15579,0.0,0.0
2025-02-14 09:55:00+09:00,207500.0,208000.0,207000.0,207500.0,18056,0.0,0.0
2025-02-14 09:56:00+09:00,207500.0,208000.0,207500.0,208000.0,2029,0.0,0.0
2025-02-14 09:57:00+09:00,207500.0,208000.0,207500.0,208000.0,10696,0.0,0.0
2025-02-14 09:58:00+09:00,207500.0,208000.0,207000.0,207500.0,11633,0.0,0.0
2025-02-14 09:59:00+09:00,207500.0,208000.0,207000.0,207500.0,3803,0.0,0.0
2025-02-14 10:00:00+09:00,207500.0,208000.0,207500.0,207500.0,4328,0.0,0.0
2025-02-14 10:01:00+09:00,207500.0,208000.0,207500.0,207500.0,2623,0.0,0.0
2025-02-14 10:02:00+09:00,207500.0,208000.0,207500.0,207500.0,1662,0.0,0.0
2025-02-14 10:03:00+09:00,207500.0,208000.0,207500.0,207500.0,6696,0.0,0.0
2025-02-14 10:04:00+09:00,208000.0,208000.0,207500.0,207500.0,1253,0.0,0.0
2025-02-14 10:05:00+09:00,207500.0,208000.0,207500.0,207500.0,1547,0.0,0.0
2025-02-14 10:06:00+09:00,207500.0,208000.0,207500.0,207500.0,3702,0.0,0.0
2025-02-14 10:07:00+09:00,207500.0,208000.0,207500.0,207500.0,997,0.0,0.0
2025-02-14 10:08:00+09:00,207500.0,208000.0,207500.0,207500.0,713,0.0,0.0
2025-02-14 10:09:00+09:00,207500.0,208000.0,207500.0,208000.0,1706,0.0,0.0
2025-02-14 10:10:00+09:00,208000.0,208000.0,207500.0,208000.0,1461,0.0,0.0
2025-02-14 10:11:00+09:00,208000.0,208000.0,207500.0,207500.0,969,0.0,0.0
2025-02-14 10:12:00+09:00,207500.0,208000.0,207500.0,207500.0,2560,0.0,0.0
2025-02-14 10:13:00+09:00,207500.0,208000.0,207500.0,208000.0,3336,0.0,0.0
2025-02-14 10:14:00+09:00,207500.0,208000.0,207500.0,207500.0,4468,0.0,0.0
2025-02-14 10:15:00+09:00,208000.0,208000.0,207500.0,208000.0,1372,0.0,0.0
2025-02-14 10:16:00+09:00,207500.0,208000.0,207500.0,207500.0,3371,0.0,0.0
2025-02-14 10:17:00+09:00,207500.0,208000.0,207500.0,208000.0,2115,0.0,0.0
2025-02-14 10:18:00+09:00,207500.0,208000.0,207500.0,207500.0,2447,0.0,0.0
2025-02-14 10:19:00+09:00,207500.0,208000.0,207500.0,207500.0,2453,0.0,0.0
2025-02-14 10:20:00+09:00,207500.0,208000.0,207500.0,207500.0,1451,0.0,0.0
2025-02-14 10:21:00+09:00,207500.0,208000.0,207500.0,207500.0,1905,0.0,0.0
2025-02-14 10:22:00+09:00,207500.0,208000.0,207500.0,207500.0,2120,0.0,0.0
2025-02-14 10:23:00+09:00,207500.0,208000.0,207500.0,207500.0,2134,0.0,0.0
2025-02-14 10:24:00+09:00,207500.0,208000.0,207500.0,207500.0,1191,0.0,0.0
2025-02-14 10:25:00+09:00,207500.0,208000.0,207500.0,207500.0,4200,0.0,0.0
2025-02-14 10:26:00+09:00,207500.0,208000.0,207500.0,208000.0,964,0.0,0.0
2025-02-14 10:27:00+09:00,207500.0,208000.0,207500.0,207500.0,1264,0.0,0.0
2025-02-14 10:28:00+09:00,208000.0,208000.0,207500.0,207500.0,8099,0.0,0.0
2025-02-14 10:29:00+09:00,208000.0,208000.0,207500.0,207500.0,752,0.0,0.0
2025-02-14 10:30:00+09:00,207500.0,208000.0,207500.0,207500.0,16136,0.0,0.0
2025-02-14 10:31:00+09:00,207500.0,207500.0,207000.0,207500.0,2351,0.0,0.0
2025-02-14 10:32:00+09:00,207500.0,207500.0,207000.0,207500.0,1577,0.0,0.0
2025-02-14 10:33:00+09:00,207500.0,207500.0,207000.0,207500.0,1301,0.0,0.0
2025-02-14 10:34:00+09:00,207500.0,207500.0,207000.0,207500.0,2161,0.0,0.0
2025-02-14 10:35:00+09:00,207000.0,207500.0,207000.0,207000.0,1813,0.0,0.0
2025-02-14 10:36:00+09:00,207000.0,207500.0,207000.0,207500.0,843,0.0,0.0
2025-02-14 10:37:00+09:00,207000.0,207500.0,207000.0,207000.0,1599,0.0,0.0
2025-02-14 10:38:00+09:00,207000.0,207500.0,207000.0,207000.0,2746,0.0,0.0
2025-02-14 10:39:00+09:00,207000.0,207500.0,207000.0,207000.0,2065,0.0,0.0
2025-02-14 10:40:00+09:00,207500.0,207500.0,207000.0,207000.0,1761,0.0,0.0
2025-02-14 10:41:00+09:00,207500.0,207500.0,207000.0,207000.0,1365,0.0,0.0
2025-02-14 10:42:00+09:00,207500.0,207500.0,207000.0,207000.0,8740,0.0,0.0
2025-02-14 10:43:00+09:00,207000.0,207500.0,207000.0,207500.0,2170,0.0,0.0
2025-02-14 10:44:00+09:00,207000.0,208000.0,207000.0,207500.0,22857,0.0,0.0
2025-02-14 10:45:00+09:00,208000.0,208000.0,207500.0,207500.0,1401,0.0,0.0
2025-02-14 10:46:00+09:00,207500.0,208000.0,207500.0,207500.0,1360,0.0,0.0
2025-02-14 10:47:00+09:00,207500.0,208000.0,207500.0,207500.0,3193,0.0,0.0
2025-02-14 10:48:00+09:00,207500.0,208000.0,207500.0,207500.0,1526,0.0,0.0
2025-02-14 10:49:00+09:00,207500.0,208000.0,207500.0,207500.0,8177,0.0,0.0
2025-02-14 10:50:00+09:00,208000.0,208000.0,207500.0,208000.0,8350,0.0,0.0
2025-02-14 10:51:00+09:00,208000.0,208000.0,207500.0,208000.0,14858,0.0,0.0
2025-02-14 10:52:00+09:00,207500.0,208000.0,207500.0,207500.0,7807,0.0,0.0
2025-02-14 10:53:00+09:00,208000.0,208000.0,207500.0,207500.0,1474,0.0,0.0
2025-02-14 10:54:00+09:00,207500.0,208000.0,207500.0,208000.0,2807,0.0,0.0
2025-02-14 10:55:00+09:00,208000.0,208000.0,207500.0,208000.0,1219,0.0,0.0
2025-02-14 10:56:00+09:00,208000.0,208000.0,207500.0,207500.0,2998,0.0,0.0
2025-02-14 10:57:00+09:00,208000.0,208000.0,207500.0,208000.0,2809,0.0,0.0
2025-02-14 10:58:00+09:00,208000.0,208000.0,207500.0,207500.0,3236,0.0,0.0
2025-02-14 10:59:00+09:00,207500.0,208000.0,207500.0,208000.0,6262,0.0,0.0
2025-02-14 11:00:00+09:00,207500.0,208000.0,207500.0,207500.0,9249,0.0,0.0
2025-02-14 11:01:00+09:00,207500.0,208000.0,207500.0,207500.0,3130,0.0,0.0
2025-02-14 11:02:00+09:00,207500.0,208000.0,207500.0,207500.0,1471,0.0,0.0
2025-02-14 11:03:00+09:00,207500.0,208000.0,207500.0,208000.0,1729,0.0,0.0
2025-02-14 11:04:00+09:00,208000.0,208000.0,207500.0,207500.0,2220,0.0,0.0
2025-02-14 11:05:00+09:00,207500.0,208000.0,207500.0,208000.0,1459,0.0,0.0
2025-02-14 11:06:00+09:00,207500.0,208000.0,207500.0,208000.0,1633,0.0,0.0
2025-02-14 11:07:00+09:00,207500.0,208000.0,207500.0,207500.0,3332,0.0,0.0
2025-02-14 11:08:00+09:00,207500.0,208000.0,207500.0,207500.0,6561,0.0,0.0
2025-02-14 11:09:00+09:00,207500.0,208000.0,207500.0,207500.0,1077,0.0,0.0
2025-02-14 11:10:00+09:00,208000.0,208000.0,207500.0,208000.0,1228,0.0,0.0
2025-02-14 11:11:00+09:00,207500.0,208000.0,207500.0,207500.0,616,0.0,0.0
2025-02-14 11:12:00+09:00,207500.0,208000.0,207500.0,207500.0,1707,0.0,0.0
2025-02-14 11:13:00+09:00,207500.0,208000.0,207500.0,207500.0,3821,0.0,0.0
2025-02-14 11:14:00+09:00,207500.0,208000.0,207500.0,207500.0,1185,0.0,0.0
2025-02-14 11:15:00+09:00,207500.0,208000.0,207500.0,208000.0,1737,0.0,0.0
2025-02-14 11:16:00+09:00,208000.0,208000.0,207000.0,207500.0,6978,0.0,0.0
2025-02-14 11:17:00+09:00,207500.0,208000.0,207000.0,207500.0,1610,0.0,0.0
2025-02-14 11:18:00+09:00,207500.0,208000.0,207000.0,207500.0,730,0.0,0.0
2025-02-14 11:19:00+09:00,207500.0,208000.0,207500.0,208000.0,1409,0.0,0.0
2025-02-14 11:20:00+09:00,207500.0,208000.0,207000.0,207000.0,24005,0.0,0.0
2025-02-14 11:21:00+09:00,207500.0,208000.0,207000.0,207500.0,1808,0.0,0.0
2025-02-14 11:22:00+09:00,207500.0,208000.0,207500.0,207500.0,1004,0.0,0.0
2025-02-14 11:23:00+09:00,208000.0,208000.0,207500.0,208000.0,1105,0.0,0.0
2025-02-14 11:24:00+09:00,207500.0,208000.0,207500.0,208000.0,2352,0.0,0.0
2025-02-14 11:25:00+09:00,208000.0,208000.0,207500.0,207500.0,1421,0.0,0.0
2025-02-14 11:26:00+09:00,207500.0,208000.0,207500.0,207500.0,586,0.0,0.0
2025-02-14 11:27:00+09:00,207500.0,208000.0,207500.0,207500.0,2488,0.0,0.0
2025-02-14 11:28:00+09:00,207500.0,208000.0,207500.0,207500.0,2050,0.0,0.0
2025-02-14 11:29:00+09:00,208000.0,208000.0,207500.0,207500.0,1045,0.0,0.0
2025-02-14 11:30:00+09:00,207500.0,208000.0,207500.0,207500.0,2761,0.0,0.0
2025-02-14 11:31:00+09:00,208000.0,208000.0,207500.0,208000.0,530,0.0,0.0
2025-02-14 11:32:00+09:00,208000.0,208000.0,207500.0,207500.0,2537,0.0,0.0
2025-02-14 11:33:00+09:00,207500.0,208500.0,207500.0,208500.0,39582,0.0,0.0
2025-02-14 11:34:00+09:00,208500.0,209000.0,208000.0,209000.0,18213,0.0,0.0
2025-02-14 11:35:00+09:00,209000.0,209000.0,208500.0,208500.0,3137,0.0,0.0
2025-02-14 11:36:00+09:00,209000.0,209500.0,208500.0,209500.0,24738,0.0,0.0
2025-02-14 11:37:00+09:00,209000.0,210000.0,209000.0,209500.0,28212,0.0,0.0
2025-02-14 11:38:00+09:00,209500.0,210000.0,209500.0,210000.0,4753,0.0,0.0
2025-02-14 11:39:00+09:00,209500.0,210000.0,209500.0,210000.0,1943,0.0,0.0
2025-02-14 11:40:00+09:00,209500.0,210000.0,209500.0,210000.0,4379,0.0,0.0
2025-02-14 11:41:00+09:00,210000.0,210000.0,209500.0,209500.0,14258,0.0,0.0
2025-02-14 11:42:00+09:00,209500.0,210000.0,209000.0,209500.0,5651,0.0,0.0
2025-02-14 11:43:00+09:00,210000.0,210000.0,209500.0,209500.0,1444,0.0,0.0
2025-02-14 11:44:00+09:00,210000.0,210000.0,209000.0,209000.0,19486,0.0,0.0
2025-02-14 11:45:00+09:00,209000.0,209500.0,209000.0,209500.0,2156,0.0,0.0
2025-02-14 11:46:00+09:00,209000.0,209500.0,209000.0,209000.0,796,0.0,0.0
2025-02-14 11:47:00+09:00,209000.0,209500.0,209000.0,209000.0,1576,0.0,0.0
2025-02-14 11:48:00+09:00,209000.0,209500.0,209000.0,209500.0,1886,0.0,0.0
2025-02-14 11:49:00+09:00,209000.0,209500.0,209000.0,209500.0,960,0.0,0.0
2025-02-14 11:50:00+09:00,209500.0,209500.0,209000.0,209000.0,1007,0.0,0.0
2025-02-14 11:51:00+09:00,209000.0,209500.0,209000.0,209500.0,1571,0.0,0.0
2025-02-14 11:52:00+09:00,209000.0,209500.0,209000.0,209000.0,979,0.0,0.0
2025-02-14 11:53:00+09:00,209500.0,209500.0,209000.0,209000.0,6912,0.0,0.0
2025-02-14 11:54:00+09:00,209000.0,209500.0,209000.0,209000.0,496,0.0,0.0
2025-02-14 11:55:00+09:00,209500.0,209500.0,209000.0,209500.0,1272,0.0,0.0
2025-02-14 11:56:00+09:00,209000.0,210000.0,209000.0,210000.0,10974,0.0,0.0
2025-02-14 11:57:00+09:00,210000.0,210000.0,209500.0,210000.0,2277,0.0,0.0
2025-02-14 11:58:00+09:00,209500.0,210000.0,209500.0,209500.0,2623,0.0,0.0
2025-02-14 11:59:00+09:00,209500.0,210000.0,209500.0,210000.0,3438,0.0,0.0
2025-02-14 12:00:00+09:00,210000.0,210000.0,209500.0,209500.0,1657,0.0,0.0
2025-02-14 12:01:00+09:00,210000.0,210000.0,209500.0,210000.0,1349,0.0,0.0
2025-02-14 12:02:00+09:00,209500.0,210000.0,209000.0,209500.0,10494,0.0,0.0
2025-02-14 12:03:00+09:00,209500.0,210000.0,209500.0,209500.0,2231,0.0,0.0
2025-02-14 12:04:00+09:00,209500.0,210000.0,209500.0,209500.0,1445,0.0,0.0
2025-02-14 12:05:00+09:00,209500.0,210000.0,209500.0,210000.0,1063,0.0,0.0
2025-02-14 12:06:00+09:00,209500.0,210000.0,209500.0,210000.0,1226,0.0,0.0
2025-02-14 12:07:00+09:00,210000.0,210000.0,209500.0,209500.0,1109,0.0,0.0
2025-02-14 12:08:00+09:00,210000.0,210000.0,209500.0,210000.0,1823,0.0,0.0
2025-02-14 12:09:00+09:00,210000.0,210000.0,209500.0,210000.0,1145,0.0,0.0
2025-02-14 12:10:00+09:00,210000.0,210000.0,209500.0,209500.0,3698,0.0,0.0
2025-02-14 12:11:00+09:00,210000.0,210000.0,209500.0,210000.0,2000,0.0,0.0
2025-02-14 12:12:00+09:00,209500.0,210000.0,209500.0,209500.0,3979,0.0,0.0
2025-02-14 12:13:00+09:00,209500.0,210000.0,209500.0,210000.0,3483,0.0,0.0
2025-02-14 12:14:00+09:00,210000.0,210000.0,209500.0,209500.0,2561,0.0,0.0
2025-02-14 12:15:00+09:00,210000.0,210000.0,209000.0,209500.0,7106,0.0,0.0
2025-02-14 12:16:00+09:00,209000.0,210000.0,209000.0,210000.0,7558,0.0,0.0
2025-02-14 12:17:00+09:00,209500.0,210000.0,209000.0,209500.0,4463,0.0,0.0
2025-02-14 12:18:00+09:00,210000.0,210000.0,209500.0,209500.0,1023,0.0,0.0
2025-02-14 12:19:00+09:00,209500.0,210000.0,209500.0,209500.0,964,0.0,0.0
2025-02-14 12:20:00+09:00,210000.0,210000.0,209500.0,209500.0,1744,0.0,0.0
2025-02-14 12:21:00+09:00,209500.0,210000.0,209500.0,210000.0,1039,0.0,0.0
2025-02-14 12:22:00+09:00,209500.0,210000.0,209500.0,210000.0,3452,0.0,0.0
2025-02-14 12:23:00+09:00,209500.0,210000.0,209500.0,209500.0,1647,0.0,0.0
2025-02-14 12:24:00+09:00,210000.0,210000.0,209500.0,210000.0,914,0.0,0.0
2025-02-14 12:25:00+09:00,209500.0,210000.0,209500.0,210000.0,838,0.0,0.0
2025-02-14 12:26:00+09:00,210000.0,210000.0,209500.0,209500.0,960,0.0,0.0
2025-02-14 12:27:00+09:00,209500.0,210000.0,209500.0,209500.0,1408,0.0,0.0
2025-02-14 12:28:00+09:00,209500.0,210000.0,209500.0,210000.0,5256,0.0,0.0
2025-02-14 12:29:00+09:00,209500.0,210000.0,209500.0,209500.0,1329,0.0,0.0
2025-02-14 12:30:00+09:00,209500.0,210000.0,209500.0,210000.0,1429,0.0,0.0
2025-02-14 12:31:00+09:00,209500.0,210000.0,209500.0,209500.0,942,0.0,0.0
2025-02-14 12:32:00+09:00,209500.0,210000.0,209500.0,209500.0,1340,0.0,0.0
2025-02-14 12:33:00+09:00,209500.0,210000.0,209500.0,209500.0,1827,0.0,0.0
2025-02-14 12:34:00+09:00,209500.0,210000.0,209500.0,209500.0,848,0.0,0.0
2025-02-14 12:35:00+09:00,209500.0,210000.0,209500.0,209500.0,1511,0.0,0.0
2025-02-14 12:36:00+09:00,210000.0,210000.0,209500.0,210000.0,1463,0.0,0.0
2025-02-14 12:37:00+09:00,209500.0,210000.0,209500.0,209500.0,1045,0.0,0.0
2025-02-14 12:38:00+09:00,210000.0,210500.0,209500.0,210000.0,89721,0.0,0.0
2025-02-14 12:39:00+09:00,210500.0,211500.0,210000.0,211500.0,61090,0.0,0.0
2025-02-14 12:40:00+09:00,211500.0,211500.0,211000.0,211500.0,3879,0.0,0.0
2025-02-14 12:41:00+09:00,211500.0,211500.0,211000.0,211500.0,3938,0.0,0.0
2025-02-14 12:42:00+09:00,211500.0,211500.0,211000.0,211500.0,11755,0.0,0.0
2025-02-14 12:43:00+09:00,211500.0,212000.0,211000.0,211500.0,16050,0.0,0.0
2025-02-14 12:44:00+09:00,211500.0,212000.0,211000.0,212000.0,8673,0.0,0.0
2025-02-14 12:45:00+09:00,211500.0,212000.0,211000.0,211500.0,10198,0.0,0.0
2025-02-14 12:46:00+09:00,211000.0,211500.0,211000.0,211500.0,2948,0.0,0.0
2025-02-14 12:47:00+09:00,211500.0,211500.0,211000.0,211000.0,2570,0.0,0.0
2025-02-14 12:48:00+09:00,211000.0,211500.0,211000.0,211500.0,4203,0.0,0.0
2025-02-14 12:49:00+09:00,211000.0,211500.0,211000.0,211000.0,735,0.0,0.0
2025-02-14 12:50:00+09:00,211000.0,212000.0,211000.0,212000.0,10683,0.0,0.0
2025-02-14 12:51:00+09:00,212000.0,212000.0,211500.0,211500.0,4979,0.0,0.0
2025-02-14 12:52:00+09:00,212000.0,212000.0,210000.0,210500.0,70013,0.0,0.0
2025-02-14 12:53:00+09:00,210000.0,210500.0,209500.0,210000.0,11413,0.0,0.0
2025-02-14 12:54:00+09:00,210000.0,210500.0,209500.0,210000.0,1703,0.0,0.0
2025-02-14 12:55:00+09:00,210000.0,210500.0,210000.0,210000.0,921,0.0,0.0
2025-02-14 12:56:00+09:00,210000.0,210500.0,210000.0,210500.0,1951,0.0,0.0
2025-02-14 12:57:00+09:00,210000.0,210500.0,210000.0,210500.0,5001,0.0,0.0
2025-02-14 12:58:00+09:00,210500.0,211000.0,210000.0,211000.0,8338,0.0,0.0
2025-02-14 12:59:00+09:00,210000.0,211000.0,210000.0,211000.0,2530,0.0,0.0
2025-02-14 13:00:00+09:00,211000.0,211000.0,210000.0,211000.0,5309,0.0,0.0
2025-02-14 13:01:00+09:00,211000.0,211000.0,210500.0,210500.0,4059,0.0,0.0
2025-02-14 13:02:00+09:00,211000.0,211000.0,210500.0,211000.0,4848,0.0,0.0
2025-02-14 13:03:00+09:00,211000.0,211000.0,210500.0,211000.0,7805,0.0,0.0
2025-02-14 13:04:00+09:00,210500.0,211000.0,210500.0,211000.0,2644,0.0,0.0
2025-02-14 13:05:00+09:00,211000.0,211000.0,210500.0,211000.0,4242,0.0,0.0
2025-02-14 13:06:00+09:00,211000.0,211500.0,210500.0,211500.0,8733,0.0,0.0
2025-02-14 13:07:00+09:00,211500.0,211500.0,211000.0,211500.0,6092,0.0,0.0
2025-02-14 13:08:00+09:00,211500.0,211500.0,211000.0,211000.0,2158,0.0,0.0
2025-02-14 13:09:00+09:00,211500.0,211500.0,211000.0,211000.0,3289,0.0,0.0
2025-02-14 13:10:00+09:00,211500.0,211500.0,210000.0,210000.0,27603,0.0,0.0
2025-02-14 13:11:00+09:00,210000.0,210500.0,210000.0,210000.0,1270,0.0,0.0
2025-02-14 13:12:00+09:00,210000.0,210500.0,210000.0,210000.0,3232,0.0,0.0
2025-02-14 13:13:00+09:00,210500.0,210500.0,210000.0,210500.0,1531,0.0,0.0
2025-02-14 13:14:00+09:00,210500.0,210500.0,210000.0,210000.0,1181,0.0,0.0
2025-02-14 13:15:00+09:00,210000.0,210500.0,210000.0,210000.0,1326,0.0,0.0
2025-02-14 13:16:00+09:00,210000.0,210500.0,210000.0,210000.0,3305,0.0,0.0
2025-02-14 13:17:00+09:00,210000.0,210500.0,210000.0,210000.0,5099,0.0,0.0
2025-02-14 13:18:00+09:00,210500.0,210500.0,210000.0,210500.0,1177,0.0,0.0
2025-02-14 13:19:00+09:00,210500.0,210500.0,210000.0,210500.0,3166,0.0,0.0
2025-02-14 13:20:00+09:00,210000.0,210500.0,210000.0,210000.0,2120,0.0,0.0
2025-02-14 13:21:00+09:00,210500.0,210500.0,210000.0,210000.0,1148,0.0,0.0
2025-02-14 13:22:00+09:00,210000.0,210500.0,210000.0,210500.0,1468,0.0,0.0
2025-02-14 13:23:00+09:00,210500.0,210500.0,210000.0,210500.0,3008,0.0,0.0
2025-02-14 13:24:00+09:00,210500.0,210500.0,210000.0,210000.0,1891,0.0,0.0
2025-02-14 13:25:00+09:00,210500.0,210500.0,210000.0,210000.0,1892,0.0,0.0
2025-02-14 13:26:00+09:00,210500.0,210500.0,210000.0,210000.0,1157,0.0,0.0
2025-02-14 13:27:00+09:00,210000.0,211000.0,210000.0,211000.0,24743,0.0,0.0
2025-02-14 13:28:00+09:00,210500.0,211000.0,210500.0,210500.0,988,0.0,0.0
2025-02-14 13:29:00+09:00,211000.0,211000.0,210500.0,210500.0,955,0.0,0.0
2025-02-14 13:30:00+09:00,211000.0,211000.0,210000.0,210500.0,21472,0.0,0.0
2025-02-14 13:31:00+09:00,210500.0,211000.0,210500.0,210500.0,1233,0.0,0.0
2025-02-14 13:32:00+09:00,211000.0,211000.0,210500.0,210500.0,943,0.0,0.0
2025-02-14 13:33:00+09:00,210500.0,211000.0,210500.0,210500.0,2359,0.0,0.0
2025-02-14 13:34:00+09:00,211000.0,211000.0,210500.0,211000.0,2129,0.0,0.0
2025-02-14 13:35:00+09:00,211000.0,211000.0,210500.0,211000.0,1069,0.0,0.0
2025-02-14 13:36:00+09:00,211000.0,211000.0,210500.0,210500.0,1599,0.0,0.0
2025-02-14 13:37:00+09:00,210500.0,211000.0,210500.0,210500.0,1527,0.0,0.0
2025-02-14 13:38:00+09:00,211000.0,211000.0,210500.0,211000.0,1365,0.0,0.0
2025-02-14 13:39:00+09:00,211000.0,211000.0,210500.0,211000.0,8256,0.0,0.0
2025-02-14 13:40:00+09:00,211000.0,211000.0,210500.0,210500.0,2510,0.0,0.0
2025-02-14 13:41:00+09:00,210500.0,211000.0,210500.0,210500.0,1245,0.0,0.0
2025-02-14 13:42:00+09:00,210500.0,211000.0,210500.0,211000.0,1947,0.0,0.0
2025-02-14 13:43:00+09:00,211000.0,211000.0,210500.0,210500.0,3369,0.0,0.0
2025-02-14 13:44:00+09:00,211000.0,211000.0,210500.0,210500.0,984,0.0,0.0
2025-02-14 13:45:00+09:00,211000.0,211000.0,210500.0,211000.0,1495,0.0,0.0
2025-02-14 13:46:00+09:00,210500.0,211000.0,210500.0,210500.0,1187,0.0,0.0
2025-02-14 13:47:00+09:00,210500.0,211000.0,210500.0,210500.0,1489,0.0,0.0
2025-02-14 13:48:00+09:00,210500.0,211000.0,210500.0,211000.0,1361,0.0,0.0
2025-02-14 13:49:00+09:00,210500.0,211000.0,210000.0,210500.0,20877,0.0,0.0
2025-02-14 13:50:00+09:00,210500.0,210500.0,210000.0,210500.0,2237,0.0,0.0
2025-02-14 13:51:00+09:00,210500.0,210500.0,210000.0,210500.0,1406,0.0,0.0
2025-02-14 13:52:00+09:00,210500.0,210500.0,210000.0,210500.0,1695,0.0,0.0
2025-02-14 13:53:00+09:00,210000.0,210500.0,210000.0,210000.0,3021,0.0,0.0
2025-02-14 13:54:00+09:00,210000.0,210500.0,210000.0,210000.0,1729,0.0,0.0
2025-02-14 13:55:00+09:00,210500.0,210500.0,210000.0,210000.0,1547,0.0,0.0
2025-02-14 13:56:00+09:00,210000.0,210500.0,210000.0,210500.0,1192,0.0,0.0
2025-02-14 13:57:00+09:00,210500.0,210500.0,210000.0,210500.0,1378,0.0,0.0
2025-02-14 13:58:00+09:00,210000.0,210500.0,210000.0,210000.0,1337,0.0,0.0
2025-02-14 13:59:00+09:00,210000.0,210500.0,210000.0,210000.0,1905,0.0,0.0
2025-02-14 14:00:00+09:00,210500.0,210500.0,209500.0,209500.0,25840,0.0,0.0
2025-02-14 14:01:00+09:00,209500.0,210000.0,209500.0,210000.0,2248,0.0,0.0
2025-02-14 14:02:00+09:00,210000.0,210000.0,209500.0,210000.0,2743,0.0,0.0
2025-02-14 14:03:00+09:00,209500.0,210000.0,209500.0,210000.0,1952,0.0,0.0
2025-02-14 14:04:00+09:00,209500.0,210000.0,209500.0,210000.0,2072,0.0,0.0
2025-02-14 14:05:00+09:00,209500.0,210000.0,209500.0,209500.0,2050,0.0,0.0
2025-02-14 14:06:00+09:00,210000.0,210000.0,209500.0,209500.0,1853,0.0,0.0
2025-02-14 14:07:00+09:00,209500.0,211000.0,209500.0,210500.0,29771,0.0,0.0
2025-02-14 14:08:00+09:00,210500.0,211000.0,210500.0,210500.0,1163,0.0,0.0
2025-02-14 14:09:00+09:00,210500.0,211000.0,210500.0,210500.0,1823,0.0,0.0
2025-02-14 14:10:00+09:00,211000.0,211000.0,210500.0,211000.0,2828,0.0,0.0
2025-02-14 14:11:00+09:00,210500.0,211000.0,210500.0,210500.0,2374,0.0,0.0
2025-02-14 14:12:00+09:00,211000.0,211000.0,210500.0,210500.0,2406,0.0,0.0
2025-02-14 14:13:00+09:00,210500.0,211000.0,210500.0,211000.0,2282,0.0,0.0
2025-02-14 14:14:00+09:00,211000.0,211000.0,210500.0,211000.0,4166,0.0,0.0
2025-02-14 14:15:00+09:00,210500.0,211000.0,210500.0,210500.0,2366,0.0,0.0
2025-02-14 14:16:00+09:00,211000.0,211000.0,210500.0,210500.0,2941,0.0,0.0
2025-02-14 14:17:00+09:00,210500.0,211000.0,210500.0,211000.0,2621,0.0,0.0
2025-02-14 14:18:00+09:00,211000.0,211000.0,210500.0,211000.0,2581,0.0,0.0
2025-02-14 14:19:00+09:00,210500.0,211000.0,210500.0,210500.0,3208,0.0,0.0
2025-02-14 14:20:00+09:00,211000.0,211000.0,210500.0,210500.0,3397,0.0,0.0
2025-02-14 14:21:00+09:00,210500.0,211000.0,210500.0,211000.0,1873,0.0,0.0
2025-02-14 14:22:00+09:00,210500.0,211000.0,210500.0,211000.0,3507,0.0,0.0
2025-02-14 14:23:00+09:00,210500.0,211000.0,210500.0,210500.0,3922,0.0,0.0
2025-02-14 14:24:00+09:00,211000.0,211000.0,210500.0,211000.0,2601,0.0,0.0
2025-02-14 14:25:00+09:00,210500.0,211000.0,210500.0,211000.0,4041,0.0,0.0
2025-02-14 14:26:00+09:00,211000.0,211000.0,210000.0,210000.0,26090,0.0,0.0
2025-02-14 14:27:00+09:00,210000.0,210500.0,210000.0,210000.0,1712,0.0,0.0
2025-02-14 14:28:00+09:00,210500.0,210500.0,210000.0,210500.0,4008,0.0,0.0
2025-02-14 14:29:00+09:00,210000.0,210500.0,210000.0,210500.0,2742,0.0,0.0
2025-02-14 14:30:00+09:00,210500.0,210500.0,210000.0,210000.0,3044,0.0,0.0
2025-02-14 14:31:00+09:00,210000.0,210500.0,210000.0,210000.0,10480,0.0,0.0
2025-02-14 14:32:00+09:00,210000.0,210500.0,209500.0,209500.0,14144,0.0,0.0
2025-02-14 14:33:00+09:00,209500.0,210000.0,209500.0,210000.0,1643,0.0,0.0
2025-02-14 14:34:00+09:00,209500.0,210000.0,209500.0,209500.0,1088,0.0,0.0
2025-02-14 14:35:00+09:00,210000.0,210000.0,209500.0,209500.0,3266,0.0,0.0
2025-02-14 14:36:00+09:00,210000.0,210000.0,209500.0,210000.0,5699,0.0,0.0
2025-02-14 14:37:00+09:00,209500.0,210000.0,209500.0,210000.0,2763,0.0,0.0
2025-02-14 14:38:00+09:00,209500.0,210000.0,209500.0,210000.0,8307,0.0,0.0
2025-02-14 14:39:00+09:00,209500.0,210000.0,209000.0,209500.0,19148,0.0,0.0
2025-02-14 14:40:00+09:00,209500.0,209500.0,209000.0,209000.0,1332,0.0,0.0
2025-02-14 14:41:00+09:00,209000.0,209500.0,209000.0,209000.0,6642,0.0,0.0
2025-02-14 14:42:00+09:00,209000.0,209500.0,209000.0,209000.0,5605,0.0,0.0
2025-02-14 14:43:00+09:00,209000.0,209500.0,209000.0,209000.0,1905,0.0,0.0
2025-02-14 14:44:00+09:00,209500.0,210000.0,209000.0,210000.0,8866,0.0,0.0
2025-02-14 14:45:00+09:00,209000.0,210000.0,209000.0,209500.0,5946,0.0,0.0
2025-02-14 14:46:00+09:00,209500.0,210000.0,209500.0,210000.0,1813,0.0,0.0
2025-02-14 14:47:00+09:00,209500.0,210000.0,209500.0,210000.0,2037,0.0,0.0
2025-02-14 14:48:00+09:00,209500.0,210000.0,209500.0,209500.0,1433,0.0,0.0
2025-02-14 14:49:00+09:00,209500.0,210000.0,209500.0,209500.0,4792,0.0,0.0
2025-02-14 14:50:00+09:00,209500.0,210000.0,209000.0,209500.0,9314,0.0,0.0
2025-02-14 14:51:00+09:00,209500.0,210000.0,209500.0,210000.0,9261,0.0,0.0
2025-02-14 14:52:00+09:00,210000.0,210000.0,209500.0,209500.0,3974,0.0,0.0
2025-02-14 14:53:00+09:00,210000.0,210000.0,209500.0,209500.0,1890,0.0,0.0
2025-02-14 14:54:00+09:00,209500.0,210000.0,209500.0,210000.0,2464,0.0,0.0
2025-02-14 14:55:00+09:00,210000.0,210000.0,209500.0,209500.0,1999,0.0,0.0
2025-02-14 14:56:00+09:00,210000.0,210000.0,209000.0,210000.0,11062,0.0,0.0
2025-02-14 14:57:00+09:00,209500.0,210000.0,209500.0,209500.0,3023,0.0,0.0
2025-02-14 14:58:00+09:00,210000.0,210000.0,209500.0,210000.0,2132,0.0,0.0
2025-02-14 14:59:00+09:00,209500.0,210000.0,209500.0,209500.0,2379,0.0,0.0
2025-02-17 09:00:00+09:00,211500.0,212000.0,211000.0,212000.0,0,0.0,0.0
2025-02-17 09:01:00+09:00,212000.0,213500.0,211500.0,213000.0,34888,0.0,0.0
2025-02-17 09:02:00+09:00,212500.0,213000.0,212500.0,212500.0,23258,0.0,0.0
2025-02-17 09:03:00+09:00,212500.0,214000.0,212500.0,214000.0,26364,0.0,0.0
2025-02-17 09:04:00+09:00,214000.0,215000.0,213500.0,214500.0,37700,0.0,0.0
2025-02-17 09:05:00+09:00,215000.0,215000.0,214000.0,214500.0,28574,0.0,0.0
2025-02-17 09:06:00+09:00,214500.0,214500.0,214000.0,214500.0,8622,0.0,0.0
2025-02-17 09:07:00+09:00,214500.0,214500.0,214000.0,214500.0,10713,0.0,0.0
2025-02-17 09:08:00+09:00,214000.0,215000.0,214000.0,214500.0,22651,0.0,0.0
2025-02-17 09:09:00+09:00,215000.0,215000.0,214500.0,215000.0,10903,0.0,0.0
2025-02-17 09:10:00+09:00,214500.0,215000.0,214000.0,214500.0,29033,0.0,0.0
2025-02-17 09:11:00+09:00,214000.0,214500.0,214000.0,214500.0,14204,0.0,0.0
2025-02-17 09:12:00+09:00,214500.0,214500.0,214000.0,214000.0,5187,0.0,0.0
2025-02-17 09:13:00+09:00,214000.0,214500.0,213000.0,213500.0,19448,0.0,0.0
2025-02-17 09:14:00+09:00,213500.0,213500.0,213000.0,213000.0,10116,0.0,0.0
2025-02-17 09:15:00+09:00,213000.0,213500.0,213000.0,213000.0,7428,0.0,0.0
2025-02-17 09:16:00+09:00,213500.0,214000.0,213000.0,213500.0,22982,0.0,0.0
2025-02-17 09:17:00+09:00,214000.0,214000.0,213500.0,214000.0,3706,0.0,0.0
2025-02-17 09:18:00+09:00,213500.0,214000.0,213500.0,214000.0,5366,0.0,0.0
2025-02-17 09:19:00+09:00,213500.0,214000.0,212500.0,212500.0,25063,0.0,0.0
2025-02-17 09:20:00+09:00,212500.0,213000.0,212000.0,212000.0,16284,0.0,0.0
2025-02-17 09:21:00+09:00,212000.0,212500.0,212000.0,212000.0,6206,0.0,0.0
2025-02-17 09:22:00+09:00,212000.0,213000.0,212000.0,213000.0,12679,0.0,0.0
2025-02-17 09:23:00+09:00,213000.0,213000.0,212500.0,212500.0,2597,0.0,0.0
2025-02-17 09:24:00+09:00,213000.0,213000.0,212500.0,213000.0,2636,0.0,0.0
2025-02-17 09:25:00+09:00,213000.0,213000.0,212500.0,213000.0,2305,0.0,0.0
2025-02-17 09:26:00+09:00,212500.0,213000.0,212500.0,212500.0,4006,0.0,0.0
2025-02-17 09:27:00+09:00,213000.0,213000.0,212500.0,212500.0,3160,0.0,0.0
2025-02-17 09:28:00+09:00,212500.0,213000.0,212500.0,212500.0,3734,0.0,0.0
2025-02-17 09:29:00+09:00,212500.0,213000.0,212500.0,213000.0,5164,0.0,0.0
2025-02-17 09:30:00+09:00,213000.0,213000.0,212500.0,212500.0,3483,0.0,0.0
2025-02-17 09:31:00+09:00,213000.0,213500.0,212500.0,213500.0,32820,0.0,0.0
2025-02-17 09:32:00+09:00,213500.0,213500.0,213000.0,213500.0,6910,0.0,0.0
2025-02-17 09:33:00+09:00,213500.0,214500.0,213000.0,214500.0,64740,0.0,0.0
2025-02-17 09:34:00+09:00,214500.0,214500.0,214000.0,214500.0,4802,0.0,0.0
2025-02-17 09:35:00+09:00,214500.0,215000.0,214000.0,214500.0,20199,0.0,0.0
2025-02-17 09:36:00+09:00,215000.0,215000.0,214500.0,215000.0,3598,0.0,0.0
2025-02-17 09:37:00+09:00,214500.0,215000.0,214500.0,215000.0,6642,0.0,0.0
2025-02-17 09:38:00+09:00,215000.0,215000.0,214500.0,214500.0,8663,0.0,0.0
2025-02-17 09:39:00+09:00,215000.0,215000.0,214500.0,214500.0,6164,0.0,0.0
2025-02-17 09:40:00+09:00,215000.0,215000.0,214500.0,215000.0,6527,0.0,0.0
2025-02-17 09:41:00+09:00,215000.0,215000.0,214500.0,214500.0,10484,0.0,0.0
2025-02-17 09:42:00+09:00,215000.0,215000.0,214500.0,215000.0,5083,0.0,0.0
2025-02-17 09:43:00+09:00,215000.0,215000.0,214500.0,214500.0,6923,0.0,0.0
2025-02-17 09:44:00+09:00,214500.0,215000.0,214500.0,214500.0,4173,0.0,0.0
2025-02-17 09:45:00+09:00,214500.0,215000.0,214000.0,214000.0,15501,0.0,0.0
2025-02-17 09:46:00+09:00,214500.0,214500.0,213000.0,213000.0,20765,0.0,0.0
2025-02-17 09:47:00+09:00,213000.0,213500.0,213000.0,213000.0,7085,0.0,0.0
2025-02-17 09:48:00+09:00,213000.0,214000.0,213000.0,213500.0,17360,0.0,0.0
2025-02-17 09:49:00+09:00,213500.0,214000.0,213500.0,213500.0,3756,0.0,0.0
2025-02-17 09:50:00+09:00,213500.0,214000.0,213500.0,214000.0,1343,0.0,0.0
2025-02-17 09:51:00+09:00,214000.0,214000.0,213500.0,214000.0,1898,0.0,0.0
2025-02-17 09:52:00+09:00,213500.0,214000.0,213500.0,213500.0,3517,0.0,0.0
2025-02-17 09:53:00+09:00,213500.0,214000.0,213500.0,214000.0,2096,0.0,0.0
2025-02-17 09:54:00+09:00,214000.0,214000.0,213500.0,214000.0,1674,0.0,0.0
2025-02-17 09:55:00+09:00,214000.0,214000.0,213500.0,213500.0,2001,0.0,0.0
2025-02-17 09:56:00+09:00,214000.0,214000.0,213000.0,213000.0,17776,0.0,0.0
2025-02-17 09:57:00+09:00,213000.0,213500.0,213000.0,213000.0,843,0.0,0.0
2025-02-17 09:58:00+09:00,213500.0,213500.0,213000.0,213000.0,4704,0.0,0.0
2025-02-17 09:59:00+09:00,213500.0,213500.0,213000.0,213000.0,1829,0.0,0.0
2025-02-17 10:00:00+09:00,213000.0,213500.0,213000.0,213500.0,3100,0.0,0.0
2025-02-17 10:01:00+09:00,213500.0,213500.0,213000.0,213500.0,3005,0.0,0.0
2025-02-17 10:02:00+09:00,213500.0,213500.0,213000.0,213500.0,4067,0.0,0.0
2025-02-17 10:03:00+09:00,213000.0,213500.0,213000.0,213500.0,3225,0.0,0.0
2025-02-17 10:04:00+09:00,213500.0,213500.0,213000.0,213500.0,2033,0.0,0.0
2025-02-17 10:05:00+09:00,213500.0,213500.0,213000.0,213500.0,8414,0.0,0.0
2025-02-17 10:06:00+09:00,213500.0,214000.0,213000.0,214000.0,21400,0.0,0.0
2025-02-17 10:07:00+09:00,213500.0,214000.0,213000.0,213500.0,15084,0.0,0.0
2025-02-17 10:08:00+09:00,213500.0,213500.0,213000.0,213000.0,8210,0.0,0.0
2025-02-17 10:09:00+09:00,213000.0,213500.0,213000.0,213000.0,1405,0.0,0.0
2025-02-17 10:10:00+09:00,213000.0,213500.0,213000.0,213000.0,4040,0.0,0.0
2025-02-17 10:11:00+09:00,213000.0,213500.0,213000.0,213500.0,3461,0.0,0.0
2025-02-17 10:12:00+09:00,213000.0,213500.0,213000.0,213500.0,4905,0.0,0.0
2025-02-17 10:13:00+09:00,213000.0,213500.0,213000.0,213000.0,2772,0.0,0.0
2025-02-17 10:14:00+09:00,213500.0,214000.0,213000.0,214000.0,12045,0.0,0.0
2025-02-17 10:15:00+09:00,214000.0,214000.0,213500.0,213500.0,2291,0.0,0.0
2025-02-17 10:16:00+09:00,214000.0,214000.0,213000.0,213500.0,5944,0.0,0.0
2025-02-17 10:17:00+09:00,213000.0,213500.0,213000.0,213500.0,1530,0.0,0.0
2025-02-17 10:18:00+09:00,213000.0,213500.0,213000.0,213000.0,2035,0.0,0.0
2025-02-17 10:19:00+09:00,213500.0,213500.0,213000.0,213500.0,2184,0.0,0.0
2025-02-17 10:20:00+09:00,213500.0,213500.0,213000.0,213500.0,3180,0.0,0.0
2025-02-17 10:21:00+09:00,213500.0,213500.0,213000.0,213500.0,4107,0.0,0.0
2025-02-17 10:22:00+09:00,213500.0,213500.0,213000.0,213500.0,6110,0.0,0.0
2025-02-17 10:23:00+09:00,214000.0,214000.0,213500.0,214000.0,3353,0.0,0.0
2025-02-17 10:24:00+09:00,214000.0,214000.0,213500.0,213500.0,1882,0.0,0.0
2025-02-17 10:25:00+09:00,214000.0,214000.0,213500.0,214000.0,1602,0.0,0.0
2025-02-17 10:26:00+09:00,213500.0,214000.0,213000.0,213500.0,14491,0.0,0.0
2025-02-17 10:27:00+09:00,213000.0,214500.0,213000.0,214500.0,31056,0.0,0.0
2025-02-17 10:28:00+09:00,214000.0,214500.0,214000.0,214000.0,7421,0.0,0.0
2025-02-17 10:29:00+09:00,214500.0,214500.0,214000.0,214500.0,2950,0.0,0.0
2025-02-17 10:30:00+09:00,214500.0,215000.0,214000.0,215000.0,27347,0.0,0.0
2025-02-17 10:31:00+09:00,215000.0,216000.0,214500.0,216000.0,102880,0.0,0.0
2025-02-17 10:32:00+09:00,216000.0,216000.0,215500.0,216000.0,15000,0.0,0.0
2025-02-17 10:33:00+09:00,215500.0,216000.0,215500.0,215500.0,3537,0.0,0.0
2025-02-17 10:34:00+09:00,215500.0,216000.0,215500.0,215500.0,7695,0.0,0.0
2025-02-17 10:35:00+09:00,215500.0,216000.0,215000.0,215000.0,5002,0.0,0.0
2025-02-17 10:36:00+09:00,215000.0,215500.0,215000.0,215500.0,2504,0.0,0.0
2025-02-17 10:37:00+09:00,215500.0,215500.0,215000.0,215500.0,2370,0.0,0.0
2025-02-17 10:38:00+09:00,215500.0,216000.0,215000.0,215500.0,9580,0.0,0.0
2025-02-17 10:39:00+09:00,216000.0,216000.0,215500.0,215500.0,3951,0.0,0.0
2025-02-17 10:40:00+09:00,215500.0,216000.0,215500.0,215500.0,1677,0.0,0.0
2025-02-17 10:41:00+09:00,216000.0,216000.0,215500.0,216000.0,1999,0.0,0.0
2025-02-17 10:42:00+09:00,216000.0,216000.0,215000.0,215000.0,11440,0.0,0.0
2025-02-17 10:43:00+09:00,215500.0,215500.0,214500.0,214500.0,25582,0.0,0.0
2025-02-17 10:44:00+09:00,214500.0,215000.0,214500.0,215000.0,2169,0.0,0.0
2025-02-17 10:45:00+09:00,214500.0,215000.0,214500.0,214500.0,3390,0.0,0.0
2025-02-17 10:46:00+09:00,215000.0,215000.0,214500.0,215000.0,1962,0.0,0.0
2025-02-17 10:47:00+09:00,214500.0,215000.0,214500.0,214500.0,2451,0.0,0.0
2025-02-17 10:48:00+09:00,215000.0,215000.0,214500.0,214500.0,2385,0.0,0.0
2025-02-17 10:49:00+09:00,215000.0,215000.0,214500.0,215000.0,1508,0.0,0.0
2025-02-17 10:50:00+09:00,214500.0,215000.0,214500.0,214500.0,1993,0.0,0.0
2025-02-17 10:51:00+09:00,214500.0,215000.0,214500.0,214500.0,2573,0.0,0.0
2025-02-17 10:52:00+09:00,214500.0,215000.0,214500.0,215000.0,2568,0.0,0.0
2025-02-17 10:53:00+09:00,214500.0,215000.0,214500.0,215000.0,2327,0.0,0.0
2025-02-17 10:54:00+09:00,215000.0,215000.0,214500.0,215000.0,3338,0.0,0.0
2025-02-17 10:55:00+09:00,215000.0,215500.0,214500.0,215000.0,14576,0.0,0.0
2025-02-17 10:56:00+09:00,215500.0,215500.0,214500.0,215000.0,16324,0.0,0.0
2025-02-17 10:57:00+09:00,215000.0,215000.0,214500.0,214500.0,1689,0.0,0.0
2025-02-17 10:58:00+09:00,215000.0,215000.0,214500.0,215000.0,1881,0.0,0.0
2025-02-17 10:59:00+09:00,215000.0,215000.0,214500.0,215000.0,2987,0.0,0.0
2025-02-17 11:00:00+09:00,215000.0,215000.0,214500.0,214500.0,1913,0.0,0.0
2025-02-17 11:01:00+09:00,215000.0,215000.0,214500.0,215000.0,3625,0.0,0.0
2025-02-17 11:02:00+09:00,215000.0,215000.0,214500.0,215000.0,2642,0.0,0.0
2025-02-17 11:03:00+09:00,215000.0,215000.0,214000.0,214000.0,17917,0.0,0.0
2025-02-17 11:04:00+09:00,214000.0,214500.0,213500.0,213500.0,17119,0.0,0.0
2025-02-17 11:05:00+09:00,213500.0,214000.0,213500.0,214000.0,5149,0.0,0.0
2025-02-17 11:06:00+09:00,214000.0,214000.0,213500.0,214000.0,1814,0.0,0.0
2025-02-17 11:07:00+09:00,214000.0,214000.0,213500.0,213500.0,3407,0.0,0.0
2025-02-17 11:08:00+09:00,214000.0,214000.0,213500.0,213500.0,972,0.0,0.0
2025-02-17 11:09:00+09:00,214000.0,214000.0,213500.0,213500.0,2691,0.0,0.0
2025-02-17 11:10:00+09:00,213500.0,214500.0,213500.0,214000.0,14852,0.0,0.0
2025-02-17 11:11:00+09:00,214000.0,214500.0,213500.0,214000.0,2069,0.0,0.0
2025-02-17 11:12:00+09:00,214500.0,214500.0,213500.0,214000.0,3325,0.0,0.0
2025-02-17 11:13:00+09:00,213500.0,214000.0,213500.0,213500.0,2167,0.0,0.0
2025-02-17 11:14:00+09:00,214000.0,214000.0,213500.0,213500.0,2166,0.0,0.0
2025-02-17 11:15:00+09:00,214000.0,214000.0,213500.0,214000.0,1818,0.0,0.0
2025-02-17 11:16:00+09:00,214000.0,214500.0,213500.0,214000.0,4541,0.0,0.0
2025-02-17 11:17:00+09:00,214000.0,214500.0,213500.0,214500.0,5894,0.0,0.0
2025-02-17 11:18:00+09:00,214500.0,214500.0,213500.0,213500.0,6442,0.0,0.0
2025-02-17 11:19:00+09:00,213500.0,214000.0,213500.0,213500.0,14777,0.0,0.0
2025-02-17 11:20:00+09:00,214000.0,214000.0,213000.0,213500.0,3857,0.0,0.0
2025-02-17 11:21:00+09:00,213500.0,213500.0,213000.0,213000.0,1631,0.0,0.0
2025-02-17 11:22:00+09:00,213000.0,213500.0,213000.0,213000.0,1927,0.0,0.0
2025-02-17 11:23:00+09:00,213500.0,214000.0,213000.0,214000.0,6487,0.0,0.0
2025-02-17 11:24:00+09:00,213500.0,214000.0,213500.0,214000.0,1281,0.0,0.0
2025-02-17 11:25:00+09:00,214000.0,214000.0,213000.0,213000.0,9741,0.0,0.0
2025-02-17 11:26:00+09:00,213000.0,213500.0,213000.0,213500.0,2536,0.0,0.0
2025-02-17 11:27:00+09:00,213000.0,214000.0,213000.0,213500.0,6473,0.0,0.0
2025-02-17 11:28:00+09:00,213500.0,214000.0,213000.0,213500.0,5809,0.0,0.0
2025-02-17 11:29:00+09:00,213000.0,213500.0,213000.0,213000.0,1697,0.0,0.0
2025-02-17 11:30:00+09:00,213500.0,214000.0,213000.0,213500.0,3845,0.0,0.0
2025-02-17 11:31:00+09:00,213500.0,214000.0,213000.0,213000.0,3195,0.0,0.0
2025-02-17 11:32:00+09:00,213500.0,213500.0,213000.0,213500.0,1132,0.0,0.0
2025-02-17 11:33:00+09:00,213500.0,213500.0,213000.0,213500.0,1823,0.0,0.0
2025-02-17 11:34:00+09:00,213500.0,214000.0,213000.0,213500.0,17781,0.0,0.0
2025-02-17 11:35:00+09:00,213500.0,214000.0,213500.0,213500.0,779,0.0,0.0
2025-02-17 11:36:00+09:00,213500.0,214000.0,213500.0,213500.0,1470,0.0,0.0
2025-02-17 11:37:00+09:00,214000.0,214000.0,213000.0,213500.0,9494,0.0,0.0
2025-02-17 11:38:00+09:00,213000.0,213500.0,213000.0,213500.0,1670,0.0,0.0
2025-02-17 11:39:00+09:00,213500.0,213500.0,213000.0,213500.0,2281,0.0,0.0
2025-02-17 11:40:00+09:00,213500.0,213500.0,213000.0,213500.0,2583,0.0,0.0
2025-02-17 11:41:00+09:00,213000.0,213500.0,213000.0,213000.0,1358,0.0,0.0
2025-02-17 11:42:00+09:00,213000.0,213500.0,213000.0,213500.0,3136,0.0,0.0
2025-02-17 11:43:00+09:00,213500.0,214000.0,213000.0,213500.0,9690,0.0,0.0
2025-02-17 11:44:00+09:00,213500.0,213500.0,213000.0,213000.0,1145,0.0,0.0
2025-02-17 11:45:00+09:00,213500.0,213500.0,213000.0,213000.0,1695,0.0,0.0
2025-02-17 11:46:00+09:00,213500.0,213500.0,212500.0,213000.0,45436,0.0,0.0
2025-02-17 11:47:00+09:00,213000.0,213000.0,212500.0,212500.0,5506,0.0,0.0
2025-02-17 11:48:00+09:00,212500.0,213000.0,212500.0,213000.0,823,0.0,0.0
2025-02-17 11:49:00+09:00,212500.0,213000.0,212500.0,212500.0,31574,0.0,0.0
2025-02-17 11:50:00+09:00,212500.0,213000.0,212000.0,212500.0,3645,0.0,0.0
2025-02-17 11:51:00+09:00,213000.0,213000.0,212500.0,213000.0,1515,0.0,0.0
2025-02-17 11:52:00+09:00,212500.0,213000.0,212500.0,212500.0,789,0.0,0.0
2025-02-17 11:53:00+09:00,212500.0,213000.0,212500.0,212500.0,1436,0.0,0.0
2025-02-17 11:54:00+09:00,212500.0,213000.0,212500.0,213000.0,1801,0.0,0.0
2025-02-17 11:55:00+09:00,213000.0,213000.0,212500.0,213000.0,1848,0.0,0.0
2025-02-17 11:56:00+09:00,213000.0,213000.0,212500.0,213000.0,1758,0.0,0.0
2025-02-17 11:57:00+09:00,213000.0,213000.0,212500.0,212500.0,1217,0.0,0.0
2025-02-17 11:58:00+09:00,212500.0,213000.0,212500.0,212500.0,2091,0.0,0.0
2025-02-17 11:59:00+09:00,213000.0,213000.0,212500.0,213000.0,3171,0.0,0.0
2025-02-17 12:00:00+09:00,213000.0,213000.0,212500.0,213000.0,1882,0.0,0.0
2025-02-17 12:01:00+09:00,213000.0,213000.0,212500.0,213000.0,1394,0.0,0.0
2025-02-17 12:02:00+09:00,213000.0,213000.0,212500.0,213000.0,1746,0.0,0.0
2025-02-17 12:03:00+09:00,212500.0,213000.0,212500.0,212500.0,2639,0.0,0.0
2025-02-17 12:04:00+09:00,213000.0,213000.0,212500.0,213000.0,15759,0.0,0.0
2025-02-17 12:05:00+09:00,213000.0,213500.0,212500.0,213000.0,4252,0.0,0.0
2025-02-17 12:06:00+09:00,213000.0,213500.0,212500.0,212500.0,5978,0.0,0.0
2025-02-17 12:07:00+09:00,213000.0,213000.0,212500.0,212500.0,872,0.0,0.0
2025-02-17 12:08:00+09:00,212500.0,213000.0,212500.0,212500.0,1403,0.0,0.0
2025-02-17 12:09:00+09:00,212500.0,213000.0,212000.0,212000.0,20012,0.0,0.0
2025-02-17 12:10:00+09:00,212500.0,213000.0,212000.0,212500.0,5525,0.0,0.0
2025-02-17 12:11:00+09:00,212500.0,213000.0,212500.0,213000.0,1862,0.0,0.0
2025-02-17 12:12:00+09:00,213000.0,213000.0,212500.0,212500.0,766,0.0,0.0
2025-02-17 12:13:00+09:00,213000.0,213000.0,212500.0,213000.0,665,0.0,0.0
2025-02-17 12:14:00+09:00,212500.0,213000.0,212500.0,213000.0,1254,0.0,0.0
2025-02-17 12:15:00+09:00,213000.0,213000.0,212500.0,213000.0,2056,0.0,0.0
2025-02-17 12:16:00+09:00,213000.0,213000.0,212500.0,213000.0,1476,0.0,0.0
2025-02-17 12:17:00+09:00,212500.0,213000.0,212500.0,213000.0,1865,0.0,0.0
2025-02-17 12:18:00+09:00,213000.0,213000.0,212500.0,212500.0,2142,0.0,0.0
2025-02-17 12:19:00+09:00,213000.0,213000.0,212500.0,212500.0,1849,0.0,0.0
2025-02-17 12:20:00+09:00,213000.0,213000.0,212500.0,212500.0,1866,0.0,0.0
2025-02-17 12:21:00+09:00,213000.0,213000.0,212500.0,213000.0,2074,0.0,0.0
2025-02-17 12:22:00+09:00,213000.0,213000.0,212500.0,213000.0,1895,0.0,0.0
2025-02-17 12:23:00+09:00,213000.0,213000.0,212500.0,213000.0,2503,0.0,0.0
2025-02-17 12:24:00+09:00,213000.0,213500.0,212500.0,213000.0,17670,0.0,0.0
2025-02-17 12:25:00+09:00,213500.0,213500.0,213000.0,213000.0,4680,0.0,0.0
2025-02-17 12:26:00+09:00,213000.0,213500.0,213000.0,213500.0,1860,0.0,0.0
2025-02-17 12:27:00+09:00,213000.0,213500.0,213000.0,213500.0,1740,0.0,0.0
2025-02-17 12:28:00+09:00,213500.0,213500.0,213000.0,213500.0,9310,0.0,0.0
2025-02-17 12:29:00+09:00,213000.0,213500.0,213000.0,213500.0,3220,0.0,0.0
2025-02-17 12:30:00+09:00,213500.0,214000.0,213000.0,213500.0,9727,0.0,0.0
2025-02-17 12:31:00+09:00,214000.0,214000.0,213500.0,214000.0,832,0.0,0.0
2025-02-17 12:32:00+09:00,214000.0,214000.0,213500.0,214000.0,1798,0.0,0.0
2025-02-17 12:33:00+09:00,214000.0,214000.0,213500.0,214000.0,984,0.0,0.0
2025-02-17 12:34:00+09:00,214000.0,214000.0,213500.0,214000.0,1994,0.0,0.0
2025-02-17 12:35:00+09:00,214000.0,214000.0,213500.0,213500.0,3642,0.0,0.0
2025-02-17 12:36:00+09:00,214000.0,214000.0,213500.0,214000.0,1677,0.0,0.0
2025-02-17 12:37:00+09:00,214000.0,214000.0,213500.0,213500.0,2115,0.0,0.0
2025-02-17 12:38:00+09:00,214000.0,214000.0,213500.0,213500.0,1506,0.0,0.0
2025-02-17 12:39:00+09:00,214000.0,214000.0,213500.0,214000.0,3573,0.0,0.0
2025-02-17 12:40:00+09:00,214000.0,214000.0,213500.0,213500.0,2327,0.0,0.0
2025-02-17 12:41:00+09:00,213500.0,214000.0,213500.0,214000.0,2241,0.0,0.0
2025-02-17 12:42:00+09:00,213500.0,214000.0,213500.0,214000.0,1477,0.0,0.0
2025-02-17 12:43:00+09:00,214000.0,214000.0,213500.0,214000.0,1821,0.0,0.0
2025-02-17 12:44:00+09:00,214000.0,214000.0,213500.0,213500.0,5417,0.0,0.0
2025-02-17 12:45:00+09:00,214000.0,214000.0,213500.0,214000.0,3430,0.0,0.0
2025-02-17 12:46:00+09:00,214000.0,214000.0,213500.0,214000.0,1558,0.0,0.0
2025-02-17 12:47:00+09:00,214000.0,214000.0,213500.0,214000.0,2079,0.0,0.0
2025-02-17 12:48:00+09:00,213500.0,214000.0,213500.0,214000.0,1461,0.0,0.0
2025-02-17 12:49:00+09:00,214000.0,214000.0,213500.0,213500.0,1258,0.0,0.0
2025-02-17 12:50:00+09:00,213500.0,214000.0,213500.0,213500.0,1951,0.0,0.0
2025-02-17 12:51:00+09:00,213500.0,214000.0,213500.0,214000.0,1528,0.0,0.0
2025-02-17 12:52:00+09:00,214000.0,214000.0,213500.0,214000.0,1193,0.0,0.0
2025-02-17 12:53:00+09:00,214000.0,214000.0,213500.0,213500.0,2270,0.0,0.0
2025-02-17 12:54:00+09:00,214000.0,214000.0,213500.0,214000.0,1999,0.0,0.0
2025-02-17 12:55:00+09:00,214000.0,214000.0,213500.0,214000.0,691,0.0,0.0
2025-02-17 12:56:00+09:00,214000.0,214000.0,213500.0,214000.0,1497,0.0,0.0
2025-02-17 12:57:00+09:00,214000.0,214000.0,213500.0,214000.0,2052,0.0,0.0
2025-02-17 12:58:00+09:00,214000.0,214000.0,213500.0,213500.0,2701,0.0,0.0
2025-02-17 12:59:00+09:00,214000.0,214000.0,213000.0,213500.0,35744,0.0,0.0
2025-02-17 13:00:00+09:00,213500.0,213500.0,213000.0,213000.0,2961,0.0,0.0
2025-02-17 13:01:00+09:00,213000.0,213500.0,213000.0,213000.0,474,0.0,0.0
2025-02-17 13:02:00+09:00,213000.0,213500.0,213000.0,213000.0,1128,0.0,0.0
2025-02-17 13:03:00+09:00,213000.0,213500.0,213000.0,213000.0,928,0.0,0.0
2025-02-17 13:04:00+09:00,213000.0,213500.0,213000.0,213000.0,2586,0.0,0.0
2025-02-17 13:05:00+09:00,213500.0,213500.0,213000.0,213500.0,1812,0.0,0.0
2025-02-17 13:06:00+09:00,213000.0,213500.0,213000.0,213500.0,3521,0.0,0.0
2025-02-17 13:07:00+09:00,213500.0,213500.0,213000.0,213500.0,1514,0.0,0.0
2025-02-17 13:08:00+09:00,213500.0,213500.0,213000.0,213500.0,749,0.0,0.0
2025-02-17 13:09:00+09:00,213500.0,213500.0,213000.0,213000.0,1179,0.0,0.0
2025-02-17 13:10:00+09:00,213000.0,213500.0,213000.0,213000.0,2189,0.0,0.0
2025-02-17 13:11:00+09:00,213500.0,213500.0,213000.0,213500.0,1518,0.0,0.0
2025-02-17 13:12:00+09:00,213000.0,213500.0,213000.0,213000.0,1171,0.0,0.0
2025-02-17 13:13:00+09:00,213000.0,213500.0,213000.0,213000.0,1731,0.0,0.0
2025-02-17 13:14:00+09:00,213000.0,213500.0,213000.0,213000.0,1479,0.0,0.0
2025-02-17 13:15:00+09:00,213500.0,213500.0,213000.0,213000.0,1866,0.0,0.0
2025-02-17 13:16:00+09:00,213000.0,213500.0,213000.0,213500.0,2376,0.0,0.0
2025-02-17 13:17:00+09:00,213500.0,213500.0,213000.0,213500.0,4156,0.0,0.0
2025-02-17 13:18:00+09:00,213000.0,213500.0,213000.0,213000.0,1703,0.0,0.0
2025-02-17 13:19:00+09:00,213500.0,213500.0,213000.0,213500.0,1903,0.0,0.0
2025-02-17 13:20:00+09:00,213500.0,213500.0,213000.0,213500.0,1289,0.0,0.0
2025-02-17 13:21:00+09:00,213000.0,213500.0,213000.0,213500.0,6287,0.0,0.0
2025-02-17 13:22:00+09:00,213500.0,213500.0,213000.0,213000.0,1234,0.0,0.0
2025-02-17 13:23:00+09:00,213000.0,213500.0,213000.0,213000.0,1513,0.0,0.0
2025-02-17 13:24:00+09:00,213000.0,213500.0,213000.0,213000.0,6571,0.0,0.0
2025-02-17 13:25:00+09:00,213000.0,213500.0,213000.0,213500.0,1181,0.0,0.0
2025-02-17 13:26:00+09:00,213500.0,213500.0,213000.0,213500.0,1384,0.0,0.0
2025-02-17 13:27:00+09:00,213500.0,213500.0,213000.0,213500.0,4544,0.0,0.0
2025-02-17 13:28:00+09:00,213000.0,213500.0,213000.0,213000.0,4022,0.0,0.0
2025-02-17 13:29:00+09:00,213000.0,213500.0,213000.0,213000.0,5810,0.0,0.0
2025-02-17 13:30:00+09:00,213000.0,213500.0,212500.0,213000.0,2466,0.0,0.0
2025-02-17 13:31:00+09:00,212500.0,213000.0,212500.0,213000.0,1579,0.0,0.0
2025-02-17 13:32:00+09:00,213000.0,213000.0,212500.0,212500.0,1398,0.0,0.0
2025-02-17 13:33:00+09:00,212500.0,213000.0,212500.0,212500.0,2910,0.0,0.0
2025-02-17 13:34:00+09:00,212500.0,213000.0,212500.0,212500.0,1274,0.0,0.0
2025-02-17 13:35:00+09:00,212500.0,213000.0,212500.0,213000.0,1490,0.0,0.0
2025-02-17 13:36:00+09:00,212500.0,213000.0,212500.0,212500.0,1843,0.0,0.0
2025-02-17 13:37:00+09:00,212500.0,213000.0,212500.0,212500.0,1757,0.0,0.0
2025-02-17 13:38:00+09:00,213000.0,213000.0,212500.0,212500.0,1494,0.0,0.0
2025-02-17 13:39:00+09:00,212500.0,213000.0,212500.0,212500.0,2275,0.0,0.0
2025-02-17 13:40:00+09:00,213000.0,213000.0,212500.0,213000.0,3962,0.0,0.0
2025-02-17 13:41:00+09:00,212500.0,213000.0,212500.0,213000.0,5320,0.0,0.0
2025-02-17 13:42:00+09:00,212500.0,213000.0,212500.0,212500.0,1617,0.0,0.0
2025-02-17 13:43:00+09:00,213000.0,213000.0,212500.0,213000.0,2041,0.0,0.0
2025-02-17 13:44:00+09:00,213000.0,213000.0,212500.0,213000.0,1881,0.0,0.0
2025-02-17 13:45:00+09:00,213000.0,213000.0,212500.0,213000.0,2756,0.0,0.0
2025-02-17 13:46:00+09:00,212500.0,213000.0,212500.0,212500.0,2277,0.0,0.0
2025-02-17 13:47:00+09:00,212500.0,213000.0,212500.0,212500.0,4922,0.0,0.0
2025-02-17 13:48:00+09:00,212500.0,213000.0,212500.0,213000.0,2288,0.0,0.0
2025-02-17 13:49:00+09:00,212500.0,213000.0,212500.0,212500.0,2500,0.0,0.0
2025-02-17 13:50:00+09:00,212500.0,213000.0,212500.0,213000.0,3097,0.0,0.0
2025-02-17 13:51:00+09:00,213000.0,213000.0,212500.0,213000.0,2560,0.0,0.0
2025-02-17 13:52:00+09:00,212500.0,213000.0,212500.0,213000.0,2548,0.0,0.0
2025-02-17 13:53:00+09:00,213000.0,213000.0,212500.0,213000.0,21577,0.0,0.0
2025-02-17 13:54:00+09:00,213000.0,213500.0,212500.0,213500.0,21269,0.0,0.0
2025-02-17 13:55:00+09:00,213000.0,213500.0,213000.0,213500.0,1061,0.0,0.0
2025-02-17 13:56:00+09:00,213500.0,213500.0,213000.0,213500.0,2008,0.0,0.0
2025-02-17 13:57:00+09:00,213500.0,213500.0,213000.0,213500.0,2015,0.0,0.0
2025-02-17 13:58:00+09:00,213000.0,213500.0,213000.0,213000.0,1142,0.0,0.0
2025-02-17 13:59:00+09:00,213000.0,213500.0,212500.0,213500.0,35589,0.0,0.0
2025-02-17 14:00:00+09:00,213500.0,213500.0,212500.0,212500.0,3811,0.0,0.0
2025-02-17 14:01:00+09:00,213000.0,213000.0,212500.0,213000.0,2878,0.0,0.0
2025-02-17 14:02:00+09:00,212500.0,213000.0,212500.0,213000.0,3229,0.0,0.0
2025-02-17 14:03:00+09:00,213000.0,213000.0,212500.0,212500.0,2343,0.0,0.0
2025-02-17 14:04:00+09:00,213000.0,213000.0,212500.0,213000.0,1316,0.0,0.0
2025-02-17 14:05:00+09:00,213000.0,213000.0,212500.0,213000.0,3060,0.0,0.0
2025-02-17 14:06:00+09:00,213000.0,213000.0,212500.0,212500.0,3170,0.0,0.0
2025-02-17 14:07:00+09:00,213000.0,213000.0,212500.0,212500.0,1575,0.0,0.0
2025-02-17 14:08:00+09:00,213000.0,213000.0,212500.0,213000.0,1754,0.0,0.0
2025-02-17 14:09:00+09:00,212500.0,213000.0,212500.0,212500.0,2309,0.0,0.0
2025-02-17 14:10:00+09:00,212500.0,213500.0,212500.0,213000.0,16051,0.0,0.0
2025-02-17 14:11:00+09:00,213000.0,213500.0,213000.0,213000.0,1153,0.0,0.0
2025-02-17 14:12:00+09:00,213500.0,213500.0,213000.0,213500.0,1245,0.0,0.0
2025-02-17 14:13:00+09:00,213500.0,213500.0,213000.0,213000.0,1261,0.0,0.0
2025-02-17 14:14:00+09:00,213500.0,213500.0,213000.0,213000.0,1477,0.0,0.0
2025-02-17 14:15:00+09:00,213500.0,213500.0,213000.0,213500.0,1682,0.0,0.0
2025-02-17 14:16:00+09:00,213500.0,213500.0,213000.0,213500.0,2049,0.0,0.0
2025-02-17 14:17:00+09:00,213000.0,213500.0,213000.0,213500.0,1972,0.0,0.0
2025-02-17 14:18:00+09:00,213000.0,213500.0,213000.0,213000.0,1207,0.0,0.0
2025-02-17 14:19:00+09:00,213000.0,213500.0,213000.0,213500.0,1359,0.0,0.0
2025-02-17 14:20:00+09:00,213000.0,213500.0,213000.0,213500.0,1443,0.0,0.0
2025-02-17 14:21:00+09:00,213500.0,213500.0,213000.0,213500.0,1775,0.0,0.0
2025-02-17 14:22:00+09:00,213000.0,213500.0,213000.0,213000.0,1608,0.0,0.0
2025-02-17 14:23:00+09:00,213500.0,213500.0,213000.0,213000.0,1822,0.0,0.0
2025-02-17 14:24:00+09:00,213500.0,213500.0,213000.0,213500.0,1591,0.0,0.0
2025-02-17 14:25:00+09:00,213500.0,213500.0,213000.0,213000.0,1833,0.0,0.0
2025-02-17 14:26:00+09:00,213000.0,213500.0,213000.0,213000.0,3138,0.0,0.0
2025-02-17 14:27:00+09:00,213000.0,213500.0,212500.0,212500.0,14637,0.0,0.0
2025-02-17 14:28:00+09:00,212500.0,213000.0,212500.0,212500.0,2483,0.0,0.0
2025-02-17 14:29:00+09:00,212500.0,213000.0,212500.0,212500.0,4138,0.0,0.0
2025-02-17 14:30:00+09:00,212500.0,213000.0,212500.0,213000.0,2048,0.0,0.0
2025-02-17 14:31:00+09:00,212500.0,213000.0,212500.0,213000.0,5598,0.0,0.0
2025-02-17 14:32:00+09:00,213000.0,213000.0,212500.0,212500.0,2604,0.0,0.0
2025-02-17 14:33:00+09:00,212500.0,213000.0,212500.0,212500.0,2096,0.0,0.0
2025-02-17 14:34:00+09:00,212500.0,213000.0,212500.0,213000.0,1216,0.0,0.0
2025-02-17 14:35:00+09:00,212500.0,213000.0,212500.0,212500.0,1295,0.0,0.0
2025-02-17 14:36:00+09:00,212500.0,213000.0,212500.0,213000.0,1576,0.0,0.0
2025-02-17 14:37:00+09:00,212500.0,213000.0,212500.0,213000.0,2261,0.0,0.0
2025-02-17 14:38:00+09:00,212500.0,213000.0,212500.0,212500.0,1553,0.0,0.0
2025-02-17 14:39:00+09:00,213000.0,213000.0,212500.0,213000.0,2026,0.0,0.0
2025-02-17 14:40:00+09:00,212500.0,213000.0,212500.0,212500.0,1997,0.0,0.0
2025-02-17 14:41:00+09:00,213000.0,213000.0,212500.0,213000.0,6327,0.0,0.0
2025-02-17 14:42:00+09:00,212500.0,213000.0,212500.0,213000.0,2682,0.0,0.0
2025-02-17 14:43:00+09:00,212500.0,213000.0,212500.0,213000.0,2246,0.0,0.0
2025-02-17 14:44:00+09:00,212500.0,213000.0,212500.0,213000.0,3101,0.0,0.0
2025-02-17 14:45:00+09:00,212500.0,213000.0,212500.0,213000.0,3411,0.0,0.0
2025-02-17 14:46:00+09:00,212500.0,213000.0,212000.0,212000.0,28516,0.0,0.0
2025-02-17 14:47:00+09:00,212000.0,212500.0,212000.0,212500.0,3495,0.0,0.0
2025-02-17 14:48:00+09:00,212000.0,212500.0,212000.0,212000.0,3369,0.0,0.0
2025-02-17 14:49:00+09:00,212000.0,212500.0,212000.0,212000.0,1542,0.0,0.0
2025-02-17 14:50:00+09:00,212500.0,212500.0,212000.0,212500.0,4131,0.0,0.0
2025-02-17 14:51:00+09:00,212500.0,212500.0,212000.0,212000.0,8366,0.0,0.0
2025-02-17 14:52:00+09:00,212000.0,212500.0,212000.0,212500.0,4923,0.0,0.0
2025-02-17 14:53:00+09:00,212000.0,212500.0,212000.0,212000.0,6359,0.0,0.0
2025-02-17 14:54:00+09:00,212500.0,212500.0,212000.0,212000.0,5183,0.0,0.0
2025-02-17 14:55:00+09:00,212500.0,212500.0,212000.0,212000.0,2904,0.0,0.0
2025-02-17 14:56:00+09:00,212500.0,212500.0,212000.0,212000.0,8492,0.0,0.0
2025-02-17 14:57:00+09:00,212000.0,212500.0,212000.0,212500.0,3007,0.0,0.0
2025-02-17 14:58:00+09:00,212000.0,212500.0,212000.0,212000.0,3235,0.0,0.0
2025-02-17 14:59:00+09:00,212500.0,212500.0,212000.0,212000.0,5938,0.0,0.0
2025-02-18 09:00:00+09:00,212000.0,213000.0,212000.0,213000.0,41362,0.0,0.0
2025-02-18 09:01:00+09:00,213000.0,213500.0,212500.0,213000.0,16916,0.0,0.0
2025-02-18 09:02:00+09:00,213000.0,215000.0,212500.0,213500.0,52273,0.0,0.0
2025-02-18 09:03:00+09:00,213500.0,214500.0,213000.0,214000.0,17154,0.0,0.0
2025-02-18 09:04:00+09:00,214500.0,214500.0,213500.0,213500.0,10327,0.0,0.0
2025-02-18 09:05:00+09:00,214000.0,214000.0,213500.0,214000.0,10727,0.0,0.0
2025-02-18 09:06:00+09:00,213500.0,214000.0,213500.0,214000.0,8562,0.0,0.0
2025-02-18 09:07:00+09:00,213500.0,214000.0,213500.0,214000.0,8898,0.0,0.0
2025-02-18 09:08:00+09:00,214000.0,214000.0,213000.0,213500.0,29399,0.0,0.0
2025-02-18 09:09:00+09:00,213000.0,213500.0,212500.0,212500.0,11501,0.0,0.0
2025-02-18 09:10:00+09:00,212500.0,213000.0,212000.0,212000.0,18216,0.0,0.0
2025-02-18 09:11:00+09:00,212000.0,212000.0,211500.0,211500.0,9655,0.0,0.0
2025-02-18 09:12:00+09:00,212000.0,212000.0,210500.0,211000.0,24918,0.0,0.0
2025-02-18 09:13:00+09:00,211000.0,211500.0,210500.0,211000.0,5768,0.0,0.0
2025-02-18 09:14:00+09:00,210500.0,211000.0,210500.0,210500.0,4501,0.0,0.0
2025-02-18 09:15:00+09:00,210500.0,211000.0,210500.0,210500.0,5894,0.0,0.0
2025-02-18 09:16:00+09:00,211000.0,211000.0,210000.0,210000.0,10583,0.0,0.0
2025-02-18 09:17:00+09:00,210000.0,210500.0,210000.0,210000.0,5074,0.0,0.0
2025-02-18 09:18:00+09:00,210000.0,211000.0,209500.0,210500.0,29900,0.0,0.0
2025-02-18 09:19:00+09:00,210500.0,211000.0,210000.0,210000.0,8014,0.0,0.0
2025-02-18 09:20:00+09:00,210500.0,210500.0,210000.0,210000.0,1670,0.0,0.0
2025-02-18 09:21:00+09:00,210000.0,210500.0,210000.0,210000.0,1641,0.0,0.0
2025-02-18 09:22:00+09:00,210000.0,210500.0,210000.0,210000.0,1850,0.0,0.0
2025-02-18 09:23:00+09:00,210000.0,210500.0,209500.0,209500.0,8582,0.0,0.0
2025-02-18 09:24:00+09:00,209500.0,210000.0,209500.0,209500.0,8893,0.0,0.0
2025-02-18 09:25:00+09:00,209500.0,209500.0,208500.0,209000.0,13479,0.0,0.0
2025-02-18 09:26:00+09:00,209000.0,209500.0,209000.0,209000.0,3129,0.0,0.0
2025-02-18 09:27:00+09:00,209500.0,209500.0,208500.0,209000.0,5586,0.0,0.0
2025-02-18 09:28:00+09:00,208500.0,209500.0,208500.0,208500.0,18334,0.0,0.0
2025-02-18 09:29:00+09:00,209000.0,209000.0,208000.0,208500.0,19707,0.0,0.0
2025-02-18 09:30:00+09:00,208500.0,209000.0,208500.0,208500.0,5143,0.0,0.0
2025-02-18 09:31:00+09:00,208500.0,209000.0,208500.0,209000.0,6746,0.0,0.0
2025-02-18 09:32:00+09:00,208500.0,209000.0,208500.0,209000.0,6398,0.0,0.0
2025-02-18 09:33:00+09:00,208500.0,209500.0,208500.0,209500.0,19063,0.0,0.0
2025-02-18 09:34:00+09:00,209500.0,209500.0,209000.0,209500.0,3268,0.0,0.0
2025-02-18 09:35:00+09:00,209500.0,210000.0,209000.0,209000.0,12063,0.0,0.0
2025-02-18 09:36:00+09:00,209500.0,209500.0,209000.0,209000.0,1411,0.0,0.0
2025-02-18 09:37:00+09:00,209000.0,209500.0,208000.0,208000.0,18416,0.0,0.0
2025-02-18 09:38:00+09:00,208000.0,208500.0,207500.0,208000.0,13640,0.0,0.0
2025-02-18 09:39:00+09:00,208000.0,208000.0,207500.0,207500.0,4514,0.0,0.0
2025-02-18 09:40:00+09:00,207500.0,208000.0,207000.0,207500.0,24013,0.0,0.0
2025-02-18 09:41:00+09:00,207500.0,208000.0,207500.0,207500.0,6655,0.0,0.0
2025-02-18 09:42:00+09:00,207500.0,208000.0,207000.0,207000.0,4563,0.0,0.0
2025-02-18 09:43:00+09:00,207000.0,207500.0,207000.0,207500.0,2333,0.0,0.0
2025-02-18 09:44:00+09:00,207500.0,208000.0,207000.0,207500.0,17638,0.0,0.0
2025-02-18 09:45:00+09:00,207500.0,208000.0,207500.0,207500.0,2309,0.0,0.0
2025-02-18 09:46:00+09:00,207500.0,208000.0,207500.0,207500.0,3704,0.0,0.0
2025-02-18 09:47:00+09:00,207500.0,208000.0,207500.0,207500.0,2097,0.0,0.0
2025-02-18 09:48:00+09:00,208000.0,208000.0,207500.0,207500.0,1764,0.0,0.0
2025-02-18 09:49:00+09:00,207500.0,208000.0,207500.0,207500.0,1753,0.0,0.0
2025-02-18 09:50:00+09:00,207500.0,208000.0,207500.0,207500.0,17932,0.0,0.0
2025-02-18 09:51:00+09:00,208000.0,208000.0,207500.0,208000.0,2549,0.0,0.0
2025-02-18 09:52:00+09:00,208000.0,208000.0,207500.0,207500.0,1708,0.0,0.0
2025-02-18 09:53:00+09:00,208000.0,208000.0,207500.0,208000.0,1591,0.0,0.0
2025-02-18 09:54:00+09:00,207500.0,208000.0,207500.0,207500.0,1289,0.0,0.0
2025-02-18 09:55:00+09:00,207500.0,208000.0,207500.0,208000.0,3581,0.0,0.0
2025-02-18 09:56:00+09:00,207500.0,208000.0,207500.0,208000.0,3420,0.0,0.0
2025-02-18 09:57:00+09:00,207500.0,208000.0,207500.0,207500.0,1297,0.0,0.0
2025-02-18 09:58:00+09:00,207500.0,208000.0,207500.0,208000.0,3557,0.0,0.0
2025-02-18 09:59:00+09:00,207500.0,208000.0,207500.0,207500.0,904,0.0,0.0
2025-02-18 10:00:00+09:00,207500.0,208000.0,207500.0,208000.0,1872,0.0,0.0
2025-02-18 10:01:00+09:00,207500.0,208000.0,207500.0,208000.0,1626,0.0,0.0
2025-02-18 10:02:00+09:00,208000.0,209000.0,207500.0,208500.0,24904,0.0,0.0
2025-02-18 10:03:00+09:00,209000.0,209000.0,208500.0,208500.0,1495,0.0,0.0
2025-02-18 10:04:00+09:00,208500.0,209000.0,208000.0,208000.0,12239,0.0,0.0
2025-02-18 10:05:00+09:00,208500.0,208500.0,207500.0,208000.0,7539,0.0,0.0
2025-02-18 10:06:00+09:00,207500.0,208000.0,207500.0,207500.0,930,0.0,0.0
2025-02-18 10:07:00+09:00,207500.0,208000.0,207500.0,208000.0,1853,0.0,0.0
2025-02-18 10:08:00+09:00,207500.0,208000.0,207500.0,207500.0,1430,0.0,0.0
2025-02-18 10:09:00+09:00,208000.0,208000.0,207500.0,207500.0,1944,0.0,0.0
2025-02-18 10:10:00+09:00,207500.0,208000.0,207500.0,208000.0,1615,0.0,0.0
2025-02-18 10:11:00+09:00,208000.0,208000.0,207500.0,208000.0,1027,0.0,0.0
2025-02-18 10:12:00+09:00,207500.0,209000.0,207500.0,208500.0,14696,0.0,0.0
2025-02-18 10:13:00+09:00,208500.0,209500.0,208500.0,209500.0,3282,0.0,0.0
2025-02-18 10:14:00+09:00,209500.0,209500.0,209000.0,209000.0,1994,0.0,0.0
2025-02-18 10:15:00+09:00,209500.0,209500.0,208500.0,208500.0,3869,0.0,0.0
2025-02-18 10:16:00+09:00,208500.0,209000.0,208500.0,208500.0,993,0.0,0.0
2025-02-18 10:17:00+09:00,208500.0,209000.0,208000.0,208500.0,6474,0.0,0.0
2025-02-18 10:18:00+09:00,208500.0,209000.0,208500.0,209000.0,6319,0.0,0.0
2025-02-18 10:19:00+09:00,209000.0,209000.0,208500.0,209000.0,1735,0.0,0.0
2025-02-18 10:20:00+09:00,208500.0,209000.0,208500.0,209000.0,1488,0.0,0.0
2025-02-18 10:21:00+09:00,208500.0,209000.0,208500.0,209000.0,2018,0.0,0.0
2025-02-18 10:22:00+09:00,208500.0,209000.0,208500.0,208500.0,1308,0.0,0.0
2025-02-18 10:23:00+09:00,208500.0,209000.0,208500.0,208500.0,1574,0.0,0.0
2025-02-18 10:24:00+09:00,208500.0,209000.0,208000.0,208500.0,4001,0.0,0.0
2025-02-18 10:25:00+09:00,208000.0,208500.0,208000.0,208000.0,2289,0.0,0.0
2025-02-18 10:26:00+09:00,208000.0,208500.0,208000.0,208000.0,1625,0.0,0.0
2025-02-18 10:27:00+09:00,208000.0,208500.0,208000.0,208500.0,1808,0.0,0.0
2025-02-18 10:28:00+09:00,208000.0,208500.0,208000.0,208000.0,1208,0.0,0.0
2025-02-18 10:29:00+09:00,208500.0,208500.0,208000.0,208000.0,1137,0.0,0.0
2025-02-18 10:30:00+09:00,208000.0,208500.0,208000.0,208000.0,1110,0.0,0.0
2025-02-18 10:31:00+09:00,208000.0,208500.0,208000.0,208000.0,3870,0.0,0.0
2025-02-18 10:32:00+09:00,208500.0,208500.0,208000.0,208000.0,1130,0.0,0.0
2025-02-18 10:33:00+09:00,208000.0,208500.0,208000.0,208000.0,2541,0.0,0.0
2025-02-18 10:34:00+09:00,208000.0,208500.0,208000.0,208000.0,2704,0.0,0.0
2025-02-18 10:35:00+09:00,208500.0,208500.0,208000.0,208000.0,1413,0.0,0.0
2025-02-18 10:36:00+09:00,208500.0,208500.0,208000.0,208000.0,1167,0.0,0.0
2025-02-18 10:37:00+09:00,208000.0,208500.0,208000.0,208500.0,16030,0.0,0.0
2025-02-18 10:38:00+09:00,208000.0,208500.0,208000.0,208500.0,3865,0.0,0.0
2025-02-18 10:39:00+09:00,208000.0,208500.0,208000.0,208500.0,3706,0.0,0.0
2025-02-18 10:40:00+09:00,208000.0,208500.0,207500.0,208000.0,3744,0.0,0.0
2025-02-18 10:41:00+09:00,207500.0,208000.0,207500.0,208000.0,2048,0.0,0.0
2025-02-18 10:42:00+09:00,208000.0,208000.0,207500.0,207500.0,3711,0.0,0.0
2025-02-18 10:43:00+09:00,207500.0,208000.0,207500.0,208000.0,1714,0.0,0.0
2025-02-18 10:44:00+09:00,207500.0,208500.0,207500.0,208500.0,4709,0.0,0.0
2025-02-18 10:45:00+09:00,208000.0,208500.0,208000.0,208500.0,2235,0.0,0.0
2025-02-18 10:46:00+09:00,208000.0,208500.0,208000.0,208000.0,634,0.0,0.0
2025-02-18 10:47:00+09:00,208000.0,208500.0,207500.0,207500.0,9785,0.0,0.0
2025-02-18 10:48:00+09:00,207500.0,208000.0,207500.0,207500.0,1274,0.0,0.0
2025-02-18 10:49:00+09:00,208000.0,208000.0,207500.0,208000.0,903,0.0,0.0
2025-02-18 10:50:00+09:00,207500.0,208000.0,207500.0,207500.0,2135,0.0,0.0
2025-02-18 10:51:00+09:00,207500.0,208000.0,207500.0,208000.0,5133,0.0,0.0
2025-02-18 10:52:00+09:00,207500.0,208000.0,207500.0,207500.0,1924,0.0,0.0
2025-02-18 10:53:00+09:00,208000.0,208000.0,207500.0,207500.0,2367,0.0,0.0
2025-02-18 10:54:00+09:00,207500.0,208000.0,207500.0,208000.0,893,0.0,0.0
2025-02-18 10:55:00+09:00,207500.0,208000.0,207500.0,207500.0,20986,0.0,0.0
2025-02-18 10:56:00+09:00,207500.0,208000.0,207000.0,207500.0,5568,0.0,0.0
2025-02-18 10:57:00+09:00,208000.0,208000.0,207000.0,207500.0,4034,0.0,0.0
2025-02-18 10:58:00+09:00,207500.0,208000.0,207000.0,207000.0,2540,0.0,0.0
2025-02-18 10:59:00+09:00,207500.0,207500.0,207000.0,207500.0,4414,0.0,0.0
2025-02-18 11:00:00+09:00,207000.0,207500.0,207000.0,207000.0,3372,0.0,0.0
2025-02-18 11:01:00+09:00,207500.0,207500.0,207000.0,207500.0,2935,0.0,0.0
2025-02-18 11:02:00+09:00,207500.0,207500.0,207000.0,207000.0,2629,0.0,0.0
2025-02-18 11:03:00+09:00,207000.0,207500.0,207000.0,207500.0,1202,0.0,0.0
2025-02-18 11:04:00+09:00,207500.0,207500.0,207000.0,207500.0,3215,0.0,0.0
2025-02-18 11:05:00+09:00,207500.0,208000.0,207000.0,207500.0,19478,0.0,0.0
2025-02-18 11:06:00+09:00,208000.0,208000.0,207500.0,208000.0,672,0.0,0.0
2025-02-18 11:07:00+09:00,207500.0,208000.0,207500.0,207500.0,2430,0.0,0.0
2025-02-18 11:08:00+09:00,208000.0,208000.0,207500.0,208000.0,2356,0.0,0.0
2025-02-18 11:09:00+09:00,207500.0,208000.0,207500.0,207500.0,3606,0.0,0.0
2025-02-18 11:10:00+09:00,207500.0,208000.0,207500.0,208000.0,2819,0.0,0.0
2025-02-18 11:11:00+09:00,208000.0,208000.0,207500.0,207500.0,2048,0.0,0.0
2025-02-18 11:12:00+09:00,207500.0,208000.0,207500.0,208000.0,1470,0.0,0.0
2025-02-18 11:13:00+09:00,208000.0,208000.0,207500.0,207500.0,1077,0.0,0.0
2025-02-18 11:14:00+09:00,208000.0,208000.0,207500.0,207500.0,1123,0.0,0.0
2025-02-18 11:15:00+09:00,208000.0,208000.0,207500.0,207500.0,1076,0.0,0.0
2025-02-18 11:16:00+09:00,207500.0,208500.0,207500.0,208500.0,15962,0.0,0.0
2025-02-18 11:17:00+09:00,208500.0,209000.0,208000.0,209000.0,12986,0.0,0.0
2025-02-18 11:18:00+09:00,208500.0,209500.0,208500.0,208500.0,6838,0.0,0.0
2025-02-18 11:19:00+09:00,209000.0,209000.0,208500.0,209000.0,2806,0.0,0.0
2025-02-18 11:20:00+09:00,209000.0,209500.0,208500.0,209000.0,3444,0.0,0.0
2025-02-18 11:21:00+09:00,209000.0,209500.0,209000.0,209500.0,2687,0.0,0.0
2025-02-18 11:22:00+09:00,209500.0,209500.0,209000.0,209000.0,3585,0.0,0.0
2025-02-18 11:23:00+09:00,209500.0,209500.0,208500.0,208500.0,8783,0.0,0.0
2025-02-18 11:24:00+09:00,208500.0,209000.0,208500.0,208500.0,4044,0.0,0.0
2025-02-18 11:25:00+09:00,208500.0,209500.0,208500.0,209000.0,2307,0.0,0.0
2025-02-18 11:26:00+09:00,209000.0,209500.0,209000.0,209500.0,1006,0.0,0.0
2025-02-18 11:27:00+09:00,209000.0,209500.0,209000.0,209500.0,1764,0.0,0.0
2025-02-18 11:28:00+09:00,209000.0,209500.0,209000.0,209000.0,1125,0.0,0.0
2025-02-18 11:29:00+09:00,209500.0,209500.0,208500.0,209000.0,9364,0.0,0.0
2025-02-18 11:30:00+09:00,209000.0,209000.0,208500.0,208500.0,881,0.0,0.0
2025-02-18 11:31:00+09:00,209000.0,209000.0,208500.0,208500.0,3859,0.0,0.0
2025-02-18 11:32:00+09:00,209000.0,209000.0,208500.0,209000.0,3175,0.0,0.0
2025-02-18 11:33:00+09:00,209000.0,209000.0,208500.0,208500.0,1144,0.0,0.0
2025-02-18 11:34:00+09:00,208500.0,209000.0,208500.0,208500.0,1104,0.0,0.0
2025-02-18 11:35:00+09:00,208500.0,209000.0,208500.0,209000.0,876,0.0,0.0
2025-02-18 11:36:00+09:00,208500.0,209000.0,208500.0,208500.0,963,0.0,0.0
2025-02-18 11:37:00+09:00,208500.0,209000.0,208500.0,209000.0,7873,0.0,0.0
2025-02-18 11:38:00+09:00,208500.0,208500.0,208000.0,208000.0,17026,0.0,0.0
2025-02-18 11:39:00+09:00,208500.0,208500.0,207500.0,208000.0,24880,0.0,0.0
2025-02-18 11:40:00+09:00,208000.0,208500.0,208000.0,208000.0,949,0.0,0.0
2025-02-18 11:41:00+09:00,208500.0,208500.0,208000.0,208500.0,2256,0.0,0.0
2025-02-18 11:42:00+09:00,208000.0,208500.0,208000.0,208500.0,1820,0.0,0.0
2025-02-18 11:43:00+09:00,208500.0,208500.0,208000.0,208500.0,1174,0.0,0.0
2025-02-18 11:44:00+09:00,208500.0,208500.0,208000.0,208500.0,1274,0.0,0.0
2025-02-18 11:45:00+09:00,208000.0,208500.0,208000.0,208000.0,1292,0.0,0.0
2025-02-18 11:46:00+09:00,208500.0,208500.0,208000.0,208000.0,2737,0.0,0.0
2025-02-18 11:47:00+09:00,208500.0,208500.0,208000.0,208500.0,1766,0.0,0.0
2025-02-18 11:48:00+09:00,208000.0,208500.0,208000.0,208500.0,1547,0.0,0.0
2025-02-18 11:49:00+09:00,208000.0,208500.0,208000.0,208500.0,989,0.0,0.0
2025-02-18 11:50:00+09:00,208500.0,208500.0,208000.0,208000.0,928,0.0,0.0
2025-02-18 11:51:00+09:00,208500.0,208500.0,208000.0,208000.0,1242,0.0,0.0
2025-02-18 11:52:00+09:00,208500.0,208500.0,208000.0,208000.0,843,0.0,0.0
2025-02-18 11:53:00+09:00,208000.0,208500.0,208000.0,208000.0,1064,0.0,0.0
2025-02-18 11:54:00+09:00,208000.0,208500.0,208000.0,208000.0,1517,0.0,0.0
2025-02-18 11:55:00+09:00,208500.0,208500.0,208000.0,208500.0,797,0.0,0.0
2025-02-18 11:56:00+09:00,208500.0,208500.0,208000.0,208000.0,1367,0.0,0.0
2025-02-18 11:57:00+09:00,208000.0,208500.0,208000.0,208500.0,1100,0.0,0.0
2025-02-18 11:58:00+09:00,208500.0,208500.0,208000.0,208500.0,1348,0.0,0.0
2025-02-18 11:59:00+09:00,208000.0,208500.0,208000.0,208000.0,1218,0.0,0.0
2025-02-18 12:00:00+09:00,208500.0,208500.0,208000.0,208000.0,842,0.0,0.0
2025-02-18 12:01:00+09:00,208500.0,209000.0,208000.0,208500.0,7221,0.0,0.0
2025-02-18 12:02:00+09:00,209000.0,209000.0,208000.0,208500.0,11340,0.0,0.0
2025-02-18 12:03:00+09:00,208000.0,208500.0,208000.0,208500.0,2096,0.0,0.0
2025-02-18 12:04:00+09:00,208000.0,208500.0,208000.0,208000.0,635,0.0,0.0
2025-02-18 12:05:00+09:00,208500.0,208500.0,208000.0,208000.0,2721,0.0,0.0
2025-02-18 12:06:00+09:00,208000.0,209000.0,208000.0,208500.0,7651,0.0,0.0
2025-02-18 12:07:00+09:00,209000.0,209000.0,208500.0,209000.0,966,0.0,0.0
2025-02-18 12:08:00+09:00,208500.0,209000.0,208500.0,209000.0,977,0.0,0.0
2025-02-18 12:09:00+09:00,208500.0,209000.0,208500.0,209000.0,1543,0.0,0.0
2025-02-18 12:10:00+09:00,208500.0,209000.0,208500.0,209000.0,4798,0.0,0.0
2025-02-18 12:11:00+09:00,209000.0,209000.0,208500.0,208500.0,688,0.0,0.0
2025-02-18 12:12:00+09:00,208500.0,209000.0,208500.0,209000.0,1238,0.0,0.0
2025-02-18 12:13:00+09:00,209000.0,209000.0,208500.0,209000.0,1055,0.0,0.0
2025-02-18 12:14:00+09:00,209000.0,209000.0,208500.0,209000.0,865,0.0,0.0
2025-02-18 12:15:00+09:00,209000.0,209000.0,208500.0,208500.0,609,0.0,0.0
2025-02-18 12:16:00+09:00,209000.0,209000.0,208500.0,209000.0,1049,0.0,0.0
2025-02-18 12:17:00+09:00,208500.0,209000.0,208500.0,208500.0,1219,0.0,0.0
2025-02-18 12:18:00+09:00,208500.0,209000.0,208500.0,208500.0,5783,0.0,0.0
2025-02-18 12:19:00+09:00,208500.0,209000.0,208500.0,208500.0,852,0.0,0.0
2025-02-18 12:20:00+09:00,209000.0,209000.0,208500.0,209000.0,1532,0.0,0.0
2025-02-18 12:21:00+09:00,208500.0,209000.0,208500.0,208500.0,665,0.0,0.0
2025-02-18 12:22:00+09:00,208500.0,209000.0,208000.0,208500.0,9679,0.0,0.0
2025-02-18 12:23:00+09:00,208500.0,208500.0,208000.0,208000.0,665,0.0,0.0
2025-02-18 12:24:00+09:00,208500.0,209000.0,208000.0,208500.0,10897,0.0,0.0
2025-02-18 12:25:00+09:00,208500.0,209000.0,208500.0,208500.0,1554,0.0,0.0
2025-02-18 12:26:00+09:00,208500.0,209000.0,208500.0,208500.0,632,0.0,0.0
2025-02-18 12:27:00+09:00,208500.0,209000.0,208500.0,209000.0,809,0.0,0.0
2025-02-18 12:28:00+09:00,209000.0,209000.0,208500.0,208500.0,1153,0.0,0.0
2025-02-18 12:29:00+09:00,209000.0,209000.0,208500.0,208500.0,1049,0.0,0.0
2025-02-18 12:30:00+09:00,208500.0,209000.0,208500.0,208500.0,1469,0.0,0.0
2025-02-18 12:31:00+09:00,208500.0,209000.0,208500.0,209000.0,996,0.0,0.0
2025-02-18 12:32:00+09:00,208500.0,209000.0,208500.0,208500.0,1397,0.0,0.0
2025-02-18 12:33:00+09:00,209000.0,209500.0,208500.0,209500.0,10145,0.0,0.0
2025-02-18 12:34:00+09:00,209500.0,209500.0,209000.0,209000.0,4032,0.0,0.0
2025-02-18 12:35:00+09:00,209500.0,209500.0,209000.0,209500.0,1880,0.0,0.0
2025-02-18 12:36:00+09:00,209000.0,209500.0,209000.0,209000.0,1589,0.0,0.0
2025-02-18 12:37:00+09:00,209000.0,209500.0,209000.0,209000.0,1448,0.0,0.0
2025-02-18 12:38:00+09:00,209000.0,209500.0,208500.0,208500.0,8642,0.0,0.0
2025-02-18 12:39:00+09:00,209000.0,209000.0,208500.0,209000.0,726,0.0,0.0
2025-02-18 12:40:00+09:00,209000.0,209000.0,208500.0,208500.0,976,0.0,0.0
2025-02-18 12:41:00+09:00,208500.0,209000.0,208500.0,209000.0,1038,0.0,0.0
2025-02-18 12:42:00+09:00,208500.0,209000.0,208500.0,209000.0,2060,0.0,0.0
2025-02-18 12:43:00+09:00,209000.0,209000.0,208500.0,208500.0,1161,0.0,0.0
2025-02-18 12:44:00+09:00,208500.0,209000.0,208500.0,208500.0,681,0.0,0.0
2025-02-18 12:45:00+09:00,208500.0,209000.0,208500.0,209000.0,1165,0.0,0.0
2025-02-18 12:46:00+09:00,208500.0,209000.0,208500.0,209000.0,938,0.0,0.0
2025-02-18 12:47:00+09:00,209000.0,209500.0,208500.0,209000.0,7694,0.0,0.0
2025-02-18 12:48:00+09:00,209000.0,209500.0,209000.0,209500.0,1557,0.0,0.0
2025-02-18 12:49:00+09:00,209500.0,209500.0,209000.0,209500.0,1343,0.0,0.0
2025-02-18 12:50:00+09:00,209500.0,210000.0,209000.0,210000.0,11107,0.0,0.0
2025-02-18 12:51:00+09:00,209500.0,210000.0,209000.0,209500.0,9451,0.0,0.0
2025-02-18 12:52:00+09:00,209000.0,209500.0,209000.0,209000.0,906,0.0,0.0
2025-02-18 12:53:00+09:00,209500.0,209500.0,209000.0,209000.0,1014,0.0,0.0
2025-02-18 12:54:00+09:00,209000.0,209500.0,209000.0,209500.0,743,0.0,0.0
2025-02-18 12:55:00+09:00,209000.0,209500.0,209000.0,209000.0,960,0.0,0.0
2025-02-18 12:56:00+09:00,209500.0,209500.0,209000.0,209500.0,1150,0.0,0.0
2025-02-18 12:57:00+09:00,209000.0,209500.0,209000.0,209500.0,1323,0.0,0.0
2025-02-18 12:58:00+09:00,209500.0,209500.0,209000.0,209500.0,1878,0.0,0.0
2025-02-18 12:59:00+09:00,209500.0,209500.0,209000.0,209000.0,1038,0.0,0.0
2025-02-18 13:00:00+09:00,209500.0,209500.0,209000.0,209500.0,1084,0.0,0.0
2025-02-18 13:01:00+09:00,209000.0,209500.0,209000.0,209000.0,1064,0.0,0.0
2025-02-18 13:02:00+09:00,209000.0,209500.0,209000.0,209000.0,1627,0.0,0.0
2025-02-18 13:03:00+09:00,209000.0,209500.0,209000.0,209000.0,1722,0.0,0.0
2025-02-18 13:04:00+09:00,209000.0,209500.0,209000.0,209500.0,1628,0.0,0.0
2025-02-18 13:05:00+09:00,209500.0,209500.0,209000.0,209500.0,1059,0.0,0.0
2025-02-18 13:06:00+09:00,209500.0,209500.0,209000.0,209500.0,924,0.0,0.0
2025-02-18 13:07:00+09:00,209500.0,209500.0,209000.0,209500.0,2539,0.0,0.0
2025-02-18 13:08:00+09:00,209500.0,209500.0,209000.0,209000.0,1336,0.0,0.0
2025-02-18 13:09:00+09:00,209500.0,209500.0,209000.0,209000.0,3051,0.0,0.0
2025-02-18 13:10:00+09:00,209000.0,210000.0,209000.0,209500.0,11036,0.0,0.0
2025-02-18 13:11:00+09:00,210000.0,210000.0,209500.0,210000.0,921,0.0,0.0
2025-02-18 13:12:00+09:00,209500.0,210000.0,209500.0,209500.0,2040,0.0,0.0
2025-02-18 13:13:00+09:00,210000.0,210000.0,209500.0,210000.0,953,0.0,0.0
2025-02-18 13:14:00+09:00,210000.0,210000.0,209500.0,210000.0,1084,0.0,0.0
2025-02-18 13:15:00+09:00,209500.0,210000.0,209500.0,209500.0,1444,0.0,0.0
2025-02-18 13:16:00+09:00,210000.0,210000.0,209500.0,209500.0,2820,0.0,0.0
2025-02-18 13:17:00+09:00,210000.0,210500.0,209500.0,210500.0,23097,0.0,0.0
2025-02-18 13:18:00+09:00,210500.0,211000.0,210000.0,210500.0,11387,0.0,0.0
2025-02-18 13:19:00+09:00,210500.0,210500.0,210000.0,210500.0,1314,0.0,0.0
2025-02-18 13:20:00+09:00,210500.0,210500.0,210000.0,210500.0,1137,0.0,0.0
2025-02-18 13:21:00+09:00,210000.0,210500.0,210000.0,210500.0,1565,0.0,0.0
2025-02-18 13:22:00+09:00,210500.0,210500.0,209500.0,209500.0,11162,0.0,0.0
2025-02-18 13:23:00+09:00,209500.0,210000.0,209500.0,210000.0,856,0.0,0.0
2025-02-18 13:24:00+09:00,209500.0,210000.0,209500.0,210000.0,10193,0.0,0.0
2025-02-18 13:25:00+09:00,210000.0,210000.0,209500.0,209500.0,1239,0.0,0.0
2025-02-18 13:26:00+09:00,209500.0,210000.0,209500.0,210000.0,958,0.0,0.0
2025-02-18 13:27:00+09:00,210000.0,210000.0,209500.0,209500.0,1031,0.0,0.0
2025-02-18 13:28:00+09:00,209500.0,210000.0,209500.0,209500.0,1370,0.0,0.0
2025-02-18 13:29:00+09:00,209500.0,210000.0,209500.0,209500.0,1674,0.0,0.0
2025-02-18 13:30:00+09:00,210000.0,210000.0,209500.0,209500.0,737,0.0,0.0
2025-02-18 13:31:00+09:00,210000.0,210000.0,209500.0,209500.0,507,0.0,0.0
2025-02-18 13:32:00+09:00,210000.0,210000.0,209500.0,209500.0,833,0.0,0.0
2025-02-18 13:33:00+09:00,210000.0,210000.0,209500.0,209500.0,1275,0.0,0.0
2025-02-18 13:34:00+09:00,209500.0,210000.0,209500.0,210000.0,975,0.0,0.0
2025-02-18 13:35:00+09:00,209500.0,210000.0,209500.0,210000.0,755,0.0,0.0
2025-02-18 13:36:00+09:00,209500.0,210000.0,209500.0,209500.0,763,0.0,0.0
2025-02-18 13:37:00+09:00,209500.0,210000.0,209500.0,209500.0,1358,0.0,0.0
2025-02-18 13:38:00+09:00,209500.0,210000.0,209500.0,209500.0,1262,0.0,0.0
2025-02-18 13:39:00+09:00,210000.0,210000.0,209500.0,209500.0,1822,0.0,0.0
2025-02-18 13:40:00+09:00,209500.0,210000.0,209500.0,210000.0,14551,0.0,0.0
2025-02-18 13:41:00+09:00,210000.0,210000.0,209500.0,209500.0,2773,0.0,0.0
2025-02-18 13:42:00+09:00,210000.0,210000.0,209500.0,210000.0,1018,0.0,0.0
2025-02-18 13:43:00+09:00,209500.0,210000.0,209500.0,210000.0,5569,0.0,0.0
2025-02-18 13:44:00+09:00,210000.0,210000.0,209500.0,209500.0,1141,0.0,0.0
2025-02-18 13:45:00+09:00,210000.0,210000.0,209500.0,210000.0,1918,0.0,0.0
2025-02-18 13:46:00+09:00,210000.0,210000.0,209500.0,210000.0,2174,0.0,0.0
2025-02-18 13:47:00+09:00,210000.0,210000.0,209500.0,210000.0,3505,0.0,0.0
2025-02-18 13:48:00+09:00,210000.0,210000.0,209500.0,210000.0,1914,0.0,0.0
2025-02-18 13:49:00+09:00,209500.0,210000.0,209500.0,210000.0,2188,0.0,0.0
2025-02-18 13:50:00+09:00,209500.0,210000.0,209500.0,210000.0,1985,0.0,0.0
2025-02-18 13:51:00+09:00,210000.0,210000.0,209500.0,209500.0,1805,0.0,0.0
2025-02-18 13:52:00+09:00,210000.0,210000.0,209500.0,210000.0,1601,0.0,0.0
2025-02-18 13:53:00+09:00,210000.0,210000.0,209500.0,209500.0,2712,0.0,0.0
2025-02-18 13:54:00+09:00,210000.0,210000.0,209500.0,209500.0,2979,0.0,0.0
2025-02-18 13:55:00+09:00,209500.0,210000.0,209500.0,209500.0,3723,0.0,0.0
2025-02-18 13:56:00+09:00,209500.0,210000.0,209500.0,209500.0,2410,0.0,0.0
2025-02-18 13:57:00+09:00,209500.0,210000.0,209500.0,210000.0,1533,0.0,0.0
2025-02-18 13:58:00+09:00,210000.0,210000.0,209500.0,209500.0,1530,0.0,0.0
2025-02-18 13:59:00+09:00,210000.0,210000.0,209500.0,209500.0,1799,0.0,0.0
2025-02-18 14:00:00+09:00,210000.0,210000.0,209500.0,209500.0,2534,0.0,0.0
2025-02-18 14:01:00+09:00,209500.0,210000.0,209500.0,209500.0,1409,0.0,0.0
2025-02-18 14:02:00+09:00,210000.0,210000.0,209500.0,209500.0,14054,0.0,0.0
2025-02-18 14:03:00+09:00,210000.0,210500.0,209500.0,210500.0,12050,0.0,0.0
2025-02-18 14:04:00+09:00,210500.0,210500.0,210000.0,210000.0,3116,0.0,0.0
2025-02-18 14:05:00+09:00,210500.0,210500.0,210000.0,210500.0,2967,0.0,0.0
2025-02-18 14:06:00+09:00,210000.0,210500.0,210000.0,210500.0,1132,0.0,0.0
2025-02-18 14:07:00+09:00,210500.0,210500.0,210000.0,210500.0,2675,0.0,0.0
2025-02-18 14:08:00+09:00,210000.0,210500.0,210000.0,210000.0,2906,0.0,0.0
2025-02-18 14:09:00+09:00,210500.0,210500.0,210000.0,210500.0,3431,0.0,0.0
2025-02-18 14:10:00+09:00,210000.0,210500.0,210000.0,210000.0,1509,0.0,0.0
2025-02-18 14:11:00+09:00,210000.0,210500.0,210000.0,210000.0,2429,0.0,0.0
2025-02-18 14:12:00+09:00,210500.0,210500.0,210000.0,210500.0,1734,0.0,0.0
2025-02-18 14:13:00+09:00,210000.0,210500.0,210000.0,210000.0,1801,0.0,0.0
2025-02-18 14:14:00+09:00,210500.0,210500.0,210000.0,210500.0,3714,0.0,0.0
2025-02-18 14:15:00+09:00,210500.0,210500.0,210000.0,210500.0,2576,0.0,0.0
2025-02-18 14:16:00+09:00,210000.0,210500.0,210000.0,210500.0,2664,0.0,0.0
2025-02-18 14:17:00+09:00,210000.0,210500.0,210000.0,210000.0,2244,0.0,0.0
2025-02-18 14:18:00+09:00,210000.0,210500.0,210000.0,210500.0,1986,0.0,0.0
2025-02-18 14:19:00+09:00,210000.0,210500.0,210000.0,210000.0,2614,0.0,0.0
2025-02-18 14:20:00+09:00,210000.0,210500.0,210000.0,210000.0,2043,0.0,0.0
2025-02-18 14:21:00+09:00,210000.0,210500.0,210000.0,210000.0,3571,0.0,0.0
2025-02-18 14:22:00+09:00,210500.0,210500.0,210000.0,210000.0,1891,0.0,0.0
2025-02-18 14:23:00+09:00,210000.0,210500.0,210000.0,210000.0,2751,0.0,0.0
2025-02-18 14:24:00+09:00,210000.0,210500.0,210000.0,210500.0,2510,0.0,0.0
2025-02-18 14:25:00+09:00,210000.0,210500.0,210000.0,210000.0,3558,0.0,0.0
2025-02-18 14:26:00+09:00,210500.0,210500.0,210000.0,210500.0,1680,0.0,0.0
2025-02-18 14:27:00+09:00,210500.0,210500.0,210000.0,210000.0,4478,0.0,0.0
2025-02-18 14:28:00+09:00,210000.0,210500.0,210000.0,210000.0,3762,0.0,0.0
2025-02-18 14:29:00+09:00,210000.0,210500.0,210000.0,210500.0,3133,0.0,0.0
2025-02-18 14:30:00+09:00,210000.0,210500.0,209500.0,209500.0,12705,0.0,0.0
2025-02-18 14:31:00+09:00,209500.0,210000.0,209500.0,209500.0,1875,0.0,0.0
2025-02-18 14:32:00+09:00,209500.0,210500.0,209500.0,210500.0,7803,0.0,0.0
2025-02-18 14:33:00+09:00,210000.0,210500.0,210000.0,210500.0,2987,0.0,0.0
2025-02-18 14:34:00+09:00,210500.0,210500.0,209500.0,210000.0,4518,0.0,0.0
2025-02-18 14:35:00+09:00,209500.0,210000.0,209500.0,210000.0,1600,0.0,0.0
2025-02-18 14:36:00+09:00,210000.0,210000.0,209500.0,210000.0,3066,0.0,0.0
2025-02-18 14:37:00+09:00,210000.0,210500.0,209500.0,209500.0,7825,0.0,0.0
2025-02-18 14:38:00+09:00,209500.0,210000.0,209500.0,210000.0,2720,0.0,0.0
2025-02-18 14:39:00+09:00,210000.0,210000.0,209500.0,209500.0,1260,0.0,0.0
2025-02-18 14:40:00+09:00,209500.0,210000.0,209500.0,210000.0,1917,0.0,0.0
2025-02-18 14:41:00+09:00,210000.0,210000.0,209500.0,209500.0,1762,0.0,0.0
2025-02-18 14:42:00+09:00,209500.0,210000.0,209500.0,210000.0,2984,0.0,0.0
2025-02-18 14:43:00+09:00,209500.0,210000.0,209500.0,209500.0,1361,0.0,0.0
2025-02-18 14:44:00+09:00,209500.0,210000.0,209500.0,209500.0,1264,0.0,0.0
2025-02-18 14:45:00+09:00,209500.0,210000.0,209500.0,210000.0,2552,0.0,0.0
2025-02-18 14:46:00+09:00,209500.0,210000.0,209500.0,210000.0,2215,0.0,0.0
2025-02-18 14:47:00+09:00,209500.0,210000.0,209500.0,209500.0,6982,0.0,0.0
2025-02-18 14:48:00+09:00,209500.0,210000.0,209500.0,210000.0,2821,0.0,0.0
2025-02-18 14:49:00+09:00,209500.0,210000.0,209500.0,209500.0,4595,0.0,0.0
2025-02-18 14:50:00+09:00,209500.0,210000.0,209500.0,210000.0,2398,0.0,0.0
2025-02-18 14:51:00+09:00,209500.0,210000.0,209500.0,209500.0,16540,0.0,0.0
2025-02-18 14:52:00+09:00,209500.0,210000.0,209500.0,209500.0,1373,0.0,0.0
2025-02-18 14:53:00+09:00,209500.0,210000.0,209500.0,210000.0,2398,0.0,0.0
2025-02-18 14:54:00+09:00,209500.0,210000.0,209000.0,209000.0,12234,0.0,0.0
2025-02-18 14:55:00+09:00,209000.0,209500.0,209000.0,209500.0,3245,0.0,0.0
2025-02-18 14:56:00+09:00,209000.0,209500.0,209000.0,209500.0,2972,0.0,0.0
2025-02-18 14:57:00+09:00,209000.0,210000.0,209000.0,210000.0,13886,0.0,0.0
2025-02-18 14:58:00+09:00,210000.0,210000.0,209500.0,209500.0,3671,0.0,0.0
2025-02-18 14:59:00+09:00,209500.0,210000.0,209500.0,210000.0,4111,0.0,0.0
2025-02-19 09:00:00+09:00,216000.0,216000.0,214000.0,215000.0,236352,0.0,0.0
2025-02-19 09:01:00+09:00,215500.0,216000.0,214500.0,215000.0,76563,0.0,0.0
2025-02-19 09:02:00+09:00,214500.0,215500.0,214500.0,215000.0,36465,0.0,0.0
2025-02-19 09:03:00+09:00,215000.0,216000.0,215000.0,215500.0,31890,0.0,0.0
2025-02-19 09:04:00+09:00,215500.0,216000.0,215000.0,216000.0,18234,0.0,0.0
2025-02-19 09:05:00+09:00,216000.0,216000.0,215500.0,216000.0,17637,0.0,0.0
2025-02-19 09:06:00+09:00,216000.0,216000.0,215000.0,215500.0,63627,0.0,0.0
2025-02-19 09:07:00+09:00,215500.0,216500.0,215500.0,216500.0,40617,0.0,0.0
2025-02-19 09:08:00+09:00,216500.0,217500.0,216000.0,217500.0,61712,0.0,0.0
2025-02-19 09:09:00+09:00,217000.0,217500.0,217000.0,217000.0,23063,0.0,0.0
2025-02-19 09:10:00+09:00,217500.0,217500.0,217000.0,217500.0,13000,0.0,0.0
2025-02-19 09:11:00+09:00,217500.0,217500.0,217000.0,217500.0,21626,0.0,0.0
2025-02-19 09:12:00+09:00,217500.0,217500.0,217000.0,217000.0,21865,0.0,0.0
2025-02-19 09:13:00+09:00,217500.0,217500.0,217000.0,217500.0,15339,0.0,0.0
2025-02-19 09:14:00+09:00,217000.0,217500.0,216500.0,216500.0,40686,0.0,0.0
2025-02-19 09:15:00+09:00,216500.0,217000.0,216000.0,216000.0,21452,0.0,0.0
2025-02-19 09:16:00+09:00,216000.0,217500.0,216000.0,217000.0,41395,0.0,0.0
2025-02-19 09:17:00+09:00,217500.0,217500.0,217000.0,217500.0,8499,0.0,0.0
2025-02-19 09:18:00+09:00,217000.0,218000.0,217000.0,218000.0,39339,0.0,0.0
2025-02-19 09:19:00+09:00,218000.0,218500.0,217500.0,218500.0,49149,0.0,0.0
2025-02-19 09:20:00+09:00,218500.0,218500.0,217500.0,218000.0,32185,0.0,0.0
2025-02-19 09:21:00+09:00,217500.0,218000.0,217500.0,218000.0,4771,0.0,0.0
2025-02-19 09:22:00+09:00,218000.0,218000.0,217500.0,218000.0,7487,0.0,0.0
2025-02-19 09:23:00+09:00,218000.0,218000.0,217500.0,218000.0,13004,0.0,0.0
2025-02-19 09:24:00+09:00,217500.0,218000.0,217000.0,217000.0,16114,0.0,0.0
2025-02-19 09:25:00+09:00,217000.0,217500.0,217000.0,217000.0,9122,0.0,0.0
2025-02-19 09:26:00+09:00,217000.0,217500.0,217000.0,217500.0,12602,0.0,0.0
2025-02-19 09:27:00+09:00,217500.0,218000.0,217000.0,217500.0,14123,0.0,0.0
2025-02-19 09:28:00+09:00,218000.0,218000.0,217500.0,217500.0,6787,0.0,0.0
2025-02-19 09:29:00+09:00,218000.0,218000.0,217500.0,217500.0,13986,0.0,0.0
2025-02-19 09:30:00+09:00,217500.0,218000.0,217500.0,218000.0,10653,0.0,0.0
2025-02-19 09:31:00+09:00,218000.0,218000.0,217500.0,218000.0,8789,0.0,0.0
2025-02-19 09:32:00+09:00,218000.0,218000.0,217500.0,218000.0,5887,0.0,0.0
2025-02-19 09:33:00+09:00,218000.0,218000.0,217500.0,218000.0,5610,0.0,0.0
2025-02-19 09:34:00+09:00,218000.0,218000.0,217500.0,218000.0,11696,0.0,0.0
2025-02-19 09:35:00+09:00,218000.0,218000.0,217500.0,218000.0,9400,0.0,0.0
2025-02-19 09:36:00+09:00,218000.0,218000.0,217500.0,218000.0,6211,0.0,0.0
2025-02-19 09:37:00+09:00,218000.0,218000.0,217500.0,217500.0,16186,0.0,0.0
2025-02-19 09:38:00+09:00,218000.0,218000.0,217500.0,218000.0,5765,0.0,0.0
2025-02-19 09:39:00+09:00,218000.0,218000.0,217500.0,218000.0,5965,0.0,0.0
2025-02-19 09:40:00+09:00,218000.0,218500.0,217500.0,218000.0,43017,0.0,0.0
2025-02-19 09:41:00+09:00,218500.0,218500.0,218000.0,218000.0,10237,0.0,0.0
2025-02-19 09:42:00+09:00,218500.0,218500.0,218000.0,218500.0,9410,0.0,0.0
2025-02-19 09:43:00+09:00,218000.0,218500.0,218000.0,218500.0,10698,0.0,0.0
2025-02-19 09:44:00+09:00,218500.0,218500.0,218000.0,218500.0,8899,0.0,0.0
2025-02-19 09:45:00+09:00,218000.0,219000.0,218000.0,219000.0,24812,0.0,0.0
2025-02-19 09:46:00+09:00,219000.0,219000.0,217500.0,218000.0,27216,0.0,0.0
2025-02-19 09:47:00+09:00,218000.0,218000.0,217500.0,217500.0,3073,0.0,0.0
2025-02-19 09:48:00+09:00,217500.0,218000.0,217500.0,218000.0,4965,0.0,0.0
2025-02-19 09:49:00+09:00,218000.0,218000.0,217500.0,218000.0,3568,0.0,0.0
2025-02-19 09:50:00+09:00,218000.0,218000.0,217500.0,217500.0,3539,0.0,0.0
2025-02-19 09:51:00+09:00,218000.0,218000.0,217500.0,217500.0,1573,0.0,0.0
2025-02-19 09:52:00+09:00,218000.0,218000.0,217500.0,217500.0,3361,0.0,0.0
2025-02-19 09:53:00+09:00,218000.0,218000.0,217500.0,217500.0,1857,0.0,0.0
2025-02-19 09:54:00+09:00,218000.0,218000.0,217500.0,218000.0,3704,0.0,0.0
2025-02-19 09:55:00+09:00,218000.0,218000.0,217500.0,217500.0,2253,0.0,0.0
2025-02-19 09:56:00+09:00,218000.0,218000.0,217500.0,217500.0,3787,0.0,0.0
2025-02-19 09:57:00+09:00,218000.0,218000.0,217000.0,217000.0,21011,0.0,0.0
2025-02-19 09:58:00+09:00,217000.0,217500.0,217000.0,217000.0,4408,0.0,0.0
2025-02-19 09:59:00+09:00,217000.0,217500.0,217000.0,217000.0,2585,0.0,0.0
2025-02-19 10:00:00+09:00,217000.0,217500.0,217000.0,217500.0,3607,0.0,0.0
2025-02-19 10:01:00+09:00,217000.0,217500.0,217000.0,217000.0,5545,0.0,0.0
2025-02-19 10:02:00+09:00,217000.0,217500.0,217000.0,217000.0,9864,0.0,0.0
2025-02-19 10:03:00+09:00,217000.0,217500.0,216500.0,216500.0,10312,0.0,0.0
2025-02-19 10:04:00+09:00,217000.0,217500.0,216500.0,217500.0,8542,0.0,0.0
2025-02-19 10:05:00+09:00,217500.0,217500.0,217000.0,217500.0,6595,0.0,0.0
2025-02-19 10:06:00+09:00,217000.0,217500.0,217000.0,217000.0,1017,0.0,0.0
2025-02-19 10:07:00+09:00,217500.0,217500.0,217000.0,217500.0,2055,0.0,0.0
2025-02-19 10:08:00+09:00,217500.0,217500.0,217000.0,217000.0,3283,0.0,0.0
2025-02-19 10:09:00+09:00,217000.0,217500.0,217000.0,217500.0,8932,0.0,0.0
2025-02-19 10:10:00+09:00,217500.0,217500.0,217000.0,217000.0,10736,0.0,0.0
2025-02-19 10:11:00+09:00,217000.0,218000.0,217000.0,217500.0,3315,0.0,0.0
2025-02-19 10:12:00+09:00,218000.0,218000.0,217500.0,218000.0,2624,0.0,0.0
2025-02-19 10:13:00+09:00,218000.0,218000.0,217500.0,217500.0,3372,0.0,0.0
2025-02-19 10:14:00+09:00,217500.0,218000.0,217500.0,218000.0,2881,0.0,0.0
2025-02-19 10:15:00+09:00,218000.0,218000.0,217500.0,217500.0,2449,0.0,0.0
2025-02-19 10:16:00+09:00,217500.0,218000.0,217500.0,218000.0,3531,0.0,0.0
2025-02-19 10:17:00+09:00,218000.0,218000.0,217500.0,217500.0,3144,0.0,0.0
2025-02-19 10:18:00+09:00,218000.0,218000.0,217500.0,218000.0,5446,0.0,0.0
2025-02-19 10:19:00+09:00,217500.0,218000.0,217500.0,217500.0,2449,0.0,0.0
2025-02-19 10:20:00+09:00,217500.0,218000.0,217000.0,217000.0,18483,0.0,0.0
2025-02-19 10:21:00+09:00,217500.0,217500.0,217000.0,217000.0,1756,0.0,0.0
2025-02-19 10:22:00+09:00,217500.0,217500.0,217000.0,217000.0,1507,0.0,0.0
2025-02-19 10:23:00+09:00,217000.0,217500.0,217000.0,217500.0,1499,0.0,0.0
2025-02-19 10:24:00+09:00,217000.0,217500.0,217000.0,217500.0,3524,0.0,0.0
2025-02-19 10:25:00+09:00,217000.0,217500.0,217000.0,217500.0,5650,0.0,0.0
2025-02-19 10:26:00+09:00,217500.0,217500.0,217000.0,217000.0,3083,0.0,0.0
2025-02-19 10:27:00+09:00,217000.0,217500.0,217000.0,217000.0,17729,0.0,0.0
2025-02-19 10:28:00+09:00,217500.0,217500.0,217000.0,217000.0,1532,0.0,0.0
2025-02-19 10:29:00+09:00,217000.0,217500.0,217000.0,217500.0,3865,0.0,0.0
2025-02-19 10:30:00+09:00,217500.0,217500.0,217000.0,217500.0,3472,0.0,0.0
2025-02-19 10:31:00+09:00,217500.0,217500.0,217000.0,217500.0,2842,0.0,0.0
2025-02-19 10:32:00+09:00,217500.0,217500.0,217000.0,217500.0,2958,0.0,0.0
2025-02-19 10:33:00+09:00,217500.0,217500.0,217000.0,217500.0,3534,0.0,0.0
2025-02-19 10:34:00+09:00,217500.0,217500.0,217000.0,217000.0,2898,0.0,0.0
2025-02-19 10:35:00+09:00,217000.0,217500.0,217000.0,217000.0,5430,0.0,0.0
2025-02-19 10:36:00+09:00,217000.0,217500.0,217000.0,217500.0,2695,0.0,0.0
2025-02-19 10:37:00+09:00,217000.0,217500.0,217000.0,217500.0,2032,0.0,0.0
2025-02-19 10:38:00+09:00,217000.0,217500.0,217000.0,217500.0,3321,0.0,0.0
2025-02-19 10:39:00+09:00,217000.0,217500.0,217000.0,217500.0,2210,0.0,0.0
2025-02-19 10:40:00+09:00,217500.0,217500.0,217000.0,217000.0,2759,0.0,0.0
2025-02-19 10:41:00+09:00,217000.0,217500.0,217000.0,217500.0,5412,0.0,0.0
2025-02-19 10:42:00+09:00,217500.0,217500.0,217000.0,217500.0,4750,0.0,0.0
2025-02-19 10:43:00+09:00,217500.0,217500.0,217000.0,217000.0,3667,0.0,0.0
2025-02-19 10:44:00+09:00,217500.0,218000.0,217000.0,217500.0,14059,0.0,0.0
2025-02-19 10:45:00+09:00,217500.0,218000.0,217500.0,218000.0,3239,0.0,0.0
2025-02-19 10:46:00+09:00,218000.0,218500.0,217500.0,218000.0,85412,0.0,0.0
2025-02-19 10:47:00+09:00,217500.0,218500.0,217500.0,218000.0,4787,0.0,0.0
2025-02-19 10:48:00+09:00,218500.0,218500.0,218000.0,218000.0,1866,0.0,0.0
2025-02-19 10:49:00+09:00,218000.0,218500.0,218000.0,218500.0,3093,0.0,0.0
2025-02-19 10:50:00+09:00,218500.0,218500.0,218000.0,218500.0,5682,0.0,0.0
2025-02-19 10:51:00+09:00,218000.0,218500.0,218000.0,218000.0,1936,0.0,0.0
2025-02-19 10:52:00+09:00,218000.0,218500.0,218000.0,218000.0,4267,0.0,0.0
2025-02-19 10:53:00+09:00,218500.0,218500.0,217500.0,218500.0,15549,0.0,0.0
2025-02-19 10:54:00+09:00,218000.0,218500.0,218000.0,218000.0,1647,0.0,0.0
2025-02-19 10:55:00+09:00,218000.0,218500.0,218000.0,218000.0,4946,0.0,0.0
2025-02-19 10:56:00+09:00,218000.0,218500.0,218000.0,218000.0,1458,0.0,0.0
2025-02-19 10:57:00+09:00,218000.0,218500.0,218000.0,218500.0,1238,0.0,0.0
2025-02-19 10:58:00+09:00,218000.0,218500.0,218000.0,218000.0,2275,0.0,0.0
2025-02-19 10:59:00+09:00,218000.0,218500.0,218000.0,218000.0,2576,0.0,0.0
2025-02-19 11:00:00+09:00,218000.0,218500.0,218000.0,218000.0,3259,0.0,0.0
2025-02-19 11:01:00+09:00,218500.0,218500.0,218000.0,218000.0,2697,0.0,0.0
2025-02-19 11:02:00+09:00,218500.0,218500.0,218000.0,218000.0,6233,0.0,0.0
2025-02-19 11:03:00+09:00,218000.0,218500.0,218000.0,218000.0,2293,0.0,0.0
2025-02-19 11:04:00+09:00,218000.0,218500.0,218000.0,218500.0,2985,0.0,0.0
2025-02-19 11:05:00+09:00,218000.0,218500.0,218000.0,218000.0,2980,0.0,0.0
2025-02-19 11:06:00+09:00,218000.0,218500.0,218000.0,218000.0,4656,0.0,0.0
2025-02-19 11:07:00+09:00,218000.0,218500.0,218000.0,218500.0,6201,0.0,0.0
2025-02-19 11:08:00+09:00,218500.0,218500.0,218000.0,218000.0,4132,0.0,0.0
2025-02-19 11:09:00+09:00,218000.0,218500.0,218000.0,218000.0,2949,0.0,0.0
2025-02-19 11:10:00+09:00,218500.0,218500.0,218000.0,218000.0,5448,0.0,0.0
2025-02-19 11:11:00+09:00,218000.0,218500.0,218000.0,218000.0,4541,0.0,0.0
2025-02-19 11:12:00+09:00,218500.0,218500.0,218000.0,218500.0,2849,0.0,0.0
2025-02-19 11:13:00+09:00,218500.0,218500.0,218000.0,218000.0,4131,0.0,0.0
2025-02-19 11:14:00+09:00,218500.0,218500.0,218000.0,218000.0,5209,0.0,0.0
2025-02-19 11:15:00+09:00,218500.0,218500.0,218000.0,218000.0,1467,0.0,0.0
2025-02-19 11:16:00+09:00,218000.0,218500.0,218000.0,218500.0,4077,0.0,0.0
2025-02-19 11:17:00+09:00,218500.0,218500.0,218000.0,218500.0,2173,0.0,0.0
2025-02-19 11:18:00+09:00,218500.0,218500.0,218000.0,218500.0,4367,0.0,0.0
2025-02-19 11:19:00+09:00,218500.0,218500.0,218000.0,218000.0,1835,0.0,0.0
2025-02-19 11:20:00+09:00,218500.0,218500.0,218000.0,218500.0,8757,0.0,0.0
2025-02-19 11:21:00+09:00,218500.0,218500.0,218000.0,218000.0,2227,0.0,0.0
2025-02-19 11:22:00+09:00,218000.0,218500.0,218000.0,218000.0,3287,0.0,0.0
2025-02-19 11:23:00+09:00,218000.0,218500.0,218000.0,218500.0,2786,0.0,0.0
2025-02-19 11:24:00+09:00,218500.0,218500.0,218000.0,218000.0,4132,0.0,0.0
2025-02-19 11:25:00+09:00,218000.0,218500.0,218000.0,218000.0,1634,0.0,0.0
2025-02-19 11:26:00+09:00,218000.0,218500.0,218000.0,218000.0,2387,0.0,0.0
2025-02-19 11:27:00+09:00,218500.0,218500.0,218000.0,218500.0,2629,0.0,0.0
2025-02-19 11:28:00+09:00,218000.0,218500.0,218000.0,218000.0,2768,0.0,0.0
2025-02-19 11:29:00+09:00,218000.0,218500.0,218000.0,218000.0,1534,0.0,0.0
2025-02-19 11:30:00+09:00,218500.0,218500.0,218000.0,218000.0,2233,0.0,0.0
2025-02-19 11:31:00+09:00,218000.0,218500.0,218000.0,218500.0,3149,0.0,0.0
2025-02-19 11:32:00+09:00,218000.0,218500.0,218000.0,218000.0,2192,0.0,0.0
2025-02-19 11:33:00+09:00,218000.0,218500.0,218000.0,218500.0,2314,0.0,0.0
2025-02-19 11:34:00+09:00,218500.0,218500.0,218000.0,218000.0,2682,0.0,0.0
2025-02-19 11:35:00+09:00,218000.0,218500.0,218000.0,218000.0,4188,0.0,0.0
2025-02-19 11:36:00+09:00,218000.0,218500.0,218000.0,218500.0,1654,0.0,0.0
2025-02-19 11:37:00+09:00,218000.0,218500.0,218000.0,218500.0,2374,0.0,0.0
2025-02-19 11:38:00+09:00,218500.0,218500.0,218000.0,218500.0,1617,0.0,0.0
2025-02-19 11:39:00+09:00,218500.0,218500.0,218000.0,218500.0,1702,0.0,0.0
2025-02-19 11:40:00+09:00,218500.0,219000.0,218000.0,218500.0,56620,0.0,0.0
2025-02-19 11:41:00+09:00,218500.0,218500.0,218000.0,218000.0,1938,0.0,0.0
2025-02-19 11:42:00+09:00,218500.0,218500.0,218000.0,218500.0,1055,0.0,0.0
2025-02-19 11:43:00+09:00,218500.0,218500.0,218000.0,218000.0,2175,0.0,0.0
2025-02-19 11:44:00+09:00,218000.0,218500.0,218000.0,218500.0,3456,0.0,0.0
2025-02-19 11:45:00+09:00,218000.0,218500.0,218000.0,218000.0,1615,0.0,0.0
2025-02-19 11:46:00+09:00,218500.0,219000.0,218000.0,219000.0,11711,0.0,0.0
2025-02-19 11:47:00+09:00,218500.0,219000.0,218500.0,219000.0,3478,0.0,0.0
2025-02-19 11:48:00+09:00,219000.0,219000.0,218500.0,218500.0,3343,0.0,0.0
2025-02-19 11:49:00+09:00,219000.0,219000.0,218500.0,219000.0,2876,0.0,0.0
2025-02-19 11:50:00+09:00,218500.0,219000.0,218500.0,218500.0,37101,0.0,0.0
2025-02-19 11:51:00+09:00,219000.0,219000.0,218500.0,218500.0,2395,0.0,0.0
2025-02-19 11:52:00+09:00,218500.0,219000.0,218500.0,218500.0,2606,0.0,0.0
2025-02-19 11:53:00+09:00,218500.0,219000.0,218500.0,218500.0,3424,0.0,0.0
2025-02-19 11:54:00+09:00,219000.0,219000.0,218500.0,219000.0,1957,0.0,0.0
2025-02-19 11:55:00+09:00,218500.0,219000.0,218500.0,218500.0,3600,0.0,0.0
2025-02-19 11:56:00+09:00,218500.0,219000.0,218500.0,218500.0,3455,0.0,0.0
2025-02-19 11:57:00+09:00,219000.0,219000.0,218500.0,218500.0,2529,0.0,0.0
2025-02-19 11:58:00+09:00,218500.0,219000.0,218500.0,218500.0,4583,0.0,0.0
2025-02-19 11:59:00+09:00,219000.0,219000.0,218500.0,218500.0,2009,0.0,0.0
2025-02-19 12:00:00+09:00,218500.0,219000.0,218500.0,219000.0,5037,0.0,0.0
2025-02-19 12:01:00+09:00,219000.0,219000.0,218500.0,219000.0,1538,0.0,0.0
2025-02-19 12:02:00+09:00,219000.0,219000.0,218500.0,218500.0,2551,0.0,0.0
2025-02-19 12:03:00+09:00,218500.0,219000.0,218500.0,219000.0,2267,0.0,0.0
2025-02-19 12:04:00+09:00,218500.0,219000.0,218500.0,218500.0,3231,0.0,0.0
2025-02-19 12:05:00+09:00,219000.0,219000.0,218500.0,218500.0,2274,0.0,0.0
2025-02-19 12:06:00+09:00,219000.0,219000.0,218500.0,218500.0,1957,0.0,0.0
2025-02-19 12:07:00+09:00,218500.0,219000.0,218500.0,218500.0,3488,0.0,0.0
2025-02-19 12:08:00+09:00,219000.0,219000.0,218500.0,219000.0,2128,0.0,0.0
2025-02-19 12:09:00+09:00,219000.0,219000.0,218500.0,218500.0,3834,0.0,0.0
2025-02-19 12:10:00+09:00,218500.0,219000.0,218500.0,218500.0,3100,0.0,0.0
2025-02-19 12:11:00+09:00,218500.0,219000.0,218500.0,219000.0,1812,0.0,0.0
2025-02-19 12:12:00+09:00,218500.0,219000.0,218500.0,218500.0,2715,0.0,0.0
2025-02-19 12:13:00+09:00,218500.0,219000.0,218500.0,219000.0,2787,0.0,0.0
2025-02-19 12:14:00+09:00,219000.0,219000.0,218500.0,219000.0,1010,0.0,0.0
2025-02-19 12:15:00+09:00,219000.0,219000.0,218500.0,218500.0,7529,0.0,0.0
2025-02-19 12:16:00+09:00,219000.0,219000.0,218500.0,219000.0,5985,0.0,0.0
2025-02-19 12:17:00+09:00,219000.0,219000.0,218500.0,218500.0,1982,0.0,0.0
2025-02-19 12:18:00+09:00,218500.0,219000.0,218500.0,219000.0,2568,0.0,0.0
2025-02-19 12:19:00+09:00,219000.0,219000.0,218500.0,219000.0,3349,0.0,0.0
2025-02-19 12:20:00+09:00,219000.0,219500.0,218500.0,219500.0,120073,0.0,0.0
2025-02-19 12:21:00+09:00,219500.0,219500.0,219000.0,219500.0,6644,0.0,0.0
2025-02-19 12:22:00+09:00,219500.0,219500.0,219000.0,219500.0,4172,0.0,0.0
2025-02-19 12:23:00+09:00,219500.0,219500.0,219000.0,219500.0,4490,0.0,0.0
2025-02-19 12:24:00+09:00,219500.0,219500.0,219000.0,219500.0,3113,0.0,0.0
2025-02-19 12:25:00+09:00,219500.0,219500.0,218500.0,218500.0,57359,0.0,0.0
2025-02-19 12:26:00+09:00,219000.0,219000.0,218500.0,219000.0,4273,0.0,0.0
2025-02-19 12:27:00+09:00,219000.0,219000.0,218500.0,218500.0,611,0.0,0.0
2025-02-19 12:28:00+09:00,218500.0,219000.0,218500.0,218500.0,953,0.0,0.0
2025-02-19 12:29:00+09:00,219000.0,219000.0,218500.0,218500.0,5949,0.0,0.0
2025-02-19 12:30:00+09:00,218500.0,219000.0,218500.0,218500.0,5515,0.0,0.0
2025-02-19 12:31:00+09:00,219000.0,219000.0,218500.0,218500.0,1539,0.0,0.0
2025-02-19 12:32:00+09:00,219000.0,219000.0,218500.0,219000.0,1241,0.0,0.0
2025-02-19 12:33:00+09:00,218500.0,219000.0,218500.0,218500.0,1612,0.0,0.0
2025-02-19 12:34:00+09:00,219000.0,219000.0,218500.0,219000.0,1020,0.0,0.0
2025-02-19 12:35:00+09:00,219000.0,219000.0,218500.0,218500.0,3458,0.0,0.0
2025-02-19 12:36:00+09:00,219000.0,219000.0,218500.0,219000.0,3010,0.0,0.0
2025-02-19 12:37:00+09:00,219000.0,219000.0,218500.0,218500.0,3457,0.0,0.0
2025-02-19 12:38:00+09:00,218500.0,219000.0,218500.0,219000.0,2789,0.0,0.0
2025-02-19 12:39:00+09:00,218500.0,219000.0,218500.0,218500.0,2504,0.0,0.0
2025-02-19 12:40:00+09:00,219000.0,219000.0,218500.0,218500.0,3587,0.0,0.0
2025-02-19 12:41:00+09:00,219000.0,219000.0,218500.0,218500.0,1781,0.0,0.0
2025-02-19 12:42:00+09:00,219000.0,219000.0,218500.0,218500.0,1756,0.0,0.0
2025-02-19 12:43:00+09:00,219000.0,219000.0,218500.0,219000.0,1199,0.0,0.0
2025-02-19 12:44:00+09:00,219000.0,219000.0,218500.0,218500.0,2376,0.0,0.0
2025-02-19 12:45:00+09:00,219000.0,219000.0,218500.0,218500.0,2945,0.0,0.0
2025-02-19 12:46:00+09:00,218500.0,219000.0,218500.0,218500.0,4692,0.0,0.0
2025-02-19 12:47:00+09:00,218500.0,219000.0,218500.0,218500.0,16650,0.0,0.0
2025-02-19 12:48:00+09:00,218500.0,219000.0,218500.0,218500.0,2420,0.0,0.0
2025-02-19 12:49:00+09:00,219000.0,219000.0,218500.0,218500.0,2416,0.0,0.0
2025-02-19 12:50:00+09:00,218500.0,219000.0,218500.0,218500.0,2251,0.0,0.0
2025-02-19 12:51:00+09:00,218500.0,219000.0,218500.0,218500.0,2510,0.0,0.0
2025-02-19 12:52:00+09:00,219000.0,219000.0,218500.0,218500.0,1851,0.0,0.0
2025-02-19 12:53:00+09:00,218500.0,219000.0,218500.0,218500.0,3348,0.0,0.0
2025-02-19 12:54:00+09:00,218500.0,219000.0,218500.0,218500.0,2439,0.0,0.0
2025-02-19 12:55:00+09:00,218500.0,219000.0,218500.0,219000.0,2581,0.0,0.0
2025-02-19 12:56:00+09:00,219000.0,219000.0,218500.0,218500.0,2449,0.0,0.0
2025-02-19 12:57:00+09:00,219000.0,219000.0,218500.0,219000.0,2782,0.0,0.0
2025-02-19 12:58:00+09:00,218500.0,219000.0,218500.0,219000.0,2037,0.0,0.0
2025-02-19 12:59:00+09:00,219000.0,219000.0,218500.0,219000.0,1770,0.0,0.0
2025-02-19 13:00:00+09:00,219000.0,219000.0,218500.0,219000.0,3305,0.0,0.0
2025-02-19 13:01:00+09:00,219000.0,219000.0,218500.0,218500.0,3319,0.0,0.0
2025-02-19 13:02:00+09:00,218500.0,219000.0,218500.0,219000.0,3939,0.0,0.0
2025-02-19 13:03:00+09:00,218500.0,219000.0,218500.0,219000.0,5297,0.0,0.0
2025-02-19 13:04:00+09:00,218500.0,219000.0,218500.0,218500.0,2235,0.0,0.0
2025-02-19 13:05:00+09:00,219000.0,219000.0,218500.0,219000.0,4258,0.0,0.0
2025-02-19 13:06:00+09:00,219000.0,219000.0,218500.0,218500.0,4526,0.0,0.0
2025-02-19 13:07:00+09:00,219000.0,219000.0,218500.0,219000.0,3576,0.0,0.0
2025-02-19 13:08:00+09:00,218500.0,219000.0,218500.0,218500.0,8556,0.0,0.0
2025-02-19 13:09:00+09:00,218500.0,219000.0,218500.0,218500.0,2862,0.0,0.0
2025-02-19 13:10:00+09:00,218500.0,219000.0,218500.0,218500.0,3188,0.0,0.0
2025-02-19 13:11:00+09:00,218500.0,219000.0,218500.0,219000.0,7429,0.0,0.0
2025-02-19 13:12:00+09:00,218500.0,219000.0,218500.0,219000.0,7585,0.0,0.0
2025-02-19 13:13:00+09:00,218500.0,219000.0,218000.0,218000.0,29838,0.0,0.0
2025-02-19 13:14:00+09:00,218500.0,218500.0,218000.0,218000.0,4126,0.0,0.0
2025-02-19 13:15:00+09:00,218000.0,218500.0,217500.0,218000.0,41031,0.0,0.0
2025-02-19 13:16:00+09:00,218000.0,218000.0,217500.0,217500.0,2226,0.0,0.0
2025-02-19 13:17:00+09:00,217500.0,218000.0,217500.0,217500.0,2003,0.0,0.0
2025-02-19 13:18:00+09:00,218000.0,218000.0,217500.0,218000.0,2437,0.0,0.0
2025-02-19 13:19:00+09:00,217500.0,218000.0,217500.0,218000.0,3931,0.0,0.0
