Date,Open,High,Low,Close,Volume,Dividends,Stock Splits
2020-04-01 00:00:00+09:00,24958.57152374031,25787.453972868218,23623.149800145347,23761.296875,1102830,0.0,0.0
2020-04-02 00:00:00+09:00,23715.247253529145,25419.061133879783,23024.511896630236,25280.9140625,1270336,0.0,0.0
2020-04-03 00:00:00+09:00,25465.108354873373,26017.69660127207,24405.9808826092,24774.373046875,1083530,0.0,0.0
2020-04-06 00:00:00+09:00,25142.766796875,25787.453125,24774.374609374998,25787.453125,1015865,0.0,0.0
2020-04-07 00:00:00+09:00,26662.383586956523,26662.383586956523,25787.452173913043,26478.1875,1048728,0.0,0.0
2020-04-08 00:00:00+09:00,26293.989852612347,27307.068270751526,25971.646719568063,26386.087890625,1045667,0.0,0.0
2020-04-09 00:00:00+09:00,26938.676062577608,27813.607421875,26662.38194911527,27813.607421875,1081463,0.0,0.0
2020-04-10 00:00:00+09:00,27813.6115033646,28826.690068056687,27214.97416968291,28228.052734375,1048899,0.0,0.0
2020-04-13 00:00:00+09:00,28228.051560606826,29471.37520193861,27813.610346829562,28504.345703125,1095216,0.0,0.0
2020-04-14 00:00:00+09:00,29287.177943313953,30208.158381782945,28780.638702156008,29701.619140625,1095785,0.0,0.0
2020-04-16 00:00:00+09:00,29977.914644281915,30990.993172967326,29010.885139627662,30300.2578125,1419590,0.0,0.0
2020-04-17 00:00:00+09:00,31175.188268877264,31175.188268877264,30392.354885463803,30530.501953125,968653,0.0,0.0
2020-04-20 00:00:00+09:00,30438.403363019315,32188.26618872996,30162.10923264395,31589.62890625,1629276,0.0,0.0
2020-04-21 00:00:00+09:00,32004.06932178442,33615.78504302536,29747.6673120471,31773.82421875,3336766,0.0,0.0
2020-04-22 00:00:00+09:00,31037.040678116147,32879.001549220964,30162.10926434136,32510.609375,1710358,0.0,0.0
2020-04-23 00:00:00+09:00,32879.00173111511,32879.00173111511,31589.62911420863,32004.0703125,971431,0.0,0.0
2020-04-24 00:00:00+09:00,31543.579027580494,31773.824129971592,30023.961351799244,30392.353515625,1333616,0.0,0.0
2020-04-27 00:00:00+09:00,30668.64807452987,31221.236328125,30392.353947732303,31221.236328125,847601,0.0,0.0
2020-04-28 00:00:00+09:00,31681.726949708456,31911.972058354593,30990.991623770045,31589.62890625,792317,0.0,0.0
2020-04-29 00:00:00+09:00,31819.875002786197,32326.41425753388,31497.531840674037,32280.365234375,1030144,0.0,0.0
2020-05-04 00:00:00+09:00,31958.020468980118,32879.00088595361,31083.089072855302,31267.28515625,1334247,0.0,0.0
2020-05-06 00:00:00+09:00,31865.924995510057,32188.268167429957,31589.630848150144,32050.12109375,796292,0.0,0.0
2020-05-07 00:00:00+09:00,32142.216604077254,32648.755834227468,31911.971499463518,32188.265625,609269,0.0,0.0
2020-05-08 00:00:00+09:00,32280.361517857145,32418.508571428574,32096.165446428575,32234.3125,588710,0.0,0.0
2020-05-11 00:00:00+09:00,32050.1187085177,32096.167729650628,31221.236328125,31221.236328125,734721,0.0,0.0
2020-05-12 00:00:00+09:00,31221.237490558913,31221.237490558913,30116.060942220545,30484.453125,829805,0.0,0.0
2020-05-13 00:00:00+09:00,29931.863713978295,30760.74609375,29701.618608486155,30760.74609375,579619,0.0,0.0
2020-05-14 00:00:00+09:00,30208.15762518968,30392.353708270104,29793.716438258725,30346.3046875,655871,0.0,0.0
2020-05-15 00:00:00+09:00,30392.353096242332,30438.402116085123,29793.715838286043,30023.9609375,451229,0.0,0.0
2020-05-18 00:00:00+09:00,30023.962098490712,30070.011120114166,29379.275795762383,29747.66796875,481239,0.0,0.0
2020-05-19 00:00:00+09:00,30484.451396004097,31175.186699538932,30484.451396004097,30898.892578125,916828,0.0,0.0
2020-05-20 00:00:00+09:00,30530.502147847434,30852.84530777946,30484.453125,30484.453125,466112,0.0,0.0
2020-05-21 00:00:00+09:00,30806.794699928978,30852.8437204072,30208.157433712124,30392.353515625,567215,0.0,0.0
2020-05-22 00:00:00+09:00,30668.647019764547,30668.647019764547,29517.421531034648,30070.009765625,558579,0.0,0.0
2020-05-25 00:00:00+09:00,30116.061722366896,30116.061722366896,29471.37538580247,29839.767578125,414953,0.0,0.0
2020-05-26 00:00:00+09:00,29885.81714988426,31405.434971064817,29839.768125,31083.091796875,1434923,0.0,0.0
2020-05-27 00:00:00+09:00,31267.286160555752,32510.609763405537,31221.23713822798,32418.51171875,1613356,0.0,0.0
2020-05-28 00:00:00+09:00,32879.00335233567,32925.05237663866,30622.601161489107,31175.189453125,1472432,0.0,0.0
2020-05-29 00:00:00+09:00,30714.695966397114,31497.529296875,30392.352830317985,31497.529296875,1313368,0.0,0.0
2020-06-01 00:00:00+09:00,31359.382048357664,32004.06831660584,31221.234990875913,31543.578125,816395,0.0,0.0
2020-06-02 00:00:00+09:00,32050.1201185806,32971.100581758204,31681.727933309558,32280.365234375,1529691,0.0,0.0
2020-06-03 00:00:00+09:00,32694.80495179296,34398.618730970906,32418.510825439782,34030.2265625,2749367,0.0,0.0
2020-06-04 00:00:00+09:00,34628.8676369863,35135.40692422945,32925.053670804795,33615.7890625,1926146,0.0,0.0
2020-06-05 00:00:00+09:00,33339.492208501346,34260.47265625,33017.14905178932,34260.47265625,769982,0.0,0.0
2020-06-08 00:00:00+09:00,34767.009882706065,34905.156941842644,33707.88242932561,33799.98046875,780013,0.0,0.0
2020-06-09 00:00:00+09:00,33523.686274509804,34030.22549019608,32556.656862745098,32879.0,1076141,0.0,0.0
2020-06-10 00:00:00+09:00,32556.65610854805,33063.1953125,32234.312978760445,33063.1953125,659808,0.0,0.0
2020-06-11 00:00:00+09:00,32694.8046875,32971.09881161972,32280.363501320422,32694.8046875,742484,0.0,0.0
2020-06-12 00:00:00+09:00,30990.99122246036,31497.53045492257,30990.99122246036,31221.236328125,945605,0.0,0.0
2020-06-15 00:00:00+09:00,30852.84632924641,30898.89535361842,28872.73828125,28872.73828125,996594,0.0,0.0
2020-06-16 00:00:00+09:00,29563.472104088345,30668.648631343982,29563.472104088345,30622.599609375,753850,0.0,0.0
2020-06-17 00:00:00+09:00,29977.913873678248,30484.453125,29563.47266805136,30484.453125,896465,0.0,0.0
2020-06-18 00:00:00+09:00,30023.96112951229,30484.45133088518,29839.765048963134,29977.912109375,535154,0.0,0.0
2020-06-19 00:00:00+09:00,30070.013070687877,30806.797464456646,29701.62087380349,30668.650390625,772709,0.0,0.0
2020-06-22 00:00:00+09:00,35734.04303421787,38589.082554993016,32648.75839079958,32971.1015625,11307283,0.0,0.0
2020-06-23 00:00:00+09:00,33523.68968340611,33615.7877319869,31497.53261462882,31635.6796875,2579502,0.0,0.0
2020-06-24 00:00:00+09:00,32326.41405685513,32648.757216966223,31865.923828125,31865.923828125,1646908,0.0,0.0
2020-06-25 00:00:00+09:00,31129.138262537424,31497.530431324853,30530.50098825786,30760.74609375,1486165,0.0,0.0
2020-06-26 00:00:00+09:00,31175.186699538932,31221.235719774588,30760.745517418032,30898.892578125,695187,0.0,0.0
2020-06-29 00:00:00+09:00,30392.353096242332,30438.402116085123,29931.86289781442,30023.9609375,752755,0.0,0.0
2020-06-30 00:00:00+09:00,30392.35722390318,30990.99456316188,30300.25917170953,30438.40625,734421,0.0,0.0
2020-07-01 00:00:00+09:00,30668.650962342126,31497.533420783802,30668.650962342126,30990.994140625,651093,0.0,0.0
2020-07-02 00:00:00+09:00,31359.385747965975,31497.53282174556,31083.091600406802,31129.140625,463762,0.0,0.0
2020-07-03 00:00:00+09:00,31681.72617753623,31819.873239356883,31129.137930253622,31773.82421875,696058,0.0,0.0
2020-07-06 00:00:00+09:00,32142.217965363077,32142.217965363077,31589.629690886923,31865.923828125,605968,0.0,0.0
2020-07-07 00:00:00+09:00,32004.069687384774,32096.167729650628,31221.236328125,31221.236328125,590782,0.0,0.0
2020-07-08 00:00:00+09:00,31267.29095609579,31911.97736756168,31221.24192670537,31727.78125,602335,0.0,0.0
2020-07-09 00:00:00+09:00,31865.92560395315,31911.97462939239,31129.14119692533,31451.484375,609351,0.0,0.0
2020-07-10 00:00:00+09:00,31451.481410226424,31497.530431324853,30668.648051553144,30760.74609375,566847,0.0,0.0
2020-07-13 00:00:00+09:00,31129.140227561773,31681.728515625,30576.551939498546,31681.728515625,694731,0.0,0.0
2020-07-14 00:00:00+09:00,31405.435546875,31635.68067551778,31083.092366775112,31405.435546875,414415,0.0,0.0
2020-07-15 00:00:00+09:00,31819.874417439663,32556.658774428135,31635.678328192545,31958.021484375,1054420,0.0,0.0
2020-07-16 00:00:00+09:00,32234.31505259901,32694.80526763614,31911.97190207302,32556.658203125,800019,0.0,0.0
2020-07-17 00:00:00+09:00,32602.70681330472,33063.197022532186,32096.167583154507,32188.265625,649058,0.0,0.0
2020-07-20 00:00:00+09:00,32326.411764705885,33109.24509803922,31865.92156862745,32879.0,876966,0.0,0.0
2020-07-21 00:00:00+09:00,33109.24665810906,33155.29567988669,32234.315244334277,32510.609375,789150,0.0,0.0
2020-07-22 00:00:00+09:00,32464.559202729986,33339.49058549859,32280.36312214712,32786.90234375,1045851,0.0,0.0
2020-07-23 00:00:00+09:00,32925.052560389726,33017.1506095097,31819.87597095007,32050.12109375,768661,0.0,0.0
2020-07-24 00:00:00+09:00,31635.677773050742,33477.63863319926,31635.677773050742,32556.658203125,1477066,0.0,0.0
2020-07-27 00:00:00+09:00,32786.90649873372,32971.102602659186,31773.82792714363,31819.876953125,1001922,0.0,0.0
2020-07-28 00:00:00+09:00,31911.972058354593,32142.21716700073,31405.43281933309,31589.62890625,1049335,0.0,0.0
2020-07-29 00:00:00+09:00,31635.67751832135,31681.726539454277,31175.187306992073,31221.236328125,766813,0.0,0.0
2020-07-30 00:00:00+09:00,31451.486931295956,31589.634018841913,31267.290814568016,31313.33984375,468200,0.0,0.0
2020-07-31 00:00:00+09:00,31267.28575414541,31589.62890625,30990.991623770045,31589.62890625,625699,0.0,0.0
2020-08-03 00:00:00+09:00,31405.435170159493,31451.48419533568,30990.993943573812,31037.04296875,454200,0.0,0.0
2020-08-04 00:00:00+09:00,31267.28595998201,32832.95270908273,31267.28595998201,32004.0703125,2189050,0.0,0.0
2020-08-05 00:00:00+09:00,32142.21975658858,32188.26878202782,31267.288273243048,31451.484375,905293,0.0,0.0
2020-08-06 00:00:00+09:00,31635.68084919953,32142.22013499457,31451.484745274058,31819.876953125,859335,0.0,0.0
2020-08-07 00:00:00+09:00,31865.925804160557,32142.219958531892,31313.33749541789,31405.435546875,829352,0.0,0.0
2020-08-10 00:00:00+09:00,31451.487073657474,31773.83027939042,31175.192897314948,31727.78125,749656,0.0,0.0
2020-08-11 00:00:00+09:00,32648.757807141632,34030.22851830418,32464.56171231996,33569.73828125,4053870,0.0,0.0
2020-08-12 00:00:00+09:00,33569.733995596784,33892.07712038304,32556.655603411422,33661.83203125,1568218,0.0,0.0
2020-08-13 00:00:00+09:00,34122.32596628289,34214.42401207583,32971.100393871195,33247.39453125,1307133,0.0,0.0
2020-08-14 00:00:00+09:00,33615.787109375,33892.081249999996,32740.8556640625,33155.296875,1000610,0.0,0.0
2020-08-18 00:00:00+09:00,33247.39906939338,33293.44809857537,31037.04566865809,31313.33984375,1387948,0.0,0.0
2020-08-19 00:00:00+09:00,31129.138285859146,31727.775560587208,31129.138285859146,31221.236328125,764023,0.0,0.0
2020-08-20 00:00:00+09:00,31037.040979231366,31129.139023680124,29379.276179153727,29655.5703125,1503859,0.0,0.0
2020-08-21 00:00:00+09:00,29747.671081730772,30576.55355769231,29747.671081730772,29931.8671875,757288,0.0,0.0
2020-08-24 00:00:00+09:00,29747.669530044364,29977.914650245948,28872.738073278353,29839.767578125,719044,0.0,0.0
2020-08-25 00:00:00+09:00,30070.010372277462,30576.54959753788,30023.961351799244,30392.353515625,652921,0.0,0.0
2020-08-26 00:00:00+09:00,30392.353708270104,30392.353708270104,29839.76545902883,30346.3046875,598809,0.0,0.0
2020-08-27 00:00:00+09:00,30116.061528022303,30300.257622994915,29333.228124388694,29425.326171875,930882,0.0,0.0
2020-08-28 00:00:00+09:00,29701.61760923143,30254.205843821783,29471.372511485453,30070.009765625,689273,0.0,0.0
2020-08-31 00:00:00+09:00,30254.207403706394,30530.501535247095,29701.619140625,29701.619140625,954449,0.0,0.0
2020-09-01 00:00:00+09:00,29701.61779860046,30162.107997028375,29655.568778757668,30023.9609375,585880,0.0,0.0
2020-09-02 00:00:00+09:00,30346.30565808964,30438.403702575495,29793.7173911745,30116.060546875,474578,0.0,0.0
2020-09-03 00:00:00+09:00,30300.258017774344,30300.258017774344,29793.71875,29793.71875,608030,0.0,0.0
2020-09-04 00:00:00+09:00,29010.884765625,29471.375,28918.786718749998,29471.375,565062,0.0,0.0
2020-09-07 00:00:00+09:00,29563.471147017048,30852.8437204072,29517.422126538826,30392.353515625,1206392,0.0,0.0
2020-09-08 00:00:00+09:00,30714.696039313745,30714.696039313745,29977.911726526607,30070.009765625,590475,0.0,0.0
2020-09-09 00:00:00+09:00,29701.61933472438,29839.766401397515,29471.374223602485,29655.5703125,498767,0.0,0.0
2020-09-10 00:00:00+09:00,29885.81581605335,29931.8648388824,29517.423633420953,29563.47265625,602863,0.0,0.0
2020-09-11 00:00:00+09:00,29563.47188225619,29747.66796875,29287.17775251548,29747.66796875,448870,0.0,0.0
2020-09-14 00:00:00+09:00,29793.7173911745,30484.452724818424,29609.52130220279,30116.060546875,651256,0.0,0.0
2020-09-15 00:00:00+09:00,30208.158381782945,30254.207403706394,29609.521096778102,29701.619140625,772092,0.0,0.0
2020-09-16 00:00:00+09:00,29793.71855408468,30070.01269832658,29747.669530044364,29839.767578125,488892,0.0,0.0
2020-09-17 00:00:00+09:00,29977.913468070652,30023.96249029503,29563.472268051242,29655.5703125,408639,0.0,0.0
2020-09-18 00:00:00+09:00,29655.570701908102,29793.71777039525,29517.423633420953,29563.47265625,403751,0.0,0.0
2020-09-21 00:00:00+09:00,29563.473046875,29747.669140625,29333.2279296875,29471.375,458750,0.0,0.0
2020-09-22 00:00:00+09:00,29609.522070312498,29609.522070312498,28550.39453125,28550.39453125,883287,0.0,0.0
2020-09-23 00:00:00+09:00,28688.541203916462,28734.590226715685,27859.65879353043,28182.001953125,635355,0.0,0.0
2020-09-24 00:00:00+09:00,27767.558550932757,27813.607570088534,27168.921301907674,27307.068359375,768636,0.0,0.0
2020-09-25 00:00:00+09:00,27399.170119160353,27767.56232244318,26984.72889046717,27353.12109375,690342,0.0,0.0
2020-09-28 00:00:00+09:00,27445.215838186356,27951.75505667637,27399.16681832363,27675.4609375,368937,0.0,0.0
2020-09-29 00:00:00+09:00,28089.90449250821,28274.10058754105,27859.659373717157,28043.85546875,386389,0.0,0.0
2020-10-05 00:00:00+09:00,27813.610922280845,28596.444342278814,27721.512872869316,28366.19921875,456182,0.0,0.0
2020-10-06 00:00:00+09:00,28458.297268161525,28688.542391690342,28135.954095221186,28366.19921875,329526,0.0,0.0
2020-10-07 00:00:00+09:00,28228.050975924223,28228.050975924223,27813.609770731207,28182.001953125,455055,0.0,0.0
2020-10-08 00:00:00+09:00,28366.19765370521,28458.295698035425,28135.95254287968,28274.099609375,391370,0.0,0.0
2020-10-12 00:00:00+09:00,28550.39453125,28734.590624999997,28320.1494140625,28550.39453125,424746,0.0,0.0
2020-10-13 00:00:00+09:00,28596.44454077744,28734.591615853657,28135.954290523372,28320.150390625,332756,0.0,0.0
2020-10-14 00:00:00+09:00,28135.952334065085,28274.099399535124,27813.609181301654,27859.658203125,521841,0.0,0.0
2020-10-15 00:00:00+09:00,27721.509574523217,27997.803689883913,27537.313497616084,27767.55859375,525260,0.0,0.0
2020-10-16 00:00:00+09:00,27813.611673532956,28918.788296322346,27767.5626475834,28642.494140625,728140,0.0,0.0
2020-10-19 00:00:00+09:00,28918.785180740593,29747.66755853252,28734.589096786833,29379.275390625,1114133,0.0,0.0
2020-10-20 00:00:00+09:00,29195.080467513846,29793.717764166337,28550.39414804193,29102.982421875,739917,0.0,0.0
2020-10-21 00:00:00+09:00,29056.93515193029,29195.082228722353,28688.54294715146,29149.033203125,430032,0.0,0.0
2020-10-22 00:00:00+09:00,29977.912663474723,30023.961684463164,29195.079306671236,29379.275390625,1393737,0.0,0.0
2020-10-23 00:00:00+09:00,29563.474433501186,29563.474433501186,28918.788075138233,29149.033203125,769695,0.0,0.0
2020-10-26 00:00:00+09:00,29471.375598086124,29563.47364683014,28872.73828125,28872.73828125,794112,0.0,0.0
2020-10-27 00:00:00+09:00,28504.34472020053,28918.78591968648,28089.903520714575,28274.099609375,598641,0.0,0.0
2020-10-28 00:00:00+09:00,28043.85180901092,28642.489039745145,27951.75377351335,28458.29296875,408711,0.0,0.0
2020-10-29 00:00:00+09:00,27951.756052753713,28135.952138768564,27721.51094523515,27905.70703125,579482,0.0,0.0
2020-10-30 00:00:00+09:00,27951.758580368067,28688.542991053222,27813.6115033646,28228.052734375,708820,0.0,0.0
2020-11-02 00:00:00+09:00,28412.248440675812,28596.44454077744,28228.052340574188,28320.150390625,366612,0.0,0.0
2020-11-03 00:00:00+09:00,28504.34492563704,28826.688083115972,28458.29590314005,28688.541015625,509754,0.0,0.0
2020-11-04 00:00:00+09:00,28918.786524366085,29333.22773251783,28550.394339342314,29056.93359375,853254,0.0,0.0
2020-11-05 00:00:00+09:00,28872.7384778105,29056.934576552514,28412.24823095547,28826.689453125,828936,0.0,0.0
2020-11-06 00:00:00+09:00,28826.68650613929,29056.931606028582,28504.34336629428,28596.44140625,554258,0.0,0.0
2020-11-09 00:00:00+09:00,28780.638687253937,29287.17792814961,28642.49162155512,29241.12890625,739098,0.0,0.0
2020-11-10 00:00:00+09:00,29839.76545902883,30622.598812120636,29517.422313638086,30346.3046875,2108776,0.0,0.0
2020-11-11 00:00:00+09:00,30530.503121486134,30714.69921875,30162.110926958398,30714.69921875,1172390,0.0,0.0
2020-11-12 00:00:00+09:00,30714.69623514187,30714.69623514187,29931.86289781442,30023.9609375,1069149,0.0,0.0
2020-11-13 00:00:00+09:00,29793.72010817308,30116.06329326923,29471.376923076925,29931.8671875,782266,0.0,0.0
2020-11-16 00:00:00+09:00,29977.913873678248,30668.649216389727,29839.76680513595,30484.453125,1009328,0.0,0.0
2020-11-17 00:00:00+09:00,30944.941063596492,32188.264588473136,30668.646946957237,31497.529296875,3107894,0.0,0.0
2020-11-18 00:00:00+09:00,31589.62988137849,31727.77695083058,31037.041603570116,31359.384765625,1115655,0.0,0.0
2020-11-19 00:00:00+09:00,31405.43180071721,31405.43180071721,30668.64747694672,30898.892578125,876229,0.0,0.0
2020-11-20 00:00:00+09:00,30990.990426199776,31313.333565848214,30806.79434640067,30944.94140625,666816,0.0,0.0
2020-11-23 00:00:00+09:00,30760.74592691458,31451.481239644698,30484.45180182253,31267.28515625,765122,0.0,0.0
2020-11-24 00:00:00+09:00,31773.825782378975,32142.217965363077,31451.482622267882,31865.923828125,1426814,0.0,0.0
2020-11-25 00:00:00+09:00,32234.315814393936,32879.002130681816,31405.433407738095,31911.97265625,2121240,0.0,0.0
2020-11-26 00:00:00+09:00,31911.972058354593,32050.119123542274,31129.138688957726,31589.62890625,892720,0.0,0.0
2020-11-27 00:00:00+09:00,31451.486428285254,32418.516025641024,31221.24128605769,32326.41796875,1096787,0.0,0.0
2020-11-30 00:00:00+09:00,32234.31396484375,32464.559064592635,30944.94140625,30944.94140625,1448489,0.0,0.0
2020-12-01 00:00:00+09:00,31359.386693311324,32004.073057050467,31267.288641348587,31819.876953125,768491,0.0,0.0
2020-12-02 00:00:00+09:00,31958.02167884199,32142.217769209954,31681.727543290042,31911.97265625,643251,0.0,0.0
2020-12-03 00:00:00+09:00,31958.020520386264,32234.314645922746,31451.48129023605,32188.265625,776347,0.0,0.0
2020-12-04 00:00:00+09:00,32556.66107944843,33846.03379546619,32188.268874871927,33707.88671875,3229954,0.0,0.0
2020-12-07 00:00:00+09:00,34306.52013900432,34905.15740317487,33707.88287483378,34628.86328125,2818394,0.0,0.0
2020-12-08 00:00:00+09:00,34720.965689212324,34720.965689212324,33385.54393193493,33615.7890625,1649813,0.0,0.0
2020-12-09 00:00:00+09:00,33846.03690769362,34260.47817595109,33569.7427288553,33892.0859375,1162859,0.0,0.0
2020-12-10 00:00:00+09:00,33753.93473965124,36240.58204652868,33661.83669124837,35319.6015625,4034397,0.0,0.0
2020-12-11 00:00:00+09:00,35872.185737668704,36286.62690793702,35181.450453888174,35826.13671875,1703929,0.0,0.0
2020-12-14 00:00:00+09:00,36056.38314101511,36056.38314101511,34859.10860504271,35043.3046875,1307699,0.0,0.0
2020-12-15 00:00:00+09:00,34951.20541541165,34951.20541541165,33892.07797858099,34398.6171875,1180300,0.0,0.0
2020-12-16 00:00:00+09:00,34582.81855729167,34674.916609375,34122.328296875,34536.76953125,710948,0.0,0.0
2020-12-17 00:00:00+09:00,34398.618730970906,34398.618730970906,33707.883415087956,34030.2265625,866800,0.0,0.0
2020-12-18 00:00:00+09:00,34214.422098362695,34951.20642349568,34168.373078041885,34628.86328125,1019888,0.0,0.0
2020-12-21 00:00:00+09:00,34628.86661073825,34674.91563548658,33846.03319001678,34306.5234375,679034,0.0,0.0
2020-12-22 00:00:00+09:00,34352.56729864911,34398.616316475716,33661.83203125,33661.83203125,720850,0.0,0.0
2020-12-23 00:00:00+09:00,33753.93299651343,33984.17810563016,32694.805494576445,33431.58984375,910166,0.0,0.0
2020-12-24 00:00:00+09:00,33569.73750319748,34720.963069150755,33569.73750319748,33753.93359375,1089750,0.0,0.0
2020-12-28 00:00:00+09:00,33892.0804558011,33938.12947815953,33155.2960980663,33339.4921875,978523,0.0,0.0
2020-12-29 00:00:00+09:00,33854.56459590517,34275.9907112069,33667.264100215514,33948.21484375,676804,600.0,0.0
2020-12-30 00:00:00+09:00,33948.21650221128,35306.145162299734,33901.39137600133,35072.01953125,1206164,0.0,0.0
2021-01-04 00:00:00+09:00,35633.92214562908,35961.69803921569,35165.6708690768,35821.22265625,1445672,0.0,0.0
2021-01-05 00:00:00+09:00,36149.00001948254,38256.13084963373,36055.34976036471,37553.75390625,4010166,0.0,0.0
2021-01-06 00:00:00+09:00,38256.12750941029,38583.90338770389,36757.72349435383,37319.625,2437785,0.0,0.0
2021-01-07 00:00:00+09:00,38068.826029785756,38349.77677539303,37600.57478710696,37975.17578125,1709857,0.0,0.0
2021-01-08 00:00:00+09:00,38771.21044207317,38818.03557545732,38022.00830792683,38396.609375,2173038,0.0,0.0
2021-01-11 00:00:00+09:00,39239.459856859416,42891.82008219955,39052.159332482996,41299.765625,6595915,0.0,0.0
2021-01-12 00:00:00+09:00,41768.01308936403,43547.36790707237,40644.21004660088,42704.515625,4678743,0.0,0.0
2021-01-13 00:00:00+09:00,42798.17128620641,42844.996418904666,41065.64137637092,41627.54296875,2254504,0.0,0.0
2021-01-14 00:00:00+09:00,41252.93266410615,42095.78486382682,41018.807053072625,41908.484375,1474213,0.0,0.0
2021-01-15 00:00:00+09:00,42142.61828271028,42376.74393983645,40082.3125,40082.3125,1874022,0.0,0.0
2021-01-18 00:00:00+09:00,39239.455692871656,41487.06174687863,38771.20443162021,40316.43359375,2134364,0.0,0.0
2021-01-19 00:00:00+09:00,41487.06651439645,42283.09375,40831.51467331118,42283.09375,2158846,0.0,0.0
2021-01-20 00:00:00+09:00,42891.820459579176,42891.820459579176,41206.11572535991,42283.09375,1611932,0.0,0.0
2021-01-21 00:00:00+09:00,42189.44205583845,42610.868225097656,41814.84101649693,41955.31640625,1248739,0.0,0.0
2021-01-22 00:00:00+09:00,42329.91691300676,42844.99333562078,41159.28867979308,41580.71484375,1788996,0.0,0.0
2021-01-25 00:00:00+09:00,41955.316666666666,42610.868489583336,41955.316666666666,42142.6171875,1287209,0.0,0.0
2021-01-26 00:00:00+09:00,42704.51335227273,42704.51335227273,41159.28425071023,41206.109375,1104455,0.0,0.0
2021-01-27 00:00:00+09:00,41580.71228323699,42002.13842124277,40363.25899566474,40503.734375,914963,0.0,0.0
2021-01-28 00:00:00+09:00,39333.10574644549,40597.38414543839,39145.805242890994,39520.40625,1174501,0.0,0.0
2021-01-29 00:00:00+09:00,39848.186495535716,39941.83675756988,37366.454551630435,37694.23046875,1721424,0.0,0.0
2021-02-01 00:00:00+09:00,37694.229817708336,40925.163802083334,37272.80364583333,40737.86328125,1510418,0.0,0.0
2021-02-02 00:00:00+09:00,40878.33538656069,41487.062030346824,40035.48311054913,40503.734375,969603,0.0,0.0
2021-02-03 00:00:00+09:00,41299.76369147158,42236.26626950948,40831.51240245262,42002.140625,1632610,0.0,0.0
2021-02-04 00:00:00+09:00,42657.69210783604,42891.81775057937,40222.78542330533,40410.0859375,2199218,0.0,0.0
2021-02-05 00:00:00+09:00,40737.86288096289,40784.68801071113,39333.1089885159,39754.53515625,1022473,0.0,0.0
2021-02-08 00:00:00+09:00,39520.409766998826,40831.51340855803,39473.584636943146,39941.8359375,843784,0.0,0.0
2021-02-09 00:00:00+09:00,40222.78606679779,40644.21223047786,39707.70964452215,40175.9609375,682153,0.0,0.0
2021-02-10 00:00:00+09:00,39988.66314875731,40175.96367872807,39426.76155884503,40035.48828125,535477,0.0,0.0
2021-02-15 00:00:00+09:00,40456.908972125435,40597.38435050087,40082.30796312427,40316.43359375,554740,0.0,0.0
2021-02-16 00:00:00+09:00,40316.43450218023,40644.21039244186,39848.18323037791,40269.609375,562482,0.0,0.0
2021-02-17 00:00:00+09:00,40175.956172429076,40222.78129617317,39379.92906877955,39614.0546875,594582,0.0,0.0
2021-02-18 00:00:00+09:00,39473.57877840909,39567.229024621214,38630.7265625,38630.7265625,602045,0.0,0.0
2021-02-19 00:00:00+09:00,38490.257031249996,39426.75963541667,37928.35546875,39333.109375,646248,0.0,0.0
2021-02-22 00:00:00+09:00,39426.758840957125,39520.409099486715,38771.20703125,38771.20703125,584560,0.0,0.0
2021-02-23 00:00:00+09:00,38583.90613799283,39473.583585349465,38302.95536514337,39192.6328125,624790,0.0,0.0
2021-02-24 00:00:00+09:00,39192.63088593171,39333.10626545118,37834.70221724351,37881.52734375,698615,0.0,0.0
2021-02-25 00:00:00+09:00,38490.25355370036,38911.6796875,38162.4776718562,38911.6796875,450019,0.0,0.0
2021-02-26 00:00:00+09:00,37975.177680394154,38490.25407309987,36991.850021592334,37272.80078125,1018432,0.0,0.0
2021-03-02 00:00:00+09:00,38022.00705078125,38022.00705078125,36945.02901855469,37460.10546875,652267,0.0,0.0
2021-03-03 00:00:00+09:00,37272.80428959627,37741.05559976708,37085.50376552795,37694.23046875,410871,0.0,0.0
2021-03-04 00:00:00+09:00,37179.15649475251,37413.282165374374,36617.25488526002,37366.45703125,656963,0.0,0.0
2021-03-05 00:00:00+09:00,36757.726297415174,36898.20168453905,36148.99961987836,36570.42578125,507152,0.0,0.0
2021-03-08 00:00:00+09:00,36945.029170306545,37647.406150730625,36523.6029820521,36851.37890625,578241,0.0,0.0
2021-03-09 00:00:00+09:00,37179.15492848259,37787.88164645522,36757.728739116916,37647.40625,820041,0.0,0.0
2021-03-10 00:00:00+09:00,38022.0072069568,38022.0072069568,36617.253246108645,36851.37890625,528032,0.0,0.0
2021-03-11 00:00:00+09:00,36991.850021592334,37600.57666751727,36898.19976837312,37272.80078125,563726,0.0,0.0
2021-03-12 00:00:00+09:00,37741.054696845094,39145.80859375,37647.40443705143,39145.80859375,945381,0.0,0.0
2021-03-15 00:00:00+09:00,39379.93642635234,40456.91447368421,38911.685101425435,40035.48828125,1323074,0.0,0.0
2021-03-16 00:00:00+09:00,40269.613025700935,40410.08841997664,39660.886317172895,40082.3125,659465,0.0,0.0
2021-03-17 00:00:00+09:00,40363.26513100117,40410.09026456382,39192.63679193501,39988.6640625,590604,0.0,0.0
2021-03-18 00:00:00+09:00,40129.135275735294,40644.211691176475,39801.359375,39801.359375,502747,0.0,0.0
2021-03-19 00:00:00+09:00,39239.45549466825,39660.881627665876,38864.85448755924,39520.40625,537773,0.0,0.0
2021-03-22 00:00:00+09:00,39801.35513678696,40269.60637369034,39426.75414726426,40222.78125,627006,0.0,0.0
2021-03-23 00:00:00+09:00,40503.73737009238,41580.71535796767,39988.660941108545,40550.5625,1736801,0.0,0.0
2021-03-24 00:00:00+09:00,40410.084756540695,40456.90988372093,39567.23246729651,40269.609375,613594,0.0,0.0
2021-03-25 00:00:00+09:00,40082.30877720504,40925.161064576176,39941.833395976515,40878.3359375,755819,0.0,0.0
2021-03-26 00:00:00+09:00,41206.112372304204,41580.7133938706,41018.811861521,41252.9375,817833,0.0,0.0
2021-03-29 00:00:00+09:00,41768.01693594104,42142.61798469388,41252.940493905895,41299.765625,1195379,0.0,0.0
2021-03-30 00:00:00+09:00,41955.31506849315,42329.91609589041,40737.86172945206,41018.8125,1272016,0.0,0.0
2021-03-31 00:00:00+09:00,41112.462116912604,41627.53852156641,40597.3857122588,41252.9375,722901,0.0,0.0
2021-04-01 00:00:00+09:00,41393.41417910448,41580.71469575201,40737.86237083812,40784.6875,818290,0.0,0.0
2021-04-02 00:00:00+09:00,40831.51262916189,41018.813145809414,40175.960820895525,40784.6875,614407,0.0,0.0
2021-04-05 00:00:00+09:00,40878.33664654092,42095.78997163836,40737.861262875835,42048.96484375,1327737,0.0,0.0
2021-04-06 00:00:00+09:00,42236.26718575614,42751.343614850724,41533.890236990796,41955.31640625,1341411,0.0,0.0
2021-04-07 00:00:00+09:00,42329.917708333334,42376.742838541664,41814.84127604167,42142.6171875,799292,0.0,0.0
2021-04-08 00:00:00+09:00,42657.69540931439,44062.44937449488,42002.143558896816,43453.72265625,3096797,0.0,0.0
2021-04-09 00:00:00+09:00,43734.664676399356,44015.61541307858,42798.16222080194,43500.5390625,1340947,0.0,0.0
2021-04-12 00:00:00+09:00,43266.41834016394,43360.06859631148,42470.39116290984,42844.9921875,742044,0.0,0.0
2021-04-13 00:00:00+09:00,42938.640982069104,43734.66813222742,42095.78870543089,42517.21484375,1979301,0.0,0.0
2021-04-14 00:00:00+09:00,43079.11447047671,43453.715465872156,42376.73760411024,43219.58984375,1101706,0.0,0.0
2021-04-15 00:00:00+09:00,43687.848317113414,43968.79911014951,43219.59699538658,43453.72265625,974201,0.0,0.0
2021-04-16 00:00:00+09:00,43828.321745758214,44577.52382688229,43406.89557512593,44156.09765625,1411040,0.0,0.0
2021-04-19 00:00:00+09:00,44671.16915654389,45420.37115497649,44156.092782621476,44811.64453125,1222262,0.0,0.0
2021-04-20 00:00:00+09:00,45326.723110465115,46450.526162790695,45186.24772892442,46310.05078125,1914997,0.0,0.0
2021-04-21 00:00:00+09:00,45935.452734375,46778.305078125,45607.67682291666,46356.87890625,1434090,0.0,0.0
2021-04-22 00:00:00+09:00,46778.30640545281,46825.13153698979,45888.62890625,45888.62890625,965732,0.0,0.0
2021-04-23 00:00:00+09:00,45373.55345208961,46637.83203125,44577.526198544176,46637.83203125,1301554,0.0,0.0
2021-04-26 00:00:00+09:00,46825.13071498054,48417.18515928988,46122.753754255835,48136.234375,1483328,0.0,0.0
2021-04-27 00:00:00+09:00,48323.53179086539,48979.083578725964,47574.32974759615,48698.1328125,1090208,0.0,0.0
2021-04-28 00:00:00+09:00,48604.48156576139,50290.18612873577,48229.88055176708,49353.68359375,1677864,0.0,0.0
2021-04-29 00:00:00+09:00,49447.33598066298,51413.99138898481,49353.685723123854,50852.08984375,1841896,0.0,0.0
2021-04-30 00:00:00+09:00,50196.538752480155,50290.18901134672,47012.429951016864,47199.73046875,2564460,0.0,0.0
2021-05-03 00:00:00+09:00,46731.4789124751,48136.2327875996,46310.05274993775,47012.4296875,1405292,0.0,0.0
2021-05-04 00:00:00+09:00,47106.0783957302,47667.979927289605,46029.10046024134,47293.37890625,1163292,0.0,0.0
2021-05-06 00:00:00+09:00,47293.38125896272,48979.0859375,46918.780219287764,48979.0859375,1003392,0.0,0.0
2021-05-07 00:00:00+09:00,49540.98339114972,50477.485912721546,49260.03263467817,50196.53515625,1069981,0.0,0.0
2021-05-10 00:00:00+09:00,50852.08903631285,51133.03980446927,49728.28596368715,50290.1875,934023,0.0,0.0
2021-05-11 00:00:00+09:00,50477.48854840573,51413.99111887708,50196.537777264326,50664.7890625,1050759,0.0,0.0
2021-05-12 00:00:00+09:00,50664.79034458973,50852.0908634237,48229.88359974808,48791.78515625,1205327,0.0,0.0
2021-05-13 00:00:00+09:00,47293.384064016995,49634.640700849515,47012.43326759709,48229.88671875,1101613,0.0,0.0
2021-05-14 00:00:00+09:00,49260.03222844412,49634.63323398362,48417.17996598025,48604.48046875,578649,0.0,0.0
2021-05-17 00:00:00+09:00,49072.73464234791,50009.237211858366,48417.18284369059,49260.03515625,690409,0.0,0.0
2021-05-18 00:00:00+09:00,49915.58467414034,50571.13644284387,49634.633916124534,50383.8359375,812205,0.0,0.0
2021-05-20 00:00:00+09:00,50009.24193785244,50852.09433006344,49634.64087464756,49821.94140625,647346,0.0,0.0
2021-05-21 00:00:00+09:00,50290.187982711504,50664.789010515684,48791.78387149477,49260.03515625,772997,0.0,0.0
2021-05-24 00:00:00+09:00,49260.039811442664,50290.1927352561,48229.886887629225,49821.94140625,590453,0.0,0.0
2021-05-25 00:00:00+09:00,50477.48982575576,50477.48982575576,48417.18411858205,48791.78515625,943536,0.0,0.0
2021-05-26 00:00:00+09:00,48885.4364514414,49915.58932685491,48510.83540583648,49540.98828125,715543,0.0,0.0
2021-05-27 00:00:00+09:00,50102.89031277753,53099.698705317496,50102.89031277753,52725.09765625,3790619,0.0,0.0
2021-05-28 00:00:00+09:00,52256.84220421123,52725.09347844251,51694.940675133694,52537.79296875,1090001,0.0,0.0
2021-05-31 00:00:00+09:00,52537.79660278746,53755.25,51413.99346689896,53755.25,1281753,0.0,0.0
2021-06-01 00:00:00+09:00,53942.54605263157,54129.84655975877,53006.04351699561,53380.64453125,869441,0.0,0.0
2021-06-02 00:00:00+09:00,53380.648954703836,54785.40287456446,52631.4468641115,53755.25,1237671,0.0,0.0
2021-06-03 00:00:00+09:00,53848.90080345248,53942.55106571936,51975.89555811501,52725.09765625,1445523,0.0,0.0
2021-06-04 00:00:00+09:00,52163.19194936498,53286.995007520054,52069.54169451872,52537.79296875,905788,0.0,0.0
2021-06-07 00:00:00+09:00,52818.74791851687,53193.34896758437,52069.54582038188,52725.09765625,855391,0.0,0.0
2021-06-08 00:00:00+09:00,52912.39433526168,55253.65072177768,52631.44356887976,54129.84765625,2001889,0.0,0.0
2021-06-09 00:00:00+09:00,54223.49468640159,54317.14493629174,53099.691687719685,53286.9921875,765680,0.0,0.0
2021-06-10 00:00:00+09:00,53099.69606854839,53099.69606854839,51694.94220430107,52256.84375,1376891,0.0,0.0
2021-06-11 00:00:00+09:00,52256.84348302608,52444.14399730216,51507.64142592176,52069.54296875,915024,0.0,0.0
2021-06-14 00:00:00+09:00,52256.8455733842,52631.446616921006,51601.293747194795,52163.1953125,630041,0.0,0.0
2021-06-15 00:00:00+09:00,52163.19344929788,52163.19344929788,50664.78932867173,50852.08984375,1404641,0.0,0.0
2021-06-16 00:00:00+09:00,50758.43777286306,51507.63980641085,50758.43777286306,50945.73828125,858532,0.0,0.0
2021-06-17 00:00:00+09:00,50664.78985517596,51226.69140625,50290.1888211266,51226.69140625,550507,0.0,0.0
2021-06-18 00:00:00+09:00,52069.54584854015,52444.14689781022,51039.392963047445,51320.34375,891655,0.0,0.0
2021-06-21 00:00:00+09:00,51413.99609375,51975.897690403006,50664.793964879325,51413.99609375,734627,0.0,0.0
2021-06-22 00:00:00+09:00,51694.939590867994,51882.240096632006,51320.338579339965,51788.58984375,523289,0.0,0.0
2021-06-23 00:00:00+09:00,52069.54291820702,52256.84343230129,50571.138805452865,50664.7890625,723485,0.0,0.0
2021-06-24 00:00:00+09:00,50758.44140625,51039.39218894142,49728.28853638146,50758.44140625,863560,0.0,0.0
2021-06-25 00:00:00+09:00,51413.99322542639,53193.34818222621,51320.342964542186,52163.1953125,1650218,0.0,0.0
2021-06-28 00:00:00+09:00,52912.398652276635,54598.10338810138,52444.14733676976,54504.453125,2009990,0.0,0.0
2021-06-29 00:00:00+09:00,54879.04997306034,54972.700228987065,53848.89715786638,54317.1484375,923714,0.0,0.0
2021-06-30 00:00:00+09:00,54504.45130253002,55815.55494210978,53567.94870283019,54598.1015625,1226079,0.0,0.0
2021-07-01 00:00:00+09:00,55160.00046631704,55440.951232698964,54036.19740078936,54129.84765625,801274,0.0,0.0
2021-07-02 00:00:00+09:00,54223.50078125,56658.40755208333,54129.85052083333,56190.15625,1809315,0.0,0.0
2021-07-05 00:00:00+09:00,56377.45703125,56752.05807464701,55534.604683606725,56377.45703125,835659,0.0,0.0
2021-07-06 00:00:00+09:00,56658.4093932596,57969.513081698664,55909.20728558014,56096.5078125,1122018,0.0,0.0
2021-07-07 00:00:00+09:00,55721.90390097129,56096.50493559967,55253.65260768581,55440.953125,828526,0.0,0.0
2021-07-08 00:00:00+09:00,55066.35206347487,55721.90387375433,53848.898701527294,54036.19921875,1239984,0.0,0.0
2021-07-09 00:00:00+09:00,53099.69584610332,53942.54816112084,52537.79430275832,53474.296875,1151242,0.0,0.0
2021-07-12 00:00:00+09:00,54036.19921875,54317.149994584055,53380.64740847054,54036.19921875,712359,0.0,0.0
2021-07-13 00:00:00+09:00,54598.101822916666,55440.95416666666,54317.151041666664,54785.40234375,605216,0.0,0.0
2021-07-14 00:00:00+09:00,54410.80025319541,54691.75102902947,53848.898701527294,54036.19921875,504155,0.0,0.0
2021-07-15 00:00:00+09:00,54223.49763997396,54504.44840494792,53755.24636501737,53942.546875,483098,0.0,0.0
2021-07-16 00:00:00+09:00,53661.60100733091,54972.7046968643,53380.6502167166,54691.75390625,586315,0.0,0.0
2021-07-19 00:00:00+09:00,54129.84738498264,54504.44840494792,53661.59611002605,53942.546875,506307,0.0,0.0
2021-07-20 00:00:00+09:00,53286.99688858696,54223.4994701087,53193.34663043478,53848.8984375,572624,0.0,0.0
2021-07-21 00:00:00+09:00,54129.850255831865,54504.451295664614,53193.34765625,53193.34765625,567377,0.0,0.0
2021-07-22 00:00:00+09:00,53567.9434991274,54036.1947534904,53193.342495637,53661.59375,331022,0.0,0.0
2021-07-23 00:00:00+09:00,53848.89540715416,53848.89540715416,50758.437062047924,51788.58984375,2031773,0.0,0.0
2021-07-26 00:00:00+09:00,51507.643229166664,52163.195052083334,50383.840104166666,50571.140625,1350753,0.0,0.0
2021-07-27 00:00:00+09:00,50852.09037220064,52350.49450839808,50290.1888211266,51226.69140625,1137814,0.0,0.0
2021-07-28 00:00:00+09:00,51226.69039090704,52163.19295746841,51133.04013425091,51882.2421875,739829,0.0,0.0
2021-07-29 00:00:00+09:00,52163.198222620675,52163.198222620675,51133.0452954235,51413.99609375,495102,0.0,0.0
2021-07-30 00:00:00+09:00,51320.34166476234,51788.592957324036,51039.39088922532,51226.69140625,438613,0.0,0.0
2021-08-02 00:00:00+09:00,51507.63980641085,51694.940314797794,50664.78751866958,50945.73828125,357740,0.0,0.0
2021-08-03 00:00:00+09:00,50852.09037220064,51507.64218178702,50571.13959666362,51226.69140625,404818,0.0,0.0
2021-08-04 00:00:00+09:00,51039.38671875,51133.03696961009,50383.83496272936,51039.38671875,511655,0.0,0.0
2021-08-05 00:00:00+09:00,51133.042187499996,51507.643229166664,50571.140625,50571.140625,552974,0.0,0.0
2021-08-06 00:00:00+09:00,50852.08621702981,51320.33747133028,50383.83496272936,51039.38671875,452211,0.0,0.0
2021-08-09 00:00:00+09:00,51413.9905726257,51413.9905726257,50102.88698789571,50290.1875,629116,0.0,0.0
2021-08-10 00:00:00+09:00,50196.53587523719,50290.18612873577,48885.43232625712,49353.68359375,847126,0.0,0.0
2021-08-11 00:00:00+09:00,49447.33567015209,49634.63618405419,48885.43412844582,49260.03515625,358024,0.0,0.0
2021-08-12 00:00:00+09:00,49260.03515625,49915.58695490732,49166.38489929896,49260.03515625,544438,0.0,0.0
2021-08-13 00:00:00+09:00,49447.33273121387,49915.58398813825,47855.278457671004,48604.48046875,573446,0.0,0.0
2021-08-17 00:00:00+09:00,48791.78486948165,48885.43512834822,46918.779692150296,47199.73046875,749891,0.0,0.0
2021-08-18 00:00:00+09:00,46778.30558426557,48323.53489785992,46731.48045355058,48136.234375,438479,0.0,0.0
2021-08-19 00:00:00+09:00,47480.68243501529,47574.33269622834,45748.15260257391,45935.453125,901702,0.0,0.0
2021-08-20 00:00:00+09:00,45982.27839294938,46450.52970041322,45092.60090876808,45326.7265625,748199,0.0,0.0
2021-08-23 00:00:00+09:00,45982.2734375,46684.65032300153,45186.24630059827,45982.2734375,594278,0.0,0.0
2021-08-24 00:00:00+09:00,46825.131749260356,47855.28464774408,46684.65635401258,47480.68359375,586680,0.0,0.0
2021-08-25 00:00:00+09:00,47948.93410852713,48510.835680111435,47574.33306080426,48323.53515625,479077,0.0,0.0
2021-08-26 00:00:00+09:00,48323.53205818965,49260.0346174569,47948.93103448275,48885.43359375,643777,0.0,0.0
2021-08-27 00:00:00+09:00,48323.535412644786,48885.43698721043,48042.58462536197,48510.8359375,426265,0.0,0.0
2021-08-30 00:00:00+09:00,49072.737482410885,50945.742729831145,48979.08722003987,49915.58984375,945260,0.0,0.0
2021-08-31 00:00:00+09:00,50290.18606418919,51975.890625,50009.235304054055,51975.890625,1231729,0.0,0.0
2021-09-01 00:00:00+09:00,50758.441145833334,51226.69244791666,50290.18984375,50571.140625,535118,0.0,0.0
2021-09-02 00:00:00+09:00,50571.140625,51039.39192708333,49821.93854166666,50571.140625,457326,0.0,0.0
2021-09-03 00:00:00+09:00,51039.39321732955,51975.89584517045,50571.141903409094,51507.64453125,498440,0.0,0.0
2021-09-06 00:00:00+09:00,51601.28822391055,51694.93847477064,50758.43596616972,51039.38671875,313019,0.0,0.0
2021-09-07 00:00:00+09:00,51226.69244791666,51413.99296875,50383.840104166666,50571.140625,291597,0.0,0.0
2021-09-08 00:00:00+09:00,50196.536974299066,50945.73901869159,49915.58620765187,50102.88671875,334311,0.0,0.0
2021-09-09 00:00:00+09:00,49915.58695490732,50571.13875356464,49260.03515625,49260.03515625,674671,0.0,0.0
2021-09-10 00:00:00+09:00,49260.03441880841,50290.18722984813,48698.13288551402,50102.88671875,387175,0.0,0.0
2021-09-13 00:00:00+09:00,49728.28644100523,50290.187982711504,48510.833100641634,49260.03515625,462077,0.0,0.0
2021-09-14 00:00:00+09:00,49540.98571573516,50852.08930745594,49540.98571573516,50477.48828125,488636,0.0,0.0
2021-09-15 00:00:00+09:00,50383.84087396978,51975.89532537774,49821.93930288462,51133.04296875,750380,0.0,0.0
2021-09-16 00:00:00+09:00,51975.894790731596,53006.04766045781,51601.293747194795,52163.1953125,820530,0.0,0.0
2021-09-17 00:00:00+09:00,52444.14090302491,52631.44140625,51601.288638512015,52631.44140625,617227,0.0,0.0
2021-09-23 00:00:00+09:00,51507.64401614011,51694.94453983517,50664.79165951236,51133.04296875,463177,0.0,0.0
2021-09-24 00:00:00+09:00,51413.99592487077,51788.59698807565,49260.039811442664,49821.94140625,765444,0.0,0.0
2021-09-27 00:00:00+09:00,49634.63905663697,50758.44220508912,49447.33853189494,49915.58984375,391092,0.0,0.0
2021-09-28 00:00:00+09:00,49540.98723158589,49728.28775041986,48229.88359974808,48791.78515625,554151,0.0,0.0
2021-09-29 00:00:00+09:00,47012.43326759709,48510.83751516991,47012.43326759709,48229.88671875,528795,0.0,0.0
2021-09-30 00:00:00+09:00,48510.83542071984,49353.687773589496,47855.28359071012,48136.234375,557859,0.0,0.0
2021-10-01 00:00:00+09:00,47948.93041749503,48042.580672216696,46825.12736083499,47106.078125,436750,0.0,0.0
2021-10-05 00:00:00+09:00,46731.47816780822,48510.833047945205,46403.702268835616,47855.28125,563763,0.0,0.0
2021-10-06 00:00:00+09:00,47855.278465504074,48417.179973905295,45982.2734375,45982.2734375,633939,0.0,0.0
2021-10-07 00:00:00+09:00,46169.577877964424,47574.331768774704,46169.577877964424,47387.03125,382577,0.0,0.0
2021-10-08 00:00:00+09:00,47574.32792167167,47574.32792167167,46544.17515171421,46778.30078125,293538,0.0,0.0
2021-10-12 00:00:00+09:00,46637.82785723286,47293.37965442288,45982.27606004284,46450.52734375,350110,0.0,0.0
2021-10-13 00:00:00+09:00,46356.877879108564,47293.380462524896,46263.22762076693,47012.4296875,315246,0.0,0.0
2021-10-14 00:00:00+09:00,47293.38176727295,48136.234115600586,47293.38176727295,47948.93359375,379547,0.0,0.0
2021-10-15 00:00:00+09:00,48417.18359375,48698.134368955514,48042.582560142655,48417.18359375,287427,0.0,0.0
2021-10-18 00:00:00+09:00,48510.833047945205,48604.48330479452,47574.33047945206,47855.28125,281158,0.0,0.0
2021-10-19 00:00:00+09:00,48136.23175036837,48323.53226301572,47199.729187131634,47667.98046875,315654,0.0,0.0
2021-10-20 00:00:00+09:00,47667.98334580838,47948.934131736525,46825.13098802395,46918.78125,352599,0.0,0.0
2021-10-21 00:00:00+09:00,46918.77841816061,47761.63072507368,46684.652777351424,47667.98046875,300083,0.0,0.0
2021-10-22 00:00:00+09:00,47480.68150938735,47761.63228754941,46918.77995306324,47387.03125,258980,0.0,0.0
2021-10-25 00:00:00+09:00,47480.682798873546,48323.53515625,47106.081751150676,48323.53515625,337436,0.0,0.0
2021-10-26 00:00:00+09:00,48417.1872496966,48604.487780643205,47855.285656856795,48229.88671875,312876,0.0,0.0
2021-10-27 00:00:00+09:00,48229.87989050197,48698.1311515748,47106.07686392717,47574.328125,402668,0.0,0.0
2021-10-28 00:00:00+09:00,47387.03072086653,47948.93227091633,47012.4296875,47012.4296875,357365,0.0,0.0
2021-10-29 00:00:00+09:00,47480.67914388668,48229.881181660036,46918.77761555666,47106.078125,442720,0.0,0.0
2021-11-01 00:00:00+09:00,47387.030229653996,48323.53280336258,47199.72971491228,48042.58203125,422173,0.0,0.0
2021-11-02 00:00:00+09:00,48229.88515021718,48885.43698721043,48042.58462536197,48510.8359375,385086,0.0,0.0
2021-11-03 00:00:00+09:00,48698.135943579764,49072.736989299614,48042.58411357004,48136.234375,317834,0.0,0.0
2021-11-04 00:00:00+09:00,48604.48594204215,48791.786465903584,47855.28384659641,48323.53515625,262212,0.0,0.0
2021-11-05 00:00:00+09:00,47574.331768774704,48136.233325098816,46918.77995306324,47387.03125,488915,0.0,0.0
2021-11-08 00:00:00+09:00,47667.978653492646,47761.62890625,46825.12637867647,47761.62890625,302972,0.0,0.0
2021-11-09 00:00:00+09:00,47667.98046875,48136.23175036837,47293.379443455306,47667.98046875,239848,0.0,0.0
2021-11-10 00:00:00+09:00,47480.6807109375,47667.9812265625,46684.65351953125,46825.12890625,338082,0.0,0.0
2021-11-11 00:00:00+09:00,46356.8802216199,46591.005879304845,45748.15351163903,45888.62890625,490842,0.0,0.0
2021-11-12 00:00:00+09:00,45935.45171657122,47012.4296875,45935.45171657122,47012.4296875,272798,0.0,0.0
2021-11-15 00:00:00+09:00,47293.3773683563,47667.97837721457,46825.12610728347,47574.328125,338254,0.0,0.0
2021-11-16 00:00:00+09:00,47293.380462524896,47293.380462524896,46778.30404164591,47012.4296875,291399,0.0,0.0
2021-11-17 00:00:00+09:00,47012.429266276704,47199.72978128179,45888.62617624619,46029.1015625,450497,0.0,0.0
2021-11-18 00:00:00+09:00,46029.10047989917,46029.10047989917,45279.8984375,45279.8984375,406548,0.0,0.0
2021-11-19 00:00:00+09:00,45279.9030056198,45467.203535115645,44811.6516818802,45045.77734375,413278,0.0,0.0
2021-11-22 00:00:00+09:00,45279.899994309315,45279.899994309315,44390.22253837148,44998.94921875,510324,0.0,0.0
2021-11-23 00:00:00+09:00,44998.94804035099,45514.02444872129,44717.997272149005,44858.47265625,320591,0.0,0.0
2021-11-24 00:00:00+09:00,45233.07787324584,46263.23078547297,44811.6516818802,45045.77734375,584929,0.0,0.0
2021-11-25 00:00:00+09:00,45233.07551810931,45841.802207276414,44764.82421875,44764.82421875,421996,0.0,0.0
2021-11-26 00:00:00+09:00,44811.642500336384,44858.46762311626,43500.5390625,43500.5390625,506013,0.0,0.0
2021-11-29 00:00:00+09:00,42095.78897683662,43079.11663925438,42002.13872327303,42704.515625,522758,0.0,0.0
2021-11-30 00:00:00+09:00,43125.94383660916,43313.244352729074,41065.63815929016,41393.4140625,709482,0.0,0.0
2021-12-01 00:00:00+09:00,41580.71588080752,42564.04362123202,41112.46457584347,42329.91796875,474824,0.0,0.0
2021-12-02 00:00:00+09:00,41721.190892596765,44296.57304646076,41627.54063245626,44156.09765625,481897,0.0,0.0
2021-12-03 00:00:00+09:00,44202.92138975155,45514.02499029503,43828.320361024846,45233.07421875,490523,0.0,0.0
2021-12-06 00:00:00+09:00,44998.94884020618,45935.45141752577,44905.29858247423,45420.375,405213,0.0,0.0
2021-12-07 00:00:00+09:00,45982.27383735236,47574.328125,45794.973332923226,47574.328125,837013,0.0,0.0
2021-12-08 00:00:00+09:00,47667.9812265625,47948.932,46731.4786484375,46825.12890625,518418,0.0,0.0
2021-12-09 00:00:00+09:00,46918.77981312814,47199.73059045226,46122.7526107098,46591.00390625,600135,0.0,0.0
2021-12-10 00:00:00+09:00,46450.5248998999,47012.42641078578,46169.57414445696,46778.30078125,273535,0.0,0.0
2021-12-13 00:00:00+09:00,46684.651798691855,47106.077943313954,46075.92514534883,46310.05078125,323670,0.0,0.0
2021-12-14 00:00:00+09:00,46075.93034984678,46310.05601219356,45326.728230337074,45841.8046875,420369,0.0,0.0
2021-12-15 00:00:00+09:00,45420.37457191781,45701.32534246575,44062.44584760274,44437.046875,909079,0.0,0.0
2021-12-16 00:00:00+09:00,44764.82421875,44998.949868429656,43875.146749967316,44764.82421875,702580,0.0,0.0
2021-12-17 00:00:00+09:00,44296.572919390695,44998.949868429656,44296.572919390695,44764.82421875,623571,0.0,0.0
2021-12-20 00:00:00+09:00,44671.173950458964,44717.999080386064,43079.119532937366,43360.0703125,705390,0.0,0.0
2021-12-21 00:00:00+09:00,43406.89727069805,43594.197798295456,42517.21976461039,43266.421875,748180,0.0,0.0
2021-12-22 00:00:00+09:00,43406.89224686812,43500.54249982792,42236.26408487059,42517.21484375,939074,0.0,0.0
2021-12-23 00:00:00+09:00,42704.52135989011,42798.17162603022,42283.09516225962,42610.87109375,587731,0.0,0.0
2021-12-24 00:00:00+09:00,42751.341389884234,42844.99164484565,42329.91524255789,42470.390625,617527,0.0,0.0
2021-12-27 00:00:00+09:00,42517.21612263363,42704.51663418708,41955.31458797327,42048.96484375,738838,0.0,0.0
2021-12-28 00:00:00+09:00,42189.43931625417,42423.5649506396,41861.66342811457,42095.7890625,775291,0.0,0.0
2021-12-29 00:00:00+09:00,42665.29455212973,43187.33931305679,42190.7084058324,42617.8359375,629776,600.0,0.0
2021-12-30 00:00:00+09:00,42617.83454900169,42665.29316208521,41811.038126581836,42190.70703125,768367,0.0,0.0
2022-01-04 00:00:00+09:00,43994.13429779807,44278.885976100966,43329.7137150913,44183.96875,690244,0.0,0.0
2022-01-05 00:00:00+09:00,44326.34375,44895.847095824414,43946.674852783726,44326.34375,993275,0.0,0.0
2022-01-06 00:00:00+09:00,43946.67632262793,45085.683052372064,43614.46602645256,44516.1796875,987330,0.0,0.0
2022-01-07 00:00:00+09:00,44848.39157967583,44895.85019510406,43946.67788653949,44468.72265625,766671,0.0,0.0
2022-01-10 00:00:00+09:00,44373.80425347222,44563.638710171566,43377.17335580065,43567.0078125,791120,0.0,0.0
2022-01-11 00:00:00+09:00,43567.011474609375,43756.845947265625,42285.62878417969,42522.921875,918542,0.0,0.0
2022-01-12 00:00:00+09:00,42428.000543253314,42997.50390625,42190.70747533802,42997.50390625,731119,0.0,0.0
2022-01-13 00:00:00+09:00,42902.58877453653,44041.595556161396,42760.212926833425,43519.55078125,756712,0.0,0.0
2022-01-14 00:00:00+09:00,43044.96507019928,43329.71676856884,42333.08582427537,42570.37890625,743670,0.0,0.0
2022-01-17 00:00:00+09:00,42475.46213565422,42522.920752565566,41383.913946693276,41621.20703125,677893,0.0,0.0
2022-01-18 00:00:00+09:00,41763.58021077283,41858.49743852459,39485.56674473068,40529.65625,1199031,0.0,0.0
2022-01-19 00:00:00+09:00,39580.483972482434,41288.99407201405,39580.483972482434,40529.65625,804730,0.0,0.0
2022-01-20 00:00:00+09:00,40434.73735465116,41241.53375726744,40434.73735465116,40814.40625,485377,0.0,0.0
2022-01-21 00:00:00+09:00,40624.574956293705,41051.70249672203,40387.28187827797,40719.4921875,608072,0.0,0.0
2022-01-24 00:00:00+09:00,40244.90487187128,40766.949628463946,39675.40150104291,39817.77734375,420747,0.0,0.0
2022-01-25 00:00:00+09:00,39770.314542673485,39770.314542673485,37966.887391573735,38299.09765625,766087,0.0,0.0
2022-01-26 00:00:00+09:00,38299.09765625,38299.09765625,38299.09765625,38299.09765625,0,0.0,0.0
2022-01-27 00:00:00+09:00,38251.64291801948,38441.47737418831,36543.1328125,36543.1328125,890999,0.0,0.0
2022-01-28 00:00:00+09:00,36543.1328680391,40482.19783952903,36543.1328680391,40055.0703125,1694860,0.0,0.0
2022-02-03 00:00:00+09:00,40292.35969541616,40719.487183353434,39343.1875,39343.1875,730393,0.0,0.0
2022-02-04 00:00:00+09:00,39105.897833723655,40577.114863875875,38773.68753659251,40529.65625,813342,0.0,0.0
2022-02-07 00:00:00+09:00,40197.44636166067,40482.198047811755,39533.02576064149,39580.484375,480952,0.0,0.0
2022-02-08 00:00:00+09:00,39580.484375,39580.484375,39580.484375,39580.484375,0,0.0,0.0
2022-02-09 00:00:00+09:00,39580.484375,39580.484375,39580.484375,39580.484375,0,0.0,0.0
2022-02-10 00:00:00+09:00,41431.36651991917,41763.576789838335,40814.40459006928,41099.15625,491207,0.0,0.0
2022-02-11 00:00:00+09:00,40529.65325797872,41004.23936170213,40102.52576462766,40149.984375,345697,0.0,0.0
2022-02-14 00:00:00+09:00,39770.32077093521,40055.072470965766,38631.31397081296,38821.1484375,526816,0.0,0.0
2022-02-15 00:00:00+09:00,39058.436753007,39485.56425091352,38583.85064422199,38963.51953125,368708,0.0,0.0
2022-02-16 00:00:00+09:00,39627.94372850628,40244.905726674646,39438.1092675314,39675.40234375,403684,0.0,0.0
2022-02-17 00:00:00+09:00,39675.40223692033,40766.9503845868,39485.5677764566,39912.6953125,676260,0.0,0.0
2022-02-18 00:00:00+09:00,39248.27470087693,40387.28146365933,39200.816085761,39912.6953125,455706,0.0,0.0
2022-02-21 00:00:00+09:00,39912.6953125,39912.6953125,39912.6953125,39912.6953125,0,0.0,0.0
2022-02-22 00:00:00+09:00,39912.6953125,39912.6953125,39912.6953125,39912.6953125,0,0.0,0.0
2022-02-23 00:00:00+09:00,39912.6953125,39912.6953125,39912.6953125,39912.6953125,0,0.0,0.0
2022-02-24 00:00:00+09:00,40339.818816489365,40719.48769946809,39912.6913231383,40149.984375,426726,0.0,0.0
2022-02-25 00:00:00+09:00,40672.03134628081,40719.48995928697,40197.44521621919,40434.73828125,377265,0.0,0.0
2022-02-28 00:00:00+09:00,40434.73828125,40434.73828125,40434.73828125,40434.73828125,0,0.0,0.0
2022-03-02 00:00:00+09:00,41146.621706056925,41526.290649134724,40909.3286166333,41478.83203125,530895,0.0,0.0
2022-03-03 00:00:00+09:00,41621.2033011895,43139.87890625,41526.28607587321,43139.87890625,1121308,0.0,0.0
2022-03-04 00:00:00+09:00,43139.87890625,43139.87890625,43139.87890625,43139.87890625,0,0.0,0.0
2022-03-07 00:00:00+09:00,42855.12796720637,43567.007169319426,42428.00044593853,43234.796875,767648,0.0,0.0
2022-03-08 00:00:00+09:00,42855.131703372455,43092.424791430996,41573.749027856335,41953.41796875,760248,0.0,0.0
2022-03-10 00:00:00+09:00,41953.41796875,41953.41796875,41953.41796875,41953.41796875,0,0.0,0.0
2022-03-11 00:00:00+09:00,46129.77157135628,46889.109375,45702.64405680668,46889.109375,1805508,0.0,0.0
2022-03-14 00:00:00+09:00,47316.23923312689,48502.704610085944,46889.111697421635,46936.5703125,1334441,0.0,0.0
2022-03-15 00:00:00+09:00,46509.444812112604,46746.737897888685,45560.27246900826,45939.94140625,880208,0.0,0.0
2022-03-16 00:00:00+09:00,45939.94140625,45939.94140625,45939.94140625,45939.94140625,0,0.0,0.0
2022-03-17 00:00:00+09:00,47363.69916213768,47648.45086050725,45702.647588315216,45845.0234375,1022352,0.0,0.0
2022-03-18 00:00:00+09:00,45892.47730827528,46272.146200174146,44943.30507852812,45987.39453125,967421,0.0,0.0
2022-03-21 00:00:00+09:00,45987.39453125,45987.39453125,45987.39453125,45987.39453125,0,0.0,0.0
2022-03-22 00:00:00+09:00,44895.84883419689,46034.85556994819,44895.84883419689,45797.5625,569211,0.0,0.0
2022-03-23 00:00:00+09:00,45133.14025489186,46129.7711122554,45085.68164263645,46082.3125,569859,0.0,0.0
2022-03-24 00:00:00+09:00,45417.89442567568,45845.02195945946,45275.51858108109,45655.1875,632800,0.0,0.0
2022-03-25 00:00:00+09:00,45655.1875,45655.1875,45655.1875,45655.1875,0,0.0,0.0
2022-03-28 00:00:00+09:00,45465.35461921176,45845.02355131374,44990.76845408429,45607.73046875,456145,0.0,0.0
2022-03-29 00:00:00+09:00,45607.72845568783,45702.64568452381,44611.097552910054,44848.390625,611195,0.0,0.0
2022-03-30 00:00:00+09:00,44990.76413532839,45180.59858315678,44468.719403800314,44800.9296875,457695,0.0,0.0
2022-03-31 00:00:00+09:00,45085.682655923796,45987.39630904228,44895.8482026357,45465.3515625,671567,0.0,0.0
2022-04-01 00:00:00+09:00,45322.97432741702,45370.43293927819,44706.01237322181,45038.22265625,475726,0.0,0.0
2022-04-04 00:00:00+09:00,44800.934921281216,44848.39353878257,43661.92810124864,43709.38671875,716491,0.0,0.0
2022-04-05 00:00:00+09:00,43899.219487425835,44041.59533441208,43424.633330805016,43994.13671875,374736,0.0,0.0
2022-04-06 00:00:00+09:00,43661.923550328225,43899.21661310175,43282.25464989059,43377.171875,460580,0.0,0.0
2022-04-07 00:00:00+09:00,43139.88166695927,43282.25751404495,42238.16796875,42238.16796875,561082,0.0,0.0
2022-04-08 00:00:00+09:00,42333.08267867075,42855.12742022386,41621.20348564377,42665.29296875,504942,0.0,0.0
2022-04-11 00:00:00+09:00,42333.08341426193,43187.338460738065,42190.707573182575,42760.2109375,335069,0.0,0.0
2022-04-12 00:00:00+09:00,42333.08045212766,42950.04238696809,42143.2460106383,42380.5390625,354205,0.0,0.0
2022-04-13 00:00:00+09:00,42617.83509642064,42855.128164886235,42143.24895948946,42760.2109375,340097,0.0,0.0
2022-04-14 00:00:00+09:00,42855.12685844138,42855.12685844138,42095.7890625,42095.7890625,490110,0.0,0.0
2022-04-15 00:00:00+09:00,41858.498416265575,42190.70872115657,41573.74672635901,41905.95703125,370814,0.0,0.0
2022-04-18 00:00:00+09:00,42048.33383928571,42475.461383928574,41336.45459821429,41526.2890625,422709,0.0,0.0
2022-04-19 00:00:00+09:00,41668.664580407305,42522.91966292135,41621.20596471208,42238.16796875,324430,0.0,0.0
2022-04-20 00:00:00+09:00,42238.169917405605,42285.628535290336,41336.45617759583,41478.83203125,510342,0.0,0.0
2022-04-21 00:00:00+09:00,41383.9145574095,42143.25243919683,41383.9145574095,41953.41796875,364881,0.0,0.0
2022-04-22 00:00:00+09:00,41763.58118629672,41953.41564623443,41099.160576514725,41905.95703125,482396,0.0,0.0
2022-04-25 00:00:00+09:00,41383.91216216217,41383.91216216217,40339.82263513514,40387.28125,552730,0.0,0.0
2022-04-26 00:00:00+09:00,40529.65614995635,41146.61812881985,40339.82169492142,40766.94921875,378934,0.0,0.0
2022-04-27 00:00:00+09:00,39770.32142466453,40909.328243509335,39770.32142466453,40672.03515625,344267,0.0,0.0
2022-04-28 00:00:00+09:00,41004.24304008909,42617.8359375,40672.03273768096,42617.8359375,760447,0.0,0.0
2022-04-29 00:00:00+09:00,42380.53831281565,42665.28997001263,41905.95221748737,42285.62109375,431362,0.0,0.0
2022-05-02 00:00:00+09:00,42285.6264752095,43044.96432437151,42190.709244064245,42475.4609375,457010,0.0,0.0
2022-05-03 00:00:00+09:00,42570.373503989365,42807.666555851065,42238.163231382976,42380.5390625,306733,0.0,0.0
2022-05-04 00:00:00+09:00,42000.87635014681,42760.21422766359,42000.87635014681,42428.00390625,248083,0.0,0.0
2022-05-06 00:00:00+09:00,42000.871838007326,42333.08212373168,41668.661552282974,42095.7890625,335976,0.0,0.0
2022-05-10 00:00:00+09:00,40529.65476102941,40719.48920955882,39438.10668198529,40339.8203125,584820,0.0,0.0
2022-05-11 00:00:00+09:00,39912.693730515144,40244.90402315914,39485.56621140143,39960.15234375,403760,0.0,0.0
2022-05-12 00:00:00+09:00,39390.65183756113,40149.989704309286,38821.1484375,38821.1484375,662013,0.0,0.0
2022-05-13 00:00:00+09:00,39438.108229350706,40292.36328125,39295.73238736749,40292.36328125,392892,0.0,0.0
2022-05-16 00:00:00+09:00,40434.74007877526,40529.65730900713,39722.86085203627,39912.6953125,346513,0.0,0.0
2022-05-17 00:00:00+09:00,39960.15539940828,40387.28295118343,39865.23816568047,40102.53125,272299,0.0,0.0
2022-05-18 00:00:00+09:00,40244.908203125,40244.908203125,39200.818603515625,39485.5703125,509749,0.0,0.0
2022-05-19 00:00:00+09:00,38631.312713774874,38726.22994402985,38109.267947372515,38156.7265625,583155,0.0,0.0
2022-05-20 00:00:00+09:00,38583.85294536952,39390.649378421534,38394.01849053376,39010.98046875,365411,0.0,0.0
2022-05-23 00:00:00+09:00,39390.649378421534,39390.649378421534,38583.85294536952,39010.98046875,369795,0.0,0.0
2022-05-24 00:00:00+09:00,39058.44107062947,40624.57540274463,38916.06522225537,39770.3203125,784353,0.0,0.0
2022-05-25 00:00:00+09:00,40339.82199718602,40672.03229598638,39770.318627813984,40055.0703125,478587,0.0,0.0
2022-05-26 00:00:00+09:00,40007.61328125,40529.65805716192,39675.40296930605,40007.61328125,368124,0.0,0.0
2022-05-27 00:00:00+09:00,40244.90402315914,40387.27986286372,39722.85927757571,39960.15234375,310070,0.0,0.0
2022-05-30 00:00:00+09:00,40292.36328125,40482.197737227616,40149.987439266784,40292.36328125,271725,0.0,0.0
2022-05-31 00:00:00+09:00,40387.27710017321,41288.99068995381,40149.984050230945,41099.15625,753903,0.0,0.0
2022-06-02 00:00:00+09:00,41099.159928113826,41146.618542349526,39675.40150104291,39817.77734375,592788,0.0,0.0
2022-06-03 00:00:00+09:00,40102.528183454575,40244.90402315914,39675.40066434086,39960.15234375,367199,0.0,0.0
2022-06-07 00:00:00+09:00,40055.07189724199,40244.90636120996,39627.94435331406,40007.61328125,423140,0.0,0.0
2022-06-08 00:00:00+09:00,39960.15517178363,40956.78612024854,39675.40347222222,40577.1171875,465628,0.0,0.0
2022-06-09 00:00:00+09:00,40339.82210034267,40387.280714578366,39485.56704410012,39817.77734375,479510,0.0,0.0
2022-06-10 00:00:00+09:00,39390.64806985294,40766.947821691174,39058.43778492647,40339.8203125,496641,0.0,0.0
2022-06-13 00:00:00+09:00,39580.48729745371,39675.40453317901,38299.10461516204,38441.48046875,612764,0.0,0.0
2022-06-14 00:00:00+09:00,37349.92747569866,39200.81333535844,37160.09302855407,39058.4375,686465,0.0,0.0
2022-06-15 00:00:00+09:00,39010.97879868659,40292.36131397192,38631.30990526872,39295.73046875,771651,0.0,0.0
2022-06-16 00:00:00+09:00,40197.44202582869,40197.44202582869,38204.180437771065,38299.09765625,494844,0.0,0.0
2022-06-17 00:00:00+09:00,37397.38644146949,38536.393135118306,37207.55199252802,38109.265625,440570,0.0,0.0
2022-06-20 00:00:00+09:00,38251.644345715664,38299.10296152921,36638.0514080552,36970.26171875,430718,0.0,0.0
2022-06-21 00:00:00+09:00,37349.9296875,37682.13998967598,36543.13323935832,37349.9296875,380311,0.0,0.0
2022-06-22 00:00:00+09:00,37492.3038552763,37634.6796927014,35641.41796875,35641.41796875,476751,0.0,0.0
2022-06-23 00:00:00+09:00,35593.958479634835,36116.00320400281,33648.15541608146,33790.53125,952377,0.0,0.0
2022-06-24 00:00:00+09:00,33790.535899798924,35736.33923110757,33600.70142845174,35404.12890625,614656,0.0,0.0
2022-06-27 00:00:00+09:00,35641.416225803805,36495.6712085794,35309.20595472441,36163.4609375,389855,0.0,0.0
2022-06-28 00:00:00+09:00,36021.08919023289,37539.764887317804,36021.08919023289,37444.84765625,542620,0.0,0.0
2022-06-29 00:00:00+09:00,37017.716172071785,38299.098654951194,36780.42311968671,37682.13671875,571940,0.0,0.0
2022-06-30 00:00:00+09:00,37777.05265643894,40055.06588195284,37492.3010032497,39248.26953125,1269334,0.0,0.0
2022-07-01 00:00:00+09:00,39865.23606115108,40434.73943345324,39248.27407449041,39580.484375,793854,0.0,0.0
2022-07-04 00:00:00+09:00,40102.530556955644,40102.530556955644,37777.05837081266,38251.64453125,672096,0.0,0.0
2022-07-05 00:00:00+09:00,38868.60802951389,39248.27697241512,37919.435672260806,38441.48046875,566996,0.0,0.0
2022-07-06 00:00:00+09:00,38109.271282679736,38488.9402369281,36305.84375,36305.84375,908428,0.0,0.0
2022-07-07 00:00:00+09:00,36732.9646743463,37634.678277463325,36448.21301020408,37207.55078125,546032,0.0,0.0
2022-07-08 00:00:00+09:00,37539.765625,38726.23103666245,37397.38977560051,37539.765625,492015,0.0,0.0
2022-07-11 00:00:00+09:00,37397.3886212759,37539.764466280765,36353.29909124028,36638.05078125,444745,0.0,0.0
2022-07-12 00:00:00+09:00,36495.67196191917,36875.34085098986,35688.87557264398,36258.37890625,470510,0.0,0.0
2022-07-13 00:00:00+09:00,36210.9195476542,36590.58842888779,35878.7092765748,36163.4609375,309458,0.0,0.0
2022-07-14 00:00:00+09:00,35926.17198408411,36163.46506191822,35404.12721284907,35688.87890625,374798,0.0,0.0
2022-07-15 00:00:00+09:00,35736.33699324325,35926.17145270271,34265.11993243243,35119.375,585150,0.0,0.0
2022-07-18 00:00:00+09:00,35546.50181955645,37017.71885080645,35499.04320564516,36780.42578125,448518,0.0,0.0
2022-07-19 00:00:00+09:00,36495.67556061457,37255.013413631255,36163.46524991977,36970.26171875,374076,0.0,0.0
2022-07-20 00:00:00+09:00,37492.30574324325,37587.22297297297,36780.42652027027,36875.34375,340501,0.0,0.0
2022-07-21 00:00:00+09:00,36970.25772779815,37255.009391940366,36210.91995675223,37207.55078125,311817,0.0,0.0
2022-07-22 00:00:00+09:00,37255.01152220912,38204.18379029088,37160.094295400944,37729.59765625,462023,0.0,0.0
2022-07-25 00:00:00+09:00,37492.30739480198,38488.93835086634,37492.30739480198,38346.5625,336619,0.0,0.0
2022-07-26 00:00:00+09:00,38488.93850112276,40434.74180389221,38441.479883982036,39627.9453125,935813,0.0,0.0
2022-07-27 00:00:00+09:00,39580.48584800119,39912.696160874104,39153.35830287888,39770.3203125,358437,0.0,0.0
2022-07-28 00:00:00+09:00,40102.529990222625,40149.98860559567,39058.440452015646,39438.109375,343189,0.0,0.0
2022-07-29 00:00:00+09:00,39627.94435331406,40672.0339051379,39485.56850533808,40007.61328125,593010,0.0,0.0
2022-08-01 00:00:00+09:00,39912.69678254438,40387.28295118343,39722.86231508876,40102.53125,347377,0.0,0.0
2022-08-02 00:00:00+09:00,39912.6913231383,40482.19464760638,39675.398271276594,40149.984375,404592,0.0,0.0
2022-08-03 00:00:00+09:00,39817.77808226813,40434.74007877526,39770.3194671522,39912.6953125,229533,0.0,0.0
2022-08-04 00:00:00+09:00,40197.44871818862,40292.365952470056,39248.27637537425,39627.9453125,307802,0.0,0.0
2022-08-05 00:00:00+09:00,39865.23743327402,40529.65805716192,39675.40296930605,40007.61328125,272478,0.0,0.0
2022-08-08 00:00:00+09:00,40055.07167716882,40482.19921875,39675.40275131887,40482.19921875,297344,0.0,0.0
2022-08-09 00:00:00+09:00,40482.19670370505,40956.78283153277,39960.15196309455,40909.32421875,339715,0.0,0.0
2022-08-10 00:00:00+09:00,41621.2059356459,44895.85041632956,41621.2059356459,43994.13671875,3262241,0.0,0.0
2022-08-11 00:00:00+09:00,44611.0971174569,45180.6004849138,43899.217908135775,44041.59375,1709512,0.0,0.0
2022-08-12 00:00:00+09:00,44326.347822905824,46129.775250390216,44278.889206393076,45607.73046875,1818851,0.0,0.0
2022-08-16 00:00:00+09:00,45845.016075721156,45939.933293269234,44373.79920372596,44421.2578125,1099415,0.0,0.0
2022-08-17 00:00:00+09:00,44421.26256028939,45133.14176798633,43994.13503567122,44278.88671875,721689,0.0,0.0
2022-08-18 00:00:00+09:00,43709.38345231681,44706.01434536638,43187.33869881465,44041.59375,613666,0.0,0.0
2022-08-19 00:00:00+09:00,44421.26598127036,44516.18321627307,43709.38671875,43709.38671875,410364,0.0,0.0
2022-08-22 00:00:00+09:00,43139.88330873371,44373.807363769,42855.13160372557,43709.38671875,589731,0.0,0.0
2022-08-23 00:00:00+09:00,43567.00557668586,44326.3433645148,42997.50223581414,43282.25390625,608369,0.0,0.0
2022-08-24 00:00:00+09:00,43567.00751105305,44563.63840182878,43329.71444182074,44278.88671875,714255,0.0,0.0
2022-08-25 00:00:00+09:00,45275.51825964096,45322.97687416888,44136.51151097074,44611.09765625,756998,0.0,0.0
2022-08-26 00:00:00+09:00,44990.765049846625,46746.73372795246,44516.17892062884,46414.5234375,1687807,0.0,0.0
2022-08-29 00:00:00+09:00,45085.68191847542,45939.93694429917,44990.76469338389,45370.43359375,926079,0.0,0.0
2022-08-30 00:00:00+09:00,45655.1861145724,46461.982542792495,44848.38968635231,45228.05859375,909161,0.0,0.0
2022-08-31 00:00:00+09:00,44943.30900301478,45750.10546875,44326.3469998055,45750.10546875,1070524,0.0,0.0
2022-09-01 00:00:00+09:00,45228.05941521769,45322.97664379107,43092.42177231654,43329.71484375,1422118,0.0,0.0
2022-09-02 00:00:00+09:00,43282.25568812431,43567.00737028302,42285.62480056881,42760.2109375,984901,0.0,0.0
2022-09-05 00:00:00+09:00,42617.83435588153,43329.71354890851,42380.54129153921,42665.29296875,526907,0.0,0.0
2022-09-06 00:00:00+09:00,42902.58377659575,42902.58377659575,42190.70462101064,42380.5390625,467079,0.0,0.0
2022-09-07 00:00:00+09:00,42380.54403852983,42428.00265447443,41051.70279208096,41763.58203125,649062,0.0,0.0
2022-09-08 00:00:00+09:00,42095.788586566094,42095.788586566094,41099.15774066092,41288.9921875,618895,0.0,0.0
2022-09-13 00:00:00+09:00,42143.25,42380.54307432433,41431.37077702703,42143.25,527231,0.0,0.0
2022-09-14 00:00:00+09:00,40814.40857288037,41383.91194831591,40577.11549978223,40861.8671875,722387,0.0,0.0
2022-09-15 00:00:00+09:00,41146.61446496212,42807.66579861111,40909.32141729798,42285.62109375,841057,0.0,0.0
2022-09-16 00:00:00+09:00,42000.87585034014,42522.920634920636,41478.83106575964,41858.5,559172,0.0,0.0
2022-09-19 00:00:00+09:00,41858.494009815244,42285.62149971131,40956.78042003464,41099.15625,501145,0.0,0.0
2022-09-20 00:00:00+09:00,41668.661552282974,42238.164899239004,41288.992654312286,42095.7890625,415671,0.0,0.0
2022-09-21 00:00:00+09:00,41763.581400343646,42475.46062875859,41336.45386329467,41431.37109375,408783,0.0,0.0
2022-09-22 00:00:00+09:00,40956.786860961205,41004.24547841307,39817.7800421164,40672.03515625,666925,0.0,0.0
2022-09-23 00:00:00+09:00,40434.74180389221,40434.74180389221,39438.110843937124,39627.9453125,553776,0.0,0.0
2022-09-26 00:00:00+09:00,38773.685804457426,39105.89608674776,37017.71716949424,37065.17578125,884901,0.0,0.0
2022-09-27 00:00:00+09:00,37349.92958392519,37634.681270714966,36732.967595880684,37587.22265625,579004,0.0,0.0
2022-09-28 00:00:00+09:00,37207.55275229358,37634.680271133686,35878.71158256881,36210.921875,547012,0.0,0.0
2022-09-29 00:00:00+09:00,36685.50573295079,37065.17461505119,35926.16796875,35926.16796875,435008,0.0,0.0
2022-09-30 00:00:00+09:00,35878.712625,36448.216,35404.12647916666,35593.9609375,582687,0.0,0.0
2022-10-04 00:00:00+09:00,36116.00674257106,37160.09629360465,35783.79643087855,36732.96875,409165,0.0,0.0
2022-10-05 00:00:00+09:00,37682.140955953146,37824.51680339377,36970.26171875,36970.26171875,640461,0.0,0.0
2022-10-06 00:00:00+09:00,37017.722044793016,37444.84960684832,36685.51171875,36685.51171875,312449,0.0,0.0
2022-10-07 00:00:00+09:00,36448.21301020408,37349.926613321106,36210.91995675223,37207.55078125,449389,0.0,0.0
2022-10-11 00:00:00+09:00,36448.216326530615,36495.67494153912,34882.08203125,34882.08203125,616612,0.0,0.0
2022-10-12 00:00:00+09:00,34360.037776104415,35593.96178463855,34360.037776104415,35451.5859375,491256,0.0,0.0
2022-10-13 00:00:00+09:00,35451.580127225905,35451.580127225905,33980.36328125,33980.36328125,673087,0.0,0.0
2022-10-14 00:00:00+09:00,35024.45437376156,36163.46102006275,34644.78549166116,35926.16796875,514491,0.0,0.0
2022-10-17 00:00:00+09:00,34597.33023648649,34597.33023648649,32366.77533783784,33363.40625,2054700,0.0,0.0
2022-10-18 00:00:00+09:00,33932.911753309316,35404.12890625,33790.535899798924,35404.12890625,1062774,0.0,0.0
2022-10-19 00:00:00+09:00,35356.66620163691,35688.87648809524,33790.53199404762,33885.44921875,917720,0.0,0.0
2022-10-20 00:00:00+09:00,34170.200617283954,34882.0797968107,33837.9903335048,34597.328125,747413,0.0,0.0
2022-10-21 00:00:00+09:00,34217.66382515099,34407.49829852214,32366.77770978221,32414.236328125,1467685,0.0,0.0
2022-10-24 00:00:00+09:00,33126.11169974964,34265.11840575823,32841.3600232475,33173.5703125,1210737,0.0,0.0
2022-10-25 00:00:00+09:00,33126.11247127757,33126.11247127757,31749.812669462317,32271.857421875,1108562,0.0,0.0
2022-10-26 00:00:00+09:00,32414.233263442096,32698.984946576285,31797.271283318012,32271.857421875,828045,0.0,0.0
2022-10-27 00:00:00+09:00,31844.73267255818,34170.20495416079,31322.68787464739,33648.16015625,1536268,0.0,0.0
2022-10-28 00:00:00+09:00,33268.49060162927,33932.911241319445,33173.57336738782,33315.94921875,642450,0.0,0.0
2022-10-31 00:00:00+09:00,33695.612688037254,33837.988516296566,32793.899109061604,33126.109375,591955,0.0,0.0
2022-11-01 00:00:00+09:00,33695.6164534396,35546.50242764262,33458.32337982383,35356.66796875,1375039,0.0,0.0
2022-11-02 00:00:00+09:00,36590.59041308198,36732.966251265185,34976.99758033907,35166.83203125,1414045,0.0,0.0
2022-11-03 00:00:00+09:00,34265.12082452861,36638.051629551366,34265.12082452861,36495.67578125,1276001,0.0,0.0
2022-11-04 00:00:00+09:00,36543.13057305301,36780.42362872219,35878.71001717932,36258.37890625,669678,0.0,0.0
2022-11-07 00:00:00+09:00,36543.132416930384,37587.22191455696,36543.132416930384,37492.3046875,815640,0.0,0.0
2022-11-08 00:00:00+09:00,37824.517210073805,38251.64475698807,36495.67595300722,37777.05859375,684618,0.0,0.0
2022-11-09 00:00:00+09:00,38061.80756326687,38821.145370015336,37587.22143404908,38678.76953125,787745,0.0,0.0
2022-11-10 00:00:00+09:00,38204.18737943673,39533.02867959105,38156.72876157408,38441.48046875,829157,0.0,0.0
2022-11-11 00:00:00+09:00,39817.777665868176,41194.07748983739,39200.815675813006,40861.8671875,1467602,0.0,0.0
2022-11-14 00:00:00+09:00,41288.994510619974,42190.70818384041,40624.57390929966,41336.453125,1039987,0.0,0.0
2022-11-15 00:00:00+09:00,41241.53707044988,41763.58184349355,40055.07167716882,40482.19921875,994773,0.0,0.0
2022-11-16 00:00:00+09:00,40529.65783448124,40814.409528868695,39200.81659400644,40482.19921875,1239080,0.0,0.0
2022-11-17 00:00:00+09:00,40766.951721042176,41004.24480440098,38726.23120415648,38821.1484375,1501474,0.0,0.0
2022-11-18 00:00:00+09:00,39390.64702915652,39675.39869442753,38583.85064422199,38963.51953125,927885,0.0,0.0
2022-11-21 00:00:00+09:00,38963.52312949781,38963.52312949781,37444.84744113736,37919.43359375,900249,0.0,0.0
2022-11-22 00:00:00+09:00,37397.38944246278,38536.39622751241,37397.38944246278,38251.64453125,499477,0.0,0.0
2022-11-23 00:00:00+09:00,38536.393135118306,38631.31035958904,37777.055339352424,38109.265625,462296,0.0,0.0
2022-11-24 00:00:00+09:00,38394.0188931967,38536.394735816706,37871.974136923316,38061.80859375,350666,0.0,0.0
2022-11-25 00:00:00+09:00,38109.26720795667,38346.56027899002,37777.05690850998,38061.80859375,365915,0.0,0.0
2022-11-28 00:00:00+09:00,37966.89006979695,37966.89006979695,37112.635043226524,37397.38671875,419923,0.0,0.0
2022-11-29 00:00:00+09:00,37349.932968365145,38631.31567503079,37349.932968365145,38536.3984375,520460,0.0,0.0
2022-11-30 00:00:00+09:00,38394.01775914634,38916.0625,38109.26608231707,38916.0625,526327,0.0,0.0
2022-12-01 00:00:00+09:00,39153.35630987682,39960.15274292883,38916.063241332115,39010.98046875,632694,0.0,0.0
2022-12-02 00:00:00+09:00,39010.98349818726,39058.44211558165,37492.30774156683,37634.68359375,551655,0.0,0.0
2022-12-05 00:00:00+09:00,37682.139885179924,37871.97434303977,37255.01235499527,37587.22265625,415659,0.0,0.0
2022-12-06 00:00:00+09:00,37160.09618200417,37777.05818758023,36638.0514080552,36970.26171875,568770,0.0,0.0
2022-12-07 00:00:00+09:00,36970.26171875,37207.55479781771,36495.67556061457,36970.26171875,355764,0.0,0.0
2022-12-08 00:00:00+09:00,37065.17992055772,37207.555771725034,36116.00757944228,36590.59375,498840,0.0,0.0
2022-12-09 00:00:00+09:00,36353.29909124028,36780.426626254855,36163.46463123381,36638.05078125,350215,0.0,0.0
2022-12-12 00:00:00+09:00,36210.92160962975,36353.29744819972,34549.870159646736,34929.5390625,1073946,0.0,0.0
2022-12-13 00:00:00+09:00,35214.2908366108,35309.2080625855,34454.95302881327,34692.24609375,453608,0.0,0.0
2022-12-14 00:00:00+09:00,34787.16469594595,35166.83361486487,34739.70608108108,35119.375,563846,0.0,0.0
2022-12-15 00:00:00+09:00,34929.542472375695,34977.001089865335,34312.58044501036,34360.0390625,461309,0.0,0.0
2022-12-16 00:00:00+09:00,33600.697544642855,34027.82505580357,33505.78031994047,33885.44921875,598492,0.0,0.0
2022-12-19 00:00:00+09:00,33695.6164481815,33837.992292328745,33268.48891573976,33600.69921875,370512,0.0,0.0
2022-12-20 00:00:00+09:00,33458.323479729734,33932.90962837838,33173.57179054054,33363.40625,358152,0.0,0.0
2022-12-21 00:00:00+09:00,33505.78283466312,33743.07591422872,33078.65529144504,33458.32421875,458816,0.0,0.0
2022-12-22 00:00:00+09:00,33695.61328125,33932.90633252641,33458.32022997359,33695.61328125,536998,0.0,0.0
2022-12-23 00:00:00+09:00,33126.109375,33315.943812679085,32841.35771848138,33126.109375,340341,0.0,0.0
2022-12-26 00:00:00+09:00,33078.653086999286,33410.863376251786,32841.3600232475,33173.5703125,417115,0.0,0.0
2022-12-27 00:00:00+09:00,33221.03224274862,34502.414914968926,33173.57362525898,34360.0390625,698354,0.0,0.0
2022-12-28 00:00:00+09:00,34360.0390625,34553.07298981742,34118.74665335323,34360.0390625,380821,600.0,0.0
2022-12-29 00:00:00+09:00,33829.19340414577,34697.846016520416,33684.41796875,33684.41796875,351395,0.0,0.0
2023-01-02 00:00:00+09:00,33925.70804268973,33925.70804268973,32043.627511160714,32429.6953125,550193,0.0,0.0
2023-01-03 00:00:00+09:00,32477.952999543795,33250.0885834854,31416.266571624088,33057.0546875,628582,0.0,0.0
2023-01-04 00:00:00+09:00,32622.729935584957,34842.61984244429,32526.21298311281,34649.5859375,908411,0.0,0.0
2023-01-05 00:00:00+09:00,34408.29230676646,34746.101628151264,33732.67366399685,34456.55078125,519617,0.0,0.0
2023-01-06 00:00:00+09:00,33780.93417553192,36965.99368351064,33780.93417553192,36290.375,1451564,0.0,0.0
2023-01-09 00:00:00+09:00,36483.40890957447,36676.442819148935,35807.79022606383,36290.375,659974,0.0,0.0
2023-01-10 00:00:00+09:00,36290.372881355936,37448.576271186445,36290.372881355936,37014.25,802518,0.0,0.0
2023-01-11 00:00:00+09:00,37207.28547000502,37207.28547000502,35856.04812479083,36049.08203125,902345,0.0,0.0
2023-01-12 00:00:00+09:00,36386.894635695186,36724.704002339575,35566.500459558825,36097.34375,714450,0.0,0.0
2023-01-13 00:00:00+09:00,36000.82157291666,36724.698682291666,35952.56309895833,36193.85546875,708475,0.0,0.0
2023-01-16 00:00:00+09:00,36628.184512246626,36628.184512246626,35518.23952702703,35711.2734375,601156,0.0,0.0
2023-01-17 00:00:00+09:00,35711.27352264986,36386.892210916216,35276.94722305007,35421.72265625,626473,0.0,0.0
2023-01-18 00:00:00+09:00,35421.71946999656,35663.01183695839,34456.55000214924,35083.91015625,662144,0.0,0.0
2023-01-19 00:00:00+09:00,34697.84698893229,35228.690266927086,34553.071549479166,34746.10546875,593116,0.0,0.0
2023-01-20 00:00:00+09:00,34842.619201343914,37303.80144409812,34794.360725995786,37255.54296875,1459960,0.0,0.0
2023-01-25 00:00:00+09:00,37593.35724290339,37641.615724601594,36000.82734686255,36338.63671875,3516,0.0,0.0
2023-01-26 00:00:00+09:00,36386.89244757536,36869.47722804718,36193.85853538663,36821.21875,4849,0.0,0.0
2023-01-27 00:00:00+09:00,36917.736756859755,38268.974180640245,36869.478277439026,37593.35546875,3724,0.0,0.0
2023-01-30 00:00:00+09:00,37641.61278852406,37738.12974439207,36917.73561951398,37110.76953125,2537,0.0,0.0
2023-01-31 00:00:00+09:00,36917.73704418528,37352.063362352164,36579.92768561104,36724.703125,1860,0.0,0.0
2023-02-01 00:00:00+09:00,36869.47597579051,37062.50988142293,36483.408164525696,36628.18359375,2210,0.0,0.0
2023-02-02 00:00:00+09:00,37062.51063829787,37448.57845744681,36097.34109042553,36290.375,2823,0.0,0.0
2023-02-03 00:00:00+09:00,36435.1484375,37014.25013451987,36145.597588990066,36435.1484375,2112,0.0,0.0
2023-02-06 00:00:00+09:00,36435.1484375,36579.92386175496,35421.72046771523,36435.1484375,4741,0.0,0.0
2023-02-07 00:00:00+09:00,35518.23641678129,35759.528783743124,34746.10084250344,35083.91015625,2971,0.0,0.0
2023-02-08 00:00:00+09:00,35180.43149771341,35807.79173018293,35132.173018292684,35614.7578125,2551,0.0,0.0
2023-02-09 00:00:00+09:00,35228.69196428572,35807.793750000004,35228.69196428572,35469.984375,3396,0.0,0.0
2023-02-10 00:00:00+09:00,35566.501011578686,36290.378237051795,35035.657712898406,36338.63671875,3757,0.0,0.0
2023-02-13 00:00:00+09:00,36290.37449392713,36338.63297064778,35132.17105263158,35759.53125,2616,0.0,0.0
2023-02-14 00:00:00+09:00,35904.30926144011,36531.66950391151,35807.79230105989,35856.05078125,1530,0.0,0.0
2023-02-15 00:00:00+09:00,35807.78928910566,36097.340145890885,34842.61976648826,34939.13671875,2481,0.0,0.0
2023-02-16 00:00:00+09:00,35228.68874531676,35614.75656718324,35132.17178985014,35421.72265625,2507,0.0,0.0
2023-02-17 00:00:00+09:00,34939.14020721925,36628.187040441175,34890.881726270054,36097.34375,1944,0.0,0.0
2023-02-20 00:00:00+09:00,36338.63347739362,36531.66738696809,35856.04870345745,36290.375,2773,0.0,0.0
2023-02-21 00:00:00+09:00,36338.63307724584,38124.196721147695,36193.857646659206,37738.12890625,5422,0.0,0.0
2023-02-22 00:00:00+09:00,37110.76953125,37738.12974439207,36965.99409744798,37110.76953125,9986,0.0,0.0
2023-02-23 00:00:00+09:00,37400.32088842148,38075.939588341345,36772.96066706731,37641.61328125,2250,0.0,0.0
2023-02-24 00:00:00+09:00,37448.577014802635,37689.86939247533,36628.18293071546,36676.44140625,2426,0.0,0.0
2023-02-27 00:00:00+09:00,36242.115937709175,36435.14984416834,35856.04812479083,36049.08203125,324784,0.0,0.0
2023-02-28 00:00:00+09:00,36000.824476304944,36338.63382125687,35035.65491929945,35132.171875,643860,0.0,0.0
2023-03-02 00:00:00+09:00,34987.39955357143,35904.31071428572,34987.39955357143,35469.984375,508764,0.0,0.0
2023-03-03 00:00:00+09:00,35807.789136803665,35856.04761272928,35083.911997919495,35518.23828125,351956,0.0,0.0
2023-03-06 00:00:00+09:00,35759.53006369699,35856.04701393639,35035.652936901504,35276.9453125,372636,0.0,0.0
2023-03-07 00:00:00+09:00,35228.6868373803,35759.53006369699,35035.652936901504,35276.9453125,376040,0.0,0.0
2023-03-08 00:00:00+09:00,34890.880332167835,35035.65576923077,34167.003146853145,34504.8125,545699,0.0,0.0
2023-03-09 00:00:00+09:00,34746.10084250344,35759.528783743124,34649.58389571871,35083.91015625,641250,0.0,0.0
2023-03-10 00:00:00+09:00,34794.3593158958,35711.27031035075,34553.06694893398,35083.91015625,485675,0.0,0.0
2023-03-13 00:00:00+09:00,35035.653671011736,35228.68757553522,34070.48414839434,34939.13671875,401066,0.0,0.0
2023-03-14 00:00:00+09:00,34746.10431338028,35035.65518265845,33829.19322733275,34263.51953125,573108,0.0,0.0
2023-03-15 00:00:00+09:00,34746.10259433962,36338.63229658019,34649.58564268868,35807.7890625,941412,0.0,0.0
2023-03-16 00:00:00+09:00,35469.984375,36145.603125,35180.43348214286,35469.984375,714239,0.0,0.0
2023-03-17 00:00:00+09:00,36000.82319362914,36049.08166976002,34939.13671875,34939.13671875,638840,0.0,0.0
2023-03-20 00:00:00+09:00,35180.42952935223,36579.92535425101,35132.17105263158,35759.53125,595171,0.0,0.0
2023-03-21 00:00:00+09:00,35904.307520604394,36097.341432005494,35132.171875,35132.171875,395058,0.0,0.0
2023-03-22 00:00:00+09:00,35566.496163218195,35807.78853881669,35132.1698871409,35276.9453125,355266,0.0,0.0
2023-03-23 00:00:00+09:00,35035.65441945607,35276.946805265,34456.55269351465,34601.328125,490693,0.0,0.0
2023-03-24 00:00:00+09:00,34601.32879059009,34746.10422486033,34263.5194439595,34553.0703125,342863,0.0,0.0
2023-03-27 00:00:00+09:00,34649.58995347613,35035.657808110955,34070.48817152387,34360.0390625,423217,0.0,0.0
2023-03-28 00:00:00+09:00,34311.776603847495,34794.36136620821,34215.259651375345,34649.5859375,339538,0.0,0.0
2023-03-29 00:00:00+09:00,34553.069647838216,35276.946805265,34360.03573919107,34601.328125,435190,0.0,0.0
2023-03-30 00:00:00+09:00,34842.61903642271,35614.754638337894,34118.74190962722,35276.9453125,892512,0.0,0.0
2023-03-31 00:00:00+09:00,35373.46359525034,35952.56531850137,35035.65425668724,35180.4296875,467752,0.0,0.0
2023-04-03 00:00:00+09:00,35663.014793882976,37062.51063829787,35663.014793882976,36290.375,855931,0.0,0.0
2023-04-04 00:00:00+09:00,36483.406980140186,36724.69935434746,35807.788332359814,36145.59765625,486771,0.0,0.0
2023-04-05 00:00:00+09:00,35952.56707304268,36290.3764280914,35566.499238701275,35904.30859375,313903,0.0,0.0
2023-04-06 00:00:00+09:00,36145.600711532155,37352.06268454724,35807.791359087925,36772.9609375,1000326,0.0,0.0
2023-04-07 00:00:00+09:00,37110.76754270563,37352.05991944624,36386.89041248381,37255.54296875,637828,0.0,0.0
2023-04-10 00:00:00+09:00,37255.54640275953,37255.54640275953,36579.92768561104,36724.703125,367096,0.0,0.0
2023-04-11 00:00:00+09:00,36821.21603634379,37545.09315370311,36772.95756185317,37303.80078125,518982,0.0,0.0
2023-04-12 00:00:00+09:00,37159.027755717914,38510.26512865312,37062.51080050826,37979.421875,669466,0.0,0.0
2023-04-13 00:00:00+09:00,37738.12824273627,38124.196050846105,37496.83586266763,37786.38671875,419920,0.0,0.0
2023-04-14 00:00:00+09:00,37979.42179125946,38606.78199873897,37545.095493773646,38268.97265625,568068,0.0,0.0
2023-04-17 00:00:00+09:00,38075.93617651707,38558.52091893173,37738.1268568268,38172.453125,347015,0.0,0.0
2023-04-18 00:00:00+09:00,37931.163397395176,38172.45578541932,37303.8031885324,37979.421875,484640,0.0,0.0
2023-04-19 00:00:00+09:00,38027.68292538023,38799.81861929658,38027.68292538023,38075.94140625,510461,0.0,0.0
2023-04-20 00:00:00+09:00,38124.19730781449,38655.0405614676,37545.095576556545,37979.421875,350361,0.0,0.0
2023-04-21 00:00:00+09:00,37979.42266481425,39861.50333054202,37593.354835947015,39620.2109375,976520,0.0,0.0
2023-04-24 00:00:00+09:00,40006.276832785756,40730.15397692543,38944.590354714244,39475.43359375,706371,0.0,0.0
2023-04-25 00:00:00+09:00,39330.65750438797,39861.50073450855,38944.58970066392,39523.69140625,522344,0.0,0.0
2023-04-26 00:00:00+09:00,39282.40167753067,39958.02037960123,38606.782975460126,39330.66015625,496171,0.0,0.0
2023-04-27 00:00:00+09:00,39668.46816669217,39668.46816669217,38462.006239481336,39427.17578125,403765,0.0,0.0
2023-04-28 00:00:00+09:00,39234.14376905488,40151.05487804878,39041.109851371955,39571.953125,504340,0.0,0.0
2023-05-02 00:00:00+09:00,39475.43300276753,39523.69147832104,38365.4880650369,39234.140625,495563,0.0,0.0
2023-05-03 00:00:00+09:00,38944.59050771557,39427.17527237128,38558.52269599101,38896.33203125,245578,0.0,0.0
2023-05-04 00:00:00+09:00,38510.26225471261,39571.94868278739,38510.26225471261,39041.10546875,513152,0.0,0.0
2023-05-08 00:00:00+09:00,38799.81549969623,40199.31133239672,38703.29854571689,39716.7265625,535814,0.0,0.0
2023-05-09 00:00:00+09:00,39523.6940711273,39764.98646472393,38848.07536905675,39330.66015625,358645,0.0,0.0
2023-05-10 00:00:00+09:00,39378.91417910448,39523.6895988806,38510.26166044776,38799.8125,449254,0.0,0.0
2023-05-11 00:00:00+09:00,38896.33261405672,39716.72672626387,38799.81565967941,39137.625,429558,0.0,0.0
2023-05-12 00:00:00+09:00,38944.59348094707,38992.85196109694,37641.61451690051,37834.6484375,495818,0.0,0.0
2023-05-15 00:00:00+09:00,37303.80000099396,38124.19405017494,37303.80000099396,37931.16015625,315380,0.0,0.0
2023-05-16 00:00:00+09:00,37931.16415264423,38027.681109775636,37207.286974158655,37641.61328125,249502,0.0,0.0
2023-05-17 00:00:00+09:00,37303.80402131783,37641.61337209302,36917.736191860466,37352.0625,238394,0.0,0.0
2023-05-18 00:00:00+09:00,37641.61070051414,37641.61070051414,37255.542898457585,37545.09375,258061,0.0,0.0
2023-05-19 00:00:00+09:00,37882.90352299528,38751.55608785377,37689.869619693396,38365.48828125,486906,0.0,0.0
2023-05-22 00:00:00+09:00,38558.52196725093,39958.01775830259,38510.26349169742,39234.140625,445967,0.0,0.0
2023-05-23 00:00:00+09:00,39234.13875932836,39909.75738495025,38655.03708022388,38799.8125,400822,0.0,0.0
2023-05-24 00:00:00+09:00,38510.26225471261,39523.69020878399,38220.711410692216,39041.10546875,396216,0.0,0.0
2023-05-25 00:00:00+09:00,39234.144058798316,39427.177977906795,38558.52534191864,38703.30078125,382543,0.0,0.0
2023-05-26 00:00:00+09:00,38655.040648007365,38655.040648007365,37593.35413832426,37689.87109375,532647,0.0,0.0
2023-05-30 00:00:00+09:00,38075.939588341345,38172.456545472756,37400.32088842148,37641.61328125,363121,0.0,0.0
2023-05-31 00:00:00+09:00,37641.61482131201,37738.1317823923,36965.99609375,36965.99609375,674765,0.0,0.0
2023-06-01 00:00:00+09:00,37014.25275037153,37255.545141182294,36483.409490587845,36531.66796875,394185,0.0,0.0
2023-06-02 00:00:00+09:00,36772.9596081479,36869.4765625,36435.150267915575,36869.4765625,337142,0.0,0.0
2023-06-05 00:00:00+09:00,37159.02653057152,38268.971478887295,37159.02653057152,37786.38671875,504410,0.0,0.0
2023-06-07 00:00:00+09:00,38027.68043774008,38124.197393165814,37448.57870518566,37689.87109375,337142,0.0,0.0
2023-06-08 00:00:00+09:00,37641.613853503186,37979.423208598724,37303.80449840764,37882.90625,496672,0.0,0.0
2023-06-09 00:00:00+09:00,38124.19405017494,38365.48641758111,37641.6093153626,37931.16015625,375390,0.0,0.0
2023-06-12 00:00:00+09:00,37931.16482469512,38075.940262957316,37496.838509908535,37593.35546875,240656,0.0,0.0
2023-06-13 00:00:00+09:00,38268.972071303935,38462.00597834708,37593.353396652914,38027.6796875,739886,0.0,0.0
2023-06-14 00:00:00+09:00,38075.9390899301,38075.9390899301,37014.25257538199,37110.76953125,613715,0.0,0.0
2023-06-15 00:00:00+09:00,37207.28849645072,37400.32241861129,36628.186729969,36965.99609375,405647,0.0,0.0
2023-06-16 00:00:00+09:00,36965.99211666127,37448.57687014248,36965.99211666127,37255.54296875,403930,0.0,0.0
2023-06-19 00:00:00+09:00,37400.319980053195,39089.36668882979,37400.319980053195,38558.5234375,893389,0.0,0.0
2023-06-20 00:00:00+09:00,38558.52419211648,38896.333540482956,37882.90549538352,38220.71484375,425491,0.0,0.0
2023-06-21 00:00:00+09:00,38075.938164260784,38896.33226919416,37352.061012848986,38027.6796875,606460,0.0,0.0
2023-06-22 00:00:00+09:00,38799.81774080424,39378.919498129675,37931.165104816086,38703.30078125,933931,0.0,0.0
2023-06-23 00:00:00+09:00,38896.32981363932,38896.32981363932,37014.249338785805,37062.5078125,593876,0.0,0.0
2023-06-26 00:00:00+09:00,41212.740129059435,42853.52837775736,38992.850145526965,39378.91796875,8540029,0.0,0.0
2023-06-27 00:00:00+09:00,39137.624735254154,39909.76036504955,37641.61195252557,37738.12890625,2439159,0.0,0.0
2023-06-28 00:00:00+09:00,38075.9384080763,38075.9384080763,37159.02734375,37159.02734375,1295764,0.0,0.0
2023-06-29 00:00:00+09:00,37255.542508278144,37545.09335678808,36386.88996274834,36435.1484375,1176413,0.0,0.0
2023-06-30 00:00:00+09:00,36435.15158505578,36917.73637426181,36000.825274770345,36772.9609375,806060,0.0,0.0
2023-07-03 00:00:00+09:00,37062.51096774194,37834.64661290323,36772.96010080646,37400.3203125,842167,0.0,0.0
2023-07-04 00:00:00+09:00,37545.09532692942,37545.09532692942,36483.408826682054,36579.92578125,806561,0.0,0.0
2023-07-05 00:00:00+09:00,36676.44101933514,36772.95796938602,35566.49609375,35566.49609375,1099500,0.0,0.0
2023-07-06 00:00:00+09:00,35469.97812720381,35566.49507448872,34070.48239157264,34215.2578125,1395335,0.0,0.0
2023-07-07 00:00:00+09:00,33925.70977633478,34167.00216450216,33346.608044733046,33443.125,1077497,0.0,0.0
2023-07-10 00:00:00+09:00,33829.192490411435,35083.912896617854,33684.41705892608,34601.328125,1020283,0.0,0.0
2023-07-11 00:00:00+09:00,35035.6574807363,35228.69140625,34649.589629708906,35228.69140625,587262,0.0,0.0
2023-07-12 00:00:00+09:00,35276.94465078552,35711.27091871585,34890.87685706967,35325.203125,527792,0.0,0.0
2023-07-13 00:00:00+09:00,35663.015625,35711.27410351827,35180.430839817316,35663.015625,665041,0.0,0.0
2023-07-14 00:00:00+09:00,35904.304625,36290.372416666665,35469.978359374996,36193.85546875,703669,0.0,0.0
2023-07-17 00:00:00+09:00,37400.32088842148,38172.456545472756,36965.994581330124,37641.61328125,2862199,0.0,0.0
2023-07-18 00:00:00+09:00,37641.6096875,37689.86816145833,36000.82157291666,36193.85546875,1348513,0.0,0.0
2023-07-19 00:00:00+09:00,36386.890030457274,36628.182404664556,35904.305282042726,36145.59765625,753958,0.0,0.0
2023-07-20 00:00:00+09:00,36049.0852690508,36242.1191928476,35614.75894050802,36097.34375,601651,0.0,0.0
2023-07-21 00:00:00+09:00,36242.11519811008,36772.958430039784,35566.49653929045,36386.890625,943432,0.0,0.0
2023-07-24 00:00:00+09:00,36821.21950954861,36917.73646763393,36097.34232390873,36483.41015625,1008838,0.0,0.0
2023-07-25 00:00:00+09:00,36531.66538700331,36628.18233650662,35711.27131622517,36435.1484375,1004434,0.0,0.0
2023-07-26 00:00:00+09:00,36579.925602956435,36628.18408000519,34794.36195215249,34890.87890625,1202576,0.0,0.0
2023-07-27 00:00:00+09:00,34939.13456375839,36193.85486577181,34746.100671140935,35952.5625,1020279,0.0,0.0
2023-07-28 00:00:00+09:00,35711.2734375,35952.56582559122,35228.68866131757,35711.2734375,561519,0.0,0.0
2023-07-31 00:00:00+09:00,35904.30982620321,36579.92855949198,35566.500459558825,36097.34375,791379,0.0,0.0
2023-08-01 00:00:00+09:00,36097.34232390873,36821.21950954861,35759.53297061012,36483.41015625,721050,0.0,0.0
2023-08-02 00:00:00+09:00,36338.631694157055,36483.40711923338,35518.23761872456,35566.49609375,626388,0.0,0.0
2023-08-03 00:00:00+09:00,35325.20636510914,35904.30810879945,35180.430929186565,35373.46484375,491350,0.0,0.0
2023-08-04 00:00:00+09:00,35518.24229452055,35518.24229452055,34842.6235552226,35228.69140625,401229,0.0,0.0
2023-08-07 00:00:00+09:00,35180.43111238731,35228.68959127947,34649.587844573514,34794.36328125,327688,0.0,0.0
2023-08-08 00:00:00+09:00,35083.913660871476,35228.68909551056,34263.51953125,34263.51953125,524301,0.0,0.0
2023-08-09 00:00:00+09:00,34360.03449333801,34504.809919573985,33973.96669004208,34408.29296875,488654,0.0,0.0
2023-08-10 00:00:00+09:00,34311.780580670646,34794.36539896418,34167.00513518258,34360.0390625,553898,0.0,0.0
2023-08-11 00:00:00+09:00,34504.81174796572,35035.65500562673,34408.29479202736,34842.62109375,364328,0.0,0.0
2023-08-14 00:00:00+09:00,34746.104895104894,35228.68968531469,34408.29554195805,34504.8125,364319,0.0,0.0
2023-08-16 00:00:00+09:00,34360.035988912736,34456.55294393777,33684.417303737486,33732.67578125,515209,0.0,0.0
2023-08-17 00:00:00+09:00,33587.89902817403,33877.44988186519,33346.606650098074,33829.19140625,501629,0.0,0.0
2023-08-18 00:00:00+09:00,33443.128236446326,33732.67913026837,33153.57734262428,33491.38671875,449261,0.0,0.0
2023-08-21 00:00:00+09:00,33298.34906524927,33925.70926502933,32719.24734237537,32912.28125,651726,0.0,0.0
2023-08-22 00:00:00+09:00,32960.53972690616,33105.31515762464,32381.438004032258,32912.28125,674200,0.0,0.0
2023-08-23 00:00:00+09:00,33057.0546875,33443.1224794708,32912.27926551095,33057.0546875,331230,0.0,0.0
2023-08-24 00:00:00+09:00,33298.34906524927,33346.60754215543,32912.28125,32912.28125,345784,0.0,0.0
2023-08-25 00:00:00+09:00,32622.730550373133,32622.730550373133,32140.14577891791,32333.1796875,479960,0.0,0.0
2023-08-28 00:00:00+09:00,32912.28134725104,35180.42976854253,32912.28134725104,34890.87890625,1597119,0.0,0.0
2023-08-29 00:00:00+09:00,35083.91357149092,35083.91357149092,34118.744009689246,34553.0703125,503945,0.0,0.0
2023-08-30 00:00:00+09:00,34939.138137220674,34939.138137220674,34360.03640013967,34553.0703125,260024,0.0,0.0
2023-08-31 00:00:00+09:00,34697.84583516725,34794.36279159331,34167.00257482394,34263.51953125,484437,0.0,0.0
2023-09-01 00:00:00+09:00,34504.81450798806,35276.95021725773,33877.45424420646,34360.0390625,567921,0.0,0.0
2023-09-04 00:00:00+09:00,34649.586441186555,35325.205118312755,34408.29405649863,35180.4296875,414616,0.0,0.0
2023-09-05 00:00:00+09:00,35228.68959127947,35228.68959127947,34601.32936568135,34794.36328125,296463,0.0,0.0
2023-09-06 00:00:00+09:00,34746.101022566996,34794.35949620945,34070.48239157264,34215.2578125,376641,0.0,0.0
2023-09-07 00:00:00+09:00,33973.96742209631,34360.035233711045,33925.708945644474,34070.484375,302559,0.0,0.0
2023-09-08 00:00:00+09:00,34215.259651375345,34890.87831868036,33973.96727019498,34649.5859375,359210,0.0,0.0
2023-09-11 00:00:00+09:00,34890.87626268053,35228.685576427095,34649.58389571871,35083.91015625,441157,0.0,0.0
2023-09-12 00:00:00+09:00,35228.686440677964,35276.94491525424,34167.0,34167.0,354489,0.0,0.0
2023-09-13 00:00:00+09:00,34118.742046244784,34842.6191759388,34070.48357093185,34697.84375,291607,0.0,0.0
2023-09-14 00:00:00+09:00,34890.87751154241,35276.9453125,34601.32666082421,35276.9453125,665430,0.0,0.0
2023-09-15 00:00:00+09:00,35180.430101164544,36000.82421875,35180.430101164544,36000.82421875,851003,0.0,0.0
2023-09-18 00:00:00+09:00,36097.341173760055,36531.66747130529,35807.79030872989,36000.82421875,763371,0.0,0.0
2023-09-19 00:00:00+09:00,36242.11460593291,36338.63155561582,35518.23748331108,36145.59765625,461959,0.0,0.0
2023-09-20 00:00:00+09:00,36049.0852690508,36483.411597593586,35952.56830715241,36097.34375,421349,0.0,0.0
2023-09-21 00:00:00+09:00,36097.342606707316,36290.376524390245,35614.7578125,35614.7578125,413000,0.0,0.0
2023-09-22 00:00:00+09:00,35325.205118312755,35421.72207218793,34504.8110103738,35180.4296875,488335,0.0,0.0
2023-09-25 00:00:00+09:00,34890.87685706967,35663.012444501364,34842.61838285519,35325.203125,398940,0.0,0.0
2023-09-26 00:00:00+09:00,35180.43325359902,35325.20869908708,34070.48817152387,34360.0390625,435562,0.0,0.0
2023-09-27 00:00:00+09:00,33877.45338362069,35132.17387931034,33877.45338362069,34987.3984375,424289,0.0,0.0
2023-10-04 00:00:00+09:00,34504.8125,34939.138811188815,34215.261625874125,34504.8125,447848,0.0,0.0
2023-10-05 00:00:00+09:00,34553.07088678918,35276.94807017164,34456.553929004855,34794.36328125,440164,0.0,0.0
2023-10-06 00:00:00+09:00,34794.363374125875,34842.621853146855,34311.778583916086,34504.8125,235499,0.0,0.0
2023-10-10 00:00:00+09:00,34649.58726868017,35228.689005761174,34263.5194439595,34553.0703125,504895,0.0,0.0
2023-10-11 00:00:00+09:00,34746.102296633944,34890.87772286992,34070.48364086606,34408.29296875,449056,0.0,0.0
2023-10-12 00:00:00+09:00,34456.55374957367,35469.98180103172,34456.55374957367,35373.46484375,700601,0.0,0.0
2023-10-13 00:00:00+09:00,35035.65576923077,35228.68968531469,34360.03706293707,34504.8125,415736,0.0,0.0
2023-10-16 00:00:00+09:00,34167.002317994506,35228.68883070055,33877.45145089286,35132.171875,511801,0.0,0.0
2023-10-17 00:00:00+09:00,35421.72007342896,35566.495496072406,35132.16922814208,35325.203125,305119,0.0,0.0
2023-10-18 00:00:00+09:00,35325.206275372126,35904.308017591335,35083.913882780784,35663.015625,488982,0.0,0.0
2023-10-19 00:00:00+09:00,35276.94471526343,35373.4616638688,34794.35997223657,35035.65234375,312242,0.0,0.0
2023-10-20 00:00:00+09:00,35228.68663426235,36386.890030457274,34746.1018858478,36145.59765625,1250062,0.0,0.0
2023-10-23 00:00:00+09:00,36049.08072350544,36049.08072350544,33057.05528192935,33298.34765625,2113941,0.0,0.0
2023-10-24 00:00:00+09:00,33877.44928609914,34118.74165993175,33201.830639367814,33587.8984375,1002880,0.0,0.0
2023-10-25 00:00:00+09:00,34022.22731800681,34118.74427493732,33491.38405488897,33684.41796875,639182,0.0,0.0
2023-10-26 00:00:00+09:00,33201.833455882355,33539.64280790441,32767.507146139706,32815.765625,604220,0.0,0.0
2023-10-27 00:00:00+09:00,32719.247382409794,33250.090629027065,32719.247382409794,32767.505859375,402926,0.0,0.0
2023-10-30 00:00:00+09:00,32477.956272977943,32912.28258272059,32429.69779411765,32815.765625,359803,0.0,0.0
2023-10-31 00:00:00+09:00,33105.31468118451,33153.573157396146,32091.886680740085,32236.662109375,515100,0.0,0.0
2023-11-01 00:00:00+09:00,32381.43812395524,32864.022894804046,32284.921169785477,32477.955078125,387795,0.0,0.0
2023-11-02 00:00:00+09:00,32815.76433634021,33105.315198131444,32719.247382409794,32767.505859375,431640,0.0,0.0
2023-11-03 00:00:00+09:00,33105.313756793475,33346.60613111413,32912.27985733696,33298.34765625,311839,0.0,0.0
2023-11-06 00:00:00+09:00,33877.45424420646,34360.0390625,33539.64487140098,34360.0390625,608208,0.0,0.0
2023-11-07 00:00:00+09:00,34070.48239157264,34360.03323342736,33780.93154971791,34215.2578125,361836,0.0,0.0
2023-11-08 00:00:00+09:00,34601.32974466463,34697.8467035061,33587.90167682927,33636.16015625,275321,0.0,0.0
2023-11-09 00:00:00+09:00,33829.195207522986,34118.74609375,33491.38584025813,34118.74609375,325524,0.0,0.0
2023-11-10 00:00:00+09:00,33780.936164529914,33925.71160523504,33443.12680288462,33877.453125,133564,0.0,0.0
2023-11-13 00:00:00+09:00,34070.48378432596,34118.74225994115,33780.93293063481,33829.19140625,229458,0.0,0.0
2023-11-14 00:00:00+09:00,34070.48570667614,34263.51962002841,33877.45179332387,33973.96875,237348,0.0,0.0
2023-11-15 00:00:00+09:00,34553.06948731138,35228.68816443758,34360.03557956104,35180.4296875,850716,0.0,0.0
2023-11-16 00:00:00+09:00,35083.91339714973,35325.2057864011,34746.10405219781,35132.171875,285792,0.0,0.0
2023-11-17 00:00:00+09:00,35325.20570078338,35421.72265625,34939.137878916896,35421.72265625,278431,0.0,0.0
2023-11-20 00:00:00+09:00,35518.23761872456,35711.271518826325,35325.2037186228,35566.49609375,232753,0.0,0.0
2023-11-21 00:00:00+09:00,36049.08203125,36483.408320783135,35807.78964817604,36049.08203125,514136,0.0,0.0
2023-11-22 00:00:00+09:00,35711.27277327935,35952.56515688259,35566.49734311741,35759.53125,333545,0.0,0.0
2023-11-23 00:00:00+09:00,36145.59965126508,36338.63356128518,35759.531831224864,36000.82421875,434611,0.0,0.0
2023-11-24 00:00:00+09:00,36097.33931902985,36145.59779405529,35518.23761872456,35566.49609375,269963,0.0,0.0
2023-11-27 00:00:00+09:00,35614.75581983806,36145.599063765185,35566.49734311741,35759.53125,225833,0.0,0.0
2023-11-28 00:00:00+09:00,35952.56574124497,36000.82421875,35614.75639870978,36000.82421875,283479,0.0,0.0
2023-11-29 00:00:00+09:00,36193.857871338914,36193.857871338914,34504.81117067643,34601.328125,636223,0.0,0.0
2023-11-30 00:00:00+09:00,34553.069647838216,34794.36203364714,34360.03573919107,34601.328125,462472,0.0,0.0
2023-12-01 00:00:00+09:00,34987.395942294286,35421.72223675035,34553.069647838216,34601.328125,359962,0.0,0.0
2023-12-04 00:00:00+09:00,34939.1375483474,34987.39602562412,34215.260389196555,34311.77734375,341146,0.0,0.0
2023-12-05 00:00:00+09:00,34215.26305582567,34456.555461014854,33925.71216959866,34118.74609375,253755,0.0,0.0
2023-12-06 00:00:00+09:00,34263.51919065055,35614.75656718324,34167.00223518392,35421.72265625,605868,0.0,0.0
2023-12-07 00:00:00+09:00,35180.42776665806,35469.97861247417,34842.61844653926,35035.65234375,203158,0.0,0.0
2023-12-08 00:00:00+09:00,35083.91348359592,35180.430439534284,34794.36261578082,34842.62109375,200960,0.0,0.0
2023-12-11 00:00:00+09:00,34987.39786783854,35035.65634765625,34504.81306966146,34746.10546875,217105,0.0,0.0
2023-12-12 00:00:00+09:00,34890.88090820312,35083.91482747396,34746.10546875,34746.10546875,207740,0.0,0.0
2023-12-13 00:00:00+09:00,34746.10304532578,34794.36152177762,33973.96742209631,34070.484375,305552,0.0,0.0
2023-12-14 00:00:00+09:00,34601.328125,34794.36203364714,34504.81117067643,34601.328125,354632,0.0,0.0
2023-12-15 00:00:00+09:00,34890.877651251736,34939.13612656467,34408.29289812239,34697.84375,424972,0.0,0.0
2023-12-18 00:00:00+09:00,34649.58474576271,34649.58474576271,34167.0,34167.0,419405,0.0,0.0
2023-12-19 00:00:00+09:00,34167.00547100144,34167.00547100144,33346.61127183898,33491.38671875,756350,0.0,0.0
2023-12-20 00:00:00+09:00,33636.15949028474,33925.71036107629,33587.901011819486,33684.41796875,462848,0.0,0.0
2023-12-21 00:00:00+09:00,33684.41538703305,33780.9323365661,33443.123013200435,33587.8984375,338094,0.0,0.0
2023-12-22 00:00:00+09:00,33780.93300359712,33829.19147931655,33491.38214928057,33539.640625,325149,0.0,0.0
2023-12-26 00:00:00+09:00,33829.192736275036,33925.70969130007,33587.90034871245,33732.67578125,424320,0.0,0.0
2023-12-27 00:00:00+09:00,33732.67578125,33925.70969130007,33491.383393687414,33732.67578125,412360,0.0,0.0
2023-12-28 00:00:00+09:00,33587.901011819486,33684.41796875,32767.506877910102,33684.41796875,953500,0.0,0.0
2024-01-02 00:00:00+09:00,33298.346994844425,33491.38089046672,33008.796151411,33346.60546875,558863,0.0,0.0
2024-01-03 00:00:00+09:00,33105.31309922214,33491.38089046672,33105.31309922214,33346.60546875,388439,0.0,0.0
2024-01-04 00:00:00+09:00,33443.1224794708,33443.1224794708,33008.79621350365,33057.0546875,311502,0.0,0.0
2024-01-05 00:00:00+09:00,33057.056089595644,33250.089993768466,32574.47132916359,32670.98828125,468186,0.0,0.0
2024-01-08 00:00:00+09:00,32477.955787556057,32864.02361266816,32284.921875,32284.921875,451312,0.0,0.0
2024-01-09 00:00:00+09:00,32574.474455180924,33153.57622327303,32477.95749383224,33008.80078125,470526,0.0,0.0
2024-01-10 00:00:00+09:00,33105.31886032061,33587.90368335735,32912.2849311059,33491.38671875,455209,0.0,0.0
2024-01-11 00:00:00+09:00,33539.6420408024,33684.41747407205,33153.57421875,33153.57421875,403317,0.0,0.0
2024-01-12 00:00:00+09:00,33346.60546875,33732.673259994575,33153.571573127716,33346.60546875,271294,0.0,0.0
2024-01-15 00:00:00+09:00,33298.349738436125,33443.1251720815,33153.57430479075,32864.0234375,22800,0.0,0.0
2024-01-16 00:00:00+09:00,32767.506568287037,33008.79895833333,32429.69722222222,32574.47265625,252319,0.0,0.0
2024-01-17 00:00:00+09:00,32526.21512957317,32574.473608993903,31561.04554115854,31657.5625,577578,0.0,0.0
2024-01-18 00:00:00+09:00,31609.30402057927,32091.888814786587,31464.528582317074,31657.5625,236760,0.0,0.0
2024-01-19 00:00:00+09:00,31995.371138139206,32140.14657315341,31368.01091974432,31850.595703125,263146,0.0,0.0
2024-01-22 00:00:00+09:00,31947.111605401715,32043.628558892357,30837.16664025936,30933.68359375,518056,0.0,0.0
2024-01-23 00:00:00+09:00,30981.94207049532,31174.9759774766,30258.064919315522,30933.68359375,622847,0.0,0.0
2024-01-24 00:00:00+09:00,31078.459867635353,31174.97682374602,30209.807262639333,30306.32421875,534926,0.0,0.0
2024-01-25 00:00:00+09:00,30161.54796582488,31223.234454221918,30113.28948907956,30933.68359375,482447,0.0,0.0
2024-01-26 00:00:00+09:00,30885.4248489426,32236.66218608384,30837.166372616124,31947.111328125,671317,0.0,0.0
2024-01-29 00:00:00+09:00,31947.109785583943,33298.347057481755,31850.59283759124,33057.0546875,640664,0.0,0.0
2024-01-30 00:00:00+09:00,33201.83020525148,33394.86410179364,32477.95309321838,32622.728515625,483996,0.0,0.0
2024-01-31 00:00:00+09:00,32429.696969696968,33443.125,32284.921536796533,33443.125,1222093,0.0,0.0
2024-02-01 00:00:00+09:00,33105.31427202211,33829.19140625,33008.797320791724,33829.19140625,901772,0.0,0.0
2024-02-02 00:00:00+09:00,34022.22613667333,34022.22613667333,32719.247263353926,33201.83203125,968747,0.0,0.0
2024-02-05 00:00:00+09:00,33201.83374822191,33973.96941678521,32912.28287251067,33925.7109375,693756,0.0,0.0
2024-02-06 00:00:00+09:00,33684.41833966988,33877.45225565653,32429.697885756676,32526.21484375,591065,0.0,0.0
2024-02-07 00:00:00+09:00,32670.98828125,32767.50523333641,32284.920472904356,32670.98828125,409053,0.0,0.0
2024-02-08 00:00:00+09:00,32767.505859375,33008.79824420103,32429.69652061856,32767.505859375,406336,0.0,0.0
2024-02-13 00:00:00+09:00,33008.79954044118,33684.41824448529,32767.507146139706,32815.765625,493202,0.0,0.0
2024-02-14 00:00:00+09:00,32574.471442856477,32622.729919068115,32043.628204528442,32236.662109375,407573,0.0,0.0
2024-02-15 00:00:00+09:00,32381.436907610732,32429.69538288288,32043.627580705703,32140.14453125,294605,0.0,0.0
2024-02-16 00:00:00+09:00,32333.180266203704,32719.24809027778,32091.88787615741,32574.47265625,407756,0.0,0.0
2024-02-19 00:00:00+09:00,33394.86453843391,34118.74165993175,32912.279790768676,33587.8984375,1141921,0.0,0.0
2024-02-20 00:00:00+09:00,33491.381050064716,33587.8979983358,32526.21156735392,32622.728515625,595282,0.0,0.0
2024-02-21 00:00:00+09:00,32815.7650462963,32912.282002314816,32429.69722222222,32574.47265625,315993,0.0,0.0
2024-02-22 00:00:00+09:00,32912.28195865597,32960.540436601215,32477.95565714878,32719.248046875,367339,0.0,0.0
2024-02-23 00:00:00+09:00,32912.28137188893,32960.539848973815,32477.955078125,32477.955078125,387519,0.0,0.0
2024-02-26 00:00:00+09:00,33829.192907341705,34263.51920715065,32960.5403077238,33153.57421875,1366115,0.0,0.0
2024-02-27 00:00:00+09:00,33394.86410179364,33587.8979983358,32622.728515625,32622.728515625,514591,0.0,0.0
2024-02-28 00:00:00+09:00,32670.986895529197,33250.0885834854,32333.177577554743,33057.0546875,584764,0.0,0.0
2024-02-29 00:00:00+09:00,33057.060378016926,33491.38671875,32526.21707267651,33491.38671875,557489,0.0,0.0
2024-03-04 00:00:00+09:00,33346.60694585487,33394.86542189808,32622.729805206793,32670.98828125,561640,0.0,0.0
2024-03-05 00:00:00+09:00,32574.47332274666,32960.541154719955,32477.956364753336,32526.21484375,336729,0.0,0.0
2024-03-06 00:00:00+09:00,32526.21417824074,32912.282002314816,32381.438744212963,32574.47265625,336671,0.0,0.0
2024-03-07 00:00:00+09:00,32719.246234515766,32815.76318506006,32140.144531249996,32140.14453125,389511,0.0,0.0
2024-03-08 00:00:00+09:00,32526.213434750734,32912.28125,32284.921050219942,32912.28125,397137,0.0,0.0
2024-03-11 00:00:00+09:00,32815.76571772997,33008.79963371662,32526.21484375,32526.21484375,328813,0.0,0.0
2024-03-12 00:00:00+09:00,32719.247504664178,32719.247504664178,32236.662733208956,32333.1796875,389978,0.0,0.0
2024-03-13 00:00:00+09:00,32429.69802631579,32429.69802631579,32091.888671875,32091.888671875,407361,0.0,0.0
2024-03-14 00:00:00+09:00,32043.629963235293,32815.765625,31898.854526654413,32815.765625,697375,0.0,0.0
2024-03-15 00:00:00+09:00,32815.762907608696,33587.89850543478,32622.729008152175,33298.34765625,940649,0.0,0.0
2024-03-18 00:00:00+09:00,33298.348984829216,33346.60746161882,32815.76421693314,33201.83203125,310562,0.0,0.0
2024-03-19 00:00:00+09:00,32960.540480324074,33394.86678240741,32574.47265625,32574.47265625,511130,0.0,0.0
2024-03-20 00:00:00+09:00,32719.248759736645,32960.541154719955,32333.18092776335,32526.21484375,321075,0.0,0.0
2024-03-21 00:00:00+09:00,32912.27860787172,33298.34639212828,32815.76166180758,33105.3125,485275,0.0,0.0
2024-03-22 00:00:00+09:00,33201.832111436954,33250.09058834311,32767.505819281527,32912.28125,406952,0.0,0.0
2024-03-25 00:00:00+09:00,33256.14017698182,33305.262983742505,32666.666495853635,32764.912109375,678261,600.0,0.0
2024-03-26 00:00:00+09:00,32764.91286761235,32961.40409920223,32519.298828125,32519.298828125,483130,0.0,0.0
2024-03-27 00:00:00+09:00,32519.297597509398,32863.15723977913,32470.174791470865,32666.666015625,218794,0.0,0.0
2024-03-28 00:00:00+09:00,32814.0344337406,32814.0344337406,32568.42040354793,32666.666015625,260304,0.0,0.0
2024-03-29 00:00:00+09:00,32715.78957741477,32863.15799893466,32421.052734375,32421.052734375,312704,0.0,0.0
2024-04-01 00:00:00+09:00,32470.176496023156,32715.790539109563,32322.80807017131,32617.544921875,218118,0.0,0.0
2024-04-02 00:00:00+09:00,32470.175301119118,32568.42091473824,32126.3156534522,32371.9296875,400215,0.0,0.0
2024-04-03 00:00:00+09:00,32273.68458975402,32764.91266570157,31978.947744185487,32077.193359375,475095,0.0,0.0
2024-04-04 00:00:00+09:00,32273.68458975402,32273.68458975402,31782.456513806468,32077.193359375,328905,0.0,0.0
2024-04-05 00:00:00+09:00,31733.333942564987,32421.05325401376,31635.08832664373,32126.31640625,335779,0.0,0.0
2024-04-08 00:00:00+09:00,32028.070790328748,32371.930446053135,31978.94798236812,32126.31640625,250420,0.0,0.0
2024-04-09 00:00:00+09:00,32371.9299272017,32814.03519176136,32224.561505681817,32421.052734375,392764,0.0,0.0
2024-04-11 00:00:00+09:00,32077.19304944798,32814.03515625,31978.94743520771,32814.03515625,489205,0.0,0.0
2024-04-12 00:00:00+09:00,32568.421677895643,32617.54448585627,32028.070790328748,32126.31640625,310740,0.0,0.0
2024-04-15 00:00:00+09:00,31831.579839644513,32077.19388161708,31635.088606066463,31782.45703125,246570,0.0,0.0
2024-04-16 00:00:00+09:00,31585.96564670139,31733.334071180554,30898.246332465278,30947.369140625,380437,0.0,0.0
2024-04-17 00:00:00+09:00,30996.491228070172,31192.982456140347,30652.631578947367,30800.0,277361,0.0,0.0
2024-04-18 00:00:00+09:00,31143.86075544946,31831.580078125,30947.369520399305,31831.580078125,297725,0.0,0.0
2024-04-19 00:00:00+09:00,31438.595864661653,32863.15723977913,31045.613416353382,32666.666015625,727477,0.0,0.0
2024-04-22 00:00:00+09:00,33010.52536764706,33550.87622931985,32863.15695082721,33403.5078125,890029,0.0,0.0
2024-04-23 00:00:00+09:00,33403.508771929824,33600.0,33108.77192982456,33600.0,566126,0.0,0.0
2024-04-24 00:00:00+09:00,33698.24751625723,34189.47561416185,33403.51065751445,33992.984375,621567,0.0,0.0
2024-04-25 00:00:00+09:00,33747.3674063847,34238.59546179059,33649.12179530352,34189.47265625,502646,0.0,0.0
2024-04-26 00:00:00+09:00,33943.86156520954,34238.59842395232,33796.49313583815,33992.984375,303079,0.0,0.0
2024-04-29 00:00:00+09:00,34091.229883915956,34877.194838012,34042.107074284955,34778.94921875,781993,0.0,0.0
2024-04-30 00:00:00+09:00,34729.82469807828,35122.807155765164,34484.21066202398,34828.0703125,514831,0.0,0.0
2024-05-02 00:00:00+09:00,34680.70359948799,34926.31764764301,34435.08955133298,34778.94921875,318265,0.0,0.0
2024-05-03 00:00:00+09:00,34877.19215425532,34877.19215425532,34484.209707446804,34631.578125,317935,0.0,0.0
2024-05-07 00:00:00+09:00,34631.57786165731,35024.56030547753,34533.332250702246,34975.4375,384252,0.0,0.0
2024-05-08 00:00:00+09:00,34975.43798144258,35221.052012211134,34680.70114452031,35073.68359375,374974,0.0,0.0
2024-05-09 00:00:00+09:00,35024.561057947314,35368.42070367751,34631.57860568423,34729.82421875,490370,0.0,0.0
2024-05-10 00:00:00+09:00,34926.31473935884,35171.928767061785,34140.34985070941,34189.47265625,441933,0.0,0.0
2024-05-13 00:00:00+09:00,34336.84107287177,34385.96387841236,33943.85862854705,34189.47265625,212189,0.0,0.0
2024-05-14 00:00:00+09:00,34385.96532229345,34926.316205929485,34189.47409188034,34484.2109375,295089,0.0,0.0
2024-05-16 00:00:00+09:00,34828.070590722935,34975.43901353276,34091.22847667379,34484.2109375,337041,0.0,0.0
2024-05-17 00:00:00+09:00,34287.721532846714,34336.84434306569,33600.00218978102,33649.125,337820,0.0,0.0
2024-05-20 00:00:00+09:00,33796.4907441349,34042.104775705644,33354.38548730755,33501.75390625,231909,0.0,0.0
2024-05-21 00:00:00+09:00,33354.38796112241,33403.510771079884,33059.65110137759,33207.01953125,245570,0.0,0.0
2024-05-22 00:00:00+09:00,33207.01733796296,33501.75417824074,32912.280497685184,33157.89453125,186958,0.0,0.0
2024-05-23 00:00:00+09:00,33157.89548623895,33403.50952687776,32961.40425372791,33354.38671875,228457,0.0,0.0
2024-05-24 00:00:00+09:00,32912.28125,33207.01809701492,32863.15844216418,32912.28125,177495,0.0,0.0
2024-05-27 00:00:00+09:00,32961.402517735274,34287.718267331176,32961.402517735274,34189.47265625,467222,0.0,0.0
2024-05-28 00:00:00+09:00,33943.86109035326,34140.352326766304,33649.124235733696,33894.73828125,294276,0.0,0.0
2024-05-29 00:00:00+09:00,33649.12404781571,33992.98370961821,33256.14157718429,33452.6328125,284097,0.0,0.0
2024-05-30 00:00:00+09:00,33157.89456346045,33354.385790503184,32715.789302614317,32764.912109375,309312,0.0,0.0
2024-05-31 00:00:00+09:00,32912.28177357869,33256.14143389966,32470.176496023156,32617.544921875,492465,0.0,0.0
2024-06-03 00:00:00+09:00,32863.158165620385,33354.386239844906,32764.91255077548,33256.140625,192388,0.0,0.0
2024-06-04 00:00:00+09:00,32912.28177357869,33157.8958166651,32568.42211325772,32617.544921875,302186,0.0,0.0
2024-06-05 00:00:00+09:00,32814.03567550982,32814.03567550982,32519.298828125,32519.298828125,252350,0.0,0.0
2024-06-07 00:00:00+09:00,32519.29858878593,32863.15824153744,32470.17578125,32470.17578125,233603,0.0,0.0
2024-06-10 00:00:00+09:00,32421.05321233006,32715.79005971488,32126.316364945244,32519.298828125,271087,0.0,0.0
2024-06-11 00:00:00+09:00,32617.543479293316,33010.525930851065,32224.561027735563,32322.806640625,419751,0.0,0.0
2024-06-12 00:00:00+09:00,32421.053012538283,32617.5442429173,32028.070551780245,32077.193359375,301248,0.0,0.0
2024-06-13 00:00:00+09:00,32224.560814714947,32764.91168203486,31880.701171875,31880.701171875,575141,0.0,0.0
2024-06-14 00:00:00+09:00,31880.701890816716,32077.19311972776,31684.210661905672,32028.0703125,332202,0.0,0.0
2024-06-17 00:00:00+09:00,32175.43852668157,32322.80694741446,31536.842036839036,31585.96484375,408377,0.0,0.0
2024-06-18 00:00:00+09:00,31684.211460167255,31733.334268632632,31340.351800909626,31389.474609375,390073,0.0,0.0
2024-06-19 00:00:00+09:00,31585.964362324492,31978.946811622467,31438.595943837754,31487.71875,360242,0.0,0.0
2024-06-20 00:00:00+09:00,31536.84322554977,32077.194121937693,31487.72041678723,31831.580078125,319448,0.0,0.0
2024-06-21 00:00:00+09:00,31929.825216476394,32077.19364055244,31733.333984375,31733.333984375,344195,0.0,0.0
2024-06-24 00:00:00+09:00,31733.334268632632,31782.457077098006,31389.474609375,31389.474609375,278655,0.0,0.0
2024-06-25 00:00:00+09:00,31585.964362324492,31733.332780811234,31242.104719188766,31487.71875,253527,0.0,0.0
2024-06-26 00:00:00+09:00,31438.596456692914,31487.719263656494,31094.736807947833,31192.982421875,281923,0.0,0.0
2024-06-27 00:00:00+09:00,31045.613761829653,31143.859375,30898.245342074133,31143.859375,227734,0.0,0.0
2024-06-28 00:00:00+09:00,31340.350331513262,31635.08716848674,31242.104719188766,31487.71875,254256,0.0,0.0
2024-07-01 00:00:00+09:00,31487.720323677524,32666.66773049228,31438.597515060243,32617.544921875,673960,0.0,0.0
2024-07-02 00:00:00+09:00,32421.05280716227,32470.17561444585,31635.087890625,31635.087890625,360013,0.0,0.0
2024-07-03 00:00:00+09:00,31635.087890625,32077.193156177214,31536.842276057843,31635.087890625,297661,0.0,0.0
2024-07-04 00:00:00+09:00,31635.08816964286,31733.33378507653,31143.86009247449,31291.228515625,527605,0.0,0.0
2024-07-05 00:00:00+09:00,31291.228754408305,31585.965602958462,31192.98313822492,31340.3515625,286902,0.0,0.0
2024-07-08 00:00:00+09:00,31242.105707908166,31438.59693877551,31192.982900191328,31291.228515625,223419,0.0,0.0
2024-07-09 00:00:00+09:00,31438.596183800622,31831.57863609813,31389.473377263435,31536.841796875,319741,0.0,0.0
2024-07-10 00:00:00+09:00,31635.087927476416,31684.210734817218,31143.859854068396,31242.10546875,350021,0.0,0.0
2024-07-11 00:00:00+09:00,31389.47361610614,31585.96484375,31192.982388462286,31585.96484375,375051,0.0,0.0
2024-07-12 00:00:00+09:00,31782.457077098006,32322.807970217138,31143.860567048123,31389.474609375,927838,0.0,0.0
2024-07-15 00:00:00+09:00,31536.8417375095,32421.05225351444,31536.8417375095,32322.806640625,1107261,0.0,0.0
2024-07-16 00:00:00+09:00,32568.420430222603,32863.157266695205,32077.19236943493,32273.68359375,818175,0.0,0.0
2024-07-17 00:00:00+09:00,32568.420327240565,34287.718534560954,32519.297521317127,33845.61328125,2184121,0.0,0.0
2024-07-18 00:00:00+09:00,34189.47375561377,34238.59656273391,32273.684277928518,32814.03515625,1334141,0.0,0.0
2024-07-19 00:00:00+09:00,32519.298384777605,32519.298384777605,31880.701890816716,32028.0703125,775289,0.0,0.0
2024-07-22 00:00:00+09:00,31978.94746981534,32568.421155894885,31733.33343394886,32421.052734375,557147,0.0,0.0
2024-07-23 00:00:00+09:00,32421.053296729875,32519.298912780574,31733.333984375,31733.333984375,594864,0.0,0.0
2024-07-24 00:00:00+09:00,31684.209974648988,31880.70119929797,31438.595943837754,31487.71875,423759,0.0,0.0
2024-07-25 00:00:00+09:00,31389.47361610614,31733.33326448289,31340.350809195177,31585.96484375,383453,0.0,0.0
2024-07-26 00:00:00+09:00,31536.84197173748,32617.543721547798,31487.71916492792,32371.9296875,668494,0.0,0.0
2024-07-29 00:00:00+09:00,32470.176496023156,33059.650199430536,32077.1940270849,32617.544921875,544034,0.0,0.0
2024-07-30 00:00:00+09:00,32322.806640625,32568.420672848595,32077.19260840141,32322.806640625,338718,0.0,0.0
2024-07-31 00:00:00+09:00,32371.928204409567,33550.875513826606,32175.436986173394,32863.15625,928993,0.0,0.0
2024-08-01 00:00:00+09:00,32863.15872454751,32912.281532805435,32273.68502545249,32568.421875,445136,0.0,0.0
2024-08-02 00:00:00+09:00,32175.439739462767,32322.808165750383,31684.211651837384,31831.580078125,503964,0.0,0.0
2024-08-05 00:00:00+09:00,31585.964540735666,31684.210153615095,28540.350541473443,29129.82421875,1326564,0.0,0.0
2024-08-06 00:00:00+09:00,29473.685308848082,30357.895868113523,29178.9484557596,29424.5625,673717,0.0,0.0
2024-08-07 00:00:00+09:00,29178.948219324833,29768.421920725334,29080.70260242475,29375.439453125,504763,0.0,0.0
2024-08-08 00:00:00+09:00,29326.31510103666,30652.630859375,28982.455459985977,30652.630859375,729407,0.0,0.0
2024-08-09 00:00:00+09:00,30898.245648853997,30947.3684559269,30308.7719639792,30407.017578125,375552,0.0,0.0
2024-08-12 00:00:00+09:00,30407.017780279657,30898.245854274483,30210.526550681727,30849.123046875,363884,0.0,0.0
2024-08-13 00:00:00+09:00,30947.369474085364,30947.369474085364,30014.0361089939,30210.52734375,444429,0.0,0.0
2024-08-14 00:00:00+09:00,30505.262467025164,30554.385272930194,30014.03440797484,30259.6484375,419205,0.0,0.0
2024-08-16 00:00:00+09:00,30554.38700457317,30603.509813262193,30210.52734375,30210.52734375,364201,0.0,0.0
2024-08-19 00:00:00+09:00,30308.771484375,30652.631128444085,30014.0346466015,30308.771484375,461999,0.0,0.0
2024-08-20 00:00:00+09:00,30456.14058767914,31291.22831347034,30308.772165480692,30849.123046875,539897,0.0,0.0
2024-08-21 00:00:00+09:00,30849.12371625587,31684.211460167255,30603.50967392899,31389.474609375,528754,0.0,0.0
2024-08-22 00:00:00+09:00,31389.473165358413,31389.473165358413,30701.75387848045,31094.736328125,372641,0.0,0.0
2024-08-23 00:00:00+09:00,30996.491160818427,31782.456071393855,30947.368353907463,31585.96484375,427592,0.0,0.0
2024-08-26 00:00:00+09:00,31831.579794847326,32322.807878101143,31487.720136569656,32175.439453125,562842,0.0,0.0
2024-08-27 00:00:00+09:00,32028.069801956688,32421.05225351444,31929.82418906725,32322.806640625,325339,0.0,0.0
2024-08-28 00:00:00+09:00,32175.43877074437,32224.56157802795,31389.473854207106,31635.087890625,426309,0.0,0.0
2024-08-29 00:00:00+09:00,31389.473377263435,31782.455829560942,31340.350570726245,31536.841796875,297151,0.0,0.0
2024-08-30 00:00:00+09:00,31733.334509277345,31733.334509277345,31192.983612060547,31438.59765625,480196,0.0,0.0
2024-09-02 00:00:00+09:00,31536.842036839036,31831.57887830482,31192.982388462286,31585.96484375,288450,0.0,0.0
2024-09-03 00:00:00+09:00,31635.08716848674,31782.45558697348,31291.227525351016,31487.71875,257658,0.0,0.0
2024-09-04 00:00:00+09:00,30849.1228417811,30947.3684559269,29964.9123144689,30407.017578125,508162,0.0,0.0
2024-09-05 00:00:00+09:00,30554.385790215165,30849.122630635247,29817.54368916496,29964.912109375,413687,0.0,0.0
2024-09-06 00:00:00+09:00,29964.912384691128,30112.28080625518,29473.684312810947,29621.052734375,288918,0.0,0.0
2024-09-09 00:00:00+09:00,29326.31659962871,29768.421875,29031.579749381188,29768.421875,235370,0.0,0.0
2024-09-10 00:00:00+09:00,29670.175820574666,29768.42143587458,29277.193359375,29277.193359375,289244,0.0,0.0
2024-09-11 00:00:00+09:00,29424.5625,29473.685308848082,29031.580029215358,29424.5625,328788,0.0,0.0
2024-09-12 00:00:00+09:00,29621.053405562907,30259.6499134772,29424.56217235851,30161.404296875,435915,0.0,0.0
2024-09-13 00:00:00+09:00,30308.77145625,30799.99951875,30259.64865,30701.75390625,305469,0.0,0.0
2024-09-19 00:00:00+09:00,31045.61504313804,31242.106277588282,30259.650105337078,30603.509765625,356825,0.0,0.0
2024-09-20 00:00:00+09:00,30898.245648853997,30898.245648853997,30161.4035427605,30407.017578125,481579,0.0,0.0
2024-09-23 00:00:00+09:00,30407.017613287644,30456.14042041735,29768.421120601473,30014.03515625,324722,0.0,0.0
2024-09-24 00:00:00+09:00,30063.158401268116,30505.263671875,29915.789977732486,30505.263671875,268926,0.0,0.0
2024-09-25 00:00:00+09:00,30701.7547009038,30750.877508425245,30063.158203125,30063.158203125,274716,0.0,0.0
2024-09-26 00:00:00+09:00,30161.402800731168,30652.630859375,30112.279994866785,30652.630859375,241723,0.0,0.0
2024-09-27 00:00:00+09:00,30652.63262195122,30652.63262195122,30063.158917682926,30210.52734375,310650,0.0,0.0
2024-09-30 00:00:00+09:00,30357.894563268444,30505.262983478486,29964.912109375,29964.912109375,314239,0.0,0.0
2024-10-02 00:00:00+09:00,29719.29906662541,30161.4043419967,29473.685024752474,29768.421875,269847,0.0,0.0
2024-10-04 00:00:00+09:00,29670.175059796173,29817.543478967345,29473.68383423461,29522.806640625,236688,0.0,0.0
2024-10-07 00:00:00+09:00,29571.9296875,29768.420914659466,29277.192846760798,29571.9296875,192483,0.0,0.0
2024-10-08 00:00:00+09:00,29621.05198589124,30063.15723941201,29522.80637399774,29866.666015625,250625,0.0,0.0
2024-10-10 00:00:00+09:00,30161.40385709851,30308.772279853063,29621.052973665148,29670.17578125,346175,0.0,0.0
2024-10-11 00:00:00+09:00,29817.544729175377,30063.158771425584,29326.316644674956,29375.439453125,443433,0.0,0.0
2024-10-14 00:00:00+09:00,29424.561267130397,29621.052494289866,29277.192846760798,29571.9296875,242187,0.0,0.0
2024-10-15 00:00:00+09:00,29768.421920725334,29768.421920725334,29326.316644674956,29375.439453125,358789,0.0,0.0
2024-10-16 00:00:00+09:00,29375.438250948566,29375.438250948566,28884.210186551434,29129.82421875,582679,0.0,0.0
2024-10-17 00:00:00+09:00,29228.070276870854,29915.78957750311,29228.070276870854,29621.052734375,536478,0.0,0.0
2024-10-18 00:00:00+09:00,29768.421155939053,29768.421155939053,29228.070276870854,29621.052734375,308603,0.0,0.0
2024-10-21 00:00:00+09:00,29768.422161936563,29768.422161936563,29375.43969115192,29424.5625,206119,0.0,0.0
2024-10-22 00:00:00+09:00,29178.94681078767,29277.192422945205,28589.473137842466,28687.71875,551263,0.0,0.0
2024-10-23 00:00:00+09:00,28736.842105263157,28785.9649122807,27705.263157894737,28000.0,669920,0.0,0.0
2024-10-24 00:00:00+09:00,27999.99927662037,28098.244888117282,27852.630859375,27852.630859375,200676,0.0,0.0
2024-10-25 00:00:00+09:00,27705.262951203207,27852.631371156418,27312.280497994652,27557.89453125,361638,0.0,0.0
2024-10-28 00:00:00+09:00,27361.403742748465,28098.24585431261,27361.403742748465,28049.123046875,219677,0.0,0.0
2024-10-29 00:00:00+09:00,28049.122807017542,28098.245614035088,27656.14035087719,28000.0,169288,0.0,0.0
2024-10-30 00:00:00+09:00,28000.000760508847,28049.123568860618,27705.26391039823,27754.38671875,185467,0.0,0.0
2024-10-31 00:00:00+09:00,27607.01857918907,27607.01857918907,27361.404534890233,27410.52734375,422938,0.0,0.0
2024-11-01 00:00:00+09:00,27312.280735653916,27656.140385203515,27115.789507339858,27607.017578125,248749,0.0,0.0
2024-11-04 00:00:00+09:00,27607.017578125,27705.26319228203,27361.40354273243,27607.017578125,153045,0.0,0.0
2024-11-05 00:00:00+09:00,27705.262628424658,28687.71875,27705.262628424658,28687.71875,425319,0.0,0.0
2024-11-06 00:00:00+09:00,29129.825456832627,29129.825456832627,28049.123669226694,28982.45703125,952362,0.0,0.0
2024-11-07 00:00:00+09:00,28982.45703125,28982.45703125,27410.527158368644,28982.45703125,992916,0.0,0.0
2024-11-08 00:00:00+09:00,28343.85934495192,28982.455829326922,28343.85934495192,28736.841796875,456346,0.0,0.0
2024-11-11 00:00:00+09:00,28933.334317835364,29080.70274390244,28147.369378810974,28196.4921875,537855,0.0,0.0
2024-11-12 00:00:00+09:00,28196.4921875,28982.45712652439,27607.018483231706,28196.4921875,733162,0.0,0.0
2024-11-13 00:00:00+09:00,28442.10452835648,28933.33258584105,27754.385247878086,27852.630859375,569809,0.0,0.0
2024-11-14 00:00:00+09:00,27852.631072998047,28294.736328125,27607.01704237196,28294.736328125,525442,0.0,0.0
2024-11-15 00:00:00+09:00,28294.736807958478,28491.228035791522,27754.385931417604,28392.982421875,389520,0.0,0.0
2024-11-18 00:00:00+09:00,27950.87739502375,28785.965120358378,27852.631780278498,28442.10546875,432865,0.0,0.0
2024-11-19 00:00:00+09:00,28442.106035674777,28540.35165237832,27656.14110204646,27754.38671875,602738,0.0,0.0
2024-11-20 00:00:00+09:00,27705.263432504442,27901.754662522202,27607.017817495558,27656.140625,353797,0.0,0.0
2024-11-21 00:00:00+09:00,27705.263671875,28000.00051944814,27361.404016373006,27705.263671875,733904,0.0,0.0
2024-11-22 00:00:00+09:00,27852.63257439819,28294.73785335689,27705.264148078622,27803.509765625,742146,0.0,0.0
2024-11-25 00:00:00+09:00,27901.754989735404,28196.491838218524,26919.298828125,26919.298828125,8404423,0.0,0.0
2024-11-26 00:00:00+09:00,27164.9128685276,27410.526908930202,26624.56197964188,26919.298828125,1503053,0.0,0.0
2024-11-27 00:00:00+09:00,27066.66740182522,28343.86041897124,27066.66740182522,27754.38671875,1876273,0.0,0.0
2024-11-28 00:00:00+09:00,27754.38671875,28098.24637721239,27312.28144358407,27754.38671875,612211,0.0,0.0
2024-11-29 00:00:00+09:00,27950.878045309655,27950.878045309655,26919.299066484517,26968.421875,850643,0.0,0.0
2024-12-02 00:00:00+09:00,27115.79006044708,27263.15848468864,26870.17602004448,26919.298828125,493633,0.0,0.0
2024-12-03 00:00:00+09:00,27066.667209982013,27459.64967401079,26968.42159397482,27312.28125,688726,0.0,0.0
2024-12-04 00:00:00+09:00,26821.053544207316,26968.42197027439,25985.965796493903,26182.45703125,1496818,0.0,0.0
2024-12-05 00:00:00+09:00,26231.579444781553,26378.94786862864,25298.24609375,25298.24609375,891008,0.0,0.0
2024-12-06 00:00:00+09:00,25200.000239390807,25740.351121716925,24659.64935706469,25249.123046875,682980,0.0,0.0
2024-12-09 00:00:00+09:00,24708.772323165198,24757.89513096473,23677.193359375,23677.193359375,1114893,0.0,0.0
2024-12-10 00:00:00+09:00,23775.43908715483,25052.632095968936,23775.43908715483,24905.263671875,627854,0.0,0.0
2024-12-11 00:00:00+09:00,24708.772911806238,25101.75538356459,24708.772911806238,25003.509765625,308453,0.0,0.0
2024-12-12 00:00:00+09:00,25199.999759674072,25396.49098587036,24905.26292037964,25150.876953125,840632,0.0,0.0
2024-12-13 00:00:00+09:00,25052.632245944656,25740.3515625,25052.632245944656,25740.3515625,389810,0.0,0.0
2024-12-16 00:00:00+09:00,25887.720276233074,25985.96589397969,25396.4921875,25396.4921875,286405,0.0,0.0
2024-12-17 00:00:00+09:00,25445.614757449126,25642.10599109738,25347.369140625,25347.369140625,354091,0.0,0.0
2024-12-18 00:00:00+09:00,25396.491194067898,25740.350842730328,25199.9999662608,25592.982421875,277744,0.0,0.0
2024-12-19 00:00:00+09:00,25150.87814313346,25592.98342299323,25003.50971651354,25396.4921875,233331,0.0,0.0
2024-12-20 00:00:00+09:00,25494.73756586119,25789.474416333574,25101.755098564678,25347.369140625,421577,0.0,0.0
2024-12-23 00:00:00+09:00,25445.614239104405,25740.351083572798,25347.368624281607,25642.10546875,271230,0.0,0.0
2024-12-24 00:00:00+09:00,25543.859375,25740.350600961538,25494.736568509616,25543.859375,159365,0.0,0.0
2024-12-26 00:00:00+09:00,25740.351365291262,25789.47417324029,25249.123285800968,25298.24609375,238775,0.0,0.0
2024-12-27 00:00:00+09:00,25150.876470588235,25396.490498621322,24757.894025735295,25052.630859375,315440,0.0,0.0
2024-12-30 00:00:00+09:00,24954.38671875,25445.614803764765,24954.38671875,24954.38671875,306313,0.0,0.0
2025-01-02 00:00:00+09:00,25052.632574594794,25298.246619443762,24905.26414768541,25003.509765625,205910,0.0,0.0
2025-01-03 00:00:00+09:00,24856.141289893618,25494.737805246616,24807.01848102031,25396.4921875,300216,0.0,0.0
2025-01-06 00:00:00+09:00,25445.61328125,25543.858892374516,25150.876447876446,25445.61328125,309505,0.0,0.0
2025-01-07 00:00:00+09:00,25494.737520873092,25936.842795801527,25396.491904222326,25740.3515625,501765,0.0,0.0
2025-01-08 00:00:00+09:00,25592.981697936775,25789.47292018581,25396.49047568774,25445.61328125,375211,0.0,0.0
2025-01-09 00:00:00+09:00,25347.368700592888,25445.614315711464,24757.895009881424,24856.140625,777825,0.0,0.0
2025-01-10 00:00:00+09:00,24905.264005335364,26231.579839939022,24905.264005335364,26182.45703125,951497,0.0,0.0
2025-01-13 00:00:00+09:00,26084.211462053572,26084.211462053572,25445.614947916667,25789.474609375,402173,0.0,0.0
2025-01-14 00:00:00+09:00,25789.473649682102,25789.473649682102,25298.24558016435,25592.982421875,511401,0.0,0.0
2025-01-15 00:00:00+09:00,25789.47292018581,25985.964142434845,25298.244864563225,25445.61328125,406823,0.0,0.0
2025-01-16 00:00:00+09:00,25740.350776885476,26378.947265625,25592.982356407123,26378.947265625,759420,0.0,0.0
2025-01-17 00:00:00+09:00,26378.948025581532,26378.948025581532,25740.35151844455,26133.333984375,508588,0.0,0.0
2025-01-20 00:00:00+09:00,25936.84155597723,26035.087167931688,25642.10472011385,25887.71875,378379,0.0,0.0
2025-01-21 00:00:00+09:00,25887.719505806992,26035.087928041186,25396.491431693008,25642.10546875,555259,0.0,0.0
2025-01-22 00:00:00+09:00,25740.35065630492,27950.876953125,25396.491010132908,27950.876953125,3258966,0.0,0.0
2025-01-23 00:00:00+09:00,28491.22796980219,30063.15778882576,28442.1051629577,29178.947265625,3642136,0.0,0.0
2025-01-24 00:00:00+09:00,29473.684895833332,30947.369140625,29178.948046874997,30947.369140625,2539185,0.0,0.0
2025-01-31 00:00:00+09:00,30063.158401268116,30800.000518946254,29621.053130661232,30505.263671875,2004842,0.0,0.0
2025-02-03 00:00:00+09:00,30112.280019784903,30505.262467025164,29277.19231939935,30259.6484375,1335046,0.0,0.0
2025-02-04 00:00:00+09:00,30554.385757989483,31045.613824838187,30112.280497825646,30357.89453125,929053,0.0,0.0
2025-02-05 00:00:00+09:00,30308.771513238917,30505.262738608377,29670.175030788178,29915.7890625,692117,0.0,0.0
2025-02-06 00:00:00+09:00,30210.527482817444,31242.106470035604,29964.913438241692,31045.615234375,1216620,0.0,0.0
2025-02-07 00:00:00+09:00,31045.615137924382,32224.562548225305,30750.87828534915,31831.580078125,1592325,0.0,0.0
2025-02-10 00:00:00+09:00,31585.966082763673,32175.43978881836,31143.860803222655,31438.59765625,959930,0.0,0.0
2025-02-11 00:00:00+09:00,31635.08832664373,32421.05325401376,31536.842710722478,32126.31640625,752967,0.0,0.0
2025-02-12 00:00:00+09:00,31487.71994424826,32077.19364055244,31045.614672020125,31733.333984375,648044,0.0,0.0
2025-02-13 00:00:00+09:00,32421.052430555555,33599.99979166667,32421.052430555555,33157.89453125,1966180,0.0,0.0
2025-02-14 00:00:00+09:00,33796.49313583815,34385.9668533237,33207.019418352604,33992.984375,1532263,0.0,0.0
2025-02-17 00:00:00+09:00,34287.71929824561,34484.21052631579,33354.38596491228,33600.0,936671,0.0,0.0
2025-02-18 00:00:00+09:00,33845.61563027871,36891.22980891047,33600.00158361486,36350.87890625,2889194,0.0,0.0
2025-02-19 00:00:00+09:00,36743.861489986186,36743.861489986186,35319.300015107045,35564.9140625,1333552,0.0,0.0
2025-02-20 00:00:00+09:00,35515.790585554,35515.790585554,34140.351946002804,35024.5625,1166312,0.0,0.0
2025-02-21 00:00:00+09:00,35073.68559667139,35270.17683250708,34385.96627124646,34680.703125,582188,0.0,0.0
2025-02-24 00:00:00+09:00,34680.703125,35073.68559667139,33796.492563739375,34680.703125,713061,0.0,0.0
2025-02-25 00:00:00+09:00,34582.4553701016,35663.15710041727,32470.174715393685,33845.61328125,3262793,0.0,0.0
2025-02-26 00:00:00+09:00,33992.98091989437,35221.051039832746,33943.85811509683,34877.19140625,1133838,0.0,0.0
2025-02-27 00:00:00+09:00,34828.06934840426,35270.17460106383,34336.841289893615,34631.578125,564298,0.0,0.0
2025-02-28 00:00:00+09:00,34238.59706156717,34287.71986940299,32912.28125,32912.28125,1098638,0.0,0.0
2025-03-04 00:00:00+09:00,32568.42040354793,33108.7712699718,32126.315149201127,32666.666015625,732153,0.0,0.0
2025-03-05 00:00:00+09:00,33108.77114361702,34778.94654255319,33010.52553191489,34631.578125,1075181,0.0,0.0
2025-03-06 00:00:00+09:00,34778.94654255319,35073.683377659574,34484.209707446804,34631.578125,762523,0.0,0.0
2025-03-07 00:00:00+09:00,34582.4572230014,35859.6502454418,34189.47475455821,35024.5625,1163254,0.0,0.0
2025-03-10 00:00:00+09:00,35024.56174377612,35417.54420373433,34287.719631354455,35270.17578125,690379,0.0,0.0
2025-03-11 00:00:00+09:00,34385.96392463236,35073.683203125,33280.700798483456,33403.5078125,1158249,0.0,0.0
2025-03-12 00:00:00+09:00,33747.36995780787,34385.966478115726,32863.159391227746,33108.7734375,1013232,0.0,0.0
2025-03-13 00:00:00+09:00,33207.01822513545,33305.26384118615,31684.21117634965,31733.333984375,1688948,0.0,0.0
2025-03-14 00:00:00+09:00,31929.82469804448,32421.052770322083,31782.456276361194,32028.0703125,593839,0.0,0.0
2025-03-17 00:00:00+09:00,32126.3156534522,32421.05249430956,31094.73671045144,32371.9296875,578450,0.0,0.0
2025-03-18 00:00:00+09:00,32371.92868037444,33010.525149031295,32322.805875093145,32961.40234375,519464,0.0,0.0
2025-03-19 00:00:00+09:00,33157.89672129253,33600.00201090976,33108.77391133506,33207.01953125,537446,0.0,0.0
2025-03-20 00:00:00+09:00,33501.75514313328,33600.00075938881,32814.035829344626,33354.38671875,312659,0.0,0.0
2025-03-21 00:00:00+09:00,32961.40350877193,33845.61403508772,32715.78947368421,33600.0,669445,0.0,0.0
2025-03-24 00:00:00+09:00,33700.0,33850.0,33200.0,33350.0,320296,600.0,0.0
2025-03-25 00:00:00+09:00,33800.0,35500.0,33750.0,34850.0,1156303,0.0,0.0
2025-03-26 00:00:00+09:00,34950.0,35000.0,34000.0,34450.0,381563,0.0,0.0
2025-03-27 00:00:00+09:00,34200.0,35100.0,34050.0,34700.0,467266,0.0,0.0
2025-03-28 00:00:00+09:00,35000.0,35000.0,33950.0,34700.0,539619,0.0,0.0
2025-03-31 00:00:00+09:00,34550.0,36200.0,34250.0,35950.0,1563739,0.0,0.0
