Date,Open,High,Low,Close,Volume,Dividends,Stock Splits
2020-02-21 00:00:00+09:00,14497.871742124747,14744.644253778864,14343.639366259411,14528.71875,1072485,0.0,0.0
2020-02-24 00:00:00+09:00,14066.020844069115,14096.866964347524,13603.32282503409,13634.1689453125,2407568,0.0,0.0
2020-02-25 00:00:00+09:00,13572.475130193034,13973.480000544638,13387.395754376077,13850.09375,1899635,0.0,0.0
2020-02-26 00:00:00+09:00,13510.782189998046,15022.263335956402,13387.395937763204,14158.5595703125,4296926,0.0,0.0
2020-02-27 00:00:00+09:00,14004.32719893742,14621.257572274688,13788.40170144492,14158.5595703125,1540870,0.0,0.0
2020-02-28 00:00:00+09:00,14035.17331096932,14035.17331096932,13572.475309241472,13757.5546875,1648033,0.0,0.0
2020-03-02 00:00:00+09:00,13572.475309241472,13942.63406575853,13264.010566647541,13757.5546875,1462757,0.0,0.0
2020-03-03 00:00:00+09:00,13942.633315848474,14281.945047153953,13757.553947544513,13819.2470703125,1489354,0.0,0.0
2020-03-04 00:00:00+09:00,13757.553753103944,15022.262308054638,13634.167509311834,14806.3359375,2150956,0.0,0.0
2020-03-05 00:00:00+09:00,15022.26294750251,15762.578666094181,14898.876698458256,15484.9609375,3267011,0.0,0.0
2020-03-06 00:00:00+09:00,15114.802063337978,15145.649069258257,14497.87082330158,14682.9501953125,2240258,0.0,0.0
2020-03-09 00:00:00+09:00,14682.9501953125,14682.9501953125,14682.9501953125,14682.9501953125,0,0.0,0.0
2020-03-10 00:00:00+09:00,14127.713862480547,14682.951125865335,14096.866854605294,14528.71875,1792129,0.0,0.0
2020-03-11 00:00:00+09:00,14590.41198335951,14775.49136843768,13942.634579504407,14035.173828125,1652788,0.0,0.0
2020-03-12 00:00:00+09:00,14035.173828125,14035.173828125,14035.173828125,14035.173828125,0,0.0,0.0
2020-03-13 00:00:00+09:00,11906.762707819926,13048.084211269017,11875.915700787815,12708.7724609375,2651184,0.0,0.0
2020-03-16 00:00:00+09:00,13048.084012210535,13387.39575736559,12276.921277889747,12400.306640625,1587616,0.0,0.0
2020-03-17 00:00:00+09:00,11536.6031950011,12955.544117474408,11536.6031950011,12215.2275390625,1924618,0.0,0.0
2020-03-18 00:00:00+09:00,12215.228566637552,12369.460941162011,11043.060034308144,11166.4462890625,2102070,0.0,0.0
2020-03-19 00:00:00+09:00,11012.212491069326,11166.445745928879,7927.558935758262,8390.2578125,7709167,0.0,0.0
2020-03-20 00:00:00+09:00,8390.258103601709,10086.81686322386,7896.713091466571,9408.193359375,11468349,0.0,0.0
2020-03-23 00:00:00+09:00,8575.336861278802,9654.966164890553,8359.411355691245,8822.109375,4932463,0.0,0.0
2020-03-24 00:00:00+09:00,9038.034551927432,9377.347189873768,8945.495306565583,9253.9609375,3949440,0.0,0.0
2020-03-25 00:00:00+09:00,10179.35691939356,11166.446048309392,10179.35691939356,10703.748046875,6726669,0.0,0.0
2020-03-26 00:00:00+09:00,11413.216973926574,12461.999165416588,10796.286638629992,11320.677734375,7310628,0.0,0.0
2020-03-27 00:00:00+09:00,12215.228029804146,12400.306515964903,11166.445798320854,11690.8369140625,3881250,0.0,0.0
2020-03-30 00:00:00+09:00,11104.753476154867,11659.990750435963,10827.13483901432,11536.6044921875,2166565,0.0,0.0
2020-03-31 00:00:00+09:00,11814.224017165041,11906.763266932892,11444.065242419647,11536.6044921875,1933707,0.0,0.0
2020-04-01 00:00:00+09:00,11351.524943212567,13665.014851898533,11104.752449529555,11629.1435546875,8144985,0.0,0.0
2020-04-02 00:00:00+09:00,11536.603249747022,12122.687469390086,11043.059157742646,11721.6826171875,2866666,0.0,0.0
2020-04-03 00:00:00+09:00,11721.683310024888,11906.762688404915,11413.217679391513,11505.7578125,1767541,0.0,0.0
2020-04-06 00:00:00+09:00,11505.75837154388,11567.451500668112,11043.060347030636,11536.6044921875,3275445,0.0,0.0
2020-04-07 00:00:00+09:00,11999.302126327038,12091.842260921272,11629.144251460997,11814.2236328125,3512878,0.0,0.0
2020-04-08 00:00:00+09:00,11814.222982341182,11968.455347723844,11536.60348168071,11783.3759765625,2287211,0.0,0.0
2020-04-09 00:00:00+09:00,12030.148954161816,12523.693075892259,11906.762701769967,12307.767578125,3942513,0.0,0.0
2020-04-10 00:00:00+09:00,12492.846913082036,12770.465536075648,12338.61454204935,12554.5400390625,2674278,0.0,0.0
2020-04-13 00:00:00+09:00,12554.540128549113,12554.540128549113,12030.148997895876,12060.9951171875,2074763,0.0,0.0
2020-04-14 00:00:00+09:00,11999.301665832161,12153.534921624583,11845.069297876671,12091.841796875,1611698,0.0,0.0
2020-04-16 00:00:00+09:00,12091.841796875,12431.15353907924,11752.530054670762,12091.841796875,1868863,0.0,0.0
2020-04-17 00:00:00+09:00,12276.921201323528,13973.479916518056,12246.074194954394,12893.8515625,15905414,0.0,0.0
2020-04-20 00:00:00+09:00,13202.317512042753,13479.936137015184,11721.683365794868,12060.9951171875,10037431,0.0,0.0
2020-04-21 00:00:00+09:00,11228.139369117891,12153.53538803844,10950.519853172154,11814.2236328125,5888501,0.0,0.0
2020-04-22 00:00:00+09:00,11937.608161852235,12246.073775800904,11845.068921586084,11875.9150390625,3319459,0.0,0.0
2020-04-23 00:00:00+09:00,12276.92098904538,12431.15335471346,12030.14849370692,12184.380859375,2651562,0.0,0.0
2020-04-24 00:00:00+09:00,12400.306017787807,12492.846144987354,12060.994289675555,12215.2275390625,3572234,0.0,0.0
2020-04-27 00:00:00+09:00,12801.312003243083,12893.851244393576,12215.227775058202,12276.9208984375,3654424,0.0,0.0
2020-04-28 00:00:00+09:00,12307.766538227565,12338.613542637704,12060.99405429396,12153.5341796875,1743605,0.0,0.0
2020-04-29 00:00:00+09:00,12276.9206612499,12307.766778425153,12184.380534050353,12215.2275390625,1762106,0.0,0.0
2020-05-04 00:00:00+09:00,11598.296605401158,11999.301465665609,11536.60348168071,11783.3759765625,2069750,0.0,0.0
2020-05-06 00:00:00+09:00,11721.683546383185,11906.762928495187,11413.217909529849,11567.451171875,2198714,0.0,0.0
2020-05-07 00:00:00+09:00,11567.45112434383,12400.307008670146,11536.604116866763,11814.2236328125,3608938,0.0,0.0
2020-05-08 00:00:00+09:00,11968.455585833133,11999.301704388574,11814.22321738206,11845.0693359375,1270202,0.0,0.0
2020-05-11 00:00:00+09:00,11845.069042741681,11845.069042741681,11567.450431266747,11629.1435546875,1318411,0.0,0.0
2020-05-12 00:00:00+09:00,11413.217392565599,11536.603641718126,11258.985025043405,11289.83203125,1906227,0.0,0.0
2020-05-13 00:00:00+09:00,11228.138671875,11444.064159458103,10950.519173168828,11228.138671875,1637775,0.0,0.0
2020-05-14 00:00:00+09:00,10796.287352699477,11659.990234375,10611.207973518232,11659.990234375,2711442,0.0,0.0
2020-05-15 00:00:00+09:00,11536.603400468886,11536.603400468886,11135.598543027307,11228.138671875,1486278,0.0,0.0
2020-05-18 00:00:00+09:00,11166.446617890451,11228.139747084359,10888.827092599367,11135.599609375,1081547,0.0,0.0
2020-05-19 00:00:00+09:00,12461.999414487706,12461.999414487706,11752.529825459773,12030.1484375,6315567,0.0,0.0
2020-05-20 00:00:00+09:00,11721.683048377507,12246.074164830492,11629.143805171598,12091.841796875,2190255,0.0,0.0
2020-05-21 00:00:00+09:00,12307.767396614327,12554.539897758708,12153.535027317555,12400.306640625,3722466,0.0,0.0
2020-05-22 00:00:00+09:00,12400.306532785982,12431.15353907924,11968.455547375836,12091.841796875,1794678,0.0,0.0
2020-05-25 00:00:00+09:00,12184.38189123695,12184.38189123695,11783.376996270405,11937.609375,1295124,0.0,0.0
2020-05-26 00:00:00+09:00,12091.841812224635,12523.692798182983,12060.99480589222,12492.8466796875,3383405,0.0,0.0
2020-05-27 00:00:00+09:00,13171.469757298952,13202.316762676646,12677.925661787953,12924.697265625,5024940,0.0,0.0
2020-05-28 00:00:00+09:00,13264.011489754703,13572.4762538162,12924.698828747838,13202.318359375,4666903,0.0,0.0
2020-05-29 00:00:00+09:00,13140.62458443404,13140.62458443404,12708.77269295891,12770.4658203125,2006978,0.0,0.0
2020-06-01 00:00:00+09:00,12770.465637028738,12986.391135748821,12616.233264776814,12863.0048828125,1679662,0.0,0.0
2020-06-02 00:00:00+09:00,12955.544182191921,13202.316672174236,12863.004054530104,13017.2373046875,2023419,0.0,0.0
2020-06-03 00:00:00+09:00,13078.930877954557,13850.093603972433,13078.930877954557,13788.4013671875,5231224,0.0,0.0
2020-06-04 00:00:00+09:00,14374.48549108686,14868.030514559528,13572.475715780747,14127.7138671875,5376472,0.0,0.0
2020-06-05 00:00:00+09:00,14937.728749012073,16427.867174595736,14937.728749012073,14974.0732421875,9446022,0.0,0.0
2020-06-08 00:00:00+09:00,15664.625184494453,15700.96967643852,15010.417226805934,15046.76171875,2959857,0.0,0.0
2020-06-09 00:00:00+09:00,15410.21046958409,15482.901230467045,15083.106484795455,15337.521484375,2214516,0.0,0.0
2020-06-10 00:00:00+09:00,15192.141462200098,15192.141462200098,14719.658627742656,15046.76171875,1801070,0.0,0.0
2020-06-11 00:00:00+09:00,15046.761430007537,15046.761430007537,14574.279492453785,14865.0380859375,2610094,0.0,0.0
2020-06-12 00:00:00+09:00,13920.072825425124,14501.590028696213,13883.727445322605,14392.5556640625,2207791,0.0,0.0
2020-06-15 00:00:00+09:00,14501.58954193773,14501.58954193773,13702.002748401119,13811.037109375,1640084,0.0,0.0
2020-06-16 00:00:00+09:00,13956.417953030905,14392.556319257077,13956.417953030905,14356.2109375,1089274,0.0,0.0
2020-06-17 00:00:00+09:00,14174.485954567333,14319.865698355965,13920.072734692601,13992.76171875,1029564,0.0,0.0
2020-06-18 00:00:00+09:00,13992.76204117191,14247.176154745783,13811.03780116728,14029.107421875,945268,0.0,0.0
2020-06-19 00:00:00+09:00,14138.1416015625,14138.1416015625,13811.03761874004,14138.1416015625,1071118,0.0,0.0
2020-06-22 00:00:00+09:00,13992.761340277098,13992.761340277098,13811.037109375,13811.037109375,940878,0.0,0.0
2020-06-23 00:00:00+09:00,13883.728305880553,13883.728305880553,13447.5908203125,13447.5908203125,1680133,0.0,0.0
2020-06-24 00:00:00+09:00,13265.866076441025,13338.555062762092,12866.072212490428,13120.486328125,2414979,0.0,0.0
2020-06-25 00:00:00+09:00,12829.727304485348,12938.761668278308,12757.037432677736,12793.3828125,1302076,0.0,0.0
2020-06-26 00:00:00+09:00,12866.072079124175,13011.451825933233,12829.727586340377,12975.1064453125,881752,0.0,0.0
2020-06-29 00:00:00+09:00,12538.967834008674,12866.070902663676,12538.967834008674,12684.3466796875,997196,0.0,0.0
2020-06-30 00:00:00+09:00,13011.452161982535,13084.14203726444,12538.969304405595,12611.6591796875,1724354,0.0,0.0
2020-07-01 00:00:00+09:00,12866.072031712367,12975.106397498897,12720.69317327597,12829.7275390625,779237,0.0,0.0
2020-07-02 00:00:00+09:00,12866.071612883852,13047.795845891389,12866.071612883852,12902.4169921875,654784,0.0,0.0
2020-07-03 00:00:00+09:00,13084.141462932323,13120.485955059445,12829.727354531717,12938.76171875,889665,0.0,0.0
2020-07-06 00:00:00+09:00,12902.4169921875,12902.4169921875,12648.002888409568,12902.4169921875,1024214,0.0,0.0
2020-07-07 00:00:00+09:00,13011.45226666771,13011.45226666771,12502.6240234375,12502.6240234375,1897751,0.0,0.0
2020-07-08 00:00:00+09:00,12284.555109209401,12429.934858878201,12139.176247377552,12211.865234375,1703572,0.0,0.0
2020-07-09 00:00:00+09:00,12211.86518000577,12466.279296875,12139.176193331947,12466.279296875,1215938,0.0,0.0
2020-07-10 00:00:00+09:00,12538.968410901025,12575.312902033655,12030.140208022845,12102.830078125,1297633,0.0,0.0
2020-07-13 00:00:00+09:00,12357.245308697715,12357.245308697715,12139.176566302287,12248.2109375,958561,0.0,0.0
2020-07-14 00:00:00+09:00,12320.899735460218,12502.623980585739,12248.21074767958,12357.2451171875,959384,0.0,0.0
2020-07-15 00:00:00+09:00,12757.037852556574,12793.38323357509,12466.279243593155,12720.693359375,1747811,0.0,0.0
2020-07-16 00:00:00+09:00,13229.5205078125,13374.900254066639,12938.761903141152,13229.5205078125,2877073,0.0,0.0
2020-07-17 00:00:00+09:00,13193.175457069518,13229.519948177141,12902.416864697845,13156.830078125,1041713,0.0,0.0
2020-07-20 00:00:00+09:00,13156.830821285534,13193.176202283012,12793.38322616936,13120.486328125,1123104,0.0,0.0
2020-07-21 00:00:00+09:00,13265.865793764151,14174.486093948584,13229.52041354114,14138.1416015625,4629747,0.0,0.0
2020-07-22 00:00:00+09:00,14101.797157639208,14101.797157639208,13629.313427974805,13883.7275390625,1851983,0.0,0.0
2020-07-23 00:00:00+09:00,13883.72777963017,13956.417653748593,13374.900436475098,13520.279296875,1662200,0.0,0.0
2020-07-24 00:00:00+09:00,13556.624631379622,13556.624631379622,13156.83076901729,13374.900390625,1026077,0.0,0.0
2020-07-27 00:00:00+09:00,12248.210105698285,12938.761668278308,12248.210105698285,12793.3828125,4118800,0.0,0.0
2020-07-28 00:00:00+09:00,12829.72694141704,14101.79655462276,12575.312841208519,13011.451171875,6777326,0.0,0.0
2020-07-29 00:00:00+09:00,12684.347978356482,13120.486335720081,12466.279243593155,12720.693359375,5364887,0.0,0.0
2020-07-30 00:00:00+09:00,12720.693782870068,12829.728153881686,12575.314029629932,12648.00390625,2325127,0.0,0.0
2020-07-31 00:00:00+09:00,12648.00390625,12720.693782870068,12429.935164226768,12648.00390625,2168700,0.0,0.0
2020-08-03 00:00:00+09:00,12611.659045896546,12611.659045896546,12357.244929027316,12466.279296875,2174390,0.0,0.0
2020-08-04 00:00:00+09:00,12429.934935401217,12648.003673409972,12393.589553841786,12611.6591796875,1471502,0.0,0.0
2020-08-05 00:00:00+09:00,12648.004099237802,12720.693976966999,12429.935353887196,12538.9697265625,1764753,0.0,0.0
2020-08-06 00:00:00+09:00,12648.002763433795,13229.519948177141,12611.658272326173,13156.830078125,7051065,0.0,0.0
2020-08-07 00:00:00+09:00,14901.383983413281,15228.486191686023,13702.003300833707,13883.7275390625,19817013,0.0,0.0
2020-08-10 00:00:00+09:00,13811.037715439128,13883.727588557165,13338.55487192728,13629.3134765625,4779127,0.0,0.0
2020-08-11 00:00:00+09:00,14065.451727770525,14210.831472976486,13702.003252592547,13738.3486328125,4543683,0.0,0.0
2020-08-12 00:00:00+09:00,13992.761443297333,14610.624010480793,13847.382590207453,14210.8310546875,11147695,0.0,0.0
2020-08-13 00:00:00+09:00,14428.899594765171,14610.623824694418,14319.865234375,14319.865234375,5702148,0.0,0.0
2020-08-14 00:00:00+09:00,14428.900442541537,14428.900442541537,13811.037846911931,14174.486328125,2703568,0.0,0.0
2020-08-18 00:00:00+09:00,13702.00267596486,13774.6925455088,13156.829986140647,13265.865234375,4007263,0.0,0.0
2020-08-19 00:00:00+09:00,13084.141782984992,13520.279250526532,13084.141782984992,13374.900390625,1988267,0.0,0.0
2020-08-20 00:00:00+09:00,13229.51993239493,13265.86531129609,12757.037109375,12757.037109375,2759278,0.0,0.0
2020-08-21 00:00:00+09:00,12757.037071666478,13120.4855325824,12757.037071666478,13011.451171875,1335972,0.0,0.0
2020-08-24 00:00:00+09:00,12829.727121417105,13047.795845891389,12575.313017639173,12902.4169921875,1648617,0.0,0.0
2020-08-25 00:00:00+09:00,13374.900254066639,13556.624492965848,13156.83063468543,13229.5205078125,1708539,0.0,0.0
2020-08-26 00:00:00+09:00,13338.554824821767,13374.900205170898,12938.761855839837,13084.1416015625,1704493,0.0,0.0
2020-08-27 00:00:00+09:00,13011.451354424642,13047.795845891389,12793.38262995036,12902.4169921875,1389832,0.0,0.0
2020-08-28 00:00:00+09:00,13047.796082968283,13156.830447186565,12866.071846658839,12938.76171875,1611007,0.0,0.0
2020-08-31 00:00:00+09:00,12975.106397498897,13156.830636422093,12829.7275390625,12829.7275390625,1752604,0.0,0.0
2020-09-01 00:00:00+09:00,12938.761535761256,13193.175640563764,12902.417044148142,13047.7958984375,1380123,0.0,0.0
2020-09-02 00:00:00+09:00,13084.141466859943,13374.900067474951,13011.45159474696,13338.5546875,2023172,0.0,0.0
2020-09-03 00:00:00+09:00,13592.969686222857,13665.659563096526,13374.900943438832,13447.5908203125,2302876,0.0,0.0
2020-09-04 00:00:00+09:00,13156.83081411983,13738.34891923027,13120.486320979091,13520.279296875,2607381,0.0,0.0
2020-09-07 00:00:00+09:00,13556.625231936296,13702.004098278092,13374.900983131314,13592.9697265625,2225656,0.0,0.0
2020-09-08 00:00:00+09:00,13592.968983921946,13665.658857039984,13447.590125522802,13629.3134765625,1683277,0.0,0.0
2020-09-09 00:00:00+09:00,13556.624631379622,13592.96912439577,13374.900390625,13374.900390625,1671209,0.0,0.0
2020-09-10 00:00:00+09:00,13411.24469745242,13483.9345703125,13338.554824592338,13483.9345703125,1460877,0.0,0.0
2020-09-11 00:00:00+09:00,13338.555431665713,13411.245307834104,13156.831185163217,13302.2109375,1107603,0.0,0.0
2020-09-14 00:00:00+09:00,13447.590630149845,13629.313988008795,13338.555372462724,13556.625,1719094,0.0,0.0
2020-09-15 00:00:00+09:00,13702.003618554218,13992.762228894979,13592.969250656051,13920.0732421875,3419984,0.0,0.0
2020-09-16 00:00:00+09:00,13992.761483605442,14101.796733533067,13811.037250841935,13956.4169921875,2285074,0.0,0.0
2020-09-17 00:00:00+09:00,13956.417362784516,14283.520457742541,13738.3486328125,13738.3486328125,2082924,0.0,0.0
2020-09-18 00:00:00+09:00,13738.349054521752,13774.693548020403,13556.624811354597,13665.6591796875,1358024,0.0,0.0
2020-09-21 00:00:00+09:00,13665.659412133149,13920.073534462006,13665.659412133149,13702.00390625,1326967,0.0,0.0
2020-09-22 00:00:00+09:00,13520.279250526532,13592.96912439577,13374.900390625,13374.900390625,1597898,0.0,0.0
2020-09-23 00:00:00+09:00,13520.279062824076,13702.003301055815,13374.900204940843,13483.9345703125,1339585,0.0,0.0
2020-09-24 00:00:00+09:00,13374.900205170898,13411.2446976831,13084.1416015625,13084.1416015625,1544340,0.0,0.0
2020-09-25 00:00:00+09:00,13156.830451136006,13520.278923863994,13156.830451136006,13338.5546875,1119556,0.0,0.0
2020-09-28 00:00:00+09:00,13483.934936520343,13738.349054521752,13447.590443021694,13665.6591796875,1208815,0.0,0.0
2020-09-29 00:00:00+09:00,13920.073534462006,13920.073534462006,13665.659412133149,13702.00390625,1153651,0.0,0.0
2020-10-05 00:00:00+09:00,13774.693308301128,14101.79729544424,13702.003434731889,14029.107421875,2341547,0.0,0.0
2020-10-06 00:00:00+09:00,14029.10719005884,14537.93452096181,14029.10719005884,14392.5556640625,5155957,0.0,0.0
2020-10-07 00:00:00+09:00,14210.832073982585,14392.556319257077,14029.107828708095,14356.2109375,2241176,0.0,0.0
2020-10-08 00:00:00+09:00,14610.625058451682,14646.969552371795,14283.521061822812,14356.2109375,2906444,0.0,0.0
2020-10-12 00:00:00+09:00,14465.244294526263,15192.141224741246,14465.244294526263,15010.4169921875,6083254,0.0,0.0
2020-10-13 00:00:00+09:00,15155.796679421215,15155.796679421215,14465.244243040104,14865.0380859375,3189623,0.0,0.0
2020-10-14 00:00:00+09:00,14683.314173329956,15010.417265173395,14610.62430141911,14901.3837890625,2110221,0.0,0.0
2020-10-15 00:00:00+09:00,14901.383750973733,15192.141462200098,14865.038371192752,15046.76171875,2171631,0.0,0.0
2020-10-16 00:00:00+09:00,15046.76185438819,15046.76185438819,14719.658760432194,14792.3486328125,1330398,0.0,0.0
2020-10-19 00:00:00+09:00,14792.348769520811,15083.106486055327,14501.590165149366,14937.728515625,1692171,0.0,0.0
2020-10-20 00:00:00+09:00,14719.658345277192,14901.383465021025,14574.279492453785,14865.0380859375,1188054,0.0,0.0
2020-10-21 00:00:00+09:00,15046.761356043382,15482.900575880407,14865.038012866627,15264.830078125,3141597,0.0,0.0
2020-10-22 00:00:00+09:00,15301.176344866759,15410.209818070676,15046.761356043382,15264.830078125,1659331,0.0,0.0
2020-10-23 00:00:00+09:00,15519.24497344476,15664.624712514522,15301.176252677007,15373.865234375,1797351,0.0,0.0
2020-10-26 00:00:00+09:00,15410.21010113391,15628.278827221135,15119.452391575549,15555.58984375,2071257,0.0,0.0
2020-10-27 00:00:00+09:00,15337.521444226064,15410.210429244878,14937.728475274871,15083.1064453125,2004651,0.0,0.0
2020-10-28 00:00:00+09:00,14974.072408159282,15192.141130739714,14719.658306590847,15119.4521484375,1283281,0.0,0.0
2020-10-29 00:00:00+09:00,14719.659412368605,14974.073533049264,14537.935167287698,14756.00390625,2099322,0.0,0.0
2020-10-30 00:00:00+09:00,14865.039314156173,14901.384696242723,14465.24543822595,14501.5908203125,1564448,0.0,0.0
2020-11-02 00:00:00+09:00,14501.590630838904,14756.003862935808,14428.90075545252,14610.625,1244675,0.0,0.0
2020-11-03 00:00:00+09:00,14646.96852708001,15046.761483563489,14646.96852708001,15010.4169921875,1179657,0.0,0.0
2020-11-04 00:00:00+09:00,15192.142031861687,15192.142031861687,14610.624811929909,14719.6591796875,1872942,0.0,0.0
2020-11-05 00:00:00+09:00,14756.003157403888,14937.728281099466,14719.658665366922,14901.3837890625,1463183,0.0,0.0
2020-11-06 00:00:00+09:00,15228.48562189082,15373.86536216904,15010.416899310389,15119.4521484375,2374465,0.0,0.0
2020-11-09 00:00:00+09:00,15264.831569346214,15991.728564411362,15192.142580109283,15846.3505859375,6410240,0.0,0.0
2020-11-10 00:00:00+09:00,18208.763311259234,19589.868256558322,17445.521852298745,17627.24609375,23518547,0.0,0.0
2020-11-11 00:00:00+09:00,18099.728905985565,18862.970325905997,17808.96942426645,18681.24609375,16184094,0.0,0.0
2020-11-12 00:00:00+09:00,18317.797420734532,18572.210632584756,17554.556009510074,17881.658203125,8815601,0.0,0.0
2020-11-13 00:00:00+09:00,18172.41920978615,19044.695942687715,17409.177734375,17409.177734375,12370398,0.0,0.0
2020-11-16 00:00:00+09:00,17590.900640623815,21915.93593059871,17590.900640623815,19589.8671875,93190091,0.0,0.0
2020-11-17 00:00:00+09:00,19880.625559447977,21080.004462402696,17627.24572310358,17845.314453125,36699933,0.0,0.0
2020-11-18 00:00:00+09:00,17445.521014068352,18245.106927765446,16791.314841681768,17372.83203125,10263272,0.0,0.0
2020-11-19 00:00:00+09:00,17154.763390280503,17300.14135662194,16500.555439048778,16864.00390625,7599796,0.0,0.0
2020-11-20 00:00:00+09:00,16718.624173883534,17736.280592903797,16573.24443178438,17263.796875,7412659,0.0,0.0
2020-11-23 00:00:00+09:00,17154.76295141075,17736.280128921004,16900.3479654743,17590.900390625,4494833,0.0,0.0
2020-11-24 00:00:00+09:00,17954.351070397963,18463.179329565133,17881.660304417517,18281.455078125,7592017,0.0,0.0
2020-11-25 00:00:00+09:00,18717.591427838448,19008.349146975637,17881.659212012037,18535.8671875,7495582,0.0,0.0
2020-11-26 00:00:00+09:00,18390.48828125,18463.17904611448,18027.039783949473,18390.48828125,2727053,0.0,0.0
2020-11-27 00:00:00+09:00,18499.522793177177,18717.591527610937,18354.143044996712,18426.83203125,3417517,0.0,0.0
2020-11-30 00:00:00+09:00,18499.522694567084,19044.695415582428,18245.107692688933,18535.8671875,5117088,0.0,0.0
2020-12-01 00:00:00+09:00,18862.97080223741,20643.86690179869,18463.177836533323,19153.728515625,19461267,0.0,0.0
2020-12-02 00:00:00+09:00,19698.900444561936,19698.900444561936,18572.210576564892,18790.279296875,8025631,0.0,0.0
2020-12-03 00:00:00+09:00,18899.313713950178,19190.07140302244,18535.865270854578,18935.658203125,4122273,0.0,0.0
2020-12-04 00:00:00+09:00,18935.66062174093,19371.798098893185,18935.66062174093,19008.349609375,3576600,0.0,0.0
2020-12-07 00:00:00+09:00,18972.004275798736,18972.004275798736,18317.79808902753,18753.935546875,2933863,0.0,0.0
2020-12-08 00:00:00+09:00,18753.93653435783,19698.902259900126,18572.212288073773,19408.14453125,6746634,0.0,0.0
2020-12-09 00:00:00+09:00,19771.593718022654,20280.42020494437,19262.765455426936,20171.38671875,9525408,0.0,0.0
2020-12-10 00:00:00+09:00,20280.420173418996,20607.524182841626,19916.971668654744,20571.1796875,8874999,0.0,0.0
2020-12-11 00:00:00+09:00,20716.557948608286,21298.07515910523,20425.79845552288,20643.8671875,7358011,0.0,0.0
2020-12-14 00:00:00+09:00,20425.79894026291,20462.14343384264,19771.592728806092,19916.970703125,4576131,0.0,0.0
2020-12-15 00:00:00+09:00,19844.281715965546,20171.38570953091,19517.17772240018,19916.970703125,2851401,0.0,0.0
2020-12-16 00:00:00+09:00,20098.6941977001,20244.0739422752,19916.969960899685,19953.314453125,1566236,0.0,0.0
2020-12-17 00:00:00+09:00,19880.626120213823,19916.97061363024,19335.45339194586,19626.212890625,2657535,0.0,0.0
2020-12-18 00:00:00+09:00,19517.177634701846,19807.937133380987,19262.764405113023,19626.212890625,2018866,0.0,0.0
2020-12-21 00:00:00+09:00,19626.213271656077,19626.213271656077,19117.38502692594,19408.14453125,1844021,0.0,0.0
2020-12-22 00:00:00+09:00,19153.727662972848,19190.072153569145,18899.314453125,18899.314453125,2280378,0.0,0.0
2020-12-23 00:00:00+09:00,18790.28077164985,19226.420022174687,18717.591784399334,19117.384765625,1719705,0.0,0.0
2020-12-24 00:00:00+09:00,19262.765695024464,19880.627451499742,19226.421199174274,19553.5234375,2743391,0.0,0.0
2020-12-28 00:00:00+09:00,19262.7637679415,19335.452752369933,18899.31529445163,19153.728515625,2286435,0.0,0.0
2020-12-29 00:00:00+09:00,19517.17894164981,19844.282955649556,19226.421199174274,19553.5234375,1946074,0.0,0.0
2020-12-30 00:00:00+09:00,19589.867561868,19771.591796875,19371.797059320535,19771.591796875,1893276,0.0,0.0
2021-01-04 00:00:00+09:00,19953.313620863748,20643.86604703686,19698.90041022439,20098.693359375,5447085,0.0,0.0
2021-01-05 00:00:00+09:00,20062.350700071656,20716.55869525524,19698.90220845276,20607.5234375,5019497,0.0,0.0
2021-01-06 00:00:00+09:00,20389.4542358852,20898.282467762554,20207.729994191424,20534.833984375,5474582,0.0,0.0
2021-01-07 00:00:00+09:00,20643.868033752242,20789.247786254484,20353.110304421698,20498.48828125,3638573,0.0,0.0
2021-01-08 00:00:00+09:00,20498.488666893983,20498.488666893983,19989.662187074347,20280.419921875,4533235,0.0,0.0
2021-01-11 00:00:00+09:00,20280.416740460238,22788.211353962542,19953.31278640799,21152.693359375,23456364,0.0,0.0
2021-01-12 00:00:00+09:00,21261.727683586185,21770.555879760148,20752.90126308599,21407.107421875,8329424,0.0,0.0
2021-01-13 00:00:00+09:00,21734.212883350017,22533.798835399983,21370.76440047751,22134.005859375,9135695,0.0,0.0
2021-01-14 00:00:00+09:00,22461.108586720322,23987.591418722863,22170.349106494225,23805.8671875,14474530,0.0,0.0
2021-01-15 00:00:00+09:00,24423.729622043116,25732.143772355208,23006.281995014764,23369.73046875,12158896,0.0,0.0
2021-01-18 00:00:00+09:00,22969.938080251326,23115.316052861217,21915.937124786273,22134.005859375,5414537,0.0,0.0
2021-01-19 00:00:00+09:00,22134.00575041657,23151.662207719564,22097.66125744301,23042.626953125,3848065,0.0,0.0
2021-01-20 00:00:00+09:00,23333.385329404606,23478.763294327848,22642.83289332403,23297.0390625,3653511,0.0,0.0
2021-01-21 00:00:00+09:00,23078.971790227686,24205.661743251367,22824.558559945337,24023.9375,4601437,0.0,0.0
2021-01-22 00:00:00+09:00,24351.04010951402,25586.765248551936,23478.76343632997,25405.041015625,14385171,0.0,0.0
2021-01-25 00:00:00+09:00,25637.889029036243,28910.811032742997,25546.97452893328,27592.55078125,12392646,0.0,0.0
2021-01-26 00:00:00+09:00,27774.381080302253,28819.8978803791,27365.265810706966,27728.923828125,5548593,0.0,0.0
2021-01-27 00:00:00+09:00,27910.75131064967,28183.49480879934,26910.69181743421,27638.0078125,2956393,0.0,0.0
2021-01-28 00:00:00+09:00,26819.778634854552,27456.180161783304,26728.86413100759,26956.150390625,2247422,0.0,0.0
2021-01-29 00:00:00+09:00,27137.979696346905,27319.80870603767,25501.518609130006,26092.462890625,3286551,0.0,0.0
2021-02-01 00:00:00+09:00,25774.260810165535,26819.777562606112,24910.573058149406,26774.3203125,2612135,0.0,0.0
2021-02-02 00:00:00+09:00,27001.607642548483,27183.436650242413,26456.120619466696,26956.150390625,1581226,0.0,0.0
2021-02-03 00:00:00+09:00,27228.893869393687,27547.094632475084,26956.150358181065,27365.265625,2079003,0.0,0.0
2021-02-04 00:00:00+09:00,27501.63756723873,27956.21008901127,27274.35130635246,27728.923828125,2530014,0.0,0.0
2021-02-05 00:00:00+09:00,27728.922102864584,27774.379352213542,26865.234365234377,27274.349609375,2312430,0.0,0.0
2021-02-08 00:00:00+09:00,27501.637499377983,29047.184069590963,27319.808491117634,28547.154296875,7227875,0.0,0.0
2021-02-09 00:00:00+09:00,28638.067079741377,28728.981578407223,27592.550345084153,27683.46484375,3264604,0.0,0.0
2021-02-10 00:00:00+09:00,27774.381080302253,27865.295584656764,27228.894054175205,27728.923828125,2032707,0.0,0.0
2021-02-15 00:00:00+09:00,27774.379352213542,27819.8366015625,27183.435110677085,27274.349609375,2653699,0.0,0.0
2021-02-16 00:00:00+09:00,27228.892380127792,27274.34962951031,26365.204641859968,26456.119140625,5259840,0.0,0.0
2021-02-17 00:00:00+09:00,26410.66234539186,26456.119595556043,25637.8890926007,25956.08984375,3080728,0.0,0.0
2021-02-18 00:00:00+09:00,25956.091133356924,26410.66365758384,25546.9758615527,26092.462890625,2029506,0.0,0.0
2021-02-19 00:00:00+09:00,25910.634765625,26047.006527549343,25501.519479851973,25910.634765625,1851490,0.0,0.0
2021-02-22 00:00:00+09:00,26047.003916638965,26183.375664893618,25592.431422456782,25637.888671875,1960575,0.0,0.0
2021-02-23 00:00:00+09:00,25774.26084309326,26228.833344735114,25683.34634276489,25956.08984375,2045518,0.0,0.0
2021-02-24 00:00:00+09:00,26228.833788719243,26637.949047122143,25819.718530316342,25865.17578125,2904571,0.0,0.0
2021-02-25 00:00:00+09:00,26365.205738193243,26456.120240738735,25956.09047673852,26228.833984375,1595324,0.0,0.0
2021-02-26 00:00:00+09:00,25637.888890430728,25819.71788965364,25456.059891207813,25592.431640625,2425167,0.0,0.0
2021-03-02 00:00:00+09:00,25865.17583087568,25865.17583087568,25001.48806147913,25046.9453125,2799782,0.0,0.0
2021-03-03 00:00:00+09:00,25046.94528808594,25592.43229980469,24546.91552734375,25456.060546875,2165656,0.0,0.0
2021-03-04 00:00:00+09:00,25456.060327540108,25683.346580464575,25046.94507227607,25501.517578125,1415562,0.0,0.0
2021-03-05 00:00:00+09:00,25183.31640625,25274.230905911554,24819.65840760379,25183.31640625,1236410,0.0,0.0
2021-03-08 00:00:00+09:00,25228.774567496537,25274.231818969503,24546.915795402034,24592.373046875,1623640,0.0,0.0
2021-03-09 00:00:00+09:00,24774.201831324954,25228.77434199147,24274.17206959179,24637.830078125,1659144,0.0,0.0
2021-03-10 00:00:00+09:00,24774.201610698663,24910.57336268416,24546.915357389502,24683.287109375,799915,0.0,0.0
2021-03-11 00:00:00+09:00,24728.744990892534,25274.232012750457,24546.91598360656,24956.03125,1489367,0.0,0.0
2021-03-12 00:00:00+09:00,25228.77365608078,25228.77365608078,24865.11565743457,25183.31640625,755700,0.0,0.0
2021-03-15 00:00:00+09:00,25456.060327540108,25910.632833389038,25274.231325200537,25501.517578125,1356172,0.0,0.0
2021-03-16 00:00:00+09:00,26092.462480709877,26228.834235835537,25774.26171875,25774.26171875,1531915,0.0,0.0
2021-03-17 00:00:00+09:00,26001.546861553354,26728.86285768072,25819.717862521513,26410.662109375,2378468,0.0,0.0
2021-03-18 00:00:00+09:00,26683.40560792276,26728.86285768072,26410.662109375,26410.662109375,1457639,0.0,0.0
2021-03-19 00:00:00+09:00,26137.920763739225,26365.20703125,25592.43372171336,26365.20703125,1472185,0.0,0.0
2021-03-22 00:00:00+09:00,25501.516923620347,26001.546667220748,25456.05967420213,25637.888671875,2817294,0.0,0.0
2021-03-23 00:00:00+09:00,25683.345942794185,25819.717691163,24819.658203125,24819.658203125,2405924,0.0,0.0
2021-03-24 00:00:00+09:00,23501.398400992988,24683.286908586448,23410.48390040888,24319.62890625,6369047,0.0,0.0
2021-03-25 00:00:00+09:00,24137.79968808302,24819.658436333957,23910.513438666047,24365.0859375,2590310,0.0,0.0
2021-03-26 00:00:00+09:00,24819.658819351604,25637.88932987968,24683.287067596924,25501.517578125,4755324,0.0,0.0
2021-03-29 00:00:00+09:00,25819.717918577982,25865.175168434635,24774.201171875,24774.201171875,3492524,0.0,0.0
2021-03-30 00:00:00+09:00,24865.1171875,25046.946198011883,24774.20268224406,24865.1171875,1449153,0.0,0.0
2021-03-31 00:00:00+09:00,24910.57510914522,25001.48961684283,24637.83158605239,24728.74609375,1587846,0.0,0.0
2021-04-01 00:00:00+09:00,24728.74609375,25092.40412454044,24728.74609375,24728.74609375,1474260,0.0,0.0
2021-04-02 00:00:00+09:00,24819.658421731652,24956.030171301605,24683.2866721617,24774.201171875,1759740,0.0,0.0
2021-04-05 00:00:00+09:00,24774.20205276687,24774.20205276687,24183.2577836183,24592.373046875,2128787,0.0,0.0
2021-04-06 00:00:00+09:00,24637.830078125,25046.945337724865,24546.915575991698,24637.830078125,1996461,0.0,0.0
2021-04-07 00:00:00+09:00,24683.288839901194,25001.48961684283,24456.00257065717,24728.74609375,1767752,0.0,0.0
2021-04-08 00:00:00+09:00,24774.203347598803,24819.66060144761,24501.459824505975,24728.74609375,2583974,0.0,0.0
2021-04-09 00:00:00+09:00,24683.28777126736,24728.74502314815,24501.458763744213,24546.916015625,1409760,0.0,0.0
2021-04-12 00:00:00+09:00,24546.914937033584,24546.914937033584,24274.17143773321,24365.0859375,1474127,0.0,0.0
2021-04-13 00:00:00+09:00,24228.71484375,24274.172094863978,23955.971337066137,24228.71484375,2585131,0.0,0.0
2021-04-14 00:00:00+09:00,24183.259149239544,24183.259149239544,23865.058370960076,23910.515625,2693862,0.0,0.0
2021-04-15 00:00:00+09:00,23910.514960420605,24456.001993738184,23683.22869653828,24046.88671875,2539653,0.0,0.0
2021-04-16 00:00:00+09:00,24137.80100235849,24228.715507075474,24046.88649764151,24092.34375,1356172,0.0,0.0
2021-04-19 00:00:00+09:00,24137.799702769214,24137.799702769214,23819.59895339184,23955.970703125,1742037,0.0,0.0
2021-04-20 00:00:00+09:00,23910.513224511174,24501.457467702516,23819.59872555866,24410.54296875,2421940,0.0,0.0
2021-04-21 00:00:00+09:00,24137.799482865765,24183.25673236269,23955.97048487808,24001.427734375,1510191,0.0,0.0
2021-04-22 00:00:00+09:00,24092.34245285816,24137.799702769214,23910.51345321395,23955.970703125,1274179,0.0,0.0
2021-04-23 00:00:00+09:00,23865.054903685592,23910.512151121184,23683.225913943224,23819.59765625,1248889,0.0,0.0
2021-04-26 00:00:00+09:00,23910.513438666047,24637.829436800374,23819.598938899253,24365.0859375,2892019,0.0,0.0
2021-04-27 00:00:00+09:00,24501.459021226416,24546.916273584906,24001.42924528302,24092.34375,1408049,0.0,0.0
2021-04-28 00:00:00+09:00,24092.343090408067,24456.00109931989,23865.056834838182,24228.71484375,1983605,0.0,0.0
2021-04-29 00:00:00+09:00,24228.71420259132,24410.54320223553,23910.51345321395,23955.970703125,1618634,0.0,0.0
2021-04-30 00:00:00+09:00,24001.429426115243,24910.574480134757,23819.60041531134,24456.001953125,4448741,0.0,0.0
2021-05-03 00:00:00+09:00,24456.000229344223,24456.000229344223,23637.76973839962,24001.427734375,2480101,0.0,0.0
2021-05-04 00:00:00+09:00,24092.34245285816,24183.256952680265,23865.056203302895,23955.970703125,1410952,0.0,0.0
2021-05-06 00:00:00+09:00,23955.972942849865,25092.404296875,23910.515688688858,25092.404296875,5975426,0.0,0.0
2021-05-07 00:00:00+09:00,25183.31747731855,25728.804498487905,25046.945722026212,25365.146484375,4839273,0.0,0.0
2021-05-10 00:00:00+09:00,25592.432415309875,27137.97895548845,25456.060661764706,27047.064453125,10012006,0.0,0.0
2021-05-11 00:00:00+09:00,26819.777115885416,27410.721357421877,26637.948118489585,27274.349609375,6944331,0.0,0.0
2021-05-12 00:00:00+09:00,27092.52326477466,27183.437772374575,26092.463681175595,26728.865234375,5597446,0.0,0.0
2021-05-13 00:00:00+09:00,26183.375847457628,27547.09333951271,26001.546848516948,26819.77734375,7523214,0.0,0.0
2021-05-14 00:00:00+09:00,27365.26323192193,27501.634975602603,26410.66102615721,26637.947265625,3542799,0.0,0.0
2021-05-17 00:00:00+09:00,27228.894054175205,28001.667341188524,26774.321532402664,27728.923828125,8708514,0.0,0.0
2021-05-18 00:00:00+09:00,27819.8366015625,28001.665598958334,26865.234365234377,27274.349609375,4802020,0.0,0.0
2021-05-20 00:00:00+09:00,26956.149731936872,27728.922995752935,26819.77797949874,27092.521484375,3406465,0.0,0.0
2021-05-21 00:00:00+09:00,27183.435120558377,27410.721367385788,26774.319876269034,26865.234375,2373859,0.0,0.0
2021-05-24 00:00:00+09:00,26819.778634854552,27092.522146395448,26547.03512331366,26956.150390625,1854842,0.0,0.0
2021-05-25 00:00:00+09:00,27274.35,28592.610249999998,27137.97825,28410.78125,9971928,0.0,0.0
2021-05-26 00:00:00+09:00,28501.696605282737,28865.354616195436,28001.66684027778,28638.068359375,5080055,0.0,0.0
2021-05-27 00:00:00+09:00,28638.06876717033,29729.042815443485,28319.86800309066,28956.26953125,7676413,0.0,0.0
2021-05-28 00:00:00+09:00,28683.524517101378,29092.639763779527,28365.323769685037,28865.353515625,3119208,0.0,0.0
2021-05-31 00:00:00+09:00,28910.811839788734,29547.21335827465,28683.52558318662,29047.18359375,3489265,0.0,0.0
2021-06-01 00:00:00+09:00,29047.184702779967,29274.470968059937,28638.069425276026,28819.8984375,2449861,0.0,0.0
2021-06-02 00:00:00+09:00,29047.183907178678,31183.67474229198,29001.72665536776,30592.73046875,11787950,0.0,0.0
2021-06-03 00:00:00+09:00,30683.645638992537,30956.38915578358,29865.415088619404,30456.359375,4808732,0.0,0.0
2021-06-04 00:00:00+09:00,30183.615455316743,30638.187977234164,29683.58568120758,30138.158203125,3359676,0.0,0.0
2021-06-07 00:00:00+09:00,30138.158048930924,30183.615300890095,28819.89774211494,29365.384765625,5403250,0.0,0.0
2021-06-08 00:00:00+09:00,29592.669267846904,30229.07075747802,29092.639525993884,29729.041015625,3710683,0.0,0.0
2021-06-09 00:00:00+09:00,30092.701097196692,31456.418669577208,30047.243844784007,30910.931640625,9816280,0.0,0.0
2021-06-10 00:00:00+09:00,31274.588126843657,31910.98962942478,30638.186624262536,30820.015625,6990599,0.0,0.0
2021-06-11 00:00:00+09:00,30956.386710258153,31547.33094995471,30774.557713428443,31365.501953125,3322141,0.0,0.0
2021-06-14 00:00:00+09:00,31501.875248787517,31547.332500228767,30820.016477168738,31047.302734375,3095574,0.0,0.0
2021-06-15 00:00:00+09:00,31047.302986859213,31047.302986859213,30274.529706073554,30592.73046875,3347850,0.0,0.0
2021-06-16 00:00:00+09:00,30456.35849406528,30865.473757418396,30274.529488130564,30638.1875,2029146,0.0,0.0
2021-06-17 00:00:00+09:00,30456.358713317237,30820.016727804606,30365.444209695397,30592.73046875,1494600,0.0,0.0
2021-06-18 00:00:00+09:00,30547.27347285068,30592.73072504242,30092.700950933257,30138.158203125,2597388,0.0,0.0
2021-06-21 00:00:00+09:00,29547.211151123047,29683.582894897463,28819.89518432617,29092.638671875,4749959,0.0,0.0
2021-06-22 00:00:00+09:00,29547.21335827465,29638.127860915494,29001.726342429578,29047.18359375,2413280,0.0,0.0
2021-06-23 00:00:00+09:00,29001.726783261383,29365.384799352436,28092.581743033752,28956.26953125,4484828,0.0,0.0
2021-06-24 00:00:00+09:00,28456.238700878752,28956.268454408568,28274.40969959518,28774.439453125,2421532,0.0,0.0
2021-06-25 00:00:00+09:00,28865.35458846831,29410.84160431338,28865.35458846831,29047.18359375,2364462,0.0,0.0
2021-06-28 00:00:00+09:00,28547.15407641097,28728.98308326709,28228.953314412756,28592.611328125,2146974,0.0,0.0
2021-06-29 00:00:00+09:00,28638.068359375,28865.354616195436,28365.32485119048,28638.068359375,1502107,0.0,0.0
2021-06-30 00:00:00+09:00,28683.52561073909,28865.354616195436,28638.068359375,28638.068359375,1239009,0.0,0.0
2021-07-01 00:00:00+09:00,28910.810999999998,29229.011749999998,28365.324,28410.78125,1641174,0.0,0.0
2021-07-02 00:00:00+09:00,28456.23806319777,28728.981559011165,28456.23806319777,28501.6953125,1022673,0.0,0.0
2021-07-05 00:00:00+09:00,28728.983271193094,29319.927547341053,28410.782507113425,28956.26953125,2594913,0.0,0.0
2021-07-06 00:00:00+09:00,29138.098725169573,29683.585752785853,29092.641472868218,29319.927734375,1955885,0.0,0.0
2021-07-07 00:00:00+09:00,28910.811867559525,28910.811867559525,28456.239353918652,28638.068359375,1885914,0.0,0.0
2021-07-08 00:00:00+09:00,28456.239604334678,29001.726625504034,28183.49609375,28183.49609375,2535059,0.0,0.0
2021-07-09 00:00:00+09:00,27592.55295676052,27728.92471766708,27092.523166769803,27547.095703125,4359553,0.0,0.0
2021-07-12 00:00:00+09:00,27592.552071593236,28138.039097720288,27365.265810706966,27728.923828125,1768542,0.0,0.0
2021-07-13 00:00:00+09:00,27956.21005401858,28365.325323101777,27819.838297657512,28138.0390625,1555649,0.0,0.0
2021-07-14 00:00:00+09:00,27910.752614822013,27910.752614822013,27638.009103927987,27774.380859375,1022942,0.0,0.0
2021-07-15 00:00:00+09:00,27910.753462357956,28047.125221946022,27638.00994318182,28001.66796875,1005799,0.0,0.0
2021-07-16 00:00:00+09:00,28092.580078125,28183.49457675971,27683.464834268812,28092.580078125,1255195,0.0,0.0
2021-07-19 00:00:00+09:00,27910.751531610378,28001.666031713343,27456.17903109555,27592.55078125,1203930,0.0,0.0
2021-07-20 00:00:00+09:00,27001.60611328125,27456.178606770834,26910.691614583335,27274.349609375,1796591,0.0,0.0
2021-07-21 00:00:00+09:00,27819.83791977612,28138.038680296435,27319.808153244197,27410.72265625,1851507,0.0,0.0
2021-07-22 00:00:00+09:00,27683.46506219161,27819.836811266447,27501.63606342516,27638.0078125,1085743,0.0,0.0
2021-07-23 00:00:00+09:00,27592.55295676052,27728.92471766708,27274.352181311882,27547.095703125,1179705,0.0,0.0
2021-07-26 00:00:00+09:00,27410.721576977256,27456.178826690317,27183.43532841194,27228.892578125,1235451,0.0,0.0
2021-07-27 00:00:00+09:00,27319.807064658715,28092.580309416117,27319.807064658715,27638.0078125,1537720,0.0,0.0
2021-07-28 00:00:00+09:00,27501.637159255806,27638.00891376451,27228.89365023839,27410.72265625,1241849,0.0,0.0
2021-07-29 00:00:00+09:00,27501.637159255806,27683.466165267415,27319.808153244197,27410.72265625,764383,0.0,0.0
2021-07-30 00:00:00+09:00,27365.266513377926,27410.72376672241,27183.4375,27183.4375,1332561,0.0,0.0
2021-08-02 00:00:00+09:00,27183.43687315245,27228.89412544869,26728.864350190033,26910.693359375,1350184,0.0,0.0
2021-08-03 00:00:00+09:00,26910.69291877104,27047.064673426976,26728.86391256313,27001.607421875,1255218,0.0,0.0
2021-08-04 00:00:00+09:00,27047.0658209385,28456.240678836137,27047.0658209385,28365.326171875,4561687,0.0,0.0
2021-08-05 00:00:00+09:00,28274.410181739397,28274.410181739397,27774.38041968291,27865.294921875,1923011,0.0,0.0
2021-08-06 00:00:00+09:00,28228.95315372243,28319.867656632967,27638.008884803923,27819.837890625,1772518,0.0,0.0
2021-08-09 00:00:00+09:00,27683.46397389797,27910.750213420946,27410.720486470407,27456.177734375,1384930,0.0,0.0
2021-08-10 00:00:00+09:00,27410.721357421877,27592.550354817708,27183.435110677085,27274.349609375,1638296,0.0,0.0
2021-08-11 00:00:00+09:00,27410.72287686877,27547.094632475084,27137.979365656145,27365.265625,1372931,0.0,0.0
2021-08-12 00:00:00+09:00,27319.809260033446,27683.4672867893,27183.4375,27183.4375,1818206,0.0,0.0
2021-08-13 00:00:00+09:00,27274.350487625838,27410.72224006397,26774.32072868603,27092.521484375,2090932,0.0,0.0
2021-08-17 00:00:00+09:00,27183.4369487696,27228.894201192288,26092.462890625,26092.462890625,3141240,0.0,0.0
2021-08-18 00:00:00+09:00,26092.462636451197,26728.86416416952,25910.63362853168,26547.03515625,1473161,0.0,0.0
2021-08-19 00:00:00+09:00,26274.289275693223,26456.11826722051,25819.716796875,25819.716796875,1758907,0.0,0.0
2021-08-20 00:00:00+09:00,25819.720363451088,26047.006634256115,24819.660771908966,25092.404296875,2550946,0.0,0.0
2021-08-23 00:00:00+09:00,25092.403337325784,26365.20640516115,25046.94608490309,26092.462890625,1899431,0.0,0.0
2021-08-24 00:00:00+09:00,26774.32072868603,27228.893236813128,26365.205471371646,27092.521484375,2929756,0.0,0.0
2021-08-25 00:00:00+09:00,27365.26668858292,27865.296478573637,27183.43767404084,27547.095703125,2814793,0.0,0.0
2021-08-26 00:00:00+09:00,27501.636281147035,27728.92253140445,27274.350030889622,27592.55078125,1681769,0.0,0.0
2021-08-27 00:00:00+09:00,27228.89321410124,27819.837474173553,27001.606960227273,27501.63671875,1727180,0.0,0.0
2021-08-30 00:00:00+09:00,27910.750219805064,28456.237194784968,27819.83572397508,28274.408203125,3927602,0.0,0.0
2021-08-31 00:00:00+09:00,28001.665784744408,28456.23828125,27728.922286841054,28456.23828125,3513265,0.0,0.0
2021-09-01 00:00:00+09:00,28274.408203125,28774.43793018991,28047.12196355004,28274.408203125,1925268,0.0,0.0
2021-09-02 00:00:00+09:00,28274.411487926136,28410.783247514206,27865.296209161934,28001.66796875,1348157,0.0,0.0
2021-09-03 00:00:00+09:00,28092.582650991586,28638.069692758414,28001.66814403045,28365.326171875,1718316,0.0,0.0
2021-09-06 00:00:00+09:00,28456.240678836137,28501.697932316707,28183.497157952723,28365.326171875,1087906,0.0,0.0
2021-09-07 00:00:00+09:00,28365.3237945705,28410.78104424129,27819.836798521068,28047.123046875,1210005,0.0,0.0
2021-09-08 00:00:00+09:00,27819.837451649022,28410.781711242875,27819.837451649022,27910.751953125,1514946,0.0,0.0
2021-09-09 00:00:00+09:00,27956.20746132554,28001.664709230132,27274.348742756625,27456.177734375,2140402,0.0,0.0
2021-09-10 00:00:00+09:00,27819.836786142172,28728.981779153357,27774.379536491615,28456.23828125,4084794,0.0,0.0
2021-09-13 00:00:00+09:00,28228.954411433293,28728.98419971955,27865.296383588742,28365.326171875,2217258,0.0,0.0
2021-09-14 00:00:00+09:00,28728.982593412944,29683.584863130778,28683.525342474,29501.755859375,6655900,0.0,0.0
2021-09-15 00:00:00+09:00,29274.46917002688,29592.669921875,28910.811167914748,29592.669921875,2788866,0.0,0.0
2021-09-16 00:00:00+09:00,29865.4154406396,29910.87269397391,29047.184880622077,29183.556640625,2090753,0.0,0.0
2021-09-17 00:00:00+09:00,29819.95637329287,30274.528878983307,29274.46936646434,29956.328125,5139632,0.0,0.0
2021-09-23 00:00:00+09:00,30229.07199435764,31229.131518983006,29729.042232044958,31092.759765625,8148972,0.0,0.0
2021-09-24 00:00:00+09:00,31320.043835538323,31365.5010834854,30774.556860173358,31138.21484375,3886703,0.0,0.0
2021-09-27 00:00:00+09:00,31092.75759580292,31774.616315009123,30774.556860173358,31138.21484375,3901857,0.0,0.0
2021-09-28 00:00:00+09:00,31138.217266320473,31138.217266320473,30274.529488130564,30638.1875,3138657,0.0,0.0
2021-09-29 00:00:00+09:00,29865.415088619404,30592.731133395522,29819.957835820896,30456.359375,3540550,0.0,0.0
2021-09-30 00:00:00+09:00,30365.44399109792,31001.845511869433,30183.614985163204,30638.1875,2561605,0.0,0.0
2021-10-01 00:00:00+09:00,30319.986957884474,30820.016727804606,30001.786195208024,30592.73046875,2833865,0.0,0.0
2021-10-05 00:00:00+09:00,31138.21816697761,31410.96168376866,30319.987616604478,30456.359375,4685838,0.0,0.0
2021-10-06 00:00:00+09:00,30729.101922123016,30729.101922123016,28228.953097098216,28638.068359375,7543647,0.0,0.0
2021-10-07 00:00:00+09:00,28910.81227923862,29047.184035272763,28319.86800309066,28956.26953125,2702269,0.0,0.0
2021-10-08 00:00:00+09:00,29001.72527705671,29001.72527705671,28183.494783346647,28456.23828125,2511433,0.0,0.0
2021-10-12 00:00:00+09:00,28456.23806319777,28956.26780552233,28274.409065988835,28501.6953125,2053486,0.0,0.0
2021-10-13 00:00:00+09:00,28319.8671875,28638.06794241573,28092.580933988764,28319.8671875,2196188,0.0,0.0
2021-10-14 00:00:00+09:00,28228.954234730114,28228.954234730114,27410.723677201706,28001.66796875,4037040,0.0,0.0
2021-10-15 00:00:00+09:00,28319.8671875,28638.06794241573,28183.49543539326,28319.8671875,2442381,0.0,0.0
2021-10-18 00:00:00+09:00,28365.325323101777,28410.782575222132,28001.667306138934,28138.0390625,1594113,0.0,0.0
2021-10-19 00:00:00+09:00,28274.409737042686,28456.238738567074,27819.83723323171,27956.208984375,2078171,0.0,0.0
2021-10-20 00:00:00+09:00,28092.581622084697,28183.49612571604,27547.094600296645,27774.380859375,2365364,0.0,0.0
2021-10-21 00:00:00+09:00,27819.836811266447,27910.75131064967,27547.093313116773,27638.0078125,1540182,0.0,0.0
2021-10-22 00:00:00+09:00,27683.46484375,27910.75109041461,27501.635846418307,27683.46484375,1142406,0.0,0.0
2021-10-25 00:00:00+09:00,27910.75276796377,28819.897809265523,27683.466507638335,28547.154296875,3568020,0.0,0.0
2021-10-26 00:00:00+09:00,28910.810556220094,28956.26780552233,28410.780813895533,28501.6953125,1772926,0.0,0.0
2021-10-27 00:00:00+09:00,28228.954234730114,28274.411487926136,27910.753462357956,28001.66796875,1741420,0.0,0.0
2021-10-28 00:00:00+09:00,28001.66796875,28365.325994318184,27819.83895596591,28001.66796875,1905201,0.0,0.0
2021-10-29 00:00:00+09:00,28138.037337079226,28228.951835745072,27683.46484375,27683.46484375,1568022,0.0,0.0
2021-11-01 00:00:00+09:00,27774.379342415843,28001.665589080458,27683.46484375,27683.46484375,1054162,0.0,0.0
2021-11-02 00:00:00+09:00,27956.210715553978,28319.86874112216,27819.83895596591,28001.66796875,1568722,0.0,0.0
2021-11-03 00:00:00+09:00,28001.664709230132,28047.12195713473,27410.720486470407,27456.177734375,1814249,0.0,0.0
2021-11-04 00:00:00+09:00,27728.92471766708,27910.75373220916,27501.63844948948,27547.095703125,1255711,0.0,0.0
2021-11-05 00:00:00+09:00,27683.466388081397,27683.466388081397,27183.436617524916,27365.265625,1417837,0.0,0.0
2021-11-08 00:00:00+09:00,28138.038184691013,28410.781688904495,27910.751931179777,28319.8671875,3084762,0.0,0.0
2021-11-09 00:00:00+09:00,28319.866544899716,28319.866544899716,27819.836798521068,28047.123046875,1474811,0.0,0.0
2021-11-10 00:00:00+09:00,27865.29384108169,27910.75109041461,27456.178597085385,27683.46484375,1292035,0.0,0.0
2021-11-11 00:00:00+09:00,27365.26559303396,28228.95337753171,27274.35108940262,27774.380859375,2424645,0.0,0.0
2021-11-12 00:00:00+09:00,27865.295363006342,28001.667118453355,27728.92360755933,27774.380859375,1482218,0.0,0.0
2021-11-15 00:00:00+09:00,28228.95205849095,28365.323807565786,27547.093313116773,27638.0078125,2801729,0.0,0.0
2021-11-16 00:00:00+09:00,27774.379342415843,28183.49458641215,27683.46484375,27683.46484375,1774387,0.0,0.0
2021-11-17 00:00:00+09:00,27683.465520964197,27683.465520964197,27137.978515625,27137.978515625,2419449,0.0,0.0
2021-11-18 00:00:00+09:00,27137.980518574615,27183.437772374575,26637.950726775085,26728.865234375,1899679,0.0,0.0
2021-11-19 00:00:00+09:00,26592.492375237143,26956.150390625,26547.03512331366,26956.150390625,1209570,0.0,0.0
2021-11-22 00:00:00+09:00,26774.320751703577,26774.320751703577,26410.662744889265,26683.40625,1720656,0.0,0.0
2021-11-23 00:00:00+09:00,26501.57660889092,26865.234606954604,26410.662109375,26410.662109375,1290481,0.0,0.0
2021-11-24 00:00:00+09:00,26456.119150850784,26547.03364965096,26001.54665684991,26047.00390625,1656991,0.0,0.0
2021-11-25 00:00:00+09:00,26047.00413868228,26047.00413868228,25501.51714101354,25592.431640625,1864921,0.0,0.0
2021-11-26 00:00:00+09:00,25456.06215533088,25501.519409179688,24637.83158605239,24728.74609375,2969702,0.0,0.0
2021-11-29 00:00:00+09:00,23183.1984904661,24637.83055261299,23137.74123852401,24137.80078125,4325545,0.0,0.0
2021-11-30 00:00:00+09:00,24274.172759433965,25001.48879716981,23819.60023584906,24092.34375,2807332,0.0,0.0
2021-12-01 00:00:00+09:00,24137.800930942063,24910.57421875,24092.343678718065,24910.57421875,1675317,0.0,0.0
2021-12-02 00:00:00+09:00,24365.087370728415,25456.061432104318,24183.2583604991,25274.232421875,2084181,0.0,0.0
2021-12-03 00:00:00+09:00,26183.378289473687,26365.20730537281,25592.433987801534,25910.634765625,2224132,0.0,0.0
2021-12-06 00:00:00+09:00,25865.176591981133,26501.578125,25592.433077830192,26501.578125,1934608,0.0,0.0
2021-12-07 00:00:00+09:00,27001.60656303056,27183.43556345501,26501.576811863328,26774.3203125,1931663,0.0,0.0
2021-12-08 00:00:00+09:00,27137.97788136276,27137.97788136276,26365.204641859968,26456.119140625,1742006,0.0,0.0
2021-12-09 00:00:00+09:00,26683.40687908411,27047.064894471965,26501.57787139018,26956.150390625,1989060,0.0,0.0
2021-12-10 00:00:00+09:00,26683.40798057504,26910.69424957483,26592.493472975126,26728.865234375,751784,0.0,0.0
2021-12-13 00:00:00+09:00,26819.77625719923,26910.69075298635,26319.746530370096,26637.947265625,1470192,0.0,0.0
2021-12-14 00:00:00+09:00,26274.292524245688,26501.578791756463,25910.634496228446,26365.20703125,1218529,0.0,0.0
2021-12-15 00:00:00+09:00,26274.29014309493,26637.94813815507,26228.832893712417,26456.119140625,813436,0.0,0.0
2021-12-16 00:00:00+09:00,26547.03604525862,26547.03604525862,26137.920763739225,26365.20703125,831523,0.0,0.0
2021-12-17 00:00:00+09:00,26183.377140410958,26683.40691218964,26092.462636451197,26547.03515625,1143242,0.0,0.0
2021-12-20 00:00:00+09:00,26410.66365758384,26410.66365758384,26047.005638202307,26092.462890625,800452,0.0,0.0
2021-12-21 00:00:00+09:00,26456.120019193342,26456.120019193342,26001.547510272492,26274.291015625,885802,0.0,0.0
2021-12-22 00:00:00+09:00,26637.94966020976,26910.693172089042,26456.12065229024,26547.03515625,1132016,0.0,0.0
2021-12-23 00:00:00+09:00,26819.778668129282,26819.778668129282,26456.12065229024,26547.03515625,906190,0.0,0.0
2021-12-24 00:00:00+09:00,26774.3214161494,26774.3214161494,26501.577904270118,26547.03515625,722944,0.0,0.0
2021-12-27 00:00:00+09:00,26319.74870808919,26547.034966362848,26137.91970147027,26183.376953125,1089939,0.0,0.0
2021-12-28 00:00:00+09:00,26228.835270743533,26410.664284752154,26137.920763739225,26365.20703125,1115486,0.0,0.0
2021-12-29 00:00:00+09:00,26774.320080994366,27274.349827838065,26637.948331855176,27228.892578125,2848477,0.0,0.0
2021-12-30 00:00:00+09:00,27228.893260221463,27274.350511073255,26637.94899914821,26683.40625,1250059,0.0,0.0
2022-01-04 00:00:00+09:00,26956.14888383269,26956.14888383269,26319.74739247745,26456.119140625,1110605,0.0,0.0
2022-01-05 00:00:00+09:00,26456.120019193342,26547.03452097751,26092.46201205666,26274.291015625,1692157,0.0,0.0
2022-01-06 00:00:00+09:00,26092.462035918277,26274.2910396529,25865.17578125,25865.17578125,1261156,0.0,0.0
2022-01-07 00:00:00+09:00,25865.175125655594,26137.918624344406,25683.346126529723,26001.546875,1255167,0.0,0.0
2022-01-10 00:00:00+09:00,26001.54909919929,26092.463606539146,25365.147547820285,25546.9765625,1469121,0.0,0.0
2022-01-11 00:00:00+09:00,25410.604801490215,25910.63459185943,25365.147547820285,25546.9765625,1179548,0.0,0.0
2022-01-12 00:00:00+09:00,25683.3484957511,26092.463781524122,25683.3484957511,25910.634765625,1486380,0.0,0.0
2022-01-13 00:00:00+09:00,25910.633443196613,26637.94946967231,25865.176191541883,26183.376953125,2027743,0.0,0.0
2022-01-14 00:00:00+09:00,26410.662768301256,26547.03452097751,26092.46201205666,26274.291015625,1429793,0.0,0.0
2022-01-17 00:00:00+09:00,25956.09117118363,26228.834686117258,25501.518646294247,25683.34765625,1457206,0.0,0.0
2022-01-18 00:00:00+09:00,25774.26108163436,25865.175582804146,25319.68857578543,25501.517578125,1032292,0.0,0.0
2022-01-19 00:00:00+09:00,25228.774316583484,25592.432324750454,25046.9453125,25046.9453125,1121109,0.0,0.0
2022-01-20 00:00:00+09:00,25001.4884702621,25410.603736139114,24910.57396673387,25365.146484375,640616,0.0,0.0
2022-01-21 00:00:00+09:00,25183.31640625,25319.68815574233,24865.11565743457,25183.31640625,1017420,0.0,0.0
2022-01-24 00:00:00+09:00,24819.659974732807,25183.317996340615,24410.544700424023,24456.001953125,1356898,0.0,0.0
2022-01-25 00:00:00+09:00,24546.915401785714,24592.37265252976,23728.684888392858,23865.056640625,1587356,0.0,0.0
2022-01-26 00:00:00+09:00,23865.056640625,23865.056640625,23865.056640625,23865.056640625,0,0.0,0.0
2022-01-27 00:00:00+09:00,24728.744606003755,24819.659108231706,24183.257592636022,24228.71484375,1416472,0.0,0.0
2022-01-28 00:00:00+09:00,24228.71484375,24228.71484375,24228.71484375,24228.71484375,0,0.0,0.0
2022-02-03 00:00:00+09:00,26001.54665684991,26501.57640025087,25865.17490864965,26047.00390625,1847553,0.0,0.0
2022-02-04 00:00:00+09:00,25865.176556561444,27183.43687315245,25728.80479967272,26910.693359375,3017992,0.0,0.0
2022-02-07 00:00:00+09:00,26865.235230311453,27319.80773843855,26501.577223809774,27092.521484375,3528865,0.0,0.0
2022-02-08 00:00:00+09:00,27092.521484375,27092.521484375,27092.521484375,27092.521484375,0,0.0,0.0
2022-02-09 00:00:00+09:00,27092.521484375,27092.521484375,27092.521484375,27092.521484375,0,0.0,0.0
2022-02-10 00:00:00+09:00,27592.55122029959,27728.92297262397,27183.435963326447,27501.63671875,2000386,0.0,0.0
2022-02-11 00:00:00+09:00,27274.350901741294,27774.380668273217,27092.521895729686,27410.72265625,1956133,0.0,0.0
2022-02-14 00:00:00+09:00,26865.23672658863,27410.72376672241,26819.779473244147,27183.4375,2339605,0.0,0.0
2022-02-15 00:00:00+09:00,27183.435806617013,27274.350307642486,26183.376295336788,26319.748046875,1871024,0.0,0.0
2022-02-16 00:00:00+09:00,27183.435110677085,27365.264108072915,26774.319866536458,27274.349609375,2080159,0.0,0.0
2022-02-17 00:00:00+09:00,27365.265845985858,28001.667377287853,26728.86431468386,27319.80859375,3640106,0.0,0.0
2022-02-18 00:00:00+09:00,26910.693979933112,27456.18102006689,26728.864966555186,27183.4375,1421276,0.0,0.0
2022-02-21 00:00:00+09:00,27183.4375,27183.4375,27183.4375,27183.4375,0,0.0,0.0
2022-02-22 00:00:00+09:00,27183.4375,27183.4375,27183.4375,27183.4375,0,0.0,0.0
2022-02-23 00:00:00+09:00,27183.4375,27183.4375,27183.4375,27183.4375,0,0.0,0.0
2022-02-24 00:00:00+09:00,26592.492667274608,26819.778929388063,25774.262123666158,26092.462890625,2381286,0.0,0.0
2022-02-25 00:00:00+09:00,26456.120019193342,26501.577270085425,25910.633008488323,26274.291015625,1427821,0.0,0.0
2022-02-28 00:00:00+09:00,26274.291015625,26274.291015625,26274.291015625,26274.291015625,0,0.0,0.0
2022-03-02 00:00:00+09:00,26365.20465205061,26410.661901450698,25956.089407449825,26047.00390625,1856974,0.0,0.0
2022-03-03 00:00:00+09:00,26092.46244981554,26365.205959743922,26047.005198160805,26183.376953125,1278390,0.0,0.0
2022-03-04 00:00:00+09:00,26183.376953125,26183.376953125,26183.376953125,26183.376953125,0,0.0,0.0
2022-03-07 00:00:00+09:00,25592.432324750454,25592.432324750454,24956.03081045826,25046.9453125,2403297,0.0,0.0
2022-03-08 00:00:00+09:00,24319.62932065844,24865.116333458256,24183.257567458488,24637.830078125,1893504,0.0,0.0
2022-03-10 00:00:00+09:00,24637.830078125,24637.830078125,24637.830078125,24637.830078125,0,0.0,0.0
2022-03-11 00:00:00+09:00,24637.830078125,24637.830078125,24637.830078125,24637.830078125,0,0.0,0.0
2022-03-14 00:00:00+09:00,26047.005638202307,26092.462890625,25501.518609130006,26092.462890625,1400062,0.0,0.0
2022-03-15 00:00:00+09:00,26092.462890625,26092.462890625,26092.462890625,26092.462890625,0,0.0,0.0
2022-03-16 00:00:00+09:00,26092.462890625,26092.462890625,26092.462890625,26092.462890625,0,0.0,0.0
2022-03-17 00:00:00+09:00,26092.462890625,26092.462890625,26092.462890625,26092.462890625,0,0.0,0.0
2022-03-18 00:00:00+09:00,27410.72134775246,27728.92209308292,27183.43510108785,27683.46484375,2029415,0.0,0.0
2022-03-21 00:00:00+09:00,27683.46484375,27683.46484375,27683.46484375,27683.46484375,0,0.0,0.0
2022-03-22 00:00:00+09:00,26819.77733070743,27365.26432726419,26774.320080994366,27228.892578125,1160227,0.0,0.0
2022-03-23 00:00:00+09:00,27501.636519184467,27547.0937696294,27092.52126518007,27137.978515625,1254093,0.0,0.0
2022-03-24 00:00:00+09:00,27001.60611328125,27319.806858723958,26865.234365234377,27274.349609375,1025551,0.0,0.0
2022-03-25 00:00:00+09:00,27319.807960215338,27365.26521139706,27047.064453125,27047.064453125,852293,0.0,0.0
2022-03-28 00:00:00+09:00,26956.149950761555,27319.807960215338,26865.23544839811,27047.064453125,1516938,0.0,0.0
2022-03-29 00:00:00+09:00,27274.352006688965,27501.638273411372,26910.693979933112,27183.4375,1691751,0.0,0.0
2022-03-30 00:00:00+09:00,27365.265404747097,27638.00891376451,27319.808153244197,27410.72265625,2065532,0.0,0.0
2022-03-31 00:00:00+09:00,27319.805990661218,27547.09223018419,27228.89149485203,27456.177734375,1423513,0.0,0.0
2022-04-01 00:00:00+09:00,27683.467369666465,28365.326171875,27501.63835574419,28365.326171875,6836054,0.0,0.0
2022-04-04 00:00:00+09:00,29001.726342429578,29456.298855633802,28774.440085827468,29047.18359375,5382540,0.0,0.0
2022-04-05 00:00:00+09:00,29092.638671875,29274.467663574218,28683.52344055176,29092.638671875,2397595,0.0,0.0
2022-04-06 00:00:00+09:00,28956.268002717392,29592.669497282608,28910.81075310559,29274.46875,3162831,0.0,0.0
2022-04-07 00:00:00+09:00,29274.468541175316,29410.840289037933,28683.524300437304,28910.810546875,2795269,0.0,0.0
2022-04-08 00:00:00+09:00,28956.268454408568,29001.725704729462,28138.037948632504,28774.439453125,2214115,0.0,0.0
2022-04-11 00:00:00+09:00,28819.895178104904,28865.352426019894,28092.579211465032,28274.408203125,1904653,0.0,0.0
2022-04-12 00:00:00+09:00,28092.580933988764,28592.610691713486,28047.123683286518,28319.8671875,1845820,0.0,0.0
2022-04-13 00:00:00+09:00,28365.323781948882,28501.69553090056,27956.20853509385,28456.23828125,1524278,0.0,0.0
2022-04-14 00:00:00+09:00,29047.183398747027,29229.012402808043,28456.23913554873,28683.525390625,3142674,0.0,0.0
2022-04-15 00:00:00+09:00,28410.782321268878,29047.183845265303,28319.86781784082,28592.611328125,1695611,0.0,0.0
2022-04-18 00:00:00+09:00,28819.896278454475,29183.554275658946,28456.23828125,28456.23828125,2046864,0.0,0.0
2022-04-19 00:00:00+09:00,28456.23806319777,28638.067060406698,28183.49456738437,28501.6953125,1509847,0.0,0.0
2022-04-20 00:00:00+09:00,28819.89758669515,28910.81209012321,28547.15407641097,28592.611328125,1558389,0.0,0.0
2022-04-21 00:00:00+09:00,28728.981549724842,28910.810546875,28319.866306136988,28910.810546875,1693652,0.0,0.0
2022-04-22 00:00:00+09:00,28728.981779153357,28956.26802740615,28365.323781948882,28456.23828125,1606914,0.0,0.0
2022-04-25 00:00:00+09:00,27910.751323820954,27910.751323820954,27183.43532841194,27228.892578125,2555284,0.0,0.0
2022-04-26 00:00:00+09:00,27319.8094349474,27683.467464031557,27183.43767404084,27547.095703125,1589925,0.0,0.0
2022-04-27 00:00:00+09:00,26728.86347787332,27228.893236813128,26637.948976247902,27092.521484375,1827191,0.0,0.0
2022-04-28 00:00:00+09:00,27183.43532841194,27319.80707755113,26910.691830133557,27228.892578125,968088,0.0,0.0
2022-04-29 00:00:00+09:00,27319.808153244197,27410.72265625,27092.521895729686,27410.72265625,1148380,0.0,0.0
2022-05-02 00:00:00+09:00,27183.43532841194,27365.26432726419,27001.606329559683,27228.892578125,1037874,0.0,0.0
2022-05-03 00:00:00+09:00,27274.349609375,27410.721357421877,27183.435110677085,27274.349609375,857168,0.0,0.0
2022-05-04 00:00:00+09:00,27365.264767849665,27410.7220182946,26956.14951384527,27137.978515625,1283256,0.0,0.0
2022-05-06 00:00:00+09:00,27228.894054175205,27819.838332479507,27183.436801997952,27728.923828125,2673261,0.0,0.0
2022-05-10 00:00:00+09:00,26365.205494037476,26865.235253407154,25956.09023637138,26683.40625,1729641,0.0,0.0
2022-05-11 00:00:00+09:00,26774.322488174956,26865.23699577487,26547.03621917517,26728.865234375,763049,0.0,0.0
2022-05-12 00:00:00+09:00,26456.12004338752,26547.03454525483,25865.17578125,25865.17578125,1803801,0.0,0.0
2022-05-13 00:00:00+09:00,25865.176591981133,26501.578125,25865.176591981133,26501.578125,994000,0.0,0.0
2022-05-16 00:00:00+09:00,26637.94902276168,26774.320775437933,26274.291015625,26274.291015625,968942,0.0,0.0
2022-05-17 00:00:00+09:00,26365.20551740917,26456.120019193342,26183.37651384083,26274.291015625,678064,0.0,0.0
2022-05-18 00:00:00+09:00,26637.948562181664,26819.777562606112,26501.576811863328,26774.3203125,1326406,0.0,0.0
2022-05-19 00:00:00+09:00,26137.919921875,26365.206182065216,26092.462669836958,26137.919921875,1305884,0.0,0.0
2022-05-20 00:00:00+09:00,26274.29145643446,26365.205959743922,26137.91970147027,26183.376953125,852985,0.0,0.0
2022-05-23 00:00:00+09:00,26319.748930027174,26319.748930027174,26001.54816576087,26137.919921875,1001628,0.0,0.0
2022-05-24 00:00:00+09:00,26228.832903850347,26501.57640025087,25956.089407449825,26047.00390625,1024749,0.0,0.0
2022-05-25 00:00:00+09:00,25956.092019599782,26092.463781524122,25819.72025767544,25910.634765625,988866,0.0,0.0
2022-05-26 00:00:00+09:00,25956.089625218534,26183.375874125875,25865.175125655594,26001.546875,953524,0.0,0.0
2022-05-27 00:00:00+09:00,26228.833311226655,26819.777562606112,26092.46156090832,26774.3203125,1854956,0.0,0.0
2022-05-30 00:00:00+09:00,26910.69424957483,27137.980518574615,26637.950726775085,26728.865234375,1240867,0.0,0.0
2022-05-31 00:00:00+09:00,26819.777357196643,26819.777357196643,26410.662109375,26410.662109375,1757408,0.0,0.0
2022-06-02 00:00:00+09:00,26410.662547900476,26456.119798413212,26137.91904482405,26319.748046875,831434,0.0,0.0
2022-06-03 00:00:00+09:00,26592.490017731445,26774.319009305676,26319.746530370096,26637.947265625,1411747,0.0,0.0
2022-06-07 00:00:00+09:00,26819.77825092071,26819.77825092071,26183.376733102254,26228.833984375,1203864,0.0,0.0
2022-06-08 00:00:00+09:00,26228.832903850347,26319.747402650522,25910.632158049735,26047.00390625,1150363,0.0,0.0
2022-06-09 00:00:00+09:00,26001.54927357456,26001.54927357456,25592.433987801534,25910.634765625,1445646,0.0,0.0
2022-06-10 00:00:00+09:00,25683.34724672379,25683.34724672379,25274.231980846776,25365.146484375,1614981,0.0,0.0
2022-06-13 00:00:00+09:00,24774.202275028936,24910.574030671294,24456.001511863426,24546.916015625,1942971,0.0,0.0
2022-06-14 00:00:00+09:00,23819.598704954955,25365.145185810812,23819.598704954955,25228.7734375,2396434,0.0,0.0
2022-06-15 00:00:00+09:00,25092.40349093866,25183.317996340615,24274.172942321096,24456.001953125,1635281,0.0,0.0
2022-06-16 00:00:00+09:00,24910.575389161986,25001.489897881554,24228.716573765214,24274.173828125,1264087,0.0,0.0
2022-06-17 00:00:00+09:00,23592.312689482278,24456.00043726679,23455.94093983209,24365.0859375,1565393,0.0,0.0
2022-06-20 00:00:00+09:00,24637.829250919116,24683.28650045956,23137.740016084557,23183.197265625,2145840,0.0,0.0
2022-06-21 00:00:00+09:00,23092.284234045106,23774.143020483447,23092.284234045106,23683.228515625,1365216,0.0,0.0
2022-06-22 00:00:00+09:00,23774.144260636294,23819.60151543675,22592.25563582455,22637.712890625,1608258,0.0,0.0
2022-06-23 00:00:00+09:00,22683.169299885903,23046.827324733775,22274.05402193205,22410.42578125,1971371,0.0,0.0
2022-06-24 00:00:00+09:00,22410.42425,22955.91125,22274.052499999998,22728.625,1220696,0.0,0.0
2022-06-27 00:00:00+09:00,23001.369361076733,23137.741116181933,22592.25409576114,22955.912109375,1083463,0.0,0.0
2022-06-28 00:00:00+09:00,22955.91339351624,23228.65691898376,22819.54163078248,23092.28515625,956215,0.0,0.0
2022-06-29 00:00:00+09:00,22683.16986804872,23274.114173228347,22683.16986804872,23092.28515625,960419,0.0,0.0
2022-06-30 00:00:00+09:00,23001.367621527777,23274.11111111111,22819.538628472223,22910.453125,977737,0.0,0.0
2022-07-01 00:00:00+09:00,23137.742410494586,23410.485935962108,22819.54163078248,23092.28515625,1275267,0.0,0.0
2022-07-04 00:00:00+09:00,23001.37002770169,23228.656292797557,22455.88299147161,22819.541015625,1056801,0.0,0.0
2022-07-05 00:00:00+09:00,22910.45398452849,23365.026484221515,22774.08223462058,23137.740234375,927576,0.0,0.0
2022-07-06 00:00:00+09:00,23455.939886308366,23865.05511688351,23228.653647099953,23365.025390625,1726890,0.0,0.0
2022-07-07 00:00:00+09:00,23728.68558114035,23774.1428332115,23001.36954800195,23319.5703125,1206489,0.0,0.0
2022-07-08 00:00:00+09:00,23455.94233039264,23455.94233039264,22864.998046875,22864.998046875,1091128,0.0,0.0
2022-07-11 00:00:00+09:00,22774.082055512423,22819.539305124224,21910.3943128882,21955.8515625,2521167,0.0,0.0
2022-07-12 00:00:00+09:00,21637.651047172305,21864.937297667813,21183.078546181292,21501.279296875,2002666,0.0,0.0
2022-07-13 00:00:00+09:00,21955.85281723485,22592.254348169194,21955.85281723485,22501.33984375,2621899,0.0,0.0
2022-07-14 00:00:00+09:00,22319.510398327464,22774.082911531692,22092.224141725354,22592.25390625,1574427,0.0,0.0
2022-07-15 00:00:00+09:00,22592.254158912987,22683.168662570584,22092.2243887962,22137.681640625,988600,0.0,0.0
2022-07-18 00:00:00+09:00,22183.137152777777,23046.824869791668,22183.137152777777,22910.453125,1354391,0.0,0.0
2022-07-19 00:00:00+09:00,22592.252387152777,23001.367621527777,22455.88064236111,22910.453125,962430,0.0,0.0
2022-07-20 00:00:00+09:00,23319.56901424632,23365.026263786764,23092.28276654412,23183.197265625,1078023,0.0,0.0
2022-07-21 00:00:00+09:00,23001.3689210429,23183.197924371303,22864.997168546597,23046.826171875,630210,0.0,0.0
2022-07-22 00:00:00+09:00,23046.825972257015,23183.197723572146,22683.16796875,22683.16796875,717097,0.0,0.0
2022-07-25 00:00:00+09:00,22728.62650958665,22910.455521663345,22592.254750529133,22819.541015625,422593,0.0,0.0
2022-07-26 00:00:00+09:00,22819.539280813373,22955.91102950349,22637.71028255988,22774.08203125,463250,0.0,0.0
2022-07-27 00:00:00+09:00,22728.624131944445,22910.453125,22546.79513888889,22910.453125,587232,0.0,0.0
2022-07-28 00:00:00+09:00,23001.36872181864,23137.74047313377,22683.16796875,22683.16796875,665078,0.0,0.0
2022-07-29 00:00:00+09:00,22864.99544528162,23046.824434906128,22774.080950469368,23001.3671875,995552,0.0,0.0
2022-08-01 00:00:00+09:00,23046.827280720867,23046.827280720867,22774.083762605827,22819.541015625,633618,0.0,0.0
2022-08-02 00:00:00+09:00,22955.91125,23001.3685,22592.253249999998,22728.625,833076,0.0,0.0
2022-08-03 00:00:00+09:00,22728.62650958665,22910.455521663345,22410.42573845244,22819.541015625,839783,0.0,0.0
2022-08-04 00:00:00+09:00,23001.368245442707,24228.71398185961,23001.368245442707,24001.427734375,3926074,0.0,0.0
2022-08-05 00:00:00+09:00,24274.172148058253,24319.629399271842,23274.11262135922,23410.484375,3213921,0.0,0.0
2022-08-08 00:00:00+09:00,23455.942068713448,23910.51458942495,23319.5703125,23319.5703125,1570055,0.0,0.0
2022-08-09 00:00:00+09:00,23501.398218810325,23637.76996862934,23319.56921905164,23546.85546875,1154188,0.0,0.0
2022-08-10 00:00:00+09:00,23501.399767612525,23592.314273483367,23137.741744129158,23228.65625,893771,0.0,0.0
2022-08-11 00:00:00+09:00,23546.855250481694,23592.3125,23410.48350192678,23592.3125,935164,0.0,0.0
2022-08-12 00:00:00+09:00,23683.225913943224,23819.59765625,23501.396924200857,23819.59765625,1241748,0.0,0.0
2022-08-16 00:00:00+09:00,24046.884115807097,24592.371090078712,23865.055124383223,24183.255859375,2192305,0.0,0.0
2022-08-17 00:00:00+09:00,24501.458763744213,24592.373267505787,24274.172504340277,24546.916015625,1815545,0.0,0.0
2022-08-18 00:00:00+09:00,24274.172759433965,24365.087264150945,24001.42924528302,24092.34375,1035050,0.0,0.0
2022-08-19 00:00:00+09:00,24092.341140863547,24183.25563573473,23774.140408814408,23819.59765625,761352,0.0,0.0
2022-08-22 00:00:00+09:00,23501.3984375,23546.85568786267,23274.112185686652,23501.3984375,762711,0.0,0.0
2022-08-23 00:00:00+09:00,23183.196177124508,23365.025166749012,22955.909940093872,23001.3671875,1162778,0.0,0.0
2022-08-24 00:00:00+09:00,23092.28296935328,23637.76996862934,22910.453969594593,23546.85546875,1126873,0.0,0.0
2022-08-25 00:00:00+09:00,23865.054903685592,24046.88389342796,23546.85417163645,23819.59765625,1014875,0.0,0.0
2022-08-26 00:00:00+09:00,23955.970703125,24137.799702769214,23774.14170348079,23955.970703125,885631,0.0,0.0
2022-08-29 00:00:00+09:00,23183.19899706458,23501.399767612525,23183.19899706458,23228.65625,1118202,0.0,0.0
2022-08-30 00:00:00+09:00,23274.113026819923,23774.142798880508,23228.655774814415,23728.685546875,913346,0.0,0.0
2022-08-31 00:00:00+09:00,23592.312478177373,24410.54296875,23501.39797922486,24410.54296875,1993237,0.0,0.0
2022-09-01 00:00:00+09:00,24274.17234554254,24592.373106626434,23774.142578125,23774.142578125,1508726,0.0,0.0
2022-09-02 00:00:00+09:00,24001.428836042065,24137.800590792303,23592.313571791346,23774.142578125,969689,0.0,0.0
2022-09-05 00:00:00+09:00,23683.22877935421,23728.68603228963,23137.741744129158,23228.65625,1001293,0.0,0.0
2022-09-06 00:00:00+09:00,23228.65602874756,23410.485038757324,23092.284271240234,23274.11328125,675537,0.0,0.0
2022-09-07 00:00:00+09:00,23092.281682312252,23137.73892971838,22546.794713438736,23001.3671875,1368855,0.0,0.0
2022-09-08 00:00:00+09:00,23410.48241415514,23501.396908967392,22910.452692687748,23001.3671875,968347,0.0,0.0
2022-09-13 00:00:00+09:00,23365.026241418087,24046.88498387192,23319.568991921165,24001.427734375,1551934,0.0,0.0
2022-09-14 00:00:00+09:00,23319.57071439303,23637.771484375,23183.198955829328,23637.771484375,1207675,0.0,0.0
2022-09-15 00:00:00+09:00,23637.771076998048,23728.68558114035,23274.11306042885,23319.5703125,875836,0.0,0.0
2022-09-16 00:00:00+09:00,23228.654719172297,23592.31271868967,23092.28296935328,23546.85546875,1057438,0.0,0.0
2022-09-19 00:00:00+09:00,23455.940774700597,23501.398024263974,22728.624781686627,22774.08203125,1068843,0.0,0.0
2022-09-20 00:00:00+09:00,23046.825933873308,23774.141939676014,23001.36868351064,23501.3984375,1288798,0.0,0.0
2022-09-21 00:00:00+09:00,23410.483718930984,24092.34246802606,23410.483718930984,23546.85546875,1237199,0.0,0.0
2022-09-22 00:00:00+09:00,23183.19899706458,23501.399767612525,22864.998226516633,23228.65625,1232628,0.0,0.0
2022-09-23 00:00:00+09:00,23228.654783130187,23228.654783130187,21864.937281185168,21910.39453125,2252706,0.0,0.0
2022-09-26 00:00:00+09:00,21364.908034975164,21546.737039528143,20410.305761072017,20592.134765625,2367548,0.0,0.0
2022-09-27 00:00:00+09:00,20546.677274568036,21046.70703125,20092.104768493522,21046.70703125,2168423,0.0,0.0
2022-09-28 00:00:00+09:00,20773.96334606222,21001.24959711323,19910.275592068385,20273.93359375,2017579,0.0,0.0
2022-09-29 00:00:00+09:00,20501.218745581165,20773.962232218608,20001.189020079186,20092.103515625,1290024,0.0,0.0
2022-09-30 00:00:00+09:00,19819.360028987558,20319.389754489537,19773.90278121465,20092.103515625,1179088,0.0,0.0
2022-10-04 00:00:00+09:00,20228.475032402075,20273.9322796659,19592.073570708526,19728.4453125,1627706,0.0,0.0
2022-10-05 00:00:00+09:00,20319.39063837757,20319.39063837757,19455.702893122147,19910.275390625,1653155,0.0,0.0
2022-10-06 00:00:00+09:00,19910.277121298408,20183.020643507974,19773.90536019362,19955.734375,924850,0.0,0.0
2022-10-07 00:00:00+09:00,19819.362350361916,20455.76389372216,19773.905097264753,20410.306640625,1207624,0.0,0.0
2022-10-11 00:00:00+09:00,20092.104629088783,20137.56187938084,19092.045122663552,19455.703125,1536463,0.0,0.0
2022-10-12 00:00:00+09:00,19501.159294577206,20092.103515625,19273.87305571267,20092.103515625,1305719,0.0,0.0
2022-10-13 00:00:00+09:00,20001.18923611111,20001.18923611111,18682.929036458332,18819.30078125,2604598,0.0,0.0
2022-10-14 00:00:00+09:00,19228.416451714667,19319.330950304335,18819.301208061162,19137.501953125,1866185,0.0,0.0
2022-10-17 00:00:00+09:00,18910.216334894612,19546.617846165103,18546.55832845433,19410.24609375,935143,0.0,0.0
2022-10-18 00:00:00+09:00,19682.990165084535,20592.13520735172,19682.990165084535,20501.220703125,2167700,0.0,0.0
2022-10-19 00:00:00+09:00,20683.048811287714,21273.993063038793,20592.13431101832,21092.1640625,2041230,0.0,0.0
2022-10-20 00:00:00+09:00,20819.42057864011,21319.450330528845,20546.67707760989,20683.048828125,1425325,0.0,0.0
2022-10-21 00:00:00+09:00,20864.87649409562,20864.87649409562,19592.073570708526,19728.4453125,2355433,0.0,0.0
2022-10-24 00:00:00+09:00,20092.105912642048,20410.306685014206,19819.362393465908,20001.19140625,1493662,0.0,0.0
2022-10-25 00:00:00+09:00,20228.476809446838,20228.476809446838,19546.61804058908,19773.904296875,1320507,0.0,0.0
2022-10-26 00:00:00+09:00,19773.90536019362,20092.106136104783,19773.90536019362,19955.734375,1017707,0.0,0.0
2022-10-27 00:00:00+09:00,20228.477585971617,20819.421875,20183.020332969434,20819.421875,1221462,0.0,0.0
2022-10-28 00:00:00+09:00,20819.420778212745,21364.90778550216,20683.04902639039,21046.70703125,1349215,0.0,0.0
2022-10-31 00:00:00+09:00,21410.367250913147,21410.367250913147,20364.850378787876,21001.251953125,1319897,0.0,0.0
2022-11-01 00:00:00+09:00,20910.335904184438,21410.36567580624,20728.506896321964,21319.451171875,1044739,0.0,0.0
2022-11-02 00:00:00+09:00,21137.622871649342,21228.53737862418,20683.050336775163,20773.96484375,1136195,0.0,0.0
2022-11-03 00:00:00+09:00,20046.64711400082,21001.24935752467,20046.64711400082,20728.505859375,1297311,0.0,0.0
2022-11-04 00:00:00+09:00,21455.822677453027,21819.48068893528,21228.536420276618,21774.0234375,3409108,0.0,0.0
2022-11-07 00:00:00+09:00,21819.480031120333,22092.223531509335,21592.193780796162,21910.39453125,1441787,0.0,0.0
2022-11-08 00:00:00+09:00,22183.139515720082,22546.797540567954,21910.39599708418,22410.42578125,1631440,0.0,0.0
2022-11-09 00:00:00+09:00,22592.254570470646,22637.71182312753,22274.05380187247,22455.8828125,1327758,0.0,0.0
2022-11-10 00:00:00+09:00,22274.052515593175,22683.16776587958,22228.595265561355,22319.509765625,1479600,0.0,0.0
2022-11-11 00:00:00+09:00,23092.284198113208,24183.258254716984,23092.284198113208,24092.34375,3788481,0.0,0.0
2022-11-14 00:00:00+09:00,24092.34492338905,24228.716687106345,23365.028850230137,23455.943359375,1859458,0.0,0.0
2022-11-15 00:00:00+09:00,23410.484565457697,23819.59982970841,23183.19830754063,23774.142578125,1156668,0.0,0.0
2022-11-16 00:00:00+09:00,23819.599635922328,23865.05688713592,23274.11262135922,23410.484375,1312864,0.0,0.0
2022-11-17 00:00:00+09:00,23183.196177124508,23637.768651185772,23001.3671875,23001.3671875,791598,0.0,0.0
2022-11-18 00:00:00+09:00,23046.824869791668,23365.02560763889,22819.538628472223,22910.453125,829212,0.0,0.0
2022-11-21 00:00:00+09:00,23092.2843097664,23228.65606750124,22683.169036561878,22864.998046875,741133,0.0,0.0
2022-11-22 00:00:00+09:00,22819.538628472223,22819.538628472223,22046.76540798611,22092.22265625,1449024,0.0,0.0
2022-11-23 00:00:00+09:00,22274.05397939492,22864.998268644173,22046.767714299054,22819.541015625,1105110,0.0,0.0
2022-11-24 00:00:00+09:00,23183.19727732036,23183.19727732036,22546.795783433132,22774.08203125,770002,0.0,0.0
2022-11-25 00:00:00+09:00,22864.996530376746,23001.368279066864,22637.71028255988,22774.08203125,510806,0.0,0.0
2022-11-28 00:00:00+09:00,22728.625015911406,22728.625015911406,22319.509765625,22319.509765625,681984,0.0,0.0
2022-11-29 00:00:00+09:00,22364.966145833332,23410.482855902777,22364.966145833332,22910.453125,2211295,0.0,0.0
2022-11-30 00:00:00+09:00,22864.996734559183,23137.740234375,22637.710484712672,23137.740234375,1528847,0.0,0.0
2022-12-01 00:00:00+09:00,23546.855261948527,23546.855261948527,23046.825517003675,23183.197265625,1138052,0.0,0.0
2022-12-02 00:00:00+09:00,23183.1975,23183.1975,22728.625,22728.625,795301,0.0,0.0
2022-12-05 00:00:00+09:00,22864.997791788497,23637.771076998048,22637.711531432746,23319.5703125,1597359,0.0,0.0
2022-12-06 00:00:00+09:00,23137.74156234468,23410.485077814363,22774.08354171844,22864.998046875,1174277,0.0,0.0
2022-12-07 00:00:00+09:00,22728.626214611326,23910.514777771114,22683.168962182102,23683.228515625,2445614,0.0,0.0
2022-12-08 00:00:00+09:00,23683.22873722957,23683.22873722957,23092.284450120194,23637.771484375,2160886,0.0,0.0
2022-12-09 00:00:00+09:00,23728.685768054223,23910.514777771114,23455.942253478886,23683.228515625,1324300,0.0,0.0
2022-12-12 00:00:00+09:00,23546.85679626465,23683.228553771973,23046.827018737793,23274.11328125,1097222,0.0,0.0
2022-12-13 00:00:00+09:00,23455.942514677103,23546.857020547945,22910.455479452055,23228.65625,989962,0.0,0.0
2022-12-14 00:00:00+09:00,23183.198367883666,23319.570122988862,22864.997605971537,22955.912109375,1065370,0.0,0.0
2022-12-15 00:00:00+09:00,23001.369168133802,23183.198173415494,22546.796654929578,22592.25390625,1143521,0.0,0.0
2022-12-16 00:00:00+09:00,22274.05380187247,22501.34006515688,22001.310285931173,22455.8828125,1245099,0.0,0.0
2022-12-19 00:00:00+09:00,22455.88129604929,22683.16754398501,22228.59504811357,22364.966796875,739463,0.0,0.0
2022-12-20 00:00:00+09:00,22183.138452198364,22637.710961464723,22092.22395034509,22228.595703125,880920,0.0,0.0
2022-12-21 00:00:00+09:00,22410.424265688645,22455.88151572047,22137.68076549771,22319.509765625,707328,0.0,0.0
2022-12-22 00:00:00+09:00,22410.426616622743,22728.627400225905,22410.426616622743,22637.712890625,980130,0.0,0.0
2022-12-23 00:00:00+09:00,22364.96570824795,22592.251945120388,22183.13671875,22183.13671875,801714,0.0,0.0
2022-12-26 00:00:00+09:00,22228.594401041668,22501.337890625,22001.308159722223,22092.22265625,821469,0.0,0.0
2022-12-27 00:00:00+09:00,22319.511319247158,22410.425825639206,21864.938787286934,22001.310546875,1557794,0.0,0.0
2022-12-28 00:00:00+09:00,22564.243284625773,22892.62104552469,22376.598849826387,22798.798828125,1199728,750.0,0.0
2022-12-29 00:00:00+09:00,22611.152684163942,22658.06378931781,21438.375055317265,21532.197265625,2038736,0.0,0.0
2023-01-02 00:00:00+09:00,21532.19811312638,21719.84254112748,21109.998150123898,21297.642578125,1083432,0.0,0.0
2023-01-03 00:00:00+09:00,21297.642526272124,21438.37584693031,20875.442564297566,21203.8203125,916239,0.0,0.0
2023-01-04 00:00:00+09:00,21063.088170248102,21719.84370339615,20969.265951226953,21626.021484375,1251489,0.0,0.0
2023-01-05 00:00:00+09:00,21766.75490591398,22048.221564180105,21485.288247647848,21813.666015625,1376605,0.0,0.0
2023-01-06 00:00:00+09:00,21579.108480696545,22048.21953462473,21532.197375303727,21719.841796875,1029974,0.0,0.0
2023-01-09 00:00:00+09:00,22048.219912866876,22517.330974842767,22001.308806669287,22376.59765625,1183655,0.0,0.0
2023-01-10 00:00:00+09:00,22376.598558643196,22611.15409909019,22095.131910106804,22235.865234375,1011348,0.0,0.0
2023-01-11 00:00:00+09:00,22235.865234375,22470.420774821992,22095.131910106804,22235.865234375,859928,0.0,0.0
2023-01-12 00:00:00+09:00,22470.42072464248,22470.42072464248,22142.04296875,22142.04296875,967413,0.0,0.0
2023-01-13 00:00:00+09:00,22517.332223360656,23127.17663774334,22517.332223360656,22892.62109375,2012064,0.0,0.0
2023-01-16 00:00:00+09:00,22892.62109375,22986.443311347335,22564.243332159323,22892.62109375,884540,0.0,0.0
2023-01-17 00:00:00+09:00,22939.53125,23033.35346370143,22658.064608895704,22939.53125,957519,0.0,0.0
2023-01-18 00:00:00+09:00,22986.442511047982,23361.731368371213,22939.531403882578,23220.998046875,1315014,0.0,0.0
2023-01-19 00:00:00+09:00,23127.176781534665,23361.732326986337,22986.443454263663,23174.087890625,996493,0.0,0.0
2023-01-20 00:00:00+09:00,23080.265577168368,23127.17668606505,22704.976705994897,22986.443359375,1382814,0.0,0.0
2023-01-25 00:00:00+09:00,23127.17658902392,23174.087697723764,22704.97661072531,22798.798828125,4975,0.0,0.0
2023-01-26 00:00:00+09:00,22892.62104552469,22939.532154224536,22704.97661072531,22798.798828125,8041,0.0,0.0
2023-01-27 00:00:00+09:00,22892.620091119097,23361.731158560062,22798.797877630903,22845.708984375,10487,0.0,0.0
2023-01-30 00:00:00+09:00,23314.8210238233,23408.64324122299,22798.798828125,22798.798828125,7799,0.0,0.0
2023-01-31 00:00:00+09:00,22751.88671875,23080.264465206186,22751.88671875,22751.88671875,6628,0.0,0.0
2023-02-01 00:00:00+09:00,22798.797877630903,23127.17562483958,22611.153450654518,22845.708984375,9721,0.0,0.0
2023-02-02 00:00:00+09:00,23127.17644042969,23174.087548828127,22517.33203125,22517.33203125,17744,0.0,0.0
2023-02-03 00:00:00+09:00,22564.241125130753,22611.152229341005,22235.863395659,22423.5078125,12383,0.0,0.0
2023-02-06 00:00:00+09:00,22329.68655005241,22517.330974842767,22048.219912866876,22376.59765625,9974,0.0,0.0
2023-02-07 00:00:00+09:00,22188.955123355263,22235.86623355263,21954.39957236842,22282.77734375,9945,0.0,0.0
2023-02-08 00:00:00+09:00,22048.219807082452,22329.686442917548,22001.308701109934,22188.953125,7603,0.0,0.0
2023-02-09 00:00:00+09:00,22142.04201902748,22376.597548890062,22001.308701109934,22188.953125,8746,0.0,0.0
2023-02-10 00:00:00+09:00,22048.22065304487,22470.420622996793,21860.576221955125,21954.3984375,8413,0.0,0.0
2023-02-13 00:00:00+09:00,22001.310546875,22048.22165678305,21672.932777518658,22001.310546875,10005,0.0,0.0
2023-02-14 00:00:00+09:00,22095.13171019984,22188.953925529775,21860.576171875,21860.576171875,8368,0.0,0.0
2023-02-15 00:00:00+09:00,21907.4871778612,22048.220500202922,21626.020533177758,21672.931640625,3932,0.0,0.0
2023-02-16 00:00:00+09:00,21766.754006410254,22142.042868589742,21766.754006410254,21954.3984375,8566,0.0,0.0
2023-02-17 00:00:00+09:00,21813.664277219872,22235.864230972515,21766.753171247357,22188.953125,8215,0.0,0.0
2023-02-20 00:00:00+09:00,22142.04387659915,22142.04387659915,21813.666107242803,22001.310546875,8028,0.0,0.0
2023-02-21 00:00:00+09:00,22188.954026761967,22235.865134640957,21954.39848736702,22048.220703125,2943,0.0,0.0
2023-02-22 00:00:00+09:00,21766.753804347827,21954.39823369565,21579.109375,21579.109375,15722,0.0,0.0
2023-02-23 00:00:00+09:00,21579.110374864427,21907.48814143845,21579.110374864427,21626.021484375,6225,0.0,0.0
2023-02-24 00:00:00+09:00,21672.932593885576,21907.48814143845,21626.021484375,21626.021484375,7282,0.0,0.0
2023-02-27 00:00:00+09:00,21532.19926535385,21672.932593885576,21203.821498779827,21626.021484375,818558,0.0,0.0
2023-02-28 00:00:00+09:00,21672.932451923076,21860.576888736265,21344.5546875,21344.5546875,1247981,0.0,0.0
2023-03-02 00:00:00+09:00,21672.931840093086,22282.776242519947,21626.020732214096,22048.220703125,1898277,0.0,0.0
2023-03-03 00:00:00+09:00,22095.131760817305,22188.95397636218,21813.66511418269,21954.3984375,953001,0.0,0.0
2023-03-06 00:00:00+09:00,22188.9541262856,22235.865234375,22001.309693928008,22235.865234375,1139727,0.0,0.0
2023-03-07 00:00:00+09:00,22235.866096415248,22235.866096415248,22001.310546875,22001.310546875,1284782,0.0,0.0
2023-03-08 00:00:00+09:00,21954.39863445378,22376.59860819328,21766.754201680673,22329.6875,1870525,0.0,0.0
2023-03-09 00:00:00+09:00,22376.597494526275,22423.50860038482,22001.30864765791,22095.130859375,1537126,0.0,0.0
2023-03-10 00:00:00+09:00,21860.57607041396,21907.4871778612,21579.10942573052,21672.931640625,953928,0.0,0.0
2023-03-13 00:00:00+09:00,21579.108480696545,21813.664007660638,21391.464059125272,21719.841796875,1054255,0.0,0.0
2023-03-14 00:00:00+09:00,21485.2857619382,21672.930179073035,20875.44140625,20875.44140625,1608222,0.0,0.0
2023-03-15 00:00:00+09:00,21109.99885369639,21297.64328795147,20734.709985186233,20781.62109375,979609,0.0,0.0
2023-03-16 00:00:00+09:00,20547.065645973154,21016.17673378076,20312.51010206935,20969.265625,957044,0.0,0.0
2023-03-17 00:00:00+09:00,21156.909257124174,21485.287006126102,20969.264829123073,21297.642578125,1003611,0.0,0.0
2023-03-20 00:00:00+09:00,21109.999141483517,21579.110233516483,21109.999141483517,21344.5546875,594698,0.0,0.0
2023-03-21 00:00:00+09:00,21438.375899125826,21532.19811312638,21250.731471124724,21297.642578125,516665,0.0,0.0
2023-03-22 00:00:00+09:00,21532.19811312638,21532.19811312638,21250.731471124724,21297.642578125,569458,0.0,0.0
2023-03-23 00:00:00+09:00,21203.82135989011,21485.28801510989,21109.999141483517,21344.5546875,722389,0.0,0.0
2023-03-24 00:00:00+09:00,21250.73152240954,21391.46484375,21063.087093955593,21391.46484375,785323,0.0,0.0
2023-03-27 00:00:00+09:00,21344.55459222561,21344.55459222561,21016.176829268294,21156.91015625,634094,0.0,0.0
2023-03-28 00:00:00+09:00,21203.82036412445,21391.464792125553,21156.909257124174,21297.642578125,613513,0.0,0.0
2023-03-29 00:00:00+09:00,21297.64273097826,21766.753804347827,21297.64273097826,21579.109375,1303486,0.0,0.0
2023-03-30 00:00:00+09:00,21813.66511418269,22048.22065304487,21579.10957532051,21954.3984375,1242006,0.0,0.0
2023-03-31 00:00:00+09:00,22048.220551589442,22048.220551589442,21766.75390625,21766.75390625,1042796,0.0,0.0
2023-04-03 00:00:00+09:00,21719.841796875,21907.486218446276,21672.930691482183,21719.841796875,871385,0.0,0.0
2023-04-04 00:00:00+09:00,21672.930691482183,21907.486218446276,21672.930691482183,21719.841796875,753418,0.0,0.0
2023-04-05 00:00:00+09:00,21719.84269701087,21860.576019021737,21579.109375,21579.109375,827598,0.0,0.0
2023-04-06 00:00:00+09:00,21532.19816509046,21579.109272203947,21297.642629523027,21391.46484375,799121,0.0,0.0
2023-04-07 00:00:00+09:00,21344.5546875,21532.199124313185,21250.732469093407,21344.5546875,761073,0.0,0.0
2023-04-10 00:00:00+09:00,21344.553685125276,21485.287006126102,21203.82036412445,21297.642578125,822547,0.0,0.0
2023-04-11 00:00:00+09:00,21438.377046332702,21719.84370339615,21297.643717800976,21626.021484375,1007981,0.0,0.0
2023-04-12 00:00:00+09:00,21672.931640625,21766.75385551948,21485.28721083604,21672.931640625,929724,0.0,0.0
2023-04-13 00:00:00+09:00,21485.288247647848,21813.666015625,21485.288247647848,21813.666015625,955209,0.0,0.0
2023-04-14 00:00:00+09:00,21813.664007660638,21860.575113053455,21626.019586089362,21719.841796875,1075174,0.0,0.0
2023-04-17 00:00:00+09:00,21672.930799986618,21907.486328125,21485.28637747591,21907.486328125,1133175,0.0,0.0
2023-04-18 00:00:00+09:00,21813.665013806574,21860.57612136315,21532.198368467136,21766.75390625,1180600,0.0,0.0
2023-04-19 00:00:00+09:00,21766.754997334756,22095.1327666911,21672.932777518658,22001.310546875,1528205,0.0,0.0
2023-04-20 00:00:00+09:00,22095.130859375,22470.419706243367,21860.575330082273,22095.130859375,1711027,0.0,0.0
2023-04-21 00:00:00+09:00,22001.310454469087,22048.221564180105,21579.11046706989,21813.666015625,875469,0.0,0.0
2023-04-24 00:00:00+09:00,21813.6638965482,21813.6638965482,21485.286160471132,21532.197265625,850547,0.0,0.0
2023-04-25 00:00:00+09:00,21391.464792125553,21579.10922012665,21297.642578125,21297.642578125,866428,0.0,0.0
2023-04-26 00:00:00+09:00,21532.197097475164,21532.197097475164,21203.81936396247,21250.73046875,615070,0.0,0.0
2023-04-27 00:00:00+09:00,21250.73046875,21391.46378311258,20969.263840024832,21250.73046875,893459,0.0,0.0
2023-04-28 00:00:00+09:00,21250.732515898526,21438.376953125,21063.088078672048,21438.376953125,818438,0.0,0.0
2023-05-02 00:00:00+09:00,21438.376103388797,21672.931640625,21391.46499594156,21672.931640625,686398,0.0,0.0
2023-05-03 00:00:00+09:00,21532.197265625,21719.841686240467,21485.286160471132,21532.197265625,408202,0.0,0.0
2023-05-04 00:00:00+09:00,21579.110281044857,21579.110281044857,21156.910297285285,21438.376953125,662971,0.0,0.0
2023-05-08 00:00:00+09:00,21438.376953125,21532.19917173824,21344.554734511763,21438.376953125,636230,0.0,0.0
2023-05-09 00:00:00+09:00,21485.287006126102,21532.19811312638,21297.642578125,21297.642578125,632883,0.0,0.0
2023-05-10 00:00:00+09:00,21344.552678325053,21438.37488790011,21203.81936396247,21250.73046875,626567,0.0,0.0
2023-05-11 00:00:00+09:00,21297.642629523027,21532.19816509046,21250.73152240954,21391.46484375,784137,0.0,0.0
2023-05-12 00:00:00+09:00,21391.464792125553,21438.375899125826,21250.731471124724,21297.642578125,465149,0.0,0.0
2023-05-15 00:00:00+09:00,21250.731419386062,21250.731419386062,21016.175884955752,21203.8203125,659226,0.0,0.0
2023-05-16 00:00:00+09:00,21203.82222222222,21391.466666666667,21063.088888888888,21110.0,578620,0.0,0.0
2023-05-17 00:00:00+09:00,21016.177777777775,21203.82222222222,21016.177777777775,21110.0,470950,0.0,0.0
2023-05-18 00:00:00+09:00,21203.82213424888,21203.82213424888,20828.53324691704,20922.35546875,861638,0.0,0.0
2023-05-19 00:00:00+09:00,20828.532298657716,21016.17673378076,20734.710081096197,20969.265625,862710,0.0,0.0
2023-05-22 00:00:00+09:00,20969.26477806969,21297.642526272124,20922.353671183628,21203.8203125,854220,0.0,0.0
2023-05-23 00:00:00+09:00,21203.821265243903,21391.465701219513,21109.999047256097,21156.91015625,628497,0.0,0.0
2023-05-24 00:00:00+09:00,21063.08784256152,21156.910060123042,20922.35451621924,20969.265625,583473,0.0,0.0
2023-05-25 00:00:00+09:00,20875.443261940192,20922.35437039399,20687.798828125,20687.798828125,1103892,0.0,0.0
2023-05-26 00:00:00+09:00,20640.886665239726,20687.79777129709,20547.064453125,20547.064453125,732933,0.0,0.0
2023-05-30 00:00:00+09:00,20547.064559177037,20781.620090674493,20547.064559177037,20734.708984375,751222,0.0,0.0
2023-05-31 00:00:00+09:00,20734.708984375,20922.353409572963,20687.79787807551,20734.708984375,989874,0.0,0.0
2023-06-01 00:00:00+09:00,20781.62191352494,20828.53302393922,20453.244140625,20453.244140625,712081,0.0,0.0
2023-06-02 00:00:00+09:00,20500.152285380747,20547.06338900862,20359.418974497126,20406.330078125,798647,0.0,0.0
2023-06-05 00:00:00+09:00,20500.154394309808,20734.709936578798,20453.24328585601,20687.798828125,648883,0.0,0.0
2023-06-07 00:00:00+09:00,20687.8,21250.733333333334,20687.8,21110.0,1375462,0.0,0.0
2023-06-08 00:00:00+09:00,21016.17769058296,21063.088801499438,20781.622136000562,20922.35546875,844111,0.0,0.0
2023-06-09 00:00:00+09:00,21016.177777777775,21156.91111111111,20828.533333333333,21110.0,828957,0.0,0.0
2023-06-12 00:00:00+09:00,21156.909205613938,21203.8203125,21016.175884955752,21203.8203125,648998,0.0,0.0
2023-06-13 00:00:00+09:00,21344.554036458332,22001.309545272434,21297.642928685895,21954.3984375,2710146,0.0,0.0
2023-06-14 00:00:00+09:00,22048.21964500803,22095.130750635704,21766.75301124197,21907.486328125,1372050,0.0,0.0
2023-06-15 00:00:00+09:00,21954.397323839094,22048.21953462473,21672.930691482183,21719.841796875,1000489,0.0,0.0
2023-06-16 00:00:00+09:00,22142.042332474226,22845.708932023197,22095.131225837627,22751.88671875,4389820,0.0,0.0
2023-06-19 00:00:00+09:00,22892.62109375,23127.17663774334,22658.06554975666,22892.62109375,2171860,0.0,0.0
2023-06-20 00:00:00+09:00,22892.62104552469,23080.265480324073,22751.887719425155,22798.798828125,1261379,0.0,0.0
2023-06-21 00:00:00+09:00,22751.88639667019,22751.88639667019,22095.130913054967,22188.953125,1566316,0.0,0.0
2023-06-22 00:00:00+09:00,22188.953925529775,22235.865033194743,21813.665064210032,21860.576171875,844374,0.0,0.0
2023-06-23 00:00:00+09:00,22095.130913054967,22376.597548890062,21813.664277219872,22188.953125,1160273,0.0,0.0
2023-06-26 00:00:00+09:00,21954.39759513742,22282.77533694503,21579.10874735729,22188.953125,791237,0.0,0.0
2023-06-27 00:00:00+09:00,22095.132902960526,22329.68845394737,21860.577351973683,22282.77734375,845519,0.0,0.0
2023-06-28 00:00:00+09:00,22611.154345299587,23033.35432270145,22564.24323669938,22704.9765625,2114330,0.0,0.0
2023-06-29 00:00:00+09:00,22611.154296875,22892.62094787344,22235.865428877074,22611.154296875,1607074,0.0,0.0
2023-06-30 00:00:00+09:00,22658.064557398615,22939.531197863194,22376.597916934035,22845.708984375,1230074,0.0,0.0
2023-07-03 00:00:00+09:00,22892.621141581632,23033.354468271682,22658.065597098215,22986.443359375,1187457,0.0,0.0
2023-07-04 00:00:00+09:00,22939.532438347138,23455.554640436745,22845.71021978539,23361.732421875,1711991,0.0,0.0
2023-07-05 00:00:00+09:00,23408.64200054718,24206.130806177043,23361.730894333657,24112.30859375,3545770,0.0,0.0
2023-07-06 00:00:00+09:00,24112.308486519607,24206.13069852941,23783.930744485293,23924.6640625,1775632,0.0,0.0
2023-07-07 00:00:00+09:00,23783.93148858533,23877.75370353044,23314.82041385978,23502.46484375,1151081,0.0,0.0
2023-07-10 00:00:00+09:00,23502.464944306932,23971.576021039604,23408.642728960396,23690.109375,1028010,0.0,0.0
2023-07-11 00:00:00+09:00,23877.75395593811,24112.309495780333,23783.931740001222,23971.576171875,1068637,0.0,0.0
2023-07-12 00:00:00+09:00,24065.39853572292,24346.865185263538,23830.84299443907,24253.04296875,1415615,0.0,0.0
2023-07-13 00:00:00+09:00,24393.776143590996,24393.776143590996,23877.75395593811,23971.576171875,1812116,0.0,0.0
2023-07-14 00:00:00+09:00,24112.3107264727,24581.421830100575,24065.399616109913,24487.599609375,2083307,0.0,0.0
2023-07-17 00:00:00+09:00,24487.598460254852,24487.598460254852,24018.487378640777,24159.220703125,1403437,0.0,0.0
2023-07-18 00:00:00+09:00,24253.042919447817,24534.509568416262,24112.309594963594,24159.220703125,1237448,0.0,0.0
2023-07-19 00:00:00+09:00,24299.953877087428,24393.776092829077,23737.020582637524,23877.75390625,1663813,0.0,0.0
2023-07-20 00:00:00+09:00,23877.75239955357,24769.063392857144,23877.75239955357,24628.330078125,2186028,0.0,0.0
2023-07-21 00:00:00+09:00,24628.33188448338,24628.33188448338,24112.309692618015,24346.865234375,875926,0.0,0.0
2023-07-24 00:00:00+09:00,24206.132720947266,24253.043830871582,23643.19940185547,24018.48828125,1299670,0.0,0.0
2023-07-25 00:00:00+09:00,23971.575761521464,24299.953511679294,23080.264725378787,23220.998046875,2148177,0.0,0.0
2023-07-26 00:00:00+09:00,23080.264411878885,23220.99773146351,22282.775600899327,22658.064453125,2439472,0.0,0.0
2023-07-27 00:00:00+09:00,22845.71012699266,23361.732326986337,22704.97679972166,23174.087890625,1577764,0.0,0.0
2023-07-28 00:00:00+09:00,22939.531301712068,23314.8201573638,22611.153553016804,23033.353515625,927263,0.0,0.0
2023-07-31 00:00:00+09:00,23080.263671875,23267.908091971545,22798.797041730184,23080.263671875,1166117,0.0,0.0
2023-08-01 00:00:00+09:00,22986.44256161972,23455.553634305834,22845.70923981388,23314.8203125,1137655,0.0,0.0
2023-08-02 00:00:00+09:00,23267.908783783783,23267.908783783783,22517.33108108108,22564.2421875,1346339,0.0,0.0
2023-08-03 00:00:00+09:00,22704.974437761506,23080.263271443517,22188.952291448746,22423.5078125,1234391,0.0,0.0
2023-08-04 00:00:00+09:00,22329.688543841337,22611.155206158663,22095.132991910228,22470.421875,936927,0.0,0.0
2023-08-07 00:00:00+09:00,22329.68845394737,22470.421784539474,22095.132902960526,22282.77734375,878039,0.0,0.0
2023-08-08 00:00:00+09:00,22470.420232147404,23408.642371276732,22470.420232147404,23033.353515625,2254468,0.0,0.0
2023-08-09 00:00:00+09:00,23127.175518407093,23127.175518407093,22611.15334659679,22658.064453125,1381824,0.0,0.0
2023-08-10 00:00:00+09:00,23174.086990694163,23596.286956111668,23033.35366888833,23314.8203125,2537709,0.0,0.0
2023-08-11 00:00:00+09:00,23643.19715625,24018.485999999997,23314.81941796875,23455.552734375,1565510,0.0,0.0
2023-08-14 00:00:00+09:00,23455.552624117943,23737.019255607356,23174.085992628527,23267.908203125,990955,0.0,0.0
2023-08-16 00:00:00+09:00,22939.531197863194,23080.264518095482,22658.064557398615,22845.708984375,959494,0.0,0.0
2023-08-17 00:00:00+09:00,22564.241125130753,22704.974437761506,22142.041187238494,22423.5078125,840602,0.0,0.0
2023-08-18 00:00:00+09:00,22048.219807082452,22423.508654862577,22048.219807082452,22188.953125,681464,0.0,0.0
2023-08-21 00:00:00+09:00,22235.864981815736,22329.68719692888,21672.931691136855,21766.75390625,989976,0.0,0.0
2023-08-22 00:00:00+09:00,21813.665064210032,22001.309494869904,21766.753956545064,21860.576171875,582720,0.0,0.0
2023-08-23 00:00:00+09:00,21766.753956545064,22048.22060253487,21672.93174121513,21860.576171875,532845,0.0,0.0
2023-08-24 00:00:00+09:00,21954.397433752674,22001.308539380352,21813.664116869644,21907.486328125,481579,0.0,0.0
2023-08-25 00:00:00+09:00,21672.930691482183,21813.664007660638,21672.930691482183,21719.841796875,471953,0.0,0.0
2023-08-28 00:00:00+09:00,21907.486218446276,21954.397323839094,21719.841796875,21719.841796875,552539,0.0,0.0
2023-08-29 00:00:00+09:00,21860.57612136315,21954.398336476293,21719.84279869343,21766.75390625,593305,0.0,0.0
2023-08-30 00:00:00+09:00,21954.399250949024,22001.3103604596,21626.021484375,21626.021484375,809173,0.0,0.0
2023-08-31 00:00:00+09:00,21672.931486430924,21719.84259354441,21297.642629523027,21391.46484375,1141081,0.0,0.0
2023-09-01 00:00:00+09:00,21297.642629523027,21532.19816509046,21297.642629523027,21391.46484375,590716,0.0,0.0
2023-09-04 00:00:00+09:00,21438.376103388797,21719.84274807224,21391.46499594156,21672.931640625,571443,0.0,0.0
2023-09-05 00:00:00+09:00,21579.110281044857,21672.932499658098,21391.465843818383,21438.376953125,805409,0.0,0.0
2023-09-06 00:00:00+09:00,21344.55352783203,21391.464634486605,20922.35356794085,21016.17578125,1393743,0.0,0.0
2023-09-07 00:00:00+09:00,21016.177777777775,21297.644444444442,21016.177777777775,21110.0,624837,0.0,0.0
2023-09-08 00:00:00+09:00,21109.999141483517,21391.465796703298,21109.999141483517,21344.5546875,632459,0.0,0.0
2023-09-11 00:00:00+09:00,21344.55459222561,21344.55459222561,21109.999047256097,21156.91015625,477871,0.0,0.0
2023-09-12 00:00:00+09:00,21203.81936396247,21485.285992687637,21203.81936396247,21250.73046875,762745,0.0,0.0
2023-09-13 00:00:00+09:00,21156.909257124174,21297.642578125,21063.087043123625,21297.642578125,530819,0.0,0.0
2023-09-14 00:00:00+09:00,21297.642578125,21391.464792125553,21156.909257124174,21297.642578125,1017824,0.0,0.0
2023-09-15 00:00:00+09:00,21297.641739855662,21532.197265625,21250.730634701795,21532.197265625,1213272,0.0,0.0
2023-09-18 00:00:00+09:00,21438.376810213416,21485.287919207316,21016.176829268294,21156.91015625,980232,0.0,0.0
2023-09-19 00:00:00+09:00,21109.998098727876,21250.731419386062,21063.086991841814,21203.8203125,445083,0.0,0.0
2023-09-20 00:00:00+09:00,21109.997154387416,21250.73046875,21063.08604959989,21250.73046875,396116,0.0,0.0
2023-09-21 00:00:00+09:00,21109.99704203786,21203.819251113586,21063.0859375,21063.0859375,639110,0.0,0.0
2023-09-22 00:00:00+09:00,20969.26552800508,20969.26552800508,20734.709985186233,20781.62109375,473306,0.0,0.0
2023-09-25 00:00:00+09:00,20828.532153486394,20875.443261940192,20640.887719671202,20687.798828125,534650,0.0,0.0
2023-09-26 00:00:00+09:00,20687.797824928977,20734.708931107954,20593.975612571023,20640.88671875,516417,0.0,0.0
2023-09-27 00:00:00+09:00,20453.241181752874,20640.88559626437,20359.418974497126,20406.330078125,705500,0.0,0.0
2023-10-04 00:00:00+09:00,20171.77511160714,20218.686216517857,19702.6640625,19702.6640625,1142829,0.0,0.0
2023-10-05 00:00:00+09:00,19984.130804097877,20031.041909271815,19796.486383402123,19890.30859375,726585,0.0,0.0
2023-10-06 00:00:00+09:00,19890.309493764846,19937.22060106146,19749.576171875,19749.576171875,410575,0.0,0.0
2023-10-10 00:00:00+09:00,19233.5546875,19561.932450457316,19045.91025152439,19233.5546875,1637313,0.0,0.0
2023-10-11 00:00:00+09:00,19374.28700431693,19561.931430508863,19139.731471577015,19186.642578125,992084,0.0,0.0
2023-10-12 00:00:00+09:00,19468.11028045358,19468.11028045358,19092.82140757737,19327.376953125,1007961,0.0,0.0
2023-10-13 00:00:00+09:00,19186.64440039547,19280.466622402295,18764.444401364763,18905.177734375,1092248,0.0,0.0
2023-10-16 00:00:00+09:00,18905.17538134321,18905.17538134321,18182.744361808014,18558.033203125,1887062,0.0,0.0
2023-10-17 00:00:00+09:00,18642.475199831802,18736.29742026377,18586.18186757262,18651.857421875,737496,0.0,0.0
2023-10-18 00:00:00+09:00,18651.857734956575,18905.177734375,18529.888846347705,18905.177734375,711070,0.0,0.0
2023-10-19 00:00:00+09:00,18755.06075482361,18858.265191193328,18370.389673809223,18417.30078125,943158,0.0,0.0
2023-10-20 00:00:00+09:00,18229.655424337856,18379.770960513568,18032.628783107237,18154.59765625,753591,0.0,0.0
2023-10-23 00:00:00+09:00,18154.59893571155,18436.06558587762,18117.07004902274,18361.0078125,559390,0.0,0.0
2023-10-24 00:00:00+09:00,18539.269172552977,18623.709163723513,18079.54033173562,18595.5625,586017,0.0,0.0
2023-10-25 00:00:00+09:00,18623.711345014766,18905.1780152165,18595.564677994593,18661.240234375,633550,0.0,0.0
2023-10-26 00:00:00+09:00,18473.593697158947,18595.562573778076,18163.980394971924,18379.771484375,624971,0.0,0.0
2023-10-27 00:00:00+09:00,18586.181181883898,18642.47451206628,18304.714530971974,18454.830078125,441098,0.0,0.0
2023-10-30 00:00:00+09:00,18389.15444409548,19045.909959956032,18361.007779130025,18670.62109375,849130,0.0,0.0
2023-10-31 00:00:00+09:00,18811.354706554877,19280.465796493903,18811.354706554877,19233.5546875,1150941,0.0,0.0
2023-11-01 00:00:00+09:00,19092.821216545482,19186.643433825804,18708.150125696164,18952.087890625,607370,0.0,0.0
2023-11-02 00:00:00+09:00,19092.822178388647,19280.466622402295,18858.266623371586,18905.177734375,609243,0.0,0.0
2023-11-03 00:00:00+09:00,19092.820365029034,19233.55368467298,18905.175938837103,19186.642578125,569772,0.0,0.0
2023-11-06 00:00:00+09:00,19468.10957816194,19843.3984375,19233.55404107565,19843.3984375,1220631,0.0,0.0
2023-11-07 00:00:00+09:00,19749.576068832434,19749.576068832434,19327.376105365707,19561.931640625,575198,0.0,0.0
2023-11-08 00:00:00+09:00,19843.397263746996,19890.308368389426,19515.01953125,19515.01953125,518820,0.0,0.0
2023-11-09 00:00:00+09:00,19608.843145568706,20359.420873628755,19561.932037564955,20312.509765625,1180400,0.0,0.0
2023-11-10 00:00:00+09:00,20124.866142165494,20218.688361942488,19890.310592723006,19984.1328125,406811,0.0,0.0
2023-11-13 00:00:00+09:00,19984.132719934834,20077.95493927725,19561.932732893958,19796.48828125,488084,0.0,0.0
2023-11-14 00:00:00+09:00,19984.132858133762,20359.421738098714,19937.22174813814,20077.955078125,477183,0.0,0.0
2023-11-15 00:00:00+09:00,20547.065454157175,20593.9765625,20265.598804100227,20593.9765625,1067828,0.0,0.0
2023-11-16 00:00:00+09:00,20593.9765625,20969.265429242598,20547.065454157175,20593.9765625,785901,0.0,0.0
2023-11-17 00:00:00+09:00,20828.532393292684,21297.643483231706,20734.710175304877,21156.91015625,1347119,0.0,0.0
2023-11-20 00:00:00+09:00,21016.17673378076,21156.910060123042,20687.798972315435,20969.265625,701806,0.0,0.0
2023-11-21 00:00:00+09:00,21156.909205613938,21438.37584693031,21063.086991841814,21203.8203125,1054539,0.0,0.0
2023-11-22 00:00:00+09:00,20969.265625,21203.821168903803,20875.443407438477,20969.265625,535508,0.0,0.0
2023-11-23 00:00:00+09:00,21109.99820106908,21391.46484375,21063.087093955593,21391.46484375,921535,0.0,0.0
2023-11-24 00:00:00+09:00,21297.642421177454,21391.464634486605,20875.44246128627,21016.17578125,583689,0.0,0.0
2023-11-27 00:00:00+09:00,20875.443261940192,20969.26547884779,20593.976611217404,20687.798828125,649007,0.0,0.0
2023-11-28 00:00:00+09:00,20875.443407438477,21109.99895134228,20875.443407438477,20969.265625,873119,0.0,0.0
2023-11-29 00:00:00+09:00,20969.264515872455,20969.264515872455,20734.708984375,20734.708984375,617363,0.0,0.0
2023-11-30 00:00:00+09:00,20734.708205734965,21063.0859375,20453.241578507794,21063.0859375,1005196,0.0,0.0
2023-12-01 00:00:00+09:00,21063.08784256152,21391.465604026846,20922.35451621924,20969.265625,1113990,0.0,0.0
2023-12-04 00:00:00+09:00,21203.8203125,21344.553633158186,21016.175884955752,21203.8203125,860178,0.0,0.0
2023-12-05 00:00:00+09:00,21156.908146575723,21203.819251113586,21016.174832962137,21063.0859375,662471,0.0,0.0
2023-12-06 00:00:00+09:00,21016.17769058296,21109.99991241592,20922.35546875,20922.35546875,466145,0.0,0.0
2023-12-07 00:00:00+09:00,21203.821265243903,21907.48790015244,21063.087938262197,21156.91015625,1401206,0.0,0.0
2023-12-08 00:00:00+09:00,21297.642578125,21485.287006126102,21156.909257124174,21297.642578125,597890,0.0,0.0
2023-12-11 00:00:00+09:00,21438.375899125826,21438.375899125826,21109.998150123898,21297.642578125,463220,0.0,0.0
2023-12-12 00:00:00+09:00,21391.465936822126,21672.932593885576,21297.643717800976,21626.021484375,1277601,0.0,0.0
2023-12-13 00:00:00+09:00,21860.577031927874,21907.48814143845,21532.19926535385,21626.021484375,796562,0.0,0.0
2023-12-14 00:00:00+09:00,21766.75490591398,22001.310454469087,21719.843796202957,21813.666015625,1490456,0.0,0.0
2023-12-15 00:00:00+09:00,21907.48659427411,22376.59765625,21860.57548807652,22376.59765625,1642333,0.0,0.0
2023-12-18 00:00:00+09:00,22235.865033194743,22282.77614085971,21813.665064210032,21860.576171875,765542,0.0,0.0
2023-12-19 00:00:00+09:00,21719.843887426705,22001.310546875,21626.02166761061,22001.310546875,572381,0.0,0.0
2023-12-20 00:00:00+09:00,22142.04296875,22282.776292703922,22048.220752780722,22142.04296875,805807,0.0,0.0
2023-12-21 00:00:00+09:00,21907.48659427411,22517.330974842767,21907.48659427411,22376.59765625,718977,0.0,0.0
2023-12-22 00:00:00+09:00,22470.420774821992,22470.420774821992,22095.131910106804,22235.865234375,808097,0.0,0.0
2023-12-26 00:00:00+09:00,22423.509814453126,22611.154248046874,22142.0431640625,22517.33203125,1184309,0.0,0.0
2023-12-27 00:00:00+09:00,23001.57551389259,23049.99988339552,22565.756188366206,22711.029296875,896421,750.0,0.0
2023-12-28 00:00:00+09:00,22807.87708387814,23146.84765625,22711.028348914748,23146.84765625,715804,0.0,0.0
2024-01-02 00:00:00+09:00,23001.574553804916,23243.696391213387,22856.301451359832,23146.84765625,681904,0.0,0.0
2024-01-03 00:00:00+09:00,23098.423229449727,23146.847596807063,22275.208984375,22275.208984375,1033606,0.0,0.0
2024-01-04 00:00:00+09:00,21984.662780230978,22372.057719089673,21790.965310801632,22275.208984375,666691,0.0,0.0
2024-01-05 00:00:00+09:00,22275.21039520065,22420.483506473698,22033.088543078902,22323.634765625,642293,0.0,0.0
2024-01-08 00:00:00+09:00,22372.059023953745,22420.483394135463,21790.96658177313,21984.6640625,896223,0.0,0.0
2024-01-09 00:00:00+09:00,22323.634662175584,22856.302734375,22178.36155157574,22856.302734375,1286376,0.0,0.0
2024-01-10 00:00:00+09:00,23050.00021517479,23146.848955574682,22662.605253575213,22856.302734375,647619,0.0,0.0
2024-01-11 00:00:00+09:00,23001.57483885664,23049.999206938443,22420.482421875,22420.482421875,758890,0.0,0.0
2024-01-12 00:00:00+09:00,22372.059354485777,22372.059354485777,21984.664387308534,22129.9375,827187,0.0,0.0
2024-01-15 00:00:00+09:00,22468.906998910676,23534.243106617647,22420.48263037854,22226.78515625,955556,0.0,0.0
2024-01-16 00:00:00+09:00,22226.784483650663,22372.057584850994,21839.389547116447,21936.23828125,635209,0.0,0.0
2024-01-17 00:00:00+09:00,21936.238351951357,22033.08708639706,21403.5703125,21403.5703125,733583,0.0,0.0
2024-01-18 00:00:00+09:00,21306.72191011236,21839.38995786517,21258.29754213483,21548.84375,618877,0.0,0.0
2024-01-19 00:00:00+09:00,21839.38967815897,22275.208984375,21694.116576086955,22275.208984375,726618,0.0,0.0
2024-01-22 00:00:00+09:00,22275.210503472223,22275.210503472223,21742.542426215277,21790.966796875,521048,0.0,0.0
2024-01-23 00:00:00+09:00,21887.815538194445,21936.239908854168,21597.26931423611,21790.966796875,673378,0.0,0.0
2024-01-24 00:00:00+09:00,21694.1182735426,21790.967015835202,21451.9964178111,21597.26953125,641840,0.0,0.0
2024-01-25 00:00:00+09:00,21500.420572916668,21790.966796875,21451.996202256945,21790.966796875,443200,0.0,0.0
2024-01-26 00:00:00+09:00,21645.69261182937,21984.663189643252,21645.69261182937,21887.814453125,506115,0.0,0.0
2024-01-29 00:00:00+09:00,21742.5415562221,21887.814662388395,21597.268450055803,21694.1171875,515636,0.0,0.0
2024-01-30 00:00:00+09:00,21790.965383143095,21887.814118179285,21597.26791307071,21742.541015625,610535,0.0,0.0
2024-01-31 00:00:00+09:00,21790.966796875,21790.966796875,21451.996202256945,21790.966796875,866776,0.0,0.0
2024-02-01 00:00:00+09:00,22275.21028359031,22614.180874862337,21694.11784140969,21984.6640625,1269391,0.0,0.0
2024-02-02 00:00:00+09:00,22033.08747722057,22468.906789956804,21839.390004893357,22420.482421875,1046922,0.0,0.0
2024-02-05 00:00:00+09:00,22420.483725382932,22468.908096280087,21936.24001641138,22129.9375,753129,0.0,0.0
2024-02-06 00:00:00+09:00,22033.08821898881,22178.361328125,21936.239479564683,22178.361328125,541475,0.0,0.0
2024-02-07 00:00:00+09:00,22275.21039520065,22420.483506473698,22081.51291350325,22323.634765625,722661,0.0,0.0
2024-02-08 00:00:00+09:00,22372.059354485777,22372.059354485777,22129.9375,22129.9375,798335,0.0,0.0
2024-02-13 00:00:00+09:00,22323.634133853066,23001.575300607823,22275.209764799154,22904.7265625,1683410,0.0,0.0
2024-02-14 00:00:00+09:00,22904.726440953593,22953.150809750536,22420.48275298417,22565.755859375,1145168,0.0,0.0
2024-02-15 00:00:00+09:00,22711.029394957695,22759.45376466976,22081.512588700873,22178.361328125,845557,0.0,0.0
2024-02-16 00:00:00+09:00,22372.05859375,22420.48296300054,22178.361116747838,22372.05859375,529237,0.0,0.0
2024-02-19 00:00:00+09:00,22372.059244791668,22662.60546875,22372.059244791668,22662.60546875,888082,0.0,0.0
2024-02-20 00:00:00+09:00,22662.605253575213,22856.302734375,22565.756513175318,22856.302734375,1048785,0.0,0.0
2024-02-21 00:00:00+09:00,22856.301861702126,23001.574966755317,22662.60438829787,22759.453125,774151,0.0,0.0
2024-02-22 00:00:00+09:00,22953.15114438966,22953.15114438966,22662.604927372067,22711.029296875,515605,0.0,0.0
2024-02-23 00:00:00+09:00,22856.3031721444,22856.3031721444,22468.908203125,22468.908203125,563125,0.0,0.0
2024-02-26 00:00:00+09:00,22565.755188519022,22565.755188519022,22275.208984375,22275.208984375,666941,0.0,0.0
2024-02-27 00:00:00+09:00,22372.05813571626,22420.482503975385,21790.965716606748,21887.814453125,1028565,0.0,0.0
2024-02-28 00:00:00+09:00,21742.54221159141,22033.088432681718,21645.693471227973,21984.6640625,634830,0.0,0.0
2024-02-29 00:00:00+09:00,21790.965310801632,22711.02829059103,21694.116576086955,22275.208984375,2221586,0.0,0.0
2024-03-04 00:00:00+09:00,22372.05813571626,22468.90687223451,21887.814453125,21887.814453125,936680,0.0,0.0
2024-03-05 00:00:00+09:00,21790.965383143095,22081.51158825167,21742.541015625,21742.541015625,624648,0.0,0.0
2024-03-06 00:00:00+09:00,21694.116853932584,21742.541221910113,21500.419382022472,21548.84375,721116,0.0,0.0
2024-03-07 00:00:00+09:00,21597.268660261827,21694.11739864865,21355.146814294763,21500.419921875,581419,0.0,0.0
2024-03-08 00:00:00+09:00,21694.11739864865,21790.966137035473,21500.419921875,21500.419921875,462218,0.0,0.0
2024-03-11 00:00:00+09:00,21500.41917803452,21742.541015625,21403.57044299833,21742.541015625,540112,0.0,0.0
2024-03-12 00:00:00+09:00,21742.541221910113,21742.541221910113,21451.995014044944,21548.84375,523859,0.0,0.0
2024-03-13 00:00:00+09:00,21597.268660261827,21597.268660261827,21451.99555268159,21500.419921875,578441,0.0,0.0
2024-03-14 00:00:00+09:00,21500.419382022472,21548.84375,21306.72191011236,21548.84375,1276290,0.0,0.0
2024-03-15 00:00:00+09:00,21403.571723335215,21451.99609375,21209.874241676072,21451.99609375,1266145,0.0,0.0
2024-03-18 00:00:00+09:00,21451.995981758886,21451.995981758886,21113.025390625,21113.025390625,822452,0.0,0.0
2024-03-19 00:00:00+09:00,21064.600021040693,21113.024388905153,20580.356342396077,20677.205078125,1249970,0.0,0.0
2024-03-20 00:00:00+09:00,20774.055230541762,20967.75271520882,20725.630859375,20725.630859375,573629,0.0,0.0
2024-03-21 00:00:00+09:00,20870.902141702587,21113.023976293105,20870.902141702587,21064.599609375,696110,0.0,0.0
2024-03-22 00:00:00+09:00,21064.601020463015,21403.571611596904,21064.601020463015,21113.025390625,761816,0.0,0.0
2024-03-25 00:00:00+09:00,21113.025390625,21258.298501110952,21113.025390625,21113.025390625,355730,0.0,0.0
2024-03-26 00:00:00+09:00,21209.874130948967,21306.722871272934,21113.025390625,21113.025390625,688979,0.0,0.0
2024-03-27 00:00:00+09:00,21016.17665030103,21209.874130948967,21016.17665030103,21113.025390625,483215,0.0,0.0
2024-03-28 00:00:00+09:00,21209.87325388825,21209.87325388825,21016.17578125,21016.17578125,609229,0.0,0.0
2024-03-29 00:00:00+09:00,21064.60014940956,21209.87325388825,21016.17578125,21016.17578125,440509,0.0,0.0
2024-04-01 00:00:00+09:00,21064.600273703232,21403.570852820296,21016.175905257936,21355.146484375,745443,0.0,0.0
2024-04-02 00:00:00+09:00,21306.722538972288,21355.146908379043,20919.327583718245,20967.751953125,802978,0.0,0.0
2024-04-03 00:00:00+09:00,20870.90288426599,20870.90288426599,20725.629778343024,20822.478515625,721566,0.0,0.0
2024-04-04 00:00:00+09:00,20870.90364430147,20919.328014705883,20531.933051470587,20580.357421875,950798,0.0,0.0
2024-04-05 00:00:00+09:00,20435.083984375,20628.78146289988,20338.23524511256,20435.083984375,815889,0.0,0.0
2024-04-08 00:00:00+09:00,20435.083444148935,20483.5078125,20192.961602393618,20483.5078125,471216,0.0,0.0
2024-04-09 00:00:00+09:00,20483.508022262828,20628.781128803697,20289.810546875,20289.810546875,543658,0.0,0.0
2024-04-11 00:00:00+09:00,20241.385639880955,20386.658742559524,20047.688169642857,20338.234375,941622,0.0,0.0
2024-04-12 00:00:00+09:00,20241.387157012196,20289.81152820122,19853.9921875,19853.9921875,848790,0.0,0.0
2024-04-15 00:00:00+09:00,19611.8686018319,19805.56606950431,19515.019867995692,19660.29296875,605318,0.0,0.0
2024-04-16 00:00:00+09:00,19466.59543332395,19563.444166823076,19331.007206425176,19350.376953125,937775,0.0,0.0
2024-04-17 00:00:00+09:00,19360.063497402294,19805.56770994882,19360.063497402294,19515.021484375,633641,0.0,0.0
2024-04-18 00:00:00+09:00,19805.567275889596,20241.386604698906,19805.567275889596,19902.416015625,774408,0.0,0.0
2024-04-19 00:00:00+09:00,19805.566613618827,19853.990981867282,19369.747299382714,19611.869140625,912650,0.0,0.0
2024-04-22 00:00:00+09:00,19999.26454254518,20144.53765060241,19853.991434487954,20096.11328125,529002,0.0,0.0
2024-04-23 00:00:00+09:00,20096.112741323617,20144.537109375,19902.41526911809,20144.537109375,515632,0.0,0.0
2024-04-24 00:00:00+09:00,20192.96201995482,20192.96201995482,19999.26454254518,20096.11328125,605859,0.0,0.0
2024-04-25 00:00:00+09:00,19950.83984375,20096.112949408376,19805.566738091627,19950.83984375,593647,0.0,0.0
2024-04-26 00:00:00+09:00,19999.26400522085,20144.537109375,19902.41526911809,20144.537109375,303024,0.0,0.0
2024-04-29 00:00:00+09:00,20192.962672580165,20435.08452716746,20096.11393074525,20386.66015625,652712,0.0,0.0
2024-04-30 00:00:00+09:00,20386.659284568912,20580.356759956743,20241.386178028042,20289.810546875,680704,0.0,0.0
2024-05-02 00:00:00+09:00,20338.234172317218,20628.780374778893,20241.385438163325,20531.931640625,636576,0.0,0.0
2024-05-03 00:00:00+09:00,20725.62998826291,20725.62998826291,20580.356880868545,20628.78125,375592,0.0,0.0
2024-05-07 00:00:00+09:00,20822.478515625,20919.327252906976,20725.629778343024,20822.478515625,686157,0.0,0.0
2024-05-08 00:00:00+09:00,20822.479169653096,21113.025390625,20822.479169653096,21113.025390625,581006,0.0,0.0
2024-05-09 00:00:00+09:00,21161.448679188074,21403.570517622717,21113.024311501144,21209.873046875,1168289,0.0,0.0
2024-05-10 00:00:00+09:00,21403.57139559659,21500.420134943182,21306.72265625,21306.72265625,548470,0.0,0.0
2024-05-13 00:00:00+09:00,21451.996311752562,21500.420682659453,21113.02571540433,21258.298828125,591311,0.0,0.0
2024-05-14 00:00:00+09:00,21258.29741456193,21306.72178224886,21113.024311501144,21209.873046875,373051,0.0,0.0
2024-05-16 00:00:00+09:00,21306.722325514875,21403.571063358126,20919.327374141878,21161.44921875,885681,0.0,0.0
2024-05-17 00:00:00+09:00,21064.60014940956,21209.87325388825,20967.75141309044,21016.17578125,396773,0.0,0.0
2024-05-20 00:00:00+09:00,21161.44888572869,21161.44888572869,20967.75141309044,21016.17578125,373518,0.0,0.0
2024-05-21 00:00:00+09:00,20822.47960170853,20919.328344042056,20628.78211704147,20725.630859375,610785,0.0,0.0
2024-05-22 00:00:00+09:00,20628.78091755319,20677.205285904256,20338.23470744681,20483.5078125,689785,0.0,0.0
2024-05-23 00:00:00+09:00,20386.658539394164,20725.629108932782,20386.658539394164,20531.931640625,372338,0.0,0.0
2024-05-24 00:00:00+09:00,20386.65982917165,20483.50856945275,20144.5379784689,20241.38671875,569427,0.0,0.0
2024-05-27 00:00:00+09:00,20241.387043497623,20435.08452716746,20192.962672580165,20386.66015625,542072,0.0,0.0
2024-05-28 00:00:00+09:00,20338.234375,20435.08311011905,20241.385639880955,20338.234375,448538,0.0,0.0
2024-05-29 00:00:00+09:00,20192.961140851996,20241.385508096246,19853.99057014225,19999.263671875,962257,0.0,0.0
2024-05-30 00:00:00+09:00,19805.566947189032,19950.84005438113,19757.142578125,19757.142578125,456661,0.0,0.0
2024-05-31 00:00:00+09:00,19950.839103717026,20289.80967101319,19853.990370203835,20192.9609375,1163476,0.0,0.0
2024-06-03 00:00:00+09:00,20435.084098193474,20774.0546875,20386.65972829254,20774.0546875,696871,0.0,0.0
2024-06-04 00:00:00+09:00,20774.05479949111,21209.874130948967,20531.93294868119,21113.025390625,1171522,0.0,0.0
2024-06-05 00:00:00+09:00,21113.025390625,21258.298501110952,20822.479169653096,21113.025390625,770462,0.0,0.0
2024-06-07 00:00:00+09:00,21113.025500846503,21597.269204994358,21113.025500846503,21451.99609375,1223582,0.0,0.0
2024-06-10 00:00:00+09:00,21258.298828125,21500.420682659453,20870.903860869876,21258.298828125,951530,0.0,0.0
2024-06-11 00:00:00+09:00,21355.14735292043,21548.844834579573,21113.025500846503,21451.99609375,909979,0.0,0.0
2024-06-12 00:00:00+09:00,21451.995014044944,21597.268117977528,21451.995014044944,21548.84375,635997,0.0,0.0
2024-06-13 00:00:00+09:00,21597.26898944351,21887.815209032437,21597.26898944351,21645.693359375,1670913,0.0,0.0
2024-06-14 00:00:00+09:00,21548.84375,21839.38995786517,21500.419382022472,21548.84375,687750,0.0,0.0
2024-06-17 00:00:00+09:00,21500.419801201373,21597.268539044624,21161.44921875,21161.44921875,655714,0.0,0.0
2024-06-18 00:00:00+09:00,21161.448343211207,21306.721443965518,21016.1752424569,21064.599609375,422691,0.0,0.0
2024-06-19 00:00:00+09:00,21016.17544591067,21064.599813297562,20677.204874202434,20870.90234375,950153,0.0,0.0
2024-06-20 00:00:00+09:00,20822.47960170853,20967.75271520882,20677.206488208238,20725.630859375,786231,0.0,0.0
2024-06-21 00:00:00+09:00,20725.63031759907,20919.327797202797,20677.205947698134,20774.0546875,770390,0.0,0.0
2024-06-24 00:00:00+09:00,20774.053813853923,20870.902549582846,20628.78071026054,20677.205078125,525931,0.0,0.0
2024-06-25 00:00:00+09:00,20870.902799922053,21355.146484375,20677.205326140873,21355.146484375,1057323,0.0,0.0
2024-06-26 00:00:00+09:00,21403.57097516741,21790.965924944197,21306.722237723214,21694.1171875,1490653,0.0,0.0
2024-06-27 00:00:00+09:00,21500.420368776486,23195.27332577463,21451.995998576538,22856.302734375,5780924,0.0,0.0
2024-06-28 00:00:00+09:00,23050.000100806454,23098.42447076613,22517.33203125,22517.33203125,1785359,0.0,0.0
2024-07-01 00:00:00+09:00,22517.330749900477,23195.271890757696,22468.90638269639,22807.876953125,1605144,0.0,0.0
2024-07-02 00:00:00+09:00,22468.908096280087,22662.60557986871,21887.815645514223,22129.9375,1886892,0.0,0.0
2024-07-03 00:00:00+09:00,22226.785913408592,22565.756504680616,21984.6640625,21984.6640625,682093,0.0,0.0
2024-07-04 00:00:00+09:00,22129.93662860577,22226.785366586537,21839.39041466346,22033.087890625,849967,0.0,0.0
2024-07-05 00:00:00+09:00,21984.66264831678,22275.208850717438,21887.81391418322,21936.23828125,837874,0.0,0.0
2024-07-08 00:00:00+09:00,22129.937173045153,22372.059023953745,21887.815322136565,21984.6640625,919711,0.0,0.0
2024-07-09 00:00:00+09:00,22178.361211197338,22178.361211197338,21790.966255543237,21839.390625,724843,0.0,0.0
2024-07-10 00:00:00+09:00,21742.541221910113,21790.96558988764,21500.419382022472,21548.84375,839709,0.0,0.0
2024-07-11 00:00:00+09:00,21694.116853932584,21839.38995786517,21500.419382022472,21548.84375,907481,0.0,0.0
2024-07-12 00:00:00+09:00,21548.84341416855,21645.692148614253,21209.8728436086,21403.5703125,707146,0.0,0.0
2024-07-15 00:00:00+09:00,21500.419589710884,21597.268326601476,21355.146484375,21355.146484375,514116,0.0,0.0
2024-07-16 00:00:00+09:00,21451.995765269887,21548.844504616478,21306.72265625,21306.72265625,586408,0.0,0.0
2024-07-17 00:00:00+09:00,21597.268660261827,21790.966137035473,21403.571183488177,21500.419921875,752506,0.0,0.0
2024-07-18 00:00:00+09:00,21597.2677813914,21597.2677813914,21258.297210831446,21403.5703125,524476,0.0,0.0
2024-07-19 00:00:00+09:00,21209.872915458236,21306.72165023202,20725.629241589326,20870.90234375,1354185,0.0,0.0
2024-07-22 00:00:00+09:00,20822.47960170853,20967.75271520882,20677.206488208238,20725.630859375,600286,0.0,0.0
2024-07-23 00:00:00+09:00,20870.902759308512,20919.327127659573,20483.5078125,20483.5078125,839606,0.0,0.0
2024-07-24 00:00:00+09:00,20483.508681066178,20822.479273897057,20435.084310661765,20580.357421875,529353,0.0,0.0
2024-07-25 00:00:00+09:00,20531.93272363744,20725.63020216232,20241.386505850118,20435.083984375,924386,0.0,0.0
2024-07-26 00:00:00+09:00,20677.205285904256,20677.205285904256,20386.659075797874,20483.5078125,428590,0.0,0.0
2024-07-29 00:00:00+09:00,20531.931974531617,20725.629445989463,20435.083238802694,20677.205078125,472259,0.0,0.0
2024-07-30 00:00:00+09:00,20580.35709326866,20628.78146289988,20338.23524511256,20435.083984375,565800,0.0,0.0
2024-07-31 00:00:00+09:00,20435.084310661765,20580.357421875,20386.659940257352,20580.357421875,580684,0.0,0.0
2024-08-01 00:00:00+09:00,20483.507273548053,20580.356007701947,20386.658539394164,20531.931640625,550864,0.0,0.0
2024-08-02 00:00:00+09:00,20338.234915721958,20435.08365341587,20144.537440334127,20289.810546875,880310,0.0,0.0
2024-08-05 00:00:00+09:00,20047.68832443467,20096.11269236809,18788.654758165827,19272.8984375,1943327,0.0,0.0
2024-08-06 00:00:00+09:00,19418.171875,19853.991193890273,19272.898768703242,19418.171875,1135644,0.0,0.0
2024-08-07 00:00:00+09:00,19331.00866093366,19805.56749078624,19272.899416461914,19708.71875,740995,0.0,0.0
2024-08-08 00:00:00+09:00,19466.595632188255,19999.263671875,19321.32253045551,19999.263671875,954488,0.0,0.0
2024-08-09 00:00:00+09:00,20144.53677360775,20144.53677360775,19757.141835653754,19999.263671875,650073,0.0,0.0
2024-08-12 00:00:00+09:00,19999.263671875,20096.1124063635,19805.566202898004,19999.263671875,448897,0.0,0.0
2024-08-13 00:00:00+09:00,19757.143229166668,20047.689453125,19757.143229166668,20047.689453125,521055,0.0,0.0
2024-08-14 00:00:00+09:00,20241.38638930723,20241.38638930723,19950.840173192773,20096.11328125,467262,0.0,0.0
2024-08-16 00:00:00+09:00,20241.38597074468,20531.932180851065,20192.961602393618,20483.5078125,786004,0.0,0.0
2024-08-19 00:00:00+09:00,20580.356549202126,20580.356549202126,20338.23470744681,20483.5078125,389639,0.0,0.0
2024-08-20 00:00:00+09:00,20580.35646781394,21064.60014940956,20483.507731494818,21016.17578125,969406,0.0,0.0
2024-08-21 00:00:00+09:00,21113.024968327703,21742.541767842064,21064.60059913429,21500.419921875,1438176,0.0,0.0
2024-08-22 00:00:00+09:00,21500.419382022472,21694.116853932584,21258.29754213483,21548.84375,982551,0.0,0.0
2024-08-23 00:00:00+09:00,21451.99467972285,21548.84341416855,21113.024109162896,21403.5703125,680208,0.0,0.0
2024-08-26 00:00:00+09:00,21500.418977649006,22033.087015383553,21355.145876448674,21936.23828125,1502485,0.0,0.0
2024-08-27 00:00:00+09:00,21887.814118179285,21936.238485697384,21548.843545552616,21742.541015625,545143,0.0,0.0
2024-08-28 00:00:00+09:00,21790.966137035473,21790.966137035473,21209.873706714527,21500.419921875,646521,0.0,0.0
2024-08-29 00:00:00+09:00,21355.14594527715,21548.84341416855,21209.8728436086,21403.5703125,509801,0.0,0.0
2024-08-30 00:00:00+09:00,21548.84395815618,21597.268326601476,21258.297747484412,21355.146484375,923809,0.0,0.0
2024-09-02 00:00:00+09:00,21451.99467972285,21548.84341416855,21258.297210831446,21403.5703125,504888,0.0,0.0
2024-09-03 00:00:00+09:00,21355.147025923296,21500.420134943182,21258.298286576704,21306.72265625,479771,0.0,0.0
2024-09-04 00:00:00+09:00,20774.05447549798,21113.025061345266,20774.05447549798,20967.751953125,846285,0.0,0.0
2024-09-05 00:00:00+09:00,21064.599870371658,22033.087220733574,21064.599870371658,21742.541015625,1534980,0.0,0.0
2024-09-06 00:00:00+09:00,21984.663061797753,21984.663061797753,21306.72191011236,21548.84375,896456,0.0,0.0
2024-09-09 00:00:00+09:00,21209.873379039116,21548.84395815618,21064.600273703232,21355.146484375,638354,0.0,0.0
2024-09-10 00:00:00+09:00,21597.267988370433,21597.267988370433,21209.873046875,21209.873046875,478244,0.0,0.0
2024-09-11 00:00:00+09:00,21548.843620683507,21839.38982680508,21064.599943814213,21209.873046875,1255158,0.0,0.0
2024-09-12 00:00:00+09:00,21209.873706714527,21548.844291068413,21064.60059913429,21500.419921875,1287199,0.0,0.0
2024-09-13 00:00:00+09:00,21451.99534388951,21694.1171875,21355.146606445312,21694.1171875,593573,0.0,0.0
2024-09-19 00:00:00+09:00,21936.238821384126,22081.511926161504,21548.843875311115,21887.814453125,1036967,0.0,0.0
2024-09-20 00:00:00+09:00,21984.66373337029,22033.088102827052,21597.26877771619,21839.390625,905415,0.0,0.0
2024-09-23 00:00:00+09:00,21645.693029455237,21694.11739864865,21355.146814294763,21500.419921875,555800,0.0,0.0
2024-09-24 00:00:00+09:00,21597.26931423611,21790.966796875,21500.420572916668,21790.966796875,690506,0.0,0.0
2024-09-25 00:00:00+09:00,21984.66285321548,22129.935955769764,21742.541015625,21742.541015625,838714,0.0,0.0
2024-09-26 00:00:00+09:00,21790.96658177313,21984.6640625,21742.54221159141,21984.6640625,745010,0.0,0.0
2024-09-27 00:00:00+09:00,22372.058261846407,22614.18010450708,22129.93641918573,22226.78515625,2104593,0.0,0.0
2024-09-30 00:00:00+09:00,22323.634319567627,22420.483058481153,21839.390625,21839.390625,769311,0.0,0.0
2024-10-02 00:00:00+09:00,21355.146930432373,22178.361211197338,21209.873822062083,21839.390625,1165884,0.0,0.0
2024-10-04 00:00:00+09:00,21597.268199164748,21597.268199164748,20822.478308611753,21016.17578125,1484568,0.0,0.0
2024-10-07 00:00:00+09:00,20967.752495659723,20967.752495659723,20628.781901041668,20919.328125,688255,0.0,0.0
2024-10-08 00:00:00+09:00,20725.63064236111,21016.176866319445,20677.206271701387,20919.328125,691292,0.0,0.0
2024-10-10 00:00:00+09:00,21209.874130948967,21500.42035192087,21064.601020463015,21113.025390625,963164,0.0,0.0
2024-10-11 00:00:00+09:00,21113.024517569127,21355.146358366936,20919.327044930877,21016.17578125,515270,0.0,0.0
2024-10-14 00:00:00+09:00,20967.7517430635,21161.44921875,20870.903005220254,21161.44921875,442516,0.0,0.0
2024-10-15 00:00:00+09:00,21306.721578054297,21451.99467972285,21161.448476385747,21403.5703125,718932,0.0,0.0
2024-10-16 00:00:00+09:00,21258.297210831446,21500.419046945703,21161.448476385747,21403.5703125,584603,0.0,0.0
2024-10-17 00:00:00+09:00,21645.693791028447,22275.210612691466,21548.845049234136,22129.9375,1474121,0.0,0.0
2024-10-18 00:00:00+09:00,22226.784949547786,22468.906789956804,21984.663109138768,22420.482421875,1260621,0.0,0.0
2024-10-21 00:00:00+09:00,22468.907772775427,22953.151474774895,22372.05903237553,22856.302734375,1588713,0.0,0.0
2024-10-22 00:00:00+09:00,22807.876953125,22807.876953125,22468.90638269639,22807.876953125,1018313,0.0,0.0
2024-10-23 00:00:00+09:00,22856.30207215665,22953.150809750536,22178.36090899946,22565.755859375,1134374,0.0,0.0
2024-10-24 00:00:00+09:00,22420.483079857408,22807.87803588086,22372.05871035448,22711.029296875,725954,0.0,0.0
2024-10-25 00:00:00+09:00,22711.028965765825,22953.150809750536,22517.331490578057,22565.755859375,660587,0.0,0.0
2024-10-28 00:00:00+09:00,22565.75544732331,23049.99912645042,22565.75544732331,22953.150390625,1007333,0.0,0.0
2024-10-29 00:00:00+09:00,23050.00011322464,23437.395073110765,23001.57574323887,23388.970703125,1746370,0.0,0.0
2024-10-30 00:00:00+09:00,23388.96983010655,23582.667302819646,23195.272357393453,23292.12109375,1380306,0.0,0.0
2024-10-31 00:00:00+09:00,23292.120758695084,23485.81822862186,23049.99892128661,23146.84765625,1443138,0.0,0.0
2024-11-01 00:00:00+09:00,22807.878364175056,23195.27332577463,22759.45399397511,22856.302734375,861543,0.0,0.0
2024-11-04 00:00:00+09:00,23049.999903747434,23727.941077387062,23001.575534201744,23582.66796875,2032065,0.0,0.0
2024-11-05 00:00:00+09:00,23582.66829559949,23727.94140625,23146.84896364796,23727.94140625,1280521,0.0,0.0
2024-11-06 00:00:00+09:00,23727.941843879667,23727.941843879667,23195.273761670127,23340.546875,976862,0.0,0.0
2024-11-07 00:00:00+09:00,23485.819443096534,23631.09255305383,22953.151373253106,23388.970703125,1024254,0.0,0.0
2024-11-08 00:00:00+09:00,23534.244030532358,23679.51714183194,23098.42469663361,23195.2734375,737292,0.0,0.0
2024-11-11 00:00:00+09:00,23098.4243697479,23340.546218487394,22856.302521008405,23050.0,842123,0.0,0.0
2024-11-12 00:00:00+09:00,23001.57628552667,23050.000656654094,22323.635089742726,22468.908203125,1139438,0.0,0.0
2024-11-13 00:00:00+09:00,22372.058384187232,22711.028965765825,22372.058384187232,22565.755859375,972626,0.0,0.0
2024-11-14 00:00:00+09:00,22565.75544732331,23243.696598101265,22517.3310794106,22953.150390625,1665930,0.0,0.0
2024-11-15 00:00:00+09:00,22953.151373253106,23679.5169230396,22856.302633281575,23388.970703125,1642453,0.0,0.0
2024-11-18 00:00:00+09:00,23195.272686918906,23485.81890011622,22953.15084258781,23437.39453125,1022424,0.0,0.0
2024-11-19 00:00:00+09:00,23243.698022312376,23970.063585509637,23243.698022312376,23873.21484375,1765265,0.0,0.0
2024-11-20 00:00:00+09:00,23873.214516900513,24018.48762755102,23679.517036033165,23727.94140625,744715,0.0,0.0
2024-11-21 00:00:00+09:00,23727.941623263887,23824.790364583332,23292.122287326387,23534.244140625,776586,0.0,0.0
2024-11-22 00:00:00+09:00,23679.517252604168,23727.941623263887,23388.971028645832,23534.244140625,506705,0.0,0.0
2024-11-25 00:00:00+09:00,23727.940744447315,23921.63821991219,23388.970162383783,23437.39453125,1392332,0.0,0.0
2024-11-26 00:00:00+09:00,23388.970509746287,24648.004118966583,23388.970509746287,24454.306640625,3237528,0.0,0.0
2024-11-27 00:00:00+09:00,24502.731010210395,24599.579749381188,24212.18479269802,24454.306640625,1060593,0.0,0.0
2024-11-28 00:00:00+09:00,24454.306429580058,24696.428275417486,24260.60895291012,24648.00390625,945852,0.0,0.0
2024-11-29 00:00:00+09:00,25180.672416907517,25180.672416907517,22953.15139541185,25132.248046875,6268185,0.0,0.0
2024-12-02 00:00:00+09:00,25180.67175316764,25325.944859435916,24841.701171875,24841.701171875,1653325,0.0,0.0
2024-12-03 00:00:00+09:00,24986.974278143276,25083.823015655456,24502.73059058236,24841.701171875,1357968,0.0,0.0
2024-12-04 00:00:00+09:00,24212.184343434343,24599.57929292929,23727.940656565657,23970.0625,2384103,0.0,0.0
2024-12-05 00:00:00+09:00,23873.21397260056,24115.33581816446,23243.69717413442,23776.365234375,1049401,0.0,0.0
2024-12-06 00:00:00+09:00,23824.790364583332,24115.336588541668,22856.302951388887,23534.244140625,1232809,0.0,0.0
2024-12-09 00:00:00+09:00,22856.302620967745,22953.1513608871,22275.210181451614,22517.33203125,1838392,0.0,0.0
2024-12-10 00:00:00+09:00,22662.605253575213,23146.848955574682,22517.33214297537,22856.302734375,1226527,0.0,0.0
2024-12-11 00:00:00+09:00,22856.301578608247,23534.24272712629,22711.028475354382,23485.818359375,829863,0.0,0.0
2024-12-12 00:00:00+09:00,23631.092006714876,23824.789482179753,23243.697055785124,23437.39453125,1647787,0.0,0.0
2024-12-13 00:00:00+09:00,23437.39465058554,23776.365234375,23340.54591235998,23776.365234375,996656,0.0,0.0
2024-12-16 00:00:00+09:00,23776.36469448679,24066.91090256606,23582.66722243394,23824.7890625,1020650,0.0,0.0
2024-12-17 00:00:00+09:00,23824.790032996894,23824.790032996894,23243.697593167704,23388.970703125,951859,0.0,0.0
2024-12-18 00:00:00+09:00,23437.393916960686,24066.910695722025,23340.545181766633,24018.486328125,937049,0.0,0.0
2024-12-19 00:00:00+09:00,23534.244140625,23970.0634765625,23340.54665798611,23534.244140625,946514,0.0,0.0
2024-12-20 00:00:00+09:00,23437.394281914894,23534.24301861702,22565.755651595744,22759.453125,1186196,0.0,0.0
2024-12-23 00:00:00+09:00,22807.877286886865,22953.150390625,22565.75544732331,22953.150390625,589313,0.0,0.0
2024-12-24 00:00:00+09:00,22904.727214900835,23340.546548799583,22807.878474034445,23195.2734375,704211,0.0,0.0
2024-12-26 00:00:00+09:00,23243.6974789916,23340.546218487394,23001.5756302521,23050.0,791219,0.0,0.0
2024-12-27 00:00:00+09:00,23550.0,23600.0,23200.0,23300.0,1179134,750.0,0.0
2024-12-30 00:00:00+09:00,22800.0,23600.0,22600.0,22600.0,1448703,0.0,0.0
2025-01-02 00:00:00+09:00,22650.0,23600.0,22600.0,23550.0,1377396,0.0,0.0
2025-01-03 00:00:00+09:00,23550.0,23850.0,23350.0,23450.0,949633,0.0,0.0
2025-01-06 00:00:00+09:00,23450.0,23550.0,23200.0,23400.0,852914,0.0,0.0
2025-01-07 00:00:00+09:00,23500.0,23800.0,23200.0,23250.0,930415,0.0,0.0
2025-01-08 00:00:00+09:00,23150.0,23400.0,22900.0,22900.0,885628,0.0,0.0
2025-01-09 00:00:00+09:00,22950.0,23350.0,22750.0,23350.0,1018102,0.0,0.0
2025-01-10 00:00:00+09:00,23200.0,23250.0,22850.0,22950.0,1022114,0.0,0.0
2025-01-13 00:00:00+09:00,22950.0,23400.0,22850.0,23000.0,845096,0.0,0.0
2025-01-14 00:00:00+09:00,23050.0,23100.0,22650.0,22700.0,567556,0.0,0.0
2025-01-15 00:00:00+09:00,22900.0,23200.0,22850.0,23000.0,752313,0.0,0.0
2025-01-16 00:00:00+09:00,23150.0,23150.0,22850.0,23000.0,599381,0.0,0.0
2025-01-17 00:00:00+09:00,23300.0,24000.0,23100.0,23950.0,2335746,0.0,0.0
2025-01-20 00:00:00+09:00,24000.0,24200.0,23850.0,24150.0,904772,0.0,0.0
2025-01-21 00:00:00+09:00,24200.0,24250.0,23750.0,24050.0,721888,0.0,0.0
2025-01-22 00:00:00+09:00,24200.0,24250.0,23900.0,24050.0,882474,0.0,0.0
2025-01-23 00:00:00+09:00,24100.0,24650.0,24050.0,24250.0,1244085,0.0,0.0
2025-01-24 00:00:00+09:00,24400.0,24800.0,24350.0,24600.0,1282772,0.0,0.0
2025-01-31 00:00:00+09:00,24550.0,24800.0,24350.0,24800.0,1162529,0.0,0.0
2025-02-03 00:00:00+09:00,24450.0,24450.0,23350.0,23500.0,1447966,0.0,0.0
2025-02-04 00:00:00+09:00,23950.0,24100.0,23550.0,23600.0,922442,0.0,0.0
2025-02-05 00:00:00+09:00,23750.0,23900.0,23650.0,23750.0,516309,0.0,0.0
2025-02-06 00:00:00+09:00,23900.0,24150.0,23850.0,24050.0,585812,0.0,0.0
2025-02-07 00:00:00+09:00,23950.0,24100.0,23500.0,23600.0,974946,0.0,0.0
2025-02-10 00:00:00+09:00,23950.0,24050.0,23700.0,23900.0,1062228,0.0,0.0
2025-02-11 00:00:00+09:00,23850.0,23900.0,23500.0,23600.0,922976,0.0,0.0
2025-02-12 00:00:00+09:00,23700.0,23700.0,23450.0,23550.0,609590,0.0,0.0
2025-02-13 00:00:00+09:00,23700.0,23950.0,23550.0,23600.0,1069613,0.0,0.0
2025-02-14 00:00:00+09:00,23650.0,23700.0,23150.0,23250.0,1216982,0.0,0.0
2025-02-17 00:00:00+09:00,23350.0,23850.0,23300.0,23850.0,1110851,0.0,0.0
2025-02-18 00:00:00+09:00,23900.0,24400.0,23850.0,24050.0,1249710,0.0,0.0
2025-02-19 00:00:00+09:00,24150.0,24400.0,23950.0,24000.0,945878,0.0,0.0
