Datetime,Open,High,Low,Close,Volume,Dividends,Stock Splits
2025-02-13 13:21:00+09:00,23350.0,23400.0,23350.0,23350.0,0,0.0,0.0
2025-02-13 13:22:00+09:00,23350.0,23350.0,23300.0,23300.0,638,0.0,0.0
2025-02-13 13:23:00+09:00,23350.0,23350.0,23300.0,23350.0,591,0.0,0.0
2025-02-13 13:24:00+09:00,23350.0,23350.0,23300.0,23300.0,499,0.0,0.0
2025-02-13 13:25:00+09:00,23300.0,23350.0,23300.0,23300.0,534,0.0,0.0
2025-02-13 13:26:00+09:00,23300.0,23350.0,23300.0,23300.0,436,0.0,0.0
2025-02-13 13:27:00+09:00,23350.0,23350.0,23300.0,23350.0,1111,0.0,0.0
2025-02-13 13:28:00+09:00,23300.0,23350.0,23300.0,23300.0,602,0.0,0.0
2025-02-13 13:29:00+09:00,23300.0,23400.0,23300.0,23350.0,1678,0.0,0.0
2025-02-13 13:30:00+09:00,23300.0,23400.0,23300.0,23400.0,681,0.0,0.0
2025-02-13 13:31:00+09:00,23400.0,23400.0,23300.0,23400.0,1939,0.0,0.0
2025-02-13 13:32:00+09:00,23350.0,23400.0,23350.0,23350.0,1034,0.0,0.0
2025-02-13 13:33:00+09:00,23350.0,23450.0,23350.0,23400.0,2847,0.0,0.0
2025-02-13 13:34:00+09:00,23400.0,23450.0,23400.0,23450.0,447,0.0,0.0
2025-02-13 13:35:00+09:00,23450.0,23450.0,23400.0,23450.0,334,0.0,0.0
2025-02-13 13:36:00+09:00,23450.0,23450.0,23400.0,23400.0,829,0.0,0.0
2025-02-13 13:37:00+09:00,23450.0,23450.0,23400.0,23400.0,494,0.0,0.0
2025-02-13 13:38:00+09:00,23400.0,23400.0,23350.0,23400.0,1141,0.0,0.0
2025-02-13 13:39:00+09:00,23400.0,23450.0,23350.0,23350.0,392,0.0,0.0
2025-02-13 13:40:00+09:00,23350.0,23400.0,23300.0,23300.0,868,0.0,0.0
2025-02-13 13:41:00+09:00,23300.0,23400.0,23300.0,23400.0,647,0.0,0.0
2025-02-13 13:42:00+09:00,23350.0,23400.0,23350.0,23350.0,596,0.0,0.0
2025-02-13 13:43:00+09:00,23400.0,23400.0,23350.0,23400.0,628,0.0,0.0
2025-02-13 13:44:00+09:00,23350.0,23400.0,23350.0,23350.0,308,0.0,0.0
2025-02-13 13:45:00+09:00,23400.0,23450.0,23350.0,23350.0,839,0.0,0.0
2025-02-13 13:46:00+09:00,23400.0,23400.0,23350.0,23400.0,539,0.0,0.0
2025-02-13 13:47:00+09:00,23350.0,23350.0,23300.0,23350.0,169,0.0,0.0
2025-02-13 13:48:00+09:00,23350.0,23350.0,23300.0,23300.0,790,0.0,0.0
2025-02-13 13:49:00+09:00,23300.0,23350.0,23200.0,23250.0,5397,0.0,0.0
2025-02-13 13:50:00+09:00,23300.0,23300.0,23200.0,23250.0,679,0.0,0.0
2025-02-13 13:51:00+09:00,23250.0,23250.0,23200.0,23250.0,725,0.0,0.0
2025-02-13 13:52:00+09:00,23200.0,23250.0,23200.0,23250.0,1663,0.0,0.0
2025-02-13 13:53:00+09:00,23200.0,23300.0,23150.0,23300.0,4073,0.0,0.0
2025-02-13 13:54:00+09:00,23300.0,23300.0,23250.0,23300.0,703,0.0,0.0
2025-02-13 13:55:00+09:00,23300.0,23300.0,23250.0,23250.0,351,0.0,0.0
2025-02-13 13:56:00+09:00,23300.0,23300.0,23250.0,23300.0,410,0.0,0.0
2025-02-13 13:57:00+09:00,23250.0,23300.0,23250.0,23300.0,615,0.0,0.0
2025-02-13 13:58:00+09:00,23300.0,23300.0,23250.0,23250.0,880,0.0,0.0
2025-02-13 13:59:00+09:00,23250.0,23300.0,23250.0,23300.0,691,0.0,0.0
2025-02-13 14:00:00+09:00,23250.0,23300.0,23250.0,23250.0,721,0.0,0.0
2025-02-13 14:01:00+09:00,23300.0,23300.0,23250.0,23300.0,199,0.0,0.0
2025-02-13 14:02:00+09:00,23300.0,23300.0,23250.0,23300.0,310,0.0,0.0
2025-02-13 14:03:00+09:00,23300.0,23300.0,23250.0,23300.0,683,0.0,0.0
2025-02-13 14:04:00+09:00,23300.0,23300.0,23250.0,23250.0,843,0.0,0.0
2025-02-13 14:05:00+09:00,23300.0,23350.0,23250.0,23300.0,2559,0.0,0.0
2025-02-13 14:06:00+09:00,23300.0,23350.0,23300.0,23300.0,693,0.0,0.0
2025-02-13 14:07:00+09:00,23300.0,23350.0,23300.0,23350.0,952,0.0,0.0
2025-02-13 14:08:00+09:00,23300.0,23350.0,23250.0,23250.0,2005,0.0,0.0
2025-02-13 14:09:00+09:00,23250.0,23300.0,23250.0,23250.0,446,0.0,0.0
2025-02-13 14:10:00+09:00,23250.0,23300.0,23250.0,23300.0,324,0.0,0.0
2025-02-13 14:11:00+09:00,23300.0,23300.0,23250.0,23300.0,476,0.0,0.0
2025-02-13 14:12:00+09:00,23300.0,23400.0,23250.0,23300.0,1784,0.0,0.0
2025-02-13 14:13:00+09:00,23300.0,23350.0,23300.0,23350.0,311,0.0,0.0
2025-02-13 14:14:00+09:00,23350.0,23400.0,23300.0,23300.0,435,0.0,0.0
2025-02-13 14:15:00+09:00,23300.0,23400.0,23250.0,23400.0,556,0.0,0.0
2025-02-13 14:16:00+09:00,23400.0,23400.0,23300.0,23350.0,628,0.0,0.0
2025-02-13 14:17:00+09:00,23300.0,23350.0,23300.0,23350.0,776,0.0,0.0
2025-02-13 14:18:00+09:00,23300.0,23400.0,23300.0,23300.0,3057,0.0,0.0
2025-02-13 14:19:00+09:00,23300.0,23400.0,23300.0,23350.0,286,0.0,0.0
2025-02-13 14:20:00+09:00,23350.0,23350.0,23300.0,23300.0,421,0.0,0.0
2025-02-13 14:21:00+09:00,23300.0,23400.0,23300.0,23350.0,792,0.0,0.0
2025-02-13 14:22:00+09:00,23300.0,23400.0,23300.0,23350.0,413,0.0,0.0
2025-02-13 14:23:00+09:00,23350.0,23400.0,23300.0,23300.0,210,0.0,0.0
2025-02-13 14:24:00+09:00,23300.0,23350.0,23300.0,23350.0,715,0.0,0.0
2025-02-13 14:25:00+09:00,23300.0,23350.0,23300.0,23350.0,366,0.0,0.0
2025-02-13 14:26:00+09:00,23300.0,23350.0,23300.0,23300.0,699,0.0,0.0
2025-02-13 14:27:00+09:00,23300.0,23350.0,23300.0,23300.0,947,0.0,0.0
2025-02-13 14:28:00+09:00,23300.0,23400.0,23300.0,23400.0,1406,0.0,0.0
2025-02-13 14:29:00+09:00,23350.0,23400.0,23300.0,23350.0,1504,0.0,0.0
2025-02-13 14:30:00+09:00,23300.0,23350.0,23300.0,23300.0,312,0.0,0.0
2025-02-13 14:31:00+09:00,23350.0,23350.0,23300.0,23300.0,1632,0.0,0.0
2025-02-13 14:32:00+09:00,23300.0,23400.0,23250.0,23300.0,1094,0.0,0.0
2025-02-13 14:33:00+09:00,23300.0,23350.0,23300.0,23350.0,545,0.0,0.0
2025-02-13 14:34:00+09:00,23300.0,23400.0,23300.0,23350.0,671,0.0,0.0
2025-02-13 14:35:00+09:00,23300.0,23400.0,23300.0,23300.0,317,0.0,0.0
2025-02-13 14:36:00+09:00,23300.0,23350.0,23300.0,23300.0,621,0.0,0.0
2025-02-13 14:37:00+09:00,23300.0,23350.0,23300.0,23300.0,803,0.0,0.0
2025-02-13 14:38:00+09:00,23350.0,23350.0,23300.0,23300.0,824,0.0,0.0
2025-02-13 14:39:00+09:00,23300.0,23350.0,23300.0,23300.0,432,0.0,0.0
2025-02-13 14:40:00+09:00,23350.0,23350.0,23300.0,23350.0,639,0.0,0.0
2025-02-13 14:41:00+09:00,23350.0,23400.0,23300.0,23300.0,1068,0.0,0.0
2025-02-13 14:42:00+09:00,23300.0,23400.0,23300.0,23300.0,1703,0.0,0.0
2025-02-13 14:43:00+09:00,23300.0,23350.0,23300.0,23300.0,2411,0.0,0.0
2025-02-13 14:44:00+09:00,23300.0,23350.0,23300.0,23300.0,496,0.0,0.0
2025-02-13 14:45:00+09:00,23300.0,23350.0,23300.0,23300.0,829,0.0,0.0
2025-02-13 14:46:00+09:00,23300.0,23300.0,23250.0,23250.0,2093,0.0,0.0
2025-02-13 14:47:00+09:00,23250.0,23300.0,23250.0,23250.0,316,0.0,0.0
2025-02-13 14:48:00+09:00,23250.0,23350.0,23250.0,23350.0,707,0.0,0.0
2025-02-13 14:49:00+09:00,23300.0,23350.0,23300.0,23350.0,687,0.0,0.0
2025-02-13 14:50:00+09:00,23300.0,23350.0,23300.0,23300.0,1144,0.0,0.0
2025-02-13 14:51:00+09:00,23300.0,23350.0,23300.0,23350.0,679,0.0,0.0
2025-02-13 14:52:00+09:00,23300.0,23350.0,23300.0,23300.0,588,0.0,0.0
2025-02-13 14:53:00+09:00,23300.0,23350.0,23300.0,23300.0,960,0.0,0.0
2025-02-13 14:54:00+09:00,23300.0,23350.0,23300.0,23300.0,389,0.0,0.0
2025-02-13 14:55:00+09:00,23300.0,23350.0,23300.0,23300.0,1901,0.0,0.0
2025-02-13 14:56:00+09:00,23350.0,23350.0,23300.0,23350.0,861,0.0,0.0
2025-02-13 14:57:00+09:00,23300.0,23350.0,23250.0,23250.0,3884,0.0,0.0
2025-02-13 14:58:00+09:00,23300.0,23300.0,23250.0,23250.0,1753,0.0,0.0
2025-02-13 14:59:00+09:00,23300.0,23300.0,23250.0,23250.0,472,0.0,0.0
2025-02-14 09:00:00+09:00,23900.0,23900.0,23550.0,23750.0,54725,0.0,0.0
2025-02-14 09:01:00+09:00,23750.0,23850.0,23700.0,23800.0,8280,0.0,0.0
2025-02-14 09:02:00+09:00,23800.0,23800.0,23650.0,23700.0,7252,0.0,0.0
2025-02-14 09:03:00+09:00,23750.0,23800.0,23700.0,23750.0,4726,0.0,0.0
2025-02-14 09:04:00+09:00,23750.0,23750.0,23700.0,23700.0,2858,0.0,0.0
2025-02-14 09:05:00+09:00,23700.0,23750.0,23700.0,23700.0,4305,0.0,0.0
2025-02-14 09:06:00+09:00,23750.0,23750.0,23650.0,23650.0,5174,0.0,0.0
2025-02-14 09:07:00+09:00,23650.0,23650.0,23500.0,23550.0,9125,0.0,0.0
2025-02-14 09:08:00+09:00,23550.0,23600.0,23550.0,23600.0,2633,0.0,0.0
2025-02-14 09:09:00+09:00,23550.0,23600.0,23350.0,23350.0,15556,0.0,0.0
2025-02-14 09:10:00+09:00,23400.0,23550.0,23300.0,23550.0,2952,0.0,0.0
2025-02-14 09:11:00+09:00,23550.0,23550.0,23400.0,23450.0,3150,0.0,0.0
2025-02-14 09:12:00+09:00,23400.0,23500.0,23400.0,23450.0,1128,0.0,0.0
2025-02-14 09:13:00+09:00,23450.0,23500.0,23400.0,23500.0,3535,0.0,0.0
2025-02-14 09:14:00+09:00,23500.0,23550.0,23450.0,23550.0,4280,0.0,0.0
2025-02-14 09:15:00+09:00,23550.0,23700.0,23550.0,23600.0,5256,0.0,0.0
2025-02-14 09:16:00+09:00,23650.0,23700.0,23600.0,23650.0,2364,0.0,0.0
2025-02-14 09:17:00+09:00,23650.0,23700.0,23600.0,23600.0,1737,0.0,0.0
2025-02-14 09:18:00+09:00,23650.0,23700.0,23600.0,23600.0,2799,0.0,0.0
2025-02-14 09:19:00+09:00,23650.0,23700.0,23550.0,23550.0,1255,0.0,0.0
2025-02-14 09:20:00+09:00,23550.0,23650.0,23550.0,23650.0,1480,0.0,0.0
2025-02-14 09:21:00+09:00,23600.0,23700.0,23600.0,23650.0,1093,0.0,0.0
2025-02-14 09:22:00+09:00,23650.0,23700.0,23600.0,23650.0,1557,0.0,0.0
2025-02-14 09:23:00+09:00,23650.0,23700.0,23650.0,23650.0,1038,0.0,0.0
2025-02-14 09:24:00+09:00,23650.0,23700.0,23650.0,23650.0,299,0.0,0.0
2025-02-14 09:25:00+09:00,23650.0,23700.0,23550.0,23550.0,5155,0.0,0.0
2025-02-14 09:26:00+09:00,23600.0,23650.0,23550.0,23550.0,788,0.0,0.0
2025-02-14 09:27:00+09:00,23600.0,23600.0,23400.0,23500.0,7504,0.0,0.0
2025-02-14 09:28:00+09:00,23500.0,23550.0,23450.0,23550.0,1284,0.0,0.0
2025-02-14 09:29:00+09:00,23500.0,23550.0,23500.0,23500.0,1125,0.0,0.0
2025-02-14 09:30:00+09:00,23450.0,23500.0,23450.0,23450.0,218,0.0,0.0
2025-02-14 09:31:00+09:00,23450.0,23500.0,23450.0,23450.0,2114,0.0,0.0
2025-02-14 09:32:00+09:00,23450.0,23500.0,23450.0,23500.0,544,0.0,0.0
2025-02-14 09:33:00+09:00,23450.0,23500.0,23450.0,23500.0,1730,0.0,0.0
2025-02-14 09:34:00+09:00,23450.0,23650.0,23450.0,23600.0,5740,0.0,0.0
2025-02-14 09:35:00+09:00,23550.0,23650.0,23550.0,23600.0,938,0.0,0.0
2025-02-14 09:36:00+09:00,23600.0,23650.0,23550.0,23650.0,2730,0.0,0.0
2025-02-14 09:37:00+09:00,23650.0,23850.0,23650.0,23750.0,19391,0.0,0.0
2025-02-14 09:38:00+09:00,23750.0,23800.0,23700.0,23750.0,5764,0.0,0.0
2025-02-14 09:39:00+09:00,23750.0,23750.0,23600.0,23750.0,16052,0.0,0.0
2025-02-14 09:40:00+09:00,23750.0,23800.0,23650.0,23800.0,7191,0.0,0.0
2025-02-14 09:41:00+09:00,23800.0,23800.0,23750.0,23800.0,5956,0.0,0.0
2025-02-14 09:42:00+09:00,23800.0,23800.0,23700.0,23750.0,5872,0.0,0.0
2025-02-14 09:43:00+09:00,23750.0,23800.0,23700.0,23750.0,3514,0.0,0.0
2025-02-14 09:44:00+09:00,23750.0,23750.0,23700.0,23750.0,1750,0.0,0.0
2025-02-14 09:45:00+09:00,23750.0,23750.0,23700.0,23750.0,4715,0.0,0.0
2025-02-14 09:46:00+09:00,23750.0,23750.0,23700.0,23750.0,1693,0.0,0.0
2025-02-14 09:47:00+09:00,23700.0,23800.0,23700.0,23800.0,7082,0.0,0.0
2025-02-14 09:48:00+09:00,23800.0,23800.0,23750.0,23800.0,1039,0.0,0.0
2025-02-14 09:49:00+09:00,23800.0,23800.0,23650.0,23650.0,7191,0.0,0.0
2025-02-14 09:50:00+09:00,23700.0,23750.0,23650.0,23700.0,827,0.0,0.0
2025-02-14 09:51:00+09:00,23700.0,23750.0,23700.0,23700.0,927,0.0,0.0
2025-02-14 09:52:00+09:00,23700.0,23750.0,23700.0,23750.0,604,0.0,0.0
2025-02-14 09:53:00+09:00,23750.0,23750.0,23700.0,23750.0,4337,0.0,0.0
2025-02-14 09:54:00+09:00,23750.0,23800.0,23750.0,23750.0,1548,0.0,0.0
2025-02-14 09:55:00+09:00,23800.0,23800.0,23750.0,23750.0,407,0.0,0.0
2025-02-14 09:56:00+09:00,23800.0,23800.0,23700.0,23750.0,6121,0.0,0.0
2025-02-14 09:57:00+09:00,23750.0,23800.0,23700.0,23750.0,1442,0.0,0.0
2025-02-14 09:58:00+09:00,23750.0,23750.0,23700.0,23750.0,284,0.0,0.0
2025-02-14 09:59:00+09:00,23750.0,23750.0,23700.0,23750.0,2327,0.0,0.0
2025-02-14 10:00:00+09:00,23700.0,23750.0,23700.0,23750.0,739,0.0,0.0
2025-02-14 10:01:00+09:00,23700.0,23750.0,23700.0,23750.0,455,0.0,0.0
2025-02-14 10:02:00+09:00,23750.0,23750.0,23650.0,23700.0,3833,0.0,0.0
2025-02-14 10:03:00+09:00,23650.0,23700.0,23650.0,23700.0,1890,0.0,0.0
2025-02-14 10:04:00+09:00,23650.0,23700.0,23650.0,23700.0,1581,0.0,0.0
2025-02-14 10:05:00+09:00,23650.0,23700.0,23650.0,23650.0,905,0.0,0.0
2025-02-14 10:06:00+09:00,23700.0,23700.0,23650.0,23700.0,3252,0.0,0.0
2025-02-14 10:07:00+09:00,23700.0,23700.0,23650.0,23700.0,1468,0.0,0.0
2025-02-14 10:08:00+09:00,23700.0,23700.0,23650.0,23700.0,318,0.0,0.0
2025-02-14 10:09:00+09:00,23650.0,23850.0,23650.0,23800.0,13808,0.0,0.0
2025-02-14 10:10:00+09:00,23850.0,23850.0,23800.0,23800.0,4675,0.0,0.0
2025-02-14 10:11:00+09:00,23800.0,23850.0,23800.0,23850.0,1423,0.0,0.0
2025-02-14 10:12:00+09:00,23800.0,23850.0,23800.0,23850.0,2918,0.0,0.0
2025-02-14 10:13:00+09:00,23850.0,23850.0,23800.0,23800.0,2399,0.0,0.0
2025-02-14 10:14:00+09:00,23800.0,23800.0,23750.0,23800.0,960,0.0,0.0
2025-02-14 10:15:00+09:00,23800.0,23800.0,23750.0,23800.0,1259,0.0,0.0
2025-02-14 10:16:00+09:00,23800.0,23850.0,23750.0,23750.0,2026,0.0,0.0
2025-02-14 10:17:00+09:00,23750.0,23800.0,23750.0,23800.0,238,0.0,0.0
2025-02-14 10:18:00+09:00,23800.0,23800.0,23750.0,23800.0,1426,0.0,0.0
2025-02-14 10:19:00+09:00,23800.0,23800.0,23750.0,23800.0,3278,0.0,0.0
2025-02-14 10:20:00+09:00,23750.0,23850.0,23750.0,23850.0,814,0.0,0.0
2025-02-14 10:21:00+09:00,23800.0,23850.0,23800.0,23800.0,664,0.0,0.0
2025-02-14 10:22:00+09:00,23800.0,23850.0,23800.0,23800.0,33,0.0,0.0
2025-02-14 10:23:00+09:00,23850.0,23850.0,23800.0,23800.0,413,0.0,0.0
2025-02-14 10:24:00+09:00,23800.0,23850.0,23800.0,23850.0,1019,0.0,0.0
2025-02-14 10:25:00+09:00,23800.0,23850.0,23800.0,23850.0,773,0.0,0.0
2025-02-14 10:26:00+09:00,23850.0,23850.0,23800.0,23850.0,476,0.0,0.0
2025-02-14 10:27:00+09:00,23800.0,23850.0,23800.0,23800.0,279,0.0,0.0
2025-02-14 10:28:00+09:00,23850.0,23850.0,23800.0,23800.0,332,0.0,0.0
2025-02-14 10:29:00+09:00,23800.0,23850.0,23800.0,23850.0,890,0.0,0.0
2025-02-14 10:30:00+09:00,23800.0,23850.0,23800.0,23850.0,21,0.0,0.0
2025-02-14 10:31:00+09:00,23850.0,23850.0,23800.0,23800.0,410,0.0,0.0
2025-02-14 10:32:00+09:00,23800.0,23850.0,23800.0,23800.0,491,0.0,0.0
2025-02-14 10:33:00+09:00,23800.0,23850.0,23800.0,23850.0,923,0.0,0.0
2025-02-14 10:34:00+09:00,23850.0,23850.0,23800.0,23800.0,654,0.0,0.0
2025-02-14 10:35:00+09:00,23800.0,23850.0,23800.0,23850.0,1216,0.0,0.0
2025-02-14 10:36:00+09:00,23850.0,23850.0,23800.0,23850.0,1474,0.0,0.0
2025-02-14 10:37:00+09:00,23850.0,23900.0,23800.0,23850.0,8927,0.0,0.0
2025-02-14 10:38:00+09:00,23900.0,23950.0,23900.0,23950.0,7164,0.0,0.0
2025-02-14 10:39:00+09:00,23950.0,23950.0,23900.0,23900.0,1397,0.0,0.0
2025-02-14 10:40:00+09:00,23900.0,23950.0,23900.0,23950.0,764,0.0,0.0
2025-02-14 10:41:00+09:00,23950.0,23950.0,23900.0,23950.0,3610,0.0,0.0
2025-02-14 10:42:00+09:00,23950.0,23950.0,23900.0,23950.0,7553,0.0,0.0
2025-02-14 10:43:00+09:00,23950.0,23950.0,23900.0,23950.0,784,0.0,0.0
2025-02-14 10:44:00+09:00,23900.0,24000.0,23900.0,24000.0,3885,0.0,0.0
2025-02-14 10:45:00+09:00,24000.0,24050.0,23950.0,24050.0,11703,0.0,0.0
2025-02-14 10:46:00+09:00,24000.0,24100.0,24000.0,24050.0,4959,0.0,0.0
2025-02-14 10:47:00+09:00,24100.0,24100.0,24000.0,24050.0,2793,0.0,0.0
2025-02-14 10:48:00+09:00,24050.0,24050.0,24000.0,24050.0,2019,0.0,0.0
2025-02-14 10:49:00+09:00,24050.0,24100.0,24000.0,24050.0,2217,0.0,0.0
2025-02-14 10:50:00+09:00,24050.0,24100.0,24050.0,24050.0,1475,0.0,0.0
2025-02-14 10:51:00+09:00,24100.0,24150.0,24050.0,24100.0,7075,0.0,0.0
2025-02-14 10:52:00+09:00,24150.0,24150.0,24050.0,24150.0,4127,0.0,0.0
2025-02-14 10:53:00+09:00,24100.0,24150.0,24050.0,24100.0,2571,0.0,0.0
2025-02-14 10:54:00+09:00,24100.0,24150.0,24050.0,24150.0,1833,0.0,0.0
2025-02-14 10:55:00+09:00,24100.0,24150.0,24100.0,24150.0,1312,0.0,0.0
2025-02-14 10:56:00+09:00,24150.0,24150.0,24100.0,24150.0,1369,0.0,0.0
2025-02-14 10:57:00+09:00,24150.0,24150.0,24100.0,24150.0,1716,0.0,0.0
2025-02-14 10:58:00+09:00,24150.0,24200.0,24100.0,24150.0,3041,0.0,0.0
2025-02-14 10:59:00+09:00,24100.0,24150.0,24050.0,24100.0,5698,0.0,0.0
2025-02-14 11:00:00+09:00,24100.0,24100.0,24050.0,24100.0,558,0.0,0.0
2025-02-14 11:01:00+09:00,24100.0,24100.0,24050.0,24100.0,1557,0.0,0.0
2025-02-14 11:02:00+09:00,24100.0,24150.0,24050.0,24150.0,1175,0.0,0.0
2025-02-14 11:03:00+09:00,24150.0,24150.0,24050.0,24100.0,680,0.0,0.0
2025-02-14 11:04:00+09:00,24100.0,24100.0,24050.0,24100.0,1357,0.0,0.0
2025-02-14 11:05:00+09:00,24050.0,24150.0,24050.0,24100.0,1619,0.0,0.0
2025-02-14 11:06:00+09:00,24100.0,24150.0,24050.0,24100.0,771,0.0,0.0
2025-02-14 11:07:00+09:00,24100.0,24150.0,24100.0,24150.0,1027,0.0,0.0
2025-02-14 11:08:00+09:00,24150.0,24150.0,24100.0,24100.0,623,0.0,0.0
2025-02-14 11:09:00+09:00,24100.0,24150.0,24100.0,24150.0,1514,0.0,0.0
2025-02-14 11:10:00+09:00,24100.0,24150.0,24100.0,24150.0,757,0.0,0.0
2025-02-14 11:11:00+09:00,24150.0,24150.0,24100.0,24100.0,2970,0.0,0.0
2025-02-14 11:12:00+09:00,24150.0,24200.0,24100.0,24200.0,8342,0.0,0.0
2025-02-14 11:13:00+09:00,24150.0,24200.0,24150.0,24200.0,765,0.0,0.0
2025-02-14 11:14:00+09:00,24200.0,24200.0,24150.0,24200.0,660,0.0,0.0
2025-02-14 11:15:00+09:00,24150.0,24200.0,24150.0,24150.0,768,0.0,0.0
2025-02-14 11:16:00+09:00,24150.0,24200.0,24100.0,24150.0,3866,0.0,0.0
2025-02-14 11:17:00+09:00,24150.0,24150.0,24100.0,24150.0,2235,0.0,0.0
2025-02-14 11:18:00+09:00,24100.0,24150.0,24100.0,24150.0,1500,0.0,0.0
2025-02-14 11:19:00+09:00,24150.0,24150.0,24100.0,24100.0,716,0.0,0.0
2025-02-14 11:20:00+09:00,24100.0,24150.0,24100.0,24150.0,495,0.0,0.0
2025-02-14 11:21:00+09:00,24100.0,24150.0,24100.0,24150.0,469,0.0,0.0
2025-02-14 11:22:00+09:00,24100.0,24150.0,24100.0,24150.0,849,0.0,0.0
2025-02-14 11:23:00+09:00,24150.0,24150.0,24100.0,24150.0,866,0.0,0.0
2025-02-14 11:24:00+09:00,24150.0,24150.0,24100.0,24100.0,342,0.0,0.0
2025-02-14 11:25:00+09:00,24150.0,24150.0,24100.0,24150.0,482,0.0,0.0
2025-02-14 11:26:00+09:00,24100.0,24200.0,24100.0,24150.0,1448,0.0,0.0
2025-02-14 11:27:00+09:00,24150.0,24150.0,24100.0,24150.0,1577,0.0,0.0
2025-02-14 11:28:00+09:00,24150.0,24200.0,24050.0,24150.0,2094,0.0,0.0
2025-02-14 11:29:00+09:00,24150.0,24150.0,24100.0,24150.0,920,0.0,0.0
2025-02-14 11:30:00+09:00,24100.0,24150.0,24100.0,24150.0,498,0.0,0.0
2025-02-14 11:31:00+09:00,24150.0,24150.0,24100.0,24100.0,525,0.0,0.0
2025-02-14 11:32:00+09:00,24150.0,24150.0,24100.0,24100.0,2271,0.0,0.0
2025-02-14 11:33:00+09:00,24150.0,24150.0,24100.0,24150.0,449,0.0,0.0
2025-02-14 11:34:00+09:00,24150.0,24150.0,24100.0,24150.0,1121,0.0,0.0
2025-02-14 11:35:00+09:00,24150.0,24150.0,24100.0,24150.0,52,0.0,0.0
2025-02-14 11:36:00+09:00,24150.0,24150.0,24100.0,24150.0,604,0.0,0.0
2025-02-14 11:37:00+09:00,24150.0,24200.0,24150.0,24150.0,519,0.0,0.0
2025-02-14 11:38:00+09:00,24150.0,24200.0,24100.0,24150.0,1449,0.0,0.0
2025-02-14 11:39:00+09:00,24150.0,24150.0,24100.0,24150.0,355,0.0,0.0
2025-02-14 11:40:00+09:00,24150.0,24150.0,24100.0,24100.0,477,0.0,0.0
2025-02-14 11:41:00+09:00,24150.0,24200.0,24150.0,24150.0,1979,0.0,0.0
2025-02-14 11:42:00+09:00,24100.0,24150.0,24100.0,24100.0,247,0.0,0.0
2025-02-14 11:43:00+09:00,24150.0,24150.0,24100.0,24150.0,446,0.0,0.0
2025-02-14 11:44:00+09:00,24100.0,24150.0,24100.0,24150.0,250,0.0,0.0
2025-02-14 11:45:00+09:00,24150.0,24150.0,24100.0,24100.0,753,0.0,0.0
2025-02-14 11:46:00+09:00,24100.0,24200.0,24100.0,24150.0,433,0.0,0.0
2025-02-14 11:47:00+09:00,24150.0,24150.0,24100.0,24150.0,482,0.0,0.0
2025-02-14 11:48:00+09:00,24150.0,24150.0,24100.0,24150.0,798,0.0,0.0
2025-02-14 11:49:00+09:00,24150.0,24150.0,24100.0,24150.0,623,0.0,0.0
2025-02-14 11:50:00+09:00,24150.0,24150.0,24100.0,24100.0,640,0.0,0.0
2025-02-14 11:51:00+09:00,24100.0,24150.0,24100.0,24100.0,933,0.0,0.0
2025-02-14 11:52:00+09:00,24100.0,24150.0,24100.0,24150.0,369,0.0,0.0
2025-02-14 11:53:00+09:00,24100.0,24150.0,24100.0,24150.0,1317,0.0,0.0
2025-02-14 11:54:00+09:00,24100.0,24150.0,24100.0,24150.0,378,0.0,0.0
2025-02-14 11:55:00+09:00,24150.0,24150.0,24100.0,24100.0,645,0.0,0.0
2025-02-14 11:56:00+09:00,24100.0,24150.0,24100.0,24100.0,235,0.0,0.0
2025-02-14 11:57:00+09:00,24150.0,24150.0,24100.0,24150.0,984,0.0,0.0
2025-02-14 11:58:00+09:00,24150.0,24150.0,24100.0,24150.0,379,0.0,0.0
2025-02-14 11:59:00+09:00,24100.0,24150.0,24100.0,24150.0,452,0.0,0.0
2025-02-14 12:00:00+09:00,24150.0,24150.0,24100.0,24150.0,451,0.0,0.0
2025-02-14 12:01:00+09:00,24100.0,24150.0,24100.0,24150.0,575,0.0,0.0
2025-02-14 12:02:00+09:00,24150.0,24150.0,24100.0,24150.0,355,0.0,0.0
2025-02-14 12:03:00+09:00,24150.0,24150.0,24100.0,24150.0,1938,0.0,0.0
2025-02-14 12:04:00+09:00,24100.0,24150.0,24100.0,24150.0,1042,0.0,0.0
2025-02-14 12:05:00+09:00,24150.0,24150.0,24100.0,24100.0,1900,0.0,0.0
2025-02-14 12:06:00+09:00,24100.0,24150.0,24050.0,24150.0,2404,0.0,0.0
2025-02-14 12:07:00+09:00,24150.0,24150.0,24050.0,24150.0,3443,0.0,0.0
2025-02-14 12:08:00+09:00,24100.0,24150.0,24100.0,24100.0,237,0.0,0.0
2025-02-14 12:09:00+09:00,24150.0,24150.0,24100.0,24100.0,634,0.0,0.0
2025-02-14 12:10:00+09:00,24150.0,24150.0,24100.0,24100.0,542,0.0,0.0
2025-02-14 12:11:00+09:00,24150.0,24150.0,24100.0,24150.0,387,0.0,0.0
2025-02-14 12:12:00+09:00,24100.0,24150.0,24100.0,24150.0,1245,0.0,0.0
2025-02-14 12:13:00+09:00,24100.0,24150.0,24050.0,24100.0,698,0.0,0.0
2025-02-14 12:14:00+09:00,24100.0,24150.0,24050.0,24100.0,2130,0.0,0.0
2025-02-14 12:15:00+09:00,24100.0,24150.0,24050.0,24100.0,640,0.0,0.0
2025-02-14 12:16:00+09:00,24050.0,24100.0,24050.0,24100.0,229,0.0,0.0
2025-02-14 12:17:00+09:00,24050.0,24100.0,24050.0,24100.0,862,0.0,0.0
2025-02-14 12:18:00+09:00,24100.0,24100.0,24050.0,24100.0,587,0.0,0.0
2025-02-14 12:19:00+09:00,24100.0,24100.0,24050.0,24050.0,321,0.0,0.0
2025-02-14 12:20:00+09:00,24050.0,24100.0,24050.0,24100.0,326,0.0,0.0
2025-02-14 12:21:00+09:00,24100.0,24100.0,24100.0,24100.0,1090,0.0,0.0
2025-02-14 12:22:00+09:00,24100.0,24100.0,24050.0,24050.0,477,0.0,0.0
2025-02-14 12:23:00+09:00,24050.0,24100.0,24050.0,24050.0,5425,0.0,0.0
2025-02-14 12:24:00+09:00,24100.0,24100.0,24050.0,24050.0,885,0.0,0.0
2025-02-14 12:25:00+09:00,24050.0,24050.0,24000.0,24050.0,116,0.0,0.0
2025-02-14 12:26:00+09:00,24050.0,24050.0,24000.0,24050.0,908,0.0,0.0
2025-02-14 12:27:00+09:00,24050.0,24100.0,24000.0,24050.0,856,0.0,0.0
2025-02-14 12:28:00+09:00,24000.0,24100.0,24000.0,24050.0,162,0.0,0.0
2025-02-14 12:29:00+09:00,24050.0,24100.0,24050.0,24050.0,469,0.0,0.0
2025-02-14 12:30:00+09:00,24100.0,24100.0,24050.0,24050.0,401,0.0,0.0
2025-02-14 12:31:00+09:00,24050.0,24100.0,24050.0,24100.0,439,0.0,0.0
2025-02-14 12:32:00+09:00,24100.0,24100.0,24050.0,24100.0,418,0.0,0.0
2025-02-14 12:33:00+09:00,24050.0,24100.0,24050.0,24100.0,230,0.0,0.0
2025-02-14 12:34:00+09:00,24100.0,24100.0,24050.0,24100.0,1109,0.0,0.0
2025-02-14 12:35:00+09:00,24100.0,24150.0,24050.0,24150.0,2883,0.0,0.0
2025-02-14 12:36:00+09:00,24100.0,24150.0,24100.0,24150.0,698,0.0,0.0
2025-02-14 12:37:00+09:00,24150.0,24150.0,24100.0,24100.0,2368,0.0,0.0
2025-02-14 12:38:00+09:00,24150.0,24150.0,24100.0,24150.0,1338,0.0,0.0
2025-02-14 12:39:00+09:00,24100.0,24150.0,24100.0,24150.0,1811,0.0,0.0
2025-02-14 12:40:00+09:00,24100.0,24150.0,24100.0,24100.0,158,0.0,0.0
2025-02-14 12:41:00+09:00,24150.0,24200.0,24100.0,24150.0,9515,0.0,0.0
2025-02-14 12:42:00+09:00,24150.0,24200.0,24100.0,24150.0,340,0.0,0.0
2025-02-14 12:43:00+09:00,24150.0,24200.0,24150.0,24200.0,892,0.0,0.0
2025-02-14 12:44:00+09:00,24200.0,24200.0,24150.0,24200.0,754,0.0,0.0
2025-02-14 12:45:00+09:00,24200.0,24200.0,24150.0,24150.0,1468,0.0,0.0
2025-02-14 12:46:00+09:00,24200.0,24300.0,24150.0,24300.0,23922,0.0,0.0
2025-02-14 12:47:00+09:00,24300.0,24350.0,24250.0,24300.0,7365,0.0,0.0
2025-02-14 12:48:00+09:00,24350.0,24350.0,24250.0,24300.0,1222,0.0,0.0
2025-02-14 12:49:00+09:00,24300.0,24300.0,24200.0,24250.0,2147,0.0,0.0
2025-02-14 12:50:00+09:00,24250.0,24300.0,24200.0,24250.0,1220,0.0,0.0
2025-02-14 12:51:00+09:00,24250.0,24300.0,24250.0,24250.0,1302,0.0,0.0
2025-02-14 12:52:00+09:00,24250.0,24300.0,24250.0,24300.0,1532,0.0,0.0
2025-02-14 12:53:00+09:00,24300.0,24300.0,24250.0,24300.0,641,0.0,0.0
2025-02-14 12:54:00+09:00,24300.0,24300.0,24250.0,24250.0,1470,0.0,0.0
2025-02-14 12:55:00+09:00,24300.0,24300.0,24250.0,24250.0,1063,0.0,0.0
2025-02-14 12:56:00+09:00,24250.0,24300.0,24250.0,24300.0,836,0.0,0.0
2025-02-14 12:57:00+09:00,24250.0,24300.0,24250.0,24300.0,621,0.0,0.0
2025-02-14 12:58:00+09:00,24250.0,24300.0,24250.0,24300.0,1722,0.0,0.0
2025-02-14 12:59:00+09:00,24300.0,24300.0,24250.0,24300.0,304,0.0,0.0
2025-02-14 13:00:00+09:00,24300.0,24300.0,24250.0,24250.0,931,0.0,0.0
2025-02-14 13:01:00+09:00,24300.0,24300.0,24250.0,24300.0,475,0.0,0.0
2025-02-14 13:02:00+09:00,24300.0,24350.0,24250.0,24300.0,4670,0.0,0.0
2025-02-14 13:03:00+09:00,24250.0,24300.0,24250.0,24300.0,1004,0.0,0.0
2025-02-14 13:04:00+09:00,24300.0,24300.0,24250.0,24300.0,993,0.0,0.0
2025-02-14 13:05:00+09:00,24250.0,24350.0,24250.0,24250.0,1120,0.0,0.0
2025-02-14 13:06:00+09:00,24300.0,24300.0,24250.0,24300.0,867,0.0,0.0
2025-02-14 13:07:00+09:00,24250.0,24300.0,24250.0,24300.0,1325,0.0,0.0
2025-02-14 13:08:00+09:00,24250.0,24300.0,24200.0,24250.0,2851,0.0,0.0
2025-02-14 13:09:00+09:00,24250.0,24250.0,24200.0,24200.0,821,0.0,0.0
2025-02-14 13:10:00+09:00,24200.0,24300.0,24200.0,24250.0,1081,0.0,0.0
2025-02-14 13:11:00+09:00,24250.0,24250.0,24200.0,24250.0,998,0.0,0.0
2025-02-14 13:12:00+09:00,24250.0,24250.0,24200.0,24250.0,907,0.0,0.0
2025-02-14 13:13:00+09:00,24250.0,24250.0,24200.0,24250.0,1684,0.0,0.0
2025-02-14 13:14:00+09:00,24200.0,24250.0,24200.0,24200.0,618,0.0,0.0
2025-02-14 13:15:00+09:00,24200.0,24250.0,24200.0,24250.0,1281,0.0,0.0
2025-02-14 13:16:00+09:00,24200.0,24250.0,24200.0,24250.0,292,0.0,0.0
2025-02-14 13:17:00+09:00,24250.0,24250.0,24200.0,24250.0,841,0.0,0.0
2025-02-14 13:18:00+09:00,24200.0,24250.0,24200.0,24250.0,350,0.0,0.0
2025-02-14 13:19:00+09:00,24250.0,24300.0,24200.0,24200.0,1394,0.0,0.0
2025-02-14 13:20:00+09:00,24250.0,24300.0,24150.0,24200.0,2861,0.0,0.0
2025-02-14 13:21:00+09:00,24200.0,24200.0,24150.0,24150.0,370,0.0,0.0
2025-02-14 13:22:00+09:00,24150.0,24200.0,24150.0,24150.0,1871,0.0,0.0
2025-02-14 13:23:00+09:00,24150.0,24200.0,24150.0,24150.0,569,0.0,0.0
2025-02-14 13:24:00+09:00,24150.0,24250.0,24150.0,24200.0,707,0.0,0.0
2025-02-14 13:25:00+09:00,24200.0,24200.0,24150.0,24150.0,1509,0.0,0.0
2025-02-14 13:26:00+09:00,24150.0,24200.0,24150.0,24200.0,953,0.0,0.0
2025-02-14 13:27:00+09:00,24150.0,24200.0,24150.0,24150.0,228,0.0,0.0
2025-02-14 13:28:00+09:00,24150.0,24150.0,24100.0,24150.0,2124,0.0,0.0
2025-02-14 13:29:00+09:00,24150.0,24150.0,24050.0,24150.0,5092,0.0,0.0
2025-02-14 13:30:00+09:00,24100.0,24150.0,24100.0,24150.0,550,0.0,0.0
2025-02-14 13:31:00+09:00,24100.0,24150.0,24100.0,24150.0,2010,0.0,0.0
2025-02-14 13:32:00+09:00,24100.0,24200.0,24100.0,24150.0,814,0.0,0.0
2025-02-14 13:33:00+09:00,24100.0,24200.0,24100.0,24150.0,902,0.0,0.0
2025-02-14 13:34:00+09:00,24100.0,24200.0,24100.0,24150.0,1012,0.0,0.0
2025-02-14 13:35:00+09:00,24150.0,24200.0,24150.0,24200.0,304,0.0,0.0
2025-02-14 13:36:00+09:00,24150.0,24200.0,24100.0,24100.0,2790,0.0,0.0
2025-02-14 13:37:00+09:00,24150.0,24150.0,24100.0,24150.0,1021,0.0,0.0
2025-02-14 13:38:00+09:00,24150.0,24150.0,24100.0,24100.0,408,0.0,0.0
2025-02-14 13:39:00+09:00,24100.0,24150.0,24100.0,24100.0,733,0.0,0.0
2025-02-14 13:40:00+09:00,24100.0,24150.0,24100.0,24100.0,3472,0.0,0.0
2025-02-14 13:41:00+09:00,24150.0,24200.0,24100.0,24150.0,3235,0.0,0.0
2025-02-14 13:42:00+09:00,24100.0,24250.0,24100.0,24150.0,5716,0.0,0.0
2025-02-14 13:43:00+09:00,24250.0,24350.0,24150.0,24250.0,6486,0.0,0.0
2025-02-14 13:44:00+09:00,24300.0,24350.0,24250.0,24300.0,6494,0.0,0.0
2025-02-14 13:45:00+09:00,24300.0,24400.0,24250.0,24300.0,10777,0.0,0.0
2025-02-14 13:46:00+09:00,24300.0,24400.0,24300.0,24350.0,864,0.0,0.0
2025-02-14 13:47:00+09:00,24300.0,24350.0,24300.0,24350.0,1413,0.0,0.0
2025-02-14 13:48:00+09:00,24350.0,24350.0,24200.0,24300.0,12085,0.0,0.0
2025-02-14 13:49:00+09:00,24300.0,24350.0,24300.0,24350.0,732,0.0,0.0
2025-02-14 13:50:00+09:00,24350.0,24350.0,24300.0,24350.0,731,0.0,0.0
2025-02-14 13:51:00+09:00,24300.0,24350.0,24300.0,24350.0,1127,0.0,0.0
2025-02-14 13:52:00+09:00,24300.0,24350.0,24250.0,24300.0,15358,0.0,0.0
2025-02-14 13:53:00+09:00,24350.0,24350.0,24300.0,24350.0,1103,0.0,0.0
2025-02-14 13:54:00+09:00,24300.0,24350.0,24300.0,24300.0,619,0.0,0.0
2025-02-14 13:55:00+09:00,24350.0,24350.0,24300.0,24350.0,1448,0.0,0.0
2025-02-14 13:56:00+09:00,24300.0,24350.0,24300.0,24350.0,1239,0.0,0.0
2025-02-14 13:57:00+09:00,24300.0,24350.0,24300.0,24300.0,248,0.0,0.0
2025-02-14 13:58:00+09:00,24350.0,24350.0,24300.0,24300.0,2132,0.0,0.0
2025-02-14 13:59:00+09:00,24350.0,24350.0,24300.0,24300.0,669,0.0,0.0
2025-02-14 14:00:00+09:00,24300.0,24350.0,24200.0,24200.0,3235,0.0,0.0
2025-02-14 14:01:00+09:00,24200.0,24300.0,24200.0,24200.0,1365,0.0,0.0
2025-02-14 14:02:00+09:00,24200.0,24300.0,24200.0,24250.0,1779,0.0,0.0
2025-02-14 14:03:00+09:00,24200.0,24300.0,24200.0,24200.0,1580,0.0,0.0
2025-02-14 14:04:00+09:00,24200.0,24300.0,24200.0,24250.0,1112,0.0,0.0
2025-02-14 14:05:00+09:00,24250.0,24300.0,24200.0,24200.0,1106,0.0,0.0
2025-02-14 14:06:00+09:00,24200.0,24250.0,24200.0,24250.0,1395,0.0,0.0
2025-02-14 14:07:00+09:00,24200.0,24250.0,24200.0,24250.0,1528,0.0,0.0
2025-02-14 14:08:00+09:00,24250.0,24300.0,24200.0,24200.0,1197,0.0,0.0
2025-02-14 14:09:00+09:00,24200.0,24250.0,24200.0,24200.0,1104,0.0,0.0
2025-02-14 14:10:00+09:00,24200.0,24300.0,24200.0,24200.0,2114,0.0,0.0
2025-02-14 14:11:00+09:00,24200.0,24250.0,24150.0,24200.0,554,0.0,0.0
2025-02-14 14:12:00+09:00,24150.0,24300.0,24150.0,24200.0,1489,0.0,0.0
2025-02-14 14:13:00+09:00,24200.0,24250.0,24150.0,24200.0,979,0.0,0.0
2025-02-14 14:14:00+09:00,24200.0,24250.0,24150.0,24250.0,702,0.0,0.0
2025-02-14 14:15:00+09:00,24200.0,24250.0,24150.0,24200.0,1034,0.0,0.0
2025-02-14 14:16:00+09:00,24150.0,24250.0,24150.0,24200.0,339,0.0,0.0
2025-02-14 14:17:00+09:00,24200.0,24250.0,24200.0,24250.0,992,0.0,0.0
2025-02-14 14:18:00+09:00,24200.0,24250.0,24200.0,24200.0,1327,0.0,0.0
2025-02-14 14:19:00+09:00,24200.0,24250.0,24200.0,24250.0,825,0.0,0.0
2025-02-14 14:20:00+09:00,24200.0,24250.0,24200.0,24250.0,1305,0.0,0.0
2025-02-14 14:21:00+09:00,24200.0,24250.0,24150.0,24150.0,2514,0.0,0.0
2025-02-14 14:22:00+09:00,24150.0,24200.0,24150.0,24150.0,1235,0.0,0.0
2025-02-14 14:23:00+09:00,24200.0,24300.0,24150.0,24200.0,1062,0.0,0.0
2025-02-14 14:24:00+09:00,24150.0,24250.0,24150.0,24250.0,1562,0.0,0.0
2025-02-14 14:25:00+09:00,24200.0,24250.0,24150.0,24250.0,620,0.0,0.0
2025-02-14 14:26:00+09:00,24250.0,24250.0,24200.0,24200.0,1170,0.0,0.0
2025-02-14 14:27:00+09:00,24200.0,24250.0,24150.0,24200.0,1381,0.0,0.0
2025-02-14 14:28:00+09:00,24150.0,24200.0,24150.0,24200.0,1516,0.0,0.0
2025-02-14 14:29:00+09:00,24150.0,24200.0,24100.0,24150.0,3111,0.0,0.0
2025-02-14 14:30:00+09:00,24100.0,24250.0,24100.0,24200.0,936,0.0,0.0
2025-02-14 14:31:00+09:00,24200.0,24250.0,24150.0,24150.0,877,0.0,0.0
2025-02-14 14:32:00+09:00,24200.0,24200.0,24100.0,24150.0,1590,0.0,0.0
2025-02-14 14:33:00+09:00,24100.0,24200.0,24100.0,24100.0,976,0.0,0.0
2025-02-14 14:34:00+09:00,24150.0,24150.0,24050.0,24100.0,5554,0.0,0.0
2025-02-14 14:35:00+09:00,24100.0,24150.0,24050.0,24100.0,1598,0.0,0.0
2025-02-14 14:36:00+09:00,24100.0,24150.0,24100.0,24100.0,969,0.0,0.0
2025-02-14 14:37:00+09:00,24150.0,24200.0,24100.0,24100.0,1154,0.0,0.0
2025-02-14 14:38:00+09:00,24150.0,24200.0,24150.0,24200.0,683,0.0,0.0
2025-02-14 14:39:00+09:00,24200.0,24200.0,24100.0,24150.0,1537,0.0,0.0
2025-02-14 14:40:00+09:00,24150.0,24150.0,24100.0,24100.0,1510,0.0,0.0
2025-02-14 14:41:00+09:00,24150.0,24150.0,24100.0,24100.0,795,0.0,0.0
2025-02-14 14:42:00+09:00,24150.0,24150.0,24100.0,24150.0,2147,0.0,0.0
2025-02-14 14:43:00+09:00,24150.0,24150.0,24100.0,24150.0,880,0.0,0.0
2025-02-14 14:44:00+09:00,24100.0,24200.0,24100.0,24150.0,1461,0.0,0.0
2025-02-14 14:45:00+09:00,24150.0,24150.0,24100.0,24100.0,1556,0.0,0.0
2025-02-14 14:46:00+09:00,24100.0,24200.0,24100.0,24200.0,1552,0.0,0.0
2025-02-14 14:47:00+09:00,24150.0,24200.0,24100.0,24100.0,960,0.0,0.0
2025-02-14 14:48:00+09:00,24200.0,24200.0,24100.0,24100.0,1289,0.0,0.0
2025-02-14 14:49:00+09:00,24100.0,24200.0,24100.0,24150.0,5384,0.0,0.0
2025-02-14 14:50:00+09:00,24150.0,24200.0,24100.0,24100.0,305,0.0,0.0
2025-02-14 14:51:00+09:00,24150.0,24200.0,24100.0,24150.0,1609,0.0,0.0
2025-02-14 14:52:00+09:00,24150.0,24200.0,24100.0,24100.0,1367,0.0,0.0
2025-02-14 14:53:00+09:00,24150.0,24150.0,24100.0,24100.0,1462,0.0,0.0
2025-02-14 14:54:00+09:00,24150.0,24200.0,24100.0,24100.0,3362,0.0,0.0
2025-02-14 14:55:00+09:00,24100.0,24150.0,24100.0,24100.0,1168,0.0,0.0
2025-02-14 14:56:00+09:00,24150.0,24150.0,24100.0,24150.0,2463,0.0,0.0
2025-02-14 14:57:00+09:00,24150.0,24200.0,24100.0,24100.0,941,0.0,0.0
2025-02-14 14:58:00+09:00,24150.0,24200.0,24100.0,24150.0,1121,0.0,0.0
2025-02-14 14:59:00+09:00,24150.0,24200.0,24100.0,24150.0,882,0.0,0.0
2025-02-17 09:00:00+09:00,24200.0,24250.0,24100.0,24150.0,0,0.0,0.0
2025-02-17 09:01:00+09:00,24150.0,24150.0,24000.0,24050.0,6549,0.0,0.0
2025-02-17 09:02:00+09:00,24050.0,24200.0,24050.0,24200.0,6143,0.0,0.0
2025-02-17 09:03:00+09:00,24200.0,24200.0,24050.0,24150.0,1512,0.0,0.0
2025-02-17 09:04:00+09:00,24200.0,24250.0,24150.0,24150.0,2440,0.0,0.0
2025-02-17 09:05:00+09:00,24200.0,24250.0,24050.0,24250.0,4003,0.0,0.0
2025-02-17 09:06:00+09:00,24250.0,24250.0,24200.0,24250.0,2180,0.0,0.0
2025-02-17 09:07:00+09:00,24250.0,24250.0,24200.0,24200.0,3013,0.0,0.0
2025-02-17 09:08:00+09:00,24250.0,24250.0,24100.0,24150.0,11773,0.0,0.0
2025-02-17 09:09:00+09:00,24200.0,24200.0,24150.0,24150.0,3245,0.0,0.0
2025-02-17 09:10:00+09:00,24150.0,24200.0,24150.0,24200.0,4948,0.0,0.0
2025-02-17 09:11:00+09:00,24200.0,24250.0,24200.0,24200.0,1186,0.0,0.0
2025-02-17 09:12:00+09:00,24200.0,24250.0,24150.0,24200.0,436,0.0,0.0
2025-02-17 09:13:00+09:00,24150.0,24200.0,24100.0,24150.0,1312,0.0,0.0
2025-02-17 09:14:00+09:00,24150.0,24200.0,24150.0,24200.0,314,0.0,0.0
2025-02-17 09:15:00+09:00,24150.0,24200.0,24150.0,24150.0,1596,0.0,0.0
2025-02-17 09:16:00+09:00,24150.0,24200.0,24150.0,24150.0,1314,0.0,0.0
2025-02-17 09:17:00+09:00,24150.0,24200.0,24150.0,24150.0,2668,0.0,0.0
2025-02-17 09:18:00+09:00,24150.0,24150.0,24050.0,24100.0,3269,0.0,0.0
2025-02-17 09:19:00+09:00,24100.0,24150.0,24000.0,24100.0,1159,0.0,0.0
2025-02-17 09:20:00+09:00,24100.0,24100.0,24050.0,24050.0,1531,0.0,0.0
2025-02-17 09:21:00+09:00,24050.0,24100.0,24000.0,24050.0,2269,0.0,0.0
2025-02-17 09:22:00+09:00,24000.0,24050.0,24000.0,24000.0,2121,0.0,0.0
2025-02-17 09:23:00+09:00,24000.0,24050.0,24000.0,24000.0,1083,0.0,0.0
2025-02-17 09:24:00+09:00,24000.0,24050.0,24000.0,24050.0,1711,0.0,0.0
2025-02-17 09:25:00+09:00,24050.0,24100.0,24000.0,24100.0,4966,0.0,0.0
2025-02-17 09:26:00+09:00,24150.0,24150.0,24100.0,24150.0,6843,0.0,0.0
2025-02-17 09:27:00+09:00,24150.0,24150.0,24100.0,24100.0,481,0.0,0.0
2025-02-17 09:28:00+09:00,24100.0,24200.0,24100.0,24200.0,2045,0.0,0.0
2025-02-17 09:29:00+09:00,24200.0,24250.0,24150.0,24250.0,2746,0.0,0.0
2025-02-17 09:30:00+09:00,24200.0,24300.0,24200.0,24300.0,2587,0.0,0.0
2025-02-17 09:31:00+09:00,24300.0,24350.0,24250.0,24350.0,2344,0.0,0.0
2025-02-17 09:32:00+09:00,24300.0,24350.0,24250.0,24250.0,1274,0.0,0.0
2025-02-17 09:33:00+09:00,24300.0,24300.0,24250.0,24300.0,560,0.0,0.0
2025-02-17 09:34:00+09:00,24300.0,24300.0,24250.0,24300.0,2346,0.0,0.0
2025-02-17 09:35:00+09:00,24300.0,24350.0,24300.0,24350.0,3912,0.0,0.0
2025-02-17 09:36:00+09:00,24350.0,24400.0,24300.0,24300.0,9076,0.0,0.0
2025-02-17 09:37:00+09:00,24300.0,24350.0,24250.0,24300.0,803,0.0,0.0
2025-02-17 09:38:00+09:00,24300.0,24300.0,24250.0,24300.0,1327,0.0,0.0
2025-02-17 09:39:00+09:00,24300.0,24300.0,24250.0,24300.0,1321,0.0,0.0
2025-02-17 09:40:00+09:00,24300.0,24350.0,24250.0,24300.0,1492,0.0,0.0
2025-02-17 09:41:00+09:00,24300.0,24350.0,24300.0,24300.0,774,0.0,0.0
2025-02-17 09:42:00+09:00,24300.0,24350.0,24250.0,24300.0,693,0.0,0.0
2025-02-17 09:43:00+09:00,24250.0,24350.0,24250.0,24350.0,1202,0.0,0.0
2025-02-17 09:44:00+09:00,24350.0,24350.0,24300.0,24350.0,699,0.0,0.0
2025-02-17 09:45:00+09:00,24350.0,24350.0,24200.0,24300.0,1911,0.0,0.0
2025-02-17 09:46:00+09:00,24300.0,24350.0,24250.0,24350.0,2652,0.0,0.0
2025-02-17 09:47:00+09:00,24350.0,24400.0,24350.0,24350.0,1168,0.0,0.0
2025-02-17 09:48:00+09:00,24350.0,24350.0,24300.0,24350.0,1226,0.0,0.0
2025-02-17 09:49:00+09:00,24350.0,24400.0,24300.0,24400.0,968,0.0,0.0
2025-02-17 09:50:00+09:00,24350.0,24400.0,24300.0,24400.0,572,0.0,0.0
2025-02-17 09:51:00+09:00,24350.0,24400.0,24350.0,24350.0,627,0.0,0.0
2025-02-17 09:52:00+09:00,24350.0,24350.0,24350.0,24350.0,25,0.0,0.0
2025-02-17 09:53:00+09:00,24400.0,24450.0,24350.0,24400.0,7501,0.0,0.0
2025-02-17 09:54:00+09:00,24400.0,24450.0,24400.0,24400.0,1181,0.0,0.0
2025-02-17 09:55:00+09:00,24400.0,24500.0,24400.0,24400.0,790,0.0,0.0
2025-02-17 09:56:00+09:00,24400.0,24500.0,24300.0,24350.0,1420,0.0,0.0
2025-02-17 09:57:00+09:00,24350.0,24450.0,24350.0,24350.0,697,0.0,0.0
2025-02-17 09:58:00+09:00,24350.0,24400.0,24350.0,24350.0,958,0.0,0.0
2025-02-17 09:59:00+09:00,24350.0,24350.0,24300.0,24300.0,639,0.0,0.0
2025-02-17 10:00:00+09:00,24300.0,24350.0,24300.0,24300.0,1270,0.0,0.0
2025-02-17 10:01:00+09:00,24350.0,24350.0,24300.0,24350.0,1143,0.0,0.0
2025-02-17 10:02:00+09:00,24350.0,24350.0,24300.0,24350.0,388,0.0,0.0
2025-02-17 10:03:00+09:00,24350.0,24400.0,24350.0,24350.0,982,0.0,0.0
2025-02-17 10:04:00+09:00,24400.0,24400.0,24350.0,24400.0,917,0.0,0.0
2025-02-17 10:05:00+09:00,24400.0,24450.0,24350.0,24450.0,1098,0.0,0.0
2025-02-17 10:06:00+09:00,24450.0,24450.0,24400.0,24450.0,797,0.0,0.0
2025-02-17 10:07:00+09:00,24450.0,24450.0,24400.0,24450.0,1193,0.0,0.0
2025-02-17 10:08:00+09:00,24450.0,24450.0,24450.0,24450.0,481,0.0,0.0
2025-02-17 10:09:00+09:00,24450.0,24450.0,24400.0,24450.0,215,0.0,0.0
2025-02-17 10:10:00+09:00,24450.0,24450.0,24400.0,24450.0,1195,0.0,0.0
2025-02-17 10:11:00+09:00,24450.0,24450.0,24400.0,24450.0,5146,0.0,0.0
2025-02-17 10:12:00+09:00,24400.0,24450.0,24400.0,24400.0,0,0.0,0.0
2025-02-17 10:13:00+09:00,24450.0,24450.0,24400.0,24450.0,648,0.0,0.0
2025-02-17 10:14:00+09:00,24450.0,24450.0,24400.0,24450.0,538,0.0,0.0
2025-02-17 10:15:00+09:00,24450.0,24500.0,24450.0,24450.0,3866,0.0,0.0
2025-02-17 10:16:00+09:00,24450.0,24500.0,24450.0,24500.0,1087,0.0,0.0
2025-02-17 10:17:00+09:00,24450.0,24600.0,24450.0,24500.0,8127,0.0,0.0
2025-02-17 10:18:00+09:00,24500.0,24600.0,24500.0,24550.0,2482,0.0,0.0
2025-02-17 10:19:00+09:00,24550.0,24650.0,24550.0,24600.0,2117,0.0,0.0
2025-02-17 10:20:00+09:00,24600.0,24600.0,24500.0,24550.0,1300,0.0,0.0
2025-02-17 10:21:00+09:00,24550.0,24550.0,24500.0,24550.0,1151,0.0,0.0
2025-02-17 10:22:00+09:00,24550.0,24550.0,24500.0,24550.0,1355,0.0,0.0
2025-02-17 10:23:00+09:00,24550.0,24600.0,24500.0,24600.0,1006,0.0,0.0
2025-02-17 10:24:00+09:00,24550.0,24600.0,24500.0,24550.0,3221,0.0,0.0
2025-02-17 10:25:00+09:00,24550.0,24600.0,24450.0,24500.0,5441,0.0,0.0
2025-02-17 10:26:00+09:00,24500.0,24550.0,24450.0,24500.0,1347,0.0,0.0
2025-02-17 10:27:00+09:00,24500.0,24500.0,24500.0,24500.0,227,0.0,0.0
2025-02-17 10:28:00+09:00,24500.0,24500.0,24450.0,24450.0,927,0.0,0.0
2025-02-17 10:29:00+09:00,24500.0,24500.0,24450.0,24500.0,569,0.0,0.0
2025-02-17 10:30:00+09:00,24500.0,24500.0,24450.0,24500.0,1223,0.0,0.0
2025-02-17 10:31:00+09:00,24500.0,24500.0,24450.0,24450.0,1973,0.0,0.0
2025-02-17 10:32:00+09:00,24500.0,24500.0,24350.0,24450.0,2836,0.0,0.0
2025-02-17 10:33:00+09:00,24400.0,24450.0,24350.0,24350.0,273,0.0,0.0
2025-02-17 10:34:00+09:00,24400.0,24400.0,24350.0,24400.0,725,0.0,0.0
2025-02-17 10:35:00+09:00,24400.0,24450.0,24350.0,24450.0,609,0.0,0.0
2025-02-17 10:36:00+09:00,24400.0,24450.0,24400.0,24400.0,372,0.0,0.0
2025-02-17 10:37:00+09:00,24450.0,24450.0,24400.0,24450.0,693,0.0,0.0
2025-02-17 10:38:00+09:00,24450.0,24450.0,24400.0,24450.0,447,0.0,0.0
2025-02-17 10:39:00+09:00,24450.0,24450.0,24450.0,24450.0,1104,0.0,0.0
2025-02-17 10:40:00+09:00,24450.0,24450.0,24450.0,24450.0,8,0.0,0.0
2025-02-17 10:41:00+09:00,24450.0,24500.0,24450.0,24500.0,1145,0.0,0.0
2025-02-17 10:42:00+09:00,24500.0,24500.0,24450.0,24500.0,672,0.0,0.0
2025-02-17 10:43:00+09:00,24500.0,24500.0,24450.0,24450.0,329,0.0,0.0
2025-02-17 10:44:00+09:00,24500.0,24500.0,24450.0,24500.0,663,0.0,0.0
2025-02-17 10:45:00+09:00,24500.0,24550.0,24500.0,24500.0,842,0.0,0.0
2025-02-17 10:46:00+09:00,24550.0,24550.0,24450.0,24500.0,442,0.0,0.0
2025-02-17 10:47:00+09:00,24550.0,24550.0,24450.0,24500.0,271,0.0,0.0
2025-02-17 10:48:00+09:00,24500.0,24550.0,24450.0,24500.0,1016,0.0,0.0
2025-02-17 10:49:00+09:00,24500.0,24550.0,24500.0,24500.0,508,0.0,0.0
2025-02-17 10:50:00+09:00,24550.0,24550.0,24500.0,24550.0,465,0.0,0.0
2025-02-17 10:51:00+09:00,24550.0,24550.0,24500.0,24500.0,1063,0.0,0.0
2025-02-17 10:52:00+09:00,24550.0,24550.0,24500.0,24550.0,833,0.0,0.0
2025-02-17 10:53:00+09:00,24550.0,24550.0,24500.0,24500.0,518,0.0,0.0
2025-02-17 10:54:00+09:00,24500.0,24550.0,24500.0,24550.0,300,0.0,0.0
2025-02-17 10:55:00+09:00,24550.0,24550.0,24450.0,24450.0,1428,0.0,0.0
2025-02-17 10:56:00+09:00,24550.0,24550.0,24450.0,24550.0,519,0.0,0.0
2025-02-17 10:57:00+09:00,24450.0,24550.0,24450.0,24500.0,217,0.0,0.0
2025-02-17 10:58:00+09:00,24500.0,24550.0,24500.0,24550.0,1114,0.0,0.0
2025-02-17 10:59:00+09:00,24600.0,24600.0,24500.0,24550.0,1980,0.0,0.0
2025-02-17 11:00:00+09:00,24550.0,24600.0,24500.0,24600.0,561,0.0,0.0
2025-02-17 11:01:00+09:00,24550.0,24600.0,24550.0,24600.0,230,0.0,0.0
2025-02-17 11:02:00+09:00,24550.0,24600.0,24550.0,24550.0,1772,0.0,0.0
2025-02-17 11:03:00+09:00,24550.0,24650.0,24550.0,24600.0,754,0.0,0.0
2025-02-17 11:04:00+09:00,24600.0,24600.0,24550.0,24550.0,398,0.0,0.0
2025-02-17 11:05:00+09:00,24550.0,24600.0,24500.0,24600.0,1043,0.0,0.0
2025-02-17 11:06:00+09:00,24600.0,24600.0,24500.0,24500.0,708,0.0,0.0
2025-02-17 11:07:00+09:00,24550.0,24600.0,24550.0,24600.0,327,0.0,0.0
2025-02-17 11:08:00+09:00,24600.0,24600.0,24500.0,24500.0,347,0.0,0.0
2025-02-17 11:09:00+09:00,24500.0,24550.0,24450.0,24500.0,2013,0.0,0.0
2025-02-17 11:10:00+09:00,24500.0,24550.0,24500.0,24500.0,1579,0.0,0.0
2025-02-17 11:11:00+09:00,24500.0,24500.0,24450.0,24450.0,320,0.0,0.0
2025-02-17 11:12:00+09:00,24500.0,24550.0,24500.0,24500.0,279,0.0,0.0
2025-02-17 11:13:00+09:00,24500.0,24600.0,24500.0,24500.0,949,0.0,0.0
2025-02-17 11:14:00+09:00,24600.0,24600.0,24500.0,24600.0,816,0.0,0.0
2025-02-17 11:15:00+09:00,24600.0,24600.0,24500.0,24500.0,844,0.0,0.0
2025-02-17 11:16:00+09:00,24500.0,24600.0,24500.0,24500.0,1158,0.0,0.0
2025-02-17 11:17:00+09:00,24550.0,24550.0,24500.0,24500.0,1152,0.0,0.0
2025-02-17 11:18:00+09:00,24500.0,24600.0,24500.0,24550.0,1082,0.0,0.0
2025-02-17 11:19:00+09:00,24600.0,24600.0,24500.0,24550.0,574,0.0,0.0
2025-02-17 11:20:00+09:00,24600.0,24600.0,24550.0,24600.0,197,0.0,0.0
2025-02-17 11:21:00+09:00,24600.0,24600.0,24500.0,24600.0,745,0.0,0.0
2025-02-17 11:22:00+09:00,24550.0,24600.0,24550.0,24600.0,217,0.0,0.0
2025-02-17 11:23:00+09:00,24600.0,24600.0,24550.0,24600.0,1202,0.0,0.0
2025-02-17 11:24:00+09:00,24600.0,24600.0,24550.0,24550.0,1326,0.0,0.0
2025-02-17 11:25:00+09:00,24550.0,24600.0,24550.0,24550.0,474,0.0,0.0
2025-02-17 11:26:00+09:00,24550.0,24600.0,24500.0,24550.0,916,0.0,0.0
2025-02-17 11:27:00+09:00,24650.0,24650.0,24500.0,24550.0,574,0.0,0.0
2025-02-17 11:28:00+09:00,24550.0,24550.0,24500.0,24550.0,155,0.0,0.0
2025-02-17 11:29:00+09:00,24550.0,24550.0,24500.0,24550.0,1440,0.0,0.0
2025-02-17 11:30:00+09:00,24500.0,24550.0,24500.0,24500.0,781,0.0,0.0
2025-02-17 11:31:00+09:00,24550.0,24550.0,24500.0,24500.0,720,0.0,0.0
2025-02-17 11:32:00+09:00,24500.0,24550.0,24450.0,24500.0,328,0.0,0.0
2025-02-17 11:33:00+09:00,24500.0,24550.0,24500.0,24500.0,1222,0.0,0.0
2025-02-17 11:34:00+09:00,24550.0,24550.0,24500.0,24500.0,237,0.0,0.0
2025-02-17 11:35:00+09:00,24550.0,24550.0,24500.0,24550.0,57,0.0,0.0
2025-02-17 11:36:00+09:00,24500.0,24550.0,24450.0,24500.0,2307,0.0,0.0
2025-02-17 11:37:00+09:00,24550.0,24550.0,24450.0,24500.0,219,0.0,0.0
2025-02-17 11:38:00+09:00,24500.0,24500.0,24450.0,24450.0,341,0.0,0.0
2025-02-17 11:39:00+09:00,24500.0,24500.0,24450.0,24500.0,117,0.0,0.0
2025-02-17 11:40:00+09:00,24500.0,24550.0,24450.0,24500.0,1639,0.0,0.0
2025-02-17 11:41:00+09:00,24500.0,24500.0,24450.0,24450.0,151,0.0,0.0
2025-02-17 11:42:00+09:00,24450.0,24500.0,24450.0,24500.0,531,0.0,0.0
2025-02-17 11:43:00+09:00,24500.0,24500.0,24500.0,24500.0,1754,0.0,0.0
2025-02-17 11:44:00+09:00,24450.0,24500.0,24450.0,24500.0,163,0.0,0.0
2025-02-17 11:45:00+09:00,24500.0,24500.0,24450.0,24500.0,566,0.0,0.0
2025-02-17 11:46:00+09:00,24500.0,24500.0,24450.0,24500.0,140,0.0,0.0
2025-02-17 11:47:00+09:00,24500.0,24500.0,24500.0,24500.0,2331,0.0,0.0
2025-02-17 11:48:00+09:00,24500.0,24500.0,24400.0,24500.0,910,0.0,0.0
2025-02-17 11:49:00+09:00,24500.0,24500.0,24450.0,24500.0,290,0.0,0.0
2025-02-17 11:50:00+09:00,24450.0,24500.0,24450.0,24500.0,1015,0.0,0.0
2025-02-17 11:51:00+09:00,24450.0,24550.0,24450.0,24550.0,421,0.0,0.0
2025-02-17 11:52:00+09:00,24550.0,24550.0,24500.0,24550.0,133,0.0,0.0
2025-02-17 11:53:00+09:00,24500.0,24550.0,24500.0,24550.0,1185,0.0,0.0
2025-02-17 11:54:00+09:00,24550.0,24550.0,24500.0,24550.0,74,0.0,0.0
2025-02-17 11:55:00+09:00,24500.0,24550.0,24500.0,24550.0,584,0.0,0.0
2025-02-17 11:56:00+09:00,24550.0,24550.0,24500.0,24500.0,174,0.0,0.0
2025-02-17 11:57:00+09:00,24550.0,24550.0,24500.0,24550.0,721,0.0,0.0
2025-02-17 11:58:00+09:00,24500.0,24550.0,24500.0,24550.0,1037,0.0,0.0
2025-02-17 11:59:00+09:00,24550.0,24550.0,24500.0,24550.0,142,0.0,0.0
2025-02-17 12:00:00+09:00,24550.0,24600.0,24550.0,24600.0,686,0.0,0.0
2025-02-17 12:01:00+09:00,24600.0,24600.0,24500.0,24600.0,250,0.0,0.0
2025-02-17 12:02:00+09:00,24500.0,24550.0,24450.0,24550.0,1365,0.0,0.0
2025-02-17 12:03:00+09:00,24500.0,24550.0,24500.0,24550.0,224,0.0,0.0
2025-02-17 12:04:00+09:00,24500.0,24550.0,24500.0,24550.0,532,0.0,0.0
2025-02-17 12:05:00+09:00,24550.0,24600.0,24500.0,24550.0,2368,0.0,0.0
2025-02-17 12:06:00+09:00,24550.0,24600.0,24500.0,24550.0,905,0.0,0.0
2025-02-17 12:07:00+09:00,24550.0,24550.0,24500.0,24550.0,808,0.0,0.0
2025-02-17 12:08:00+09:00,24550.0,24550.0,24550.0,24550.0,140,0.0,0.0
2025-02-17 12:09:00+09:00,24550.0,24550.0,24500.0,24550.0,1301,0.0,0.0
2025-02-17 12:10:00+09:00,24550.0,24550.0,24500.0,24550.0,0,0.0,0.0
2025-02-17 12:11:00+09:00,24550.0,24550.0,24550.0,24550.0,680,0.0,0.0
2025-02-17 12:12:00+09:00,24500.0,24550.0,24500.0,24550.0,314,0.0,0.0
2025-02-17 12:13:00+09:00,24550.0,24550.0,24550.0,24550.0,519,0.0,0.0
2025-02-17 12:14:00+09:00,24550.0,24550.0,24500.0,24550.0,838,0.0,0.0
2025-02-17 12:15:00+09:00,24550.0,24600.0,24500.0,24500.0,264,0.0,0.0
2025-02-17 12:16:00+09:00,24550.0,24550.0,24450.0,24500.0,1604,0.0,0.0
2025-02-17 12:17:00+09:00,24450.0,24500.0,24450.0,24500.0,1741,0.0,0.0
2025-02-17 12:18:00+09:00,24550.0,24550.0,24500.0,24550.0,394,0.0,0.0
2025-02-17 12:19:00+09:00,24550.0,24550.0,24450.0,24550.0,414,0.0,0.0
2025-02-17 12:20:00+09:00,24550.0,24550.0,24500.0,24550.0,272,0.0,0.0
2025-02-17 12:21:00+09:00,24500.0,24550.0,24500.0,24500.0,1548,0.0,0.0
2025-02-17 12:22:00+09:00,24550.0,24550.0,24500.0,24500.0,133,0.0,0.0
2025-02-17 12:23:00+09:00,24550.0,24550.0,24500.0,24500.0,557,0.0,0.0
2025-02-17 12:24:00+09:00,24500.0,24550.0,24500.0,24550.0,1243,0.0,0.0
2025-02-17 12:25:00+09:00,24500.0,24550.0,24450.0,24500.0,864,0.0,0.0
2025-02-17 12:26:00+09:00,24500.0,24550.0,24500.0,24550.0,128,0.0,0.0
2025-02-17 12:27:00+09:00,24500.0,24550.0,24500.0,24550.0,112,0.0,0.0
2025-02-17 12:28:00+09:00,24550.0,24550.0,24450.0,24500.0,2406,0.0,0.0
2025-02-17 12:29:00+09:00,24550.0,24550.0,24450.0,24500.0,314,0.0,0.0
2025-02-17 12:30:00+09:00,24550.0,24550.0,24450.0,24500.0,0,0.0,0.0
2025-02-17 12:31:00+09:00,24500.0,24550.0,24450.0,24550.0,654,0.0,0.0
2025-02-17 12:32:00+09:00,24500.0,24500.0,24500.0,24500.0,729,0.0,0.0
2025-02-17 12:33:00+09:00,24500.0,24500.0,24450.0,24450.0,121,0.0,0.0
2025-02-17 12:34:00+09:00,24500.0,24500.0,24500.0,24500.0,118,0.0,0.0
2025-02-17 12:35:00+09:00,24500.0,24550.0,24450.0,24550.0,1567,0.0,0.0
2025-02-17 12:36:00+09:00,24600.0,24600.0,24500.0,24500.0,0,0.0,0.0
2025-02-17 12:37:00+09:00,24550.0,24550.0,24500.0,24550.0,220,0.0,0.0
2025-02-17 12:38:00+09:00,24500.0,24550.0,24450.0,24500.0,675,0.0,0.0
2025-02-17 12:39:00+09:00,24550.0,24550.0,24450.0,24550.0,3051,0.0,0.0
2025-02-17 12:40:00+09:00,24550.0,24550.0,24450.0,24500.0,0,0.0,0.0
2025-02-17 12:41:00+09:00,24550.0,24550.0,24500.0,24550.0,1243,0.0,0.0
2025-02-17 12:42:00+09:00,24550.0,24550.0,24500.0,24550.0,0,0.0,0.0
2025-02-17 12:43:00+09:00,24550.0,24550.0,24550.0,24550.0,757,0.0,0.0
2025-02-17 12:44:00+09:00,24550.0,24550.0,24450.0,24450.0,1568,0.0,0.0
2025-02-17 12:45:00+09:00,24450.0,24500.0,24450.0,24500.0,923,0.0,0.0
2025-02-17 12:46:00+09:00,24450.0,24500.0,24450.0,24500.0,376,0.0,0.0
2025-02-17 12:47:00+09:00,24500.0,24500.0,24500.0,24500.0,1078,0.0,0.0
2025-02-17 12:48:00+09:00,24500.0,24500.0,24450.0,24500.0,857,0.0,0.0
2025-02-17 12:49:00+09:00,24450.0,24500.0,24450.0,24500.0,0,0.0,0.0
2025-02-17 12:50:00+09:00,24500.0,24500.0,24450.0,24450.0,877,0.0,0.0
2025-02-17 12:51:00+09:00,24450.0,24500.0,24450.0,24450.0,1267,0.0,0.0
2025-02-17 12:52:00+09:00,24500.0,24500.0,24450.0,24450.0,1112,0.0,0.0
2025-02-17 12:53:00+09:00,24450.0,24500.0,24400.0,24450.0,275,0.0,0.0
2025-02-17 12:54:00+09:00,24450.0,24450.0,24400.0,24400.0,714,0.0,0.0
2025-02-17 12:55:00+09:00,24450.0,24450.0,24400.0,24450.0,921,0.0,0.0
2025-02-17 12:56:00+09:00,24450.0,24450.0,24400.0,24450.0,244,0.0,0.0
2025-02-17 12:57:00+09:00,24450.0,24450.0,24400.0,24400.0,131,0.0,0.0
2025-02-17 12:58:00+09:00,24400.0,24500.0,24400.0,24500.0,789,0.0,0.0
2025-02-17 12:59:00+09:00,24500.0,24500.0,24450.0,24500.0,757,0.0,0.0
2025-02-17 13:00:00+09:00,24400.0,24500.0,24400.0,24500.0,1261,0.0,0.0
2025-02-17 13:01:00+09:00,24500.0,24500.0,24400.0,24450.0,442,0.0,0.0
2025-02-17 13:02:00+09:00,24450.0,24500.0,24450.0,24450.0,913,0.0,0.0
2025-02-17 13:03:00+09:00,24500.0,24500.0,24450.0,24450.0,462,0.0,0.0
2025-02-17 13:04:00+09:00,24450.0,24450.0,24400.0,24450.0,271,0.0,0.0
2025-02-17 13:05:00+09:00,24500.0,24500.0,24400.0,24400.0,5049,0.0,0.0
2025-02-17 13:06:00+09:00,24500.0,24500.0,24400.0,24450.0,0,0.0,0.0
2025-02-17 13:07:00+09:00,24450.0,24500.0,24450.0,24500.0,185,0.0,0.0
2025-02-17 13:08:00+09:00,24500.0,24500.0,24400.0,24450.0,154,0.0,0.0
2025-02-17 13:09:00+09:00,24400.0,24500.0,24400.0,24450.0,1617,0.0,0.0
2025-02-17 13:10:00+09:00,24450.0,24500.0,24400.0,24450.0,227,0.0,0.0
2025-02-17 13:11:00+09:00,24450.0,24450.0,24450.0,24450.0,153,0.0,0.0
2025-02-17 13:12:00+09:00,24400.0,24450.0,24400.0,24450.0,669,0.0,0.0
2025-02-17 13:13:00+09:00,24450.0,24500.0,24450.0,24500.0,408,0.0,0.0
2025-02-17 13:14:00+09:00,24450.0,24500.0,24450.0,24500.0,508,0.0,0.0
2025-02-17 13:15:00+09:00,24450.0,24500.0,24450.0,24500.0,0,0.0,0.0
2025-02-17 13:16:00+09:00,24500.0,24500.0,24450.0,24500.0,1335,0.0,0.0
2025-02-17 13:17:00+09:00,24500.0,24500.0,24450.0,24500.0,148,0.0,0.0
2025-02-17 13:18:00+09:00,24450.0,24500.0,24450.0,24500.0,432,0.0,0.0
2025-02-17 13:19:00+09:00,24450.0,24500.0,24450.0,24500.0,730,0.0,0.0
2025-02-17 13:20:00+09:00,24500.0,24500.0,24450.0,24450.0,1236,0.0,0.0
2025-02-17 13:21:00+09:00,24450.0,24500.0,24450.0,24500.0,315,0.0,0.0
2025-02-17 13:22:00+09:00,24450.0,24500.0,24400.0,24500.0,352,0.0,0.0
2025-02-17 13:23:00+09:00,24450.0,24500.0,24400.0,24400.0,676,0.0,0.0
2025-02-17 13:24:00+09:00,24450.0,24450.0,24400.0,24450.0,731,0.0,0.0
2025-02-17 13:25:00+09:00,24400.0,24450.0,24400.0,24400.0,279,0.0,0.0
2025-02-17 13:26:00+09:00,24400.0,24450.0,24400.0,24450.0,724,0.0,0.0
2025-02-17 13:27:00+09:00,24450.0,24450.0,24400.0,24400.0,295,0.0,0.0
2025-02-17 13:28:00+09:00,24450.0,24500.0,24350.0,24350.0,5736,0.0,0.0
2025-02-17 13:29:00+09:00,24400.0,24400.0,24350.0,24350.0,560,0.0,0.0
2025-02-17 13:30:00+09:00,24350.0,24450.0,24300.0,24450.0,1503,0.0,0.0
2025-02-17 13:31:00+09:00,24450.0,24500.0,24350.0,24350.0,1039,0.0,0.0
2025-02-17 13:32:00+09:00,24400.0,24500.0,24350.0,24450.0,626,0.0,0.0
2025-02-17 13:33:00+09:00,24450.0,24500.0,24350.0,24500.0,600,0.0,0.0
2025-02-17 13:34:00+09:00,24400.0,24500.0,24400.0,24450.0,289,0.0,0.0
2025-02-17 13:35:00+09:00,24400.0,24450.0,24350.0,24400.0,865,0.0,0.0
2025-02-17 13:36:00+09:00,24400.0,24450.0,24350.0,24400.0,1708,0.0,0.0
2025-02-17 13:37:00+09:00,24350.0,24400.0,24350.0,24350.0,671,0.0,0.0
2025-02-17 13:38:00+09:00,24350.0,24400.0,24350.0,24400.0,322,0.0,0.0
2025-02-17 13:39:00+09:00,24350.0,24400.0,24350.0,24350.0,1870,0.0,0.0
2025-02-17 13:40:00+09:00,24350.0,24450.0,24350.0,24450.0,593,0.0,0.0
2025-02-17 13:41:00+09:00,24400.0,24450.0,24400.0,24450.0,556,0.0,0.0
2025-02-17 13:42:00+09:00,24450.0,24450.0,24400.0,24450.0,757,0.0,0.0
2025-02-17 13:43:00+09:00,24400.0,24450.0,24400.0,24450.0,1727,0.0,0.0
2025-02-17 13:44:00+09:00,24400.0,24450.0,24400.0,24450.0,17,0.0,0.0
2025-02-17 13:45:00+09:00,24450.0,24450.0,24350.0,24350.0,353,0.0,0.0
2025-02-17 13:46:00+09:00,24350.0,24400.0,24350.0,24400.0,877,0.0,0.0
2025-02-17 13:47:00+09:00,24350.0,24450.0,24350.0,24450.0,2160,0.0,0.0
2025-02-17 13:48:00+09:00,24450.0,24500.0,24400.0,24450.0,383,0.0,0.0
2025-02-17 13:49:00+09:00,24450.0,24450.0,24400.0,24400.0,0,0.0,0.0
2025-02-17 13:50:00+09:00,24450.0,24450.0,24400.0,24400.0,1385,0.0,0.0
2025-02-17 13:51:00+09:00,24400.0,24450.0,24400.0,24400.0,214,0.0,0.0
2025-02-17 13:52:00+09:00,24450.0,24450.0,24400.0,24400.0,354,0.0,0.0
2025-02-17 13:53:00+09:00,24450.0,24450.0,24400.0,24400.0,475,0.0,0.0
2025-02-17 13:54:00+09:00,24450.0,24500.0,24400.0,24500.0,1678,0.0,0.0
2025-02-17 13:55:00+09:00,24400.0,24450.0,24350.0,24400.0,2324,0.0,0.0
2025-02-17 13:56:00+09:00,24350.0,24400.0,24350.0,24350.0,202,0.0,0.0
2025-02-17 13:57:00+09:00,24350.0,24450.0,24350.0,24450.0,1445,0.0,0.0
2025-02-17 13:58:00+09:00,24400.0,24450.0,24350.0,24350.0,135,0.0,0.0
2025-02-17 13:59:00+09:00,24350.0,24450.0,24350.0,24450.0,253,0.0,0.0
2025-02-17 14:00:00+09:00,24400.0,24450.0,24400.0,24400.0,711,0.0,0.0
2025-02-17 14:01:00+09:00,24400.0,24450.0,24400.0,24450.0,1295,0.0,0.0
2025-02-17 14:02:00+09:00,24450.0,24450.0,24400.0,24450.0,325,0.0,0.0
2025-02-17 14:03:00+09:00,24450.0,24450.0,24400.0,24400.0,522,0.0,0.0
2025-02-17 14:04:00+09:00,24450.0,24450.0,24400.0,24450.0,842,0.0,0.0
2025-02-17 14:05:00+09:00,24450.0,24500.0,24400.0,24450.0,962,0.0,0.0
2025-02-17 14:06:00+09:00,24450.0,24500.0,24400.0,24450.0,388,0.0,0.0
2025-02-17 14:07:00+09:00,24450.0,24500.0,24400.0,24400.0,520,0.0,0.0
2025-02-17 14:08:00+09:00,24450.0,24500.0,24400.0,24450.0,1293,0.0,0.0
2025-02-17 14:09:00+09:00,24500.0,24500.0,24400.0,24400.0,0,0.0,0.0
2025-02-17 14:10:00+09:00,24450.0,24500.0,24400.0,24400.0,242,0.0,0.0
2025-02-17 14:11:00+09:00,24500.0,24500.0,24400.0,24450.0,984,0.0,0.0
2025-02-17 14:12:00+09:00,24450.0,24450.0,24400.0,24400.0,663,0.0,0.0
2025-02-17 14:13:00+09:00,24400.0,24450.0,24400.0,24450.0,463,0.0,0.0
2025-02-17 14:14:00+09:00,24450.0,24450.0,24400.0,24450.0,783,0.0,0.0
2025-02-17 14:15:00+09:00,24400.0,24450.0,24400.0,24450.0,151,0.0,0.0
2025-02-17 14:16:00+09:00,24400.0,24500.0,24400.0,24400.0,789,0.0,0.0
2025-02-17 14:17:00+09:00,24450.0,24450.0,24400.0,24400.0,415,0.0,0.0
2025-02-17 14:18:00+09:00,24450.0,24450.0,24400.0,24450.0,844,0.0,0.0
2025-02-17 14:19:00+09:00,24450.0,24450.0,24400.0,24450.0,361,0.0,0.0
2025-02-17 14:20:00+09:00,24450.0,24500.0,24400.0,24450.0,960,0.0,0.0
2025-02-17 14:21:00+09:00,24450.0,24500.0,24400.0,24500.0,800,0.0,0.0
2025-02-17 14:22:00+09:00,24500.0,24500.0,24400.0,24400.0,339,0.0,0.0
2025-02-17 14:23:00+09:00,24500.0,24500.0,24400.0,24450.0,980,0.0,0.0
2025-02-17 14:24:00+09:00,24450.0,24500.0,24400.0,24500.0,1330,0.0,0.0
2025-02-17 14:25:00+09:00,24400.0,24500.0,24400.0,24400.0,420,0.0,0.0
2025-02-17 14:26:00+09:00,24400.0,24450.0,24400.0,24400.0,621,0.0,0.0
2025-02-17 14:27:00+09:00,24450.0,24500.0,24400.0,24450.0,1657,0.0,0.0
2025-02-17 14:28:00+09:00,24450.0,24500.0,24400.0,24450.0,684,0.0,0.0
2025-02-17 14:29:00+09:00,24450.0,24450.0,24400.0,24400.0,611,0.0,0.0
2025-02-17 14:30:00+09:00,24400.0,24500.0,24400.0,24500.0,862,0.0,0.0
2025-02-17 14:31:00+09:00,24500.0,24500.0,24400.0,24450.0,6751,0.0,0.0
2025-02-17 14:32:00+09:00,24450.0,24500.0,24450.0,24500.0,158,0.0,0.0
2025-02-17 14:33:00+09:00,24450.0,24500.0,24450.0,24450.0,278,0.0,0.0
2025-02-17 14:34:00+09:00,24500.0,24550.0,24450.0,24550.0,938,0.0,0.0
2025-02-17 14:35:00+09:00,24550.0,24550.0,24450.0,24500.0,2215,0.0,0.0
2025-02-17 14:36:00+09:00,24400.0,24500.0,24400.0,24450.0,520,0.0,0.0
2025-02-17 14:37:00+09:00,24450.0,24500.0,24400.0,24500.0,202,0.0,0.0
2025-02-17 14:38:00+09:00,24400.0,24500.0,24400.0,24400.0,1443,0.0,0.0
2025-02-17 14:39:00+09:00,24400.0,24500.0,24400.0,24400.0,654,0.0,0.0
2025-02-17 14:40:00+09:00,24500.0,24500.0,24400.0,24450.0,1118,0.0,0.0
2025-02-17 14:41:00+09:00,24450.0,24450.0,24400.0,24400.0,141,0.0,0.0
2025-02-17 14:42:00+09:00,24450.0,24500.0,24450.0,24500.0,1297,0.0,0.0
2025-02-17 14:43:00+09:00,24500.0,24500.0,24400.0,24500.0,334,0.0,0.0
2025-02-17 14:44:00+09:00,24500.0,24500.0,24400.0,24400.0,1094,0.0,0.0
2025-02-17 14:45:00+09:00,24450.0,24500.0,24400.0,24450.0,1790,0.0,0.0
2025-02-17 14:46:00+09:00,24450.0,24500.0,24450.0,24450.0,975,0.0,0.0
2025-02-17 14:47:00+09:00,24450.0,24450.0,24400.0,24400.0,396,0.0,0.0
2025-02-17 14:48:00+09:00,24450.0,24450.0,24400.0,24450.0,461,0.0,0.0
2025-02-17 14:49:00+09:00,24450.0,24500.0,24400.0,24400.0,2131,0.0,0.0
2025-02-17 14:50:00+09:00,24400.0,24450.0,24400.0,24450.0,494,0.0,0.0
2025-02-17 14:51:00+09:00,24400.0,24450.0,24400.0,24400.0,3403,0.0,0.0
2025-02-17 14:52:00+09:00,24400.0,24450.0,24400.0,24450.0,1198,0.0,0.0
2025-02-17 14:53:00+09:00,24400.0,24500.0,24400.0,24400.0,985,0.0,0.0
2025-02-17 14:54:00+09:00,24400.0,24450.0,24400.0,24400.0,586,0.0,0.0
2025-02-17 14:55:00+09:00,24400.0,24450.0,24400.0,24400.0,1022,0.0,0.0
2025-02-17 14:56:00+09:00,24450.0,24450.0,24400.0,24400.0,614,0.0,0.0
2025-02-17 14:57:00+09:00,24400.0,24450.0,24350.0,24350.0,2113,0.0,0.0
2025-02-17 14:58:00+09:00,24350.0,24450.0,24350.0,24350.0,796,0.0,0.0
2025-02-17 14:59:00+09:00,24350.0,24450.0,24350.0,24400.0,988,0.0,0.0
2025-02-18 09:00:00+09:00,24350.0,24450.0,24200.0,24250.0,3474,0.0,0.0
2025-02-18 09:01:00+09:00,24250.0,24300.0,24200.0,24200.0,3710,0.0,0.0
2025-02-18 09:02:00+09:00,24200.0,24250.0,24150.0,24200.0,3534,0.0,0.0
2025-02-18 09:03:00+09:00,24250.0,24250.0,24150.0,24150.0,5078,0.0,0.0
2025-02-18 09:04:00+09:00,24150.0,24300.0,24100.0,24200.0,2921,0.0,0.0
2025-02-18 09:05:00+09:00,24300.0,24300.0,24150.0,24150.0,379,0.0,0.0
2025-02-18 09:06:00+09:00,24200.0,24200.0,24150.0,24200.0,2000,0.0,0.0
2025-02-18 09:07:00+09:00,24250.0,24300.0,24200.0,24200.0,2099,0.0,0.0
2025-02-18 09:08:00+09:00,24200.0,24250.0,24200.0,24200.0,795,0.0,0.0
2025-02-18 09:09:00+09:00,24150.0,24150.0,24050.0,24050.0,5556,0.0,0.0
2025-02-18 09:10:00+09:00,24050.0,24100.0,24050.0,24050.0,1290,0.0,0.0
2025-02-18 09:11:00+09:00,24050.0,24150.0,24050.0,24100.0,4467,0.0,0.0
2025-02-18 09:12:00+09:00,24100.0,24100.0,24050.0,24050.0,6999,0.0,0.0
2025-02-18 09:13:00+09:00,24100.0,24100.0,24000.0,24050.0,2030,0.0,0.0
2025-02-18 09:14:00+09:00,24050.0,24150.0,23950.0,24100.0,8834,0.0,0.0
2025-02-18 09:15:00+09:00,24100.0,24100.0,24100.0,24100.0,1004,0.0,0.0
2025-02-18 09:16:00+09:00,24100.0,24250.0,24100.0,24200.0,2531,0.0,0.0
2025-02-18 09:17:00+09:00,24150.0,24250.0,24150.0,24150.0,114,0.0,0.0
2025-02-18 09:18:00+09:00,24150.0,24250.0,24150.0,24200.0,936,0.0,0.0
2025-02-18 09:19:00+09:00,24200.0,24300.0,24200.0,24200.0,1980,0.0,0.0
2025-02-18 09:20:00+09:00,24200.0,24300.0,24200.0,24200.0,193,0.0,0.0
2025-02-18 09:21:00+09:00,24200.0,24250.0,24200.0,24250.0,462,0.0,0.0
2025-02-18 09:22:00+09:00,24250.0,24250.0,24200.0,24200.0,333,0.0,0.0
2025-02-18 09:23:00+09:00,24200.0,24300.0,24150.0,24300.0,5079,0.0,0.0
2025-02-18 09:24:00+09:00,24300.0,24300.0,24150.0,24250.0,0,0.0,0.0
2025-02-18 09:25:00+09:00,24250.0,24250.0,24150.0,24200.0,2479,0.0,0.0
2025-02-18 09:26:00+09:00,24200.0,24200.0,24150.0,24150.0,1372,0.0,0.0
2025-02-18 09:27:00+09:00,24150.0,24200.0,24150.0,24150.0,109,0.0,0.0
2025-02-18 09:28:00+09:00,24150.0,24200.0,24150.0,24200.0,1594,0.0,0.0
2025-02-18 09:29:00+09:00,24200.0,24200.0,24150.0,24150.0,2068,0.0,0.0
2025-02-18 09:30:00+09:00,24150.0,24200.0,24150.0,24200.0,3745,0.0,0.0
2025-02-18 09:31:00+09:00,24150.0,24250.0,24150.0,24150.0,532,0.0,0.0
2025-02-18 09:32:00+09:00,24200.0,24200.0,24150.0,24150.0,71,0.0,0.0
2025-02-18 09:33:00+09:00,24200.0,24200.0,24100.0,24150.0,1020,0.0,0.0
2025-02-18 09:34:00+09:00,24150.0,24200.0,24150.0,24150.0,440,0.0,0.0
2025-02-18 09:35:00+09:00,24200.0,24250.0,24150.0,24200.0,1853,0.0,0.0
2025-02-18 09:36:00+09:00,24250.0,24250.0,24200.0,24250.0,63,0.0,0.0
2025-02-18 09:37:00+09:00,24250.0,24250.0,24150.0,24150.0,881,0.0,0.0
2025-02-18 09:38:00+09:00,24150.0,24250.0,24150.0,24200.0,516,0.0,0.0
2025-02-18 09:39:00+09:00,24200.0,24200.0,24150.0,24150.0,1774,0.0,0.0
2025-02-18 09:40:00+09:00,24150.0,24150.0,24100.0,24150.0,738,0.0,0.0
2025-02-18 09:41:00+09:00,24100.0,24100.0,24100.0,24100.0,531,0.0,0.0
2025-02-18 09:42:00+09:00,24100.0,24150.0,24100.0,24150.0,394,0.0,0.0
2025-02-18 09:43:00+09:00,24100.0,24150.0,24050.0,24100.0,4893,0.0,0.0
2025-02-18 09:44:00+09:00,24100.0,24100.0,24050.0,24100.0,0,0.0,0.0
2025-02-18 09:45:00+09:00,24050.0,24100.0,24050.0,24050.0,1465,0.0,0.0
2025-02-18 09:46:00+09:00,24050.0,24050.0,24000.0,24000.0,3592,0.0,0.0
2025-02-18 09:47:00+09:00,24050.0,24050.0,24000.0,24050.0,679,0.0,0.0
2025-02-18 09:48:00+09:00,24050.0,24050.0,24000.0,24050.0,918,0.0,0.0
2025-02-18 09:49:00+09:00,24000.0,24050.0,24000.0,24000.0,1309,0.0,0.0
2025-02-18 09:50:00+09:00,24050.0,24050.0,24000.0,24050.0,255,0.0,0.0
2025-02-18 09:51:00+09:00,24050.0,24050.0,24000.0,24000.0,1353,0.0,0.0
2025-02-18 09:52:00+09:00,24000.0,24050.0,24000.0,24050.0,6715,0.0,0.0
2025-02-18 09:53:00+09:00,24000.0,24050.0,24000.0,24000.0,858,0.0,0.0
2025-02-18 09:54:00+09:00,23950.0,24050.0,23950.0,24000.0,256,0.0,0.0
2025-02-18 09:55:00+09:00,24000.0,24050.0,24000.0,24000.0,1252,0.0,0.0
2025-02-18 09:56:00+09:00,24000.0,24050.0,23950.0,23950.0,5130,0.0,0.0
2025-02-18 09:57:00+09:00,23950.0,24000.0,23950.0,23950.0,458,0.0,0.0
2025-02-18 09:58:00+09:00,23950.0,24000.0,23950.0,23950.0,2724,0.0,0.0
2025-02-18 09:59:00+09:00,23950.0,24000.0,23950.0,23950.0,1019,0.0,0.0
2025-02-18 10:00:00+09:00,23950.0,24000.0,23950.0,23950.0,1206,0.0,0.0
2025-02-18 10:01:00+09:00,23950.0,23950.0,23900.0,23900.0,3559,0.0,0.0
2025-02-18 10:02:00+09:00,23950.0,23950.0,23850.0,23850.0,8943,0.0,0.0
2025-02-18 10:03:00+09:00,23950.0,23950.0,23850.0,23900.0,588,0.0,0.0
2025-02-18 10:04:00+09:00,23900.0,24000.0,23850.0,24000.0,602,0.0,0.0
2025-02-18 10:05:00+09:00,24000.0,24000.0,23900.0,23950.0,628,0.0,0.0
2025-02-18 10:06:00+09:00,23950.0,23950.0,23850.0,23950.0,449,0.0,0.0
2025-02-18 10:07:00+09:00,23950.0,24000.0,23950.0,23950.0,1102,0.0,0.0
2025-02-18 10:08:00+09:00,23900.0,23950.0,23900.0,23900.0,514,0.0,0.0
2025-02-18 10:09:00+09:00,23950.0,23950.0,23900.0,23900.0,26,0.0,0.0
2025-02-18 10:10:00+09:00,23900.0,24000.0,23900.0,23950.0,1219,0.0,0.0
2025-02-18 10:11:00+09:00,23950.0,24000.0,23950.0,23950.0,76,0.0,0.0
2025-02-18 10:12:00+09:00,23950.0,24100.0,23950.0,24050.0,3160,0.0,0.0
2025-02-18 10:13:00+09:00,24050.0,24100.0,24000.0,24050.0,422,0.0,0.0
2025-02-18 10:14:00+09:00,24100.0,24100.0,24050.0,24100.0,63,0.0,0.0
2025-02-18 10:15:00+09:00,24100.0,24100.0,24000.0,24050.0,1657,0.0,0.0
2025-02-18 10:16:00+09:00,24050.0,24150.0,24050.0,24150.0,2222,0.0,0.0
2025-02-18 10:17:00+09:00,24100.0,24150.0,24050.0,24100.0,1776,0.0,0.0
2025-02-18 10:18:00+09:00,24050.0,24150.0,24050.0,24100.0,1739,0.0,0.0
2025-02-18 10:19:00+09:00,24100.0,24150.0,24100.0,24100.0,420,0.0,0.0
2025-02-18 10:20:00+09:00,24150.0,24150.0,24100.0,24100.0,712,0.0,0.0
2025-02-18 10:21:00+09:00,24100.0,24150.0,24100.0,24100.0,109,0.0,0.0
2025-02-18 10:22:00+09:00,24100.0,24150.0,24100.0,24100.0,2705,0.0,0.0
2025-02-18 10:23:00+09:00,24100.0,24150.0,24100.0,24100.0,1235,0.0,0.0
2025-02-18 10:24:00+09:00,24100.0,24150.0,24050.0,24100.0,3392,0.0,0.0
2025-02-18 10:25:00+09:00,24100.0,24150.0,24050.0,24150.0,14,0.0,0.0
2025-02-18 10:26:00+09:00,24100.0,24150.0,24050.0,24050.0,2233,0.0,0.0
2025-02-18 10:27:00+09:00,24050.0,24150.0,24050.0,24100.0,271,0.0,0.0
2025-02-18 10:28:00+09:00,24100.0,24100.0,24050.0,24100.0,464,0.0,0.0
2025-02-18 10:29:00+09:00,24050.0,24100.0,24050.0,24050.0,318,0.0,0.0
2025-02-18 10:30:00+09:00,24050.0,24050.0,24000.0,24050.0,1775,0.0,0.0
2025-02-18 10:31:00+09:00,24000.0,24150.0,24000.0,24050.0,179,0.0,0.0
2025-02-18 10:32:00+09:00,24050.0,24100.0,24050.0,24050.0,1108,0.0,0.0
2025-02-18 10:33:00+09:00,24050.0,24050.0,24000.0,24000.0,708,0.0,0.0
2025-02-18 10:34:00+09:00,24000.0,24000.0,24000.0,24000.0,2392,0.0,0.0
2025-02-18 10:35:00+09:00,24000.0,24050.0,24000.0,24000.0,150,0.0,0.0
2025-02-18 10:36:00+09:00,24050.0,24050.0,24000.0,24000.0,242,0.0,0.0
2025-02-18 10:37:00+09:00,24000.0,24050.0,24000.0,24000.0,331,0.0,0.0
2025-02-18 10:38:00+09:00,24000.0,24050.0,24000.0,24000.0,675,0.0,0.0
2025-02-18 10:39:00+09:00,24000.0,24050.0,24000.0,24000.0,105,0.0,0.0
2025-02-18 10:40:00+09:00,24000.0,24100.0,24000.0,24100.0,1453,0.0,0.0
2025-02-18 10:41:00+09:00,24050.0,24100.0,24050.0,24050.0,240,0.0,0.0
2025-02-18 10:42:00+09:00,24100.0,24100.0,24050.0,24100.0,259,0.0,0.0
2025-02-18 10:43:00+09:00,24050.0,24100.0,24050.0,24050.0,605,0.0,0.0
2025-02-18 10:44:00+09:00,24100.0,24100.0,24050.0,24050.0,303,0.0,0.0
2025-02-18 10:45:00+09:00,24050.0,24100.0,24050.0,24100.0,301,0.0,0.0
2025-02-18 10:46:00+09:00,24050.0,24100.0,24050.0,24050.0,728,0.0,0.0
2025-02-18 10:47:00+09:00,24100.0,24100.0,24050.0,24050.0,230,0.0,0.0
2025-02-18 10:48:00+09:00,24050.0,24100.0,24050.0,24050.0,244,0.0,0.0
2025-02-18 10:49:00+09:00,24050.0,24100.0,24050.0,24050.0,419,0.0,0.0
2025-02-18 10:50:00+09:00,24100.0,24100.0,24050.0,24050.0,196,0.0,0.0
2025-02-18 10:51:00+09:00,24100.0,24100.0,24050.0,24100.0,248,0.0,0.0
2025-02-18 10:52:00+09:00,24100.0,24100.0,24000.0,24100.0,7645,0.0,0.0
2025-02-18 10:53:00+09:00,24050.0,24100.0,24050.0,24050.0,304,0.0,0.0
2025-02-18 10:54:00+09:00,24100.0,24100.0,24050.0,24050.0,666,0.0,0.0
2025-02-18 10:55:00+09:00,24100.0,24150.0,24050.0,24100.0,962,0.0,0.0
2025-02-18 10:56:00+09:00,24100.0,24150.0,24050.0,24100.0,1887,0.0,0.0
2025-02-18 10:57:00+09:00,24050.0,24150.0,24050.0,24100.0,750,0.0,0.0
2025-02-18 10:58:00+09:00,24100.0,24150.0,24100.0,24150.0,282,0.0,0.0
2025-02-18 10:59:00+09:00,24100.0,24150.0,24100.0,24100.0,248,0.0,0.0
2025-02-18 11:00:00+09:00,24100.0,24200.0,24100.0,24200.0,2428,0.0,0.0
2025-02-18 11:01:00+09:00,24200.0,24250.0,24200.0,24200.0,828,0.0,0.0
2025-02-18 11:02:00+09:00,24200.0,24250.0,24200.0,24250.0,2448,0.0,0.0
2025-02-18 11:03:00+09:00,24250.0,24300.0,24250.0,24250.0,1292,0.0,0.0
2025-02-18 11:04:00+09:00,24250.0,24300.0,24250.0,24250.0,415,0.0,0.0
2025-02-18 11:05:00+09:00,24300.0,24300.0,24250.0,24300.0,1766,0.0,0.0
2025-02-18 11:06:00+09:00,24300.0,24300.0,24250.0,24250.0,929,0.0,0.0
2025-02-18 11:07:00+09:00,24300.0,24300.0,24250.0,24250.0,560,0.0,0.0
2025-02-18 11:08:00+09:00,24300.0,24300.0,24250.0,24250.0,223,0.0,0.0
2025-02-18 11:09:00+09:00,24300.0,24300.0,24250.0,24300.0,891,0.0,0.0
2025-02-18 11:10:00+09:00,24250.0,24350.0,24250.0,24300.0,3829,0.0,0.0
2025-02-18 11:11:00+09:00,24350.0,24350.0,24300.0,24300.0,217,0.0,0.0
2025-02-18 11:12:00+09:00,24350.0,24350.0,24300.0,24350.0,304,0.0,0.0
2025-02-18 11:13:00+09:00,24300.0,24350.0,24300.0,24300.0,289,0.0,0.0
2025-02-18 11:14:00+09:00,24300.0,24350.0,24300.0,24300.0,649,0.0,0.0
2025-02-18 11:15:00+09:00,24350.0,24450.0,24300.0,24400.0,5477,0.0,0.0
2025-02-18 11:16:00+09:00,24450.0,24450.0,24350.0,24350.0,119,0.0,0.0
2025-02-18 11:17:00+09:00,24400.0,24400.0,24300.0,24400.0,2744,0.0,0.0
2025-02-18 11:18:00+09:00,24350.0,24400.0,24300.0,24300.0,784,0.0,0.0
2025-02-18 11:19:00+09:00,24300.0,24350.0,24300.0,24300.0,219,0.0,0.0
2025-02-18 11:20:00+09:00,24300.0,24350.0,24300.0,24350.0,986,0.0,0.0
2025-02-18 11:21:00+09:00,24350.0,24350.0,24200.0,24300.0,5821,0.0,0.0
2025-02-18 11:22:00+09:00,24200.0,24300.0,24200.0,24250.0,443,0.0,0.0
2025-02-18 11:23:00+09:00,24300.0,24300.0,24200.0,24250.0,127,0.0,0.0
2025-02-18 11:24:00+09:00,24250.0,24250.0,24200.0,24250.0,587,0.0,0.0
2025-02-18 11:25:00+09:00,24200.0,24300.0,24200.0,24250.0,179,0.0,0.0
2025-02-18 11:26:00+09:00,24250.0,24350.0,24250.0,24350.0,569,0.0,0.0
2025-02-18 11:27:00+09:00,24300.0,24350.0,24300.0,24350.0,199,0.0,0.0
2025-02-18 11:28:00+09:00,24300.0,24400.0,24300.0,24300.0,561,0.0,0.0
2025-02-18 11:29:00+09:00,24350.0,24400.0,24300.0,24300.0,208,0.0,0.0
2025-02-18 11:30:00+09:00,24300.0,24400.0,24300.0,24350.0,449,0.0,0.0
2025-02-18 11:31:00+09:00,24350.0,24400.0,24300.0,24300.0,948,0.0,0.0
2025-02-18 11:32:00+09:00,24350.0,24400.0,24300.0,24350.0,1083,0.0,0.0
2025-02-18 11:33:00+09:00,24350.0,24400.0,24350.0,24400.0,134,0.0,0.0
2025-02-18 11:34:00+09:00,24400.0,24400.0,24350.0,24350.0,339,0.0,0.0
2025-02-18 11:35:00+09:00,24400.0,24400.0,24350.0,24350.0,394,0.0,0.0
2025-02-18 11:36:00+09:00,24400.0,24400.0,24300.0,24300.0,1277,0.0,0.0
2025-02-18 11:37:00+09:00,24300.0,24400.0,24300.0,24400.0,198,0.0,0.0
2025-02-18 11:38:00+09:00,24400.0,24400.0,24350.0,24350.0,1330,0.0,0.0
2025-02-18 11:39:00+09:00,24400.0,24400.0,24350.0,24350.0,570,0.0,0.0
2025-02-18 11:40:00+09:00,24400.0,24400.0,24350.0,24350.0,297,0.0,0.0
2025-02-18 11:41:00+09:00,24400.0,24400.0,24350.0,24400.0,327,0.0,0.0
2025-02-18 11:42:00+09:00,24400.0,24450.0,24350.0,24400.0,692,0.0,0.0
2025-02-18 11:43:00+09:00,24350.0,24400.0,24350.0,24400.0,789,0.0,0.0
2025-02-18 11:44:00+09:00,24350.0,24400.0,24350.0,24400.0,381,0.0,0.0
2025-02-18 11:45:00+09:00,24400.0,24400.0,24350.0,24400.0,182,0.0,0.0
2025-02-18 11:46:00+09:00,24400.0,24400.0,24350.0,24350.0,1882,0.0,0.0
2025-02-18 11:47:00+09:00,24400.0,24400.0,24350.0,24350.0,196,0.0,0.0
2025-02-18 11:48:00+09:00,24350.0,24400.0,24350.0,24350.0,193,0.0,0.0
2025-02-18 11:49:00+09:00,24350.0,24400.0,24350.0,24350.0,499,0.0,0.0
2025-02-18 11:50:00+09:00,24350.0,24450.0,24350.0,24350.0,164,0.0,0.0
2025-02-18 11:51:00+09:00,24400.0,24400.0,24350.0,24400.0,225,0.0,0.0
2025-02-18 11:52:00+09:00,24400.0,24400.0,24350.0,24350.0,1288,0.0,0.0
2025-02-18 11:53:00+09:00,24400.0,24400.0,24350.0,24350.0,369,0.0,0.0
2025-02-18 11:54:00+09:00,24350.0,24400.0,24350.0,24350.0,224,0.0,0.0
2025-02-18 11:55:00+09:00,24350.0,24400.0,24350.0,24400.0,280,0.0,0.0
2025-02-18 11:56:00+09:00,24350.0,24400.0,24350.0,24350.0,171,0.0,0.0
2025-02-18 11:57:00+09:00,24350.0,24400.0,24350.0,24350.0,282,0.0,0.0
2025-02-18 11:58:00+09:00,24350.0,24400.0,24350.0,24350.0,287,0.0,0.0
2025-02-18 11:59:00+09:00,24350.0,24400.0,24350.0,24350.0,706,0.0,0.0
2025-02-18 12:00:00+09:00,24350.0,24400.0,24350.0,24400.0,217,0.0,0.0
2025-02-18 12:01:00+09:00,24400.0,24400.0,24350.0,24400.0,225,0.0,0.0
2025-02-18 12:02:00+09:00,24350.0,24400.0,24350.0,24400.0,561,0.0,0.0
2025-02-18 12:03:00+09:00,24400.0,24450.0,24350.0,24400.0,1043,0.0,0.0
2025-02-18 12:04:00+09:00,24400.0,24400.0,24350.0,24400.0,202,0.0,0.0
2025-02-18 12:05:00+09:00,24400.0,24400.0,24350.0,24400.0,243,0.0,0.0
2025-02-18 12:06:00+09:00,24400.0,24400.0,24350.0,24350.0,421,0.0,0.0
2025-02-18 12:07:00+09:00,24400.0,24400.0,24350.0,24400.0,598,0.0,0.0
2025-02-18 12:08:00+09:00,24400.0,24400.0,24350.0,24350.0,187,0.0,0.0
2025-02-18 12:09:00+09:00,24350.0,24400.0,24350.0,24400.0,332,0.0,0.0
2025-02-18 12:10:00+09:00,24400.0,24450.0,24350.0,24450.0,109,0.0,0.0
2025-02-18 12:11:00+09:00,24350.0,24450.0,24350.0,24450.0,216,0.0,0.0
2025-02-18 12:12:00+09:00,24450.0,24450.0,24350.0,24350.0,845,0.0,0.0
2025-02-18 12:13:00+09:00,24350.0,24400.0,24350.0,24400.0,83,0.0,0.0
2025-02-18 12:14:00+09:00,24350.0,24400.0,24350.0,24400.0,221,0.0,0.0
2025-02-18 12:15:00+09:00,24350.0,24400.0,24350.0,24400.0,772,0.0,0.0
2025-02-18 12:16:00+09:00,24400.0,24400.0,24350.0,24350.0,252,0.0,0.0
2025-02-18 12:17:00+09:00,24400.0,24400.0,24350.0,24400.0,995,0.0,0.0
2025-02-18 12:18:00+09:00,24400.0,24400.0,24350.0,24350.0,405,0.0,0.0
2025-02-18 12:19:00+09:00,24350.0,24400.0,24350.0,24400.0,327,0.0,0.0
2025-02-18 12:20:00+09:00,24400.0,24400.0,24300.0,24300.0,2180,0.0,0.0
2025-02-18 12:21:00+09:00,24300.0,24400.0,24300.0,24350.0,446,0.0,0.0
2025-02-18 12:22:00+09:00,24350.0,24400.0,24350.0,24400.0,193,0.0,0.0
2025-02-18 12:23:00+09:00,24350.0,24400.0,24350.0,24400.0,218,0.0,0.0
2025-02-18 12:24:00+09:00,24400.0,24400.0,24350.0,24350.0,437,0.0,0.0
2025-02-18 12:25:00+09:00,24350.0,24400.0,24350.0,24400.0,287,0.0,0.0
2025-02-18 12:26:00+09:00,24350.0,24400.0,24350.0,24350.0,610,0.0,0.0
2025-02-18 12:27:00+09:00,24400.0,24400.0,24350.0,24400.0,486,0.0,0.0
2025-02-18 12:28:00+09:00,24400.0,24400.0,24350.0,24350.0,72,0.0,0.0
2025-02-18 12:29:00+09:00,24400.0,24400.0,24350.0,24400.0,560,0.0,0.0
2025-02-18 12:30:00+09:00,24350.0,24400.0,24350.0,24350.0,233,0.0,0.0
2025-02-18 12:31:00+09:00,24400.0,24400.0,24350.0,24400.0,216,0.0,0.0
2025-02-18 12:32:00+09:00,24400.0,24400.0,24350.0,24400.0,483,0.0,0.0
2025-02-18 12:33:00+09:00,24400.0,24400.0,24350.0,24400.0,404,0.0,0.0
2025-02-18 12:34:00+09:00,24350.0,24450.0,24350.0,24350.0,147,0.0,0.0
2025-02-18 12:35:00+09:00,24350.0,24450.0,24350.0,24400.0,362,0.0,0.0
2025-02-18 12:36:00+09:00,24400.0,24450.0,24400.0,24450.0,266,0.0,0.0
2025-02-18 12:37:00+09:00,24450.0,24450.0,24350.0,24400.0,2153,0.0,0.0
2025-02-18 12:38:00+09:00,24350.0,24400.0,24350.0,24350.0,453,0.0,0.0
2025-02-18 12:39:00+09:00,24400.0,24400.0,24350.0,24350.0,379,0.0,0.0
2025-02-18 12:40:00+09:00,24400.0,24400.0,24350.0,24350.0,158,0.0,0.0
2025-02-18 12:41:00+09:00,24400.0,24400.0,24350.0,24350.0,330,0.0,0.0
2025-02-18 12:42:00+09:00,24400.0,24400.0,24350.0,24400.0,164,0.0,0.0
2025-02-18 12:43:00+09:00,24400.0,24400.0,24350.0,24350.0,320,0.0,0.0
2025-02-18 12:44:00+09:00,24350.0,24400.0,24350.0,24350.0,416,0.0,0.0
2025-02-18 12:45:00+09:00,24400.0,24400.0,24350.0,24400.0,230,0.0,0.0
2025-02-18 12:46:00+09:00,24350.0,24400.0,24300.0,24300.0,4023,0.0,0.0
2025-02-18 12:47:00+09:00,24350.0,24350.0,24300.0,24300.0,195,0.0,0.0
2025-02-18 12:48:00+09:00,24300.0,24350.0,24300.0,24300.0,478,0.0,0.0
2025-02-18 12:49:00+09:00,24350.0,24350.0,24300.0,24350.0,406,0.0,0.0
2025-02-18 12:50:00+09:00,24350.0,24350.0,24300.0,24350.0,404,0.0,0.0
2025-02-18 12:51:00+09:00,24350.0,24350.0,24300.0,24350.0,291,0.0,0.0
2025-02-18 12:52:00+09:00,24350.0,24350.0,24300.0,24300.0,160,0.0,0.0
2025-02-18 12:53:00+09:00,24300.0,24350.0,24300.0,24300.0,285,0.0,0.0
2025-02-18 12:54:00+09:00,24350.0,24400.0,24300.0,24400.0,1290,0.0,0.0
2025-02-18 12:55:00+09:00,24350.0,24400.0,24350.0,24350.0,255,0.0,0.0
2025-02-18 12:56:00+09:00,24350.0,24450.0,24350.0,24350.0,485,0.0,0.0
2025-02-18 12:57:00+09:00,24400.0,24450.0,24350.0,24400.0,316,0.0,0.0
2025-02-18 12:58:00+09:00,24350.0,24450.0,24350.0,24400.0,2292,0.0,0.0
2025-02-18 12:59:00+09:00,24350.0,24400.0,24350.0,24350.0,355,0.0,0.0
2025-02-18 13:00:00+09:00,24400.0,24400.0,24350.0,24350.0,196,0.0,0.0
2025-02-18 13:01:00+09:00,24400.0,24450.0,24350.0,24400.0,1151,0.0,0.0
2025-02-18 13:02:00+09:00,24400.0,24450.0,24400.0,24400.0,1765,0.0,0.0
2025-02-18 13:03:00+09:00,24400.0,24450.0,24400.0,24450.0,248,0.0,0.0
2025-02-18 13:04:00+09:00,24450.0,24450.0,24400.0,24450.0,211,0.0,0.0
2025-02-18 13:05:00+09:00,24450.0,24450.0,24400.0,24450.0,319,0.0,0.0
2025-02-18 13:06:00+09:00,24450.0,24450.0,24400.0,24450.0,256,0.0,0.0
2025-02-18 13:07:00+09:00,24450.0,24450.0,24400.0,24450.0,425,0.0,0.0
2025-02-18 13:08:00+09:00,24400.0,24450.0,24400.0,24400.0,208,0.0,0.0
2025-02-18 13:09:00+09:00,24450.0,24450.0,24400.0,24400.0,988,0.0,0.0
2025-02-18 13:10:00+09:00,24450.0,24450.0,24400.0,24450.0,300,0.0,0.0
2025-02-18 13:11:00+09:00,24450.0,24450.0,24400.0,24400.0,709,0.0,0.0
2025-02-18 13:12:00+09:00,24450.0,24450.0,24400.0,24400.0,728,0.0,0.0
2025-02-18 13:13:00+09:00,24400.0,24450.0,24400.0,24450.0,268,0.0,0.0
2025-02-18 13:14:00+09:00,24450.0,24450.0,24400.0,24400.0,237,0.0,0.0
2025-02-18 13:15:00+09:00,24400.0,24450.0,24400.0,24450.0,137,0.0,0.0
2025-02-18 13:16:00+09:00,24450.0,24450.0,24400.0,24450.0,322,0.0,0.0
2025-02-18 13:17:00+09:00,24400.0,24450.0,24400.0,24450.0,299,0.0,0.0
2025-02-18 13:18:00+09:00,24400.0,24450.0,24400.0,24400.0,1246,0.0,0.0
2025-02-18 13:19:00+09:00,24400.0,24450.0,24400.0,24450.0,306,0.0,0.0
2025-02-18 13:20:00+09:00,24450.0,24450.0,24350.0,24350.0,4431,0.0,0.0
2025-02-18 13:21:00+09:00,24450.0,24450.0,24350.0,24400.0,948,0.0,0.0
2025-02-18 13:22:00+09:00,24350.0,24450.0,24350.0,24400.0,453,0.0,0.0
2025-02-18 13:23:00+09:00,24400.0,24400.0,24350.0,24400.0,420,0.0,0.0
2025-02-18 13:24:00+09:00,24400.0,24450.0,24350.0,24450.0,1607,0.0,0.0
2025-02-18 13:25:00+09:00,24450.0,24450.0,24400.0,24400.0,144,0.0,0.0
2025-02-18 13:26:00+09:00,24450.0,24450.0,24400.0,24400.0,362,0.0,0.0
2025-02-18 13:27:00+09:00,24450.0,24500.0,24400.0,24500.0,974,0.0,0.0
2025-02-18 13:28:00+09:00,24500.0,24500.0,24400.0,24400.0,1311,0.0,0.0
2025-02-18 13:29:00+09:00,24450.0,24500.0,24400.0,24450.0,92,0.0,0.0
2025-02-18 13:30:00+09:00,24450.0,24500.0,24450.0,24500.0,669,0.0,0.0
2025-02-18 13:31:00+09:00,24500.0,24500.0,24450.0,24450.0,836,0.0,0.0
2025-02-18 13:32:00+09:00,24450.0,24550.0,24450.0,24550.0,6768,0.0,0.0
2025-02-18 13:33:00+09:00,24550.0,24550.0,24500.0,24500.0,1888,0.0,0.0
2025-02-18 13:34:00+09:00,24550.0,24550.0,24500.0,24500.0,747,0.0,0.0
2025-02-18 13:35:00+09:00,24550.0,24550.0,24500.0,24550.0,1234,0.0,0.0
2025-02-18 13:36:00+09:00,24550.0,24550.0,24500.0,24550.0,671,0.0,0.0
2025-02-18 13:37:00+09:00,24550.0,24600.0,24500.0,24550.0,1916,0.0,0.0
2025-02-18 13:38:00+09:00,24600.0,24600.0,24550.0,24600.0,2535,0.0,0.0
2025-02-18 13:39:00+09:00,24600.0,24600.0,24550.0,24600.0,738,0.0,0.0
2025-02-18 13:40:00+09:00,24550.0,24650.0,24550.0,24600.0,1899,0.0,0.0
2025-02-18 13:41:00+09:00,24600.0,24650.0,24550.0,24550.0,1248,0.0,0.0
2025-02-18 13:42:00+09:00,24600.0,24650.0,24550.0,24600.0,2581,0.0,0.0
2025-02-18 13:43:00+09:00,24600.0,24600.0,24550.0,24600.0,738,0.0,0.0
2025-02-18 13:44:00+09:00,24550.0,24650.0,24550.0,24650.0,1627,0.0,0.0
2025-02-18 13:45:00+09:00,24600.0,24650.0,24550.0,24650.0,784,0.0,0.0
2025-02-18 13:46:00+09:00,24650.0,24650.0,24550.0,24600.0,1331,0.0,0.0
2025-02-18 13:47:00+09:00,24550.0,24650.0,24550.0,24650.0,913,0.0,0.0
2025-02-18 13:48:00+09:00,24600.0,24650.0,24500.0,24550.0,4037,0.0,0.0
2025-02-18 13:49:00+09:00,24500.0,24600.0,24500.0,24600.0,1704,0.0,0.0
2025-02-18 13:50:00+09:00,24600.0,24650.0,24550.0,24650.0,1743,0.0,0.0
2025-02-18 13:51:00+09:00,24550.0,24650.0,24550.0,24600.0,1521,0.0,0.0
2025-02-18 13:52:00+09:00,24600.0,24600.0,24550.0,24600.0,941,0.0,0.0
2025-02-18 13:53:00+09:00,24600.0,24600.0,24500.0,24500.0,1825,0.0,0.0
2025-02-18 13:54:00+09:00,24550.0,24600.0,24500.0,24500.0,679,0.0,0.0
2025-02-18 13:55:00+09:00,24550.0,24650.0,24550.0,24650.0,1652,0.0,0.0
2025-02-18 13:56:00+09:00,24600.0,24650.0,24500.0,24550.0,4850,0.0,0.0
2025-02-18 13:57:00+09:00,24600.0,24600.0,24500.0,24550.0,915,0.0,0.0
2025-02-18 13:58:00+09:00,24600.0,24650.0,24550.0,24550.0,7032,0.0,0.0
2025-02-18 13:59:00+09:00,24550.0,24650.0,24550.0,24600.0,0,0.0,0.0
2025-02-18 14:00:00+09:00,24550.0,24650.0,24550.0,24550.0,709,0.0,0.0
2025-02-18 14:01:00+09:00,24650.0,24650.0,24550.0,24650.0,2995,0.0,0.0
2025-02-18 14:02:00+09:00,24600.0,24650.0,24550.0,24550.0,1219,0.0,0.0
2025-02-18 14:03:00+09:00,24650.0,24650.0,24550.0,24550.0,1078,0.0,0.0
2025-02-18 14:04:00+09:00,24550.0,24650.0,24550.0,24600.0,2198,0.0,0.0
2025-02-18 14:05:00+09:00,24600.0,24650.0,24550.0,24650.0,1295,0.0,0.0
2025-02-18 14:06:00+09:00,24600.0,24650.0,24550.0,24650.0,618,0.0,0.0
2025-02-18 14:07:00+09:00,24600.0,24650.0,24550.0,24550.0,977,0.0,0.0
2025-02-18 14:08:00+09:00,24600.0,24600.0,24550.0,24600.0,826,0.0,0.0
2025-02-18 14:09:00+09:00,24550.0,24650.0,24550.0,24550.0,1531,0.0,0.0
2025-02-18 14:10:00+09:00,24600.0,24600.0,24550.0,24600.0,1099,0.0,0.0
2025-02-18 14:11:00+09:00,24600.0,24650.0,24550.0,24550.0,2248,0.0,0.0
2025-02-18 14:12:00+09:00,24600.0,24650.0,24550.0,24650.0,897,0.0,0.0
2025-02-18 14:13:00+09:00,24600.0,24650.0,24500.0,24500.0,2735,0.0,0.0
2025-02-18 14:14:00+09:00,24500.0,24550.0,24500.0,24550.0,673,0.0,0.0
2025-02-18 14:15:00+09:00,24550.0,24600.0,24500.0,24600.0,1003,0.0,0.0
2025-02-18 14:16:00+09:00,24600.0,24600.0,24500.0,24550.0,818,0.0,0.0
2025-02-18 14:17:00+09:00,24550.0,24600.0,24500.0,24550.0,901,0.0,0.0
2025-02-18 14:18:00+09:00,24600.0,24600.0,24500.0,24550.0,1138,0.0,0.0
2025-02-18 14:19:00+09:00,24550.0,24600.0,24500.0,24550.0,959,0.0,0.0
2025-02-18 14:20:00+09:00,24550.0,24600.0,24550.0,24600.0,729,0.0,0.0
2025-02-18 14:21:00+09:00,24600.0,24650.0,24500.0,24500.0,2265,0.0,0.0
2025-02-18 14:22:00+09:00,24550.0,24600.0,24500.0,24550.0,584,0.0,0.0
2025-02-18 14:23:00+09:00,24600.0,24600.0,24500.0,24550.0,738,0.0,0.0
2025-02-18 14:24:00+09:00,24550.0,24600.0,24500.0,24550.0,1549,0.0,0.0
2025-02-18 14:25:00+09:00,24550.0,24550.0,24500.0,24550.0,1084,0.0,0.0
2025-02-18 14:26:00+09:00,24550.0,24550.0,24500.0,24550.0,571,0.0,0.0
2025-02-18 14:27:00+09:00,24550.0,24600.0,24500.0,24550.0,1199,0.0,0.0
2025-02-18 14:28:00+09:00,24500.0,24600.0,24500.0,24600.0,743,0.0,0.0
2025-02-18 14:29:00+09:00,24600.0,24600.0,24450.0,24500.0,3665,0.0,0.0
2025-02-18 14:30:00+09:00,24450.0,24600.0,24450.0,24450.0,754,0.0,0.0
2025-02-18 14:31:00+09:00,24500.0,24550.0,24450.0,24550.0,864,0.0,0.0
2025-02-18 14:32:00+09:00,24450.0,24550.0,24450.0,24450.0,1510,0.0,0.0
2025-02-18 14:33:00+09:00,24500.0,24550.0,24450.0,24500.0,690,0.0,0.0
2025-02-18 14:34:00+09:00,24450.0,24500.0,24450.0,24450.0,700,0.0,0.0
2025-02-18 14:35:00+09:00,24500.0,24500.0,24450.0,24500.0,561,0.0,0.0
2025-02-18 14:36:00+09:00,24500.0,24550.0,24450.0,24500.0,812,0.0,0.0
2025-02-18 14:37:00+09:00,24550.0,24550.0,24450.0,24450.0,1219,0.0,0.0
2025-02-18 14:38:00+09:00,24500.0,24550.0,24450.0,24450.0,477,0.0,0.0
2025-02-18 14:39:00+09:00,24500.0,24550.0,24450.0,24500.0,789,0.0,0.0
2025-02-18 14:40:00+09:00,24450.0,24550.0,24450.0,24450.0,967,0.0,0.0
2025-02-18 14:41:00+09:00,24450.0,24550.0,24450.0,24500.0,1150,0.0,0.0
2025-02-18 14:42:00+09:00,24450.0,24550.0,24450.0,24500.0,684,0.0,0.0
2025-02-18 14:43:00+09:00,24500.0,24550.0,24450.0,24450.0,2402,0.0,0.0
2025-02-18 14:44:00+09:00,24450.0,24500.0,24450.0,24500.0,555,0.0,0.0
2025-02-18 14:45:00+09:00,24500.0,24550.0,24450.0,24550.0,704,0.0,0.0
2025-02-18 14:46:00+09:00,24550.0,24550.0,24450.0,24500.0,651,0.0,0.0
2025-02-18 14:47:00+09:00,24450.0,24500.0,24450.0,24450.0,733,0.0,0.0
2025-02-18 14:48:00+09:00,24450.0,24550.0,24450.0,24550.0,621,0.0,0.0
2025-02-18 14:49:00+09:00,24550.0,24550.0,24450.0,24500.0,1398,0.0,0.0
2025-02-18 14:50:00+09:00,24550.0,24550.0,24450.0,24550.0,653,0.0,0.0
2025-02-18 14:51:00+09:00,24550.0,24550.0,24450.0,24450.0,853,0.0,0.0
2025-02-18 14:52:00+09:00,24550.0,24550.0,24450.0,24450.0,1107,0.0,0.0
2025-02-18 14:53:00+09:00,24450.0,24600.0,24450.0,24550.0,1298,0.0,0.0
2025-02-18 14:54:00+09:00,24550.0,24550.0,24450.0,24450.0,853,0.0,0.0
2025-02-18 14:55:00+09:00,24500.0,24600.0,24450.0,24600.0,1209,0.0,0.0
2025-02-18 14:56:00+09:00,24500.0,24550.0,24450.0,24500.0,2255,0.0,0.0
2025-02-18 14:57:00+09:00,24450.0,24500.0,24450.0,24500.0,1041,0.0,0.0
2025-02-18 14:58:00+09:00,24450.0,24550.0,24450.0,24450.0,1077,0.0,0.0
2025-02-18 14:59:00+09:00,24500.0,24500.0,24450.0,24500.0,717,0.0,0.0
2025-02-19 09:00:00+09:00,24350.0,24500.0,24300.0,24500.0,10074,0.0,0.0
2025-02-19 09:01:00+09:00,24450.0,24600.0,24400.0,24550.0,1937,0.0,0.0
2025-02-19 09:02:00+09:00,24550.0,24700.0,24550.0,24650.0,2176,0.0,0.0
2025-02-19 09:03:00+09:00,24700.0,24700.0,24650.0,24650.0,1552,0.0,0.0
2025-02-19 09:04:00+09:00,24650.0,24700.0,24650.0,24650.0,775,0.0,0.0
2025-02-19 09:05:00+09:00,24650.0,24650.0,24600.0,24600.0,1003,0.0,0.0
2025-02-19 09:06:00+09:00,24600.0,24650.0,24600.0,24650.0,2717,0.0,0.0
2025-02-19 09:07:00+09:00,24600.0,24650.0,24550.0,24600.0,2132,0.0,0.0
2025-02-19 09:08:00+09:00,24600.0,24650.0,24600.0,24650.0,1844,0.0,0.0
2025-02-19 09:09:00+09:00,24650.0,24650.0,24600.0,24600.0,300,0.0,0.0
2025-02-19 09:10:00+09:00,24650.0,24650.0,24600.0,24650.0,1789,0.0,0.0
2025-02-19 09:11:00+09:00,24700.0,24750.0,24650.0,24650.0,7534,0.0,0.0
2025-02-19 09:12:00+09:00,24700.0,24750.0,24700.0,24700.0,3716,0.0,0.0
2025-02-19 09:13:00+09:00,24700.0,24750.0,24700.0,24700.0,0,0.0,0.0
2025-02-19 09:14:00+09:00,24700.0,24750.0,24700.0,24700.0,1636,0.0,0.0
2025-02-19 09:15:00+09:00,24700.0,24700.0,24650.0,24650.0,411,0.0,0.0
2025-02-19 09:16:00+09:00,24650.0,24650.0,24600.0,24600.0,1308,0.0,0.0
2025-02-19 09:17:00+09:00,24650.0,24650.0,24650.0,24650.0,439,0.0,0.0
2025-02-19 09:18:00+09:00,24650.0,24700.0,24650.0,24650.0,1753,0.0,0.0
2025-02-19 09:19:00+09:00,24600.0,24600.0,24600.0,24600.0,2636,0.0,0.0
2025-02-19 09:20:00+09:00,24600.0,24650.0,24600.0,24650.0,1855,0.0,0.0
2025-02-19 09:21:00+09:00,24650.0,24650.0,24550.0,24600.0,1410,0.0,0.0
2025-02-19 09:22:00+09:00,24550.0,24600.0,24550.0,24550.0,248,0.0,0.0
2025-02-19 09:23:00+09:00,24550.0,24600.0,24550.0,24600.0,461,0.0,0.0
2025-02-19 09:24:00+09:00,24650.0,24650.0,24600.0,24600.0,1385,0.0,0.0
2025-02-19 09:25:00+09:00,24600.0,24600.0,24550.0,24550.0,939,0.0,0.0
2025-02-19 09:26:00+09:00,24600.0,24650.0,24550.0,24650.0,1858,0.0,0.0
2025-02-19 09:27:00+09:00,24650.0,24700.0,24600.0,24650.0,735,0.0,0.0
2025-02-19 09:28:00+09:00,24650.0,24700.0,24650.0,24700.0,420,0.0,0.0
2025-02-19 09:29:00+09:00,24650.0,24700.0,24550.0,24550.0,3468,0.0,0.0
2025-02-19 09:30:00+09:00,24700.0,24700.0,24600.0,24650.0,2179,0.0,0.0
2025-02-19 09:31:00+09:00,24600.0,24700.0,24600.0,24700.0,2442,0.0,0.0
2025-02-19 09:32:00+09:00,24700.0,24850.0,24700.0,24850.0,11957,0.0,0.0
2025-02-19 09:33:00+09:00,24850.0,24850.0,24800.0,24850.0,2759,0.0,0.0
2025-02-19 09:34:00+09:00,24850.0,24900.0,24800.0,24850.0,20286,0.0,0.0
2025-02-19 09:35:00+09:00,24900.0,24900.0,24750.0,24750.0,1935,0.0,0.0
2025-02-19 09:36:00+09:00,24850.0,24850.0,24750.0,24800.0,2290,0.0,0.0
2025-02-19 09:37:00+09:00,24800.0,24850.0,24750.0,24800.0,1166,0.0,0.0
2025-02-19 09:38:00+09:00,24800.0,24800.0,24700.0,24750.0,2730,0.0,0.0
2025-02-19 09:39:00+09:00,24700.0,24800.0,24700.0,24750.0,69,0.0,0.0
2025-02-19 09:40:00+09:00,24750.0,24800.0,24700.0,24700.0,1552,0.0,0.0
2025-02-19 09:41:00+09:00,24800.0,24800.0,24700.0,24750.0,1005,0.0,0.0
2025-02-19 09:42:00+09:00,24750.0,24800.0,24700.0,24750.0,600,0.0,0.0
2025-02-19 09:43:00+09:00,24750.0,24800.0,24750.0,24800.0,1938,0.0,0.0
2025-02-19 09:44:00+09:00,24800.0,24800.0,24750.0,24800.0,167,0.0,0.0
2025-02-19 09:45:00+09:00,24750.0,24800.0,24700.0,24750.0,4034,0.0,0.0
2025-02-19 09:46:00+09:00,24750.0,24750.0,24700.0,24700.0,531,0.0,0.0
2025-02-19 09:47:00+09:00,24750.0,24750.0,24700.0,24750.0,2702,0.0,0.0
2025-02-19 09:48:00+09:00,24750.0,24750.0,24700.0,24750.0,557,0.0,0.0
2025-02-19 09:49:00+09:00,24750.0,24750.0,24700.0,24750.0,374,0.0,0.0
2025-02-19 09:50:00+09:00,24750.0,24800.0,24700.0,24800.0,3306,0.0,0.0
2025-02-19 09:51:00+09:00,24750.0,24750.0,24700.0,24750.0,2222,0.0,0.0
2025-02-19 09:52:00+09:00,24750.0,24750.0,24700.0,24750.0,1383,0.0,0.0
2025-02-19 09:53:00+09:00,24700.0,24750.0,24700.0,24750.0,388,0.0,0.0
2025-02-19 09:54:00+09:00,24750.0,24750.0,24650.0,24700.0,4575,0.0,0.0
2025-02-19 09:55:00+09:00,24700.0,24700.0,24600.0,24600.0,1766,0.0,0.0
2025-02-19 09:56:00+09:00,24600.0,24700.0,24600.0,24700.0,470,0.0,0.0
2025-02-19 09:57:00+09:00,24600.0,24700.0,24550.0,24550.0,4276,0.0,0.0
2025-02-19 09:58:00+09:00,24600.0,24600.0,24450.0,24550.0,5965,0.0,0.0
2025-02-19 09:59:00+09:00,24550.0,24600.0,24550.0,24600.0,979,0.0,0.0
2025-02-19 10:00:00+09:00,24600.0,24600.0,24550.0,24600.0,926,0.0,0.0
2025-02-19 10:01:00+09:00,24600.0,24600.0,24400.0,24450.0,4347,0.0,0.0
2025-02-19 10:02:00+09:00,24400.0,24450.0,24350.0,24450.0,2382,0.0,0.0
2025-02-19 10:03:00+09:00,24400.0,24450.0,24400.0,24450.0,2071,0.0,0.0
2025-02-19 10:04:00+09:00,24450.0,24450.0,24350.0,24450.0,6520,0.0,0.0
2025-02-19 10:05:00+09:00,24450.0,24450.0,24400.0,24450.0,2548,0.0,0.0
2025-02-19 10:06:00+09:00,24450.0,24450.0,24400.0,24400.0,995,0.0,0.0
2025-02-19 10:07:00+09:00,24400.0,24450.0,24400.0,24400.0,327,0.0,0.0
2025-02-19 10:08:00+09:00,24400.0,24450.0,24400.0,24450.0,1275,0.0,0.0
2025-02-19 10:09:00+09:00,24400.0,24450.0,24400.0,24400.0,2773,0.0,0.0
2025-02-19 10:10:00+09:00,24400.0,24400.0,24350.0,24400.0,2983,0.0,0.0
2025-02-19 10:11:00+09:00,24350.0,24400.0,24350.0,24350.0,1324,0.0,0.0
2025-02-19 10:12:00+09:00,24400.0,24400.0,24350.0,24350.0,1323,0.0,0.0
2025-02-19 10:13:00+09:00,24300.0,24400.0,24300.0,24350.0,12112,0.0,0.0
2025-02-19 10:14:00+09:00,24350.0,24400.0,24300.0,24350.0,1252,0.0,0.0
2025-02-19 10:15:00+09:00,24350.0,24350.0,24300.0,24300.0,530,0.0,0.0
2025-02-19 10:16:00+09:00,24350.0,24350.0,24300.0,24300.0,789,0.0,0.0
2025-02-19 10:17:00+09:00,24350.0,24350.0,24300.0,24300.0,924,0.0,0.0
2025-02-19 10:18:00+09:00,24350.0,24350.0,24250.0,24250.0,4344,0.0,0.0
2025-02-19 10:19:00+09:00,24300.0,24350.0,24250.0,24300.0,994,0.0,0.0
2025-02-19 10:20:00+09:00,24300.0,24350.0,24300.0,24350.0,576,0.0,0.0
2025-02-19 10:21:00+09:00,24350.0,24350.0,24300.0,24300.0,989,0.0,0.0
2025-02-19 10:22:00+09:00,24300.0,24400.0,24300.0,24400.0,1568,0.0,0.0
2025-02-19 10:23:00+09:00,24350.0,24400.0,24350.0,24350.0,1274,0.0,0.0
2025-02-19 10:24:00+09:00,24350.0,24400.0,24350.0,24350.0,0,0.0,0.0
2025-02-19 10:25:00+09:00,24350.0,24400.0,24350.0,24350.0,745,0.0,0.0
2025-02-19 10:26:00+09:00,24400.0,24400.0,24350.0,24350.0,3268,0.0,0.0
2025-02-19 10:27:00+09:00,24400.0,24400.0,24350.0,24400.0,1966,0.0,0.0
2025-02-19 10:28:00+09:00,24400.0,24400.0,24350.0,24400.0,218,0.0,0.0
2025-02-19 10:29:00+09:00,24350.0,24400.0,24350.0,24400.0,1719,0.0,0.0
2025-02-19 10:30:00+09:00,24400.0,24400.0,24350.0,24400.0,1096,0.0,0.0
2025-02-19 10:31:00+09:00,24400.0,24450.0,24350.0,24400.0,412,0.0,0.0
2025-02-19 10:32:00+09:00,24350.0,24400.0,24350.0,24400.0,201,0.0,0.0
2025-02-19 10:33:00+09:00,24350.0,24400.0,24350.0,24350.0,415,0.0,0.0
2025-02-19 10:34:00+09:00,24350.0,24400.0,24350.0,24400.0,786,0.0,0.0
2025-02-19 10:35:00+09:00,24400.0,24400.0,24350.0,24350.0,425,0.0,0.0
2025-02-19 10:36:00+09:00,24350.0,24400.0,24300.0,24350.0,1605,0.0,0.0
2025-02-19 10:37:00+09:00,24300.0,24350.0,24300.0,24300.0,346,0.0,0.0
2025-02-19 10:38:00+09:00,24300.0,24350.0,24300.0,24300.0,1275,0.0,0.0
2025-02-19 10:39:00+09:00,24300.0,24350.0,24300.0,24350.0,152,0.0,0.0
2025-02-19 10:40:00+09:00,24300.0,24350.0,24300.0,24300.0,288,0.0,0.0
2025-02-19 10:41:00+09:00,24300.0,24350.0,24300.0,24300.0,970,0.0,0.0
2025-02-19 10:42:00+09:00,24300.0,24350.0,24300.0,24300.0,2018,0.0,0.0
2025-02-19 10:43:00+09:00,24350.0,24350.0,24300.0,24300.0,0,0.0,0.0
2025-02-19 10:44:00+09:00,24350.0,24350.0,24300.0,24350.0,727,0.0,0.0
2025-02-19 10:45:00+09:00,24300.0,24350.0,24300.0,24300.0,699,0.0,0.0
2025-02-19 10:46:00+09:00,24300.0,24350.0,24300.0,24350.0,5028,0.0,0.0
2025-02-19 10:47:00+09:00,24350.0,24350.0,24300.0,24300.0,1988,0.0,0.0
2025-02-19 10:48:00+09:00,24300.0,24350.0,24300.0,24300.0,552,0.0,0.0
2025-02-19 10:49:00+09:00,24300.0,24400.0,24300.0,24400.0,657,0.0,0.0
2025-02-19 10:50:00+09:00,24400.0,24400.0,24350.0,24400.0,118,0.0,0.0
2025-02-19 10:51:00+09:00,24350.0,24400.0,24350.0,24350.0,2516,0.0,0.0
2025-02-19 10:52:00+09:00,24400.0,24400.0,24300.0,24300.0,805,0.0,0.0
2025-02-19 10:53:00+09:00,24350.0,24350.0,24300.0,24300.0,554,0.0,0.0
2025-02-19 10:54:00+09:00,24300.0,24350.0,24300.0,24350.0,942,0.0,0.0
2025-02-19 10:55:00+09:00,24300.0,24350.0,24300.0,24300.0,1065,0.0,0.0
2025-02-19 10:56:00+09:00,24300.0,24350.0,24300.0,24300.0,803,0.0,0.0
2025-02-19 10:57:00+09:00,24350.0,24350.0,24300.0,24350.0,664,0.0,0.0
2025-02-19 10:58:00+09:00,24300.0,24350.0,24300.0,24300.0,893,0.0,0.0
2025-02-19 10:59:00+09:00,24300.0,24350.0,24300.0,24300.0,342,0.0,0.0
2025-02-19 11:00:00+09:00,24300.0,24400.0,24300.0,24400.0,8616,0.0,0.0
2025-02-19 11:01:00+09:00,24350.0,24400.0,24350.0,24400.0,1810,0.0,0.0
2025-02-19 11:02:00+09:00,24350.0,24400.0,24350.0,24350.0,617,0.0,0.0
2025-02-19 11:03:00+09:00,24350.0,24400.0,24300.0,24300.0,1602,0.0,0.0
2025-02-19 11:04:00+09:00,24350.0,24350.0,24300.0,24350.0,674,0.0,0.0
2025-02-19 11:05:00+09:00,24300.0,24350.0,24300.0,24300.0,697,0.0,0.0
2025-02-19 11:06:00+09:00,24300.0,24350.0,24300.0,24300.0,288,0.0,0.0
2025-02-19 11:07:00+09:00,24300.0,24350.0,24300.0,24300.0,614,0.0,0.0
2025-02-19 11:08:00+09:00,24350.0,24350.0,24300.0,24300.0,1197,0.0,0.0
2025-02-19 11:09:00+09:00,24350.0,24350.0,24300.0,24300.0,29,0.0,0.0
2025-02-19 11:10:00+09:00,24300.0,24400.0,24300.0,24300.0,1589,0.0,0.0
2025-02-19 11:11:00+09:00,24350.0,24350.0,24300.0,24350.0,394,0.0,0.0
2025-02-19 11:12:00+09:00,24350.0,24350.0,24300.0,24300.0,1861,0.0,0.0
2025-02-19 11:13:00+09:00,24350.0,24350.0,24300.0,24350.0,0,0.0,0.0
2025-02-19 11:14:00+09:00,24350.0,24350.0,24300.0,24300.0,229,0.0,0.0
2025-02-19 11:15:00+09:00,24300.0,24350.0,24300.0,24300.0,2317,0.0,0.0
2025-02-19 11:16:00+09:00,24300.0,24300.0,24250.0,24300.0,4287,0.0,0.0
2025-02-19 11:17:00+09:00,24200.0,24250.0,24200.0,24200.0,705,0.0,0.0
2025-02-19 11:18:00+09:00,24250.0,24250.0,24200.0,24200.0,949,0.0,0.0
2025-02-19 11:19:00+09:00,24200.0,24250.0,24200.0,24200.0,644,0.0,0.0
2025-02-19 11:20:00+09:00,24200.0,24300.0,24200.0,24250.0,3486,0.0,0.0
2025-02-19 11:21:00+09:00,24250.0,24300.0,24200.0,24200.0,925,0.0,0.0
2025-02-19 11:22:00+09:00,24300.0,24300.0,24200.0,24200.0,3281,0.0,0.0
2025-02-19 11:23:00+09:00,24200.0,24250.0,24200.0,24200.0,295,0.0,0.0
2025-02-19 11:24:00+09:00,24250.0,24250.0,24200.0,24200.0,64,0.0,0.0
2025-02-19 11:25:00+09:00,24200.0,24300.0,24200.0,24250.0,4127,0.0,0.0
2025-02-19 11:26:00+09:00,24250.0,24300.0,24250.0,24300.0,704,0.0,0.0
2025-02-19 11:27:00+09:00,24250.0,24300.0,24250.0,24250.0,180,0.0,0.0
2025-02-19 11:28:00+09:00,24300.0,24300.0,24250.0,24300.0,392,0.0,0.0
2025-02-19 11:29:00+09:00,24250.0,24300.0,24250.0,24250.0,380,0.0,0.0
2025-02-19 11:30:00+09:00,24250.0,24300.0,24250.0,24300.0,800,0.0,0.0
2025-02-19 11:31:00+09:00,24300.0,24300.0,24250.0,24250.0,233,0.0,0.0
2025-02-19 11:32:00+09:00,24300.0,24300.0,24250.0,24250.0,769,0.0,0.0
2025-02-19 11:33:00+09:00,24250.0,24300.0,24250.0,24250.0,250,0.0,0.0
2025-02-19 11:34:00+09:00,24250.0,24300.0,24250.0,24250.0,2040,0.0,0.0
2025-02-19 11:35:00+09:00,24250.0,24300.0,24200.0,24250.0,684,0.0,0.0
2025-02-19 11:36:00+09:00,24200.0,24250.0,24200.0,24200.0,350,0.0,0.0
2025-02-19 11:37:00+09:00,24200.0,24250.0,24200.0,24200.0,539,0.0,0.0
2025-02-19 11:38:00+09:00,24200.0,24250.0,24200.0,24250.0,916,0.0,0.0
2025-02-19 11:39:00+09:00,24200.0,24250.0,24200.0,24250.0,2068,0.0,0.0
2025-02-19 11:40:00+09:00,24250.0,24250.0,24200.0,24250.0,794,0.0,0.0
2025-02-19 11:41:00+09:00,24200.0,24250.0,24200.0,24250.0,782,0.0,0.0
2025-02-19 11:42:00+09:00,24200.0,24250.0,24200.0,24250.0,567,0.0,0.0
2025-02-19 11:43:00+09:00,24250.0,24250.0,24200.0,24250.0,117,0.0,0.0
2025-02-19 11:44:00+09:00,24200.0,24250.0,24200.0,24250.0,364,0.0,0.0
2025-02-19 11:45:00+09:00,24200.0,24250.0,24200.0,24250.0,242,0.0,0.0
2025-02-19 11:46:00+09:00,24250.0,24250.0,24200.0,24200.0,2433,0.0,0.0
2025-02-19 11:47:00+09:00,24300.0,24300.0,24250.0,24250.0,2515,0.0,0.0
2025-02-19 11:48:00+09:00,24250.0,24300.0,24200.0,24250.0,1038,0.0,0.0
2025-02-19 11:49:00+09:00,24200.0,24250.0,24200.0,24200.0,3547,0.0,0.0
2025-02-19 11:50:00+09:00,24200.0,24250.0,24200.0,24250.0,270,0.0,0.0
2025-02-19 11:51:00+09:00,24200.0,24250.0,24200.0,24200.0,1922,0.0,0.0
2025-02-19 11:52:00+09:00,24250.0,24250.0,24200.0,24250.0,209,0.0,0.0
2025-02-19 11:53:00+09:00,24200.0,24250.0,24200.0,24200.0,512,0.0,0.0
2025-02-19 11:54:00+09:00,24250.0,24250.0,24200.0,24200.0,3006,0.0,0.0
2025-02-19 11:55:00+09:00,24200.0,24250.0,24200.0,24200.0,786,0.0,0.0
2025-02-19 11:56:00+09:00,24250.0,24250.0,24200.0,24250.0,393,0.0,0.0
2025-02-19 11:57:00+09:00,24200.0,24250.0,24200.0,24200.0,384,0.0,0.0
2025-02-19 11:58:00+09:00,24250.0,24250.0,24200.0,24250.0,340,0.0,0.0
2025-02-19 11:59:00+09:00,24200.0,24300.0,24200.0,24300.0,3673,0.0,0.0
2025-02-19 12:00:00+09:00,24300.0,24350.0,24250.0,24300.0,2613,0.0,0.0
2025-02-19 12:01:00+09:00,24300.0,24350.0,24300.0,24300.0,0,0.0,0.0
2025-02-19 12:02:00+09:00,24350.0,24350.0,24300.0,24350.0,204,0.0,0.0
2025-02-19 12:03:00+09:00,24300.0,24350.0,24300.0,24350.0,332,0.0,0.0
2025-02-19 12:04:00+09:00,24350.0,24350.0,24300.0,24300.0,685,0.0,0.0
2025-02-19 12:05:00+09:00,24300.0,24400.0,24300.0,24350.0,4505,0.0,0.0
2025-02-19 12:06:00+09:00,24350.0,24400.0,24350.0,24350.0,142,0.0,0.0
2025-02-19 12:07:00+09:00,24350.0,24450.0,24350.0,24400.0,3493,0.0,0.0
2025-02-19 12:08:00+09:00,24400.0,24450.0,24400.0,24450.0,1006,0.0,0.0
2025-02-19 12:09:00+09:00,24400.0,24450.0,24400.0,24400.0,1769,0.0,0.0
2025-02-19 12:10:00+09:00,24450.0,24450.0,24400.0,24400.0,823,0.0,0.0
2025-02-19 12:11:00+09:00,24450.0,24450.0,24400.0,24450.0,216,0.0,0.0
2025-02-19 12:12:00+09:00,24450.0,24450.0,24350.0,24350.0,3377,0.0,0.0
2025-02-19 12:13:00+09:00,24350.0,24400.0,24350.0,24350.0,0,0.0,0.0
2025-02-19 12:14:00+09:00,24350.0,24400.0,24350.0,24400.0,101,0.0,0.0
2025-02-19 12:15:00+09:00,24400.0,24400.0,24350.0,24350.0,592,0.0,0.0
2025-02-19 12:16:00+09:00,24350.0,24400.0,24350.0,24350.0,455,0.0,0.0
2025-02-19 12:17:00+09:00,24350.0,24400.0,24350.0,24350.0,1217,0.0,0.0
2025-02-19 12:18:00+09:00,24350.0,24350.0,24350.0,24350.0,211,0.0,0.0
2025-02-19 12:19:00+09:00,24350.0,24400.0,24350.0,24400.0,153,0.0,0.0
2025-02-19 12:20:00+09:00,24350.0,24400.0,24350.0,24350.0,2936,0.0,0.0
2025-02-19 12:21:00+09:00,24400.0,24400.0,24350.0,24350.0,2498,0.0,0.0
2025-02-19 12:22:00+09:00,24400.0,24400.0,24300.0,24350.0,613,0.0,0.0
2025-02-19 12:23:00+09:00,24350.0,24400.0,24350.0,24350.0,77,0.0,0.0
2025-02-19 12:24:00+09:00,24350.0,24400.0,24350.0,24350.0,947,0.0,0.0
2025-02-19 12:25:00+09:00,24400.0,24400.0,24350.0,24350.0,2035,0.0,0.0
2025-02-19 12:26:00+09:00,24300.0,24350.0,24300.0,24300.0,386,0.0,0.0
2025-02-19 12:27:00+09:00,24350.0,24350.0,24300.0,24300.0,325,0.0,0.0
2025-02-19 12:28:00+09:00,24300.0,24350.0,24300.0,24300.0,358,0.0,0.0
2025-02-19 12:29:00+09:00,24300.0,24350.0,24300.0,24350.0,414,0.0,0.0
2025-02-19 12:30:00+09:00,24350.0,24350.0,24300.0,24300.0,722,0.0,0.0
2025-02-19 12:31:00+09:00,24350.0,24350.0,24300.0,24300.0,430,0.0,0.0
2025-02-19 12:32:00+09:00,24300.0,24300.0,24300.0,24300.0,434,0.0,0.0
2025-02-19 12:33:00+09:00,24300.0,24350.0,24300.0,24300.0,387,0.0,0.0
2025-02-19 12:34:00+09:00,24300.0,24300.0,24300.0,24300.0,1119,0.0,0.0
2025-02-19 12:35:00+09:00,24300.0,24350.0,24300.0,24300.0,646,0.0,0.0
2025-02-19 12:36:00+09:00,24300.0,24300.0,24300.0,24300.0,174,0.0,0.0
2025-02-19 12:37:00+09:00,24300.0,24350.0,24300.0,24300.0,372,0.0,0.0
2025-02-19 12:38:00+09:00,24300.0,24300.0,24300.0,24300.0,1020,0.0,0.0
2025-02-19 12:39:00+09:00,24300.0,24300.0,24250.0,24300.0,1076,0.0,0.0
2025-02-19 12:40:00+09:00,24350.0,24350.0,24300.0,24300.0,499,0.0,0.0
2025-02-19 12:41:00+09:00,24350.0,24350.0,24300.0,24300.0,133,0.0,0.0
2025-02-19 12:42:00+09:00,24350.0,24350.0,24250.0,24250.0,2844,0.0,0.0
2025-02-19 12:43:00+09:00,24300.0,24300.0,24250.0,24250.0,480,0.0,0.0
2025-02-19 12:44:00+09:00,24250.0,24300.0,24250.0,24250.0,217,0.0,0.0
2025-02-19 12:45:00+09:00,24250.0,24300.0,24200.0,24200.0,6195,0.0,0.0
2025-02-19 12:46:00+09:00,24200.0,24250.0,24200.0,24250.0,424,0.0,0.0
2025-02-19 12:47:00+09:00,24200.0,24250.0,24200.0,24200.0,935,0.0,0.0
2025-02-19 12:48:00+09:00,24200.0,24250.0,24200.0,24200.0,847,0.0,0.0
2025-02-19 12:49:00+09:00,24200.0,24250.0,24200.0,24250.0,2575,0.0,0.0
2025-02-19 12:50:00+09:00,24250.0,24250.0,24200.0,24250.0,0,0.0,0.0
2025-02-19 12:51:00+09:00,24300.0,24300.0,24250.0,24250.0,784,0.0,0.0
2025-02-19 12:52:00+09:00,24250.0,24250.0,24250.0,24250.0,394,0.0,0.0
2025-02-19 12:53:00+09:00,24250.0,24250.0,24200.0,24200.0,998,0.0,0.0
2025-02-19 12:54:00+09:00,24250.0,24250.0,24200.0,24200.0,184,0.0,0.0
2025-02-19 12:55:00+09:00,24250.0,24250.0,24200.0,24250.0,914,0.0,0.0
2025-02-19 12:56:00+09:00,24250.0,24250.0,24200.0,24200.0,672,0.0,0.0
2025-02-19 12:57:00+09:00,24250.0,24250.0,24200.0,24200.0,669,0.0,0.0
2025-02-19 12:58:00+09:00,24250.0,24250.0,24200.0,24250.0,315,0.0,0.0
2025-02-19 12:59:00+09:00,24200.0,24250.0,24200.0,24200.0,402,0.0,0.0
2025-02-19 13:00:00+09:00,24250.0,24250.0,24200.0,24200.0,940,0.0,0.0
2025-02-19 13:01:00+09:00,24250.0,24250.0,24200.0,24250.0,255,0.0,0.0
2025-02-19 13:02:00+09:00,24200.0,24250.0,24200.0,24200.0,866,0.0,0.0
2025-02-19 13:03:00+09:00,24250.0,24250.0,24200.0,24250.0,181,0.0,0.0
2025-02-19 13:04:00+09:00,24200.0,24250.0,24200.0,24200.0,855,0.0,0.0
2025-02-19 13:05:00+09:00,24200.0,24250.0,24200.0,24200.0,997,0.0,0.0
2025-02-19 13:06:00+09:00,24250.0,24250.0,24200.0,24200.0,1653,0.0,0.0
2025-02-19 13:07:00+09:00,24250.0,24250.0,24200.0,24200.0,268,0.0,0.0
2025-02-19 13:08:00+09:00,24200.0,24250.0,24200.0,24250.0,1085,0.0,0.0
2025-02-19 13:09:00+09:00,24200.0,24250.0,24200.0,24200.0,415,0.0,0.0
2025-02-19 13:10:00+09:00,24200.0,24250.0,24200.0,24200.0,1084,0.0,0.0
2025-02-19 13:11:00+09:00,24250.0,24300.0,24200.0,24300.0,2213,0.0,0.0
2025-02-19 13:12:00+09:00,24300.0,24300.0,24200.0,24200.0,1016,0.0,0.0
2025-02-19 13:13:00+09:00,24200.0,24250.0,24200.0,24250.0,629,0.0,0.0
2025-02-19 13:14:00+09:00,24250.0,24300.0,24250.0,24300.0,177,0.0,0.0
2025-02-19 13:15:00+09:00,24300.0,24300.0,24250.0,24250.0,604,0.0,0.0
2025-02-19 13:16:00+09:00,24250.0,24300.0,24250.0,24250.0,50,0.0,0.0
2025-02-19 13:17:00+09:00,24300.0,24300.0,24250.0,24300.0,899,0.0,0.0
2025-02-19 13:18:00+09:00,24250.0,24300.0,24250.0,24300.0,395,0.0,0.0
2025-02-19 13:19:00+09:00,24300.0,24300.0,24250.0,24300.0,474,0.0,0.0
