Date,Open,High,Low,Close,Volume,Dividends,Stock Splits
2020-02-21 00:00:00+09:00,253676.60031960226,257920.26091974432,246603.83265269885,248961.421875,87674,0.0,0.0
2020-02-24 00:00:00+09:00,236701.9665771984,240002.59160915134,229629.19865158488,230572.234375,185890,0.0,0.0
2020-02-25 00:00:00+09:00,230100.70358546168,243774.72080672887,229157.66791502948,240002.578125,125682,0.0,0.0
2020-02-26 00:00:00+09:00,235758.91978346455,246603.83009350393,234815.8841043307,239531.0625,82189,0.0,0.0
2020-02-27 00:00:00+09:00,237173.4798883032,245660.80123619476,232458.30136169677,234815.890625,85871,0.0,0.0
2020-02-28 00:00:00+09:00,231043.74304819916,231043.74304819916,218312.76128840042,222556.421875,172784,0.0,0.0
2020-03-02 00:00:00+09:00,221613.38638117284,234815.8859953704,221141.86853780865,229157.671875,91494,0.0,0.0
2020-03-03 00:00:00+09:00,235758.91239648033,238588.0193452381,226800.07372541408,227743.109375,69902,0.0,0.0
2020-03-04 00:00:00+09:00,226800.08504199603,245189.2811264822,226800.08504199603,238588.03125,93059,0.0,0.0
2020-03-05 00:00:00+09:00,245189.27693761815,249432.9375,237644.99149338374,249432.9375,104952,0.0,0.0
2020-03-06 00:00:00+09:00,244717.75663154072,250847.48849321707,240002.57827640505,243303.203125,73181,0.0,0.0
2020-03-09 00:00:00+09:00,243303.203125,243303.203125,243303.203125,243303.203125,0,0.0,0.0
2020-03-10 00:00:00+09:00,231043.7394016473,247546.8636446221,231043.7394016473,243303.203125,79779,0.0,0.0
2020-03-11 00:00:00+09:00,242360.1671439243,248018.38116284861,234815.88178535856,236701.953125,63614,0.0,0.0
2020-03-12 00:00:00+09:00,236701.953125,236701.953125,236701.953125,236701.953125,0,0.0,0.0
2020-03-13 00:00:00+09:00,205581.7728524229,220670.3433370044,199452.04109306168,214069.09375,188739,0.0,0.0
2020-03-16 00:00:00+09:00,216426.68939502287,221613.38565503433,206053.296875,206053.296875,82731,0.0,0.0
2020-03-17 00:00:00+09:00,198037.5019736842,224914.0200986842,194736.87694078946,223970.984375,112027,0.0,0.0
2020-03-18 00:00:00+09:00,221613.36732577434,235758.90141039825,212654.5290721792,213126.046875,105391,0.0,0.0
2020-03-19 00:00:00+09:00,221141.86986825982,225857.0483302696,187664.1027879902,192379.28125,138230,0.0,0.0
2020-03-20 00:00:00+09:00,198509.00317382812,212183.02001953125,188607.12890625,211239.984375,106243,0.0,0.0
2020-03-23 00:00:00+09:00,195679.89501361985,202752.66230326876,189550.1633625908,194736.859375,80435,0.0,0.0
2020-03-24 00:00:00+09:00,200866.5920493197,210296.9484835601,196622.93165391157,207939.359375,98816,0.0,0.0
2020-03-25 00:00:00+09:00,214069.10714285716,224442.5,209825.44642857142,224442.5,147830,0.0,0.0
2020-03-26 00:00:00+09:00,224442.49314516128,231515.2607862903,217369.72550403225,219255.796875,88514,0.0,0.0
2020-03-27 00:00:00+09:00,229629.19400751672,229629.19400751672,208410.89065979957,211711.515625,150570,0.0,0.0
2020-03-30 00:00:00+09:00,203224.18971656976,205581.7789244186,195679.9042514535,202752.671875,159615,0.0,0.0
2020-03-31 00:00:00+09:00,207467.8548850575,207467.8548850575,198509.01569683908,205110.265625,133878,0.0,0.0
2020-04-01 00:00:00+09:00,203224.18039434525,206053.2873139881,198037.484375,198037.484375,88350,0.0,0.0
2020-04-02 00:00:00+09:00,198509.00884292566,200395.08018585132,191907.75914268586,196622.9375,128142,0.0,0.0
2020-04-03 00:00:00+09:00,196151.4196642686,198509.00884292566,193793.8304856115,196622.9375,89739,0.0,0.0
2020-04-06 00:00:00+09:00,198037.4830316742,210768.4640837104,197094.44739819004,208410.875,141057,0.0,0.0
2020-04-07 00:00:00+09:00,215955.1740973742,219255.79902899344,207939.37069201315,215483.65625,137833,0.0,0.0
2020-04-08 00:00:00+09:00,213126.05614177487,225857.03737148267,209353.9135551948,217841.234375,136604,0.0,0.0
2020-04-09 00:00:00+09:00,222556.43301687765,224442.50448312238,218784.2900843882,223499.46875,114853,0.0,0.0
2020-04-10 00:00:00+09:00,225385.50693724066,228214.61371887967,221613.364561722,227271.578125,76789,0.0,0.0
2020-04-13 00:00:00+09:00,227271.6002016129,227743.11804435484,218784.27903225805,219255.796875,73130,0.0,0.0
2020-04-14 00:00:00+09:00,220198.83033798286,223027.93736587983,216898.20547210303,219727.3125,59623,0.0,0.0
2020-04-16 00:00:00+09:00,219255.79245851177,223027.93512446465,215955.167625803,220198.828125,61101,0.0,0.0
2020-04-17 00:00:00+09:00,231043.74783415842,245189.2834158416,227271.60501237624,238116.515625,203883,0.0,0.0
2020-04-20 00:00:00+09:00,235758.91544117648,251790.52169117646,234815.87977941177,240474.09375,162725,0.0,0.0
2020-04-21 00:00:00+09:00,241888.65850794798,247075.35488921002,235758.92642100193,244717.765625,144633,0.0,0.0
2020-04-22 00:00:00+09:00,240945.625,242360.17857142858,231986.7857142857,237645.0,167721,0.0,0.0
2020-04-23 00:00:00+09:00,237644.97529940118,238116.49310753492,233872.83283433132,236230.421875,74255,0.0,0.0
2020-04-24 00:00:00+09:00,233872.863963039,235758.93544661193,229629.203125,229629.203125,55573,0.0,0.0
2020-04-27 00:00:00+09:00,230100.69936399217,243774.71633439336,230100.69936399217,240945.609375,125254,0.0,0.0
2020-04-28 00:00:00+09:00,242360.17421726754,249904.45979601517,240474.10282258064,248489.90625,121881,0.0,0.0
2020-04-29 00:00:00+09:00,248018.3817806604,260277.84551886792,243774.72125589623,249904.453125,153789,0.0,0.0
2020-05-04 00:00:00+09:00,242831.6877362949,253676.59806238185,241417.13421550093,249432.9375,96779,0.0,0.0
2020-05-06 00:00:00+09:00,253676.59806238185,258391.77646502835,248961.41965973534,249432.9375,99348,0.0,0.0
2020-05-07 00:00:00+09:00,250375.97985910406,251790.53341763007,243774.729919316,244717.765625,74945,0.0,0.0
2020-05-08 00:00:00+09:00,246132.31453402367,248018.3859097633,237644.99334319527,239059.546875,148371,0.0,0.0
2020-05-11 00:00:00+09:00,235758.93544661193,237173.48905929158,229157.6852541068,229629.203125,173515,0.0,0.0
2020-05-12 00:00:00+09:00,231043.73879354508,234344.36363345286,223499.45344518442,230100.703125,97494,0.0,0.0
2020-05-13 00:00:00+09:00,227271.6026412134,228214.6383368201,224442.4955543933,225385.53125,94168,0.0,0.0
2020-05-14 00:00:00+09:00,225385.5357142857,229629.19642857142,223970.98214285716,224442.5,71463,0.0,0.0
2020-05-15 00:00:00+09:00,226800.07779041756,227271.59562366168,219255.79245851177,220198.828125,67832,0.0,0.0
2020-05-18 00:00:00+09:00,221141.87068298968,229157.67409793814,218312.76359536083,228686.15625,96006,0.0,0.0
2020-05-19 00:00:00+09:00,238588.0202421722,244246.2341609589,235287.3954562133,240945.609375,173503,0.0,0.0
2020-05-20 00:00:00+09:00,237644.99549098196,239059.54903557117,232458.29916082165,235287.40625,82703,0.0,0.0
2020-05-21 00:00:00+09:00,236230.44868321574,236701.96654485888,231986.78792842742,233872.859375,66290,0.0,0.0
2020-05-22 00:00:00+09:00,235287.40612113403,235287.40612113403,228214.63840206186,228686.15625,53951,0.0,0.0
2020-05-25 00:00:00+09:00,228686.1584447065,230100.71200209644,223027.94421514674,224914.015625,69815,0.0,0.0
2020-05-26 00:00:00+09:00,224914.00678924116,228686.14946075884,223970.97112136174,226800.078125,72444,0.0,0.0
2020-05-27 00:00:00+09:00,229157.6632922535,234815.8772007042,227743.10981514084,234344.359375,113559,0.0,0.0
2020-05-28 00:00:00+09:00,237644.99536082475,237644.99536082475,226800.08485824743,228686.15625,87273,0.0,0.0
2020-05-29 00:00:00+09:00,226328.57142857142,231043.75,226328.57142857142,231043.75,54574,0.0,0.0
2020-06-01 00:00:00+09:00,230100.6965376782,231986.7678207739,228686.1430753564,231515.25,61888,0.0,0.0
2020-06-02 00:00:00+09:00,231515.24379366267,236230.421875,231515.24379366267,236230.421875,101881,0.0,0.0
2020-06-03 00:00:00+09:00,237644.99114173226,241888.65169783463,235287.40194389762,239531.0625,141866,0.0,0.0
2020-06-04 00:00:00+09:00,243774.7206486554,244717.7563184761,235758.9174551793,236701.953125,92212,0.0,0.0
2020-06-05 00:00:00+09:00,237173.47991955446,240002.5870358911,236230.44421410892,238116.515625,54301,0.0,0.0
2020-06-08 00:00:00+09:00,241888.64930901397,242360.1671439243,233872.84611553786,236701.953125,70073,0.0,0.0
2020-06-09 00:00:00+09:00,236230.43513257575,236701.9529671717,231515.25678661617,233401.328125,72660,0.0,0.0
2020-06-10 00:00:00+09:00,232929.80589788733,235758.91285211267,232458.2880721831,234344.359375,49024,0.0,0.0
2020-06-11 00:00:00+09:00,232929.8168814433,235758.92396907217,227271.60270618557,228686.15625,104301,0.0,0.0
2020-06-12 00:00:00+09:00,216898.19872835497,224442.48390151514,216898.19872835497,217841.234375,126017,0.0,0.0
2020-06-15 00:00:00+09:00,216898.2024016204,217369.72023292826,203224.18529369214,203695.703125,137203,0.0,0.0
2020-06-16 00:00:00+09:00,206996.34811373873,211240.009009009,206524.83023648648,209353.9375,91361,0.0,0.0
2020-06-17 00:00:00+09:00,208410.8632361432,208410.8632361432,202752.64975461893,204167.203125,111929,0.0,0.0
2020-06-18 00:00:00+09:00,204638.7477729885,210296.96199712643,203695.7120689655,205110.265625,81096,0.0,0.0
2020-06-19 00:00:00+09:00,207939.359375,211239.9841269841,206053.28808815192,207939.359375,90286,0.0,0.0
2020-06-22 00:00:00+09:00,206524.7920756351,207467.82765588915,203224.16754474596,204167.203125,71303,0.0,0.0
2020-06-23 00:00:00+09:00,205110.25869693398,206524.81220518867,199923.5625,199923.5625,93604,0.0,0.0
2020-06-24 00:00:00+09:00,200395.09154982102,201338.12727476135,197565.984375,197565.984375,96192,0.0,0.0
2020-06-25 00:00:00+09:00,195679.89722390778,195679.89722390778,190021.6833282767,194265.34375,119207,0.0,0.0
2020-06-26 00:00:00+09:00,195679.9085499416,205110.265588493,191436.24788259348,201809.640625,98419,0.0,0.0
2020-06-29 00:00:00+09:00,198509.00192947942,200395.07320671913,194736.859375,194736.859375,56491,0.0,0.0
2020-06-30 00:00:00+09:00,197565.9672973356,212183.01977040817,194736.8603670635,207939.359375,234125,0.0,0.0
2020-07-01 00:00:00+09:00,210296.9619596963,210296.9619596963,200395.0870692173,201809.640625,69546,0.0,0.0
2020-07-02 00:00:00+09:00,201809.61847447796,206524.7964762181,201338.10067430395,203224.171875,59757,0.0,0.0
2020-07-03 00:00:00+09:00,204167.21250705418,209825.42624858918,204167.21250705418,208882.390625,98113,0.0,0.0
2020-07-06 00:00:00+09:00,209825.42624858918,209825.42624858918,206053.2837542325,208882.390625,48717,0.0,0.0
2020-07-07 00:00:00+09:00,209825.44187213303,210296.9597190367,205581.78125,205581.78125,59886,0.0,0.0
2020-07-08 00:00:00+09:00,205110.265625,208882.40844109195,203695.7120689655,205110.265625,51602,0.0,0.0
2020-07-09 00:00:00+09:00,206053.28276806872,206524.80057760663,198508.99781546206,198980.515625,118837,0.0,0.0
2020-07-10 00:00:00+09:00,198980.5311746988,199452.04902108433,195208.38840361446,195679.90625,68859,0.0,0.0
2020-07-13 00:00:00+09:00,196622.9309151786,201338.10911458335,196151.4130952381,198037.484375,57917,0.0,0.0
2020-07-14 00:00:00+09:00,197094.4553357314,198037.49100719424,193793.8304856115,196622.9375,67998,0.0,0.0
2020-07-15 00:00:00+09:00,199452.03783482144,201338.10911458335,195679.89527529763,198037.484375,85845,0.0,0.0
2020-07-16 00:00:00+09:00,198980.5357142857,206524.82142857142,198037.5,204638.75,152577,0.0,0.0
2020-07-17 00:00:00+09:00,206053.27867604408,206996.3142763921,200866.58287412993,203224.171875,59257,0.0,0.0
2020-07-20 00:00:00+09:00,203224.1919434732,205581.78117715617,202281.15625,202281.15625,74304,0.0,0.0
2020-07-21 00:00:00+09:00,202752.66746238427,206053.29228153935,202281.1496310764,203695.703125,66822,0.0,0.0
2020-07-22 00:00:00+09:00,203695.7142857143,204167.23214285716,200866.60714285716,201338.125,59636,0.0,0.0
2020-07-23 00:00:00+09:00,200395.09154982102,201338.12727476135,197094.46651252985,197565.984375,79829,0.0,0.0
2020-07-24 00:00:00+09:00,195679.9040339543,198980.52892127403,195679.9040339543,196151.421875,48364,0.0,0.0
2020-07-27 00:00:00+09:00,194265.3461423445,197565.97095544258,194265.3461423445,197094.453125,35486,0.0,0.0
2020-07-28 00:00:00+09:00,196151.43078758952,198509.02009994033,196151.43078758952,197565.984375,49358,0.0,0.0
2020-07-29 00:00:00+09:00,196622.9375,198037.49100719424,195679.90182853717,196622.9375,37270,0.0,0.0
2020-07-30 00:00:00+09:00,197094.4642857143,205581.7857142857,196151.42857142858,201338.125,144066,0.0,0.0
2020-07-31 00:00:00+09:00,201809.63142942582,202281.14925986843,197094.453125,197094.453125,71503,0.0,0.0
2020-08-03 00:00:00+09:00,196622.9328731796,197094.45069781554,193322.30810072817,194265.34375,89940,0.0,0.0
2020-08-04 00:00:00+09:00,194265.34155569007,195679.89501361985,193793.82373638015,194736.859375,43614,0.0,0.0
2020-08-05 00:00:00+09:00,195679.91749237804,195679.91749237804,192850.81025152438,193322.328125,71763,0.0,0.0
2020-08-06 00:00:00+09:00,193322.30810072817,195679.89722390778,192379.27245145632,194265.34375,58412,0.0,0.0
2020-08-07 00:00:00+09:00,194265.35492149758,199452.05129076086,193793.8370697464,195208.390625,94191,0.0,0.0
2020-08-10 00:00:00+09:00,193793.82831190192,197565.97095544258,193322.31048145934,197094.453125,70155,0.0,0.0
2020-08-11 00:00:00+09:00,198037.4911556604,202752.66951650943,198037.4911556604,199923.5625,124776,0.0,0.0
2020-08-12 00:00:00+09:00,202281.14551445577,210768.4663052721,201338.10987103175,207939.359375,310579,0.0,0.0
2020-08-13 00:00:00+09:00,214069.09803370788,214540.6158707865,208410.88398876405,209825.4375,262400,0.0,0.0
2020-08-14 00:00:00+09:00,212183.02479619565,218784.27445652176,212183.02479619565,216898.203125,198358,0.0,0.0
2020-08-18 00:00:00+09:00,210768.46551339288,211239.98333333334,195208.37745535714,198037.484375,303466,0.0,0.0
2020-08-19 00:00:00+09:00,197565.96003250591,201338.10246749409,194736.8532062648,199452.03125,98390,0.0,0.0
2020-08-20 00:00:00+09:00,197565.98898628048,197565.98898628048,192850.81025152438,193322.328125,118880,0.0,0.0
2020-08-21 00:00:00+09:00,193793.82592536407,197094.45069781554,193322.30810072817,194265.34375,55860,0.0,0.0
2020-08-24 00:00:00+09:00,193322.31029501217,194736.86378497566,190021.68548509732,193793.828125,52114,0.0,0.0
2020-08-25 00:00:00+09:00,195208.390625,197094.46203200484,194736.8727732488,195208.390625,45738,0.0,0.0
2020-08-26 00:00:00+09:00,195679.90391962102,195679.90391962102,190964.72551191933,192850.796875,71859,0.0,0.0
2020-08-27 00:00:00+09:00,191907.76332605985,192379.2811720698,188607.13840399001,189078.65625,114092,0.0,0.0
2020-08-28 00:00:00+09:00,191436.2389750608,195208.3816149635,189550.1676551095,193793.828125,108874,0.0,0.0
2020-08-31 00:00:00+09:00,194265.35714285716,195679.9107142857,191436.25,191436.25,99407,0.0,0.0
2020-09-01 00:00:00+09:00,191436.24555759804,194736.8704810049,190964.72771139708,192379.28125,57642,0.0,0.0
2020-09-02 00:00:00+09:00,193793.8392857143,205110.26785714287,192850.80357142858,201338.125,199133,0.0,0.0
2020-09-03 00:00:00+09:00,204638.75,206524.82142857142,200866.60714285716,201338.125,128470,0.0,0.0
2020-09-04 00:00:00+09:00,196622.94194277108,199452.04902108433,194736.87055722892,195679.90625,143484,0.0,0.0
2020-09-07 00:00:00+09:00,197565.97778263403,203224.1919434732,195208.38854895104,202281.15625,94426,0.0,0.0
2020-09-08 00:00:00+09:00,202752.65588061468,203695.69148936172,198980.51344562648,199452.03125,84463,0.0,0.0
2020-09-09 00:00:00+09:00,196622.94418025363,198980.53343900968,195208.390625,195208.390625,112957,0.0,0.0
2020-09-10 00:00:00+09:00,197094.45069781554,197565.96852245147,193793.82592536407,194265.34375,151324,0.0,0.0
2020-09-11 00:00:00+09:00,194736.86397278708,200395.07793809808,194736.86397278708,197094.453125,123929,0.0,0.0
2020-09-14 00:00:00+09:00,200395.06507395592,206053.27867604408,198980.51167343388,203224.171875,183851,0.0,0.0
2020-09-15 00:00:00+09:00,203695.68533487298,206053.2742855081,198508.98964347574,204167.203125,134456,0.0,0.0
2020-09-16 00:00:00+09:00,203695.70986238532,210768.47756594035,203695.70986238532,205581.78125,142785,0.0,0.0
2020-09-17 00:00:00+09:00,206053.296875,208882.40392591534,201809.636298627,206053.296875,94230,0.0,0.0
2020-09-18 00:00:00+09:00,207467.83207656612,209825.42107743619,202281.13627465197,203224.171875,101048,0.0,0.0
2020-09-21 00:00:00+09:00,204167.20929373524,206524.79831560285,198980.51344562648,199452.03125,95155,0.0,0.0
2020-09-22 00:00:00+09:00,198509.00884292566,199452.0445143885,194265.34832134293,196622.9375,106135,0.0,0.0
2020-09-23 00:00:00+09:00,196622.94194277108,198037.4954819277,193322.3170180723,195679.90625,64872,0.0,0.0
2020-09-24 00:00:00+09:00,192379.2722222222,193793.82569444444,190493.20092592592,190964.71875,117670,0.0,0.0
2020-09-25 00:00:00+09:00,191907.76340379904,192850.799096201,190964.72771139708,192379.28125,38784,0.0,0.0
2020-09-28 00:00:00+09:00,193322.3126498801,196622.9375,193322.3126498801,196622.9375,48417,0.0,0.0
2020-09-29 00:00:00+09:00,201809.6473529412,202281.16522058824,198980.54014705884,200395.09375,93674,0.0,0.0
2020-10-05 00:00:00+09:00,200395.0759242958,203224.18287852113,197094.4511443662,200866.59375,66957,0.0,0.0
2020-10-06 00:00:00+09:00,200866.59129464286,201338.10911458335,197094.44873511905,198037.484375,55266,0.0,0.0
2020-10-07 00:00:00+09:00,197565.97539813703,198037.4932391827,195208.38619290866,196151.421875,58207,0.0,0.0
2020-10-08 00:00:00+09:00,198037.4932391827,198980.52892127403,195679.9040339543,196151.421875,77446,0.0,0.0
2020-10-12 00:00:00+09:00,199452.0428174829,207467.8459567198,198509.00715404327,206996.328125,257103,0.0,0.0
2020-10-13 00:00:00+09:00,207467.85040045765,209825.43960955378,202752.67198226546,206053.296875,109485,0.0,0.0
2020-10-14 00:00:00+09:00,205581.78117715617,206524.81687062938,201809.6384032634,202281.15625,66365,0.0,0.0
2020-10-15 00:00:00+09:00,202281.13807624113,202281.13807624113,198037.47783687944,199452.03125,64653,0.0,0.0
2020-10-16 00:00:00+09:00,200866.60050872093,204167.2253997093,198037.49345930232,202752.671875,60081,0.0,0.0
2020-10-19 00:00:00+09:00,203695.71,213597.58479166668,203695.71,212183.03125,284701,0.0,0.0
2020-10-20 00:00:00+09:00,209353.93082386363,211711.5201349432,205110.27006392044,207467.859375,117429,0.0,0.0
2020-10-21 00:00:00+09:00,208882.38878880267,215012.12028824832,207467.83536585365,212654.53125,132904,0.0,0.0
2020-10-22 00:00:00+09:00,210296.953125,212183.02445347534,208882.3996286435,210296.953125,78428,0.0,0.0
2020-10-23 00:00:00+09:00,213126.07368568235,213126.07368568235,207939.37720218123,210768.484375,59982,0.0,0.0
2020-10-26 00:00:00+09:00,211239.99541284403,213126.0668004587,205581.78125,205581.78125,86769,0.0,0.0
2020-10-27 00:00:00+09:00,203695.70518867925,204167.22302476416,198509.00899174527,199923.5625,141381,0.0,0.0
2020-10-28 00:00:00+09:00,198509.00462147887,201338.1115757042,197565.96897007042,200866.59375,94434,0.0,0.0
2020-10-29 00:00:00+09:00,197094.44655581948,199452.0356294537,196622.92874109262,198509.0,64838,0.0,0.0
2020-10-30 00:00:00+09:00,199452.04902108433,200395.0847138554,195679.90625,195679.90625,73849,0.0,0.0
2020-11-02 00:00:00+09:00,196622.93529455742,199452.04227721292,196622.93529455742,197094.453125,43200,0.0,0.0
2020-11-03 00:00:00+09:00,197565.96219638624,200395.06905361373,197565.96219638624,198980.515625,35484,0.0,0.0
2020-11-04 00:00:00+09:00,202281.15168042452,202281.15168042452,198037.4911556604,199923.5625,45560,0.0,0.0
2020-11-05 00:00:00+09:00,200866.60714285716,202281.1607142857,199923.57142857142,201338.125,55229,0.0,0.0
2020-11-06 00:00:00+09:00,202281.14722711267,203224.18287852113,199452.04027288733,200866.59375,66697,0.0,0.0
2020-11-09 00:00:00+09:00,202752.66746238427,204638.73878761576,201338.11396846065,203695.703125,76250,0.0,0.0
2020-11-10 00:00:00+09:00,218784.28344298244,218784.28344298244,211239.99780701753,215012.140625,394388,0.0,0.0
2020-11-11 00:00:00+09:00,215012.1098812095,219255.76994465443,210768.4498177646,218312.734375,166454,0.0,0.0
2020-11-12 00:00:00+09:00,217841.24324508733,223499.45735534932,214069.10050491267,215955.171875,206603,0.0,0.0
2020-11-13 00:00:00+09:00,218784.27445652176,222556.41711956522,216426.68529211957,216898.203125,140734,0.0,0.0
2020-11-16 00:00:00+09:00,219255.80795094938,225385.54021624473,215483.66501845993,223499.46875,165038,0.0,0.0
2020-11-17 00:00:00+09:00,226328.5759493671,229629.20101529537,222556.43301687765,223499.46875,144657,0.0,0.0
2020-11-18 00:00:00+09:00,223970.98907271243,225385.54268790848,215012.14950980392,216426.703125,173711,0.0,0.0
2020-11-19 00:00:00+09:00,214540.6183474345,216426.68971752183,211239.99344978164,215955.171875,87871,0.0,0.0
2020-11-20 00:00:00+09:00,215955.1741648707,220198.83479256465,214069.1027747845,218784.28125,92695,0.0,0.0
2020-11-23 00:00:00+09:00,216426.68545904712,220198.828125,213597.57845958244,220198.828125,91053,0.0,0.0
2020-11-24 00:00:00+09:00,223499.45756091102,227271.6003045551,221613.38618908898,222556.421875,122303,0.0,0.0
2020-11-25 00:00:00+09:00,225857.04212392934,225857.04212392934,217369.72112553532,220198.828125,97067,0.0,0.0
2020-11-26 00:00:00+09:00,217841.2365780911,219255.79006236442,215483.64743763558,217369.71875,69694,0.0,0.0
2020-11-27 00:00:00+09:00,217369.71875,218784.27223427332,215012.12960954447,217369.71875,73231,0.0,0.0
2020-11-30 00:00:00+09:00,217841.2365780911,220670.34354663777,215955.16526572668,217369.71875,99236,0.0,0.0
2020-12-01 00:00:00+09:00,217841.234375,219255.78784496753,217369.71655167747,217841.234375,71842,0.0,0.0
2020-12-02 00:00:00+09:00,218312.7656582447,224914.01559175533,217841.24780585108,221613.390625,126722,0.0,0.0
2020-12-03 00:00:00+09:00,225857.05357142858,225857.05357142858,221613.39285714287,224442.5,100975,0.0,0.0
2020-12-04 00:00:00+09:00,224913.9975119427,225857.03314092357,221613.37281050958,222084.890625,97508,0.0,0.0
2020-12-07 00:00:00+09:00,221141.84108396329,221613.3588687905,217369.69880534557,218312.734375,107391,0.0,0.0
2020-12-08 00:00:00+09:00,217841.2411480687,222084.90168991417,216898.20547210303,219727.3125,67342,0.0,0.0
2020-12-09 00:00:00+09:00,219727.32142857142,233872.85714285716,219727.32142857142,231043.75,297341,0.0,0.0
2020-12-10 00:00:00+09:00,231043.7432484568,235287.40383873458,228214.63618827163,229157.671875,155162,0.0,0.0
2020-12-11 00:00:00+09:00,230100.70998023715,241417.13833992093,230100.70998023715,238588.03125,209250,0.0,0.0
2020-12-14 00:00:00+09:00,232929.8146219136,234815.8859953704,228686.15403163582,229157.671875,207175,0.0,0.0
2020-12-15 00:00:00+09:00,227743.116015625,229157.66953125,223027.93763020833,226328.5625,132807,0.0,0.0
2020-12-16 00:00:00+09:00,226328.5625,229629.18736979167,224914.00898437502,226328.5625,81412,0.0,0.0
2020-12-17 00:00:00+09:00,225857.05357142858,226800.0892857143,223970.98214285716,224442.5,56712,0.0,0.0
2020-12-18 00:00:00+09:00,225385.52682291667,227743.116015625,223499.45546875,226328.5625,63517,0.0,0.0
2020-12-21 00:00:00+09:00,225385.5357142857,225385.5357142857,222556.42857142858,224442.5,66321,0.0,0.0
2020-12-22 00:00:00+09:00,222556.419527897,223970.97304184551,219727.3125,219727.3125,99301,0.0,0.0
2020-12-23 00:00:00+09:00,219727.28772948164,221141.84108396329,216898.18102051836,218312.734375,85354,0.0,0.0
2020-12-24 00:00:00+09:00,218784.27913135593,224442.49324682204,218784.27913135593,222556.421875,67283,0.0,0.0
2020-12-28 00:00:00+09:00,222556.419527897,223027.93736587983,219255.79466201717,219727.3125,69885,0.0,0.0
2020-12-29 00:00:00+09:00,223049.32302771855,225896.76119402985,221151.03091684435,222574.75,69113,1500.0,0.0
2020-12-30 00:00:00+09:00,223523.9000848121,228744.20348382046,222574.75401226513,227320.484375,88494,0.0,0.0
2021-01-04 00:00:00+09:00,229218.78203616352,229218.78203616352,225422.19765461216,226371.34375,111422,0.0,0.0
2021-01-05 00:00:00+09:00,225422.19222990604,228269.63044754695,223049.3270485386,227320.484375,107430,0.0,0.0
2021-01-06 00:00:00+09:00,228744.20938818564,229693.35548523208,224947.625,224947.625,112348,0.0,0.0
2021-01-07 00:00:00+09:00,226371.343359375,229218.781640625,225422.197265625,227795.0625,146623,0.0,0.0
2021-01-08 00:00:00+09:00,228269.6336489899,238710.24059343434,227795.0606060606,234913.65625,277387,0.0,0.0
2021-01-11 00:00:00+09:00,240133.9609053498,242032.25308641975,228269.63477366255,230642.5,277187,0.0,0.0
2021-01-12 00:00:00+09:00,230167.92401960783,245354.2612745098,227795.05882352943,242032.25,379558,0.0,0.0
2021-01-13 00:00:00+09:00,244879.6937746063,244879.6937746063,238235.67107529528,241083.109375,190149,0.0,0.0
2021-01-14 00:00:00+09:00,241557.6824249508,246777.98597440944,238710.24412524607,241083.109375,201518,0.0,0.0
2021-01-15 00:00:00+09:00,243930.54406565655,245828.83623737373,234439.0832070707,234913.65625,189827,0.0,0.0
2021-01-18 00:00:00+09:00,231591.652458159,232540.7985747908,225896.7757583682,226845.921875,176946,0.0,0.0
2021-01-19 00:00:00+09:00,229693.35895790556,232066.22423639632,228269.63979081108,231117.078125,88072,0.0,0.0
2021-01-20 00:00:00+09:00,232066.22423639632,233015.3703477926,227320.4936794148,231117.078125,108747,0.0,0.0
2021-01-21 00:00:00+09:00,233489.94175851703,240133.96449148297,230642.50344438877,236811.953125,158156,0.0,0.0
2021-01-22 00:00:00+09:00,238235.65625,244405.10551543825,234439.0720866534,238235.65625,170501,0.0,0.0
2021-01-25 00:00:00+09:00,239659.38480392157,242981.39607843137,238235.6656862745,242032.25,121020,0.0,0.0
2021-01-26 00:00:00+09:00,244405.12238533265,244405.12238533265,234913.6613218246,235388.234375,155454,0.0,0.0
2021-01-27 00:00:00+09:00,236337.38173767968,238710.24701617044,229693.35895790556,231117.078125,127695,0.0,0.0
2021-01-28 00:00:00+09:00,225422.19258797268,228269.63081013656,223523.90043986344,225896.765625,128109,0.0,0.0
2021-01-29 00:00:00+09:00,228269.63192585655,228744.20496520345,219252.74417826554,221625.609375,140334,0.0,0.0
2021-02-01 00:00:00+09:00,221625.61366033755,224947.625,218778.17536919832,224947.625,76057,0.0,0.0
2021-02-02 00:00:00+09:00,225422.19258797268,229693.34992121847,223998.47347689074,225896.765625,80088,0.0,0.0
2021-02-03 00:00:00+09:00,229218.77652009393,229693.3495563674,224947.61919363256,227320.484375,61712,0.0,0.0
2021-02-04 00:00:00+09:00,225422.18268975583,227795.04777070062,223049.31760881102,223523.890625,81242,0.0,0.0
2021-02-05 00:00:00+09:00,225422.19258797268,226371.3386620273,223998.47347689074,225896.765625,52616,0.0,0.0
2021-02-08 00:00:00+09:00,225896.77410714288,233964.51603954082,224947.627997449,232540.796875,157255,0.0,0.0
2021-02-09 00:00:00+09:00,232540.79771435948,235388.23605371898,229693.359375,229693.359375,90422,0.0,0.0
2021-02-10 00:00:00+09:00,230167.92152279714,231591.640625,226371.33725025615,231591.640625,57876,0.0,0.0
2021-02-15 00:00:00+09:00,233489.921875,235388.2139227642,230642.48380335365,233489.921875,95707,0.0,0.0
2021-02-16 00:00:00+09:00,235388.23277559056,243455.97462475396,233015.36752583663,241083.109375,238532,0.0,0.0
2021-02-17 00:00:00+09:00,242032.24041334662,242032.24041334662,236337.36416832672,238235.65625,117950,0.0,0.0
2021-02-18 00:00:00+09:00,241557.6748342803,256269.43892045456,241083.10179924243,250574.5625,659870,0.0,0.0
2021-02-19 00:00:00+09:00,250574.56358381503,252472.85573217727,242032.24891618497,246303.40625,246250,0.0,0.0
2021-02-22 00:00:00+09:00,249150.849609375,252947.433984375,246303.41132812502,246777.984375,199316,0.0,0.0
2021-02-23 00:00:00+09:00,246303.39800980838,262438.8807310675,242981.38686131386,260066.015625,440567,0.0,0.0
2021-02-24 00:00:00+09:00,263862.60076530615,268608.330994898,252472.8482142857,255794.859375,362475,0.0,0.0
2021-02-25 00:00:00+09:00,260540.5886462135,261489.7346886405,255794.85843407846,260066.015625,151346,0.0,0.0
2021-02-26 00:00:00+09:00,253896.5730337079,259591.44943820225,250099.98876404495,253422.0,186095,0.0,0.0
2021-03-02 00:00:00+09:00,259591.4162162162,264811.7189189189,256743.97837837838,263388.0,208163,0.0,0.0
2021-03-03 00:00:00+09:00,261964.3095854922,279048.93847150257,261964.3095854922,274777.78125,317893,0.0,0.0
2021-03-04 00:00:00+09:00,271930.3527932363,279998.09449914383,269557.4875856165,277150.65625,199955,0.0,0.0
2021-03-05 00:00:00+09:00,273354.0814940577,280947.2504244482,270506.6431451613,279523.53125,164541,0.0,0.0
2021-03-08 00:00:00+09:00,280947.23090277775,281896.376953125,272404.91644965275,273354.0625,129915,0.0,0.0
2021-03-09 00:00:00+09:00,276676.09375,284743.8357632933,274303.22845197254,276676.09375,183899,0.0,0.0
2021-03-10 00:00:00+09:00,277150.65550847456,281896.38591101696,273828.64422669495,279998.09375,141832,0.0,0.0
2021-03-11 00:00:00+09:00,279048.9176086956,279523.4905978261,268133.73885869567,272879.46875,305103,0.0,0.0
2021-03-12 00:00:00+09:00,276201.52199477353,281421.8256750871,269557.49912891985,272404.9375,151836,0.0,0.0
2021-03-15 00:00:00+09:00,274303.2301882662,276201.52243870404,269082.92649956216,270981.21875,122671,0.0,0.0
2021-03-16 00:00:00+09:00,272404.93793782836,273828.6571256567,268133.7803743433,270981.21875,129795,0.0,0.0
2021-03-17 00:00:00+09:00,274777.8036971831,276201.522887324,267659.2077464789,269557.5,154923,0.0,0.0
2021-03-18 00:00:00+09:00,270981.21919014084,272879.511443662,268608.3538732394,269557.5,97938,0.0,0.0
2021-03-19 00:00:00+09:00,265286.29189189186,266710.0108108108,261015.13513513512,263388.0,157682,0.0,0.0
2021-03-22 00:00:00+09:00,264337.18672291294,267184.625,261015.17539964477,267184.625,78336,0.0,0.0
2021-03-23 00:00:00+09:00,268133.7674715909,268608.34051136364,260066.02579545454,261015.171875,103345,0.0,0.0
2021-03-24 00:00:00+09:00,257218.58356481482,259591.44872685184,255320.29143518518,256269.4375,86264,0.0,0.0
2021-03-25 00:00:00+09:00,255794.87226562502,268608.34453125,255320.29921875,265760.90625,163719,0.0,0.0
2021-03-26 00:00:00+09:00,267659.1980461812,270981.2093694494,266710.0519538188,267184.625,104756,0.0,0.0
2021-03-29 00:00:00+09:00,267659.19923285197,267659.19923285197,261964.32265342958,262913.46875,53284,0.0,0.0
2021-03-30 00:00:00+09:00,262438.8848566308,265286.3230286738,261964.311827957,264811.75,41692,0.0,0.0
2021-03-31 00:00:00+09:00,264811.77024021355,267184.6355649466,262438.9049154804,266710.0625,58150,0.0,0.0
2021-04-01 00:00:00+09:00,268133.76120071684,268608.33422939066,263388.03091397847,264811.75,72605,0.0,0.0
2021-04-02 00:00:00+09:00,263862.599794708,264337.17281592154,258167.723540146,260066.015625,119686,0.0,0.0
2021-04-05 00:00:00+09:00,261015.1844352014,271455.7918126095,260066.03830998248,270981.21875,117152,0.0,0.0
2021-04-06 00:00:00+09:00,270981.2074502595,274777.79179282003,268133.7691933391,274303.21875,131638,0.0,0.0
2021-04-07 00:00:00+09:00,273828.6365189594,273828.6365189594,268608.33322310407,269082.90625,96638,0.0,0.0
2021-04-08 00:00:00+09:00,268133.7821444544,268133.7821444544,263862.62455277285,265286.34375,89647,0.0,0.0
2021-04-09 00:00:00+09:00,264337.1766377005,267659.1878342246,262913.4575534759,266235.46875,59869,0.0,0.0
2021-04-12 00:00:00+09:00,265760.90625,267184.62539062503,263388.041015625,265760.90625,58123,0.0,0.0
2021-04-13 00:00:00+09:00,266710.05234375,267184.62539062503,264337.187109375,265760.90625,59138,0.0,0.0
2021-04-14 00:00:00+09:00,265760.9070397112,267659.19923285197,261964.32265342958,262913.46875,113845,0.0,0.0
2021-04-15 00:00:00+09:00,262438.8807310675,263862.599794708,259116.86958257298,260066.015625,98145,0.0,0.0
2021-04-16 00:00:00+09:00,261015.13513513512,264337.14594594593,259116.84324324323,263388.0,80740,0.0,0.0
2021-04-19 00:00:00+09:00,263862.625,264811.7711330935,261489.75966726616,263862.625,58741,0.0,0.0
2021-04-20 00:00:00+09:00,262913.47798042704,268133.7816948399,262913.47798042704,266710.0625,78292,0.0,0.0
2021-04-21 00:00:00+09:00,265286.32405510015,265760.8970856102,259591.44768897997,260540.59375,83687,0.0,0.0
2021-04-22 00:00:00+09:00,261015.15138507326,261489.7243875916,259116.859375,259116.859375,55325,0.0,0.0
2021-04-23 00:00:00+09:00,257218.58755681818,261015.17187499997,256744.01451704543,261015.171875,61586,0.0,0.0
2021-04-26 00:00:00+09:00,261015.18572064055,266710.0625,258642.32039590747,266710.0625,99432,0.0,0.0
2021-04-27 00:00:00+09:00,266235.46808862436,269082.90625,263862.6029541446,269082.90625,84383,0.0,0.0
2021-04-28 00:00:00+09:00,269082.9149096385,278099.8027108434,266710.0496987952,275726.9375,255215,0.0,0.0
2021-04-29 00:00:00+09:00,274303.2060416667,284743.8125,272879.4869791667,284743.8125,270085,0.0,0.0
2021-04-30 00:00:00+09:00,284743.81157635467,299455.57517446636,283794.6655377668,289014.96875,329369,0.0,0.0
2021-05-03 00:00:00+09:00,289014.98745,304675.8981,289014.98745,296608.15625,217201,0.0,0.0
2021-05-04 00:00:00+09:00,298506.44765253563,302777.6050911252,289489.5597266244,299455.59375,180233,0.0,0.0
2021-05-06 00:00:00+09:00,298506.44845,301828.4598,292336.9988,296608.15625,143297,0.0,0.0
2021-05-07 00:00:00+09:00,299455.59375,304675.89728605386,295659.00936014263,299455.59375,129993,0.0,0.0
2021-05-10 00:00:00+09:00,298031.8634404389,307048.75102860504,295658.9982856583,302777.59375,136190,0.0,0.0
2021-05-11 00:00:00+09:00,301828.41614906833,306099.5729813665,296133.5403726708,305625.0,114645,0.0,0.0
2021-05-12 00:00:00+09:00,304675.89609375,307048.761328125,297082.72734375,303726.75,148742,0.0,0.0
2021-05-13 00:00:00+09:00,299930.15838762216,305625.03481270355,289964.12464372965,291387.84375,236725,0.0,0.0
2021-05-14 00:00:00+09:00,293760.7191558441,298981.0227272727,290913.2808441558,292337.0,114256,0.0,0.0
2021-05-17 00:00:00+09:00,294235.2590266876,306099.58398744115,288065.81004709576,302303.0,149448,0.0,0.0
2021-05-18 00:00:00+09:00,299930.1573033708,304201.3146067416,293286.13483146066,295659.0,93459,0.0,0.0
2021-05-20 00:00:00+09:00,292811.5617977528,298981.01123595505,292336.98876404495,295659.0,57707,0.0,0.0
2021-05-21 00:00:00+09:00,295184.4399834437,297082.7322019868,284743.83278145693,286642.125,105193,0.0,0.0
2021-05-24 00:00:00+09:00,284269.2597268212,289964.13638245035,283320.11361754965,286642.125,54411,0.0,0.0
2021-05-25 00:00:00+09:00,287116.68678396073,292811.56321603927,285692.96767594106,289964.125,66135,0.0,0.0
2021-05-26 00:00:00+09:00,290438.70621019107,300404.7402468153,290438.70621019107,298031.875,183139,0.0,0.0
2021-05-27 00:00:00+09:00,300879.3253438511,303252.1906856796,293286.15625,293286.15625,99511,0.0,0.0
2021-05-28 00:00:00+09:00,296608.16592261905,300404.7504464286,294709.8736607143,298981.03125,110153,0.0,0.0
2021-05-31 00:00:00+09:00,301828.45742612757,310845.34530521,298981.0191485226,305150.46875,144445,0.0,0.0
2021-06-01 00:00:00+09:00,307048.7506825273,307523.32371294854,302777.59340873634,304201.3125,60796,0.0,0.0
2021-06-02 00:00:00+09:00,304201.2816437008,308472.43848425196,300404.6977854331,301353.84375,126546,0.0,0.0
2021-06-03 00:00:00+09:00,300404.7080062794,305625.010989011,298506.41601255885,302303.0,80929,0.0,0.0
2021-06-04 00:00:00+09:00,301353.86693218956,301353.86693218956,289014.96844362747,290438.6875,192768,0.0,0.0
2021-06-07 00:00:00+09:00,291387.84410801966,292811.56321603927,288540.4058919804,289964.125,73415,0.0,0.0
2021-06-08 00:00:00+09:00,290438.7077922078,292811.57305194804,288540.4155844156,292337.0,66398,0.0,0.0
2021-06-09 00:00:00+09:00,290438.7081973899,298031.87703915173,287591.2698817292,290913.28125,98949,0.0,0.0
2021-06-10 00:00:00+09:00,292337.00081967213,292337.00081967213,289014.98944672133,289489.5625,77389,0.0,0.0
2021-06-11 00:00:00+09:00,289964.12646076793,290438.6994991653,283794.6769616027,284269.25,114045,0.0,0.0
2021-06-14 00:00:00+09:00,285218.38552083337,286642.10458333336,282370.9473958333,284743.8125,63462,0.0,0.0
2021-06-15 00:00:00+09:00,285692.96875,286642.1148255814,281421.8114098837,285692.96875,61565,0.0,0.0
2021-06-16 00:00:00+09:00,286642.12418032787,295184.43913934426,284743.83196721313,289489.5625,184091,0.0,0.0
2021-06-17 00:00:00+09:00,289964.1394189537,290913.28553816467,275252.3745711835,276676.09375,472531,0.0,0.0
2021-06-18 00:00:00+09:00,276676.0973278175,277150.67039355997,263862.62455277285,265286.34375,477758,0.0,0.0
2021-06-21 00:00:00+09:00,265760.91637010674,270032.07395462634,265286.3433051601,266710.0625,186855,0.0,0.0
2021-06-22 00:00:00+09:00,269082.9171847247,270506.63632326823,266710.0519538188,267184.625,125190,0.0,0.0
2021-06-23 00:00:00+09:00,268133.7401817774,268608.31317324954,261964.29129263913,264337.15625,128263,0.0,0.0
2021-06-24 00:00:00+09:00,264337.18789485557,264337.18789485557,259116.8843637184,262913.46875,145145,0.0,0.0
2021-06-25 00:00:00+09:00,270506.6461267606,271455.79225352115,265760.91549295775,269557.5,219637,0.0,0.0
2021-06-28 00:00:00+09:00,270032.0519736842,273354.0631578947,267184.61381578946,270506.625,142695,0.0,0.0
2021-06-29 00:00:00+09:00,270981.17679347825,273354.04173913045,268133.73885869567,272879.46875,103800,0.0,0.0
2021-06-30 00:00:00+09:00,270506.6456873905,271930.3648752189,269557.49956217164,270981.21875,71789,0.0,0.0
2021-07-01 00:00:00+09:00,270032.05263741134,270506.6256648936,266710.04144503543,267659.1875,63649,0.0,0.0
2021-07-02 00:00:00+09:00,266710.04144503543,268608.3335549645,266710.04144503543,267659.1875,44229,0.0,0.0
2021-07-05 00:00:00+09:00,268133.7816948399,268608.35475978645,265760.91637010674,266710.0625,48580,0.0,0.0
2021-07-06 00:00:00+09:00,266235.4781414763,271930.35467926186,265760.90509666083,270032.0625,65282,0.0,0.0
2021-07-07 00:00:00+09:00,269082.88616472174,269082.88616472174,263862.58325852785,264337.15625,107193,0.0,0.0
2021-07-08 00:00:00+09:00,264337.1618829257,265760.88088768115,260066.00486865942,261964.296875,86447,0.0,0.0
2021-07-09 00:00:00+09:00,258167.75,258642.32306985295,252947.44623161765,258167.75,103919,0.0,0.0
2021-07-12 00:00:00+09:00,258642.30667613636,261489.74491477272,257218.58755681818,261015.171875,58427,0.0,0.0
2021-07-13 00:00:00+09:00,261964.3318505338,267659.20862989326,261489.75878558718,266710.0625,79051,0.0,0.0
2021-07-14 00:00:00+09:00,265286.34465415915,265760.91772151896,260540.61398056056,262438.90625,56211,0.0,0.0
2021-07-15 00:00:00+09:00,262913.478421288,265760.9168157424,262913.478421288,265286.34375,41880,0.0,0.0
2021-07-16 00:00:00+09:00,264811.74933510635,267659.1875,261964.31117021275,267659.1875,68547,0.0,0.0
2021-07-19 00:00:00+09:00,267659.209078712,268133.7821444544,263862.62455277285,265286.34375,45026,0.0,0.0
2021-07-20 00:00:00+09:00,261489.73981102003,263862.60496357013,260066.02071948998,260540.59375,57129,0.0,0.0
2021-07-21 00:00:00+09:00,261489.7508027523,261964.323853211,257693.16639908258,258642.3125,41193,0.0,0.0
2021-07-22 00:00:00+09:00,259591.43186707428,264811.73488451086,259116.85886548914,261964.296875,52885,0.0,0.0
2021-07-23 00:00:00+09:00,260066.015625,261964.307709854,260066.015625,260066.015625,23135,0.0,0.0
2021-07-26 00:00:00+09:00,263388.0434155904,263388.0434155904,256744.02069880074,257218.59375,49556,0.0,0.0
2021-07-27 00:00:00+09:00,258167.7394495413,260540.60470183488,257218.59334862386,258642.3125,44005,0.0,0.0
2021-07-28 00:00:00+09:00,259591.44837707182,261015.16747237567,255794.86412292818,257693.15625,44269,0.0,0.0
2021-07-29 00:00:00+09:00,258642.3023135359,261489.74050414364,256269.43715469612,257693.15625,56374,0.0,0.0
2021-07-30 00:00:00+09:00,256744.000881109,257693.14691024434,251523.69772086464,252472.84375,85120,0.0,0.0
2021-08-02 00:00:00+09:00,253896.5730337079,255794.86516853934,250574.56179775283,253422.0,52266,0.0,0.0
2021-08-03 00:00:00+09:00,251523.71793376864,254371.15625,251049.14488106343,254371.15625,30488,0.0,0.0
2021-08-04 00:00:00+09:00,252472.86284403672,260066.03165137616,252472.86284403672,258642.3125,65534,0.0,0.0
2021-08-05 00:00:00+09:00,258642.292051756,260066.011090573,255794.853974122,256744.0,40476,0.0,0.0
2021-08-06 00:00:00+09:00,257218.58356481482,259116.87569444443,254845.71840277777,256269.4375,42328,0.0,0.0
2021-08-09 00:00:00+09:00,254845.7293027052,255320.30235541044,252947.43709188432,254371.15625,36503,0.0,0.0
2021-08-10 00:00:00+09:00,254371.13012104284,255794.84913291433,252472.83810521415,254845.703125,38488,0.0,0.0
2021-08-11 00:00:00+09:00,255320.280961183,258642.292051756,253421.988909427,256744.0,42591,0.0,0.0
2021-08-12 00:00:00+09:00,258167.73551401868,258167.73551401868,252947.4320385514,253896.578125,64546,0.0,0.0
2021-08-13 00:00:00+09:00,256744.0101864641,266235.4708218232,255320.2910911602,257693.15625,161647,0.0,0.0
2021-08-17 00:00:00+09:00,259591.43453663794,261015.1535560345,247727.109375,247727.109375,115213,0.0,0.0
2021-08-18 00:00:00+09:00,250574.55258126196,251049.12559751436,246777.96845124284,248201.6875,57864,0.0,0.0
2021-08-19 00:00:00+09:00,246777.96531936128,247252.5383295908,236337.35909431137,237761.078125,107756,0.0,0.0
2021-08-20 00:00:00+09:00,238235.65199441055,239659.37103023374,231591.62982723577,233489.921875,87097,0.0,0.0
2021-08-23 00:00:00+09:00,234439.0828313253,238710.24021084336,233015.36370481926,236337.375,44743,0.0,0.0
2021-08-24 00:00:00+09:00,238710.24707776718,249625.42736164122,238710.24707776718,248676.28125,99034,0.0,0.0
2021-08-25 00:00:00+09:00,250099.9744073276,254371.13146551725,246303.39035560345,247727.109375,53544,0.0,0.0
2021-08-26 00:00:00+09:00,249625.41642992425,255320.29285037878,246777.97821969696,250574.5625,81033,0.0,0.0
2021-08-27 00:00:00+09:00,247252.55626772213,252472.85975897923,244405.11799976372,251049.140625,50695,0.0,0.0
2021-08-30 00:00:00+09:00,252472.84885084428,254845.7139716229,249625.41070590995,252947.421875,48312,0.0,0.0
2021-08-31 00:00:00+09:00,250099.99340729552,255794.86991751858,250099.99340729552,255320.296875,48936,0.0,0.0
2021-09-01 00:00:00+09:00,252947.42696629214,254845.7191011236,251523.70786516854,253422.0,33369,0.0,0.0
2021-09-02 00:00:00+09:00,252947.44578382082,261015.18795703838,251049.15350776963,259591.46875,97384,0.0,0.0
2021-09-03 00:00:00+09:00,260540.59375,261489.73981102003,257693.15556693988,260540.59375,68955,0.0,0.0
2021-09-06 00:00:00+09:00,260066.04227941178,262438.90762867645,256744.03079044117,258167.75,45918,0.0,0.0
2021-09-07 00:00:00+09:00,257218.58755681818,262438.8909943182,255320.29539772726,261015.171875,51323,0.0,0.0
2021-09-08 00:00:00+09:00,262438.9049154804,269082.9278247331,259591.4665258007,266710.0625,197815,0.0,0.0
2021-09-09 00:00:00+09:00,263862.6268382353,264811.7729779412,256269.45772058822,258167.75,120094,0.0,0.0
2021-09-10 00:00:00+09:00,259591.45780399276,262438.89609800366,257218.59255898368,261489.75,49177,0.0,0.0
2021-09-13 00:00:00+09:00,259591.44768897997,261489.73981102003,256269.43647540984,260540.59375,45787,0.0,0.0
2021-09-14 00:00:00+09:00,259591.46784584087,267184.63692359853,259591.46784584087,262438.90625,83644,0.0,0.0
2021-09-15 00:00:00+09:00,262438.8909943182,263862.61011363636,260066.02579545454,261015.171875,42319,0.0,0.0
2021-09-16 00:00:00+09:00,261964.31353591158,261964.31353591158,256744.0101864641,257693.15625,45400,0.0,0.0
2021-09-17 00:00:00+09:00,256744.02069880074,260540.60510839484,254845.7284940037,257218.59375,71323,0.0,0.0
2021-09-23 00:00:00+09:00,251998.27519132654,256744.00542091837,251049.12914540817,255794.859375,56630,0.0,0.0
2021-09-24 00:00:00+09:00,255794.8846507353,260540.6153492647,255794.8846507353,258167.75,42285,0.0,0.0
2021-09-27 00:00:00+09:00,256269.42786654134,257218.57389567667,251523.69772086464,252472.84375,55999,0.0,0.0
2021-09-28 00:00:00+09:00,252472.8491745283,253896.56824882075,249150.83800117925,251523.703125,39816,0.0,0.0
2021-09-29 00:00:00+09:00,249150.85388994307,251998.29222011383,245828.84250474384,250100.0,55557,0.0,0.0
2021-09-30 00:00:00+09:00,249150.85388994307,253896.58444022769,248201.70777988614,250100.0,36445,0.0,0.0
2021-10-01 00:00:00+09:00,248201.69428413556,248676.2673133595,240133.95278732807,241557.671875,66513,0.0,0.0
2021-10-05 00:00:00+09:00,239659.39278937381,251998.29222011383,239659.39278937381,250100.0,102993,0.0,0.0
2021-10-06 00:00:00+09:00,250099.99091569765,252947.42914244183,244405.11446220928,244879.6875,70744,0.0,0.0
2021-10-07 00:00:00+09:00,246303.41172026112,251049.1421965667,243930.5464821083,245354.265625,74572,0.0,0.0
2021-10-08 00:00:00+09:00,246303.4172330097,248201.7094660194,241083.113592233,244405.125,91961,0.0,0.0
2021-10-12 00:00:00+09:00,246777.97554347827,248201.69463315216,239659.3800951087,240133.953125,76387,0.0,0.0
2021-10-13 00:00:00+09:00,240133.95784313726,243455.96911764707,240133.95784313726,242032.25,56713,0.0,0.0
2021-10-14 00:00:00+09:00,243455.95853718198,247727.115704501,237286.509295499,242506.8125,117929,0.0,0.0
2021-10-15 00:00:00+09:00,243455.95647321426,252472.84375,243455.95647321426,252472.84375,118086,0.0,0.0
2021-10-18 00:00:00+09:00,251523.7204391892,251998.29349662163,244879.69763513515,245828.84375,87546,0.0,0.0
2021-10-19 00:00:00+09:00,247727.115704501,249625.40777886496,241083.093444227,242506.8125,103605,0.0,0.0
2021-10-20 00:00:00+09:00,243455.953125,244405.09914108185,241557.66109283626,243455.953125,42119,0.0,0.0
2021-10-21 00:00:00+09:00,243455.96399189587,244405.1100503438,240608.52581655205,241557.671875,49141,0.0,0.0
2021-10-22 00:00:00+09:00,242032.22974652087,242032.22974652087,238235.645750497,238710.21875,61253,0.0,0.0
2021-10-25 00:00:00+09:00,238235.65936900192,247727.1199016315,237286.51331573896,247252.546875,98223,0.0,0.0
2021-10-26 00:00:00+09:00,247727.13046875,249150.849609375,244879.6921875,246777.984375,59234,0.0,0.0
2021-10-27 00:00:00+09:00,246777.98597440944,246777.98597440944,240133.96327509845,241083.109375,65305,0.0,0.0
2021-10-28 00:00:00+09:00,241083.09437250998,241083.09437250998,238235.65625,238235.65625,48994,0.0,0.0
2021-10-29 00:00:00+09:00,238710.2457472278,239659.39185357862,234439.08826864918,235388.234375,70208,0.0,0.0
2021-11-01 00:00:00+09:00,236337.37243960082,236337.37243960082,223523.90043986344,225896.765625,188691,0.0,0.0
2021-11-02 00:00:00+09:00,226845.9223026316,228269.64148026318,223998.48394736843,225422.203125,109132,0.0,0.0
2021-11-03 00:00:00+09:00,226371.3386620273,227795.05777310923,224473.04651391806,225896.765625,57152,0.0,0.0
2021-11-04 00:00:00+09:00,226845.90173832272,229218.7668192675,222574.74459262207,223523.890625,96364,0.0,0.0
2021-11-05 00:00:00+09:00,223998.4745717345,224473.0476110814,218778.17113891864,221625.609375,82318,0.0,0.0
2021-11-08 00:00:00+09:00,224947.6288094008,230642.50548811982,222574.76352660122,229693.359375,120074,0.0,0.0
2021-11-09 00:00:00+09:00,228744.20859375,230642.50078125,224947.62421875002,227795.0625,76758,0.0,0.0
2021-11-10 00:00:00+09:00,229218.781640625,232066.21992187502,226845.91640625,227795.0625,115982,0.0,0.0
2021-11-11 00:00:00+09:00,225896.76526617951,227320.484375,223523.9000848121,227320.484375,66434,0.0,0.0
2021-11-12 00:00:00+09:00,227320.48868312757,234913.65740740742,227320.48868312757,230642.5,112430,0.0,0.0
2021-11-15 00:00:00+09:00,232540.79771435948,233489.94382747932,227320.4940922004,229693.359375,53907,0.0,0.0
2021-11-16 00:00:00+09:00,229693.36022489538,232066.2255164749,225896.7757583682,226845.921875,76122,0.0,0.0
2021-11-17 00:00:00+09:00,226845.921875,227795.0679916318,223049.3374084728,226845.921875,89611,0.0,0.0
2021-11-18 00:00:00+09:00,226371.33976846896,226371.33976846896,221625.609375,221625.609375,72678,0.0,0.0
2021-11-19 00:00:00+09:00,221625.6090093085,224473.0472406915,221151.03597074468,223049.328125,51107,0.0,0.0
2021-11-22 00:00:00+09:00,221151.03125,223523.89639216737,220201.88519313303,221151.03125,49837,0.0,0.0
2021-11-23 00:00:00+09:00,220201.88519313303,222100.17730686694,219252.7391362661,221151.03125,43653,0.0,0.0
2021-11-24 00:00:00+09:00,219727.31833378822,222100.18354257641,216405.30704148472,217354.453125,72947,0.0,0.0
2021-11-25 00:00:00+09:00,216879.87020557394,218303.58926600442,213557.85906456952,214981.578125,77588,0.0,0.0
2021-11-26 00:00:00+09:00,214507.01195899773,214507.01195899773,206913.84339407744,208337.5625,103812,0.0,0.0
2021-11-29 00:00:00+09:00,200744.38464327145,208812.1258700696,200744.38464327145,204540.96875,109918,0.0,0.0
2021-11-30 00:00:00+09:00,205015.56206896552,212608.73103448277,201218.9775862069,206439.28125,928487,0.0,0.0
2021-12-01 00:00:00+09:00,205015.56081081083,211659.58361486488,200744.40329391893,210710.4375,158388,0.0,0.0
2021-12-02 00:00:00+09:00,207388.4131130064,224473.0421108742,207388.4131130064,222574.75,201621,0.0,0.0
2021-12-03 00:00:00+09:00,225896.7494813278,231117.05251556018,223998.45746887967,228744.1875,171534,0.0,0.0
2021-12-06 00:00:00+09:00,227795.04149377593,229693.33350622407,223998.45746887967,228744.1875,70120,0.0,0.0
2021-12-07 00:00:00+09:00,229218.7697768763,235862.7920892495,228744.19675456392,233964.5,134712,0.0,0.0
2021-12-08 00:00:00+09:00,234913.63575611,235388.20875763748,229218.75973778006,233015.34375,104097,0.0,0.0
2021-12-09 00:00:00+09:00,233015.36261094673,240608.53125,231591.64349112427,240608.53125,140663,0.0,0.0
2021-12-10 00:00:00+09:00,240133.95784313726,242981.39607843137,238235.6656862745,242032.25,84342,0.0,0.0
2021-12-13 00:00:00+09:00,242032.25,243930.54215686274,240608.53088235293,242032.25,54604,0.0,0.0
2021-12-14 00:00:00+09:00,239184.80809859154,239659.3811305332,235388.22384305834,235862.796875,48356,0.0,0.0
2021-12-15 00:00:00+09:00,234913.65046875,238235.6616875,233964.50440625,237286.515625,43828,0.0,0.0
2021-12-16 00:00:00+09:00,235388.20875763748,237286.50076374746,231117.05174389004,233015.34375,44280,0.0,0.0
2021-12-17 00:00:00+09:00,230642.49455686475,233015.3597272029,229693.3484887295,231591.640625,66887,0.0,0.0
2021-12-20 00:00:00+09:00,229218.77104989605,232540.78222453222,226371.3329002079,228269.625,41895,0.0,0.0
2021-12-21 00:00:00+09:00,228269.64020532023,233489.94382747932,227320.4940922004,229693.359375,34733,0.0,0.0
2021-12-22 00:00:00+09:00,232540.79218106996,234913.65740740742,229693.35390946502,230642.5,28185,0.0,0.0
2021-12-23 00:00:00+09:00,233015.36407828282,236811.94842171716,232540.79103535353,234913.65625,48175,0.0,0.0
2021-12-24 00:00:00+09:00,235388.22419028342,236811.9432882085,232066.21296179152,234439.078125,26716,0.0,0.0
2021-12-27 00:00:00+09:00,235862.8074281754,237286.5265877016,234439.08826864918,235388.234375,26257,0.0,0.0
2021-12-28 00:00:00+09:00,236337.3695625,237286.515625,233489.931375,237286.515625,45368,0.0,0.0
2021-12-29 00:00:00+09:00,239207.87665441175,245932.59607843138,236806.19114583335,244971.921875,66226,3000.0,0.0
2021-12-30 00:00:00+09:00,246412.93553149607,246412.93553149607,241129.22736220472,244011.25,40877,0.0,0.0
2022-01-04 00:00:00+09:00,242570.2297703831,245452.25230230845,241129.21850442042,244491.578125,31491,0.0,0.0
2022-01-05 00:00:00+09:00,244491.58043639053,244971.9175295858,239688.2095044379,243530.90625,38513,0.0,0.0
2022-01-06 00:00:00+09:00,240168.54919678715,243530.90888554216,237766.8637048193,239207.875,46871,0.0,0.0
2022-01-07 00:00:00+09:00,238247.1985,241609.55815625,237286.5243125,240168.546875,32016,0.0,0.0
2022-01-10 00:00:00+09:00,237766.8533731223,239207.8646056867,220474.71858234977,223837.078125,246695,0.0,0.0
2022-01-11 00:00:00+09:00,227679.79216788703,234404.51176778242,227199.45505360878,229601.140625,179141,0.0,0.0
2022-01-12 00:00:00+09:00,230081.46817951318,238727.53587728195,230081.46817951318,236806.1875,111968,0.0,0.0
2022-01-13 00:00:00+09:00,233924.16265782827,238247.19646464646,232002.81429924243,237766.859375,136026,0.0,0.0
2022-01-14 00:00:00+09:00,235845.51594783057,236806.19014721076,231042.14495092977,232483.15625,55358,0.0,0.0
2022-01-17 00:00:00+09:00,233443.82607848232,233443.82607848232,229120.79226221412,231042.140625,41231,0.0,0.0
2022-01-18 00:00:00+09:00,232002.8125,235845.5091873706,231042.13832815737,232002.8125,48271,0.0,0.0
2022-01-19 00:00:00+09:00,231042.14495092977,232963.49334969008,228640.45945247935,232483.15625,44796,0.0,0.0
2022-01-20 00:00:00+09:00,234884.83501552796,234884.83501552796,227679.7787267081,232002.8125,36803,0.0,0.0
2022-01-21 00:00:00+09:00,228640.46406250002,231042.14960937502,227199.452734375,230561.8125,43132,0.0,0.0
2022-01-24 00:00:00+09:00,230081.46697671307,230081.46697671307,221915.7364159529,224317.421875,52470,0.0,0.0
2022-01-25 00:00:00+09:00,223356.7366360691,224797.7478401728,219994.3771598272,222396.0625,74487,0.0,0.0
2022-01-26 00:00:00+09:00,222396.0625,222396.0625,222396.0625,222396.0625,0,0.0,0.0
2022-01-27 00:00:00+09:00,222876.39988687783,225278.0852304864,212308.984375,212308.984375,112812,0.0,0.0
2022-01-28 00:00:00+09:00,212789.32751885775,226719.10290948275,212789.32751885775,222876.40625,87682,0.0,0.0
2022-02-03 00:00:00+09:00,223837.09525366107,232483.16331066945,222876.4210251046,229601.140625,47169,0.0,0.0
2022-02-04 00:00:00+09:00,228640.44825404856,238247.18977732793,228640.44825404856,237286.515625,69043,0.0,0.0
2022-02-07 00:00:00+09:00,237286.51120162933,242570.21894093687,234404.48879837067,235845.5,71557,0.0,0.0
2022-02-08 00:00:00+09:00,235845.5,235845.5,235845.5,235845.5,0,0.0,0.0
2022-02-09 00:00:00+09:00,235845.5,235845.5,235845.5,235845.5,0,0.0,0.0
2022-02-10 00:00:00+09:00,250255.62246462263,255539.33042452828,245932.58867924527,254578.65625,240484,0.0,0.0
2022-02-11 00:00:00+09:00,251696.6409574468,256019.67486702127,246893.2699468085,248334.28125,101518,0.0,0.0
2022-02-14 00:00:00+09:00,243530.91674710426,251216.31056949808,243530.91674710426,248814.625,71895,0.0,0.0
2022-02-15 00:00:00+09:00,249775.296875,252657.31953125002,245452.26289062502,249775.296875,64165,0.0,0.0
2022-02-16 00:00:00+09:00,254098.32612714695,254098.32612714695,248814.61802242367,251696.640625,53067,0.0,0.0
2022-02-17 00:00:00+09:00,253137.6475527831,256019.6701055662,246893.26535508636,250255.625,98818,0.0,0.0
2022-02-18 00:00:00+09:00,250255.63634169885,252176.9847972973,246893.27654440157,248814.625,50274,0.0,0.0
2022-02-21 00:00:00+09:00,248814.625,248814.625,248814.625,248814.625,0,0.0,0.0
2022-02-22 00:00:00+09:00,248814.625,248814.625,248814.625,248814.625,0,0.0,0.0
2022-02-23 00:00:00+09:00,248814.625,248814.625,248814.625,248814.625,0,0.0,0.0
2022-02-24 00:00:00+09:00,246893.2591403162,248814.6074604743,242089.88833992096,243050.5625,67179,0.0,0.0
2022-02-25 00:00:00+09:00,246893.25895467837,247373.59603435674,240168.5398391813,246412.921875,36798,0.0,0.0
2022-02-28 00:00:00+09:00,246412.921875,246412.921875,246412.921875,246412.921875,0,0.0,0.0
2022-03-02 00:00:00+09:00,251216.3078154649,256500.01601043643,248814.62227229602,253137.65625,60029,0.0,0.0
2022-03-03 00:00:00+09:00,256019.6698330966,256019.6698330966,250735.9618252841,253617.984375,58214,0.0,0.0
2022-03-04 00:00:00+09:00,253617.984375,253617.984375,253617.984375,253617.984375,0,0.0,0.0
2022-03-07 00:00:00+09:00,250255.63398437502,251696.6453125,246412.937109375,249775.296875,32760,0.0,0.0
2022-03-08 00:00:00+09:00,246893.2682549505,247853.94245049506,242570.234375,242570.234375,52408,0.0,0.0
2022-03-10 00:00:00+09:00,242570.234375,242570.234375,242570.234375,242570.234375,0,0.0,0.0
2022-03-11 00:00:00+09:00,250735.9763607011,264185.41570571956,250735.9763607011,260342.71875,155423,0.0,0.0
2022-03-14 00:00:00+09:00,257460.67470760236,260823.0342653509,246412.921875,246412.921875,73217,0.0,0.0
2022-03-15 00:00:00+09:00,244491.58043639053,246412.9288091716,240648.88369082843,243530.90625,57703,0.0,0.0
2022-03-16 00:00:00+09:00,244491.5754166667,253617.98,243530.90125000002,252176.96875,61574,0.0,0.0
2022-03-17 00:00:00+09:00,256500.00926806082,258901.69474809885,251696.63830798477,252657.3125,46285,0.0,0.0
2022-03-18 00:00:00+09:00,252657.31953125002,254098.330859375,248334.285546875,249775.296875,43592,0.0,0.0
2022-03-21 00:00:00+09:00,249775.296875,249775.296875,249775.296875,249775.296875,0,0.0,0.0
2022-03-22 00:00:00+09:00,251696.6476833977,255539.34459459462,248334.28788610038,248814.625,45458,0.0,0.0
2022-03-23 00:00:00+09:00,250735.97109375,251696.6453125,247853.94843750002,249775.296875,33104,0.0,0.0
2022-03-24 00:00:00+09:00,248334.2745881783,248814.61167635658,245452.25205910852,247853.9375,38630,0.0,0.0
2022-03-25 00:00:00+09:00,247853.9375,247853.9375,247853.9375,247853.9375,0,0.0,0.0
2022-03-28 00:00:00+09:00,245932.59842519686,247373.6097440945,242089.90157480317,244011.25,57399,0.0,0.0
2022-03-29 00:00:00+09:00,244491.57355628654,248334.27019371346,242570.22523757312,246412.921875,60169,0.0,0.0
2022-03-30 00:00:00+09:00,248814.62069174758,253137.6546419903,244971.9238470874,247373.609375,40899,0.0,0.0
2022-03-31 00:00:00+09:00,247373.59603435674,247853.93311403508,244491.57355628654,246412.921875,34058,0.0,0.0
2022-04-01 00:00:00+09:00,244971.91896387833,252657.3125,244011.2447718631,252657.3125,62581,0.0,0.0
2022-04-04 00:00:00+09:00,252657.31482585878,254098.32612714695,250735.96642414122,251696.640625,48243,0.0,0.0
2022-04-05 00:00:00+09:00,253617.97316384182,256499.9955861582,250735.95074152542,255058.984375,56672,0.0,0.0
2022-04-06 00:00:00+09:00,253137.6495960076,254578.6608840304,250255.62701996198,252657.3125,46364,0.0,0.0
2022-04-07 00:00:00+09:00,250735.97345559846,252176.9847972973,247373.61365830118,248814.625,38477,0.0,0.0
2022-04-08 00:00:00+09:00,247853.9444852941,248334.2815870098,243530.91056985295,244971.921875,35258,0.0,0.0
2022-04-11 00:00:00+09:00,243530.89939692983,249775.28143274854,243050.56231725146,246412.921875,26138,0.0,0.0
2022-04-12 00:00:00+09:00,243530.90394769155,246412.9264796169,242570.2297703831,244491.578125,31524,0.0,0.0
2022-04-13 00:00:00+09:00,243530.91056985295,245452.25897671568,242089.8992647059,244971.921875,40256,0.0,0.0
2022-04-14 00:00:00+09:00,245452.26131889765,248334.28395669293,243050.57578740158,244011.25,35773,0.0,0.0
2022-04-15 00:00:00+09:00,244491.5871062992,248814.62106299214,243530.9128937008,244011.25,30344,0.0,0.0
2022-04-18 00:00:00+09:00,244011.24306906614,252657.3107368677,243050.56888375487,246893.265625,52426,0.0,0.0
2022-04-19 00:00:00+09:00,247853.95077220077,249294.96211389962,246412.93943050195,248814.625,39806,0.0,0.0
2022-04-20 00:00:00+09:00,249294.959765625,251216.308203125,246412.937109375,249775.296875,28862,0.0,0.0
2022-04-21 00:00:00+09:00,251696.63420542635,253137.64546996125,247853.9375,247853.9375,30684,0.0,0.0
2022-04-22 00:00:00+09:00,246412.921875,247373.59603435674,244011.2364766082,246412.921875,38437,0.0,0.0
2022-04-25 00:00:00+09:00,243530.8955523859,244491.56969657677,230561.79460580912,231522.46875,120614,0.0,0.0
2022-04-26 00:00:00+09:00,235365.1739267677,238727.53355429292,232002.81429924243,237766.859375,53803,0.0,0.0
2022-04-27 00:00:00+09:00,232483.15823108383,235365.18085378324,231042.14691973414,234884.84375,26108,0.0,0.0
2022-04-28 00:00:00+09:00,235365.17165492955,238727.53125,233924.16039989938,238727.53125,27215,0.0,0.0
2022-04-29 00:00:00+09:00,238727.53125,240648.87959004022,237286.5199949698,238727.53125,30975,0.0,0.0
2022-05-02 00:00:00+09:00,238727.53587728195,238727.53587728195,235845.51331135904,236806.1875,24245,0.0,0.0
2022-05-03 00:00:00+09:00,235845.50666920733,238247.19207317074,234884.83250762196,236325.84375,40697,0.0,0.0
2022-05-04 00:00:00+09:00,236325.85304752065,236325.85304752065,231522.48205061984,232483.15625,45235,0.0,0.0
2022-05-06 00:00:00+09:00,230081.47342105262,230561.8105263158,226719.11368421052,228160.125,48321,0.0,0.0
2022-05-10 00:00:00+09:00,227679.78719325154,235365.18085378324,221435.40484406953,234884.84375,70724,0.0,0.0
2022-05-11 00:00:00+09:00,232963.49655511812,246412.93553149607,232002.82234251968,244011.25,140333,0.0,0.0
2022-05-12 00:00:00+09:00,241609.56446850396,250255.63238188977,240168.5531496063,244011.25,131342,0.0,0.0
2022-05-13 00:00:00+09:00,244011.24767156862,249294.95579044116,243530.91056985295,244971.921875,51852,0.0,0.0
2022-05-16 00:00:00+09:00,246893.265625,248814.61399562255,242570.2317910992,246893.265625,62491,0.0,0.0
2022-05-17 00:00:00+09:00,246893.27654440157,251696.6476833977,246893.27654440157,248814.625,50580,0.0,0.0
2022-05-18 00:00:00+09:00,248814.6163330078,249775.29052734375,242570.23406982422,245932.59375,65328,0.0,0.0
2022-05-19 00:00:00+09:00,238247.18962075847,242089.8862275449,234884.83008982035,240648.875,74389,0.0,0.0
2022-05-20 00:00:00+09:00,240648.88864037298,241609.56284652217,236806.1918157762,238247.203125,40823,0.0,0.0
2022-05-23 00:00:00+09:00,237286.52228535354,239688.20773358585,235365.1739267677,237766.859375,26171,0.0,0.0
2022-05-24 00:00:00+09:00,237286.52459432048,239688.21006592293,234404.50202839758,236806.1875,43457,0.0,0.0
2022-05-25 00:00:00+09:00,236806.19216513293,237286.52926891614,233924.16954243355,234884.84375,35773,0.0,0.0
2022-05-26 00:00:00+09:00,236325.8550613497,239207.87768404908,234404.50664621676,234884.84375,32278,0.0,0.0
2022-05-27 00:00:00+09:00,238247.19416498992,241129.2166750503,236325.84582494968,238727.53125,27329,0.0,0.0
2022-05-30 00:00:00+09:00,239207.8789370079,245452.26131889765,238727.54183070868,244011.25,41460,0.0,0.0
2022-05-31 00:00:00+09:00,244011.24334319527,245452.25462278107,242089.8949704142,243530.90625,35777,0.0,0.0
2022-06-02 00:00:00+09:00,242089.890625,242570.2277095734,240168.54228670633,242089.890625,25774,0.0,0.0
2022-06-03 00:00:00+09:00,244971.9169865643,250255.625,243530.90571017275,250255.625,63794,0.0,0.0
2022-06-07 00:00:00+09:00,249775.29527559056,249775.29527559056,243530.9128937008,244011.25,37845,0.0,0.0
2022-06-08 00:00:00+09:00,244971.92154255317,250255.62965425532,244971.92154255317,248334.28125,50594,0.0,0.0
2022-06-09 00:00:00+09:00,246412.921875,247373.59603435674,241129.213998538,246412.921875,64086,0.0,0.0
2022-06-10 00:00:00+09:00,243530.9016634051,246412.92416829747,242570.22749510765,245452.25,24060,0.0,0.0
2022-06-13 00:00:00+09:00,241129.2213488844,242570.23263184584,235365.17621703853,236806.1875,51850,0.0,0.0
2022-06-14 00:00:00+09:00,236806.1765430498,236806.1765430498,227199.43510114108,231522.46875,62066,0.0,0.0
2022-06-15 00:00:00+09:00,232483.1542275574,232483.1542275574,227679.78327244258,230081.46875,41365,0.0,0.0
2022-06-16 00:00:00+09:00,231522.48033633476,233924.16581700213,226719.109375,226719.109375,44325,0.0,0.0
2022-06-17 00:00:00+09:00,221435.3972876082,224797.75689935064,219994.3860254329,221915.734375,54937,0.0,0.0
2022-06-20 00:00:00+09:00,221915.7233231707,223837.07157705099,214230.33030764965,216632.015625,37640,0.0,0.0
2022-06-21 00:00:00+09:00,219514.04893804112,221915.734375,214710.67806412338,221915.734375,44389,0.0,0.0
2022-06-22 00:00:00+09:00,222396.07220804988,222396.07220804988,211828.65625,211828.65625,51537,0.0,0.0
2022-06-23 00:00:00+09:00,211828.65417144494,217112.36209862385,208946.631665711,209426.96875,51228,0.0,0.0
2022-06-24 00:00:00+09:00,208946.6357202915,217112.3663116592,208946.6357202915,214230.34375,34197,0.0,0.0
2022-06-27 00:00:00+09:00,215671.35247252748,221915.7346153846,214710.6782967033,218553.375,40737,0.0,0.0
2022-06-28 00:00:00+09:00,217592.6941767621,219994.37954295153,215671.34588381057,218073.03125,34571,0.0,0.0
2022-06-29 00:00:00+09:00,215671.35062782167,216632.02479542888,212308.9910411964,212789.328125,38497,0.0,0.0
2022-06-30 00:00:00+09:00,213269.6654243119,219994.3846043578,208466.294581422,209426.96875,79740,0.0,0.0
2022-07-01 00:00:00+09:00,211348.32175925924,212789.33304398146,205584.27662037036,207505.625,38935,0.0,0.0
2022-07-04 00:00:00+09:00,207025.2922054598,209426.97772988505,204623.6066810345,208946.640625,28382,0.0,0.0
2022-07-05 00:00:00+09:00,210387.65625,212789.34182363015,207985.97067636988,210387.65625,24799,0.0,0.0
2022-07-06 00:00:00+09:00,208466.2991898148,212789.33304398146,207505.625,207505.625,41503,0.0,0.0
2022-07-07 00:00:00+09:00,211828.66759417808,212789.34182363015,207025.2964469178,210387.65625,28563,0.0,0.0
2022-07-08 00:00:00+09:00,211828.66325431035,212309.0003591954,208946.640625,208946.640625,31949,0.0,0.0
2022-07-11 00:00:00+09:00,210387.652307243,210867.9894129673,203662.9328271028,205584.28125,40374,0.0,0.0
2022-07-12 00:00:00+09:00,204623.5962230216,204623.5962230216,198859.5512589928,200300.5625,50668,0.0,0.0
2022-07-13 00:00:00+09:00,199820.23598130842,207985.96677862148,199820.23598130842,205584.28125,51315,0.0,0.0
2022-07-14 00:00:00+09:00,203662.9241706161,204143.26125592415,201261.23874407582,202702.25,35494,0.0,0.0
2022-07-15 00:00:00+09:00,203662.9288277512,204143.26592404308,197418.54657595695,200780.90625,30935,0.0,0.0
2022-07-18 00:00:00+09:00,203662.9305232558,211348.32412790696,203662.9305232558,206544.953125,47152,0.0,0.0
2022-07-19 00:00:00+09:00,204623.59603478774,205584.27019457548,202221.9106353184,203662.921875,36586,0.0,0.0
2022-07-20 00:00:00+09:00,206544.95546144858,207985.96677862148,203662.9328271028,205584.28125,42240,0.0,0.0
2022-07-21 00:00:00+09:00,206544.94624426606,212308.99125573394,205584.27207568806,209426.96875,47823,0.0,0.0
2022-07-22 00:00:00+09:00,208466.30352011495,211828.66325431035,208466.30352011495,208946.640625,20835,0.0,0.0
2022-07-25 00:00:00+09:00,208946.640625,211348.3261494253,207505.62931034484,208946.640625,17379,0.0,0.0
2022-07-26 00:00:00+09:00,207985.95749713303,209907.30583428897,207985.95749713303,209426.96875,16522,0.0,0.0
2022-07-27 00:00:00+09:00,208946.640625,209426.97772988505,207505.62931034484,208946.640625,10612,0.0,0.0
2022-07-28 00:00:00+09:00,210387.63849595844,212308.9867927252,207505.6160508083,207985.953125,24086,0.0,0.0
2022-07-29 00:00:00+09:00,210387.64959954235,210867.98669908466,208466.30120137302,209907.3125,19443,0.0,0.0
2022-08-01 00:00:00+09:00,210387.64523329493,212308.99359158985,207985.95978542627,208466.296875,25081,0.0,0.0
2022-08-02 00:00:00+09:00,208466.29267393867,208946.62975383256,202702.24771521226,203662.921875,42208,0.0,0.0
2022-08-03 00:00:00+09:00,203662.91945727484,208466.2901991917,203182.58238308315,207985.953125,34058,0.0,0.0
2022-08-04 00:00:00+09:00,208466.3077910959,212309.0047089041,207985.97067636988,210387.65625,48639,0.0,0.0
2022-08-05 00:00:00+09:00,209426.97968750002,212309.00234375,208946.642578125,211348.328125,35282,0.0,0.0
2022-08-08 00:00:00+09:00,210867.97515143172,219514.04246971363,210387.63807819382,218073.03125,72189,0.0,0.0
2022-08-09 00:00:00+09:00,217112.3550622172,217592.6921309389,209426.96196266968,212308.984375,66502,0.0,0.0
2022-08-10 00:00:00+09:00,212309.00234375,219994.39609375,209907.316796875,211348.328125,160496,0.0,0.0
2022-08-11 00:00:00+09:00,217112.35268847007,219994.37506929046,213749.99324417958,216632.015625,159918,0.0,0.0
2022-08-12 00:00:00+09:00,216151.6898018973,216632.02689034597,212789.33018275668,215191.015625,38963,0.0,0.0
2022-08-16 00:00:00+09:00,216151.68539325843,216632.0224719101,213269.66292134832,213750.0,27814,0.0,0.0
2022-08-17 00:00:00+09:00,215191.015625,216632.02689034597,213269.66727120534,215191.015625,33453,0.0,0.0
2022-08-18 00:00:00+09:00,213269.671875,215671.35736908784,212789.33477618246,213269.671875,24489,0.0,0.0
2022-08-19 00:00:00+09:00,213269.6652088036,214710.67646021445,211348.31687358915,212789.328125,43024,0.0,0.0
2022-08-22 00:00:00+09:00,211348.3214692483,212789.33275199318,208946.63599800682,210867.984375,29010,0.0,0.0
2022-08-23 00:00:00+09:00,208466.30152616277,209907.31282703488,206064.61602470928,206544.953125,39943,0.0,0.0
2022-08-24 00:00:00+09:00,206544.94204812206,207985.95327171363,204143.25667546949,204623.59375,48313,0.0,0.0
2022-08-25 00:00:00+09:00,207025.28311935667,214710.67646021445,206544.94603555303,212789.328125,81834,0.0,0.0
2022-08-26 00:00:00+09:00,213750.01328299777,216151.69882550335,213269.67617449665,214710.6875,57465,0.0,0.0
2022-08-29 00:00:00+09:00,207505.6160508083,208946.62727338338,205103.9306798499,207985.953125,63089,0.0,0.0
2022-08-30 00:00:00+09:00,207985.95953798186,213269.6675170068,207505.6224489796,211828.65625,40682,0.0,0.0
2022-08-31 00:00:00+09:00,211828.66484899327,215671.36171700223,210867.99063199104,214710.6875,47803,0.0,0.0
2022-09-01 00:00:00+09:00,212308.99333900228,216632.02714002266,211348.31916099772,211828.65625,60859,0.0,0.0
2022-09-02 00:00:00+09:00,211828.66523437502,214230.35078125002,210867.991015625,211348.328125,24709,0.0,0.0
2022-09-05 00:00:00+09:00,213750.00694048975,214710.68112898633,208466.29890375855,210867.984375,32059,0.0,0.0
2022-09-06 00:00:00+09:00,210867.99063199104,215191.02460850112,209907.3164149888,214710.6875,30532,0.0,0.0
2022-09-07 00:00:00+09:00,213269.6652088036,217592.69896303612,211348.31687358915,212789.328125,54862,0.0,0.0
2022-09-08 00:00:00+09:00,215671.34574972885,221915.72769793926,215191.00867678958,221435.390625,107640,0.0,0.0
2022-09-13 00:00:00+09:00,223837.07983247424,233443.82145618557,223356.74275128866,232963.484375,123672,0.0,0.0
2022-09-14 00:00:00+09:00,225278.100072065,231522.48237683438,223837.08877096436,229120.796875,63130,0.0,0.0
2022-09-15 00:00:00+09:00,226719.10290948275,227679.77707435345,222396.06916756465,222876.40625,53594,0.0,0.0
2022-09-16 00:00:00+09:00,223837.0845200422,230561.80379746834,223356.74742879748,227679.78125,64189,0.0,0.0
2022-09-19 00:00:00+09:00,230081.475390625,232963.498046875,226719.115625,230561.8125,87565,0.0,0.0
2022-09-20 00:00:00+09:00,232483.14289419088,233443.81703838173,228160.10924533196,231522.46875,62807,0.0,0.0
2022-09-21 00:00:00+09:00,229601.1310851927,238247.19878296147,228640.45689655174,236806.1875,91133,0.0,0.0
2022-09-22 00:00:00+09:00,233443.83044938016,236806.19014721076,231522.48205061984,232483.15625,78364,0.0,0.0
2022-09-23 00:00:00+09:00,236806.18808716076,236806.18808716076,222396.07522181628,230081.46875,48495,0.0,0.0
2022-09-26 00:00:00+09:00,226238.76603528444,227679.77728391683,216632.02437773522,219514.046875,74468,0.0,0.0
2022-09-27 00:00:00+09:00,222876.41033755275,227679.78125,218553.3765163502,227679.78125,62271,0.0,0.0
2022-09-28 00:00:00+09:00,226238.77258064516,231042.1435483871,221435.40161290322,223356.75,64236,0.0,0.0
2022-09-29 00:00:00+09:00,225278.09375,232963.4871401919,223837.08248933902,225278.09375,67788,0.0,0.0
2022-09-30 00:00:00+09:00,224797.75689935064,226719.10524891774,220474.72311282466,221915.734375,35301,0.0,0.0
2022-10-04 00:00:00+09:00,222876.4108695652,223356.7479619565,218553.3770380435,220955.0625,59053,0.0,0.0
2022-10-05 00:00:00+09:00,223837.08679819916,227679.78356726695,221435.4013175318,226719.109375,45397,0.0,0.0
2022-10-06 00:00:00+09:00,226238.7635126073,227679.77474517166,221915.72981491414,223837.078125,32036,0.0,0.0
2022-10-07 00:00:00+09:00,221435.40161290322,226238.77258064516,220955.06451612903,223356.75,30631,0.0,0.0
2022-10-11 00:00:00+09:00,219514.0535275655,222876.41320960698,215191.019650655,219994.390625,40040,0.0,0.0
2022-10-12 00:00:00+09:00,217592.71447916667,220955.07430555555,215191.0288888889,216151.703125,51812,0.0,0.0
2022-10-13 00:00:00+09:00,216632.03323739037,222876.41557017545,215191.02192982458,219033.71875,67729,0.0,0.0
2022-10-14 00:00:00+09:00,220474.71422786175,223356.7366360691,219994.3771598272,222396.0625,39184,0.0,0.0
2022-10-17 00:00:00+09:00,220474.7277224345,222396.07611217248,217112.36804039302,219994.390625,31614,0.0,0.0
2022-10-18 00:00:00+09:00,223837.078125,225278.08935756437,219514.04442730686,223837.078125,54344,0.0,0.0
2022-10-19 00:00:00+09:00,224317.42687774124,226238.77528782896,218553.3816474781,219033.71875,33151,0.0,0.0
2022-10-20 00:00:00+09:00,218553.37731098235,219514.0514969647,215191.01766004416,217592.703125,50619,0.0,0.0
2022-10-21 00:00:00+09:00,216151.69613486843,219994.39295504388,214710.68482730264,219033.71875,30230,0.0,0.0
2022-10-24 00:00:00+09:00,219994.37506929046,221435.38625970067,213749.99324417958,216632.015625,32134,0.0,0.0
2022-10-25 00:00:00+09:00,216151.69479405036,216632.03189359268,209426.97540045768,209907.3125,48413,0.0,0.0
2022-10-26 00:00:00+09:00,209907.31282703488,210867.98702761627,204623.6047238372,206544.953125,43970,0.0,0.0
2022-10-27 00:00:00+09:00,207985.95978542627,208946.63396457373,205584.2743375576,208466.296875,38573,0.0,0.0
2022-10-28 00:00:00+09:00,208466.28782522623,213749.99558116516,207505.6136877828,212308.984375,34218,0.0,0.0
2022-10-31 00:00:00+09:00,212308.99625,212308.99625,199339.89466911764,204143.265625,116151,0.0,0.0
2022-11-01 00:00:00+09:00,204143.26533564815,207985.9620949074,202221.9169560185,207505.625,44891,0.0,0.0
2022-11-02 00:00:00+09:00,206064.61142713134,209426.97105414746,206064.61142713134,208466.296875,34657,0.0,0.0
2022-11-03 00:00:00+09:00,206064.61400735294,206544.95110294118,201741.58014705882,204143.265625,34154,0.0,0.0
2022-11-04 00:00:00+09:00,204143.271484375,212309.00234375,202221.92304687502,211348.328125,81947,0.0,0.0
2022-11-07 00:00:00+09:00,208466.29267393867,213750.00055277123,202221.9106353184,203662.921875,147596,0.0,0.0
2022-11-08 00:00:00+09:00,203182.58479510614,205584.27019457548,202702.24771521226,203662.921875,90878,0.0,0.0
2022-11-09 00:00:00+09:00,204623.59603478774,205584.27019457548,203182.58479510614,203662.921875,73360,0.0,0.0
2022-11-10 00:00:00+09:00,202702.24790167867,203182.58498201438,199820.22541966426,200300.5625,107478,0.0,0.0
2022-11-11 00:00:00+09:00,205103.94150457668,210867.98669908466,202221.91890732266,209907.3125,174431,0.0,0.0
2022-11-14 00:00:00+09:00,209426.96875,211828.65417144494,207505.62041284403,209426.96875,76415,0.0,0.0
2022-11-15 00:00:00+09:00,209426.96875,209907.30583428897,207505.62041284403,209426.96875,47607,0.0,0.0
2022-11-16 00:00:00+09:00,209907.31047453702,210867.98466435185,206064.61371527778,207505.625,45811,0.0,0.0
2022-11-17 00:00:00+09:00,206064.609375,209907.3060533217,204623.59812062938,206064.609375,55247,0.0,0.0
2022-11-18 00:00:00+09:00,206544.9487704918,208466.29713114756,204623.60040983607,205103.9375,43470,0.0,0.0
2022-11-21 00:00:00+09:00,205103.9263815012,205584.26344562648,202221.90399674943,203182.578125,46022,0.0,0.0
2022-11-22 00:00:00+09:00,203182.59173145934,203182.59173145934,200300.56915370814,200780.90625,55811,0.0,0.0
2022-11-23 00:00:00+09:00,201741.578125,203662.92648809525,200780.90394345237,201741.578125,65683,0.0,0.0
2022-11-24 00:00:00+09:00,202221.9175388756,204623.60302033494,199820.2320574163,200780.90625,67023,0.0,0.0
2022-11-25 00:00:00+09:00,201261.25,203182.59844868735,200780.91288782816,201261.25,38849,0.0,0.0
2022-11-28 00:00:00+09:00,201261.24129842615,201261.24129842615,196938.20747578694,198379.21875,72253,0.0,0.0
2022-11-29 00:00:00+09:00,197898.89021479714,201741.58711217184,197418.5531026253,201261.25,61771,0.0,0.0
2022-11-30 00:00:00+09:00,200300.55797209026,202702.24331947742,199820.2209026128,202221.90625,53051,0.0,0.0
2022-12-01 00:00:00+09:00,204143.25667546949,207505.6161971831,203182.58252640846,204623.59375,87477,0.0,0.0
2022-12-02 00:00:00+09:00,204143.26331967214,207505.62295081967,202702.25204918033,205103.9375,69373,0.0,0.0
2022-12-05 00:00:00+09:00,207025.2915158686,217592.7077881403,206064.61730929845,215671.359375,267583,0.0,0.0
2022-12-06 00:00:00+09:00,214230.34375,219514.05177970853,212789.33246917042,214230.34375,100755,0.0,0.0
2022-12-07 00:00:00+09:00,213749.9974579718,222876.4018438178,212308.986239154,221435.390625,150235,0.0,0.0
2022-12-08 00:00:00+09:00,220955.06306053812,221435.400154148,214230.34375,214230.34375,83415,0.0,0.0
2022-12-09 00:00:00+09:00,216632.03323739037,219994.39295504388,211348.32510964913,219033.71875,81630,0.0,0.0
2022-12-12 00:00:00+09:00,216151.6900510204,218553.37549603175,210867.98207199547,211828.65625,75683,0.0,0.0
2022-12-13 00:00:00+09:00,214230.34403473805,214230.34403473805,208946.63599800682,210867.984375,52256,0.0,0.0
2022-12-14 00:00:00+09:00,213269.6654243119,213269.6654243119,207985.95749713303,209426.96875,83189,0.0,0.0
2022-12-15 00:00:00+09:00,208946.63628472222,210867.98466435185,206544.95081018517,207505.625,39680,0.0,0.0
2022-12-16 00:00:00+09:00,203662.91960093897,206544.94204812206,202702.24545187794,204623.59375,70443,0.0,0.0
2022-12-19 00:00:00+09:00,203182.59143382352,206064.61400735294,202702.2543382353,204143.265625,40912,0.0,0.0
2022-12-20 00:00:00+09:00,202702.25463516748,204143.26592404308,199820.2320574163,200780.90625,80774,0.0,0.0
2022-12-21 00:00:00+09:00,201741.56918052255,203182.58038895487,199820.2209026128,202221.90625,49733,0.0,0.0
2022-12-22 00:00:00+09:00,202221.91269667834,206544.94645979023,202221.91269667834,206064.609375,39286,0.0,0.0
2022-12-23 00:00:00+09:00,203182.58252640846,206544.94204812206,202702.24545187794,204623.59375,35411,0.0,0.0
2022-12-26 00:00:00+09:00,203182.578125,205103.9263815012,201741.56693262412,203182.578125,40193,0.0,0.0
2022-12-27 00:00:00+09:00,204143.26957614944,210867.98904454024,204143.26957614944,208946.640625,89016,0.0,0.0
2022-12-28 00:00:00+09:00,211146.07205240175,226786.52183406113,210657.30799672488,223853.9375,195244,3750.0,0.0
2022-12-29 00:00:00+09:00,220432.5921875,225320.2328125,215056.1875,215056.1875,98154,0.0,0.0
2023-01-02 00:00:00+09:00,213589.88587269586,214567.4139544931,207235.95334101384,212123.59375,73332,0.0,0.0
2023-01-03 00:00:00+09:00,212123.59704316143,219455.05777045965,209679.7768007287,217988.765625,83784,0.0,0.0
2023-01-04 00:00:00+09:00,215056.1763856813,217011.23253464204,211634.828125,211634.828125,66776,0.0,0.0
2023-01-05 00:00:00+09:00,213101.13125,224831.46875,212612.3671875,224831.46875,133623,0.0,0.0
2023-01-06 00:00:00+09:00,221898.8734133554,226786.51379690948,221410.109375,221410.109375,71721,0.0,0.0
2023-01-09 00:00:00+09:00,223853.9315664557,232162.9202927215,223365.16752373416,231674.15625,109981,0.0,0.0
2023-01-10 00:00:00+09:00,229719.1062366453,233629.2186832265,225808.99379006412,228741.578125,79919,0.0,0.0
2023-01-11 00:00:00+09:00,231674.15147292992,233140.44357085988,228252.80324442673,230207.859375,53137,0.0,0.0
2023-01-12 00:00:00+09:00,231674.15766129032,231674.15766129032,225320.2250672043,227275.28125,73798,0.0,0.0
2023-01-13 00:00:00+09:00,229230.34375,235584.27651918976,228252.8156316631,229230.34375,89634,0.0,0.0
2023-01-16 00:00:00+09:00,228741.57199367086,233140.44837816455,227275.2798655063,231674.15625,53427,0.0,0.0
2023-01-17 00:00:00+09:00,230696.6265856237,233629.2108218816,227275.27830998943,231185.390625,73692,0.0,0.0
2023-01-18 00:00:00+09:00,229230.33130971337,235584.26373407643,228252.80324442673,230207.859375,68637,0.0,0.0
2023-01-19 00:00:00+09:00,229230.33289194916,232651.6811440678,227275.27674788138,230696.625,57865,0.0,0.0
2023-01-20 00:00:00+09:00,229719.109375,232162.9296875,229230.3453125,229719.109375,45817,0.0,0.0
2023-01-25 00:00:00+09:00,233140.45462740384,234606.7467948718,227764.05001335472,228741.578125,130,0.0,0.0
2023-01-26 00:00:00+09:00,228741.5765524625,229719.10465738756,225808.99223768734,228252.8125,62,0.0,0.0
2023-01-27 00:00:00+09:00,227275.27517914012,232162.91550557324,226297.7471138535,230207.859375,55,0.0,0.0
2023-01-30 00:00:00+09:00,228741.571794181,230696.62796336206,226786.515625,226786.515625,42085,0.0,0.0
2023-01-31 00:00:00+09:00,225808.9859611231,228252.80615550757,224342.69384449243,226297.75,64825,0.0,0.0
2023-02-01 00:00:00+09:00,225808.9937227074,226297.7577783843,221898.88127729256,223853.9375,79,0.0,0.0
2023-02-02 00:00:00+09:00,225320.22329295153,227275.2794603524,220921.34691629955,221898.875,158,0.0,0.0
2023-02-03 00:00:00+09:00,221410.11566602843,224342.69997948577,220921.35161378555,223365.171875,92,0.0,0.0
2023-02-06 00:00:00+09:00,222876.40782275712,225320.22808397154,219943.82350929978,223365.171875,57,0.0,0.0
2023-02-07 00:00:00+09:00,221898.87021895786,222876.39828159646,219943.8140936807,220432.578125,146,0.0,0.0
2023-02-08 00:00:00+09:00,221410.11095814977,222387.63904185023,218966.29074889867,221898.875,269,0.0,0.0
2023-02-09 00:00:00+09:00,221410.10750141402,221410.10750141402,214567.41102234164,216033.703125,534,0.0,0.0
2023-02-10 00:00:00+09:00,215056.1843607306,218477.5327482877,212123.6000285388,214078.65625,211,0.0,0.0
2023-02-13 00:00:00+09:00,214078.65294894364,214078.65294894364,206258.42818368544,208213.484375,546,0.0,0.0
2023-02-14 00:00:00+09:00,209679.77010515405,210168.5341380332,205280.8938092417,206258.421875,708,0.0,0.0
2023-02-15 00:00:00+09:00,206747.19527511962,207724.72338516745,203325.84688995217,204303.375,555,0.0,0.0
2023-02-16 00:00:00+09:00,205280.9046837709,206258.43280131265,203814.61250745825,204792.140625,557,0.0,0.0
2023-02-17 00:00:00+09:00,203325.845323741,205769.66558003597,201370.78911870503,203814.609375,732,0.0,0.0
2023-02-20 00:00:00+09:00,205280.90008802817,208702.24842282862,203325.8438967136,208213.484375,826,0.0,0.0
2023-02-21 00:00:00+09:00,209191.01715393795,210168.54527147973,204303.37656622913,204792.140625,596,0.0,0.0
2023-02-22 00:00:00+09:00,202837.078125,204792.13429969878,202348.31408132528,202837.078125,623,0.0,0.0
2023-02-23 00:00:00+09:00,203325.8421686747,205280.8983433735,202348.31408132528,202837.078125,481,0.0,0.0
2023-02-24 00:00:00+09:00,202837.07494703392,203814.6030190678,201859.546875,201859.546875,305,0.0,0.0
2023-02-27 00:00:00+09:00,201370.78740763545,201859.55145474136,196971.91098368226,198438.203125,107847,0.0,0.0
2023-02-28 00:00:00+09:00,199904.4984298407,203325.8468137255,198926.97032015934,199415.734375,100893,0.0,0.0
2023-03-02 00:00:00+09:00,201370.7859939759,204792.13429969878,200393.2579066265,202837.078125,79369,0.0,0.0
2023-03-03 00:00:00+09:00,209191.0141590389,215544.94683209382,207724.72200371855,213589.890625,401137,0.0,0.0
2023-03-06 00:00:00+09:00,215056.1858974359,215544.9499562937,209679.78125,209679.78125,114534,0.0,0.0
2023-03-07 00:00:00+09:00,209679.77651848592,209679.77651848592,206747.19223151408,208213.484375,59726,0.0,0.0
2023-03-08 00:00:00+09:00,205769.66874254178,206258.43280131265,202837.08438991648,204792.140625,104009,0.0,0.0
2023-03-09 00:00:00+09:00,205280.8983433735,209679.77473644578,202837.078125,202837.078125,140229,0.0,0.0
2023-03-10 00:00:00+09:00,201370.7859939759,206258.42643072287,201370.7859939759,202837.078125,64404,0.0,0.0
2023-03-13 00:00:00+09:00,202348.3203311456,205769.66874254178,199904.50003729117,204792.140625,79295,0.0,0.0
2023-03-14 00:00:00+09:00,205280.90625,205280.90625,200393.265625,200393.265625,62467,0.0,0.0
2023-03-15 00:00:00+09:00,203325.8421686747,207235.95451807228,201859.5500376506,202837.078125,83161,0.0,0.0
2023-03-16 00:00:00+09:00,201859.5500376506,204303.3702560241,201370.7859939759,202837.078125,65394,0.0,0.0
2023-03-17 00:00:00+09:00,204303.36705508476,204792.1310911017,200882.0188029661,201859.546875,85843,0.0,0.0
2023-03-20 00:00:00+09:00,203814.60171060427,208702.24203939573,203814.60171060427,206258.421875,96866,0.0,0.0
2023-03-21 00:00:00+09:00,207235.9499407583,207724.71397363744,204792.12977636256,206258.421875,45537,0.0,0.0
2023-03-22 00:00:00+09:00,207235.96091885443,207724.7249776253,204303.37656622913,204792.140625,55511,0.0,0.0
2023-03-23 00:00:00+09:00,203325.85,208702.25468749998,203325.85,205280.90625,86313,0.0,0.0
2023-03-24 00:00:00+09:00,205769.6703125,206747.1984375,203814.61406249998,205280.90625,42826,0.0,0.0
2023-03-27 00:00:00+09:00,204303.375,205769.66716507176,201859.55472488038,204303.375,56468,0.0,0.0
2023-03-28 00:00:00+09:00,204792.1421875,206258.43437499998,203325.85,205280.90625,46451,0.0,0.0
2023-03-29 00:00:00+09:00,205280.89539007092,209191.0076832151,205280.89539007092,206747.1875,64891,0.0,0.0
2023-03-30 00:00:00+09:00,207235.9625,212123.603125,205769.6703125,210168.546875,82225,0.0,0.0
2023-03-31 00:00:00+09:00,211634.8249347448,212612.35299448957,209191.00478538283,210657.296875,51285,0.0,0.0
2023-04-03 00:00:00+09:00,211146.0718457944,213101.12806658878,208702.2515698014,209191.015625,35317,0.0,0.0
2023-04-04 00:00:00+09:00,210168.54056631454,210657.30461414318,206747.19223151408,208213.484375,37473,0.0,0.0
2023-04-05 00:00:00+09:00,208213.47639548694,209679.7684827791,205280.89222090264,205769.65625,54373,0.0,0.0
2023-04-06 00:00:00+09:00,205769.6703125,207724.7265625,204792.1421875,205280.90625,51050,0.0,0.0
2023-04-07 00:00:00+09:00,205280.90311004786,205769.66716507176,203814.61094497607,204303.375,77783,0.0,0.0
2023-04-10 00:00:00+09:00,205769.6639873798,205769.6639873798,203325.84375,203325.84375,39117,0.0,0.0
2023-04-11 00:00:00+09:00,203325.8392434988,208213.47960992905,202837.07520685578,206747.1875,54477,0.0,0.0
2023-04-12 00:00:00+09:00,206747.18908461084,208702.24524616744,206747.18908461084,207235.953125,35282,0.0,0.0
2023-04-13 00:00:00+09:00,205769.6639873798,206747.19208233172,203325.84375,203325.84375,79421,0.0,0.0
2023-04-14 00:00:00+09:00,205280.8969634434,210168.5373673349,204303.3688826651,207235.953125,109357,0.0,0.0
2023-04-17 00:00:00+09:00,207724.71236638955,209679.7684827791,205280.89222090264,205769.65625,36421,0.0,0.0
2023-04-18 00:00:00+09:00,205280.90625,212123.603125,204303.378125,210168.546875,98440,0.0,0.0
2023-04-19 00:00:00+09:00,210657.29846643517,214078.64670138888,209679.77039930553,211146.0625,92522,0.0,0.0
2023-04-20 00:00:00+09:00,210168.54215456673,212612.362412178,208702.25,208702.25,67400,0.0,0.0
2023-04-21 00:00:00+09:00,207724.72817822386,208213.49224452555,200393.2671836983,200882.03125,162058,0.0,0.0
2023-04-24 00:00:00+09:00,200882.02336052954,201370.78740763545,198438.203125,198438.203125,68012,0.0,0.0
2023-04-25 00:00:00+09:00,198438.203125,200882.02336052954,197460.67503078817,198438.203125,62830,0.0,0.0
2023-04-26 00:00:00+09:00,198926.97032015934,200882.02653952208,197460.67815563726,199415.734375,47753,0.0,0.0
2023-04-27 00:00:00+09:00,199904.5,200882.0281173594,197949.44376528118,199904.5,41667,0.0,0.0
2023-04-28 00:00:00+09:00,198926.96108919903,202837.07334648058,197949.43302487864,201370.78125,77682,0.0,0.0
2023-05-02 00:00:00+09:00,201859.5517532277,209679.77651848592,201859.5517532277,208213.484375,130800,0.0,0.0
2023-05-03 00:00:00+09:00,206258.4312200957,209191.01555023924,204303.375,204303.375,40980,0.0,0.0
2023-05-04 00:00:00+09:00,204303.3718449519,204303.3718449519,201370.78756009616,203325.84375,34386,0.0,0.0
2023-05-08 00:00:00+09:00,202837.08438991648,205769.66874254178,202837.08438991648,204792.140625,33774,0.0,0.0
2023-05-09 00:00:00+09:00,204303.375,206258.4312200957,203325.84688995217,204303.375,27646,0.0,0.0
2023-05-10 00:00:00+09:00,203814.61406249998,208702.25468749998,203814.61406249998,205280.90625,48944,0.0,0.0
2023-05-11 00:00:00+09:00,206747.19208233172,207724.72017728366,203325.84375,203325.84375,62844,0.0,0.0
2023-05-12 00:00:00+09:00,202837.0859375,203325.85,199415.7375,200393.265625,68504,0.0,0.0
2023-05-15 00:00:00+09:00,200393.2671836983,201370.7953163017,197949.44685218978,200882.03125,47863,0.0,0.0
2023-05-16 00:00:00+09:00,199904.4984298407,201370.79059436277,198926.97032015934,199415.734375,30888,0.0,0.0
2023-05-17 00:00:00+09:00,198926.9749847932,201859.55938260342,198438.21091849147,200882.03125,38941,0.0,0.0
2023-05-18 00:00:00+09:00,201370.7859939759,203325.8421686747,201370.7859939759,202837.078125,33998,0.0,0.0
2023-05-19 00:00:00+09:00,201859.5562723747,205280.9046837709,201859.5562723747,204792.140625,52065,0.0,0.0
2023-05-22 00:00:00+09:00,204792.1421875,206747.1984375,203814.61406249998,205280.90625,54467,0.0,0.0
2023-05-23 00:00:00+09:00,206258.43437499998,206258.43437499998,203814.61406249998,205280.90625,42713,0.0,0.0
2023-05-24 00:00:00+09:00,203814.60141080097,204792.12947512136,200882.0172178398,201370.78125,59571,0.0,0.0
2023-05-25 00:00:00+09:00,200882.0281173594,201370.79217603913,199415.7359413203,199904.5,57922,0.0,0.0
2023-05-26 00:00:00+09:00,199904.50311739658,201370.7953163017,198926.9749847932,200882.03125,37094,0.0,0.0
2023-05-30 00:00:00+09:00,200882.0249539312,201859.5530558968,198926.96875,198926.96875,66588,0.0,0.0
2023-05-31 00:00:00+09:00,198926.95960577897,198926.95960577897,193257.296875,193257.296875,239977,0.0,0.0
2023-06-01 00:00:00+09:00,193648.32187818715,194723.60281744009,191497.7599996813,191693.265625,89214,0.0,0.0
2023-06-02 00:00:00+09:00,192084.27248339297,192377.53091466532,188760.6769289729,191302.25,65835,0.0,0.0
2023-06-05 00:00:00+09:00,192084.2759416077,193355.0625,191302.25344413548,193355.0625,48700,0.0,0.0
2023-06-07 00:00:00+09:00,193550.55772900765,194137.07457061068,191986.51281806617,192084.265625,52147,0.0,0.0
2023-06-08 00:00:00+09:00,192573.02767444844,192670.78048037455,188858.42104925602,190520.21875,96314,0.0,0.0
2023-06-09 00:00:00+09:00,190715.73156538166,191986.51809042008,188760.67537301485,190813.484375,84503,0.0,0.0
2023-06-12 00:00:00+09:00,191106.73480474832,191888.75724896212,188076.39783341982,188369.65625,75729,0.0,0.0
2023-06-13 00:00:00+09:00,188565.16960764985,189151.68646490536,185828.09094045742,185925.84375,90129,0.0,0.0
2023-06-14 00:00:00+09:00,186023.59586103723,186023.59586103723,182602.24753989364,183775.28125,96836,0.0,0.0
2023-06-15 00:00:00+09:00,183384.26448046663,184557.29815518178,179767.41065009497,180158.421875,98893,0.0,0.0
2023-06-16 00:00:00+09:00,180744.95156588938,182015.73813720173,179865.1762472885,180256.1875,77793,0.0,0.0
2023-06-19 00:00:00+09:00,180256.17785348085,182015.72839651917,180256.17785348085,181135.953125,52582,0.0,0.0
2023-06-20 00:00:00+09:00,181624.71510194562,186414.60263692698,181429.20948827293,183384.265625,79500,0.0,0.0
2023-06-21 00:00:00+09:00,183286.5218495935,183286.5218495935,179865.17344173443,180353.9375,67468,0.0,0.0
2023-06-22 00:00:00+09:00,180353.9362591167,181722.4756128444,179083.14971636952,180940.453125,35200,0.0,0.0
2023-06-23 00:00:00+09:00,180940.4539920824,180940.4539920824,174097.75719065304,174391.015625,121488,0.0,0.0
2023-06-26 00:00:00+09:00,174684.2659986791,176052.8052958148,171947.18740440768,175759.546875,34102,0.0,0.0
2023-06-27 00:00:00+09:00,175368.54656828378,176248.321885516,173120.2318686904,174293.265625,45510,0.0,0.0
2023-06-28 00:00:00+09:00,174293.265625,174879.7825031548,172631.46780356142,174293.265625,66598,0.0,0.0
2023-06-29 00:00:00+09:00,173315.7299851611,174488.76369064444,172631.46032362917,172924.71875,55548,0.0,0.0
2023-06-30 00:00:00+09:00,171947.18823694554,174782.01965188095,168819.0983997754,174097.75,91543,0.0,0.0
2023-07-03 00:00:00+09:00,174097.75036621094,175466.28967285156,173217.97509765625,175173.03125,42714,0.0,0.0
2023-07-04 00:00:00+09:00,175173.04063205418,176052.81594772855,172729.22031073645,173217.984375,52725,0.0,0.0
2023-07-05 00:00:00+09:00,173413.4787619651,175955.05173141893,172924.71472937783,173608.984375,50433,0.0,0.0
2023-07-06 00:00:00+09:00,173706.7382963654,177616.85058215866,171067.41250345495,176834.828125,93981,0.0,0.0
2023-07-07 00:00:00+09:00,175270.78042990333,177421.34215296962,174977.52201312155,176932.578125,56536,0.0,0.0
2023-07-10 00:00:00+09:00,177519.10627693965,183091.01655105065,176150.56691136854,181429.21875,87790,0.0,0.0
2023-07-11 00:00:00+09:00,182504.4978505291,184850.56531084655,181331.46412037036,184752.8125,60549,0.0,0.0
2023-07-12 00:00:00+09:00,185241.5711492662,190422.469972966,184948.3127252832,189835.953125,116337,0.0,0.0
2023-07-13 00:00:00+09:00,190520.2293454238,191106.74621359853,187294.3865704628,187978.65625,72191,0.0,0.0
2023-07-14 00:00:00+09:00,189542.68991632073,189640.44272184744,186219.09452841204,188369.65625,41600,0.0,0.0
2023-07-17 00:00:00+09:00,186610.1065690445,188076.39865837694,184459.54483802355,186707.859375,45712,0.0,0.0
2023-07-18 00:00:00+09:00,187196.62744679453,189151.68360811876,185339.32409353653,186023.59375,37564,0.0,0.0
2023-07-19 00:00:00+09:00,185339.3325,187685.4,185339.3325,185730.34375,42352,0.0,0.0
2023-07-20 00:00:00+09:00,184655.061573649,187294.38749344178,183970.79189073978,186316.859375,40782,0.0,0.0
2023-07-21 00:00:00+09:00,185143.81447971205,187001.11779286648,184264.03922611257,186707.859375,29031,0.0,0.0
2023-07-24 00:00:00+09:00,186707.86904918464,186707.86904918464,183775.28471856916,185828.09375,36459,0.0,0.0
2023-07-25 00:00:00+09:00,185828.08579590885,185828.08579590885,181624.71510194562,183384.265625,59968,0.0,0.0
2023-07-26 00:00:00+09:00,181917.97160728995,182308.98283051894,174488.75836593905,178007.859375,89074,0.0,0.0
2023-07-27 00:00:00+09:00,177812.36238106102,187880.90186717935,177421.35113888164,187489.890625,96496,0.0,0.0
2023-07-28 00:00:00+09:00,185730.33936577005,186707.86746769515,182993.26068037975,185339.328125,32184,0.0,0.0
2023-07-31 00:00:00+09:00,185632.5884544979,188076.4087343096,185632.5884544979,186903.375,50436,0.0,0.0
2023-08-01 00:00:00+09:00,188174.16006642822,192084.27248339297,187196.63196218704,191302.25,72400,0.0,0.0
2023-08-02 00:00:00+09:00,191008.98911249364,194430.3374333418,189151.68573831895,192475.28125,64166,0.0,0.0
2023-08-03 00:00:00+09:00,192670.78170837622,193061.79293457282,189542.6918988034,189933.703125,37875,0.0,0.0
2023-08-04 00:00:00+09:00,190031.45622177623,195505.61339688912,189249.43376818867,194821.34375,70792,0.0,0.0
2023-08-07 00:00:00+09:00,193648.31969033516,196483.15122542842,193648.31969033516,193941.578125,38007,0.0,0.0
2023-08-08 00:00:00+09:00,193843.8209280303,195407.86587752524,193159.55126262625,193550.5625,37666,0.0,0.0
2023-08-09 00:00:00+09:00,193159.55110103628,194039.3263843912,187196.62973607515,188662.921875,88127,0.0,0.0
2023-08-10 00:00:00+09:00,200393.25348045025,206747.18590787915,197949.43331605452,206258.421875,459244,0.0,0.0
2023-08-11 00:00:00+09:00,208213.4777002427,212123.58995752427,200882.0172178398,201370.78125,141823,0.0,0.0
2023-08-14 00:00:00+09:00,202837.08290741823,211146.0718457944,201859.55479702103,209191.015625,178065,0.0,0.0
2023-08-16 00:00:00+09:00,208213.4890363962,208213.4890363962,197460.67974343678,204792.140625,126725,0.0,0.0
2023-08-17 00:00:00+09:00,201370.789004914,201859.5530558968,196971.91254606878,198926.96875,69800,0.0,0.0
2023-08-18 00:00:00+09:00,196971.90625,200882.01853287843,196483.14221464022,196971.90625,65852,0.0,0.0
2023-08-21 00:00:00+09:00,195994.38969795892,197460.681890213,192573.04124936613,192768.546875,70562,0.0,0.0
2023-08-22 00:00:00+09:00,193061.80249778257,194723.60029143436,191888.76876108718,192866.296875,35863,0.0,0.0
2023-08-23 00:00:00+09:00,192084.27749149015,194919.10906770045,191595.51342662633,193843.828125,27605,0.0,0.0
2023-08-24 00:00:00+09:00,193550.5596920747,195994.37989020697,193257.30126829882,193648.3125,28871,0.0,0.0
2023-08-25 00:00:00+09:00,192768.54017857142,199904.49526631774,192377.5289408867,198438.203125,43489,0.0,0.0
2023-08-28 00:00:00+09:00,203814.61406249998,209191.01875,199904.5015625,200393.265625,69934,0.0,0.0
2023-08-29 00:00:00+09:00,202348.3171068796,202348.3171068796,196971.91254606878,198926.96875,47277,0.0,0.0
2023-08-30 00:00:00+09:00,202348.3138888889,202837.07793209876,197949.4375,197949.4375,64772,0.0,0.0
2023-08-31 00:00:00+09:00,197949.4390778941,200393.25931342365,195505.61884236452,198438.203125,51437,0.0,0.0
2023-09-01 00:00:00+09:00,197460.67970660148,202348.32029339854,197460.67970660148,199904.5,66107,0.0,0.0
2023-09-04 00:00:00+09:00,198438.20327524038,205280.89993990384,196971.9111328125,203325.84375,65770,0.0,0.0
2023-09-05 00:00:00+09:00,203814.61406249998,208213.490625,203325.85,205280.90625,74492,0.0,0.0
2023-09-06 00:00:00+09:00,203325.84688995217,207235.95933014355,202837.08283492824,204303.375,43848,0.0,0.0
2023-09-07 00:00:00+09:00,203325.84375,205280.89993990384,202348.31565504806,203325.84375,32821,0.0,0.0
2023-09-08 00:00:00+09:00,204303.36574348342,207235.9499407583,202348.30961196683,206258.421875,43592,0.0,0.0
2023-09-11 00:00:00+09:00,206747.1984375,211146.07499999998,205280.90625,210168.546875,52410,0.0,0.0
2023-09-12 00:00:00+09:00,210168.5341380332,211146.0622037915,205769.65784212085,206258.421875,39904,0.0,0.0
2023-09-13 00:00:00+09:00,205769.66558003597,208213.48583633095,203325.845323741,203814.609375,36396,0.0,0.0
2023-09-14 00:00:00+09:00,204303.375,208213.48744019138,203814.61094497607,204303.375,37674,0.0,0.0
2023-09-15 00:00:00+09:00,206747.18908461084,208702.24524616744,204303.3688826651,207235.953125,49873,0.0,0.0
2023-09-18 00:00:00+09:00,205280.89852941176,209679.7749264706,203814.60639705881,207724.71875,29349,0.0,0.0
2023-09-19 00:00:00+09:00,206258.42963129497,207724.72178507195,202837.08127248203,203814.609375,27185,0.0,0.0
2023-09-20 00:00:00+09:00,202837.078125,204792.13429969878,200393.2579066265,202837.078125,30476,0.0,0.0
2023-09-21 00:00:00+09:00,201370.79217603913,204792.1405867971,199904.5,199904.5,36981,0.0,0.0
2023-09-22 00:00:00+09:00,198438.203125,199415.73121921183,196483.14693657635,198438.203125,38872,0.0,0.0
2023-09-25 00:00:00+09:00,198438.20154320987,199415.72962962964,195505.61728395062,197949.4375,67711,0.0,0.0
2023-09-26 00:00:00+09:00,196483.1455093569,196971.9095529125,184752.80846402215,185437.078125,124089,0.0,0.0
2023-09-27 00:00:00+09:00,185046.07126183587,187001.12748224617,184068.54315163073,185828.09375,26591,0.0,0.0
2023-10-04 00:00:00+09:00,183775.2875,185730.34375,179180.9053125,180842.703125,68721,0.0,0.0
2023-10-05 00:00:00+09:00,181038.1995835609,182504.49169681867,178301.12097214637,178985.390625,34817,0.0,0.0
2023-10-06 00:00:00+09:00,179180.90720505232,181820.23317042954,176346.07561261015,177519.109375,38710,0.0,0.0
2023-10-10 00:00:00+09:00,178105.62373453318,180060.67997750282,173120.23031496062,173804.5,64999,0.0,0.0
2023-10-11 00:00:00+09:00,174000.00437920404,176639.33028832678,173022.47626471412,174391.015625,50726,0.0,0.0
2023-10-12 00:00:00+09:00,175466.28526111576,176443.81331270974,173902.24037856545,174782.015625,29325,0.0,0.0
2023-10-13 00:00:00+09:00,174000.00593907209,175564.05093627723,173902.25312674677,174879.78125,25738,0.0,0.0
2023-10-16 00:00:00+09:00,174195.5084317032,174293.26124227094,171360.6769252389,173902.25,42228,0.0,0.0
2023-10-17 00:00:00+09:00,173999.99477133295,176541.56772866703,173022.46671081983,175270.78125,35227,0.0,0.0
2023-10-18 00:00:00+09:00,175270.79092804092,175955.06060818385,174000.00437920404,174391.015625,32474,0.0,0.0
2023-10-19 00:00:00+09:00,174293.26275951558,174293.26275951558,169405.62218858133,169503.375,50575,0.0,0.0
2023-10-20 00:00:00+09:00,168134.83781414377,168916.86031560492,165886.52312244303,167255.0625,44350,0.0,0.0
2023-10-23 00:00:00+09:00,167255.04968019004,168623.58895285087,165691.00479714913,167157.296875,24011,0.0,0.0
2023-10-24 00:00:00+09:00,168525.83935319766,169210.10900254358,163247.18777252905,168134.828125,44747,0.0,0.0
2023-10-25 00:00:00+09:00,168134.83077360637,173022.47120307168,167646.06673065983,171849.4375,41191,0.0,0.0
2023-10-26 00:00:00+09:00,171262.92494158878,171262.92494158878,165886.5203344042,167352.8125,43031,0.0,0.0
2023-10-27 00:00:00+09:00,168916.85905649388,169307.87030430985,166668.5443815521,167841.578125,28699,0.0,0.0
2023-10-30 00:00:00+09:00,165299.9948292042,165691.00605292793,156893.25351914414,162758.421875,94417,0.0,0.0
2023-10-31 00:00:00+09:00,165104.50281398103,167841.58160545022,164224.72748815166,165006.75,46636,0.0,0.0
2023-11-01 00:00:00+09:00,165104.4891615317,167255.0508912852,164420.2195202465,166570.78125,32971,0.0,0.0
2023-11-02 00:00:00+09:00,166570.78216019415,167548.31022451454,160021.34412924756,161096.625,94234,0.0,0.0
2023-11-03 00:00:00+09:00,162074.16250744933,164615.73562276518,161096.634386174,164029.21875,67745,0.0,0.0
2023-11-06 00:00:00+09:00,167646.061679056,169307.859375,165495.49995489317,169307.859375,83535,0.0,0.0
2023-11-07 00:00:00+09:00,168916.84815242494,171947.18512738164,167646.061679056,169307.859375,57142,0.0,0.0
2023-11-08 00:00:00+09:00,170480.8946459413,171849.43393782384,168134.82728842832,169796.625,64099,0.0,0.0
2023-11-09 00:00:00+09:00,169796.63310722576,171067.41965322112,167255.06001523507,168428.09375,49923,0.0,0.0
2023-11-10 00:00:00+09:00,166864.046875,168819.10307740187,165691.0131535589,166864.046875,25032,0.0,0.0
2023-11-13 00:00:00+09:00,168037.0802531692,168037.0802531692,164713.4847158756,165788.765625,29744,0.0,0.0
2023-11-14 00:00:00+09:00,166375.28594569015,168232.58937281594,164224.7240827024,167841.578125,24228,0.0,0.0
2023-11-15 00:00:00+09:00,170480.90468660148,171262.9271851639,168525.84844019552,169992.140625,38032,0.0,0.0
2023-11-16 00:00:00+09:00,169992.140625,171067.42156052327,169796.6350003594,169992.140625,18109,0.0,0.0
2023-11-17 00:00:00+09:00,170089.88586956522,170480.89710144926,166864.04320652172,168623.59375,25825,0.0,0.0
2023-11-20 00:00:00+09:00,168623.60249567224,169698.8834391229,167743.82717830353,169405.625,36604,0.0,0.0
2023-11-21 00:00:00+09:00,169503.37811783256,170774.16468965024,168428.09717244838,170480.90625,26244,0.0,0.0
2023-11-22 00:00:00+09:00,169601.1293757188,170578.6574989218,168623.6012525158,169992.140625,18082,0.0,0.0
2023-11-23 00:00:00+09:00,169894.37780656305,170383.14183937825,168721.34412780657,169796.625,22549,0.0,0.0
2023-11-24 00:00:00+09:00,170089.88870359628,170089.88870359628,167646.0684636021,168525.84375,39267,0.0,0.0
2023-11-27 00:00:00+09:00,168525.84216841185,169503.3702552356,166668.53880344678,168037.078125,32048,0.0,0.0
2023-11-28 00:00:00+09:00,168134.832165791,168916.85464098072,167255.05688120256,167450.5625,27641,0.0,0.0
2023-11-29 00:00:00+09:00,167548.3162035672,167646.0690134876,165006.74314563678,165788.765625,43973,0.0,0.0
2023-11-30 00:00:00+09:00,165788.7671957672,167157.30654761905,165397.75595238095,166277.53125,30596,0.0,0.0
2023-12-01 00:00:00+09:00,165984.26721227245,168037.07617072813,165593.25598209043,166473.03125,27609,0.0,0.0
2023-12-04 00:00:00+09:00,166570.78357885615,170285.39025491045,165788.76112073948,169210.109375,42938,0.0,0.0
2023-12-05 00:00:00+09:00,169210.109375,170676.4014839688,167255.05322970828,169210.109375,28322,0.0,0.0
2023-12-06 00:00:00+09:00,170578.65936609686,171556.1875,169698.88404558404,171556.1875,28130,0.0,0.0
2023-12-07 00:00:00+09:00,171653.9381148727,171947.1965512876,168623.60093858506,168916.859375,28636,0.0,0.0
2023-12-08 00:00:00+09:00,169601.12748476493,170089.89154091701,168037.08250507835,168428.09375,28097,0.0,0.0
2023-12-11 00:00:00+09:00,168428.09251192887,169405.62061704745,167059.55316476288,169014.609375,20472,0.0,0.0
2023-12-12 00:00:00+09:00,169503.37624782987,170089.89312065972,168623.60093858506,168916.859375,22587,0.0,0.0
2023-12-13 00:00:00+09:00,169210.11781141494,169698.8818721065,167548.32000506367,168916.859375,25600,0.0,0.0
2023-12-14 00:00:00+09:00,169992.14343893842,170871.91876438435,169014.61529955408,169894.390625,56616,0.0,0.0
2023-12-15 00:00:00+09:00,169992.13969960136,171653.9375,169503.3756406606,171653.9375,44480,0.0,0.0
2023-12-18 00:00:00+09:00,171262.92435344827,171360.6771641523,168916.85689655173,170089.890625,35639,0.0,0.0
2023-12-19 00:00:00+09:00,169307.87125,171067.421875,169210.1184375,171067.421875,27784,0.0,0.0
2023-12-20 00:00:00+09:00,171458.42851890755,174488.765625,170578.65323004202,174488.765625,44504,0.0,0.0
2023-12-21 00:00:00+09:00,173511.2384226527,174293.26090568438,171458.42940469456,172826.96875,30405,0.0,0.0
2023-12-22 00:00:00+09:00,173120.22999787776,173413.48843378606,171556.18500636672,172729.21875,19901,0.0,0.0
2023-12-26 00:00:00+09:00,172826.96629213484,174684.26966292135,172435.95505617975,174000.0,48917,0.0,0.0
2023-12-27 00:00:00+09:00,176500.0,176900.0,172800.0,173700.0,68074,4000.0,0.0
2023-12-28 00:00:00+09:00,174200.0,175600.0,173100.0,175200.0,31830,0.0,0.0
2024-01-02 00:00:00+09:00,175200.0,175600.0,173800.0,174100.0,24182,0.0,0.0
2024-01-03 00:00:00+09:00,173700.0,174100.0,171400.0,172000.0,36636,0.0,0.0
2024-01-04 00:00:00+09:00,171100.0,172000.0,168100.0,168100.0,57053,0.0,0.0
2024-01-05 00:00:00+09:00,168300.0,169200.0,166100.0,166300.0,47056,0.0,0.0
2024-01-08 00:00:00+09:00,167000.0,167000.0,164300.0,164800.0,45687,0.0,0.0
2024-01-09 00:00:00+09:00,165600.0,166400.0,165000.0,165600.0,31058,0.0,0.0
2024-01-10 00:00:00+09:00,165600.0,165700.0,162800.0,163000.0,46955,0.0,0.0
2024-01-11 00:00:00+09:00,163500.0,164400.0,162800.0,163200.0,38644,0.0,0.0
2024-01-12 00:00:00+09:00,163300.0,165500.0,161700.0,165300.0,36670,0.0,0.0
2024-01-15 00:00:00+09:00,165500.0,165500.0,164600.0,162600.0,2833,0.0,0.0
2024-01-16 00:00:00+09:00,162000.0,163000.0,161000.0,161200.0,24219,0.0,0.0
2024-01-17 00:00:00+09:00,161200.0,161600.0,157700.0,157800.0,51353,0.0,0.0
2024-01-18 00:00:00+09:00,157000.0,158200.0,155300.0,156200.0,45070,0.0,0.0
2024-01-19 00:00:00+09:00,155600.0,157600.0,155300.0,156200.0,25303,0.0,0.0
2024-01-22 00:00:00+09:00,156300.0,159100.0,155500.0,158200.0,23370,0.0,0.0
2024-01-23 00:00:00+09:00,158200.0,159300.0,157200.0,158700.0,22196,0.0,0.0
2024-01-24 00:00:00+09:00,158800.0,159000.0,157300.0,157700.0,16007,0.0,0.0
2024-01-25 00:00:00+09:00,158000.0,158500.0,156400.0,158200.0,30625,0.0,0.0
2024-01-26 00:00:00+09:00,158000.0,162200.0,157000.0,162100.0,30277,0.0,0.0
2024-01-29 00:00:00+09:00,162100.0,171000.0,160000.0,170700.0,97220,0.0,0.0
2024-01-30 00:00:00+09:00,170200.0,171800.0,168200.0,170600.0,50504,0.0,0.0
2024-01-31 00:00:00+09:00,169100.0,172400.0,167500.0,172400.0,41753,0.0,0.0
2024-02-01 00:00:00+09:00,170900.0,179200.0,170900.0,178600.0,140228,0.0,0.0
2024-02-02 00:00:00+09:00,178100.0,181800.0,175900.0,179900.0,87655,0.0,0.0
2024-02-05 00:00:00+09:00,180200.0,182700.0,178100.0,182000.0,58500,0.0,0.0
2024-02-06 00:00:00+09:00,181500.0,182700.0,177400.0,177800.0,38539,0.0,0.0
2024-02-07 00:00:00+09:00,177900.0,187300.0,177900.0,185400.0,93727,0.0,0.0
2024-02-08 00:00:00+09:00,186900.0,189500.0,184900.0,186900.0,99820,0.0,0.0
2024-02-13 00:00:00+09:00,187000.0,189700.0,183100.0,186800.0,65360,0.0,0.0
2024-02-14 00:00:00+09:00,183100.0,187900.0,183100.0,184600.0,36212,0.0,0.0
2024-02-15 00:00:00+09:00,186400.0,186500.0,181900.0,182200.0,39258,0.0,0.0
2024-02-16 00:00:00+09:00,182700.0,184400.0,180400.0,184400.0,54844,0.0,0.0
2024-02-19 00:00:00+09:00,184400.0,190300.0,183200.0,189500.0,48707,0.0,0.0
2024-02-20 00:00:00+09:00,190000.0,190000.0,184100.0,185300.0,30146,0.0,0.0
2024-02-21 00:00:00+09:00,185300.0,188000.0,183500.0,185600.0,29843,0.0,0.0
2024-02-22 00:00:00+09:00,188600.0,188700.0,182800.0,183300.0,21824,0.0,0.0
2024-02-23 00:00:00+09:00,183500.0,185400.0,181700.0,185300.0,24585,0.0,0.0
2024-02-26 00:00:00+09:00,183600.0,185000.0,175100.0,175100.0,70966,0.0,0.0
2024-02-27 00:00:00+09:00,175000.0,175500.0,171000.0,171300.0,36583,0.0,0.0
2024-02-28 00:00:00+09:00,171300.0,178700.0,171000.0,177000.0,39823,0.0,0.0
2024-02-29 00:00:00+09:00,175000.0,177700.0,174800.0,174800.0,31774,0.0,0.0
2024-03-04 00:00:00+09:00,174800.0,174900.0,170700.0,172100.0,48308,0.0,0.0
2024-03-05 00:00:00+09:00,170900.0,172800.0,169300.0,169600.0,27798,0.0,0.0
2024-03-06 00:00:00+09:00,169900.0,170200.0,168100.0,168600.0,30094,0.0,0.0
2024-03-07 00:00:00+09:00,168300.0,170300.0,168000.0,168500.0,14254,0.0,0.0
2024-03-08 00:00:00+09:00,170900.0,172000.0,168100.0,168500.0,26095,0.0,0.0
2024-03-11 00:00:00+09:00,168200.0,169400.0,165200.0,165400.0,53142,0.0,0.0
2024-03-12 00:00:00+09:00,166600.0,166800.0,164300.0,166100.0,19659,0.0,0.0
2024-03-13 00:00:00+09:00,167100.0,167100.0,165600.0,166000.0,21825,0.0,0.0
2024-03-14 00:00:00+09:00,166600.0,170700.0,166600.0,169100.0,61081,0.0,0.0
2024-03-15 00:00:00+09:00,170300.0,170300.0,167000.0,167800.0,37190,0.0,0.0
2024-03-18 00:00:00+09:00,169300.0,169300.0,165300.0,167100.0,27373,0.0,0.0
2024-03-19 00:00:00+09:00,166000.0,168000.0,166000.0,166000.0,24439,0.0,0.0
2024-03-20 00:00:00+09:00,167500.0,167500.0,165500.0,165800.0,26281,0.0,0.0
2024-03-21 00:00:00+09:00,166000.0,167200.0,164500.0,165400.0,61557,0.0,0.0
2024-03-22 00:00:00+09:00,165000.0,167000.0,164800.0,166600.0,44028,0.0,0.0
2024-03-25 00:00:00+09:00,166100.0,166300.0,163200.0,164000.0,53796,0.0,0.0
2024-03-26 00:00:00+09:00,164300.0,165200.0,163500.0,164800.0,38712,0.0,0.0
2024-03-27 00:00:00+09:00,163800.0,165600.0,163800.0,164300.0,45192,0.0,0.0
2024-03-28 00:00:00+09:00,164300.0,171500.0,164200.0,170300.0,102663,0.0,0.0
2024-03-29 00:00:00+09:00,171200.0,171200.0,166500.0,167300.0,36156,0.0,0.0
2024-04-01 00:00:00+09:00,168500.0,180400.0,168300.0,178300.0,124414,0.0,0.0
2024-04-02 00:00:00+09:00,178300.0,179900.0,176700.0,178600.0,50143,0.0,0.0
2024-04-03 00:00:00+09:00,178600.0,179900.0,176600.0,177200.0,52376,0.0,0.0
2024-04-04 00:00:00+09:00,179000.0,179000.0,171800.0,172200.0,41589,0.0,0.0
2024-04-05 00:00:00+09:00,171000.0,172300.0,169300.0,170200.0,34515,0.0,0.0
2024-04-08 00:00:00+09:00,170000.0,170100.0,165000.0,165500.0,48822,0.0,0.0
2024-04-09 00:00:00+09:00,166100.0,166100.0,165100.0,165400.0,37669,0.0,0.0
2024-04-11 00:00:00+09:00,164000.0,164300.0,161000.0,162900.0,56394,0.0,0.0
2024-04-12 00:00:00+09:00,161300.0,162100.0,158700.0,159200.0,67868,0.0,0.0
2024-04-15 00:00:00+09:00,158200.0,161200.0,156800.0,160900.0,60049,0.0,0.0
2024-04-16 00:00:00+09:00,160200.0,160900.0,158100.0,160300.0,35190,0.0,0.0
2024-04-17 00:00:00+09:00,160100.0,161700.0,159400.0,160800.0,36927,0.0,0.0
2024-04-18 00:00:00+09:00,159900.0,162700.0,159100.0,161200.0,42562,0.0,0.0
2024-04-19 00:00:00+09:00,159200.0,160300.0,157900.0,158600.0,32868,0.0,0.0
2024-04-22 00:00:00+09:00,160800.0,165700.0,159300.0,164400.0,42057,0.0,0.0
2024-04-23 00:00:00+09:00,163300.0,164400.0,163000.0,163700.0,15810,0.0,0.0
2024-04-24 00:00:00+09:00,164600.0,164700.0,161300.0,162500.0,36179,0.0,0.0
2024-04-25 00:00:00+09:00,161800.0,165900.0,160800.0,164000.0,32867,0.0,0.0
2024-04-26 00:00:00+09:00,164500.0,164600.0,162600.0,162900.0,16275,0.0,0.0
2024-04-29 00:00:00+09:00,163700.0,169000.0,163500.0,167200.0,41345,0.0,0.0
2024-04-30 00:00:00+09:00,166200.0,168200.0,165400.0,166300.0,44296,0.0,0.0
2024-05-02 00:00:00+09:00,165100.0,167100.0,163500.0,165100.0,33426,0.0,0.0
2024-05-03 00:00:00+09:00,166700.0,167300.0,164900.0,165700.0,18623,0.0,0.0
2024-05-07 00:00:00+09:00,166100.0,168100.0,166100.0,168000.0,37247,0.0,0.0
2024-05-08 00:00:00+09:00,168400.0,176600.0,168400.0,173200.0,112883,0.0,0.0
2024-05-09 00:00:00+09:00,177400.0,181000.0,174300.0,177100.0,167814,0.0,0.0
2024-05-10 00:00:00+09:00,177500.0,178800.0,174900.0,176700.0,42294,0.0,0.0
2024-05-13 00:00:00+09:00,177400.0,177900.0,175200.0,176800.0,23454,0.0,0.0
2024-05-14 00:00:00+09:00,176500.0,177500.0,172900.0,173700.0,42546,0.0,0.0
2024-05-16 00:00:00+09:00,175000.0,175900.0,170900.0,172800.0,46603,0.0,0.0
2024-05-17 00:00:00+09:00,172200.0,173800.0,171700.0,173000.0,23324,0.0,0.0
2024-05-20 00:00:00+09:00,174600.0,175800.0,173400.0,173800.0,25780,0.0,0.0
2024-05-21 00:00:00+09:00,173200.0,175500.0,172100.0,172200.0,31048,0.0,0.0
2024-05-22 00:00:00+09:00,172200.0,173600.0,171500.0,173400.0,21249,0.0,0.0
2024-05-23 00:00:00+09:00,172500.0,173400.0,170500.0,170700.0,37128,0.0,0.0
2024-05-24 00:00:00+09:00,170100.0,171000.0,168700.0,169700.0,24830,0.0,0.0
2024-05-27 00:00:00+09:00,169800.0,171700.0,167900.0,168800.0,34578,0.0,0.0
2024-05-28 00:00:00+09:00,168200.0,168800.0,166700.0,167900.0,19935,0.0,0.0
2024-05-29 00:00:00+09:00,166300.0,167800.0,160300.0,161700.0,88826,0.0,0.0
2024-05-30 00:00:00+09:00,161700.0,164800.0,161000.0,163800.0,32019,0.0,0.0
2024-05-31 00:00:00+09:00,162400.0,166900.0,161900.0,163200.0,59591,0.0,0.0
2024-06-03 00:00:00+09:00,165300.0,166000.0,162500.0,164800.0,30789,0.0,0.0
2024-06-04 00:00:00+09:00,163200.0,165100.0,162100.0,162500.0,39971,0.0,0.0
2024-06-05 00:00:00+09:00,162800.0,164300.0,162200.0,163200.0,29526,0.0,0.0
2024-06-07 00:00:00+09:00,163200.0,164800.0,162100.0,163400.0,27645,0.0,0.0
2024-06-10 00:00:00+09:00,162100.0,163600.0,161100.0,161400.0,32236,0.0,0.0
2024-06-11 00:00:00+09:00,161400.0,162300.0,160600.0,160600.0,30930,0.0,0.0
2024-06-12 00:00:00+09:00,160600.0,161700.0,159100.0,159900.0,42232,0.0,0.0
2024-06-13 00:00:00+09:00,160700.0,161500.0,158100.0,158100.0,58737,0.0,0.0
2024-06-14 00:00:00+09:00,158100.0,160800.0,158100.0,160400.0,29923,0.0,0.0
2024-06-17 00:00:00+09:00,160400.0,161600.0,159200.0,161000.0,23790,0.0,0.0
2024-06-18 00:00:00+09:00,161100.0,161700.0,158500.0,159000.0,33844,0.0,0.0
2024-06-19 00:00:00+09:00,160300.0,160300.0,155900.0,156700.0,63674,0.0,0.0
2024-06-20 00:00:00+09:00,156700.0,160500.0,156500.0,159500.0,31434,0.0,0.0
2024-06-21 00:00:00+09:00,158800.0,160500.0,158200.0,158300.0,48959,0.0,0.0
2024-06-24 00:00:00+09:00,158300.0,159500.0,156900.0,157000.0,30739,0.0,0.0
2024-06-25 00:00:00+09:00,158500.0,158500.0,157100.0,157500.0,20547,0.0,0.0
2024-06-26 00:00:00+09:00,156700.0,159000.0,156200.0,158800.0,19111,0.0,0.0
2024-06-27 00:00:00+09:00,157200.0,157800.0,155000.0,155300.0,51066,0.0,0.0
2024-06-28 00:00:00+09:00,155900.0,158600.0,155900.0,156900.0,38083,0.0,0.0
2024-07-01 00:00:00+09:00,156700.0,158900.0,156500.0,158300.0,27649,0.0,0.0
2024-07-02 00:00:00+09:00,156900.0,158400.0,156400.0,156700.0,33248,0.0,0.0
2024-07-03 00:00:00+09:00,157300.0,158000.0,154500.0,155600.0,44152,0.0,0.0
2024-07-04 00:00:00+09:00,155800.0,156700.0,155100.0,156300.0,28195,0.0,0.0
2024-07-05 00:00:00+09:00,156300.0,157500.0,155800.0,156000.0,30913,0.0,0.0
2024-07-08 00:00:00+09:00,155600.0,156500.0,155300.0,155800.0,26508,0.0,0.0
2024-07-09 00:00:00+09:00,156900.0,159500.0,156600.0,159200.0,27812,0.0,0.0
2024-07-10 00:00:00+09:00,157800.0,158900.0,157100.0,158200.0,24142,0.0,0.0
2024-07-11 00:00:00+09:00,158900.0,159100.0,157400.0,157800.0,33078,0.0,0.0
2024-07-12 00:00:00+09:00,159600.0,162000.0,159000.0,160500.0,36369,0.0,0.0
2024-07-15 00:00:00+09:00,160500.0,161000.0,157600.0,157900.0,25808,0.0,0.0
2024-07-16 00:00:00+09:00,157900.0,158100.0,156500.0,157200.0,20759,0.0,0.0
2024-07-17 00:00:00+09:00,157300.0,159200.0,156700.0,157400.0,24547,0.0,0.0
2024-07-18 00:00:00+09:00,158900.0,158900.0,156100.0,158700.0,28504,0.0,0.0
2024-07-19 00:00:00+09:00,157200.0,158500.0,155700.0,157800.0,33025,0.0,0.0
2024-07-22 00:00:00+09:00,157800.0,157800.0,155000.0,155700.0,25149,0.0,0.0
2024-07-23 00:00:00+09:00,155700.0,156500.0,153000.0,153000.0,43802,0.0,0.0
2024-07-24 00:00:00+09:00,153500.0,153500.0,149500.0,149700.0,68407,0.0,0.0
2024-07-25 00:00:00+09:00,149500.0,149800.0,147500.0,148600.0,39637,0.0,0.0
2024-07-26 00:00:00+09:00,149400.0,151800.0,148700.0,149500.0,33360,0.0,0.0
2024-07-29 00:00:00+09:00,149500.0,150100.0,147700.0,148800.0,23508,0.0,0.0
2024-07-30 00:00:00+09:00,147900.0,148600.0,147400.0,147500.0,30141,0.0,0.0
2024-07-31 00:00:00+09:00,147500.0,151900.0,147400.0,151800.0,26321,0.0,0.0
2024-08-01 00:00:00+09:00,150300.0,155700.0,150300.0,155100.0,40665,0.0,0.0
2024-08-02 00:00:00+09:00,153600.0,155000.0,151700.0,152400.0,28954,0.0,0.0
2024-08-05 00:00:00+09:00,151600.0,152100.0,138800.0,142100.0,73033,0.0,0.0
2024-08-06 00:00:00+09:00,143500.0,147000.0,140300.0,142200.0,52264,0.0,0.0
2024-08-07 00:00:00+09:00,140000.0,148900.0,140000.0,148900.0,40682,0.0,0.0
2024-08-08 00:00:00+09:00,146000.0,147700.0,144300.0,145300.0,56813,0.0,0.0
2024-08-09 00:00:00+09:00,145300.0,147600.0,142900.0,143100.0,29396,0.0,0.0
2024-08-12 00:00:00+09:00,144400.0,148100.0,143400.0,147600.0,24350,0.0,0.0
2024-08-13 00:00:00+09:00,146200.0,148400.0,144200.0,144200.0,25952,0.0,0.0
2024-08-14 00:00:00+09:00,144000.0,147900.0,144000.0,147500.0,22059,0.0,0.0
2024-08-16 00:00:00+09:00,148900.0,149000.0,145600.0,145600.0,27563,0.0,0.0
2024-08-19 00:00:00+09:00,145800.0,147300.0,145500.0,146900.0,18024,0.0,0.0
2024-08-20 00:00:00+09:00,147100.0,147400.0,145000.0,145700.0,24272,0.0,0.0
2024-08-21 00:00:00+09:00,147100.0,148500.0,146000.0,147300.0,22434,0.0,0.0
2024-08-22 00:00:00+09:00,148400.0,150300.0,147400.0,149200.0,26359,0.0,0.0
2024-08-23 00:00:00+09:00,150500.0,152400.0,148900.0,151400.0,19850,0.0,0.0
2024-08-26 00:00:00+09:00,151900.0,152600.0,150200.0,152100.0,17515,0.0,0.0
2024-08-27 00:00:00+09:00,152800.0,153800.0,150300.0,153100.0,25909,0.0,0.0
2024-08-28 00:00:00+09:00,153800.0,153800.0,149500.0,150000.0,33435,0.0,0.0
2024-08-29 00:00:00+09:00,151400.0,152000.0,149200.0,150000.0,19471,0.0,0.0
2024-08-30 00:00:00+09:00,150500.0,151400.0,149200.0,150600.0,23406,0.0,0.0
2024-09-02 00:00:00+09:00,151200.0,153300.0,150000.0,152800.0,22621,0.0,0.0
2024-09-03 00:00:00+09:00,152800.0,157900.0,152300.0,157100.0,48685,0.0,0.0
2024-09-04 00:00:00+09:00,154800.0,154800.0,151500.0,151900.0,28815,0.0,0.0
2024-09-05 00:00:00+09:00,151900.0,158900.0,151900.0,157500.0,49066,0.0,0.0
2024-09-06 00:00:00+09:00,157700.0,158500.0,155300.0,156800.0,25719,0.0,0.0
2024-09-09 00:00:00+09:00,153500.0,158000.0,153500.0,157400.0,18228,0.0,0.0
2024-09-10 00:00:00+09:00,157400.0,158800.0,156000.0,156000.0,17645,0.0,0.0
2024-09-11 00:00:00+09:00,158200.0,158300.0,155500.0,156400.0,17441,0.0,0.0
2024-09-12 00:00:00+09:00,157700.0,157700.0,154400.0,155500.0,33936,0.0,0.0
2024-09-13 00:00:00+09:00,157800.0,159700.0,156000.0,159300.0,40687,0.0,0.0
2024-09-19 00:00:00+09:00,160800.0,161000.0,155300.0,156200.0,46679,0.0,0.0
2024-09-20 00:00:00+09:00,156000.0,156300.0,153000.0,154900.0,60858,0.0,0.0
2024-09-23 00:00:00+09:00,155800.0,156600.0,153600.0,155000.0,18791,0.0,0.0
2024-09-24 00:00:00+09:00,157000.0,157700.0,155200.0,157700.0,23440,0.0,0.0
2024-09-25 00:00:00+09:00,159900.0,160900.0,156400.0,156400.0,27430,0.0,0.0
2024-09-26 00:00:00+09:00,158000.0,160200.0,156500.0,160000.0,24278,0.0,0.0
2024-09-27 00:00:00+09:00,160900.0,164600.0,160000.0,162300.0,64429,0.0,0.0
2024-09-30 00:00:00+09:00,164900.0,164900.0,159000.0,159100.0,23005,0.0,0.0
2024-10-02 00:00:00+09:00,158000.0,160000.0,157200.0,157900.0,42843,0.0,0.0
2024-10-04 00:00:00+09:00,159400.0,159400.0,156800.0,156800.0,14394,0.0,0.0
2024-10-07 00:00:00+09:00,157600.0,161000.0,156500.0,159600.0,12477,0.0,0.0
2024-10-08 00:00:00+09:00,159500.0,159700.0,154000.0,154900.0,25193,0.0,0.0
2024-10-10 00:00:00+09:00,156900.0,157000.0,154100.0,156200.0,24948,0.0,0.0
2024-10-11 00:00:00+09:00,156200.0,157400.0,150800.0,152500.0,33495,0.0,0.0
2024-10-14 00:00:00+09:00,152600.0,155000.0,151600.0,154700.0,16137,0.0,0.0
2024-10-15 00:00:00+09:00,154200.0,154700.0,150900.0,152000.0,26356,0.0,0.0
2024-10-16 00:00:00+09:00,151000.0,152000.0,149100.0,149100.0,35097,0.0,0.0
2024-10-17 00:00:00+09:00,150300.0,152900.0,149600.0,151500.0,27074,0.0,0.0
2024-10-18 00:00:00+09:00,152000.0,152900.0,150200.0,150500.0,10798,0.0,0.0
2024-10-21 00:00:00+09:00,151800.0,151800.0,145400.0,145600.0,44794,0.0,0.0
2024-10-22 00:00:00+09:00,145400.0,146900.0,145000.0,146700.0,22729,0.0,0.0
2024-10-23 00:00:00+09:00,147200.0,149200.0,145200.0,147200.0,19602,0.0,0.0
2024-10-24 00:00:00+09:00,148000.0,148700.0,146500.0,148500.0,16287,0.0,0.0
2024-10-25 00:00:00+09:00,148600.0,148700.0,145500.0,146400.0,20028,0.0,0.0
2024-10-28 00:00:00+09:00,147700.0,150000.0,146600.0,150000.0,16625,0.0,0.0
2024-10-29 00:00:00+09:00,150000.0,150900.0,148600.0,149100.0,10942,0.0,0.0
2024-10-30 00:00:00+09:00,150000.0,155000.0,149000.0,151400.0,33743,0.0,0.0
2024-10-31 00:00:00+09:00,152300.0,153800.0,148800.0,153800.0,23178,0.0,0.0
2024-11-01 00:00:00+09:00,153500.0,153500.0,150100.0,150100.0,10429,0.0,0.0
2024-11-04 00:00:00+09:00,150900.0,152500.0,150200.0,152100.0,8909,0.0,0.0
2024-11-05 00:00:00+09:00,150100.0,152500.0,150100.0,151000.0,9097,0.0,0.0
2024-11-06 00:00:00+09:00,151000.0,152300.0,150100.0,151200.0,10979,0.0,0.0
2024-11-07 00:00:00+09:00,149900.0,151100.0,147700.0,149600.0,16453,0.0,0.0
2024-11-08 00:00:00+09:00,150800.0,150800.0,140700.0,141500.0,43888,0.0,0.0
2024-11-11 00:00:00+09:00,140100.0,141500.0,136800.0,136900.0,47686,0.0,0.0
2024-11-12 00:00:00+09:00,136900.0,136900.0,133300.0,133500.0,30698,0.0,0.0
2024-11-13 00:00:00+09:00,133200.0,133800.0,127500.0,127700.0,52574,0.0,0.0
2024-11-14 00:00:00+09:00,128300.0,129800.0,127300.0,129400.0,29777,0.0,0.0
2024-11-15 00:00:00+09:00,129400.0,130600.0,128000.0,130000.0,18019,0.0,0.0
2024-11-18 00:00:00+09:00,128000.0,133200.0,128000.0,132000.0,22572,0.0,0.0
2024-11-19 00:00:00+09:00,130700.0,132000.0,128100.0,128400.0,35885,0.0,0.0
2024-11-20 00:00:00+09:00,127900.0,129200.0,127500.0,128200.0,12987,0.0,0.0
2024-11-21 00:00:00+09:00,128200.0,130400.0,127100.0,129600.0,19733,0.0,0.0
2024-11-22 00:00:00+09:00,130900.0,130900.0,129300.0,130000.0,13243,0.0,0.0
2024-11-25 00:00:00+09:00,129900.0,133400.0,129800.0,131800.0,29419,0.0,0.0
2024-11-26 00:00:00+09:00,131000.0,132300.0,130100.0,132300.0,17861,0.0,0.0
2024-11-27 00:00:00+09:00,131600.0,133200.0,130400.0,132100.0,14957,0.0,0.0
2024-11-28 00:00:00+09:00,133000.0,136700.0,131800.0,136000.0,35456,0.0,0.0
2024-11-29 00:00:00+09:00,136500.0,136500.0,133000.0,134400.0,21133,0.0,0.0
2024-12-02 00:00:00+09:00,134400.0,135900.0,130300.0,131300.0,19836,0.0,0.0
2024-12-03 00:00:00+09:00,132600.0,138500.0,131500.0,138300.0,37612,0.0,0.0
2024-12-04 00:00:00+09:00,135000.0,136300.0,132100.0,132900.0,24405,0.0,0.0
2024-12-05 00:00:00+09:00,133000.0,134000.0,129800.0,130500.0,22492,0.0,0.0
2024-12-06 00:00:00+09:00,131500.0,131900.0,127600.0,131300.0,20768,0.0,0.0
2024-12-09 00:00:00+09:00,130000.0,130000.0,125000.0,125900.0,40146,0.0,0.0
2024-12-10 00:00:00+09:00,126400.0,131500.0,126400.0,130300.0,25398,0.0,0.0
2024-12-11 00:00:00+09:00,129000.0,134500.0,129000.0,134100.0,23681,0.0,0.0
2024-12-12 00:00:00+09:00,135000.0,135900.0,133600.0,134900.0,39365,0.0,0.0
2024-12-13 00:00:00+09:00,133700.0,136000.0,132700.0,134000.0,20600,0.0,0.0
2024-12-16 00:00:00+09:00,135700.0,135700.0,132100.0,133500.0,12914,0.0,0.0
2024-12-17 00:00:00+09:00,133500.0,134700.0,132400.0,134000.0,19204,0.0,0.0
2024-12-18 00:00:00+09:00,136700.0,137900.0,133800.0,135800.0,22183,0.0,0.0
2024-12-19 00:00:00+09:00,135600.0,135600.0,132500.0,132600.0,19734,0.0,0.0
2024-12-20 00:00:00+09:00,132600.0,134400.0,130800.0,132500.0,25869,0.0,0.0
2024-12-23 00:00:00+09:00,141700.0,144000.0,132500.0,134000.0,165738,0.0,0.0
2024-12-24 00:00:00+09:00,134200.0,136900.0,133500.0,134900.0,49025,0.0,0.0
2024-12-26 00:00:00+09:00,135000.0,135100.0,133100.0,133400.0,37257,0.0,0.0
2024-12-27 00:00:00+09:00,136000.0,137100.0,130700.0,131400.0,68234,0.0,0.0
2024-12-30 00:00:00+09:00,131500.0,134000.0,131000.0,133000.0,32048,0.0,0.0
2025-01-02 00:00:00+09:00,132500.0,132500.0,129800.0,130000.0,29947,0.0,0.0
2025-01-03 00:00:00+09:00,130100.0,133200.0,130000.0,130800.0,21129,0.0,0.0
2025-01-06 00:00:00+09:00,130600.0,131000.0,129700.0,130500.0,26070,0.0,0.0
2025-01-07 00:00:00+09:00,130200.0,131200.0,129700.0,130400.0,32407,0.0,0.0
2025-01-08 00:00:00+09:00,129700.0,132400.0,129700.0,131700.0,23795,0.0,0.0
2025-01-09 00:00:00+09:00,131700.0,133500.0,130600.0,133500.0,34982,0.0,0.0
2025-01-10 00:00:00+09:00,132500.0,133200.0,130700.0,131300.0,24025,0.0,0.0
2025-01-13 00:00:00+09:00,132000.0,132300.0,130100.0,131700.0,19029,0.0,0.0
2025-01-14 00:00:00+09:00,132000.0,132600.0,130700.0,131800.0,15335,0.0,0.0
2025-01-15 00:00:00+09:00,132200.0,133200.0,131500.0,132500.0,18423,0.0,0.0
2025-01-16 00:00:00+09:00,132500.0,133000.0,131200.0,132300.0,18081,0.0,0.0
2025-01-17 00:00:00+09:00,132400.0,133700.0,132000.0,133100.0,22929,0.0,0.0
2025-01-20 00:00:00+09:00,133500.0,136000.0,133200.0,134300.0,24522,0.0,0.0
2025-01-21 00:00:00+09:00,135000.0,135900.0,132200.0,133500.0,14306,0.0,0.0
2025-01-22 00:00:00+09:00,134900.0,134900.0,132600.0,132600.0,14664,0.0,0.0
2025-01-23 00:00:00+09:00,133400.0,133400.0,130700.0,130800.0,18499,0.0,0.0
2025-01-24 00:00:00+09:00,131700.0,133100.0,130000.0,132600.0,14350,0.0,0.0
2025-01-31 00:00:00+09:00,133600.0,134200.0,130900.0,132700.0,20313,0.0,0.0
2025-02-03 00:00:00+09:00,130700.0,130700.0,128100.0,129400.0,24645,0.0,0.0
2025-02-04 00:00:00+09:00,129400.0,131200.0,129000.0,129900.0,10807,0.0,0.0
2025-02-05 00:00:00+09:00,130200.0,131500.0,129700.0,129900.0,13323,0.0,0.0
2025-02-06 00:00:00+09:00,129900.0,135200.0,129900.0,134200.0,44810,0.0,0.0
2025-02-07 00:00:00+09:00,133700.0,135000.0,130700.0,130800.0,23322,0.0,0.0
2025-02-10 00:00:00+09:00,131300.0,131900.0,130200.0,131200.0,12338,0.0,0.0
2025-02-11 00:00:00+09:00,131200.0,131800.0,130300.0,131400.0,18413,0.0,0.0
2025-02-12 00:00:00+09:00,131700.0,134600.0,131300.0,133800.0,29592,0.0,0.0
2025-02-13 00:00:00+09:00,134100.0,134700.0,133100.0,133700.0,26695,0.0,0.0
2025-02-14 00:00:00+09:00,133700.0,136700.0,133700.0,135700.0,30028,0.0,0.0
2025-02-17 00:00:00+09:00,136400.0,139400.0,135100.0,138800.0,31308,0.0,0.0
2025-02-18 00:00:00+09:00,139000.0,140400.0,138500.0,140200.0,26976,0.0,0.0
2025-02-19 00:00:00+09:00,140200.0,144200.0,140200.0,141700.0,40986,0.0,0.0
