Datetime,Open,High,Low,Close,Volume,Dividends,Stock Splits
2025-02-13 13:21:00+09:00,243000.0,243000.0,242500.0,242500.0,0,0.0,0.0
2025-02-13 13:22:00+09:00,243000.0,243000.0,242500.0,242500.0,296,0.0,0.0
2025-02-13 13:23:00+09:00,242500.0,243000.0,242500.0,242500.0,685,0.0,0.0
2025-02-13 13:24:00+09:00,243000.0,243000.0,242500.0,243000.0,598,0.0,0.0
2025-02-13 13:25:00+09:00,242500.0,243000.0,242500.0,243000.0,598,0.0,0.0
2025-02-13 13:26:00+09:00,243000.0,243000.0,242500.0,243000.0,2431,0.0,0.0
2025-02-13 13:27:00+09:00,243000.0,243000.0,242500.0,243000.0,1346,0.0,0.0
2025-02-13 13:28:00+09:00,243000.0,243000.0,242500.0,243000.0,387,0.0,0.0
2025-02-13 13:29:00+09:00,243000.0,243000.0,242500.0,243000.0,716,0.0,0.0
2025-02-13 13:30:00+09:00,242500.0,243500.0,242500.0,243500.0,4511,0.0,0.0
2025-02-13 13:31:00+09:00,243500.0,243500.0,243000.0,243500.0,791,0.0,0.0
2025-02-13 13:32:00+09:00,243500.0,243500.0,243000.0,243000.0,2423,0.0,0.0
2025-02-13 13:33:00+09:00,243500.0,243500.0,243000.0,243000.0,425,0.0,0.0
2025-02-13 13:34:00+09:00,243000.0,243500.0,243000.0,243500.0,1754,0.0,0.0
2025-02-13 13:35:00+09:00,243500.0,244000.0,243000.0,243500.0,2633,0.0,0.0
2025-02-13 13:36:00+09:00,244000.0,244000.0,243500.0,244000.0,3408,0.0,0.0
2025-02-13 13:37:00+09:00,243500.0,244000.0,243500.0,243500.0,3969,0.0,0.0
2025-02-13 13:38:00+09:00,243500.0,244000.0,243500.0,244000.0,973,0.0,0.0
2025-02-13 13:39:00+09:00,244000.0,244000.0,243500.0,244000.0,681,0.0,0.0
2025-02-13 13:40:00+09:00,244000.0,244000.0,243500.0,243500.0,1431,0.0,0.0
2025-02-13 13:41:00+09:00,243500.0,244000.0,243500.0,244000.0,541,0.0,0.0
2025-02-13 13:42:00+09:00,244000.0,244000.0,243500.0,244000.0,500,0.0,0.0
2025-02-13 13:43:00+09:00,243500.0,244000.0,243000.0,243500.0,556,0.0,0.0
2025-02-13 13:44:00+09:00,243500.0,243500.0,243000.0,243500.0,325,0.0,0.0
2025-02-13 13:45:00+09:00,243500.0,243500.0,243000.0,243500.0,347,0.0,0.0
2025-02-13 13:46:00+09:00,243500.0,243500.0,243000.0,243500.0,244,0.0,0.0
2025-02-13 13:47:00+09:00,243500.0,243500.0,243000.0,243500.0,609,0.0,0.0
2025-02-13 13:48:00+09:00,243500.0,243500.0,243000.0,243000.0,517,0.0,0.0
2025-02-13 13:49:00+09:00,243500.0,243500.0,243000.0,243000.0,1582,0.0,0.0
2025-02-13 13:50:00+09:00,243500.0,243500.0,243000.0,243000.0,465,0.0,0.0
2025-02-13 13:51:00+09:00,243500.0,243500.0,243000.0,243500.0,743,0.0,0.0
2025-02-13 13:52:00+09:00,243500.0,243500.0,243000.0,243500.0,688,0.0,0.0
2025-02-13 13:53:00+09:00,243500.0,243500.0,243000.0,243000.0,303,0.0,0.0
2025-02-13 13:54:00+09:00,243500.0,243500.0,243000.0,243500.0,509,0.0,0.0
2025-02-13 13:55:00+09:00,243500.0,243500.0,243000.0,243000.0,514,0.0,0.0
2025-02-13 13:56:00+09:00,243500.0,243500.0,243000.0,243500.0,466,0.0,0.0
2025-02-13 13:57:00+09:00,243500.0,243500.0,243000.0,243500.0,607,0.0,0.0
2025-02-13 13:58:00+09:00,243500.0,243500.0,243000.0,243500.0,1303,0.0,0.0
2025-02-13 13:59:00+09:00,243000.0,244000.0,243000.0,244000.0,870,0.0,0.0
2025-02-13 14:00:00+09:00,244000.0,244000.0,243500.0,243500.0,835,0.0,0.0
2025-02-13 14:01:00+09:00,244000.0,244000.0,243500.0,243500.0,553,0.0,0.0
2025-02-13 14:02:00+09:00,244000.0,244000.0,243500.0,243500.0,2596,0.0,0.0
2025-02-13 14:03:00+09:00,244000.0,244000.0,243500.0,244000.0,841,0.0,0.0
2025-02-13 14:04:00+09:00,243500.0,244500.0,243500.0,244000.0,3564,0.0,0.0
2025-02-13 14:05:00+09:00,244000.0,244500.0,244000.0,244000.0,442,0.0,0.0
2025-02-13 14:06:00+09:00,244500.0,244500.0,244000.0,244500.0,267,0.0,0.0
2025-02-13 14:07:00+09:00,244500.0,244500.0,244000.0,244000.0,918,0.0,0.0
2025-02-13 14:08:00+09:00,244500.0,244500.0,244000.0,244500.0,309,0.0,0.0
2025-02-13 14:09:00+09:00,244000.0,244500.0,243500.0,243500.0,3849,0.0,0.0
2025-02-13 14:10:00+09:00,244000.0,244000.0,243500.0,244000.0,324,0.0,0.0
2025-02-13 14:11:00+09:00,244000.0,244000.0,243500.0,243500.0,384,0.0,0.0
2025-02-13 14:12:00+09:00,243500.0,244000.0,243500.0,243500.0,385,0.0,0.0
2025-02-13 14:13:00+09:00,244000.0,244000.0,243500.0,244000.0,955,0.0,0.0
2025-02-13 14:14:00+09:00,243500.0,244000.0,243500.0,243500.0,364,0.0,0.0
2025-02-13 14:15:00+09:00,244000.0,244000.0,243500.0,243500.0,536,0.0,0.0
2025-02-13 14:16:00+09:00,243500.0,244000.0,243500.0,244000.0,229,0.0,0.0
2025-02-13 14:17:00+09:00,243500.0,244000.0,243500.0,243500.0,466,0.0,0.0
2025-02-13 14:18:00+09:00,244000.0,244000.0,243500.0,244000.0,142,0.0,0.0
2025-02-13 14:19:00+09:00,244000.0,244000.0,243500.0,243500.0,790,0.0,0.0
2025-02-13 14:20:00+09:00,244000.0,244000.0,243500.0,243500.0,364,0.0,0.0
2025-02-13 14:21:00+09:00,244000.0,244000.0,243500.0,244000.0,373,0.0,0.0
2025-02-13 14:22:00+09:00,244000.0,244000.0,243500.0,243500.0,477,0.0,0.0
2025-02-13 14:23:00+09:00,244000.0,244000.0,243500.0,243500.0,282,0.0,0.0
2025-02-13 14:24:00+09:00,244000.0,244000.0,243500.0,244000.0,362,0.0,0.0
2025-02-13 14:25:00+09:00,244000.0,244000.0,243500.0,244000.0,356,0.0,0.0
2025-02-13 14:26:00+09:00,243500.0,244000.0,243500.0,244000.0,850,0.0,0.0
2025-02-13 14:27:00+09:00,244000.0,244000.0,243500.0,243500.0,230,0.0,0.0
2025-02-13 14:28:00+09:00,243500.0,244000.0,243500.0,244000.0,211,0.0,0.0
2025-02-13 14:29:00+09:00,244000.0,244000.0,243500.0,244000.0,568,0.0,0.0
2025-02-13 14:30:00+09:00,244000.0,244000.0,243500.0,244000.0,617,0.0,0.0
2025-02-13 14:31:00+09:00,244000.0,244000.0,243500.0,244000.0,307,0.0,0.0
2025-02-13 14:32:00+09:00,244000.0,244000.0,243500.0,243500.0,827,0.0,0.0
2025-02-13 14:33:00+09:00,244000.0,244000.0,243500.0,243500.0,438,0.0,0.0
2025-02-13 14:34:00+09:00,244000.0,244000.0,243500.0,243500.0,390,0.0,0.0
2025-02-13 14:35:00+09:00,243500.0,244000.0,243500.0,244000.0,380,0.0,0.0
2025-02-13 14:36:00+09:00,244000.0,244000.0,243500.0,244000.0,1288,0.0,0.0
2025-02-13 14:37:00+09:00,243500.0,244000.0,243500.0,244000.0,3757,0.0,0.0
2025-02-13 14:38:00+09:00,244000.0,244500.0,244000.0,244500.0,806,0.0,0.0
2025-02-13 14:39:00+09:00,244500.0,244500.0,243500.0,244000.0,4642,0.0,0.0
2025-02-13 14:40:00+09:00,244000.0,244000.0,243500.0,243500.0,514,0.0,0.0
2025-02-13 14:41:00+09:00,243500.0,244000.0,243500.0,244000.0,347,0.0,0.0
2025-02-13 14:42:00+09:00,244000.0,244000.0,243500.0,244000.0,183,0.0,0.0
2025-02-13 14:43:00+09:00,243500.0,244000.0,243500.0,244000.0,373,0.0,0.0
2025-02-13 14:44:00+09:00,244000.0,244000.0,243500.0,244000.0,355,0.0,0.0
2025-02-13 14:45:00+09:00,244000.0,244000.0,243500.0,244000.0,213,0.0,0.0
2025-02-13 14:46:00+09:00,244000.0,244000.0,243500.0,244000.0,231,0.0,0.0
2025-02-13 14:47:00+09:00,244000.0,244000.0,243500.0,244000.0,414,0.0,0.0
2025-02-13 14:48:00+09:00,244000.0,244000.0,243500.0,243500.0,569,0.0,0.0
2025-02-13 14:49:00+09:00,243500.0,244000.0,243500.0,244000.0,476,0.0,0.0
2025-02-13 14:50:00+09:00,243500.0,244000.0,243500.0,244000.0,584,0.0,0.0
2025-02-13 14:51:00+09:00,244000.0,244000.0,243500.0,243500.0,549,0.0,0.0
2025-02-13 14:52:00+09:00,243500.0,244000.0,243500.0,244000.0,563,0.0,0.0
2025-02-13 14:53:00+09:00,244000.0,244000.0,243500.0,244000.0,308,0.0,0.0
2025-02-13 14:54:00+09:00,244000.0,244000.0,243500.0,243500.0,303,0.0,0.0
2025-02-13 14:55:00+09:00,243500.0,244000.0,243500.0,243500.0,332,0.0,0.0
2025-02-13 14:56:00+09:00,244000.0,244000.0,243500.0,244000.0,600,0.0,0.0
2025-02-13 14:57:00+09:00,244000.0,244000.0,243500.0,243500.0,294,0.0,0.0
2025-02-13 14:58:00+09:00,243500.0,244000.0,243500.0,244000.0,554,0.0,0.0
2025-02-13 14:59:00+09:00,244000.0,244000.0,243500.0,243500.0,603,0.0,0.0
2025-02-14 09:00:00+09:00,246500.0,246500.0,244000.0,244500.0,11947,0.0,0.0
2025-02-14 09:01:00+09:00,245000.0,245000.0,242500.0,243000.0,3545,0.0,0.0
2025-02-14 09:02:00+09:00,243000.0,245000.0,243000.0,244500.0,1774,0.0,0.0
2025-02-14 09:03:00+09:00,244500.0,245000.0,244000.0,244500.0,2559,0.0,0.0
2025-02-14 09:04:00+09:00,245000.0,246000.0,244500.0,245500.0,2789,0.0,0.0
2025-02-14 09:05:00+09:00,245500.0,246000.0,245000.0,246000.0,1109,0.0,0.0
2025-02-14 09:06:00+09:00,246000.0,246500.0,246000.0,246500.0,852,0.0,0.0
2025-02-14 09:07:00+09:00,246500.0,246500.0,245000.0,246000.0,3149,0.0,0.0
2025-02-14 09:08:00+09:00,246000.0,247000.0,245500.0,246500.0,2764,0.0,0.0
2025-02-14 09:09:00+09:00,246500.0,247000.0,246000.0,247000.0,1443,0.0,0.0
2025-02-14 09:10:00+09:00,247000.0,247000.0,246500.0,247000.0,1836,0.0,0.0
2025-02-14 09:11:00+09:00,247000.0,247500.0,246500.0,247000.0,2534,0.0,0.0
2025-02-14 09:12:00+09:00,247000.0,247000.0,246500.0,246500.0,1172,0.0,0.0
2025-02-14 09:13:00+09:00,247000.0,247000.0,246500.0,247000.0,2034,0.0,0.0
2025-02-14 09:14:00+09:00,246500.0,247500.0,246000.0,247000.0,5921,0.0,0.0
2025-02-14 09:15:00+09:00,247000.0,247500.0,247000.0,247000.0,1499,0.0,0.0
2025-02-14 09:16:00+09:00,247000.0,248000.0,247000.0,247500.0,1784,0.0,0.0
2025-02-14 09:17:00+09:00,247500.0,248500.0,247000.0,247500.0,3720,0.0,0.0
2025-02-14 09:18:00+09:00,248000.0,248000.0,247000.0,247500.0,912,0.0,0.0
2025-02-14 09:19:00+09:00,248000.0,248000.0,247000.0,247500.0,979,0.0,0.0
2025-02-14 09:20:00+09:00,247500.0,248000.0,247000.0,247500.0,995,0.0,0.0
2025-02-14 09:21:00+09:00,248000.0,248000.0,247500.0,248000.0,1064,0.0,0.0
2025-02-14 09:22:00+09:00,248000.0,248500.0,247500.0,248500.0,2254,0.0,0.0
2025-02-14 09:23:00+09:00,248500.0,248500.0,247500.0,247500.0,2587,0.0,0.0
2025-02-14 09:24:00+09:00,247500.0,248000.0,247500.0,248000.0,2326,0.0,0.0
2025-02-14 09:25:00+09:00,247500.0,248000.0,247500.0,248000.0,789,0.0,0.0
2025-02-14 09:26:00+09:00,247500.0,248000.0,247500.0,247500.0,1113,0.0,0.0
2025-02-14 09:27:00+09:00,247500.0,248000.0,247500.0,247500.0,1390,0.0,0.0
2025-02-14 09:28:00+09:00,247500.0,248000.0,247500.0,247500.0,656,0.0,0.0
2025-02-14 09:29:00+09:00,247500.0,248000.0,247000.0,247500.0,714,0.0,0.0
2025-02-14 09:30:00+09:00,247000.0,247500.0,247000.0,247000.0,505,0.0,0.0
2025-02-14 09:31:00+09:00,247000.0,247500.0,245500.0,245500.0,5434,0.0,0.0
2025-02-14 09:32:00+09:00,245500.0,246000.0,245500.0,246000.0,728,0.0,0.0
2025-02-14 09:33:00+09:00,246000.0,246000.0,245500.0,245500.0,828,0.0,0.0
2025-02-14 09:34:00+09:00,245500.0,246500.0,245500.0,246500.0,2355,0.0,0.0
2025-02-14 09:35:00+09:00,246500.0,246500.0,245500.0,245500.0,857,0.0,0.0
2025-02-14 09:36:00+09:00,245500.0,246000.0,245500.0,246000.0,1173,0.0,0.0
2025-02-14 09:37:00+09:00,245500.0,246000.0,245500.0,245500.0,630,0.0,0.0
2025-02-14 09:38:00+09:00,245000.0,245500.0,245000.0,245000.0,477,0.0,0.0
2025-02-14 09:39:00+09:00,245000.0,245500.0,245000.0,245000.0,2637,0.0,0.0
2025-02-14 09:40:00+09:00,245000.0,245500.0,245000.0,245000.0,1550,0.0,0.0
2025-02-14 09:41:00+09:00,245000.0,246000.0,245000.0,245500.0,1058,0.0,0.0
2025-02-14 09:42:00+09:00,245500.0,245500.0,245000.0,245000.0,802,0.0,0.0
2025-02-14 09:43:00+09:00,245000.0,246000.0,245000.0,245000.0,777,0.0,0.0
2025-02-14 09:44:00+09:00,245500.0,246000.0,245000.0,246000.0,298,0.0,0.0
2025-02-14 09:45:00+09:00,245500.0,246000.0,245000.0,245500.0,795,0.0,0.0
2025-02-14 09:46:00+09:00,245500.0,245500.0,245000.0,245000.0,476,0.0,0.0
2025-02-14 09:47:00+09:00,245000.0,245500.0,245000.0,245000.0,649,0.0,0.0
2025-02-14 09:48:00+09:00,245000.0,245500.0,244500.0,245500.0,1993,0.0,0.0
2025-02-14 09:49:00+09:00,245000.0,245500.0,245000.0,245500.0,1078,0.0,0.0
2025-02-14 09:50:00+09:00,245500.0,245500.0,245000.0,245500.0,402,0.0,0.0
2025-02-14 09:51:00+09:00,245500.0,245500.0,245000.0,245000.0,112,0.0,0.0
2025-02-14 09:52:00+09:00,245000.0,245500.0,245000.0,245000.0,257,0.0,0.0
2025-02-14 09:53:00+09:00,245000.0,246000.0,245000.0,245500.0,1940,0.0,0.0
2025-02-14 09:54:00+09:00,245500.0,246000.0,245500.0,246000.0,168,0.0,0.0
2025-02-14 09:55:00+09:00,245500.0,246000.0,245500.0,246000.0,188,0.0,0.0
2025-02-14 09:56:00+09:00,246000.0,246500.0,245500.0,246000.0,1428,0.0,0.0
2025-02-14 09:57:00+09:00,246000.0,246500.0,245500.0,246000.0,740,0.0,0.0
2025-02-14 09:58:00+09:00,246000.0,246500.0,246000.0,246000.0,665,0.0,0.0
2025-02-14 09:59:00+09:00,246500.0,246500.0,246000.0,246500.0,150,0.0,0.0
2025-02-14 10:00:00+09:00,246500.0,246500.0,246000.0,246500.0,104,0.0,0.0
2025-02-14 10:01:00+09:00,246000.0,246500.0,246000.0,246500.0,1005,0.0,0.0
2025-02-14 10:02:00+09:00,246000.0,246500.0,246000.0,246500.0,1214,0.0,0.0
2025-02-14 10:03:00+09:00,246000.0,246500.0,245500.0,245500.0,1391,0.0,0.0
2025-02-14 10:04:00+09:00,245500.0,246000.0,245500.0,245500.0,101,0.0,0.0
2025-02-14 10:05:00+09:00,245500.0,246000.0,245500.0,246000.0,354,0.0,0.0
2025-02-14 10:06:00+09:00,245500.0,246500.0,245500.0,246000.0,1424,0.0,0.0
2025-02-14 10:07:00+09:00,246000.0,246500.0,245500.0,245500.0,320,0.0,0.0
2025-02-14 10:08:00+09:00,246000.0,246000.0,245500.0,246000.0,103,0.0,0.0
2025-02-14 10:09:00+09:00,246000.0,246000.0,245500.0,246000.0,628,0.0,0.0
2025-02-14 10:10:00+09:00,246000.0,246000.0,245500.0,246000.0,239,0.0,0.0
2025-02-14 10:11:00+09:00,245500.0,246000.0,245500.0,245500.0,108,0.0,0.0
2025-02-14 10:12:00+09:00,245500.0,246000.0,245000.0,245500.0,2393,0.0,0.0
2025-02-14 10:13:00+09:00,245000.0,245500.0,245000.0,245000.0,58,0.0,0.0
2025-02-14 10:14:00+09:00,245000.0,245500.0,244500.0,244500.0,1055,0.0,0.0
2025-02-14 10:15:00+09:00,245000.0,245000.0,244500.0,244500.0,969,0.0,0.0
2025-02-14 10:16:00+09:00,244500.0,245000.0,244500.0,244500.0,211,0.0,0.0
2025-02-14 10:17:00+09:00,244500.0,245000.0,244500.0,245000.0,383,0.0,0.0
2025-02-14 10:18:00+09:00,244500.0,245000.0,244500.0,244500.0,133,0.0,0.0
2025-02-14 10:19:00+09:00,244500.0,245000.0,244500.0,245000.0,159,0.0,0.0
2025-02-14 10:20:00+09:00,245000.0,245000.0,244500.0,244500.0,524,0.0,0.0
2025-02-14 10:21:00+09:00,245000.0,245000.0,244500.0,245000.0,121,0.0,0.0
2025-02-14 10:22:00+09:00,244500.0,245000.0,244000.0,244500.0,1252,0.0,0.0
2025-02-14 10:23:00+09:00,244000.0,244500.0,244000.0,244500.0,234,0.0,0.0
2025-02-14 10:24:00+09:00,244000.0,245000.0,244000.0,244500.0,2080,0.0,0.0
2025-02-14 10:25:00+09:00,245000.0,245000.0,244500.0,245000.0,84,0.0,0.0
2025-02-14 10:26:00+09:00,245000.0,245000.0,244500.0,245000.0,629,0.0,0.0
2025-02-14 10:27:00+09:00,244500.0,245000.0,244500.0,244500.0,168,0.0,0.0
2025-02-14 10:28:00+09:00,245000.0,245000.0,244500.0,245000.0,61,0.0,0.0
2025-02-14 10:29:00+09:00,245000.0,245000.0,244500.0,245000.0,198,0.0,0.0
2025-02-14 10:30:00+09:00,244500.0,245500.0,244500.0,245000.0,749,0.0,0.0
2025-02-14 10:31:00+09:00,245000.0,245500.0,245000.0,245500.0,162,0.0,0.0
2025-02-14 10:32:00+09:00,245000.0,245000.0,244500.0,245000.0,507,0.0,0.0
2025-02-14 10:33:00+09:00,245000.0,245000.0,244500.0,245000.0,102,0.0,0.0
2025-02-14 10:34:00+09:00,245000.0,245000.0,244500.0,245000.0,117,0.0,0.0
2025-02-14 10:35:00+09:00,245000.0,245000.0,244000.0,244500.0,2711,0.0,0.0
2025-02-14 10:36:00+09:00,244500.0,244500.0,244000.0,244500.0,174,0.0,0.0
2025-02-14 10:37:00+09:00,244000.0,244500.0,244000.0,244500.0,49,0.0,0.0
2025-02-14 10:38:00+09:00,244000.0,244500.0,244000.0,244500.0,117,0.0,0.0
2025-02-14 10:39:00+09:00,244000.0,244500.0,244000.0,244500.0,216,0.0,0.0
2025-02-14 10:40:00+09:00,244000.0,244500.0,244000.0,244000.0,595,0.0,0.0
2025-02-14 10:41:00+09:00,244000.0,245000.0,244000.0,245000.0,182,0.0,0.0
2025-02-14 10:42:00+09:00,244500.0,245000.0,244500.0,244500.0,144,0.0,0.0
2025-02-14 10:43:00+09:00,245000.0,245000.0,244500.0,244500.0,152,0.0,0.0
2025-02-14 10:44:00+09:00,245000.0,245000.0,244500.0,244500.0,85,0.0,0.0
2025-02-14 10:45:00+09:00,244500.0,245000.0,244000.0,244000.0,1169,0.0,0.0
2025-02-14 10:46:00+09:00,244500.0,244500.0,244000.0,244500.0,205,0.0,0.0
2025-02-14 10:47:00+09:00,244500.0,245000.0,244000.0,244500.0,999,0.0,0.0
2025-02-14 10:48:00+09:00,244500.0,245000.0,244500.0,245000.0,2119,0.0,0.0
2025-02-14 10:49:00+09:00,245000.0,245500.0,244500.0,245000.0,1261,0.0,0.0
2025-02-14 10:50:00+09:00,245500.0,245500.0,245000.0,245500.0,172,0.0,0.0
2025-02-14 10:51:00+09:00,245500.0,245500.0,245000.0,245500.0,81,0.0,0.0
2025-02-14 10:52:00+09:00,245500.0,245500.0,245000.0,245000.0,362,0.0,0.0
2025-02-14 10:53:00+09:00,245500.0,246000.0,245000.0,245500.0,1319,0.0,0.0
2025-02-14 10:54:00+09:00,245000.0,245500.0,245000.0,245500.0,296,0.0,0.0
2025-02-14 10:55:00+09:00,246000.0,246000.0,245500.0,245500.0,55,0.0,0.0
2025-02-14 10:56:00+09:00,245500.0,246000.0,245500.0,246000.0,162,0.0,0.0
2025-02-14 10:57:00+09:00,246000.0,246000.0,245500.0,245500.0,473,0.0,0.0
2025-02-14 10:58:00+09:00,246000.0,246000.0,245500.0,246000.0,203,0.0,0.0
2025-02-14 10:59:00+09:00,246000.0,246000.0,245500.0,245500.0,67,0.0,0.0
2025-02-14 11:00:00+09:00,246000.0,246000.0,245500.0,246000.0,345,0.0,0.0
2025-02-14 11:01:00+09:00,246000.0,246000.0,245500.0,246000.0,366,0.0,0.0
2025-02-14 11:02:00+09:00,246000.0,246000.0,245500.0,246000.0,251,0.0,0.0
2025-02-14 11:03:00+09:00,245500.0,246000.0,245500.0,246000.0,36,0.0,0.0
2025-02-14 11:04:00+09:00,246000.0,246000.0,245500.0,246000.0,158,0.0,0.0
2025-02-14 11:05:00+09:00,246000.0,246500.0,245500.0,246500.0,729,0.0,0.0
2025-02-14 11:06:00+09:00,246500.0,246500.0,246000.0,246500.0,186,0.0,0.0
2025-02-14 11:07:00+09:00,246500.0,246500.0,246000.0,246500.0,112,0.0,0.0
2025-02-14 11:08:00+09:00,246000.0,246500.0,245500.0,246000.0,1082,0.0,0.0
2025-02-14 11:09:00+09:00,246000.0,246000.0,245500.0,246000.0,109,0.0,0.0
2025-02-14 11:10:00+09:00,246500.0,246500.0,246000.0,246500.0,221,0.0,0.0
2025-02-14 11:11:00+09:00,246500.0,246500.0,246000.0,246000.0,245,0.0,0.0
2025-02-14 11:12:00+09:00,246500.0,246500.0,246000.0,246500.0,72,0.0,0.0
2025-02-14 11:13:00+09:00,246500.0,246500.0,246000.0,246500.0,400,0.0,0.0
2025-02-14 11:14:00+09:00,246500.0,246500.0,246000.0,246000.0,76,0.0,0.0
2025-02-14 11:15:00+09:00,246000.0,246500.0,246000.0,246500.0,111,0.0,0.0
2025-02-14 11:16:00+09:00,246500.0,246500.0,246000.0,246000.0,100,0.0,0.0
2025-02-14 11:17:00+09:00,246500.0,246500.0,246000.0,246500.0,59,0.0,0.0
2025-02-14 11:18:00+09:00,246000.0,246500.0,246000.0,246500.0,55,0.0,0.0
2025-02-14 11:19:00+09:00,246500.0,246500.0,246000.0,246500.0,54,0.0,0.0
2025-02-14 11:20:00+09:00,246500.0,246500.0,246000.0,246500.0,861,0.0,0.0
2025-02-14 11:21:00+09:00,246500.0,246500.0,246000.0,246500.0,81,0.0,0.0
2025-02-14 11:22:00+09:00,246500.0,246500.0,246000.0,246500.0,312,0.0,0.0
2025-02-14 11:23:00+09:00,246500.0,246500.0,246000.0,246500.0,85,0.0,0.0
2025-02-14 11:24:00+09:00,246500.0,246500.0,246000.0,246500.0,278,0.0,0.0
2025-02-14 11:25:00+09:00,246500.0,246500.0,246000.0,246500.0,316,0.0,0.0
2025-02-14 11:26:00+09:00,246500.0,246500.0,246000.0,246500.0,73,0.0,0.0
2025-02-14 11:27:00+09:00,246000.0,246500.0,246000.0,246500.0,116,0.0,0.0
2025-02-14 11:28:00+09:00,246500.0,246500.0,246000.0,246500.0,212,0.0,0.0
2025-02-14 11:29:00+09:00,246000.0,247000.0,246000.0,246500.0,408,0.0,0.0
2025-02-14 11:30:00+09:00,246000.0,246500.0,246000.0,246500.0,644,0.0,0.0
2025-02-14 11:31:00+09:00,246500.0,246500.0,246000.0,246500.0,121,0.0,0.0
2025-02-14 11:32:00+09:00,246500.0,246500.0,246000.0,246000.0,628,0.0,0.0
2025-02-14 11:33:00+09:00,246500.0,246500.0,246000.0,246500.0,57,0.0,0.0
2025-02-14 11:34:00+09:00,246500.0,247000.0,246000.0,247000.0,220,0.0,0.0
2025-02-14 11:35:00+09:00,247000.0,247000.0,246500.0,247000.0,155,0.0,0.0
2025-02-14 11:36:00+09:00,247000.0,247000.0,246500.0,247000.0,595,0.0,0.0
2025-02-14 11:37:00+09:00,246500.0,247000.0,246500.0,247000.0,437,0.0,0.0
2025-02-14 11:38:00+09:00,247000.0,247000.0,246500.0,247000.0,423,0.0,0.0
2025-02-14 11:39:00+09:00,247000.0,247000.0,246500.0,246500.0,143,0.0,0.0
2025-02-14 11:40:00+09:00,246500.0,247000.0,246500.0,247000.0,119,0.0,0.0
2025-02-14 11:41:00+09:00,247000.0,247000.0,246500.0,246500.0,72,0.0,0.0
2025-02-14 11:42:00+09:00,246500.0,247500.0,246500.0,247500.0,3578,0.0,0.0
2025-02-14 11:43:00+09:00,247500.0,248000.0,247000.0,248000.0,1546,0.0,0.0
2025-02-14 11:44:00+09:00,248000.0,248000.0,247500.0,248000.0,169,0.0,0.0
2025-02-14 11:45:00+09:00,248000.0,248000.0,247500.0,248000.0,248,0.0,0.0
2025-02-14 11:46:00+09:00,248000.0,248000.0,247500.0,248000.0,252,0.0,0.0
2025-02-14 11:47:00+09:00,248000.0,248000.0,247500.0,247500.0,227,0.0,0.0
2025-02-14 11:48:00+09:00,248000.0,248000.0,247500.0,247500.0,135,0.0,0.0
2025-02-14 11:49:00+09:00,248000.0,248000.0,247500.0,248000.0,872,0.0,0.0
2025-02-14 11:50:00+09:00,248000.0,248000.0,247500.0,248000.0,196,0.0,0.0
2025-02-14 11:51:00+09:00,248000.0,248000.0,247500.0,248000.0,309,0.0,0.0
2025-02-14 11:52:00+09:00,247500.0,248000.0,247500.0,248000.0,368,0.0,0.0
2025-02-14 11:53:00+09:00,248000.0,248000.0,247500.0,248000.0,744,0.0,0.0
2025-02-14 11:54:00+09:00,248000.0,248000.0,247500.0,248000.0,155,0.0,0.0
2025-02-14 11:55:00+09:00,248000.0,248000.0,247500.0,248000.0,157,0.0,0.0
2025-02-14 11:56:00+09:00,248000.0,248000.0,247500.0,248000.0,164,0.0,0.0
2025-02-14 11:57:00+09:00,248000.0,248000.0,247500.0,248000.0,1245,0.0,0.0
2025-02-14 11:58:00+09:00,248000.0,248000.0,247500.0,248000.0,141,0.0,0.0
2025-02-14 11:59:00+09:00,248000.0,248000.0,247500.0,248000.0,822,0.0,0.0
2025-02-14 12:00:00+09:00,248000.0,248000.0,247500.0,248000.0,593,0.0,0.0
2025-02-14 12:01:00+09:00,248000.0,248000.0,247500.0,248000.0,394,0.0,0.0
2025-02-14 12:02:00+09:00,248000.0,248000.0,247500.0,248000.0,143,0.0,0.0
2025-02-14 12:03:00+09:00,248000.0,248000.0,247500.0,248000.0,391,0.0,0.0
2025-02-14 12:04:00+09:00,247500.0,248000.0,247500.0,248000.0,153,0.0,0.0
2025-02-14 12:05:00+09:00,248000.0,248000.0,247500.0,248000.0,112,0.0,0.0
2025-02-14 12:06:00+09:00,247500.0,248000.0,247500.0,248000.0,461,0.0,0.0
2025-02-14 12:07:00+09:00,247500.0,248000.0,247500.0,247500.0,234,0.0,0.0
2025-02-14 12:08:00+09:00,248000.0,248000.0,247500.0,248000.0,171,0.0,0.0
2025-02-14 12:09:00+09:00,248000.0,248000.0,247500.0,247500.0,389,0.0,0.0
2025-02-14 12:10:00+09:00,248000.0,248000.0,247000.0,247000.0,2971,0.0,0.0
2025-02-14 12:11:00+09:00,247000.0,247500.0,247000.0,247000.0,269,0.0,0.0
2025-02-14 12:12:00+09:00,247000.0,247500.0,247000.0,247000.0,733,0.0,0.0
2025-02-14 12:13:00+09:00,247000.0,247500.0,246500.0,247000.0,385,0.0,0.0
2025-02-14 12:14:00+09:00,247000.0,247000.0,246500.0,247000.0,44,0.0,0.0
2025-02-14 12:15:00+09:00,247000.0,247000.0,246500.0,246500.0,134,0.0,0.0
2025-02-14 12:16:00+09:00,247000.0,247000.0,246500.0,246500.0,250,0.0,0.0
2025-02-14 12:17:00+09:00,247000.0,247000.0,246500.0,247000.0,102,0.0,0.0
2025-02-14 12:18:00+09:00,247000.0,247000.0,246500.0,247000.0,73,0.0,0.0
2025-02-14 12:19:00+09:00,247000.0,247000.0,246500.0,246500.0,68,0.0,0.0
2025-02-14 12:20:00+09:00,247000.0,247000.0,246500.0,247000.0,165,0.0,0.0
2025-02-14 12:21:00+09:00,247000.0,247000.0,246500.0,246500.0,32,0.0,0.0
2025-02-14 12:22:00+09:00,247000.0,247000.0,246500.0,247000.0,101,0.0,0.0
2025-02-14 12:23:00+09:00,246500.0,247000.0,246500.0,246500.0,100,0.0,0.0
2025-02-14 12:24:00+09:00,246500.0,247000.0,246500.0,246500.0,163,0.0,0.0
2025-02-14 12:25:00+09:00,247000.0,247000.0,246500.0,247000.0,122,0.0,0.0
2025-02-14 12:26:00+09:00,247000.0,247000.0,246500.0,246500.0,113,0.0,0.0
2025-02-14 12:27:00+09:00,247000.0,247000.0,246500.0,247000.0,153,0.0,0.0
2025-02-14 12:28:00+09:00,247000.0,247000.0,246500.0,246500.0,609,0.0,0.0
2025-02-14 12:29:00+09:00,247000.0,247000.0,246500.0,246500.0,110,0.0,0.0
2025-02-14 12:30:00+09:00,246500.0,247000.0,246500.0,247000.0,111,0.0,0.0
2025-02-14 12:31:00+09:00,246500.0,247000.0,246500.0,247000.0,227,0.0,0.0
2025-02-14 12:32:00+09:00,246500.0,247000.0,246500.0,246500.0,244,0.0,0.0
2025-02-14 12:33:00+09:00,246500.0,247000.0,246500.0,247000.0,168,0.0,0.0
2025-02-14 12:34:00+09:00,247000.0,247000.0,246500.0,247000.0,73,0.0,0.0
2025-02-14 12:35:00+09:00,247000.0,247500.0,246500.0,247000.0,2114,0.0,0.0
2025-02-14 12:36:00+09:00,247000.0,247500.0,247000.0,247500.0,70,0.0,0.0
2025-02-14 12:37:00+09:00,247000.0,247500.0,247000.0,247500.0,186,0.0,0.0
2025-02-14 12:38:00+09:00,247000.0,247500.0,247000.0,247500.0,659,0.0,0.0
2025-02-14 12:39:00+09:00,247000.0,247500.0,247000.0,247500.0,98,0.0,0.0
2025-02-14 12:40:00+09:00,247500.0,247500.0,247000.0,247000.0,190,0.0,0.0
2025-02-14 12:41:00+09:00,247500.0,247500.0,247000.0,247500.0,110,0.0,0.0
2025-02-14 12:42:00+09:00,247500.0,247500.0,247000.0,247500.0,96,0.0,0.0
2025-02-14 12:43:00+09:00,247500.0,247500.0,247000.0,247500.0,125,0.0,0.0
2025-02-14 12:44:00+09:00,247500.0,247500.0,247000.0,247500.0,70,0.0,0.0
2025-02-14 12:45:00+09:00,247500.0,247500.0,247000.0,247500.0,105,0.0,0.0
2025-02-14 12:46:00+09:00,247500.0,247500.0,247000.0,247500.0,376,0.0,0.0
2025-02-14 12:47:00+09:00,247500.0,247500.0,247000.0,247000.0,130,0.0,0.0
2025-02-14 12:48:00+09:00,247000.0,247500.0,247000.0,247500.0,95,0.0,0.0
2025-02-14 12:49:00+09:00,247500.0,247500.0,247000.0,247000.0,112,0.0,0.0
2025-02-14 12:50:00+09:00,247500.0,248000.0,247000.0,247500.0,929,0.0,0.0
2025-02-14 12:51:00+09:00,248000.0,248000.0,247500.0,248000.0,397,0.0,0.0
2025-02-14 12:52:00+09:00,248000.0,248000.0,247500.0,247500.0,119,0.0,0.0
2025-02-14 12:53:00+09:00,247500.0,248000.0,247500.0,248000.0,61,0.0,0.0
2025-02-14 12:54:00+09:00,247500.0,248000.0,247500.0,248000.0,459,0.0,0.0
2025-02-14 12:55:00+09:00,248000.0,248000.0,247500.0,248000.0,74,0.0,0.0
2025-02-14 12:56:00+09:00,247500.0,248000.0,247000.0,247500.0,2269,0.0,0.0
2025-02-14 12:57:00+09:00,247500.0,248500.0,247500.0,248000.0,5697,0.0,0.0
2025-02-14 12:58:00+09:00,248000.0,248500.0,248000.0,248500.0,261,0.0,0.0
2025-02-14 12:59:00+09:00,248500.0,248500.0,248000.0,248000.0,424,0.0,0.0
2025-02-14 13:00:00+09:00,248500.0,248500.0,248000.0,248500.0,203,0.0,0.0
2025-02-14 13:01:00+09:00,248500.0,249000.0,248500.0,249000.0,4751,0.0,0.0
2025-02-14 13:02:00+09:00,249000.0,249000.0,248500.0,248500.0,207,0.0,0.0
2025-02-14 13:03:00+09:00,248500.0,249000.0,248500.0,248500.0,93,0.0,0.0
2025-02-14 13:04:00+09:00,249000.0,249000.0,248500.0,248500.0,856,0.0,0.0
2025-02-14 13:05:00+09:00,249000.0,249000.0,248500.0,249000.0,2379,0.0,0.0
2025-02-14 13:06:00+09:00,249000.0,249500.0,248500.0,249500.0,682,0.0,0.0
2025-02-14 13:07:00+09:00,249500.0,249500.0,249000.0,249500.0,432,0.0,0.0
2025-02-14 13:08:00+09:00,249500.0,249500.0,249000.0,249500.0,343,0.0,0.0
2025-02-14 13:09:00+09:00,249000.0,249500.0,249000.0,249500.0,306,0.0,0.0
2025-02-14 13:10:00+09:00,249000.0,249500.0,248500.0,249000.0,2323,0.0,0.0
2025-02-14 13:11:00+09:00,249000.0,249000.0,248500.0,249000.0,1307,0.0,0.0
2025-02-14 13:12:00+09:00,249000.0,249000.0,248500.0,249000.0,1379,0.0,0.0
2025-02-14 13:13:00+09:00,249000.0,249000.0,248500.0,249000.0,337,0.0,0.0
2025-02-14 13:14:00+09:00,249000.0,249000.0,248500.0,249000.0,361,0.0,0.0
2025-02-14 13:15:00+09:00,249000.0,249000.0,248000.0,248500.0,1172,0.0,0.0
2025-02-14 13:16:00+09:00,248500.0,248500.0,248000.0,248500.0,201,0.0,0.0
2025-02-14 13:17:00+09:00,248500.0,249000.0,248000.0,249000.0,174,0.0,0.0
2025-02-14 13:18:00+09:00,249000.0,249000.0,248500.0,249000.0,54,0.0,0.0
2025-02-14 13:19:00+09:00,249000.0,249000.0,248500.0,249000.0,178,0.0,0.0
2025-02-14 13:20:00+09:00,248500.0,249000.0,248500.0,248500.0,156,0.0,0.0
2025-02-14 13:21:00+09:00,248500.0,249000.0,248500.0,249000.0,157,0.0,0.0
2025-02-14 13:22:00+09:00,249000.0,249000.0,248000.0,248500.0,684,0.0,0.0
2025-02-14 13:23:00+09:00,248500.0,248500.0,248000.0,248500.0,158,0.0,0.0
2025-02-14 13:24:00+09:00,248500.0,248500.0,248000.0,248000.0,48,0.0,0.0
2025-02-14 13:25:00+09:00,248000.0,248500.0,248000.0,248500.0,353,0.0,0.0
2025-02-14 13:26:00+09:00,248500.0,248500.0,248000.0,248500.0,84,0.0,0.0
2025-02-14 13:27:00+09:00,248000.0,248500.0,248000.0,248500.0,371,0.0,0.0
2025-02-14 13:28:00+09:00,248000.0,248500.0,248000.0,248000.0,102,0.0,0.0
2025-02-14 13:29:00+09:00,248500.0,248500.0,248000.0,248500.0,167,0.0,0.0
2025-02-14 13:30:00+09:00,248500.0,248500.0,248000.0,248500.0,207,0.0,0.0
2025-02-14 13:31:00+09:00,248500.0,248500.0,248000.0,248500.0,212,0.0,0.0
2025-02-14 13:32:00+09:00,248500.0,248500.0,248000.0,248500.0,247,0.0,0.0
2025-02-14 13:33:00+09:00,248500.0,248500.0,248000.0,248500.0,160,0.0,0.0
2025-02-14 13:34:00+09:00,248500.0,248500.0,248000.0,248000.0,94,0.0,0.0
2025-02-14 13:35:00+09:00,248500.0,248500.0,248000.0,248500.0,217,0.0,0.0
2025-02-14 13:36:00+09:00,248000.0,248500.0,248000.0,248500.0,142,0.0,0.0
2025-02-14 13:37:00+09:00,248500.0,248500.0,248000.0,248000.0,186,0.0,0.0
2025-02-14 13:38:00+09:00,248000.0,248500.0,248000.0,248500.0,272,0.0,0.0
2025-02-14 13:39:00+09:00,248500.0,248500.0,248000.0,248000.0,130,0.0,0.0
2025-02-14 13:40:00+09:00,248500.0,248500.0,248000.0,248000.0,216,0.0,0.0
2025-02-14 13:41:00+09:00,248500.0,248500.0,248000.0,248500.0,157,0.0,0.0
2025-02-14 13:42:00+09:00,248000.0,248500.0,248000.0,248500.0,150,0.0,0.0
2025-02-14 13:43:00+09:00,248000.0,248500.0,248000.0,248500.0,248,0.0,0.0
2025-02-14 13:44:00+09:00,248000.0,248500.0,248000.0,248500.0,223,0.0,0.0
2025-02-14 13:45:00+09:00,248500.0,248500.0,248000.0,248000.0,95,0.0,0.0
2025-02-14 13:46:00+09:00,248500.0,248500.0,248000.0,248500.0,68,0.0,0.0
2025-02-14 13:47:00+09:00,248000.0,248500.0,247500.0,248000.0,4436,0.0,0.0
2025-02-14 13:48:00+09:00,248000.0,248000.0,247500.0,247500.0,191,0.0,0.0
2025-02-14 13:49:00+09:00,247500.0,248000.0,247500.0,247500.0,221,0.0,0.0
2025-02-14 13:50:00+09:00,248000.0,248000.0,247500.0,248000.0,239,0.0,0.0
2025-02-14 13:51:00+09:00,247500.0,248000.0,247500.0,247500.0,140,0.0,0.0
2025-02-14 13:52:00+09:00,248000.0,248000.0,247500.0,248000.0,132,0.0,0.0
2025-02-14 13:53:00+09:00,247500.0,248000.0,247500.0,248000.0,165,0.0,0.0
2025-02-14 13:54:00+09:00,248000.0,248000.0,247500.0,248000.0,404,0.0,0.0
2025-02-14 13:55:00+09:00,248000.0,248000.0,247500.0,248000.0,115,0.0,0.0
2025-02-14 13:56:00+09:00,248000.0,248000.0,247500.0,248000.0,1271,0.0,0.0
2025-02-14 13:57:00+09:00,248000.0,248000.0,247500.0,248000.0,113,0.0,0.0
2025-02-14 13:58:00+09:00,247500.0,248000.0,247500.0,248000.0,201,0.0,0.0
2025-02-14 13:59:00+09:00,247500.0,248000.0,247500.0,248000.0,160,0.0,0.0
2025-02-14 14:00:00+09:00,247500.0,248000.0,247500.0,247500.0,578,0.0,0.0
2025-02-14 14:01:00+09:00,247500.0,248000.0,247500.0,248000.0,116,0.0,0.0
2025-02-14 14:02:00+09:00,247500.0,248000.0,247500.0,248000.0,159,0.0,0.0
2025-02-14 14:03:00+09:00,248000.0,248000.0,247500.0,248000.0,393,0.0,0.0
2025-02-14 14:04:00+09:00,248000.0,248000.0,247500.0,247500.0,204,0.0,0.0
2025-02-14 14:05:00+09:00,247500.0,248500.0,247500.0,248500.0,1109,0.0,0.0
2025-02-14 14:06:00+09:00,248500.0,248500.0,247500.0,248000.0,119,0.0,0.0
2025-02-14 14:07:00+09:00,247500.0,248000.0,247500.0,247500.0,70,0.0,0.0
2025-02-14 14:08:00+09:00,247500.0,248000.0,247500.0,248000.0,88,0.0,0.0
2025-02-14 14:09:00+09:00,248000.0,248000.0,247500.0,248000.0,447,0.0,0.0
2025-02-14 14:10:00+09:00,248000.0,248000.0,247500.0,247500.0,137,0.0,0.0
2025-02-14 14:11:00+09:00,247500.0,248000.0,247500.0,247500.0,54,0.0,0.0
2025-02-14 14:12:00+09:00,247500.0,248000.0,247500.0,248000.0,465,0.0,0.0
2025-02-14 14:13:00+09:00,248000.0,248000.0,247500.0,248000.0,659,0.0,0.0
2025-02-14 14:14:00+09:00,247500.0,248000.0,247500.0,248000.0,294,0.0,0.0
2025-02-14 14:15:00+09:00,247500.0,248000.0,247500.0,247500.0,132,0.0,0.0
2025-02-14 14:16:00+09:00,247500.0,248000.0,247500.0,248000.0,176,0.0,0.0
2025-02-14 14:17:00+09:00,247500.0,248000.0,247500.0,248000.0,125,0.0,0.0
2025-02-14 14:18:00+09:00,248000.0,248000.0,247000.0,247000.0,502,0.0,0.0
2025-02-14 14:19:00+09:00,247000.0,247500.0,247000.0,247500.0,132,0.0,0.0
2025-02-14 14:20:00+09:00,247000.0,247500.0,247000.0,247000.0,374,0.0,0.0
2025-02-14 14:21:00+09:00,247500.0,247500.0,247000.0,247000.0,177,0.0,0.0
2025-02-14 14:22:00+09:00,247500.0,247500.0,247000.0,247000.0,180,0.0,0.0
2025-02-14 14:23:00+09:00,247000.0,248000.0,247000.0,248000.0,548,0.0,0.0
2025-02-14 14:24:00+09:00,248000.0,248000.0,247500.0,247500.0,128,0.0,0.0
2025-02-14 14:25:00+09:00,248000.0,248000.0,247500.0,248000.0,102,0.0,0.0
2025-02-14 14:26:00+09:00,247500.0,248000.0,247500.0,247500.0,425,0.0,0.0
2025-02-14 14:27:00+09:00,247500.0,248000.0,247500.0,247500.0,1250,0.0,0.0
2025-02-14 14:28:00+09:00,248000.0,248000.0,247000.0,247500.0,569,0.0,0.0
2025-02-14 14:29:00+09:00,247000.0,247500.0,247000.0,247500.0,152,0.0,0.0
2025-02-14 14:30:00+09:00,247000.0,247500.0,247000.0,247500.0,267,0.0,0.0
2025-02-14 14:31:00+09:00,247500.0,247500.0,247000.0,247000.0,463,0.0,0.0
2025-02-14 14:32:00+09:00,247000.0,247500.0,247000.0,247000.0,1329,0.0,0.0
2025-02-14 14:33:00+09:00,247500.0,247500.0,247000.0,247000.0,218,0.0,0.0
2025-02-14 14:34:00+09:00,247000.0,247500.0,246500.0,246500.0,1279,0.0,0.0
2025-02-14 14:35:00+09:00,246500.0,247000.0,246500.0,247000.0,116,0.0,0.0
2025-02-14 14:36:00+09:00,247000.0,247000.0,246500.0,247000.0,180,0.0,0.0
2025-02-14 14:37:00+09:00,246500.0,247000.0,246500.0,247000.0,592,0.0,0.0
2025-02-14 14:38:00+09:00,246500.0,247000.0,246500.0,247000.0,75,0.0,0.0
2025-02-14 14:39:00+09:00,247000.0,247000.0,246500.0,247000.0,290,0.0,0.0
2025-02-14 14:40:00+09:00,246500.0,247000.0,246500.0,246500.0,153,0.0,0.0
2025-02-14 14:41:00+09:00,246500.0,247000.0,246500.0,247000.0,91,0.0,0.0
2025-02-14 14:42:00+09:00,246500.0,247000.0,246500.0,246500.0,348,0.0,0.0
2025-02-14 14:43:00+09:00,247000.0,247000.0,246500.0,246500.0,132,0.0,0.0
2025-02-14 14:44:00+09:00,246500.0,247500.0,246500.0,247000.0,1037,0.0,0.0
2025-02-14 14:45:00+09:00,247500.0,247500.0,247000.0,247000.0,209,0.0,0.0
2025-02-14 14:46:00+09:00,247500.0,247500.0,247000.0,247000.0,206,0.0,0.0
2025-02-14 14:47:00+09:00,247000.0,247500.0,246500.0,247500.0,1194,0.0,0.0
2025-02-14 14:48:00+09:00,246500.0,247500.0,246500.0,247000.0,225,0.0,0.0
2025-02-14 14:49:00+09:00,247000.0,247500.0,247000.0,247500.0,216,0.0,0.0
2025-02-14 14:50:00+09:00,247000.0,247500.0,246500.0,246500.0,728,0.0,0.0
2025-02-14 14:51:00+09:00,247000.0,247000.0,246500.0,246500.0,126,0.0,0.0
2025-02-14 14:52:00+09:00,247000.0,247000.0,246500.0,246500.0,187,0.0,0.0
2025-02-14 14:53:00+09:00,246500.0,247000.0,246500.0,247000.0,87,0.0,0.0
2025-02-14 14:54:00+09:00,247000.0,247000.0,246500.0,246500.0,124,0.0,0.0
2025-02-14 14:55:00+09:00,246500.0,247000.0,246500.0,247000.0,220,0.0,0.0
2025-02-14 14:56:00+09:00,246500.0,247000.0,246500.0,247000.0,149,0.0,0.0
2025-02-14 14:57:00+09:00,246500.0,247000.0,246500.0,246500.0,97,0.0,0.0
2025-02-14 14:58:00+09:00,246500.0,247000.0,246500.0,246500.0,292,0.0,0.0
2025-02-14 14:59:00+09:00,247000.0,247000.0,246500.0,246500.0,223,0.0,0.0
2025-02-17 09:00:00+09:00,247000.0,248500.0,246500.0,246500.0,0,0.0,0.0
2025-02-17 09:01:00+09:00,246500.0,247500.0,246000.0,246000.0,1613,0.0,0.0
2025-02-17 09:02:00+09:00,246000.0,247500.0,246000.0,247000.0,1909,0.0,0.0
2025-02-17 09:03:00+09:00,247500.0,247500.0,247000.0,247500.0,819,0.0,0.0
2025-02-17 09:04:00+09:00,247500.0,248000.0,247500.0,248000.0,1017,0.0,0.0
2025-02-17 09:05:00+09:00,247500.0,248500.0,247500.0,248000.0,2203,0.0,0.0
2025-02-17 09:06:00+09:00,248000.0,248500.0,247500.0,247500.0,1073,0.0,0.0
2025-02-17 09:07:00+09:00,248000.0,248500.0,247500.0,248000.0,2464,0.0,0.0
2025-02-17 09:08:00+09:00,248500.0,248500.0,247500.0,248000.0,2652,0.0,0.0
2025-02-17 09:09:00+09:00,248000.0,248000.0,247000.0,247000.0,2906,0.0,0.0
2025-02-17 09:10:00+09:00,247000.0,247500.0,246000.0,247000.0,5533,0.0,0.0
2025-02-17 09:11:00+09:00,247000.0,247500.0,247000.0,247000.0,542,0.0,0.0
2025-02-17 09:12:00+09:00,247000.0,247500.0,247000.0,247000.0,2319,0.0,0.0
2025-02-17 09:13:00+09:00,247000.0,248000.0,247000.0,248000.0,1531,0.0,0.0
2025-02-17 09:14:00+09:00,247500.0,248500.0,247500.0,248500.0,1191,0.0,0.0
2025-02-17 09:15:00+09:00,248500.0,248500.0,248000.0,248500.0,526,0.0,0.0
2025-02-17 09:16:00+09:00,248000.0,248500.0,248000.0,248500.0,388,0.0,0.0
2025-02-17 09:17:00+09:00,248500.0,249000.0,248000.0,248500.0,1411,0.0,0.0
2025-02-17 09:18:00+09:00,248500.0,249000.0,248500.0,249000.0,358,0.0,0.0
2025-02-17 09:19:00+09:00,248500.0,249000.0,248500.0,248500.0,351,0.0,0.0
2025-02-17 09:20:00+09:00,248500.0,249000.0,248000.0,248500.0,2139,0.0,0.0
2025-02-17 09:21:00+09:00,248000.0,248500.0,247000.0,247500.0,2013,0.0,0.0
2025-02-17 09:22:00+09:00,247500.0,247500.0,247000.0,247000.0,307,0.0,0.0
2025-02-17 09:23:00+09:00,247000.0,247500.0,246500.0,246500.0,1607,0.0,0.0
2025-02-17 09:24:00+09:00,246500.0,246500.0,246000.0,246500.0,1406,0.0,0.0
2025-02-17 09:25:00+09:00,246500.0,247500.0,246000.0,247000.0,1618,0.0,0.0
2025-02-17 09:26:00+09:00,247000.0,247500.0,247000.0,247500.0,519,0.0,0.0
2025-02-17 09:27:00+09:00,247000.0,247500.0,247000.0,247500.0,524,0.0,0.0
2025-02-17 09:28:00+09:00,247500.0,248000.0,247000.0,247500.0,360,0.0,0.0
2025-02-17 09:29:00+09:00,248000.0,248000.0,247500.0,248000.0,511,0.0,0.0
2025-02-17 09:30:00+09:00,247500.0,248000.0,247500.0,248000.0,514,0.0,0.0
2025-02-17 09:31:00+09:00,248000.0,248000.0,247500.0,248000.0,352,0.0,0.0
2025-02-17 09:32:00+09:00,247500.0,248000.0,247500.0,248000.0,160,0.0,0.0
2025-02-17 09:33:00+09:00,248000.0,248000.0,247500.0,248000.0,164,0.0,0.0
2025-02-17 09:34:00+09:00,247500.0,248000.0,247500.0,248000.0,426,0.0,0.0
2025-02-17 09:35:00+09:00,247500.0,248000.0,247500.0,248000.0,156,0.0,0.0
2025-02-17 09:36:00+09:00,247500.0,248000.0,247500.0,247500.0,281,0.0,0.0
2025-02-17 09:37:00+09:00,247500.0,248000.0,247500.0,247500.0,227,0.0,0.0
2025-02-17 09:38:00+09:00,247500.0,248000.0,247500.0,247500.0,331,0.0,0.0
2025-02-17 09:39:00+09:00,247500.0,248000.0,247500.0,248000.0,415,0.0,0.0
2025-02-17 09:40:00+09:00,247500.0,248000.0,247500.0,247500.0,113,0.0,0.0
2025-02-17 09:41:00+09:00,248000.0,248000.0,247000.0,247500.0,1782,0.0,0.0
2025-02-17 09:42:00+09:00,247000.0,247500.0,247000.0,247500.0,111,0.0,0.0
2025-02-17 09:43:00+09:00,247500.0,247500.0,247000.0,247500.0,412,0.0,0.0
2025-02-17 09:44:00+09:00,247000.0,248000.0,247000.0,247500.0,1703,0.0,0.0
2025-02-17 09:45:00+09:00,247500.0,249000.0,247500.0,248000.0,5374,0.0,0.0
2025-02-17 09:46:00+09:00,248000.0,248500.0,248000.0,248000.0,269,0.0,0.0
2025-02-17 09:47:00+09:00,248000.0,248500.0,247500.0,248500.0,1458,0.0,0.0
2025-02-17 09:48:00+09:00,248000.0,248500.0,248000.0,248500.0,358,0.0,0.0
2025-02-17 09:49:00+09:00,248500.0,248500.0,248000.0,248500.0,207,0.0,0.0
2025-02-17 09:50:00+09:00,248000.0,248500.0,248000.0,248500.0,319,0.0,0.0
2025-02-17 09:51:00+09:00,248500.0,248500.0,247500.0,247500.0,934,0.0,0.0
2025-02-17 09:52:00+09:00,247500.0,248500.0,247500.0,248000.0,165,0.0,0.0
2025-02-17 09:53:00+09:00,248500.0,248500.0,248000.0,248000.0,272,0.0,0.0
2025-02-17 09:54:00+09:00,248000.0,248500.0,248000.0,248000.0,591,0.0,0.0
2025-02-17 09:55:00+09:00,248000.0,248500.0,248000.0,248500.0,915,0.0,0.0
2025-02-17 09:56:00+09:00,248000.0,248500.0,248000.0,248000.0,194,0.0,0.0
2025-02-17 09:57:00+09:00,248500.0,248500.0,248000.0,248000.0,283,0.0,0.0
2025-02-17 09:58:00+09:00,248000.0,248500.0,248000.0,248000.0,123,0.0,0.0
2025-02-17 09:59:00+09:00,248000.0,248500.0,248000.0,248500.0,667,0.0,0.0
2025-02-17 10:00:00+09:00,248000.0,248500.0,248000.0,248000.0,44,0.0,0.0
2025-02-17 10:01:00+09:00,248000.0,248500.0,248000.0,248500.0,93,0.0,0.0
2025-02-17 10:02:00+09:00,248000.0,248500.0,248000.0,248000.0,160,0.0,0.0
2025-02-17 10:03:00+09:00,248000.0,248500.0,248000.0,248500.0,105,0.0,0.0
2025-02-17 10:04:00+09:00,248000.0,249000.0,248000.0,249000.0,2415,0.0,0.0
2025-02-17 10:05:00+09:00,249000.0,249000.0,248500.0,248500.0,2608,0.0,0.0
2025-02-17 10:06:00+09:00,248500.0,249500.0,248500.0,249500.0,2181,0.0,0.0
2025-02-17 10:07:00+09:00,249500.0,250000.0,249000.0,250000.0,4743,0.0,0.0
2025-02-17 10:08:00+09:00,249500.0,250500.0,249500.0,250500.0,1946,0.0,0.0
2025-02-17 10:09:00+09:00,250000.0,250500.0,250000.0,250500.0,489,0.0,0.0
2025-02-17 10:10:00+09:00,250500.0,250500.0,249500.0,250000.0,2497,0.0,0.0
2025-02-17 10:11:00+09:00,249500.0,250000.0,249500.0,250000.0,377,0.0,0.0
2025-02-17 10:12:00+09:00,249500.0,250000.0,249500.0,249500.0,1373,0.0,0.0
2025-02-17 10:13:00+09:00,249500.0,250000.0,249500.0,250000.0,525,0.0,0.0
2025-02-17 10:14:00+09:00,249500.0,250500.0,249500.0,250000.0,1691,0.0,0.0
2025-02-17 10:15:00+09:00,250500.0,250500.0,250000.0,250000.0,282,0.0,0.0
2025-02-17 10:16:00+09:00,250000.0,250500.0,250000.0,250500.0,196,0.0,0.0
2025-02-17 10:17:00+09:00,250500.0,251000.0,250000.0,250500.0,1744,0.0,0.0
2025-02-17 10:18:00+09:00,250500.0,251500.0,250500.0,251500.0,4212,0.0,0.0
2025-02-17 10:19:00+09:00,251500.0,252000.0,251500.0,252000.0,1896,0.0,0.0
2025-02-17 10:20:00+09:00,251500.0,252000.0,251000.0,251000.0,2291,0.0,0.0
2025-02-17 10:21:00+09:00,251000.0,251500.0,251000.0,251000.0,1042,0.0,0.0
2025-02-17 10:22:00+09:00,251000.0,252000.0,251000.0,252000.0,1864,0.0,0.0
2025-02-17 10:23:00+09:00,251500.0,252000.0,251000.0,251500.0,1121,0.0,0.0
2025-02-17 10:24:00+09:00,251000.0,251500.0,250500.0,251000.0,1997,0.0,0.0
2025-02-17 10:25:00+09:00,251000.0,251000.0,250500.0,250500.0,257,0.0,0.0
2025-02-17 10:26:00+09:00,250500.0,251000.0,250500.0,250500.0,126,0.0,0.0
2025-02-17 10:27:00+09:00,250500.0,251000.0,250000.0,250500.0,2266,0.0,0.0
2025-02-17 10:28:00+09:00,250000.0,250500.0,250000.0,250500.0,489,0.0,0.0
2025-02-17 10:29:00+09:00,250500.0,250500.0,250000.0,250000.0,386,0.0,0.0
2025-02-17 10:30:00+09:00,250000.0,250500.0,250000.0,250000.0,130,0.0,0.0
2025-02-17 10:31:00+09:00,250500.0,250500.0,250000.0,250000.0,586,0.0,0.0
2025-02-17 10:32:00+09:00,250500.0,250500.0,250000.0,250500.0,668,0.0,0.0
2025-02-17 10:33:00+09:00,250500.0,250500.0,250000.0,250000.0,188,0.0,0.0
2025-02-17 10:34:00+09:00,250000.0,250500.0,249500.0,250000.0,2692,0.0,0.0
2025-02-17 10:35:00+09:00,249500.0,250000.0,249500.0,250000.0,207,0.0,0.0
2025-02-17 10:36:00+09:00,249500.0,250000.0,249500.0,250000.0,851,0.0,0.0
2025-02-17 10:37:00+09:00,249500.0,250000.0,249500.0,250000.0,297,0.0,0.0
2025-02-17 10:38:00+09:00,250000.0,250000.0,249500.0,250000.0,353,0.0,0.0
2025-02-17 10:39:00+09:00,249500.0,250000.0,249500.0,250000.0,140,0.0,0.0
2025-02-17 10:40:00+09:00,250000.0,251000.0,250000.0,251000.0,4186,0.0,0.0
2025-02-17 10:41:00+09:00,251000.0,251000.0,250000.0,250500.0,1779,0.0,0.0
2025-02-17 10:42:00+09:00,250000.0,250500.0,249500.0,250000.0,3201,0.0,0.0
2025-02-17 10:43:00+09:00,249500.0,250000.0,249500.0,250000.0,227,0.0,0.0
2025-02-17 10:44:00+09:00,250000.0,250000.0,249500.0,250000.0,256,0.0,0.0
2025-02-17 10:45:00+09:00,250000.0,250000.0,249500.0,250000.0,284,0.0,0.0
2025-02-17 10:46:00+09:00,249500.0,250500.0,249500.0,250000.0,2082,0.0,0.0
2025-02-17 10:47:00+09:00,250000.0,250500.0,250000.0,250000.0,575,0.0,0.0
2025-02-17 10:48:00+09:00,250000.0,250500.0,250000.0,250000.0,557,0.0,0.0
2025-02-17 10:49:00+09:00,250000.0,250500.0,250000.0,250500.0,104,0.0,0.0
2025-02-17 10:50:00+09:00,250500.0,250500.0,250000.0,250500.0,360,0.0,0.0
2025-02-17 10:51:00+09:00,250500.0,251000.0,250000.0,250500.0,169,0.0,0.0
2025-02-17 10:52:00+09:00,250500.0,250500.0,250000.0,250500.0,565,0.0,0.0
2025-02-17 10:53:00+09:00,250500.0,251000.0,250000.0,251000.0,83,0.0,0.0
2025-02-17 10:54:00+09:00,251000.0,251000.0,250500.0,251000.0,73,0.0,0.0
2025-02-17 10:55:00+09:00,251000.0,251000.0,250500.0,250500.0,145,0.0,0.0
2025-02-17 10:56:00+09:00,251000.0,251000.0,250500.0,251000.0,148,0.0,0.0
2025-02-17 10:57:00+09:00,251000.0,251000.0,250500.0,251000.0,226,0.0,0.0
2025-02-17 10:58:00+09:00,250500.0,251000.0,250500.0,251000.0,192,0.0,0.0
2025-02-17 10:59:00+09:00,251000.0,251000.0,250500.0,251000.0,288,0.0,0.0
2025-02-17 11:00:00+09:00,250500.0,251000.0,250500.0,251000.0,155,0.0,0.0
2025-02-17 11:01:00+09:00,250500.0,251000.0,250500.0,251000.0,247,0.0,0.0
2025-02-17 11:02:00+09:00,251000.0,252000.0,250500.0,251500.0,9178,0.0,0.0
2025-02-17 11:03:00+09:00,251500.0,252000.0,251500.0,251500.0,421,0.0,0.0
2025-02-17 11:04:00+09:00,251500.0,252000.0,251500.0,251500.0,435,0.0,0.0
2025-02-17 11:05:00+09:00,252000.0,252000.0,251500.0,251500.0,161,0.0,0.0
2025-02-17 11:06:00+09:00,252000.0,252000.0,251500.0,251500.0,100,0.0,0.0
2025-02-17 11:07:00+09:00,251500.0,252000.0,251000.0,251500.0,1811,0.0,0.0
2025-02-17 11:08:00+09:00,251000.0,251500.0,251000.0,251000.0,700,0.0,0.0
2025-02-17 11:09:00+09:00,251000.0,251500.0,251000.0,251000.0,525,0.0,0.0
2025-02-17 11:10:00+09:00,251000.0,251500.0,250500.0,251000.0,525,0.0,0.0
2025-02-17 11:11:00+09:00,251000.0,251500.0,250500.0,251000.0,417,0.0,0.0
2025-02-17 11:12:00+09:00,251500.0,251500.0,251000.0,251500.0,117,0.0,0.0
2025-02-17 11:13:00+09:00,251500.0,252000.0,251000.0,252000.0,994,0.0,0.0
2025-02-17 11:14:00+09:00,251500.0,252000.0,251500.0,252000.0,232,0.0,0.0
2025-02-17 11:15:00+09:00,251500.0,252000.0,251500.0,251500.0,207,0.0,0.0
2025-02-17 11:16:00+09:00,252000.0,252000.0,251500.0,251500.0,316,0.0,0.0
2025-02-17 11:17:00+09:00,252000.0,252000.0,251500.0,251500.0,483,0.0,0.0
2025-02-17 11:18:00+09:00,252000.0,252000.0,251500.0,252000.0,181,0.0,0.0
2025-02-17 11:19:00+09:00,252000.0,252000.0,251500.0,251500.0,335,0.0,0.0
2025-02-17 11:20:00+09:00,251500.0,252000.0,251500.0,252000.0,1075,0.0,0.0
2025-02-17 11:21:00+09:00,252000.0,252000.0,251500.0,252000.0,485,0.0,0.0
2025-02-17 11:22:00+09:00,252000.0,252000.0,251500.0,252000.0,147,0.0,0.0
2025-02-17 11:23:00+09:00,252000.0,252000.0,251500.0,252000.0,228,0.0,0.0
2025-02-17 11:24:00+09:00,252000.0,252000.0,251500.0,251500.0,223,0.0,0.0
2025-02-17 11:25:00+09:00,252000.0,252000.0,251500.0,251500.0,201,0.0,0.0
2025-02-17 11:26:00+09:00,252000.0,252000.0,251500.0,251500.0,535,0.0,0.0
2025-02-17 11:27:00+09:00,251500.0,252000.0,251500.0,251500.0,221,0.0,0.0
2025-02-17 11:28:00+09:00,252000.0,252000.0,251500.0,252000.0,242,0.0,0.0
2025-02-17 11:29:00+09:00,252000.0,252000.0,251500.0,252000.0,228,0.0,0.0
2025-02-17 11:30:00+09:00,252000.0,252000.0,251500.0,252000.0,175,0.0,0.0
2025-02-17 11:31:00+09:00,252000.0,252000.0,251500.0,252000.0,355,0.0,0.0
2025-02-17 11:32:00+09:00,251500.0,252000.0,251500.0,252000.0,206,0.0,0.0
2025-02-17 11:33:00+09:00,252000.0,252000.0,251500.0,252000.0,346,0.0,0.0
2025-02-17 11:34:00+09:00,251500.0,252000.0,251000.0,251000.0,1456,0.0,0.0
2025-02-17 11:35:00+09:00,251500.0,251500.0,251000.0,251000.0,244,0.0,0.0
2025-02-17 11:36:00+09:00,251000.0,251500.0,251000.0,251000.0,250,0.0,0.0
2025-02-17 11:37:00+09:00,251000.0,251500.0,251000.0,251500.0,122,0.0,0.0
2025-02-17 11:38:00+09:00,251500.0,251500.0,251000.0,251500.0,209,0.0,0.0
2025-02-17 11:39:00+09:00,251500.0,251500.0,251000.0,251500.0,176,0.0,0.0
2025-02-17 11:40:00+09:00,251500.0,251500.0,251000.0,251500.0,68,0.0,0.0
2025-02-17 11:41:00+09:00,251500.0,251500.0,251000.0,251500.0,531,0.0,0.0
2025-02-17 11:42:00+09:00,251500.0,251500.0,251000.0,251500.0,103,0.0,0.0
2025-02-17 11:43:00+09:00,251500.0,251500.0,251000.0,251500.0,228,0.0,0.0
2025-02-17 11:44:00+09:00,251500.0,251500.0,251000.0,251000.0,141,0.0,0.0
2025-02-17 11:45:00+09:00,251500.0,251500.0,251000.0,251500.0,402,0.0,0.0
2025-02-17 11:46:00+09:00,251500.0,251500.0,251000.0,251500.0,227,0.0,0.0
2025-02-17 11:47:00+09:00,251500.0,251500.0,251000.0,251000.0,527,0.0,0.0
2025-02-17 11:48:00+09:00,251500.0,251500.0,251000.0,251000.0,147,0.0,0.0
2025-02-17 11:49:00+09:00,251000.0,251500.0,251000.0,251000.0,290,0.0,0.0
2025-02-17 11:50:00+09:00,251500.0,251500.0,251000.0,251500.0,144,0.0,0.0
2025-02-17 11:51:00+09:00,251500.0,251500.0,251000.0,251500.0,152,0.0,0.0
2025-02-17 11:52:00+09:00,251000.0,251500.0,251000.0,251000.0,332,0.0,0.0
2025-02-17 11:53:00+09:00,251500.0,251500.0,251000.0,251000.0,651,0.0,0.0
2025-02-17 11:54:00+09:00,251500.0,251500.0,250500.0,251000.0,313,0.0,0.0
2025-02-17 11:55:00+09:00,250500.0,251500.0,250500.0,251500.0,372,0.0,0.0
2025-02-17 11:56:00+09:00,251000.0,251500.0,251000.0,251000.0,258,0.0,0.0
2025-02-17 11:57:00+09:00,251500.0,251500.0,251000.0,251000.0,332,0.0,0.0
2025-02-17 11:58:00+09:00,251500.0,251500.0,251000.0,251500.0,97,0.0,0.0
2025-02-17 11:59:00+09:00,251500.0,251500.0,251000.0,251500.0,142,0.0,0.0
2025-02-17 12:00:00+09:00,251000.0,251500.0,251000.0,251500.0,186,0.0,0.0
2025-02-17 12:01:00+09:00,251500.0,251500.0,251000.0,251000.0,91,0.0,0.0
2025-02-17 12:02:00+09:00,251500.0,251500.0,250500.0,251000.0,761,0.0,0.0
2025-02-17 12:03:00+09:00,251000.0,251500.0,250500.0,251000.0,95,0.0,0.0
2025-02-17 12:04:00+09:00,251000.0,251500.0,251000.0,251500.0,97,0.0,0.0
2025-02-17 12:05:00+09:00,251500.0,251500.0,251000.0,251000.0,275,0.0,0.0
2025-02-17 12:06:00+09:00,251500.0,251500.0,251000.0,251500.0,287,0.0,0.0
2025-02-17 12:07:00+09:00,251500.0,251500.0,251000.0,251500.0,46,0.0,0.0
2025-02-17 12:08:00+09:00,251000.0,251500.0,251000.0,251500.0,154,0.0,0.0
2025-02-17 12:09:00+09:00,251500.0,251500.0,250500.0,251500.0,110,0.0,0.0
2025-02-17 12:10:00+09:00,251500.0,251500.0,250500.0,251000.0,112,0.0,0.0
2025-02-17 12:11:00+09:00,251000.0,251000.0,250500.0,251000.0,81,0.0,0.0
2025-02-17 12:12:00+09:00,251000.0,251000.0,250500.0,251000.0,171,0.0,0.0
2025-02-17 12:13:00+09:00,251000.0,251500.0,250500.0,251000.0,499,0.0,0.0
2025-02-17 12:14:00+09:00,251000.0,251500.0,251000.0,251500.0,197,0.0,0.0
2025-02-17 12:15:00+09:00,251000.0,251500.0,250500.0,251500.0,400,0.0,0.0
2025-02-17 12:16:00+09:00,251000.0,251500.0,250500.0,251000.0,147,0.0,0.0
2025-02-17 12:17:00+09:00,250500.0,251000.0,250500.0,251000.0,195,0.0,0.0
2025-02-17 12:18:00+09:00,251000.0,251000.0,250500.0,251000.0,108,0.0,0.0
2025-02-17 12:19:00+09:00,250500.0,251000.0,250500.0,251000.0,88,0.0,0.0
2025-02-17 12:20:00+09:00,250500.0,251000.0,250500.0,251000.0,74,0.0,0.0
2025-02-17 12:21:00+09:00,250500.0,251000.0,250500.0,250500.0,264,0.0,0.0
2025-02-17 12:22:00+09:00,251000.0,251000.0,250500.0,250500.0,171,0.0,0.0
2025-02-17 12:23:00+09:00,250500.0,251000.0,250500.0,251000.0,83,0.0,0.0
2025-02-17 12:24:00+09:00,251000.0,251000.0,250500.0,251000.0,160,0.0,0.0
2025-02-17 12:25:00+09:00,250500.0,251000.0,250500.0,251000.0,93,0.0,0.0
2025-02-17 12:26:00+09:00,251000.0,251000.0,250500.0,251000.0,60,0.0,0.0
2025-02-17 12:27:00+09:00,251000.0,251000.0,250500.0,250500.0,213,0.0,0.0
2025-02-17 12:28:00+09:00,250500.0,251000.0,250500.0,250500.0,75,0.0,0.0
2025-02-17 12:29:00+09:00,250500.0,251000.0,250500.0,251000.0,119,0.0,0.0
2025-02-17 12:30:00+09:00,251000.0,251000.0,250500.0,251000.0,186,0.0,0.0
2025-02-17 12:31:00+09:00,250500.0,251000.0,250500.0,251000.0,876,0.0,0.0
2025-02-17 12:32:00+09:00,251000.0,251000.0,250500.0,251000.0,326,0.0,0.0
2025-02-17 12:33:00+09:00,250500.0,251000.0,250500.0,250500.0,128,0.0,0.0
2025-02-17 12:34:00+09:00,251000.0,251000.0,250500.0,251000.0,78,0.0,0.0
2025-02-17 12:35:00+09:00,251000.0,251000.0,250500.0,251000.0,567,0.0,0.0
2025-02-17 12:36:00+09:00,250500.0,251000.0,250500.0,251000.0,89,0.0,0.0
2025-02-17 12:37:00+09:00,250500.0,251000.0,250500.0,251000.0,121,0.0,0.0
2025-02-17 12:38:00+09:00,251000.0,251000.0,250500.0,251000.0,92,0.0,0.0
2025-02-17 12:39:00+09:00,251000.0,251000.0,250500.0,251000.0,90,0.0,0.0
2025-02-17 12:40:00+09:00,251000.0,251000.0,250500.0,251000.0,122,0.0,0.0
2025-02-17 12:41:00+09:00,251000.0,251000.0,250500.0,251000.0,87,0.0,0.0
2025-02-17 12:42:00+09:00,251000.0,251000.0,250500.0,250500.0,86,0.0,0.0
2025-02-17 12:43:00+09:00,251000.0,251000.0,250500.0,251000.0,110,0.0,0.0
2025-02-17 12:44:00+09:00,251000.0,251000.0,250500.0,251000.0,29,0.0,0.0
2025-02-17 12:45:00+09:00,251000.0,251000.0,250000.0,250500.0,1227,0.0,0.0
2025-02-17 12:46:00+09:00,250500.0,250500.0,250000.0,250000.0,136,0.0,0.0
2025-02-17 12:47:00+09:00,250000.0,250500.0,250000.0,250500.0,125,0.0,0.0
2025-02-17 12:48:00+09:00,250500.0,250500.0,250000.0,250500.0,135,0.0,0.0
2025-02-17 12:49:00+09:00,250500.0,251000.0,250000.0,250500.0,433,0.0,0.0
2025-02-17 12:50:00+09:00,250500.0,251000.0,250000.0,250500.0,1752,0.0,0.0
2025-02-17 12:51:00+09:00,250500.0,250500.0,250000.0,250500.0,174,0.0,0.0
2025-02-17 12:52:00+09:00,250000.0,250500.0,250000.0,250000.0,57,0.0,0.0
2025-02-17 12:53:00+09:00,250000.0,250500.0,250000.0,250500.0,146,0.0,0.0
2025-02-17 12:54:00+09:00,250500.0,251000.0,250000.0,251000.0,187,0.0,0.0
2025-02-17 12:55:00+09:00,251000.0,251000.0,250500.0,250500.0,81,0.0,0.0
2025-02-17 12:56:00+09:00,250500.0,251000.0,250500.0,250500.0,166,0.0,0.0
2025-02-17 12:57:00+09:00,251000.0,251000.0,250500.0,251000.0,120,0.0,0.0
2025-02-17 12:58:00+09:00,251000.0,251000.0,250500.0,251000.0,62,0.0,0.0
2025-02-17 12:59:00+09:00,250500.0,251000.0,250500.0,251000.0,159,0.0,0.0
2025-02-17 13:00:00+09:00,250500.0,251000.0,250500.0,251000.0,204,0.0,0.0
2025-02-17 13:01:00+09:00,250500.0,251000.0,250500.0,250500.0,74,0.0,0.0
2025-02-17 13:02:00+09:00,251000.0,251000.0,250500.0,250500.0,169,0.0,0.0
2025-02-17 13:03:00+09:00,250500.0,251000.0,250000.0,250500.0,888,0.0,0.0
2025-02-17 13:04:00+09:00,250500.0,250500.0,250000.0,250000.0,127,0.0,0.0
2025-02-17 13:05:00+09:00,250500.0,250500.0,250000.0,250000.0,135,0.0,0.0
2025-02-17 13:06:00+09:00,250000.0,250500.0,250000.0,250000.0,119,0.0,0.0
2025-02-17 13:07:00+09:00,250000.0,250500.0,250000.0,250500.0,280,0.0,0.0
2025-02-17 13:08:00+09:00,250500.0,250500.0,249500.0,250000.0,2956,0.0,0.0
2025-02-17 13:09:00+09:00,249500.0,250000.0,249500.0,249500.0,222,0.0,0.0
2025-02-17 13:10:00+09:00,249500.0,250000.0,249500.0,249500.0,143,0.0,0.0
2025-02-17 13:11:00+09:00,249500.0,250000.0,249500.0,250000.0,202,0.0,0.0
2025-02-17 13:12:00+09:00,249500.0,250000.0,249500.0,249500.0,155,0.0,0.0
2025-02-17 13:13:00+09:00,249500.0,250000.0,249500.0,250000.0,92,0.0,0.0
2025-02-17 13:14:00+09:00,249500.0,250000.0,249500.0,249500.0,66,0.0,0.0
2025-02-17 13:15:00+09:00,250000.0,250000.0,249500.0,249500.0,291,0.0,0.0
2025-02-17 13:16:00+09:00,249500.0,250000.0,249500.0,249500.0,125,0.0,0.0
2025-02-17 13:17:00+09:00,249500.0,250000.0,249500.0,250000.0,139,0.0,0.0
2025-02-17 13:18:00+09:00,250000.0,250500.0,250000.0,250500.0,3242,0.0,0.0
2025-02-17 13:19:00+09:00,250000.0,250500.0,250000.0,250500.0,123,0.0,0.0
2025-02-17 13:20:00+09:00,250500.0,250500.0,250000.0,250500.0,165,0.0,0.0
2025-02-17 13:21:00+09:00,250500.0,250500.0,250000.0,250500.0,78,0.0,0.0
2025-02-17 13:22:00+09:00,250000.0,250500.0,250000.0,250500.0,113,0.0,0.0
2025-02-17 13:23:00+09:00,250500.0,250500.0,250000.0,250500.0,132,0.0,0.0
2025-02-17 13:24:00+09:00,250500.0,250500.0,250000.0,250500.0,114,0.0,0.0
2025-02-17 13:25:00+09:00,250500.0,250500.0,250000.0,250500.0,506,0.0,0.0
2025-02-17 13:26:00+09:00,250500.0,250500.0,250000.0,250000.0,215,0.0,0.0
2025-02-17 13:27:00+09:00,250000.0,250500.0,250000.0,250500.0,97,0.0,0.0
2025-02-17 13:28:00+09:00,250500.0,250500.0,250000.0,250000.0,116,0.0,0.0
2025-02-17 13:29:00+09:00,250000.0,250500.0,250000.0,250000.0,86,0.0,0.0
2025-02-17 13:30:00+09:00,250000.0,250500.0,250000.0,250000.0,106,0.0,0.0
2025-02-17 13:31:00+09:00,250500.0,250500.0,250000.0,250500.0,786,0.0,0.0
2025-02-17 13:32:00+09:00,250500.0,251000.0,250000.0,251000.0,1835,0.0,0.0
2025-02-17 13:33:00+09:00,251000.0,251000.0,250500.0,251000.0,238,0.0,0.0
2025-02-17 13:34:00+09:00,250500.0,250500.0,250000.0,250500.0,585,0.0,0.0
2025-02-17 13:35:00+09:00,250500.0,250500.0,250000.0,250500.0,134,0.0,0.0
2025-02-17 13:36:00+09:00,250500.0,250500.0,250000.0,250000.0,367,0.0,0.0
2025-02-17 13:37:00+09:00,250500.0,251000.0,250000.0,250500.0,1206,0.0,0.0
2025-02-17 13:38:00+09:00,250500.0,251000.0,250500.0,250500.0,125,0.0,0.0
2025-02-17 13:39:00+09:00,250500.0,251000.0,250500.0,251000.0,210,0.0,0.0
2025-02-17 13:40:00+09:00,251000.0,251000.0,250500.0,250500.0,206,0.0,0.0
2025-02-17 13:41:00+09:00,251000.0,251000.0,250500.0,250500.0,114,0.0,0.0
2025-02-17 13:42:00+09:00,251000.0,251000.0,250500.0,251000.0,144,0.0,0.0
2025-02-17 13:43:00+09:00,251000.0,251000.0,250500.0,251000.0,151,0.0,0.0
2025-02-17 13:44:00+09:00,251000.0,251000.0,250500.0,251000.0,289,0.0,0.0
2025-02-17 13:45:00+09:00,251000.0,251000.0,250500.0,251000.0,317,0.0,0.0
2025-02-17 13:46:00+09:00,250500.0,251000.0,250500.0,250500.0,232,0.0,0.0
2025-02-17 13:47:00+09:00,250500.0,251000.0,250500.0,251000.0,313,0.0,0.0
2025-02-17 13:48:00+09:00,251000.0,251000.0,250500.0,251000.0,351,0.0,0.0
2025-02-17 13:49:00+09:00,250500.0,251000.0,250500.0,251000.0,305,0.0,0.0
2025-02-17 13:50:00+09:00,250500.0,251000.0,250500.0,251000.0,190,0.0,0.0
2025-02-17 13:51:00+09:00,250500.0,251000.0,250000.0,250500.0,940,0.0,0.0
2025-02-17 13:52:00+09:00,250500.0,250500.0,250000.0,250500.0,106,0.0,0.0
2025-02-17 13:53:00+09:00,250500.0,250500.0,250000.0,250500.0,86,0.0,0.0
2025-02-17 13:54:00+09:00,250000.0,250500.0,250000.0,250500.0,210,0.0,0.0
2025-02-17 13:55:00+09:00,250500.0,251000.0,250000.0,250500.0,526,0.0,0.0
2025-02-17 13:56:00+09:00,250000.0,250500.0,250000.0,250000.0,104,0.0,0.0
2025-02-17 13:57:00+09:00,250000.0,250500.0,250000.0,250000.0,225,0.0,0.0
2025-02-17 13:58:00+09:00,250500.0,250500.0,250000.0,250000.0,73,0.0,0.0
2025-02-17 13:59:00+09:00,250000.0,250500.0,250000.0,250500.0,149,0.0,0.0
2025-02-17 14:00:00+09:00,250500.0,250500.0,250000.0,250500.0,322,0.0,0.0
2025-02-17 14:01:00+09:00,250500.0,250500.0,250000.0,250500.0,168,0.0,0.0
2025-02-17 14:02:00+09:00,250000.0,250500.0,250000.0,250500.0,352,0.0,0.0
2025-02-17 14:03:00+09:00,250000.0,251000.0,250000.0,251000.0,491,0.0,0.0
2025-02-17 14:04:00+09:00,250500.0,250500.0,250000.0,250500.0,96,0.0,0.0
2025-02-17 14:05:00+09:00,250500.0,250500.0,250000.0,250000.0,59,0.0,0.0
2025-02-17 14:06:00+09:00,250000.0,250500.0,250000.0,250500.0,288,0.0,0.0
2025-02-17 14:07:00+09:00,250500.0,250500.0,250000.0,250500.0,113,0.0,0.0
2025-02-17 14:08:00+09:00,250500.0,250500.0,250000.0,250500.0,387,0.0,0.0
2025-02-17 14:09:00+09:00,250500.0,250500.0,250000.0,250500.0,129,0.0,0.0
2025-02-17 14:10:00+09:00,250500.0,250500.0,250000.0,250000.0,191,0.0,0.0
2025-02-17 14:11:00+09:00,250000.0,250500.0,250000.0,250500.0,221,0.0,0.0
2025-02-17 14:12:00+09:00,250500.0,250500.0,250000.0,250000.0,228,0.0,0.0
2025-02-17 14:13:00+09:00,250000.0,250500.0,250000.0,250000.0,135,0.0,0.0
2025-02-17 14:14:00+09:00,250000.0,250500.0,250000.0,250000.0,256,0.0,0.0
2025-02-17 14:15:00+09:00,250000.0,250500.0,250000.0,250500.0,137,0.0,0.0
2025-02-17 14:16:00+09:00,250500.0,250500.0,250000.0,250000.0,618,0.0,0.0
2025-02-17 14:17:00+09:00,250500.0,250500.0,250000.0,250500.0,235,0.0,0.0
2025-02-17 14:18:00+09:00,250000.0,250500.0,250000.0,250500.0,122,0.0,0.0
2025-02-17 14:19:00+09:00,250500.0,250500.0,250000.0,250500.0,157,0.0,0.0
2025-02-17 14:20:00+09:00,250500.0,250500.0,250000.0,250500.0,180,0.0,0.0
2025-02-17 14:21:00+09:00,250500.0,250500.0,250000.0,250000.0,691,0.0,0.0
2025-02-17 14:22:00+09:00,250000.0,250500.0,250000.0,250500.0,156,0.0,0.0
2025-02-17 14:23:00+09:00,250000.0,250500.0,250000.0,250500.0,332,0.0,0.0
2025-02-17 14:24:00+09:00,250000.0,250500.0,250000.0,250500.0,312,0.0,0.0
2025-02-17 14:25:00+09:00,250000.0,250500.0,250000.0,250500.0,230,0.0,0.0
2025-02-17 14:26:00+09:00,250500.0,250500.0,250000.0,250500.0,255,0.0,0.0
2025-02-17 14:27:00+09:00,250000.0,251000.0,250000.0,251000.0,133,0.0,0.0
2025-02-17 14:28:00+09:00,251000.0,251000.0,250000.0,250500.0,835,0.0,0.0
2025-02-17 14:29:00+09:00,250000.0,251000.0,250000.0,250500.0,261,0.0,0.0
2025-02-17 14:30:00+09:00,250500.0,251000.0,250000.0,251000.0,256,0.0,0.0
2025-02-17 14:31:00+09:00,251000.0,251000.0,250000.0,250500.0,201,0.0,0.0
2025-02-17 14:32:00+09:00,250000.0,251000.0,250000.0,250500.0,114,0.0,0.0
2025-02-17 14:33:00+09:00,250500.0,251000.0,250000.0,250500.0,282,0.0,0.0
2025-02-17 14:34:00+09:00,250500.0,250500.0,250000.0,250500.0,121,0.0,0.0
2025-02-17 14:35:00+09:00,250000.0,250500.0,250000.0,250500.0,241,0.0,0.0
2025-02-17 14:36:00+09:00,250500.0,250500.0,250000.0,250000.0,287,0.0,0.0
2025-02-17 14:37:00+09:00,250500.0,250500.0,250000.0,250500.0,793,0.0,0.0
2025-02-17 14:38:00+09:00,250500.0,250500.0,249500.0,249500.0,3990,0.0,0.0
2025-02-17 14:39:00+09:00,249500.0,250000.0,249500.0,249500.0,238,0.0,0.0
2025-02-17 14:40:00+09:00,250000.0,250000.0,249500.0,249500.0,216,0.0,0.0
2025-02-17 14:41:00+09:00,249500.0,250000.0,249500.0,249500.0,123,0.0,0.0
2025-02-17 14:42:00+09:00,250000.0,250000.0,249500.0,250000.0,224,0.0,0.0
2025-02-17 14:43:00+09:00,249500.0,250000.0,249500.0,250000.0,494,0.0,0.0
2025-02-17 14:44:00+09:00,250000.0,250000.0,249500.0,250000.0,152,0.0,0.0
2025-02-17 14:45:00+09:00,250000.0,250000.0,249500.0,250000.0,229,0.0,0.0
2025-02-17 14:46:00+09:00,249500.0,250000.0,249500.0,250000.0,130,0.0,0.0
2025-02-17 14:47:00+09:00,249500.0,250000.0,249500.0,250000.0,111,0.0,0.0
2025-02-17 14:48:00+09:00,250000.0,250000.0,249500.0,250000.0,244,0.0,0.0
2025-02-17 14:49:00+09:00,250000.0,250000.0,249500.0,249500.0,188,0.0,0.0
2025-02-17 14:50:00+09:00,249500.0,250000.0,249500.0,249500.0,96,0.0,0.0
2025-02-17 14:51:00+09:00,250000.0,250000.0,249500.0,250000.0,180,0.0,0.0
2025-02-17 14:52:00+09:00,250000.0,250000.0,249500.0,249500.0,140,0.0,0.0
2025-02-17 14:53:00+09:00,249500.0,250000.0,249500.0,250000.0,608,0.0,0.0
2025-02-17 14:54:00+09:00,250000.0,250000.0,249500.0,250000.0,257,0.0,0.0
2025-02-17 14:55:00+09:00,249500.0,250000.0,249500.0,250000.0,169,0.0,0.0
2025-02-17 14:56:00+09:00,250000.0,250000.0,249500.0,250000.0,285,0.0,0.0
2025-02-17 14:57:00+09:00,250000.0,250000.0,249000.0,249500.0,9555,0.0,0.0
2025-02-17 14:58:00+09:00,249500.0,249500.0,249000.0,249500.0,198,0.0,0.0
2025-02-17 14:59:00+09:00,249500.0,249500.0,249000.0,249500.0,342,0.0,0.0
2025-02-18 09:00:00+09:00,250500.0,251000.0,249500.0,250000.0,2909,0.0,0.0
2025-02-18 09:01:00+09:00,250000.0,250000.0,249000.0,249500.0,494,0.0,0.0
2025-02-18 09:02:00+09:00,249000.0,249500.0,249000.0,249000.0,1136,0.0,0.0
2025-02-18 09:03:00+09:00,249500.0,249500.0,248500.0,248500.0,3817,0.0,0.0
2025-02-18 09:04:00+09:00,248500.0,249000.0,248500.0,249000.0,2317,0.0,0.0
2025-02-18 09:05:00+09:00,249000.0,249500.0,248500.0,248500.0,564,0.0,0.0
2025-02-18 09:06:00+09:00,249000.0,249000.0,248500.0,248500.0,1030,0.0,0.0
2025-02-18 09:07:00+09:00,248500.0,250000.0,248500.0,250000.0,1865,0.0,0.0
2025-02-18 09:08:00+09:00,250000.0,250500.0,250000.0,250000.0,4271,0.0,0.0
2025-02-18 09:09:00+09:00,250000.0,250000.0,249500.0,249500.0,976,0.0,0.0
2025-02-18 09:10:00+09:00,249500.0,250000.0,249500.0,250000.0,183,0.0,0.0
2025-02-18 09:11:00+09:00,249500.0,250000.0,249500.0,249500.0,268,0.0,0.0
2025-02-18 09:12:00+09:00,249500.0,250500.0,249500.0,250000.0,1012,0.0,0.0
2025-02-18 09:13:00+09:00,250000.0,250000.0,249500.0,249500.0,784,0.0,0.0
2025-02-18 09:14:00+09:00,249500.0,250000.0,249500.0,250000.0,536,0.0,0.0
2025-02-18 09:15:00+09:00,250000.0,250000.0,249500.0,249500.0,1141,0.0,0.0
2025-02-18 09:16:00+09:00,249500.0,250000.0,249500.0,250000.0,465,0.0,0.0
2025-02-18 09:17:00+09:00,249500.0,250000.0,249500.0,250000.0,321,0.0,0.0
2025-02-18 09:18:00+09:00,250000.0,250000.0,249500.0,250000.0,1187,0.0,0.0
2025-02-18 09:19:00+09:00,250000.0,250500.0,250000.0,250000.0,422,0.0,0.0
2025-02-18 09:20:00+09:00,250500.0,250500.0,250000.0,250000.0,210,0.0,0.0
2025-02-18 09:21:00+09:00,250000.0,250500.0,249500.0,249500.0,1244,0.0,0.0
2025-02-18 09:22:00+09:00,249500.0,250000.0,249500.0,250000.0,237,0.0,0.0
2025-02-18 09:23:00+09:00,249500.0,250000.0,249500.0,249500.0,1560,0.0,0.0
2025-02-18 09:24:00+09:00,249500.0,250000.0,249500.0,249500.0,458,0.0,0.0
2025-02-18 09:25:00+09:00,249500.0,250000.0,249500.0,249500.0,2449,0.0,0.0
2025-02-18 09:26:00+09:00,249500.0,249500.0,249000.0,249000.0,0,0.0,0.0
2025-02-18 09:27:00+09:00,249000.0,249500.0,249000.0,249000.0,408,0.0,0.0
2025-02-18 09:28:00+09:00,249000.0,249500.0,249000.0,249500.0,358,0.0,0.0
2025-02-18 09:29:00+09:00,249500.0,249500.0,249000.0,249000.0,200,0.0,0.0
2025-02-18 09:30:00+09:00,249000.0,249500.0,249000.0,249500.0,289,0.0,0.0
2025-02-18 09:31:00+09:00,249000.0,249500.0,249000.0,249500.0,1543,0.0,0.0
2025-02-18 09:32:00+09:00,249500.0,249500.0,249000.0,249000.0,770,0.0,0.0
2025-02-18 09:33:00+09:00,249000.0,249500.0,249000.0,249500.0,397,0.0,0.0
2025-02-18 09:34:00+09:00,249500.0,249500.0,249000.0,249000.0,171,0.0,0.0
2025-02-18 09:35:00+09:00,249500.0,249500.0,249000.0,249500.0,189,0.0,0.0
2025-02-18 09:36:00+09:00,249500.0,250000.0,249000.0,249500.0,1094,0.0,0.0
2025-02-18 09:37:00+09:00,250000.0,250000.0,249500.0,249500.0,109,0.0,0.0
2025-02-18 09:38:00+09:00,250000.0,250000.0,249500.0,250000.0,166,0.0,0.0
2025-02-18 09:39:00+09:00,249500.0,250000.0,249500.0,249500.0,140,0.0,0.0
2025-02-18 09:40:00+09:00,249500.0,250000.0,249500.0,250000.0,641,0.0,0.0
2025-02-18 09:41:00+09:00,249500.0,250000.0,249500.0,250000.0,250,0.0,0.0
2025-02-18 09:42:00+09:00,249500.0,250000.0,249500.0,249500.0,213,0.0,0.0
2025-02-18 09:43:00+09:00,249500.0,250000.0,249000.0,249000.0,2240,0.0,0.0
2025-02-18 09:44:00+09:00,249500.0,249500.0,249000.0,249500.0,142,0.0,0.0
2025-02-18 09:45:00+09:00,249000.0,249500.0,249000.0,249500.0,304,0.0,0.0
2025-02-18 09:46:00+09:00,249500.0,249500.0,249000.0,249500.0,66,0.0,0.0
2025-02-18 09:47:00+09:00,249000.0,249500.0,249000.0,249000.0,188,0.0,0.0
2025-02-18 09:48:00+09:00,249000.0,249500.0,249000.0,249000.0,203,0.0,0.0
2025-02-18 09:49:00+09:00,249000.0,249500.0,249000.0,249000.0,305,0.0,0.0
2025-02-18 09:50:00+09:00,249000.0,249500.0,249000.0,249000.0,3577,0.0,0.0
2025-02-18 09:51:00+09:00,249500.0,249500.0,249000.0,249000.0,409,0.0,0.0
2025-02-18 09:52:00+09:00,249000.0,249000.0,248500.0,249000.0,569,0.0,0.0
2025-02-18 09:53:00+09:00,249000.0,249000.0,248500.0,249000.0,116,0.0,0.0
2025-02-18 09:54:00+09:00,248500.0,249000.0,248500.0,248500.0,2725,0.0,0.0
2025-02-18 09:55:00+09:00,248500.0,249000.0,248000.0,248500.0,1867,0.0,0.0
2025-02-18 09:56:00+09:00,248000.0,248500.0,247500.0,248000.0,4077,0.0,0.0
2025-02-18 09:57:00+09:00,248000.0,248000.0,247500.0,247500.0,421,0.0,0.0
2025-02-18 09:58:00+09:00,247500.0,248000.0,247500.0,248000.0,177,0.0,0.0
2025-02-18 09:59:00+09:00,247500.0,248500.0,247500.0,248500.0,1825,0.0,0.0
2025-02-18 10:00:00+09:00,248500.0,249000.0,248000.0,249000.0,1219,0.0,0.0
2025-02-18 10:01:00+09:00,248500.0,249000.0,248000.0,248500.0,648,0.0,0.0
2025-02-18 10:02:00+09:00,248500.0,248500.0,248000.0,248500.0,207,0.0,0.0
2025-02-18 10:03:00+09:00,248500.0,248500.0,248000.0,248500.0,101,0.0,0.0
2025-02-18 10:04:00+09:00,248500.0,248500.0,248000.0,248500.0,206,0.0,0.0
2025-02-18 10:05:00+09:00,248500.0,248500.0,248000.0,248000.0,321,0.0,0.0
2025-02-18 10:06:00+09:00,248000.0,248500.0,248000.0,248500.0,46,0.0,0.0
2025-02-18 10:07:00+09:00,248500.0,248500.0,247500.0,247500.0,1880,0.0,0.0
2025-02-18 10:08:00+09:00,248000.0,248000.0,247500.0,247500.0,183,0.0,0.0
2025-02-18 10:09:00+09:00,247500.0,248000.0,247500.0,247500.0,1406,0.0,0.0
2025-02-18 10:10:00+09:00,248000.0,248000.0,247500.0,247500.0,256,0.0,0.0
2025-02-18 10:11:00+09:00,247500.0,248000.0,247500.0,247500.0,721,0.0,0.0
2025-02-18 10:12:00+09:00,248000.0,248000.0,247500.0,247500.0,92,0.0,0.0
2025-02-18 10:13:00+09:00,247500.0,248000.0,247500.0,248000.0,703,0.0,0.0
2025-02-18 10:14:00+09:00,247500.0,248000.0,247500.0,247500.0,252,0.0,0.0
2025-02-18 10:15:00+09:00,247500.0,248000.0,247500.0,247500.0,394,0.0,0.0
2025-02-18 10:16:00+09:00,248000.0,248000.0,247500.0,248000.0,158,0.0,0.0
2025-02-18 10:17:00+09:00,248000.0,248000.0,247500.0,248000.0,620,0.0,0.0
2025-02-18 10:18:00+09:00,247500.0,248000.0,247500.0,247500.0,200,0.0,0.0
2025-02-18 10:19:00+09:00,247500.0,248000.0,247500.0,248000.0,3458,0.0,0.0
2025-02-18 10:20:00+09:00,247500.0,247500.0,247000.0,247500.0,2264,0.0,0.0
2025-02-18 10:21:00+09:00,247000.0,247500.0,247000.0,247500.0,642,0.0,0.0
2025-02-18 10:22:00+09:00,247000.0,247500.0,247000.0,247000.0,292,0.0,0.0
2025-02-18 10:23:00+09:00,247000.0,247500.0,247000.0,247500.0,240,0.0,0.0
2025-02-18 10:24:00+09:00,247000.0,247500.0,247000.0,247500.0,274,0.0,0.0
2025-02-18 10:25:00+09:00,247500.0,247500.0,247000.0,247000.0,334,0.0,0.0
2025-02-18 10:26:00+09:00,247500.0,247500.0,247000.0,247500.0,2958,0.0,0.0
2025-02-18 10:27:00+09:00,247000.0,247500.0,247000.0,247500.0,119,0.0,0.0
2025-02-18 10:28:00+09:00,247000.0,247500.0,247000.0,247500.0,285,0.0,0.0
2025-02-18 10:29:00+09:00,247000.0,247500.0,247000.0,247000.0,985,0.0,0.0
2025-02-18 10:30:00+09:00,247000.0,247500.0,246500.0,247000.0,445,0.0,0.0
2025-02-18 10:31:00+09:00,247000.0,247500.0,247000.0,247000.0,195,0.0,0.0
2025-02-18 10:32:00+09:00,247500.0,247500.0,247000.0,247000.0,280,0.0,0.0
2025-02-18 10:33:00+09:00,247000.0,247500.0,247000.0,247500.0,258,0.0,0.0
2025-02-18 10:34:00+09:00,247500.0,247500.0,247000.0,247000.0,636,0.0,0.0
2025-02-18 10:35:00+09:00,247500.0,247500.0,247000.0,247000.0,357,0.0,0.0
2025-02-18 10:36:00+09:00,247000.0,247500.0,247000.0,247000.0,380,0.0,0.0
2025-02-18 10:37:00+09:00,247500.0,247500.0,246500.0,247000.0,380,0.0,0.0
2025-02-18 10:38:00+09:00,246500.0,247500.0,246500.0,247000.0,613,0.0,0.0
2025-02-18 10:39:00+09:00,247000.0,248000.0,247000.0,247500.0,1083,0.0,0.0
2025-02-18 10:40:00+09:00,247500.0,248000.0,247000.0,248000.0,494,0.0,0.0
2025-02-18 10:41:00+09:00,247500.0,248000.0,247000.0,247000.0,272,0.0,0.0
2025-02-18 10:42:00+09:00,247000.0,248000.0,247000.0,247000.0,193,0.0,0.0
2025-02-18 10:43:00+09:00,247000.0,248000.0,247000.0,247500.0,1182,0.0,0.0
2025-02-18 10:44:00+09:00,247000.0,247500.0,247000.0,247000.0,579,0.0,0.0
2025-02-18 10:45:00+09:00,247500.0,247500.0,247000.0,247500.0,877,0.0,0.0
2025-02-18 10:46:00+09:00,247500.0,248000.0,247000.0,247000.0,285,0.0,0.0
2025-02-18 10:47:00+09:00,247500.0,248000.0,247000.0,247000.0,216,0.0,0.0
2025-02-18 10:48:00+09:00,247000.0,248000.0,247000.0,247000.0,486,0.0,0.0
2025-02-18 10:49:00+09:00,247500.0,247500.0,247000.0,247500.0,111,0.0,0.0
2025-02-18 10:50:00+09:00,247000.0,248000.0,247000.0,247500.0,636,0.0,0.0
2025-02-18 10:51:00+09:00,247500.0,248000.0,247500.0,247500.0,164,0.0,0.0
2025-02-18 10:52:00+09:00,248000.0,248000.0,247000.0,247500.0,1122,0.0,0.0
2025-02-18 10:53:00+09:00,247000.0,247500.0,247000.0,247500.0,844,0.0,0.0
2025-02-18 10:54:00+09:00,247500.0,248000.0,247000.0,247000.0,232,0.0,0.0
2025-02-18 10:55:00+09:00,247000.0,248000.0,247000.0,248000.0,182,0.0,0.0
2025-02-18 10:56:00+09:00,247500.0,248000.0,247000.0,247500.0,177,0.0,0.0
2025-02-18 10:57:00+09:00,247000.0,248000.0,247000.0,247500.0,172,0.0,0.0
2025-02-18 10:58:00+09:00,247500.0,248500.0,247000.0,248500.0,971,0.0,0.0
2025-02-18 10:59:00+09:00,248000.0,248500.0,247500.0,248000.0,557,0.0,0.0
2025-02-18 11:00:00+09:00,248000.0,248500.0,247500.0,248000.0,162,0.0,0.0
2025-02-18 11:01:00+09:00,248000.0,248000.0,247500.0,247500.0,177,0.0,0.0
2025-02-18 11:02:00+09:00,247500.0,248000.0,247500.0,247500.0,292,0.0,0.0
2025-02-18 11:03:00+09:00,248000.0,248000.0,247500.0,248000.0,100,0.0,0.0
2025-02-18 11:04:00+09:00,247500.0,248500.0,247500.0,248000.0,426,0.0,0.0
2025-02-18 11:05:00+09:00,248000.0,248500.0,247500.0,247500.0,174,0.0,0.0
2025-02-18 11:06:00+09:00,247500.0,248000.0,247500.0,247500.0,110,0.0,0.0
2025-02-18 11:07:00+09:00,248000.0,248000.0,247500.0,247500.0,306,0.0,0.0
2025-02-18 11:08:00+09:00,247500.0,248000.0,247500.0,247500.0,311,0.0,0.0
2025-02-18 11:09:00+09:00,248000.0,248000.0,247500.0,247500.0,138,0.0,0.0
2025-02-18 11:10:00+09:00,247500.0,248500.0,247500.0,247500.0,666,0.0,0.0
2025-02-18 11:11:00+09:00,248000.0,248500.0,247500.0,248000.0,117,0.0,0.0
2025-02-18 11:12:00+09:00,248000.0,248500.0,248000.0,248000.0,178,0.0,0.0
2025-02-18 11:13:00+09:00,248000.0,248500.0,248000.0,248500.0,190,0.0,0.0
2025-02-18 11:14:00+09:00,248000.0,248500.0,248000.0,248000.0,136,0.0,0.0
2025-02-18 11:15:00+09:00,248000.0,248500.0,248000.0,248500.0,522,0.0,0.0
2025-02-18 11:16:00+09:00,248500.0,248500.0,248000.0,248500.0,149,0.0,0.0
2025-02-18 11:17:00+09:00,248500.0,249000.0,248000.0,248500.0,1065,0.0,0.0
2025-02-18 11:18:00+09:00,249000.0,249000.0,248500.0,248500.0,355,0.0,0.0
2025-02-18 11:19:00+09:00,248500.0,249000.0,248500.0,249000.0,166,0.0,0.0
2025-02-18 11:20:00+09:00,249000.0,249000.0,248500.0,248500.0,144,0.0,0.0
2025-02-18 11:21:00+09:00,249000.0,249000.0,248500.0,248500.0,231,0.0,0.0
2025-02-18 11:22:00+09:00,249000.0,249000.0,248500.0,249000.0,1457,0.0,0.0
2025-02-18 11:23:00+09:00,249000.0,249000.0,248500.0,249000.0,621,0.0,0.0
2025-02-18 11:24:00+09:00,248500.0,249000.0,248500.0,248500.0,560,0.0,0.0
2025-02-18 11:25:00+09:00,248500.0,249000.0,248500.0,249000.0,513,0.0,0.0
2025-02-18 11:26:00+09:00,249000.0,249500.0,248500.0,248500.0,392,0.0,0.0
2025-02-18 11:27:00+09:00,248500.0,249000.0,248500.0,248500.0,168,0.0,0.0
2025-02-18 11:28:00+09:00,248500.0,249500.0,248500.0,248500.0,320,0.0,0.0
2025-02-18 11:29:00+09:00,249000.0,249500.0,248500.0,248500.0,153,0.0,0.0
2025-02-18 11:30:00+09:00,248500.0,249500.0,248500.0,249000.0,142,0.0,0.0
2025-02-18 11:31:00+09:00,249000.0,249500.0,248500.0,248500.0,143,0.0,0.0
2025-02-18 11:32:00+09:00,248500.0,249000.0,248500.0,248500.0,81,0.0,0.0
2025-02-18 11:33:00+09:00,249000.0,249500.0,248500.0,249000.0,263,0.0,0.0
2025-02-18 11:34:00+09:00,249000.0,249500.0,249000.0,249000.0,183,0.0,0.0
2025-02-18 11:35:00+09:00,249500.0,249500.0,249000.0,249000.0,119,0.0,0.0
2025-02-18 11:36:00+09:00,249000.0,249500.0,249000.0,249000.0,201,0.0,0.0
2025-02-18 11:37:00+09:00,249000.0,249500.0,249000.0,249000.0,116,0.0,0.0
2025-02-18 11:38:00+09:00,249000.0,249500.0,249000.0,249500.0,383,0.0,0.0
2025-02-18 11:39:00+09:00,249000.0,249500.0,249000.0,249000.0,248,0.0,0.0
2025-02-18 11:40:00+09:00,249500.0,249500.0,249000.0,249000.0,139,0.0,0.0
2025-02-18 11:41:00+09:00,249000.0,249500.0,249000.0,249000.0,103,0.0,0.0
2025-02-18 11:42:00+09:00,249000.0,249500.0,249000.0,249500.0,195,0.0,0.0
2025-02-18 11:43:00+09:00,249000.0,249500.0,249000.0,249000.0,122,0.0,0.0
2025-02-18 11:44:00+09:00,249500.0,249500.0,249000.0,249000.0,245,0.0,0.0
2025-02-18 11:45:00+09:00,249500.0,249500.0,249000.0,249500.0,105,0.0,0.0
2025-02-18 11:46:00+09:00,249500.0,249500.0,249000.0,249000.0,434,0.0,0.0
2025-02-18 11:47:00+09:00,249000.0,249500.0,249000.0,249000.0,165,0.0,0.0
2025-02-18 11:48:00+09:00,249500.0,249500.0,249000.0,249500.0,188,0.0,0.0
2025-02-18 11:49:00+09:00,249000.0,249500.0,249000.0,249500.0,126,0.0,0.0
2025-02-18 11:50:00+09:00,249000.0,249500.0,249000.0,249000.0,136,0.0,0.0
2025-02-18 11:51:00+09:00,249000.0,249500.0,249000.0,249500.0,82,0.0,0.0
2025-02-18 11:52:00+09:00,249500.0,249500.0,249000.0,249000.0,209,0.0,0.0
2025-02-18 11:53:00+09:00,249000.0,249500.0,249000.0,249000.0,84,0.0,0.0
2025-02-18 11:54:00+09:00,249000.0,249500.0,249000.0,249000.0,164,0.0,0.0
2025-02-18 11:55:00+09:00,249500.0,249500.0,249000.0,249500.0,98,0.0,0.0
2025-02-18 11:56:00+09:00,249000.0,249500.0,249000.0,249000.0,125,0.0,0.0
2025-02-18 11:57:00+09:00,249500.0,249500.0,249000.0,249000.0,127,0.0,0.0
2025-02-18 11:58:00+09:00,249000.0,249500.0,249000.0,249000.0,153,0.0,0.0
2025-02-18 11:59:00+09:00,249000.0,249500.0,249000.0,249000.0,266,0.0,0.0
2025-02-18 12:00:00+09:00,249500.0,249500.0,249000.0,249000.0,111,0.0,0.0
2025-02-18 12:01:00+09:00,249500.0,249500.0,249000.0,249000.0,74,0.0,0.0
2025-02-18 12:02:00+09:00,249000.0,249500.0,249000.0,249500.0,51,0.0,0.0
2025-02-18 12:03:00+09:00,249000.0,249500.0,249000.0,249000.0,79,0.0,0.0
2025-02-18 12:04:00+09:00,249000.0,249500.0,249000.0,249500.0,117,0.0,0.0
2025-02-18 12:05:00+09:00,249000.0,249500.0,249000.0,249500.0,312,0.0,0.0
2025-02-18 12:06:00+09:00,249500.0,249500.0,249000.0,249000.0,159,0.0,0.0
2025-02-18 12:07:00+09:00,249500.0,249500.0,249000.0,249000.0,91,0.0,0.0
2025-02-18 12:08:00+09:00,249500.0,249500.0,249000.0,249000.0,212,0.0,0.0
2025-02-18 12:09:00+09:00,249500.0,249500.0,249000.0,249000.0,94,0.0,0.0
2025-02-18 12:10:00+09:00,249000.0,249500.0,249000.0,249000.0,105,0.0,0.0
2025-02-18 12:11:00+09:00,249000.0,249500.0,249000.0,249000.0,80,0.0,0.0
2025-02-18 12:12:00+09:00,249500.0,249500.0,249000.0,249000.0,220,0.0,0.0
2025-02-18 12:13:00+09:00,249000.0,249500.0,249000.0,249000.0,171,0.0,0.0
2025-02-18 12:14:00+09:00,249000.0,249500.0,249000.0,249000.0,344,0.0,0.0
2025-02-18 12:15:00+09:00,249000.0,249500.0,249000.0,249000.0,0,0.0,0.0
2025-02-18 12:16:00+09:00,249000.0,249500.0,249000.0,249500.0,152,0.0,0.0
2025-02-18 12:17:00+09:00,249000.0,249500.0,249000.0,249000.0,90,0.0,0.0
2025-02-18 12:18:00+09:00,249000.0,249500.0,249000.0,249000.0,220,0.0,0.0
2025-02-18 12:19:00+09:00,249000.0,249500.0,249000.0,249000.0,87,0.0,0.0
2025-02-18 12:20:00+09:00,249000.0,249500.0,249000.0,249000.0,125,0.0,0.0
2025-02-18 12:21:00+09:00,249500.0,249500.0,249000.0,249500.0,328,0.0,0.0
2025-02-18 12:22:00+09:00,249000.0,249500.0,249000.0,249000.0,151,0.0,0.0
2025-02-18 12:23:00+09:00,249000.0,249500.0,249000.0,249000.0,344,0.0,0.0
2025-02-18 12:24:00+09:00,249000.0,249500.0,249000.0,249000.0,127,0.0,0.0
2025-02-18 12:25:00+09:00,249000.0,249500.0,249000.0,249000.0,704,0.0,0.0
2025-02-18 12:26:00+09:00,249000.0,249500.0,249000.0,249000.0,298,0.0,0.0
2025-02-18 12:27:00+09:00,249000.0,249500.0,249000.0,249000.0,240,0.0,0.0
2025-02-18 12:28:00+09:00,249000.0,249500.0,249000.0,249500.0,81,0.0,0.0
2025-02-18 12:29:00+09:00,249500.0,249500.0,249000.0,249000.0,76,0.0,0.0
2025-02-18 12:30:00+09:00,249000.0,249500.0,249000.0,249000.0,236,0.0,0.0
2025-02-18 12:31:00+09:00,249000.0,249500.0,249000.0,249000.0,316,0.0,0.0
2025-02-18 12:32:00+09:00,249000.0,249500.0,249000.0,249000.0,91,0.0,0.0
2025-02-18 12:33:00+09:00,249500.0,249500.0,249000.0,249500.0,100,0.0,0.0
2025-02-18 12:34:00+09:00,249500.0,249500.0,249000.0,249000.0,196,0.0,0.0
2025-02-18 12:35:00+09:00,249000.0,249500.0,249000.0,249500.0,56,0.0,0.0
2025-02-18 12:36:00+09:00,249000.0,249500.0,249000.0,249500.0,200,0.0,0.0
2025-02-18 12:37:00+09:00,249000.0,249500.0,249000.0,249000.0,452,0.0,0.0
2025-02-18 12:38:00+09:00,249000.0,249500.0,249000.0,249500.0,153,0.0,0.0
2025-02-18 12:39:00+09:00,249000.0,249500.0,249000.0,249000.0,112,0.0,0.0
2025-02-18 12:40:00+09:00,249500.0,249500.0,249000.0,249000.0,141,0.0,0.0
2025-02-18 12:41:00+09:00,249000.0,249500.0,249000.0,249000.0,270,0.0,0.0
2025-02-18 12:42:00+09:00,249500.0,249500.0,249000.0,249000.0,170,0.0,0.0
2025-02-18 12:43:00+09:00,249500.0,249500.0,249000.0,249000.0,119,0.0,0.0
2025-02-18 12:44:00+09:00,249500.0,249500.0,249000.0,249000.0,71,0.0,0.0
2025-02-18 12:45:00+09:00,249500.0,249500.0,249000.0,249500.0,312,0.0,0.0
2025-02-18 12:46:00+09:00,249000.0,249500.0,249000.0,249000.0,155,0.0,0.0
2025-02-18 12:47:00+09:00,249000.0,249500.0,249000.0,249000.0,69,0.0,0.0
2025-02-18 12:48:00+09:00,249000.0,249500.0,249000.0,249000.0,86,0.0,0.0
2025-02-18 12:49:00+09:00,249000.0,249500.0,249000.0,249000.0,467,0.0,0.0
2025-02-18 12:50:00+09:00,249000.0,249500.0,249000.0,249500.0,147,0.0,0.0
2025-02-18 12:51:00+09:00,249500.0,249500.0,249000.0,249000.0,168,0.0,0.0
2025-02-18 12:52:00+09:00,249000.0,249500.0,249000.0,249000.0,188,0.0,0.0
2025-02-18 12:53:00+09:00,249000.0,249500.0,249000.0,249000.0,63,0.0,0.0
2025-02-18 12:54:00+09:00,249500.0,249500.0,249000.0,249000.0,394,0.0,0.0
2025-02-18 12:55:00+09:00,249000.0,250000.0,249000.0,249500.0,2105,0.0,0.0
2025-02-18 12:56:00+09:00,249500.0,249500.0,249000.0,249000.0,125,0.0,0.0
2025-02-18 12:57:00+09:00,249000.0,249500.0,249000.0,249000.0,259,0.0,0.0
2025-02-18 12:58:00+09:00,249000.0,249500.0,249000.0,249000.0,313,0.0,0.0
2025-02-18 12:59:00+09:00,249000.0,249500.0,249000.0,249000.0,224,0.0,0.0
2025-02-18 13:00:00+09:00,249500.0,250000.0,249000.0,249000.0,1694,0.0,0.0
2025-02-18 13:01:00+09:00,249000.0,250000.0,249000.0,249000.0,41,0.0,0.0
2025-02-18 13:02:00+09:00,249000.0,249500.0,249000.0,249500.0,126,0.0,0.0
2025-02-18 13:03:00+09:00,249000.0,249500.0,249000.0,249000.0,84,0.0,0.0
2025-02-18 13:04:00+09:00,249500.0,249500.0,249000.0,249000.0,160,0.0,0.0
2025-02-18 13:05:00+09:00,249000.0,249500.0,249000.0,249000.0,111,0.0,0.0
2025-02-18 13:06:00+09:00,249000.0,249500.0,249000.0,249000.0,49,0.0,0.0
2025-02-18 13:07:00+09:00,249000.0,249500.0,249000.0,249500.0,225,0.0,0.0
2025-02-18 13:08:00+09:00,249000.0,249500.0,249000.0,249500.0,45,0.0,0.0
2025-02-18 13:09:00+09:00,249000.0,249500.0,249000.0,249000.0,67,0.0,0.0
2025-02-18 13:10:00+09:00,249000.0,249500.0,249000.0,249000.0,91,0.0,0.0
2025-02-18 13:11:00+09:00,249000.0,249500.0,248500.0,249000.0,2645,0.0,0.0
2025-02-18 13:12:00+09:00,248500.0,249000.0,248500.0,248500.0,100,0.0,0.0
2025-02-18 13:13:00+09:00,248500.0,249000.0,248500.0,249000.0,175,0.0,0.0
2025-02-18 13:14:00+09:00,248500.0,249000.0,248500.0,249000.0,155,0.0,0.0
2025-02-18 13:15:00+09:00,249000.0,249000.0,248500.0,248500.0,308,0.0,0.0
2025-02-18 13:16:00+09:00,248500.0,249000.0,248500.0,248500.0,67,0.0,0.0
2025-02-18 13:17:00+09:00,248500.0,249000.0,248500.0,248500.0,162,0.0,0.0
2025-02-18 13:18:00+09:00,249000.0,249000.0,248500.0,248500.0,191,0.0,0.0
2025-02-18 13:19:00+09:00,249000.0,249000.0,248500.0,248500.0,339,0.0,0.0
2025-02-18 13:20:00+09:00,248500.0,249000.0,248500.0,249000.0,68,0.0,0.0
2025-02-18 13:21:00+09:00,248500.0,249000.0,248500.0,248500.0,214,0.0,0.0
2025-02-18 13:22:00+09:00,249000.0,249000.0,248500.0,248500.0,341,0.0,0.0
2025-02-18 13:23:00+09:00,249000.0,249000.0,248500.0,249000.0,482,0.0,0.0
2025-02-18 13:24:00+09:00,248500.0,249000.0,248500.0,248500.0,101,0.0,0.0
2025-02-18 13:25:00+09:00,249000.0,249000.0,248500.0,248500.0,95,0.0,0.0
2025-02-18 13:26:00+09:00,248500.0,249000.0,248500.0,249000.0,191,0.0,0.0
2025-02-18 13:27:00+09:00,249000.0,249000.0,248500.0,248500.0,389,0.0,0.0
2025-02-18 13:28:00+09:00,248500.0,249000.0,248500.0,248500.0,133,0.0,0.0
2025-02-18 13:29:00+09:00,248500.0,249000.0,248500.0,248500.0,198,0.0,0.0
2025-02-18 13:30:00+09:00,249000.0,249000.0,248500.0,249000.0,99,0.0,0.0
2025-02-18 13:31:00+09:00,248500.0,249000.0,248000.0,248000.0,1050,0.0,0.0
2025-02-18 13:32:00+09:00,248000.0,248500.0,248000.0,248500.0,121,0.0,0.0
2025-02-18 13:33:00+09:00,248500.0,248500.0,248000.0,248000.0,115,0.0,0.0
2025-02-18 13:34:00+09:00,248000.0,248500.0,248000.0,248500.0,119,0.0,0.0
2025-02-18 13:35:00+09:00,248500.0,248500.0,248000.0,248000.0,403,0.0,0.0
2025-02-18 13:36:00+09:00,248500.0,248500.0,248000.0,248000.0,153,0.0,0.0
2025-02-18 13:37:00+09:00,248000.0,248500.0,248000.0,248500.0,172,0.0,0.0
2025-02-18 13:38:00+09:00,248000.0,248500.0,248000.0,248000.0,189,0.0,0.0
2025-02-18 13:39:00+09:00,248500.0,248500.0,248000.0,248000.0,101,0.0,0.0
2025-02-18 13:40:00+09:00,248500.0,248500.0,248000.0,248500.0,86,0.0,0.0
2025-02-18 13:41:00+09:00,248000.0,248500.0,248000.0,248000.0,117,0.0,0.0
2025-02-18 13:42:00+09:00,248000.0,248500.0,248000.0,248000.0,209,0.0,0.0
2025-02-18 13:43:00+09:00,248500.0,248500.0,248000.0,248000.0,136,0.0,0.0
2025-02-18 13:44:00+09:00,248000.0,248500.0,248000.0,248000.0,163,0.0,0.0
2025-02-18 13:45:00+09:00,248000.0,248500.0,248000.0,248500.0,205,0.0,0.0
2025-02-18 13:46:00+09:00,248000.0,248500.0,248000.0,248000.0,124,0.0,0.0
2025-02-18 13:47:00+09:00,248500.0,248500.0,248000.0,248500.0,231,0.0,0.0
2025-02-18 13:48:00+09:00,248500.0,248500.0,248000.0,248000.0,173,0.0,0.0
2025-02-18 13:49:00+09:00,248000.0,248500.0,248000.0,248500.0,342,0.0,0.0
2025-02-18 13:50:00+09:00,248500.0,248500.0,248000.0,248000.0,294,0.0,0.0
2025-02-18 13:51:00+09:00,248000.0,248500.0,248000.0,248000.0,493,0.0,0.0
2025-02-18 13:52:00+09:00,248000.0,248500.0,248000.0,248000.0,86,0.0,0.0
2025-02-18 13:53:00+09:00,248000.0,248500.0,248000.0,248000.0,77,0.0,0.0
2025-02-18 13:54:00+09:00,248000.0,248500.0,248000.0,248000.0,128,0.0,0.0
2025-02-18 13:55:00+09:00,248000.0,248500.0,248000.0,248500.0,70,0.0,0.0
2025-02-18 13:56:00+09:00,248500.0,248500.0,248000.0,248500.0,260,0.0,0.0
2025-02-18 13:57:00+09:00,248000.0,248500.0,248000.0,248500.0,75,0.0,0.0
2025-02-18 13:58:00+09:00,248000.0,248500.0,248000.0,248000.0,80,0.0,0.0
2025-02-18 13:59:00+09:00,248500.0,248500.0,248000.0,248000.0,345,0.0,0.0
2025-02-18 14:00:00+09:00,248500.0,248500.0,248000.0,248500.0,60,0.0,0.0
2025-02-18 14:01:00+09:00,248000.0,248500.0,248000.0,248500.0,666,0.0,0.0
2025-02-18 14:02:00+09:00,248500.0,248500.0,248000.0,248000.0,299,0.0,0.0
2025-02-18 14:03:00+09:00,248000.0,248500.0,248000.0,248000.0,177,0.0,0.0
2025-02-18 14:04:00+09:00,248000.0,248500.0,248000.0,248000.0,113,0.0,0.0
2025-02-18 14:05:00+09:00,248000.0,248500.0,248000.0,248000.0,207,0.0,0.0
2025-02-18 14:06:00+09:00,248000.0,248500.0,248000.0,248000.0,82,0.0,0.0
2025-02-18 14:07:00+09:00,248500.0,248500.0,248000.0,248500.0,121,0.0,0.0
2025-02-18 14:08:00+09:00,248500.0,248500.0,248000.0,248000.0,136,0.0,0.0
2025-02-18 14:09:00+09:00,248500.0,248500.0,248000.0,248500.0,167,0.0,0.0
2025-02-18 14:10:00+09:00,248500.0,248500.0,248000.0,248000.0,510,0.0,0.0
2025-02-18 14:11:00+09:00,248000.0,248500.0,248000.0,248000.0,262,0.0,0.0
2025-02-18 14:12:00+09:00,248000.0,248500.0,248000.0,248500.0,470,0.0,0.0
2025-02-18 14:13:00+09:00,248000.0,248500.0,248000.0,248500.0,226,0.0,0.0
2025-02-18 14:14:00+09:00,248000.0,248500.0,248000.0,248000.0,156,0.0,0.0
2025-02-18 14:15:00+09:00,248500.0,248500.0,248000.0,248500.0,387,0.0,0.0
2025-02-18 14:16:00+09:00,248000.0,248500.0,248000.0,248000.0,281,0.0,0.0
2025-02-18 14:17:00+09:00,248000.0,248500.0,248000.0,248000.0,191,0.0,0.0
2025-02-18 14:18:00+09:00,248500.0,248500.0,248000.0,248000.0,366,0.0,0.0
2025-02-18 14:19:00+09:00,248500.0,249000.0,248000.0,248000.0,876,0.0,0.0
2025-02-18 14:20:00+09:00,248000.0,249000.0,248000.0,248000.0,232,0.0,0.0
2025-02-18 14:21:00+09:00,248000.0,248500.0,248000.0,248000.0,132,0.0,0.0
2025-02-18 14:22:00+09:00,248000.0,248500.0,248000.0,248000.0,211,0.0,0.0
2025-02-18 14:23:00+09:00,248500.0,248500.0,248000.0,248500.0,134,0.0,0.0
2025-02-18 14:24:00+09:00,248500.0,248500.0,248000.0,248000.0,323,0.0,0.0
2025-02-18 14:25:00+09:00,248000.0,248500.0,248000.0,248000.0,291,0.0,0.0
2025-02-18 14:26:00+09:00,248000.0,248500.0,248000.0,248000.0,219,0.0,0.0
2025-02-18 14:27:00+09:00,248000.0,248500.0,248000.0,248000.0,190,0.0,0.0
2025-02-18 14:28:00+09:00,248500.0,248500.0,248000.0,248500.0,138,0.0,0.0
2025-02-18 14:29:00+09:00,248500.0,248500.0,248000.0,248000.0,130,0.0,0.0
2025-02-18 14:30:00+09:00,248000.0,248500.0,248000.0,248500.0,334,0.0,0.0
2025-02-18 14:31:00+09:00,248500.0,248500.0,248000.0,248000.0,305,0.0,0.0
2025-02-18 14:32:00+09:00,248000.0,248500.0,248000.0,248500.0,209,0.0,0.0
2025-02-18 14:33:00+09:00,248500.0,248500.0,248000.0,248500.0,210,0.0,0.0
2025-02-18 14:34:00+09:00,248000.0,248500.0,248000.0,248500.0,207,0.0,0.0
2025-02-18 14:35:00+09:00,248000.0,248500.0,248000.0,248000.0,165,0.0,0.0
2025-02-18 14:36:00+09:00,248500.0,248500.0,248000.0,248500.0,600,0.0,0.0
2025-02-18 14:37:00+09:00,248000.0,248500.0,248000.0,248000.0,1073,0.0,0.0
2025-02-18 14:38:00+09:00,248500.0,249000.0,248000.0,248500.0,237,0.0,0.0
2025-02-18 14:39:00+09:00,248500.0,248500.0,248000.0,248000.0,949,0.0,0.0
2025-02-18 14:40:00+09:00,248000.0,248500.0,248000.0,248000.0,193,0.0,0.0
2025-02-18 14:41:00+09:00,248000.0,248500.0,248000.0,248000.0,111,0.0,0.0
2025-02-18 14:42:00+09:00,248000.0,248500.0,248000.0,248000.0,298,0.0,0.0
2025-02-18 14:43:00+09:00,248500.0,248500.0,248000.0,248000.0,1772,0.0,0.0
2025-02-18 14:44:00+09:00,248500.0,248500.0,248000.0,248000.0,130,0.0,0.0
2025-02-18 14:45:00+09:00,248500.0,248500.0,248000.0,248000.0,386,0.0,0.0
2025-02-18 14:46:00+09:00,248000.0,248500.0,248000.0,248500.0,105,0.0,0.0
2025-02-18 14:47:00+09:00,248000.0,248500.0,248000.0,248000.0,380,0.0,0.0
2025-02-18 14:48:00+09:00,248000.0,248500.0,248000.0,248000.0,173,0.0,0.0
2025-02-18 14:49:00+09:00,248000.0,248500.0,248000.0,248000.0,150,0.0,0.0
2025-02-18 14:50:00+09:00,248000.0,248500.0,248000.0,248000.0,166,0.0,0.0
2025-02-18 14:51:00+09:00,248000.0,248500.0,248000.0,248500.0,214,0.0,0.0
2025-02-18 14:52:00+09:00,248000.0,248500.0,248000.0,248000.0,192,0.0,0.0
2025-02-18 14:53:00+09:00,248000.0,248500.0,248000.0,248000.0,236,0.0,0.0
2025-02-18 14:54:00+09:00,248000.0,248500.0,248000.0,248000.0,113,0.0,0.0
2025-02-18 14:55:00+09:00,248500.0,248500.0,248000.0,248000.0,189,0.0,0.0
2025-02-18 14:56:00+09:00,248000.0,248500.0,248000.0,248000.0,297,0.0,0.0
2025-02-18 14:57:00+09:00,248000.0,248500.0,248000.0,248000.0,182,0.0,0.0
2025-02-18 14:58:00+09:00,248000.0,248500.0,248000.0,248000.0,202,0.0,0.0
2025-02-18 14:59:00+09:00,248000.0,248500.0,248000.0,248000.0,349,0.0,0.0
2025-02-19 09:00:00+09:00,248500.0,250000.0,248500.0,249500.0,5544,0.0,0.0
2025-02-19 09:01:00+09:00,249500.0,251000.0,249500.0,250500.0,2355,0.0,0.0
2025-02-19 09:02:00+09:00,250000.0,251000.0,250000.0,251000.0,2621,0.0,0.0
2025-02-19 09:03:00+09:00,251000.0,252500.0,251000.0,252500.0,5122,0.0,0.0
2025-02-19 09:04:00+09:00,252500.0,253500.0,252500.0,253500.0,2517,0.0,0.0
2025-02-19 09:05:00+09:00,253500.0,253500.0,252500.0,252500.0,2818,0.0,0.0
2025-02-19 09:06:00+09:00,253000.0,254000.0,252500.0,253500.0,4172,0.0,0.0
2025-02-19 09:07:00+09:00,253500.0,254000.0,253500.0,254000.0,2710,0.0,0.0
2025-02-19 09:08:00+09:00,254000.0,254500.0,253500.0,254000.0,1990,0.0,0.0
2025-02-19 09:09:00+09:00,254000.0,254500.0,254000.0,254500.0,829,0.0,0.0
2025-02-19 09:10:00+09:00,254000.0,254500.0,253500.0,254500.0,4337,0.0,0.0
2025-02-19 09:11:00+09:00,254500.0,254500.0,254000.0,254500.0,782,0.0,0.0
2025-02-19 09:12:00+09:00,254500.0,255000.0,254000.0,254500.0,5287,0.0,0.0
2025-02-19 09:13:00+09:00,254500.0,254500.0,254000.0,254500.0,665,0.0,0.0
2025-02-19 09:14:00+09:00,254500.0,254500.0,253500.0,253500.0,2716,0.0,0.0
2025-02-19 09:15:00+09:00,253500.0,254000.0,252500.0,252500.0,3098,0.0,0.0
2025-02-19 09:16:00+09:00,253000.0,254000.0,252500.0,253500.0,2250,0.0,0.0
2025-02-19 09:17:00+09:00,254000.0,254500.0,253500.0,254500.0,2587,0.0,0.0
2025-02-19 09:18:00+09:00,254500.0,255000.0,254000.0,255000.0,4118,0.0,0.0
2025-02-19 09:19:00+09:00,255000.0,255000.0,254000.0,254000.0,2256,0.0,0.0
2025-02-19 09:20:00+09:00,254500.0,254500.0,254000.0,254500.0,441,0.0,0.0
2025-02-19 09:21:00+09:00,254000.0,254500.0,254000.0,254000.0,645,0.0,0.0
2025-02-19 09:22:00+09:00,254500.0,254500.0,253500.0,254000.0,747,0.0,0.0
2025-02-19 09:23:00+09:00,253500.0,254500.0,253500.0,254000.0,3819,0.0,0.0
2025-02-19 09:24:00+09:00,254000.0,254500.0,254000.0,254500.0,642,0.0,0.0
2025-02-19 09:25:00+09:00,254500.0,255000.0,254000.0,254500.0,2517,0.0,0.0
2025-02-19 09:26:00+09:00,255000.0,255000.0,254500.0,255000.0,1047,0.0,0.0
2025-02-19 09:27:00+09:00,254500.0,255000.0,254500.0,255000.0,568,0.0,0.0
2025-02-19 09:28:00+09:00,254500.0,255000.0,254500.0,254500.0,1674,0.0,0.0
2025-02-19 09:29:00+09:00,255000.0,256000.0,254500.0,256000.0,11002,0.0,0.0
2025-02-19 09:30:00+09:00,256000.0,257000.0,255500.0,256500.0,9560,0.0,0.0
2025-02-19 09:31:00+09:00,256500.0,256500.0,255500.0,256000.0,5049,0.0,0.0
2025-02-19 09:32:00+09:00,256000.0,256500.0,256000.0,256000.0,567,0.0,0.0
2025-02-19 09:33:00+09:00,256500.0,257000.0,256000.0,256500.0,4563,0.0,0.0
2025-02-19 09:34:00+09:00,257000.0,257500.0,256500.0,257500.0,2705,0.0,0.0
2025-02-19 09:35:00+09:00,257500.0,257500.0,257000.0,257500.0,1377,0.0,0.0
2025-02-19 09:36:00+09:00,257000.0,258000.0,257000.0,258000.0,3749,0.0,0.0
2025-02-19 09:37:00+09:00,258000.0,258000.0,257000.0,258000.0,5898,0.0,0.0
2025-02-19 09:38:00+09:00,258000.0,258500.0,257500.0,258000.0,3654,0.0,0.0
2025-02-19 09:39:00+09:00,258000.0,258500.0,257500.0,257500.0,1473,0.0,0.0
2025-02-19 09:40:00+09:00,257500.0,258000.0,257500.0,257500.0,2493,0.0,0.0
2025-02-19 09:41:00+09:00,257500.0,258000.0,257500.0,257500.0,1508,0.0,0.0
2025-02-19 09:42:00+09:00,257500.0,258000.0,257500.0,258000.0,1638,0.0,0.0
2025-02-19 09:43:00+09:00,258000.0,258500.0,258000.0,258500.0,2272,0.0,0.0
2025-02-19 09:44:00+09:00,258500.0,259000.0,258500.0,259000.0,5242,0.0,0.0
2025-02-19 09:45:00+09:00,259000.0,259500.0,258500.0,259500.0,5140,0.0,0.0
2025-02-19 09:46:00+09:00,259500.0,260000.0,259000.0,259500.0,6051,0.0,0.0
2025-02-19 09:47:00+09:00,259500.0,260000.0,259000.0,259500.0,2313,0.0,0.0
2025-02-19 09:48:00+09:00,259500.0,259500.0,259000.0,259500.0,885,0.0,0.0
2025-02-19 09:49:00+09:00,259000.0,259500.0,258000.0,259000.0,5331,0.0,0.0
2025-02-19 09:50:00+09:00,259000.0,259500.0,258000.0,258500.0,1841,0.0,0.0
2025-02-19 09:51:00+09:00,258500.0,259000.0,258000.0,258500.0,1112,0.0,0.0
2025-02-19 09:52:00+09:00,259000.0,259000.0,258000.0,258500.0,1869,0.0,0.0
2025-02-19 09:53:00+09:00,259000.0,259000.0,258500.0,258500.0,1610,0.0,0.0
2025-02-19 09:54:00+09:00,258500.0,259000.0,258500.0,259000.0,277,0.0,0.0
2025-02-19 09:55:00+09:00,259000.0,259000.0,258500.0,259000.0,706,0.0,0.0
2025-02-19 09:56:00+09:00,258500.0,259000.0,258500.0,258500.0,985,0.0,0.0
2025-02-19 09:57:00+09:00,258500.0,259500.0,258500.0,259000.0,3803,0.0,0.0
2025-02-19 09:58:00+09:00,259500.0,259500.0,259000.0,259000.0,680,0.0,0.0
2025-02-19 09:59:00+09:00,259000.0,259500.0,258500.0,259000.0,2237,0.0,0.0
2025-02-19 10:00:00+09:00,259000.0,259500.0,259000.0,259000.0,1738,0.0,0.0
2025-02-19 10:01:00+09:00,259000.0,259000.0,257500.0,258000.0,2584,0.0,0.0
2025-02-19 10:02:00+09:00,257500.0,258000.0,257500.0,257500.0,2324,0.0,0.0
2025-02-19 10:03:00+09:00,258000.0,258000.0,257500.0,257500.0,447,0.0,0.0
2025-02-19 10:04:00+09:00,257500.0,258500.0,257500.0,258000.0,1476,0.0,0.0
2025-02-19 10:05:00+09:00,258500.0,259000.0,258000.0,259000.0,1797,0.0,0.0
2025-02-19 10:06:00+09:00,259000.0,259000.0,258000.0,258000.0,572,0.0,0.0
2025-02-19 10:07:00+09:00,258000.0,259500.0,258000.0,259500.0,5845,0.0,0.0
2025-02-19 10:08:00+09:00,259500.0,259500.0,259000.0,259500.0,1260,0.0,0.0
2025-02-19 10:09:00+09:00,259000.0,259500.0,258500.0,259000.0,2798,0.0,0.0
2025-02-19 10:10:00+09:00,258500.0,258500.0,258000.0,258500.0,1118,0.0,0.0
2025-02-19 10:11:00+09:00,258500.0,259000.0,258500.0,259000.0,297,0.0,0.0
2025-02-19 10:12:00+09:00,259000.0,259000.0,258500.0,259000.0,384,0.0,0.0
2025-02-19 10:13:00+09:00,259000.0,259000.0,258500.0,259000.0,494,0.0,0.0
2025-02-19 10:14:00+09:00,259000.0,259000.0,258500.0,258500.0,321,0.0,0.0
2025-02-19 10:15:00+09:00,259000.0,259000.0,258000.0,258500.0,1698,0.0,0.0
2025-02-19 10:16:00+09:00,258000.0,259000.0,258000.0,259000.0,1351,0.0,0.0
2025-02-19 10:17:00+09:00,259000.0,259500.0,258500.0,259500.0,3030,0.0,0.0
2025-02-19 10:18:00+09:00,259000.0,259500.0,259000.0,259500.0,1139,0.0,0.0
2025-02-19 10:19:00+09:00,259000.0,260000.0,259000.0,260000.0,3221,0.0,0.0
2025-02-19 10:20:00+09:00,260000.0,261000.0,259500.0,260500.0,10513,0.0,0.0
2025-02-19 10:21:00+09:00,260500.0,261500.0,260500.0,261000.0,7685,0.0,0.0
2025-02-19 10:22:00+09:00,261000.0,262000.0,261000.0,262000.0,5309,0.0,0.0
2025-02-19 10:23:00+09:00,262000.0,262000.0,261000.0,261500.0,5438,0.0,0.0
2025-02-19 10:24:00+09:00,261500.0,262000.0,261000.0,262000.0,1277,0.0,0.0
2025-02-19 10:25:00+09:00,262000.0,262000.0,261000.0,262000.0,4026,0.0,0.0
2025-02-19 10:26:00+09:00,261500.0,262000.0,261500.0,262000.0,2834,0.0,0.0
2025-02-19 10:27:00+09:00,262000.0,262000.0,260000.0,260500.0,9160,0.0,0.0
2025-02-19 10:28:00+09:00,261000.0,261500.0,260500.0,261500.0,3620,0.0,0.0
2025-02-19 10:29:00+09:00,261000.0,261500.0,261000.0,261500.0,1768,0.0,0.0
2025-02-19 10:30:00+09:00,261500.0,261500.0,261000.0,261500.0,2295,0.0,0.0
2025-02-19 10:31:00+09:00,261000.0,262000.0,261000.0,262000.0,2323,0.0,0.0
2025-02-19 10:32:00+09:00,262000.0,262000.0,261000.0,261000.0,3436,0.0,0.0
2025-02-19 10:33:00+09:00,261000.0,261500.0,260000.0,261000.0,4877,0.0,0.0
2025-02-19 10:34:00+09:00,261000.0,261500.0,260500.0,261500.0,2533,0.0,0.0
2025-02-19 10:35:00+09:00,261000.0,261500.0,261000.0,261500.0,1547,0.0,0.0
2025-02-19 10:36:00+09:00,261500.0,261500.0,260500.0,260500.0,1841,0.0,0.0
2025-02-19 10:37:00+09:00,261000.0,261000.0,260500.0,261000.0,1328,0.0,0.0
2025-02-19 10:38:00+09:00,261000.0,262000.0,260500.0,261500.0,2999,0.0,0.0
2025-02-19 10:39:00+09:00,261500.0,262000.0,260500.0,261500.0,3678,0.0,0.0
2025-02-19 10:40:00+09:00,261500.0,261500.0,261000.0,261000.0,783,0.0,0.0
2025-02-19 10:41:00+09:00,261000.0,261500.0,261000.0,261500.0,471,0.0,0.0
2025-02-19 10:42:00+09:00,261000.0,261500.0,261000.0,261000.0,1044,0.0,0.0
2025-02-19 10:43:00+09:00,261500.0,261500.0,261000.0,261500.0,1177,0.0,0.0
2025-02-19 10:44:00+09:00,261500.0,261500.0,260500.0,261000.0,1052,0.0,0.0
2025-02-19 10:45:00+09:00,261000.0,261500.0,260500.0,261000.0,3007,0.0,0.0
2025-02-19 10:46:00+09:00,260500.0,261000.0,260500.0,261000.0,2109,0.0,0.0
2025-02-19 10:47:00+09:00,261000.0,261000.0,260500.0,260500.0,1209,0.0,0.0
2025-02-19 10:48:00+09:00,261000.0,261000.0,260000.0,260500.0,625,0.0,0.0
2025-02-19 10:49:00+09:00,261000.0,261500.0,260500.0,261500.0,1438,0.0,0.0
2025-02-19 10:50:00+09:00,261000.0,262000.0,261000.0,261500.0,4263,0.0,0.0
2025-02-19 10:51:00+09:00,262000.0,262000.0,261500.0,261500.0,379,0.0,0.0
2025-02-19 10:52:00+09:00,262000.0,262000.0,261000.0,261000.0,2988,0.0,0.0
2025-02-19 10:53:00+09:00,261500.0,261500.0,261000.0,261500.0,821,0.0,0.0
2025-02-19 10:54:00+09:00,261500.0,261500.0,261000.0,261500.0,404,0.0,0.0
2025-02-19 10:55:00+09:00,261500.0,261500.0,261000.0,261500.0,1342,0.0,0.0
2025-02-19 10:56:00+09:00,261500.0,261500.0,261000.0,261500.0,1877,0.0,0.0
2025-02-19 10:57:00+09:00,261000.0,261500.0,261000.0,261500.0,969,0.0,0.0
2025-02-19 10:58:00+09:00,261500.0,261500.0,260500.0,261000.0,692,0.0,0.0
2025-02-19 10:59:00+09:00,261000.0,261000.0,260500.0,260500.0,569,0.0,0.0
2025-02-19 11:00:00+09:00,261000.0,261000.0,260500.0,260500.0,520,0.0,0.0
2025-02-19 11:01:00+09:00,260500.0,261000.0,260500.0,260500.0,202,0.0,0.0
2025-02-19 11:02:00+09:00,261000.0,261500.0,260000.0,260000.0,3169,0.0,0.0
2025-02-19 11:03:00+09:00,260500.0,260500.0,259000.0,259000.0,2789,0.0,0.0
2025-02-19 11:04:00+09:00,259500.0,259500.0,258500.0,259000.0,3660,0.0,0.0
2025-02-19 11:05:00+09:00,259000.0,259500.0,258500.0,259000.0,2409,0.0,0.0
2025-02-19 11:06:00+09:00,259000.0,259500.0,259000.0,259500.0,440,0.0,0.0
2025-02-19 11:07:00+09:00,259500.0,259500.0,259000.0,259500.0,1160,0.0,0.0
2025-02-19 11:08:00+09:00,259500.0,259500.0,259000.0,259000.0,474,0.0,0.0
2025-02-19 11:09:00+09:00,259500.0,259500.0,259000.0,259000.0,1215,0.0,0.0
2025-02-19 11:10:00+09:00,259500.0,260000.0,259000.0,259500.0,798,0.0,0.0
2025-02-19 11:11:00+09:00,259500.0,260000.0,259500.0,260000.0,1757,0.0,0.0
2025-02-19 11:12:00+09:00,260000.0,260500.0,259500.0,260000.0,1779,0.0,0.0
2025-02-19 11:13:00+09:00,260000.0,260000.0,259500.0,260000.0,212,0.0,0.0
2025-02-19 11:14:00+09:00,260000.0,260000.0,259500.0,259500.0,369,0.0,0.0
2025-02-19 11:15:00+09:00,260000.0,260000.0,259500.0,259500.0,625,0.0,0.0
2025-02-19 11:16:00+09:00,260000.0,260000.0,259500.0,259500.0,309,0.0,0.0
2025-02-19 11:17:00+09:00,260000.0,260000.0,259500.0,260000.0,223,0.0,0.0
2025-02-19 11:18:00+09:00,260000.0,260000.0,259500.0,259500.0,288,0.0,0.0
2025-02-19 11:19:00+09:00,259500.0,260000.0,259500.0,260000.0,157,0.0,0.0
2025-02-19 11:20:00+09:00,259500.0,260500.0,259500.0,260500.0,1970,0.0,0.0
2025-02-19 11:21:00+09:00,260500.0,260500.0,259500.0,260000.0,1148,0.0,0.0
2025-02-19 11:22:00+09:00,260000.0,260000.0,259000.0,260000.0,1976,0.0,0.0
2025-02-19 11:23:00+09:00,260000.0,260000.0,258500.0,259500.0,1729,0.0,0.0
2025-02-19 11:24:00+09:00,259500.0,260000.0,259500.0,260000.0,319,0.0,0.0
2025-02-19 11:25:00+09:00,260000.0,260000.0,259000.0,259500.0,557,0.0,0.0
2025-02-19 11:26:00+09:00,259500.0,260000.0,259000.0,260000.0,728,0.0,0.0
2025-02-19 11:27:00+09:00,260000.0,260000.0,259500.0,259500.0,363,0.0,0.0
2025-02-19 11:28:00+09:00,260000.0,260000.0,259500.0,260000.0,333,0.0,0.0
2025-02-19 11:29:00+09:00,259500.0,260000.0,259500.0,259500.0,321,0.0,0.0
2025-02-19 11:30:00+09:00,259500.0,260000.0,259000.0,259500.0,870,0.0,0.0
2025-02-19 11:31:00+09:00,259500.0,259500.0,259000.0,259500.0,172,0.0,0.0
2025-02-19 11:32:00+09:00,259500.0,259500.0,259000.0,259500.0,675,0.0,0.0
2025-02-19 11:33:00+09:00,259000.0,259500.0,259000.0,259500.0,166,0.0,0.0
2025-02-19 11:34:00+09:00,259500.0,259500.0,259000.0,259500.0,132,0.0,0.0
2025-02-19 11:35:00+09:00,259000.0,259500.0,259000.0,259500.0,214,0.0,0.0
2025-02-19 11:36:00+09:00,259000.0,259500.0,259000.0,259000.0,643,0.0,0.0
2025-02-19 11:37:00+09:00,259000.0,260000.0,259000.0,260000.0,2370,0.0,0.0
2025-02-19 11:38:00+09:00,260000.0,260000.0,259500.0,260000.0,713,0.0,0.0
2025-02-19 11:39:00+09:00,260000.0,260000.0,259500.0,260000.0,210,0.0,0.0
2025-02-19 11:40:00+09:00,260000.0,260500.0,259500.0,260000.0,1625,0.0,0.0
2025-02-19 11:41:00+09:00,260500.0,260500.0,260000.0,260500.0,304,0.0,0.0
2025-02-19 11:42:00+09:00,260000.0,260500.0,260000.0,260500.0,1167,0.0,0.0
2025-02-19 11:43:00+09:00,260000.0,260500.0,259500.0,260500.0,1187,0.0,0.0
2025-02-19 11:44:00+09:00,260500.0,260500.0,260000.0,260000.0,565,0.0,0.0
2025-02-19 11:45:00+09:00,260000.0,260000.0,259500.0,260000.0,576,0.0,0.0
2025-02-19 11:46:00+09:00,260000.0,260500.0,259500.0,260000.0,606,0.0,0.0
2025-02-19 11:47:00+09:00,260500.0,260500.0,260000.0,260500.0,203,0.0,0.0
2025-02-19 11:48:00+09:00,260500.0,261000.0,260000.0,261000.0,1172,0.0,0.0
2025-02-19 11:49:00+09:00,260500.0,261000.0,260500.0,260500.0,586,0.0,0.0
2025-02-19 11:50:00+09:00,260000.0,260500.0,260000.0,260500.0,766,0.0,0.0
2025-02-19 11:51:00+09:00,260500.0,261000.0,260000.0,260000.0,498,0.0,0.0
2025-02-19 11:52:00+09:00,260500.0,260500.0,260000.0,260500.0,177,0.0,0.0
2025-02-19 11:53:00+09:00,260000.0,260500.0,260000.0,260500.0,225,0.0,0.0
2025-02-19 11:54:00+09:00,260500.0,260500.0,260000.0,260500.0,770,0.0,0.0
2025-02-19 11:55:00+09:00,260500.0,261000.0,260000.0,261000.0,240,0.0,0.0
2025-02-19 11:56:00+09:00,260500.0,261000.0,260000.0,260500.0,224,0.0,0.0
2025-02-19 11:57:00+09:00,260500.0,260500.0,260000.0,260000.0,190,0.0,0.0
2025-02-19 11:58:00+09:00,260500.0,260500.0,260000.0,260500.0,101,0.0,0.0
2025-02-19 11:59:00+09:00,260500.0,260500.0,260000.0,260500.0,715,0.0,0.0
2025-02-19 12:00:00+09:00,260500.0,261000.0,260000.0,260500.0,731,0.0,0.0
2025-02-19 12:01:00+09:00,260500.0,261000.0,260000.0,261000.0,573,0.0,0.0
2025-02-19 12:02:00+09:00,261000.0,261000.0,260500.0,260500.0,172,0.0,0.0
2025-02-19 12:03:00+09:00,261000.0,261000.0,260500.0,260500.0,206,0.0,0.0
2025-02-19 12:04:00+09:00,261000.0,261000.0,260000.0,260500.0,2047,0.0,0.0
2025-02-19 12:05:00+09:00,260500.0,260500.0,260000.0,260500.0,340,0.0,0.0
2025-02-19 12:06:00+09:00,260500.0,260500.0,260000.0,260500.0,301,0.0,0.0
2025-02-19 12:07:00+09:00,260500.0,260500.0,260000.0,260000.0,489,0.0,0.0
2025-02-19 12:08:00+09:00,260500.0,260500.0,260000.0,260000.0,154,0.0,0.0
2025-02-19 12:09:00+09:00,260500.0,261000.0,260000.0,260500.0,1572,0.0,0.0
2025-02-19 12:10:00+09:00,261000.0,261000.0,260500.0,261000.0,159,0.0,0.0
2025-02-19 12:11:00+09:00,261000.0,261000.0,260000.0,260500.0,1093,0.0,0.0
2025-02-19 12:12:00+09:00,260500.0,260500.0,260000.0,260500.0,124,0.0,0.0
2025-02-19 12:13:00+09:00,260500.0,260500.0,260000.0,260500.0,274,0.0,0.0
2025-02-19 12:14:00+09:00,260000.0,260500.0,260000.0,260500.0,749,0.0,0.0
2025-02-19 12:15:00+09:00,260500.0,260500.0,260000.0,260000.0,311,0.0,0.0
2025-02-19 12:16:00+09:00,260000.0,260500.0,260000.0,260500.0,297,0.0,0.0
2025-02-19 12:17:00+09:00,260500.0,260500.0,260000.0,260000.0,185,0.0,0.0
2025-02-19 12:18:00+09:00,260500.0,260500.0,260000.0,260000.0,220,0.0,0.0
2025-02-19 12:19:00+09:00,260000.0,260500.0,260000.0,260500.0,349,0.0,0.0
2025-02-19 12:20:00+09:00,260000.0,260500.0,260000.0,260000.0,737,0.0,0.0
2025-02-19 12:21:00+09:00,260000.0,260500.0,260000.0,260500.0,119,0.0,0.0
2025-02-19 12:22:00+09:00,260500.0,260500.0,260000.0,260500.0,502,0.0,0.0
2025-02-19 12:23:00+09:00,260000.0,260500.0,260000.0,260500.0,132,0.0,0.0
2025-02-19 12:24:00+09:00,260500.0,260500.0,260000.0,260000.0,269,0.0,0.0
2025-02-19 12:25:00+09:00,260500.0,260500.0,260000.0,260000.0,197,0.0,0.0
2025-02-19 12:26:00+09:00,260500.0,260500.0,260000.0,260000.0,297,0.0,0.0
2025-02-19 12:27:00+09:00,260500.0,260500.0,260000.0,260000.0,282,0.0,0.0
2025-02-19 12:28:00+09:00,260500.0,260500.0,260000.0,260500.0,239,0.0,0.0
2025-02-19 12:29:00+09:00,260500.0,260500.0,260000.0,260500.0,248,0.0,0.0
2025-02-19 12:30:00+09:00,260500.0,260500.0,260000.0,260500.0,306,0.0,0.0
2025-02-19 12:31:00+09:00,260500.0,260500.0,260000.0,260500.0,621,0.0,0.0
2025-02-19 12:32:00+09:00,260500.0,260500.0,260000.0,260000.0,557,0.0,0.0
2025-02-19 12:33:00+09:00,260500.0,260500.0,260000.0,260500.0,428,0.0,0.0
2025-02-19 12:34:00+09:00,260500.0,260500.0,259500.0,260000.0,4107,0.0,0.0
2025-02-19 12:35:00+09:00,260000.0,260000.0,259500.0,260000.0,462,0.0,0.0
2025-02-19 12:36:00+09:00,260000.0,260000.0,259500.0,259500.0,232,0.0,0.0
2025-02-19 12:37:00+09:00,260000.0,260000.0,259500.0,259500.0,255,0.0,0.0
2025-02-19 12:38:00+09:00,259500.0,260000.0,259500.0,260000.0,173,0.0,0.0
2025-02-19 12:39:00+09:00,260000.0,260000.0,259500.0,260000.0,199,0.0,0.0
2025-02-19 12:40:00+09:00,260000.0,260000.0,259500.0,260000.0,252,0.0,0.0
2025-02-19 12:41:00+09:00,260000.0,260500.0,259500.0,260000.0,3272,0.0,0.0
2025-02-19 12:42:00+09:00,260000.0,260500.0,259500.0,260000.0,845,0.0,0.0
2025-02-19 12:43:00+09:00,260000.0,260000.0,259500.0,259500.0,1080,0.0,0.0
2025-02-19 12:44:00+09:00,260000.0,260500.0,259500.0,260000.0,498,0.0,0.0
2025-02-19 12:45:00+09:00,259500.0,260000.0,259500.0,260000.0,212,0.0,0.0
2025-02-19 12:46:00+09:00,260000.0,260000.0,259000.0,259500.0,1218,0.0,0.0
2025-02-19 12:47:00+09:00,259500.0,259500.0,259000.0,259500.0,956,0.0,0.0
2025-02-19 12:48:00+09:00,259000.0,259500.0,259000.0,259500.0,334,0.0,0.0
2025-02-19 12:49:00+09:00,259000.0,259500.0,259000.0,259500.0,280,0.0,0.0
2025-02-19 12:50:00+09:00,259500.0,259500.0,258500.0,259500.0,1073,0.0,0.0
2025-02-19 12:51:00+09:00,259000.0,259500.0,259000.0,259500.0,241,0.0,0.0
2025-02-19 12:52:00+09:00,259500.0,259500.0,259000.0,259500.0,265,0.0,0.0
2025-02-19 12:53:00+09:00,259500.0,259500.0,259000.0,259500.0,184,0.0,0.0
2025-02-19 12:54:00+09:00,259500.0,259500.0,259000.0,259500.0,246,0.0,0.0
2025-02-19 12:55:00+09:00,259500.0,259500.0,259000.0,259500.0,236,0.0,0.0
2025-02-19 12:56:00+09:00,259500.0,260000.0,259500.0,259500.0,1278,0.0,0.0
2025-02-19 12:57:00+09:00,260000.0,260000.0,259500.0,259500.0,152,0.0,0.0
2025-02-19 12:58:00+09:00,260000.0,260000.0,259500.0,260000.0,223,0.0,0.0
2025-02-19 12:59:00+09:00,260000.0,260000.0,259500.0,260000.0,200,0.0,0.0
2025-02-19 13:00:00+09:00,259500.0,260500.0,259500.0,260000.0,1201,0.0,0.0
2025-02-19 13:01:00+09:00,260000.0,260500.0,260000.0,260000.0,1391,0.0,0.0
2025-02-19 13:02:00+09:00,260000.0,260500.0,260000.0,260500.0,284,0.0,0.0
2025-02-19 13:03:00+09:00,260500.0,260500.0,260000.0,260500.0,256,0.0,0.0
2025-02-19 13:04:00+09:00,260500.0,260500.0,260000.0,260500.0,388,0.0,0.0
2025-02-19 13:05:00+09:00,260000.0,260500.0,260000.0,260000.0,265,0.0,0.0
2025-02-19 13:06:00+09:00,260500.0,260500.0,260000.0,260500.0,245,0.0,0.0
2025-02-19 13:07:00+09:00,260500.0,260500.0,260000.0,260500.0,266,0.0,0.0
2025-02-19 13:08:00+09:00,260500.0,260500.0,260000.0,260000.0,163,0.0,0.0
2025-02-19 13:09:00+09:00,260000.0,260500.0,260000.0,260000.0,380,0.0,0.0
2025-02-19 13:10:00+09:00,260500.0,260500.0,259500.0,260000.0,1391,0.0,0.0
2025-02-19 13:11:00+09:00,260000.0,260500.0,260000.0,260500.0,331,0.0,0.0
2025-02-19 13:12:00+09:00,260000.0,260500.0,260000.0,260000.0,237,0.0,0.0
2025-02-19 13:13:00+09:00,260500.0,260500.0,260000.0,260500.0,128,0.0,0.0
2025-02-19 13:14:00+09:00,260000.0,260500.0,260000.0,260500.0,166,0.0,0.0
2025-02-19 13:15:00+09:00,260500.0,260500.0,260000.0,260500.0,184,0.0,0.0
2025-02-19 13:16:00+09:00,260500.0,260500.0,260000.0,260500.0,268,0.0,0.0
2025-02-19 13:17:00+09:00,260000.0,260500.0,260000.0,260500.0,135,0.0,0.0
2025-02-19 13:18:00+09:00,260000.0,261000.0,260000.0,261000.0,1998,0.0,0.0
2025-02-19 13:19:00+09:00,260500.0,261000.0,260500.0,260500.0,533,0.0,0.0
