Date,Open,High,Low,Close,Volume,Dividends,Stock Splits
2020-02-21 00:00:00+09:00,176915.2229609929,177329.54432624113,174843.61613475176,175257.9375,217235,0.0,0.0
2020-02-24 00:00:00+09:00,171528.98287776412,172357.6253071253,167385.77073095823,168628.734375,337423,0.0,0.0
2020-02-25 00:00:00+09:00,166557.1698638614,168628.77645420792,166557.1698638614,167385.8125,306873,0.0,0.0
2020-02-26 00:00:00+09:00,165728.515625,166971.4794921875,164485.5517578125,165728.515625,339857,0.0,0.0
2020-02-27 00:00:00+09:00,164899.875,167800.12405778895,164899.875,164899.875,305381,0.0,0.0
2020-02-28 00:00:00+09:00,161585.28812340155,163242.5731297954,159928.00311700767,161999.609375,538272,0.0,0.0
2020-03-02 00:00:00+09:00,162828.27562010442,163242.5969321149,158270.74118798957,158685.0625,437217,0.0,0.0
2020-03-03 00:00:00+09:00,161585.302734375,162828.2666015625,159099.375,159099.375,369345,0.0,0.0
2020-03-04 00:00:00+09:00,158270.7593427835,163242.6156572165,157856.43798324742,160756.6875,363057,0.0,0.0
2020-03-05 00:00:00+09:00,162828.25686072334,163656.89938927663,160756.6505393401,163242.578125,421898,0.0,0.0
2020-03-06 00:00:00+09:00,159928.017578125,160756.66015625,159099.375,159099.375,299607,0.0,0.0
2020-03-09 00:00:00+09:00,159099.375,159099.375,159099.375,159099.375,0,0.0,0.0
2020-03-10 00:00:00+09:00,147498.3779432133,150398.62694771469,145841.09279778393,149569.984375,497558,0.0,0.0
2020-03-11 00:00:00+09:00,149569.98633356547,154127.5205431755,147498.37987465182,148741.34375,483620,0.0,0.0
2020-03-12 00:00:00+09:00,148741.34375,148741.34375,148741.34375,148741.34375,0,0.0,0.0
2020-03-13 00:00:00+09:00,136311.74355811402,144598.1717379386,134240.1365131579,141697.921875,784135,0.0,0.0
2020-03-16 00:00:00+09:00,142940.8572048611,146255.42780671295,134240.109375,134240.109375,506250,0.0,0.0
2020-03-17 00:00:00+09:00,126368.00178356109,135483.0707646704,126368.00178356109,128853.9296875,547216,0.0,0.0
2020-03-18 00:00:00+09:00,129682.54793432204,132168.47537076272,122224.765625,122224.765625,559707,0.0,0.0
2020-03-19 00:00:00+09:00,123882.07484879033,126368.00277217742,114767.00579637097,115595.6484375,645668,0.0,0.0
2020-03-20 00:00:00+09:00,116424.29646950691,120567.50986699827,114767.01111051037,119738.8671875,636918,0.0,0.0
2020-03-23 00:00:00+09:00,113938.36616847826,115595.65149456522,110209.47418478261,114352.6875,457989,0.0,0.0
2020-03-24 00:00:00+09:00,116424.28694158075,121396.14261168384,114352.68041237113,120567.5,476227,0.0,0.0
2020-03-25 00:00:00+09:00,125953.65527950312,133411.4375,124296.37034161491,133411.4375,581137,0.0,0.0
2020-03-26 00:00:00+09:00,130925.53627411576,134240.10681270098,128853.9296875,128853.9296875,509091,0.0,0.0
2020-03-27 00:00:00+09:00,133825.79276567278,137969.00616399082,130511.22204701835,135483.078125,567062,0.0,0.0
2020-03-30 00:00:00+09:00,130883.30361328126,135064.87880859376,130046.98857421876,133810.40625,501851,1500.0,0.0
2020-03-31 00:00:00+09:00,135064.90760869565,136737.53804347827,131719.64673913043,134646.75,474039,0.0,0.0
2020-04-01 00:00:00+09:00,132974.14430443547,134646.77505040323,129210.72512600805,129628.8828125,396564,0.0,0.0
2020-04-02 00:00:00+09:00,129628.84890825322,131719.6367938702,126701.74586838944,130465.1640625,478869,0.0,0.0
2020-04-03 00:00:00+09:00,129210.74253582802,131301.53125,128792.58479299363,131301.53125,395194,0.0,0.0
2020-04-06 00:00:00+09:00,130883.33152173912,135901.22282608695,130465.17391304347,134646.75,362428,0.0,0.0
2020-04-07 00:00:00+09:00,137573.88370743033,137992.04140866874,132555.99129256964,135064.9375,643379,0.0,0.0
2020-04-08 00:00:00+09:00,135483.0652173913,137155.69565217392,134228.59239130435,134646.75,440329,0.0,0.0
2020-04-09 00:00:00+09:00,136319.3864931611,138410.17462955927,135064.91361132218,137573.859375,650779,0.0,0.0
2020-04-10 00:00:00+09:00,137991.98253160113,149700.39317064607,137573.82500877808,148864.078125,977632,0.0,0.0
2020-04-13 00:00:00+09:00,159736.19863604972,160154.35622410223,151373.046875,151373.046875,994277,0.0,0.0
2020-04-14 00:00:00+09:00,153045.703125,158481.75268954918,151791.23014856558,153045.703125,602681,0.0,0.0
2020-04-16 00:00:00+09:00,149282.24081143466,150118.55588600851,146355.13805042615,147191.453125,653004,0.0,0.0
2020-04-17 00:00:00+09:00,148445.9257368608,150536.71342329547,147191.453125,147191.453125,550330,0.0,0.0
2020-04-20 00:00:00+09:00,147191.48575498577,148864.1162749288,145937.0128650285,146773.328125,390955,0.0,0.0
2020-04-21 00:00:00+09:00,145100.69435307017,146355.16721491228,140919.11814692983,143009.90625,560075,0.0,0.0
2020-04-22 00:00:00+09:00,140500.94779411764,142173.578125,137573.84471507353,142173.578125,464539,0.0,0.0
2020-04-23 00:00:00+09:00,143009.90488338194,145518.8505830904,142173.5896501458,143428.0625,339869,0.0,0.0
2020-04-24 00:00:00+09:00,141755.41270773122,145936.98830382948,141337.2551481214,144682.515625,387885,0.0,0.0
2020-04-27 00:00:00+09:00,146355.1589439655,146355.1589439655,143009.89816810345,145518.84375,421809,0.0,0.0
2020-04-28 00:00:00+09:00,146773.33811619718,149700.4417253521,146773.33811619718,148445.96875,419709,0.0,0.0
2020-04-29 00:00:00+09:00,149282.24987296748,155554.61331300813,148864.09231029812,154300.140625,614504,0.0,0.0
2020-05-04 00:00:00+09:00,150118.58083858542,150954.89605217087,147609.63519782913,149282.265625,635253,0.0,0.0
2020-05-06 00:00:00+09:00,150954.8919704861,151791.20716145833,148864.10399305556,150536.734375,369838,0.0,0.0
2020-05-07 00:00:00+09:00,149282.262926532,151791.2085219359,148864.10532729805,150118.578125,288705,0.0,0.0
2020-05-08 00:00:00+09:00,150536.734375,152209.36475694444,150536.734375,150536.734375,265401,0.0,0.0
2020-05-11 00:00:00+09:00,150536.71342329547,151373.02849786932,146773.29558771307,147191.453125,323982,0.0,0.0
2020-05-12 00:00:00+09:00,145518.8387867647,146773.31153492647,142173.578125,142173.578125,552954,0.0,0.0
2020-05-13 00:00:00+09:00,140500.94002890174,144682.515625,139246.46735007226,144682.515625,347924,0.0,0.0
2020-05-14 00:00:00+09:00,142173.59933035713,143009.9146205357,139664.65345982142,140500.96875,469714,0.0,0.0
2020-05-15 00:00:00+09:00,141755.44168526787,141755.44168526787,139246.49581473213,140500.96875,311479,0.0,0.0
2020-05-18 00:00:00+09:00,142173.59652366862,142591.75416050295,139664.6507026627,141337.28125,332808,0.0,0.0
2020-05-19 00:00:00+09:00,146773.29051088484,150536.70821629214,146355.13298806178,148864.078125,724613,0.0,0.0
2020-05-20 00:00:00+09:00,147609.66198065903,151373.08112464185,145937.03125,145937.03125,383809,0.0,0.0
2020-05-21 00:00:00+09:00,147191.49717514124,149282.28548728814,146355.18185028248,148027.8125,362478,0.0,0.0
2020-05-22 00:00:00+09:00,148864.11010174418,148864.11010174418,142173.5882994186,143846.21875,441297,0.0,0.0
2020-05-25 00:00:00+09:00,144264.37636264536,144682.5339752907,143009.9035247093,143846.21875,245045,0.0,0.0
2020-05-26 00:00:00+09:00,143428.03528941763,147609.61066228693,143009.87775213068,147191.453125,460196,0.0,0.0
2020-05-27 00:00:00+09:00,148027.78227739726,153045.67320205478,147609.62470034245,152627.515625,803853,0.0,0.0
2020-05-28 00:00:00+09:00,155554.61331300813,157645.40112635502,152627.5103743225,154300.140625,898715,0.0,0.0
2020-05-29 00:00:00+09:00,153463.83481526244,154718.3075794199,149282.25893473756,151373.046875,842257,0.0,0.0
2020-06-01 00:00:00+09:00,151791.2004708904,153881.98835616437,151373.0428938356,152627.515625,308421,0.0,0.0
2020-06-02 00:00:00+09:00,156390.93220899472,159736.1927910053,155136.45949074073,158063.5625,552966,0.0,0.0
2020-06-03 00:00:00+09:00,160572.5185185185,173117.24652777778,160154.36091820986,169353.828125,1148869,0.0,0.0
2020-06-04 00:00:00+09:00,172699.0875538793,174789.8755387931,166426.72359913794,169771.984375,666183,0.0,0.0
2020-06-05 00:00:00+09:00,166426.74579177058,168935.69170822942,165172.27283354115,167681.21875,404474,0.0,0.0
2020-06-08 00:00:00+09:00,171026.45852623455,171862.77372685185,166426.7249228395,169353.828125,390712,0.0,0.0
2020-06-09 00:00:00+09:00,168517.50802896725,168935.66561712846,161826.98661838792,166008.5625,662411,0.0,0.0
2020-06-10 00:00:00+09:00,163499.63372001264,165590.421875,162245.1608270202,165590.421875,357615,0.0,0.0
2020-06-11 00:00:00+09:00,163081.45712209304,164754.08745155038,158899.88129844962,161826.984375,637625,0.0,0.0
2020-06-12 00:00:00+09:00,155136.46606903485,157227.25402144773,153881.99329758712,155972.78125,473608,0.0,0.0
2020-06-15 00:00:00+09:00,152627.53638392856,154300.16691964286,146355.171875,146355.171875,467754,0.0,0.0
2020-06-16 00:00:00+09:00,148864.12933333332,156809.125,148864.12933333332,156809.125,409758,0.0,0.0
2020-06-17 00:00:00+09:00,156809.0950868984,158899.8830213904,153045.67680481283,156390.9375,360457,0.0,0.0
2020-06-18 00:00:00+09:00,154718.30847855227,157645.4116119303,153045.67811662197,155972.78125,205015,0.0,0.0
2020-06-19 00:00:00+09:00,156809.07049704724,159318.015625,154718.28289041994,159318.015625,363079,0.0,0.0
2020-06-22 00:00:00+09:00,156809.09778225806,157645.4129704301,155554.625,155554.625,212866,0.0,0.0
2020-06-23 00:00:00+09:00,155972.80673668033,156809.1220543033,151791.23014856558,153045.703125,277109,0.0,0.0
2020-06-24 00:00:00+09:00,153045.6666385135,157227.24222972972,153045.6666385135,154718.296875,284129,0.0,0.0
2020-06-25 00:00:00+09:00,152209.36475694444,153045.67994791665,149282.26158854165,150536.734375,321621,0.0,0.0
2020-06-26 00:00:00+09:00,151791.23014856558,153463.86078381148,150536.75717213115,153045.703125,290441,0.0,0.0
2020-06-29 00:00:00+09:00,149271.93785612535,150110.5442485755,147175.421875,147175.421875,371334,500.0,0.0
2020-06-30 00:00:00+09:00,149271.97323994254,150110.57983117815,145917.546875,145917.546875,415286,0.0,0.0
2020-07-01 00:00:00+09:00,148014.0525647759,153884.29827556023,147594.74929971987,149691.265625,473226,0.0,0.0
2020-07-02 00:00:00+09:00,150949.14364640883,152207.05317679557,149691.2341160221,151787.75,252859,0.0,0.0
2020-07-03 00:00:00+09:00,151787.75929752065,153884.27530991734,150949.15289256198,152207.0625,189200,0.0,0.0
2020-07-06 00:00:00+09:00,154303.60655737703,154303.60655737703,150529.87704918033,153465.0,190812,0.0,0.0
2020-07-07 00:00:00+09:00,155561.47504222972,158496.59721283783,154303.56554054053,155142.171875,358072,0.0,0.0
2020-07-08 00:00:00+09:00,155561.49893372704,160593.1377132546,154303.58923884516,159754.53125,537845,0.0,0.0
2020-07-09 00:00:00+09:00,161012.41909814323,161012.41909814323,156819.38735079573,158077.296875,375630,0.0,0.0
2020-07-10 00:00:00+09:00,156400.15208619504,157238.75879979396,151368.51180460164,152626.421875,327123,0.0,0.0
2020-07-13 00:00:00+09:00,154303.57152406417,157657.9969919786,152626.35879010695,156819.390625,261632,0.0,0.0
2020-07-14 00:00:00+09:00,156400.10353150408,156400.10353150408,153464.98094512196,154722.890625,188702,0.0,0.0
2020-07-15 00:00:00+09:00,157658.0348525469,162270.37097855227,155142.21514745307,156400.125,471306,0.0,0.0
2020-07-16 00:00:00+09:00,156400.125,157658.0348525469,154722.91186327077,156400.125,267345,0.0,0.0
2020-07-17 00:00:00+09:00,158496.64142091153,160593.15784182306,155980.8217158177,156400.125,222271,0.0,0.0
2020-07-20 00:00:00+09:00,155142.21791666668,158915.94754166668,154722.914625,157238.734375,198370,0.0,0.0
2020-07-21 00:00:00+09:00,156819.39621409922,161851.03459530024,155980.78981723238,160593.125,461232,0.0,0.0
2020-07-22 00:00:00+09:00,161431.73358386077,169398.49446202532,160593.12717563292,165624.765625,810125,0.0,0.0
2020-07-23 00:00:00+09:00,166463.41360294117,166882.7169117647,161431.77389705883,163947.59375,444433,0.0,0.0
2020-07-24 00:00:00+09:00,162689.65625,167301.99186533506,160593.14006121134,162689.65625,327478,0.0,0.0
2020-07-27 00:00:00+09:00,162270.32788584183,166882.6627869898,162270.32788584183,164366.84375,243664,0.0,0.0
2020-07-28 00:00:00+09:00,165205.48306002477,169398.515625,165205.48306002477,169398.515625,466607,0.0,0.0
2020-07-29 00:00:00+09:00,167301.95925093052,170237.08134305212,166463.35293889578,168979.171875,333000,0.0,0.0
2020-07-30 00:00:00+09:00,168559.90043969848,168559.90043969848,165624.77779522614,166882.6875,361731,0.0,0.0
2020-07-31 00:00:00+09:00,166044.0886627907,166463.39191698967,161851.05612080105,162270.359375,379886,0.0,0.0
2020-08-03 00:00:00+09:00,161851.0596516927,163528.27270507812,159335.24007161456,161012.453125,240285,0.0,0.0
2020-08-04 00:00:00+09:00,161012.44329896907,165205.4756765464,161012.44329896907,162689.65625,226337,0.0,0.0
2020-08-05 00:00:00+09:00,162689.65625,163528.26272551547,161431.7465367268,162689.65625,196344,0.0,0.0
2020-08-06 00:00:00+09:00,163947.5705068408,168559.90625,163947.5705068408,168559.90625,384949,0.0,0.0
2020-08-07 00:00:00+09:00,168559.92639593908,169398.53299492385,163108.98350253806,165205.5,335833,0.0,0.0
2020-08-10 00:00:00+09:00,163108.94930730478,167301.9814231738,161851.03967254408,166463.375,302994,0.0,0.0
2020-08-11 00:00:00+09:00,168559.90783514493,175688.06314160628,168140.6045818237,173591.546875,655895,0.0,0.0
2020-08-12 00:00:00+09:00,172333.63365557554,176107.36285971222,170656.42067595923,174849.453125,360782,0.0,0.0
2020-08-13 00:00:00+09:00,175268.7411256068,176107.34754247573,171075.70904126213,172752.921875,397625,0.0,0.0
2020-08-14 00:00:00+09:00,173591.53369952494,176945.95947149643,171914.3208135392,176526.65625,438014,0.0,0.0
2020-08-18 00:00:00+09:00,174849.46089901478,175688.06742610838,169398.5184729064,170237.125,437588,0.0,0.0
2020-08-19 00:00:00+09:00,170656.42249689056,170656.42249689056,166882.69325248757,168559.90625,220589,0.0,0.0
2020-08-20 00:00:00+09:00,167301.96286057692,168979.17552083335,161851.0217147436,163528.234375,373768,0.0,0.0
2020-08-21 00:00:00+09:00,164366.86809045228,168559.90043969848,163947.56485552763,166882.6875,257961,0.0,0.0
2020-08-24 00:00:00+09:00,164786.1713253769,167301.99073492462,162689.65515075377,166882.6875,205330,0.0,0.0
2020-08-25 00:00:00+09:00,167721.3372817955,169398.55065461347,166044.12390897755,168140.640625,223434,0.0,0.0
2020-08-26 00:00:00+09:00,166044.09520725388,166044.09520725388,161012.45595854922,161851.0625,512515,0.0,0.0
2020-08-27 00:00:00+09:00,160593.11592340848,161012.41909814323,156400.084176061,158077.296875,432450,0.0,0.0
2020-08-28 00:00:00+09:00,156819.42117414248,161431.75709102902,156819.42117414248,158915.9375,377563,0.0,0.0
2020-08-31 00:00:00+09:00,158915.92289126015,160593.13579776423,154722.890625,154722.890625,542851,0.0,0.0
2020-09-01 00:00:00+09:00,155561.51843163537,157658.0348525469,155142.21514745307,156400.125,323816,0.0,0.0
2020-09-02 00:00:00+09:00,157238.75914228722,158077.36585771275,155561.54571143616,157658.0625,220654,0.0,0.0
2020-09-03 00:00:00+09:00,157658.00297619047,158915.91257440476,156819.39657738095,158496.609375,263157,0.0,0.0
2020-09-04 00:00:00+09:00,155142.19044018816,157658.00974462365,155142.19044018816,155980.796875,285469,0.0,0.0
2020-09-07 00:00:00+09:00,156400.1524268617,160173.8826462766,155142.2423537234,157658.0625,316466,0.0,0.0
2020-09-08 00:00:00+09:00,159754.51290942513,159754.51290942513,156400.0874415107,156819.390625,268589,0.0,0.0
2020-09-09 00:00:00+09:00,154722.86870777028,155561.47504222972,153884.2623733108,155142.171875,326016,0.0,0.0
2020-09-10 00:00:00+09:00,155561.46875,157238.68135107818,154303.55929919137,155561.46875,412264,0.0,0.0
2020-09-11 00:00:00+09:00,155142.16559973048,156400.07505053908,154303.55929919137,155561.46875,202517,0.0,0.0
2020-09-14 00:00:00+09:00,155980.8083881579,159335.234375,155561.50513980264,159335.234375,258053,0.0,0.0
2020-09-15 00:00:00+09:00,157658.0277044855,159335.2407651715,156819.42117414248,158915.9375,276837,0.0,0.0
2020-09-16 00:00:00+09:00,158077.30617559524,158915.91257440476,157238.6997767857,158496.609375,200188,0.0,0.0
2020-09-17 00:00:00+09:00,158915.93112664475,160173.84087171053,156819.41488486843,159335.234375,299058,0.0,0.0
2020-09-18 00:00:00+09:00,160173.84659830728,162689.6661783854,159335.24007161456,161012.453125,522946,0.0,0.0
2020-09-21 00:00:00+09:00,159754.52491001307,162689.64741492146,159335.22169502618,160173.828125,358087,0.0,0.0
2020-09-22 00:00:00+09:00,160173.81523136247,166882.6661311054,159754.51205012854,163108.9375,953120,0.0,0.0
2020-09-23 00:00:00+09:00,164366.8407051282,165205.44703525642,160593.1122195513,163528.234375,450482,0.0,0.0
2020-09-24 00:00:00+09:00,162270.39943484042,162689.70279255317,157238.75914228722,157658.0625,369215,0.0,0.0
2020-09-25 00:00:00+09:00,159335.23034793817,164366.86920103093,158077.32063466497,162689.65625,348033,0.0,0.0
2020-09-28 00:00:00+09:00,164379.94555412373,166070.22777061857,162689.66333762888,163957.375,243804,1500.0,0.0
2020-09-29 00:00:00+09:00,166492.76594387754,168605.61830357142,165225.0545280612,165647.625,351353,0.0,0.0
2020-10-05 00:00:00+09:00,166070.20769817074,175789.32926829267,164802.4961890244,173253.90625,723156,0.0,0.0
2020-10-06 00:00:00+09:00,172831.35272277225,174521.6349009901,170295.92945544553,170718.5,277292,0.0,0.0
2020-10-07 00:00:00+09:00,169450.77172256098,174944.18826219512,167337.91920731706,173253.90625,294582,0.0,0.0
2020-10-08 00:00:00+09:00,175789.359375,180015.06512920672,174521.64764873797,175789.359375,554481,0.0,0.0
2020-10-12 00:00:00+09:00,176211.91474184784,176211.91474184784,172408.77989130435,174944.203125,269502,0.0,0.0
2020-10-13 00:00:00+09:00,174521.61775914632,175366.7587652439,172831.3357469512,173253.90625,190587,0.0,0.0
2020-10-14 00:00:00+09:00,174944.24649314213,174944.24649314213,169028.25748129675,169450.828125,300335,0.0,0.0
2020-10-15 00:00:00+09:00,169028.20121951218,175789.32926829267,169028.20121951218,173253.90625,309713,0.0,0.0
2020-10-16 00:00:00+09:00,174521.6349009901,175366.775990099,169873.35891089108,170718.5,269441,0.0,0.0
2020-10-19 00:00:00+09:00,172408.7868705036,177479.63354316546,171986.21631444845,176211.921875,424316,0.0,0.0
2020-10-20 00:00:00+09:00,174944.22684624698,177902.22101997578,172408.80326876513,174521.65625,350583,0.0,0.0
2020-10-21 00:00:00+09:00,174099.06204710144,176211.91474184784,172408.77989130435,174944.203125,249347,0.0,0.0
2020-10-22 00:00:00+09:00,174099.0607142857,178324.76607142857,173253.91964285713,177479.625,463459,0.0,0.0
2020-10-23 00:00:00+09:00,178747.30227272728,188043.85227272726,176211.87954545455,185931.0,903396,0.0,0.0
2020-10-26 00:00:00+09:00,185931.01634174312,190579.2917502867,184240.734375,184240.734375,600037,0.0,0.0
2020-10-27 00:00:00+09:00,184240.7181818182,185931.0,182550.43636363637,185931.0,511872,0.0,0.0
2020-10-28 00:00:00+09:00,183395.62550636576,184663.33720341435,180015.06098090278,182550.484375,298845,0.0,0.0
2020-10-29 00:00:00+09:00,178324.74963148584,181282.7431087854,175789.3266509434,179169.890625,450580,0.0,0.0
2020-10-30 00:00:00+09:00,179169.92397836538,181282.77685546875,175366.7887995793,175789.359375,369989,0.0,0.0
2020-11-02 00:00:00+09:00,177902.20815248843,185085.90776909722,176211.92588975694,182550.484375,442086,0.0,0.0
2020-11-03 00:00:00+09:00,182973.06037414965,187621.33673469388,182550.48979591837,186353.625,317709,0.0,0.0
2020-11-04 00:00:00+09:00,188466.43892694064,188889.00941780824,184240.73401826483,185085.875,317582,0.0,0.0
2020-11-05 00:00:00+09:00,185931.07378854626,193114.7743667401,182550.5088105727,191847.0625,492058,0.0,0.0
2020-11-06 00:00:00+09:00,191001.8896655702,193537.31297971492,189311.60745614037,192692.171875,292212,0.0,0.0
2020-11-09 00:00:00+09:00,193959.88070913462,197763.015625,192692.16907051284,197763.015625,346313,0.0,0.0
2020-11-10 00:00:00+09:00,201566.13340585443,204101.5564675633,198185.56932357594,200298.421875,465479,0.0,0.0
2020-11-11 00:00:00+09:00,201143.55450733754,204101.54795597485,201143.55450733754,201566.125,394571,0.0,0.0
2020-11-12 00:00:00+09:00,202411.26671511628,202833.83720930232,197762.99127906977,199875.84375,433732,0.0,0.0
2020-11-13 00:00:00+09:00,197340.44415386653,200298.4379634534,196495.30306541314,199453.296875,270344,0.0,0.0
2020-11-16 00:00:00+09:00,199875.86604341006,204946.71253922596,199453.29550209205,201988.71875,258628,0.0,0.0
2020-11-17 00:00:00+09:00,201988.6954926625,207059.54140461216,201143.55450733754,201566.125,324537,0.0,0.0
2020-11-18 00:00:00+09:00,203678.9774633124,204101.54795597485,200720.98401467505,201566.125,221830,0.0,0.0
2020-11-19 00:00:00+09:00,202411.2906845869,202411.2906845869,196917.87360963985,199453.296875,263785,0.0,0.0
2020-11-20 00:00:00+09:00,197763.00631578948,201566.14105263157,197763.00631578948,200721.0,247557,0.0,0.0
2020-11-23 00:00:00+09:00,200298.44218429158,207059.57103439426,198608.1599717659,205791.859375,465251,0.0,0.0
2020-11-24 00:00:00+09:00,205791.85889570552,210862.70552147238,204524.1472392638,206637.0,416609,0.0,0.0
2020-11-25 00:00:00+09:00,209172.39939413266,210862.68140943878,205791.8353635204,207059.546875,388204,0.0,0.0
2020-11-26 00:00:00+09:00,206214.39896907215,207904.68092783506,204524.11701030927,204946.6875,247564,0.0,0.0
2020-11-27 00:00:00+09:00,204946.73603862213,206637.01839770353,201988.74191022964,202411.3125,308338,0.0,0.0
2020-11-30 00:00:00+09:00,203679.00327190172,207059.56764155984,197763.015625,197763.015625,627404,0.0,0.0
2020-12-01 00:00:00+09:00,201143.59750509163,210017.57974796332,200298.45633910387,207482.15625,413073,0.0,0.0
2020-12-02 00:00:00+09:00,207904.68600000002,211707.8205,207482.1155,211285.25,382021,0.0,0.0
2020-12-03 00:00:00+09:00,210017.5456635189,215088.3918364811,208749.83412027833,212552.96875,328551,0.0,0.0
2020-12-04 00:00:00+09:00,215510.97192796608,226497.80579096044,215088.401394774,224384.953125,662533,0.0,0.0
2020-12-07 00:00:00+09:00,230300.91493055553,232836.3378472222,222272.07569444444,228188.0625,498099,0.0,0.0
2020-12-08 00:00:00+09:00,228188.0879237288,229455.79952330506,223539.81205861582,224384.953125,406417,0.0,0.0
2020-12-09 00:00:00+09:00,223962.3717948718,232413.78205128206,223117.23076923078,230723.5,430782,0.0,0.0
2020-12-10 00:00:00+09:00,229455.82005399818,231991.2434800092,226497.8260569853,229878.390625,632881,0.0,0.0
2020-12-11 00:00:00+09:00,232413.78717576028,240865.1976185152,231991.21665362254,236216.921875,605311,0.0,0.0
2020-12-14 00:00:00+09:00,237484.63471971068,239174.91681735986,232413.78842676312,233681.5,368504,0.0,0.0
2020-12-15 00:00:00+09:00,233258.9086895911,233681.4791763476,226497.780901487,227342.921875,415238,0.0,0.0
2020-12-16 00:00:00+09:00,229455.8125,231568.6652854512,228188.10082872928,229455.8125,281044,0.0,0.0
2020-12-17 00:00:00+09:00,228188.07894123136,229455.79049090485,223539.80325909515,226497.796875,434410,0.0,0.0
2020-12-18 00:00:00+09:00,229455.77430878254,232836.3382028346,226497.780901487,227342.921875,339087,0.0,0.0
2020-12-21 00:00:00+09:00,231568.66382058288,232413.80492941712,225230.10550432606,231991.234375,306137,0.0,0.0
2020-12-22 00:00:00+09:00,229878.36915887852,230723.5102219626,225230.0933119159,226075.234375,256129,0.0,0.0
2020-12-23 00:00:00+09:00,225652.66384345797,227765.51650116823,222272.0995911215,226075.234375,289615,0.0,0.0
2020-12-24 00:00:00+09:00,227342.93669280442,229455.7892642989,226075.22514990775,229033.21875,251708,0.0,0.0
2020-12-28 00:00:00+09:00,230723.50759826324,231568.64865173676,227765.51391110604,231146.078125,298774,0.0,0.0
2020-12-29 00:00:00+09:00,234583.1809027778,235012.82042824075,227708.94849537036,232005.34375,362873,4500.0,0.0
2020-12-30 00:00:00+09:00,232005.36362591913,235442.48012408087,228997.88669002758,233723.921875,338015,0.0,0.0
2021-01-04 00:00:00+09:00,234153.563558837,236301.761389652,230286.80746336994,234583.203125,431940,0.0,0.0
2021-01-05 00:00:00+09:00,236301.72560307017,251768.74764254387,235872.0861019737,244894.515625,898657,0.0,0.0
2021-01-06 00:00:00+09:00,245753.83102678572,248331.66841517857,238879.59799107144,240598.15625,549160,0.0,0.0
2021-01-07 00:00:00+09:00,246613.0869308419,253916.95884342783,245753.80788230238,250050.203125,762871,0.0,0.0
2021-01-08 00:00:00+09:00,253487.34268887946,253487.34268887946,247042.74923068762,253057.703125,577293,0.0,0.0
2021-01-11 00:00:00+09:00,249620.59578565139,250909.51452464788,240598.16461267605,244035.28125,745840,0.0,0.0
2021-01-12 00:00:00+09:00,241457.41307536102,241887.05260040614,232864.62257445848,238020.296875,615637,0.0,0.0
2021-01-13 00:00:00+09:00,240598.11728395062,244464.87274029985,238449.91980820108,243605.59375,530689,0.0,0.0
2021-01-14 00:00:00+09:00,243605.653174867,244894.57197473405,241457.45517508863,242316.734375,398857,0.0,0.0
2021-01-15 00:00:00+09:00,243605.65448863638,246183.49210227275,235442.50204545454,236301.78125,372253,0.0,0.0
2021-01-18 00:00:00+09:00,232005.36654135337,234583.20394736843,226849.6917293233,228568.25,430044,0.0,0.0
2021-01-19 00:00:00+09:00,230716.45831411437,235872.13336023985,229427.539552583,232864.65625,352662,0.0,0.0
2021-01-20 00:00:00+09:00,237161.03837316178,237161.03837316178,229427.5262522978,233723.921875,341989,0.0,0.0
2021-01-21 00:00:00+09:00,235442.49060760668,237161.04893320965,231146.09479359924,231575.734375,340081,0.0,0.0
2021-01-22 00:00:00+09:00,233294.27424568965,233294.27424568965,224271.84375,224271.84375,611222,0.0,0.0
2021-01-25 00:00:00+09:00,225131.13031663516,227708.96768667296,225131.13031663516,227279.328125,351655,0.0,0.0
2021-01-26 00:00:00+09:00,227708.95236650485,227708.95236650485,219975.44077669902,221264.359375,524918,0.0,0.0
2021-01-27 00:00:00+09:00,223412.56141618497,225131.11958092486,221264.3637102601,222982.921875,343298,0.0,0.0
2021-01-28 00:00:00+09:00,218256.881875,219545.80046874998,211382.64937499998,214819.765625,512201,0.0,0.0
2021-01-29 00:00:00+09:00,216108.706148167,218256.90402240327,208375.1938009165,210953.03125,545035,0.0,0.0
2021-02-01 00:00:00+09:00,212241.93484436758,217397.609375,210523.3766674901,217397.609375,386799,0.0,0.0
2021-02-02 00:00:00+09:00,219545.79773645438,226420.03015090304,217397.60010693918,225990.390625,457340,0.0,0.0
2021-02-03 00:00:00+09:00,225560.765625,228568.2425,224271.8469642857,225560.765625,379360,0.0,0.0
2021-02-04 00:00:00+09:00,228138.60724834594,228138.60724834594,224271.8511932892,227279.328125,338796,0.0,0.0
2021-02-05 00:00:00+09:00,228138.5882545152,228138.5882545152,222553.27441777565,225990.390625,237855,0.0,0.0
2021-02-08 00:00:00+09:00,227279.3057204376,233723.89851024208,225990.38716247672,230716.421875,489447,0.0,0.0
2021-02-09 00:00:00+09:00,232864.62280092592,233294.26232638888,230716.42517361112,232005.34375,247108,0.0,0.0
2021-02-10 00:00:00+09:00,233294.2958371771,233294.2958371771,230286.81872693726,232864.65625,293884,0.0,0.0
2021-02-15 00:00:00+09:00,234153.55279267725,235442.471431903,230286.796875,230286.796875,231797,0.0,0.0
2021-02-16 00:00:00+09:00,230716.44388812155,234583.1999309392,228568.24608655614,233294.28125,311244,0.0,0.0
2021-02-17 00:00:00+09:00,236731.3637361368,239738.84022643254,230286.77125693162,232434.96875,413933,0.0,0.0
2021-02-18 00:00:00+09:00,231146.101120283,233294.2990860849,227708.984375,227708.984375,255196,0.0,0.0
2021-02-19 00:00:00+09:00,227708.96554791273,227708.96554791273,219545.81395279887,226420.046875,315228,0.0,0.0
2021-02-22 00:00:00+09:00,227279.32005013994,232005.35506063432,226420.04095732275,230286.796875,423838,0.0,0.0
2021-02-23 00:00:00+09:00,233723.90697674418,240598.13953488372,231146.06976744186,240168.5,875441,0.0,0.0
2021-02-24 00:00:00+09:00,240168.5037066606,245324.17820483577,234583.1896669708,235442.46875,564583,0.0,0.0
2021-02-25 00:00:00+09:00,240598.13162544172,244464.88731227917,238020.2945008834,243175.96875,481060,0.0,0.0
2021-02-26 00:00:00+09:00,239738.8802730906,244035.2759769094,236731.4032804174,241887.078125,643591,0.0,0.0
2021-03-02 00:00:00+09:00,248331.63163377193,250050.1896381579,243605.59712171054,244894.515625,631545,0.0,0.0
2021-03-03 00:00:00+09:00,245753.85461956525,256924.48437500003,244035.2961956522,256924.484375,794021,0.0,0.0
2021-03-04 00:00:00+09:00,273250.7621359223,273250.7621359223,260791.21480582526,265517.25,1413446,0.0,0.0
2021-03-05 00:00:00+09:00,257354.1243044515,273680.4293521463,257354.1243044515,270243.3125,906590,0.0,0.0
2021-03-08 00:00:00+09:00,273680.4125194401,285280.6811819596,272821.1333592535,276258.25,1013246,0.0,0.0
2021-03-09 00:00:00+09:00,282273.1781841483,286999.21313091484,260361.56161277604,272391.46875,1236147,0.0,0.0
2021-03-10 00:00:00+09:00,264228.36230302387,265087.6415300256,251768.81351149915,252198.453125,2910722,0.0,0.0
2021-03-11 00:00:00+09:00,251768.77165841582,262939.39975247526,251339.13211633664,260361.5625,1002803,0.0,0.0
2021-03-12 00:00:00+09:00,262939.3953488372,266376.511627907,253487.32558139533,258643.0,631141,0.0,0.0
2021-03-15 00:00:00+09:00,259502.3246753247,265087.6396103896,256494.8474025974,264658.0,402453,0.0,0.0
2021-03-16 00:00:00+09:00,265946.8831188726,268954.3599877451,262509.7666973039,262939.40625,361417,0.0,0.0
2021-03-17 00:00:00+09:00,259502.2656779661,260791.18421610168,253057.67298728813,253487.3125,554201,0.0,0.0
2021-03-18 00:00:00+09:00,258213.33238155668,258642.97186971238,253487.29801184434,253916.9375,417876,0.0,0.0
2021-03-19 00:00:00+09:00,250479.82130090988,251339.10027621317,245753.78693674176,247901.984375,742847,0.0,0.0
2021-03-22 00:00:00+09:00,254776.23424629326,261220.8270181219,251339.11810131796,260791.1875,592657,0.0,0.0
2021-03-23 00:00:00+09:00,264657.9177316294,272821.06779153354,263798.63877795526,268954.3125,921293,0.0,0.0
2021-03-24 00:00:00+09:00,263798.68535539217,267235.8017769608,261650.48759191178,262939.40625,432463,0.0,0.0
2021-03-25 00:00:00+09:00,262080.1169975689,266806.15189424634,259931.91931726094,265087.59375,398363,0.0,0.0
2021-03-26 00:00:00+09:00,268095.0141509434,274539.60583726416,267665.3747051887,273250.6875,505086,0.0,0.0
2021-03-29 00:00:00+09:00,274969.3272171254,284421.3978402141,274539.68764334865,280984.28125,556793,0.0,0.0
2021-03-30 00:00:00+09:00,285754.0857558139,286187.7034883721,277081.7311046512,279683.4375,411174,3000.0,0.0
2021-03-31 00:00:00+09:00,280550.6678222656,283585.99189453124,277515.34375,277515.34375,467942,0.0,0.0
2021-04-01 00:00:00+09:00,277948.93951138144,280117.0279631083,272311.9095368917,276214.46875,458156,0.0,0.0
2021-04-02 00:00:00+09:00,278382.5572017268,280117.0279631083,274913.6156789639,276214.46875,284832,0.0,0.0
2021-04-05 00:00:00+09:00,277515.33632287,290090.25,277515.33632287,290090.25,573076,0.0,0.0
2021-04-06 00:00:00+09:00,291391.07762557076,291391.07762557076,280117.01807458146,284886.8125,513075,0.0,0.0
2021-04-07 00:00:00+09:00,286621.2591660334,288355.7297207447,282718.7004179331,285320.40625,323718,0.0,0.0
2021-04-08 00:00:00+09:00,285320.4737933635,289656.6512066365,284886.85605203616,287488.5625,389851,0.0,0.0
2021-04-09 00:00:00+09:00,290090.2489996189,291391.1021341463,283152.36561547255,284453.21875,256857,0.0,0.0
2021-04-12 00:00:00+09:00,286621.2978945372,287054.91559180577,279249.79704097117,285754.0625,350064,0.0,0.0
2021-04-13 00:00:00+09:00,287054.97352828743,289656.6802370031,281417.94232607033,283586.03125,460293,0.0,0.0
2021-04-14 00:00:00+09:00,284453.24593796156,294860.0720088626,280117.0684084195,293559.21875,736486,0.0,0.0
2021-04-15 00:00:00+09:00,293559.17223627167,303098.76128973986,291391.0838150289,300063.4375,591661,0.0,0.0
2021-04-16 00:00:00+09:00,300063.43213245994,301364.28516193596,293992.7846615721,297895.34375,301914,0.0,0.0
2021-04-19 00:00:00+09:00,297895.3413665254,307001.3125,295727.25300141243,307001.3125,382725,0.0,0.0
2021-04-20 00:00:00+09:00,305266.8635724332,308735.8052039381,303966.0104606188,308302.1875,339391,0.0,0.0
2021-04-21 00:00:00+09:00,303532.42076210823,307868.59820156696,300063.47881054133,304399.65625,434931,0.0,0.0
2021-04-22 00:00:00+09:00,305700.4448477337,311337.4743271955,304399.59189093485,306134.0625,443997,0.0,0.0
2021-04-23 00:00:00+09:00,303966.0104606188,308302.1875,301364.30423699017,308302.1875,326287,0.0,0.0
2021-04-26 00:00:00+09:00,308302.1957327586,314806.46146551723,305266.8717241379,314372.84375,475237,0.0,0.0
2021-04-27 00:00:00+09:00,317408.22814569535,332151.23327814566,316974.6103476821,327381.4375,734422,0.0,0.0
2021-04-28 00:00:00+09:00,329549.4211409396,330850.2741191275,320443.45029362413,323045.15625,545333,0.0,0.0
2021-04-29 00:00:00+09:00,326080.51876675605,335620.10841152817,323045.194788874,323478.8125,629282,0.0,0.0
2021-04-30 00:00:00+09:00,323912.3917839973,324346.00944368134,312204.71497252746,315673.65625,499655,0.0,0.0
2021-05-03 00:00:00+09:00,319142.625,323912.41966711957,316540.91881793475,319142.625,361870,0.0,0.0
2021-05-04 00:00:00+09:00,324779.65421646746,328248.59578353254,313939.21181938914,326514.125,480208,0.0,0.0
2021-05-06 00:00:00+09:00,329983.0630135904,343425.2114412137,329983.0630135904,342991.59375,716999,0.0,0.0
2021-05-07 00:00:00+09:00,343858.86553863063,346026.9542242462,336487.36400753766,345159.71875,422259,0.0,0.0
2021-05-10 00:00:00+09:00,346894.1339066339,358601.8109259828,346026.8985718673,352964.78125,643587,0.0,0.0
2021-05-11 00:00:00+09:00,352097.5202991453,357300.9319291819,343425.1675824176,355132.84375,710220,0.0,0.0
2021-05-12 00:00:00+09:00,353398.3748433584,354699.2277568923,338655.37515664165,346026.875,631639,0.0,0.0
2021-05-13 00:00:00+09:00,333452.01666395046,346026.93016623205,329549.4573011734,332584.78125,756875,0.0,0.0
2021-05-14 00:00:00+09:00,330416.6728618421,335186.4673519737,324779.6430098684,329549.4375,567800,0.0,0.0
2021-05-17 00:00:00+09:00,329549.46696185286,333885.64415871934,315240.08221219346,318275.40625,661551,0.0,0.0
2021-05-18 00:00:00+09:00,318275.39494163427,336487.3385214008,318275.39494163427,334319.25,597298,0.0,0.0
2021-05-20 00:00:00+09:00,323912.43878424657,324346.0565068493,314806.46660958906,316540.9375,743678,0.0,0.0
2021-05-21 00:00:00+09:00,316540.9270833334,319142.63333333336,307001.3375,312204.75,623771,0.0,0.0
2021-05-24 00:00:00+09:00,310036.65831575246,315673.68846694793,307001.33438818564,308302.1875,594767,0.0,0.0
2021-05-25 00:00:00+09:00,310470.25,313071.9560055866,306567.6909916201,310470.25,392354,0.0,0.0
2021-05-26 00:00:00+09:00,309169.3898638968,309603.00752149,297895.33076647564,302665.125,680833,0.0,0.0
2021-05-27 00:00:00+09:00,305266.8666666667,312204.75,302665.16041666665,312204.75,763321,0.0,0.0
2021-05-28 00:00:00+09:00,315673.71078431373,317408.18172268907,307868.5915616246,309603.0625,596742,0.0,0.0
2021-05-31 00:00:00+09:00,311337.4724471831,311771.09009683103,301364.26650528173,307868.53125,448625,0.0,0.0
2021-06-01 00:00:00+09:00,308302.1694642857,314806.4346428572,301364.2866071429,303532.375,701879,0.0,0.0
2021-06-02 00:00:00+09:00,309603.0037181303,313071.94493626064,303965.97423866857,306134.0625,617039,0.0,0.0
2021-06-03 00:00:00+09:00,303098.8001893939,303966.0356691919,299196.24053030304,300497.09375,607645,0.0,0.0
2021-06-04 00:00:00+09:00,300497.0697946686,303966.01143731986,299196.21667867433,300930.6875,475678,0.0,0.0
2021-06-07 00:00:00+09:00,302231.58868740796,302665.2064617084,292691.99765279825,294426.46875,642429,0.0,0.0
2021-06-08 00:00:00+09:00,293992.81039222877,297028.13439332845,288789.39781891496,295727.28125,529180,0.0,0.0
2021-06-09 00:00:00+09:00,295293.6476761619,295727.2653673163,288789.3823088456,289223.0,538621,0.0,0.0
2021-06-10 00:00:00+09:00,288789.3895958084,294426.4197230539,287922.1541916168,289656.625,613479,0.0,0.0
2021-06-11 00:00:00+09:00,293125.4831902718,303098.6875,292691.865611588,303098.6875,707226,0.0,0.0
2021-06-14 00:00:00+09:00,304399.59198113205,304833.20963352686,297895.32719521044,298762.5625,389363,0.0,0.0
2021-06-15 00:00:00+09:00,295727.3269371345,301797.975877193,294860.091374269,296594.5625,380767,0.0,0.0
2021-06-16 00:00:00+09:00,298762.5698369565,301364.2758152174,295727.2461956522,299196.1875,311250,0.0,0.0
2021-06-17 00:00:00+09:00,297028.13439332845,298328.9875366569,294860.0458211144,295727.28125,401639,0.0,0.0
2021-06-18 00:00:00+09:00,291824.67647058825,296594.4705882353,291391.0588235294,294860.0,613284,0.0,0.0
2021-06-21 00:00:00+09:00,292258.321814456,293559.17487891205,289656.615685544,290957.46875,370513,0.0,0.0
2021-06-22 00:00:00+09:00,293992.81039222877,300930.6938233138,292691.9572489003,295727.28125,429795,0.0,0.0
2021-06-23 00:00:00+09:00,297895.39627954207,299196.2495384047,293125.60099704575,293559.21875,335968,0.0,0.0
2021-06-24 00:00:00+09:00,294860.02142857143,303532.375,293992.78607142856,303532.375,560310,0.0,0.0
2021-06-25 00:00:00+09:00,311337.4912109375,311337.4912109375,303965.99072265625,305266.84375,580216,0.0,0.0
2021-06-28 00:00:00+09:00,306134.0771539548,308735.7831920904,301364.2827507062,307001.3125,336308,0.0,0.0
2021-06-29 00:00:00+09:00,308755.5763688761,308755.5763688761,303931.2704881124,304369.84375,357032,4000.0,0.0
2021-06-30 00:00:00+09:00,306562.7825969828,308755.6494252873,302177.0489403736,305247.0625,344227,0.0,0.0
2021-07-01 00:00:00+09:00,303931.3137228261,305247.0336956522,301738.4471014493,302615.59375,215768,0.0,0.0
2021-07-02 00:00:00+09:00,303931.3040515988,307878.46384447673,301738.4375,301738.4375,304563,0.0,0.0
2021-07-05 00:00:00+09:00,304808.46037137683,305247.0336956522,300861.30045289855,302615.59375,257176,0.0,0.0
2021-07-06 00:00:00+09:00,303492.7950729927,303931.3684762774,300422.78125,300422.78125,212041,0.0,0.0
2021-07-07 00:00:00+09:00,296914.103460972,299106.969808542,294282.6638438881,297791.25,479858,0.0,0.0
2021-07-08 00:00:00+09:00,299106.969808542,307439.8619293078,297791.25,297791.25,542052,0.0,0.0
2021-07-09 00:00:00+09:00,293844.1225961539,296475.5625,286826.9495192308,296475.5625,669248,0.0,0.0
2021-07-12 00:00:00+09:00,300422.737890058,309632.77802975324,299984.1645500726,302177.03125,596735,0.0,0.0
2021-07-13 00:00:00+09:00,303492.74039855076,305247.0336956522,299545.5804800725,302615.59375,269038,0.0,0.0
2021-07-14 00:00:00+09:00,299984.14662756596,302177.0131964809,298229.85337243404,299107.0,242036,0.0,0.0
2021-07-15 00:00:00+09:00,299545.55911307805,303931.2920429913,299545.55911307805,303492.71875,341620,0.0,0.0
2021-07-16 00:00:00+09:00,300861.293255132,300861.293255132,295159.84017595305,299107.0,363606,0.0,0.0
2021-07-19 00:00:00+09:00,295159.82441143494,295598.3977017937,292089.81137892377,293405.53125,324198,0.0,0.0
2021-07-20 00:00:00+09:00,289019.77050189395,291651.20999053033,288142.62400568184,289458.34375,394416,0.0,0.0
2021-07-21 00:00:00+09:00,293405.5553611951,293844.12868759455,289019.8220972012,289896.96875,197741,0.0,0.0
2021-07-22 00:00:00+09:00,292966.95971820806,303492.71875,292966.95971820806,303492.71875,565166,0.0,0.0
2021-07-23 00:00:00+09:00,306562.75711633667,314457.07704207924,304808.46379950497,310071.34375,838140,0.0,0.0
2021-07-26 00:00:00+09:00,311387.021539548,315772.75423728814,307878.4353813559,310509.875,529527,0.0,0.0
2021-07-27 00:00:00+09:00,314457.0886059671,324105.7022033608,314018.51526063104,319719.96875,753746,0.0,0.0
2021-07-28 00:00:00+09:00,318404.1844387755,322351.34375,314895.59838435374,322351.34375,432867,0.0,0.0
2021-07-29 00:00:00+09:00,323228.51758356544,324544.23746518104,312264.1852367688,314895.625,479297,0.0,0.0
2021-07-30 00:00:00+09:00,317527.02830832195,322789.9072305593,316211.3085777626,321474.1875,700416,0.0,0.0
2021-08-02 00:00:00+09:00,324105.67408854165,324544.2473958333,312264.19479166664,315772.78125,415467,0.0,0.0
2021-08-03 00:00:00+09:00,310509.90615835774,310509.90615835774,298229.85337243404,299107.0,885509,0.0,0.0
2021-08-04 00:00:00+09:00,301738.50793650793,305247.09523809527,299545.64087301586,303931.375,431994,0.0,0.0
2021-08-05 00:00:00+09:00,300861.29087936046,303054.1574309593,299106.9976380814,301738.4375,394824,0.0,0.0
2021-08-06 00:00:00+09:00,300422.71994134894,303931.3064516129,298229.85337243404,299107.0,370445,0.0,0.0
2021-08-09 00:00:00+09:00,297791.3247685185,298668.4715277778,293844.16435185185,296037.03125,394554,0.0,0.0
2021-08-10 00:00:00+09:00,298229.89814814815,299984.19166666665,295159.8844907407,296037.03125,263360,0.0,0.0
2021-08-11 00:00:00+09:00,302615.5829413893,304369.8761758321,299984.14308972505,303054.15625,440224,0.0,0.0
2021-08-12 00:00:00+09:00,304808.4555288462,306124.17548076925,296475.5625,296475.5625,442630,0.0,0.0
2021-08-13 00:00:00+09:00,294282.6935483871,300422.71994134894,294282.6935483871,299107.0,340685,0.0,0.0
2021-08-17 00:00:00+09:00,293844.11893019726,296475.558801214,288142.6658763278,289019.8125,617509,0.0,0.0
2021-08-18 00:00:00+09:00,289896.93859232526,291651.23171542556,283318.3393806991,288581.21875,339135,0.0,0.0
2021-08-19 00:00:00+09:00,285511.228319378,287704.0948963318,274985.46875,274985.46875,512078,0.0,0.0
2021-08-20 00:00:00+09:00,275424.09963474027,280686.9805194805,268406.92512175324,270161.21875,479910,0.0,0.0
2021-08-23 00:00:00+09:00,274108.31482229405,274546.88812600967,269284.0084814216,271476.875,309650,0.0,0.0
2021-08-24 00:00:00+09:00,273669.73359375,282002.62612304685,273669.73359375,280686.90625,452228,0.0,0.0
2021-08-25 00:00:00+09:00,284634.0613976227,293405.52708013804,282441.19497699384,285949.78125,434977,0.0,0.0
2021-08-26 00:00:00+09:00,282879.7715785381,285072.63802488334,278494.0386858476,282002.625,378335,0.0,0.0
2021-08-27 00:00:00+09:00,278494.0540674603,280686.9206349206,274985.46755952376,276301.1875,376740,0.0,0.0
2021-08-30 00:00:00+09:00,279371.2077371988,292089.8341490964,278494.0610881024,291212.6875,614544,0.0,0.0
2021-08-31 00:00:00+09:00,291651.2465226261,295598.40625,287704.0867952522,295598.40625,444769,0.0,0.0
2021-09-01 00:00:00+09:00,291651.2974537037,300422.7650462963,291651.2974537037,296037.03125,336396,0.0,0.0
2021-09-02 00:00:00+09:00,296475.62062043796,303931.3684762774,295598.4738138686,300422.78125,502952,0.0,0.0
2021-09-03 00:00:00+09:00,301738.4755747126,305685.6358656609,300861.3288433908,305247.0625,443470,0.0,0.0
2021-09-06 00:00:00+09:00,305247.04083094554,308755.6275071633,300861.30748567334,306124.1875,273592,0.0,0.0
2021-09-07 00:00:00+09:00,307878.5120492372,318404.2731449376,306124.2185332871,316211.40625,622033,0.0,0.0
2021-09-08 00:00:00+09:00,314895.6645055325,319281.39799446746,313141.3711099585,317088.53125,403299,0.0,0.0
2021-09-09 00:00:00+09:00,313579.9565368568,317965.6901947149,309194.2228789986,315334.25,481713,0.0,0.0
2021-09-10 00:00:00+09:00,315772.78125,320158.5143229167,314895.6346354167,315772.78125,309238,0.0,0.0
2021-09-13 00:00:00+09:00,316649.94666666666,328930.0,316649.94666666666,328930.0,650692,0.0,0.0
2021-09-14 00:00:00+09:00,330684.2256139154,332877.0918315143,319281.3212824011,321474.1875,412181,0.0,0.0
2021-09-15 00:00:00+09:00,317088.53125,321474.264738935,313141.3711099585,317088.53125,474107,0.0,0.0
2021-09-16 00:00:00+09:00,320158.5420953361,327614.2889660494,316649.9553326475,319719.96875,258732,0.0,0.0
2021-09-17 00:00:00+09:00,314895.6430172414,320597.0961637931,312264.2031034483,317965.65625,461597,0.0,0.0
2021-09-23 00:00:00+09:00,311387.123015873,312264.2698412698,302177.08134920633,303931.375,620162,0.0,0.0
2021-09-24 00:00:00+09:00,307001.32699275366,310948.4869112319,299984.15380434785,302615.59375,484775,0.0,0.0
2021-09-27 00:00:00+09:00,299107.02169117646,304369.9018382353,297352.72830882354,298229.875,238271,0.0,0.0
2021-09-28 00:00:00+09:00,302177.03907414305,302615.61242548435,289458.4118852459,294282.71875,464636,0.0,0.0
2021-09-29 00:00:00+09:00,296508.71846590907,297399.13503787876,289830.59417613636,293837.46875,342327,5000.0,0.0
2021-09-30 00:00:00+09:00,290721.01074810605,296508.71846590907,289385.3858901515,293837.46875,316173,0.0,0.0
2021-10-01 00:00:00+09:00,292947.0833333333,294282.7083333333,287159.375,288495.0,302454,0.0,0.0
2021-10-05 00:00:00+09:00,283152.45885093167,288494.95807453414,280481.20923913043,286714.125,341473,0.0,0.0
2021-10-06 00:00:00+09:00,288495.0106466877,290275.8440457413,281371.67705047317,282262.09375,390248,0.0,0.0
2021-10-07 00:00:00+09:00,282262.0833333333,287604.5833333333,282262.0833333333,284488.125,246371,0.0,0.0
2021-10-08 00:00:00+09:00,287604.5938476563,293837.5107421875,284042.92705078126,284933.34375,414977,0.0,0.0
2021-10-12 00:00:00+09:00,285378.5001940994,288494.95807453414,278700.37616459624,286714.125,348183,0.0,0.0
2021-10-13 00:00:00+09:00,284933.3538461538,294282.7295192308,280481.2701923077,289385.4375,791246,0.0,0.0
2021-10-14 00:00:00+09:00,294727.92719465645,296063.5522423664,288049.80195610685,291611.46875,539634,0.0,0.0
2021-10-15 00:00:00+09:00,293837.52096036583,295173.14605564025,291611.4791349085,292056.6875,281368,0.0,0.0
2021-10-18 00:00:00+09:00,291611.4583333333,291611.4583333333,283597.7083333333,284488.125,379352,0.0,0.0
2021-10-19 00:00:00+09:00,284933.34375,285823.76044921874,281371.676953125,284933.34375,261989,0.0,0.0
2021-10-20 00:00:00+09:00,284933.34410339256,286268.96915387723,275583.96875,275583.96875,474504,0.0,0.0
2021-10-21 00:00:00+09:00,275583.9376004823,280481.22889871383,275583.9376004823,276919.5625,243600,0.0,0.0
2021-10-22 00:00:00+09:00,273803.1355539539,274248.34390444815,268015.4269975288,270241.46875,414221,0.0,0.0
2021-10-25 00:00:00+09:00,270241.3876297923,279145.55196685303,267570.13832867413,278700.34375,329504,0.0,0.0
2021-10-26 00:00:00+09:00,281816.875,283597.7083333333,276029.1666666666,280481.25,308343,0.0,0.0
2021-10-27 00:00:00+09:00,280481.2286931818,280481.2286931818,273357.89590097405,274248.3125,323575,0.0,0.0
2021-10-28 00:00:00+09:00,270686.6245847176,274248.29069767444,268015.375,268015.375,462448,0.0,0.0
2021-10-29 00:00:00+09:00,268905.8120777027,270241.4369721284,263563.3125,263563.3125,405986,0.0,0.0
2021-11-01 00:00:00+09:00,265344.2190134907,267570.2611193086,263118.17690767284,264008.59375,269718,0.0,0.0
2021-11-02 00:00:00+09:00,265344.15625,272022.28098783555,264898.9479341443,265344.15625,343252,0.0,0.0
2021-11-03 00:00:00+09:00,268015.36449667223,270686.61397670547,265789.3232633112,267570.15625,258117,0.0,0.0
2021-11-04 00:00:00+09:00,269796.2606092437,271577.094012605,263563.343697479,264898.96875,310022,0.0,0.0
2021-11-05 00:00:00+09:00,265344.1666666666,266679.7916666666,251542.7083333333,253768.75,755034,0.0,0.0
2021-11-08 00:00:00+09:00,253323.484375,253768.69260764497,246200.15265268015,253323.484375,572332,0.0,0.0
2021-11-09 00:00:00+09:00,253768.75,257330.41666666666,252878.3333333333,253768.75,299852,0.0,0.0
2021-11-10 00:00:00+09:00,250207.08867472628,251987.92204607665,243974.171875,243974.171875,568198,0.0,0.0
2021-11-11 00:00:00+09:00,240412.48463114756,247535.81750910747,239522.06802140255,244419.359375,542966,0.0,0.0
2021-11-12 00:00:00+09:00,250207.0833333333,256440.0,249316.66666666666,253768.75,500205,0.0,0.0
2021-11-15 00:00:00+09:00,255994.79166666666,256440.0,252878.3333333333,253768.75,223366,0.0,0.0
2021-11-16 00:00:00+09:00,252433.125,255994.79166666666,249761.875,252433.125,219629,0.0,0.0
2021-11-17 00:00:00+09:00,253323.52556046195,253323.52556046195,245309.7760699728,245754.984375,407594,0.0,0.0
2021-11-18 00:00:00+09:00,245755.00524635037,248426.25530337592,243528.96353216242,243974.171875,270816,0.0,0.0
2021-11-19 00:00:00+09:00,244419.3698572392,250207.07806879494,243974.16153327338,247535.828125,285633,0.0,0.0
2021-11-22 00:00:00+09:00,246645.38072731317,253323.50475422599,245309.7559219306,250207.046875,255604,0.0,0.0
2021-11-23 00:00:00+09:00,252433.14046138743,260001.68259162304,251987.93210078534,255104.390625,389317,0.0,0.0
2021-11-24 00:00:00+09:00,255104.3430815508,255549.55135918,247981.01063948305,249761.84375,336968,0.0,0.0
2021-11-25 00:00:00+09:00,248871.43205663355,249316.64034296028,244419.34919336642,246645.390625,226729,0.0,0.0
2021-11-26 00:00:00+09:00,247090.58780445773,247535.79607077205,241302.88034237133,242193.296875,251387,0.0,0.0
2021-11-29 00:00:00+09:00,237296.03641895085,238631.661389414,233289.16150756142,235515.203125,526535,0.0,0.0
2021-11-30 00:00:00+09:00,237741.2340158046,240412.4838362069,231508.31776819922,232398.734375,603733,0.0,0.0
2021-12-01 00:00:00+09:00,237296.01661213898,253323.5149199007,234179.55860785197,246645.390625,1158036,0.0,0.0
2021-12-02 00:00:00+09:00,246200.21344915632,251987.92190275312,240412.50499555952,250652.296875,558575,0.0,0.0
2021-12-03 00:00:00+09:00,251097.52585827466,256440.0264084507,249316.6923415493,252878.359375,417560,0.0,0.0
2021-12-06 00:00:00+09:00,252878.2817944251,260001.6136759582,247535.78288327527,255549.53125,617298,0.0,0.0
2021-12-07 00:00:00+09:00,259556.38992092723,261337.2227848787,253768.68311308493,256885.140625,398800,0.0,0.0
2021-12-08 00:00:00+09:00,258220.859375,262672.9431573276,255994.8174838362,258220.859375,403743,0.0,0.0
2021-12-09 00:00:00+09:00,255549.60360169492,262672.9375,252878.35338983053,262672.9375,696363,0.0,0.0
2021-12-10 00:00:00+09:00,256885.21367118118,256885.21367118118,249761.88018983128,250652.296875,1049824,0.0,0.0
2021-12-13 00:00:00+09:00,250207.03233885017,259111.19719076654,249316.61585365853,255549.53125,535999,0.0,0.0
2021-12-14 00:00:00+09:00,254213.8913290728,256885.140625,250207.017385182,256885.140625,289748,0.0,0.0
2021-12-15 00:00:00+09:00,255104.375,255994.79166666666,250652.29166666666,251097.5,348499,0.0,0.0
2021-12-16 00:00:00+09:00,252878.3333333333,254213.9583333333,248426.25,252433.125,424524,0.0,0.0
2021-12-17 00:00:00+09:00,250207.05827268836,260446.84891374144,250207.05827268836,260001.640625,499153,0.0,0.0
2021-12-20 00:00:00+09:00,256439.9679144385,256439.9679144385,249316.63547237075,249761.84375,378947,0.0,0.0
2021-12-21 00:00:00+09:00,251097.4685828877,251987.88513814614,248426.21891711227,249761.84375,178706,0.0,0.0
2021-12-22 00:00:00+09:00,250207.0833333333,254659.16666666666,250207.0833333333,251097.5,228349,0.0,0.0
2021-12-23 00:00:00+09:00,252433.125,254213.9583333333,251097.5,252433.125,159175,0.0,0.0
2021-12-24 00:00:00+09:00,252433.15099581867,253768.7761333627,251542.734237456,252878.359375,167055,0.0,0.0
2021-12-27 00:00:00+09:00,253323.54693050624,253323.54693050624,250207.08853241566,250652.296875,160202,0.0,0.0
2021-12-28 00:00:00+09:00,251542.7083333333,252433.125,249761.875,252433.125,337286,0.0,0.0
2021-12-29 00:00:00+09:00,251979.925515233,255152.33464941758,247447.91246639786,252886.328125,329075,5000.0,0.0
2021-12-30 00:00:00+09:00,251979.8931010929,253792.6980874317,248807.484375,248807.484375,219848,0.0,0.0
2022-01-04 00:00:00+09:00,253339.54082133507,261043.96335078534,252433.13817081152,259684.359375,347412,0.0,0.0
2022-01-05 00:00:00+09:00,261497.1505393401,270561.1765545685,259684.34533629444,267841.96875,867085,0.0,0.0
2022-01-06 00:00:00+09:00,269654.8060344827,280984.8399014778,265575.9938423645,275999.625,1038400,0.0,0.0
2022-01-07 00:00:00+09:00,273280.3722848361,277812.3850922131,270107.96331967216,276452.78125,518413,0.0,0.0
2022-01-10 00:00:00+09:00,275546.40625,279625.2181846217,272827.1982935855,275546.40625,303091,0.0,0.0
2022-01-11 00:00:00+09:00,272374.01385416667,275546.42333333334,268295.20166666666,271920.8125,390725,0.0,0.0
2022-01-12 00:00:00+09:00,272373.95616816694,277812.3712663666,271467.5536518003,276905.96875,333786,0.0,0.0
2022-01-13 00:00:00+09:00,281437.9851141925,286423.19902120717,276905.97247145185,277812.375,526231,0.0,0.0
2022-01-14 00:00:00+09:00,275093.12322324415,277359.129180602,270107.91011705686,271014.3125,309975,0.0,0.0
2022-01-17 00:00:00+09:00,271014.33472222224,271014.33472222224,263309.9138354701,265122.71875,255851,0.0,0.0
2022-01-18 00:00:00+09:00,266935.51436844404,266935.51436844404,257418.2888986014,259231.09375,325795,0.0,0.0
2022-01-19 00:00:00+09:00,254245.85934753955,262403.4805030756,253339.45699692442,257871.46875,308227,0.0,0.0
2022-01-20 00:00:00+09:00,258777.89253715036,266482.3131555944,258324.69132430071,259231.09375,383480,0.0,0.0
2022-01-21 00:00:00+09:00,256058.73254654257,256511.9338430851,251979.92087765958,255605.53125,324796,0.0,0.0
2022-01-24 00:00:00+09:00,253792.6980874317,256058.7043203552,247447.8806352459,248807.484375,319122,0.0,0.0
2022-01-25 00:00:00+09:00,247447.88185975607,247447.88185975607,240649.86312734522,241556.265625,448495,0.0,0.0
2022-01-26 00:00:00+09:00,241556.265625,241556.265625,241556.265625,241556.265625,0,0.0,0.0
2022-01-27 00:00:00+09:00,238837.0875303398,243822.30188106795,232039.06796116504,233398.671875,463038,0.0,0.0
2022-01-28 00:00:00+09:00,235664.64386792452,242009.4612028302,232492.23520047168,240196.65625,333753,0.0,0.0
2022-02-03 00:00:00+09:00,248807.5073752332,249713.90995219216,242009.48804804104,242915.890625,360416,0.0,0.0
2022-02-04 00:00:00+09:00,242915.86126629423,244728.6662011173,238837.05016294227,243369.0625,247870,0.0,0.0
2022-02-07 00:00:00+09:00,242915.86126629423,244275.46496741154,236571.0439944134,243369.0625,282832,0.0,0.0
2022-02-08 00:00:00+09:00,243369.0625,243369.0625,243369.0625,243369.0625,0,0.0,0.0
2022-02-09 00:00:00+09:00,243369.0625,243369.0625,243369.0625,243369.0625,0,0.0,0.0
2022-02-10 00:00:00+09:00,258324.6997767857,259231.10223214285,252886.28504464283,253792.6875,312672,0.0,0.0
2022-02-11 00:00:00+09:00,254699.15700431034,264669.586637931,254245.95565732758,262856.78125,542251,0.0,0.0
2022-02-14 00:00:00+09:00,260590.7687334947,262856.7754181338,256511.95670114437,257418.359375,259367,0.0,0.0
2022-02-15 00:00:00+09:00,258777.90293560605,260137.50662878787,251526.68323863635,254245.890625,420548,0.0,0.0
2022-02-16 00:00:00+09:00,256511.89678030304,256965.09801136365,251979.88446969696,254245.890625,240682,0.0,0.0
2022-02-17 00:00:00+09:00,256058.75179439047,259231.16110865725,251979.9398189046,256511.953125,266814,0.0,0.0
2022-02-18 00:00:00+09:00,251979.91907193608,255152.328125,248807.51001887213,255152.328125,253732,0.0,0.0
2022-02-21 00:00:00+09:00,255152.328125,255152.328125,255152.328125,255152.328125,0,0.0,0.0
2022-02-22 00:00:00+09:00,255152.328125,255152.328125,255152.328125,255152.328125,0,0.0,0.0
2022-02-23 00:00:00+09:00,255152.328125,255152.328125,255152.328125,255152.328125,0,0.0,0.0
2022-02-24 00:00:00+09:00,247447.89354766186,252886.30879046762,246994.69227742805,251979.90625,332271,0.0,0.0
2022-02-25 00:00:00+09:00,251979.8968920145,252433.0981454174,247447.88435798546,249713.890625,273489,0.0,0.0
2022-02-28 00:00:00+09:00,249713.890625,249713.890625,249713.890625,249713.890625,0,0.0,0.0
2022-03-02 00:00:00+09:00,257871.52755731923,260137.5339506173,254699.11860670196,256965.125,332940,0.0,0.0
2022-03-03 00:00:00+09:00,260137.59036144576,266935.61101549055,257418.38209982787,263310.0,361119,0.0,0.0
2022-03-04 00:00:00+09:00,263310.0,263310.0,263310.0,263310.0,0,0.0,0.0
2022-03-07 00:00:00+09:00,259684.32440345886,262403.53198883537,258324.7206107706,258777.921875,245246,0.0,0.0
2022-03-08 00:00:00+09:00,255152.32538426763,258777.93569168172,249713.90992314648,250620.3125,360988,0.0,0.0
2022-03-10 00:00:00+09:00,250620.3125,250620.3125,250620.3125,250620.3125,0,0.0,0.0
2022-03-11 00:00:00+09:00,256511.9338430851,258324.73902925532,252886.32347074468,255605.53125,208498,0.0,0.0
2022-03-14 00:00:00+09:00,255605.4724520906,263763.0939133275,254699.0700675087,260137.484375,277812,0.0,0.0
2022-03-15 00:00:00+09:00,260137.484375,260137.484375,260137.484375,260137.484375,0,0.0,0.0
2022-03-16 00:00:00+09:00,256511.953125,258324.75844743816,252886.34248012368,256511.953125,222274,0.0,0.0
2022-03-17 00:00:00+09:00,256511.953125,256511.953125,256511.953125,256511.953125,0,0.0,0.0
2022-03-18 00:00:00+09:00,259684.28318270904,266029.0998747822,257871.4784135453,260137.484375,377985,0.0,0.0
2022-03-21 00:00:00+09:00,260137.484375,260137.484375,260137.484375,260137.484375,0,0.0,0.0
2022-03-22 00:00:00+09:00,261950.26578498294,266935.4784556314,260590.66232935153,265575.875,324522,0.0,0.0
2022-03-23 00:00:00+09:00,269654.7522430669,277812.375,269201.55097879283,277812.375,519555,0.0,0.0
2022-03-24 00:00:00+09:00,275093.2049239309,275999.6075760691,271014.3929893092,275546.40625,353201,0.0,0.0
2022-03-25 00:00:00+09:00,275546.4056761269,276452.8083263773,269654.7884494992,271467.59375,263554,0.0,0.0
2022-03-28 00:00:00+09:00,271467.59375,271920.7950751252,266482.3791736227,271467.59375,265949,0.0,0.0
2022-03-29 00:00:00+09:00,272373.91607441474,272827.1172658863,268295.1053511706,271014.3125,284426,0.0,0.0
2022-03-30 00:00:00+09:00,272392.4093211207,274229.79488146555,265502.2134698276,266420.90625,440166,4000.0,0.0
2022-03-31 00:00:00+09:00,267339.52122440276,270554.94501919794,266420.8287116041,269176.90625,292573,0.0,0.0
2022-04-01 00:00:00+09:00,265961.5390625,267798.9244791667,262746.1145833334,264583.5,304417,0.0,0.0
2022-04-04 00:00:00+09:00,263664.8072916667,270095.65625,263205.4609375,270095.65625,207021,0.0,0.0
2022-04-05 00:00:00+09:00,268717.64086787566,269636.33365716756,264124.17692141625,265961.5625,191471,0.0,0.0
2022-04-06 00:00:00+09:00,262746.1145833334,264583.5,260449.38281250003,261827.421875,235528,0.0,0.0
2022-04-07 00:00:00+09:00,260449.35912433156,263205.4369986631,257693.28125,257693.28125,220834,0.0,0.0
2022-04-08 00:00:00+09:00,261368.08599271203,261368.08599271203,258152.66138471733,259990.046875,185278,0.0,0.0
2022-04-11 00:00:00+09:00,259530.6695257867,265502.17165646853,258611.9768902972,262746.09375,196683,0.0,0.0
2022-04-12 00:00:00+09:00,262286.78404809395,263664.82319370564,259071.359375,259071.359375,196710,0.0,0.0
2022-04-13 00:00:00+09:00,261827.43487302976,263205.4740039405,259990.04936514885,262286.78125,128670,0.0,0.0
2022-04-14 00:00:00+09:00,262286.74743225524,264583.479020979,260908.70847902098,262746.09375,207690,0.0,0.0
2022-04-15 00:00:00+09:00,268258.31659292034,269636.35589048674,259071.38794247786,259530.734375,443687,0.0,0.0
2022-04-18 00:00:00+09:00,258612.007757288,260449.3932475707,255396.5831492933,259990.046875,181166,0.0,0.0
2022-04-19 00:00:00+09:00,261368.0113193241,265042.78125,259530.62635398615,265042.78125,256646,0.0,0.0
2022-04-20 00:00:00+09:00,265042.86971070815,268258.29447322973,263664.8305267703,265961.5625,218556,0.0,0.0
2022-04-21 00:00:00+09:00,268258.2454013378,275607.7863712375,267798.89909071906,274689.09375,417039,0.0,0.0
2022-04-22 00:00:00+09:00,271473.71875,272851.7579314721,268717.6403870559,271473.71875,254910,0.0,0.0
2022-04-25 00:00:00+09:00,265961.5179742133,266880.2106097028,262746.09375,262746.09375,251867,0.0,0.0
2022-04-26 00:00:00+09:00,264583.536971831,265042.88339018484,259071.3799515845,260908.765625,302521,0.0,0.0
2022-04-27 00:00:00+09:00,256315.27085206835,256774.61721560254,253559.19267086333,255396.578125,304986,0.0,0.0
2022-04-28 00:00:00+09:00,257693.32483836208,266420.90625,257693.32483836208,266420.90625,341213,0.0,0.0
2022-04-29 00:00:00+09:00,263205.45577422145,266880.22653546714,262286.76308391005,265502.1875,178473,0.0,0.0
2022-05-02 00:00:00+09:00,261827.36614761094,269636.25250639935,261368.01989121162,269176.90625,234352,0.0,0.0
2022-05-03 00:00:00+09:00,268258.2655709342,271014.3436418685,265502.1875,265502.1875,154703,0.0,0.0
2022-05-04 00:00:00+09:00,265502.174635506,273770.4084476844,265502.174635506,267798.90625,193167,0.0,0.0
2022-05-06 00:00:00+09:00,262746.09375,264583.479020979,260908.70847902098,262746.09375,192881,0.0,0.0
2022-05-10 00:00:00+09:00,254937.2108525815,257233.94248188403,249884.40126811594,253559.171875,291390,0.0,0.0
2022-05-11 00:00:00+09:00,253099.8333048725,254018.525984745,250803.10160519127,252181.140625,177462,0.0,0.0
2022-05-12 00:00:00+09:00,250803.09375,256315.2496565934,250343.74742445056,250803.09375,251662,0.0,0.0
2022-05-13 00:00:00+09:00,254018.51075089126,259071.32018716578,250803.08656417113,257693.28125,254670,0.0,0.0
2022-05-16 00:00:00+09:00,259071.33329626336,260908.71863879004,256774.601618105,258152.640625,175543,0.0,0.0
2022-05-17 00:00:00+09:00,259990.03902173913,265042.8489673913,259990.03902173913,264124.15625,190081,0.0,0.0
2022-05-18 00:00:00+09:00,265502.1927083334,266880.2317708334,263664.8072916667,264583.5,193713,0.0,0.0
2022-05-19 00:00:00+09:00,257233.95833333334,264124.1536458334,256774.6119791667,261827.421875,262911,0.0,0.0
2022-05-20 00:00:00+09:00,263205.443021012,269176.9452186964,263205.443021012,267798.90625,206080,0.0,0.0
2022-05-23 00:00:00+09:00,268717.5625,270095.6012820513,265502.1386752137,268717.5625,189083,0.0,0.0
2022-05-24 00:00:00+09:00,267798.91922577855,271473.68998702423,265502.1875,265502.1875,221667,0.0,0.0
2022-05-25 00:00:00+09:00,269177.0134466437,270095.7063253012,266880.28125,266880.28125,201411,0.0,0.0
2022-05-26 00:00:00+09:00,265502.1927083334,270095.65625,265502.1927083334,270095.65625,245009,0.0,0.0
2022-05-27 00:00:00+09:00,271014.3489583334,272392.3880208334,268258.2708333334,270095.65625,240511,0.0,0.0
2022-05-30 00:00:00+09:00,271014.3489583334,271933.0416666667,268717.6171875,270095.65625,200031,0.0,0.0
2022-05-31 00:00:00+09:00,270095.6509515571,270095.6509515571,264583.4948096886,265502.1875,695314,0.0,0.0
2022-06-02 00:00:00+09:00,267798.9244791667,267798.9244791667,262746.1145833334,264583.5,311949,0.0,0.0
2022-06-03 00:00:00+09:00,266880.2526400862,271014.3701508621,265502.2134698276,266420.90625,237752,0.0,0.0
2022-06-07 00:00:00+09:00,266420.85910278745,269176.9369555749,263205.43494120205,263664.78125,243572,0.0,0.0
2022-06-08 00:00:00+09:00,264124.16675788094,266420.89864273206,261827.43487302976,262286.78125,151759,0.0,0.0
2022-06-09 00:00:00+09:00,262286.74743225524,263664.7863854895,260908.70847902098,262746.09375,262830,0.0,0.0
2022-06-10 00:00:00+09:00,259530.7059251792,259530.7059251792,255396.5884856631,256315.28125,284607,0.0,0.0
2022-06-13 00:00:00+09:00,251262.4663596082,251721.81273320896,246209.65625,246209.65625,374998,0.0,0.0
2022-06-14 00:00:00+09:00,240697.50770872866,243453.58604127134,239778.8149312144,242075.546875,395108,0.0,0.0
2022-06-15 00:00:00+09:00,243912.91141849905,244372.25776768642,237941.4088790631,240238.140625,281819,0.0,0.0
2022-06-16 00:00:00+09:00,242075.52608060747,248047.02862149532,242075.52608060747,245750.296875,301214,0.0,0.0
2022-06-17 00:00:00+09:00,238860.0964285714,243453.55982142856,238400.75008928572,241156.828125,627182,0.0,0.0
2022-06-20 00:00:00+09:00,242534.87227722773,242534.87227722773,230132.52085396042,231969.90625,350343,0.0,0.0
2022-06-21 00:00:00+09:00,232888.60946856288,234266.64857784432,228295.14577095807,230132.53125,219217,0.0,0.0
2022-06-22 00:00:00+09:00,231969.89529639177,231969.89529639177,221404.92976804124,222782.96875,371830,0.0,0.0
2022-06-23 00:00:00+09:00,220486.28205128203,221404.97489316238,214514.7785790598,214974.125,437747,0.0,0.0
2022-06-24 00:00:00+09:00,214974.08862920167,220026.89840467437,210839.97154017855,218648.859375,328581,0.0,0.0
2022-06-27 00:00:00+09:00,220945.59109112393,221404.93743434874,214514.74228597688,218648.859375,297209,0.0,0.0
2022-06-28 00:00:00+09:00,219108.2416087963,223242.359375,219108.2416087963,223242.359375,257774,0.0,0.0
2022-06-29 00:00:00+09:00,221374.22095352563,221841.25517494656,217637.9471821581,218572.015625,302546,4000.0,0.0
2022-06-30 00:00:00+09:00,218571.98915401302,219973.09164859002,215302.75,215302.75,323966,0.0,0.0
2022-07-01 00:00:00+09:00,219039.0115591398,220907.14811827955,214835.70430107525,217170.875,298947,0.0,0.0
2022-07-04 00:00:00+09:00,218104.95794836956,219506.0604619565,211566.47955163041,214835.71875,265047,0.0,0.0
2022-07-05 00:00:00+09:00,217637.9057914046,223242.31538259957,215769.7692610063,222775.28125,287694,0.0,0.0
2022-07-06 00:00:00+09:00,220440.12880434783,220907.16297554347,214835.71875,214835.71875,324077,0.0,0.0
2022-07-07 00:00:00+09:00,216703.8554347826,217170.88960597824,212500.54789402173,214835.71875,266156,0.0,0.0
2022-07-08 00:00:00+09:00,217170.8994521104,219973.10460633118,215769.796875,215769.796875,209419,0.0,0.0
2022-07-11 00:00:00+09:00,216236.82126358696,216703.8554347826,212967.58206521737,214835.71875,130550,0.0,0.0
2022-07-12 00:00:00+09:00,214368.67842628923,214368.67842628923,206429.09774383408,208297.234375,252206,0.0,0.0
2022-07-13 00:00:00+09:00,208297.24510209713,213434.62110237306,208297.24510209713,211566.484375,187735,0.0,0.0
2022-07-14 00:00:00+09:00,208297.234375,210165.37100616592,207363.16605941704,208297.234375,310781,0.0,0.0
2022-07-15 00:00:00+09:00,210165.39655412946,212967.60184151787,206896.15705217634,209231.328125,298831,0.0,0.0
2022-07-18 00:00:00+09:00,211099.45019315675,212033.51855684328,207363.1767384106,211566.484375,273744,0.0,0.0
2022-07-19 00:00:00+09:00,211566.47955163041,215302.75292119564,210632.41120923913,214835.71875,273542,0.0,0.0
2022-07-20 00:00:00+09:00,218571.96457435345,218571.96457435345,215302.7257879849,216703.828125,199103,0.0,0.0
2022-07-21 00:00:00+09:00,214835.69015957447,219506.03125,212967.55372340427,219506.03125,260004,0.0,0.0
2022-07-22 00:00:00+09:00,219973.1182892628,220907.1867321047,217170.91296073716,218572.015625,168210,0.0,0.0
2022-07-25 00:00:00+09:00,218104.9473280917,220440.11807036249,217170.87903118337,219039.015625,342567,0.0,0.0
2022-07-26 00:00:00+09:00,219039.02541135883,220440.1279193206,217637.92290339703,219973.09375,103839,0.0,0.0
2022-07-27 00:00:00+09:00,219973.10349497886,221374.20606501057,218572.00092494715,220907.171875,185386,0.0,0.0
2022-07-28 00:00:00+09:00,222775.28125,223709.34951519917,221374.17885220126,222775.28125,179304,0.0,0.0
2022-07-29 00:00:00+09:00,221841.19318181818,226978.56818181818,221841.19318181818,226044.5,306236,0.0,0.0
2022-08-01 00:00:00+09:00,228846.748046875,228846.748046875,222775.3037109375,224176.40625,273551,0.0,0.0
2022-08-02 00:00:00+09:00,224176.39830508473,224643.43246822033,219039.0225105932,220440.125,278244,0.0,0.0
2022-08-03 00:00:00+09:00,219039.02541135883,221841.2304272824,217170.88873407643,219973.09375,272038,0.0,0.0
2022-08-04 00:00:00+09:00,221374.1952119099,223242.3318803648,217170.88770788626,217637.921875,430497,0.0,0.0
2022-08-05 00:00:00+09:00,219039.01784316282,225110.46183455113,217637.9153836117,223709.359375,374503,0.0,0.0
2022-08-08 00:00:00+09:00,223709.3720703125,225110.474609375,220907.1669921875,224176.40625,181139,0.0,0.0
2022-08-09 00:00:00+09:00,229313.77832825202,232583.0175304878,226978.60746951218,229780.8125,318194,0.0,0.0
2022-08-10 00:00:00+09:00,231181.9315895372,234918.20523138833,229780.82897384305,232116.0,312580,0.0,0.0
2022-08-11 00:00:00+09:00,234918.17135821984,240989.61515077823,233517.06894455253,240055.546875,378261,0.0,0.0
2022-08-12 00:00:00+09:00,240055.56352360308,244258.87105611752,238654.46101276492,242390.734375,304190,0.0,0.0
2022-08-16 00:00:00+09:00,246127.01668483525,248929.2218083818,240055.5722504845,240989.640625,368851,0.0,0.0
2022-08-17 00:00:00+09:00,242857.777374031,247995.15343386628,240522.60643774224,240989.640625,345970,0.0,0.0
2022-08-18 00:00:00+09:00,238187.431640625,240055.568359375,235385.2265625,239121.5,262167,0.0,0.0
2022-08-19 00:00:00+09:00,239588.52435661765,239588.52435661765,234918.1827512255,238187.421875,256031,0.0,0.0
2022-08-22 00:00:00+09:00,235385.2206325301,236786.32313629516,231648.9472891566,232583.015625,297487,0.0,0.0
2022-08-23 00:00:00+09:00,230247.8505859375,233984.1240234375,228379.7138671875,231648.953125,279380,0.0,0.0
2022-08-24 00:00:00+09:00,229780.83108452137,231648.9679226069,226978.62582739306,229313.796875,267236,0.0,0.0
2022-08-25 00:00:00+09:00,230714.88572854293,233984.125,229313.78318363274,233984.125,234092,0.0,0.0
2022-08-26 00:00:00+09:00,235852.2548004518,237253.35730421686,231181.91312123492,232583.015625,238026,0.0,0.0
2022-08-29 00:00:00+09:00,225577.50105660863,229313.77436603484,224176.3985655738,227912.671875,209755,0.0,0.0
2022-08-30 00:00:00+09:00,230247.81646776575,238654.43045644683,228846.7141363189,237253.328125,341331,0.0,0.0
2022-08-31 00:00:00+09:00,234918.1827512255,240989.6268382353,232583.01194852943,238187.421875,468949,0.0,0.0
2022-09-01 00:00:00+09:00,235852.26269145258,242390.74126111658,234918.1943243577,236319.296875,437904,0.0,0.0
2022-09-02 00:00:00+09:00,236319.29090447153,237253.35924796748,229780.8125,229780.8125,450262,0.0,0.0
2022-09-05 00:00:00+09:00,229780.80594059406,237253.35247524752,228846.73762376237,235852.25,307203,0.0,0.0
2022-09-06 00:00:00+09:00,232115.97673267327,237720.38663366335,232115.97673267327,235852.25,209262,0.0,0.0
2022-09-07 00:00:00+09:00,232115.98335873982,233050.05170223577,226044.53912601626,229780.8125,413650,0.0,0.0
2022-09-08 00:00:00+09:00,226511.58401268115,228846.75498188406,221841.24207427536,225577.515625,497799,0.0,0.0
2022-09-13 00:00:00+09:00,224176.40625,233517.08984375,224176.40625,231648.953125,539335,0.0,0.0
2022-09-14 00:00:00+09:00,224176.39352818372,226511.56429410228,221841.22276226513,223709.359375,382467,0.0,0.0
2022-09-15 00:00:00+09:00,223242.30412234043,223242.30412234043,213434.58783244682,219506.03125,514057,0.0,0.0
2022-09-16 00:00:00+09:00,216236.81832971802,220907.15997830802,214835.715835141,215302.75,392504,0.0,0.0
2022-09-19 00:00:00+09:00,213901.6601055195,216703.86525974027,212967.59172077922,215769.796875,245546,0.0,0.0
2022-09-20 00:00:00+09:00,217637.9153836117,225110.46183455113,217637.9153836117,223709.359375,339939,0.0,0.0
2022-09-21 00:00:00+09:00,222308.25,225110.45483193276,219973.07930672268,222308.25,208920,0.0,0.0
2022-09-22 00:00:00+09:00,219506.0595806794,220907.1620886412,218571.99124203823,219973.09375,197040,0.0,0.0
2022-09-23 00:00:00+09:00,220440.125,226511.5691207627,218571.98834745763,220440.125,240590,0.0,0.0
2022-09-26 00:00:00+09:00,215302.753827951,217170.89052060133,207830.20705734965,209698.34375,412237,0.0,0.0
2022-09-27 00:00:00+09:00,211099.43572598253,214368.67477483622,209231.29912663755,213901.640625,409286,0.0,0.0
2022-09-28 00:00:00+09:00,212033.50979989034,217170.88558799343,210632.40731222587,212967.578125,373979,0.0,0.0
2022-09-29 00:00:00+09:00,215794.583285877,216736.91771070616,206371.23903758542,206842.40625,421889,2000.0,0.0
2022-09-30 00:00:00+09:00,205900.0868261256,206371.2540728673,198832.578125,198832.578125,412612,0.0,0.0
2022-10-04 00:00:00+09:00,203073.06537921348,212967.57668539326,202601.8981741573,209669.40625,322898,0.0,0.0
2022-10-05 00:00:00+09:00,212967.58141816143,213438.74863368834,207313.57483183857,210140.578125,236774,0.0,0.0
2022-10-06 00:00:00+09:00,211082.953125,214381.12426757812,210140.61851283483,211082.953125,183132,0.0,0.0
2022-10-07 00:00:00+09:00,210611.73127069537,214852.23592715233,210140.5640866446,213438.734375,274457,0.0,0.0
2022-10-11 00:00:00+09:00,212025.234375,217679.24062499998,210611.73281249998,216736.90625,512457,0.0,0.0
2022-10-12 00:00:00+09:00,217208.10237182875,224275.6111257928,213909.93161997886,222862.109375,386804,0.0,0.0
2022-10-13 00:00:00+09:00,223804.421875,230871.92993421052,223333.25467105265,223804.421875,515327,0.0,0.0
2022-10-14 00:00:00+09:00,226631.45690421748,234641.30049542684,225217.95509400408,231814.296875,467706,0.0,0.0
2022-10-17 00:00:00+09:00,229458.4433712121,235112.45018939392,228987.27613636362,233227.78125,293992,0.0,0.0
2022-10-18 00:00:00+09:00,236997.11103125,238410.6126875,230400.76996875,235583.609375,364684,0.0,0.0
2022-10-19 00:00:00+09:00,235583.6243872549,243122.30036764708,234641.2898897059,240295.296875,493090,0.0,0.0
2022-10-20 00:00:00+09:00,238881.78292410713,239824.1173735119,233698.94345238095,237468.28125,613413,0.0,0.0
2022-10-21 00:00:00+09:00,235583.6000251004,236525.9344252008,228987.2592243976,234641.265625,372162,0.0,0.0
2022-10-24 00:00:00+09:00,240295.27847782258,241237.6129032258,231343.1014364919,233698.9375,306768,0.0,0.0
2022-10-25 00:00:00+09:00,232285.450776357,232756.61801931105,222390.93867432151,225689.109375,588197,0.0,0.0
2022-10-26 00:00:00+09:00,223804.4485100211,227102.6193301688,221448.61220991562,223333.28125,377516,0.0,0.0
2022-10-27 00:00:00+09:00,226160.2560240964,235583.6000251004,225689.0888240462,234641.265625,476197,0.0,0.0
2022-10-28 00:00:00+09:00,232285.4265561741,236525.93130060728,231343.09216852227,232756.59375,390447,0.0,0.0
2022-10-31 00:00:00+09:00,235583.6000251004,235583.6000251004,230400.7608245482,234641.265625,378237,0.0,0.0
2022-11-01 00:00:00+09:00,235583.61984282907,240766.45947937132,232756.61640471514,239824.125,332397,0.0,0.0
2022-11-02 00:00:00+09:00,242179.93592843326,251603.27973887813,240295.2671663443,243593.4375,677114,0.0,0.0
2022-11-03 00:00:00+09:00,238881.8070494186,247362.8179505814,237939.47250484495,243122.3125,557476,0.0,0.0
2022-11-04 00:00:00+09:00,242651.0952758789,245478.09832763672,237939.42352294922,241237.59375,341234,0.0,0.0
2022-11-07 00:00:00+09:00,243122.28187160942,260555.46875,243122.28187160942,260555.46875,786325,0.0,0.0
2022-11-08 00:00:00+09:00,261497.785885989,263853.62179487175,255843.7797046703,257257.28125,574555,0.0,0.0
2022-11-09 00:00:00+09:00,259613.1370149912,268565.31415343913,259141.96979717814,267151.8125,698635,0.0,0.0
2022-11-10 00:00:00+09:00,263853.634341637,271863.4768127224,261968.96552491104,264795.96875,695094,0.0,0.0
2022-11-11 00:00:00+09:00,272334.60748686513,272334.60748686513,265267.1003721541,269036.4375,539139,0.0,0.0
2022-11-14 00:00:00+09:00,275161.6638370119,283642.6740237691,274219.32937181665,277517.5,919941,0.0,0.0
2022-11-15 00:00:00+09:00,278459.83790737565,279873.3396226415,272334.6638078902,274690.5,469800,0.0,0.0
2022-11-16 00:00:00+09:00,273748.11702473956,273748.11702473956,262440.10530598956,271392.28125,705848,0.0,0.0
2022-11-17 00:00:00+09:00,268565.303147007,273748.14233054576,266209.4671544894,267622.96875,331954,0.0,0.0
2022-11-18 00:00:00+09:00,271392.310880829,278459.81897668395,270921.1436744387,272805.8125,401272,0.0,0.0
2022-11-21 00:00:00+09:00,273276.9703206239,273276.9703206239,267622.96403812827,271863.46875,266548,0.0,0.0
2022-11-22 00:00:00+09:00,271392.3076923077,277988.6485042735,269978.8060897436,275632.8125,315350,0.0,0.0
2022-11-23 00:00:00+09:00,278459.81897668395,279402.1533894646,272334.6452936097,272805.8125,310435,0.0,0.0
2022-11-24 00:00:00+09:00,274219.314119171,277517.4845639033,271863.47808721935,272805.8125,259179,0.0,0.0
2022-11-25 00:00:00+09:00,273748.20198815566,279402.2096023689,273748.20198815566,278459.875,320362,0.0,0.0
2022-11-28 00:00:00+09:00,278459.81409438775,280815.650085034,275161.64370748296,277046.3125,341848,0.0,0.0
2022-11-29 00:00:00+09:00,276103.95783645654,278930.9608177172,275161.6235093697,276575.125,223793,0.0,0.0
2022-11-30 00:00:00+09:00,277517.48419240396,285527.3266903172,276575.1497808848,282229.15625,917771,0.0,0.0
2022-12-01 00:00:00+09:00,286940.82667151163,288825.49548380397,281757.9874377076,283642.65625,496246,0.0,0.0
2022-12-02 00:00:00+09:00,279873.3251059322,283642.6628177966,277046.3218220339,277988.65625,450549,0.0,0.0
2022-12-05 00:00:00+09:00,278930.9608177172,280344.4623083475,272334.620528109,276575.125,498884,0.0,0.0
2022-12-06 00:00:00+09:00,272334.680082897,275161.68368237343,266680.6728839441,269978.84375,505646,0.0,0.0
2022-12-07 00:00:00+09:00,267151.8564116379,276104.0350215517,266209.5218211207,273277.03125,330579,0.0,0.0
2022-12-08 00:00:00+09:00,273277.0146160558,274219.3491492146,267623.0074171029,269978.84375,576852,0.0,0.0
2022-12-09 00:00:00+09:00,269507.6375440141,271392.30633802817,261497.7951694542,267622.96875,490437,0.0,0.0
2022-12-12 00:00:00+09:00,264324.82006404595,269978.8269103357,261968.98387809188,266680.65625,241773,0.0,0.0
2022-12-13 00:00:00+09:00,269036.5092168412,273748.1818826352,266680.6728839441,269978.84375,374379,0.0,0.0
2022-12-14 00:00:00+09:00,269978.7921765734,272805.79523601395,268094.1234702797,269507.625,286313,0.0,0.0
2022-12-15 00:00:00+09:00,266680.645282187,268094.1469356261,264324.8091931217,267151.8125,246861,0.0,0.0
2022-12-16 00:00:00+09:00,262911.28125,264795.9499327957,261026.61256720428,262911.28125,360911,0.0,0.0
2022-12-19 00:00:00+09:00,261497.78752220247,266680.62655417406,260555.4531527531,265267.125,221946,0.0,0.0
2022-12-20 00:00:00+09:00,265267.1359541815,266680.63756672596,263382.46713745553,264795.96875,225221,0.0,0.0
2022-12-21 00:00:00+09:00,266680.65119565214,276575.1629891304,266209.4839673913,270921.15625,470239,0.0,0.0
2022-12-22 00:00:00+09:00,272334.6452936097,274219.314119171,267622.9732297064,272805.8125,263381,0.0,0.0
2022-12-23 00:00:00+09:00,268565.2984185442,272805.80313041597,267151.7968479203,271863.46875,341122,0.0,0.0
2022-12-26 00:00:00+09:00,272805.82015196915,276575.1579088185,272334.652932363,275161.65625,331276,0.0,0.0
2022-12-27 00:00:00+09:00,276103.99068921234,277517.4923480308,273748.1545911815,275161.65625,424295,0.0,0.0
2022-12-28 00:00:00+09:00,275636.0833333333,279905.8333333333,273738.4166666667,276110.5,413622,2000.0,0.0
2022-12-29 00:00:00+09:00,273738.4057979204,274212.82244575047,261877.98960216998,262352.40625,606222,0.0,0.0
2023-01-02 00:00:00+09:00,262826.80681295955,264724.4732881434,257608.22400620405,258082.640625,360653,0.0,0.0
2023-01-03 00:00:00+09:00,257608.22400620405,259980.30710018383,251915.22458065258,258082.640625,359010,0.0,0.0
2023-01-04 00:00:00+09:00,254761.75,261878.0,254287.3333333333,260454.75,218258,0.0,0.0
2023-01-05 00:00:00+09:00,262352.42700852785,267571.0105475763,259980.34358168763,264250.09375,327195,0.0,0.0
2023-01-06 00:00:00+09:00,264250.0326158217,272789.53097683564,264250.0326158217,271366.28125,390204,0.0,0.0
2023-01-09 00:00:00+09:00,274687.1978265571,275161.6144031142,271840.6983672145,274212.78125,267873,0.0,0.0
2023-01-10 00:00:00+09:00,274212.8333333333,276584.9166666667,272789.5833333333,276110.5,311729,0.0,0.0
2023-01-11 00:00:00+09:00,278008.17711900687,278482.5938035103,275636.09369648976,277059.34375,301818,0.0,0.0
2023-01-12 00:00:00+09:00,278482.5833333333,279905.8333333333,276110.5,276110.5,325084,0.0,0.0
2023-01-13 00:00:00+09:00,278956.9899590164,289394.15625,278482.57330942625,289394.15625,762472,0.0,0.0
2023-01-16 00:00:00+09:00,290342.98975080386,296984.82284967846,287022.0732013665,295087.15625,547935,0.0,0.0
2023-01-17 00:00:00+09:00,294612.7288256956,297933.6452536825,289394.14586743043,289868.5625,333407,0.0,0.0
2023-01-18 00:00:00+09:00,288919.75,290343.0,282752.3333333333,284650.0,413955,0.0,0.0
2023-01-19 00:00:00+09:00,282277.90635399334,287970.90614600666,281803.4897046589,285124.40625,230209,0.0,0.0
2023-01-20 00:00:00+09:00,285124.4268132091,293663.9271170989,285124.4268132091,292715.09375,280284,0.0,0.0
2023-01-25 00:00:00+09:00,296036.01053484605,296510.42721839546,286547.67686385737,292715.09375,2785,0.0,0.0
2023-01-26 00:00:00+09:00,287970.8763933121,298408.04160031845,286073.2099920382,297933.625,2996,0.0,0.0
2023-01-27 00:00:00+09:00,297933.6771669342,297933.6771669342,293189.5103330658,295561.59375,3032,0.0,0.0
2023-01-30 00:00:00+09:00,294138.3436998395,298882.51053370786,287022.09344903694,295561.59375,25326,0.0,0.0
2023-01-31 00:00:00+09:00,291766.2394460461,292240.6560955519,284649.98970345967,287970.90625,3053,0.0,0.0
2023-02-01 00:00:00+09:00,286547.6563014827,288919.7395490115,285124.4063529654,287970.90625,2543,0.0,0.0
2023-02-02 00:00:00+09:00,291291.82279654033,293189.4893945634,286547.6563014827,287970.90625,2369,0.0,0.0
2023-02-03 00:00:00+09:00,286547.6563014827,289394.1561985173,282752.3231054366,287970.90625,2184,0.0,0.0
2023-02-06 00:00:00+09:00,284649.989548495,287496.4894439799,282752.322951505,283701.15625,9340,0.0,0.0
2023-02-07 00:00:00+09:00,281803.4792365772,284175.56239513424,278482.56281459733,282752.3125,2592,0.0,0.0
2023-02-08 00:00:00+09:00,284649.97902684566,289394.14534395974,282752.3125,282752.3125,4008,0.0,0.0
2023-02-09 00:00:00+09:00,282277.85590277775,291766.18719362747,279905.7730800654,290342.9375,4345,0.0,0.0
2023-02-10 00:00:00+09:00,290817.4166666667,290817.4166666667,283701.1666666667,284650.0,3265,0.0,0.0
2023-02-13 00:00:00+09:00,283226.78063423646,288919.78125,281803.53048029554,288919.78125,1912,0.0,0.0
2023-02-14 00:00:00+09:00,290817.39586726384,296984.81209283386,288919.7293363192,291291.8125,2348,0.0,0.0
2023-02-15 00:00:00+09:00,293663.886952765,312166.13508064515,292715.05371543777,308845.21875,7315,0.0,0.0
2023-02-16 00:00:00+09:00,312166.1875,312640.6041983283,306473.1871200608,312166.1875,6074,0.0,0.0
2023-02-17 00:00:00+09:00,308845.2296968563,328296.311751497,308370.8130613772,316910.3125,5203,0.0,0.0
2023-02-20 00:00:00+09:00,323552.1769328035,331617.26052203757,320705.67684248555,328296.34375,6422,0.0,0.0
2023-02-21 00:00:00+09:00,329245.1771134393,330668.42715859826,321654.51020592486,328296.34375,5996,0.0,0.0
2023-02-22 00:00:00+09:00,321654.4893637048,324026.5726185994,312166.1563441265,315012.65625,5589,0.0,0.0
2023-02-23 00:00:00+09:00,315961.4372171946,318807.9366515837,308370.77205882355,314538.1875,2363,0.0,0.0
2023-02-24 00:00:00+09:00,315012.6129658385,315012.6129658385,303152.19832104037,305524.28125,5189,0.0,0.0
2023-02-27 00:00:00+09:00,299356.89606191224,305524.3123040752,297459.2295258621,302677.8125,873124,0.0,0.0
2023-02-28 00:00:00+09:00,305998.75,307896.4166666667,299356.9166666667,301729.0,1446654,0.0,0.0
2023-03-02 00:00:00+09:00,308845.22987759643,326398.64540059346,308370.81324183976,319756.8125,1333108,0.0,0.0
2023-03-03 00:00:00+09:00,322128.9060146837,323552.1559676205,312640.5729951054,315012.65625,797958,0.0,0.0
2023-03-06 00:00:00+09:00,316910.312215478,317859.1454855842,304575.4797040971,312640.5625,1270453,0.0,0.0
2023-03-07 00:00:00+09:00,313589.3447294776,326873.00834888057,313114.9281716418,317859.09375,1022487,0.0,0.0
2023-03-08 00:00:00+09:00,315487.1043882979,315487.1043882979,309794.10400835867,312166.1875,612776,0.0,0.0
2023-03-09 00:00:00+09:00,313589.35261627904,316435.8520348837,305049.8543604651,305998.6875,686362,0.0,0.0
2023-03-10 00:00:00+09:00,299831.3744149766,307896.45885335415,298408.1242199688,304101.125,386284,0.0,0.0
2023-03-13 00:00:00+09:00,301728.96961009176,311217.30198776757,299356.8865156728,310268.46875,585821,0.0,0.0
2023-03-14 00:00:00+09:00,307896.4273635285,307896.4273635285,299831.34375,299831.34375,599657,0.0,0.0
2023-03-15 00:00:00+09:00,306947.5626914242,312640.56230857584,303626.6462480858,309794.0625,626558,0.0,0.0
2023-03-16 00:00:00+09:00,303152.2396962074,310268.48945433437,300780.15644349845,306473.15625,662637,0.0,0.0
2023-03-17 00:00:00+09:00,312166.13463785045,315487.05096378503,304101.05213200935,304575.46875,688227,0.0,0.0
2023-03-20 00:00:00+09:00,300305.7293299373,307896.3954741379,298408.06279388716,302677.8125,408075,0.0,0.0
2023-03-21 00:00:00+09:00,305524.3123040752,308845.228742163,302677.8125,302677.8125,432909,0.0,0.0
2023-03-22 00:00:00+09:00,305998.6583806818,320231.1541193182,305998.6583806818,313114.90625,881894,0.0,0.0
2023-03-23 00:00:00+09:00,310268.52070668695,315487.1043882979,308370.8539133739,312166.1875,878007,0.0,0.0
2023-03-24 00:00:00+09:00,313114.9466226708,313114.9466226708,303626.6149068323,305524.28125,595650,0.0,0.0
2023-03-27 00:00:00+09:00,310268.4897402108,318807.9894578313,308845.2397872741,315012.65625,788021,0.0,0.0
2023-03-28 00:00:00+09:00,316910.3333333333,326398.6666666667,315487.0833333333,321654.5,822344,0.0,0.0
2023-03-29 00:00:00+09:00,326398.65615835774,326873.07280975074,319282.4063874633,323552.15625,711759,0.0,0.0
2023-03-30 00:00:00+09:00,325941.7614138439,328809.2842415316,320206.7157584683,324508.0,700132,2500.0,0.0
2023-03-31 00:00:00+09:00,323074.18291440216,374689.5849184783,322118.3421365489,351749.40625,3767223,0.0,0.0
2023-04-03 00:00:00+09:00,367998.7081473214,383770.0813536352,364653.26534598216,374689.59375,2647969,0.0,0.0
2023-04-04 00:00:00+09:00,374689.61512261577,377079.21725987736,349837.7528950953,350793.59375,2636739,0.0,0.0
2023-04-05 00:00:00+09:00,346492.313002008,361307.8463855422,342191.0291164659,357006.5625,1920793,0.0,0.0
2023-04-06 00:00:00+09:00,352227.42120689654,352705.3417241379,345058.61344827584,346492.375,1599156,0.0,0.0
2023-04-07 00:00:00+09:00,349359.8550828823,355572.82104194857,345536.49141576455,353183.21875,1161822,0.0,0.0
2023-04-10 00:00:00+09:00,371822.1358218319,391416.87562735257,368954.612923463,380902.625,3400129,0.0,0.0
2023-04-11 00:00:00+09:00,384725.9371064232,393328.50464420655,374211.68789357686,379468.8125,2388116,0.0,0.0
2023-04-12 00:00:00+09:00,383770.1390298278,413879.1287669127,381380.5366697417,388549.34375,4199534,0.0,0.0
2023-04-13 00:00:00+09:00,376601.32104086847,380902.6051644317,359396.1845466156,374211.71875,2625269,0.0,0.0
2023-04-14 00:00:00+09:00,388071.4035456731,402409.0169771635,378512.9945913462,397629.8125,2744732,0.0,0.0
2023-04-17 00:00:00+09:00,400975.26136363635,416746.63636363635,398107.73863636365,404798.625,2943959,0.0,0.0
2023-04-18 00:00:00+09:00,411967.4052322075,414834.927774427,394762.26997889025,396196.03125,2542208,0.0,0.0
2023-04-19 00:00:00+09:00,397151.91205248784,407188.2419599514,392850.627806432,393806.46875,1910849,0.0,0.0
2023-04-20 00:00:00+09:00,390938.92330586084,407188.2184065934,387115.55975274724,391416.84375,1735312,0.0,0.0
2023-04-21 00:00:00+09:00,386159.7272727273,389983.09090909094,375167.5568181818,378513.0,1811713,0.0,0.0
2023-04-24 00:00:00+09:00,372300.05630489334,390938.9551442911,371822.1358218319,380902.625,1492362,0.0,0.0
2023-04-25 00:00:00+09:00,382814.2181324111,385203.8199934124,359396.11989459815,362741.5625,2061154,0.0,0.0
2023-04-26 00:00:00+09:00,360351.99966352625,365609.1243270525,353661.1137281292,355094.875,1356256,0.0,0.0
2023-04-27 00:00:00+09:00,354139.0323401163,370866.24709302327,352705.2710755814,369910.40625,1259153,0.0,0.0
2023-04-28 00:00:00+09:00,382336.3726790451,382814.2931448939,359396.19031830237,360352.03125,1523535,0.0,0.0
2023-05-02 00:00:00+09:00,362263.6960896597,370388.34362729057,360352.01431609946,365131.21875,997936,0.0,0.0
2023-05-03 00:00:00+09:00,365131.21299342107,368476.6560444079,361307.84950657893,363219.53125,768864,0.0,0.0
2023-05-04 00:00:00+09:00,359874.08533970977,364653.28966029023,356528.64231530344,362263.6875,621657,0.0,0.0
2023-05-08 00:00:00+09:00,367042.87346938776,367042.87346938776,350793.5795918367,351271.5,1063039,0.0,0.0
2023-05-09 00:00:00+09:00,346970.24445564515,356528.6533938172,344102.7217741935,355572.8125,1089617,0.0,0.0
2023-05-10 00:00:00+09:00,353661.11338797817,359396.15846994537,349359.8295765027,349837.75,798825,0.0,0.0
2023-05-11 00:00:00+09:00,353661.18275862065,356528.705862069,346492.375,346492.375,836456,0.0,0.0
2023-05-12 00:00:00+09:00,343624.823676066,351749.47180192574,343624.823676066,347448.1875,627365,0.0,0.0
2023-05-15 00:00:00+09:00,347448.12274966034,352705.2470278533,340279.31691576086,351749.40625,805678,0.0,0.0
2023-05-16 00:00:00+09:00,356050.7443488529,357484.50573549257,351749.4601889339,354139.0625,613026,0.0,0.0
2023-05-17 00:00:00+09:00,353183.2357685811,356050.7586570946,351271.5538429054,353661.15625,409493,0.0,0.0
2023-05-18 00:00:00+09:00,356528.625,357962.3862265416,351271.50050268095,356528.625,562035,0.0,0.0
2023-05-19 00:00:00+09:00,357006.56790123455,357962.4087791495,347448.159122085,348404.0,609598,0.0,0.0
2023-05-22 00:00:00+09:00,344580.63384993223,355094.88342649053,343146.87254403793,352705.28125,528344,0.0,0.0
2023-05-23 00:00:00+09:00,355572.82659151196,365131.23590848804,354139.0651939655,360352.03125,827935,0.0,0.0
2023-05-24 00:00:00+09:00,360351.9823113207,360351.9823113207,354616.9375,354616.9375,679805,0.0,0.0
2023-05-25 00:00:00+09:00,352227.38073630136,352227.38073630136,347926.09657534247,348881.9375,529820,0.0,0.0
2023-05-26 00:00:00+09:00,346970.25858183077,350315.7018463939,344102.73578363383,344580.65625,573455,0.0,0.0
2023-05-30 00:00:00+09:00,345536.48863636365,352227.375,344580.64772727276,346970.25,618415,0.0,0.0
2023-05-31 00:00:00+09:00,347926.11388888885,351749.47777777776,344102.75,344102.75,783723,0.0,0.0
2023-06-01 00:00:00+09:00,345058.5625,346970.2442867036,341235.1989265928,345058.5625,563485,0.0,0.0
2023-06-02 00:00:00+09:00,347926.0826693227,361307.85507968126,345536.48045318725,359874.09375,898394,0.0,0.0
2023-06-05 00:00:00+09:00,365131.2496774194,372777.97741935484,361307.8858064516,370388.375,1059256,0.0,0.0
2023-06-07 00:00:00+09:00,370866.2982625482,373733.8211872587,368954.6163127413,371344.21875,854667,0.0,0.0
2023-06-08 00:00:00+09:00,371344.2017155283,378513.0086984536,368954.5993878866,370866.28125,911859,0.0,0.0
2023-06-09 00:00:00+09:00,376123.39205266495,378035.07384200505,371344.1875793147,376601.3125,680374,0.0,0.0
2023-06-12 00:00:00+09:00,380902.6051644317,381858.4460807791,374211.71875,374211.71875,639741,0.0,0.0
2023-06-13 00:00:00+09:00,376601.2836970475,377557.1245186136,370388.31835686776,372300.0,751529,0.0,0.0
2023-06-14 00:00:00+09:00,375645.48012452107,392372.6961606003,372300.03691730526,374211.71875,2069738,0.0,0.0
2023-06-15 00:00:00+09:00,379468.84383095853,381380.5256638601,365131.2300841969,368954.59375,1122476,0.0,0.0
2023-06-16 00:00:00+09:00,371344.1847566794,378035.07096851146,366087.05987595423,375645.46875,640873,0.0,0.0
2023-06-19 00:00:00+09:00,374211.7215764331,377079.2443471338,368476.67603503185,375167.5625,565125,0.0,0.0
2023-06-20 00:00:00+09:00,373255.87787402846,374211.71879047924,368954.59375,368954.59375,537721,0.0,0.0
2023-06-21 00:00:00+09:00,367998.7585784314,370866.281372549,365131.2357843137,365609.15625,493898,0.0,0.0
2023-06-22 00:00:00+09:00,365131.2272727273,380902.6022727273,362263.7045454546,378513.0,1007756,0.0,0.0
2023-06-23 00:00:00+09:00,380424.6385522959,381858.3997528699,374211.67334980867,374689.59375,492324,0.0,0.0
2023-06-26 00:00:00+09:00,374211.72703125,389027.2615625,373255.88609375,382336.375,956793,0.0,0.0
2023-06-27 00:00:00+09:00,383770.1306536555,386159.73296158615,378513.0055762082,385681.8125,788317,0.0,0.0
2023-06-28 00:00:00+09:00,388071.3735558408,388549.2939666239,372300.0,372300.0,848166,0.0,0.0
2023-06-29 00:00:00+09:00,375186.0701612903,381439.17133064516,372300.0234677419,372781.03125,557777,2500.0,0.0
2023-06-30 00:00:00+09:00,375667.0701111469,375667.0701111469,369413.96907216497,373262.03125,520732,0.0,0.0
2023-07-03 00:00:00+09:00,376629.0867537313,387692.26554726367,376148.07898009947,386730.25,846399,0.0,0.0
2023-07-04 00:00:00+09:00,387211.28125,393464.3826863354,381920.19541925465,387211.28125,853254,0.0,0.0
2023-07-05 00:00:00+09:00,387692.25,391059.304280397,385768.2189826303,387692.25,705287,0.0,0.0
2023-07-06 00:00:00+09:00,387211.25713832484,387211.25713832484,378072.1094543147,379034.125,809495,0.0,0.0
2023-07-07 00:00:00+09:00,375667.1320703125,386249.3048046875,375667.1320703125,384806.28125,752802,0.0,0.0
2023-07-10 00:00:00+09:00,388654.2965994962,392021.35114924435,379996.1563287154,381920.1875,1079444,0.0,0.0
2023-07-11 00:00:00+09:00,382882.2108681876,385287.2498811787,376629.10943441064,379515.15625,1071681,0.0,0.0
2023-07-12 00:00:00+09:00,381439.20273203595,409818.6642215569,374705.09322604793,401641.53125,3323841,0.0,0.0
2023-07-13 00:00:00+09:00,407894.57126303593,415109.6875,401641.4705243337,415109.6875,2320901,0.0,0.0
2023-07-14 00:00:00+09:00,414147.7416107383,435312.0861297539,409818.6711409396,430021.0,2198833,0.0,0.0
2023-07-17 00:00:00+09:00,435312.0407296025,466577.54641736404,433869.0173901674,459843.4375,2933840,0.0,0.0
2023-07-18 00:00:00+09:00,463691.53125,476197.734375,455995.40625,469463.625,2798504,0.0,0.0
2023-07-19 00:00:00+09:00,477159.75775775773,497362.08621121116,474273.71083583584,480526.8125,2381695,0.0,0.0
2023-07-20 00:00:00+09:00,471868.6409547739,487741.89798994974,469944.60979899496,478602.75,1329119,0.0,0.0
2023-07-21 00:00:00+09:00,467539.60753176047,533918.6876134302,465134.5683983666,530070.625,3458805,0.0,0.0
2023-07-24 00:00:00+09:00,544500.816199377,656094.6230529594,543538.800623053,617614.0,7321997,0.0,0.0
2023-07-25 00:00:00+09:00,630120.1410524317,653208.5126329787,611841.8468844985,633006.1875,5728769,0.0,0.0
2023-07-26 00:00:00+09:00,640702.4392857143,734979.9753968253,576247.3890873016,606069.875,11631776,0.0,0.0
2023-07-27 00:00:00+09:00,589715.5458754208,624348.1064814815,538728.7205387205,571437.25,7424260,0.0,0.0
2023-07-28 00:00:00+09:00,563741.1710420032,595487.6875,557007.061490307,595487.6875,4114475,0.0,0.0
2023-07-31 00:00:00+09:00,607993.84423676,636854.3115264797,597411.6728971963,617614.0,3304143,0.0,0.0
2023-08-01 00:00:00+09:00,628196.1866948471,630120.217894525,589715.5627012883,597411.6875,3092475,0.0,0.0
2023-08-02 00:00:00+09:00,580095.4057692307,600297.7333333333,562779.125,562779.125,2873833,0.0,0.0
2023-08-03 00:00:00+09:00,569513.25,570475.265625,548348.90625,569513.25,1967322,0.0,0.0
2023-08-04 00:00:00+09:00,572399.2655723905,590677.5614478114,561817.0942760942,571437.25,1429396,0.0,0.0
2023-08-07 00:00:00+09:00,562779.1243315508,569513.2335115864,533918.6564171122,539690.75,2168072,0.0,0.0
2023-08-08 00:00:00+09:00,543538.7541876046,574323.25,534880.6147403686,574323.25,1878204,0.0,0.0
2023-08-09 00:00:00+09:00,574323.25,581057.3584589615,564703.0950586265,574323.25,1191171,0.0,0.0
2023-08-10 00:00:00+09:00,567589.1879180602,587791.5149456522,566627.1723453178,575285.3125,1034234,0.0,0.0
2023-08-11 00:00:00+09:00,577209.2937608319,578171.3092504332,553158.9065207973,555082.9375,1198157,0.0,0.0
2023-08-14 00:00:00+09:00,543538.7516247834,562779.0614168111,536804.6431975737,555082.9375,1168580,0.0,0.0
2023-08-16 00:00:00+09:00,548348.8736263736,550272.9047619047,523336.46886446886,525260.5,1660436,0.0,0.0
2023-08-17 00:00:00+09:00,522374.4690325497,535842.6873869802,505058.18829113926,531994.625,1767674,0.0,0.0
2023-08-18 00:00:00+09:00,531032.5464480874,539690.6857923497,521412.39162112935,528146.5,892609,0.0,0.0
2023-08-21 00:00:00+09:00,528146.593693285,541614.8128402904,524298.5310798548,530070.625,950697,0.0,0.0
2023-08-22 00:00:00+09:00,541614.7340401786,551234.8891741071,531032.5633928572,538728.6875,1051757,0.0,0.0
2023-08-23 00:00:00+09:00,538728.7658802178,539690.7815335754,522374.4997731398,530070.625,748945,0.0,0.0
2023-08-24 00:00:00+09:00,535842.718156304,560855.1251079447,527184.5772884283,557007.0625,1270728,0.0,0.0
2023-08-25 00:00:00+09:00,545462.7826039861,560855.0304376084,539690.6896663778,555082.9375,904736,0.0,0.0
2023-08-28 00:00:00+09:00,565665.1720067454,576247.3435919055,559893.0784148398,570475.25,1004931,0.0,0.0
2023-08-29 00:00:00+09:00,572399.249035163,573361.2645797599,558931.0314108062,560855.0625,802162,0.0,0.0
2023-08-30 00:00:00+09:00,572399.3609913794,582019.5183189656,557969.125,557969.125,930082,0.0,0.0
2023-08-31 00:00:00+09:00,558931.0938039724,561817.140759931,553158.9998920553,557007.0625,888954,0.0,0.0
2023-09-01 00:00:00+09:00,554120.9357142857,557968.9977678572,536804.6564732143,538728.6875,940959,0.0,0.0
2023-09-04 00:00:00+09:00,532956.5682203389,573361.2177966101,531994.5527542372,567589.125,1315360,0.0,0.0
2023-09-05 00:00:00+09:00,572399.2190117253,585867.4359296482,564703.0950586265,574323.25,1144118,0.0,0.0
2023-09-06 00:00:00+09:00,572399.3609913794,578171.4553879311,555083.0778017242,557969.125,865525,0.0,0.0
2023-09-07 00:00:00+09:00,553158.984375,561817.125,541614.796875,546424.875,954854,0.0,0.0
2023-09-08 00:00:00+09:00,545462.8137864494,560855.0625,545462.8137864494,560855.0625,716625,0.0,0.0
2023-09-11 00:00:00+09:00,564703.0753289474,565665.0907894737,545462.7661184211,548348.8125,635976,0.0,0.0
2023-09-12 00:00:00+09:00,554120.967032967,555082.9826007326,524298.4844322344,525260.5,1333031,0.0,0.0
2023-09-13 00:00:00+09:00,518526.4059546314,528146.5619092628,505058.1876181474,508906.25,1335818,0.0,0.0
2023-09-14 00:00:00+09:00,512754.3130650995,533918.65619349,510830.2818716094,531994.625,928896,0.0,0.0
2023-09-15 00:00:00+09:00,538728.6900684931,574323.2642337328,532956.5969606164,561817.0625,1831875,0.0,0.0
2023-09-18 00:00:00+09:00,568551.1271766169,582019.3433872305,561817.0190713101,580095.3125,1396160,0.0,0.0
2023-09-19 00:00:00+09:00,581057.4215851602,584905.4839797639,565665.1720067454,570475.25,1036725,0.0,0.0
2023-09-20 00:00:00+09:00,569513.2188552188,573361.2811447812,559893.0631313131,571437.25,829143,0.0,0.0
2023-09-21 00:00:00+09:00,565665.1078856153,572399.216312825,554120.9220103986,555082.9375,715070,0.0,0.0
2023-09-22 00:00:00+09:00,546424.8594024604,551234.9373901582,534880.672231986,547386.875,924090,0.0,0.0
2023-09-25 00:00:00+09:00,542576.7307513915,544500.7617115028,515640.297309833,518526.34375,1503031,0.0,0.0
2023-09-26 00:00:00+09:00,520942.6151500938,530607.5987335835,514177.12664165103,515143.625,870926,2500.0,0.0
2023-09-27 00:00:00+09:00,510311.1364485981,519009.62172897195,507411.64135514013,517076.625,804112,0.0,0.0
2023-10-04 00:00:00+09:00,511277.6588796478,514177.15410958906,492914.1890900196,493880.6875,1239625,0.0,0.0
2023-10-05 00:00:00+09:00,506445.16682974563,513210.6556996086,492914.1890900196,493880.6875,896556,0.0,0.0
2023-10-06 00:00:00+09:00,492914.1318093385,504512.11138132296,490014.6369163424,496780.125,652301,0.0,0.0
2023-10-10 00:00:00+09:00,503545.6413539554,504512.13970588235,473584.192444219,476483.6875,1498746,0.0,0.0
2023-10-11 00:00:00+09:00,484215.6662352071,495813.64626479294,481316.1712278107,490014.65625,1003202,0.0,0.0
2023-10-12 00:00:00+09:00,493880.66765202704,514177.133445946,490014.67416747106,500646.15625,1057678,0.0,0.0
2023-10-13 00:00:00+09:00,500646.1779785156,506445.16845703125,491947.6922607422,494847.1875,671304,0.0,0.0
2023-10-16 00:00:00+09:00,485182.1645710059,490981.15458579885,479383.174556213,490014.65625,837155,0.0,0.0
2023-10-17 00:00:00+09:00,496780.20166500995,500646.1954522863,485182.2203031809,486148.71875,625836,0.0,0.0
2023-10-18 00:00:00+09:00,484215.65456249996,490014.6444375,482282.6579375,483249.15625,624079,0.0,0.0
2023-10-19 00:00:00+09:00,469718.204009434,472134.4499148323,461019.71875,461019.71875,1548134,0.0,0.0
2023-10-20 00:00:00+09:00,453287.69115618104,459086.68080849893,432991.22737306845,437823.71875,2322796,0.0,0.0
2023-10-23 00:00:00+09:00,436857.2204746137,442172.9609892384,427675.4868584437,437823.71875,1049913,0.0,0.0
2023-10-24 00:00:00+09:00,439756.78006329114,466818.73575949366,426709.05142405065,458120.25,1529774,0.0,0.0
2023-10-25 00:00:00+09:00,460536.4812359708,460536.4812359708,428158.78528338944,430575.03125,1237237,0.0,0.0
2023-10-26 00:00:00+09:00,410278.5576067616,420426.79048042704,404962.8165776987,407379.0625,1676774,0.0,0.0
2023-10-27 00:00:00+09:00,408828.8125,420426.7929964539,401580.07468971633,408828.8125,1199624,0.0,0.0
2023-10-30 00:00:00+09:00,403513.08711027715,418493.8125,402546.58869803697,418493.8125,743725,0.0,0.0
2023-10-31 00:00:00+09:00,418493.8094623329,418977.0586649453,392398.35252126365,397714.09375,1155827,0.0,0.0
2023-11-01 00:00:00+09:00,398680.57744565216,404479.5676630435,386116.09864130436,389015.59375,883988,0.0,0.0
2023-11-02 00:00:00+09:00,399647.08501461986,413178.0625,399163.8358187134,413178.0625,815086,0.0,0.0
2023-11-03 00:00:00+09:00,429125.3030821918,429125.3030821918,413661.32819634705,423326.3125,872168,0.0,0.0
2023-11-06 00:00:00+09:00,455220.7386853448,509344.6481681034,446522.2532327586,504512.15625,3341452,0.0,0.0
2023-11-07 00:00:00+09:00,492914.1765339075,493880.67491926806,436857.2701829925,448938.5,2357481,0.0,0.0
2023-11-08 00:00:00+09:00,441206.5,458120.2212486309,438307.00492880616,441206.5,938184,0.0,0.0
2023-11-09 00:00:00+09:00,444589.2508143322,450388.2410423453,429125.27687296417,445072.5,798154,0.0,0.0
2023-11-10 00:00:00+09:00,434924.2458100559,440239.98659217876,430091.7541899441,432508.0,483230,0.0,0.0
2023-11-13 00:00:00+09:00,439756.7450221239,447005.48257743364,434924.25331858406,436857.25,548925,0.0,0.0
2023-11-14 00:00:00+09:00,443622.73946182395,464885.7030090138,443139.4902902969,455703.96875,892775,0.0,0.0
2023-11-15 00:00:00+09:00,477450.2183544304,477450.2183544304,452804.50870253163,458120.25,787775,0.0,0.0
2023-11-16 00:00:00+09:00,454254.24518201285,459086.73715203424,449905.00240899355,451354.75,477203,0.0,0.0
2023-11-17 00:00:00+09:00,444106.0064724919,449421.7475728155,437823.76699029125,447972.0,499297,0.0,0.0
2023-11-20 00:00:00+09:00,447971.98281912075,461019.71047404665,444105.9894398835,456187.21875,462658,0.0,0.0
2023-11-21 00:00:00+09:00,458120.25,461019.74525316455,450871.5118670886,458120.25,418594,0.0,0.0
2023-11-22 00:00:00+09:00,452804.4745431674,459569.96295683266,451837.97619835805,456187.21875,314942,0.0,0.0
2023-11-23 00:00:00+09:00,454254.2269736842,459086.71875,451837.9810855263,459086.71875,295399,0.0,0.0
2023-11-24 00:00:00+09:00,460536.46213624335,465368.95386904763,455703.97040343913,456670.46875,371597,0.0,0.0
2023-11-27 00:00:00+09:00,457153.710403312,459086.70706463675,450388.22208867525,452321.21875,328044,0.0,0.0
2023-11-28 00:00:00+09:00,452321.23509414226,461986.21875,451837.98591134936,461986.21875,417140,0.0,0.0
2023-11-29 00:00:00+09:00,463919.1925465838,469234.93329451344,458120.20263975154,466818.6875,537203,0.0,0.0
2023-11-30 00:00:00+09:00,464885.69086438924,472134.4282479296,461502.9467520704,466818.6875,562014,0.0,0.0
2023-12-01 00:00:00+09:00,466818.73575949366,466818.73575949366,453771.00712025317,458120.25,524432,0.0,0.0
2023-12-04 00:00:00+09:00,458120.22039473685,462952.71217105264,448455.2368421052,459086.71875,881284,0.0,0.0
2023-12-05 00:00:00+09:00,453770.9853420195,460536.47394136805,444589.2508143322,445072.5,536732,0.0,0.0
2023-12-06 00:00:00+09:00,443622.73754152824,445555.7342192691,435890.75083056476,436374.0,628444,0.0,0.0
2023-12-07 00:00:00+09:00,438790.2699944072,443139.5127586689,423326.2957214765,432024.78125,758013,0.0,0.0
2023-12-08 00:00:00+09:00,437340.50023197243,457636.9654361081,436374.00188891834,455703.96875,692298,0.0,0.0
2023-12-11 00:00:00+09:00,458603.4879550321,461502.98313704494,451354.75,451354.75,488730,0.0,0.0
2023-12-12 00:00:00+09:00,448455.22542735044,453770.9662459936,446038.9796006945,452321.21875,383666,0.0,0.0
2023-12-13 00:00:00+09:00,445072.4558153974,445555.7049530905,435890.72219922737,437823.71875,556213,0.0,0.0
2023-12-14 00:00:00+09:00,447971.9959327549,452321.2386117137,441689.7565075922,445555.75,706380,0.0,0.0
2023-12-15 00:00:00+09:00,453770.98583984375,468751.7106119792,452804.48746744794,463919.21875,1037003,0.0,0.0
2023-12-18 00:00:00+09:00,476966.8993552094,481316.1415985699,469234.91314479057,473100.90625,857346,0.0,0.0
2023-12-19 00:00:00+09:00,475033.94487147173,482282.68258568546,465852.2104334677,479383.1875,556757,0.0,0.0
2023-12-20 00:00:00+09:00,482765.93176663306,484215.67930947576,478416.68913810485,479383.1875,417055,0.0,0.0
2023-12-21 00:00:00+09:00,472134.46553828364,482765.9478738438,465368.9767792908,470201.46875,736449,0.0,0.0
2023-12-22 00:00:00+09:00,474067.4524908949,476000.4492390739,463919.21956295526,464402.46875,459588,0.0,0.0
2023-12-26 00:00:00+09:00,458603.4984160507,465368.9873284055,455704.0031678986,457637.0,744558,0.0,0.0
2023-12-27 00:00:00+09:00,461502.9925444162,490981.1941624365,461502.9925444162,476000.46875,1346438,0.0,0.0
2023-12-28 00:00:00+09:00,478899.9440065065,485182.18343343347,476483.6980730731,482765.9375,560329,0.0,0.0
2024-01-02 00:00:00+09:00,478416.70754354505,479383.20594262297,471651.21875,471651.21875,535256,0.0,0.0
2024-01-03 00:00:00+09:00,466818.7013888889,470684.6947751323,456670.46875,456670.46875,561452,0.0,0.0
2024-01-04 00:00:00+09:00,449421.7262380192,460053.20793397236,447005.48039802985,453770.96875,484710,0.0,0.0
2024-01-05 00:00:00+09:00,455220.7333984375,470201.45817057294,450388.2415364584,463919.21875,570408,0.0,0.0
2024-01-08 00:00:00+09:00,464402.4504459532,464885.69961395103,453770.96875,453770.96875,393617,0.0,0.0
2024-01-09 00:00:00+09:00,455220.7328990228,458603.47719869704,445072.5,445072.5,481273,0.0,0.0
2024-01-10 00:00:00+09:00,441206.52167730295,443139.518486404,434924.28204772476,435407.53125,507557,0.0,0.0
2024-01-11 00:00:00+09:00,436374.0,443622.73754152824,435890.75083056476,436374.0,466466,0.0,0.0
2024-01-12 00:00:00+09:00,433474.5,438306.991638796,426709.01170568564,433474.5,472056,0.0,0.0
2024-01-15 00:00:00+09:00,427675.56172228506,431541.5555005656,425259.3156108597,427192.3125,112482,0.0,0.0
2024-01-16 00:00:00+09:00,423326.28042857145,429125.2705714286,419460.287,422843.03125,424725,0.0,0.0
2024-01-17 00:00:00+09:00,419460.28788782813,423809.53050417657,403996.31414081145,404962.8125,783683,0.0,0.0
2024-01-18 00:00:00+09:00,403029.8206457346,417527.2962085308,401096.82390402845,407862.3125,667276,0.0,0.0
2024-01-19 00:00:00+09:00,409795.29674306395,414627.7884499397,394331.32328106154,400613.5625,713744,0.0,0.0
2024-01-22 00:00:00+09:00,398197.32151819323,402063.3149309912,385149.59375,385149.59375,997443,0.0,0.0
2024-01-23 00:00:00+09:00,384666.35189205955,395781.0831653226,382733.3551488834,389498.84375,713222,0.0,0.0
2024-01-24 00:00:00+09:00,388049.12265624997,394331.3625,384666.378125,386599.375,535634,0.0,0.0
2024-01-25 00:00:00+09:00,381766.8828125,389982.11953125,374034.8953125,386599.375,740145,0.0,0.0
2024-01-26 00:00:00+09:00,378384.12715909095,403996.335,378384.12715909095,398680.59375,682506,0.0,0.0
2024-01-29 00:00:00+09:00,403513.0714391253,415111.0519355792,393364.83850472816,408828.8125,811428,0.0,0.0
2024-01-30 00:00:00+09:00,415594.2787339557,434440.9960253792,413661.2820886815,414144.53125,1035095,0.0,0.0
2024-01-31 00:00:00+09:00,411728.28125,422359.7626907277,410278.53378080984,411728.28125,448818,0.0,0.0
2024-02-01 00:00:00+09:00,408345.58531178493,425259.3077803204,403029.8439645309,422359.8125,685759,0.0,0.0
2024-02-02 00:00:00+09:00,431541.53525194875,435407.5288488307,422359.8004593541,433957.78125,631354,0.0,0.0
2024-02-05 00:00:00+09:00,434924.2441209407,436373.9916013438,422843.0151175812,431541.5,557374,0.0,0.0
2024-02-06 00:00:00+09:00,427675.553847254,428642.0522740275,417044.07115274604,422359.8125,529324,0.0,0.0
2024-02-07 00:00:00+09:00,429125.3209121246,443622.79796996666,429125.3209121246,434441.0625,753430,0.0,0.0
2024-02-08 00:00:00+09:00,443622.7084023179,446522.20322847686,436857.2204746137,437823.71875,755443,0.0,0.0
2024-02-13 00:00:00+09:00,434924.2936643836,436374.0413099315,420426.81720890413,423326.3125,1113501,0.0,0.0
2024-02-14 00:00:00+09:00,414627.8188510393,422359.8061489607,410761.8252020785,418493.8125,605227,0.0,0.0
2024-02-15 00:00:00+09:00,423809.53206862183,429125.2730637813,420426.78779897495,424292.78125,516334,0.0,0.0
2024-02-16 00:00:00+09:00,434924.30005656113,436857.29694570135,426225.8140554299,427192.3125,459341,0.0,0.0
2024-02-19 00:00:00+09:00,422843.04256889765,435407.52154808777,421393.2949943757,429608.53125,517344,0.0,0.0
2024-02-20 00:00:00+09:00,428158.77634943184,428158.77634943184,418977.04186789773,425259.28125,445525,0.0,0.0
2024-02-21 00:00:00+09:00,421393.3156392694,427675.55543664383,419460.31877853884,423326.3125,348308,0.0,0.0
2024-02-22 00:00:00+09:00,426709.02301689575,427675.5213702749,420910.03289662086,421876.53125,321302,0.0,0.0
2024-02-23 00:00:00+09:00,422359.81013203214,425742.55460677383,419460.31486796786,420910.0625,368549,0.0,0.0
2024-02-26 00:00:00+09:00,420910.02626445086,428158.7638005781,417527.2820809249,418010.53125,401741,0.0,0.0
2024-02-27 00:00:00+09:00,420426.7677839578,423809.51189256436,411245.0337748829,412694.78125,426286,0.0,0.0
2024-02-28 00:00:00+09:00,418041.85357142857,429222.0426785714,418041.85357142857,425333.28125,510943,2500.0,0.0
2024-02-29 00:00:00+09:00,423388.88629779837,424847.17178447277,419500.125,419500.125,427024,0.0,0.0
2024-03-04 00:00:00+09:00,421930.589110262,447207.53684497817,421930.589110262,445263.15625,1057367,0.0,0.0
2024-03-05 00:00:00+09:00,440402.2359479866,457901.66254194634,434569.09375,434569.09375,923980,0.0,0.0
2024-03-06 00:00:00+09:00,431652.5127986348,436513.4645193402,426305.46590585896,427277.65625,475291,0.0,0.0
2024-03-07 00:00:00+09:00,431166.4389461061,436513.4861032731,426791.58218115126,430680.34375,402186,0.0,0.0
2024-03-08 00:00:00+09:00,434569.1009561305,443804.9095894263,431652.5298087739,432138.625,489844,0.0,0.0
2024-03-11 00:00:00+09:00,432138.64698941645,433110.83742133866,423875.0283180778,424847.21875,392589,0.0,0.0
2024-03-12 00:00:00+09:00,429222.0382986111,438943.94177083333,426791.5624305555,437485.65625,471093,0.0,0.0
2024-03-13 00:00:00+09:00,436513.471609933,439916.13786969864,431652.51981026784,435541.28125,393813,0.0,0.0
2024-03-14 00:00:00+09:00,435541.29864253395,436027.3938419118,429708.15625,429708.15625,463835,0.0,0.0
2024-03-15 00:00:00+09:00,427277.63760775863,429222.0182112069,422902.78125,422902.78125,566617,0.0,0.0
2024-03-18 00:00:00+09:00,424361.0852175768,427277.65625,419986.228668942,427277.65625,423126,0.0,0.0
2024-03-19 00:00:00+09:00,428249.83792004635,429222.0282444959,411236.5072421784,419500.125,733681,0.0,0.0
2024-03-20 00:00:00+09:00,419014.04410902696,420958.42482415005,413180.9019636577,414639.1875,496417,0.0,0.0
2024-03-21 00:00:00+09:00,418527.94461886684,422902.8011828271,416097.46875,416097.46875,505623,0.0,0.0
2024-03-22 00:00:00+09:00,415611.3409787048,423874.9582847141,415611.3409787048,416583.53125,441565,0.0,0.0
2024-03-25 00:00:00+09:00,418041.83810763893,422902.7897135417,417555.7429470486,419986.21875,354232,0.0,0.0
2024-03-26 00:00:00+09:00,421444.51278409094,423388.8934659091,416097.46590909094,417069.65625,384054,0.0,0.0
2024-03-27 00:00:00+09:00,417069.6590975467,419986.2301401869,413666.99288113316,416097.46875,338183,0.0,0.0
2024-03-28 00:00:00+09:00,420009.1084471496,420498.0596793349,411696.9375,411696.9375,509919,2500.0,0.0
2024-03-29 00:00:00+09:00,410719.0077014218,416586.4220971564,408274.25170319906,412674.8125,368605,0.0,0.0
2024-04-01 00:00:00+09:00,412674.82849880384,415119.5845918062,407296.36509419855,408763.21875,403197,0.0,0.0
2024-04-02 00:00:00+09:00,404851.592032967,407785.2992216117,400451.03125,400451.03125,521651,0.0,0.0
2024-04-03 00:00:00+09:00,391160.94730238395,395561.50795953575,389694.09375,389694.09375,719857,0.0,0.0
2024-04-04 00:00:00+09:00,392138.8925124533,396050.5024128269,384315.67271170614,392627.84375,637428,0.0,0.0
2024-04-05 00:00:00+09:00,387249.3536121673,391160.96324461343,384315.6463878327,385782.5,424303,0.0,0.0
2024-04-08 00:00:00+09:00,381870.8765896402,395561.5098092432,372091.8528613524,394094.65625,940103,0.0,0.0
2024-04-09 00:00:00+09:00,397517.33224907063,401917.8931226766,392138.86895910784,394583.625,372690,0.0,0.0
2024-04-11 00:00:00+09:00,386760.4078515625,397028.38328125,384804.6030078125,391160.96875,473313,0.0,0.0
2024-04-12 00:00:00+09:00,395561.51004746836,396050.46123417723,385782.4863132912,386271.4375,322166,0.0,0.0
2024-04-15 00:00:00+09:00,378448.216709347,383337.728553137,377470.314340589,381870.875,392019,0.0,0.0
2024-04-16 00:00:00+09:00,377470.30666885676,380404.0137155059,372091.84375,372091.84375,483959,0.0,0.0
2024-04-17 00:00:00+09:00,372091.8538157008,375514.5121293801,362801.78125,362801.78125,532497,0.0,0.0
2024-04-18 00:00:00+09:00,364757.5966346154,386271.4495192308,364757.5966346154,381381.9375,702664,0.0,0.0
2024-04-19 00:00:00+09:00,377959.28125,380892.9884783312,368669.2083602846,377959.28125,489889,0.0,0.0
2024-04-22 00:00:00+09:00,388716.1934335443,389694.09580696205,381870.87681962026,386271.4375,333838,0.0,0.0
2024-04-23 00:00:00+09:00,386271.4395753512,388716.19552203064,380892.97649265645,382848.78125,252536,0.0,0.0
2024-04-24 00:00:00+09:00,390672.0020912247,394583.61162405304,386760.39255839644,387249.34375,362468,0.0,0.0
2024-04-25 00:00:00+09:00,383826.6875,389694.1018312102,382359.8339171975,383826.6875,298528,0.0,0.0
2024-04-26 00:00:00+09:00,386271.4512040558,386760.40240811155,380892.98795944237,385782.5,255838,0.0,0.0
2024-04-29 00:00:00+09:00,384804.59870239557,399962.0860718673,383337.74508599506,398006.28125,450439,0.0,0.0
2024-04-30 00:00:00+09:00,402895.78549382713,402895.78549382713,395072.56635802466,396050.46875,328307,0.0,0.0
2024-05-02 00:00:00+09:00,395072.5745614035,398495.23300438595,390183.0625,390183.0625,245698,0.0,0.0
2024-05-03 00:00:00+09:00,393116.7713754647,398495.23466542753,390183.06412639405,394583.625,277160,0.0,0.0
2024-05-07 00:00:00+09:00,400939.9707872079,402406.82433886844,395072.5565805658,397517.3125,243946,0.0,0.0
2024-05-08 00:00:00+09:00,396050.4786245353,397517.33224907063,392138.86895910784,394583.625,205380,0.0,0.0
2024-05-09 00:00:00+09:00,394583.61946451006,395072.5706658291,389205.15625,389205.15625,303018,0.0,0.0
2024-05-10 00:00:00+09:00,393116.77743142145,395072.58229426434,390183.0701371571,392138.875,193446,0.0,0.0
2024-05-13 00:00:00+09:00,393116.7697368421,393605.7209429825,387738.30646929826,390183.0625,209352,0.0,0.0
2024-05-14 00:00:00+09:00,390672.0387998132,394094.6974626401,390183.0875622665,392627.84375,211204,0.0,0.0
2024-05-16 00:00:00+09:00,397028.37717391306,398495.2307841615,392627.8163431677,393605.71875,237901,0.0,0.0
2024-05-17 00:00:00+09:00,391649.91225659545,393605.71706187184,389205.15625,389205.15625,220887,0.0,0.0
2024-05-20 00:00:00+09:00,390183.0701371571,396050.4847256858,389694.1189214464,392138.875,253949,0.0,0.0
2024-05-21 00:00:00+09:00,390183.0886277001,390672.03986658197,383337.7712833545,384804.625,340790,0.0,0.0
2024-05-22 00:00:00+09:00,385293.53329065297,387249.338028169,381870.875,381870.875,227064,0.0,0.0
2024-05-23 00:00:00+09:00,381381.9435483871,383337.74838709674,376492.4314516129,378937.1875,292191,0.0,0.0
2024-05-24 00:00:00+09:00,373558.73247051117,375514.5373525557,371602.9275884666,373069.78125,357992,0.0,0.0
2024-05-27 00:00:00+09:00,372091.87431628053,381870.8986084299,367202.3621702059,379915.09375,520982,0.0,0.0
2024-05-28 00:00:00+09:00,380404.0394908616,381870.893113577,374047.67379242816,374536.625,253275,0.0,0.0
2024-05-29 00:00:00+09:00,370625.01203208556,372580.8168449198,364757.59759358293,365735.5,450870,0.0,0.0
2024-05-30 00:00:00+09:00,362312.8712364682,367691.3349120433,358890.2125338295,361334.96875,432926,0.0,0.0
2024-05-31 00:00:00+09:00,362312.85365853657,371113.9756097561,360357.0487804878,360846.0,523294,0.0,0.0
2024-06-03 00:00:00+09:00,361823.89037433156,375514.5240641711,360357.0367647059,365735.5,377722,0.0,0.0
2024-06-04 00:00:00+09:00,361823.89416666667,369647.1135,361334.94295833335,366713.40625,243871,0.0,0.0
2024-06-05 00:00:00+09:00,368180.28260334645,376981.40489665355,365735.5264107611,372580.84375,420191,0.0,0.0
2024-06-07 00:00:00+09:00,378448.2324547219,378937.18365944375,373069.7692027814,377959.28125,380682,0.0,0.0
2024-06-10 00:00:00+09:00,374536.6333720159,375025.5845905173,368669.21875,368669.21875,350671,0.0,0.0
2024-06-11 00:00:00+09:00,368180.2479029605,376492.41817434214,368180.2479029605,371602.90625,344972,0.0,0.0
2024-06-12 00:00:00+09:00,370625.0236240053,372091.8772795093,367202.36509449605,368669.21875,249898,0.0,0.0
2024-06-13 00:00:00+09:00,372580.82075,374047.674375,366713.40625,366713.40625,470089,0.0,0.0
2024-06-14 00:00:00+09:00,367202.3455180921,373069.75982730265,362312.83359375,371602.90625,515401,0.0,0.0
2024-06-17 00:00:00+09:00,367691.2931266847,368180.2443143531,362312.8300623316,362801.78125,389824,0.0,0.0
2024-06-18 00:00:00+09:00,365246.525390625,367202.330078125,359868.0625,359868.0625,314133,0.0,0.0
2024-06-19 00:00:00+09:00,359379.1305713807,366224.4473441689,357423.3257791555,364757.59375,462848,0.0,0.0
2024-06-20 00:00:00+09:00,363779.6836253369,365246.5371883423,361823.8788746631,362801.78125,216115,0.0,0.0
2024-06-21 00:00:00+09:00,361334.9258611869,364757.5841575716,358401.21875,358401.21875,326765,0.0,0.0
2024-06-24 00:00:00+09:00,358401.2324538934,362312.842085041,356934.3788422131,357912.28125,304587,0.0,0.0
2024-06-25 00:00:00+09:00,359379.1211203956,360845.97467598907,355956.4628240109,358401.21875,272745,0.0,0.0
2024-06-26 00:00:00+09:00,357423.3537087912,357912.30494505493,353022.7925824176,355956.5,349689,0.0,0.0
2024-06-27 00:00:00+09:00,357925.81723748264,359895.14773122396,353002.49100312934,353987.15625,340304,2500.0,0.0
2024-06-28 00:00:00+09:00,353002.4753357438,359402.79915633606,349556.14712465566,357433.46875,271140,0.0,0.0
2024-07-01 00:00:00+09:00,355956.4816548583,365310.8013663968,354479.483805668,364818.46875,291832,0.0,0.0
2024-07-02 00:00:00+09:00,364326.11833105335,366787.7812927497,358910.4598153215,359895.125,245634,0.0,0.0
2024-07-03 00:00:00+09:00,363833.80351720646,371711.12537955464,363341.4709008097,364818.46875,334736,0.0,0.0
2024-07-04 00:00:00+09:00,367772.470875,369741.80137500004,363833.80987500004,369249.46875,249770,0.0,0.0
2024-07-05 00:00:00+09:00,369249.45084549073,373188.11165450927,366295.4552387268,371218.78125,298202,0.0,0.0
2024-07-08 00:00:00+09:00,370234.1271523179,375649.7859271523,368264.7966887417,371711.125,313678,0.0,0.0
2024-07-09 00:00:00+09:00,372695.78367962467,373680.4488941019,366787.7923927614,367280.125,259202,0.0,0.0
2024-07-10 00:00:00+09:00,364818.45539348706,367280.11838534597,362849.125,362849.125,248513,0.0,0.0
2024-07-11 00:00:00+09:00,365310.7706736909,385496.40625,363833.7729485951,385496.40625,972715,0.0,0.0
2024-07-12 00:00:00+09:00,382542.421875,390419.7433035714,377126.76339285716,385988.75,795560,0.0,0.0
2024-07-15 00:00:00+09:00,390419.73413212434,390912.06670984457,380080.75,380080.75,502159,0.0,0.0
2024-07-16 00:00:00+09:00,378111.44235924934,381065.43800268095,366295.4597855228,367280.125,532450,0.0,0.0
2024-07-17 00:00:00+09:00,370234.10943912447,370726.4420314638,359895.125,359895.125,395513,0.0,0.0
2024-07-18 00:00:00+09:00,358418.11834924965,364326.10931105044,356448.7880286494,360879.78125,310335,0.0,0.0
2024-07-19 00:00:00+09:00,359402.8099696356,365310.8013663968,358418.1447368421,364818.46875,273334,0.0,0.0
2024-07-22 00:00:00+09:00,364818.434953384,365310.7675241713,354971.78353763814,356448.78125,306869,0.0,0.0
2024-07-23 00:00:00+09:00,357433.44612676057,359402.7764084507,349556.125,349556.125,368787,0.0,0.0
2024-07-24 00:00:00+09:00,346602.15873015876,352510.1500721501,339709.50216450216,341186.5,447310,0.0,0.0
2024-07-25 00:00:00+09:00,335770.8237517581,355464.127197609,332816.82823488046,350048.46875,580473,0.0,0.0
2024-07-26 00:00:00+09:00,353494.8193373072,355464.14980715286,346109.8300753857,351033.15625,346106,0.0,0.0
2024-07-29 00:00:00+09:00,352510.1427341598,360879.79696108814,347586.81671831955,357433.46875,355548,0.0,0.0
2024-07-30 00:00:00+09:00,353987.15625,360879.81297809456,353002.49100312934,353987.15625,280871,0.0,0.0
2024-07-31 00:00:00+09:00,353987.1659406117,355956.4964882646,344632.8458392603,346109.84375,364540,0.0,0.0
2024-08-01 00:00:00+09:00,348571.50155172416,357925.8215086207,345617.5057758621,356941.15625,277595,0.0,0.0
2024-08-02 00:00:00+09:00,350048.49101507716,354479.48457223,347586.82792777,351033.15625,285311,0.0,0.0
2024-08-05 00:00:00+09:00,345617.500099364,345617.500099364,304261.55991653417,309677.21875,856397,0.0,0.0
2024-08-06 00:00:00+09:00,314600.5267114221,333309.1652326021,314600.5267114221,325431.84375,633721,0.0,0.0
2024-08-07 00:00:00+09:00,320508.5423696319,327893.5318251534,320508.5423696319,321000.875,318489,0.0,0.0
2024-08-08 00:00:00+09:00,316077.5178291536,321493.17623432603,312138.85717084643,314108.1875,405637,0.0,0.0
2024-08-09 00:00:00+09:00,319523.8348694316,324939.4930875576,317062.17204301077,320508.5,265462,0.0,0.0
2024-08-12 00:00:00+09:00,321000.87709923665,325431.87080152676,320508.5444656489,322477.875,180349,0.0,0.0
2024-08-13 00:00:00+09:00,320508.5089079353,322477.8392238059,316077.5156972265,319523.84375,207587,0.0,0.0
2024-08-14 00:00:00+09:00,323462.5265977444,327893.52011278196,322477.86137218046,327401.1875,253089,0.0,0.0
2024-08-16 00:00:00+09:00,332324.50004727684,333801.49782526476,325431.84375,325431.84375,223789,0.0,0.0
2024-08-19 00:00:00+09:00,324939.5203488372,326908.85077519383,316077.53343023255,317554.53125,249408,0.0,0.0
2024-08-20 00:00:00+09:00,319031.540247678,322970.20123839006,316077.54450464394,318046.875,200348,0.0,0.0
2024-08-21 00:00:00+09:00,316569.8570820726,328385.83930597577,316569.8570820726,325431.84375,341539,0.0,0.0
2024-08-22 00:00:00+09:00,327893.5001801153,342663.4776657061,325924.1698487032,341678.8125,423359,0.0,0.0
2024-08-23 00:00:00+09:00,337740.18327205884,343155.8421875,334786.1875,334786.1875,252284,0.0,0.0
2024-08-26 00:00:00+09:00,337247.8369565217,343155.82826086954,335770.8391304348,339709.5,206172,0.0,0.0
2024-08-27 00:00:00+09:00,338724.825867052,346109.81480310694,336263.1628883671,340694.15625,175331,0.0,0.0
2024-08-28 00:00:00+09:00,339217.1654439079,340694.1632615156,329862.8459323923,331339.84375,259096,0.0,0.0
2024-08-29 00:00:00+09:00,330847.48905109486,339709.4753649635,329370.49133211677,337247.8125,258268,0.0,0.0
2024-08-30 00:00:00+09:00,338724.84852941177,339217.18115808826,332324.52435661765,334786.1875,280447,0.0,0.0
2024-09-02 00:00:00+09:00,336755.4953125,358910.46210937505,336755.4953125,354479.46875,626896,0.0,0.0
2024-09-03 00:00:00+09:00,357433.47336350975,358910.4711873259,351525.4820682451,353494.8125,214416,0.0,0.0
2024-09-04 00:00:00+09:00,344632.8192446043,347094.4822392086,338724.82805755397,342171.15625,339000,0.0,0.0
2024-09-05 00:00:00+09:00,343648.1359489051,346109.7988138686,333309.1519160584,337247.8125,289079,0.0,0.0
2024-09-06 00:00:00+09:00,337247.8143939394,341186.47500000003,322477.83712121216,324939.5,343578,0.0,0.0
2024-09-09 00:00:00+09:00,318046.8548600605,329370.504491301,316569.8570820726,325431.84375,245663,0.0,0.0
2024-09-10 00:00:00+09:00,325924.1875,330847.51359516615,322970.1918429003,325924.1875,215856,0.0,0.0
2024-09-11 00:00:00+09:00,325924.18274853803,336755.5,325924.18274853803,336755.5,271255,0.0,0.0
2024-09-12 00:00:00+09:00,342171.1517172245,357433.46208158997,335770.82801603904,353002.46875,877850,0.0,0.0
2024-09-13 00:00:00+09:00,354479.472972973,364326.125,353002.47516891896,364326.125,534350,0.0,0.0
2024-09-19 00:00:00+09:00,365310.78786617843,370726.4464464048,357433.4662949401,369741.78125,422621,0.0,0.0
2024-09-20 00:00:00+09:00,372203.4645,374172.79500000004,368264.80350000004,369249.46875,409256,0.0,0.0
2024-09-23 00:00:00+09:00,370726.4419466403,377619.0982378129,367772.44639328064,373680.4375,249000,0.0,0.0
2024-09-24 00:00:00+09:00,376634.44187743193,385004.09614137484,375649.7766699092,379588.4375,533245,0.0,0.0
2024-09-25 00:00:00+09:00,372203.4645,375157.46025,366787.80562500004,369249.46875,551436,0.0,0.0
2024-09-26 00:00:00+09:00,371711.12251142296,377126.78125,368757.1268358355,377126.78125,280271,0.0,0.0
2024-09-27 00:00:00+09:00,384064.72853331175,386542.5654915912,376135.6502668176,383073.59375,414432,2500.0,0.0
2024-09-30 00:00:00+09:00,387533.68344155845,391993.7897727273,381091.30762987013,381586.875,391117,0.0,0.0
2024-10-02 00:00:00+09:00,374648.9305925433,378117.9021721039,371675.52638149133,372171.09375,396359,0.0,0.0
2024-10-04 00:00:00+09:00,371179.9598153794,374648.931402439,365728.71875,365728.71875,233414,0.0,0.0
2024-10-07 00:00:00+09:00,372666.6583113457,377126.7645943272,367710.9846635884,375640.0625,336249,0.0,0.0
2024-10-08 00:00:00+09:00,371675.52152593085,374648.9256981383,367710.98262965423,372666.65625,267936,0.0,0.0
2024-10-10 00:00:00+09:00,375640.0731830417,375640.0731830417,366719.86036339164,368206.5625,330815,0.0,0.0
2024-10-11 00:00:00+09:00,368206.5753150545,371675.5470878747,363250.90135388286,363746.46875,248704,0.0,0.0
2024-10-14 00:00:00+09:00,361268.6317694142,363250.90135388286,355321.8230160082,363746.46875,241979,0.0,0.0
2024-10-15 00:00:00+09:00,361268.6170212766,362755.3191489362,347392.7304964539,349375.0,417727,0.0,0.0
2024-10-16 00:00:00+09:00,349375.0177607914,349870.5851618705,342932.6415467626,344419.34375,285606,0.0,0.0
2024-10-17 00:00:00+09:00,344419.3300638686,347888.30173357663,338968.0888686131,339463.65625,210386,0.0,0.0
2024-10-18 00:00:00+09:00,339463.6630434783,343428.2021739131,336985.82608695654,341941.5,173610,0.0,0.0
2024-10-21 00:00:00+09:00,342437.05071870453,347392.72439046577,339959.2138828239,340454.78125,167817,0.0,0.0
2024-10-22 00:00:00+09:00,337481.4007352941,338968.10294117645,327074.48529411765,328561.1875,317888,0.0,0.0
2024-10-23 00:00:00+09:00,328065.6112024854,342437.06546966376,327570.043813962,338968.09375,252149,0.0,0.0
2024-10-24 00:00:00+09:00,341445.92378497793,343923.76067746687,334012.41310751106,336490.25,162175,0.0,0.0
2024-10-25 00:00:00+09:00,337976.9600409836,342437.0665517884,329552.3144094635,332525.71875,182841,0.0,0.0
2024-10-28 00:00:00+09:00,332525.7073050787,347392.7284960658,332525.7073050787,346401.59375,308847,0.0,0.0
2024-10-29 00:00:00+09:00,343428.1875,344914.8896103896,335499.1095779221,343428.1875,285997,0.0,0.0
2024-10-30 00:00:00+09:00,339959.2167279412,343923.7556985294,335994.67775735294,336985.8125,229872,0.0,0.0
2024-10-31 00:00:00+09:00,333516.85353017884,335994.69048062596,328561.17962928466,332525.71875,288308,0.0,0.0
2024-11-01 00:00:00+09:00,330543.4346717359,339463.6473015578,327570.0304617952,334012.40625,160079,0.0,0.0
2024-11-04 00:00:00+09:00,335499.12391304347,345410.47173913044,332525.7195652174,341941.5,229044,0.0,0.0
2024-11-05 00:00:00+09:00,338968.08689248894,338968.08689248894,333021.27835051547,336490.25,171552,0.0,0.0
2024-11-06 00:00:00+09:00,337976.9623062016,339463.6644864341,318649.8339631783,319640.96875,436092,0.0,0.0
2024-11-07 00:00:00+09:00,319145.40135658917,329552.31661821704,313694.16002906975,319640.96875,350208,0.0,0.0
2024-11-08 00:00:00+09:00,323109.93359375,329056.7421875,316171.990234375,317163.125,462499,0.0,0.0
2024-11-11 00:00:00+09:00,311216.30557784915,314685.2771368379,305269.49719101127,308738.46875,424816,0.0,0.0
2024-11-12 00:00:00+09:00,307251.7674180328,312207.44108606555,300313.82428278687,302296.09375,411877,0.0,0.0
2024-11-13 00:00:00+09:00,299322.6890138408,303287.22794117645,285446.80276816606,286437.9375,625102,0.0,0.0
2024-11-14 00:00:00+09:00,286437.9509072581,307251.78125,276526.60312499997,307251.78125,936177,0.0,0.0
2024-11-15 00:00:00+09:00,284951.25422297296,286437.9564189189,271570.93445945944,275039.90625,915970,0.0,0.0
2024-11-18 00:00:00+09:00,275039.908674569,287924.66115301725,275039.908674569,287429.09375,428962,0.0,0.0
2024-11-19 00:00:00+09:00,284455.67966065294,289906.92090850516,283960.11227448453,288420.21875,227552,0.0,0.0
2024-11-20 00:00:00+09:00,286437.9415254237,296349.28898305085,284951.23940677964,292384.75,266630,0.0,0.0
2024-11-21 00:00:00+09:00,292384.755859375,307251.77734375,291393.62109375,301304.96875,374902,0.0,0.0
2024-11-22 00:00:00+09:00,303782.81059514004,307747.34972199344,299322.70407743,300809.40625,223888,0.0,0.0
2024-11-25 00:00:00+09:00,303287.2313432836,306756.20294361527,298827.125,298827.125,535573,0.0,0.0
2024-11-26 00:00:00+09:00,297340.44421487604,302791.68569214875,297340.44421487604,299818.28125,249680,0.0,0.0
2024-11-27 00:00:00+09:00,298331.56544117647,301800.53713235294,293375.89159663866,294862.59375,215642,0.0,0.0
2024-11-28 00:00:00+09:00,296844.8514170897,297340.41878172586,291889.1777707276,292880.3125,241035,0.0,0.0
2024-11-29 00:00:00+09:00,292384.74668141594,292384.74668141594,279499.9951327434,279995.5625,438275,0.0,0.0
2024-12-02 00:00:00+09:00,284455.6887254902,286437.9583333333,276526.61029411765,278013.3125,303499,0.0,0.0
2024-12-03 00:00:00+09:00,280491.13566243195,281482.2704174229,272562.05762250454,273057.625,548888,0.0,0.0
2024-12-04 00:00:00+09:00,267606.37706043955,271570.9159798535,264632.9728708791,270579.78125,544889,0.0,0.0
2024-12-05 00:00:00+09:00,271075.3493785178,272066.48411116324,262650.7041510319,264137.40625,402025,0.0,0.0
2024-12-06 00:00:00+09:00,264137.4160193032,268101.955096516,254721.6357109228,263146.28125,467577,0.0,0.0
2024-12-09 00:00:00+09:00,256208.32994329388,258686.16678994082,249765.95414201182,251252.65625,567811,0.0,0.0
2024-12-10 00:00:00+09:00,253730.50922509225,268597.53125,253730.50922509225,268597.53125,570207,0.0,0.0
2024-12-11 00:00:00+09:00,268597.51662844035,271075.3534977064,266119.67975917435,270084.21875,315948,0.0,0.0
2024-12-12 00:00:00+09:00,271570.9326047359,276031.0391621129,266119.6912568306,272066.5,679478,0.0,0.0
2024-12-13 00:00:00+09:00,272066.5030558118,273553.20525830257,267606.39644833945,268597.53125,483308,0.0,0.0
2024-12-16 00:00:00+09:00,271570.94061922363,274544.3450785582,267606.4013401109,268101.96875,421901,0.0,0.0
2024-12-17 00:00:00+09:00,268597.521484375,269093.0888671875,259677.30859375,261659.578125,569889,0.0,0.0
2024-12-18 00:00:00+09:00,261659.5810055866,267606.3896648045,261659.5810055866,266119.6875,243305,0.0,0.0
2024-12-19 00:00:00+09:00,259181.73538498097,264137.409101711,257695.03326996198,260668.4375,278879,0.0,0.0
2024-12-20 00:00:00+09:00,260172.87301300577,263146.27727601153,256208.33399566473,257199.46875,384248,0.0,0.0
2024-12-23 00:00:00+09:00,257695.0429389313,261659.5820610687,256208.34076812977,259677.3125,289621,0.0,0.0
2024-12-24 00:00:00+09:00,262155.14352849615,266119.6825610632,258686.171875,258686.171875,219033,0.0,0.0
2024-12-26 00:00:00+09:00,260172.8759765625,260172.8759765625,253234.9326171875,253730.5,301681,0.0,0.0
2024-12-27 00:00:00+09:00,251252.65625,257199.46468195267,247783.68466469427,251252.65625,353337,0.0,0.0
2024-12-30 00:00:00+09:00,249270.38677268245,256703.89731262327,249270.38677268245,251252.65625,251843,0.0,0.0
2025-01-02 00:00:00+09:00,252243.79387499997,252739.36125,246296.985375,247783.6875,272261,0.0,0.0
2025-01-03 00:00:00+09:00,246792.55851833976,259677.31056949808,246792.55851833976,256703.90625,350244,0.0,0.0
2025-01-06 00:00:00+09:00,257695.0429389313,261164.01467080152,255712.77337786258,259677.3125,255736,0.0,0.0
2025-01-07 00:00:00+09:00,262155.14452380955,264632.98142857145,259677.3076190476,260172.875,279604,0.0,0.0
2025-01-08 00:00:00+09:00,257695.04388045543,263641.852585389,256208.34170422202,261164.015625,416860,0.0,0.0
2025-01-09 00:00:00+09:00,260668.44139128353,262155.14352849615,255712.7676005747,258686.171875,508533,0.0,0.0
2025-01-10 00:00:00+09:00,257199.4755486641,261164.01467080152,255217.2059875954,259677.3125,315902,0.0,0.0
2025-01-13 00:00:00+09:00,257199.47759606031,259181.74717290857,253730.50583657587,254721.640625,242769,0.0,0.0
2025-01-14 00:00:00+09:00,256208.33399566473,259677.30563583816,252739.36235549132,257199.46875,302202,0.0,0.0
2025-01-15 00:00:00+09:00,258686.1797786965,262650.718932393,254721.640625,254721.640625,231931,0.0,0.0
2025-01-16 00:00:00+09:00,259181.74510973282,262650.71684160305,258686.17771946563,259677.3125,217450,0.0,0.0
2025-01-17 00:00:00+09:00,259677.30072115385,260668.43545673077,256703.89651442308,257695.03125,154275,0.0,0.0
2025-01-20 00:00:00+09:00,260172.8854358856,270084.23345249076,259677.31803505536,268597.53125,440938,0.0,0.0
2025-01-21 00:00:00+09:00,267606.382630814,269588.65213178296,254721.6308745155,255712.765625,407749,0.0,0.0
2025-01-22 00:00:00+09:00,258190.6064453125,264137.4150390625,258190.6064453125,261659.578125,242748,0.0,0.0
2025-01-23 00:00:00+09:00,260172.87301300577,260668.4403901734,254721.63186416184,257199.46875,189906,0.0,0.0
2025-01-24 00:00:00+09:00,257199.4648960325,260668.43648422562,254721.62804732315,259181.734375,182584,0.0,0.0
2025-01-31 00:00:00+09:00,263641.8506477927,264137.4180362284,255712.7724328215,258190.609375,210802,0.0,0.0
2025-02-03 00:00:00+09:00,254226.06234280684,254226.06234280684,244810.2822560362,246296.984375,402340,0.0,0.0
2025-02-04 00:00:00+09:00,247783.69450317125,249765.96405919662,233907.80761099365,234403.375,839230,0.0,0.0
2025-02-05 00:00:00+09:00,235890.0703770661,241341.3114992252,235890.0703770661,239854.609375,370345,0.0,0.0
2025-02-06 00:00:00+09:00,240350.1875,240845.75489690722,236881.2157216495,240350.1875,243074,0.0,0.0
2025-02-07 00:00:00+09:00,238367.90523666318,242332.44420109832,236881.203125,236881.203125,219950,0.0,0.0
2025-02-10 00:00:00+09:00,231429.9658491561,235394.50487869198,225483.15730485233,234898.9375,455071,0.0,0.0
2025-02-11 00:00:00+09:00,232421.1044880319,236385.6435837766,230934.40232712767,232916.671875,310281,0.0,0.0
2025-02-12 00:00:00+09:00,230934.3994034707,231925.534164859,227465.42773861173,228456.5625,345800,0.0,0.0
2025-02-13 00:00:00+09:00,230438.83208671398,244314.71875,229943.26470588235,244314.71875,823835,0.0,0.0
2025-02-14 00:00:00+09:00,244314.7138790486,247288.1181047571,240350.17491143724,244810.28125,267360,0.0,0.0
2025-02-17 00:00:00+09:00,244810.28324999998,249765.957,243819.14849999998,247783.6875,268640,0.0,0.0
2025-02-18 00:00:00+09:00,248279.2538669517,248774.82123993966,244314.7148830483,246296.984375,179534,0.0,0.0
2025-02-19 00:00:00+09:00,246296.9958293037,259677.3155222437,246296.9958293037,256208.34375,530138,0.0,0.0
