Date,Open,High,Low,Close,Volume,Dividends,Stock Splits
2020-04-01 00:00:00+09:00,132974.15231854838,134646.7831653226,129210.73291330645,129628.890625,396564,0.0,0.0
2020-04-02 00:00:00+09:00,129628.84890825322,131719.6367938702,126701.74586838944,130465.1640625,478869,0.0,0.0
2020-04-03 00:00:00+09:00,129210.69640724521,131301.484375,128792.53881369426,131301.484375,395194,0.0,0.0
2020-04-06 00:00:00+09:00,130883.36189829193,135901.25436723602,130465.20419254659,134646.78125,362428,0.0,0.0
2020-04-07 00:00:00+09:00,137573.851876935,137992.00948142415,132555.960623065,135064.90625,643379,0.0,0.0
2020-04-08 00:00:00+09:00,135483.09666149068,137155.72748447204,134228.62354425466,134646.78125,440329,0.0,0.0
2020-04-09 00:00:00+09:00,136319.3555281155,138410.14318958967,135064.882931231,137573.828125,650779,0.0,0.0
2020-04-10 00:00:00+09:00,137992.01149929775,149700.42459620786,137573.85388869382,148864.109375,977632,0.0,0.0
2020-04-13 00:00:00+09:00,159736.19863604972,160154.35622410223,151373.046875,151373.046875,994277,0.0,0.0
2020-04-14 00:00:00+09:00,153045.65625,158481.70414959016,151791.18365778687,153045.65625,602681,0.0,0.0
2020-04-16 00:00:00+09:00,149282.28835227274,150118.60369318182,146355.1846590909,147191.5,653004,0.0,0.0
2020-04-17 00:00:00+09:00,148445.97301136362,150536.76136363635,147191.5,147191.5,550330,0.0,0.0
2020-04-20 00:00:00+09:00,147191.4700854701,148864.10042735044,145936.99732905984,146773.3125,390955,0.0,0.0
2020-04-21 00:00:00+09:00,145100.6784996345,146355.1512244152,140919.1027503655,143009.890625,560075,0.0,0.0
2020-04-22 00:00:00+09:00,140500.96323529413,142173.59375,137573.85983455883,142173.59375,464539,0.0,0.0
2020-04-23 00:00:00+09:00,143009.8737244898,145518.818877551,142173.55867346938,143428.03125,339869,0.0,0.0
2020-04-24 00:00:00+09:00,141755.41270773122,145936.98830382948,141337.2551481214,144682.515625,387885,0.0,0.0
2020-04-27 00:00:00+09:00,146355.17465876436,146355.17465876436,143009.9135237069,145518.859375,421809,0.0,0.0
2020-04-28 00:00:00+09:00,146773.32266725352,149700.42596830986,146773.32266725352,148445.953125,419709,0.0,0.0
2020-04-29 00:00:00+09:00,149282.28010670733,155554.6448170732,148864.1224593496,154300.171875,614504,0.0,0.0
2020-05-04 00:00:00+09:00,150118.59655112046,150954.91185224088,147609.6506477591,149282.28125,635253,0.0,0.0
2020-05-06 00:00:00+09:00,150954.9076388889,151791.22291666668,148864.11944444446,150536.75,369838,0.0,0.0
2020-05-07 00:00:00+09:00,149282.29400243732,151791.24012012535,148864.136316156,150118.609375,288705,0.0,0.0
2020-05-08 00:00:00+09:00,150536.75,152209.38055555557,150536.75,150536.75,265401,0.0,0.0
2020-05-11 00:00:00+09:00,150536.76136363635,151373.07670454544,146773.34232954544,147191.5,323982,0.0,0.0
2020-05-12 00:00:00+09:00,145518.85477941178,146773.32766544117,142173.59375,142173.59375,552954,0.0,0.0
2020-05-13 00:00:00+09:00,140500.94002890174,144682.515625,139246.46735007226,144682.515625,347924,0.0,0.0
2020-05-14 00:00:00+09:00,142173.59933035713,143009.9146205357,139664.65345982142,140500.96875,469714,0.0,0.0
2020-05-15 00:00:00+09:00,141755.44168526787,141755.44168526787,139246.49581473213,140500.96875,311479,0.0,0.0
2020-05-18 00:00:00+09:00,142173.59652366862,142591.75416050295,139664.6507026627,141337.28125,332808,0.0,0.0
2020-05-19 00:00:00+09:00,146773.32132198033,150536.73981741574,146355.1637113764,148864.109375,724613,0.0,0.0
2020-05-20 00:00:00+09:00,147609.64617657592,151373.06491762178,145937.015625,145937.015625,383809,0.0,0.0
2020-05-21 00:00:00+09:00,147191.4661016949,149282.25397245763,146355.15095338985,148027.78125,362478,0.0,0.0
2020-05-22 00:00:00+09:00,148864.12627180232,148864.12627180232,142173.60374273255,143846.234375,441297,0.0,0.0
2020-05-25 00:00:00+09:00,144264.39203306686,144682.54969113372,143009.91905886628,143846.234375,245045,0.0,0.0
2020-05-26 00:00:00+09:00,143428.0809659091,147609.65767045453,143009.92329545453,147191.5,460196,0.0,0.0
2020-05-27 00:00:00+09:00,148027.78227739726,153045.67320205478,147609.62470034245,152627.515625,803853,0.0,0.0
2020-05-28 00:00:00+09:00,155554.6448170732,157645.4330538618,152627.5412855691,154300.171875,898715,0.0,0.0
2020-05-29 00:00:00+09:00,153463.83481526244,154718.3075794199,149282.25893473756,151373.046875,842257,0.0,0.0
2020-06-01 00:00:00+09:00,151791.2004708904,153881.98835616437,151373.0428938356,152627.515625,308421,0.0,0.0
2020-06-02 00:00:00+09:00,156390.9476686508,159736.2085813492,155136.47482638888,158063.578125,552966,0.0,0.0
2020-06-03 00:00:00+09:00,160572.5185185185,173117.24652777778,160154.36091820986,169353.828125,1148869,0.0,0.0
2020-06-04 00:00:00+09:00,172699.10344827586,174789.89162561577,166426.73891625614,169772.0,666183,0.0,0.0
2020-06-05 00:00:00+09:00,166426.73028366585,168935.67596633418,165172.25744233167,167681.203125,404474,0.0,0.0
2020-06-08 00:00:00+09:00,171026.45852623455,171862.77372685185,166426.7249228395,169353.828125,390712,0.0,0.0
2020-06-09 00:00:00+09:00,168517.53975125944,168935.69741813603,161827.01708123425,166008.59375,662411,0.0,0.0
2020-06-10 00:00:00+09:00,163499.60286458334,165590.390625,162245.13020833334,165590.390625,357615,0.0,0.0
2020-06-11 00:00:00+09:00,163081.42562984498,164754.05563630493,158899.8506136951,161826.953125,637625,0.0,0.0
2020-06-12 00:00:00+09:00,155136.46606903485,157227.25402144773,153881.99329758712,155972.78125,473608,0.0,0.0
2020-06-15 00:00:00+09:00,152627.5200892857,154300.15044642857,146355.15625,146355.15625,467754,0.0,0.0
2020-06-16 00:00:00+09:00,148864.12933333332,156809.125,148864.12933333332,156809.125,409758,0.0,0.0
2020-06-17 00:00:00+09:00,156809.11075367648,158899.89889705883,153045.69209558825,156390.953125,360457,0.0,0.0
2020-06-18 00:00:00+09:00,154718.30847855227,157645.4116119303,153045.67811662197,155972.78125,205015,0.0,0.0
2020-06-19 00:00:00+09:00,156809.10125492126,159318.046875,154718.31323818897,159318.046875,363079,0.0,0.0
2020-06-22 00:00:00+09:00,156809.09778225806,157645.4129704301,155554.625,155554.625,212866,0.0,0.0
2020-06-23 00:00:00+09:00,155972.75896516393,156809.07402663934,151791.18365778687,153045.65625,277109,0.0,0.0
2020-06-24 00:00:00+09:00,153045.6666385135,157227.24222972972,153045.6666385135,154718.296875,284129,0.0,0.0
2020-06-25 00:00:00+09:00,152209.38055555557,153045.69583333333,149282.27708333335,150536.75,321621,0.0,0.0
2020-06-26 00:00:00+09:00,151791.18365778687,153463.8137807377,150536.71106557376,153045.65625,290441,0.0,0.0
2020-06-29 00:00:00+09:00,149271.922008547,150110.5283119658,147175.40625,147175.40625,371334,500.0,0.0
2020-06-30 00:00:00+09:00,149271.94127155174,150110.54768318965,145917.515625,145917.515625,415286,0.0,0.0
2020-07-01 00:00:00+09:00,148014.0525647759,153884.29827556023,147594.74929971987,149691.265625,473226,0.0,0.0
2020-07-02 00:00:00+09:00,150949.15918508286,152207.06884495856,149691.24952520718,151787.765625,252859,0.0,0.0
2020-07-03 00:00:00+09:00,151787.75929752065,153884.27530991734,150949.15289256198,152207.0625,189200,0.0,0.0
2020-07-06 00:00:00+09:00,154303.57513661202,154303.57513661202,150529.8463968579,153464.96875,190812,0.0,0.0
2020-07-07 00:00:00+09:00,155561.50637668918,158496.62913851353,154303.59662162163,155142.203125,358072,0.0,0.0
2020-07-08 00:00:00+09:00,155561.51414862205,160593.1534202756,154303.60433070865,159754.546875,537845,0.0,0.0
2020-07-09 00:00:00+09:00,161012.45092838196,161012.45092838196,156819.418352122,158077.328125,375630,0.0,0.0
2020-07-10 00:00:00+09:00,156400.08804086538,157238.6944110577,151368.44981971153,152626.359375,327123,0.0,0.0
2020-07-13 00:00:00+09:00,154303.6022727273,157658.0284090909,152626.38920454547,156819.421875,261632,0.0,0.0
2020-07-14 00:00:00+09:00,156400.13512025744,156400.13512025744,153465.0119410569,154722.921875,188702,0.0,0.0
2020-07-15 00:00:00+09:00,157658.00335120643,162270.33855563,155142.18414879355,156400.09375,471306,0.0,0.0
2020-07-16 00:00:00+09:00,156400.09375,157658.00335120643,154722.88094839142,156400.09375,267345,0.0,0.0
2020-07-17 00:00:00+09:00,158496.60975201073,160593.12575402143,155980.79054959785,156400.09375,222271,0.0,0.0
2020-07-20 00:00:00+09:00,155142.21791666668,158915.94754166668,154722.914625,157238.734375,198370,0.0,0.0
2020-07-21 00:00:00+09:00,156819.39621409922,161851.03459530024,155980.78981723238,160593.125,461232,0.0,0.0
2020-07-22 00:00:00+09:00,161431.73358386077,169398.49446202532,160593.12717563292,165624.765625,810125,0.0,0.0
2020-07-23 00:00:00+09:00,166463.38187340152,166882.6851023018,161431.74312659845,163947.5625,444433,0.0,0.0
2020-07-24 00:00:00+09:00,162689.65625,167301.99186533506,160593.14006121134,162689.65625,327478,0.0,0.0
2020-07-27 00:00:00+09:00,162270.34331154337,166882.67865114796,162270.34331154337,164366.859375,243664,0.0,0.0
2020-07-28 00:00:00+09:00,165205.43734529705,169398.46875,165205.43734529705,169398.46875,466607,0.0,0.0
2020-07-29 00:00:00+09:00,167301.9747208437,170237.09708436724,166463.36833126552,168979.1875,333000,0.0,0.0
2020-07-30 00:00:00+09:00,168559.88465766332,168559.88465766332,165624.7622880025,166882.671875,361731,0.0,0.0
2020-07-31 00:00:00+09:00,166044.07267441862,166463.3758882429,161851.04053617571,162270.34375,379886,0.0,0.0
2020-08-03 00:00:00+09:00,161851.0753580729,163528.28857421875,159335.25553385416,161012.46875,240285,0.0,0.0
2020-08-04 00:00:00+09:00,161012.44329896907,165205.4756765464,161012.44329896907,162689.65625,226337,0.0,0.0
2020-08-05 00:00:00+09:00,162689.65625,163528.26272551547,161431.7465367268,162689.65625,196344,0.0,0.0
2020-08-06 00:00:00+09:00,163947.6009017413,168559.9375,163947.6009017413,168559.9375,384949,0.0,0.0
2020-08-07 00:00:00+09:00,168559.87856916245,169398.48493020303,163108.93722239847,165205.453125,335833,0.0,0.0
2020-08-10 00:00:00+09:00,163108.97992758185,167302.01283060454,161851.07005667506,166463.40625,302994,0.0,0.0
2020-08-11 00:00:00+09:00,168559.9230072464,175688.078955314,168140.61971618357,173591.5625,655895,0.0,0.0
2020-08-12 00:00:00+09:00,172333.63365557554,176107.36285971222,170656.42067595923,174849.453125,360782,0.0,0.0
2020-08-13 00:00:00+09:00,175268.7886832524,176107.3953276699,171075.75546116504,172752.96875,397625,0.0,0.0
2020-08-14 00:00:00+09:00,173591.54906472683,176945.97513361045,171914.33603028505,176526.671875,438014,0.0,0.0
2020-08-18 00:00:00+09:00,174849.44485067733,175688.0513008005,169398.50292487684,170237.109375,437588,0.0,0.0
2020-08-19 00:00:00+09:00,170656.45413557213,170656.45413557213,166882.72419154228,168559.9375,220589,0.0,0.0
2020-08-20 00:00:00+09:00,167301.9948317308,168979.2078125,161851.05264423077,163528.265625,373768,0.0,0.0
2020-08-21 00:00:00+09:00,164366.85270100503,168559.88465766332,163947.54950533918,166882.671875,257961,0.0,0.0
2020-08-24 00:00:00+09:00,164786.15589667085,167301.97507066582,162689.6399183417,166882.671875,205330,0.0,0.0
2020-08-25 00:00:00+09:00,167721.27493765586,169398.4876870324,166044.0621882793,168140.578125,223434,0.0,0.0
2020-08-26 00:00:00+09:00,166044.04711787566,166044.04711787566,161012.40932642488,161851.015625,512515,0.0,0.0
2020-08-27 00:00:00+09:00,160593.14767075598,161012.45092838196,156400.11509449602,158077.328125,432450,0.0,0.0
2020-08-28 00:00:00+09:00,156819.40575527705,161431.74121866754,156819.40575527705,158915.921875,377563,0.0,0.0
2020-08-31 00:00:00+09:00,158915.95498814364,160593.16823340108,154722.921875,154722.921875,542851,0.0,0.0
2020-09-01 00:00:00+09:00,155561.4873491957,157658.00335120643,155142.18414879355,156400.09375,323816,0.0,0.0
2020-09-02 00:00:00+09:00,157238.66564162233,158077.27185837764,155561.4532081117,157657.96875,220654,0.0,0.0
2020-09-03 00:00:00+09:00,157658.04960317462,158915.95957341272,156819.4429563492,158496.65625,263157,0.0,0.0
2020-09-04 00:00:00+09:00,155142.19044018816,157658.00974462365,155142.19044018816,155980.796875,285469,0.0,0.0
2020-09-07 00:00:00+09:00,156400.059424867,160173.78740026595,155142.15009973405,157657.96875,316466,0.0,0.0
2020-09-08 00:00:00+09:00,159754.54474431818,159754.54474431818,156400.11860795456,156819.421875,268589,0.0,0.0
2020-09-09 00:00:00+09:00,154722.89987331082,155561.50637668918,153884.29336993242,155142.203125,326016,0.0,0.0
2020-09-10 00:00:00+09:00,155561.515625,157238.72873146902,154303.60579514827,155561.515625,412264,0.0,0.0
2020-09-11 00:00:00+09:00,155142.21234838275,156400.1221782345,154303.60579514827,155561.515625,202517,0.0,0.0
2020-09-14 00:00:00+09:00,155980.8083881579,159335.234375,155561.50513980264,159335.234375,258053,0.0,0.0
2020-09-15 00:00:00+09:00,157658.01220316623,159335.2250989446,156819.40575527705,158915.921875,276837,0.0,0.0
2020-09-16 00:00:00+09:00,158077.3529265873,158915.95957341272,157238.74627976192,158496.65625,200188,0.0,0.0
2020-09-17 00:00:00+09:00,158915.93112664475,160173.84087171053,156819.41488486843,159335.234375,299058,0.0,0.0
2020-09-18 00:00:00+09:00,160173.8621419271,162689.68196614584,159335.25553385416,161012.46875,522946,0.0,0.0
2020-09-21 00:00:00+09:00,159754.52491001307,162689.64741492146,159335.22169502618,160173.828125,358087,0.0,0.0
2020-09-22 00:00:00+09:00,160173.8305751928,166882.68211760925,159754.52735379178,163108.953125,953120,0.0,0.0
2020-09-23 00:00:00+09:00,164366.8721153846,165205.47860576925,160593.14290865386,163528.265625,450482,0.0,0.0
2020-09-24 00:00:00+09:00,162270.30294215426,162689.6060505319,157238.66564162233,157657.96875,369215,0.0,0.0
2020-09-25 00:00:00+09:00,159335.23034793817,164366.86920103093,158077.32063466497,162689.65625,348033,0.0,0.0
2020-09-28 00:00:00+09:00,164379.9298888531,166070.21194426547,162689.64783344071,163957.359375,243804,1500.0,0.0
2020-09-29 00:00:00+09:00,166492.79735331633,168605.65011160713,165225.08569834183,165647.65625,351353,0.0,0.0
2020-10-05 00:00:00+09:00,166070.20769817074,175789.32926829267,164802.4961890244,173253.90625,723156,0.0,0.0
2020-10-06 00:00:00+09:00,172831.32108601485,174521.60295482673,170295.89828279705,170718.46875,277292,0.0,0.0
2020-10-07 00:00:00+09:00,169450.77172256098,174944.18826219512,167337.91920731706,173253.90625,294582,0.0,0.0
2020-10-08 00:00:00+09:00,175789.296875,180015.0011268029,174521.58559945915,175789.296875,554481,0.0,0.0
2020-10-12 00:00:00+09:00,176211.93048007248,176211.93048007248,172408.79528985507,174944.21875,269502,0.0,0.0
2020-10-13 00:00:00+09:00,174521.61775914632,175366.7587652439,172831.3357469512,173253.90625,190587,0.0,0.0
2020-10-14 00:00:00+09:00,174944.19809850375,174944.19809850375,169028.21072319202,169450.78125,300335,0.0,0.0
2020-10-15 00:00:00+09:00,169028.20121951218,175789.32926829267,169028.20121951218,173253.90625,309713,0.0,0.0
2020-10-16 00:00:00+09:00,174521.60295482673,175366.7438892327,169873.32781559406,170718.46875,269441,0.0,0.0
2020-10-19 00:00:00+09:00,172408.7715827338,177479.6178057554,171986.20106414868,176211.90625,424316,0.0,0.0
2020-10-20 00:00:00+09:00,174944.19552058112,177902.1891646489,172408.77239709444,174521.625,350583,0.0,0.0
2020-10-21 00:00:00+09:00,174099.07759661836,176211.93048007248,172408.79528985507,174944.21875,249347,0.0,0.0
2020-10-22 00:00:00+09:00,174099.04538690476,178324.75037202382,173253.90438988095,177479.609375,463459,0.0,0.0
2020-10-23 00:00:00+09:00,178747.3473366477,188043.8996803977,176211.92397017044,185931.046875,903396,0.0,0.0
2020-10-26 00:00:00+09:00,185931.01634174312,190579.2917502867,184240.734375,184240.734375,600037,0.0,0.0
2020-10-27 00:00:00+09:00,184240.7646306818,185931.046875,182550.48238636364,185931.046875,511872,0.0,0.0
2020-10-28 00:00:00+09:00,183395.59411168983,184663.30559172455,180015.03016493056,182550.453125,298845,0.0,0.0
2020-10-29 00:00:00+09:00,178324.765182783,181282.75891804244,175789.34198113208,179169.90625,450580,0.0,0.0
2020-10-30 00:00:00+09:00,179169.8602764423,181282.71240234375,175366.72644981972,175789.296875,369989,0.0,0.0
2020-11-02 00:00:00+09:00,177902.17769820604,185085.87608506947,176211.8957248264,182550.453125,442086,0.0,0.0
2020-11-03 00:00:00+09:00,182973.02969104308,187621.30527210885,182550.45918367346,186353.59375,317709,0.0,0.0
2020-11-04 00:00:00+09:00,188466.42301655252,188888.9934717466,184240.71846461188,185085.859375,317582,0.0,0.0
2020-11-05 00:00:00+09:00,185931.04350220266,193114.7429102423,182550.47907488988,191847.03125,492058,0.0,0.0
2020-11-06 00:00:00+09:00,191001.87417763157,193537.2972861842,189311.59210526317,192692.15625,292212,0.0,0.0
2020-11-09 00:00:00+09:00,193959.88070913462,197763.015625,192692.16907051284,197763.015625,346313,0.0,0.0
2020-11-10 00:00:00+09:00,201566.13340585443,204101.5564675633,198185.56932357594,200298.421875,465479,0.0,0.0
2020-11-11 00:00:00+09:00,201143.5856918239,204101.5795990566,201143.5856918239,201566.15625,394571,0.0,0.0
2020-11-12 00:00:00+09:00,202411.28253831924,202833.85306553912,197763.00673890064,199875.859375,433732,0.0,0.0
2020-11-13 00:00:00+09:00,197340.47507282838,200298.46934586865,196495.33385195976,199453.328125,270344,0.0,0.0
2020-11-16 00:00:00+09:00,199875.85058185147,204946.69668540795,199453.28007322177,201988.703125,258628,0.0,0.0
2020-11-17 00:00:00+09:00,201988.72680817608,207059.5735062893,201143.5856918239,201566.15625,324537,0.0,0.0
2020-11-18 00:00:00+09:00,203679.0090408805,204101.5795990566,200721.0151336478,201566.15625,221830,0.0,0.0
2020-11-19 00:00:00+09:00,202411.32239804027,202411.32239804027,196917.90446239407,199453.328125,263785,0.0,0.0
2020-11-20 00:00:00+09:00,197762.99092105264,201566.1253618421,197762.99092105264,200720.984375,247557,0.0,0.0
2020-11-23 00:00:00+09:00,200298.4117684805,207059.5395918891,198608.12981262832,205791.828125,465251,0.0,0.0
2020-11-24 00:00:00+09:00,205791.85889570552,210862.70552147238,204524.1472392638,206637.0,416609,0.0,0.0
2020-11-25 00:00:00+09:00,209172.4309630102,210862.71323341836,205791.86642219388,207059.578125,388204,0.0,0.0
2020-11-26 00:00:00+09:00,206214.4461340206,207904.72847938145,204524.1637886598,204946.734375,247564,0.0,0.0
2020-11-27 00:00:00+09:00,204946.70439718163,206636.9864953027,201988.71072546972,202411.28125,308338,0.0,0.0
2020-11-30 00:00:00+09:00,203679.00327190172,207059.56764155984,197763.015625,197763.015625,627404,0.0,0.0
2020-12-01 00:00:00+09:00,201143.58235743383,210017.56393202647,200298.44125509166,207482.140625,413073,0.0,0.0
2020-12-02 00:00:00+09:00,207904.71675000002,211707.8518125,207482.1461875,211285.28125,382021,0.0,0.0
2020-12-03 00:00:00+09:00,210017.56110213717,215088.40764786283,208749.84946570577,212552.984375,328551,0.0,0.0
2020-12-04 00:00:00+09:00,215511.0019420904,226497.83733521655,215088.43135004706,224384.984375,662533,0.0,0.0
2020-12-07 00:00:00+09:00,230300.96223958334,232836.38567708334,222272.12135416665,228188.109375,498099,0.0,0.0
2020-12-08 00:00:00+09:00,228188.11970338982,229455.83147951978,223539.84319091335,224384.984375,406417,0.0,0.0
2020-12-09 00:00:00+09:00,223962.40212912086,232413.81353021978,223117.26098901097,230723.53125,430782,0.0,0.0
2020-12-10 00:00:00+09:00,229455.82005399818,231991.2434800092,226497.8260569853,229878.390625,632881,0.0,0.0
2020-12-11 00:00:00+09:00,232413.80254919498,240865.2135509839,231991.23199910554,236216.9375,605311,0.0,0.0
2020-12-14 00:00:00+09:00,237484.63471971068,239174.91681735986,232413.78842676312,233681.5,368504,0.0,0.0
2020-12-15 00:00:00+09:00,233258.95678438662,233681.52735827139,226497.8276022305,227342.96875,415238,0.0,0.0
2020-12-16 00:00:00+09:00,229455.828125,231568.6810543278,228188.1163674033,229455.828125,281044,0.0,0.0
2020-12-17 00:00:00+09:00,228188.06319962686,229455.774661847,223539.787838153,226497.78125,434410,0.0,0.0
2020-12-18 00:00:00+09:00,229455.8216194238,232836.38621050186,226497.8276022305,227342.96875,339087,0.0,0.0
2020-12-21 00:00:00+09:00,231568.64822404372,232413.78927595628,225230.09033469943,231991.21875,306137,0.0,0.0
2020-12-22 00:00:00+09:00,229878.33738317757,230723.47832943924,225230.06217873833,226075.203125,256129,0.0,0.0
2020-12-23 00:00:00+09:00,225652.63265186915,227765.48501752337,222272.06886682243,226075.203125,289615,0.0,0.0
2020-12-24 00:00:00+09:00,227342.93669280442,229455.7892642989,226075.22514990775,229033.21875,251708,0.0,0.0
2020-12-28 00:00:00+09:00,230723.52319469835,231568.66430530165,227765.52930758684,231146.09375,298774,0.0,0.0
2020-12-29 00:00:00+09:00,234583.1967013889,235012.83625578706,227708.9638310185,232005.359375,362873,4500.0,0.0
2020-12-30 00:00:00+09:00,232005.3791360294,235442.49586397057,228997.90199908087,233723.9375,338015,0.0,0.0
2021-01-04 00:00:00+09:00,234153.61034798535,236301.80860805864,230286.85347985348,234583.25,431940,0.0,0.0
2021-01-05 00:00:00+09:00,236301.72560307017,251768.74764254387,235872.0861019737,244894.515625,898657,0.0,0.0
2021-01-06 00:00:00+09:00,245753.84698660715,248331.68454241072,238879.6135044643,240598.171875,549160,0.0,0.0
2021-01-07 00:00:00+09:00,246613.1023410653,253916.97471005155,245753.82323883162,250050.21875,762871,0.0,0.0
2021-01-08 00:00:00+09:00,253487.32703735144,253487.32703735144,247042.7339770798,253057.6875,577293,0.0,0.0
2021-01-11 00:00:00+09:00,249620.6437334947,250909.56272007042,240598.2108274648,244035.328125,745840,0.0,0.0
2021-01-12 00:00:00+09:00,241457.44477662453,241887.0843580776,232864.65314756316,238020.328125,615637,0.0,0.0
2021-01-13 00:00:00+09:00,240598.14814814815,244464.9041005291,238449.95039682538,243605.625,530689,0.0,0.0
2021-01-14 00:00:00+09:00,243605.653174867,244894.57197473405,241457.45517508863,242316.734375,398857,0.0,0.0
2021-01-15 00:00:00+09:00,243605.60616477273,246183.44326704546,235442.4553409091,236301.734375,372253,0.0,0.0
2021-01-18 00:00:00+09:00,232005.350681391,234583.1879111842,226849.67622180452,228568.234375,430044,0.0,0.0
2021-01-19 00:00:00+09:00,230716.44283325644,235872.11753344096,229427.52415821032,232864.640625,352662,0.0,0.0
2021-01-20 00:00:00+09:00,237161.05422794117,237161.05422794117,229427.54159007352,233723.9375,341989,0.0,0.0
2021-01-21 00:00:00+09:00,235442.47472170688,237161.03293135436,231146.07919758814,231575.71875,340081,0.0,0.0
2021-01-22 00:00:00+09:00,233294.2579920977,233294.2579920977,224271.828125,224271.828125,611222,0.0,0.0
2021-01-25 00:00:00+09:00,225131.13031663516,227708.96768667296,225131.13031663516,227279.328125,351655,0.0,0.0
2021-01-26 00:00:00+09:00,227708.96844660194,227708.96844660194,219975.4563106796,221264.375,524918,0.0,0.0
2021-01-27 00:00:00+09:00,223412.59272639692,225131.15113198457,221264.39471941232,222982.953125,343298,0.0,0.0
2021-01-28 00:00:00+09:00,218256.89775,219545.8164375,211382.66475,214819.78125,512201,0.0,0.0
2021-01-29 00:00:00+09:00,216108.706148167,218256.90402240327,208375.1938009165,210953.03125,545035,0.0,0.0
2021-02-01 00:00:00+09:00,212241.95009881424,217397.625,210523.39179841898,217397.625,386799,0.0,0.0
2021-02-02 00:00:00+09:00,219545.79773645438,226420.03015090304,217397.60010693918,225990.390625,457340,0.0,0.0
2021-02-03 00:00:00+09:00,225560.765625,228568.2425,224271.8469642857,225560.765625,379360,0.0,0.0
2021-02-04 00:00:00+09:00,228138.60724834594,228138.60724834594,224271.8511932892,227279.328125,338796,0.0,0.0
2021-02-05 00:00:00+09:00,228138.5882545152,228138.5882545152,222553.27441777565,225990.390625,237855,0.0,0.0
2021-02-08 00:00:00+09:00,227279.33650488826,233723.93016759778,225990.41777234638,230716.453125,489447,0.0,0.0
2021-02-09 00:00:00+09:00,232864.6384837963,233294.27803819446,230716.44071180557,232005.359375,247108,0.0,0.0
2021-02-10 00:00:00+09:00,233294.28018334872,233294.28018334872,230286.80327490775,232864.640625,293884,0.0,0.0
2021-02-15 00:00:00+09:00,234153.53690531716,235442.45545708956,230286.78125,230286.78125,231797,0.0,0.0
2021-02-16 00:00:00+09:00,230716.49024516574,234583.24706491712,228568.29201197054,233294.328125,311244,0.0,0.0
2021-02-17 00:00:00+09:00,236731.4114775878,239738.88857439926,230286.81769870612,232435.015625,413933,0.0,0.0
2021-02-18 00:00:00+09:00,231146.0693985849,233294.26706957546,227708.953125,227708.953125,255196,0.0,0.0
2021-02-19 00:00:00+09:00,227708.96554791273,227708.96554791273,219545.81395279887,226420.046875,315228,0.0,0.0
2021-02-22 00:00:00+09:00,227279.30462919775,232005.33931902985,226420.02559468284,230286.78125,423838,0.0,0.0
2021-02-23 00:00:00+09:00,233723.93738819318,240598.1708407871,231146.09984347047,240168.53125,875441,0.0,0.0
2021-02-24 00:00:00+09:00,240168.47182937956,245324.14564324816,234583.1585310219,235442.4375,564583,0.0,0.0
2021-02-25 00:00:00+09:00,240598.14708480565,244464.90302009718,238020.3097946113,243175.984375,481060,0.0,0.0
2021-02-26 00:00:00+09:00,239738.8493006217,244035.24444937834,236731.372696492,241887.046875,643591,0.0,0.0
2021-03-02 00:00:00+09:00,248331.63163377193,250050.1896381579,243605.59712171054,244894.515625,631545,0.0,0.0
2021-03-03 00:00:00+09:00,245753.8247282609,256924.45312500003,244035.26651337795,256924.453125,794021,0.0,0.0
2021-03-04 00:00:00+09:00,273250.7942961165,273250.7942961165,260791.24549959545,265517.28125,1413446,0.0,0.0
2021-03-05 00:00:00+09:00,257354.09454491254,273680.39770469,257354.09454491254,270243.28125,906590,0.0,0.0
2021-03-08 00:00:00+09:00,273680.4125194401,285280.6811819596,272821.1333592535,276258.25,1013246,0.0,0.0
2021-03-09 00:00:00+09:00,282273.1781841483,286999.21313091484,260361.56161277604,272391.46875,1236147,0.0,0.0
2021-03-10 00:00:00+09:00,264228.32956239354,265087.6086829216,251768.78231473596,252198.421875,2910722,0.0,0.0
2021-03-11 00:00:00+09:00,251768.78676773928,262939.41553217825,251339.14719987623,260361.578125,1002803,0.0,0.0
2021-03-12 00:00:00+09:00,262939.4430024917,266376.55990448507,253487.37152200998,258643.046875,631141,0.0,0.0
2021-03-15 00:00:00+09:00,259502.2940340909,265087.60830965906,256494.81711647726,264657.96875,402453,0.0,0.0
2021-03-16 00:00:00+09:00,265946.9463337418,268954.42391748365,262509.82909517974,262939.46875,361417,0.0,0.0
2021-03-17 00:00:00+09:00,259502.23368644068,260791.15206567798,253057.64179025425,253487.28125,554201,0.0,0.0
2021-03-18 00:00:00+09:00,258213.33238155668,258642.97186971238,253487.29801184434,253916.9375,417876,0.0,0.0
2021-03-19 00:00:00+09:00,250479.90023830158,251339.1794844021,245753.8643847487,247902.0625,742847,0.0,0.0
2021-03-22 00:00:00+09:00,254776.2800401565,261220.87397034594,251339.16327738878,260791.234375,592657,0.0,0.0
2021-03-23 00:00:00+09:00,264657.9177316294,272821.06779153354,263798.63877795526,268954.3125,921293,0.0,0.0
2021-03-24 00:00:00+09:00,263798.7480596405,267235.8652982026,261650.54978553922,262939.46875,432463,0.0,0.0
2021-03-25 00:00:00+09:00,262080.17878849272,266806.2147994327,259931.9806017018,265087.65625,398363,0.0,0.0
2021-03-26 00:00:00+09:00,268095.13679245283,274539.7314268868,267665.4971501572,273250.8125,505086,0.0,0.0
2021-03-29 00:00:00+09:00,274969.4495412844,284421.52436926606,274539.8097763762,280984.40625,556793,0.0,0.0
2021-03-30 00:00:00+09:00,285754.05382751935,286187.6715116279,277081.70014534885,279683.40625,411174,3000.0,0.0
2021-03-31 00:00:00+09:00,280550.63623046875,283585.9599609375,277515.3125,277515.3125,467942,0.0,0.0
2021-04-01 00:00:00+09:00,277948.93951138144,280117.0279631083,272311.9095368917,276214.46875,458156,0.0,0.0
2021-04-02 00:00:00+09:00,278382.5572017268,280117.0279631083,274913.6156789639,276214.46875,284832,0.0,0.0
2021-04-05 00:00:00+09:00,277515.30642750376,290090.21875,277515.30642750376,290090.21875,573076,0.0,0.0
2021-04-06 00:00:00+09:00,291391.1095890411,291391.1095890411,280117.04880136985,284886.84375,513075,0.0,0.0
2021-04-07 00:00:00+09:00,286621.29055851063,288355.7613031915,282718.73138297873,285320.4375,323718,0.0,0.0
2021-04-08 00:00:00+09:00,285320.4737933635,289656.6512066365,284886.85605203616,287488.5625,389851,0.0,0.0
2021-04-09 00:00:00+09:00,290090.28086890245,291391.1341463415,283152.396722561,284453.25,256857,0.0,0.0
2021-04-12 00:00:00+09:00,286621.2978945372,287054.91559180577,279249.79704097117,285754.0625,350064,0.0,0.0
2021-04-13 00:00:00+09:00,287054.97352828743,289656.6802370031,281417.94232607033,283586.03125,460293,0.0,0.0
2021-04-14 00:00:00+09:00,284453.1853766618,294860.00923190545,280117.0087703102,293559.15625,736486,0.0,0.0
2021-04-15 00:00:00+09:00,293559.1416636561,303098.72972362716,291391.0534682081,300063.40625,591661,0.0,0.0
2021-04-16 00:00:00+09:00,300063.4636098981,301364.316775837,293992.8155021834,297895.375,301914,0.0,0.0
2021-04-19 00:00:00+09:00,297895.3716896186,307001.34375,295727.28310381353,307001.34375,382725,0.0,0.0
2021-04-20 00:00:00+09:00,305266.83263009845,308735.77390998596,303965.9796501407,308302.15625,339391,0.0,0.0
2021-04-21 00:00:00+09:00,303532.35844017094,307868.53498931625,300063.4172008547,304399.59375,434931,0.0,0.0
2021-04-22 00:00:00+09:00,305700.4448477337,311337.4743271955,304399.59189093485,306134.0625,443997,0.0,0.0
2021-04-23 00:00:00+09:00,303965.9796501407,308302.15625,301364.27369022503,308302.15625,326287,0.0,0.0
2021-04-26 00:00:00+09:00,308302.1650862069,314806.4301724138,305266.84137931035,314372.8125,475237,0.0,0.0
2021-04-27 00:00:00+09:00,317408.16754966887,332151.1698675497,316974.5498344371,327381.375,734422,0.0,0.0
2021-04-28 00:00:00+09:00,329549.48489932885,330850.3381291946,320443.51229026844,323045.21875,545333,0.0,0.0
2021-04-29 00:00:00+09:00,326080.4557640751,335620.04356568365,323045.13237265416,323478.75,629282,0.0,0.0
2021-04-30 00:00:00+09:00,323912.3597184066,324345.9773351648,312204.68406593404,315673.625,499655,0.0,0.0
2021-05-03 00:00:00+09:00,319142.625,323912.41966711957,316540.91881793475,319142.625,361870,0.0,0.0
2021-05-04 00:00:00+09:00,324779.6853004648,328248.6271995352,313939.24186586984,326514.15625,480208,0.0,0.0
2021-05-06 00:00:00+09:00,329983.0930783818,343425.2427307206,329983.0930783818,342991.625,716999,0.0,0.0
2021-05-07 00:00:00+09:00,343858.834406407,346026.9228957286,336487.33354271355,345159.6875,422259,0.0,0.0
2021-05-10 00:00:00+09:00,346894.1339066339,358601.8109259828,346026.8985718673,352964.78125,643587,0.0,0.0
2021-05-11 00:00:00+09:00,352097.58226495725,357300.9948107448,343425.22802197805,355132.90625,710220,0.0,0.0
2021-05-12 00:00:00+09:00,353398.4067590852,354699.2597901003,338655.4057409148,346026.90625,631639,0.0,0.0
2021-05-13 00:00:00+09:00,333452.01666395046,346026.93016623205,329549.4573011734,332584.78125,756875,0.0,0.0
2021-05-14 00:00:00+09:00,330416.6728618421,335186.4673519737,324779.6430098684,329549.4375,567800,0.0,0.0
2021-05-17 00:00:00+09:00,329549.4346049046,333885.6113760218,315240.05126021797,318275.375,661551,0.0,0.0
2021-05-18 00:00:00+09:00,318275.33544098574,336487.275616083,318275.33544098574,334319.1875,597298,0.0,0.0
2021-05-20 00:00:00+09:00,323912.40680650686,324346.02448630135,314806.4355308219,316540.90625,743678,0.0,0.0
2021-05-21 00:00:00+09:00,316540.9587673611,319142.66527777776,307001.36822916666,312204.78125,623771,0.0,0.0
2021-05-24 00:00:00+09:00,310036.6268899437,315673.6564697609,307001.30327004223,308302.15625,594767,0.0,0.0
2021-05-25 00:00:00+09:00,310470.3125,313072.0190293296,306567.7527060056,310470.3125,392354,0.0,0.0
2021-05-26 00:00:00+09:00,309169.4537070201,309603.07145415473,297895.3922815186,302665.1875,680833,0.0,0.0
2021-05-27 00:00:00+09:00,305266.89722222224,312204.78125,302665.19071180554,312204.78125,763321,0.0,0.0
2021-05-28 00:00:00+09:00,315673.64705882355,317408.11764705885,307868.5294117647,309603.0,596742,0.0,0.0
2021-05-31 00:00:00+09:00,311337.5356514084,311771.1533890845,301364.32768485916,307868.59375,448625,0.0,0.0
2021-06-01 00:00:00+09:00,308302.1694642857,314806.4346428572,301364.2866071429,303532.375,701879,0.0,0.0
2021-06-02 00:00:00+09:00,309603.0037181303,313071.94493626064,303965.97423866857,306134.0625,617039,0.0,0.0
2021-06-03 00:00:00+09:00,303098.76866883115,303966.00405844155,299196.2094155844,300497.0625,607645,0.0,0.0
2021-06-04 00:00:00+09:00,300497.0697946686,303966.01143731986,299196.21667867433,300930.6875,475678,0.0,0.0
2021-06-07 00:00:00+09:00,302231.4924521355,302665.11008836527,292691.904455081,294426.375,642429,0.0,0.0
2021-06-08 00:00:00+09:00,293992.81039222877,297028.13439332845,288789.39781891496,295727.28125,529180,0.0,0.0
2021-06-09 00:00:00+09:00,295293.67958208395,295727.29732008994,288789.413511994,289223.03125,538621,0.0,0.0
2021-06-10 00:00:00+09:00,288789.3584393712,294426.3879584581,287922.1231287425,289656.59375,613479,0.0,0.0
2021-06-11 00:00:00+09:00,293125.51341201714,303098.71875,292691.8957886266,303098.71875,707226,0.0,0.0
2021-06-14 00:00:00+09:00,304399.59198113205,304833.20963352686,297895.32719521044,298762.5625,389363,0.0,0.0
2021-06-15 00:00:00+09:00,295727.2334612573,301797.8804824561,294859.9981725146,296594.46875,380767,0.0,0.0
2021-06-16 00:00:00+09:00,298762.5698369565,301364.2758152174,295727.2461956522,299196.1875,311250,0.0,0.0
2021-06-17 00:00:00+09:00,297028.13439332845,298328.9875366569,294860.0458211144,295727.28125,401639,0.0,0.0
2021-06-18 00:00:00+09:00,291824.7383272059,296594.53345588234,291391.1205882353,294860.0625,613284,0.0,0.0
2021-06-21 00:00:00+09:00,292258.321814456,293559.17487891205,289656.615685544,290957.46875,370513,0.0,0.0
2021-06-22 00:00:00+09:00,293992.81039222877,300930.6938233138,292691.9572489003,295727.28125,429795,0.0,0.0
2021-06-23 00:00:00+09:00,297895.33285635157,299196.185838257,293125.53858936485,293559.15625,335968,0.0,0.0
2021-06-24 00:00:00+09:00,294860.02142857143,303532.375,293992.78607142856,303532.375,560310,0.0,0.0
2021-06-25 00:00:00+09:00,311337.4912109375,311337.4912109375,303965.99072265625,305266.84375,580216,0.0,0.0
2021-06-28 00:00:00+09:00,306134.10831567796,308735.8146186441,301364.31342690677,307001.34375,336308,0.0,0.0
2021-06-29 00:00:00+09:00,308755.6714697406,308755.6714697406,303931.36410302593,304369.9375,357032,4000.0,0.0
2021-06-30 00:00:00+09:00,306562.7825969828,308755.6494252873,302177.0489403736,305247.0625,344227,0.0,0.0
2021-07-01 00:00:00+09:00,303931.3137228261,305247.0336956522,301738.4471014493,302615.59375,215768,0.0,0.0
2021-07-02 00:00:00+09:00,303931.33552870643,307878.4957303779,301738.46875,301738.46875,304563,0.0,0.0
2021-07-05 00:00:00+09:00,304808.46037137683,305247.0336956522,300861.30045289855,302615.59375,257176,0.0,0.0
2021-07-06 00:00:00+09:00,303492.7635036496,303931.33686131384,300422.75,300422.75,212041,0.0,0.0
2021-07-07 00:00:00+09:00,296914.1346189249,299107.00119661266,294282.69472569955,297791.28125,479858,0.0,0.0
2021-07-08 00:00:00+09:00,299107.00119661266,307439.8941918262,297791.28125,297791.28125,542052,0.0,0.0
2021-07-09 00:00:00+09:00,293844.153568787,296475.59375,286826.97975221893,296475.59375,669248,0.0,0.0
2021-07-12 00:00:00+09:00,300422.737890058,309632.77802975324,299984.1645500726,302177.03125,596735,0.0,0.0
2021-07-13 00:00:00+09:00,303492.74039855076,305247.0336956522,299545.5804800725,302615.59375,269038,0.0,0.0
2021-07-14 00:00:00+09:00,299984.1779692082,302177.04476722877,298229.8845307918,299107.03125,242036,0.0,0.0
2021-07-15 00:00:00+09:00,299545.55911307805,303931.2920429913,299545.55911307805,303492.71875,341620,0.0,0.0
2021-07-16 00:00:00+09:00,300861.32468841644,300861.32468841644,295159.87101356307,299107.03125,363606,0.0,0.0
2021-07-19 00:00:00+09:00,295159.82441143494,295598.3977017937,292089.81137892377,293405.53125,324198,0.0,0.0
2021-07-20 00:00:00+09:00,289019.77050189395,291651.20999053033,288142.62400568184,289458.34375,394416,0.0,0.0
2021-07-21 00:00:00+09:00,293405.52373298036,293844.0970121029,289019.79094175494,289896.9375,197741,0.0,0.0
2021-07-22 00:00:00+09:00,292966.95971820806,303492.71875,292966.95971820806,303492.71875,565166,0.0,0.0
2021-07-23 00:00:00+09:00,306562.78801272984,314457.10873408767,304808.49451909476,310071.375,838140,0.0,0.0
2021-07-26 00:00:00+09:00,311387.11555437854,315772.8495762712,307878.52833686443,310509.96875,529527,0.0,0.0
2021-07-27 00:00:00+09:00,314457.0886059671,324105.7022033608,314018.51526063104,319719.96875,753746,0.0,0.0
2021-07-28 00:00:00+09:00,318404.2461734694,322351.40625,314895.6594387755,322351.40625,432867,0.0,0.0
2021-07-29 00:00:00+09:00,323228.51758356544,324544.23746518104,312264.1852367688,314895.625,479297,0.0,0.0
2021-07-30 00:00:00+09:00,317527.0900409277,322789.96998635744,316211.37005457026,321474.25,700416,0.0,0.0
2021-08-02 00:00:00+09:00,324105.67408854165,324544.2473958333,312264.19479166664,315772.78125,415467,0.0,0.0
2021-08-03 00:00:00+09:00,310509.93859970674,310509.93859970674,298229.8845307918,299107.03125,885509,0.0,0.0
2021-08-04 00:00:00+09:00,301738.4458874459,305247.03246753244,299545.57927489176,303931.3125,431994,0.0,0.0
2021-08-05 00:00:00+09:00,300861.32203851745,303054.1888172238,299107.02861555235,301738.46875,394824,0.0,0.0
2021-08-06 00:00:00+09:00,300422.75132881233,303931.33820564515,298229.8845307918,299107.03125,370445,0.0,0.0
2021-08-09 00:00:00+09:00,297791.29333333333,298668.44,293844.1333333333,296037.0,394554,0.0,0.0
2021-08-10 00:00:00+09:00,298229.86666666664,299984.16,295159.85333333333,296037.0,263360,0.0,0.0
2021-08-11 00:00:00+09:00,302615.5829413893,304369.8761758321,299984.14308972505,303054.15625,440224,0.0,0.0
2021-08-12 00:00:00+09:00,304808.4876571746,306124.20774778107,296475.59375,296475.59375,442630,0.0,0.0
2021-08-13 00:00:00+09:00,294282.72429435485,300422.75132881233,294282.72429435485,299107.03125,340685,0.0,0.0
2021-08-17 00:00:00+09:00,293844.11893019726,296475.558801214,288142.6658763278,289019.8125,617509,0.0,0.0
2021-08-18 00:00:00+09:00,289896.9699848024,291651.2632978723,283318.3700607903,288581.25,339135,0.0,0.0
2021-08-19 00:00:00+09:00,285511.26076555025,287704.1275917065,274985.5,274985.5,512078,0.0,0.0
2021-08-20 00:00:00+09:00,275424.0359172078,280686.91558441555,268406.86302759737,270161.15625,479910,0.0,0.0
2021-08-23 00:00:00+09:00,274108.2832693861,274546.8565226171,269283.9774838449,271476.84375,309650,0.0,0.0
2021-08-24 00:00:00+09:00,273669.79453125,282002.6889160156,273669.79453125,280686.96875,452228,0.0,0.0
2021-08-25 00:00:00+09:00,284634.09250383434,293405.55914493866,282441.22584355826,285949.8125,434977,0.0,0.0
2021-08-26 00:00:00+09:00,282879.80292573874,285072.6696150855,278494.0695470451,282002.65625,378335,0.0,0.0
2021-08-27 00:00:00+09:00,278494.0540674603,280686.9206349206,274985.46755952376,276301.1875,376740,0.0,0.0
2021-08-30 00:00:00+09:00,279371.2077371988,292089.8341490964,278494.0610881024,291212.6875,614544,0.0,0.0
2021-08-31 00:00:00+09:00,291651.27735534124,295598.4375,287704.1172106825,295598.4375,444769,0.0,0.0
2021-09-01 00:00:00+09:00,291651.26666666666,300422.73333333334,291651.26666666666,296037.0,336396,0.0,0.0
2021-09-02 00:00:00+09:00,296475.5897810219,303931.33686131384,295598.4430656934,300422.75,502952,0.0,0.0
2021-09-03 00:00:00+09:00,301738.4755747126,305685.6358656609,300861.3288433908,305247.0625,443470,0.0,0.0
2021-09-06 00:00:00+09:00,305247.04083094554,308755.6275071633,300861.30748567334,306124.1875,273592,0.0,0.0
2021-09-07 00:00:00+09:00,307878.45119625516,318404.21021151176,306124.1580270458,316211.34375,622033,0.0,0.0
2021-09-08 00:00:00+09:00,314895.63347164594,319281.36652835406,313141.34024896263,317088.5,403299,0.0,0.0
2021-09-09 00:00:00+09:00,313579.9565368568,317965.6901947149,309194.2228789986,315334.25,481713,0.0,0.0
2021-09-10 00:00:00+09:00,315772.78125,320158.5143229167,314895.6346354167,315772.78125,309238,0.0,0.0
2021-09-13 00:00:00+09:00,316649.97675,328930.03125,316649.97675,328930.03125,650692,0.0,0.0
2021-09-14 00:00:00+09:00,330684.28990450205,332877.1565484311,319281.38335607096,321474.25,412181,0.0,0.0
2021-09-15 00:00:00+09:00,317088.5,321474.2330567082,313141.34024896263,317088.5,474107,0.0,0.0
2021-09-16 00:00:00+09:00,320158.5420953361,327614.2889660494,316649.9553326475,319719.96875,258732,0.0,0.0
2021-09-17 00:00:00+09:00,314895.5811206897,320597.03314655175,312264.14172413794,317965.59375,461597,0.0,0.0
2021-09-23 00:00:00+09:00,311387.058982684,312264.2056277056,302177.0192099567,303931.3125,620162,0.0,0.0
2021-09-24 00:00:00+09:00,307001.32699275366,310948.4869112319,299984.15380434785,302615.59375,484775,0.0,0.0
2021-09-27 00:00:00+09:00,299106.9903492647,304369.86994485295,297352.6971507353,298229.84375,238271,0.0,0.0
2021-09-28 00:00:00+09:00,302177.07116244413,302615.6445603577,289458.4426229508,294282.75,464636,0.0,0.0
2021-09-29 00:00:00+09:00,296508.75,297399.1666666666,289830.625,293837.5,342327,5000.0,0.0
2021-09-30 00:00:00+09:00,290721.0416666666,296508.75,289385.4166666666,293837.5,316173,0.0,0.0
2021-10-01 00:00:00+09:00,292947.1150655864,294282.7402102623,287159.40610532404,288495.03125,302454,0.0,0.0
2021-10-05 00:00:00+09:00,283152.4897127329,288494.9895186335,280481.2398097826,286714.15625,341473,0.0,0.0
2021-10-06 00:00:00+09:00,288495.0106466877,290275.8440457413,281371.67705047317,282262.09375,390248,0.0,0.0
2021-10-07 00:00:00+09:00,282262.0833333333,287604.5833333333,282262.0833333333,284488.125,246371,0.0,0.0
2021-10-08 00:00:00+09:00,287604.53076171875,293837.4462890625,284042.86474609375,284933.28125,414977,0.0,0.0
2021-10-12 00:00:00+09:00,285378.5312985249,288494.9895186335,278700.4065411491,286714.15625,348183,0.0,0.0
2021-10-13 00:00:00+09:00,284933.2923076923,294282.66596153844,280481.20961538464,289385.375,791246,0.0,0.0
2021-10-14 00:00:00+09:00,294727.89561068703,296063.52051526716,288049.77108778624,291611.4375,539634,0.0,0.0
2021-10-15 00:00:00+09:00,293837.52096036583,295173.14605564025,291611.4791349085,292056.6875,281368,0.0,0.0
2021-10-18 00:00:00+09:00,291611.4583333333,291611.4583333333,283597.7083333333,284488.125,379352,0.0,0.0
2021-10-19 00:00:00+09:00,284933.28125,285823.69775390625,281371.615234375,284933.28125,261989,0.0,0.0
2021-10-20 00:00:00+09:00,284933.34410339256,286268.96915387723,275583.96875,275583.96875,474504,0.0,0.0
2021-10-21 00:00:00+09:00,275583.9065012058,280481.1972467846,275583.9065012058,276919.53125,243600,0.0,0.0
2021-10-22 00:00:00+09:00,273803.10389209224,274248.3121911038,268015.39600494236,270241.4375,414221,0.0,0.0
2021-10-25 00:00:00+09:00,270241.3876297923,279145.55196685303,267570.13832867413,278700.34375,329504,0.0,0.0
2021-10-26 00:00:00+09:00,281816.8436011905,283597.6767361111,276029.1359126984,280481.21875,308343,0.0,0.0
2021-10-27 00:00:00+09:00,280481.19673295453,280481.19673295453,273357.86475243507,274248.28125,323575,0.0,0.0
2021-10-28 00:00:00+09:00,270686.6561461794,274248.3226744186,268015.40625,268015.40625,462448,0.0,0.0
2021-10-29 00:00:00+09:00,268905.78019425675,270241.404930321,263563.28125,263563.28125,405986,0.0,0.0
2021-11-01 00:00:00+09:00,265344.1247892074,267570.1661045531,263118.08347386174,264008.5,269718,0.0,0.0
2021-11-02 00:00:00+09:00,265344.125,272022.24895134225,264898.9167365772,265344.125,343252,0.0,0.0
2021-11-03 00:00:00+09:00,268015.39579866885,270686.64559068216,265789.35430532444,267570.1875,258117,0.0,0.0
2021-11-04 00:00:00+09:00,269796.1969537815,271577.02993697475,263563.281512605,264898.90625,310022,0.0,0.0
2021-11-05 00:00:00+09:00,265344.13399122807,266679.7588267544,251542.67735745615,253768.71875,755034,0.0,0.0
2021-11-08 00:00:00+09:00,253323.515625,253768.72391256588,246200.18302394552,253323.515625,572332,0.0,0.0
2021-11-09 00:00:00+09:00,253768.71875,257330.3849780702,252878.30219298246,253768.71875,299852,0.0,0.0
2021-11-10 00:00:00+09:00,250207.1046989051,251987.93818430655,243974.1875,243974.1875,568198,0.0,0.0
2021-11-11 00:00:00+09:00,240412.5,247535.8333333333,239522.0833333333,244419.375,542966,0.0,0.0
2021-11-12 00:00:00+09:00,250207.0525219298,256439.96842105262,249316.63596491228,253768.71875,500205,0.0,0.0
2021-11-15 00:00:00+09:00,255994.76014254385,256439.96842105262,252878.30219298246,253768.71875,223366,0.0,0.0
2021-11-16 00:00:00+09:00,252433.09375,255994.75997574956,249761.84408068785,252433.09375,219629,0.0,0.0
2021-11-17 00:00:00+09:00,253323.55777287137,253323.55777287137,245309.8072633605,245755.015625,407594,0.0,0.0
2021-11-18 00:00:00+09:00,245755.02098540144,248426.27121350364,243528.97912864963,243974.1875,270816,0.0,0.0
2021-11-19 00:00:00+09:00,244419.35442895684,250207.06227517987,243974.1461330935,247535.8125,285633,0.0,0.0
2021-11-22 00:00:00+09:00,246645.42693505337,253323.5522130783,245309.8018794484,250207.09375,255604,0.0,0.0
2021-11-23 00:00:00+09:00,252433.125,260001.66666666666,251987.91666666666,255104.375,389317,0.0,0.0
2021-11-24 00:00:00+09:00,255104.3590407754,255549.5673462567,247981.02615307487,249761.859375,336968,0.0,0.0
2021-11-25 00:00:00+09:00,248871.43205663355,249316.64034296028,244419.34919336642,246645.390625,226729,0.0,0.0
2021-11-26 00:00:00+09:00,247090.58780445773,247535.79607077205,241302.88034237133,242193.296875,251387,0.0,0.0
2021-11-29 00:00:00+09:00,237296.03641895085,238631.661389414,233289.16150756142,235515.203125,526535,0.0,0.0
2021-11-30 00:00:00+09:00,237741.2340158046,240412.4838362069,231508.31776819922,232398.734375,603733,0.0,0.0
2021-12-01 00:00:00+09:00,237296.01661213898,253323.5149199007,234179.55860785197,246645.390625,1158036,0.0,0.0
2021-12-02 00:00:00+09:00,246200.22879662522,251987.93761101243,240412.519982238,250652.3125,558575,0.0,0.0
2021-12-03 00:00:00+09:00,251097.4637984155,256439.963028169,249316.630721831,252878.296875,417560,0.0,0.0
2021-12-06 00:00:00+09:00,252878.343641115,260001.6772648084,247535.84342334495,255549.59375,617298,0.0,0.0
2021-12-07 00:00:00+09:00,259556.50043327556,261337.33405545927,253768.79116117852,256885.25,398800,0.0,0.0
2021-12-08 00:00:00+09:00,258220.8125,262672.8954741379,255994.771012931,258220.8125,403743,0.0,0.0
2021-12-09 00:00:00+09:00,255549.60360169492,262672.9375,252878.35338983053,262672.9375,696363,0.0,0.0
2021-12-10 00:00:00+09:00,256885.22968472468,256885.22968472468,249761.89575932504,250652.3125,1049824,0.0,0.0
2021-12-13 00:00:00+09:00,250207.09353222998,259111.2605618467,249316.6768292683,255549.59375,535999,0.0,0.0
2021-12-14 00:00:00+09:00,254213.99956672444,256885.25,250207.1239168111,256885.25,289748,0.0,0.0
2021-12-15 00:00:00+09:00,255104.31150265958,255994.72794769504,250652.22927748229,251097.4375,348499,0.0,0.0
2021-12-16 00:00:00+09:00,252878.30202821872,254213.9268628748,248426.21924603175,252433.09375,424524,0.0,0.0
2021-12-17 00:00:00+09:00,250207.04323630137,260446.8332619863,250207.04323630137,260001.625,499153,0.0,0.0
2021-12-20 00:00:00+09:00,256439.98395721926,256439.98395721926,249316.65106951873,249761.859375,378947,0.0,0.0
2021-12-21 00:00:00+09:00,251097.48429144386,251987.90090240643,248426.23445855617,249761.859375,178706,0.0,0.0
2021-12-22 00:00:00+09:00,250207.02105496454,254659.10328014186,250207.02105496454,251097.4375,228349,0.0,0.0
2021-12-23 00:00:00+09:00,252433.09375,254213.9268628748,251097.46891534392,252433.09375,159175,0.0,0.0
2021-12-24 00:00:00+09:00,252433.08860585387,253768.71341329225,251542.67206756162,252878.296875,167055,0.0,0.0
2021-12-27 00:00:00+09:00,253323.56272202486,253323.56272202486,250207.1041296625,250652.3125,160202,0.0,0.0
2021-12-28 00:00:00+09:00,251542.67719356262,252433.09375,249761.84408068785,252433.09375,337286,0.0,0.0
2021-12-29 00:00:00+09:00,251979.925515233,255152.33464941758,247447.91246639786,252886.328125,329075,5000.0,0.0
2021-12-30 00:00:00+09:00,251979.92474954462,253792.72996357013,248807.515625,248807.515625,219848,0.0,0.0
2022-01-04 00:00:00+09:00,253339.5103348604,261043.93193717278,252433.10779341188,259684.328125,347412,0.0,0.0
2022-01-05 00:00:00+09:00,261497.1505393401,270561.1765545685,259684.34533629444,267841.96875,867085,0.0,0.0
2022-01-06 00:00:00+09:00,269654.7449712643,280984.776272578,265575.93370279146,275999.5625,1038400,0.0,0.0
2022-01-07 00:00:00+09:00,273280.31050204916,277812.32228483603,270107.9022540983,276452.71875,518413,0.0,0.0
2022-01-10 00:00:00+09:00,275546.375,279625.1864720395,272827.1673519737,275546.375,303091,0.0,0.0
2022-01-11 00:00:00+09:00,272373.9199479167,275546.32833333337,268295.1091666667,271920.71875,390725,0.0,0.0
2022-01-12 00:00:00+09:00,272373.9869067103,277812.4026186579,271467.5842880524,276906.0,333786,0.0,0.0
2022-01-13 00:00:00+09:00,281437.9534563622,286423.16680261015,276905.9413234095,277812.34375,526231,0.0,0.0
2022-01-14 00:00:00+09:00,275093.1549435619,277359.16116220737,270107.9412625418,271014.34375,309975,0.0,0.0
2022-01-17 00:00:00+09:00,271014.3666666667,271014.3666666667,263309.9448717949,265122.75,255851,0.0,0.0
2022-01-18 00:00:00+09:00,266935.5626365822,266935.5626365822,257418.3354458042,259231.140625,325795,0.0,0.0
2022-01-19 00:00:00+09:00,254245.89015817223,262403.5123022847,253339.4876977153,257871.5,308227,0.0,0.0
2022-01-20 00:00:00+09:00,258777.93933020104,266482.3613417832,258324.7380354021,259231.140625,383480,0.0,0.0
2022-01-21 00:00:00+09:00,256058.68558843085,256511.8868018617,251979.8746675532,255605.484375,324796,0.0,0.0
2022-01-24 00:00:00+09:00,253792.72996357013,256058.736481102,247447.91171448087,248807.515625,319122,0.0,0.0
2022-01-25 00:00:00+09:00,247447.91387195123,247447.91387195123,240649.89426008443,241556.296875,448495,0.0,0.0
2022-01-26 00:00:00+09:00,241556.296875,241556.296875,241556.296875,241556.296875,0,0.0,0.0
2022-01-27 00:00:00+09:00,238837.07154126212,243822.28555825242,232039.05242718445,233398.65625,463038,0.0,0.0
2022-01-28 00:00:00+09:00,235664.64386792452,242009.4612028302,232492.23520047168,240196.65625,333753,0.0,0.0
2022-02-03 00:00:00+09:00,248807.47536730408,249713.87782765858,242009.4569146455,242915.859375,360416,0.0,0.0
2022-02-04 00:00:00+09:00,242915.92364990688,244728.72905027933,238837.11149906888,243369.125,247870,0.0,0.0
2022-02-07 00:00:00+09:00,242915.92364990688,244275.5277001862,236571.10474860333,243369.125,282832,0.0,0.0
2022-02-08 00:00:00+09:00,243369.125,243369.125,243369.125,243369.125,0,0.0,0.0
2022-02-09 00:00:00+09:00,243369.125,243369.125,243369.125,243369.125,0,0.0,0.0
2022-02-10 00:00:00+09:00,258324.76339285713,259231.16607142857,252886.34732142856,253792.75,312672,0.0,0.0
2022-02-11 00:00:00+09:00,254699.0964439655,264669.5237068965,254245.89520474136,262856.71875,542251,0.0,0.0
2022-02-14 00:00:00+09:00,260590.7687334947,262856.7754181338,256511.95670114437,257418.359375,259367,0.0,0.0
2022-02-15 00:00:00+09:00,258777.90293560605,260137.50662878787,251526.68323863635,254245.890625,420548,0.0,0.0
2022-02-16 00:00:00+09:00,256511.89678030304,256965.09801136365,251979.88446969696,254245.890625,240682,0.0,0.0
2022-02-17 00:00:00+09:00,256058.70500220847,259231.1137367491,251979.89377208482,256511.90625,266814,0.0,0.0
2022-02-18 00:00:00+09:00,251979.93450266428,255152.34375,248807.5252553286,255152.34375,253732,0.0,0.0
2022-02-21 00:00:00+09:00,255152.34375,255152.34375,255152.34375,255152.34375,0,0.0,0.0
2022-02-22 00:00:00+09:00,255152.34375,255152.34375,255152.34375,255152.34375,0,0.0,0.0
2022-02-23 00:00:00+09:00,255152.34375,255152.34375,255152.34375,255152.34375,0,0.0,0.0
2022-02-24 00:00:00+09:00,247447.86285971224,252886.27742805757,246994.66164568346,251979.875,332271,0.0,0.0
2022-02-25 00:00:00+09:00,251979.88112522685,252433.08235027222,247447.86887477312,249713.875,273489,0.0,0.0
2022-02-28 00:00:00+09:00,249713.875,249713.875,249713.875,249713.875,0,0.0,0.0
2022-03-02 00:00:00+09:00,257871.49619708996,260137.50231481483,254699.08763227513,256965.09375,332940,0.0,0.0
2022-03-03 00:00:00+09:00,260137.49774096385,266935.51597461273,257418.29044750432,263309.90625,361119,0.0,0.0
2022-03-04 00:00:00+09:00,263309.90625,263309.90625,263309.90625,263309.90625,0,0.0,0.0
2022-03-07 00:00:00+09:00,259684.387122373,262403.5953644921,258324.78300131348,258777.984375,245246,0.0,0.0
2022-03-08 00:00:00+09:00,255152.2935691682,258777.90342450273,249713.87878616637,250620.28125,360988,0.0,0.0
2022-03-10 00:00:00+09:00,250620.28125,250620.28125,250620.28125,250620.28125,0,0.0,0.0
2022-03-11 00:00:00+09:00,256511.8868018617,258324.6916555851,252886.2770944149,255605.484375,208498,0.0,0.0
2022-03-14 00:00:00+09:00,255605.53386324042,263763.15728440764,254699.1312608885,260137.546875,277812,0.0,0.0
2022-03-15 00:00:00+09:00,260137.546875,260137.546875,260137.546875,260137.546875,0,0.0,0.0
2022-03-16 00:00:00+09:00,256511.90625,258324.71124116608,252886.29626766784,256511.90625,222274,0.0,0.0
2022-03-17 00:00:00+09:00,256511.90625,256511.90625,256511.90625,256511.90625,0,0.0,0.0
2022-03-18 00:00:00+09:00,259684.34557382404,266029.16379028745,257871.54036912022,260137.546875,377985,0.0,0.0
2022-03-21 00:00:00+09:00,260137.546875,260137.546875,260137.546875,260137.546875,0,0.0,0.0
2022-03-22 00:00:00+09:00,261950.35825511944,266935.5726855802,260590.75431953924,265575.96875,324522,0.0,0.0
2022-03-23 00:00:00+09:00,269654.7219106852,277812.34375,269201.5206973899,277812.34375,519555,0.0,0.0
2022-03-24 00:00:00+09:00,275093.17372532893,275999.57627467107,271014.3622532895,275546.375,353201,0.0,0.0
2022-03-25 00:00:00+09:00,275546.3739565943,276452.77650250413,269654.7574081803,271467.5625,263554,0.0,0.0
2022-03-28 00:00:00+09:00,271467.5625,271920.76377295493,266482.3484974958,271467.5625,265949,0.0,0.0
2022-03-29 00:00:00+09:00,272373.9474811873,272827.1487249164,268295.1362876254,271014.34375,284426,0.0,0.0
2022-03-30 00:00:00+09:00,272392.4093211207,274229.79488146555,265502.2134698276,266420.90625,440166,4000.0,0.0
2022-03-31 00:00:00+09:00,267339.614334471,270555.03924914676,266420.92150170647,269177.0,292573,0.0,0.0
2022-04-01 00:00:00+09:00,265961.50764973956,267798.8928493924,262746.0835503472,264583.46875,304417,0.0,0.0
2022-04-04 00:00:00+09:00,263664.83779761905,270095.6875,263205.4913903061,270095.6875,207021,0.0,0.0
2022-04-05 00:00:00+09:00,268717.5461463731,269636.23861183075,264124.0838190846,265961.46875,191471,0.0,0.0
2022-04-06 00:00:00+09:00,262746.1145833334,264583.5,260449.38281250003,261827.421875,235528,0.0,0.0
2022-04-07 00:00:00+09:00,260449.34333221926,263205.4210394385,257693.26562500003,257693.265625,220834,0.0,0.0
2022-04-08 00:00:00+09:00,261368.05457707596,261368.05457707596,258152.63035556534,259990.015625,185278,0.0,0.0
2022-04-11 00:00:00+09:00,259530.70039335664,265502.20323426573,258612.0076486014,262746.125,196683,0.0,0.0
2022-04-12 00:00:00+09:00,262286.75241023937,263664.7913896277,259071.328125,259071.328125,196710,0.0,0.0
2022-04-13 00:00:00+09:00,261827.46606830123,263205.50536339753,259990.08034150614,262286.8125,128670,0.0,0.0
2022-04-14 00:00:00+09:00,262286.7786276224,264583.5104895105,260908.7395104895,262746.125,207690,0.0,0.0
2022-04-15 00:00:00+09:00,268258.31659292034,269636.35589048674,259071.38794247786,259530.734375,443687,0.0,0.0
2022-04-18 00:00:00+09:00,258611.976672924,260449.36194235864,255396.55245141342,259990.015625,181166,0.0,0.0
2022-04-19 00:00:00+09:00,261368.07295277296,265042.84375,259530.68755415946,265042.84375,256646,0.0,0.0
2022-04-20 00:00:00+09:00,265042.77628454234,268258.19991364423,263664.73758635577,265961.46875,218556,0.0,0.0
2022-04-21 00:00:00+09:00,268258.2454013378,275607.7863712375,267798.89909071906,274689.09375,417039,0.0,0.0
2022-04-22 00:00:00+09:00,271473.6875,272851.7265228426,268717.6094543147,271473.6875,254910,0.0,0.0
2022-04-25 00:00:00+09:00,265961.5496066434,266880.2423513986,262746.125,262746.125,251867,0.0,0.0
2022-04-26 00:00:00+09:00,264583.536971831,265042.88339018484,259071.3799515845,260908.765625,302521,0.0,0.0
2022-04-27 00:00:00+09:00,256315.23948965827,256774.5857969874,253559.16164568343,255396.546875,304986,0.0,0.0
2022-04-28 00:00:00+09:00,257693.32483836208,266420.90625,257693.32483836208,266420.90625,341213,0.0,0.0
2022-04-29 00:00:00+09:00,263205.517733564,266880.2893598616,262286.8248269896,265502.25,178473,0.0,0.0
2022-05-02 00:00:00+09:00,261827.45733788394,269636.34641638224,261368.1109215017,269177.0,234352,0.0,0.0
2022-05-03 00:00:00+09:00,268258.3287197232,271014.40743944637,265502.25,265502.25,154703,0.0,0.0
2022-05-04 00:00:00+09:00,265502.26758147514,273770.50428816467,265502.26758147514,267799.0,193167,0.0,0.0
2022-05-06 00:00:00+09:00,262746.125,264583.5104895105,260908.7395104895,262746.125,192881,0.0,0.0
2022-05-10 00:00:00+09:00,254937.2422724185,257233.97418478262,249884.4320652174,253559.203125,291390,0.0,0.0
2022-05-11 00:00:00+09:00,253099.86466871586,254018.5574624317,250803.13268442624,252181.171875,177462,0.0,0.0
2022-05-12 00:00:00+09:00,250803.15625,256315.3135302198,250343.8098099817,250803.15625,251662,0.0,0.0
2022-05-13 00:00:00+09:00,254018.4953487077,259071.30447860964,250803.0713569519,257693.265625,254670,0.0,0.0
2022-05-16 00:00:00+09:00,259071.3803380783,260908.7660142349,256774.64824288257,258152.6875,175543,0.0,0.0
2022-05-17 00:00:00+09:00,259990.03902173913,265042.8489673913,259990.03902173913,264124.15625,190081,0.0,0.0
2022-05-18 00:00:00+09:00,265502.1613498264,266880.20024956594,263664.7761501736,264583.46875,193713,0.0,0.0
2022-05-19 00:00:00+09:00,257233.95833333334,264124.1536458334,256774.6119791667,261827.421875,262911,0.0,0.0
2022-05-20 00:00:00+09:00,263205.5351629503,269177.03945111495,263205.5351629503,267799.0,206080,0.0,0.0
2022-05-23 00:00:00+09:00,268717.625,270095.6641025641,265502.2004273504,268717.625,189083,0.0,0.0
2022-05-24 00:00:00+09:00,267798.982266436,271473.7538927336,265502.25,265502.25,221667,0.0,0.0
2022-05-25 00:00:00+09:00,269176.950408778,270095.6430722892,266880.21875,266880.21875,201411,0.0,0.0
2022-05-26 00:00:00+09:00,265502.2234268707,270095.6875,265502.2234268707,270095.6875,245009,0.0,0.0
2022-05-27 00:00:00+09:00,271014.38031462586,272392.4195365646,268258.3018707483,270095.6875,240511,0.0,0.0
2022-05-30 00:00:00+09:00,271014.38031462586,271933.07312925166,268717.6482780612,270095.6875,200031,0.0,0.0
2022-05-31 00:00:00+09:00,270095.71453287196,270095.71453287196,264583.5570934256,265502.25,695314,0.0,0.0
2022-06-02 00:00:00+09:00,267798.8928493924,267798.8928493924,262746.0835503472,264583.46875,311949,0.0,0.0
2022-06-03 00:00:00+09:00,266880.2526400862,271014.3701508621,265502.2134698276,266420.90625,237752,0.0,0.0
2022-06-07 00:00:00+09:00,266420.92225609755,269177.00076219515,263205.49733231706,263664.84375,243572,0.0,0.0
2022-06-08 00:00:00+09:00,264124.1982267951,266420.93038528896,261827.46606830123,262286.8125,151759,0.0,0.0
2022-06-09 00:00:00+09:00,262286.7786276224,263664.81774475524,260908.7395104895,262746.125,262830,0.0,0.0
2022-06-10 00:00:00+09:00,259530.6901041667,259530.6901041667,255396.5729166667,256315.265625,284607,0.0,0.0
2022-06-13 00:00:00+09:00,251262.4504139459,251721.7967583955,246209.640625,246209.640625,374998,0.0,0.0
2022-06-14 00:00:00+09:00,240697.49217267553,243453.57032732447,239778.79945445922,242075.53125,395108,0.0,0.0
2022-06-15 00:00:00+09:00,243912.91141849905,244372.25776768642,237941.4088790631,240238.140625,281819,0.0,0.0
2022-06-16 00:00:00+09:00,242075.52608060747,248047.02862149532,242075.52608060747,245750.296875,301214,0.0,0.0
2022-06-17 00:00:00+09:00,238860.1119047619,243453.5755952381,238400.76553571428,241156.84375,627182,0.0,0.0
2022-06-20 00:00:00+09:00,242534.88861386137,242534.88861386137,230132.536355198,231969.921875,350343,0.0,0.0
2022-06-21 00:00:00+09:00,232888.60946856288,234266.64857784432,228295.14577095807,230132.53125,219217,0.0,0.0
2022-06-22 00:00:00+09:00,231969.89529639177,231969.89529639177,221404.92976804124,222782.96875,371830,0.0,0.0
2022-06-23 00:00:00+09:00,220486.233974359,221404.9266159188,214514.7318042201,214974.078125,437747,0.0,0.0
2022-06-24 00:00:00+09:00,214974.1193539916,220026.92985162817,210840.00167410716,218648.890625,328581,0.0,0.0
2022-06-27 00:00:00+09:00,220945.62266938027,221404.9690782563,214514.77294511555,218648.890625,297209,0.0,0.0
2022-06-28 00:00:00+09:00,219108.19560185185,223242.3125,219108.19560185185,223242.3125,257774,0.0,0.0
2022-06-29 00:00:00+09:00,221374.18930288462,221841.22345753206,217637.91606570513,218571.984375,302546,4000.0,0.0
2022-06-30 00:00:00+09:00,218572.005016269,219973.10761252712,215302.765625,215302.765625,323966,0.0,0.0
2022-07-01 00:00:00+09:00,219039.0115591398,220907.14811827955,214835.70430107525,217170.875,298947,0.0,0.0
2022-07-04 00:00:00+09:00,218104.9738111413,219506.07642663043,211566.4949388587,214835.734375,265047,0.0,0.0
2022-07-05 00:00:00+09:00,217637.93632075473,223242.34669811322,215769.7995283019,222775.3125,287694,0.0,0.0
2022-07-06 00:00:00+09:00,220440.14483695655,220907.1790421196,214835.734375,214835.734375,324077,0.0,0.0
2022-07-07 00:00:00+09:00,216703.87119565217,217170.90540081522,212500.56334918478,214835.734375,266156,0.0,0.0
2022-07-08 00:00:00+09:00,217170.88372564933,219973.08867694804,215769.78125,215769.78125,209419,0.0,0.0
2022-07-11 00:00:00+09:00,216236.83699048913,216703.87119565217,212967.59755434783,214835.734375,130550,0.0,0.0
2022-07-12 00:00:00+09:00,214368.69450672646,214368.69450672646,206429.11322869954,208297.25,252206,0.0,0.0
2022-07-13 00:00:00+09:00,208297.24510209713,213434.62110237306,208297.24510209713,211566.484375,187735,0.0,0.0
2022-07-14 00:00:00+09:00,208297.25,210165.38677130046,207363.18161434977,208297.25,310781,0.0,0.0
2022-07-15 00:00:00+09:00,210165.39655412946,212967.60184151787,206896.15705217634,209231.328125,298831,0.0,0.0
2022-07-18 00:00:00+09:00,211099.45019315675,212033.51855684328,207363.1767384106,211566.484375,273744,0.0,0.0
2022-07-19 00:00:00+09:00,211566.4949388587,215302.76858016304,210632.4265285326,214835.734375,273542,0.0,0.0
2022-07-20 00:00:00+09:00,218571.99609375,218571.99609375,215302.7568359375,216703.859375,199103,0.0,0.0
2022-07-21 00:00:00+09:00,214835.72074468085,219506.0625,212967.58404255318,219506.0625,260004,0.0,0.0
2022-07-22 00:00:00+09:00,219973.0868389423,220907.1551482372,217170.8819110577,218571.984375,168210,0.0,0.0
2022-07-25 00:00:00+09:00,218104.9473280917,220440.11807036249,217170.87903118337,219039.015625,342567,0.0,0.0
2022-07-26 00:00:00+09:00,219039.02541135883,220440.1279193206,217637.92290339703,219973.09375,103839,0.0,0.0
2022-07-27 00:00:00+09:00,219973.0879360465,221374.19040697673,218571.98546511628,220907.15625,185386,0.0,0.0
2022-07-28 00:00:00+09:00,222775.3125,223709.38089622642,221374.2099056604,222775.3125,179304,0.0,0.0
2022-07-29 00:00:00+09:00,221841.2391851756,226978.6152505165,221841.2391851756,226044.546875,306236,0.0,0.0
2022-08-01 00:00:00+09:00,228846.7320963542,228846.7320963542,222775.28818359377,224176.390625,273551,0.0,0.0
2022-08-02 00:00:00+09:00,224176.38241525425,224643.41654528602,219039.00698490467,220440.109375,278244,0.0,0.0
2022-08-03 00:00:00+09:00,219039.02541135883,221841.2304272824,217170.88873407643,219973.09375,272038,0.0,0.0
2022-08-04 00:00:00+09:00,221374.17931866954,223242.3158530043,217170.8721164163,217637.90625,430497,0.0,0.0
2022-08-05 00:00:00+09:00,219039.03314196243,225110.47755741127,217637.93058455116,223709.375,374503,0.0,0.0
2022-08-08 00:00:00+09:00,223709.35647786458,225110.45891927084,220907.1515950521,224176.390625,181139,0.0,0.0
2022-08-09 00:00:00+09:00,229313.76273501015,232583.00171493902,226978.59203506098,229780.796875,318194,0.0,0.0
2022-08-10 00:00:00+09:00,231181.91602741447,234918.18941775654,229780.8135060362,232115.984375,312580,0.0,0.0
2022-08-11 00:00:00+09:00,234918.1866488327,240989.63083657587,233517.08414396888,240055.5625,378261,0.0,0.0
2022-08-12 00:00:00+09:00,240055.57899807324,244258.88680154143,238654.47639691716,242390.75,304190,0.0,0.0
2022-08-16 00:00:00+09:00,246127.00072674418,248929.20566860464,240055.5566860465,240989.625,368851,0.0,0.0
2022-08-17 00:00:00+09:00,242857.76162790696,247995.13735465115,240522.59084302324,240989.625,345970,0.0,0.0
2022-08-18 00:00:00+09:00,238187.41607666016,240055.55267333984,235385.21118164062,239121.484375,262167,0.0,0.0
2022-08-19 00:00:00+09:00,239588.55579044117,239588.55579044117,234918.21357230394,238187.453125,256031,0.0,0.0
2022-08-22 00:00:00+09:00,235385.2206325301,236786.32313629516,231648.9472891566,232583.015625,297487,0.0,0.0
2022-08-23 00:00:00+09:00,230247.86611643143,233984.13980594758,228379.72927167336,231648.96875,279380,0.0,0.0
2022-08-24 00:00:00+09:00,229780.81542769857,231648.9521384929,226978.61036150713,229313.78125,267236,0.0,0.0
2022-08-25 00:00:00+09:00,230714.88572854293,233984.125,229313.78318363274,233984.125,234092,0.0,0.0
2022-08-26 00:00:00+09:00,235852.2548004518,237253.35730421686,231181.91312123492,232583.015625,238026,0.0,0.0
2022-08-29 00:00:00+09:00,225577.50105660863,229313.77436603484,224176.3985655738,227912.671875,209755,0.0,0.0
2022-08-30 00:00:00+09:00,230247.84679502953,238654.46189099408,228846.74427903543,237253.359375,341331,0.0,0.0
2022-08-31 00:00:00+09:00,234918.21357230394,240989.65845588237,232583.0424632353,238187.453125,468949,0.0,0.0
2022-09-01 00:00:00+09:00,235852.23150321146,242390.70920825098,234918.16325963437,236319.265625,437904,0.0,0.0
2022-09-02 00:00:00+09:00,236319.27483485773,237253.3431148374,229780.796875,229780.796875,450262,0.0,0.0
2022-09-05 00:00:00+09:00,229780.82116336634,237253.3681930693,228846.75278465348,235852.265625,307203,0.0,0.0
2022-09-06 00:00:00+09:00,232115.9921101485,237720.40238242573,232115.9921101485,235852.265625,209262,0.0,0.0
2022-09-07 00:00:00+09:00,232115.96757494917,233050.03585492886,226044.5237550813,229780.796875,413650,0.0,0.0
2022-09-08 00:00:00+09:00,226511.55263328156,228846.7232789855,221841.2113418737,225577.484375,497799,0.0,0.0
2022-09-13 00:00:00+09:00,224176.42137096773,233517.10559475806,224176.42137096773,231648.96875,539335,0.0,0.0
2022-09-14 00:00:00+09:00,224176.40918580376,226511.58011482254,221841.23825678497,223709.375,382467,0.0,0.0
2022-09-15 00:00:00+09:00,223242.33590425533,223242.33590425533,213434.61821808512,219506.0625,514057,0.0,0.0
2022-09-16 00:00:00+09:00,216236.83402250544,220907.17601003253,214835.7314262473,215302.765625,392504,0.0,0.0
2022-09-19 00:00:00+09:00,213901.64461580085,216703.84956709956,212967.5762987013,215769.78125,245546,0.0,0.0
2022-09-20 00:00:00+09:00,217637.93058455116,225110.47755741127,217637.93058455116,223709.375,339939,0.0,0.0
2022-09-21 00:00:00+09:00,222308.28125,225110.48647584036,219973.1102284664,222308.28125,208920,0.0,0.0
2022-09-22 00:00:00+09:00,219506.0595806794,220907.1620886412,218571.99124203823,219973.09375,197040,0.0,0.0
2022-09-23 00:00:00+09:00,220440.109375,226511.55306541314,218571.9728548729,220440.109375,240590,0.0,0.0
2022-09-26 00:00:00+09:00,215302.7217427617,217170.8581570156,207830.17608574612,209698.3125,412237,0.0,0.0
2022-09-27 00:00:00+09:00,211099.43572598253,214368.67477483622,209231.29912663755,213901.640625,409286,0.0,0.0
2022-09-28 00:00:00+09:00,212033.52535635966,217170.90152138157,210632.42276589913,212967.59375,373979,0.0,0.0
2022-09-29 00:00:00+09:00,215794.56698462414,216736.9013382688,206371.22344817768,206842.390625,421889,2000.0,0.0
2022-09-30 00:00:00+09:00,205900.0868261256,206371.2540728673,198832.578125,198832.578125,412612,0.0,0.0
2022-10-04 00:00:00+09:00,203073.06537921348,212967.57668539326,202601.8981741573,209669.40625,322898,0.0,0.0
2022-10-05 00:00:00+09:00,212967.61308856503,213438.7803741592,207313.605661435,210140.609375,236774,0.0,0.0
2022-10-06 00:00:00+09:00,211082.921875,214381.09252929688,210140.58740234375,211082.921875,183132,0.0,0.0
2022-10-07 00:00:00+09:00,210611.76210678808,214852.26738410597,210140.59485375276,213438.765625,274457,0.0,0.0
2022-10-11 00:00:00+09:00,212025.26494565216,217679.27201086955,210611.76317934782,216736.9375,512457,0.0,0.0
2022-10-12 00:00:00+09:00,217208.0719146406,224275.57967758985,213909.9016252643,222862.078125,386804,0.0,0.0
2022-10-13 00:00:00+09:00,223804.421875,230871.92993421052,223333.25467105265,223804.421875,515327,0.0,0.0
2022-10-14 00:00:00+09:00,226631.4416285569,234641.28467987804,225217.93991361788,231814.28125,467706,0.0,0.0
2022-10-17 00:00:00+09:00,229458.4433712121,235112.45018939392,228987.27613636362,233227.78125,293992,0.0,0.0
2022-10-18 00:00:00+09:00,236997.11103125,238410.6126875,230400.76996875,235583.609375,364684,0.0,0.0
2022-10-19 00:00:00+09:00,235583.63970588235,243122.3161764706,234641.30514705883,240295.3125,493090,0.0,0.0
2022-10-20 00:00:00+09:00,238881.7986421131,239824.13315352183,233698.9588293651,237468.296875,613413,0.0,0.0
2022-10-21 00:00:00+09:00,235583.6000251004,236525.9344252008,228987.2592243976,234641.265625,372162,0.0,0.0
2022-10-24 00:00:00+09:00,240295.24634576615,241237.5806451613,231343.07050151212,233698.90625,306768,0.0,0.0
2022-10-25 00:00:00+09:00,232285.43469467643,232756.60190501044,222390.92327766182,225689.09375,588197,0.0,0.0
2022-10-26 00:00:00+09:00,223804.43285205695,227102.6034414557,221448.59671677215,223333.265625,377516,0.0,0.0
2022-10-27 00:00:00+09:00,226160.2560240964,235583.6000251004,225689.0888240462,234641.265625,476197,0.0,0.0
2022-10-28 00:00:00+09:00,232285.45774291496,236525.96305668016,231343.12322874492,232756.625,390447,0.0,0.0
2022-10-31 00:00:00+09:00,235583.6000251004,235583.6000251004,230400.7608245482,234641.265625,378237,0.0,0.0
2022-11-01 00:00:00+09:00,235583.60449410608,240766.44379297644,232756.60124017682,239824.109375,332397,0.0,0.0
2022-11-02 00:00:00+09:00,242179.96699709864,251603.312016441,240295.29799323017,243593.46875,677114,0.0,0.0
2022-11-03 00:00:00+09:00,238881.77634447673,247362.78615552324,237939.44192102712,243122.28125,557476,0.0,0.0
2022-11-04 00:00:00+09:00,242651.1424255371,245478.14602661133,237939.46975708008,241237.640625,341234,0.0,0.0
2022-11-07 00:00:00+09:00,243122.2964511754,260555.484375,243122.2964511754,260555.484375,786325,0.0,0.0
2022-11-08 00:00:00+09:00,261497.785885989,263853.62179487175,255843.7797046703,257257.28125,574555,0.0,0.0
2022-11-09 00:00:00+09:00,259613.1370149912,268565.31415343913,259141.96979717814,267151.8125,698635,0.0,0.0
2022-11-10 00:00:00+09:00,263853.634341637,271863.4768127224,261968.96552491104,264795.96875,695094,0.0,0.0
2022-11-11 00:00:00+09:00,272334.6707530648,272334.6707530648,265267.16199649737,269036.5,539139,0.0,0.0
2022-11-14 00:00:00+09:00,275161.6948217317,283642.70596349746,274219.3602504244,277517.53125,919941,0.0,0.0
2022-11-15 00:00:00+09:00,278459.8695861921,279873.37146226416,272334.6947898799,274690.53125,469800,0.0,0.0
2022-11-16 00:00:00+09:00,273748.11702473956,273748.11702473956,262440.10530598956,271392.28125,705848,0.0,0.0
2022-11-17 00:00:00+09:00,268565.33450704225,273748.17429577466,266209.4982394366,267623.0,331954,0.0,0.0
2022-11-18 00:00:00+09:00,271392.34196891193,278459.8508743523,270921.1747085492,272805.84375,401272,0.0,0.0
2022-11-21 00:00:00+09:00,273277.03314558056,273277.03314558056,267623.0255632582,271863.53125,266548,0.0,0.0
2022-11-22 00:00:00+09:00,271392.3076923077,277988.6485042735,269978.8060897436,275632.8125,315350,0.0,0.0
2022-11-23 00:00:00+09:00,278459.8508743523,279402.18539507774,272334.6764896373,272805.84375,310435,0.0,0.0
2022-11-24 00:00:00+09:00,274219.34553108807,277517.51635362697,271863.5092292746,272805.84375,259179,0.0,0.0
2022-11-25 00:00:00+09:00,273748.14054568525,279402.14689086296,273748.14054568525,278459.8125,320362,0.0,0.0
2022-11-28 00:00:00+09:00,278459.8455038265,280815.6817602041,275161.67474489793,277046.34375,341848,0.0,0.0
2022-11-29 00:00:00+09:00,276103.98903321975,278930.9923339012,275161.65459965926,276575.15625,223793,0.0,0.0
2022-11-30 00:00:00+09:00,277517.48419240396,285527.3266903172,276575.1497808848,282229.15625,917771,0.0,0.0
2022-12-01 00:00:00+09:00,286940.82667151163,288825.49548380397,281757.9874377076,283642.65625,496246,0.0,0.0
2022-12-02 00:00:00+09:00,279873.3251059322,283642.6628177966,277046.3218220339,277988.65625,450549,0.0,0.0
2022-12-05 00:00:00+09:00,278930.9923339012,280344.4939842419,272334.65129897784,276575.15625,498884,0.0,0.0
2022-12-06 00:00:00+09:00,272334.64856020943,275161.6518324607,266680.6420157068,269978.8125,505646,0.0,0.0
2022-12-07 00:00:00+09:00,267151.825862069,276104.00344827585,266209.4913793103,273277.0,330579,0.0,0.0
2022-12-08 00:00:00+09:00,273276.9829842932,274219.31740837696,267622.97643979057,269978.8125,576852,0.0,0.0
2022-12-09 00:00:00+09:00,269507.6690140845,271392.338028169,261497.82570422534,267623.0,490437,0.0,0.0
2022-12-12 00:00:00+09:00,264324.78909010603,269978.7952738516,261968.953180212,266680.625,241773,0.0,0.0
2022-12-13 00:00:00+09:00,269036.47807591624,273748.1501963351,266680.6420157068,269978.8125,374379,0.0,0.0
2022-12-14 00:00:00+09:00,269978.7921765734,272805.79523601395,268094.1234702797,269507.625,286313,0.0,0.0
2022-12-15 00:00:00+09:00,266680.645282187,268094.1469356261,264324.8091931217,267151.8125,246861,0.0,0.0
2022-12-16 00:00:00+09:00,262911.28125,264795.9499327957,261026.61256720428,262911.28125,360911,0.0,0.0
2022-12-19 00:00:00+09:00,261497.78752220247,266680.62655417406,260555.4531527531,265267.125,221946,0.0,0.0
2022-12-20 00:00:00+09:00,265267.1359541815,266680.63756672596,263382.46713745553,264795.96875,225221,0.0,0.0
2022-12-21 00:00:00+09:00,266680.6204347826,276575.13108695654,266209.45326086954,270921.125,470239,0.0,0.0
2022-12-22 00:00:00+09:00,272334.6764896373,274219.34553108807,267623.0038860104,272805.84375,263381,0.0,0.0
2022-12-23 00:00:00+09:00,268565.360160312,272805.8658470537,267151.85826473136,271863.53125,341122,0.0,0.0
2022-12-26 00:00:00+09:00,272805.8511344178,276575.1893193493,272334.6838613014,275161.6875,331276,0.0,0.0
2022-12-27 00:00:00+09:00,276104.0220462329,277517.5238655822,273748.1856806507,275161.6875,424295,0.0,0.0
2022-12-28 00:00:00+09:00,275636.0833333333,279905.8333333333,273738.4166666667,276110.5,413622,2000.0,0.0
2022-12-29 00:00:00+09:00,273738.4057979204,274212.82244575047,261877.98960216998,262352.40625,606222,0.0,0.0
2023-01-02 00:00:00+09:00,262826.80681295955,264724.4732881434,257608.22400620405,258082.640625,360653,0.0,0.0
2023-01-03 00:00:00+09:00,257608.22400620405,259980.30710018383,251915.22458065258,258082.640625,359010,0.0,0.0
2023-01-04 00:00:00+09:00,254761.75,261878.0,254287.3333333333,260454.75,218258,0.0,0.0
2023-01-05 00:00:00+09:00,262352.39598294435,267570.9789048474,259980.31283662477,264250.0625,327195,0.0,0.0
2023-01-06 00:00:00+09:00,264250.0326158217,272789.53097683564,264250.0326158217,271366.28125,390204,0.0,0.0
2023-01-09 00:00:00+09:00,274687.2291306228,275161.6457612457,271840.7293468858,274212.8125,267873,0.0,0.0
2023-01-10 00:00:00+09:00,274212.8333333333,276584.9166666667,272789.5833333333,276110.5,311729,0.0,0.0
2023-01-11 00:00:00+09:00,278008.17711900687,278482.5938035103,275636.09369648976,277059.34375,301818,0.0,0.0
2023-01-12 00:00:00+09:00,278482.5833333333,279905.8333333333,276110.5,276110.5,325084,0.0,0.0
2023-01-13 00:00:00+09:00,278956.9899590164,289394.15625,278482.57330942625,289394.15625,762472,0.0,0.0
2023-01-16 00:00:00+09:00,290342.9590032154,296984.79139871383,287022.0428054663,295087.125,547935,0.0,0.0
2023-01-17 00:00:00+09:00,294612.7605871522,297933.67737315875,289394.17706628476,289868.59375,333407,0.0,0.0
2023-01-18 00:00:00+09:00,288919.78171875,290343.031875,282752.364375,284650.03125,413955,0.0,0.0
2023-01-19 00:00:00+09:00,282277.90635399334,287970.90614600666,281803.4897046589,285124.40625,230209,0.0,0.0
2023-01-20 00:00:00+09:00,285124.39637358184,293663.89576580224,285124.39637358184,292715.0625,280284,0.0,0.0
2023-01-25 00:00:00+09:00,296035.97893030796,296510.3955632091,286547.64627228526,292715.0625,2785,0.0,0.0
2023-01-26 00:00:00+09:00,287970.90659832803,298408.0729000796,286073.2399980095,297933.65625,2996,0.0,0.0
2023-01-27 00:00:00+09:00,297933.64566613163,297933.64566613163,293189.47933386837,295561.5625,3032,0.0,0.0
2023-01-30 00:00:00+09:00,294138.312600321,298882.4789325842,287022.0631019262,295561.5625,25326,0.0,0.0
2023-01-31 00:00:00+09:00,291766.2394460461,292240.6560955519,284649.98970345967,287970.90625,3053,0.0,0.0
2023-02-01 00:00:00+09:00,286547.6563014827,288919.7395490115,285124.4063529654,287970.90625,2543,0.0,0.0
2023-02-02 00:00:00+09:00,291291.82279654033,293189.4893945634,286547.6563014827,287970.90625,2369,0.0,0.0
2023-02-03 00:00:00+09:00,286547.6563014827,289394.1561985173,282752.3231054366,287970.90625,2184,0.0,0.0
2023-02-06 00:00:00+09:00,284649.989548495,287496.4894439799,282752.322951505,283701.15625,9340,0.0,0.0
2023-02-07 00:00:00+09:00,281803.44809144293,284175.53098783555,278482.5320364933,282752.28125,2592,0.0,0.0
2023-02-08 00:00:00+09:00,284649.9475671141,289394.1133598993,282752.28125,282752.28125,4008,0.0,0.0
2023-02-09 00:00:00+09:00,282277.8862847222,291766.21859681373,279905.8032066993,290342.96875,4345,0.0,0.0
2023-02-10 00:00:00+09:00,290817.44859375,290817.44859375,283701.1978125,284650.03125,3265,0.0,0.0
2023-02-13 00:00:00+09:00,283226.75,288919.75,281803.5,288919.75,1912,0.0,0.0
2023-02-14 00:00:00+09:00,290817.42706636805,296984.84395358304,288919.76033184037,291291.84375,2348,0.0,0.0
2023-02-15 00:00:00+09:00,293663.9463805683,312166.19825268816,292715.11295122886,308845.28125,7315,0.0,0.0
2023-02-16 00:00:00+09:00,312166.125,312640.54160334344,306473.1257598784,312166.125,6074,0.0,0.0
2023-02-17 00:00:00+09:00,308845.1992421407,328296.2793787425,308370.7826534431,316910.28125,5203,0.0,0.0
2023-02-20 00:00:00+09:00,323552.1769328035,331617.26052203757,320705.67684248555,328296.34375,6422,0.0,0.0
2023-02-21 00:00:00+09:00,329245.1771134393,330668.42715859826,321654.51020592486,328296.34375,5996,0.0,0.0
2023-02-22 00:00:00+09:00,321654.4893637048,324026.5726185994,312166.1563441265,315012.65625,5589,0.0,0.0
2023-02-23 00:00:00+09:00,315961.4372171946,318807.9366515837,308370.77205882355,314538.1875,2363,0.0,0.0
2023-02-24 00:00:00+09:00,315012.6129658385,315012.6129658385,303152.19832104037,305524.28125,5189,0.0,0.0
2023-02-27 00:00:00+09:00,299356.86515478056,305524.2807601881,297459.1988146552,302677.78125,873124,0.0,0.0
2023-02-28 00:00:00+09:00,305998.75,307896.4166666667,299356.9166666667,301729.0,1446654,0.0,0.0
2023-03-02 00:00:00+09:00,308845.22987759643,326398.64540059346,308370.81324183976,319756.8125,1333108,0.0,0.0
2023-03-03 00:00:00+09:00,322128.9060146837,323552.1559676205,312640.5729951054,315012.65625,797958,0.0,0.0
2023-03-06 00:00:00+09:00,316910.312215478,317859.1454855842,304575.4797040971,312640.5625,1270453,0.0,0.0
2023-03-07 00:00:00+09:00,313589.4063899254,326873.0726212687,313114.989738806,317859.15625,1022487,0.0,0.0
2023-03-08 00:00:00+09:00,315487.04122340423,315487.04122340423,309794.04198328266,312166.125,612776,0.0,0.0
2023-03-09 00:00:00+09:00,313589.4166666667,316435.9166666667,305049.9166666667,305998.75,686362,0.0,0.0
2023-03-10 00:00:00+09:00,299831.3436037442,307896.42721333855,298408.0935549922,304101.09375,386284,0.0,0.0
2023-03-13 00:00:00+09:00,301729.0,311217.3333333333,299356.9166666667,310268.5,585821,0.0,0.0
2023-03-14 00:00:00+09:00,307896.395272943,307896.395272943,299831.3125,299831.3125,599657,0.0,0.0
2023-03-15 00:00:00+09:00,306947.5317285605,312640.53077143955,303626.6156202144,309794.03125,626558,0.0,0.0
2023-03-16 00:00:00+09:00,303152.27060758515,310268.52109133126,300780.1871130031,306473.1875,662637,0.0,0.0
2023-03-17 00:00:00+09:00,312166.1666666667,315487.0833333333,304101.0833333333,304575.5,688227,0.0,0.0
2023-03-20 00:00:00+09:00,300305.69832484325,307896.3636853448,298408.0319847179,302677.78125,408075,0.0,0.0
2023-03-21 00:00:00+09:00,305524.2807601881,308845.19685540756,302677.78125,302677.78125,432909,0.0,0.0
2023-03-22 00:00:00+09:00,305998.71946022724,320231.2180397727,305998.71946022724,313114.96875,881894,0.0,0.0
2023-03-23 00:00:00+09:00,310268.4585866261,315487.04122340423,308370.79217325227,312166.125,878007,0.0,0.0
2023-03-24 00:00:00+09:00,313114.9466226708,313114.9466226708,303626.6149068323,305524.28125,595650,0.0,0.0
2023-03-27 00:00:00+09:00,310268.4897402108,318807.9894578313,308845.2397872741,315012.65625,788021,0.0,0.0
2023-03-28 00:00:00+09:00,316910.3333333333,326398.6666666667,315487.0833333333,321654.5,822344,0.0,0.0
2023-03-29 00:00:00+09:00,326398.65615835774,326873.07280975074,319282.4063874633,323552.15625,711759,0.0,0.0
2023-03-30 00:00:00+09:00,325941.7614138439,328809.2842415316,320206.7157584683,324508.0,700132,2500.0,0.0
2023-03-31 00:00:00+09:00,323074.21161684784,374689.6182065218,322118.3707540761,351749.4375,3767223,0.0,0.0
2023-04-03 00:00:00+09:00,367998.73883928574,383770.1133609694,364653.2957589286,374689.625,2647969,0.0,0.0
2023-04-04 00:00:00+09:00,374689.61512261577,377079.21725987736,349837.7528950953,350793.59375,2636739,0.0,0.0
2023-04-05 00:00:00+09:00,346492.34333165997,361307.8780120482,342191.0590696118,357006.59375,1920793,0.0,0.0
2023-04-06 00:00:00+09:00,352227.3576724138,352705.2781034483,345058.55120689655,346492.3125,1599156,0.0,0.0
2023-04-07 00:00:00+09:00,349359.8550828823,355572.82104194857,345536.49141576455,353183.21875,1161822,0.0,0.0
2023-04-10 00:00:00+09:00,371822.1663268507,391416.9077399624,368954.6431932246,380902.65625,3400129,0.0,0.0
2023-04-11 00:00:00+09:00,384725.9687893577,393328.5370355793,374211.7187106423,379468.84375,2388116,0.0,0.0
2023-04-12 00:00:00+09:00,383770.1081642066,413879.0954797048,381380.50599631,388549.3125,4199534,0.0,0.0
2023-04-13 00:00:00+09:00,376601.28959131544,380902.57335568324,359396.1545338442,374211.6875,2625269,0.0,0.0
2023-04-14 00:00:00+09:00,388071.4340444712,402409.04860276444,378513.0243389423,397629.84375,2744732,0.0,0.0
2023-04-17 00:00:00+09:00,400975.26136363635,416746.63636363635,398107.73863636365,404798.625,2943959,0.0,0.0
2023-04-18 00:00:00+09:00,411967.37273823883,414834.8950542823,394762.2388419783,396196.0,2542208,0.0,0.0
2023-04-19 00:00:00+09:00,397151.91205248784,407188.2419599514,392850.627806432,393806.46875,1910849,0.0,0.0
2023-04-20 00:00:00+09:00,390938.89209401706,407188.1858974359,387115.5288461538,391416.8125,1735312,0.0,0.0
2023-04-21 00:00:00+09:00,386159.7272727273,389983.09090909094,375167.5568181818,378513.0,1811713,0.0,0.0
2023-04-24 00:00:00+09:00,372300.0868491217,390938.9872176914,371822.1663268507,380902.65625,1492362,0.0,0.0
2023-04-25 00:00:00+09:00,382814.2181324111,385203.8199934124,359396.11989459815,362741.5625,2061154,0.0,0.0
2023-04-26 00:00:00+09:00,360352.0313761777,365609.1565023553,353661.14485195157,355094.90625,1356256,0.0,0.0
2023-04-27 00:00:00+09:00,354139.0323401163,370866.24709302327,352705.2710755814,369910.40625,1259153,0.0,0.0
2023-04-28 00:00:00+09:00,382336.3726790451,382814.2931448939,359396.19031830237,360352.03125,1523535,0.0,0.0
2023-05-02 00:00:00+09:00,362263.72709424084,370388.37532722513,360352.04515706806,365131.25,997936,0.0,0.0
2023-05-03 00:00:00+09:00,365131.21299342107,368476.6560444079,361307.84950657893,363219.53125,768864,0.0,0.0
2023-05-04 00:00:00+09:00,359874.08533970977,364653.28966029023,356528.64231530344,362263.6875,621657,0.0,0.0
2023-05-08 00:00:00+09:00,367042.93877551024,367042.93877551024,350793.6420068027,351271.5625,1063039,0.0,0.0
2023-05-09 00:00:00+09:00,346970.2139616936,356528.62205981184,344102.69153225806,355572.78125,1089617,0.0,0.0
2023-05-10 00:00:00+09:00,353661.11338797817,359396.15846994537,349359.8295765027,349837.75,798825,0.0,0.0
2023-05-11 00:00:00+09:00,353661.11896551726,356528.64155172417,346492.3125,346492.3125,836456,0.0,0.0
2023-05-12 00:00:00+09:00,343624.792769945,351749.4401650619,343624.792769945,347448.15625,627365,0.0,0.0
2023-05-15 00:00:00+09:00,347448.1536175272,352705.2783627718,340279.34714673914,351749.4375,805678,0.0,0.0
2023-05-16 00:00:00+09:00,356050.7443488529,357484.50573549257,351749.4601889339,354139.0625,613026,0.0,0.0
2023-05-17 00:00:00+09:00,353183.2669763514,356050.79011824325,351271.5848817568,353661.1875,409493,0.0,0.0
2023-05-18 00:00:00+09:00,356528.65625,357962.4176022118,351271.5312918901,356528.65625,562035,0.0,0.0
2023-05-19 00:00:00+09:00,357006.5999228395,357962.4408864883,347448.19028635114,348404.03125,609598,0.0,0.0
2023-05-22 00:00:00+09:00,344580.63384993223,355094.88342649053,343146.87254403793,352705.28125,528344,0.0,0.0
2023-05-23 00:00:00+09:00,355572.82659151196,365131.23590848804,354139.0651939655,360352.03125,827935,0.0,0.0
2023-05-24 00:00:00+09:00,360352.0140667116,360352.0140667116,354616.96875,354616.96875,679805,0.0,0.0
2023-05-25 00:00:00+09:00,352227.38073630136,352227.38073630136,347926.09657534247,348881.9375,529820,0.0,0.0
2023-05-26 00:00:00+09:00,346970.25858183077,350315.7018463939,344102.73578363383,344580.65625,573455,0.0,0.0
2023-05-30 00:00:00+09:00,345536.5197572314,352227.40672348486,344580.6787620524,346970.28125,618415,0.0,0.0
2023-05-31 00:00:00+09:00,347926.11388888885,351749.47777777776,344102.75,344102.75,783723,0.0,0.0
2023-06-01 00:00:00+09:00,345058.59375,346970.27570983383,341235.22983033245,345058.59375,563485,0.0,0.0
2023-06-02 00:00:00+09:00,347926.0826693227,361307.85507968126,345536.48045318725,359874.09375,898394,0.0,0.0
2023-06-05 00:00:00+09:00,365131.2496774194,372777.97741935484,361307.8858064516,370388.375,1059256,0.0,0.0
2023-06-07 00:00:00+09:00,370866.26705276704,373733.78973616473,368954.58526383527,371344.1875,854667,0.0,0.0
2023-06-08 00:00:00+09:00,371344.2017155283,378513.0086984536,368954.5993878866,370866.28125,911859,0.0,0.0
2023-06-09 00:00:00+09:00,376123.39205266495,378035.07384200505,371344.1875793147,376601.3125,680374,0.0,0.0
2023-06-12 00:00:00+09:00,380902.57335568324,381858.4141922094,374211.6875,374211.6875,639741,0.0,0.0
2023-06-13 00:00:00+09:00,376601.3153080873,377557.15620988444,370388.34944640566,372300.03125,751529,0.0,0.0
2023-06-14 00:00:00+09:00,375645.44875478925,392372.66339399747,372300.0058269476,374211.6875,2069738,0.0,0.0
2023-06-15 00:00:00+09:00,379468.8116904145,381380.493361399,365131.1991580311,368954.5625,1122476,0.0,0.0
2023-06-16 00:00:00+09:00,371344.1847566794,378035.07096851146,366087.05987595423,375645.46875,640873,0.0,0.0
2023-06-19 00:00:00+09:00,374211.7215764331,377079.2443471338,368476.67603503185,375167.5625,565125,0.0,0.0
2023-06-20 00:00:00+09:00,373255.84625971504,374211.6870952073,368954.5625,368954.5625,537721,0.0,0.0
2023-06-21 00:00:00+09:00,367998.727124183,370866.24967320263,365131.20457516337,365609.125,493898,0.0,0.0
2023-06-22 00:00:00+09:00,365131.2272727273,380902.6022727273,362263.7045454546,378513.0,1007756,0.0,0.0
2023-06-23 00:00:00+09:00,380424.67028061225,381858.4316007653,374211.704559949,374689.625,492324,0.0,0.0
2023-06-26 00:00:00+09:00,374211.72703125,389027.2615625,373255.88609375,382336.375,956793,0.0,0.0
2023-06-27 00:00:00+09:00,383770.09955855017,386159.70167286246,378512.9749070632,385681.78125,788317,0.0,0.0
2023-06-28 00:00:00+09:00,388071.4061296534,388549.326580552,372300.03125,372300.03125,848166,0.0,0.0
2023-06-29 00:00:00+09:00,375186.10161290324,381439.2033064516,372300.05467741936,372781.0625,557777,2500.0,0.0
2023-06-30 00:00:00+09:00,375667.0701111469,375667.0701111469,369413.96907216497,373262.03125,520732,0.0,0.0
2023-07-03 00:00:00+09:00,376629.1171875,387692.296875,376148.109375,386730.28125,846399,0.0,0.0
2023-07-04 00:00:00+09:00,387211.25,393464.35093167704,381920.1645962733,387211.25,853254,0.0,0.0
2023-07-05 00:00:00+09:00,387692.28125,391059.335801799,385768.25007754343,387692.28125,705287,0.0,0.0
2023-07-06 00:00:00+09:00,387211.25713832484,387211.25713832484,378072.1094543147,379034.125,809495,0.0,0.0
2023-07-07 00:00:00+09:00,375667.1015625,386249.2734375,375667.1015625,384806.25,752802,0.0,0.0
2023-07-10 00:00:00+09:00,388654.2965994962,392021.35114924435,379996.1563287154,381920.1875,1079444,0.0,0.0
2023-07-11 00:00:00+09:00,382882.17934093793,385287.21815589356,376629.07842205325,379515.125,1071681,0.0,0.0
2023-07-12 00:00:00+09:00,381439.20273203595,409818.6642215569,374705.09322604793,401641.53125,3323841,0.0,0.0
2023-07-13 00:00:00+09:00,407894.57126303593,415109.6875,401641.4705243337,415109.6875,2320901,0.0,0.0
2023-07-14 00:00:00+09:00,414147.68141778524,435312.0228607383,409818.6115771812,430020.9375,2198833,0.0,0.0
2023-07-17 00:00:00+09:00,435312.0407296025,466577.54641736404,433869.0173901674,459843.4375,2933840,0.0,0.0
2023-07-18 00:00:00+09:00,463691.53125,476197.734375,455995.40625,469463.625,2798504,0.0,0.0
2023-07-19 00:00:00+09:00,477159.7267267267,497362.05386636633,474273.6799924925,480526.78125,2381695,0.0,0.0
2023-07-20 00:00:00+09:00,471868.6409547739,487741.89798994974,469944.60979899496,478602.75,1329119,0.0,0.0
2023-07-21 00:00:00+09:00,467539.5524047187,533918.6246597096,465134.5135549002,530070.5625,3458805,0.0,0.0
2023-07-24 00:00:00+09:00,544500.871300623,656094.6894470406,543538.855626947,617614.0625,7321997,0.0,0.0
2023-07-25 00:00:00+09:00,630120.2654825228,653208.6416223404,611841.9677051671,633006.3125,5728769,0.0,0.0
2023-07-26 00:00:00+09:00,640702.3732142857,734979.8996031745,576247.3296626984,606069.8125,11631776,0.0,0.0
2023-07-27 00:00:00+09:00,589715.6103745791,624348.1747685185,538728.7794612795,571437.3125,7424260,0.0,0.0
2023-07-28 00:00:00+09:00,563741.1118739903,595487.625,557007.0030290792,595487.625,4114475,0.0,0.0
2023-07-31 00:00:00+09:00,607993.9057632398,636854.3759735202,597411.7333528037,617614.0625,3304143,0.0,0.0
2023-08-01 00:00:00+09:00,628196.1866948471,630120.217894525,589715.5627012883,597411.6875,3092475,0.0,0.0
2023-08-02 00:00:00+09:00,580095.3413461539,600297.6666666666,562779.0625,562779.0625,2873833,0.0,0.0
2023-08-03 00:00:00+09:00,569513.1875,570475.2030194256,548348.8460726351,569513.1875,1967322,0.0,0.0
2023-08-04 00:00:00+09:00,572399.3281776095,590677.6260521886,561817.1557239058,571437.3125,1429396,0.0,0.0
2023-08-07 00:00:00+09:00,562779.0591577541,569513.1675579323,533918.5945855615,539690.6875,2168072,0.0,0.0
2023-08-08 00:00:00+09:00,543538.7541876046,574323.25,534880.6147403686,574323.25,1878204,0.0,0.0
2023-08-09 00:00:00+09:00,574323.25,581057.3584589615,564703.0950586265,574323.25,1191171,0.0,0.0
2023-08-10 00:00:00+09:00,567589.1879180602,587791.5149456522,566627.1723453178,575285.3125,1034234,0.0,0.0
2023-08-11 00:00:00+09:00,577209.4237435008,578171.43944974,553159.0310875217,555083.0625,1198157,0.0,0.0
2023-08-14 00:00:00+09:00,543538.87402513,562779.1881499133,536804.7640814558,555083.0625,1168580,0.0,0.0
2023-08-16 00:00:00+09:00,548348.9388736264,550272.9702380953,523336.53113553114,525260.5625,1660436,0.0,0.0
2023-08-17 00:00:00+09:00,522374.4690325497,535842.6873869802,505058.18829113926,531994.625,1767674,0.0,0.0
2023-08-18 00:00:00+09:00,531032.6092896175,539690.7496584699,521412.45332422585,528146.5625,892609,0.0,0.0
2023-08-21 00:00:00+09:00,528146.5314201452,541614.7489791289,524298.4692604356,530070.5625,950697,0.0,0.0
2023-08-22 00:00:00+09:00,541614.796875,551234.953125,531032.625,538728.75,1051757,0.0,0.0
2023-08-23 00:00:00+09:00,538728.7023593467,539690.7178992741,522374.4381805808,530070.5625,748945,0.0,0.0
2023-08-24 00:00:00+09:00,535842.6580310881,560855.0621761658,527184.518134715,557007.0,1270728,0.0,0.0
2023-08-25 00:00:00+09:00,545462.9054376084,560855.156737435,539690.8112001733,555083.0625,904736,0.0,0.0
2023-08-28 00:00:00+09:00,565665.1100337268,576247.2804595279,559893.0170741989,570475.1875,1004931,0.0,0.0
2023-08-29 00:00:00+09:00,572399.3128216123,573361.3284734134,558931.093696398,560855.125,802162,0.0,0.0
2023-08-30 00:00:00+09:00,572399.296875,582019.453125,557969.0625,557969.0625,930082,0.0,0.0
2023-08-31 00:00:00+09:00,558931.0310880828,561817.0777202073,553158.9378238341,557007.0,888954,0.0,0.0
2023-09-01 00:00:00+09:00,554121.0,557969.0625,536804.71875,538728.75,940959,0.0,0.0
2023-09-04 00:00:00+09:00,532956.6269067797,573361.2809322034,531994.6113347458,567589.1875,1315360,0.0,0.0
2023-09-05 00:00:00+09:00,572399.2190117253,585867.4359296482,564703.0950586265,574323.25,1144118,0.0,0.0
2023-09-06 00:00:00+09:00,572399.296875,578171.390625,555083.015625,557969.0625,865525,0.0,0.0
2023-09-07 00:00:00+09:00,553158.9211047535,561817.0607394367,541614.734925176,546424.8125,954854,0.0,0.0
2023-09-08 00:00:00+09:00,545462.8745711836,560855.125,545462.8745711836,560855.125,716625,0.0,0.0
2023-09-11 00:00:00+09:00,564703.0753289474,565665.0907894737,545462.7661184211,548348.8125,635976,0.0,0.0
2023-09-12 00:00:00+09:00,554121.032967033,555083.0486492674,524298.5468177656,525260.5625,1333031,0.0,0.0
2023-09-13 00:00:00+09:00,518526.3741138941,528146.5294777883,505058.15660444234,508906.21875,1335818,0.0,0.0
2023-09-14 00:00:00+09:00,512754.3130650995,533918.65619349,510830.2818716094,531994.625,928896,0.0,0.0
2023-09-15 00:00:00+09:00,538728.75,574323.328125,532956.65625,561817.125,1831875,0.0,0.0
2023-09-18 00:00:00+09:00,568551.1884328357,582019.4060945273,561817.0796019901,580095.375,1396160,0.0,0.0
2023-09-19 00:00:00+09:00,581057.357925801,584905.4198988195,565665.1100337268,570475.1875,1036725,0.0,0.0
2023-09-20 00:00:00+09:00,569513.2811447812,573361.3438552188,559893.1243686869,571437.3125,829143,0.0,0.0
2023-09-21 00:00:00+09:00,565665.2352686308,572399.345212305,554121.0467937608,555083.0625,715070,0.0,0.0
2023-09-22 00:00:00+09:00,546424.8594024604,551234.9373901582,534880.672231986,547386.875,924090,0.0,0.0
2023-09-25 00:00:00+09:00,542576.7634508349,544500.7945269017,515640.3283858998,518526.375,1503031,0.0,0.0
2023-09-26 00:00:00+09:00,520942.5835483115,530607.5665454972,514177.09545028146,515143.59375,870926,2500.0,0.0
2023-09-27 00:00:00+09:00,510311.1364485981,519009.62172897195,507411.64135514013,517076.625,804112,0.0,0.0
2023-10-04 00:00:00+09:00,511277.626528865,514177.1215753425,492914.1579011742,493880.65625,1239625,0.0,0.0
2023-10-05 00:00:00+09:00,506445.13478473586,513210.62322651665,492914.1579011742,493880.65625,896556,0.0,0.0
2023-10-06 00:00:00+09:00,492914.19382295717,504512.1748540856,490014.69856517506,496780.1875,652301,0.0,0.0
2023-10-10 00:00:00+09:00,503545.6413539554,504512.13970588235,473584.192444219,476483.6875,1498746,0.0,0.0
2023-10-11 00:00:00+09:00,484215.6662352071,495813.64626479294,481316.1712278107,490014.65625,1003202,0.0,0.0
2023-10-12 00:00:00+09:00,493880.66765202704,514177.133445946,490014.67416747106,500646.15625,1057678,0.0,0.0
2023-10-13 00:00:00+09:00,500646.1779785156,506445.16845703125,491947.6922607422,494847.1875,671304,0.0,0.0
2023-10-16 00:00:00+09:00,485182.1645710059,490981.15458579885,479383.174556213,490014.65625,837155,0.0,0.0
2023-10-17 00:00:00+09:00,496780.16973161034,500646.1632703777,485182.18911530817,486148.6875,625836,0.0,0.0
2023-10-18 00:00:00+09:00,484215.65456249996,490014.6444375,482282.6579375,483249.15625,624079,0.0,0.0
2023-10-19 00:00:00+09:00,469718.2358490566,472134.48191823903,461019.75,461019.75,1548134,0.0,0.0
2023-10-20 00:00:00+09:00,453287.75586368656,459086.746343819,432991.289183223,437823.78125,2322796,0.0,0.0
2023-10-23 00:00:00+09:00,436857.2828366446,442173.02411009936,427675.54790976824,437823.78125,1049913,0.0,0.0
2023-10-24 00:00:00+09:00,439756.78006329114,466818.73575949366,426709.05142405065,458120.25,1529774,0.0,0.0
2023-10-25 00:00:00+09:00,460536.5146604938,460536.5146604938,428158.8163580247,430575.0625,1237237,0.0,0.0
2023-10-26 00:00:00+09:00,410278.5890791815,420426.82273131673,404962.8476423488,407379.09375,1676774,0.0,0.0
2023-10-27 00:00:00+09:00,408828.8125,420426.7929964539,401580.07468971633,408828.8125,1199624,0.0,0.0
2023-10-30 00:00:00+09:00,403513.08711027715,418493.8125,402546.58869803697,418493.8125,743725,0.0,0.0
2023-10-31 00:00:00+09:00,418493.77657958685,418977.0257442284,392398.32168894284,397714.0625,1155827,0.0,0.0
2023-11-01 00:00:00+09:00,398680.57744565216,404479.5676630435,386116.09864130436,389015.59375,883988,0.0,0.0
2023-11-02 00:00:00+09:00,399647.1152412281,413178.09375,399163.86600877193,413178.09375,815086,0.0,0.0
2023-11-03 00:00:00+09:00,429125.2714041096,429125.2714041096,413661.2976598174,423326.28125,872168,0.0,0.0
2023-11-06 00:00:00+09:00,455220.7386853448,509344.6481681034,446522.2532327586,504512.15625,3341452,0.0,0.0
2023-11-07 00:00:00+09:00,492914.14222282026,493880.6405409042,436857.2397739505,448938.46875,2357481,0.0,0.0
2023-11-08 00:00:00+09:00,441206.53125,458120.25369660463,438307.0359734392,441206.53125,938184,0.0,0.0
2023-11-09 00:00:00+09:00,444589.28203040175,450388.2726655809,429125.30700325733,445072.53125,798154,0.0,0.0
2023-11-10 00:00:00+09:00,434924.27723463683,440240.01840083796,430091.7852653631,432508.03125,483230,0.0,0.0
2023-11-13 00:00:00+09:00,439756.7450221239,447005.48257743364,434924.25331858406,436857.25,548925,0.0,0.0
2023-11-14 00:00:00+09:00,443622.76988335105,464885.7348886533,443139.52067868505,455704.0,892775,0.0,0.0
2023-11-15 00:00:00+09:00,477450.2183544304,477450.2183544304,452804.50870253163,458120.25,787775,0.0,0.0
2023-11-16 00:00:00+09:00,454254.24518201285,459086.73715203424,449905.00240899355,451354.75,477203,0.0,0.0
2023-11-17 00:00:00+09:00,444106.0064724919,449421.7475728155,437823.76699029125,447972.0,499297,0.0,0.0
2023-11-20 00:00:00+09:00,447971.98281912075,461019.71047404665,444105.9894398835,456187.21875,462658,0.0,0.0
2023-11-21 00:00:00+09:00,458120.25,461019.74525316455,450871.5118670886,458120.25,418594,0.0,0.0
2023-11-22 00:00:00+09:00,452804.4745431674,459569.96295683266,451837.97619835805,456187.21875,314942,0.0,0.0
2023-11-23 00:00:00+09:00,454254.2269736842,459086.71875,451837.9810855263,459086.71875,295399,0.0,0.0
2023-11-24 00:00:00+09:00,460536.46213624335,465368.95386904763,455703.97040343913,456670.46875,371597,0.0,0.0
2023-11-27 00:00:00+09:00,457153.773571047,459086.7704994658,450388.2843215812,452321.28125,328044,0.0,0.0
2023-11-28 00:00:00+09:00,452321.23509414226,461986.21875,451837.98591134936,461986.21875,417140,0.0,0.0
2023-11-29 00:00:00+09:00,463919.22360248445,469234.9647062629,458120.2333074534,466818.71875,537203,0.0,0.0
2023-11-30 00:00:00+09:00,464885.72198498965,472134.4598537785,461502.9776462215,466818.71875,562014,0.0,0.0
2023-12-01 00:00:00+09:00,466818.73575949366,466818.73575949366,453771.00712025317,458120.25,524432,0.0,0.0
2023-12-04 00:00:00+09:00,458120.22039473685,462952.71217105264,448455.2368421052,459086.71875,881284,0.0,0.0
2023-12-05 00:00:00+09:00,453771.01720276877,460536.5062771444,444589.28203040175,445072.53125,536732,0.0,0.0
2023-12-06 00:00:00+09:00,443622.73754152824,445555.7342192691,435890.75083056476,436374.0,628444,0.0,0.0
2023-12-07 00:00:00+09:00,438790.23825503356,443139.48070469795,423326.2651006711,432024.75,758013,0.0,0.0
2023-12-08 00:00:00+09:00,437340.5302226936,457636.99681866384,436374.0318133616,455704.0,692298,0.0,0.0
2023-12-11 00:00:00+09:00,458603.4879550321,461502.98313704494,451354.75,451354.75,488730,0.0,0.0
2023-12-12 00:00:00+09:00,448455.2873931624,453771.02894631407,446039.0412326389,452321.28125,383666,0.0,0.0
2023-12-13 00:00:00+09:00,445072.51935016556,445555.7685568433,435890.7844232892,437823.78125,556213,0.0,0.0
2023-12-14 00:00:00+09:00,447971.9645132863,452321.20688720176,441689.72552874184,445555.71875,706380,0.0,0.0
2023-12-15 00:00:00+09:00,453770.98583984375,468751.7106119792,452804.48746744794,463919.21875,1037003,0.0,0.0
2023-12-18 00:00:00+09:00,476966.9623659346,481316.2051838611,469234.9751340654,473100.96875,857346,0.0,0.0
2023-12-19 00:00:00+09:00,475033.94487147173,482282.68258568546,465852.2104334677,479383.1875,556757,0.0,0.0
2023-12-20 00:00:00+09:00,482765.93176663306,484215.67930947576,478416.68913810485,479383.1875,417055,0.0,0.0
2023-12-21 00:00:00+09:00,472134.46553828364,482765.9478738438,465368.9767792908,470201.46875,736449,0.0,0.0
2023-12-22 00:00:00+09:00,474067.4524908949,476000.4492390739,463919.21956295526,464402.46875,459588,0.0,0.0
2023-12-26 00:00:00+09:00,458603.4984160507,465368.9873284055,455704.0031678986,457637.0,744558,0.0,0.0
2023-12-27 00:00:00+09:00,461502.9622461929,490981.16192893405,461502.9622461929,476000.4375,1346438,0.0,0.0
2023-12-28 00:00:00+09:00,478899.9440065065,485182.18343343347,476483.6980730731,482765.9375,560329,0.0,0.0
2024-01-02 00:00:00+09:00,478416.70754354505,479383.20594262297,471651.21875,471651.21875,535256,0.0,0.0
2024-01-03 00:00:00+09:00,466818.7013888889,470684.6947751323,456670.46875,456670.46875,561452,0.0,0.0
2024-01-04 00:00:00+09:00,449421.7262380192,460053.20793397236,447005.48039802985,453770.96875,484710,0.0,0.0
2024-01-05 00:00:00+09:00,455220.7333984375,470201.45817057294,450388.2415364584,463919.21875,570408,0.0,0.0
2024-01-08 00:00:00+09:00,464402.4504459532,464885.69961395103,453770.96875,453770.96875,393617,0.0,0.0
2024-01-09 00:00:00+09:00,455220.7648615635,458603.50939875137,445072.53125,445072.53125,481273,0.0,0.0
2024-01-10 00:00:00+09:00,441206.4900110988,443139.48668146506,434924.25083240843,435407.5,507557,0.0,0.0
2024-01-11 00:00:00+09:00,436374.0,443622.73754152824,435890.75083056476,436374.0,466466,0.0,0.0
2024-01-12 00:00:00+09:00,433474.5,438306.991638796,426709.01170568564,433474.5,472056,0.0,0.0
2024-01-15 00:00:00+09:00,427675.5304369344,431541.5239324095,425259.2845022624,427192.28125,112482,0.0,0.0
2024-01-16 00:00:00+09:00,423326.28042857145,429125.2705714286,419460.287,422843.03125,424725,0.0,0.0
2024-01-17 00:00:00+09:00,419460.28788782813,423809.53050417657,403996.31414081145,404962.8125,783683,0.0,0.0
2024-01-18 00:00:00+09:00,403029.85152547393,417527.32819905214,401096.8546356635,407862.34375,667276,0.0,0.0
2024-01-19 00:00:00+09:00,409795.3287092883,414627.82079312427,394331.3540410133,400613.59375,713744,0.0,0.0
2024-01-22 00:00:00+09:00,398197.3538268507,402063.34755332494,385149.625,385149.625,997443,0.0,0.0
2024-01-23 00:00:00+09:00,384666.3827543424,395781.11491935485,382733.3858560794,389498.875,713222,0.0,0.0
2024-01-24 00:00:00+09:00,388049.09128906246,394331.330625,384666.34703124996,386599.34375,535634,0.0,0.0
2024-01-25 00:00:00+09:00,381766.851953125,389982.0880078125,374034.865078125,386599.34375,740145,0.0,0.0
2024-01-26 00:00:00+09:00,378384.09750000003,403996.30333333334,378384.09750000003,398680.5625,682506,0.0,0.0
2024-01-29 00:00:00+09:00,403513.0714391253,415111.0519355792,393364.83850472816,408828.8125,811428,0.0,0.0
2024-01-30 00:00:00+09:00,415594.3100933489,434441.0288068845,413661.31330221705,414144.5625,1035095,0.0,0.0
2024-01-31 00:00:00+09:00,411728.3125,422359.7947476526,410278.56492077466,411728.3125,448818,0.0,0.0
2024-02-01 00:00:00+09:00,408345.58531178493,425259.3077803204,403029.8439645309,422359.8125,685759,0.0,0.0
2024-02-02 00:00:00+09:00,431541.53525194875,435407.5288488307,422359.8004593541,433957.78125,631354,0.0,0.0
2024-02-05 00:00:00+09:00,434924.27561590145,436374.0232012878,422843.04573768197,431541.53125,557374,0.0,0.0
2024-02-06 00:00:00+09:00,427675.553847254,428642.0522740275,417044.07115274604,422359.8125,529324,0.0,0.0
2024-02-07 00:00:00+09:00,429125.2900444939,443622.7660595106,429125.2900444939,434441.03125,753430,0.0,0.0
2024-02-08 00:00:00+09:00,443622.77173013246,446522.2669701987,436857.2828366446,437823.78125,755443,0.0,0.0
2024-02-13 00:00:00+09:00,434924.2615582192,436374.00909674657,420426.7861729452,423326.28125,1113501,0.0,0.0
2024-02-14 00:00:00+09:00,414627.8188510393,422359.8061489607,410761.8252020785,418493.8125,605227,0.0,0.0
2024-02-15 00:00:00+09:00,423809.5632830296,429125.3046697039,420426.81876423693,424292.8125,516334,0.0,0.0
2024-02-16 00:00:00+09:00,434924.2682409502,436857.26498868776,426225.7828761312,427192.28125,459341,0.0,0.0
2024-02-19 00:00:00+09:00,422843.0733267716,435407.55321991,421393.3256467941,429608.5625,517344,0.0,0.0
2024-02-20 00:00:00+09:00,428158.8078125,428158.8078125,418977.07265625,425259.3125,445525,0.0,0.0
2024-02-21 00:00:00+09:00,421393.28453196347,427675.5238655822,419460.28781392693,423326.28125,348308,0.0,0.0
2024-02-22 00:00:00+09:00,426709.02301689575,427675.5213702749,420910.03289662086,421876.53125,321302,0.0,0.0
2024-02-23 00:00:00+09:00,422359.7787743973,425742.52299799083,419460.2837256028,420910.03125,368549,0.0,0.0
2024-02-26 00:00:00+09:00,420910.05773121386,428158.7958092485,417527.31329479767,418010.5625,401741,0.0,0.0
2024-02-27 00:00:00+09:00,420426.73594847776,423809.47980093677,411245.0026346604,412694.75,426286,0.0,0.0
2024-02-28 00:00:00+09:00,418041.85357142857,429222.0426785714,418041.85357142857,425333.28125,510943,2500.0,0.0
2024-02-29 00:00:00+09:00,423388.88629779837,424847.17178447277,419500.125,419500.125,427024,0.0,0.0
2024-03-04 00:00:00+09:00,421930.6187227074,447207.568231441,421930.6187227074,445263.1875,1057367,0.0,0.0
2024-03-05 00:00:00+09:00,440402.26761744963,457901.69546979864,434569.125,434569.125,923980,0.0,0.0
2024-03-06 00:00:00+09:00,431652.5127986348,436513.4645193402,426305.46590585896,427277.65625,475291,0.0,0.0
2024-03-07 00:00:00+09:00,431166.4076608352,436513.45443002257,426791.55121331825,430680.3125,402186,0.0,0.0
2024-03-08 00:00:00+09:00,434569.06953037117,443804.87749578175,431652.49859392573,432138.59375,489844,0.0,0.0
2024-03-11 00:00:00+09:00,432138.64698941645,433110.83742133866,423875.0283180778,424847.21875,392589,0.0,0.0
2024-03-12 00:00:00+09:00,429222.0382986111,438943.94177083333,426791.5624305555,437485.65625,471093,0.0,0.0
2024-03-13 00:00:00+09:00,436513.471609933,439916.13786969864,431652.51981026784,435541.28125,393813,0.0,0.0
2024-03-14 00:00:00+09:00,435541.26696832577,436027.36213235295,429708.125,429708.125,463835,0.0,0.0
2024-03-15 00:00:00+09:00,427277.63760775863,429222.0182112069,422902.78125,422902.78125,566617,0.0,0.0
2024-03-18 00:00:00+09:00,424361.0852175768,427277.65625,419986.228668942,427277.65625,423126,0.0,0.0
2024-03-19 00:00:00+09:00,428249.83792004635,429222.0282444959,411236.5072421784,419500.125,733681,0.0,0.0
2024-03-20 00:00:00+09:00,419014.0756887456,420958.4565504103,413180.93310375145,414639.21875,496417,0.0,0.0
2024-03-21 00:00:00+09:00,418527.94461886684,422902.8011828271,416097.46875,416097.46875,505623,0.0,0.0
2024-03-22 00:00:00+09:00,415611.37215577596,423874.9900816803,415611.37215577596,416583.5625,441565,0.0,0.0
2024-03-25 00:00:00+09:00,418041.83810763893,422902.7897135417,417555.7429470486,419986.21875,354232,0.0,0.0
2024-03-26 00:00:00+09:00,421444.5443618881,423388.9251893939,416097.4970862471,417069.6875,384054,0.0,0.0
2024-03-27 00:00:00+09:00,417069.6590975467,419986.2301401869,413666.99288113316,416097.46875,338183,0.0,0.0
2024-03-28 00:00:00+09:00,420009.1084471496,420498.0596793349,411696.9375,411696.9375,509919,2500.0,0.0
2024-03-29 00:00:00+09:00,410719.0077014218,416586.4220971564,408274.25170319906,412674.8125,368605,0.0,0.0
2024-04-01 00:00:00+09:00,412674.82849880384,415119.5845918062,407296.36509419855,408763.21875,403197,0.0,0.0
2024-04-02 00:00:00+09:00,404851.62362637365,407785.33104395604,400451.0625,400451.0625,521651,0.0,0.0
2024-04-03 00:00:00+09:00,391160.94730238395,395561.50795953575,389694.09375,389694.09375,719857,0.0,0.0
2024-04-04 00:00:00+09:00,392138.86130136985,396050.47089041094,384315.64212328766,392627.8125,637428,0.0,0.0
2024-04-05 00:00:00+09:00,387249.3536121673,391160.96324461343,384315.6463878327,385782.5,424303,0.0,0.0
2024-04-08 00:00:00+09:00,381870.8765896402,395561.5098092432,372091.8528613524,394094.65625,940103,0.0,0.0
2024-04-09 00:00:00+09:00,397517.33224907063,401917.8931226766,392138.86895910784,394583.625,372690,0.0,0.0
2024-04-11 00:00:00+09:00,386760.4078515625,397028.38328125,384804.6030078125,391160.96875,473313,0.0,0.0
2024-04-12 00:00:00+09:00,395561.51004746836,396050.46123417723,385782.4863132912,386271.4375,322166,0.0,0.0
2024-04-15 00:00:00+09:00,378448.216709347,383337.728553137,377470.314340589,381870.875,392019,0.0,0.0
2024-04-16 00:00:00+09:00,377470.33837056503,380404.0456636005,372091.875,372091.875,483959,0.0,0.0
2024-04-17 00:00:00+09:00,372091.8538157008,375514.5121293801,362801.78125,362801.78125,532497,0.0,0.0
2024-04-18 00:00:00+09:00,364757.5966346154,386271.4495192308,364757.5966346154,381381.9375,702664,0.0,0.0
2024-04-19 00:00:00+09:00,377959.3125,380893.01997089264,368669.23884217336,377959.3125,489889,0.0,0.0
2024-04-22 00:00:00+09:00,388716.1934335443,389694.09580696205,381870.87681962026,386271.4375,333838,0.0,0.0
2024-04-23 00:00:00+09:00,386271.4395753512,388716.19552203064,380892.97649265645,382848.78125,252536,0.0,0.0
2024-04-24 00:00:00+09:00,390672.0020912247,394583.61162405304,386760.39255839644,387249.34375,362468,0.0,0.0
2024-04-25 00:00:00+09:00,383826.6875,389694.1018312102,382359.8339171975,383826.6875,298528,0.0,0.0
2024-04-26 00:00:00+09:00,386271.4512040558,386760.40240811155,380892.98795944237,385782.5,255838,0.0,0.0
2024-04-29 00:00:00+09:00,384804.59870239557,399962.0860718673,383337.74508599506,398006.28125,450439,0.0,0.0
2024-04-30 00:00:00+09:00,402895.78549382713,402895.78549382713,395072.56635802466,396050.46875,328307,0.0,0.0
2024-05-02 00:00:00+09:00,395072.5745614035,398495.23300438595,390183.0625,390183.0625,245698,0.0,0.0
2024-05-03 00:00:00+09:00,393116.7713754647,398495.23466542753,390183.06412639405,394583.625,277160,0.0,0.0
2024-05-07 00:00:00+09:00,400940.0023062731,402406.85597324726,395072.5876383764,397517.34375,243946,0.0,0.0
2024-05-08 00:00:00+09:00,396050.4786245353,397517.33224907063,392138.86895910784,394583.625,205380,0.0,0.0
2024-05-09 00:00:00+09:00,394583.6511463568,395072.6023869347,389205.1875,389205.1875,303018,0.0,0.0
2024-05-10 00:00:00+09:00,393116.77743142145,395072.58229426434,390183.0701371571,392138.875,193446,0.0,0.0
2024-05-13 00:00:00+09:00,393116.7697368421,393605.7209429825,387738.30646929826,390183.0625,209352,0.0,0.0
2024-05-14 00:00:00+09:00,390672.00770547945,394094.6660958904,390183.0565068493,392627.8125,211204,0.0,0.0
2024-05-16 00:00:00+09:00,397028.37717391306,398495.2307841615,392627.8163431677,393605.71875,237901,0.0,0.0
2024-05-17 00:00:00+09:00,391649.9437028895,393605.748665201,389205.1875,389205.1875,220887,0.0,0.0
2024-05-20 00:00:00+09:00,390183.0701371571,396050.4847256858,389694.1189214464,392138.875,253949,0.0,0.0
2024-05-21 00:00:00+09:00,390183.05694091483,390672.00814008893,383337.74015247775,384804.59375,340790,0.0,0.0
2024-05-22 00:00:00+09:00,385293.53329065297,387249.338028169,381870.875,381870.875,227064,0.0,0.0
2024-05-23 00:00:00+09:00,381381.9435483871,383337.74838709674,376492.4314516129,378937.1875,292191,0.0,0.0
2024-05-24 00:00:00+09:00,373558.7011795544,375514.5058977719,371602.8964613368,373069.75,357992,0.0,0.0
2024-05-27 00:00:00+09:00,372091.87431628053,381870.8986084299,367202.3621702059,379915.09375,520982,0.0,0.0
2024-05-28 00:00:00+09:00,380404.0394908616,381870.893113577,374047.67379242816,374536.625,253275,0.0,0.0
2024-05-29 00:00:00+09:00,370625.01203208556,372580.8168449198,364757.59759358293,365735.5,450870,0.0,0.0
2024-05-30 00:00:00+09:00,362312.83990189445,367691.30311231397,358890.1814952639,361334.9375,432926,0.0,0.0
2024-05-31 00:00:00+09:00,362312.85365853657,371113.9756097561,360357.0487804878,360846.0,523294,0.0,0.0
2024-06-03 00:00:00+09:00,361823.89037433156,375514.5240641711,360357.0367647059,365735.5,377722,0.0,0.0
2024-06-04 00:00:00+09:00,361823.86333333334,369647.082,361334.91216666665,366713.375,243871,0.0,0.0
2024-06-05 00:00:00+09:00,368180.25172244094,376981.37327755906,365735.49573490815,372580.8125,420191,0.0,0.0
2024-06-07 00:00:00+09:00,378448.2637451488,378937.21499029757,373069.8000485123,377959.3125,380682,0.0,0.0
2024-06-10 00:00:00+09:00,374536.6333720159,375025.5845905173,368669.21875,368669.21875,350671,0.0,0.0
2024-06-11 00:00:00+09:00,368180.2788651316,376492.44983552635,368180.2788651316,371602.9375,344972,0.0,0.0
2024-06-12 00:00:00+09:00,370625.0236240053,372091.8772795093,367202.36509449605,368669.21875,249898,0.0,0.0
2024-06-13 00:00:00+09:00,372580.789,374047.6425,366713.375,366713.375,470089,0.0,0.0
2024-06-14 00:00:00+09:00,367202.3763980263,373069.7912006579,362312.8640625,371602.9375,515401,0.0,0.0
2024-06-17 00:00:00+09:00,367691.2931266847,368180.2443143531,362312.8300623316,362801.78125,389824,0.0,0.0
2024-06-18 00:00:00+09:00,365246.55710767664,367202.36196501355,359868.09375,359868.09375,314133,0.0,0.0
2024-06-19 00:00:00+09:00,359379.1305713807,366224.4473441689,357423.3257791555,364757.59375,462848,0.0,0.0
2024-06-20 00:00:00+09:00,363779.6836253369,365246.5371883423,361823.8788746631,362801.78125,216115,0.0,0.0
2024-06-21 00:00:00+09:00,361334.9258611869,364757.5841575716,358401.21875,358401.21875,326765,0.0,0.0
2024-06-24 00:00:00+09:00,358401.2637465847,362312.8737192623,356934.4100068306,357912.3125,304587,0.0,0.0
2024-06-25 00:00:00+09:00,359379.1211203956,360845.97467598907,355956.4628240109,358401.21875,272745,0.0,0.0
2024-06-26 00:00:00+09:00,357423.32233001373,357912.27352335164,353022.76158997254,355956.46875,349689,0.0,0.0
2024-06-27 00:00:00+09:00,357925.81723748264,359895.14773122396,353002.49100312934,353987.15625,340304,2500.0,0.0
2024-06-28 00:00:00+09:00,353002.4753357438,359402.79915633606,349556.14712465566,357433.46875,271140,0.0,0.0
2024-07-01 00:00:00+09:00,355956.4816548583,365310.8013663968,354479.483805668,364818.46875,291832,0.0,0.0
2024-07-02 00:00:00+09:00,364326.11833105335,366787.7812927497,358910.4598153215,359895.125,245634,0.0,0.0
2024-07-03 00:00:00+09:00,363833.80351720646,371711.12537955464,363341.4709008097,364818.46875,334736,0.0,0.0
2024-07-04 00:00:00+09:00,367772.470875,369741.80137500004,363833.80987500004,369249.46875,249770,0.0,0.0
2024-07-05 00:00:00+09:00,369249.45084549073,373188.11165450927,366295.4552387268,371218.78125,298202,0.0,0.0
2024-07-08 00:00:00+09:00,370234.1271523179,375649.7859271523,368264.7966887417,371711.125,313678,0.0,0.0
2024-07-09 00:00:00+09:00,372695.78367962467,373680.4488941019,366787.7923927614,367280.125,259202,0.0,0.0
2024-07-10 00:00:00+09:00,364818.45539348706,367280.11838534597,362849.125,362849.125,248513,0.0,0.0
2024-07-11 00:00:00+09:00,365310.7706736909,385496.40625,363833.7729485951,385496.40625,972715,0.0,0.0
2024-07-12 00:00:00+09:00,382542.421875,390419.7433035714,377126.76339285716,385988.75,795560,0.0,0.0
2024-07-15 00:00:00+09:00,390419.73413212434,390912.06670984457,380080.75,380080.75,502159,0.0,0.0
2024-07-16 00:00:00+09:00,378111.44235924934,381065.43800268095,366295.4597855228,367280.125,532450,0.0,0.0
2024-07-17 00:00:00+09:00,370234.10943912447,370726.4420314638,359895.125,359895.125,395513,0.0,0.0
2024-07-18 00:00:00+09:00,358418.11834924965,364326.10931105044,356448.7880286494,360879.78125,310335,0.0,0.0
2024-07-19 00:00:00+09:00,359402.8099696356,365310.8013663968,358418.1447368421,364818.46875,273334,0.0,0.0
2024-07-22 00:00:00+09:00,364818.434953384,365310.7675241713,354971.78353763814,356448.78125,306869,0.0,0.0
2024-07-23 00:00:00+09:00,357433.44612676057,359402.7764084507,349556.125,349556.125,368787,0.0,0.0
2024-07-24 00:00:00+09:00,346602.15873015876,352510.1500721501,339709.50216450216,341186.5,447310,0.0,0.0
2024-07-25 00:00:00+09:00,335770.8237517581,355464.127197609,332816.82823488046,350048.46875,580473,0.0,0.0
2024-07-26 00:00:00+09:00,353494.8193373072,355464.14980715286,346109.8300753857,351033.15625,346106,0.0,0.0
2024-07-29 00:00:00+09:00,352510.1427341598,360879.79696108814,347586.81671831955,357433.46875,355548,0.0,0.0
2024-07-30 00:00:00+09:00,353987.15625,360879.81297809456,353002.49100312934,353987.15625,280871,0.0,0.0
2024-07-31 00:00:00+09:00,353987.1659406117,355956.4964882646,344632.8458392603,346109.84375,364540,0.0,0.0
2024-08-01 00:00:00+09:00,348571.50155172416,357925.8215086207,345617.5057758621,356941.15625,277595,0.0,0.0
2024-08-02 00:00:00+09:00,350048.49101507716,354479.48457223,347586.82792777,351033.15625,285311,0.0,0.0
2024-08-05 00:00:00+09:00,345617.500099364,345617.500099364,304261.55991653417,309677.21875,856397,0.0,0.0
2024-08-06 00:00:00+09:00,314600.5267114221,333309.1652326021,314600.5267114221,325431.84375,633721,0.0,0.0
2024-08-07 00:00:00+09:00,320508.5423696319,327893.5318251534,320508.5423696319,321000.875,318489,0.0,0.0
2024-08-08 00:00:00+09:00,316077.5178291536,321493.17623432603,312138.85717084643,314108.1875,405637,0.0,0.0
2024-08-09 00:00:00+09:00,319523.8348694316,324939.4930875576,317062.17204301077,320508.5,265462,0.0,0.0
2024-08-12 00:00:00+09:00,321000.87709923665,325431.87080152676,320508.5444656489,322477.875,180349,0.0,0.0
2024-08-13 00:00:00+09:00,320508.5089079353,322477.8392238059,316077.5156972265,319523.84375,207587,0.0,0.0
2024-08-14 00:00:00+09:00,323462.5265977444,327893.52011278196,322477.86137218046,327401.1875,253089,0.0,0.0
2024-08-16 00:00:00+09:00,332324.50004727684,333801.49782526476,325431.84375,325431.84375,223789,0.0,0.0
2024-08-19 00:00:00+09:00,324939.5203488372,326908.85077519383,316077.53343023255,317554.53125,249408,0.0,0.0
2024-08-20 00:00:00+09:00,319031.540247678,322970.20123839006,316077.54450464394,318046.875,200348,0.0,0.0
2024-08-21 00:00:00+09:00,316569.8570820726,328385.83930597577,316569.8570820726,325431.84375,341539,0.0,0.0
2024-08-22 00:00:00+09:00,327893.5001801153,342663.4776657061,325924.1698487032,341678.8125,423359,0.0,0.0
2024-08-23 00:00:00+09:00,337740.18327205884,343155.8421875,334786.1875,334786.1875,252284,0.0,0.0
2024-08-26 00:00:00+09:00,337247.8369565217,343155.82826086954,335770.8391304348,339709.5,206172,0.0,0.0
2024-08-27 00:00:00+09:00,338724.825867052,346109.81480310694,336263.1628883671,340694.15625,175331,0.0,0.0
2024-08-28 00:00:00+09:00,339217.1654439079,340694.1632615156,329862.8459323923,331339.84375,259096,0.0,0.0
2024-08-29 00:00:00+09:00,330847.48905109486,339709.4753649635,329370.49133211677,337247.8125,258268,0.0,0.0
2024-08-30 00:00:00+09:00,338724.84852941177,339217.18115808826,332324.52435661765,334786.1875,280447,0.0,0.0
2024-09-02 00:00:00+09:00,336755.4953125,358910.46210937505,336755.4953125,354479.46875,626896,0.0,0.0
2024-09-03 00:00:00+09:00,357433.47336350975,358910.4711873259,351525.4820682451,353494.8125,214416,0.0,0.0
2024-09-04 00:00:00+09:00,344632.8192446043,347094.4822392086,338724.82805755397,342171.15625,339000,0.0,0.0
2024-09-05 00:00:00+09:00,343648.1359489051,346109.7988138686,333309.1519160584,337247.8125,289079,0.0,0.0
2024-09-06 00:00:00+09:00,337247.8143939394,341186.47500000003,322477.83712121216,324939.5,343578,0.0,0.0
2024-09-09 00:00:00+09:00,318046.8548600605,329370.504491301,316569.8570820726,325431.84375,245663,0.0,0.0
2024-09-10 00:00:00+09:00,325924.1875,330847.51359516615,322970.1918429003,325924.1875,215856,0.0,0.0
2024-09-11 00:00:00+09:00,325924.18274853803,336755.5,325924.18274853803,336755.5,271255,0.0,0.0
2024-09-12 00:00:00+09:00,342171.1517172245,357433.46208158997,335770.82801603904,353002.46875,877850,0.0,0.0
2024-09-13 00:00:00+09:00,354479.472972973,364326.125,353002.47516891896,364326.125,534350,0.0,0.0
2024-09-19 00:00:00+09:00,365310.78786617843,370726.4464464048,357433.4662949401,369741.78125,422621,0.0,0.0
2024-09-20 00:00:00+09:00,372203.4645,374172.79500000004,368264.80350000004,369249.46875,409256,0.0,0.0
2024-09-23 00:00:00+09:00,370726.4419466403,377619.0982378129,367772.44639328064,373680.4375,249000,0.0,0.0
2024-09-24 00:00:00+09:00,376634.44187743193,385004.09614137484,375649.7766699092,379588.4375,533245,0.0,0.0
2024-09-25 00:00:00+09:00,372203.4645,375157.46025,366787.80562500004,369249.46875,551436,0.0,0.0
2024-09-26 00:00:00+09:00,371711.12251142296,377126.78125,368757.1268358355,377126.78125,280271,0.0,0.0
2024-09-27 00:00:00+09:00,384064.72853331175,386542.5654915912,376135.6502668176,383073.59375,414432,2500.0,0.0
2024-09-30 00:00:00+09:00,387533.68344155845,391993.7897727273,381091.30762987013,381586.875,391117,0.0,0.0
2024-10-02 00:00:00+09:00,374648.9305925433,378117.9021721039,371675.52638149133,372171.09375,396359,0.0,0.0
2024-10-04 00:00:00+09:00,371179.9598153794,374648.931402439,365728.71875,365728.71875,233414,0.0,0.0
2024-10-07 00:00:00+09:00,372666.6583113457,377126.7645943272,367710.9846635884,375640.0625,336249,0.0,0.0
2024-10-08 00:00:00+09:00,371675.52152593085,374648.9256981383,367710.98262965423,372666.65625,267936,0.0,0.0
2024-10-10 00:00:00+09:00,375640.0731830417,375640.0731830417,366719.86036339164,368206.5625,330815,0.0,0.0
2024-10-11 00:00:00+09:00,368206.5753150545,371675.5470878747,363250.90135388286,363746.46875,248704,0.0,0.0
2024-10-14 00:00:00+09:00,361268.6317694142,363250.90135388286,355321.8230160082,363746.46875,241979,0.0,0.0
2024-10-15 00:00:00+09:00,361268.6170212766,362755.3191489362,347392.7304964539,349375.0,417727,0.0,0.0
2024-10-16 00:00:00+09:00,349375.0177607914,349870.5851618705,342932.6415467626,344419.34375,285606,0.0,0.0
2024-10-17 00:00:00+09:00,344419.3300638686,347888.30173357663,338968.0888686131,339463.65625,210386,0.0,0.0
2024-10-18 00:00:00+09:00,339463.6630434783,343428.2021739131,336985.82608695654,341941.5,173610,0.0,0.0
2024-10-21 00:00:00+09:00,342437.05071870453,347392.72439046577,339959.2138828239,340454.78125,167817,0.0,0.0
2024-10-22 00:00:00+09:00,337481.4007352941,338968.10294117645,327074.48529411765,328561.1875,317888,0.0,0.0
2024-10-23 00:00:00+09:00,328065.6112024854,342437.06546966376,327570.043813962,338968.09375,252149,0.0,0.0
2024-10-24 00:00:00+09:00,341445.92378497793,343923.76067746687,334012.41310751106,336490.25,162175,0.0,0.0
2024-10-25 00:00:00+09:00,337976.9600409836,342437.0665517884,329552.3144094635,332525.71875,182841,0.0,0.0
2024-10-28 00:00:00+09:00,332525.7073050787,347392.7284960658,332525.7073050787,346401.59375,308847,0.0,0.0
2024-10-29 00:00:00+09:00,343428.1875,344914.8896103896,335499.1095779221,343428.1875,285997,0.0,0.0
2024-10-30 00:00:00+09:00,339959.2167279412,343923.7556985294,335994.67775735294,336985.8125,229872,0.0,0.0
2024-10-31 00:00:00+09:00,333516.85353017884,335994.69048062596,328561.17962928466,332525.71875,288308,0.0,0.0
2024-11-01 00:00:00+09:00,330543.4346717359,339463.6473015578,327570.0304617952,334012.40625,160079,0.0,0.0
2024-11-04 00:00:00+09:00,335499.12391304347,345410.47173913044,332525.7195652174,341941.5,229044,0.0,0.0
2024-11-05 00:00:00+09:00,338968.08689248894,338968.08689248894,333021.27835051547,336490.25,171552,0.0,0.0
2024-11-06 00:00:00+09:00,337976.9623062016,339463.6644864341,318649.8339631783,319640.96875,436092,0.0,0.0
2024-11-07 00:00:00+09:00,319145.40135658917,329552.31661821704,313694.16002906975,319640.96875,350208,0.0,0.0
2024-11-08 00:00:00+09:00,323109.93359375,329056.7421875,316171.990234375,317163.125,462499,0.0,0.0
2024-11-11 00:00:00+09:00,311216.30557784915,314685.2771368379,305269.49719101127,308738.46875,424816,0.0,0.0
2024-11-12 00:00:00+09:00,307251.7674180328,312207.44108606555,300313.82428278687,302296.09375,411877,0.0,0.0
2024-11-13 00:00:00+09:00,299322.6890138408,303287.22794117645,285446.80276816606,286437.9375,625102,0.0,0.0
2024-11-14 00:00:00+09:00,286437.9509072581,307251.78125,276526.60312499997,307251.78125,936177,0.0,0.0
2024-11-15 00:00:00+09:00,284951.25422297296,286437.9564189189,271570.93445945944,275039.90625,915970,0.0,0.0
2024-11-18 00:00:00+09:00,275039.908674569,287924.66115301725,275039.908674569,287429.09375,428962,0.0,0.0
2024-11-19 00:00:00+09:00,284455.67966065294,289906.92090850516,283960.11227448453,288420.21875,227552,0.0,0.0
2024-11-20 00:00:00+09:00,286437.9415254237,296349.28898305085,284951.23940677964,292384.75,266630,0.0,0.0
2024-11-21 00:00:00+09:00,292384.755859375,307251.77734375,291393.62109375,301304.96875,374902,0.0,0.0
2024-11-22 00:00:00+09:00,303782.81059514004,307747.34972199344,299322.70407743,300809.40625,223888,0.0,0.0
2024-11-25 00:00:00+09:00,303287.2313432836,306756.20294361527,298827.125,298827.125,535573,0.0,0.0
2024-11-26 00:00:00+09:00,297340.44421487604,302791.68569214875,297340.44421487604,299818.28125,249680,0.0,0.0
2024-11-27 00:00:00+09:00,298331.56544117647,301800.53713235294,293375.89159663866,294862.59375,215642,0.0,0.0
2024-11-28 00:00:00+09:00,296844.8514170897,297340.41878172586,291889.1777707276,292880.3125,241035,0.0,0.0
2024-11-29 00:00:00+09:00,292384.74668141594,292384.74668141594,279499.9951327434,279995.5625,438275,0.0,0.0
2024-12-02 00:00:00+09:00,284455.6887254902,286437.9583333333,276526.61029411765,278013.3125,303499,0.0,0.0
2024-12-03 00:00:00+09:00,280491.13566243195,281482.2704174229,272562.05762250454,273057.625,548888,0.0,0.0
2024-12-04 00:00:00+09:00,267606.37706043955,271570.9159798535,264632.9728708791,270579.78125,544889,0.0,0.0
2024-12-05 00:00:00+09:00,271075.3493785178,272066.48411116324,262650.7041510319,264137.40625,402025,0.0,0.0
2024-12-06 00:00:00+09:00,264137.4160193032,268101.955096516,254721.6357109228,263146.28125,467577,0.0,0.0
2024-12-09 00:00:00+09:00,256208.32994329388,258686.16678994082,249765.95414201182,251252.65625,567811,0.0,0.0
2024-12-10 00:00:00+09:00,253730.50922509225,268597.53125,253730.50922509225,268597.53125,570207,0.0,0.0
2024-12-11 00:00:00+09:00,268597.51662844035,271075.3534977064,266119.67975917435,270084.21875,315948,0.0,0.0
2024-12-12 00:00:00+09:00,271570.9326047359,276031.0391621129,266119.6912568306,272066.5,679478,0.0,0.0
2024-12-13 00:00:00+09:00,272066.5030558118,273553.20525830257,267606.39644833945,268597.53125,483308,0.0,0.0
2024-12-16 00:00:00+09:00,271570.94061922363,274544.3450785582,267606.4013401109,268101.96875,421901,0.0,0.0
2024-12-17 00:00:00+09:00,268597.521484375,269093.0888671875,259677.30859375,261659.578125,569889,0.0,0.0
2024-12-18 00:00:00+09:00,261659.5810055866,267606.3896648045,261659.5810055866,266119.6875,243305,0.0,0.0
2024-12-19 00:00:00+09:00,259181.73538498097,264137.409101711,257695.03326996198,260668.4375,278879,0.0,0.0
2024-12-20 00:00:00+09:00,260172.87301300577,263146.27727601153,256208.33399566473,257199.46875,384248,0.0,0.0
2024-12-23 00:00:00+09:00,257695.0429389313,261659.5820610687,256208.34076812977,259677.3125,289621,0.0,0.0
2024-12-24 00:00:00+09:00,262155.14352849615,266119.6825610632,258686.171875,258686.171875,219033,0.0,0.0
2024-12-26 00:00:00+09:00,260172.8759765625,260172.8759765625,253234.9326171875,253730.5,301681,0.0,0.0
2024-12-27 00:00:00+09:00,251252.65625,257199.46468195267,247783.68466469427,251252.65625,353337,0.0,0.0
2024-12-30 00:00:00+09:00,249270.38677268245,256703.89731262327,249270.38677268245,251252.65625,251843,0.0,0.0
2025-01-02 00:00:00+09:00,252243.79387499997,252739.36125,246296.985375,247783.6875,272261,0.0,0.0
2025-01-03 00:00:00+09:00,246792.55851833976,259677.31056949808,246792.55851833976,256703.90625,350244,0.0,0.0
2025-01-06 00:00:00+09:00,257695.0429389313,261164.01467080152,255712.77337786258,259677.3125,255736,0.0,0.0
2025-01-07 00:00:00+09:00,262155.14452380955,264632.98142857145,259677.3076190476,260172.875,279604,0.0,0.0
2025-01-08 00:00:00+09:00,257695.04388045543,263641.852585389,256208.34170422202,261164.015625,416860,0.0,0.0
2025-01-09 00:00:00+09:00,260668.44139128353,262155.14352849615,255712.7676005747,258686.171875,508533,0.0,0.0
2025-01-10 00:00:00+09:00,257199.4755486641,261164.01467080152,255217.2059875954,259677.3125,315902,0.0,0.0
2025-01-13 00:00:00+09:00,257199.47759606031,259181.74717290857,253730.50583657587,254721.640625,242769,0.0,0.0
2025-01-14 00:00:00+09:00,256208.33399566473,259677.30563583816,252739.36235549132,257199.46875,302202,0.0,0.0
2025-01-15 00:00:00+09:00,258686.1797786965,262650.718932393,254721.640625,254721.640625,231931,0.0,0.0
2025-01-16 00:00:00+09:00,259181.74510973282,262650.71684160305,258686.17771946563,259677.3125,217450,0.0,0.0
2025-01-17 00:00:00+09:00,259677.30072115385,260668.43545673077,256703.89651442308,257695.03125,154275,0.0,0.0
2025-01-20 00:00:00+09:00,260172.8854358856,270084.23345249076,259677.31803505536,268597.53125,440938,0.0,0.0
2025-01-21 00:00:00+09:00,267606.382630814,269588.65213178296,254721.6308745155,255712.765625,407749,0.0,0.0
2025-01-22 00:00:00+09:00,258190.6064453125,264137.4150390625,258190.6064453125,261659.578125,242748,0.0,0.0
2025-01-23 00:00:00+09:00,260172.87301300577,260668.4403901734,254721.63186416184,257199.46875,189906,0.0,0.0
2025-01-24 00:00:00+09:00,257199.4648960325,260668.43648422562,254721.62804732315,259181.734375,182584,0.0,0.0
2025-01-31 00:00:00+09:00,263641.8506477927,264137.4180362284,255712.7724328215,258190.609375,210802,0.0,0.0
2025-02-03 00:00:00+09:00,254226.06234280684,254226.06234280684,244810.2822560362,246296.984375,402340,0.0,0.0
2025-02-04 00:00:00+09:00,247783.69450317125,249765.96405919662,233907.80761099365,234403.375,839230,0.0,0.0
2025-02-05 00:00:00+09:00,235890.0703770661,241341.3114992252,235890.0703770661,239854.609375,370345,0.0,0.0
2025-02-06 00:00:00+09:00,240350.1875,240845.75489690722,236881.2157216495,240350.1875,243074,0.0,0.0
2025-02-07 00:00:00+09:00,238367.90523666318,242332.44420109832,236881.203125,236881.203125,219950,0.0,0.0
2025-02-10 00:00:00+09:00,231429.9658491561,235394.50487869198,225483.15730485233,234898.9375,455071,0.0,0.0
2025-02-11 00:00:00+09:00,232421.1044880319,236385.6435837766,230934.40232712767,232916.671875,310281,0.0,0.0
2025-02-12 00:00:00+09:00,230934.3994034707,231925.534164859,227465.42773861173,228456.5625,345800,0.0,0.0
2025-02-13 00:00:00+09:00,230438.83208671398,244314.71875,229943.26470588235,244314.71875,823835,0.0,0.0
2025-02-14 00:00:00+09:00,244314.7138790486,247288.1181047571,240350.17491143724,244810.28125,267360,0.0,0.0
2025-02-17 00:00:00+09:00,244810.28324999998,249765.957,243819.14849999998,247783.6875,268640,0.0,0.0
2025-02-18 00:00:00+09:00,248279.2538669517,248774.82123993966,244314.7148830483,246296.984375,179534,0.0,0.0
2025-02-19 00:00:00+09:00,246296.9958293037,259677.3155222437,246296.9958293037,256208.34375,530138,0.0,0.0
2025-02-20 00:00:00+09:00,258190.6092877095,268597.52444134076,256208.3397346369,266119.6875,596260,0.0,0.0
2025-02-21 00:00:00+09:00,273553.1914893617,287429.07801418443,271075.3546099291,279500.0,1048438,0.0,0.0
2025-02-24 00:00:00+09:00,278508.875,281977.846752669,276031.0380338078,278508.875,420927,0.0,0.0
2025-02-25 00:00:00+09:00,280491.14571949,281482.28051001823,271570.9326047359,272066.5,350848,0.0,0.0
2025-02-26 00:00:00+09:00,270084.21985815605,282473.40425531915,269588.6524822695,279500.0,465225,0.0,0.0
2025-02-27 00:00:00+09:00,282000.0,284000.0,277000.0,281000.0,289593,2500.0,0.0
2025-02-28 00:00:00+09:00,275500.0,279000.0,271000.0,272500.0,462786,0.0,0.0
2025-03-04 00:00:00+09:00,274500.0,276500.0,266000.0,268000.0,397751,0.0,0.0
2025-03-05 00:00:00+09:00,266000.0,280000.0,266000.0,276500.0,334927,0.0,0.0
2025-03-06 00:00:00+09:00,283500.0,303500.0,282000.0,295500.0,1097274,0.0,0.0
2025-03-07 00:00:00+09:00,295500.0,322500.0,292500.0,317000.0,1586405,0.0,0.0
2025-03-10 00:00:00+09:00,314000.0,314500.0,302500.0,310500.0,701440,0.0,0.0
2025-03-11 00:00:00+09:00,298500.0,301000.0,294000.0,296500.0,624586,0.0,0.0
2025-03-12 00:00:00+09:00,296500.0,320000.0,296000.0,314000.0,742490,0.0,0.0
2025-03-13 00:00:00+09:00,319500.0,319500.0,309500.0,312500.0,596974,0.0,0.0
2025-03-14 00:00:00+09:00,311000.0,314500.0,304500.0,304500.0,366199,0.0,0.0
2025-03-17 00:00:00+09:00,304500.0,314000.0,304500.0,307000.0,328872,0.0,0.0
2025-03-18 00:00:00+09:00,309000.0,314000.0,305000.0,305000.0,278184,0.0,0.0
2025-03-19 00:00:00+09:00,305000.0,318000.0,305000.0,312500.0,436098,0.0,0.0
2025-03-20 00:00:00+09:00,318000.0,337000.0,318000.0,332000.0,1087678,0.0,0.0
2025-03-21 00:00:00+09:00,327500.0,329000.0,318500.0,326000.0,665836,0.0,0.0
2025-03-24 00:00:00+09:00,318500.0,319000.0,307000.0,308500.0,480012,0.0,0.0
2025-03-25 00:00:00+09:00,311000.0,313000.0,307000.0,307500.0,268530,0.0,0.0
2025-03-26 00:00:00+09:00,309500.0,310000.0,303000.0,307000.0,254049,0.0,0.0
2025-03-27 00:00:00+09:00,303000.0,303000.0,297000.0,300500.0,208639,0.0,0.0
2025-03-28 00:00:00+09:00,299000.0,299000.0,289500.0,292000.0,275386,0.0,0.0
2025-03-31 00:00:00+09:00,282500.0,284000.0,278000.0,278500.0,441844,0.0,0.0
