Datetime,Open,High,Low,Close,Volume,Dividends,Stock Splits
2025-03-25 13:21:00+09:00,59700.0,59800.0,59600.0,59600.0,0,0.0,0.0
2025-03-25 13:22:00+09:00,59700.0,59700.0,59500.0,59650.0,200495,0.0,0.0
2025-03-25 13:23:00+09:00,59600.0,59800.0,59600.0,59800.0,112326,0.0,0.0
2025-03-25 13:24:00+09:00,59800.0,59800.0,59700.0,59700.0,26436,0.0,0.0
2025-03-25 13:25:00+09:00,59800.0,59800.0,59700.0,59700.0,6048,0.0,0.0
2025-03-25 13:26:00+09:00,59700.0,59800.0,59700.0,59800.0,21369,0.0,0.0
2025-03-25 13:27:00+09:00,59800.0,59800.0,59700.0,59700.0,9772,0.0,0.0
2025-03-25 13:28:00+09:00,59750.0,59800.0,59600.0,59800.0,74828,0.0,0.0
2025-03-25 13:29:00+09:00,59700.0,59800.0,59600.0,59700.0,49767,0.0,0.0
2025-03-25 13:30:00+09:00,59700.0,59800.0,59600.0,59700.0,19710,0.0,0.0
2025-03-25 13:31:00+09:00,59700.0,59800.0,59700.0,59800.0,12362,0.0,0.0
2025-03-25 13:32:00+09:00,59800.0,59800.0,59700.0,59750.0,27290,0.0,0.0
2025-03-25 13:33:00+09:00,59750.0,59800.0,59700.0,59800.0,9374,0.0,0.0
2025-03-25 13:34:00+09:00,59800.0,59800.0,59700.0,59700.0,14845,0.0,0.0
2025-03-25 13:35:00+09:00,59800.0,59800.0,59700.0,59750.0,10093,0.0,0.0
2025-03-25 13:36:00+09:00,59800.0,59800.0,59700.0,59800.0,9541,0.0,0.0
2025-03-25 13:37:00+09:00,59800.0,59800.0,59700.0,59700.0,13144,0.0,0.0
2025-03-25 13:38:00+09:00,59800.0,59800.0,59600.0,59650.0,41414,0.0,0.0
2025-03-25 13:39:00+09:00,59600.0,59800.0,59600.0,59700.0,111968,0.0,0.0
2025-03-25 13:40:00+09:00,59600.0,59700.0,59600.0,59600.0,9176,0.0,0.0
2025-03-25 13:41:00+09:00,59650.0,59700.0,59600.0,59700.0,10487,0.0,0.0
2025-03-25 13:42:00+09:00,59600.0,59800.0,59600.0,59700.0,72012,0.0,0.0
2025-03-25 13:43:00+09:00,59800.0,59800.0,59700.0,59700.0,22195,0.0,0.0
2025-03-25 13:44:00+09:00,59800.0,59800.0,59700.0,59700.0,9229,0.0,0.0
2025-03-25 13:45:00+09:00,59700.0,59800.0,59700.0,59800.0,8310,0.0,0.0
2025-03-25 13:46:00+09:00,59700.0,59900.0,59700.0,59800.0,70158,0.0,0.0
2025-03-25 13:47:00+09:00,59900.0,59900.0,59800.0,59800.0,10687,0.0,0.0
2025-03-25 13:48:00+09:00,59800.0,59900.0,59800.0,59900.0,10212,0.0,0.0
2025-03-25 13:49:00+09:00,59800.0,59900.0,59800.0,59900.0,34884,0.0,0.0
2025-03-25 13:50:00+09:00,59900.0,60000.0,59800.0,59900.0,98273,0.0,0.0
2025-03-25 13:51:00+09:00,59900.0,60000.0,59900.0,59950.0,6405,0.0,0.0
2025-03-25 13:52:00+09:00,59900.0,60000.0,59800.0,59800.0,52178,0.0,0.0
2025-03-25 13:53:00+09:00,59800.0,59900.0,59800.0,59900.0,33377,0.0,0.0
2025-03-25 13:54:00+09:00,59900.0,59900.0,59800.0,59900.0,14595,0.0,0.0
2025-03-25 13:55:00+09:00,59900.0,59900.0,59800.0,59900.0,8653,0.0,0.0
2025-03-25 13:56:00+09:00,59900.0,59900.0,59800.0,59800.0,14981,0.0,0.0
2025-03-25 13:57:00+09:00,59900.0,59900.0,59800.0,59900.0,20950,0.0,0.0
2025-03-25 13:58:00+09:00,59800.0,59900.0,59800.0,59900.0,23337,0.0,0.0
2025-03-25 13:59:00+09:00,59900.0,59900.0,59800.0,59900.0,11442,0.0,0.0
2025-03-25 14:00:00+09:00,59850.0,59900.0,59800.0,59850.0,11710,0.0,0.0
2025-03-25 14:01:00+09:00,59850.0,60000.0,59800.0,59950.0,93695,0.0,0.0
2025-03-25 14:02:00+09:00,59900.0,60000.0,59900.0,60000.0,12774,0.0,0.0
2025-03-25 14:03:00+09:00,60000.0,60000.0,59900.0,59900.0,10688,0.0,0.0
2025-03-25 14:04:00+09:00,60000.0,60000.0,59900.0,59950.0,9763,0.0,0.0
2025-03-25 14:05:00+09:00,60000.0,60000.0,59950.0,59950.0,11683,0.0,0.0
2025-03-25 14:06:00+09:00,60000.0,60000.0,59900.0,59900.0,10515,0.0,0.0
2025-03-25 14:07:00+09:00,60000.0,60100.0,59900.0,60100.0,108288,0.0,0.0
2025-03-25 14:08:00+09:00,60000.0,60100.0,60000.0,60000.0,8656,0.0,0.0
2025-03-25 14:09:00+09:00,60100.0,60100.0,60000.0,60100.0,17952,0.0,0.0
2025-03-25 14:10:00+09:00,60100.0,60100.0,59900.0,60000.0,70079,0.0,0.0
2025-03-25 14:11:00+09:00,59900.0,60000.0,59900.0,59950.0,3503,0.0,0.0
2025-03-25 14:12:00+09:00,60000.0,60000.0,59900.0,60000.0,7659,0.0,0.0
2025-03-25 14:13:00+09:00,60000.0,60000.0,59900.0,59950.0,8716,0.0,0.0
2025-03-25 14:14:00+09:00,59950.0,60000.0,59900.0,60000.0,9124,0.0,0.0
2025-03-25 14:15:00+09:00,60000.0,60000.0,59900.0,60000.0,14881,0.0,0.0
2025-03-25 14:16:00+09:00,60000.0,60000.0,59900.0,59900.0,18117,0.0,0.0
2025-03-25 14:17:00+09:00,60000.0,60000.0,59900.0,60000.0,20390,0.0,0.0
2025-03-25 14:18:00+09:00,60000.0,60000.0,59900.0,59900.0,10906,0.0,0.0
2025-03-25 14:19:00+09:00,60000.0,60000.0,59900.0,59900.0,11150,0.0,0.0
2025-03-25 14:20:00+09:00,59900.0,60000.0,59900.0,60000.0,19166,0.0,0.0
2025-03-25 14:21:00+09:00,60000.0,60100.0,59950.0,60000.0,72634,0.0,0.0
2025-03-25 14:22:00+09:00,60000.0,60100.0,59900.0,59900.0,64602,0.0,0.0
2025-03-25 14:23:00+09:00,60000.0,60000.0,59900.0,59950.0,5683,0.0,0.0
2025-03-25 14:24:00+09:00,59900.0,60000.0,59900.0,59950.0,6095,0.0,0.0
2025-03-25 14:25:00+09:00,59900.0,60000.0,59900.0,59900.0,8271,0.0,0.0
2025-03-25 14:26:00+09:00,59950.0,60000.0,59900.0,59900.0,8623,0.0,0.0
2025-03-25 14:27:00+09:00,59900.0,60000.0,59800.0,59900.0,88021,0.0,0.0
2025-03-25 14:28:00+09:00,59850.0,60000.0,59850.0,59950.0,72491,0.0,0.0
2025-03-25 14:29:00+09:00,59950.0,60000.0,59900.0,60000.0,31769,0.0,0.0
2025-03-25 14:30:00+09:00,59900.0,60000.0,59900.0,60000.0,10981,0.0,0.0
2025-03-25 14:31:00+09:00,59900.0,60000.0,59900.0,60000.0,11577,0.0,0.0
2025-03-25 14:32:00+09:00,59900.0,60000.0,59900.0,60000.0,12189,0.0,0.0
2025-03-25 14:33:00+09:00,59900.0,60000.0,59900.0,60000.0,20683,0.0,0.0
2025-03-25 14:34:00+09:00,59900.0,60000.0,59900.0,60000.0,13126,0.0,0.0
2025-03-25 14:35:00+09:00,60000.0,60000.0,59900.0,59900.0,11527,0.0,0.0
2025-03-25 14:36:00+09:00,60000.0,60000.0,59900.0,60000.0,23849,0.0,0.0
2025-03-25 14:37:00+09:00,59900.0,60100.0,59900.0,60000.0,26761,0.0,0.0
2025-03-25 14:38:00+09:00,60000.0,60100.0,60000.0,60100.0,17365,0.0,0.0
2025-03-25 14:39:00+09:00,60000.0,60100.0,60000.0,60000.0,16455,0.0,0.0
2025-03-25 14:40:00+09:00,60000.0,60100.0,60000.0,60000.0,8952,0.0,0.0
2025-03-25 14:41:00+09:00,60000.0,60100.0,60000.0,60000.0,11635,0.0,0.0
2025-03-25 14:42:00+09:00,60000.0,60100.0,60000.0,60000.0,32346,0.0,0.0
2025-03-25 14:43:00+09:00,60000.0,60100.0,60000.0,60000.0,10644,0.0,0.0
2025-03-25 14:44:00+09:00,60000.0,60100.0,60000.0,60000.0,7620,0.0,0.0
2025-03-25 14:45:00+09:00,60050.0,60100.0,60000.0,60050.0,10291,0.0,0.0
2025-03-25 14:46:00+09:00,60050.0,60200.0,60050.0,60200.0,66975,0.0,0.0
2025-03-25 14:47:00+09:00,60100.0,60200.0,60100.0,60100.0,18758,0.0,0.0
2025-03-25 14:48:00+09:00,60100.0,60200.0,60000.0,60000.0,32048,0.0,0.0
2025-03-25 14:49:00+09:00,60000.0,60100.0,60000.0,60000.0,5004,0.0,0.0
2025-03-25 14:50:00+09:00,60050.0,60100.0,60000.0,60000.0,6951,0.0,0.0
2025-03-25 14:51:00+09:00,60100.0,60100.0,60000.0,60050.0,34174,0.0,0.0
2025-03-25 14:52:00+09:00,60050.0,60100.0,60000.0,60050.0,14997,0.0,0.0
2025-03-25 14:53:00+09:00,60050.0,60100.0,60000.0,60100.0,16798,0.0,0.0
2025-03-25 14:54:00+09:00,60000.0,60100.0,60000.0,60050.0,11120,0.0,0.0
2025-03-25 14:55:00+09:00,60100.0,60100.0,60000.0,60050.0,8325,0.0,0.0
2025-03-25 14:56:00+09:00,60050.0,60100.0,60000.0,60000.0,24014,0.0,0.0
2025-03-25 14:57:00+09:00,60000.0,60100.0,60000.0,60000.0,11483,0.0,0.0
2025-03-25 14:58:00+09:00,60100.0,60100.0,60000.0,60100.0,12389,0.0,0.0
2025-03-25 14:59:00+09:00,60100.0,60100.0,60000.0,60000.0,13507,0.0,0.0
2025-03-26 09:00:00+09:00,59800.0,59900.0,59800.0,59800.0,503851,0.0,0.0
2025-03-26 09:01:00+09:00,59800.0,59900.0,59700.0,59900.0,210133,0.0,0.0
2025-03-26 09:02:00+09:00,59900.0,60200.0,59900.0,60100.0,166198,0.0,0.0
2025-03-26 09:03:00+09:00,60100.0,60300.0,60100.0,60300.0,87603,0.0,0.0
2025-03-26 09:04:00+09:00,60250.0,60300.0,60100.0,60100.0,98248,0.0,0.0
2025-03-26 09:05:00+09:00,60150.0,60200.0,60100.0,60100.0,18969,0.0,0.0
2025-03-26 09:06:00+09:00,60200.0,60300.0,60100.0,60300.0,61766,0.0,0.0
2025-03-26 09:07:00+09:00,60200.0,60300.0,60200.0,60300.0,13731,0.0,0.0
2025-03-26 09:08:00+09:00,60300.0,60400.0,60200.0,60300.0,217961,0.0,0.0
2025-03-26 09:09:00+09:00,60350.0,60400.0,60300.0,60350.0,55484,0.0,0.0
2025-03-26 09:10:00+09:00,60300.0,60400.0,60300.0,60350.0,45992,0.0,0.0
2025-03-26 09:11:00+09:00,60400.0,60400.0,60300.0,60350.0,49109,0.0,0.0
2025-03-26 09:12:00+09:00,60350.0,60500.0,60300.0,60400.0,210702,0.0,0.0
2025-03-26 09:13:00+09:00,60350.0,60600.0,60350.0,60450.0,176351,0.0,0.0
2025-03-26 09:14:00+09:00,60450.0,60500.0,60400.0,60500.0,46214,0.0,0.0
2025-03-26 09:15:00+09:00,60500.0,60600.0,60400.0,60500.0,51899,0.0,0.0
2025-03-26 09:16:00+09:00,60500.0,60500.0,60400.0,60400.0,29183,0.0,0.0
2025-03-26 09:17:00+09:00,60400.0,60500.0,60300.0,60350.0,103082,0.0,0.0
2025-03-26 09:18:00+09:00,60350.0,60400.0,60300.0,60300.0,14892,0.0,0.0
2025-03-26 09:19:00+09:00,60300.0,60400.0,60300.0,60400.0,35529,0.0,0.0
2025-03-26 09:20:00+09:00,60300.0,60500.0,60300.0,60300.0,80048,0.0,0.0
2025-03-26 09:21:00+09:00,60300.0,60500.0,60300.0,60500.0,72010,0.0,0.0
2025-03-26 09:22:00+09:00,60500.0,60500.0,60400.0,60500.0,21203,0.0,0.0
2025-03-26 09:23:00+09:00,60500.0,60500.0,60400.0,60450.0,32236,0.0,0.0
2025-03-26 09:24:00+09:00,60500.0,60500.0,60400.0,60500.0,19679,0.0,0.0
2025-03-26 09:25:00+09:00,60500.0,60600.0,60400.0,60500.0,62103,0.0,0.0
2025-03-26 09:26:00+09:00,60500.0,60500.0,60400.0,60500.0,10065,0.0,0.0
2025-03-26 09:27:00+09:00,60500.0,60500.0,60300.0,60400.0,35983,0.0,0.0
2025-03-26 09:28:00+09:00,60350.0,60400.0,60300.0,60400.0,13485,0.0,0.0
2025-03-26 09:29:00+09:00,60300.0,60400.0,60200.0,60300.0,61241,0.0,0.0
2025-03-26 09:30:00+09:00,60200.0,60300.0,60200.0,60300.0,153658,0.0,0.0
2025-03-26 09:31:00+09:00,60300.0,60300.0,60200.0,60300.0,8510,0.0,0.0
2025-03-26 09:32:00+09:00,60200.0,60400.0,60200.0,60200.0,73982,0.0,0.0
2025-03-26 09:33:00+09:00,60300.0,60300.0,60200.0,60200.0,12135,0.0,0.0
2025-03-26 09:34:00+09:00,60300.0,60300.0,60200.0,60300.0,8722,0.0,0.0
2025-03-26 09:35:00+09:00,60300.0,60400.0,60200.0,60300.0,71478,0.0,0.0
2025-03-26 09:36:00+09:00,60300.0,60300.0,60200.0,60300.0,16754,0.0,0.0
2025-03-26 09:37:00+09:00,60200.0,60300.0,60200.0,60300.0,11706,0.0,0.0
2025-03-26 09:38:00+09:00,60300.0,60300.0,60200.0,60200.0,18377,0.0,0.0
2025-03-26 09:39:00+09:00,60200.0,60300.0,60200.0,60200.0,10143,0.0,0.0
2025-03-26 09:40:00+09:00,60200.0,60300.0,60200.0,60200.0,7406,0.0,0.0
2025-03-26 09:41:00+09:00,60300.0,60300.0,60200.0,60300.0,44618,0.0,0.0
2025-03-26 09:42:00+09:00,60200.0,60400.0,60200.0,60400.0,64103,0.0,0.0
2025-03-26 09:43:00+09:00,60300.0,60400.0,60300.0,60400.0,47402,0.0,0.0
2025-03-26 09:44:00+09:00,60400.0,60400.0,60300.0,60400.0,8437,0.0,0.0
2025-03-26 09:45:00+09:00,60400.0,60500.0,60400.0,60400.0,54840,0.0,0.0
2025-03-26 09:46:00+09:00,60400.0,60500.0,60400.0,60400.0,18128,0.0,0.0
2025-03-26 09:47:00+09:00,60400.0,60500.0,60300.0,60300.0,22986,0.0,0.0
2025-03-26 09:48:00+09:00,60300.0,60400.0,60300.0,60300.0,4542,0.0,0.0
2025-03-26 09:49:00+09:00,60400.0,60400.0,60300.0,60350.0,21017,0.0,0.0
2025-03-26 09:50:00+09:00,60300.0,60350.0,60300.0,60350.0,11160,0.0,0.0
2025-03-26 09:51:00+09:00,60350.0,60400.0,60300.0,60300.0,5532,0.0,0.0
2025-03-26 09:52:00+09:00,60300.0,60400.0,60300.0,60400.0,11949,0.0,0.0
2025-03-26 09:53:00+09:00,60300.0,60400.0,60300.0,60400.0,10765,0.0,0.0
2025-03-26 09:54:00+09:00,60300.0,60400.0,60300.0,60400.0,18614,0.0,0.0
2025-03-26 09:55:00+09:00,60300.0,60400.0,60300.0,60400.0,24997,0.0,0.0
2025-03-26 09:56:00+09:00,60300.0,60400.0,60300.0,60400.0,14905,0.0,0.0
2025-03-26 09:57:00+09:00,60400.0,60400.0,60300.0,60400.0,7132,0.0,0.0
2025-03-26 09:58:00+09:00,60300.0,60400.0,60300.0,60400.0,15807,0.0,0.0
2025-03-26 09:59:00+09:00,60300.0,60400.0,60300.0,60350.0,33158,0.0,0.0
2025-03-26 10:00:00+09:00,60300.0,60500.0,60200.0,60400.0,172725,0.0,0.0
2025-03-26 10:01:00+09:00,60500.0,60500.0,60400.0,60500.0,5983,0.0,0.0
2025-03-26 10:02:00+09:00,60450.0,60700.0,60450.0,60650.0,184789,0.0,0.0
2025-03-26 10:03:00+09:00,60650.0,60700.0,60500.0,60600.0,139587,0.0,0.0
2025-03-26 10:04:00+09:00,60700.0,60700.0,60550.0,60550.0,33913,0.0,0.0
2025-03-26 10:05:00+09:00,60600.0,60700.0,60500.0,60600.0,38764,0.0,0.0
2025-03-26 10:06:00+09:00,60600.0,60700.0,60600.0,60700.0,14593,0.0,0.0
2025-03-26 10:07:00+09:00,60600.0,60700.0,60600.0,60650.0,10669,0.0,0.0
2025-03-26 10:08:00+09:00,60700.0,60700.0,60650.0,60700.0,39502,0.0,0.0
2025-03-26 10:09:00+09:00,60650.0,60700.0,60650.0,60700.0,23457,0.0,0.0
2025-03-26 10:10:00+09:00,60650.0,60800.0,60650.0,60800.0,77145,0.0,0.0
2025-03-26 10:11:00+09:00,60750.0,60800.0,60700.0,60700.0,14715,0.0,0.0
2025-03-26 10:12:00+09:00,60800.0,60800.0,60700.0,60800.0,17217,0.0,0.0
2025-03-26 10:13:00+09:00,60700.0,60900.0,60700.0,60800.0,167375,0.0,0.0
2025-03-26 10:14:00+09:00,60700.0,60800.0,60700.0,60700.0,20511,0.0,0.0
2025-03-26 10:15:00+09:00,60700.0,60800.0,60700.0,60800.0,24049,0.0,0.0
2025-03-26 10:16:00+09:00,60800.0,60900.0,60700.0,60800.0,72432,0.0,0.0
2025-03-26 10:17:00+09:00,60800.0,60900.0,60800.0,60900.0,38771,0.0,0.0
2025-03-26 10:18:00+09:00,60900.0,61000.0,60850.0,60900.0,93656,0.0,0.0
2025-03-26 10:19:00+09:00,60900.0,61200.0,60850.0,61000.0,432611,0.0,0.0
2025-03-26 10:20:00+09:00,61000.0,61100.0,60950.0,60950.0,98956,0.0,0.0
2025-03-26 10:21:00+09:00,61000.0,61000.0,60800.0,60900.0,128962,0.0,0.0
2025-03-26 10:22:00+09:00,60900.0,60900.0,60800.0,60800.0,3621,0.0,0.0
2025-03-26 10:23:00+09:00,60900.0,60900.0,60800.0,60900.0,22428,0.0,0.0
2025-03-26 10:24:00+09:00,60900.0,60900.0,60800.0,60900.0,9002,0.0,0.0
2025-03-26 10:25:00+09:00,60900.0,61000.0,60800.0,60900.0,65936,0.0,0.0
2025-03-26 10:26:00+09:00,60900.0,61000.0,60800.0,60950.0,44654,0.0,0.0
2025-03-26 10:27:00+09:00,60900.0,61000.0,60900.0,60950.0,9613,0.0,0.0
2025-03-26 10:28:00+09:00,60950.0,61100.0,60900.0,61000.0,96137,0.0,0.0
2025-03-26 10:29:00+09:00,61000.0,61000.0,60900.0,61000.0,22766,0.0,0.0
2025-03-26 10:30:00+09:00,61000.0,61100.0,60900.0,61050.0,45878,0.0,0.0
2025-03-26 10:31:00+09:00,61000.0,61100.0,61000.0,61100.0,38603,0.0,0.0
2025-03-26 10:32:00+09:00,61100.0,61100.0,61000.0,61100.0,18863,0.0,0.0
2025-03-26 10:33:00+09:00,61100.0,61200.0,61000.0,61100.0,94110,0.0,0.0
2025-03-26 10:34:00+09:00,61100.0,61200.0,61100.0,61100.0,14695,0.0,0.0
2025-03-26 10:35:00+09:00,61200.0,61300.0,61100.0,61200.0,199736,0.0,0.0
2025-03-26 10:36:00+09:00,61200.0,61300.0,61200.0,61300.0,43489,0.0,0.0
2025-03-26 10:37:00+09:00,61300.0,61300.0,61200.0,61300.0,51955,0.0,0.0
2025-03-26 10:38:00+09:00,61300.0,61400.0,61200.0,61200.0,140527,0.0,0.0
2025-03-26 10:39:00+09:00,61300.0,61300.0,61200.0,61300.0,16862,0.0,0.0
2025-03-26 10:40:00+09:00,61300.0,61400.0,61250.0,61400.0,131879,0.0,0.0
2025-03-26 10:41:00+09:00,61400.0,61400.0,61200.0,61300.0,119493,0.0,0.0
2025-03-26 10:42:00+09:00,61300.0,61400.0,61200.0,61300.0,88310,0.0,0.0
2025-03-26 10:43:00+09:00,61300.0,61400.0,61200.0,61350.0,73410,0.0,0.0
2025-03-26 10:44:00+09:00,61350.0,61400.0,61300.0,61300.0,19767,0.0,0.0
2025-03-26 10:45:00+09:00,61300.0,61400.0,61300.0,61400.0,44123,0.0,0.0
2025-03-26 10:46:00+09:00,61350.0,61400.0,61300.0,61400.0,41143,0.0,0.0
2025-03-26 10:47:00+09:00,61400.0,61400.0,61300.0,61400.0,20243,0.0,0.0
2025-03-26 10:48:00+09:00,61350.0,61400.0,61300.0,61300.0,27177,0.0,0.0
2025-03-26 10:49:00+09:00,61400.0,61400.0,61300.0,61350.0,31561,0.0,0.0
2025-03-26 10:50:00+09:00,61350.0,61400.0,61200.0,61250.0,70292,0.0,0.0
2025-03-26 10:51:00+09:00,61200.0,61300.0,61200.0,61250.0,18483,0.0,0.0
2025-03-26 10:52:00+09:00,61300.0,61300.0,61250.0,61250.0,11337,0.0,0.0
2025-03-26 10:53:00+09:00,61300.0,61400.0,61250.0,61300.0,176256,0.0,0.0
2025-03-26 10:54:00+09:00,61400.0,61400.0,61300.0,61300.0,16910,0.0,0.0
2025-03-26 10:55:00+09:00,61400.0,61400.0,61300.0,61350.0,16538,0.0,0.0
2025-03-26 10:56:00+09:00,61400.0,61400.0,61350.0,61400.0,12945,0.0,0.0
2025-03-26 10:57:00+09:00,61350.0,61400.0,61350.0,61400.0,16433,0.0,0.0
2025-03-26 10:58:00+09:00,61350.0,61400.0,61350.0,61350.0,32174,0.0,0.0
2025-03-26 10:59:00+09:00,61350.0,61400.0,61350.0,61400.0,83287,0.0,0.0
2025-03-26 11:00:00+09:00,61350.0,61400.0,61350.0,61400.0,17425,0.0,0.0
2025-03-26 11:01:00+09:00,61400.0,61400.0,61300.0,61350.0,12273,0.0,0.0
2025-03-26 11:02:00+09:00,61300.0,61400.0,61300.0,61300.0,17079,0.0,0.0
2025-03-26 11:03:00+09:00,61300.0,61400.0,61200.0,61300.0,97514,0.0,0.0
2025-03-26 11:04:00+09:00,61200.0,61300.0,61200.0,61300.0,3843,0.0,0.0
2025-03-26 11:05:00+09:00,61300.0,61300.0,61200.0,61200.0,5677,0.0,0.0
2025-03-26 11:06:00+09:00,61200.0,61300.0,61200.0,61300.0,6234,0.0,0.0
2025-03-26 11:07:00+09:00,61300.0,61300.0,61200.0,61300.0,17485,0.0,0.0
2025-03-26 11:08:00+09:00,61300.0,61300.0,61200.0,61250.0,47831,0.0,0.0
2025-03-26 11:09:00+09:00,61300.0,61400.0,61200.0,61300.0,111207,0.0,0.0
2025-03-26 11:10:00+09:00,61400.0,61400.0,61300.0,61300.0,19680,0.0,0.0
2025-03-26 11:11:00+09:00,61400.0,61400.0,61300.0,61300.0,17399,0.0,0.0
2025-03-26 11:12:00+09:00,61300.0,61400.0,61200.0,61300.0,41498,0.0,0.0
2025-03-26 11:13:00+09:00,61200.0,61300.0,61200.0,61200.0,9208,0.0,0.0
2025-03-26 11:14:00+09:00,61200.0,61300.0,61200.0,61300.0,9922,0.0,0.0
2025-03-26 11:15:00+09:00,61300.0,61400.0,61200.0,61300.0,59012,0.0,0.0
2025-03-26 11:16:00+09:00,61300.0,61400.0,61300.0,61300.0,18592,0.0,0.0
2025-03-26 11:17:00+09:00,61300.0,61400.0,61200.0,61300.0,87138,0.0,0.0
2025-03-26 11:18:00+09:00,61250.0,61300.0,61200.0,61300.0,4713,0.0,0.0
2025-03-26 11:19:00+09:00,61300.0,61300.0,61200.0,61200.0,25928,0.0,0.0
2025-03-26 11:20:00+09:00,61300.0,61300.0,61200.0,61300.0,10933,0.0,0.0
2025-03-26 11:21:00+09:00,61200.0,61300.0,61200.0,61200.0,29945,0.0,0.0
2025-03-26 11:22:00+09:00,61250.0,61300.0,61200.0,61200.0,11036,0.0,0.0
2025-03-26 11:23:00+09:00,61300.0,61300.0,61200.0,61300.0,15318,0.0,0.0
2025-03-26 11:24:00+09:00,61200.0,61300.0,61200.0,61200.0,18239,0.0,0.0
2025-03-26 11:25:00+09:00,61300.0,61300.0,61000.0,61000.0,266369,0.0,0.0
2025-03-26 11:26:00+09:00,61000.0,61100.0,61000.0,61000.0,8676,0.0,0.0
2025-03-26 11:27:00+09:00,61000.0,61100.0,61000.0,61000.0,8117,0.0,0.0
2025-03-26 11:28:00+09:00,61000.0,61100.0,61000.0,61000.0,37223,0.0,0.0
2025-03-26 11:29:00+09:00,61100.0,61100.0,61000.0,61100.0,32627,0.0,0.0
2025-03-26 11:30:00+09:00,61050.0,61100.0,61000.0,61000.0,12252,0.0,0.0
2025-03-26 11:31:00+09:00,61050.0,61100.0,61000.0,61100.0,16292,0.0,0.0
2025-03-26 11:32:00+09:00,61100.0,61200.0,61000.0,61200.0,111035,0.0,0.0
2025-03-26 11:33:00+09:00,61100.0,61200.0,61100.0,61200.0,9583,0.0,0.0
2025-03-26 11:34:00+09:00,61200.0,61200.0,61100.0,61200.0,9561,0.0,0.0
2025-03-26 11:35:00+09:00,61200.0,61300.0,61100.0,61200.0,80168,0.0,0.0
2025-03-26 11:36:00+09:00,61300.0,61300.0,61200.0,61200.0,41344,0.0,0.0
2025-03-26 11:37:00+09:00,61200.0,61400.0,61100.0,61300.0,149491,0.0,0.0
2025-03-26 11:38:00+09:00,61400.0,61400.0,61200.0,61200.0,43188,0.0,0.0
2025-03-26 11:39:00+09:00,61200.0,61300.0,61200.0,61250.0,9382,0.0,0.0
2025-03-26 11:40:00+09:00,61250.0,61250.0,61200.0,61250.0,23302,0.0,0.0
2025-03-26 11:41:00+09:00,61200.0,61300.0,61200.0,61300.0,14735,0.0,0.0
2025-03-26 11:42:00+09:00,61250.0,61300.0,61200.0,61200.0,7511,0.0,0.0
2025-03-26 11:43:00+09:00,61200.0,61300.0,61200.0,61200.0,16416,0.0,0.0
2025-03-26 11:44:00+09:00,61200.0,61300.0,61100.0,61100.0,77784,0.0,0.0
2025-03-26 11:45:00+09:00,61100.0,61300.0,61100.0,61200.0,49227,0.0,0.0
2025-03-26 11:46:00+09:00,61200.0,61300.0,61200.0,61200.0,9491,0.0,0.0
2025-03-26 11:47:00+09:00,61250.0,61250.0,61000.0,61000.0,136540,0.0,0.0
2025-03-26 11:48:00+09:00,61100.0,61100.0,61000.0,61050.0,18672,0.0,0.0
2025-03-26 11:49:00+09:00,61050.0,61100.0,61000.0,61100.0,10820,0.0,0.0
2025-03-26 11:50:00+09:00,61000.0,61100.0,61000.0,61000.0,17660,0.0,0.0
2025-03-26 11:51:00+09:00,61000.0,61100.0,61000.0,61100.0,5377,0.0,0.0
2025-03-26 11:52:00+09:00,61050.0,61300.0,61050.0,61200.0,169743,0.0,0.0
2025-03-26 11:53:00+09:00,61200.0,61250.0,61100.0,61200.0,29205,0.0,0.0
2025-03-26 11:54:00+09:00,61200.0,61200.0,61100.0,61200.0,7438,0.0,0.0
2025-03-26 11:55:00+09:00,61200.0,61200.0,61100.0,61150.0,3570,0.0,0.0
2025-03-26 11:56:00+09:00,61100.0,61200.0,61100.0,61200.0,5775,0.0,0.0
2025-03-26 11:57:00+09:00,61100.0,61200.0,61100.0,61100.0,5895,0.0,0.0
2025-03-26 11:58:00+09:00,61100.0,61300.0,61100.0,61300.0,65086,0.0,0.0
2025-03-26 11:59:00+09:00,61250.0,61300.0,61200.0,61200.0,9036,0.0,0.0
2025-03-26 12:00:00+09:00,61300.0,61300.0,61100.0,61100.0,70585,0.0,0.0
2025-03-26 12:01:00+09:00,61150.0,61200.0,61100.0,61100.0,4043,0.0,0.0
2025-03-26 12:02:00+09:00,61100.0,61200.0,61100.0,61150.0,7987,0.0,0.0
2025-03-26 12:03:00+09:00,61150.0,61150.0,61000.0,61050.0,115574,0.0,0.0
2025-03-26 12:04:00+09:00,61050.0,61050.0,60900.0,61000.0,52495,0.0,0.0
2025-03-26 12:05:00+09:00,60900.0,61000.0,60900.0,61000.0,6708,0.0,0.0
2025-03-26 12:06:00+09:00,61000.0,61000.0,60900.0,61000.0,9692,0.0,0.0
2025-03-26 12:07:00+09:00,61000.0,61000.0,60950.0,60950.0,8672,0.0,0.0
2025-03-26 12:08:00+09:00,60950.0,61000.0,60900.0,60950.0,5385,0.0,0.0
2025-03-26 12:09:00+09:00,60900.0,61000.0,60900.0,60900.0,10593,0.0,0.0
2025-03-26 12:10:00+09:00,60900.0,61000.0,60800.0,61000.0,237004,0.0,0.0
2025-03-26 12:11:00+09:00,61000.0,61100.0,61000.0,61000.0,11159,0.0,0.0
2025-03-26 12:12:00+09:00,61000.0,61100.0,61000.0,61000.0,7942,0.0,0.0
2025-03-26 12:13:00+09:00,61000.0,61100.0,60900.0,60900.0,47648,0.0,0.0
2025-03-26 12:14:00+09:00,61000.0,61000.0,60900.0,61000.0,12677,0.0,0.0
2025-03-26 12:15:00+09:00,61000.0,61000.0,60900.0,60900.0,26948,0.0,0.0
2025-03-26 12:16:00+09:00,60900.0,61100.0,60900.0,61000.0,42455,0.0,0.0
2025-03-26 12:17:00+09:00,61000.0,61100.0,61000.0,61000.0,14677,0.0,0.0
2025-03-26 12:18:00+09:00,61050.0,61050.0,61000.0,61050.0,9277,0.0,0.0
2025-03-26 12:19:00+09:00,61000.0,61050.0,61000.0,61050.0,6152,0.0,0.0
2025-03-26 12:20:00+09:00,61000.0,61100.0,61000.0,61050.0,6004,0.0,0.0
2025-03-26 12:21:00+09:00,61050.0,61100.0,61050.0,61050.0,13165,0.0,0.0
2025-03-26 12:22:00+09:00,61100.0,61100.0,61000.0,61050.0,4258,0.0,0.0
2025-03-26 12:23:00+09:00,61050.0,61100.0,61000.0,61100.0,44807,0.0,0.0
2025-03-26 12:24:00+09:00,61100.0,61100.0,61000.0,61100.0,5575,0.0,0.0
2025-03-26 12:25:00+09:00,61000.0,61100.0,61000.0,61000.0,9911,0.0,0.0
2025-03-26 12:26:00+09:00,61100.0,61100.0,61000.0,61100.0,21384,0.0,0.0
2025-03-26 12:27:00+09:00,61000.0,61100.0,61000.0,61100.0,11914,0.0,0.0
2025-03-26 12:28:00+09:00,61100.0,61100.0,61000.0,61100.0,57892,0.0,0.0
2025-03-26 12:29:00+09:00,61100.0,61200.0,61100.0,61100.0,48132,0.0,0.0
2025-03-26 12:30:00+09:00,61100.0,61200.0,61100.0,61100.0,7050,0.0,0.0
2025-03-26 12:31:00+09:00,61200.0,61200.0,61100.0,61100.0,16270,0.0,0.0
2025-03-26 12:32:00+09:00,61100.0,61200.0,61100.0,61100.0,22053,0.0,0.0
2025-03-26 12:33:00+09:00,61200.0,61200.0,61100.0,61100.0,2570,0.0,0.0
2025-03-26 12:34:00+09:00,61100.0,61300.0,61100.0,61100.0,112595,0.0,0.0
2025-03-26 12:35:00+09:00,61200.0,61300.0,61100.0,61200.0,44380,0.0,0.0
2025-03-26 12:36:00+09:00,61200.0,61300.0,61200.0,61200.0,8722,0.0,0.0
2025-03-26 12:37:00+09:00,61200.0,61300.0,61200.0,61300.0,21503,0.0,0.0
2025-03-26 12:38:00+09:00,61300.0,61300.0,61200.0,61300.0,14321,0.0,0.0
2025-03-26 12:39:00+09:00,61200.0,61300.0,61200.0,61300.0,11121,0.0,0.0
2025-03-26 12:40:00+09:00,61300.0,61300.0,61200.0,61200.0,10106,0.0,0.0
2025-03-26 12:41:00+09:00,61200.0,61300.0,61200.0,61300.0,12373,0.0,0.0
2025-03-26 12:42:00+09:00,61200.0,61300.0,61200.0,61300.0,9701,0.0,0.0
2025-03-26 12:43:00+09:00,61300.0,61300.0,61200.0,61200.0,23269,0.0,0.0
2025-03-26 12:44:00+09:00,61200.0,61300.0,61200.0,61250.0,22013,0.0,0.0
2025-03-26 12:45:00+09:00,61300.0,61300.0,61200.0,61200.0,16401,0.0,0.0
2025-03-26 12:46:00+09:00,61200.0,61300.0,61200.0,61300.0,29789,0.0,0.0
2025-03-26 12:47:00+09:00,61200.0,61300.0,61200.0,61200.0,24216,0.0,0.0
2025-03-26 12:48:00+09:00,61200.0,61300.0,61200.0,61200.0,34407,0.0,0.0
2025-03-26 12:49:00+09:00,61300.0,61300.0,61200.0,61200.0,16387,0.0,0.0
2025-03-26 12:50:00+09:00,61200.0,61300.0,61200.0,61300.0,14776,0.0,0.0
2025-03-26 12:51:00+09:00,61200.0,61300.0,61200.0,61200.0,12720,0.0,0.0
2025-03-26 12:52:00+09:00,61200.0,61300.0,61200.0,61200.0,16000,0.0,0.0
2025-03-26 12:53:00+09:00,61250.0,61300.0,61200.0,61250.0,11591,0.0,0.0
2025-03-26 12:54:00+09:00,61200.0,61300.0,61100.0,61100.0,108714,0.0,0.0
2025-03-26 12:55:00+09:00,61200.0,61200.0,61100.0,61200.0,7029,0.0,0.0
2025-03-26 12:56:00+09:00,61100.0,61200.0,61100.0,61200.0,10693,0.0,0.0
2025-03-26 12:57:00+09:00,61200.0,61200.0,61100.0,61200.0,12765,0.0,0.0
2025-03-26 12:58:00+09:00,61100.0,61200.0,61100.0,61200.0,11553,0.0,0.0
2025-03-26 12:59:00+09:00,61100.0,61300.0,61100.0,61200.0,80657,0.0,0.0
2025-03-26 13:00:00+09:00,61200.0,61300.0,61200.0,61200.0,13564,0.0,0.0
2025-03-26 13:01:00+09:00,61200.0,61300.0,61200.0,61200.0,16412,0.0,0.0
2025-03-26 13:02:00+09:00,61200.0,61300.0,61100.0,61200.0,61832,0.0,0.0
2025-03-26 13:03:00+09:00,61100.0,61200.0,61100.0,61200.0,4992,0.0,0.0
2025-03-26 13:04:00+09:00,61200.0,61300.0,61100.0,61200.0,44088,0.0,0.0
2025-03-26 13:05:00+09:00,61200.0,61300.0,61200.0,61300.0,13953,0.0,0.0
2025-03-26 13:06:00+09:00,61300.0,61300.0,61100.0,61100.0,59498,0.0,0.0
2025-03-26 13:07:00+09:00,61100.0,61200.0,61100.0,61200.0,6701,0.0,0.0
2025-03-26 13:08:00+09:00,61150.0,61200.0,61100.0,61200.0,7419,0.0,0.0
2025-03-26 13:09:00+09:00,61100.0,61300.0,61100.0,61200.0,55520,0.0,0.0
2025-03-26 13:10:00+09:00,61200.0,61300.0,61100.0,61200.0,55747,0.0,0.0
2025-03-26 13:11:00+09:00,61100.0,61200.0,61100.0,61100.0,6903,0.0,0.0
2025-03-26 13:12:00+09:00,61200.0,61200.0,61100.0,61200.0,24862,0.0,0.0
2025-03-26 13:13:00+09:00,61200.0,61300.0,61100.0,61100.0,71474,0.0,0.0
2025-03-26 13:14:00+09:00,61200.0,61200.0,61100.0,61200.0,14646,0.0,0.0
2025-03-26 13:15:00+09:00,61200.0,61200.0,61100.0,61200.0,31422,0.0,0.0
2025-03-26 13:16:00+09:00,61200.0,61200.0,61100.0,61200.0,0,0.0,0.0
2025-03-26 13:17:00+09:00,61200.0,61200.0,61100.0,61150.0,8685,0.0,0.0
2025-03-26 13:18:00+09:00,61200.0,61300.0,61150.0,61300.0,51632,0.0,0.0
2025-03-26 13:19:00+09:00,61300.0,61300.0,61200.0,61300.0,10132,0.0,0.0
2025-03-26 13:20:00+09:00,61300.0,61300.0,61100.0,61200.0,77838,0.0,0.0
2025-03-26 13:21:00+09:00,61200.0,61200.0,61100.0,61100.0,4118,0.0,0.0
2025-03-26 13:22:00+09:00,61200.0,61200.0,61100.0,61200.0,8459,0.0,0.0
2025-03-26 13:23:00+09:00,61150.0,61200.0,61100.0,61200.0,16488,0.0,0.0
2025-03-26 13:24:00+09:00,61200.0,61300.0,61100.0,61100.0,58019,0.0,0.0
2025-03-26 13:25:00+09:00,61200.0,61200.0,61100.0,61150.0,13348,0.0,0.0
2025-03-26 13:26:00+09:00,61150.0,61200.0,61100.0,61200.0,16360,0.0,0.0
2025-03-26 13:27:00+09:00,61200.0,61200.0,61150.0,61200.0,24969,0.0,0.0
2025-03-26 13:28:00+09:00,61200.0,61300.0,61150.0,61300.0,45769,0.0,0.0
2025-03-26 13:29:00+09:00,61200.0,61300.0,61200.0,61300.0,13407,0.0,0.0
2025-03-26 13:30:00+09:00,61250.0,61300.0,61200.0,61200.0,31691,0.0,0.0
2025-03-26 13:31:00+09:00,61200.0,61300.0,61200.0,61250.0,19010,0.0,0.0
2025-03-26 13:32:00+09:00,61250.0,61300.0,61100.0,61200.0,128039,0.0,0.0
2025-03-26 13:33:00+09:00,61200.0,61200.0,61100.0,61200.0,25306,0.0,0.0
2025-03-26 13:34:00+09:00,61150.0,61200.0,61100.0,61150.0,9001,0.0,0.0
2025-03-26 13:35:00+09:00,61100.0,61200.0,61100.0,61200.0,13680,0.0,0.0
2025-03-26 13:36:00+09:00,61200.0,61200.0,61100.0,61200.0,39859,0.0,0.0
2025-03-26 13:37:00+09:00,61200.0,61200.0,61100.0,61200.0,19602,0.0,0.0
2025-03-26 13:38:00+09:00,61150.0,61200.0,61100.0,61150.0,23159,0.0,0.0
2025-03-26 13:39:00+09:00,61200.0,61300.0,61100.0,61200.0,49870,0.0,0.0
2025-03-26 13:40:00+09:00,61200.0,61300.0,61100.0,61200.0,35142,0.0,0.0
2025-03-26 13:41:00+09:00,61200.0,61200.0,61100.0,61200.0,12653,0.0,0.0
2025-03-26 13:42:00+09:00,61150.0,61200.0,61100.0,61100.0,5148,0.0,0.0
2025-03-26 13:43:00+09:00,61100.0,61200.0,61100.0,61150.0,7693,0.0,0.0
2025-03-26 13:44:00+09:00,61200.0,61300.0,61100.0,61200.0,43101,0.0,0.0
2025-03-26 13:45:00+09:00,61200.0,61250.0,61200.0,61200.0,67651,0.0,0.0
2025-03-26 13:46:00+09:00,61150.0,61200.0,61100.0,61200.0,13145,0.0,0.0
2025-03-26 13:47:00+09:00,61200.0,61200.0,61100.0,61100.0,20744,0.0,0.0
2025-03-26 13:48:00+09:00,61200.0,61200.0,61100.0,61100.0,12388,0.0,0.0
2025-03-26 13:49:00+09:00,61100.0,61200.0,61100.0,61150.0,8832,0.0,0.0
2025-03-26 13:50:00+09:00,61150.0,61200.0,61150.0,61200.0,14462,0.0,0.0
2025-03-26 13:51:00+09:00,61150.0,61200.0,61100.0,61100.0,7086,0.0,0.0
2025-03-26 13:52:00+09:00,61200.0,61300.0,61100.0,61200.0,49633,0.0,0.0
2025-03-26 13:53:00+09:00,61200.0,61250.0,61200.0,61200.0,25367,0.0,0.0
2025-03-26 13:54:00+09:00,61200.0,61250.0,61100.0,61200.0,25790,0.0,0.0
2025-03-26 13:55:00+09:00,61200.0,61200.0,61100.0,61200.0,3465,0.0,0.0
2025-03-26 13:56:00+09:00,61100.0,61200.0,61100.0,61200.0,16628,0.0,0.0
2025-03-26 13:57:00+09:00,61200.0,61300.0,61150.0,61200.0,53754,0.0,0.0
2025-03-26 13:58:00+09:00,61200.0,61300.0,61200.0,61200.0,22567,0.0,0.0
2025-03-26 13:59:00+09:00,61200.0,61250.0,61200.0,61200.0,14302,0.0,0.0
2025-03-26 14:00:00+09:00,61250.0,61300.0,61100.0,61200.0,58387,0.0,0.0
2025-03-26 14:01:00+09:00,61200.0,61300.0,61100.0,61200.0,32925,0.0,0.0
2025-03-26 14:02:00+09:00,61200.0,61250.0,61100.0,61100.0,68499,0.0,0.0
2025-03-26 14:03:00+09:00,61200.0,61200.0,61100.0,61150.0,21009,0.0,0.0
2025-03-26 14:04:00+09:00,61200.0,61200.0,61100.0,61150.0,4798,0.0,0.0
2025-03-26 14:05:00+09:00,61150.0,61300.0,61150.0,61200.0,26996,0.0,0.0
2025-03-26 14:06:00+09:00,61200.0,61300.0,61200.0,61200.0,19460,0.0,0.0
2025-03-26 14:07:00+09:00,61250.0,61300.0,61200.0,61200.0,6132,0.0,0.0
2025-03-26 14:08:00+09:00,61200.0,61300.0,61200.0,61200.0,4925,0.0,0.0
2025-03-26 14:09:00+09:00,61200.0,61300.0,61200.0,61250.0,5870,0.0,0.0
2025-03-26 14:10:00+09:00,61250.0,61300.0,61200.0,61200.0,10524,0.0,0.0
2025-03-26 14:11:00+09:00,61200.0,61300.0,61200.0,61300.0,26016,0.0,0.0
2025-03-26 14:12:00+09:00,61300.0,61300.0,61200.0,61300.0,15818,0.0,0.0
2025-03-26 14:13:00+09:00,61300.0,61300.0,61200.0,61200.0,39615,0.0,0.0
2025-03-26 14:14:00+09:00,61300.0,61300.0,61200.0,61200.0,7255,0.0,0.0
2025-03-26 14:15:00+09:00,61300.0,61300.0,61200.0,61200.0,14303,0.0,0.0
2025-03-26 14:16:00+09:00,61300.0,61300.0,61200.0,61200.0,12414,0.0,0.0
2025-03-26 14:17:00+09:00,61250.0,61300.0,61200.0,61300.0,9321,0.0,0.0
2025-03-26 14:18:00+09:00,61250.0,61300.0,61250.0,61250.0,11871,0.0,0.0
2025-03-26 14:19:00+09:00,61250.0,61300.0,61200.0,61300.0,17545,0.0,0.0
2025-03-26 14:20:00+09:00,61250.0,61300.0,61200.0,61300.0,13537,0.0,0.0
2025-03-26 14:21:00+09:00,61200.0,61300.0,61200.0,61300.0,18325,0.0,0.0
2025-03-26 14:22:00+09:00,61300.0,61300.0,61200.0,61200.0,27698,0.0,0.0
2025-03-26 14:23:00+09:00,61200.0,61300.0,61200.0,61300.0,22157,0.0,0.0
2025-03-26 14:24:00+09:00,61300.0,61300.0,61200.0,61300.0,8432,0.0,0.0
2025-03-26 14:25:00+09:00,61300.0,61300.0,61200.0,61300.0,8825,0.0,0.0
2025-03-26 14:26:00+09:00,61300.0,61300.0,61200.0,61300.0,14653,0.0,0.0
2025-03-26 14:27:00+09:00,61300.0,61300.0,61200.0,61200.0,23131,0.0,0.0
2025-03-26 14:28:00+09:00,61300.0,61300.0,61200.0,61300.0,11503,0.0,0.0
2025-03-26 14:29:00+09:00,61300.0,61300.0,61200.0,61200.0,21129,0.0,0.0
2025-03-26 14:30:00+09:00,61300.0,61300.0,61200.0,61200.0,11694,0.0,0.0
2025-03-26 14:31:00+09:00,61200.0,61300.0,61200.0,61250.0,9726,0.0,0.0
2025-03-26 14:32:00+09:00,61200.0,61300.0,61200.0,61250.0,12821,0.0,0.0
2025-03-26 14:33:00+09:00,61250.0,61300.0,61200.0,61200.0,9975,0.0,0.0
2025-03-26 14:34:00+09:00,61300.0,61300.0,61200.0,61300.0,15804,0.0,0.0
2025-03-26 14:35:00+09:00,61300.0,61300.0,61200.0,61300.0,13892,0.0,0.0
2025-03-26 14:36:00+09:00,61200.0,61300.0,61200.0,61200.0,9663,0.0,0.0
2025-03-26 14:37:00+09:00,61300.0,61300.0,61200.0,61250.0,11518,0.0,0.0
2025-03-26 14:38:00+09:00,61300.0,61300.0,61200.0,61300.0,26275,0.0,0.0
2025-03-26 14:39:00+09:00,61300.0,61300.0,61200.0,61300.0,23469,0.0,0.0
2025-03-26 14:40:00+09:00,61250.0,61300.0,61200.0,61300.0,21109,0.0,0.0
2025-03-26 14:41:00+09:00,61300.0,61400.0,61200.0,61350.0,164106,0.0,0.0
2025-03-26 14:42:00+09:00,61400.0,61400.0,61200.0,61250.0,142971,0.0,0.0
2025-03-26 14:43:00+09:00,61250.0,61300.0,61200.0,61250.0,4917,0.0,0.0
2025-03-26 14:44:00+09:00,61250.0,61300.0,61200.0,61200.0,4985,0.0,0.0
2025-03-26 14:45:00+09:00,61300.0,61300.0,61200.0,61200.0,12490,0.0,0.0
2025-03-26 14:46:00+09:00,61250.0,61300.0,61200.0,61300.0,30847,0.0,0.0
2025-03-26 14:47:00+09:00,61250.0,61300.0,61200.0,61250.0,13191,0.0,0.0
2025-03-26 14:48:00+09:00,61250.0,61400.0,61250.0,61300.0,122648,0.0,0.0
2025-03-26 14:49:00+09:00,61300.0,61400.0,61300.0,61300.0,14431,0.0,0.0
2025-03-26 14:50:00+09:00,61400.0,61400.0,61300.0,61300.0,21455,0.0,0.0
2025-03-26 14:51:00+09:00,61300.0,61400.0,61200.0,61200.0,103699,0.0,0.0
2025-03-26 14:52:00+09:00,61200.0,61300.0,61200.0,61200.0,53115,0.0,0.0
2025-03-26 14:53:00+09:00,61200.0,61300.0,61100.0,61200.0,78789,0.0,0.0
2025-03-26 14:54:00+09:00,61100.0,61200.0,61100.0,61200.0,9413,0.0,0.0
2025-03-26 14:55:00+09:00,61200.0,61200.0,61100.0,61150.0,6758,0.0,0.0
2025-03-26 14:56:00+09:00,61100.0,61200.0,61100.0,61200.0,6094,0.0,0.0
2025-03-26 14:57:00+09:00,61100.0,61200.0,61100.0,61150.0,9993,0.0,0.0
2025-03-26 14:58:00+09:00,61100.0,61200.0,61100.0,61200.0,22860,0.0,0.0
2025-03-26 14:59:00+09:00,61100.0,61200.0,61100.0,61100.0,13938,0.0,0.0
2025-03-27 09:00:00+09:00,60900.0,61000.0,60800.0,60900.0,773156,0.0,0.0
2025-03-27 09:01:00+09:00,60900.0,61200.0,60900.0,61100.0,229018,0.0,0.0
2025-03-27 09:02:00+09:00,61100.0,61400.0,61100.0,61300.0,185322,0.0,0.0
2025-03-27 09:03:00+09:00,61350.0,61400.0,61100.0,61300.0,209792,0.0,0.0
2025-03-27 09:04:00+09:00,61300.0,61400.0,61200.0,61200.0,72235,0.0,0.0
2025-03-27 09:05:00+09:00,61200.0,61300.0,61100.0,61250.0,169768,0.0,0.0
2025-03-27 09:06:00+09:00,61300.0,61300.0,61100.0,61200.0,75877,0.0,0.0
2025-03-27 09:07:00+09:00,61200.0,61500.0,61200.0,61500.0,138624,0.0,0.0
2025-03-27 09:08:00+09:00,61500.0,61700.0,61400.0,61700.0,207063,0.0,0.0
2025-03-27 09:09:00+09:00,61700.0,61800.0,61600.0,61700.0,143123,0.0,0.0
2025-03-27 09:10:00+09:00,61800.0,61900.0,61700.0,61800.0,162841,0.0,0.0
2025-03-27 09:11:00+09:00,61800.0,62000.0,61700.0,61900.0,269150,0.0,0.0
2025-03-27 09:12:00+09:00,61900.0,61900.0,61600.0,61700.0,325549,0.0,0.0
2025-03-27 09:13:00+09:00,61700.0,61800.0,61600.0,61700.0,167536,0.0,0.0
2025-03-27 09:14:00+09:00,61650.0,61800.0,61600.0,61700.0,57650,0.0,0.0
2025-03-27 09:15:00+09:00,61600.0,61800.0,61600.0,61700.0,77260,0.0,0.0
2025-03-27 09:16:00+09:00,61800.0,61800.0,61600.0,61700.0,92230,0.0,0.0
2025-03-27 09:17:00+09:00,61700.0,61800.0,61500.0,61500.0,79528,0.0,0.0
2025-03-27 09:18:00+09:00,61500.0,61600.0,61400.0,61400.0,126966,0.0,0.0
2025-03-27 09:19:00+09:00,61400.0,61500.0,61300.0,61400.0,180487,0.0,0.0
2025-03-27 09:20:00+09:00,61400.0,61400.0,61300.0,61400.0,60182,0.0,0.0
2025-03-27 09:21:00+09:00,61400.0,61400.0,61300.0,61300.0,24076,0.0,0.0
2025-03-27 09:22:00+09:00,61350.0,61400.0,61300.0,61350.0,103491,0.0,0.0
2025-03-27 09:23:00+09:00,61350.0,61400.0,61200.0,61200.0,256428,0.0,0.0
2025-03-27 09:24:00+09:00,61250.0,61400.0,61200.0,61300.0,96691,0.0,0.0
2025-03-27 09:25:00+09:00,61300.0,61400.0,61300.0,61400.0,15445,0.0,0.0
2025-03-27 09:26:00+09:00,61300.0,61400.0,61300.0,61400.0,51658,0.0,0.0
2025-03-27 09:27:00+09:00,61300.0,61500.0,61300.0,61400.0,121174,0.0,0.0
2025-03-27 09:28:00+09:00,61400.0,61400.0,61300.0,61350.0,11840,0.0,0.0
2025-03-27 09:29:00+09:00,61400.0,61400.0,61300.0,61400.0,9639,0.0,0.0
2025-03-27 09:30:00+09:00,61300.0,61400.0,61300.0,61300.0,15903,0.0,0.0
2025-03-27 09:31:00+09:00,61400.0,61500.0,61300.0,61500.0,56942,0.0,0.0
2025-03-27 09:32:00+09:00,61400.0,61600.0,61400.0,61500.0,90415,0.0,0.0
2025-03-27 09:33:00+09:00,61500.0,61600.0,61400.0,61550.0,50005,0.0,0.0
2025-03-27 09:34:00+09:00,61550.0,61600.0,61500.0,61600.0,19963,0.0,0.0
2025-03-27 09:35:00+09:00,61600.0,61600.0,61500.0,61600.0,50663,0.0,0.0
2025-03-27 09:36:00+09:00,61600.0,61600.0,61500.0,61600.0,12274,0.0,0.0
2025-03-27 09:37:00+09:00,61600.0,61700.0,61500.0,61550.0,170712,0.0,0.0
2025-03-27 09:38:00+09:00,61500.0,61700.0,61500.0,61650.0,103655,0.0,0.0
2025-03-27 09:39:00+09:00,61600.0,61700.0,61600.0,61600.0,89056,0.0,0.0
2025-03-27 09:40:00+09:00,61600.0,61700.0,61600.0,61700.0,22642,0.0,0.0
2025-03-27 09:41:00+09:00,61600.0,61700.0,61600.0,61700.0,9457,0.0,0.0
2025-03-27 09:42:00+09:00,61700.0,61700.0,61600.0,61600.0,18703,0.0,0.0
2025-03-27 09:43:00+09:00,61700.0,61700.0,61600.0,61600.0,25977,0.0,0.0
2025-03-27 09:44:00+09:00,61700.0,61700.0,61600.0,61600.0,15361,0.0,0.0
2025-03-27 09:45:00+09:00,61600.0,61700.0,61600.0,61600.0,16454,0.0,0.0
2025-03-27 09:46:00+09:00,61700.0,61700.0,61600.0,61600.0,10201,0.0,0.0
2025-03-27 09:47:00+09:00,61650.0,61800.0,61600.0,61750.0,130298,0.0,0.0
2025-03-27 09:48:00+09:00,61750.0,61800.0,61700.0,61700.0,26104,0.0,0.0
2025-03-27 09:49:00+09:00,61700.0,61800.0,61700.0,61700.0,39249,0.0,0.0
2025-03-27 09:50:00+09:00,61700.0,61800.0,61700.0,61700.0,249825,0.0,0.0
2025-03-27 09:51:00+09:00,61650.0,61700.0,61600.0,61650.0,1696,0.0,0.0
2025-03-27 09:52:00+09:00,61700.0,61800.0,61600.0,61700.0,120223,0.0,0.0
2025-03-27 09:53:00+09:00,61750.0,61800.0,61600.0,61700.0,125612,0.0,0.0
2025-03-27 09:54:00+09:00,61700.0,61700.0,61600.0,61600.0,24322,0.0,0.0
2025-03-27 09:55:00+09:00,61600.0,61700.0,61600.0,61600.0,14578,0.0,0.0
2025-03-27 09:56:00+09:00,61600.0,61700.0,61500.0,61600.0,141219,0.0,0.0
2025-03-27 09:57:00+09:00,61600.0,61700.0,61600.0,61700.0,1931,0.0,0.0
2025-03-27 09:58:00+09:00,61600.0,61700.0,61600.0,61650.0,27622,0.0,0.0
2025-03-27 09:59:00+09:00,61700.0,61700.0,61600.0,61600.0,9487,0.0,0.0
2025-03-27 10:00:00+09:00,61700.0,61700.0,61600.0,61700.0,12022,0.0,0.0
2025-03-27 10:01:00+09:00,61600.0,61800.0,61600.0,61700.0,90017,0.0,0.0
2025-03-27 10:02:00+09:00,61700.0,61750.0,61600.0,61600.0,86666,0.0,0.0
2025-03-27 10:03:00+09:00,61700.0,61700.0,61600.0,61600.0,6467,0.0,0.0
2025-03-27 10:04:00+09:00,61600.0,61700.0,61600.0,61650.0,12995,0.0,0.0
2025-03-27 10:05:00+09:00,61600.0,61700.0,61600.0,61600.0,12568,0.0,0.0
2025-03-27 10:06:00+09:00,61600.0,61700.0,61600.0,61600.0,132139,0.0,0.0
2025-03-27 10:07:00+09:00,61600.0,61700.0,61600.0,61700.0,23088,0.0,0.0
2025-03-27 10:08:00+09:00,61600.0,61700.0,61600.0,61600.0,14970,0.0,0.0
2025-03-27 10:09:00+09:00,61700.0,61700.0,61600.0,61600.0,10783,0.0,0.0
2025-03-27 10:10:00+09:00,61600.0,61700.0,61600.0,61700.0,21929,0.0,0.0
2025-03-27 10:11:00+09:00,61700.0,61800.0,61650.0,61750.0,88984,0.0,0.0
2025-03-27 10:12:00+09:00,61700.0,61800.0,61700.0,61700.0,34360,0.0,0.0
2025-03-27 10:13:00+09:00,61700.0,61800.0,61700.0,61700.0,86879,0.0,0.0
2025-03-27 10:14:00+09:00,61700.0,61800.0,61700.0,61700.0,34042,0.0,0.0
2025-03-27 10:15:00+09:00,61700.0,61750.0,61600.0,61600.0,49753,0.0,0.0
2025-03-27 10:16:00+09:00,61600.0,61800.0,61600.0,61800.0,108739,0.0,0.0
2025-03-27 10:17:00+09:00,61800.0,61800.0,61700.0,61700.0,16501,0.0,0.0
2025-03-27 10:18:00+09:00,61800.0,61900.0,61700.0,61800.0,151469,0.0,0.0
2025-03-27 10:19:00+09:00,61800.0,61900.0,61800.0,61900.0,14602,0.0,0.0
2025-03-27 10:20:00+09:00,61900.0,61900.0,61800.0,61800.0,15895,0.0,0.0
2025-03-27 10:21:00+09:00,61800.0,61900.0,61800.0,61900.0,17319,0.0,0.0
2025-03-27 10:22:00+09:00,61800.0,61900.0,61800.0,61900.0,13697,0.0,0.0
2025-03-27 10:23:00+09:00,61800.0,61900.0,61800.0,61900.0,15888,0.0,0.0
2025-03-27 10:24:00+09:00,61800.0,61900.0,61800.0,61900.0,20727,0.0,0.0
2025-03-27 10:25:00+09:00,61800.0,61900.0,61800.0,61850.0,21580,0.0,0.0
2025-03-27 10:26:00+09:00,61800.0,61900.0,61800.0,61800.0,19422,0.0,0.0
2025-03-27 10:27:00+09:00,61800.0,61900.0,61800.0,61800.0,27998,0.0,0.0
2025-03-27 10:28:00+09:00,61800.0,61900.0,61800.0,61800.0,23533,0.0,0.0
2025-03-27 10:29:00+09:00,61900.0,61900.0,61800.0,61800.0,125396,0.0,0.0
2025-03-27 10:30:00+09:00,61800.0,61900.0,61700.0,61800.0,63331,0.0,0.0
2025-03-27 10:31:00+09:00,61900.0,61900.0,61800.0,61900.0,78996,0.0,0.0
2025-03-27 10:32:00+09:00,61900.0,61900.0,61800.0,61850.0,7685,0.0,0.0
2025-03-27 10:33:00+09:00,61850.0,61900.0,61800.0,61900.0,6811,0.0,0.0
2025-03-27 10:34:00+09:00,61800.0,61900.0,61800.0,61800.0,59872,0.0,0.0
2025-03-27 10:35:00+09:00,61800.0,61900.0,61800.0,61850.0,11792,0.0,0.0
2025-03-27 10:36:00+09:00,61850.0,61900.0,61800.0,61800.0,9631,0.0,0.0
2025-03-27 10:37:00+09:00,61800.0,61900.0,61700.0,61700.0,183167,0.0,0.0
2025-03-27 10:38:00+09:00,61800.0,61800.0,61700.0,61800.0,66541,0.0,0.0
2025-03-27 10:39:00+09:00,61800.0,61800.0,61700.0,61700.0,10512,0.0,0.0
2025-03-27 10:40:00+09:00,61750.0,61800.0,61700.0,61700.0,19162,0.0,0.0
2025-03-27 10:41:00+09:00,61800.0,61800.0,61700.0,61800.0,11797,0.0,0.0
2025-03-27 10:42:00+09:00,61800.0,61800.0,61700.0,61750.0,24167,0.0,0.0
2025-03-27 10:43:00+09:00,61750.0,61800.0,61700.0,61750.0,8355,0.0,0.0
2025-03-27 10:44:00+09:00,61750.0,61800.0,61700.0,61800.0,109868,0.0,0.0
2025-03-27 10:45:00+09:00,61800.0,61800.0,61700.0,61700.0,24350,0.0,0.0
2025-03-27 10:46:00+09:00,61700.0,61800.0,61700.0,61700.0,41837,0.0,0.0
2025-03-27 10:47:00+09:00,61700.0,61800.0,61700.0,61700.0,32735,0.0,0.0
2025-03-27 10:48:00+09:00,61750.0,61800.0,61600.0,61700.0,228946,0.0,0.0
2025-03-27 10:49:00+09:00,61700.0,61800.0,61600.0,61700.0,70419,0.0,0.0
2025-03-27 10:50:00+09:00,61700.0,61700.0,61600.0,61600.0,5106,0.0,0.0
2025-03-27 10:51:00+09:00,61700.0,61700.0,61600.0,61700.0,10024,0.0,0.0
2025-03-27 10:52:00+09:00,61650.0,61700.0,61600.0,61600.0,15353,0.0,0.0
2025-03-27 10:53:00+09:00,61600.0,61800.0,61600.0,61700.0,82229,0.0,0.0
2025-03-27 10:54:00+09:00,61800.0,61800.0,61600.0,61600.0,101799,0.0,0.0
2025-03-27 10:55:00+09:00,61700.0,61700.0,61600.0,61700.0,9640,0.0,0.0
2025-03-27 10:56:00+09:00,61650.0,61700.0,61600.0,61650.0,11737,0.0,0.0
2025-03-27 10:57:00+09:00,61600.0,61700.0,61600.0,61600.0,117178,0.0,0.0
2025-03-27 10:58:00+09:00,61600.0,61700.0,61600.0,61600.0,55608,0.0,0.0
2025-03-27 10:59:00+09:00,61600.0,61700.0,61600.0,61650.0,16525,0.0,0.0
2025-03-27 11:00:00+09:00,61600.0,61700.0,61500.0,61600.0,53783,0.0,0.0
2025-03-27 11:01:00+09:00,61600.0,61700.0,61600.0,61600.0,31190,0.0,0.0
2025-03-27 11:02:00+09:00,61600.0,61700.0,61600.0,61600.0,26738,0.0,0.0
2025-03-27 11:03:00+09:00,61700.0,61700.0,61600.0,61700.0,36716,0.0,0.0
2025-03-27 11:04:00+09:00,61600.0,61700.0,61600.0,61600.0,26128,0.0,0.0
2025-03-27 11:05:00+09:00,61700.0,61700.0,61600.0,61700.0,10619,0.0,0.0
2025-03-27 11:06:00+09:00,61650.0,61700.0,61600.0,61600.0,23213,0.0,0.0
2025-03-27 11:07:00+09:00,61600.0,61700.0,61600.0,61600.0,11700,0.0,0.0
2025-03-27 11:08:00+09:00,61600.0,61700.0,61600.0,61600.0,16042,0.0,0.0
2025-03-27 11:09:00+09:00,61600.0,61700.0,61600.0,61600.0,14707,0.0,0.0
2025-03-27 11:10:00+09:00,61600.0,61700.0,61600.0,61600.0,6966,0.0,0.0
2025-03-27 11:11:00+09:00,61650.0,61700.0,61600.0,61600.0,20502,0.0,0.0
2025-03-27 11:12:00+09:00,61600.0,61700.0,61600.0,61700.0,10180,0.0,0.0
2025-03-27 11:13:00+09:00,61650.0,61700.0,61600.0,61700.0,8607,0.0,0.0
2025-03-27 11:14:00+09:00,61600.0,61800.0,61600.0,61700.0,125981,0.0,0.0
2025-03-27 11:15:00+09:00,61700.0,61800.0,61700.0,61700.0,25044,0.0,0.0
2025-03-27 11:16:00+09:00,61700.0,61800.0,61700.0,61750.0,22801,0.0,0.0
2025-03-27 11:17:00+09:00,61750.0,61800.0,61700.0,61700.0,28309,0.0,0.0
2025-03-27 11:18:00+09:00,61700.0,61800.0,61700.0,61700.0,36976,0.0,0.0
2025-03-27 11:19:00+09:00,61800.0,61800.0,61600.0,61600.0,90873,0.0,0.0
2025-03-27 11:20:00+09:00,61650.0,61700.0,61600.0,61650.0,7987,0.0,0.0
2025-03-27 11:21:00+09:00,61650.0,61700.0,61600.0,61600.0,4581,0.0,0.0
2025-03-27 11:22:00+09:00,61600.0,61650.0,61600.0,61600.0,18937,0.0,0.0
2025-03-27 11:23:00+09:00,61600.0,61700.0,61600.0,61600.0,13163,0.0,0.0
2025-03-27 11:24:00+09:00,61600.0,61700.0,61600.0,61600.0,11732,0.0,0.0
2025-03-27 11:25:00+09:00,61600.0,61700.0,61600.0,61700.0,9991,0.0,0.0
2025-03-27 11:26:00+09:00,61650.0,61700.0,61600.0,61600.0,12208,0.0,0.0
2025-03-27 11:27:00+09:00,61650.0,61700.0,61600.0,61700.0,8748,0.0,0.0
2025-03-27 11:28:00+09:00,61700.0,61700.0,61600.0,61700.0,12928,0.0,0.0
2025-03-27 11:29:00+09:00,61650.0,61700.0,61600.0,61650.0,13349,0.0,0.0
2025-03-27 11:30:00+09:00,61650.0,61700.0,61600.0,61600.0,13286,0.0,0.0
2025-03-27 11:31:00+09:00,61700.0,61700.0,61600.0,61700.0,17514,0.0,0.0
2025-03-27 11:32:00+09:00,61650.0,61800.0,61650.0,61750.0,158672,0.0,0.0
2025-03-27 11:33:00+09:00,61700.0,61800.0,61700.0,61750.0,24960,0.0,0.0
2025-03-27 11:34:00+09:00,61750.0,61800.0,61700.0,61700.0,37379,0.0,0.0
2025-03-27 11:35:00+09:00,61700.0,61800.0,61700.0,61700.0,27595,0.0,0.0
2025-03-27 11:36:00+09:00,61700.0,61800.0,61700.0,61800.0,13096,0.0,0.0
2025-03-27 11:37:00+09:00,61800.0,61800.0,61700.0,61700.0,13164,0.0,0.0
2025-03-27 11:38:00+09:00,61800.0,61900.0,61700.0,61800.0,161472,0.0,0.0
2025-03-27 11:39:00+09:00,61800.0,61900.0,61800.0,61800.0,33601,0.0,0.0
2025-03-27 11:40:00+09:00,61800.0,61900.0,61800.0,61800.0,33434,0.0,0.0
2025-03-27 11:41:00+09:00,61850.0,61900.0,61700.0,61800.0,97008,0.0,0.0
2025-03-27 11:42:00+09:00,61800.0,61900.0,61800.0,61900.0,11649,0.0,0.0
2025-03-27 11:43:00+09:00,61800.0,61900.0,61800.0,61800.0,41212,0.0,0.0
2025-03-27 11:44:00+09:00,61800.0,61900.0,61800.0,61850.0,15452,0.0,0.0
2025-03-27 11:45:00+09:00,61900.0,61900.0,61800.0,61800.0,19319,0.0,0.0
2025-03-27 11:46:00+09:00,61800.0,61900.0,61800.0,61800.0,16625,0.0,0.0
2025-03-27 11:47:00+09:00,61800.0,61900.0,61800.0,61800.0,26568,0.0,0.0
2025-03-27 11:48:00+09:00,61800.0,61900.0,61800.0,61800.0,29504,0.0,0.0
2025-03-27 11:49:00+09:00,61800.0,61900.0,61700.0,61800.0,159418,0.0,0.0
2025-03-27 11:50:00+09:00,61800.0,61900.0,61800.0,61800.0,21828,0.0,0.0
2025-03-27 11:51:00+09:00,61800.0,61800.0,61700.0,61800.0,78474,0.0,0.0
2025-03-27 11:52:00+09:00,61800.0,61800.0,61700.0,61800.0,1599,0.0,0.0
2025-03-27 11:53:00+09:00,61700.0,61800.0,61700.0,61700.0,3122,0.0,0.0
2025-03-27 11:54:00+09:00,61750.0,61800.0,61700.0,61700.0,10728,0.0,0.0
2025-03-27 11:55:00+09:00,61800.0,61800.0,61700.0,61800.0,5472,0.0,0.0
2025-03-27 11:56:00+09:00,61750.0,61800.0,61700.0,61700.0,9388,0.0,0.0
2025-03-27 11:57:00+09:00,61800.0,61800.0,61700.0,61750.0,7084,0.0,0.0
2025-03-27 11:58:00+09:00,61800.0,61800.0,61700.0,61800.0,16278,0.0,0.0
2025-03-27 11:59:00+09:00,61800.0,61800.0,61700.0,61800.0,25508,0.0,0.0
2025-03-27 12:00:00+09:00,61700.0,61800.0,61700.0,61700.0,10019,0.0,0.0
2025-03-27 12:01:00+09:00,61800.0,61800.0,61700.0,61800.0,12581,0.0,0.0
2025-03-27 12:02:00+09:00,61750.0,61800.0,61700.0,61800.0,11937,0.0,0.0
2025-03-27 12:03:00+09:00,61750.0,61800.0,61750.0,61750.0,9990,0.0,0.0
2025-03-27 12:04:00+09:00,61800.0,61800.0,61750.0,61750.0,5692,0.0,0.0
2025-03-27 12:05:00+09:00,61800.0,61800.0,61750.0,61750.0,10802,0.0,0.0
2025-03-27 12:06:00+09:00,61750.0,61800.0,61750.0,61800.0,33325,0.0,0.0
2025-03-27 12:07:00+09:00,61750.0,61800.0,61700.0,61700.0,12948,0.0,0.0
2025-03-27 12:08:00+09:00,61700.0,61800.0,61700.0,61750.0,34946,0.0,0.0
2025-03-27 12:09:00+09:00,61700.0,61750.0,61700.0,61750.0,9288,0.0,0.0
2025-03-27 12:10:00+09:00,61750.0,61800.0,61700.0,61700.0,86836,0.0,0.0
2025-03-27 12:11:00+09:00,61700.0,61800.0,61700.0,61700.0,11710,0.0,0.0
2025-03-27 12:12:00+09:00,61700.0,61800.0,61700.0,61700.0,12808,0.0,0.0
2025-03-27 12:13:00+09:00,61700.0,61800.0,61700.0,61750.0,11226,0.0,0.0
2025-03-27 12:14:00+09:00,61750.0,61800.0,61700.0,61800.0,9220,0.0,0.0
2025-03-27 12:15:00+09:00,61700.0,61800.0,61700.0,61750.0,5091,0.0,0.0
2025-03-27 12:16:00+09:00,61750.0,61800.0,61700.0,61700.0,101895,0.0,0.0
2025-03-27 12:17:00+09:00,61800.0,61800.0,61700.0,61750.0,4306,0.0,0.0
2025-03-27 12:18:00+09:00,61750.0,61800.0,61750.0,61750.0,6169,0.0,0.0
2025-03-27 12:19:00+09:00,61750.0,61800.0,61750.0,61800.0,31632,0.0,0.0
2025-03-27 12:20:00+09:00,61750.0,61800.0,61750.0,61800.0,12159,0.0,0.0
2025-03-27 12:21:00+09:00,61750.0,61800.0,61700.0,61800.0,21034,0.0,0.0
2025-03-27 12:22:00+09:00,61800.0,61800.0,61700.0,61700.0,16358,0.0,0.0
2025-03-27 12:23:00+09:00,61700.0,61800.0,61700.0,61700.0,19708,0.0,0.0
2025-03-27 12:24:00+09:00,61750.0,61800.0,61700.0,61800.0,11504,0.0,0.0
2025-03-27 12:25:00+09:00,61750.0,61800.0,61700.0,61800.0,10175,0.0,0.0
2025-03-27 12:26:00+09:00,61800.0,61800.0,61700.0,61750.0,41839,0.0,0.0
2025-03-27 12:27:00+09:00,61750.0,61800.0,61700.0,61700.0,6870,0.0,0.0
2025-03-27 12:28:00+09:00,61700.0,61800.0,61700.0,61700.0,12434,0.0,0.0
2025-03-27 12:29:00+09:00,61700.0,61800.0,61700.0,61700.0,7356,0.0,0.0
2025-03-27 12:30:00+09:00,61750.0,61800.0,61700.0,61800.0,9526,0.0,0.0
2025-03-27 12:31:00+09:00,61750.0,61800.0,61700.0,61800.0,14160,0.0,0.0
2025-03-27 12:32:00+09:00,61700.0,61800.0,61700.0,61700.0,6797,0.0,0.0
2025-03-27 12:33:00+09:00,61700.0,61800.0,61700.0,61700.0,10159,0.0,0.0
2025-03-27 12:34:00+09:00,61700.0,61800.0,61600.0,61600.0,189151,0.0,0.0
2025-03-27 12:35:00+09:00,61600.0,61700.0,61600.0,61650.0,5861,0.0,0.0
2025-03-27 12:36:00+09:00,61700.0,61700.0,61650.0,61700.0,24225,0.0,0.0
2025-03-27 12:37:00+09:00,61650.0,61700.0,61650.0,61650.0,12547,0.0,0.0
2025-03-27 12:38:00+09:00,61700.0,61800.0,61650.0,61700.0,110156,0.0,0.0
2025-03-27 12:39:00+09:00,61700.0,61800.0,61700.0,61700.0,177929,0.0,0.0
2025-03-27 12:40:00+09:00,61700.0,61800.0,61600.0,61600.0,69186,0.0,0.0
2025-03-27 12:41:00+09:00,61650.0,61700.0,61600.0,61700.0,12109,0.0,0.0
2025-03-27 12:42:00+09:00,61700.0,61700.0,61650.0,61700.0,64555,0.0,0.0
2025-03-27 12:43:00+09:00,61650.0,61800.0,61650.0,61700.0,90059,0.0,0.0
2025-03-27 12:44:00+09:00,61700.0,61800.0,61700.0,61700.0,8852,0.0,0.0
2025-03-27 12:45:00+09:00,61700.0,61800.0,61700.0,61700.0,9601,0.0,0.0
2025-03-27 12:46:00+09:00,61700.0,61800.0,61700.0,61700.0,13779,0.0,0.0
2025-03-27 12:47:00+09:00,61750.0,61800.0,61700.0,61750.0,14265,0.0,0.0
2025-03-27 12:48:00+09:00,61750.0,61800.0,61700.0,61700.0,16798,0.0,0.0
2025-03-27 12:49:00+09:00,61700.0,61800.0,61700.0,61700.0,8771,0.0,0.0
2025-03-27 12:50:00+09:00,61700.0,61800.0,61700.0,61700.0,12004,0.0,0.0
2025-03-27 12:51:00+09:00,61700.0,61800.0,61700.0,61700.0,13034,0.0,0.0
2025-03-27 12:52:00+09:00,61800.0,61800.0,61700.0,61700.0,14549,0.0,0.0
2025-03-27 12:53:00+09:00,61700.0,61800.0,61700.0,61700.0,9480,0.0,0.0
2025-03-27 12:54:00+09:00,61700.0,61800.0,61700.0,61700.0,15501,0.0,0.0
2025-03-27 12:55:00+09:00,61700.0,61800.0,61700.0,61750.0,8838,0.0,0.0
2025-03-27 12:56:00+09:00,61750.0,61800.0,61750.0,61750.0,11717,0.0,0.0
2025-03-27 12:57:00+09:00,61750.0,61800.0,61700.0,61800.0,18058,0.0,0.0
2025-03-27 12:58:00+09:00,61800.0,61800.0,61700.0,61800.0,14814,0.0,0.0
2025-03-27 12:59:00+09:00,61750.0,61800.0,61700.0,61700.0,27334,0.0,0.0
2025-03-27 13:00:00+09:00,61700.0,61800.0,61700.0,61750.0,12854,0.0,0.0
2025-03-27 13:01:00+09:00,61700.0,61800.0,61700.0,61750.0,21272,0.0,0.0
2025-03-27 13:02:00+09:00,61800.0,61800.0,61750.0,61800.0,11365,0.0,0.0
2025-03-27 13:03:00+09:00,61750.0,61800.0,61700.0,61700.0,18116,0.0,0.0
2025-03-27 13:04:00+09:00,61750.0,61800.0,61700.0,61800.0,43093,0.0,0.0
2025-03-27 13:05:00+09:00,61700.0,61900.0,61700.0,61900.0,269323,0.0,0.0
2025-03-27 13:06:00+09:00,61900.0,61900.0,61800.0,61800.0,38829,0.0,0.0
2025-03-27 13:07:00+09:00,61800.0,61900.0,61800.0,61800.0,19260,0.0,0.0
2025-03-27 13:08:00+09:00,61900.0,61900.0,61800.0,61850.0,21264,0.0,0.0
2025-03-27 13:09:00+09:00,61850.0,61900.0,61800.0,61900.0,33237,0.0,0.0
2025-03-27 13:10:00+09:00,61800.0,61900.0,61800.0,61800.0,22811,0.0,0.0
2025-03-27 13:11:00+09:00,61800.0,61900.0,61800.0,61900.0,22736,0.0,0.0
2025-03-27 13:12:00+09:00,61850.0,61900.0,61800.0,61800.0,18848,0.0,0.0
2025-03-27 13:13:00+09:00,61850.0,61900.0,61800.0,61800.0,244403,0.0,0.0
2025-03-27 13:14:00+09:00,61800.0,61850.0,61800.0,61800.0,16306,0.0,0.0
2025-03-27 13:15:00+09:00,61800.0,61900.0,61800.0,61850.0,21100,0.0,0.0
2025-03-27 13:16:00+09:00,61800.0,61850.0,61800.0,61800.0,27543,0.0,0.0
2025-03-27 13:17:00+09:00,61800.0,61900.0,61800.0,61800.0,22862,0.0,0.0
2025-03-27 13:18:00+09:00,61850.0,61900.0,61800.0,61850.0,23727,0.0,0.0
2025-03-27 13:19:00+09:00,61800.0,61900.0,61800.0,61800.0,25033,0.0,0.0
2025-03-27 13:20:00+09:00,61800.0,61900.0,61800.0,61900.0,16509,0.0,0.0
2025-03-27 13:21:00+09:00,61800.0,61900.0,61700.0,61800.0,168271,0.0,0.0
2025-03-27 13:22:00+09:00,61800.0,61800.0,61700.0,61800.0,11309,0.0,0.0
2025-03-27 13:23:00+09:00,61800.0,61800.0,61700.0,61750.0,9265,0.0,0.0
2025-03-27 13:24:00+09:00,61750.0,61800.0,61700.0,61800.0,17372,0.0,0.0
2025-03-27 13:25:00+09:00,61800.0,61800.0,61700.0,61800.0,16879,0.0,0.0
2025-03-27 13:26:00+09:00,61700.0,61800.0,61700.0,61750.0,29660,0.0,0.0
2025-03-27 13:27:00+09:00,61800.0,61800.0,61750.0,61800.0,11196,0.0,0.0
2025-03-27 13:28:00+09:00,61750.0,61800.0,61700.0,61750.0,27928,0.0,0.0
2025-03-27 13:29:00+09:00,61800.0,61900.0,61700.0,61750.0,220542,0.0,0.0
2025-03-27 13:30:00+09:00,61750.0,61800.0,61750.0,61800.0,12813,0.0,0.0
2025-03-27 13:31:00+09:00,61750.0,61800.0,61750.0,61750.0,5652,0.0,0.0
2025-03-27 13:32:00+09:00,61750.0,61800.0,61750.0,61800.0,6040,0.0,0.0
2025-03-27 13:33:00+09:00,61750.0,61800.0,61700.0,61800.0,13088,0.0,0.0
2025-03-27 13:34:00+09:00,61750.0,61800.0,61700.0,61800.0,9195,0.0,0.0
2025-03-27 13:35:00+09:00,61750.0,61900.0,61700.0,61750.0,130894,0.0,0.0
2025-03-27 13:36:00+09:00,61800.0,61800.0,61750.0,61800.0,4697,0.0,0.0
2025-03-27 13:37:00+09:00,61750.0,61800.0,61700.0,61800.0,7904,0.0,0.0
2025-03-27 13:38:00+09:00,61800.0,61800.0,61700.0,61750.0,15496,0.0,0.0
2025-03-27 13:39:00+09:00,61750.0,61800.0,61700.0,61800.0,13136,0.0,0.0
2025-03-27 13:40:00+09:00,61750.0,61800.0,61750.0,61800.0,9368,0.0,0.0
2025-03-27 13:41:00+09:00,61750.0,61800.0,61750.0,61800.0,17087,0.0,0.0
2025-03-27 13:42:00+09:00,61750.0,61800.0,61750.0,61800.0,14701,0.0,0.0
2025-03-27 13:43:00+09:00,61750.0,61800.0,61750.0,61750.0,10797,0.0,0.0
2025-03-27 13:44:00+09:00,61750.0,61800.0,61700.0,61800.0,17382,0.0,0.0
2025-03-27 13:45:00+09:00,61750.0,61800.0,61700.0,61800.0,41079,0.0,0.0
2025-03-27 13:46:00+09:00,61750.0,61800.0,61700.0,61800.0,9879,0.0,0.0
2025-03-27 13:47:00+09:00,61800.0,61800.0,61700.0,61750.0,14986,0.0,0.0
2025-03-27 13:48:00+09:00,61800.0,61800.0,61700.0,61750.0,18746,0.0,0.0
2025-03-27 13:49:00+09:00,61750.0,61800.0,61700.0,61800.0,17800,0.0,0.0
2025-03-27 13:50:00+09:00,61700.0,61800.0,61700.0,61700.0,24003,0.0,0.0
2025-03-27 13:51:00+09:00,61750.0,61900.0,61700.0,61800.0,164994,0.0,0.0
2025-03-27 13:52:00+09:00,61800.0,61900.0,61800.0,61850.0,20666,0.0,0.0
2025-03-27 13:53:00+09:00,61850.0,61900.0,61700.0,61800.0,200034,0.0,0.0
2025-03-27 13:54:00+09:00,61800.0,61800.0,61700.0,61750.0,13690,0.0,0.0
2025-03-27 13:55:00+09:00,61800.0,61800.0,61750.0,61800.0,4010,0.0,0.0
2025-03-27 13:56:00+09:00,61800.0,61800.0,61750.0,61750.0,10027,0.0,0.0
2025-03-27 13:57:00+09:00,61750.0,61800.0,61750.0,61800.0,13201,0.0,0.0
2025-03-27 13:58:00+09:00,61800.0,61800.0,61750.0,61800.0,11651,0.0,0.0
2025-03-27 13:59:00+09:00,61750.0,61800.0,61700.0,61800.0,16331,0.0,0.0
2025-03-27 14:00:00+09:00,61800.0,61800.0,61700.0,61700.0,9014,0.0,0.0
2025-03-27 14:01:00+09:00,61700.0,61800.0,61700.0,61750.0,21996,0.0,0.0
2025-03-27 14:02:00+09:00,61750.0,61800.0,61750.0,61750.0,9757,0.0,0.0
2025-03-27 14:03:00+09:00,61800.0,61800.0,61750.0,61750.0,6648,0.0,0.0
2025-03-27 14:04:00+09:00,61750.0,61800.0,61750.0,61800.0,11806,0.0,0.0
2025-03-27 14:05:00+09:00,61800.0,61800.0,61750.0,61750.0,43345,0.0,0.0
2025-03-27 14:06:00+09:00,61750.0,61800.0,61750.0,61750.0,22863,0.0,0.0
2025-03-27 14:07:00+09:00,61750.0,61800.0,61700.0,61750.0,19900,0.0,0.0
2025-03-27 14:08:00+09:00,61800.0,61800.0,61700.0,61700.0,37707,0.0,0.0
2025-03-27 14:09:00+09:00,61800.0,61800.0,61700.0,61800.0,13961,0.0,0.0
2025-03-27 14:10:00+09:00,61800.0,61800.0,61700.0,61800.0,25270,0.0,0.0
2025-03-27 14:11:00+09:00,61700.0,61800.0,61700.0,61700.0,11058,0.0,0.0
2025-03-27 14:12:00+09:00,61700.0,61800.0,61700.0,61700.0,10440,0.0,0.0
2025-03-27 14:13:00+09:00,61700.0,61800.0,61700.0,61800.0,21832,0.0,0.0
2025-03-27 14:14:00+09:00,61800.0,61800.0,61700.0,61700.0,15110,0.0,0.0
2025-03-27 14:15:00+09:00,61800.0,61800.0,61700.0,61800.0,21797,0.0,0.0
2025-03-27 14:16:00+09:00,61700.0,61800.0,61700.0,61700.0,13706,0.0,0.0
2025-03-27 14:17:00+09:00,61800.0,61800.0,61700.0,61800.0,10076,0.0,0.0
2025-03-27 14:18:00+09:00,61700.0,61800.0,61700.0,61700.0,17191,0.0,0.0
2025-03-27 14:19:00+09:00,61700.0,61750.0,61700.0,61700.0,9908,0.0,0.0
2025-03-27 14:20:00+09:00,61700.0,61800.0,61700.0,61800.0,17706,0.0,0.0
2025-03-27 14:21:00+09:00,61800.0,61800.0,61600.0,61700.0,365649,0.0,0.0
2025-03-27 14:22:00+09:00,61700.0,61800.0,61600.0,61650.0,126472,0.0,0.0
2025-03-27 14:23:00+09:00,61700.0,61700.0,61600.0,61700.0,21658,0.0,0.0
2025-03-27 14:24:00+09:00,61600.0,61700.0,61600.0,61600.0,14187,0.0,0.0
2025-03-27 14:25:00+09:00,61600.0,61700.0,61600.0,61700.0,14522,0.0,0.0
2025-03-27 14:26:00+09:00,61700.0,61700.0,61600.0,61700.0,14900,0.0,0.0
2025-03-27 14:27:00+09:00,61700.0,61700.0,61600.0,61700.0,26920,0.0,0.0
2025-03-27 14:28:00+09:00,61600.0,61700.0,61600.0,61600.0,21869,0.0,0.0
2025-03-27 14:29:00+09:00,61700.0,61700.0,61600.0,61600.0,9973,0.0,0.0
2025-03-27 14:30:00+09:00,61700.0,61700.0,61600.0,61700.0,15178,0.0,0.0
2025-03-27 14:31:00+09:00,61700.0,61700.0,61600.0,61600.0,14056,0.0,0.0
2025-03-27 14:32:00+09:00,61700.0,61700.0,61600.0,61650.0,20857,0.0,0.0
2025-03-27 14:33:00+09:00,61600.0,61700.0,61600.0,61700.0,14446,0.0,0.0
2025-03-27 14:34:00+09:00,61700.0,61700.0,61600.0,61650.0,30444,0.0,0.0
2025-03-27 14:35:00+09:00,61700.0,61700.0,61600.0,61650.0,13186,0.0,0.0
2025-03-27 14:36:00+09:00,61650.0,61700.0,61600.0,61700.0,23267,0.0,0.0
2025-03-27 14:37:00+09:00,61600.0,61700.0,61600.0,61650.0,14996,0.0,0.0
2025-03-27 14:38:00+09:00,61700.0,61700.0,61600.0,61700.0,22525,0.0,0.0
2025-03-27 14:39:00+09:00,61700.0,61700.0,61600.0,61650.0,30543,0.0,0.0
2025-03-27 14:40:00+09:00,61700.0,61700.0,61600.0,61650.0,21608,0.0,0.0
2025-03-27 14:41:00+09:00,61700.0,61700.0,61600.0,61700.0,22685,0.0,0.0
2025-03-27 14:42:00+09:00,61700.0,61700.0,61600.0,61650.0,16071,0.0,0.0
2025-03-27 14:43:00+09:00,61650.0,61700.0,61600.0,61650.0,41487,0.0,0.0
2025-03-27 14:44:00+09:00,61700.0,61700.0,61600.0,61700.0,35114,0.0,0.0
2025-03-27 14:45:00+09:00,61700.0,61700.0,61600.0,61600.0,24711,0.0,0.0
2025-03-27 14:46:00+09:00,61600.0,61700.0,61600.0,61600.0,29419,0.0,0.0
2025-03-27 14:47:00+09:00,61600.0,61700.0,61600.0,61650.0,28279,0.0,0.0
2025-03-27 14:48:00+09:00,61650.0,61700.0,61600.0,61700.0,21465,0.0,0.0
2025-03-27 14:49:00+09:00,61650.0,61700.0,61650.0,61650.0,35987,0.0,0.0
2025-03-27 14:50:00+09:00,61700.0,61700.0,61600.0,61600.0,23360,0.0,0.0
2025-03-27 14:51:00+09:00,61700.0,61700.0,61600.0,61600.0,36973,0.0,0.0
2025-03-27 14:52:00+09:00,61600.0,61700.0,61600.0,61650.0,41768,0.0,0.0
2025-03-27 14:53:00+09:00,61600.0,61700.0,61600.0,61700.0,32200,0.0,0.0
2025-03-27 14:54:00+09:00,61700.0,61700.0,61600.0,61700.0,54893,0.0,0.0
2025-03-27 14:55:00+09:00,61600.0,61700.0,61600.0,61600.0,96215,0.0,0.0
2025-03-27 14:56:00+09:00,61600.0,61700.0,61600.0,61650.0,20880,0.0,0.0
2025-03-27 14:57:00+09:00,61600.0,61700.0,61600.0,61600.0,154619,0.0,0.0
2025-03-27 14:58:00+09:00,61600.0,61650.0,61600.0,61600.0,26489,0.0,0.0
2025-03-27 14:59:00+09:00,61600.0,61700.0,61600.0,61600.0,63373,0.0,0.0
2025-03-28 09:00:00+09:00,60700.0,61000.0,60600.0,60800.0,1019773,0.0,0.0
2025-03-28 09:01:00+09:00,60800.0,60900.0,60600.0,60700.0,510494,0.0,0.0
2025-03-28 09:02:00+09:00,60700.0,60900.0,60600.0,60600.0,277746,0.0,0.0
2025-03-28 09:03:00+09:00,60700.0,60700.0,60400.0,60500.0,293542,0.0,0.0
2025-03-28 09:04:00+09:00,60500.0,60500.0,60200.0,60300.0,493053,0.0,0.0
2025-03-28 09:05:00+09:00,60300.0,60400.0,60200.0,60400.0,140573,0.0,0.0
2025-03-28 09:06:00+09:00,60400.0,60400.0,60200.0,60300.0,175523,0.0,0.0
2025-03-28 09:07:00+09:00,60300.0,60300.0,60200.0,60300.0,90963,0.0,0.0
2025-03-28 09:08:00+09:00,60300.0,60300.0,60100.0,60200.0,268818,0.0,0.0
2025-03-28 09:09:00+09:00,60200.0,60200.0,60000.0,60000.0,175239,0.0,0.0
2025-03-28 09:10:00+09:00,60100.0,60100.0,60000.0,60100.0,134252,0.0,0.0
2025-03-28 09:11:00+09:00,60150.0,60200.0,60000.0,60200.0,169311,0.0,0.0
2025-03-28 09:12:00+09:00,60200.0,60300.0,60100.0,60200.0,95004,0.0,0.0
2025-03-28 09:13:00+09:00,60200.0,60200.0,60000.0,60100.0,184915,0.0,0.0
2025-03-28 09:14:00+09:00,60150.0,60200.0,60100.0,60200.0,11725,0.0,0.0
2025-03-28 09:15:00+09:00,60150.0,60200.0,60000.0,60100.0,138371,0.0,0.0
2025-03-28 09:16:00+09:00,60100.0,60200.0,60100.0,60200.0,54245,0.0,0.0
2025-03-28 09:17:00+09:00,60200.0,60200.0,60100.0,60100.0,13653,0.0,0.0
2025-03-28 09:18:00+09:00,60200.0,60200.0,60100.0,60100.0,36403,0.0,0.0
2025-03-28 09:19:00+09:00,60100.0,60200.0,60100.0,60100.0,15525,0.0,0.0
2025-03-28 09:20:00+09:00,60200.0,60300.0,60100.0,60300.0,90894,0.0,0.0
2025-03-28 09:21:00+09:00,60200.0,60400.0,60200.0,60400.0,130157,0.0,0.0
2025-03-28 09:22:00+09:00,60400.0,60400.0,60300.0,60400.0,13909,0.0,0.0
2025-03-28 09:23:00+09:00,60300.0,60400.0,60300.0,60350.0,28989,0.0,0.0
2025-03-28 09:24:00+09:00,60350.0,60400.0,60200.0,60400.0,95846,0.0,0.0
2025-03-28 09:25:00+09:00,60400.0,60400.0,60300.0,60400.0,24647,0.0,0.0
2025-03-28 09:26:00+09:00,60400.0,60400.0,60300.0,60400.0,39468,0.0,0.0
2025-03-28 09:27:00+09:00,60400.0,60400.0,60200.0,60200.0,117300,0.0,0.0
2025-03-28 09:28:00+09:00,60300.0,60300.0,60200.0,60300.0,49198,0.0,0.0
2025-03-28 09:29:00+09:00,60300.0,60300.0,60200.0,60300.0,22297,0.0,0.0
2025-03-28 09:30:00+09:00,60250.0,60400.0,60200.0,60400.0,26829,0.0,0.0
2025-03-28 09:31:00+09:00,60400.0,60500.0,60300.0,60500.0,67042,0.0,0.0
2025-03-28 09:32:00+09:00,60500.0,60600.0,60400.0,60600.0,42042,0.0,0.0
2025-03-28 09:33:00+09:00,60600.0,60700.0,60500.0,60600.0,65410,0.0,0.0
2025-03-28 09:34:00+09:00,60500.0,60600.0,60500.0,60500.0,9439,0.0,0.0
2025-03-28 09:35:00+09:00,60600.0,60600.0,60500.0,60600.0,20672,0.0,0.0
2025-03-28 09:36:00+09:00,60600.0,60600.0,60500.0,60500.0,10439,0.0,0.0
2025-03-28 09:37:00+09:00,60600.0,60600.0,60500.0,60600.0,27551,0.0,0.0
2025-03-28 09:38:00+09:00,60500.0,60600.0,60400.0,60500.0,140298,0.0,0.0
2025-03-28 09:39:00+09:00,60600.0,60600.0,60500.0,60600.0,20663,0.0,0.0
2025-03-28 09:40:00+09:00,60550.0,60600.0,60400.0,60500.0,132631,0.0,0.0
2025-03-28 09:41:00+09:00,60600.0,60700.0,60500.0,60700.0,94007,0.0,0.0
2025-03-28 09:42:00+09:00,60700.0,60700.0,60600.0,60700.0,17199,0.0,0.0
2025-03-28 09:43:00+09:00,60700.0,60700.0,60600.0,60650.0,58671,0.0,0.0
2025-03-28 09:44:00+09:00,60650.0,60700.0,60600.0,60700.0,10713,0.0,0.0
2025-03-28 09:45:00+09:00,60700.0,60700.0,60400.0,60500.0,199862,0.0,0.0
2025-03-28 09:46:00+09:00,60400.0,60500.0,60300.0,60400.0,100477,0.0,0.0
2025-03-28 09:47:00+09:00,60400.0,60400.0,60300.0,60300.0,61499,0.0,0.0
2025-03-28 09:48:00+09:00,60400.0,60500.0,60300.0,60400.0,46503,0.0,0.0
2025-03-28 09:49:00+09:00,60350.0,60600.0,60300.0,60500.0,168026,0.0,0.0
2025-03-28 09:50:00+09:00,60500.0,60600.0,60400.0,60400.0,35536,0.0,0.0
2025-03-28 09:51:00+09:00,60400.0,60500.0,60400.0,60400.0,8157,0.0,0.0
2025-03-28 09:52:00+09:00,60400.0,60500.0,60400.0,60500.0,42084,0.0,0.0
2025-03-28 09:53:00+09:00,60600.0,60600.0,60400.0,60400.0,45250,0.0,0.0
2025-03-28 09:54:00+09:00,60500.0,60500.0,60400.0,60400.0,8354,0.0,0.0
2025-03-28 09:55:00+09:00,60400.0,60500.0,60400.0,60450.0,30737,0.0,0.0
2025-03-28 09:56:00+09:00,60400.0,60500.0,60400.0,60400.0,17870,0.0,0.0
2025-03-28 09:57:00+09:00,60500.0,60500.0,60400.0,60400.0,13405,0.0,0.0
2025-03-28 09:58:00+09:00,60500.0,60500.0,60400.0,60450.0,41915,0.0,0.0
2025-03-28 09:59:00+09:00,60400.0,60600.0,60400.0,60600.0,71386,0.0,0.0
2025-03-28 10:00:00+09:00,60500.0,60600.0,60500.0,60500.0,26455,0.0,0.0
2025-03-28 10:01:00+09:00,60500.0,60600.0,60500.0,60500.0,3892,0.0,0.0
2025-03-28 10:02:00+09:00,60500.0,60600.0,60500.0,60500.0,64574,0.0,0.0
2025-03-28 10:03:00+09:00,60500.0,60600.0,60500.0,60500.0,6014,0.0,0.0
2025-03-28 10:04:00+09:00,60600.0,60600.0,60500.0,60550.0,5953,0.0,0.0
2025-03-28 10:05:00+09:00,60500.0,60600.0,60500.0,60550.0,9695,0.0,0.0
2025-03-28 10:06:00+09:00,60500.0,60600.0,60500.0,60600.0,14162,0.0,0.0
2025-03-28 10:07:00+09:00,60600.0,60600.0,60500.0,60600.0,7796,0.0,0.0
2025-03-28 10:08:00+09:00,60500.0,60700.0,60500.0,60600.0,52204,0.0,0.0
2025-03-28 10:09:00+09:00,60600.0,60700.0,60600.0,60600.0,4744,0.0,0.0
2025-03-28 10:10:00+09:00,60700.0,60700.0,60600.0,60700.0,24231,0.0,0.0
2025-03-28 10:11:00+09:00,60600.0,60700.0,60600.0,60600.0,15922,0.0,0.0
2025-03-28 10:12:00+09:00,60600.0,60800.0,60600.0,60800.0,57534,0.0,0.0
2025-03-28 10:13:00+09:00,60700.0,60900.0,60700.0,60800.0,87895,0.0,0.0
2025-03-28 10:14:00+09:00,60900.0,61100.0,60800.0,61000.0,142582,0.0,0.0
2025-03-28 10:15:00+09:00,61050.0,61100.0,60900.0,61000.0,47334,0.0,0.0
2025-03-28 10:16:00+09:00,61000.0,61000.0,60900.0,61000.0,67850,0.0,0.0
2025-03-28 10:17:00+09:00,61000.0,61000.0,60900.0,60900.0,30309,0.0,0.0
2025-03-28 10:18:00+09:00,60950.0,61100.0,60900.0,61050.0,169917,0.0,0.0
2025-03-28 10:19:00+09:00,61050.0,61100.0,60900.0,60900.0,58739,0.0,0.0
2025-03-28 10:20:00+09:00,61000.0,61000.0,60900.0,61000.0,14269,0.0,0.0
2025-03-28 10:21:00+09:00,61000.0,61000.0,60800.0,60850.0,107840,0.0,0.0
2025-03-28 10:22:00+09:00,60850.0,60900.0,60800.0,60900.0,10094,0.0,0.0
2025-03-28 10:23:00+09:00,60800.0,60900.0,60800.0,60900.0,21042,0.0,0.0
2025-03-28 10:24:00+09:00,60900.0,60900.0,60800.0,60900.0,14961,0.0,0.0
2025-03-28 10:25:00+09:00,60900.0,60900.0,60800.0,60900.0,13734,0.0,0.0
2025-03-28 10:26:00+09:00,60900.0,60900.0,60800.0,60900.0,9841,0.0,0.0
2025-03-28 10:27:00+09:00,60850.0,60900.0,60800.0,60900.0,13584,0.0,0.0
2025-03-28 10:28:00+09:00,60900.0,61000.0,60800.0,60900.0,104111,0.0,0.0
2025-03-28 10:29:00+09:00,60850.0,60900.0,60800.0,60900.0,76151,0.0,0.0
2025-03-28 10:30:00+09:00,60900.0,61000.0,60800.0,60900.0,50394,0.0,0.0
2025-03-28 10:31:00+09:00,60900.0,60900.0,60700.0,60750.0,115521,0.0,0.0
2025-03-28 10:32:00+09:00,60750.0,60900.0,60700.0,60900.0,45054,0.0,0.0
2025-03-28 10:33:00+09:00,60900.0,60900.0,60800.0,60800.0,5387,0.0,0.0
2025-03-28 10:34:00+09:00,60850.0,60900.0,60800.0,60850.0,7129,0.0,0.0
2025-03-28 10:35:00+09:00,60900.0,60900.0,60800.0,60900.0,8572,0.0,0.0
2025-03-28 10:36:00+09:00,60850.0,60900.0,60800.0,60850.0,5381,0.0,0.0
2025-03-28 10:37:00+09:00,60850.0,60900.0,60800.0,60850.0,8975,0.0,0.0
2025-03-28 10:38:00+09:00,60850.0,60900.0,60800.0,60800.0,9884,0.0,0.0
2025-03-28 10:39:00+09:00,60800.0,60900.0,60800.0,60850.0,4842,0.0,0.0
2025-03-28 10:40:00+09:00,60850.0,60900.0,60800.0,60850.0,20021,0.0,0.0
2025-03-28 10:41:00+09:00,60850.0,60900.0,60800.0,60900.0,9909,0.0,0.0
2025-03-28 10:42:00+09:00,60900.0,60900.0,60800.0,60800.0,5914,0.0,0.0
2025-03-28 10:43:00+09:00,60800.0,60900.0,60800.0,60800.0,16228,0.0,0.0
2025-03-28 10:44:00+09:00,60900.0,60900.0,60800.0,60800.0,17555,0.0,0.0
2025-03-28 10:45:00+09:00,60800.0,60900.0,60700.0,60700.0,65592,0.0,0.0
2025-03-28 10:46:00+09:00,60700.0,60800.0,60700.0,60800.0,7633,0.0,0.0
2025-03-28 10:47:00+09:00,60700.0,60800.0,60700.0,60750.0,8578,0.0,0.0
2025-03-28 10:48:00+09:00,60750.0,60800.0,60700.0,60700.0,96882,0.0,0.0
2025-03-28 10:49:00+09:00,60700.0,60800.0,60700.0,60700.0,10805,0.0,0.0
2025-03-28 10:50:00+09:00,60800.0,60800.0,60600.0,60650.0,64155,0.0,0.0
2025-03-28 10:51:00+09:00,60650.0,60700.0,60600.0,60600.0,12456,0.0,0.0
2025-03-28 10:52:00+09:00,60600.0,60700.0,60600.0,60600.0,12094,0.0,0.0
2025-03-28 10:53:00+09:00,60650.0,60700.0,60600.0,60650.0,7016,0.0,0.0
2025-03-28 10:54:00+09:00,60650.0,60700.0,60600.0,60650.0,6616,0.0,0.0
2025-03-28 10:55:00+09:00,60650.0,60700.0,60600.0,60650.0,7905,0.0,0.0
2025-03-28 10:56:00+09:00,60600.0,60700.0,60600.0,60600.0,8677,0.0,0.0
2025-03-28 10:57:00+09:00,60600.0,60700.0,60600.0,60600.0,55668,0.0,0.0
2025-03-28 10:58:00+09:00,60600.0,60700.0,60600.0,60600.0,43319,0.0,0.0
2025-03-28 10:59:00+09:00,60600.0,60700.0,60500.0,60600.0,33860,0.0,0.0
2025-03-28 11:00:00+09:00,60500.0,60600.0,60500.0,60500.0,21064,0.0,0.0
2025-03-28 11:01:00+09:00,60500.0,60600.0,60500.0,60500.0,6557,0.0,0.0
2025-03-28 11:02:00+09:00,60600.0,60600.0,60500.0,60600.0,13909,0.0,0.0
2025-03-28 11:03:00+09:00,60500.0,60600.0,60500.0,60500.0,7775,0.0,0.0
2025-03-28 11:04:00+09:00,60500.0,60600.0,60400.0,60400.0,118432,0.0,0.0
2025-03-28 11:05:00+09:00,60450.0,60500.0,60400.0,60500.0,31692,0.0,0.0
2025-03-28 11:06:00+09:00,60500.0,60500.0,60300.0,60400.0,113880,0.0,0.0
2025-03-28 11:07:00+09:00,60400.0,60500.0,60300.0,60400.0,39072,0.0,0.0
2025-03-28 11:08:00+09:00,60400.0,60400.0,60300.0,60400.0,10582,0.0,0.0
2025-03-28 11:09:00+09:00,60400.0,60400.0,60300.0,60300.0,7546,0.0,0.0
2025-03-28 11:10:00+09:00,60350.0,60400.0,60300.0,60400.0,12534,0.0,0.0
2025-03-28 11:11:00+09:00,60400.0,60400.0,60300.0,60400.0,9292,0.0,0.0
2025-03-28 11:12:00+09:00,60300.0,60400.0,60300.0,60350.0,11104,0.0,0.0
2025-03-28 11:13:00+09:00,60300.0,60400.0,60300.0,60300.0,14847,0.0,0.0
2025-03-28 11:14:00+09:00,60400.0,60400.0,60300.0,60400.0,6855,0.0,0.0
2025-03-28 11:15:00+09:00,60400.0,60400.0,60300.0,60400.0,7373,0.0,0.0
2025-03-28 11:16:00+09:00,60300.0,60400.0,60300.0,60400.0,37958,0.0,0.0
2025-03-28 11:17:00+09:00,60300.0,60400.0,60300.0,60350.0,9712,0.0,0.0
2025-03-28 11:18:00+09:00,60350.0,60400.0,60300.0,60400.0,8059,0.0,0.0
2025-03-28 11:19:00+09:00,60350.0,60400.0,60300.0,60400.0,13781,0.0,0.0
2025-03-28 11:20:00+09:00,60400.0,60400.0,60300.0,60300.0,4713,0.0,0.0
2025-03-28 11:21:00+09:00,60300.0,60400.0,60300.0,60400.0,14554,0.0,0.0
2025-03-28 11:22:00+09:00,60300.0,60400.0,60300.0,60300.0,8170,0.0,0.0
2025-03-28 11:23:00+09:00,60300.0,60400.0,60300.0,60300.0,10124,0.0,0.0
2025-03-28 11:24:00+09:00,60300.0,60400.0,60300.0,60350.0,7125,0.0,0.0
2025-03-28 11:25:00+09:00,60300.0,60400.0,60300.0,60350.0,12415,0.0,0.0
2025-03-28 11:26:00+09:00,60350.0,60400.0,60300.0,60400.0,7242,0.0,0.0
2025-03-28 11:27:00+09:00,60300.0,60400.0,60300.0,60300.0,9573,0.0,0.0
2025-03-28 11:28:00+09:00,60400.0,60400.0,60300.0,60350.0,41526,0.0,0.0
2025-03-28 11:29:00+09:00,60300.0,60400.0,60300.0,60400.0,21182,0.0,0.0
2025-03-28 11:30:00+09:00,60400.0,60400.0,60300.0,60350.0,7063,0.0,0.0
2025-03-28 11:31:00+09:00,60300.0,60400.0,60300.0,60350.0,9673,0.0,0.0
2025-03-28 11:32:00+09:00,60300.0,60400.0,60300.0,60400.0,8223,0.0,0.0
2025-03-28 11:33:00+09:00,60400.0,60400.0,60300.0,60300.0,5504,0.0,0.0
2025-03-28 11:34:00+09:00,60400.0,60400.0,60300.0,60400.0,12640,0.0,0.0
2025-03-28 11:35:00+09:00,60300.0,60400.0,60300.0,60400.0,25512,0.0,0.0
2025-03-28 11:36:00+09:00,60400.0,60400.0,60300.0,60300.0,3322,0.0,0.0
2025-03-28 11:37:00+09:00,60300.0,60500.0,60300.0,60400.0,63267,0.0,0.0
2025-03-28 11:38:00+09:00,60400.0,60500.0,60300.0,60400.0,42957,0.0,0.0
2025-03-28 11:39:00+09:00,60400.0,60500.0,60400.0,60400.0,7276,0.0,0.0
2025-03-28 11:40:00+09:00,60450.0,60500.0,60400.0,60500.0,6507,0.0,0.0
2025-03-28 11:41:00+09:00,60500.0,60500.0,60400.0,60400.0,6163,0.0,0.0
2025-03-28 11:42:00+09:00,60400.0,60500.0,60400.0,60400.0,6787,0.0,0.0
2025-03-28 11:43:00+09:00,60400.0,60500.0,60400.0,60400.0,5119,0.0,0.0
2025-03-28 11:44:00+09:00,60400.0,60500.0,60400.0,60500.0,7379,0.0,0.0
2025-03-28 11:45:00+09:00,60400.0,60600.0,60400.0,60500.0,31100,0.0,0.0
2025-03-28 11:46:00+09:00,60550.0,60600.0,60400.0,60400.0,43925,0.0,0.0
2025-03-28 11:47:00+09:00,60400.0,60500.0,60400.0,60450.0,5825,0.0,0.0
2025-03-28 11:48:00+09:00,60400.0,60500.0,60300.0,60300.0,66821,0.0,0.0
2025-03-28 11:49:00+09:00,60400.0,60400.0,60300.0,60400.0,7340,0.0,0.0
2025-03-28 11:50:00+09:00,60300.0,60500.0,60300.0,60300.0,52849,0.0,0.0
2025-03-28 11:51:00+09:00,60300.0,60400.0,60300.0,60400.0,4537,0.0,0.0
2025-03-28 11:52:00+09:00,60400.0,60400.0,60300.0,60300.0,5739,0.0,0.0
2025-03-28 11:53:00+09:00,60350.0,60400.0,60300.0,60350.0,8850,0.0,0.0
2025-03-28 11:54:00+09:00,60350.0,60400.0,60300.0,60300.0,6348,0.0,0.0
2025-03-28 11:55:00+09:00,60400.0,60500.0,60300.0,60400.0,24490,0.0,0.0
2025-03-28 11:56:00+09:00,60400.0,60500.0,60400.0,60500.0,7157,0.0,0.0
2025-03-28 11:57:00+09:00,60400.0,60500.0,60400.0,60400.0,7008,0.0,0.0
2025-03-28 11:58:00+09:00,60400.0,60500.0,60400.0,60400.0,15867,0.0,0.0
2025-03-28 11:59:00+09:00,60400.0,60500.0,60400.0,60400.0,6775,0.0,0.0
2025-03-28 12:00:00+09:00,60400.0,60500.0,60400.0,60400.0,7655,0.0,0.0
2025-03-28 12:01:00+09:00,60400.0,60500.0,60400.0,60400.0,7597,0.0,0.0
2025-03-28 12:02:00+09:00,60400.0,60500.0,60400.0,60400.0,14509,0.0,0.0
2025-03-28 12:03:00+09:00,60400.0,60500.0,60400.0,60400.0,9699,0.0,0.0
2025-03-28 12:04:00+09:00,60450.0,60500.0,60400.0,60400.0,6973,0.0,0.0
2025-03-28 12:05:00+09:00,60450.0,60500.0,60400.0,60400.0,5718,0.0,0.0
2025-03-28 12:06:00+09:00,60400.0,60500.0,60400.0,60500.0,9412,0.0,0.0
2025-03-28 12:07:00+09:00,60500.0,60500.0,60400.0,60500.0,9333,0.0,0.0
2025-03-28 12:08:00+09:00,60500.0,60500.0,60400.0,60400.0,16747,0.0,0.0
2025-03-28 12:09:00+09:00,60450.0,60500.0,60400.0,60500.0,7782,0.0,0.0
2025-03-28 12:10:00+09:00,60400.0,60500.0,60400.0,60400.0,4850,0.0,0.0
2025-03-28 12:11:00+09:00,60450.0,60500.0,60400.0,60400.0,5443,0.0,0.0
2025-03-28 12:12:00+09:00,60400.0,60500.0,60400.0,60500.0,52585,0.0,0.0
2025-03-28 12:13:00+09:00,60400.0,60500.0,60300.0,60400.0,41909,0.0,0.0
2025-03-28 12:14:00+09:00,60400.0,60500.0,60400.0,60400.0,3069,0.0,0.0
2025-03-28 12:15:00+09:00,60500.0,60500.0,60400.0,60400.0,7111,0.0,0.0
2025-03-28 12:16:00+09:00,60400.0,60500.0,60400.0,60400.0,7804,0.0,0.0
2025-03-28 12:17:00+09:00,60450.0,60500.0,60400.0,60400.0,8230,0.0,0.0
2025-03-28 12:18:00+09:00,60400.0,60500.0,60400.0,60400.0,3932,0.0,0.0
2025-03-28 12:19:00+09:00,60450.0,60500.0,60400.0,60400.0,9499,0.0,0.0
2025-03-28 12:20:00+09:00,60500.0,60500.0,60300.0,60300.0,41896,0.0,0.0
2025-03-28 12:21:00+09:00,60300.0,60400.0,60300.0,60350.0,9669,0.0,0.0
2025-03-28 12:22:00+09:00,60400.0,60500.0,60300.0,60400.0,72039,0.0,0.0
2025-03-28 12:23:00+09:00,60400.0,60500.0,60400.0,60400.0,3921,0.0,0.0
2025-03-28 12:24:00+09:00,60400.0,60500.0,60400.0,60400.0,5358,0.0,0.0
2025-03-28 12:25:00+09:00,60400.0,60500.0,60400.0,60400.0,6435,0.0,0.0
2025-03-28 12:26:00+09:00,60400.0,60500.0,60400.0,60450.0,6169,0.0,0.0
2025-03-28 12:27:00+09:00,60400.0,60500.0,60400.0,60400.0,7627,0.0,0.0
2025-03-28 12:28:00+09:00,60400.0,60500.0,60400.0,60400.0,7509,0.0,0.0
2025-03-28 12:29:00+09:00,60400.0,60500.0,60400.0,60400.0,4121,0.0,0.0
2025-03-28 12:30:00+09:00,60400.0,60500.0,60400.0,60400.0,7419,0.0,0.0
2025-03-28 12:31:00+09:00,60450.0,60500.0,60400.0,60400.0,7195,0.0,0.0
2025-03-28 12:32:00+09:00,60400.0,60500.0,60400.0,60400.0,4843,0.0,0.0
2025-03-28 12:33:00+09:00,60400.0,60500.0,60400.0,60400.0,4978,0.0,0.0
2025-03-28 12:34:00+09:00,60400.0,60500.0,60400.0,60500.0,11971,0.0,0.0
2025-03-28 12:35:00+09:00,60400.0,60500.0,60400.0,60400.0,4207,0.0,0.0
2025-03-28 12:36:00+09:00,60400.0,60500.0,60400.0,60450.0,5184,0.0,0.0
2025-03-28 12:37:00+09:00,60400.0,60450.0,60400.0,60450.0,10950,0.0,0.0
2025-03-28 12:38:00+09:00,60450.0,60450.0,60300.0,60300.0,60848,0.0,0.0
2025-03-28 12:39:00+09:00,60350.0,60400.0,60300.0,60400.0,3484,0.0,0.0
2025-03-28 12:40:00+09:00,60300.0,60400.0,60300.0,60300.0,16959,0.0,0.0
2025-03-28 12:41:00+09:00,60300.0,60400.0,60200.0,60300.0,98130,0.0,0.0
2025-03-28 12:42:00+09:00,60300.0,60300.0,60200.0,60200.0,12704,0.0,0.0
2025-03-28 12:43:00+09:00,60250.0,60400.0,60200.0,60300.0,37180,0.0,0.0
2025-03-28 12:44:00+09:00,60300.0,60400.0,60300.0,60350.0,1978,0.0,0.0
2025-03-28 12:45:00+09:00,60350.0,60400.0,60300.0,60300.0,6569,0.0,0.0
2025-03-28 12:46:00+09:00,60300.0,60400.0,60300.0,60300.0,7559,0.0,0.0
2025-03-28 12:47:00+09:00,60300.0,60400.0,60300.0,60300.0,7433,0.0,0.0
2025-03-28 12:48:00+09:00,60400.0,60400.0,60300.0,60300.0,10877,0.0,0.0
2025-03-28 12:49:00+09:00,60300.0,60400.0,60300.0,60300.0,9867,0.0,0.0
2025-03-28 12:50:00+09:00,60300.0,60400.0,60300.0,60400.0,8884,0.0,0.0
2025-03-28 12:51:00+09:00,60400.0,60400.0,60300.0,60300.0,4494,0.0,0.0
2025-03-28 12:52:00+09:00,60300.0,60400.0,60300.0,60300.0,7362,0.0,0.0
2025-03-28 12:53:00+09:00,60350.0,60400.0,60300.0,60300.0,4841,0.0,0.0
2025-03-28 12:54:00+09:00,60350.0,60400.0,60300.0,60400.0,9875,0.0,0.0
2025-03-28 12:55:00+09:00,60300.0,60400.0,60300.0,60400.0,8866,0.0,0.0
2025-03-28 12:56:00+09:00,60300.0,60400.0,60300.0,60350.0,21936,0.0,0.0
2025-03-28 12:57:00+09:00,60400.0,60500.0,60300.0,60450.0,97804,0.0,0.0
2025-03-28 12:58:00+09:00,60400.0,60500.0,60400.0,60500.0,24500,0.0,0.0
2025-03-28 12:59:00+09:00,60400.0,60500.0,60400.0,60500.0,5786,0.0,0.0
2025-03-28 13:00:00+09:00,60400.0,60600.0,60400.0,60500.0,87562,0.0,0.0
2025-03-28 13:01:00+09:00,60500.0,60500.0,60400.0,60500.0,11883,0.0,0.0
2025-03-28 13:02:00+09:00,60500.0,60600.0,60400.0,60500.0,31011,0.0,0.0
2025-03-28 13:03:00+09:00,60600.0,60600.0,60500.0,60500.0,4865,0.0,0.0
2025-03-28 13:04:00+09:00,60500.0,60600.0,60400.0,60450.0,45884,0.0,0.0
2025-03-28 13:05:00+09:00,60450.0,60500.0,60400.0,60400.0,4649,0.0,0.0
2025-03-28 13:06:00+09:00,60400.0,60500.0,60400.0,60400.0,2701,0.0,0.0
2025-03-28 13:07:00+09:00,60400.0,60500.0,60400.0,60400.0,7538,0.0,0.0
2025-03-28 13:08:00+09:00,60400.0,60500.0,60400.0,60400.0,28784,0.0,0.0
2025-03-28 13:09:00+09:00,60400.0,60500.0,60400.0,60500.0,11152,0.0,0.0
2025-03-28 13:10:00+09:00,60500.0,60600.0,60450.0,60500.0,46296,0.0,0.0
2025-03-28 13:11:00+09:00,60600.0,60600.0,60400.0,60400.0,130428,0.0,0.0
2025-03-28 13:12:00+09:00,60500.0,60500.0,60400.0,60400.0,64202,0.0,0.0
2025-03-28 13:13:00+09:00,60450.0,60500.0,60400.0,60400.0,34968,0.0,0.0
2025-03-28 13:14:00+09:00,60400.0,60500.0,60300.0,60400.0,43390,0.0,0.0
2025-03-28 13:15:00+09:00,60400.0,60400.0,60300.0,60400.0,4914,0.0,0.0
2025-03-28 13:16:00+09:00,60400.0,60400.0,60300.0,60300.0,4034,0.0,0.0
2025-03-28 13:17:00+09:00,60300.0,60400.0,60300.0,60300.0,5561,0.0,0.0
2025-03-28 13:18:00+09:00,60300.0,60400.0,60300.0,60300.0,11167,0.0,0.0
2025-03-28 13:19:00+09:00,60300.0,60400.0,60300.0,60400.0,8518,0.0,0.0
2025-03-28 13:20:00+09:00,60300.0,60400.0,60300.0,60300.0,8191,0.0,0.0
2025-03-28 13:21:00+09:00,60400.0,60500.0,60300.0,60400.0,72641,0.0,0.0
2025-03-28 13:22:00+09:00,60400.0,60500.0,60400.0,60500.0,13466,0.0,0.0
2025-03-28 13:23:00+09:00,60400.0,60500.0,60300.0,60300.0,30982,0.0,0.0
2025-03-28 13:24:00+09:00,60400.0,60500.0,60300.0,60400.0,31547,0.0,0.0
2025-03-28 13:25:00+09:00,60400.0,60500.0,60300.0,60400.0,25240,0.0,0.0
2025-03-28 13:26:00+09:00,60400.0,60500.0,60400.0,60400.0,25811,0.0,0.0
2025-03-28 13:27:00+09:00,60450.0,60500.0,60400.0,60400.0,9711,0.0,0.0
2025-03-28 13:28:00+09:00,60400.0,60500.0,60400.0,60400.0,11363,0.0,0.0
2025-03-28 13:29:00+09:00,60500.0,60500.0,60400.0,60400.0,7445,0.0,0.0
2025-03-28 13:30:00+09:00,60400.0,60500.0,60400.0,60450.0,11131,0.0,0.0
2025-03-28 13:31:00+09:00,60450.0,60500.0,60300.0,60400.0,30629,0.0,0.0
2025-03-28 13:32:00+09:00,60400.0,60400.0,60300.0,60300.0,6882,0.0,0.0
2025-03-28 13:33:00+09:00,60300.0,60400.0,60300.0,60300.0,4996,0.0,0.0
2025-03-28 13:34:00+09:00,60350.0,60400.0,60300.0,60400.0,8440,0.0,0.0
2025-03-28 13:35:00+09:00,60300.0,60400.0,60300.0,60400.0,16113,0.0,0.0
2025-03-28 13:36:00+09:00,60300.0,60400.0,60300.0,60350.0,8422,0.0,0.0
2025-03-28 13:37:00+09:00,60350.0,60400.0,60300.0,60300.0,9944,0.0,0.0
2025-03-28 13:38:00+09:00,60300.0,60400.0,60300.0,60300.0,11459,0.0,0.0
2025-03-28 13:39:00+09:00,60300.0,60400.0,60300.0,60300.0,8024,0.0,0.0
2025-03-28 13:40:00+09:00,60300.0,60400.0,60300.0,60300.0,14304,0.0,0.0
2025-03-28 13:41:00+09:00,60300.0,60400.0,60300.0,60400.0,12032,0.0,0.0
2025-03-28 13:42:00+09:00,60400.0,60400.0,60300.0,60300.0,10051,0.0,0.0
2025-03-28 13:43:00+09:00,60400.0,60500.0,60300.0,60400.0,82398,0.0,0.0
2025-03-28 13:44:00+09:00,60400.0,60500.0,60400.0,60500.0,9605,0.0,0.0
2025-03-28 13:45:00+09:00,60400.0,60500.0,60400.0,60400.0,6191,0.0,0.0
2025-03-28 13:46:00+09:00,60500.0,60500.0,60400.0,60400.0,9864,0.0,0.0
2025-03-28 13:47:00+09:00,60400.0,60500.0,60400.0,60450.0,61353,0.0,0.0
2025-03-28 13:48:00+09:00,60500.0,60500.0,60300.0,60400.0,99078,0.0,0.0
2025-03-28 13:49:00+09:00,60400.0,60400.0,60300.0,60300.0,8891,0.0,0.0
2025-03-28 13:50:00+09:00,60300.0,60400.0,60300.0,60300.0,14923,0.0,0.0
2025-03-28 13:51:00+09:00,60300.0,60400.0,60300.0,60300.0,7849,0.0,0.0
2025-03-28 13:52:00+09:00,60300.0,60400.0,60300.0,60300.0,9835,0.0,0.0
2025-03-28 13:53:00+09:00,60300.0,60400.0,60300.0,60350.0,20538,0.0,0.0
2025-03-28 13:54:00+09:00,60300.0,60400.0,60300.0,60300.0,15406,0.0,0.0
2025-03-28 13:55:00+09:00,60350.0,60350.0,60200.0,60200.0,124961,0.0,0.0
2025-03-28 13:56:00+09:00,60200.0,60400.0,60200.0,60350.0,29042,0.0,0.0
2025-03-28 13:57:00+09:00,60300.0,60400.0,60300.0,60300.0,11520,0.0,0.0
2025-03-28 13:58:00+09:00,60300.0,60400.0,60300.0,60300.0,10018,0.0,0.0
2025-03-28 13:59:00+09:00,60300.0,60400.0,60200.0,60350.0,94315,0.0,0.0
2025-03-28 14:00:00+09:00,60300.0,60400.0,60300.0,60400.0,11726,0.0,0.0
2025-03-28 14:01:00+09:00,60400.0,60500.0,60300.0,60300.0,102709,0.0,0.0
2025-03-28 14:02:00+09:00,60400.0,60400.0,60300.0,60300.0,16523,0.0,0.0
2025-03-28 14:03:00+09:00,60300.0,60400.0,60300.0,60300.0,8882,0.0,0.0
2025-03-28 14:04:00+09:00,60300.0,60400.0,60300.0,60300.0,18660,0.0,0.0
2025-03-28 14:05:00+09:00,60400.0,60400.0,60300.0,60350.0,34748,0.0,0.0
2025-03-28 14:06:00+09:00,60300.0,60400.0,60300.0,60300.0,11916,0.0,0.0
2025-03-28 14:07:00+09:00,60300.0,60400.0,60300.0,60300.0,14251,0.0,0.0
2025-03-28 14:08:00+09:00,60350.0,60400.0,60300.0,60300.0,11227,0.0,0.0
2025-03-28 14:09:00+09:00,60300.0,60400.0,60200.0,60300.0,53945,0.0,0.0
2025-03-28 14:10:00+09:00,60200.0,60300.0,60200.0,60250.0,12168,0.0,0.0
2025-03-28 14:11:00+09:00,60300.0,60300.0,60250.0,60250.0,12866,0.0,0.0
2025-03-28 14:12:00+09:00,60250.0,60300.0,60200.0,60200.0,15148,0.0,0.0
2025-03-28 14:13:00+09:00,60200.0,60300.0,60200.0,60200.0,10951,0.0,0.0
2025-03-28 14:14:00+09:00,60200.0,60300.0,60200.0,60250.0,11897,0.0,0.0
2025-03-28 14:15:00+09:00,60250.0,60300.0,60200.0,60300.0,10773,0.0,0.0
2025-03-28 14:16:00+09:00,60200.0,60300.0,60200.0,60300.0,23750,0.0,0.0
2025-03-28 14:17:00+09:00,60300.0,60300.0,60200.0,60250.0,31302,0.0,0.0
2025-03-28 14:18:00+09:00,60200.0,60300.0,60200.0,60200.0,20411,0.0,0.0
2025-03-28 14:19:00+09:00,60250.0,60250.0,60200.0,60250.0,54498,0.0,0.0
2025-03-28 14:20:00+09:00,60250.0,60300.0,60100.0,60200.0,144259,0.0,0.0
2025-03-28 14:21:00+09:00,60200.0,60200.0,60100.0,60200.0,20373,0.0,0.0
2025-03-28 14:22:00+09:00,60100.0,60200.0,60100.0,60200.0,11309,0.0,0.0
2025-03-28 14:23:00+09:00,60100.0,60200.0,60100.0,60100.0,17738,0.0,0.0
2025-03-28 14:24:00+09:00,60150.0,60200.0,60100.0,60200.0,14370,0.0,0.0
2025-03-28 14:25:00+09:00,60100.0,60200.0,60100.0,60100.0,38538,0.0,0.0
2025-03-28 14:26:00+09:00,60100.0,60200.0,60100.0,60200.0,87066,0.0,0.0
2025-03-28 14:27:00+09:00,60200.0,60200.0,60100.0,60200.0,22851,0.0,0.0
2025-03-28 14:28:00+09:00,60200.0,60200.0,60100.0,60150.0,17227,0.0,0.0
2025-03-28 14:29:00+09:00,60100.0,60200.0,60100.0,60200.0,70300,0.0,0.0
2025-03-28 14:30:00+09:00,60100.0,60200.0,60000.0,60000.0,43823,0.0,0.0
2025-03-28 14:31:00+09:00,60000.0,60100.0,60000.0,60000.0,16158,0.0,0.0
2025-03-28 14:32:00+09:00,60100.0,60100.0,60000.0,60000.0,27765,0.0,0.0
2025-03-28 14:33:00+09:00,60000.0,60100.0,60000.0,60000.0,29685,0.0,0.0
2025-03-28 14:34:00+09:00,60100.0,60100.0,60000.0,60100.0,17456,0.0,0.0
2025-03-28 14:35:00+09:00,60100.0,60100.0,60000.0,60000.0,12739,0.0,0.0
2025-03-28 14:36:00+09:00,60050.0,60100.0,60000.0,60000.0,15648,0.0,0.0
2025-03-28 14:37:00+09:00,60000.0,60100.0,60000.0,60000.0,21803,0.0,0.0
2025-03-28 14:38:00+09:00,60000.0,60200.0,60000.0,60100.0,148713,0.0,0.0
2025-03-28 14:39:00+09:00,60100.0,60200.0,60100.0,60100.0,15825,0.0,0.0
2025-03-28 14:40:00+09:00,60150.0,60200.0,60100.0,60100.0,11968,0.0,0.0
2025-03-28 14:41:00+09:00,60100.0,60200.0,60100.0,60100.0,18021,0.0,0.0
2025-03-28 14:42:00+09:00,60200.0,60200.0,60100.0,60100.0,19600,0.0,0.0
2025-03-28 14:43:00+09:00,60100.0,60200.0,60000.0,60100.0,93275,0.0,0.0
2025-03-28 14:44:00+09:00,60100.0,60100.0,60000.0,60000.0,18307,0.0,0.0
2025-03-28 14:45:00+09:00,60000.0,60100.0,60000.0,60000.0,33122,0.0,0.0
2025-03-28 14:46:00+09:00,60000.0,60100.0,60000.0,60100.0,86845,0.0,0.0
2025-03-28 14:47:00+09:00,60100.0,60200.0,60000.0,60100.0,17122,0.0,0.0
2025-03-28 14:48:00+09:00,60200.0,60200.0,60100.0,60200.0,9666,0.0,0.0
2025-03-28 14:49:00+09:00,60100.0,60200.0,60000.0,60100.0,86405,0.0,0.0
2025-03-28 14:50:00+09:00,60000.0,60100.0,60000.0,60100.0,18397,0.0,0.0
2025-03-28 14:51:00+09:00,60100.0,60100.0,60000.0,60100.0,12702,0.0,0.0
2025-03-28 14:52:00+09:00,60050.0,60100.0,60000.0,60000.0,13247,0.0,0.0
2025-03-28 14:53:00+09:00,60000.0,60100.0,60000.0,60100.0,11986,0.0,0.0
2025-03-28 14:54:00+09:00,60050.0,60100.0,60000.0,60000.0,19123,0.0,0.0
2025-03-28 14:55:00+09:00,60000.0,60100.0,60000.0,60100.0,19605,0.0,0.0
2025-03-28 14:56:00+09:00,60100.0,60100.0,60000.0,60100.0,11521,0.0,0.0
2025-03-28 14:57:00+09:00,60050.0,60100.0,60000.0,60000.0,16304,0.0,0.0
2025-03-28 14:58:00+09:00,60000.0,60200.0,60000.0,60100.0,183141,0.0,0.0
2025-03-28 14:59:00+09:00,60100.0,60100.0,60000.0,60000.0,6089,0.0,0.0
2025-03-31 09:00:00+09:00,59500.0,59600.0,59400.0,59600.0,633274,0.0,0.0
2025-03-31 09:01:00+09:00,59600.0,59600.0,59400.0,59500.0,180510,0.0,0.0
2025-03-31 09:02:00+09:00,59400.0,59700.0,59400.0,59500.0,134792,0.0,0.0
2025-03-31 09:03:00+09:00,59600.0,59600.0,59300.0,59400.0,277885,0.0,0.0
2025-03-31 09:04:00+09:00,59500.0,59500.0,59200.0,59200.0,111646,0.0,0.0
2025-03-31 09:05:00+09:00,59200.0,59300.0,59100.0,59200.0,268071,0.0,0.0
2025-03-31 09:06:00+09:00,59200.0,59200.0,59100.0,59100.0,27156,0.0,0.0
2025-03-31 09:07:00+09:00,59100.0,59200.0,59000.0,59100.0,107030,0.0,0.0
2025-03-31 09:08:00+09:00,59000.0,59300.0,59000.0,59200.0,199249,0.0,0.0
2025-03-31 09:09:00+09:00,59200.0,59200.0,59100.0,59200.0,26231,0.0,0.0
2025-03-31 09:10:00+09:00,59200.0,59300.0,59100.0,59300.0,60246,0.0,0.0
2025-03-31 09:11:00+09:00,59200.0,59300.0,59200.0,59300.0,21298,0.0,0.0
2025-03-31 09:12:00+09:00,59300.0,59300.0,59200.0,59250.0,28145,0.0,0.0
2025-03-31 09:13:00+09:00,59300.0,59300.0,58900.0,59000.0,351571,0.0,0.0
2025-03-31 09:14:00+09:00,59000.0,59000.0,58900.0,59000.0,30818,0.0,0.0
2025-03-31 09:15:00+09:00,59000.0,59100.0,58800.0,58900.0,241331,0.0,0.0
2025-03-31 09:16:00+09:00,58900.0,59000.0,58800.0,58900.0,80269,0.0,0.0
2025-03-31 09:17:00+09:00,59000.0,59000.0,58800.0,58800.0,21727,0.0,0.0
2025-03-31 09:18:00+09:00,58800.0,58900.0,58700.0,58800.0,199823,0.0,0.0
2025-03-31 09:19:00+09:00,58800.0,58900.0,58600.0,58700.0,161460,0.0,0.0
2025-03-31 09:20:00+09:00,58700.0,58800.0,58600.0,58700.0,114409,0.0,0.0
2025-03-31 09:21:00+09:00,58700.0,59000.0,58600.0,58900.0,104678,0.0,0.0
2025-03-31 09:22:00+09:00,58900.0,59000.0,58800.0,58800.0,55441,0.0,0.0
2025-03-31 09:23:00+09:00,58900.0,58900.0,58800.0,58900.0,38514,0.0,0.0
2025-03-31 09:24:00+09:00,58900.0,59000.0,58800.0,59000.0,68466,0.0,0.0
2025-03-31 09:25:00+09:00,59000.0,59100.0,58800.0,58950.0,72735,0.0,0.0
2025-03-31 09:26:00+09:00,58900.0,59100.0,58900.0,59000.0,131255,0.0,0.0
2025-03-31 09:27:00+09:00,59100.0,59100.0,59000.0,59100.0,20225,0.0,0.0
2025-03-31 09:28:00+09:00,59100.0,59200.0,59000.0,59100.0,85459,0.0,0.0
2025-03-31 09:29:00+09:00,59100.0,59200.0,59100.0,59200.0,5830,0.0,0.0
2025-03-31 09:30:00+09:00,59200.0,59200.0,59100.0,59100.0,29187,0.0,0.0
2025-03-31 09:31:00+09:00,59100.0,59200.0,58900.0,59000.0,105272,0.0,0.0
2025-03-31 09:32:00+09:00,59000.0,59000.0,58900.0,59000.0,22406,0.0,0.0
2025-03-31 09:33:00+09:00,59000.0,59000.0,58800.0,58900.0,86619,0.0,0.0
2025-03-31 09:34:00+09:00,58900.0,58900.0,58800.0,58900.0,28608,0.0,0.0
2025-03-31 09:35:00+09:00,58900.0,58900.0,58800.0,58900.0,7592,0.0,0.0
2025-03-31 09:36:00+09:00,58900.0,58900.0,58800.0,58800.0,30358,0.0,0.0
2025-03-31 09:37:00+09:00,58900.0,58900.0,58700.0,58750.0,49825,0.0,0.0
2025-03-31 09:38:00+09:00,58750.0,58800.0,58700.0,58800.0,22780,0.0,0.0
2025-03-31 09:39:00+09:00,58700.0,58800.0,58700.0,58750.0,40874,0.0,0.0
2025-03-31 09:40:00+09:00,58750.0,58800.0,58700.0,58700.0,11481,0.0,0.0
2025-03-31 09:41:00+09:00,58800.0,58800.0,58600.0,58800.0,108002,0.0,0.0
2025-03-31 09:42:00+09:00,58700.0,58800.0,58700.0,58800.0,28041,0.0,0.0
2025-03-31 09:43:00+09:00,58800.0,58800.0,58700.0,58700.0,11794,0.0,0.0
2025-03-31 09:44:00+09:00,58700.0,58800.0,58700.0,58700.0,12412,0.0,0.0
2025-03-31 09:45:00+09:00,58800.0,58800.0,58700.0,58700.0,35757,0.0,0.0
2025-03-31 09:46:00+09:00,58800.0,58800.0,58700.0,58700.0,10494,0.0,0.0
2025-03-31 09:47:00+09:00,58800.0,58800.0,58700.0,58800.0,21721,0.0,0.0
2025-03-31 09:48:00+09:00,58800.0,58800.0,58600.0,58700.0,68853,0.0,0.0
2025-03-31 09:49:00+09:00,58700.0,58800.0,58600.0,58700.0,38840,0.0,0.0
2025-03-31 09:50:00+09:00,58700.0,58800.0,58700.0,58800.0,11772,0.0,0.0
2025-03-31 09:51:00+09:00,58800.0,58800.0,58700.0,58700.0,5208,0.0,0.0
2025-03-31 09:52:00+09:00,58800.0,58800.0,58700.0,58750.0,9538,0.0,0.0
2025-03-31 09:53:00+09:00,58750.0,58800.0,58700.0,58800.0,21564,0.0,0.0
2025-03-31 09:54:00+09:00,58800.0,58800.0,58700.0,58800.0,8800,0.0,0.0
2025-03-31 09:55:00+09:00,58800.0,58800.0,58600.0,58700.0,69331,0.0,0.0
2025-03-31 09:56:00+09:00,58700.0,58700.0,58600.0,58700.0,14641,0.0,0.0
2025-03-31 09:57:00+09:00,58700.0,58700.0,58600.0,58700.0,1829,0.0,0.0
2025-03-31 09:58:00+09:00,58700.0,58800.0,58700.0,58800.0,135522,0.0,0.0
2025-03-31 09:59:00+09:00,58800.0,58800.0,58700.0,58800.0,23299,0.0,0.0
2025-03-31 10:00:00+09:00,58800.0,58800.0,58700.0,58800.0,11356,0.0,0.0
2025-03-31 10:01:00+09:00,58800.0,58800.0,58700.0,58800.0,7065,0.0,0.0
2025-03-31 10:02:00+09:00,58800.0,58800.0,58700.0,58800.0,18866,0.0,0.0
2025-03-31 10:03:00+09:00,58800.0,58800.0,58700.0,58800.0,49121,0.0,0.0
2025-03-31 10:04:00+09:00,58800.0,58800.0,58700.0,58800.0,38671,0.0,0.0
2025-03-31 10:05:00+09:00,58800.0,58800.0,58700.0,58800.0,32577,0.0,0.0
2025-03-31 10:06:00+09:00,58800.0,58800.0,58700.0,58800.0,8042,0.0,0.0
2025-03-31 10:07:00+09:00,58700.0,58800.0,58700.0,58800.0,12161,0.0,0.0
2025-03-31 10:08:00+09:00,58700.0,58800.0,58700.0,58700.0,6530,0.0,0.0
2025-03-31 10:09:00+09:00,58750.0,58800.0,58700.0,58800.0,15780,0.0,0.0
2025-03-31 10:10:00+09:00,58800.0,58800.0,58600.0,58700.0,94270,0.0,0.0
2025-03-31 10:11:00+09:00,58700.0,58700.0,58600.0,58700.0,22983,0.0,0.0
2025-03-31 10:12:00+09:00,58700.0,58700.0,58600.0,58700.0,13684,0.0,0.0
2025-03-31 10:13:00+09:00,58700.0,58700.0,58600.0,58700.0,33637,0.0,0.0
2025-03-31 10:14:00+09:00,58700.0,58800.0,58650.0,58800.0,79155,0.0,0.0
2025-03-31 10:15:00+09:00,58800.0,58800.0,58700.0,58700.0,27605,0.0,0.0
2025-03-31 10:16:00+09:00,58800.0,58800.0,58700.0,58800.0,6049,0.0,0.0
2025-03-31 10:17:00+09:00,58800.0,58800.0,58700.0,58800.0,3018,0.0,0.0
2025-03-31 10:18:00+09:00,58800.0,58800.0,58700.0,58700.0,42523,0.0,0.0
2025-03-31 10:19:00+09:00,58700.0,58800.0,58700.0,58800.0,3499,0.0,0.0
2025-03-31 10:20:00+09:00,58800.0,58800.0,58700.0,58800.0,19839,0.0,0.0
2025-03-31 10:21:00+09:00,58800.0,58800.0,58700.0,58800.0,6392,0.0,0.0
2025-03-31 10:22:00+09:00,58800.0,58800.0,58700.0,58750.0,11236,0.0,0.0
2025-03-31 10:23:00+09:00,58800.0,58800.0,58700.0,58800.0,12841,0.0,0.0
2025-03-31 10:24:00+09:00,58700.0,58800.0,58700.0,58700.0,10214,0.0,0.0
2025-03-31 10:25:00+09:00,58700.0,58800.0,58700.0,58800.0,13576,0.0,0.0
2025-03-31 10:26:00+09:00,58700.0,58800.0,58700.0,58800.0,4265,0.0,0.0
2025-03-31 10:27:00+09:00,58800.0,58800.0,58700.0,58800.0,4368,0.0,0.0
2025-03-31 10:28:00+09:00,58700.0,58800.0,58700.0,58800.0,7196,0.0,0.0
2025-03-31 10:29:00+09:00,58800.0,58800.0,58700.0,58800.0,9739,0.0,0.0
2025-03-31 10:30:00+09:00,58750.0,58800.0,58700.0,58800.0,7077,0.0,0.0
2025-03-31 10:31:00+09:00,58800.0,58800.0,58600.0,58700.0,127884,0.0,0.0
2025-03-31 10:32:00+09:00,58700.0,58700.0,58600.0,58700.0,12350,0.0,0.0
2025-03-31 10:33:00+09:00,58700.0,58700.0,58600.0,58700.0,7127,0.0,0.0
2025-03-31 10:34:00+09:00,58600.0,58700.0,58600.0,58700.0,28271,0.0,0.0
2025-03-31 10:35:00+09:00,58650.0,58700.0,58600.0,58700.0,11735,0.0,0.0
2025-03-31 10:36:00+09:00,58700.0,58700.0,58600.0,58600.0,56717,0.0,0.0
2025-03-31 10:37:00+09:00,58700.0,58700.0,58600.0,58650.0,6769,0.0,0.0
2025-03-31 10:38:00+09:00,58650.0,58700.0,58600.0,58700.0,19663,0.0,0.0
2025-03-31 10:39:00+09:00,58600.0,58700.0,58600.0,58700.0,9302,0.0,0.0
2025-03-31 10:40:00+09:00,58700.0,58700.0,58600.0,58700.0,11394,0.0,0.0
2025-03-31 10:41:00+09:00,58700.0,58700.0,58600.0,58600.0,8088,0.0,0.0
2025-03-31 10:42:00+09:00,58700.0,58700.0,58600.0,58700.0,6256,0.0,0.0
2025-03-31 10:43:00+09:00,58700.0,58700.0,58600.0,58700.0,5398,0.0,0.0
2025-03-31 10:44:00+09:00,58600.0,58700.0,58600.0,58700.0,9555,0.0,0.0
2025-03-31 10:45:00+09:00,58700.0,58700.0,58600.0,58600.0,12535,0.0,0.0
2025-03-31 10:46:00+09:00,58700.0,58700.0,58600.0,58600.0,18969,0.0,0.0
2025-03-31 10:47:00+09:00,58600.0,58700.0,58600.0,58700.0,6648,0.0,0.0
2025-03-31 10:48:00+09:00,58650.0,58700.0,58600.0,58700.0,5693,0.0,0.0
2025-03-31 10:49:00+09:00,58700.0,58700.0,58600.0,58700.0,22947,0.0,0.0
2025-03-31 10:50:00+09:00,58600.0,58700.0,58600.0,58700.0,8503,0.0,0.0
2025-03-31 10:51:00+09:00,58700.0,58700.0,58600.0,58700.0,5818,0.0,0.0
2025-03-31 10:52:00+09:00,58700.0,58700.0,58600.0,58600.0,10990,0.0,0.0
2025-03-31 10:53:00+09:00,58600.0,58700.0,58600.0,58600.0,7506,0.0,0.0
2025-03-31 10:54:00+09:00,58700.0,58700.0,58600.0,58700.0,12099,0.0,0.0
2025-03-31 10:55:00+09:00,58700.0,58700.0,58600.0,58650.0,12427,0.0,0.0
2025-03-31 10:56:00+09:00,58600.0,58700.0,58600.0,58600.0,4966,0.0,0.0
2025-03-31 10:57:00+09:00,58600.0,58700.0,58600.0,58700.0,7251,0.0,0.0
2025-03-31 10:58:00+09:00,58600.0,58700.0,58600.0,58700.0,21679,0.0,0.0
2025-03-31 10:59:00+09:00,58700.0,58700.0,58600.0,58600.0,11180,0.0,0.0
2025-03-31 11:00:00+09:00,58600.0,58700.0,58600.0,58600.0,7680,0.0,0.0
2025-03-31 11:01:00+09:00,58600.0,58700.0,58600.0,58600.0,8097,0.0,0.0
2025-03-31 11:02:00+09:00,58600.0,58700.0,58600.0,58600.0,9103,0.0,0.0
2025-03-31 11:03:00+09:00,58700.0,58700.0,58600.0,58700.0,19527,0.0,0.0
2025-03-31 11:04:00+09:00,58700.0,58700.0,58600.0,58700.0,14569,0.0,0.0
2025-03-31 11:05:00+09:00,58700.0,58700.0,58500.0,58600.0,209265,0.0,0.0
2025-03-31 11:06:00+09:00,58500.0,58600.0,58500.0,58550.0,11246,0.0,0.0
2025-03-31 11:07:00+09:00,58500.0,58600.0,58400.0,58400.0,223433,0.0,0.0
2025-03-31 11:08:00+09:00,58500.0,58500.0,58400.0,58450.0,11345,0.0,0.0
2025-03-31 11:09:00+09:00,58450.0,58500.0,58400.0,58400.0,10507,0.0,0.0
2025-03-31 11:10:00+09:00,58400.0,58500.0,58400.0,58450.0,12827,0.0,0.0
2025-03-31 11:11:00+09:00,58450.0,58500.0,58400.0,58450.0,15430,0.0,0.0
2025-03-31 11:12:00+09:00,58400.0,58500.0,58400.0,58450.0,9395,0.0,0.0
2025-03-31 11:13:00+09:00,58450.0,58500.0,58400.0,58450.0,12388,0.0,0.0
2025-03-31 11:14:00+09:00,58450.0,58500.0,58400.0,58450.0,13661,0.0,0.0
2025-03-31 11:15:00+09:00,58450.0,58500.0,58400.0,58400.0,12445,0.0,0.0
2025-03-31 11:16:00+09:00,58450.0,58500.0,58400.0,58400.0,11685,0.0,0.0
2025-03-31 11:17:00+09:00,58400.0,58500.0,58400.0,58450.0,9506,0.0,0.0
2025-03-31 11:18:00+09:00,58450.0,58500.0,58400.0,58400.0,12633,0.0,0.0
2025-03-31 11:19:00+09:00,58400.0,58500.0,58300.0,58350.0,140868,0.0,0.0
2025-03-31 11:20:00+09:00,58300.0,58400.0,58200.0,58300.0,212581,0.0,0.0
2025-03-31 11:21:00+09:00,58300.0,58400.0,58300.0,58300.0,16226,0.0,0.0
2025-03-31 11:22:00+09:00,58300.0,58400.0,58300.0,58300.0,8811,0.0,0.0
2025-03-31 11:23:00+09:00,58350.0,58400.0,58300.0,58400.0,8154,0.0,0.0
2025-03-31 11:24:00+09:00,58300.0,58400.0,58300.0,58300.0,14102,0.0,0.0
2025-03-31 11:25:00+09:00,58400.0,58400.0,58200.0,58300.0,96445,0.0,0.0
2025-03-31 11:26:00+09:00,58300.0,58300.0,58200.0,58300.0,63902,0.0,0.0
2025-03-31 11:27:00+09:00,58300.0,58300.0,58200.0,58250.0,11470,0.0,0.0
2025-03-31 11:28:00+09:00,58200.0,58300.0,58200.0,58200.0,56532,0.0,0.0
2025-03-31 11:29:00+09:00,58250.0,58300.0,58200.0,58300.0,11572,0.0,0.0
2025-03-31 11:30:00+09:00,58300.0,58300.0,58200.0,58200.0,8079,0.0,0.0
2025-03-31 11:31:00+09:00,58200.0,58300.0,58200.0,58300.0,7775,0.0,0.0
2025-03-31 11:32:00+09:00,58200.0,58300.0,58200.0,58250.0,36533,0.0,0.0
2025-03-31 11:33:00+09:00,58250.0,58300.0,58200.0,58300.0,7284,0.0,0.0
2025-03-31 11:34:00+09:00,58300.0,58300.0,58200.0,58200.0,9826,0.0,0.0
2025-03-31 11:35:00+09:00,58200.0,58300.0,58200.0,58300.0,9468,0.0,0.0
2025-03-31 11:36:00+09:00,58300.0,58300.0,58200.0,58250.0,9904,0.0,0.0
2025-03-31 11:37:00+09:00,58250.0,58300.0,58200.0,58200.0,8350,0.0,0.0
2025-03-31 11:38:00+09:00,58200.0,58300.0,58200.0,58300.0,11482,0.0,0.0
2025-03-31 11:39:00+09:00,58250.0,58300.0,58200.0,58300.0,64579,0.0,0.0
2025-03-31 11:40:00+09:00,58300.0,58300.0,58100.0,58200.0,77078,0.0,0.0
2025-03-31 11:41:00+09:00,58150.0,58200.0,58100.0,58150.0,6945,0.0,0.0
2025-03-31 11:42:00+09:00,58150.0,58300.0,58100.0,58200.0,133855,0.0,0.0
2025-03-31 11:43:00+09:00,58200.0,58300.0,58100.0,58150.0,99107,0.0,0.0
2025-03-31 11:44:00+09:00,58200.0,58200.0,58100.0,58200.0,22475,0.0,0.0
2025-03-31 11:45:00+09:00,58200.0,58300.0,58100.0,58200.0,126061,0.0,0.0
2025-03-31 11:46:00+09:00,58300.0,58300.0,58100.0,58200.0,55800,0.0,0.0
2025-03-31 11:47:00+09:00,58200.0,58300.0,58100.0,58250.0,61451,0.0,0.0
2025-03-31 11:48:00+09:00,58300.0,58300.0,58200.0,58200.0,8154,0.0,0.0
2025-03-31 11:49:00+09:00,58200.0,58300.0,58200.0,58200.0,9531,0.0,0.0
2025-03-31 11:50:00+09:00,58200.0,58300.0,58200.0,58200.0,6442,0.0,0.0
2025-03-31 11:51:00+09:00,58200.0,58300.0,58200.0,58200.0,4025,0.0,0.0
2025-03-31 11:52:00+09:00,58250.0,58300.0,58200.0,58250.0,5632,0.0,0.0
2025-03-31 11:53:00+09:00,58250.0,58300.0,58200.0,58200.0,9216,0.0,0.0
2025-03-31 11:54:00+09:00,58250.0,58300.0,58200.0,58200.0,6755,0.0,0.0
2025-03-31 11:55:00+09:00,58200.0,58300.0,58200.0,58200.0,13319,0.0,0.0
2025-03-31 11:56:00+09:00,58250.0,58300.0,58200.0,58250.0,4598,0.0,0.0
2025-03-31 11:57:00+09:00,58250.0,58300.0,58200.0,58200.0,4668,0.0,0.0
2025-03-31 11:58:00+09:00,58200.0,58300.0,58200.0,58200.0,7354,0.0,0.0
2025-03-31 11:59:00+09:00,58250.0,58300.0,58200.0,58200.0,13557,0.0,0.0
2025-03-31 12:00:00+09:00,58200.0,58300.0,58200.0,58250.0,5692,0.0,0.0
2025-03-31 12:01:00+09:00,58200.0,58300.0,58200.0,58200.0,4142,0.0,0.0
2025-03-31 12:02:00+09:00,58250.0,58250.0,58200.0,58250.0,6204,0.0,0.0
2025-03-31 12:03:00+09:00,58250.0,58250.0,58200.0,58250.0,4578,0.0,0.0
2025-03-31 12:04:00+09:00,58200.0,58300.0,58200.0,58200.0,9706,0.0,0.0
2025-03-31 12:05:00+09:00,58200.0,58300.0,58200.0,58300.0,7237,0.0,0.0
2025-03-31 12:06:00+09:00,58300.0,58300.0,58200.0,58250.0,6635,0.0,0.0
2025-03-31 12:07:00+09:00,58300.0,58300.0,58200.0,58200.0,7652,0.0,0.0
2025-03-31 12:08:00+09:00,58250.0,58250.0,58200.0,58250.0,8922,0.0,0.0
2025-03-31 12:09:00+09:00,58200.0,58250.0,58200.0,58250.0,10704,0.0,0.0
2025-03-31 12:10:00+09:00,58250.0,58250.0,58200.0,58250.0,5098,0.0,0.0
2025-03-31 12:11:00+09:00,58200.0,58250.0,58200.0,58250.0,6105,0.0,0.0
2025-03-31 12:12:00+09:00,58250.0,58250.0,58200.0,58250.0,7489,0.0,0.0
2025-03-31 12:13:00+09:00,58250.0,58250.0,58200.0,58200.0,17799,0.0,0.0
2025-03-31 12:14:00+09:00,58200.0,58300.0,58200.0,58300.0,17668,0.0,0.0
2025-03-31 12:15:00+09:00,58200.0,58300.0,58200.0,58250.0,7415,0.0,0.0
2025-03-31 12:16:00+09:00,58200.0,58300.0,58200.0,58250.0,12426,0.0,0.0
2025-03-31 12:17:00+09:00,58300.0,58300.0,58200.0,58250.0,5279,0.0,0.0
2025-03-31 12:18:00+09:00,58300.0,58300.0,58200.0,58300.0,14528,0.0,0.0
2025-03-31 12:19:00+09:00,58300.0,58300.0,58200.0,58300.0,9119,0.0,0.0
2025-03-31 12:20:00+09:00,58300.0,58300.0,58200.0,58300.0,10240,0.0,0.0
2025-03-31 12:21:00+09:00,58200.0,58300.0,58200.0,58250.0,9926,0.0,0.0
2025-03-31 12:22:00+09:00,58250.0,58300.0,58200.0,58250.0,55684,0.0,0.0
2025-03-31 12:23:00+09:00,58200.0,58300.0,58200.0,58200.0,5181,0.0,0.0
2025-03-31 12:24:00+09:00,58200.0,58300.0,58200.0,58200.0,16915,0.0,0.0
2025-03-31 12:25:00+09:00,58300.0,58300.0,58200.0,58300.0,7854,0.0,0.0
2025-03-31 12:26:00+09:00,58200.0,58300.0,58200.0,58200.0,3591,0.0,0.0
2025-03-31 12:27:00+09:00,58200.0,58300.0,58200.0,58300.0,10668,0.0,0.0
2025-03-31 12:28:00+09:00,58300.0,58300.0,58200.0,58200.0,10303,0.0,0.0
2025-03-31 12:29:00+09:00,58300.0,58300.0,58200.0,58300.0,9915,0.0,0.0
2025-03-31 12:30:00+09:00,58300.0,58300.0,58200.0,58200.0,6942,0.0,0.0
2025-03-31 12:31:00+09:00,58200.0,58300.0,58200.0,58200.0,5023,0.0,0.0
2025-03-31 12:32:00+09:00,58300.0,58300.0,58200.0,58300.0,7487,0.0,0.0
2025-03-31 12:33:00+09:00,58300.0,58300.0,58200.0,58300.0,25632,0.0,0.0
2025-03-31 12:34:00+09:00,58300.0,58300.0,58200.0,58300.0,14436,0.0,0.0
2025-03-31 12:35:00+09:00,58300.0,58300.0,58200.0,58300.0,10241,0.0,0.0
2025-03-31 12:36:00+09:00,58300.0,58300.0,58200.0,58250.0,10348,0.0,0.0
2025-03-31 12:37:00+09:00,58250.0,58300.0,58200.0,58200.0,9757,0.0,0.0
2025-03-31 12:38:00+09:00,58200.0,58300.0,58200.0,58200.0,10175,0.0,0.0
2025-03-31 12:39:00+09:00,58250.0,58300.0,58200.0,58200.0,12822,0.0,0.0
2025-03-31 12:40:00+09:00,58300.0,58300.0,58200.0,58300.0,22233,0.0,0.0
2025-03-31 12:41:00+09:00,58200.0,58300.0,58100.0,58100.0,164045,0.0,0.0
2025-03-31 12:42:00+09:00,58150.0,58200.0,58100.0,58200.0,7937,0.0,0.0
2025-03-31 12:43:00+09:00,58200.0,58200.0,58100.0,58200.0,14377,0.0,0.0
2025-03-31 12:44:00+09:00,58200.0,58200.0,58100.0,58150.0,7975,0.0,0.0
2025-03-31 12:45:00+09:00,58100.0,58200.0,58100.0,58100.0,11559,0.0,0.0
2025-03-31 12:46:00+09:00,58100.0,58200.0,58100.0,58200.0,21563,0.0,0.0
2025-03-31 12:47:00+09:00,58100.0,58200.0,58100.0,58200.0,8964,0.0,0.0
2025-03-31 12:48:00+09:00,58200.0,58200.0,58100.0,58150.0,7446,0.0,0.0
2025-03-31 12:49:00+09:00,58200.0,58200.0,58100.0,58200.0,11459,0.0,0.0
2025-03-31 12:50:00+09:00,58100.0,58200.0,58100.0,58100.0,9142,0.0,0.0
2025-03-31 12:51:00+09:00,58200.0,58200.0,58100.0,58150.0,20524,0.0,0.0
2025-03-31 12:52:00+09:00,58100.0,58200.0,58100.0,58200.0,23557,0.0,0.0
2025-03-31 12:53:00+09:00,58200.0,58200.0,58100.0,58200.0,23116,0.0,0.0
2025-03-31 12:54:00+09:00,58200.0,58200.0,58100.0,58100.0,17787,0.0,0.0
2025-03-31 12:55:00+09:00,58200.0,58200.0,58100.0,58150.0,6896,0.0,0.0
2025-03-31 12:56:00+09:00,58150.0,58200.0,58100.0,58150.0,3569,0.0,0.0
2025-03-31 12:57:00+09:00,58150.0,58200.0,58100.0,58200.0,5334,0.0,0.0
2025-03-31 12:58:00+09:00,58200.0,58200.0,58100.0,58100.0,4567,0.0,0.0
2025-03-31 12:59:00+09:00,58100.0,58150.0,58100.0,58150.0,10016,0.0,0.0
2025-03-31 13:00:00+09:00,58100.0,58150.0,58100.0,58100.0,5840,0.0,0.0
2025-03-31 13:01:00+09:00,58150.0,58150.0,58100.0,58150.0,5336,0.0,0.0
2025-03-31 13:02:00+09:00,58150.0,58200.0,58100.0,58100.0,6705,0.0,0.0
2025-03-31 13:03:00+09:00,58100.0,58150.0,58100.0,58100.0,6373,0.0,0.0
2025-03-31 13:04:00+09:00,58150.0,58150.0,58100.0,58150.0,25750,0.0,0.0
2025-03-31 13:05:00+09:00,58100.0,58150.0,58100.0,58100.0,7122,0.0,0.0
2025-03-31 13:06:00+09:00,58150.0,58150.0,58100.0,58100.0,6964,0.0,0.0
2025-03-31 13:07:00+09:00,58100.0,58150.0,58100.0,58100.0,8592,0.0,0.0
2025-03-31 13:08:00+09:00,58150.0,58150.0,58000.0,58000.0,254208,0.0,0.0
2025-03-31 13:09:00+09:00,58100.0,58100.0,57900.0,57900.0,239308,0.0,0.0
2025-03-31 13:10:00+09:00,58000.0,58000.0,57900.0,57900.0,81249,0.0,0.0
2025-03-31 13:11:00+09:00,58000.0,58000.0,57900.0,58000.0,42610,0.0,0.0
2025-03-31 13:12:00+09:00,57950.0,58000.0,57900.0,57950.0,12581,0.0,0.0
2025-03-31 13:13:00+09:00,58000.0,58000.0,57900.0,58000.0,14861,0.0,0.0
2025-03-31 13:14:00+09:00,58000.0,58000.0,57900.0,58000.0,14651,0.0,0.0
2025-03-31 13:15:00+09:00,58000.0,58000.0,57900.0,58000.0,13297,0.0,0.0
2025-03-31 13:16:00+09:00,58000.0,58000.0,57900.0,58000.0,7987,0.0,0.0
2025-03-31 13:17:00+09:00,58000.0,58000.0,57900.0,58000.0,17216,0.0,0.0
2025-03-31 13:18:00+09:00,58000.0,58100.0,57900.0,58000.0,157597,0.0,0.0
2025-03-31 13:19:00+09:00,58050.0,58050.0,57800.0,57900.0,225752,0.0,0.0
