Datetime,Open,High,Low,Close,Volume,Dividends,Stock Splits
2025-02-13 13:21:00+09:00,56100.0,56100.0,56000.0,56100.0,0,0.0,0.0
2025-02-13 13:22:00+09:00,56100.0,56100.0,56000.0,56000.0,31496,0.0,0.0
2025-02-13 13:23:00+09:00,56100.0,56100.0,56000.0,56000.0,18856,0.0,0.0
2025-02-13 13:24:00+09:00,56000.0,56100.0,56000.0,56100.0,9095,0.0,0.0
2025-02-13 13:25:00+09:00,56000.0,56100.0,56000.0,56100.0,13730,0.0,0.0
2025-02-13 13:26:00+09:00,56100.0,56100.0,56000.0,56100.0,12277,0.0,0.0
2025-02-13 13:27:00+09:00,56100.0,56100.0,56000.0,56000.0,10670,0.0,0.0
2025-02-13 13:28:00+09:00,56100.0,56100.0,56000.0,56000.0,10079,0.0,0.0
2025-02-13 13:29:00+09:00,56100.0,56100.0,56000.0,56000.0,12678,0.0,0.0
2025-02-13 13:30:00+09:00,56100.0,56100.0,56000.0,56100.0,14936,0.0,0.0
2025-02-13 13:31:00+09:00,56100.0,56100.0,56000.0,56100.0,15088,0.0,0.0
2025-02-13 13:32:00+09:00,56000.0,56100.0,56000.0,56000.0,10832,0.0,0.0
2025-02-13 13:33:00+09:00,56000.0,56100.0,56000.0,56100.0,9470,0.0,0.0
2025-02-13 13:34:00+09:00,56000.0,56100.0,56000.0,56000.0,10821,0.0,0.0
2025-02-13 13:35:00+09:00,56000.0,56100.0,56000.0,56000.0,13453,0.0,0.0
2025-02-13 13:36:00+09:00,56000.0,56100.0,56000.0,56000.0,13600,0.0,0.0
2025-02-13 13:37:00+09:00,56000.0,56100.0,56000.0,56000.0,8206,0.0,0.0
2025-02-13 13:38:00+09:00,56000.0,56100.0,56000.0,56100.0,10093,0.0,0.0
2025-02-13 13:39:00+09:00,56100.0,56100.0,56000.0,56000.0,33706,0.0,0.0
2025-02-13 13:40:00+09:00,56100.0,56100.0,56000.0,56000.0,8483,0.0,0.0
2025-02-13 13:41:00+09:00,56000.0,56100.0,56000.0,56100.0,8402,0.0,0.0
2025-02-13 13:42:00+09:00,56100.0,56100.0,56000.0,56000.0,56164,0.0,0.0
2025-02-13 13:43:00+09:00,56000.0,56100.0,56000.0,56000.0,16321,0.0,0.0
2025-02-13 13:44:00+09:00,56000.0,56100.0,56000.0,56000.0,16683,0.0,0.0
2025-02-13 13:45:00+09:00,56100.0,56100.0,56000.0,56000.0,146005,0.0,0.0
2025-02-13 13:46:00+09:00,56000.0,56100.0,56000.0,56000.0,24678,0.0,0.0
2025-02-13 13:47:00+09:00,56000.0,56000.0,55900.0,55900.0,22992,0.0,0.0
2025-02-13 13:48:00+09:00,55900.0,56000.0,55900.0,55900.0,8852,0.0,0.0
2025-02-13 13:49:00+09:00,56000.0,56000.0,55900.0,55900.0,11841,0.0,0.0
2025-02-13 13:50:00+09:00,55900.0,56000.0,55900.0,55900.0,7894,0.0,0.0
2025-02-13 13:51:00+09:00,55900.0,56000.0,55900.0,55900.0,9842,0.0,0.0
2025-02-13 13:52:00+09:00,56000.0,56000.0,55900.0,56000.0,10271,0.0,0.0
2025-02-13 13:53:00+09:00,55900.0,56000.0,55900.0,55900.0,22391,0.0,0.0
2025-02-13 13:54:00+09:00,55900.0,56000.0,55900.0,56000.0,13181,0.0,0.0
2025-02-13 13:55:00+09:00,56000.0,56000.0,55900.0,56000.0,9746,0.0,0.0
2025-02-13 13:56:00+09:00,56000.0,56000.0,55900.0,56000.0,32201,0.0,0.0
2025-02-13 13:57:00+09:00,56000.0,56000.0,55900.0,55900.0,15424,0.0,0.0
2025-02-13 13:58:00+09:00,55900.0,56100.0,55900.0,56000.0,218587,0.0,0.0
2025-02-13 13:59:00+09:00,56000.0,56100.0,55900.0,56000.0,79729,0.0,0.0
2025-02-13 14:00:00+09:00,55900.0,56000.0,55900.0,55900.0,15301,0.0,0.0
2025-02-13 14:01:00+09:00,56000.0,56000.0,55900.0,55900.0,26704,0.0,0.0
2025-02-13 14:02:00+09:00,55900.0,56100.0,55900.0,56100.0,63189,0.0,0.0
2025-02-13 14:03:00+09:00,56000.0,56100.0,56000.0,56000.0,7255,0.0,0.0
2025-02-13 14:04:00+09:00,56000.0,56100.0,56000.0,56100.0,16266,0.0,0.0
2025-02-13 14:05:00+09:00,56100.0,56100.0,56000.0,56100.0,13507,0.0,0.0
2025-02-13 14:06:00+09:00,56100.0,56100.0,56000.0,56100.0,110884,0.0,0.0
2025-02-13 14:07:00+09:00,56000.0,56100.0,56000.0,56100.0,47225,0.0,0.0
2025-02-13 14:08:00+09:00,56000.0,56100.0,56000.0,56100.0,12713,0.0,0.0
2025-02-13 14:09:00+09:00,56000.0,56100.0,56000.0,56000.0,7349,0.0,0.0
2025-02-13 14:10:00+09:00,56100.0,56100.0,56000.0,56100.0,10757,0.0,0.0
2025-02-13 14:11:00+09:00,56000.0,56100.0,56000.0,56100.0,67204,0.0,0.0
2025-02-13 14:12:00+09:00,56100.0,56100.0,56000.0,56100.0,30457,0.0,0.0
2025-02-13 14:13:00+09:00,56000.0,56100.0,56000.0,56100.0,35208,0.0,0.0
2025-02-13 14:14:00+09:00,56000.0,56100.0,56000.0,56000.0,73159,0.0,0.0
2025-02-13 14:15:00+09:00,56000.0,56100.0,56000.0,56000.0,9680,0.0,0.0
2025-02-13 14:16:00+09:00,56100.0,56100.0,56000.0,56000.0,11978,0.0,0.0
2025-02-13 14:17:00+09:00,56000.0,56100.0,56000.0,56100.0,10946,0.0,0.0
2025-02-13 14:18:00+09:00,56000.0,56100.0,56000.0,56000.0,11316,0.0,0.0
2025-02-13 14:19:00+09:00,56000.0,56100.0,56000.0,56000.0,10912,0.0,0.0
2025-02-13 14:20:00+09:00,56000.0,56100.0,56000.0,56000.0,10976,0.0,0.0
2025-02-13 14:21:00+09:00,56100.0,56100.0,56000.0,56000.0,14844,0.0,0.0
2025-02-13 14:22:00+09:00,56000.0,56100.0,56000.0,56000.0,11519,0.0,0.0
2025-02-13 14:23:00+09:00,56000.0,56100.0,56000.0,56100.0,14339,0.0,0.0
2025-02-13 14:24:00+09:00,56100.0,56100.0,56000.0,56000.0,10245,0.0,0.0
2025-02-13 14:25:00+09:00,56100.0,56100.0,56000.0,56100.0,20404,0.0,0.0
2025-02-13 14:26:00+09:00,56100.0,56100.0,56000.0,56000.0,15379,0.0,0.0
2025-02-13 14:27:00+09:00,56000.0,56100.0,56000.0,56100.0,16374,0.0,0.0
2025-02-13 14:28:00+09:00,56100.0,56100.0,56000.0,56100.0,11025,0.0,0.0
2025-02-13 14:29:00+09:00,56000.0,56100.0,56000.0,56000.0,11392,0.0,0.0
2025-02-13 14:30:00+09:00,56000.0,56100.0,56000.0,56100.0,28258,0.0,0.0
2025-02-13 14:31:00+09:00,56100.0,56100.0,56000.0,56100.0,17671,0.0,0.0
2025-02-13 14:32:00+09:00,56100.0,56100.0,56000.0,56100.0,24429,0.0,0.0
2025-02-13 14:33:00+09:00,56000.0,56100.0,56000.0,56000.0,8865,0.0,0.0
2025-02-13 14:34:00+09:00,56000.0,56100.0,56000.0,56000.0,15807,0.0,0.0
2025-02-13 14:35:00+09:00,56000.0,56100.0,56000.0,56100.0,20355,0.0,0.0
2025-02-13 14:36:00+09:00,56100.0,56100.0,56000.0,56100.0,12042,0.0,0.0
2025-02-13 14:37:00+09:00,56000.0,56100.0,56000.0,56000.0,40086,0.0,0.0
2025-02-13 14:38:00+09:00,56000.0,56100.0,56000.0,56000.0,9671,0.0,0.0
2025-02-13 14:39:00+09:00,56000.0,56100.0,56000.0,56000.0,12721,0.0,0.0
2025-02-13 14:40:00+09:00,56000.0,56100.0,56000.0,56000.0,12277,0.0,0.0
2025-02-13 14:41:00+09:00,56000.0,56100.0,56000.0,56000.0,14877,0.0,0.0
2025-02-13 14:42:00+09:00,56000.0,56100.0,56000.0,56100.0,12601,0.0,0.0
2025-02-13 14:43:00+09:00,56000.0,56100.0,56000.0,56000.0,15650,0.0,0.0
2025-02-13 14:44:00+09:00,56000.0,56100.0,56000.0,56000.0,22821,0.0,0.0
2025-02-13 14:45:00+09:00,56000.0,56100.0,56000.0,56000.0,9843,0.0,0.0
2025-02-13 14:46:00+09:00,56000.0,56100.0,56000.0,56000.0,19023,0.0,0.0
2025-02-13 14:47:00+09:00,56100.0,56100.0,56000.0,56000.0,18165,0.0,0.0
2025-02-13 14:48:00+09:00,56000.0,56100.0,56000.0,56000.0,65321,0.0,0.0
2025-02-13 14:49:00+09:00,56000.0,56100.0,56000.0,56100.0,22115,0.0,0.0
2025-02-13 14:50:00+09:00,56000.0,56100.0,56000.0,56000.0,406282,0.0,0.0
2025-02-13 14:51:00+09:00,56000.0,56200.0,56000.0,56200.0,109333,0.0,0.0
2025-02-13 14:52:00+09:00,56100.0,56200.0,56100.0,56100.0,13090,0.0,0.0
2025-02-13 14:53:00+09:00,56100.0,56200.0,56100.0,56100.0,23846,0.0,0.0
2025-02-13 14:54:00+09:00,56100.0,56200.0,56100.0,56100.0,11539,0.0,0.0
2025-02-13 14:55:00+09:00,56200.0,56200.0,56100.0,56100.0,16336,0.0,0.0
2025-02-13 14:56:00+09:00,56100.0,56200.0,56100.0,56200.0,27404,0.0,0.0
2025-02-13 14:57:00+09:00,56100.0,56200.0,56100.0,56100.0,27100,0.0,0.0
2025-02-13 14:58:00+09:00,56100.0,56200.0,56100.0,56200.0,19126,0.0,0.0
2025-02-13 14:59:00+09:00,56200.0,56200.0,56100.0,56100.0,21837,0.0,0.0
2025-02-14 09:00:00+09:00,56000.0,56200.0,56000.0,56200.0,871583,0.0,0.0
2025-02-14 09:01:00+09:00,56200.0,56300.0,56100.0,56300.0,251037,0.0,0.0
2025-02-14 09:02:00+09:00,56300.0,56400.0,56200.0,56400.0,185213,0.0,0.0
2025-02-14 09:03:00+09:00,56300.0,56500.0,56300.0,56400.0,191293,0.0,0.0
2025-02-14 09:04:00+09:00,56400.0,56500.0,56400.0,56500.0,172380,0.0,0.0
2025-02-14 09:05:00+09:00,56400.0,56500.0,56400.0,56400.0,69082,0.0,0.0
2025-02-14 09:06:00+09:00,56400.0,56500.0,56300.0,56400.0,141567,0.0,0.0
2025-02-14 09:07:00+09:00,56300.0,56400.0,56200.0,56300.0,227130,0.0,0.0
2025-02-14 09:08:00+09:00,56300.0,56400.0,56300.0,56300.0,72084,0.0,0.0
2025-02-14 09:09:00+09:00,56300.0,56400.0,56300.0,56300.0,46833,0.0,0.0
2025-02-14 09:10:00+09:00,56300.0,56400.0,56300.0,56400.0,154298,0.0,0.0
2025-02-14 09:11:00+09:00,56400.0,56500.0,56300.0,56500.0,300145,0.0,0.0
2025-02-14 09:12:00+09:00,56500.0,56500.0,56300.0,56400.0,117249,0.0,0.0
2025-02-14 09:13:00+09:00,56400.0,56400.0,56300.0,56400.0,20198,0.0,0.0
2025-02-14 09:14:00+09:00,56300.0,56400.0,56300.0,56300.0,17192,0.0,0.0
2025-02-14 09:15:00+09:00,56300.0,56400.0,56300.0,56300.0,39166,0.0,0.0
2025-02-14 09:16:00+09:00,56300.0,56400.0,56300.0,56400.0,14606,0.0,0.0
2025-02-14 09:17:00+09:00,56400.0,56400.0,56300.0,56400.0,14640,0.0,0.0
2025-02-14 09:18:00+09:00,56300.0,56400.0,56300.0,56300.0,145627,0.0,0.0
2025-02-14 09:19:00+09:00,56300.0,56400.0,56200.0,56300.0,104568,0.0,0.0
2025-02-14 09:20:00+09:00,56200.0,56300.0,56200.0,56200.0,28490,0.0,0.0
2025-02-14 09:21:00+09:00,56200.0,56300.0,56200.0,56300.0,32180,0.0,0.0
2025-02-14 09:22:00+09:00,56200.0,56400.0,56200.0,56300.0,160292,0.0,0.0
2025-02-14 09:23:00+09:00,56200.0,56300.0,56200.0,56200.0,47836,0.0,0.0
2025-02-14 09:24:00+09:00,56200.0,56300.0,56100.0,56200.0,108065,0.0,0.0
2025-02-14 09:25:00+09:00,56200.0,56200.0,56100.0,56200.0,16733,0.0,0.0
2025-02-14 09:26:00+09:00,56200.0,56200.0,56100.0,56100.0,11972,0.0,0.0
2025-02-14 09:27:00+09:00,56100.0,56200.0,56100.0,56200.0,33062,0.0,0.0
2025-02-14 09:28:00+09:00,56100.0,56200.0,56100.0,56100.0,30433,0.0,0.0
2025-02-14 09:29:00+09:00,56100.0,56200.0,56100.0,56100.0,147277,0.0,0.0
2025-02-14 09:30:00+09:00,56100.0,56200.0,56000.0,56100.0,121665,0.0,0.0
2025-02-14 09:31:00+09:00,56200.0,56200.0,56100.0,56200.0,33210,0.0,0.0
2025-02-14 09:32:00+09:00,56200.0,56200.0,56100.0,56100.0,11416,0.0,0.0
2025-02-14 09:33:00+09:00,56100.0,56300.0,56100.0,56300.0,157835,0.0,0.0
2025-02-14 09:34:00+09:00,56300.0,56300.0,56200.0,56300.0,10288,0.0,0.0
2025-02-14 09:35:00+09:00,56200.0,56300.0,56200.0,56300.0,12492,0.0,0.0
2025-02-14 09:36:00+09:00,56300.0,56300.0,56200.0,56300.0,10308,0.0,0.0
2025-02-14 09:37:00+09:00,56300.0,56300.0,56200.0,56200.0,46853,0.0,0.0
2025-02-14 09:38:00+09:00,56300.0,56300.0,56200.0,56300.0,101933,0.0,0.0
2025-02-14 09:39:00+09:00,56200.0,56400.0,56200.0,56400.0,180967,0.0,0.0
2025-02-14 09:40:00+09:00,56400.0,56400.0,56300.0,56300.0,12379,0.0,0.0
2025-02-14 09:41:00+09:00,56300.0,56400.0,56300.0,56300.0,28524,0.0,0.0
2025-02-14 09:42:00+09:00,56400.0,56400.0,56300.0,56400.0,15082,0.0,0.0
2025-02-14 09:43:00+09:00,56400.0,56400.0,56300.0,56400.0,19381,0.0,0.0
2025-02-14 09:44:00+09:00,56400.0,56400.0,56300.0,56400.0,17905,0.0,0.0
2025-02-14 09:45:00+09:00,56400.0,56400.0,56300.0,56400.0,15748,0.0,0.0
2025-02-14 09:46:00+09:00,56400.0,56400.0,56300.0,56400.0,9568,0.0,0.0
2025-02-14 09:47:00+09:00,56400.0,56400.0,56300.0,56400.0,29968,0.0,0.0
2025-02-14 09:48:00+09:00,56400.0,56400.0,56300.0,56400.0,15010,0.0,0.0
2025-02-14 09:49:00+09:00,56400.0,56400.0,56300.0,56300.0,13071,0.0,0.0
2025-02-14 09:50:00+09:00,56400.0,56500.0,56300.0,56500.0,295163,0.0,0.0
2025-02-14 09:51:00+09:00,56400.0,56600.0,56400.0,56600.0,532264,0.0,0.0
2025-02-14 09:52:00+09:00,56600.0,56700.0,56500.0,56600.0,284829,0.0,0.0
2025-02-14 09:53:00+09:00,56700.0,56800.0,56600.0,56700.0,359153,0.0,0.0
2025-02-14 09:54:00+09:00,56700.0,56900.0,56700.0,56900.0,375409,0.0,0.0
2025-02-14 09:55:00+09:00,56900.0,57000.0,56800.0,57000.0,326891,0.0,0.0
2025-02-14 09:56:00+09:00,57000.0,57000.0,56900.0,56900.0,372918,0.0,0.0
2025-02-14 09:57:00+09:00,56900.0,57000.0,56900.0,56900.0,296045,0.0,0.0
2025-02-14 09:58:00+09:00,56900.0,57000.0,56900.0,56900.0,113149,0.0,0.0
2025-02-14 09:59:00+09:00,56900.0,57100.0,56900.0,57100.0,534599,0.0,0.0
2025-02-14 10:00:00+09:00,57100.0,57200.0,57000.0,57200.0,342380,0.0,0.0
2025-02-14 10:01:00+09:00,57200.0,57300.0,57100.0,57200.0,283639,0.0,0.0
2025-02-14 10:02:00+09:00,57200.0,57200.0,57000.0,57100.0,224111,0.0,0.0
2025-02-14 10:03:00+09:00,57000.0,57200.0,57000.0,57100.0,403301,0.0,0.0
2025-02-14 10:04:00+09:00,57100.0,57100.0,56900.0,57000.0,277081,0.0,0.0
2025-02-14 10:05:00+09:00,57000.0,57000.0,56900.0,57000.0,60049,0.0,0.0
2025-02-14 10:06:00+09:00,57000.0,57000.0,56900.0,56900.0,48916,0.0,0.0
2025-02-14 10:07:00+09:00,57000.0,57000.0,56900.0,56900.0,39756,0.0,0.0
2025-02-14 10:08:00+09:00,57000.0,57000.0,56800.0,56900.0,164672,0.0,0.0
2025-02-14 10:09:00+09:00,56900.0,57000.0,56800.0,56900.0,154677,0.0,0.0
2025-02-14 10:10:00+09:00,57000.0,57000.0,56900.0,56900.0,24198,0.0,0.0
2025-02-14 10:11:00+09:00,57000.0,57000.0,56900.0,57000.0,33933,0.0,0.0
2025-02-14 10:12:00+09:00,57000.0,57000.0,56900.0,57000.0,37568,0.0,0.0
2025-02-14 10:13:00+09:00,57000.0,57000.0,56900.0,56900.0,279308,0.0,0.0
2025-02-14 10:14:00+09:00,57000.0,57000.0,56900.0,57000.0,38520,0.0,0.0
2025-02-14 10:15:00+09:00,57000.0,57000.0,56800.0,56800.0,288636,0.0,0.0
2025-02-14 10:16:00+09:00,56900.0,57000.0,56800.0,56900.0,120838,0.0,0.0
2025-02-14 10:17:00+09:00,57000.0,57000.0,56800.0,56900.0,65214,0.0,0.0
2025-02-14 10:18:00+09:00,57000.0,57000.0,56900.0,56900.0,14777,0.0,0.0
2025-02-14 10:19:00+09:00,56900.0,57000.0,56900.0,57000.0,41861,0.0,0.0
2025-02-14 10:20:00+09:00,56900.0,57100.0,56900.0,57000.0,195257,0.0,0.0
2025-02-14 10:21:00+09:00,57100.0,57100.0,57000.0,57100.0,33910,0.0,0.0
2025-02-14 10:22:00+09:00,57000.0,57100.0,57000.0,57100.0,44650,0.0,0.0
2025-02-14 10:23:00+09:00,57000.0,57100.0,57000.0,57100.0,51060,0.0,0.0
2025-02-14 10:24:00+09:00,57100.0,57100.0,56900.0,57000.0,141608,0.0,0.0
2025-02-14 10:25:00+09:00,57000.0,57000.0,56900.0,57000.0,17773,0.0,0.0
2025-02-14 10:26:00+09:00,57000.0,57100.0,56900.0,57000.0,116931,0.0,0.0
2025-02-14 10:27:00+09:00,57000.0,57000.0,56900.0,57000.0,34320,0.0,0.0
2025-02-14 10:28:00+09:00,56900.0,57000.0,56900.0,56900.0,118014,0.0,0.0
2025-02-14 10:29:00+09:00,57000.0,57100.0,56900.0,56900.0,39021,0.0,0.0
2025-02-14 10:30:00+09:00,57000.0,57000.0,56700.0,56800.0,413336,0.0,0.0
2025-02-14 10:31:00+09:00,56800.0,56800.0,56600.0,56700.0,214340,0.0,0.0
2025-02-14 10:32:00+09:00,56700.0,56800.0,56600.0,56800.0,169432,0.0,0.0
2025-02-14 10:33:00+09:00,56800.0,56800.0,56700.0,56800.0,14857,0.0,0.0
2025-02-14 10:34:00+09:00,56800.0,56800.0,56600.0,56700.0,60582,0.0,0.0
2025-02-14 10:35:00+09:00,56700.0,56800.0,56600.0,56700.0,53147,0.0,0.0
2025-02-14 10:36:00+09:00,56700.0,56800.0,56600.0,56700.0,16136,0.0,0.0
2025-02-14 10:37:00+09:00,56700.0,56700.0,56600.0,56700.0,30757,0.0,0.0
2025-02-14 10:38:00+09:00,56700.0,56800.0,56600.0,56800.0,46399,0.0,0.0
2025-02-14 10:39:00+09:00,56700.0,56800.0,56700.0,56800.0,17010,0.0,0.0
2025-02-14 10:40:00+09:00,56700.0,56800.0,56700.0,56800.0,35227,0.0,0.0
2025-02-14 10:41:00+09:00,56800.0,56800.0,56700.0,56700.0,13189,0.0,0.0
2025-02-14 10:42:00+09:00,56700.0,56800.0,56700.0,56700.0,73031,0.0,0.0
2025-02-14 10:43:00+09:00,56800.0,56800.0,56700.0,56700.0,20384,0.0,0.0
2025-02-14 10:44:00+09:00,56800.0,56800.0,56600.0,56700.0,66180,0.0,0.0
2025-02-14 10:45:00+09:00,56700.0,56700.0,56600.0,56700.0,57347,0.0,0.0
2025-02-14 10:46:00+09:00,56600.0,56700.0,56500.0,56500.0,101141,0.0,0.0
2025-02-14 10:47:00+09:00,56600.0,56600.0,56500.0,56600.0,24705,0.0,0.0
2025-02-14 10:48:00+09:00,56500.0,56600.0,56500.0,56600.0,24420,0.0,0.0
2025-02-14 10:49:00+09:00,56600.0,56600.0,56500.0,56600.0,19763,0.0,0.0
2025-02-14 10:50:00+09:00,56600.0,56600.0,56500.0,56600.0,18666,0.0,0.0
2025-02-14 10:51:00+09:00,56600.0,56700.0,56500.0,56700.0,111004,0.0,0.0
2025-02-14 10:52:00+09:00,56700.0,56700.0,56600.0,56700.0,31754,0.0,0.0
2025-02-14 10:53:00+09:00,56600.0,56700.0,56400.0,56500.0,310895,0.0,0.0
2025-02-14 10:54:00+09:00,56500.0,56500.0,56400.0,56500.0,17788,0.0,0.0
2025-02-14 10:55:00+09:00,56500.0,56500.0,56300.0,56400.0,158576,0.0,0.0
2025-02-14 10:56:00+09:00,56300.0,56500.0,56300.0,56500.0,218136,0.0,0.0
2025-02-14 10:57:00+09:00,56500.0,56500.0,56400.0,56400.0,12930,0.0,0.0
2025-02-14 10:58:00+09:00,56500.0,56500.0,56400.0,56400.0,20015,0.0,0.0
2025-02-14 10:59:00+09:00,56500.0,56600.0,56400.0,56600.0,62403,0.0,0.0
2025-02-14 11:00:00+09:00,56500.0,56600.0,56500.0,56500.0,9749,0.0,0.0
2025-02-14 11:01:00+09:00,56600.0,56600.0,56400.0,56400.0,66633,0.0,0.0
2025-02-14 11:02:00+09:00,56500.0,56500.0,56400.0,56500.0,7330,0.0,0.0
2025-02-14 11:03:00+09:00,56400.0,56500.0,56400.0,56500.0,14162,0.0,0.0
2025-02-14 11:04:00+09:00,56500.0,56500.0,56400.0,56400.0,8079,0.0,0.0
2025-02-14 11:05:00+09:00,56400.0,56500.0,56400.0,56500.0,51111,0.0,0.0
2025-02-14 11:06:00+09:00,56500.0,56500.0,56400.0,56500.0,14632,0.0,0.0
2025-02-14 11:07:00+09:00,56400.0,56500.0,56400.0,56500.0,14972,0.0,0.0
2025-02-14 11:08:00+09:00,56500.0,56500.0,56400.0,56400.0,19607,0.0,0.0
2025-02-14 11:09:00+09:00,56500.0,56500.0,56400.0,56400.0,10361,0.0,0.0
2025-02-14 11:10:00+09:00,56500.0,56500.0,56400.0,56400.0,11127,0.0,0.0
2025-02-14 11:11:00+09:00,56500.0,56500.0,56400.0,56400.0,16145,0.0,0.0
2025-02-14 11:12:00+09:00,56500.0,56500.0,56400.0,56400.0,28887,0.0,0.0
2025-02-14 11:13:00+09:00,56500.0,56500.0,56400.0,56400.0,16362,0.0,0.0
2025-02-14 11:14:00+09:00,56400.0,56500.0,56400.0,56500.0,24468,0.0,0.0
2025-02-14 11:15:00+09:00,56500.0,56500.0,56400.0,56400.0,11525,0.0,0.0
2025-02-14 11:16:00+09:00,56500.0,56500.0,56400.0,56500.0,25398,0.0,0.0
2025-02-14 11:17:00+09:00,56500.0,56500.0,56400.0,56400.0,18190,0.0,0.0
2025-02-14 11:18:00+09:00,56400.0,56500.0,56400.0,56500.0,12620,0.0,0.0
2025-02-14 11:19:00+09:00,56400.0,56500.0,56300.0,56400.0,258369,0.0,0.0
2025-02-14 11:20:00+09:00,56400.0,56400.0,56300.0,56300.0,13279,0.0,0.0
2025-02-14 11:21:00+09:00,56300.0,56400.0,56300.0,56300.0,17672,0.0,0.0
2025-02-14 11:22:00+09:00,56400.0,56400.0,56300.0,56300.0,86517,0.0,0.0
2025-02-14 11:23:00+09:00,56400.0,56400.0,56300.0,56300.0,16896,0.0,0.0
2025-02-14 11:24:00+09:00,56400.0,56400.0,56300.0,56400.0,12687,0.0,0.0
2025-02-14 11:25:00+09:00,56400.0,56500.0,56300.0,56400.0,235993,0.0,0.0
2025-02-14 11:26:00+09:00,56400.0,56500.0,56400.0,56400.0,26067,0.0,0.0
2025-02-14 11:27:00+09:00,56500.0,56500.0,56300.0,56400.0,24561,0.0,0.0
2025-02-14 11:28:00+09:00,56400.0,56400.0,56300.0,56300.0,12684,0.0,0.0
2025-02-14 11:29:00+09:00,56300.0,56400.0,56300.0,56300.0,10202,0.0,0.0
2025-02-14 11:30:00+09:00,56300.0,56500.0,56300.0,56400.0,67845,0.0,0.0
2025-02-14 11:31:00+09:00,56400.0,56500.0,56300.0,56400.0,34168,0.0,0.0
2025-02-14 11:32:00+09:00,56300.0,56400.0,56300.0,56400.0,10002,0.0,0.0
2025-02-14 11:33:00+09:00,56400.0,56500.0,56300.0,56400.0,45206,0.0,0.0
2025-02-14 11:34:00+09:00,56400.0,56400.0,56300.0,56400.0,11604,0.0,0.0
2025-02-14 11:35:00+09:00,56300.0,56500.0,56300.0,56400.0,33050,0.0,0.0
2025-02-14 11:36:00+09:00,56500.0,56500.0,56400.0,56400.0,6007,0.0,0.0
2025-02-14 11:37:00+09:00,56400.0,56500.0,56400.0,56500.0,32225,0.0,0.0
2025-02-14 11:38:00+09:00,56400.0,56500.0,56400.0,56500.0,34728,0.0,0.0
2025-02-14 11:39:00+09:00,56400.0,56500.0,56400.0,56500.0,32769,0.0,0.0
2025-02-14 11:40:00+09:00,56400.0,56500.0,56400.0,56500.0,8808,0.0,0.0
2025-02-14 11:41:00+09:00,56500.0,56500.0,56400.0,56500.0,9298,0.0,0.0
2025-02-14 11:42:00+09:00,56400.0,56500.0,56400.0,56500.0,29396,0.0,0.0
2025-02-14 11:43:00+09:00,56500.0,56500.0,56400.0,56400.0,15545,0.0,0.0
2025-02-14 11:44:00+09:00,56500.0,56500.0,56400.0,56500.0,12637,0.0,0.0
2025-02-14 11:45:00+09:00,56500.0,56500.0,56400.0,56500.0,9760,0.0,0.0
2025-02-14 11:46:00+09:00,56400.0,56500.0,56400.0,56500.0,47683,0.0,0.0
2025-02-14 11:47:00+09:00,56400.0,56500.0,56400.0,56500.0,43792,0.0,0.0
2025-02-14 11:48:00+09:00,56500.0,56600.0,56400.0,56500.0,19502,0.0,0.0
2025-02-14 11:49:00+09:00,56400.0,56500.0,56400.0,56400.0,12142,0.0,0.0
2025-02-14 11:50:00+09:00,56400.0,56500.0,56400.0,56500.0,6554,0.0,0.0
2025-02-14 11:51:00+09:00,56400.0,56500.0,56400.0,56500.0,8541,0.0,0.0
2025-02-14 11:52:00+09:00,56500.0,56500.0,56400.0,56500.0,9495,0.0,0.0
2025-02-14 11:53:00+09:00,56500.0,56500.0,56400.0,56400.0,57775,0.0,0.0
2025-02-14 11:54:00+09:00,56400.0,56500.0,56400.0,56400.0,9795,0.0,0.0
2025-02-14 11:55:00+09:00,56500.0,56600.0,56400.0,56600.0,60115,0.0,0.0
2025-02-14 11:56:00+09:00,56500.0,56600.0,56500.0,56500.0,24545,0.0,0.0
2025-02-14 11:57:00+09:00,56600.0,56600.0,56500.0,56600.0,9259,0.0,0.0
2025-02-14 11:58:00+09:00,56600.0,56600.0,56500.0,56500.0,8847,0.0,0.0
2025-02-14 11:59:00+09:00,56500.0,56600.0,56500.0,56600.0,20393,0.0,0.0
2025-02-14 12:00:00+09:00,56600.0,56600.0,56500.0,56600.0,8417,0.0,0.0
2025-02-14 12:01:00+09:00,56500.0,56600.0,56500.0,56500.0,10655,0.0,0.0
2025-02-14 12:02:00+09:00,56600.0,56600.0,56500.0,56600.0,10276,0.0,0.0
2025-02-14 12:03:00+09:00,56500.0,56600.0,56500.0,56600.0,16344,0.0,0.0
2025-02-14 12:04:00+09:00,56600.0,56600.0,56500.0,56600.0,12536,0.0,0.0
2025-02-14 12:05:00+09:00,56600.0,56600.0,56500.0,56500.0,16320,0.0,0.0
2025-02-14 12:06:00+09:00,56600.0,56600.0,56500.0,56600.0,17565,0.0,0.0
2025-02-14 12:07:00+09:00,56500.0,56600.0,56500.0,56600.0,35141,0.0,0.0
2025-02-14 12:08:00+09:00,56600.0,56600.0,56500.0,56600.0,18484,0.0,0.0
2025-02-14 12:09:00+09:00,56600.0,56600.0,56500.0,56600.0,6905,0.0,0.0
2025-02-14 12:10:00+09:00,56600.0,56600.0,56400.0,56400.0,245916,0.0,0.0
2025-02-14 12:11:00+09:00,56400.0,56500.0,56300.0,56300.0,24721,0.0,0.0
2025-02-14 12:12:00+09:00,56400.0,56400.0,56300.0,56300.0,9805,0.0,0.0
2025-02-14 12:13:00+09:00,56400.0,56400.0,56300.0,56400.0,12709,0.0,0.0
2025-02-14 12:14:00+09:00,56300.0,56400.0,56300.0,56300.0,14849,0.0,0.0
2025-02-14 12:15:00+09:00,56400.0,56400.0,56300.0,56400.0,6780,0.0,0.0
2025-02-14 12:16:00+09:00,56400.0,56400.0,56300.0,56400.0,9629,0.0,0.0
2025-02-14 12:17:00+09:00,56300.0,56400.0,56300.0,56400.0,10032,0.0,0.0
2025-02-14 12:18:00+09:00,56400.0,56400.0,56300.0,56400.0,10776,0.0,0.0
2025-02-14 12:19:00+09:00,56400.0,56400.0,56300.0,56300.0,21266,0.0,0.0
2025-02-14 12:20:00+09:00,56400.0,56400.0,56300.0,56300.0,15267,0.0,0.0
2025-02-14 12:21:00+09:00,56400.0,56400.0,56300.0,56400.0,29962,0.0,0.0
2025-02-14 12:22:00+09:00,56400.0,56400.0,56300.0,56300.0,20107,0.0,0.0
2025-02-14 12:23:00+09:00,56400.0,56400.0,56300.0,56400.0,13629,0.0,0.0
2025-02-14 12:24:00+09:00,56300.0,56400.0,56300.0,56400.0,15470,0.0,0.0
2025-02-14 12:25:00+09:00,56300.0,56400.0,56300.0,56300.0,9156,0.0,0.0
2025-02-14 12:26:00+09:00,56300.0,56400.0,56300.0,56400.0,15026,0.0,0.0
2025-02-14 12:27:00+09:00,56300.0,56400.0,56300.0,56300.0,15258,0.0,0.0
2025-02-14 12:28:00+09:00,56400.0,56400.0,56300.0,56300.0,15718,0.0,0.0
2025-02-14 12:29:00+09:00,56300.0,56400.0,56300.0,56400.0,12347,0.0,0.0
2025-02-14 12:30:00+09:00,56400.0,56400.0,56300.0,56300.0,11506,0.0,0.0
2025-02-14 12:31:00+09:00,56300.0,56400.0,56300.0,56300.0,9790,0.0,0.0
2025-02-14 12:32:00+09:00,56300.0,56400.0,56300.0,56300.0,21438,0.0,0.0
2025-02-14 12:33:00+09:00,56300.0,56400.0,56300.0,56300.0,13506,0.0,0.0
2025-02-14 12:34:00+09:00,56300.0,56400.0,56300.0,56400.0,11860,0.0,0.0
2025-02-14 12:35:00+09:00,56400.0,56400.0,56300.0,56400.0,9906,0.0,0.0
2025-02-14 12:36:00+09:00,56300.0,56400.0,56300.0,56300.0,8781,0.0,0.0
2025-02-14 12:37:00+09:00,56400.0,56400.0,56300.0,56400.0,8643,0.0,0.0
2025-02-14 12:38:00+09:00,56400.0,56500.0,56300.0,56500.0,170284,0.0,0.0
2025-02-14 12:39:00+09:00,56400.0,56500.0,56300.0,56300.0,60356,0.0,0.0
2025-02-14 12:40:00+09:00,56400.0,56400.0,56300.0,56400.0,14875,0.0,0.0
2025-02-14 12:41:00+09:00,56400.0,56400.0,56300.0,56300.0,8887,0.0,0.0
2025-02-14 12:42:00+09:00,56300.0,56400.0,56300.0,56300.0,11966,0.0,0.0
2025-02-14 12:43:00+09:00,56400.0,56400.0,56300.0,56400.0,11760,0.0,0.0
2025-02-14 12:44:00+09:00,56400.0,56400.0,56300.0,56400.0,11156,0.0,0.0
2025-02-14 12:45:00+09:00,56400.0,56400.0,56300.0,56400.0,7879,0.0,0.0
2025-02-14 12:46:00+09:00,56300.0,56400.0,56300.0,56400.0,32387,0.0,0.0
2025-02-14 12:47:00+09:00,56400.0,56400.0,56300.0,56300.0,33022,0.0,0.0
2025-02-14 12:48:00+09:00,56300.0,56500.0,56300.0,56400.0,34704,0.0,0.0
2025-02-14 12:49:00+09:00,56300.0,56400.0,56300.0,56300.0,16975,0.0,0.0
2025-02-14 12:50:00+09:00,56400.0,56400.0,56300.0,56300.0,15750,0.0,0.0
2025-02-14 12:51:00+09:00,56400.0,56400.0,56300.0,56300.0,22120,0.0,0.0
2025-02-14 12:52:00+09:00,56400.0,56400.0,56300.0,56300.0,12455,0.0,0.0
2025-02-14 12:53:00+09:00,56400.0,56400.0,56300.0,56400.0,9529,0.0,0.0
2025-02-14 12:54:00+09:00,56300.0,56400.0,56300.0,56400.0,10160,0.0,0.0
2025-02-14 12:55:00+09:00,56300.0,56400.0,56300.0,56300.0,10515,0.0,0.0
2025-02-14 12:56:00+09:00,56300.0,56400.0,56300.0,56300.0,11544,0.0,0.0
2025-02-14 12:57:00+09:00,56400.0,56400.0,56300.0,56400.0,23605,0.0,0.0
2025-02-14 12:58:00+09:00,56400.0,56400.0,56300.0,56300.0,27173,0.0,0.0
2025-02-14 12:59:00+09:00,56400.0,56400.0,56300.0,56300.0,7660,0.0,0.0
2025-02-14 13:00:00+09:00,56400.0,56400.0,56300.0,56400.0,8883,0.0,0.0
2025-02-14 13:01:00+09:00,56300.0,56400.0,56300.0,56400.0,22932,0.0,0.0
2025-02-14 13:02:00+09:00,56400.0,56400.0,56300.0,56400.0,32032,0.0,0.0
2025-02-14 13:03:00+09:00,56300.0,56400.0,56300.0,56400.0,11181,0.0,0.0
2025-02-14 13:04:00+09:00,56300.0,56400.0,56300.0,56300.0,10936,0.0,0.0
2025-02-14 13:05:00+09:00,56400.0,56400.0,56300.0,56400.0,8341,0.0,0.0
2025-02-14 13:06:00+09:00,56400.0,56400.0,56300.0,56400.0,8982,0.0,0.0
2025-02-14 13:07:00+09:00,56400.0,56400.0,56300.0,56400.0,14322,0.0,0.0
2025-02-14 13:08:00+09:00,56400.0,56400.0,56300.0,56400.0,12838,0.0,0.0
2025-02-14 13:09:00+09:00,56300.0,56400.0,56300.0,56300.0,14117,0.0,0.0
2025-02-14 13:10:00+09:00,56300.0,56400.0,56300.0,56400.0,11878,0.0,0.0
2025-02-14 13:11:00+09:00,56400.0,56400.0,56300.0,56400.0,13739,0.0,0.0
2025-02-14 13:12:00+09:00,56400.0,56400.0,56300.0,56400.0,10590,0.0,0.0
2025-02-14 13:13:00+09:00,56400.0,56400.0,56300.0,56300.0,15887,0.0,0.0
2025-02-14 13:14:00+09:00,56300.0,56400.0,56300.0,56400.0,16567,0.0,0.0
2025-02-14 13:15:00+09:00,56300.0,56400.0,56300.0,56400.0,11439,0.0,0.0
2025-02-14 13:16:00+09:00,56400.0,56400.0,56300.0,56400.0,81153,0.0,0.0
2025-02-14 13:17:00+09:00,56300.0,56400.0,56300.0,56400.0,22046,0.0,0.0
2025-02-14 13:18:00+09:00,56400.0,56400.0,56300.0,56300.0,24767,0.0,0.0
2025-02-14 13:19:00+09:00,56400.0,56400.0,56300.0,56300.0,7931,0.0,0.0
2025-02-14 13:20:00+09:00,56400.0,56400.0,56300.0,56400.0,28352,0.0,0.0
2025-02-14 13:21:00+09:00,56300.0,56400.0,56300.0,56400.0,8358,0.0,0.0
2025-02-14 13:22:00+09:00,56300.0,56400.0,56300.0,56400.0,11124,0.0,0.0
2025-02-14 13:23:00+09:00,56300.0,56400.0,56300.0,56400.0,16128,0.0,0.0
2025-02-14 13:24:00+09:00,56400.0,56400.0,56200.0,56300.0,309355,0.0,0.0
2025-02-14 13:25:00+09:00,56200.0,56300.0,56100.0,56200.0,196870,0.0,0.0
2025-02-14 13:26:00+09:00,56200.0,56200.0,56100.0,56100.0,22748,0.0,0.0
2025-02-14 13:27:00+09:00,56100.0,56300.0,56100.0,56200.0,151573,0.0,0.0
2025-02-14 13:28:00+09:00,56300.0,56300.0,56200.0,56300.0,10382,0.0,0.0
2025-02-14 13:29:00+09:00,56200.0,56300.0,56200.0,56300.0,12695,0.0,0.0
2025-02-14 13:30:00+09:00,56300.0,56300.0,56100.0,56200.0,103992,0.0,0.0
2025-02-14 13:31:00+09:00,56200.0,56200.0,56100.0,56200.0,115737,0.0,0.0
2025-02-14 13:32:00+09:00,56200.0,56300.0,56100.0,56300.0,84383,0.0,0.0
2025-02-14 13:33:00+09:00,56200.0,56300.0,56200.0,56300.0,7851,0.0,0.0
2025-02-14 13:34:00+09:00,56200.0,56300.0,56200.0,56300.0,16889,0.0,0.0
2025-02-14 13:35:00+09:00,56300.0,56300.0,56200.0,56200.0,23937,0.0,0.0
2025-02-14 13:36:00+09:00,56200.0,56300.0,56200.0,56200.0,20330,0.0,0.0
2025-02-14 13:37:00+09:00,56300.0,56300.0,56200.0,56300.0,9998,0.0,0.0
2025-02-14 13:38:00+09:00,56300.0,56300.0,56200.0,56200.0,9955,0.0,0.0
2025-02-14 13:39:00+09:00,56300.0,56300.0,56200.0,56200.0,7554,0.0,0.0
2025-02-14 13:40:00+09:00,56200.0,56300.0,56200.0,56300.0,9404,0.0,0.0
2025-02-14 13:41:00+09:00,56200.0,56300.0,56200.0,56200.0,11055,0.0,0.0
2025-02-14 13:42:00+09:00,56200.0,56300.0,56200.0,56300.0,13123,0.0,0.0
2025-02-14 13:43:00+09:00,56300.0,56300.0,56200.0,56300.0,17320,0.0,0.0
2025-02-14 13:44:00+09:00,56200.0,56300.0,56200.0,56300.0,8826,0.0,0.0
2025-02-14 13:45:00+09:00,56200.0,56300.0,56200.0,56300.0,9735,0.0,0.0
2025-02-14 13:46:00+09:00,56200.0,56300.0,56200.0,56200.0,11552,0.0,0.0
2025-02-14 13:47:00+09:00,56200.0,56300.0,56200.0,56300.0,19707,0.0,0.0
2025-02-14 13:48:00+09:00,56300.0,56300.0,56200.0,56300.0,8273,0.0,0.0
2025-02-14 13:49:00+09:00,56200.0,56300.0,56200.0,56300.0,18063,0.0,0.0
2025-02-14 13:50:00+09:00,56300.0,56300.0,56200.0,56300.0,11786,0.0,0.0
2025-02-14 13:51:00+09:00,56200.0,56300.0,56200.0,56300.0,13328,0.0,0.0
2025-02-14 13:52:00+09:00,56300.0,56300.0,56100.0,56100.0,139757,0.0,0.0
2025-02-14 13:53:00+09:00,56100.0,56300.0,56100.0,56200.0,170644,0.0,0.0
2025-02-14 13:54:00+09:00,56200.0,56300.0,56200.0,56300.0,74603,0.0,0.0
2025-02-14 13:55:00+09:00,56300.0,56300.0,56200.0,56200.0,12927,0.0,0.0
2025-02-14 13:56:00+09:00,56200.0,56300.0,56200.0,56300.0,14056,0.0,0.0
2025-02-14 13:57:00+09:00,56300.0,56300.0,56200.0,56300.0,22811,0.0,0.0
2025-02-14 13:58:00+09:00,56300.0,56300.0,56200.0,56200.0,23734,0.0,0.0
2025-02-14 13:59:00+09:00,56300.0,56300.0,56200.0,56300.0,12830,0.0,0.0
2025-02-14 14:00:00+09:00,56200.0,56300.0,56200.0,56200.0,8203,0.0,0.0
2025-02-14 14:01:00+09:00,56300.0,56300.0,56200.0,56200.0,7543,0.0,0.0
2025-02-14 14:02:00+09:00,56200.0,56300.0,56200.0,56300.0,15282,0.0,0.0
2025-02-14 14:03:00+09:00,56200.0,56400.0,56200.0,56300.0,220293,0.0,0.0
2025-02-14 14:04:00+09:00,56300.0,56400.0,56300.0,56400.0,17784,0.0,0.0
2025-02-14 14:05:00+09:00,56300.0,56400.0,56300.0,56300.0,15743,0.0,0.0
2025-02-14 14:06:00+09:00,56300.0,56400.0,56300.0,56400.0,11460,0.0,0.0
2025-02-14 14:07:00+09:00,56400.0,56400.0,56300.0,56400.0,10787,0.0,0.0
2025-02-14 14:08:00+09:00,56400.0,56400.0,56300.0,56400.0,15471,0.0,0.0
2025-02-14 14:09:00+09:00,56400.0,56400.0,56300.0,56300.0,12332,0.0,0.0
2025-02-14 14:10:00+09:00,56300.0,56400.0,56300.0,56300.0,13731,0.0,0.0
2025-02-14 14:11:00+09:00,56400.0,56400.0,56300.0,56400.0,8862,0.0,0.0
2025-02-14 14:12:00+09:00,56400.0,56400.0,56300.0,56300.0,9682,0.0,0.0
2025-02-14 14:13:00+09:00,56400.0,56400.0,56200.0,56400.0,210324,0.0,0.0
2025-02-14 14:14:00+09:00,56300.0,56400.0,56300.0,56400.0,36584,0.0,0.0
2025-02-14 14:15:00+09:00,56400.0,56400.0,56300.0,56400.0,7259,0.0,0.0
2025-02-14 14:16:00+09:00,56400.0,56400.0,56200.0,56300.0,120564,0.0,0.0
2025-02-14 14:17:00+09:00,56300.0,56300.0,56200.0,56300.0,11614,0.0,0.0
2025-02-14 14:18:00+09:00,56300.0,56300.0,56200.0,56300.0,168016,0.0,0.0
2025-02-14 14:19:00+09:00,56300.0,56300.0,56200.0,56200.0,14240,0.0,0.0
2025-02-14 14:20:00+09:00,56200.0,56300.0,56200.0,56300.0,9803,0.0,0.0
2025-02-14 14:21:00+09:00,56200.0,56300.0,56200.0,56200.0,17022,0.0,0.0
2025-02-14 14:22:00+09:00,56300.0,56300.0,56200.0,56200.0,13829,0.0,0.0
2025-02-14 14:23:00+09:00,56200.0,56300.0,56200.0,56300.0,10176,0.0,0.0
2025-02-14 14:24:00+09:00,56300.0,56300.0,56200.0,56200.0,12874,0.0,0.0
2025-02-14 14:25:00+09:00,56200.0,56300.0,56200.0,56200.0,28947,0.0,0.0
2025-02-14 14:26:00+09:00,56200.0,56300.0,56100.0,56200.0,364732,0.0,0.0
2025-02-14 14:27:00+09:00,56300.0,56300.0,56200.0,56200.0,22061,0.0,0.0
2025-02-14 14:28:00+09:00,56200.0,56300.0,56100.0,56200.0,50030,0.0,0.0
2025-02-14 14:29:00+09:00,56200.0,56200.0,56100.0,56200.0,32506,0.0,0.0
2025-02-14 14:30:00+09:00,56200.0,56200.0,56100.0,56200.0,21993,0.0,0.0
2025-02-14 14:31:00+09:00,56200.0,56200.0,56100.0,56100.0,20550,0.0,0.0
2025-02-14 14:32:00+09:00,56100.0,56200.0,56100.0,56200.0,24123,0.0,0.0
2025-02-14 14:33:00+09:00,56100.0,56200.0,56100.0,56200.0,18161,0.0,0.0
2025-02-14 14:34:00+09:00,56200.0,56200.0,56100.0,56200.0,28251,0.0,0.0
2025-02-14 14:35:00+09:00,56200.0,56200.0,56100.0,56100.0,12463,0.0,0.0
2025-02-14 14:36:00+09:00,56200.0,56200.0,56100.0,56200.0,75768,0.0,0.0
2025-02-14 14:37:00+09:00,56200.0,56200.0,56100.0,56100.0,16118,0.0,0.0
2025-02-14 14:38:00+09:00,56100.0,56200.0,56100.0,56200.0,16387,0.0,0.0
2025-02-14 14:39:00+09:00,56100.0,56200.0,56100.0,56100.0,25474,0.0,0.0
2025-02-14 14:40:00+09:00,56100.0,56200.0,56100.0,56200.0,14748,0.0,0.0
2025-02-14 14:41:00+09:00,56200.0,56200.0,56100.0,56200.0,25394,0.0,0.0
2025-02-14 14:42:00+09:00,56100.0,56200.0,56100.0,56100.0,65046,0.0,0.0
2025-02-14 14:43:00+09:00,56100.0,56200.0,56100.0,56100.0,13768,0.0,0.0
2025-02-14 14:44:00+09:00,56200.0,56200.0,56100.0,56200.0,11671,0.0,0.0
2025-02-14 14:45:00+09:00,56100.0,56200.0,56100.0,56100.0,14563,0.0,0.0
2025-02-14 14:46:00+09:00,56100.0,56200.0,56100.0,56100.0,15300,0.0,0.0
2025-02-14 14:47:00+09:00,56100.0,56200.0,56100.0,56200.0,23318,0.0,0.0
2025-02-14 14:48:00+09:00,56200.0,56200.0,56100.0,56200.0,18117,0.0,0.0
2025-02-14 14:49:00+09:00,56100.0,56200.0,56100.0,56100.0,23972,0.0,0.0
2025-02-14 14:50:00+09:00,56100.0,56200.0,56100.0,56200.0,17646,0.0,0.0
2025-02-14 14:51:00+09:00,56100.0,56200.0,56100.0,56100.0,21942,0.0,0.0
2025-02-14 14:52:00+09:00,56100.0,56200.0,56100.0,56200.0,18793,0.0,0.0
2025-02-14 14:53:00+09:00,56100.0,56200.0,56100.0,56200.0,13457,0.0,0.0
2025-02-14 14:54:00+09:00,56200.0,56200.0,56100.0,56200.0,16060,0.0,0.0
2025-02-14 14:55:00+09:00,56100.0,56200.0,56100.0,56200.0,21431,0.0,0.0
2025-02-14 14:56:00+09:00,56200.0,56200.0,56100.0,56200.0,15137,0.0,0.0
2025-02-14 14:57:00+09:00,56200.0,56200.0,56100.0,56200.0,40876,0.0,0.0
2025-02-14 14:58:00+09:00,56200.0,56200.0,56100.0,56100.0,19317,0.0,0.0
2025-02-14 14:59:00+09:00,56100.0,56200.0,56100.0,56200.0,36616,0.0,0.0
2025-02-17 09:00:00+09:00,56100.0,56300.0,56100.0,56200.0,0,0.0,0.0
2025-02-17 09:01:00+09:00,56200.0,56300.0,56200.0,56300.0,87694,0.0,0.0
2025-02-17 09:02:00+09:00,56300.0,56500.0,56200.0,56500.0,254777,0.0,0.0
2025-02-17 09:03:00+09:00,56500.0,56500.0,56400.0,56500.0,51856,0.0,0.0
2025-02-17 09:04:00+09:00,56500.0,56500.0,56300.0,56400.0,154936,0.0,0.0
2025-02-17 09:05:00+09:00,56400.0,56400.0,56300.0,56400.0,90168,0.0,0.0
2025-02-17 09:06:00+09:00,56300.0,56400.0,56300.0,56300.0,34998,0.0,0.0
2025-02-17 09:07:00+09:00,56400.0,56400.0,56300.0,56300.0,47069,0.0,0.0
2025-02-17 09:08:00+09:00,56400.0,56400.0,56300.0,56300.0,43303,0.0,0.0
2025-02-17 09:09:00+09:00,56400.0,56400.0,56200.0,56300.0,131048,0.0,0.0
2025-02-17 09:10:00+09:00,56300.0,56300.0,56100.0,56100.0,143868,0.0,0.0
2025-02-17 09:11:00+09:00,56200.0,56200.0,56000.0,56100.0,136635,0.0,0.0
2025-02-17 09:12:00+09:00,56100.0,56100.0,55900.0,56000.0,230332,0.0,0.0
2025-02-17 09:13:00+09:00,56000.0,56000.0,55900.0,56000.0,126851,0.0,0.0
2025-02-17 09:14:00+09:00,55900.0,56000.0,55900.0,55900.0,40355,0.0,0.0
2025-02-17 09:15:00+09:00,56000.0,56000.0,55800.0,55900.0,139020,0.0,0.0
2025-02-17 09:16:00+09:00,55800.0,56000.0,55800.0,55900.0,115960,0.0,0.0
2025-02-17 09:17:00+09:00,55900.0,56000.0,55900.0,56000.0,38237,0.0,0.0
2025-02-17 09:18:00+09:00,56000.0,56000.0,55900.0,56000.0,31844,0.0,0.0
2025-02-17 09:19:00+09:00,55900.0,56000.0,55800.0,55900.0,119316,0.0,0.0
2025-02-17 09:20:00+09:00,55900.0,55900.0,55800.0,55900.0,29580,0.0,0.0
2025-02-17 09:21:00+09:00,55800.0,55900.0,55700.0,55800.0,183963,0.0,0.0
2025-02-17 09:22:00+09:00,55800.0,55800.0,55700.0,55700.0,38835,0.0,0.0
2025-02-17 09:23:00+09:00,55800.0,55800.0,55700.0,55700.0,38025,0.0,0.0
2025-02-17 09:24:00+09:00,55700.0,55800.0,55700.0,55700.0,15016,0.0,0.0
2025-02-17 09:25:00+09:00,55700.0,55800.0,55700.0,55800.0,12807,0.0,0.0
2025-02-17 09:26:00+09:00,55800.0,55800.0,55700.0,55800.0,54958,0.0,0.0
2025-02-17 09:27:00+09:00,55700.0,55800.0,55700.0,55700.0,26105,0.0,0.0
2025-02-17 09:28:00+09:00,55800.0,55800.0,55700.0,55700.0,38716,0.0,0.0
2025-02-17 09:29:00+09:00,55800.0,55800.0,55700.0,55700.0,15692,0.0,0.0
2025-02-17 09:30:00+09:00,55800.0,55900.0,55700.0,55900.0,125106,0.0,0.0
2025-02-17 09:31:00+09:00,55900.0,56000.0,55800.0,56000.0,72801,0.0,0.0
2025-02-17 09:32:00+09:00,56000.0,56000.0,55900.0,56000.0,12408,0.0,0.0
2025-02-17 09:33:00+09:00,56000.0,56000.0,55900.0,55900.0,14767,0.0,0.0
2025-02-17 09:34:00+09:00,55900.0,56000.0,55900.0,55900.0,14906,0.0,0.0
2025-02-17 09:35:00+09:00,56000.0,56200.0,55900.0,56100.0,309008,0.0,0.0
2025-02-17 09:36:00+09:00,56100.0,56200.0,56100.0,56200.0,33304,0.0,0.0
2025-02-17 09:37:00+09:00,56200.0,56200.0,56100.0,56200.0,21535,0.0,0.0
2025-02-17 09:38:00+09:00,56200.0,56200.0,56100.0,56200.0,24779,0.0,0.0
2025-02-17 09:39:00+09:00,56200.0,56200.0,56100.0,56100.0,23827,0.0,0.0
2025-02-17 09:40:00+09:00,56200.0,56200.0,56100.0,56100.0,12054,0.0,0.0
2025-02-17 09:41:00+09:00,56200.0,56200.0,56000.0,56100.0,143099,0.0,0.0
2025-02-17 09:42:00+09:00,56100.0,56100.0,56000.0,56000.0,12659,0.0,0.0
2025-02-17 09:43:00+09:00,56100.0,56100.0,56000.0,56100.0,7612,0.0,0.0
2025-02-17 09:44:00+09:00,56100.0,56100.0,56000.0,56100.0,10707,0.0,0.0
2025-02-17 09:45:00+09:00,56100.0,56100.0,55900.0,55900.0,134380,0.0,0.0
2025-02-17 09:46:00+09:00,56000.0,56000.0,55900.0,55900.0,7348,0.0,0.0
2025-02-17 09:47:00+09:00,56000.0,56000.0,55900.0,55900.0,22298,0.0,0.0
2025-02-17 09:48:00+09:00,55900.0,56000.0,55900.0,56000.0,7714,0.0,0.0
2025-02-17 09:49:00+09:00,56000.0,56000.0,55900.0,56000.0,10311,0.0,0.0
2025-02-17 09:50:00+09:00,56000.0,56000.0,55900.0,55900.0,6593,0.0,0.0
2025-02-17 09:51:00+09:00,56000.0,56000.0,55900.0,55900.0,5820,0.0,0.0
2025-02-17 09:52:00+09:00,55900.0,56000.0,55900.0,55900.0,7866,0.0,0.0
2025-02-17 09:53:00+09:00,55900.0,56000.0,55900.0,56000.0,10794,0.0,0.0
2025-02-17 09:54:00+09:00,56000.0,56000.0,55900.0,56000.0,8434,0.0,0.0
2025-02-17 09:55:00+09:00,56000.0,56000.0,55900.0,55900.0,12396,0.0,0.0
2025-02-17 09:56:00+09:00,55900.0,56000.0,55900.0,55900.0,15013,0.0,0.0
2025-02-17 09:57:00+09:00,56000.0,56000.0,55900.0,56000.0,8965,0.0,0.0
2025-02-17 09:58:00+09:00,56000.0,56000.0,55900.0,55900.0,6651,0.0,0.0
2025-02-17 09:59:00+09:00,55900.0,56000.0,55800.0,55800.0,143077,0.0,0.0
2025-02-17 10:00:00+09:00,55900.0,55900.0,55800.0,55900.0,51214,0.0,0.0
2025-02-17 10:01:00+09:00,55900.0,55900.0,55800.0,55900.0,22864,0.0,0.0
2025-02-17 10:02:00+09:00,55800.0,55900.0,55800.0,55900.0,11173,0.0,0.0
2025-02-17 10:03:00+09:00,55800.0,56000.0,55800.0,56000.0,106196,0.0,0.0
2025-02-17 10:04:00+09:00,55900.0,56000.0,55900.0,56000.0,61485,0.0,0.0
2025-02-17 10:05:00+09:00,55900.0,56000.0,55900.0,56000.0,13298,0.0,0.0
2025-02-17 10:06:00+09:00,56000.0,56000.0,55900.0,56000.0,9788,0.0,0.0
2025-02-17 10:07:00+09:00,55900.0,56000.0,55900.0,56000.0,8375,0.0,0.0
2025-02-17 10:08:00+09:00,56000.0,56000.0,55900.0,56000.0,5644,0.0,0.0
2025-02-17 10:09:00+09:00,56000.0,56000.0,55900.0,56000.0,43501,0.0,0.0
2025-02-17 10:10:00+09:00,56000.0,56000.0,55900.0,55900.0,16866,0.0,0.0
2025-02-17 10:11:00+09:00,55900.0,56000.0,55800.0,55900.0,86193,0.0,0.0
2025-02-17 10:12:00+09:00,55900.0,56000.0,55800.0,55900.0,98032,0.0,0.0
2025-02-17 10:13:00+09:00,56000.0,56000.0,55900.0,55900.0,2504,0.0,0.0
2025-02-17 10:14:00+09:00,56000.0,56000.0,55900.0,56000.0,4926,0.0,0.0
2025-02-17 10:15:00+09:00,56000.0,56000.0,55900.0,55900.0,6063,0.0,0.0
2025-02-17 10:16:00+09:00,55900.0,56000.0,55900.0,56000.0,6544,0.0,0.0
2025-02-17 10:17:00+09:00,56000.0,56000.0,55900.0,56000.0,26689,0.0,0.0
2025-02-17 10:18:00+09:00,55900.0,56000.0,55900.0,56000.0,7343,0.0,0.0
2025-02-17 10:19:00+09:00,56000.0,56000.0,55900.0,56000.0,6538,0.0,0.0
2025-02-17 10:20:00+09:00,56000.0,56000.0,55800.0,55800.0,145110,0.0,0.0
2025-02-17 10:21:00+09:00,55900.0,55900.0,55800.0,55800.0,17258,0.0,0.0
2025-02-17 10:22:00+09:00,55900.0,55900.0,55800.0,55800.0,8617,0.0,0.0
2025-02-17 10:23:00+09:00,55900.0,55900.0,55800.0,55800.0,8860,0.0,0.0
2025-02-17 10:24:00+09:00,55900.0,55900.0,55800.0,55800.0,13074,0.0,0.0
2025-02-17 10:25:00+09:00,55900.0,55900.0,55800.0,55800.0,17621,0.0,0.0
2025-02-17 10:26:00+09:00,55800.0,55900.0,55800.0,55800.0,8228,0.0,0.0
2025-02-17 10:27:00+09:00,55800.0,55900.0,55800.0,55900.0,8699,0.0,0.0
2025-02-17 10:28:00+09:00,55900.0,56000.0,55800.0,55900.0,115573,0.0,0.0
2025-02-17 10:29:00+09:00,55900.0,56000.0,55900.0,56000.0,9099,0.0,0.0
2025-02-17 10:30:00+09:00,56000.0,56000.0,55800.0,55900.0,48220,0.0,0.0
2025-02-17 10:31:00+09:00,55900.0,56000.0,55800.0,56000.0,64486,0.0,0.0
2025-02-17 10:32:00+09:00,56000.0,56200.0,56000.0,56100.0,187045,0.0,0.0
2025-02-17 10:33:00+09:00,56100.0,56200.0,56100.0,56100.0,11820,0.0,0.0
2025-02-17 10:34:00+09:00,56200.0,56200.0,56000.0,56100.0,91845,0.0,0.0
2025-02-17 10:35:00+09:00,56100.0,56100.0,56000.0,56000.0,8454,0.0,0.0
2025-02-17 10:36:00+09:00,56000.0,56100.0,56000.0,56100.0,17761,0.0,0.0
2025-02-17 10:37:00+09:00,56000.0,56100.0,55900.0,56000.0,102072,0.0,0.0
2025-02-17 10:38:00+09:00,56100.0,56100.0,56000.0,56100.0,16966,0.0,0.0
2025-02-17 10:39:00+09:00,56000.0,56100.0,56000.0,56100.0,6867,0.0,0.0
2025-02-17 10:40:00+09:00,56100.0,56100.0,56000.0,56000.0,14468,0.0,0.0
2025-02-17 10:41:00+09:00,56000.0,56100.0,56000.0,56100.0,13053,0.0,0.0
2025-02-17 10:42:00+09:00,56100.0,56100.0,56000.0,56100.0,14389,0.0,0.0
2025-02-17 10:43:00+09:00,56100.0,56100.0,55900.0,56000.0,25216,0.0,0.0
2025-02-17 10:44:00+09:00,56000.0,56100.0,55900.0,56000.0,29438,0.0,0.0
2025-02-17 10:45:00+09:00,56000.0,56100.0,55900.0,56000.0,14531,0.0,0.0
2025-02-17 10:46:00+09:00,55900.0,56000.0,55900.0,55900.0,4022,0.0,0.0
2025-02-17 10:47:00+09:00,55900.0,56000.0,55900.0,55900.0,5982,0.0,0.0
2025-02-17 10:48:00+09:00,56000.0,56000.0,55900.0,56000.0,5479,0.0,0.0
2025-02-17 10:49:00+09:00,55900.0,56000.0,55900.0,55900.0,9536,0.0,0.0
2025-02-17 10:50:00+09:00,55900.0,56000.0,55900.0,56000.0,6553,0.0,0.0
2025-02-17 10:51:00+09:00,56000.0,56000.0,55900.0,55900.0,7822,0.0,0.0
2025-02-17 10:52:00+09:00,55900.0,56000.0,55900.0,55900.0,6318,0.0,0.0
2025-02-17 10:53:00+09:00,55900.0,56000.0,55900.0,55900.0,6728,0.0,0.0
2025-02-17 10:54:00+09:00,56000.0,56000.0,55900.0,55900.0,6146,0.0,0.0
2025-02-17 10:55:00+09:00,55900.0,56000.0,55900.0,56000.0,7675,0.0,0.0
2025-02-17 10:56:00+09:00,55900.0,56000.0,55800.0,55900.0,131119,0.0,0.0
2025-02-17 10:57:00+09:00,55900.0,55900.0,55800.0,55900.0,10890,0.0,0.0
2025-02-17 10:58:00+09:00,55900.0,56000.0,55800.0,55900.0,34267,0.0,0.0
2025-02-17 10:59:00+09:00,55900.0,56000.0,55800.0,55900.0,17314,0.0,0.0
2025-02-17 11:00:00+09:00,55900.0,56000.0,55900.0,55900.0,8724,0.0,0.0
2025-02-17 11:01:00+09:00,56000.0,56000.0,55900.0,55900.0,3494,0.0,0.0
2025-02-17 11:02:00+09:00,55900.0,56000.0,55900.0,56000.0,4592,0.0,0.0
2025-02-17 11:03:00+09:00,55900.0,56000.0,55900.0,55900.0,8169,0.0,0.0
2025-02-17 11:04:00+09:00,56000.0,56000.0,55900.0,56000.0,9587,0.0,0.0
2025-02-17 11:05:00+09:00,55900.0,56000.0,55800.0,56000.0,143697,0.0,0.0
2025-02-17 11:06:00+09:00,56000.0,56000.0,55900.0,55900.0,6054,0.0,0.0
2025-02-17 11:07:00+09:00,55900.0,56200.0,55900.0,56100.0,386505,0.0,0.0
2025-02-17 11:08:00+09:00,56100.0,56200.0,56100.0,56200.0,15036,0.0,0.0
2025-02-17 11:09:00+09:00,56200.0,56200.0,56100.0,56100.0,6641,0.0,0.0
2025-02-17 11:10:00+09:00,56200.0,56300.0,56100.0,56200.0,225757,0.0,0.0
2025-02-17 11:11:00+09:00,56200.0,56200.0,56100.0,56200.0,29330,0.0,0.0
2025-02-17 11:12:00+09:00,56200.0,56200.0,56100.0,56200.0,17397,0.0,0.0
2025-02-17 11:13:00+09:00,56100.0,56200.0,56100.0,56200.0,5738,0.0,0.0
2025-02-17 11:14:00+09:00,56100.0,56300.0,56100.0,56200.0,101547,0.0,0.0
2025-02-17 11:15:00+09:00,56200.0,56200.0,56100.0,56200.0,11596,0.0,0.0
2025-02-17 11:16:00+09:00,56200.0,56200.0,56100.0,56200.0,8162,0.0,0.0
2025-02-17 11:17:00+09:00,56200.0,56200.0,56100.0,56200.0,20490,0.0,0.0
2025-02-17 11:18:00+09:00,56200.0,56200.0,56100.0,56200.0,7721,0.0,0.0
2025-02-17 11:19:00+09:00,56200.0,56200.0,56100.0,56100.0,9733,0.0,0.0
2025-02-17 11:20:00+09:00,56200.0,56200.0,56100.0,56200.0,16676,0.0,0.0
2025-02-17 11:21:00+09:00,56200.0,56200.0,56100.0,56100.0,8703,0.0,0.0
2025-02-17 11:22:00+09:00,56200.0,56200.0,56100.0,56200.0,3824,0.0,0.0
2025-02-17 11:23:00+09:00,56200.0,56200.0,56100.0,56100.0,8863,0.0,0.0
2025-02-17 11:24:00+09:00,56100.0,56200.0,56100.0,56100.0,36774,0.0,0.0
2025-02-17 11:25:00+09:00,56100.0,56200.0,56000.0,56100.0,16880,0.0,0.0
2025-02-17 11:26:00+09:00,56100.0,56100.0,56000.0,56000.0,6053,0.0,0.0
2025-02-17 11:27:00+09:00,56000.0,56100.0,56000.0,56100.0,6006,0.0,0.0
2025-02-17 11:28:00+09:00,56000.0,56100.0,56000.0,56000.0,5709,0.0,0.0
2025-02-17 11:29:00+09:00,56100.0,56200.0,56000.0,56200.0,75949,0.0,0.0
2025-02-17 11:30:00+09:00,56100.0,56200.0,56000.0,56100.0,15818,0.0,0.0
2025-02-17 11:31:00+09:00,56100.0,56100.0,56000.0,56000.0,3602,0.0,0.0
2025-02-17 11:32:00+09:00,56000.0,56100.0,56000.0,56000.0,5454,0.0,0.0
2025-02-17 11:33:00+09:00,56000.0,56100.0,56000.0,56000.0,6625,0.0,0.0
2025-02-17 11:34:00+09:00,56000.0,56100.0,56000.0,56000.0,10310,0.0,0.0
2025-02-17 11:35:00+09:00,56100.0,56100.0,56000.0,56000.0,5712,0.0,0.0
2025-02-17 11:36:00+09:00,56000.0,56100.0,56000.0,56100.0,8339,0.0,0.0
2025-02-17 11:37:00+09:00,56100.0,56100.0,56000.0,56100.0,13018,0.0,0.0
2025-02-17 11:38:00+09:00,56000.0,56100.0,56000.0,56000.0,5913,0.0,0.0
2025-02-17 11:39:00+09:00,56000.0,56100.0,56000.0,56000.0,7863,0.0,0.0
2025-02-17 11:40:00+09:00,56100.0,56100.0,56000.0,56000.0,4546,0.0,0.0
2025-02-17 11:41:00+09:00,56100.0,56100.0,56000.0,56000.0,3380,0.0,0.0
2025-02-17 11:42:00+09:00,56000.0,56100.0,56000.0,56000.0,4093,0.0,0.0
2025-02-17 11:43:00+09:00,56000.0,56100.0,56000.0,56000.0,17785,0.0,0.0
2025-02-17 11:44:00+09:00,56100.0,56100.0,56000.0,56000.0,7076,0.0,0.0
2025-02-17 11:45:00+09:00,56100.0,56100.0,56000.0,56000.0,4458,0.0,0.0
2025-02-17 11:46:00+09:00,56000.0,56100.0,56000.0,56000.0,6209,0.0,0.0
2025-02-17 11:47:00+09:00,56100.0,56100.0,56000.0,56100.0,4127,0.0,0.0
2025-02-17 11:48:00+09:00,56100.0,56100.0,56000.0,56100.0,7105,0.0,0.0
2025-02-17 11:49:00+09:00,56100.0,56100.0,56000.0,56000.0,101494,0.0,0.0
2025-02-17 11:50:00+09:00,56100.0,56100.0,56000.0,56000.0,18042,0.0,0.0
2025-02-17 11:51:00+09:00,56100.0,56100.0,56000.0,56000.0,10405,0.0,0.0
2025-02-17 11:52:00+09:00,56000.0,56100.0,56000.0,56000.0,10464,0.0,0.0
2025-02-17 11:53:00+09:00,56000.0,56100.0,56000.0,56000.0,11095,0.0,0.0
2025-02-17 11:54:00+09:00,56000.0,56100.0,56000.0,56100.0,8766,0.0,0.0
2025-02-17 11:55:00+09:00,56100.0,56100.0,56000.0,56100.0,10311,0.0,0.0
2025-02-17 11:56:00+09:00,56000.0,56100.0,56000.0,56100.0,6900,0.0,0.0
2025-02-17 11:57:00+09:00,56000.0,56100.0,55900.0,56000.0,51317,0.0,0.0
2025-02-17 11:58:00+09:00,55900.0,56000.0,55900.0,55900.0,8928,0.0,0.0
2025-02-17 11:59:00+09:00,55900.0,56000.0,55900.0,56000.0,5190,0.0,0.0
2025-02-17 12:00:00+09:00,55900.0,56000.0,55900.0,55900.0,12504,0.0,0.0
2025-02-17 12:01:00+09:00,55900.0,56000.0,55900.0,55900.0,4874,0.0,0.0
2025-02-17 12:02:00+09:00,55900.0,56000.0,55900.0,55900.0,4765,0.0,0.0
2025-02-17 12:03:00+09:00,56000.0,56000.0,55900.0,56000.0,7782,0.0,0.0
2025-02-17 12:04:00+09:00,56000.0,56000.0,55900.0,55900.0,4580,0.0,0.0
2025-02-17 12:05:00+09:00,55900.0,56000.0,55900.0,56000.0,12804,0.0,0.0
2025-02-17 12:06:00+09:00,56000.0,56000.0,55900.0,56000.0,9040,0.0,0.0
2025-02-17 12:07:00+09:00,56000.0,56000.0,55900.0,55900.0,3853,0.0,0.0
2025-02-17 12:08:00+09:00,55900.0,56000.0,55900.0,55900.0,5029,0.0,0.0
2025-02-17 12:09:00+09:00,56000.0,56000.0,55900.0,55900.0,10312,0.0,0.0
2025-02-17 12:10:00+09:00,55900.0,56000.0,55900.0,56000.0,5959,0.0,0.0
2025-02-17 12:11:00+09:00,56000.0,56000.0,55900.0,55900.0,6842,0.0,0.0
2025-02-17 12:12:00+09:00,56000.0,56000.0,55900.0,56000.0,12501,0.0,0.0
2025-02-17 12:13:00+09:00,56000.0,56000.0,55900.0,55900.0,15188,0.0,0.0
2025-02-17 12:14:00+09:00,55900.0,56000.0,55900.0,56000.0,4514,0.0,0.0
2025-02-17 12:15:00+09:00,55900.0,56000.0,55900.0,56000.0,7199,0.0,0.0
2025-02-17 12:16:00+09:00,56000.0,56000.0,55900.0,56000.0,3824,0.0,0.0
2025-02-17 12:17:00+09:00,55900.0,56000.0,55900.0,56000.0,5699,0.0,0.0
2025-02-17 12:18:00+09:00,55900.0,56000.0,55900.0,56000.0,6309,0.0,0.0
2025-02-17 12:19:00+09:00,56000.0,56000.0,55900.0,56000.0,8806,0.0,0.0
2025-02-17 12:20:00+09:00,56000.0,56000.0,55900.0,56000.0,5355,0.0,0.0
2025-02-17 12:21:00+09:00,56000.0,56000.0,55900.0,55900.0,7944,0.0,0.0
2025-02-17 12:22:00+09:00,55900.0,56000.0,55900.0,55900.0,6682,0.0,0.0
2025-02-17 12:23:00+09:00,56000.0,56000.0,55900.0,56000.0,6273,0.0,0.0
2025-02-17 12:24:00+09:00,56000.0,56000.0,55900.0,56000.0,10186,0.0,0.0
2025-02-17 12:25:00+09:00,56000.0,56000.0,55900.0,56000.0,8170,0.0,0.0
2025-02-17 12:26:00+09:00,55900.0,56000.0,55900.0,56000.0,20409,0.0,0.0
2025-02-17 12:27:00+09:00,56000.0,56000.0,55900.0,55900.0,19774,0.0,0.0
2025-02-17 12:28:00+09:00,56000.0,56000.0,55900.0,55900.0,9556,0.0,0.0
2025-02-17 12:29:00+09:00,56000.0,56000.0,55900.0,55900.0,10560,0.0,0.0
2025-02-17 12:30:00+09:00,55900.0,56000.0,55900.0,55900.0,5751,0.0,0.0
2025-02-17 12:31:00+09:00,56000.0,56000.0,55900.0,55900.0,5956,0.0,0.0
2025-02-17 12:32:00+09:00,56000.0,56000.0,55900.0,56000.0,7852,0.0,0.0
2025-02-17 12:33:00+09:00,56000.0,56000.0,55900.0,56000.0,5770,0.0,0.0
2025-02-17 12:34:00+09:00,56000.0,56000.0,55900.0,55900.0,6946,0.0,0.0
2025-02-17 12:35:00+09:00,56000.0,56000.0,55900.0,56000.0,3843,0.0,0.0
2025-02-17 12:36:00+09:00,55900.0,56000.0,55900.0,55900.0,9748,0.0,0.0
2025-02-17 12:37:00+09:00,56000.0,56000.0,55900.0,56000.0,7162,0.0,0.0
2025-02-17 12:38:00+09:00,56000.0,56000.0,55900.0,55900.0,8673,0.0,0.0
2025-02-17 12:39:00+09:00,55900.0,56000.0,55900.0,55900.0,10394,0.0,0.0
2025-02-17 12:40:00+09:00,55900.0,56000.0,55900.0,55900.0,6201,0.0,0.0
2025-02-17 12:41:00+09:00,55900.0,56000.0,55900.0,56000.0,5107,0.0,0.0
2025-02-17 12:42:00+09:00,55900.0,56000.0,55900.0,56000.0,6647,0.0,0.0
2025-02-17 12:43:00+09:00,55900.0,56000.0,55900.0,55900.0,7078,0.0,0.0
2025-02-17 12:44:00+09:00,56000.0,56000.0,55900.0,55900.0,6059,0.0,0.0
2025-02-17 12:45:00+09:00,56000.0,56000.0,55900.0,56000.0,4787,0.0,0.0
2025-02-17 12:46:00+09:00,55900.0,56000.0,55900.0,56000.0,54633,0.0,0.0
2025-02-17 12:47:00+09:00,55900.0,56000.0,55900.0,55900.0,30696,0.0,0.0
2025-02-17 12:48:00+09:00,55900.0,56000.0,55900.0,56000.0,16850,0.0,0.0
2025-02-17 12:49:00+09:00,55900.0,56000.0,55800.0,55800.0,173316,0.0,0.0
2025-02-17 12:50:00+09:00,55800.0,55900.0,55800.0,55900.0,6966,0.0,0.0
2025-02-17 12:51:00+09:00,55900.0,55900.0,55800.0,55800.0,6128,0.0,0.0
2025-02-17 12:52:00+09:00,55800.0,55900.0,55800.0,55900.0,7887,0.0,0.0
2025-02-17 12:53:00+09:00,55900.0,55900.0,55800.0,55800.0,5613,0.0,0.0
2025-02-17 12:54:00+09:00,55900.0,55900.0,55800.0,55900.0,7608,0.0,0.0
2025-02-17 12:55:00+09:00,55900.0,55900.0,55800.0,55900.0,16375,0.0,0.0
2025-02-17 12:56:00+09:00,55900.0,55900.0,55800.0,55800.0,5425,0.0,0.0
2025-02-17 12:57:00+09:00,55800.0,55900.0,55800.0,55800.0,5304,0.0,0.0
2025-02-17 12:58:00+09:00,55800.0,55900.0,55800.0,55900.0,5896,0.0,0.0
2025-02-17 12:59:00+09:00,55800.0,55900.0,55800.0,55900.0,6873,0.0,0.0
2025-02-17 13:00:00+09:00,55800.0,55900.0,55800.0,55900.0,10105,0.0,0.0
2025-02-17 13:01:00+09:00,55900.0,55900.0,55800.0,55900.0,5731,0.0,0.0
2025-02-17 13:02:00+09:00,55900.0,55900.0,55800.0,55900.0,3934,0.0,0.0
2025-02-17 13:03:00+09:00,55800.0,55900.0,55800.0,55900.0,10090,0.0,0.0
2025-02-17 13:04:00+09:00,55800.0,55900.0,55800.0,55800.0,7996,0.0,0.0
2025-02-17 13:05:00+09:00,55800.0,55900.0,55800.0,55900.0,6210,0.0,0.0
2025-02-17 13:06:00+09:00,55900.0,55900.0,55800.0,55800.0,6254,0.0,0.0
2025-02-17 13:07:00+09:00,55800.0,55900.0,55800.0,55800.0,9234,0.0,0.0
2025-02-17 13:08:00+09:00,55800.0,55900.0,55800.0,55900.0,16774,0.0,0.0
2025-02-17 13:09:00+09:00,55900.0,55900.0,55800.0,55800.0,5040,0.0,0.0
2025-02-17 13:10:00+09:00,55900.0,55900.0,55800.0,55800.0,6344,0.0,0.0
2025-02-17 13:11:00+09:00,55900.0,55900.0,55800.0,55900.0,12432,0.0,0.0
2025-02-17 13:12:00+09:00,55900.0,55900.0,55800.0,55900.0,10986,0.0,0.0
2025-02-17 13:13:00+09:00,55800.0,55900.0,55800.0,55800.0,10779,0.0,0.0
2025-02-17 13:14:00+09:00,55800.0,55900.0,55800.0,55800.0,10125,0.0,0.0
2025-02-17 13:15:00+09:00,55800.0,55900.0,55800.0,55800.0,5483,0.0,0.0
2025-02-17 13:16:00+09:00,55800.0,55900.0,55800.0,55900.0,8987,0.0,0.0
2025-02-17 13:17:00+09:00,55900.0,55900.0,55800.0,55800.0,6552,0.0,0.0
2025-02-17 13:18:00+09:00,55900.0,55900.0,55800.0,55800.0,8589,0.0,0.0
2025-02-17 13:19:00+09:00,55900.0,55900.0,55800.0,55900.0,14118,0.0,0.0
2025-02-17 13:20:00+09:00,55800.0,55900.0,55800.0,55800.0,7740,0.0,0.0
2025-02-17 13:21:00+09:00,55800.0,55900.0,55800.0,55900.0,7917,0.0,0.0
2025-02-17 13:22:00+09:00,55900.0,55900.0,55800.0,55900.0,8348,0.0,0.0
2025-02-17 13:23:00+09:00,55900.0,55900.0,55800.0,55900.0,93500,0.0,0.0
2025-02-17 13:24:00+09:00,55900.0,55900.0,55800.0,55800.0,40958,0.0,0.0
2025-02-17 13:25:00+09:00,55900.0,55900.0,55800.0,55800.0,12963,0.0,0.0
2025-02-17 13:26:00+09:00,55900.0,55900.0,55800.0,55800.0,12907,0.0,0.0
2025-02-17 13:27:00+09:00,55900.0,55900.0,55800.0,55900.0,7254,0.0,0.0
2025-02-17 13:28:00+09:00,55900.0,55900.0,55800.0,55800.0,5071,0.0,0.0
2025-02-17 13:29:00+09:00,55900.0,55900.0,55800.0,55800.0,7972,0.0,0.0
2025-02-17 13:30:00+09:00,55800.0,55900.0,55800.0,55800.0,9466,0.0,0.0
2025-02-17 13:31:00+09:00,55900.0,55900.0,55800.0,55800.0,47008,0.0,0.0
2025-02-17 13:32:00+09:00,55800.0,55900.0,55800.0,55800.0,58018,0.0,0.0
2025-02-17 13:33:00+09:00,55800.0,55900.0,55700.0,55800.0,70569,0.0,0.0
2025-02-17 13:34:00+09:00,55800.0,55900.0,55700.0,55800.0,35807,0.0,0.0
2025-02-17 13:35:00+09:00,55800.0,55900.0,55700.0,55800.0,65654,0.0,0.0
2025-02-17 13:36:00+09:00,55800.0,55900.0,55800.0,55800.0,7635,0.0,0.0
2025-02-17 13:37:00+09:00,55800.0,55900.0,55800.0,55900.0,8101,0.0,0.0
2025-02-17 13:38:00+09:00,55900.0,55900.0,55800.0,55900.0,5407,0.0,0.0
2025-02-17 13:39:00+09:00,55900.0,55900.0,55800.0,55800.0,7201,0.0,0.0
2025-02-17 13:40:00+09:00,55800.0,55900.0,55800.0,55900.0,8583,0.0,0.0
2025-02-17 13:41:00+09:00,55800.0,55900.0,55800.0,55900.0,10008,0.0,0.0
2025-02-17 13:42:00+09:00,55900.0,55900.0,55800.0,55800.0,5769,0.0,0.0
2025-02-17 13:43:00+09:00,55900.0,55900.0,55800.0,55800.0,6165,0.0,0.0
2025-02-17 13:44:00+09:00,55900.0,55900.0,55800.0,55900.0,7769,0.0,0.0
2025-02-17 13:45:00+09:00,55900.0,55900.0,55800.0,55900.0,7450,0.0,0.0
2025-02-17 13:46:00+09:00,55800.0,55900.0,55800.0,55900.0,12949,0.0,0.0
2025-02-17 13:47:00+09:00,55900.0,55900.0,55800.0,55800.0,6506,0.0,0.0
2025-02-17 13:48:00+09:00,55800.0,55900.0,55800.0,55800.0,9116,0.0,0.0
2025-02-17 13:49:00+09:00,55900.0,55900.0,55800.0,55800.0,7855,0.0,0.0
2025-02-17 13:50:00+09:00,55800.0,55900.0,55800.0,55800.0,12633,0.0,0.0
2025-02-17 13:51:00+09:00,55800.0,55900.0,55800.0,55900.0,4900,0.0,0.0
2025-02-17 13:52:00+09:00,55900.0,55900.0,55800.0,55800.0,6099,0.0,0.0
2025-02-17 13:53:00+09:00,55900.0,55900.0,55800.0,55800.0,14838,0.0,0.0
2025-02-17 13:54:00+09:00,55800.0,55900.0,55800.0,55900.0,9421,0.0,0.0
2025-02-17 13:55:00+09:00,55900.0,55900.0,55800.0,55800.0,9082,0.0,0.0
2025-02-17 13:56:00+09:00,55900.0,55900.0,55800.0,55900.0,6199,0.0,0.0
2025-02-17 13:57:00+09:00,55900.0,55900.0,55800.0,55900.0,17573,0.0,0.0
2025-02-17 13:58:00+09:00,55800.0,55900.0,55800.0,55900.0,53894,0.0,0.0
2025-02-17 13:59:00+09:00,55900.0,55900.0,55800.0,55900.0,8144,0.0,0.0
2025-02-17 14:00:00+09:00,55900.0,55900.0,55800.0,55900.0,9973,0.0,0.0
2025-02-17 14:01:00+09:00,55800.0,55900.0,55800.0,55800.0,5125,0.0,0.0
2025-02-17 14:02:00+09:00,55800.0,55900.0,55800.0,55800.0,7909,0.0,0.0
2025-02-17 14:03:00+09:00,55900.0,55900.0,55800.0,55800.0,10776,0.0,0.0
2025-02-17 14:04:00+09:00,55900.0,56000.0,55800.0,56000.0,57597,0.0,0.0
2025-02-17 14:05:00+09:00,56000.0,56000.0,55900.0,56000.0,11876,0.0,0.0
2025-02-17 14:06:00+09:00,56000.0,56000.0,55900.0,55900.0,9065,0.0,0.0
2025-02-17 14:07:00+09:00,55900.0,56000.0,55900.0,56000.0,6678,0.0,0.0
2025-02-17 14:08:00+09:00,56000.0,56000.0,55800.0,55900.0,57457,0.0,0.0
2025-02-17 14:09:00+09:00,55900.0,56000.0,55800.0,55900.0,26614,0.0,0.0
2025-02-17 14:10:00+09:00,56000.0,56000.0,55900.0,56000.0,5577,0.0,0.0
2025-02-17 14:11:00+09:00,55900.0,56000.0,55900.0,56000.0,8771,0.0,0.0
2025-02-17 14:12:00+09:00,56000.0,56000.0,55900.0,56000.0,5373,0.0,0.0
2025-02-17 14:13:00+09:00,56000.0,56000.0,55900.0,55900.0,5325,0.0,0.0
2025-02-17 14:14:00+09:00,56000.0,56000.0,55900.0,55900.0,6039,0.0,0.0
2025-02-17 14:15:00+09:00,56000.0,56000.0,55900.0,56000.0,25945,0.0,0.0
2025-02-17 14:16:00+09:00,55900.0,56000.0,55900.0,55900.0,7761,0.0,0.0
2025-02-17 14:17:00+09:00,55900.0,56000.0,55900.0,55900.0,7789,0.0,0.0
2025-02-17 14:18:00+09:00,55900.0,56000.0,55900.0,56000.0,15487,0.0,0.0
2025-02-17 14:19:00+09:00,56000.0,56000.0,55900.0,55900.0,6449,0.0,0.0
2025-02-17 14:20:00+09:00,56000.0,56000.0,55900.0,55900.0,5986,0.0,0.0
2025-02-17 14:21:00+09:00,56000.0,56000.0,55900.0,55900.0,8722,0.0,0.0
2025-02-17 14:22:00+09:00,56000.0,56000.0,55900.0,56000.0,8808,0.0,0.0
2025-02-17 14:23:00+09:00,55900.0,56000.0,55900.0,56000.0,8389,0.0,0.0
2025-02-17 14:24:00+09:00,56000.0,56000.0,55900.0,56000.0,6092,0.0,0.0
2025-02-17 14:25:00+09:00,56000.0,56000.0,55900.0,55900.0,5944,0.0,0.0
2025-02-17 14:26:00+09:00,55900.0,56000.0,55900.0,55900.0,11275,0.0,0.0
2025-02-17 14:27:00+09:00,56000.0,56000.0,55900.0,55900.0,6354,0.0,0.0
2025-02-17 14:28:00+09:00,56000.0,56000.0,55900.0,56000.0,9288,0.0,0.0
2025-02-17 14:29:00+09:00,56000.0,56000.0,55900.0,56000.0,7016,0.0,0.0
2025-02-17 14:30:00+09:00,55900.0,56000.0,55900.0,55900.0,14148,0.0,0.0
2025-02-17 14:31:00+09:00,55900.0,56000.0,55900.0,56000.0,16389,0.0,0.0
2025-02-17 14:32:00+09:00,55900.0,56000.0,55900.0,55900.0,16434,0.0,0.0
2025-02-17 14:33:00+09:00,56000.0,56000.0,55800.0,55900.0,81291,0.0,0.0
2025-02-17 14:34:00+09:00,55900.0,55900.0,55800.0,55900.0,14290,0.0,0.0
2025-02-17 14:35:00+09:00,55900.0,55900.0,55800.0,55900.0,15751,0.0,0.0
2025-02-17 14:36:00+09:00,55900.0,55900.0,55800.0,55900.0,14992,0.0,0.0
2025-02-17 14:37:00+09:00,55900.0,56000.0,55800.0,55900.0,66370,0.0,0.0
2025-02-17 14:38:00+09:00,55900.0,56000.0,55800.0,55900.0,11769,0.0,0.0
2025-02-17 14:39:00+09:00,55900.0,56000.0,55900.0,56000.0,11768,0.0,0.0
2025-02-17 14:40:00+09:00,56000.0,56000.0,55900.0,55900.0,7173,0.0,0.0
2025-02-17 14:41:00+09:00,55900.0,56000.0,55900.0,56000.0,9020,0.0,0.0
2025-02-17 14:42:00+09:00,55900.0,56000.0,55900.0,56000.0,17170,0.0,0.0
2025-02-17 14:43:00+09:00,56000.0,56000.0,55900.0,56000.0,9852,0.0,0.0
2025-02-17 14:44:00+09:00,56000.0,56000.0,55900.0,56000.0,12943,0.0,0.0
2025-02-17 14:45:00+09:00,56000.0,56000.0,55900.0,55900.0,14301,0.0,0.0
2025-02-17 14:46:00+09:00,55900.0,56000.0,55900.0,55900.0,19666,0.0,0.0
2025-02-17 14:47:00+09:00,56000.0,56000.0,55900.0,55900.0,14047,0.0,0.0
2025-02-17 14:48:00+09:00,56000.0,56000.0,55900.0,56000.0,13316,0.0,0.0
2025-02-17 14:49:00+09:00,56000.0,56000.0,55900.0,55900.0,15309,0.0,0.0
2025-02-17 14:50:00+09:00,55900.0,56000.0,55900.0,55900.0,45227,0.0,0.0
2025-02-17 14:51:00+09:00,56000.0,56000.0,55900.0,56000.0,29994,0.0,0.0
2025-02-17 14:52:00+09:00,55900.0,56000.0,55900.0,55900.0,20683,0.0,0.0
2025-02-17 14:53:00+09:00,56000.0,56000.0,55900.0,55900.0,24542,0.0,0.0
2025-02-17 14:54:00+09:00,56000.0,56000.0,55900.0,56000.0,88224,0.0,0.0
2025-02-17 14:55:00+09:00,56000.0,56000.0,55900.0,55900.0,15510,0.0,0.0
2025-02-17 14:56:00+09:00,56000.0,56000.0,55900.0,55900.0,54319,0.0,0.0
2025-02-17 14:57:00+09:00,55900.0,56000.0,55900.0,56000.0,28557,0.0,0.0
2025-02-17 14:58:00+09:00,56000.0,56000.0,55900.0,56000.0,13465,0.0,0.0
2025-02-17 14:59:00+09:00,56000.0,56000.0,55800.0,55900.0,30640,0.0,0.0
2025-02-18 09:00:00+09:00,56200.0,56300.0,56200.0,56300.0,666481,0.0,0.0
2025-02-18 09:01:00+09:00,56300.0,56300.0,56100.0,56200.0,184733,0.0,0.0
2025-02-18 09:02:00+09:00,56200.0,56200.0,56100.0,56200.0,55690,0.0,0.0
2025-02-18 09:03:00+09:00,56200.0,56200.0,56100.0,56100.0,68003,0.0,0.0
2025-02-18 09:04:00+09:00,56100.0,56300.0,56100.0,56300.0,302866,0.0,0.0
2025-02-18 09:05:00+09:00,56200.0,56300.0,56200.0,56300.0,62880,0.0,0.0
2025-02-18 09:06:00+09:00,56200.0,56500.0,56200.0,56400.0,287679,0.0,0.0
2025-02-18 09:07:00+09:00,56500.0,56500.0,56400.0,56500.0,74606,0.0,0.0
2025-02-18 09:08:00+09:00,56400.0,56500.0,56400.0,56400.0,65704,0.0,0.0
2025-02-18 09:09:00+09:00,56400.0,56500.0,56400.0,56400.0,339454,0.0,0.0
2025-02-18 09:10:00+09:00,56500.0,56500.0,56300.0,56400.0,116633,0.0,0.0
2025-02-18 09:11:00+09:00,56400.0,56400.0,56200.0,56300.0,223982,0.0,0.0
2025-02-18 09:12:00+09:00,56300.0,56400.0,56300.0,56300.0,44869,0.0,0.0
2025-02-18 09:13:00+09:00,56400.0,56400.0,56300.0,56300.0,18988,0.0,0.0
2025-02-18 09:14:00+09:00,56300.0,56400.0,56300.0,56400.0,18397,0.0,0.0
2025-02-18 09:15:00+09:00,56400.0,56400.0,56300.0,56400.0,10834,0.0,0.0
2025-02-18 09:16:00+09:00,56300.0,56400.0,56200.0,56300.0,127144,0.0,0.0
2025-02-18 09:17:00+09:00,56300.0,56300.0,56200.0,56200.0,17996,0.0,0.0
2025-02-18 09:18:00+09:00,56200.0,56300.0,56200.0,56300.0,34167,0.0,0.0
2025-02-18 09:19:00+09:00,56300.0,56300.0,56200.0,56300.0,24333,0.0,0.0
2025-02-18 09:20:00+09:00,56200.0,56300.0,56100.0,56200.0,162421,0.0,0.0
2025-02-18 09:21:00+09:00,56100.0,56200.0,56100.0,56100.0,44713,0.0,0.0
2025-02-18 09:22:00+09:00,56200.0,56200.0,56100.0,56200.0,18026,0.0,0.0
2025-02-18 09:23:00+09:00,56200.0,56200.0,56100.0,56200.0,42282,0.0,0.0
2025-02-18 09:24:00+09:00,56200.0,56200.0,56000.0,56100.0,173405,0.0,0.0
2025-02-18 09:25:00+09:00,56100.0,56100.0,56000.0,56100.0,41247,0.0,0.0
2025-02-18 09:26:00+09:00,56100.0,56100.0,56000.0,56000.0,24633,0.0,0.0
2025-02-18 09:27:00+09:00,56100.0,56100.0,56000.0,56000.0,21437,0.0,0.0
2025-02-18 09:28:00+09:00,56000.0,56100.0,56000.0,56000.0,95168,0.0,0.0
2025-02-18 09:29:00+09:00,56000.0,56100.0,56000.0,56100.0,26587,0.0,0.0
2025-02-18 09:30:00+09:00,56100.0,56100.0,56000.0,56100.0,358209,0.0,0.0
2025-02-18 09:31:00+09:00,56100.0,56100.0,56000.0,56100.0,10152,0.0,0.0
2025-02-18 09:32:00+09:00,56000.0,56200.0,56000.0,56200.0,230861,0.0,0.0
2025-02-18 09:33:00+09:00,56200.0,56200.0,56100.0,56100.0,26962,0.0,0.0
2025-02-18 09:34:00+09:00,56100.0,56200.0,56100.0,56200.0,118929,0.0,0.0
2025-02-18 09:35:00+09:00,56200.0,56300.0,56100.0,56300.0,28282,0.0,0.0
2025-02-18 09:36:00+09:00,56300.0,56300.0,56200.0,56300.0,14377,0.0,0.0
2025-02-18 09:37:00+09:00,56300.0,56300.0,56200.0,56300.0,83359,0.0,0.0
2025-02-18 09:38:00+09:00,56300.0,56300.0,56200.0,56200.0,18913,0.0,0.0
2025-02-18 09:39:00+09:00,56200.0,56300.0,56100.0,56200.0,61090,0.0,0.0
2025-02-18 09:40:00+09:00,56100.0,56200.0,56100.0,56200.0,28219,0.0,0.0
2025-02-18 09:41:00+09:00,56100.0,56200.0,56100.0,56100.0,29031,0.0,0.0
2025-02-18 09:42:00+09:00,56100.0,56200.0,56100.0,56100.0,3702,0.0,0.0
2025-02-18 09:43:00+09:00,56100.0,56200.0,56100.0,56200.0,13878,0.0,0.0
2025-02-18 09:44:00+09:00,56100.0,56200.0,56100.0,56100.0,6917,0.0,0.0
2025-02-18 09:45:00+09:00,56200.0,56200.0,56100.0,56100.0,10865,0.0,0.0
2025-02-18 09:46:00+09:00,56100.0,56200.0,56100.0,56100.0,7749,0.0,0.0
2025-02-18 09:47:00+09:00,56200.0,56200.0,56100.0,56200.0,22715,0.0,0.0
2025-02-18 09:48:00+09:00,56200.0,56300.0,56100.0,56200.0,196740,0.0,0.0
2025-02-18 09:49:00+09:00,56200.0,56300.0,56200.0,56200.0,46917,0.0,0.0
2025-02-18 09:50:00+09:00,56200.0,56300.0,56200.0,56200.0,15867,0.0,0.0
2025-02-18 09:51:00+09:00,56300.0,56300.0,56200.0,56200.0,9543,0.0,0.0
2025-02-18 09:52:00+09:00,56300.0,56300.0,56100.0,56200.0,74516,0.0,0.0
2025-02-18 09:53:00+09:00,56100.0,56200.0,56100.0,56100.0,16653,0.0,0.0
2025-02-18 09:54:00+09:00,56100.0,56200.0,56000.0,56100.0,134062,0.0,0.0
2025-02-18 09:55:00+09:00,56200.0,56200.0,56100.0,56100.0,28538,0.0,0.0
2025-02-18 09:56:00+09:00,56200.0,56200.0,56000.0,56000.0,36624,0.0,0.0
2025-02-18 09:57:00+09:00,56100.0,56100.0,55900.0,56000.0,205439,0.0,0.0
2025-02-18 09:58:00+09:00,55900.0,56000.0,55900.0,56000.0,10410,0.0,0.0
2025-02-18 09:59:00+09:00,55900.0,56000.0,55900.0,55900.0,31168,0.0,0.0
2025-02-18 10:00:00+09:00,55900.0,56000.0,55900.0,56000.0,15036,0.0,0.0
2025-02-18 10:01:00+09:00,55900.0,56000.0,55900.0,55900.0,20106,0.0,0.0
2025-02-18 10:02:00+09:00,56000.0,56000.0,55900.0,56000.0,8880,0.0,0.0
2025-02-18 10:03:00+09:00,56000.0,56000.0,55900.0,56000.0,15304,0.0,0.0
2025-02-18 10:04:00+09:00,56000.0,56000.0,55900.0,56000.0,10605,0.0,0.0
2025-02-18 10:05:00+09:00,55900.0,56000.0,55900.0,56000.0,101657,0.0,0.0
2025-02-18 10:06:00+09:00,56000.0,56000.0,55900.0,55900.0,15039,0.0,0.0
2025-02-18 10:07:00+09:00,56000.0,56000.0,55900.0,56000.0,15307,0.0,0.0
2025-02-18 10:08:00+09:00,56000.0,56100.0,55900.0,56100.0,86541,0.0,0.0
2025-02-18 10:09:00+09:00,56100.0,56100.0,56000.0,56000.0,9786,0.0,0.0
2025-02-18 10:10:00+09:00,56100.0,56100.0,56000.0,56100.0,5849,0.0,0.0
2025-02-18 10:11:00+09:00,56100.0,56100.0,56000.0,56000.0,17524,0.0,0.0
2025-02-18 10:12:00+09:00,56000.0,56100.0,56000.0,56100.0,5654,0.0,0.0
2025-02-18 10:13:00+09:00,56100.0,56100.0,56000.0,56100.0,7530,0.0,0.0
2025-02-18 10:14:00+09:00,56100.0,56100.0,56000.0,56000.0,10092,0.0,0.0
2025-02-18 10:15:00+09:00,56100.0,56100.0,56000.0,56100.0,16807,0.0,0.0
2025-02-18 10:16:00+09:00,56000.0,56100.0,56000.0,56100.0,9844,0.0,0.0
2025-02-18 10:17:00+09:00,56100.0,56100.0,56000.0,56100.0,13995,0.0,0.0
2025-02-18 10:18:00+09:00,56100.0,56100.0,56000.0,56100.0,11673,0.0,0.0
2025-02-18 10:19:00+09:00,56100.0,56100.0,56000.0,56100.0,29473,0.0,0.0
2025-02-18 10:20:00+09:00,56000.0,56100.0,56000.0,56000.0,19090,0.0,0.0
2025-02-18 10:21:00+09:00,56000.0,56100.0,56000.0,56100.0,7628,0.0,0.0
2025-02-18 10:22:00+09:00,56100.0,56100.0,56000.0,56100.0,13705,0.0,0.0
2025-02-18 10:23:00+09:00,56100.0,56100.0,56000.0,56000.0,25727,0.0,0.0
2025-02-18 10:24:00+09:00,56100.0,56100.0,56000.0,56100.0,8858,0.0,0.0
2025-02-18 10:25:00+09:00,56100.0,56100.0,56000.0,56100.0,19980,0.0,0.0
2025-02-18 10:26:00+09:00,56100.0,56100.0,56000.0,56100.0,26174,0.0,0.0
2025-02-18 10:27:00+09:00,56100.0,56200.0,56000.0,56100.0,122032,0.0,0.0
2025-02-18 10:28:00+09:00,56100.0,56200.0,56000.0,56100.0,89430,0.0,0.0
2025-02-18 10:29:00+09:00,56100.0,56100.0,56000.0,56100.0,8872,0.0,0.0
2025-02-18 10:30:00+09:00,56100.0,56200.0,56000.0,56100.0,166470,0.0,0.0
2025-02-18 10:31:00+09:00,56200.0,56200.0,56100.0,56200.0,42373,0.0,0.0
2025-02-18 10:32:00+09:00,56100.0,56200.0,56000.0,56000.0,95893,0.0,0.0
2025-02-18 10:33:00+09:00,56000.0,56100.0,56000.0,56000.0,12794,0.0,0.0
2025-02-18 10:34:00+09:00,56100.0,56100.0,56000.0,56100.0,16555,0.0,0.0
2025-02-18 10:35:00+09:00,56100.0,56100.0,56000.0,56000.0,10899,0.0,0.0
2025-02-18 10:36:00+09:00,56100.0,56100.0,56000.0,56000.0,4991,0.0,0.0
2025-02-18 10:37:00+09:00,56000.0,56100.0,56000.0,56100.0,15100,0.0,0.0
2025-02-18 10:38:00+09:00,56100.0,56100.0,56000.0,56100.0,7561,0.0,0.0
2025-02-18 10:39:00+09:00,56100.0,56100.0,56000.0,56100.0,8528,0.0,0.0
2025-02-18 10:40:00+09:00,56000.0,56100.0,56000.0,56100.0,27089,0.0,0.0
2025-02-18 10:41:00+09:00,56000.0,56100.0,56000.0,56000.0,36283,0.0,0.0
2025-02-18 10:42:00+09:00,56000.0,56100.0,56000.0,56000.0,12711,0.0,0.0
2025-02-18 10:43:00+09:00,56000.0,56100.0,56000.0,56100.0,18524,0.0,0.0
2025-02-18 10:44:00+09:00,56100.0,56100.0,56000.0,56100.0,13644,0.0,0.0
2025-02-18 10:45:00+09:00,56000.0,56100.0,56000.0,56000.0,18454,0.0,0.0
2025-02-18 10:46:00+09:00,56100.0,56100.0,56000.0,56000.0,14438,0.0,0.0
2025-02-18 10:47:00+09:00,56000.0,56100.0,56000.0,56000.0,25271,0.0,0.0
2025-02-18 10:48:00+09:00,56100.0,56100.0,56000.0,56000.0,11770,0.0,0.0
2025-02-18 10:49:00+09:00,56100.0,56100.0,56000.0,56100.0,22455,0.0,0.0
2025-02-18 10:50:00+09:00,56000.0,56100.0,56000.0,56100.0,9961,0.0,0.0
2025-02-18 10:51:00+09:00,56100.0,56100.0,56000.0,56100.0,19967,0.0,0.0
2025-02-18 10:52:00+09:00,56100.0,56100.0,56000.0,56100.0,8812,0.0,0.0
2025-02-18 10:53:00+09:00,56000.0,56100.0,56000.0,56100.0,14426,0.0,0.0
2025-02-18 10:54:00+09:00,56100.0,56200.0,56000.0,56100.0,212751,0.0,0.0
2025-02-18 10:55:00+09:00,56100.0,56100.0,56000.0,56100.0,17270,0.0,0.0
2025-02-18 10:56:00+09:00,56000.0,56100.0,56000.0,56100.0,7844,0.0,0.0
2025-02-18 10:57:00+09:00,56100.0,56100.0,56000.0,56000.0,13443,0.0,0.0
2025-02-18 10:58:00+09:00,56000.0,56100.0,56000.0,56100.0,20447,0.0,0.0
2025-02-18 10:59:00+09:00,56100.0,56100.0,56000.0,56100.0,10812,0.0,0.0
2025-02-18 11:00:00+09:00,56000.0,56100.0,56000.0,56100.0,18325,0.0,0.0
2025-02-18 11:01:00+09:00,56100.0,56100.0,56000.0,56100.0,18081,0.0,0.0
2025-02-18 11:02:00+09:00,56100.0,56100.0,56000.0,56100.0,24127,0.0,0.0
2025-02-18 11:03:00+09:00,56100.0,56100.0,56000.0,56100.0,30992,0.0,0.0
2025-02-18 11:04:00+09:00,56100.0,56200.0,56000.0,56200.0,42670,0.0,0.0
2025-02-18 11:05:00+09:00,56200.0,56200.0,56100.0,56100.0,10358,0.0,0.0
2025-02-18 11:06:00+09:00,56200.0,56200.0,56100.0,56200.0,29854,0.0,0.0
2025-02-18 11:07:00+09:00,56200.0,56200.0,56100.0,56200.0,20799,0.0,0.0
2025-02-18 11:08:00+09:00,56200.0,56200.0,56100.0,56200.0,71781,0.0,0.0
2025-02-18 11:09:00+09:00,56200.0,56300.0,56100.0,56300.0,30484,0.0,0.0
2025-02-18 11:10:00+09:00,56200.0,56300.0,56200.0,56300.0,16352,0.0,0.0
2025-02-18 11:11:00+09:00,56300.0,56300.0,56200.0,56200.0,36065,0.0,0.0
2025-02-18 11:12:00+09:00,56200.0,56300.0,56200.0,56300.0,19621,0.0,0.0
2025-02-18 11:13:00+09:00,56300.0,56300.0,56200.0,56300.0,24280,0.0,0.0
2025-02-18 11:14:00+09:00,56300.0,56400.0,56200.0,56400.0,207765,0.0,0.0
2025-02-18 11:15:00+09:00,56400.0,56500.0,56300.0,56400.0,223603,0.0,0.0
2025-02-18 11:16:00+09:00,56500.0,56600.0,56400.0,56600.0,350879,0.0,0.0
2025-02-18 11:17:00+09:00,56600.0,56800.0,56500.0,56800.0,302060,0.0,0.0
2025-02-18 11:18:00+09:00,56800.0,56900.0,56600.0,56800.0,414382,0.0,0.0
2025-02-18 11:19:00+09:00,56800.0,56900.0,56700.0,56900.0,218919,0.0,0.0
2025-02-18 11:20:00+09:00,56800.0,57000.0,56800.0,57000.0,226815,0.0,0.0
2025-02-18 11:21:00+09:00,56900.0,57000.0,56900.0,57000.0,131581,0.0,0.0
2025-02-18 11:22:00+09:00,57000.0,57000.0,56700.0,56700.0,165639,0.0,0.0
2025-02-18 11:23:00+09:00,56800.0,56800.0,56700.0,56700.0,53979,0.0,0.0
2025-02-18 11:24:00+09:00,56700.0,56800.0,56600.0,56700.0,95108,0.0,0.0
2025-02-18 11:25:00+09:00,56700.0,56800.0,56600.0,56700.0,49605,0.0,0.0
2025-02-18 11:26:00+09:00,56800.0,56800.0,56700.0,56700.0,25270,0.0,0.0
2025-02-18 11:27:00+09:00,56800.0,56900.0,56700.0,56800.0,158986,0.0,0.0
2025-02-18 11:28:00+09:00,56800.0,56800.0,56700.0,56800.0,71970,0.0,0.0
2025-02-18 11:29:00+09:00,56700.0,56800.0,56600.0,56700.0,68164,0.0,0.0
2025-02-18 11:30:00+09:00,56700.0,56800.0,56700.0,56800.0,22199,0.0,0.0
2025-02-18 11:31:00+09:00,56800.0,56800.0,56700.0,56800.0,14060,0.0,0.0
2025-02-18 11:32:00+09:00,56800.0,56800.0,56700.0,56800.0,21115,0.0,0.0
2025-02-18 11:33:00+09:00,56800.0,56800.0,56700.0,56700.0,23952,0.0,0.0
2025-02-18 11:34:00+09:00,56800.0,56800.0,56700.0,56700.0,19548,0.0,0.0
2025-02-18 11:35:00+09:00,56800.0,56800.0,56700.0,56700.0,48116,0.0,0.0
2025-02-18 11:36:00+09:00,56800.0,56800.0,56700.0,56700.0,29352,0.0,0.0
2025-02-18 11:37:00+09:00,56700.0,56800.0,56700.0,56800.0,20524,0.0,0.0
2025-02-18 11:38:00+09:00,56800.0,56900.0,56800.0,56900.0,250940,0.0,0.0
2025-02-18 11:39:00+09:00,56900.0,57000.0,56800.0,57000.0,196513,0.0,0.0
2025-02-18 11:40:00+09:00,56900.0,57000.0,56900.0,57000.0,73731,0.0,0.0
2025-02-18 11:41:00+09:00,57000.0,57000.0,56900.0,57000.0,40147,0.0,0.0
2025-02-18 11:42:00+09:00,57000.0,57000.0,56900.0,57000.0,83048,0.0,0.0
2025-02-18 11:43:00+09:00,57000.0,57000.0,56900.0,56900.0,43412,0.0,0.0
2025-02-18 11:44:00+09:00,57000.0,57100.0,56900.0,57100.0,199996,0.0,0.0
2025-02-18 11:45:00+09:00,57100.0,57100.0,57000.0,57100.0,31695,0.0,0.0
2025-02-18 11:46:00+09:00,57000.0,57100.0,57000.0,57100.0,40294,0.0,0.0
2025-02-18 11:47:00+09:00,57000.0,57100.0,57000.0,57000.0,33860,0.0,0.0
2025-02-18 11:48:00+09:00,57000.0,57100.0,57000.0,57100.0,50091,0.0,0.0
2025-02-18 11:49:00+09:00,57100.0,57100.0,56900.0,57000.0,243006,0.0,0.0
2025-02-18 11:50:00+09:00,57000.0,57000.0,56900.0,56900.0,53313,0.0,0.0
2025-02-18 11:51:00+09:00,56900.0,57000.0,56800.0,56900.0,157606,0.0,0.0
2025-02-18 11:52:00+09:00,57000.0,57000.0,56900.0,57000.0,15687,0.0,0.0
2025-02-18 11:53:00+09:00,56900.0,57000.0,56900.0,57000.0,52329,0.0,0.0
2025-02-18 11:54:00+09:00,57000.0,57100.0,57000.0,57100.0,125237,0.0,0.0
2025-02-18 11:55:00+09:00,57100.0,57100.0,57000.0,57100.0,23528,0.0,0.0
2025-02-18 11:56:00+09:00,57000.0,57100.0,57000.0,57000.0,46414,0.0,0.0
2025-02-18 11:57:00+09:00,57000.0,57100.0,57000.0,57000.0,25820,0.0,0.0
2025-02-18 11:58:00+09:00,57100.0,57100.0,57000.0,57000.0,38404,0.0,0.0
2025-02-18 11:59:00+09:00,57100.0,57100.0,57000.0,57000.0,19667,0.0,0.0
2025-02-18 12:00:00+09:00,57000.0,57100.0,57000.0,57000.0,14672,0.0,0.0
2025-02-18 12:01:00+09:00,57000.0,57100.0,57000.0,57100.0,20111,0.0,0.0
2025-02-18 12:02:00+09:00,57100.0,57100.0,57000.0,57000.0,22865,0.0,0.0
2025-02-18 12:03:00+09:00,57100.0,57100.0,57000.0,57000.0,29080,0.0,0.0
2025-02-18 12:04:00+09:00,57100.0,57100.0,57000.0,57000.0,15034,0.0,0.0
2025-02-18 12:05:00+09:00,57000.0,57100.0,57000.0,57100.0,20430,0.0,0.0
2025-02-18 12:06:00+09:00,57000.0,57100.0,57000.0,57000.0,18695,0.0,0.0
2025-02-18 12:07:00+09:00,57000.0,57100.0,57000.0,57000.0,33874,0.0,0.0
2025-02-18 12:08:00+09:00,57100.0,57100.0,57000.0,57000.0,30949,0.0,0.0
2025-02-18 12:09:00+09:00,57000.0,57100.0,57000.0,57100.0,30629,0.0,0.0
2025-02-18 12:10:00+09:00,57100.0,57100.0,57000.0,57100.0,14575,0.0,0.0
2025-02-18 12:11:00+09:00,57000.0,57100.0,57000.0,57100.0,45974,0.0,0.0
2025-02-18 12:12:00+09:00,57000.0,57100.0,56900.0,56900.0,178446,0.0,0.0
2025-02-18 12:13:00+09:00,56900.0,57000.0,56800.0,56800.0,105182,0.0,0.0
2025-02-18 12:14:00+09:00,56800.0,56900.0,56800.0,56900.0,37526,0.0,0.0
2025-02-18 12:15:00+09:00,56800.0,57000.0,56800.0,56800.0,81414,0.0,0.0
2025-02-18 12:16:00+09:00,56800.0,56900.0,56800.0,56800.0,12204,0.0,0.0
2025-02-18 12:17:00+09:00,56900.0,56900.0,56800.0,56900.0,15604,0.0,0.0
2025-02-18 12:18:00+09:00,56800.0,57000.0,56800.0,57000.0,71740,0.0,0.0
2025-02-18 12:19:00+09:00,57000.0,57000.0,56900.0,57000.0,17136,0.0,0.0
2025-02-18 12:20:00+09:00,57000.0,57000.0,56900.0,56900.0,20136,0.0,0.0
2025-02-18 12:21:00+09:00,56900.0,57000.0,56900.0,57000.0,13999,0.0,0.0
2025-02-18 12:22:00+09:00,57000.0,57000.0,56900.0,57000.0,14930,0.0,0.0
2025-02-18 12:23:00+09:00,57000.0,57000.0,56900.0,56900.0,122538,0.0,0.0
2025-02-18 12:24:00+09:00,56900.0,56900.0,56800.0,56900.0,19055,0.0,0.0
2025-02-18 12:25:00+09:00,56800.0,57000.0,56800.0,57000.0,112263,0.0,0.0
2025-02-18 12:26:00+09:00,56900.0,57000.0,56900.0,57000.0,41296,0.0,0.0
2025-02-18 12:27:00+09:00,57000.0,57100.0,56900.0,57100.0,195152,0.0,0.0
2025-02-18 12:28:00+09:00,57000.0,57100.0,57000.0,57100.0,85794,0.0,0.0
2025-02-18 12:29:00+09:00,57100.0,57100.0,57000.0,57100.0,31832,0.0,0.0
2025-02-18 12:30:00+09:00,57100.0,57100.0,57000.0,57000.0,33488,0.0,0.0
2025-02-18 12:31:00+09:00,57000.0,57100.0,57000.0,57100.0,227516,0.0,0.0
2025-02-18 12:32:00+09:00,57000.0,57200.0,57000.0,57100.0,182012,0.0,0.0
2025-02-18 12:33:00+09:00,57100.0,57200.0,57100.0,57100.0,64364,0.0,0.0
2025-02-18 12:34:00+09:00,57200.0,57200.0,57100.0,57100.0,14431,0.0,0.0
2025-02-18 12:35:00+09:00,57200.0,57200.0,57100.0,57200.0,19577,0.0,0.0
2025-02-18 12:36:00+09:00,57200.0,57200.0,57100.0,57200.0,19126,0.0,0.0
2025-02-18 12:37:00+09:00,57200.0,57200.0,57100.0,57200.0,24222,0.0,0.0
2025-02-18 12:38:00+09:00,57200.0,57200.0,57100.0,57100.0,34067,0.0,0.0
2025-02-18 12:39:00+09:00,57200.0,57200.0,57100.0,57200.0,21611,0.0,0.0
2025-02-18 12:40:00+09:00,57200.0,57200.0,57100.0,57200.0,33381,0.0,0.0
2025-02-18 12:41:00+09:00,57200.0,57200.0,57100.0,57200.0,23858,0.0,0.0
2025-02-18 12:42:00+09:00,57200.0,57200.0,57100.0,57200.0,31750,0.0,0.0
2025-02-18 12:43:00+09:00,57100.0,57200.0,57100.0,57100.0,63805,0.0,0.0
2025-02-18 12:44:00+09:00,57100.0,57200.0,57100.0,57100.0,53852,0.0,0.0
2025-02-18 12:45:00+09:00,57100.0,57200.0,57100.0,57200.0,24331,0.0,0.0
2025-02-18 12:46:00+09:00,57200.0,57200.0,57100.0,57200.0,23244,0.0,0.0
2025-02-18 12:47:00+09:00,57100.0,57200.0,57100.0,57100.0,29919,0.0,0.0
2025-02-18 12:48:00+09:00,57200.0,57200.0,57100.0,57100.0,23304,0.0,0.0
2025-02-18 12:49:00+09:00,57100.0,57200.0,57100.0,57100.0,16818,0.0,0.0
2025-02-18 12:50:00+09:00,57100.0,57200.0,57100.0,57100.0,25774,0.0,0.0
2025-02-18 12:51:00+09:00,57200.0,57200.0,57100.0,57100.0,31386,0.0,0.0
2025-02-18 12:52:00+09:00,57100.0,57200.0,57000.0,57100.0,129187,0.0,0.0
2025-02-18 12:53:00+09:00,57100.0,57200.0,57000.0,57100.0,34651,0.0,0.0
2025-02-18 12:54:00+09:00,57100.0,57200.0,57100.0,57100.0,23770,0.0,0.0
2025-02-18 12:55:00+09:00,57100.0,57200.0,57000.0,57000.0,69902,0.0,0.0
2025-02-18 12:56:00+09:00,57000.0,57100.0,57000.0,57100.0,25455,0.0,0.0
2025-02-18 12:57:00+09:00,57000.0,57100.0,57000.0,57100.0,32796,0.0,0.0
2025-02-18 12:58:00+09:00,57000.0,57100.0,57000.0,57100.0,39422,0.0,0.0
2025-02-18 12:59:00+09:00,57000.0,57100.0,57000.0,57100.0,57810,0.0,0.0
2025-02-18 13:00:00+09:00,57000.0,57100.0,57000.0,57100.0,27279,0.0,0.0
2025-02-18 13:01:00+09:00,57100.0,57100.0,57000.0,57000.0,24222,0.0,0.0
2025-02-18 13:02:00+09:00,57100.0,57100.0,57000.0,57100.0,15563,0.0,0.0
2025-02-18 13:03:00+09:00,57000.0,57100.0,57000.0,57100.0,14693,0.0,0.0
2025-02-18 13:04:00+09:00,57100.0,57100.0,57000.0,57100.0,12511,0.0,0.0
2025-02-18 13:05:00+09:00,57000.0,57100.0,57000.0,57100.0,23584,0.0,0.0
2025-02-18 13:06:00+09:00,57100.0,57100.0,57000.0,57100.0,30042,0.0,0.0
2025-02-18 13:07:00+09:00,57100.0,57100.0,57000.0,57100.0,17195,0.0,0.0
2025-02-18 13:08:00+09:00,57100.0,57100.0,57000.0,57100.0,38602,0.0,0.0
2025-02-18 13:09:00+09:00,57100.0,57100.0,57000.0,57000.0,41304,0.0,0.0
2025-02-18 13:10:00+09:00,57000.0,57200.0,57000.0,57100.0,140121,0.0,0.0
2025-02-18 13:11:00+09:00,57100.0,57200.0,57100.0,57100.0,29021,0.0,0.0
2025-02-18 13:12:00+09:00,57200.0,57200.0,57100.0,57200.0,21593,0.0,0.0
2025-02-18 13:13:00+09:00,57200.0,57200.0,57100.0,57200.0,15624,0.0,0.0
2025-02-18 13:14:00+09:00,57100.0,57200.0,57100.0,57100.0,14395,0.0,0.0
2025-02-18 13:15:00+09:00,57200.0,57200.0,57100.0,57200.0,23906,0.0,0.0
2025-02-18 13:16:00+09:00,57100.0,57200.0,57100.0,57100.0,27939,0.0,0.0
2025-02-18 13:17:00+09:00,57100.0,57200.0,57100.0,57100.0,20606,0.0,0.0
2025-02-18 13:18:00+09:00,57200.0,57200.0,57100.0,57100.0,26233,0.0,0.0
2025-02-18 13:19:00+09:00,57100.0,57200.0,57100.0,57100.0,12667,0.0,0.0
2025-02-18 13:20:00+09:00,57100.0,57200.0,57100.0,57200.0,17538,0.0,0.0
2025-02-18 13:21:00+09:00,57100.0,57200.0,57100.0,57100.0,21072,0.0,0.0
2025-02-18 13:22:00+09:00,57200.0,57200.0,57100.0,57200.0,18836,0.0,0.0
2025-02-18 13:23:00+09:00,57200.0,57200.0,57100.0,57200.0,18006,0.0,0.0
2025-02-18 13:24:00+09:00,57200.0,57200.0,57000.0,57000.0,207839,0.0,0.0
2025-02-18 13:25:00+09:00,57100.0,57200.0,57000.0,57100.0,79131,0.0,0.0
2025-02-18 13:26:00+09:00,57200.0,57200.0,57000.0,57100.0,5679,0.0,0.0
2025-02-18 13:27:00+09:00,57100.0,57100.0,57000.0,57100.0,13011,0.0,0.0
2025-02-18 13:28:00+09:00,57100.0,57100.0,57000.0,57100.0,11794,0.0,0.0
2025-02-18 13:29:00+09:00,57100.0,57100.0,57000.0,57100.0,11067,0.0,0.0
2025-02-18 13:30:00+09:00,57000.0,57100.0,57000.0,57000.0,12682,0.0,0.0
2025-02-18 13:31:00+09:00,57100.0,57100.0,57000.0,57100.0,17028,0.0,0.0
2025-02-18 13:32:00+09:00,57100.0,57100.0,57000.0,57100.0,13306,0.0,0.0
2025-02-18 13:33:00+09:00,57100.0,57100.0,57000.0,57000.0,12586,0.0,0.0
2025-02-18 13:34:00+09:00,57000.0,57100.0,57000.0,57100.0,61595,0.0,0.0
2025-02-18 13:35:00+09:00,57100.0,57100.0,57000.0,57100.0,11999,0.0,0.0
2025-02-18 13:36:00+09:00,57100.0,57100.0,57000.0,57000.0,17062,0.0,0.0
2025-02-18 13:37:00+09:00,57100.0,57100.0,57000.0,57000.0,11939,0.0,0.0
2025-02-18 13:38:00+09:00,57100.0,57100.0,57000.0,57000.0,12719,0.0,0.0
2025-02-18 13:39:00+09:00,57000.0,57100.0,57000.0,57100.0,16954,0.0,0.0
2025-02-18 13:40:00+09:00,57100.0,57100.0,57000.0,57100.0,17388,0.0,0.0
2025-02-18 13:41:00+09:00,57000.0,57100.0,57000.0,57100.0,21389,0.0,0.0
2025-02-18 13:42:00+09:00,57100.0,57100.0,57000.0,57100.0,27494,0.0,0.0
2025-02-18 13:43:00+09:00,57100.0,57100.0,57000.0,57100.0,16676,0.0,0.0
2025-02-18 13:44:00+09:00,57100.0,57100.0,57000.0,57000.0,19671,0.0,0.0
2025-02-18 13:45:00+09:00,57100.0,57100.0,57000.0,57000.0,28452,0.0,0.0
2025-02-18 13:46:00+09:00,57100.0,57100.0,57000.0,57000.0,18929,0.0,0.0
2025-02-18 13:47:00+09:00,57000.0,57100.0,57000.0,57000.0,24883,0.0,0.0
2025-02-18 13:48:00+09:00,57100.0,57100.0,57000.0,57100.0,17587,0.0,0.0
2025-02-18 13:49:00+09:00,57000.0,57100.0,57000.0,57100.0,47199,0.0,0.0
2025-02-18 13:50:00+09:00,57100.0,57100.0,56900.0,57100.0,359117,0.0,0.0
2025-02-18 13:51:00+09:00,57100.0,57100.0,57000.0,57100.0,23037,0.0,0.0
2025-02-18 13:52:00+09:00,57100.0,57100.0,57000.0,57000.0,14848,0.0,0.0
2025-02-18 13:53:00+09:00,57000.0,57100.0,57000.0,57100.0,13668,0.0,0.0
2025-02-18 13:54:00+09:00,57100.0,57100.0,57000.0,57100.0,11819,0.0,0.0
2025-02-18 13:55:00+09:00,57000.0,57100.0,57000.0,57000.0,14345,0.0,0.0
2025-02-18 13:56:00+09:00,57100.0,57100.0,57000.0,57100.0,24404,0.0,0.0
2025-02-18 13:57:00+09:00,57000.0,57100.0,57000.0,57100.0,13656,0.0,0.0
2025-02-18 13:58:00+09:00,57100.0,57100.0,57000.0,57000.0,11911,0.0,0.0
2025-02-18 13:59:00+09:00,57100.0,57200.0,57000.0,57100.0,211495,0.0,0.0
2025-02-18 14:00:00+09:00,57200.0,57200.0,57100.0,57100.0,15118,0.0,0.0
2025-02-18 14:01:00+09:00,57100.0,57200.0,57100.0,57100.0,14779,0.0,0.0
2025-02-18 14:02:00+09:00,57100.0,57200.0,57100.0,57100.0,12623,0.0,0.0
2025-02-18 14:03:00+09:00,57100.0,57200.0,57100.0,57100.0,35171,0.0,0.0
2025-02-18 14:04:00+09:00,57200.0,57200.0,57100.0,57100.0,31375,0.0,0.0
2025-02-18 14:05:00+09:00,57100.0,57200.0,57100.0,57100.0,11531,0.0,0.0
2025-02-18 14:06:00+09:00,57100.0,57200.0,57100.0,57200.0,45251,0.0,0.0
2025-02-18 14:07:00+09:00,57100.0,57200.0,57100.0,57200.0,13376,0.0,0.0
2025-02-18 14:08:00+09:00,57200.0,57200.0,57100.0,57100.0,15216,0.0,0.0
2025-02-18 14:09:00+09:00,57100.0,57200.0,57100.0,57200.0,18859,0.0,0.0
2025-02-18 14:10:00+09:00,57200.0,57200.0,57100.0,57200.0,14769,0.0,0.0
2025-02-18 14:11:00+09:00,57100.0,57200.0,57100.0,57100.0,42003,0.0,0.0
2025-02-18 14:12:00+09:00,57100.0,57200.0,57100.0,57100.0,19146,0.0,0.0
2025-02-18 14:13:00+09:00,57100.0,57200.0,57100.0,57100.0,29673,0.0,0.0
2025-02-18 14:14:00+09:00,57200.0,57200.0,57100.0,57200.0,22981,0.0,0.0
2025-02-18 14:15:00+09:00,57200.0,57200.0,57100.0,57100.0,26638,0.0,0.0
2025-02-18 14:16:00+09:00,57100.0,57200.0,57100.0,57200.0,32740,0.0,0.0
2025-02-18 14:17:00+09:00,57200.0,57200.0,57100.0,57200.0,16029,0.0,0.0
2025-02-18 14:18:00+09:00,57100.0,57200.0,57100.0,57200.0,24231,0.0,0.0
2025-02-18 14:19:00+09:00,57100.0,57200.0,57100.0,57200.0,23774,0.0,0.0
2025-02-18 14:20:00+09:00,57100.0,57200.0,57100.0,57100.0,19785,0.0,0.0
2025-02-18 14:21:00+09:00,57200.0,57200.0,57000.0,57100.0,209014,0.0,0.0
2025-02-18 14:22:00+09:00,57100.0,57100.0,57000.0,57100.0,13715,0.0,0.0
2025-02-18 14:23:00+09:00,57100.0,57100.0,57000.0,57100.0,12004,0.0,0.0
2025-02-18 14:24:00+09:00,57000.0,57100.0,57000.0,57100.0,14747,0.0,0.0
2025-02-18 14:25:00+09:00,57100.0,57100.0,57000.0,57100.0,9601,0.0,0.0
2025-02-18 14:26:00+09:00,57100.0,57100.0,57000.0,57000.0,21875,0.0,0.0
2025-02-18 14:27:00+09:00,57100.0,57100.0,57000.0,57000.0,10624,0.0,0.0
2025-02-18 14:28:00+09:00,57000.0,57100.0,57000.0,57000.0,19342,0.0,0.0
2025-02-18 14:29:00+09:00,57000.0,57100.0,57000.0,57100.0,16354,0.0,0.0
2025-02-18 14:30:00+09:00,57000.0,57100.0,57000.0,57000.0,25690,0.0,0.0
2025-02-18 14:31:00+09:00,57000.0,57100.0,57000.0,57100.0,23371,0.0,0.0
2025-02-18 14:32:00+09:00,57000.0,57100.0,57000.0,57100.0,13614,0.0,0.0
2025-02-18 14:33:00+09:00,57100.0,57100.0,57000.0,57100.0,22920,0.0,0.0
2025-02-18 14:34:00+09:00,57000.0,57100.0,57000.0,57100.0,13363,0.0,0.0
2025-02-18 14:35:00+09:00,57000.0,57100.0,57000.0,57100.0,45699,0.0,0.0
2025-02-18 14:36:00+09:00,57100.0,57100.0,57000.0,57100.0,33911,0.0,0.0
2025-02-18 14:37:00+09:00,57000.0,57100.0,57000.0,57000.0,25250,0.0,0.0
2025-02-18 14:38:00+09:00,57100.0,57100.0,57000.0,57100.0,18624,0.0,0.0
2025-02-18 14:39:00+09:00,57000.0,57100.0,57000.0,57100.0,23251,0.0,0.0
2025-02-18 14:40:00+09:00,57000.0,57100.0,57000.0,57000.0,14000,0.0,0.0
2025-02-18 14:41:00+09:00,57100.0,57100.0,57000.0,57100.0,18839,0.0,0.0
2025-02-18 14:42:00+09:00,57100.0,57100.0,57000.0,57000.0,14794,0.0,0.0
2025-02-18 14:43:00+09:00,57100.0,57100.0,57000.0,57100.0,17905,0.0,0.0
2025-02-18 14:44:00+09:00,57100.0,57100.0,57000.0,57000.0,16304,0.0,0.0
2025-02-18 14:45:00+09:00,57000.0,57100.0,57000.0,57100.0,40124,0.0,0.0
2025-02-18 14:46:00+09:00,57100.0,57100.0,57000.0,57100.0,31222,0.0,0.0
2025-02-18 14:47:00+09:00,57000.0,57100.0,57000.0,57000.0,53631,0.0,0.0
2025-02-18 14:48:00+09:00,57100.0,57100.0,57000.0,57000.0,28542,0.0,0.0
2025-02-18 14:49:00+09:00,57100.0,57100.0,57000.0,57000.0,39594,0.0,0.0
2025-02-18 14:50:00+09:00,57000.0,57100.0,57000.0,57100.0,20977,0.0,0.0
2025-02-18 14:51:00+09:00,57000.0,57100.0,57000.0,57100.0,27828,0.0,0.0
2025-02-18 14:52:00+09:00,57000.0,57100.0,57000.0,57000.0,21493,0.0,0.0
2025-02-18 14:53:00+09:00,57000.0,57100.0,57000.0,57100.0,22386,0.0,0.0
2025-02-18 14:54:00+09:00,57000.0,57100.0,57000.0,57100.0,17625,0.0,0.0
2025-02-18 14:55:00+09:00,57000.0,57100.0,57000.0,57000.0,36673,0.0,0.0
2025-02-18 14:56:00+09:00,57000.0,57100.0,57000.0,57000.0,26946,0.0,0.0
2025-02-18 14:57:00+09:00,57100.0,57100.0,57000.0,57100.0,20643,0.0,0.0
2025-02-18 14:58:00+09:00,57100.0,57100.0,57000.0,57000.0,28593,0.0,0.0
2025-02-18 14:59:00+09:00,57000.0,57100.0,57000.0,57000.0,73889,0.0,0.0
2025-02-19 09:00:00+09:00,57400.0,57600.0,57300.0,57500.0,1109513,0.0,0.0
2025-02-19 09:01:00+09:00,57500.0,57500.0,57400.0,57400.0,273047,0.0,0.0
2025-02-19 09:02:00+09:00,57400.0,57500.0,57400.0,57500.0,285522,0.0,0.0
2025-02-19 09:03:00+09:00,57500.0,57600.0,57400.0,57600.0,201926,0.0,0.0
2025-02-19 09:04:00+09:00,57600.0,57700.0,57500.0,57600.0,230026,0.0,0.0
2025-02-19 09:05:00+09:00,57700.0,57800.0,57600.0,57700.0,314435,0.0,0.0
2025-02-19 09:06:00+09:00,57700.0,57700.0,57600.0,57700.0,85828,0.0,0.0
2025-02-19 09:07:00+09:00,57600.0,57700.0,57600.0,57700.0,122391,0.0,0.0
2025-02-19 09:08:00+09:00,57600.0,57800.0,57600.0,57700.0,233772,0.0,0.0
2025-02-19 09:09:00+09:00,57700.0,57800.0,57600.0,57800.0,144997,0.0,0.0
2025-02-19 09:10:00+09:00,57700.0,57800.0,57600.0,57700.0,133405,0.0,0.0
2025-02-19 09:11:00+09:00,57700.0,57900.0,57700.0,57800.0,339360,0.0,0.0
2025-02-19 09:12:00+09:00,57800.0,58000.0,57800.0,58000.0,428728,0.0,0.0
2025-02-19 09:13:00+09:00,57900.0,58000.0,57800.0,58000.0,174121,0.0,0.0
2025-02-19 09:14:00+09:00,57900.0,58000.0,57900.0,58000.0,113589,0.0,0.0
2025-02-19 09:15:00+09:00,58000.0,58000.0,57900.0,57900.0,96004,0.0,0.0
2025-02-19 09:16:00+09:00,58000.0,58100.0,57900.0,58100.0,396601,0.0,0.0
2025-02-19 09:17:00+09:00,58100.0,58300.0,58000.0,58300.0,581954,0.0,0.0
2025-02-19 09:18:00+09:00,58300.0,58400.0,58200.0,58400.0,484647,0.0,0.0
2025-02-19 09:19:00+09:00,58400.0,58500.0,58300.0,58400.0,240771,0.0,0.0
2025-02-19 09:20:00+09:00,58300.0,58400.0,58200.0,58300.0,199844,0.0,0.0
2025-02-19 09:21:00+09:00,58200.0,58300.0,58100.0,58300.0,326338,0.0,0.0
2025-02-19 09:22:00+09:00,58200.0,58300.0,58200.0,58300.0,73964,0.0,0.0
2025-02-19 09:23:00+09:00,58200.0,58300.0,58200.0,58200.0,71676,0.0,0.0
2025-02-19 09:24:00+09:00,58300.0,58300.0,58100.0,58100.0,186644,0.0,0.0
2025-02-19 09:25:00+09:00,58200.0,58200.0,58000.0,58100.0,195047,0.0,0.0
2025-02-19 09:26:00+09:00,58100.0,58200.0,58000.0,58100.0,191376,0.0,0.0
2025-02-19 09:27:00+09:00,58100.0,58200.0,58100.0,58100.0,39920,0.0,0.0
2025-02-19 09:28:00+09:00,58200.0,58300.0,58100.0,58300.0,212884,0.0,0.0
2025-02-19 09:29:00+09:00,58200.0,58300.0,58200.0,58300.0,69142,0.0,0.0
2025-02-19 09:30:00+09:00,58300.0,58300.0,58200.0,58300.0,61715,0.0,0.0
2025-02-19 09:31:00+09:00,58300.0,58300.0,58200.0,58300.0,48646,0.0,0.0
2025-02-19 09:32:00+09:00,58300.0,58300.0,58100.0,58200.0,91624,0.0,0.0
2025-02-19 09:33:00+09:00,58200.0,58200.0,58100.0,58100.0,63596,0.0,0.0
2025-02-19 09:34:00+09:00,58100.0,58200.0,58100.0,58100.0,56479,0.0,0.0
2025-02-19 09:35:00+09:00,58200.0,58200.0,58100.0,58200.0,45504,0.0,0.0
2025-02-19 09:36:00+09:00,58200.0,58200.0,58100.0,58200.0,37946,0.0,0.0
2025-02-19 09:37:00+09:00,58200.0,58200.0,58100.0,58200.0,40427,0.0,0.0
2025-02-19 09:38:00+09:00,58200.0,58200.0,58100.0,58100.0,76279,0.0,0.0
2025-02-19 09:39:00+09:00,58200.0,58200.0,58000.0,58100.0,140396,0.0,0.0
2025-02-19 09:40:00+09:00,58100.0,58100.0,58000.0,58000.0,37364,0.0,0.0
2025-02-19 09:41:00+09:00,58000.0,58100.0,58000.0,58000.0,69087,0.0,0.0
2025-02-19 09:42:00+09:00,58100.0,58200.0,58000.0,58200.0,239433,0.0,0.0
2025-02-19 09:43:00+09:00,58200.0,58200.0,58100.0,58100.0,25541,0.0,0.0
2025-02-19 09:44:00+09:00,58200.0,58200.0,58100.0,58100.0,65802,0.0,0.0
2025-02-19 09:45:00+09:00,58100.0,58200.0,58100.0,58200.0,153657,0.0,0.0
2025-02-19 09:46:00+09:00,58100.0,58200.0,58100.0,58200.0,36164,0.0,0.0
2025-02-19 09:47:00+09:00,58200.0,58200.0,58100.0,58100.0,47254,0.0,0.0
2025-02-19 09:48:00+09:00,58200.0,58200.0,58100.0,58200.0,22837,0.0,0.0
2025-02-19 09:49:00+09:00,58100.0,58200.0,58100.0,58100.0,32355,0.0,0.0
2025-02-19 09:50:00+09:00,58200.0,58200.0,58100.0,58200.0,44444,0.0,0.0
2025-02-19 09:51:00+09:00,58200.0,58200.0,58100.0,58100.0,16357,0.0,0.0
2025-02-19 09:52:00+09:00,58100.0,58200.0,58100.0,58100.0,18375,0.0,0.0
2025-02-19 09:53:00+09:00,58100.0,58200.0,58100.0,58200.0,18859,0.0,0.0
2025-02-19 09:54:00+09:00,58200.0,58200.0,58100.0,58200.0,25020,0.0,0.0
2025-02-19 09:55:00+09:00,58200.0,58200.0,58100.0,58100.0,20707,0.0,0.0
2025-02-19 09:56:00+09:00,58200.0,58200.0,58100.0,58200.0,46653,0.0,0.0
2025-02-19 09:57:00+09:00,58200.0,58200.0,58100.0,58200.0,17463,0.0,0.0
2025-02-19 09:58:00+09:00,58200.0,58200.0,58100.0,58200.0,50843,0.0,0.0
2025-02-19 09:59:00+09:00,58100.0,58200.0,58100.0,58100.0,48543,0.0,0.0
2025-02-19 10:00:00+09:00,58100.0,58200.0,58100.0,58100.0,32288,0.0,0.0
2025-02-19 10:01:00+09:00,58100.0,58200.0,58100.0,58100.0,61384,0.0,0.0
2025-02-19 10:02:00+09:00,58100.0,58200.0,58000.0,58000.0,203012,0.0,0.0
2025-02-19 10:03:00+09:00,58000.0,58100.0,57900.0,58000.0,170510,0.0,0.0
2025-02-19 10:04:00+09:00,58100.0,58100.0,57900.0,58100.0,138110,0.0,0.0
2025-02-19 10:05:00+09:00,58100.0,58200.0,58000.0,58200.0,116593,0.0,0.0
2025-02-19 10:06:00+09:00,58100.0,58200.0,58100.0,58100.0,17419,0.0,0.0
2025-02-19 10:07:00+09:00,58200.0,58200.0,58100.0,58200.0,20876,0.0,0.0
2025-02-19 10:08:00+09:00,58200.0,58200.0,58100.0,58200.0,26901,0.0,0.0
2025-02-19 10:09:00+09:00,58100.0,58200.0,58100.0,58200.0,20600,0.0,0.0
2025-02-19 10:10:00+09:00,58200.0,58200.0,58100.0,58200.0,14133,0.0,0.0
2025-02-19 10:11:00+09:00,58200.0,58200.0,58100.0,58200.0,21075,0.0,0.0
2025-02-19 10:12:00+09:00,58200.0,58200.0,58100.0,58200.0,23002,0.0,0.0
2025-02-19 10:13:00+09:00,58100.0,58200.0,58100.0,58200.0,37329,0.0,0.0
2025-02-19 10:14:00+09:00,58200.0,58200.0,58100.0,58100.0,13765,0.0,0.0
2025-02-19 10:15:00+09:00,58100.0,58200.0,58100.0,58200.0,21947,0.0,0.0
2025-02-19 10:16:00+09:00,58200.0,58200.0,58100.0,58200.0,17957,0.0,0.0
2025-02-19 10:17:00+09:00,58100.0,58200.0,58100.0,58200.0,20415,0.0,0.0
2025-02-19 10:18:00+09:00,58100.0,58200.0,58100.0,58200.0,14422,0.0,0.0
2025-02-19 10:19:00+09:00,58200.0,58200.0,58100.0,58100.0,22703,0.0,0.0
2025-02-19 10:20:00+09:00,58100.0,58200.0,58100.0,58100.0,13772,0.0,0.0
2025-02-19 10:21:00+09:00,58200.0,58200.0,58100.0,58100.0,18713,0.0,0.0
2025-02-19 10:22:00+09:00,58200.0,58200.0,58100.0,58100.0,22673,0.0,0.0
2025-02-19 10:23:00+09:00,58200.0,58200.0,58100.0,58200.0,42002,0.0,0.0
2025-02-19 10:24:00+09:00,58100.0,58200.0,58100.0,58200.0,18564,0.0,0.0
2025-02-19 10:25:00+09:00,58200.0,58200.0,58100.0,58100.0,26304,0.0,0.0
2025-02-19 10:26:00+09:00,58100.0,58200.0,58100.0,58200.0,32086,0.0,0.0
2025-02-19 10:27:00+09:00,58200.0,58200.0,58100.0,58100.0,20134,0.0,0.0
2025-02-19 10:28:00+09:00,58100.0,58200.0,58100.0,58200.0,21025,0.0,0.0
2025-02-19 10:29:00+09:00,58200.0,58200.0,58100.0,58200.0,33052,0.0,0.0
2025-02-19 10:30:00+09:00,58100.0,58200.0,58100.0,58200.0,19179,0.0,0.0
2025-02-19 10:31:00+09:00,58200.0,58200.0,58100.0,58200.0,28880,0.0,0.0
2025-02-19 10:32:00+09:00,58200.0,58200.0,58100.0,58200.0,20713,0.0,0.0
2025-02-19 10:33:00+09:00,58200.0,58200.0,58100.0,58200.0,22403,0.0,0.0
2025-02-19 10:34:00+09:00,58200.0,58200.0,58100.0,58200.0,16243,0.0,0.0
2025-02-19 10:35:00+09:00,58100.0,58200.0,58100.0,58100.0,17672,0.0,0.0
2025-02-19 10:36:00+09:00,58100.0,58200.0,58100.0,58200.0,24923,0.0,0.0
2025-02-19 10:37:00+09:00,58200.0,58200.0,58100.0,58200.0,14226,0.0,0.0
2025-02-19 10:38:00+09:00,58100.0,58200.0,58100.0,58200.0,17796,0.0,0.0
2025-02-19 10:39:00+09:00,58200.0,58200.0,58100.0,58100.0,23357,0.0,0.0
2025-02-19 10:40:00+09:00,58200.0,58200.0,58100.0,58200.0,19467,0.0,0.0
2025-02-19 10:41:00+09:00,58100.0,58200.0,58100.0,58200.0,21318,0.0,0.0
2025-02-19 10:42:00+09:00,58200.0,58200.0,58100.0,58200.0,25551,0.0,0.0
2025-02-19 10:43:00+09:00,58200.0,58200.0,58100.0,58200.0,18048,0.0,0.0
2025-02-19 10:44:00+09:00,58200.0,58200.0,58100.0,58100.0,27364,0.0,0.0
2025-02-19 10:45:00+09:00,58200.0,58300.0,58100.0,58300.0,269317,0.0,0.0
2025-02-19 10:46:00+09:00,58200.0,58400.0,58200.0,58400.0,412545,0.0,0.0
2025-02-19 10:47:00+09:00,58400.0,58400.0,58300.0,58300.0,36430,0.0,0.0
2025-02-19 10:48:00+09:00,58400.0,58500.0,58300.0,58500.0,377072,0.0,0.0
2025-02-19 10:49:00+09:00,58500.0,58500.0,58400.0,58400.0,32514,0.0,0.0
2025-02-19 10:50:00+09:00,58500.0,58500.0,58400.0,58400.0,27180,0.0,0.0
2025-02-19 10:51:00+09:00,58500.0,58500.0,58400.0,58400.0,32811,0.0,0.0
2025-02-19 10:52:00+09:00,58400.0,58500.0,58400.0,58400.0,76654,0.0,0.0
2025-02-19 10:53:00+09:00,58500.0,58500.0,58400.0,58400.0,55097,0.0,0.0
2025-02-19 10:54:00+09:00,58500.0,58500.0,58400.0,58400.0,28204,0.0,0.0
2025-02-19 10:55:00+09:00,58400.0,58500.0,58400.0,58500.0,31340,0.0,0.0
2025-02-19 10:56:00+09:00,58500.0,58500.0,58400.0,58500.0,46445,0.0,0.0
2025-02-19 10:57:00+09:00,58400.0,58500.0,58400.0,58400.0,35936,0.0,0.0
2025-02-19 10:58:00+09:00,58500.0,58500.0,58400.0,58500.0,23572,0.0,0.0
2025-02-19 10:59:00+09:00,58400.0,58500.0,58400.0,58500.0,36918,0.0,0.0
2025-02-19 11:00:00+09:00,58400.0,58500.0,58400.0,58500.0,79113,0.0,0.0
2025-02-19 11:01:00+09:00,58500.0,58500.0,58400.0,58400.0,77611,0.0,0.0
2025-02-19 11:02:00+09:00,58500.0,58500.0,58400.0,58400.0,596235,0.0,0.0
2025-02-19 11:03:00+09:00,58500.0,58500.0,58400.0,58500.0,127781,0.0,0.0
2025-02-19 11:04:00+09:00,58500.0,58600.0,58400.0,58500.0,90375,0.0,0.0
2025-02-19 11:05:00+09:00,58500.0,58600.0,58500.0,58600.0,19562,0.0,0.0
2025-02-19 11:06:00+09:00,58600.0,58600.0,58500.0,58500.0,44861,0.0,0.0
2025-02-19 11:07:00+09:00,58600.0,58600.0,58500.0,58600.0,74219,0.0,0.0
2025-02-19 11:08:00+09:00,58600.0,58600.0,58500.0,58500.0,37507,0.0,0.0
2025-02-19 11:09:00+09:00,58500.0,58600.0,58500.0,58600.0,79316,0.0,0.0
2025-02-19 11:10:00+09:00,58600.0,58600.0,58500.0,58600.0,142851,0.0,0.0
2025-02-19 11:11:00+09:00,58600.0,58700.0,58500.0,58600.0,144238,0.0,0.0
2025-02-19 11:12:00+09:00,58700.0,58700.0,58600.0,58600.0,80919,0.0,0.0
2025-02-19 11:13:00+09:00,58700.0,58700.0,58600.0,58700.0,41679,0.0,0.0
2025-02-19 11:14:00+09:00,58600.0,58700.0,58600.0,58600.0,36625,0.0,0.0
2025-02-19 11:15:00+09:00,58600.0,58700.0,58600.0,58600.0,35814,0.0,0.0
2025-02-19 11:16:00+09:00,58700.0,58700.0,58600.0,58700.0,27752,0.0,0.0
2025-02-19 11:17:00+09:00,58700.0,58700.0,58600.0,58600.0,38219,0.0,0.0
2025-02-19 11:18:00+09:00,58600.0,58700.0,58600.0,58700.0,31619,0.0,0.0
2025-02-19 11:19:00+09:00,58600.0,58700.0,58600.0,58700.0,36534,0.0,0.0
2025-02-19 11:20:00+09:00,58600.0,58700.0,58400.0,58500.0,309852,0.0,0.0
2025-02-19 11:21:00+09:00,58500.0,58500.0,58300.0,58400.0,152188,0.0,0.0
2025-02-19 11:22:00+09:00,58300.0,58400.0,58300.0,58300.0,28716,0.0,0.0
2025-02-19 11:23:00+09:00,58400.0,58400.0,58300.0,58400.0,27772,0.0,0.0
2025-02-19 11:24:00+09:00,58400.0,58400.0,58300.0,58400.0,18774,0.0,0.0
2025-02-19 11:25:00+09:00,58300.0,58500.0,58300.0,58400.0,212198,0.0,0.0
2025-02-19 11:26:00+09:00,58400.0,58400.0,58300.0,58400.0,13681,0.0,0.0
2025-02-19 11:27:00+09:00,58400.0,58400.0,58300.0,58300.0,19409,0.0,0.0
2025-02-19 11:28:00+09:00,58400.0,58400.0,58300.0,58400.0,14492,0.0,0.0
2025-02-19 11:29:00+09:00,58400.0,58400.0,58300.0,58400.0,20597,0.0,0.0
2025-02-19 11:30:00+09:00,58300.0,58400.0,58300.0,58400.0,16785,0.0,0.0
2025-02-19 11:31:00+09:00,58400.0,58400.0,58300.0,58400.0,18540,0.0,0.0
2025-02-19 11:32:00+09:00,58400.0,58400.0,58300.0,58300.0,21759,0.0,0.0
2025-02-19 11:33:00+09:00,58300.0,58500.0,58300.0,58400.0,129244,0.0,0.0
2025-02-19 11:34:00+09:00,58500.0,58500.0,58400.0,58500.0,9229,0.0,0.0
2025-02-19 11:35:00+09:00,58500.0,58500.0,58400.0,58500.0,33847,0.0,0.0
2025-02-19 11:36:00+09:00,58500.0,58500.0,58400.0,58400.0,17241,0.0,0.0
2025-02-19 11:37:00+09:00,58500.0,58500.0,58400.0,58400.0,126223,0.0,0.0
2025-02-19 11:38:00+09:00,58400.0,58400.0,58300.0,58400.0,17228,0.0,0.0
2025-02-19 11:39:00+09:00,58400.0,58400.0,58300.0,58300.0,15380,0.0,0.0
2025-02-19 11:40:00+09:00,58400.0,58500.0,58300.0,58400.0,106096,0.0,0.0
2025-02-19 11:41:00+09:00,58400.0,58500.0,58400.0,58500.0,9858,0.0,0.0
2025-02-19 11:42:00+09:00,58400.0,58500.0,58400.0,58400.0,10685,0.0,0.0
2025-02-19 11:43:00+09:00,58400.0,58500.0,58400.0,58400.0,23749,0.0,0.0
2025-02-19 11:44:00+09:00,58500.0,58500.0,58400.0,58400.0,12776,0.0,0.0
2025-02-19 11:45:00+09:00,58500.0,58500.0,58400.0,58500.0,11402,0.0,0.0
2025-02-19 11:46:00+09:00,58500.0,58500.0,58400.0,58400.0,16513,0.0,0.0
2025-02-19 11:47:00+09:00,58400.0,58500.0,58400.0,58400.0,28445,0.0,0.0
2025-02-19 11:48:00+09:00,58500.0,58500.0,58400.0,58400.0,13292,0.0,0.0
2025-02-19 11:49:00+09:00,58500.0,58600.0,58400.0,58600.0,135140,0.0,0.0
2025-02-19 11:50:00+09:00,58600.0,58600.0,58500.0,58600.0,15642,0.0,0.0
2025-02-19 11:51:00+09:00,58500.0,58600.0,58500.0,58600.0,58768,0.0,0.0
2025-02-19 11:52:00+09:00,58500.0,58600.0,58500.0,58500.0,26532,0.0,0.0
2025-02-19 11:53:00+09:00,58600.0,58600.0,58500.0,58500.0,32057,0.0,0.0
2025-02-19 11:54:00+09:00,58500.0,58600.0,58400.0,58500.0,87210,0.0,0.0
2025-02-19 11:55:00+09:00,58500.0,58500.0,58400.0,58500.0,11753,0.0,0.0
2025-02-19 11:56:00+09:00,58500.0,58500.0,58400.0,58400.0,16391,0.0,0.0
2025-02-19 11:57:00+09:00,58500.0,58500.0,58400.0,58500.0,20508,0.0,0.0
2025-02-19 11:58:00+09:00,58500.0,58500.0,58400.0,58500.0,27598,0.0,0.0
2025-02-19 11:59:00+09:00,58500.0,58500.0,58400.0,58500.0,48816,0.0,0.0
2025-02-19 12:00:00+09:00,58500.0,58600.0,58400.0,58600.0,14969,0.0,0.0
2025-02-19 12:01:00+09:00,58500.0,58600.0,58500.0,58600.0,18045,0.0,0.0
2025-02-19 12:02:00+09:00,58600.0,58600.0,58500.0,58500.0,11853,0.0,0.0
2025-02-19 12:03:00+09:00,58600.0,58600.0,58500.0,58500.0,13825,0.0,0.0
2025-02-19 12:04:00+09:00,58600.0,58600.0,58500.0,58500.0,30876,0.0,0.0
2025-02-19 12:05:00+09:00,58500.0,58600.0,58500.0,58600.0,15756,0.0,0.0
2025-02-19 12:06:00+09:00,58600.0,58600.0,58500.0,58500.0,11104,0.0,0.0
2025-02-19 12:07:00+09:00,58600.0,58600.0,58500.0,58600.0,39114,0.0,0.0
2025-02-19 12:08:00+09:00,58600.0,58600.0,58500.0,58500.0,12215,0.0,0.0
2025-02-19 12:09:00+09:00,58600.0,58600.0,58500.0,58600.0,12353,0.0,0.0
2025-02-19 12:10:00+09:00,58500.0,58600.0,58500.0,58600.0,24821,0.0,0.0
2025-02-19 12:11:00+09:00,58600.0,58600.0,58500.0,58600.0,14470,0.0,0.0
2025-02-19 12:12:00+09:00,58600.0,58600.0,58500.0,58500.0,19079,0.0,0.0
2025-02-19 12:13:00+09:00,58500.0,58600.0,58500.0,58500.0,18208,0.0,0.0
2025-02-19 12:14:00+09:00,58600.0,58600.0,58500.0,58600.0,49530,0.0,0.0
2025-02-19 12:15:00+09:00,58600.0,58600.0,58500.0,58600.0,10903,0.0,0.0
2025-02-19 12:16:00+09:00,58600.0,58600.0,58500.0,58600.0,17054,0.0,0.0
2025-02-19 12:17:00+09:00,58600.0,58600.0,58500.0,58500.0,20648,0.0,0.0
2025-02-19 12:18:00+09:00,58600.0,58600.0,58500.0,58600.0,17894,0.0,0.0
2025-02-19 12:19:00+09:00,58600.0,58600.0,58500.0,58600.0,14739,0.0,0.0
2025-02-19 12:20:00+09:00,58600.0,58600.0,58500.0,58600.0,14742,0.0,0.0
2025-02-19 12:21:00+09:00,58600.0,58700.0,58500.0,58700.0,216363,0.0,0.0
2025-02-19 12:22:00+09:00,58700.0,58700.0,58600.0,58600.0,22521,0.0,0.0
2025-02-19 12:23:00+09:00,58700.0,58700.0,58600.0,58600.0,30849,0.0,0.0
2025-02-19 12:24:00+09:00,58600.0,58700.0,58600.0,58600.0,24313,0.0,0.0
2025-02-19 12:25:00+09:00,58700.0,58700.0,58600.0,58700.0,28248,0.0,0.0
2025-02-19 12:26:00+09:00,58700.0,58700.0,58600.0,58700.0,27157,0.0,0.0
2025-02-19 12:27:00+09:00,58700.0,58700.0,58600.0,58700.0,18522,0.0,0.0
2025-02-19 12:28:00+09:00,58700.0,58700.0,58600.0,58700.0,27399,0.0,0.0
2025-02-19 12:29:00+09:00,58700.0,58700.0,58600.0,58700.0,29630,0.0,0.0
2025-02-19 12:30:00+09:00,58700.0,58700.0,58600.0,58700.0,15940,0.0,0.0
2025-02-19 12:31:00+09:00,58600.0,58700.0,58600.0,58600.0,28384,0.0,0.0
2025-02-19 12:32:00+09:00,58700.0,58700.0,58600.0,58600.0,25092,0.0,0.0
2025-02-19 12:33:00+09:00,58600.0,58700.0,58600.0,58700.0,15904,0.0,0.0
2025-02-19 12:34:00+09:00,58600.0,58700.0,58600.0,58600.0,25637,0.0,0.0
2025-02-19 12:35:00+09:00,58600.0,58700.0,58600.0,58700.0,56539,0.0,0.0
2025-02-19 12:36:00+09:00,58600.0,58700.0,58600.0,58600.0,43902,0.0,0.0
2025-02-19 12:37:00+09:00,58600.0,58700.0,58600.0,58600.0,38465,0.0,0.0
2025-02-19 12:38:00+09:00,58700.0,58700.0,58600.0,58600.0,32268,0.0,0.0
2025-02-19 12:39:00+09:00,58700.0,58700.0,58600.0,58700.0,58859,0.0,0.0
2025-02-19 12:40:00+09:00,58700.0,58800.0,58600.0,58700.0,294500,0.0,0.0
2025-02-19 12:41:00+09:00,58700.0,58800.0,58700.0,58800.0,30178,0.0,0.0
2025-02-19 12:42:00+09:00,58700.0,58800.0,58600.0,58700.0,167875,0.0,0.0
2025-02-19 12:43:00+09:00,58700.0,58700.0,58600.0,58700.0,57399,0.0,0.0
2025-02-19 12:44:00+09:00,58700.0,58700.0,58600.0,58600.0,19118,0.0,0.0
2025-02-19 12:45:00+09:00,58600.0,58700.0,58600.0,58700.0,23112,0.0,0.0
2025-02-19 12:46:00+09:00,58700.0,58700.0,58600.0,58600.0,21021,0.0,0.0
2025-02-19 12:47:00+09:00,58600.0,58700.0,58600.0,58600.0,18502,0.0,0.0
2025-02-19 12:48:00+09:00,58700.0,58700.0,58600.0,58700.0,23473,0.0,0.0
2025-02-19 12:49:00+09:00,58600.0,58700.0,58600.0,58600.0,17908,0.0,0.0
2025-02-19 12:50:00+09:00,58700.0,58700.0,58600.0,58700.0,14479,0.0,0.0
2025-02-19 12:51:00+09:00,58600.0,58700.0,58600.0,58600.0,18261,0.0,0.0
2025-02-19 12:52:00+09:00,58700.0,58700.0,58600.0,58700.0,19716,0.0,0.0
2025-02-19 12:53:00+09:00,58700.0,58700.0,58600.0,58700.0,16080,0.0,0.0
2025-02-19 12:54:00+09:00,58700.0,58700.0,58600.0,58600.0,21677,0.0,0.0
2025-02-19 12:55:00+09:00,58600.0,58700.0,58600.0,58600.0,23963,0.0,0.0
2025-02-19 12:56:00+09:00,58700.0,58700.0,58600.0,58600.0,19554,0.0,0.0
2025-02-19 12:57:00+09:00,58600.0,58700.0,58600.0,58600.0,21750,0.0,0.0
2025-02-19 12:58:00+09:00,58700.0,58700.0,58600.0,58700.0,32146,0.0,0.0
2025-02-19 12:59:00+09:00,58700.0,58700.0,58600.0,58700.0,30214,0.0,0.0
2025-02-19 13:00:00+09:00,58700.0,58700.0,58600.0,58700.0,24010,0.0,0.0
2025-02-19 13:01:00+09:00,58600.0,58700.0,58600.0,58700.0,23943,0.0,0.0
2025-02-19 13:02:00+09:00,58700.0,58700.0,58600.0,58700.0,18823,0.0,0.0
2025-02-19 13:03:00+09:00,58700.0,58700.0,58600.0,58700.0,23695,0.0,0.0
2025-02-19 13:04:00+09:00,58700.0,58700.0,58600.0,58700.0,35550,0.0,0.0
2025-02-19 13:05:00+09:00,58600.0,58700.0,58600.0,58700.0,15594,0.0,0.0
2025-02-19 13:06:00+09:00,58700.0,58700.0,58600.0,58600.0,16534,0.0,0.0
2025-02-19 13:07:00+09:00,58600.0,58700.0,58600.0,58600.0,15808,0.0,0.0
2025-02-19 13:08:00+09:00,58700.0,58700.0,58600.0,58700.0,19527,0.0,0.0
2025-02-19 13:09:00+09:00,58700.0,58700.0,58600.0,58700.0,16240,0.0,0.0
2025-02-19 13:10:00+09:00,58600.0,58700.0,58600.0,58700.0,19604,0.0,0.0
2025-02-19 13:11:00+09:00,58600.0,58700.0,58600.0,58700.0,15269,0.0,0.0
2025-02-19 13:12:00+09:00,58700.0,58700.0,58600.0,58700.0,19092,0.0,0.0
2025-02-19 13:13:00+09:00,58700.0,58700.0,58600.0,58600.0,33501,0.0,0.0
2025-02-19 13:14:00+09:00,58600.0,58700.0,58600.0,58700.0,24266,0.0,0.0
2025-02-19 13:15:00+09:00,58700.0,58700.0,58600.0,58600.0,42819,0.0,0.0
2025-02-19 13:16:00+09:00,58700.0,58700.0,58600.0,58700.0,22103,0.0,0.0
2025-02-19 13:17:00+09:00,58600.0,58700.0,58600.0,58700.0,57034,0.0,0.0
2025-02-19 13:18:00+09:00,58700.0,58700.0,58600.0,58700.0,46347,0.0,0.0
2025-02-19 13:19:00+09:00,58600.0,58800.0,58600.0,58700.0,234964,0.0,0.0
