Datetime,Open,High,Low,Close,Volume,Dividends,Stock Splits
2025-02-13 13:21:00+09:00,18170.0,18180.0,18170.0,18170.0,0,0.0,0.0
2025-02-13 13:22:00+09:00,18170.0,18190.0,18170.0,18180.0,1505,0.0,0.0
2025-02-13 13:23:00+09:00,18170.0,18190.0,18160.0,18170.0,3538,0.0,0.0
2025-02-13 13:24:00+09:00,18170.0,18170.0,18160.0,18170.0,1153,0.0,0.0
2025-02-13 13:25:00+09:00,18160.0,18170.0,18150.0,18150.0,3364,0.0,0.0
2025-02-13 13:26:00+09:00,18150.0,18170.0,18150.0,18160.0,2703,0.0,0.0
2025-02-13 13:27:00+09:00,18160.0,18170.0,18150.0,18150.0,1318,0.0,0.0
2025-02-13 13:28:00+09:00,18150.0,18170.0,18150.0,18160.0,1445,0.0,0.0
2025-02-13 13:29:00+09:00,18150.0,18170.0,18150.0,18160.0,2070,0.0,0.0
2025-02-13 13:30:00+09:00,18160.0,18170.0,18150.0,18150.0,1120,0.0,0.0
2025-02-13 13:31:00+09:00,18160.0,18170.0,18160.0,18160.0,1343,0.0,0.0
2025-02-13 13:32:00+09:00,18160.0,18170.0,18160.0,18160.0,1831,0.0,0.0
2025-02-13 13:33:00+09:00,18160.0,18190.0,18160.0,18160.0,2047,0.0,0.0
2025-02-13 13:34:00+09:00,18170.0,18170.0,18160.0,18160.0,2156,0.0,0.0
2025-02-13 13:35:00+09:00,18160.0,18170.0,18150.0,18150.0,656,0.0,0.0
2025-02-13 13:36:00+09:00,18160.0,18160.0,18150.0,18150.0,1109,0.0,0.0
2025-02-13 13:37:00+09:00,18150.0,18160.0,18150.0,18150.0,1102,0.0,0.0
2025-02-13 13:38:00+09:00,18150.0,18180.0,18150.0,18160.0,2421,0.0,0.0
2025-02-13 13:39:00+09:00,18170.0,18170.0,18150.0,18160.0,956,0.0,0.0
2025-02-13 13:40:00+09:00,18160.0,18170.0,18150.0,18160.0,1693,0.0,0.0
2025-02-13 13:41:00+09:00,18160.0,18180.0,18160.0,18180.0,2948,0.0,0.0
2025-02-13 13:42:00+09:00,18170.0,18200.0,18170.0,18200.0,3398,0.0,0.0
2025-02-13 13:43:00+09:00,18190.0,18200.0,18180.0,18190.0,1687,0.0,0.0
2025-02-13 13:44:00+09:00,18190.0,18200.0,18180.0,18190.0,1339,0.0,0.0
2025-02-13 13:45:00+09:00,18190.0,18200.0,18190.0,18190.0,1331,0.0,0.0
2025-02-13 13:46:00+09:00,18190.0,18200.0,18180.0,18190.0,2674,0.0,0.0
2025-02-13 13:47:00+09:00,18190.0,18190.0,18180.0,18180.0,1370,0.0,0.0
2025-02-13 13:48:00+09:00,18180.0,18190.0,18180.0,18180.0,1477,0.0,0.0
2025-02-13 13:49:00+09:00,18190.0,18200.0,18180.0,18190.0,2327,0.0,0.0
2025-02-13 13:50:00+09:00,18190.0,18200.0,18190.0,18200.0,2991,0.0,0.0
2025-02-13 13:51:00+09:00,18190.0,18200.0,18190.0,18190.0,2749,0.0,0.0
2025-02-13 13:52:00+09:00,18190.0,18210.0,18190.0,18200.0,1356,0.0,0.0
2025-02-13 13:53:00+09:00,18200.0,18210.0,18200.0,18200.0,2116,0.0,0.0
2025-02-13 13:54:00+09:00,18200.0,18210.0,18190.0,18200.0,2832,0.0,0.0
2025-02-13 13:55:00+09:00,18200.0,18210.0,18190.0,18210.0,1743,0.0,0.0
2025-02-13 13:56:00+09:00,18200.0,18220.0,18200.0,18210.0,3868,0.0,0.0
2025-02-13 13:57:00+09:00,18210.0,18280.0,18210.0,18270.0,31964,0.0,0.0
2025-02-13 13:58:00+09:00,18270.0,18290.0,18260.0,18270.0,9911,0.0,0.0
2025-02-13 13:59:00+09:00,18270.0,18270.0,18240.0,18260.0,6805,0.0,0.0
2025-02-13 14:00:00+09:00,18260.0,18260.0,18240.0,18240.0,2365,0.0,0.0
2025-02-13 14:01:00+09:00,18250.0,18250.0,18230.0,18250.0,2795,0.0,0.0
2025-02-13 14:02:00+09:00,18250.0,18250.0,18240.0,18240.0,2029,0.0,0.0
2025-02-13 14:03:00+09:00,18240.0,18250.0,18240.0,18240.0,961,0.0,0.0
2025-02-13 14:04:00+09:00,18240.0,18250.0,18220.0,18220.0,1422,0.0,0.0
2025-02-13 14:05:00+09:00,18220.0,18250.0,18220.0,18240.0,2625,0.0,0.0
2025-02-13 14:06:00+09:00,18240.0,18250.0,18240.0,18240.0,929,0.0,0.0
2025-02-13 14:07:00+09:00,18240.0,18250.0,18230.0,18240.0,2389,0.0,0.0
2025-02-13 14:08:00+09:00,18230.0,18250.0,18230.0,18230.0,2853,0.0,0.0
2025-02-13 14:09:00+09:00,18230.0,18250.0,18230.0,18230.0,491,0.0,0.0
2025-02-13 14:10:00+09:00,18230.0,18260.0,18210.0,18250.0,5216,0.0,0.0
2025-02-13 14:11:00+09:00,18260.0,18270.0,18250.0,18260.0,2061,0.0,0.0
2025-02-13 14:12:00+09:00,18270.0,18270.0,18250.0,18270.0,3509,0.0,0.0
2025-02-13 14:13:00+09:00,18260.0,18270.0,18260.0,18260.0,1325,0.0,0.0
2025-02-13 14:14:00+09:00,18260.0,18270.0,18240.0,18240.0,1336,0.0,0.0
2025-02-13 14:15:00+09:00,18240.0,18250.0,18240.0,18240.0,1504,0.0,0.0
2025-02-13 14:16:00+09:00,18240.0,18250.0,18230.0,18240.0,3792,0.0,0.0
2025-02-13 14:17:00+09:00,18240.0,18250.0,18240.0,18240.0,865,0.0,0.0
2025-02-13 14:18:00+09:00,18240.0,18250.0,18230.0,18230.0,1572,0.0,0.0
2025-02-13 14:19:00+09:00,18230.0,18240.0,18230.0,18240.0,1115,0.0,0.0
2025-02-13 14:20:00+09:00,18240.0,18250.0,18220.0,18230.0,5143,0.0,0.0
2025-02-13 14:21:00+09:00,18230.0,18230.0,18210.0,18220.0,2767,0.0,0.0
2025-02-13 14:22:00+09:00,18220.0,18220.0,18210.0,18210.0,1228,0.0,0.0
2025-02-13 14:23:00+09:00,18210.0,18230.0,18210.0,18230.0,2205,0.0,0.0
2025-02-13 14:24:00+09:00,18230.0,18230.0,18220.0,18220.0,1589,0.0,0.0
2025-02-13 14:25:00+09:00,18220.0,18230.0,18220.0,18230.0,1499,0.0,0.0
2025-02-13 14:26:00+09:00,18230.0,18230.0,18220.0,18220.0,1931,0.0,0.0
2025-02-13 14:27:00+09:00,18220.0,18230.0,18200.0,18200.0,2214,0.0,0.0
2025-02-13 14:28:00+09:00,18200.0,18210.0,18200.0,18200.0,925,0.0,0.0
2025-02-13 14:29:00+09:00,18200.0,18230.0,18200.0,18210.0,1563,0.0,0.0
2025-02-13 14:30:00+09:00,18230.0,18230.0,18210.0,18210.0,1495,0.0,0.0
2025-02-13 14:31:00+09:00,18210.0,18230.0,18210.0,18210.0,913,0.0,0.0
2025-02-13 14:32:00+09:00,18220.0,18220.0,18210.0,18210.0,1471,0.0,0.0
2025-02-13 14:33:00+09:00,18220.0,18230.0,18210.0,18210.0,1756,0.0,0.0
2025-02-13 14:34:00+09:00,18210.0,18220.0,18210.0,18210.0,1348,0.0,0.0
2025-02-13 14:35:00+09:00,18210.0,18220.0,18200.0,18210.0,2019,0.0,0.0
2025-02-13 14:36:00+09:00,18210.0,18220.0,18210.0,18210.0,2610,0.0,0.0
2025-02-13 14:37:00+09:00,18220.0,18230.0,18210.0,18220.0,2771,0.0,0.0
2025-02-13 14:38:00+09:00,18220.0,18230.0,18220.0,18220.0,1277,0.0,0.0
2025-02-13 14:39:00+09:00,18220.0,18230.0,18210.0,18230.0,1407,0.0,0.0
2025-02-13 14:40:00+09:00,18220.0,18230.0,18220.0,18230.0,1366,0.0,0.0
2025-02-13 14:41:00+09:00,18230.0,18240.0,18220.0,18230.0,902,0.0,0.0
2025-02-13 14:42:00+09:00,18230.0,18240.0,18220.0,18240.0,2644,0.0,0.0
2025-02-13 14:43:00+09:00,18240.0,18240.0,18210.0,18230.0,3746,0.0,0.0
2025-02-13 14:44:00+09:00,18230.0,18240.0,18220.0,18220.0,1324,0.0,0.0
2025-02-13 14:45:00+09:00,18220.0,18230.0,18220.0,18220.0,930,0.0,0.0
2025-02-13 14:46:00+09:00,18220.0,18240.0,18210.0,18230.0,2484,0.0,0.0
2025-02-13 14:47:00+09:00,18230.0,18240.0,18220.0,18230.0,1024,0.0,0.0
2025-02-13 14:48:00+09:00,18230.0,18240.0,18220.0,18230.0,1897,0.0,0.0
2025-02-13 14:49:00+09:00,18220.0,18230.0,18220.0,18220.0,886,0.0,0.0
2025-02-13 14:50:00+09:00,18230.0,18240.0,18220.0,18220.0,2597,0.0,0.0
2025-02-13 14:51:00+09:00,18220.0,18230.0,18220.0,18220.0,1219,0.0,0.0
2025-02-13 14:52:00+09:00,18220.0,18230.0,18220.0,18230.0,4130,0.0,0.0
2025-02-13 14:53:00+09:00,18220.0,18230.0,18220.0,18230.0,3085,0.0,0.0
2025-02-13 14:54:00+09:00,18220.0,18230.0,18220.0,18220.0,1158,0.0,0.0
2025-02-13 14:55:00+09:00,18230.0,18230.0,18210.0,18220.0,10994,0.0,0.0
2025-02-13 14:56:00+09:00,18220.0,18230.0,18210.0,18210.0,4819,0.0,0.0
2025-02-13 14:57:00+09:00,18220.0,18230.0,18200.0,18210.0,3355,0.0,0.0
2025-02-13 14:58:00+09:00,18200.0,18220.0,18200.0,18210.0,6463,0.0,0.0
2025-02-13 14:59:00+09:00,18220.0,18220.0,18190.0,18200.0,4140,0.0,0.0
2025-02-14 09:00:00+09:00,18310.0,18340.0,18260.0,18290.0,40859,0.0,0.0
2025-02-14 09:01:00+09:00,18280.0,18280.0,18210.0,18220.0,10392,0.0,0.0
2025-02-14 09:02:00+09:00,18230.0,18230.0,18180.0,18220.0,9676,0.0,0.0
2025-02-14 09:03:00+09:00,18220.0,18270.0,18210.0,18270.0,19799,0.0,0.0
2025-02-14 09:04:00+09:00,18270.0,18310.0,18260.0,18300.0,13734,0.0,0.0
2025-02-14 09:05:00+09:00,18300.0,18300.0,18220.0,18230.0,20100,0.0,0.0
2025-02-14 09:06:00+09:00,18250.0,18250.0,18220.0,18230.0,4614,0.0,0.0
2025-02-14 09:07:00+09:00,18220.0,18230.0,18220.0,18220.0,5924,0.0,0.0
2025-02-14 09:08:00+09:00,18220.0,18230.0,18210.0,18220.0,2443,0.0,0.0
2025-02-14 09:09:00+09:00,18220.0,18230.0,18210.0,18230.0,2081,0.0,0.0
2025-02-14 09:10:00+09:00,18230.0,18240.0,18190.0,18200.0,10172,0.0,0.0
2025-02-14 09:11:00+09:00,18200.0,18200.0,18190.0,18190.0,6104,0.0,0.0
2025-02-14 09:12:00+09:00,18190.0,18200.0,18190.0,18200.0,3113,0.0,0.0
2025-02-14 09:13:00+09:00,18200.0,18200.0,18190.0,18190.0,3531,0.0,0.0
2025-02-14 09:14:00+09:00,18190.0,18200.0,18180.0,18180.0,7665,0.0,0.0
2025-02-14 09:15:00+09:00,18190.0,18200.0,18180.0,18200.0,3671,0.0,0.0
2025-02-14 09:16:00+09:00,18200.0,18210.0,18190.0,18210.0,2865,0.0,0.0
2025-02-14 09:17:00+09:00,18200.0,18220.0,18180.0,18180.0,6694,0.0,0.0
2025-02-14 09:18:00+09:00,18170.0,18180.0,18170.0,18170.0,2061,0.0,0.0
2025-02-14 09:19:00+09:00,18170.0,18180.0,18120.0,18120.0,13574,0.0,0.0
2025-02-14 09:20:00+09:00,18130.0,18130.0,18010.0,18110.0,37809,0.0,0.0
2025-02-14 09:21:00+09:00,18110.0,18170.0,18110.0,18150.0,4760,0.0,0.0
2025-02-14 09:22:00+09:00,18150.0,18150.0,18120.0,18140.0,2117,0.0,0.0
2025-02-14 09:23:00+09:00,18140.0,18150.0,18120.0,18150.0,3345,0.0,0.0
2025-02-14 09:24:00+09:00,18150.0,18150.0,18140.0,18150.0,1341,0.0,0.0
2025-02-14 09:25:00+09:00,18150.0,18150.0,18110.0,18150.0,3576,0.0,0.0
2025-02-14 09:26:00+09:00,18150.0,18150.0,18120.0,18120.0,3484,0.0,0.0
2025-02-14 09:27:00+09:00,18130.0,18150.0,18110.0,18150.0,2399,0.0,0.0
2025-02-14 09:28:00+09:00,18140.0,18150.0,18130.0,18130.0,2192,0.0,0.0
2025-02-14 09:29:00+09:00,18140.0,18150.0,18130.0,18140.0,3376,0.0,0.0
2025-02-14 09:30:00+09:00,18140.0,18140.0,18110.0,18120.0,5457,0.0,0.0
2025-02-14 09:31:00+09:00,18110.0,18110.0,18080.0,18100.0,15551,0.0,0.0
2025-02-14 09:32:00+09:00,18110.0,18110.0,18060.0,18070.0,8492,0.0,0.0
2025-02-14 09:33:00+09:00,18070.0,18070.0,18030.0,18040.0,10675,0.0,0.0
2025-02-14 09:34:00+09:00,18040.0,18040.0,18030.0,18030.0,4956,0.0,0.0
2025-02-14 09:35:00+09:00,18030.0,18050.0,18030.0,18040.0,3664,0.0,0.0
2025-02-14 09:36:00+09:00,18040.0,18040.0,18020.0,18030.0,7463,0.0,0.0
2025-02-14 09:37:00+09:00,18030.0,18030.0,18020.0,18020.0,8544,0.0,0.0
2025-02-14 09:38:00+09:00,18040.0,18040.0,18010.0,18020.0,14167,0.0,0.0
2025-02-14 09:39:00+09:00,18020.0,18020.0,18010.0,18020.0,2700,0.0,0.0
2025-02-14 09:40:00+09:00,18020.0,18030.0,17970.0,17980.0,54352,0.0,0.0
2025-02-14 09:41:00+09:00,17980.0,17990.0,17970.0,17980.0,8462,0.0,0.0
2025-02-14 09:42:00+09:00,17980.0,17990.0,17960.0,17990.0,5649,0.0,0.0
2025-02-14 09:43:00+09:00,17990.0,18010.0,17980.0,18000.0,5252,0.0,0.0
2025-02-14 09:44:00+09:00,18000.0,18010.0,17970.0,17980.0,6094,0.0,0.0
2025-02-14 09:45:00+09:00,17980.0,17980.0,17950.0,17970.0,10626,0.0,0.0
2025-02-14 09:46:00+09:00,17980.0,17980.0,17950.0,17960.0,5758,0.0,0.0
2025-02-14 09:47:00+09:00,17960.0,18050.0,17960.0,17990.0,9948,0.0,0.0
2025-02-14 09:48:00+09:00,18010.0,18050.0,17990.0,18050.0,2914,0.0,0.0
2025-02-14 09:49:00+09:00,18050.0,18060.0,18030.0,18030.0,2247,0.0,0.0
2025-02-14 09:50:00+09:00,18040.0,18040.0,18030.0,18030.0,1277,0.0,0.0
2025-02-14 09:51:00+09:00,18030.0,18030.0,18010.0,18020.0,2961,0.0,0.0
2025-02-14 09:52:00+09:00,18020.0,18030.0,18020.0,18030.0,970,0.0,0.0
2025-02-14 09:53:00+09:00,18020.0,18030.0,18020.0,18030.0,1101,0.0,0.0
2025-02-14 09:54:00+09:00,18030.0,18040.0,18020.0,18030.0,1563,0.0,0.0
2025-02-14 09:55:00+09:00,18030.0,18050.0,18030.0,18050.0,2768,0.0,0.0
2025-02-14 09:56:00+09:00,18050.0,18060.0,18000.0,18030.0,14470,0.0,0.0
2025-02-14 09:57:00+09:00,18030.0,18050.0,18000.0,18040.0,2064,0.0,0.0
2025-02-14 09:58:00+09:00,18040.0,18050.0,17990.0,18000.0,4682,0.0,0.0
2025-02-14 09:59:00+09:00,18000.0,18030.0,18000.0,18030.0,2105,0.0,0.0
2025-02-14 10:00:00+09:00,18020.0,18040.0,18020.0,18030.0,4648,0.0,0.0
2025-02-14 10:01:00+09:00,18030.0,18040.0,18020.0,18030.0,1090,0.0,0.0
2025-02-14 10:02:00+09:00,18030.0,18040.0,18010.0,18020.0,3707,0.0,0.0
2025-02-14 10:03:00+09:00,18020.0,18030.0,17990.0,17990.0,3714,0.0,0.0
2025-02-14 10:04:00+09:00,18000.0,18020.0,17990.0,18020.0,3062,0.0,0.0
2025-02-14 10:05:00+09:00,18000.0,18030.0,18000.0,18030.0,1416,0.0,0.0
2025-02-14 10:06:00+09:00,18020.0,18090.0,18020.0,18090.0,7335,0.0,0.0
2025-02-14 10:07:00+09:00,18080.0,18110.0,18050.0,18060.0,10933,0.0,0.0
2025-02-14 10:08:00+09:00,18050.0,18060.0,18020.0,18050.0,2726,0.0,0.0
2025-02-14 10:09:00+09:00,18040.0,18060.0,18040.0,18050.0,1204,0.0,0.0
2025-02-14 10:10:00+09:00,18050.0,18050.0,18030.0,18030.0,1243,0.0,0.0
2025-02-14 10:11:00+09:00,18030.0,18060.0,18030.0,18050.0,1602,0.0,0.0
2025-02-14 10:12:00+09:00,18050.0,18050.0,18030.0,18040.0,1386,0.0,0.0
2025-02-14 10:13:00+09:00,18040.0,18050.0,18040.0,18040.0,1440,0.0,0.0
2025-02-14 10:14:00+09:00,18040.0,18050.0,18030.0,18040.0,4478,0.0,0.0
2025-02-14 10:15:00+09:00,18040.0,18070.0,18030.0,18060.0,6053,0.0,0.0
2025-02-14 10:16:00+09:00,18070.0,18070.0,18060.0,18060.0,1590,0.0,0.0
2025-02-14 10:17:00+09:00,18060.0,18070.0,18030.0,18030.0,1345,0.0,0.0
2025-02-14 10:18:00+09:00,18030.0,18040.0,18020.0,18030.0,5254,0.0,0.0
2025-02-14 10:19:00+09:00,18020.0,18040.0,18020.0,18020.0,1441,0.0,0.0
2025-02-14 10:20:00+09:00,18020.0,18040.0,18020.0,18020.0,3523,0.0,0.0
2025-02-14 10:21:00+09:00,18030.0,18030.0,18020.0,18030.0,2613,0.0,0.0
2025-02-14 10:22:00+09:00,18020.0,18030.0,18020.0,18030.0,1333,0.0,0.0
2025-02-14 10:23:00+09:00,18020.0,18040.0,18020.0,18030.0,1172,0.0,0.0
2025-02-14 10:24:00+09:00,18030.0,18040.0,18030.0,18030.0,1277,0.0,0.0
2025-02-14 10:25:00+09:00,18030.0,18040.0,18030.0,18030.0,863,0.0,0.0
2025-02-14 10:26:00+09:00,18040.0,18040.0,18030.0,18030.0,3005,0.0,0.0
2025-02-14 10:27:00+09:00,18050.0,18050.0,18030.0,18040.0,344,0.0,0.0
2025-02-14 10:28:00+09:00,18040.0,18050.0,18040.0,18040.0,464,0.0,0.0
2025-02-14 10:29:00+09:00,18040.0,18060.0,18040.0,18050.0,3088,0.0,0.0
2025-02-14 10:30:00+09:00,18060.0,18060.0,18020.0,18030.0,4815,0.0,0.0
2025-02-14 10:31:00+09:00,18040.0,18040.0,18030.0,18030.0,985,0.0,0.0
2025-02-14 10:32:00+09:00,18030.0,18040.0,18030.0,18040.0,1293,0.0,0.0
2025-02-14 10:33:00+09:00,18030.0,18050.0,18030.0,18040.0,1023,0.0,0.0
2025-02-14 10:34:00+09:00,18030.0,18050.0,18030.0,18040.0,3161,0.0,0.0
2025-02-14 10:35:00+09:00,18040.0,18040.0,18030.0,18030.0,1975,0.0,0.0
2025-02-14 10:36:00+09:00,18030.0,18030.0,18020.0,18020.0,3829,0.0,0.0
2025-02-14 10:37:00+09:00,18020.0,18030.0,18020.0,18030.0,909,0.0,0.0
2025-02-14 10:38:00+09:00,18030.0,18040.0,18020.0,18030.0,3188,0.0,0.0
2025-02-14 10:39:00+09:00,18030.0,18040.0,18030.0,18040.0,1025,0.0,0.0
2025-02-14 10:40:00+09:00,18040.0,18050.0,18030.0,18030.0,1006,0.0,0.0
2025-02-14 10:41:00+09:00,18040.0,18050.0,18030.0,18040.0,2335,0.0,0.0
2025-02-14 10:42:00+09:00,18030.0,18040.0,18030.0,18040.0,1614,0.0,0.0
2025-02-14 10:43:00+09:00,18030.0,18050.0,18030.0,18030.0,2454,0.0,0.0
2025-02-14 10:44:00+09:00,18030.0,18040.0,18030.0,18030.0,1891,0.0,0.0
2025-02-14 10:45:00+09:00,18030.0,18040.0,18030.0,18030.0,1025,0.0,0.0
2025-02-14 10:46:00+09:00,18030.0,18040.0,18030.0,18030.0,1692,0.0,0.0
2025-02-14 10:47:00+09:00,18030.0,18040.0,18020.0,18040.0,5333,0.0,0.0
2025-02-14 10:48:00+09:00,18040.0,18060.0,18030.0,18050.0,2878,0.0,0.0
2025-02-14 10:49:00+09:00,18050.0,18070.0,18050.0,18050.0,2673,0.0,0.0
2025-02-14 10:50:00+09:00,18060.0,18070.0,18050.0,18060.0,4741,0.0,0.0
2025-02-14 10:51:00+09:00,18070.0,18090.0,18060.0,18070.0,7493,0.0,0.0
2025-02-14 10:52:00+09:00,18080.0,18090.0,18060.0,18070.0,6920,0.0,0.0
2025-02-14 10:53:00+09:00,18060.0,18090.0,18060.0,18070.0,4528,0.0,0.0
2025-02-14 10:54:00+09:00,18070.0,18100.0,18060.0,18080.0,3363,0.0,0.0
2025-02-14 10:55:00+09:00,18080.0,18100.0,18080.0,18090.0,2274,0.0,0.0
2025-02-14 10:56:00+09:00,18090.0,18090.0,18080.0,18080.0,1217,0.0,0.0
2025-02-14 10:57:00+09:00,18080.0,18090.0,18080.0,18090.0,468,0.0,0.0
2025-02-14 10:58:00+09:00,18090.0,18100.0,18070.0,18100.0,2071,0.0,0.0
2025-02-14 10:59:00+09:00,18100.0,18100.0,18070.0,18090.0,7865,0.0,0.0
2025-02-14 11:00:00+09:00,18080.0,18090.0,18070.0,18090.0,545,0.0,0.0
2025-02-14 11:01:00+09:00,18080.0,18100.0,18080.0,18090.0,1605,0.0,0.0
2025-02-14 11:02:00+09:00,18080.0,18090.0,18080.0,18090.0,857,0.0,0.0
2025-02-14 11:03:00+09:00,18090.0,18090.0,18080.0,18080.0,2056,0.0,0.0
2025-02-14 11:04:00+09:00,18080.0,18110.0,18080.0,18100.0,11387,0.0,0.0
2025-02-14 11:05:00+09:00,18110.0,18130.0,18090.0,18120.0,2835,0.0,0.0
2025-02-14 11:06:00+09:00,18110.0,18110.0,18080.0,18080.0,1946,0.0,0.0
2025-02-14 11:07:00+09:00,18070.0,18090.0,18060.0,18090.0,6297,0.0,0.0
2025-02-14 11:08:00+09:00,18080.0,18090.0,18060.0,18080.0,2576,0.0,0.0
2025-02-14 11:09:00+09:00,18080.0,18090.0,18060.0,18080.0,2453,0.0,0.0
2025-02-14 11:10:00+09:00,18080.0,18100.0,18070.0,18090.0,1843,0.0,0.0
2025-02-14 11:11:00+09:00,18090.0,18100.0,18070.0,18090.0,915,0.0,0.0
2025-02-14 11:12:00+09:00,18080.0,18090.0,18080.0,18080.0,861,0.0,0.0
2025-02-14 11:13:00+09:00,18080.0,18110.0,18080.0,18100.0,2049,0.0,0.0
2025-02-14 11:14:00+09:00,18100.0,18100.0,18070.0,18070.0,2014,0.0,0.0
2025-02-14 11:15:00+09:00,18070.0,18100.0,18070.0,18090.0,897,0.0,0.0
2025-02-14 11:16:00+09:00,18080.0,18090.0,18070.0,18070.0,391,0.0,0.0
2025-02-14 11:17:00+09:00,18070.0,18080.0,18070.0,18070.0,1475,0.0,0.0
2025-02-14 11:18:00+09:00,18080.0,18080.0,18070.0,18080.0,1114,0.0,0.0
2025-02-14 11:19:00+09:00,18070.0,18080.0,18070.0,18080.0,916,0.0,0.0
2025-02-14 11:20:00+09:00,18090.0,18110.0,18090.0,18110.0,4507,0.0,0.0
2025-02-14 11:21:00+09:00,18110.0,18120.0,18110.0,18120.0,811,0.0,0.0
2025-02-14 11:22:00+09:00,18110.0,18110.0,18100.0,18100.0,1354,0.0,0.0
2025-02-14 11:23:00+09:00,18100.0,18110.0,18100.0,18100.0,977,0.0,0.0
2025-02-14 11:24:00+09:00,18100.0,18120.0,18090.0,18120.0,2915,0.0,0.0
2025-02-14 11:25:00+09:00,18110.0,18110.0,18090.0,18100.0,788,0.0,0.0
2025-02-14 11:26:00+09:00,18100.0,18100.0,18090.0,18090.0,1850,0.0,0.0
2025-02-14 11:27:00+09:00,18090.0,18110.0,18090.0,18110.0,678,0.0,0.0
2025-02-14 11:28:00+09:00,18110.0,18120.0,18100.0,18110.0,1805,0.0,0.0
2025-02-14 11:29:00+09:00,18110.0,18130.0,18100.0,18130.0,1988,0.0,0.0
2025-02-14 11:30:00+09:00,18120.0,18140.0,18110.0,18130.0,3045,0.0,0.0
2025-02-14 11:31:00+09:00,18130.0,18140.0,18120.0,18130.0,2532,0.0,0.0
2025-02-14 11:32:00+09:00,18130.0,18140.0,18120.0,18120.0,1142,0.0,0.0
2025-02-14 11:33:00+09:00,18120.0,18140.0,18110.0,18130.0,2251,0.0,0.0
2025-02-14 11:34:00+09:00,18140.0,18150.0,18130.0,18140.0,1138,0.0,0.0
2025-02-14 11:35:00+09:00,18150.0,18150.0,18140.0,18140.0,555,0.0,0.0
2025-02-14 11:36:00+09:00,18150.0,18170.0,18140.0,18170.0,7502,0.0,0.0
2025-02-14 11:37:00+09:00,18160.0,18170.0,18150.0,18160.0,2222,0.0,0.0
2025-02-14 11:38:00+09:00,18160.0,18160.0,18150.0,18160.0,295,0.0,0.0
2025-02-14 11:39:00+09:00,18150.0,18170.0,18150.0,18170.0,2524,0.0,0.0
2025-02-14 11:40:00+09:00,18160.0,18180.0,18160.0,18170.0,4301,0.0,0.0
2025-02-14 11:41:00+09:00,18170.0,18180.0,18170.0,18170.0,1791,0.0,0.0
2025-02-14 11:42:00+09:00,18180.0,18190.0,18170.0,18180.0,1233,0.0,0.0
2025-02-14 11:43:00+09:00,18180.0,18180.0,18170.0,18170.0,1203,0.0,0.0
2025-02-14 11:44:00+09:00,18160.0,18180.0,18160.0,18170.0,4726,0.0,0.0
2025-02-14 11:45:00+09:00,18170.0,18170.0,18160.0,18160.0,360,0.0,0.0
2025-02-14 11:46:00+09:00,18170.0,18180.0,18160.0,18160.0,1486,0.0,0.0
2025-02-14 11:47:00+09:00,18160.0,18180.0,18160.0,18170.0,1485,0.0,0.0
2025-02-14 11:48:00+09:00,18170.0,18180.0,18160.0,18170.0,4039,0.0,0.0
2025-02-14 11:49:00+09:00,18180.0,18190.0,18170.0,18180.0,3957,0.0,0.0
2025-02-14 11:50:00+09:00,18180.0,18190.0,18170.0,18190.0,2350,0.0,0.0
2025-02-14 11:51:00+09:00,18180.0,18190.0,18180.0,18180.0,1514,0.0,0.0
2025-02-14 11:52:00+09:00,18180.0,18190.0,18170.0,18180.0,1519,0.0,0.0
2025-02-14 11:53:00+09:00,18180.0,18190.0,18180.0,18190.0,1175,0.0,0.0
2025-02-14 11:54:00+09:00,18180.0,18190.0,18170.0,18190.0,976,0.0,0.0
2025-02-14 11:55:00+09:00,18190.0,18200.0,18170.0,18200.0,3527,0.0,0.0
2025-02-14 11:56:00+09:00,18200.0,18240.0,18190.0,18240.0,22566,0.0,0.0
2025-02-14 11:57:00+09:00,18230.0,18250.0,18230.0,18250.0,5542,0.0,0.0
2025-02-14 11:58:00+09:00,18240.0,18260.0,18230.0,18250.0,6901,0.0,0.0
2025-02-14 11:59:00+09:00,18250.0,18250.0,18230.0,18240.0,4407,0.0,0.0
2025-02-14 12:00:00+09:00,18230.0,18260.0,18230.0,18260.0,3501,0.0,0.0
2025-02-14 12:01:00+09:00,18260.0,18280.0,18260.0,18260.0,3465,0.0,0.0
2025-02-14 12:02:00+09:00,18260.0,18270.0,18240.0,18250.0,3760,0.0,0.0
2025-02-14 12:03:00+09:00,18260.0,18270.0,18250.0,18270.0,3450,0.0,0.0
2025-02-14 12:04:00+09:00,18270.0,18280.0,18270.0,18280.0,2956,0.0,0.0
2025-02-14 12:05:00+09:00,18280.0,18290.0,18270.0,18270.0,4525,0.0,0.0
2025-02-14 12:06:00+09:00,18270.0,18300.0,18270.0,18280.0,6552,0.0,0.0
2025-02-14 12:07:00+09:00,18280.0,18280.0,18260.0,18260.0,1169,0.0,0.0
2025-02-14 12:08:00+09:00,18260.0,18270.0,18260.0,18270.0,883,0.0,0.0
2025-02-14 12:09:00+09:00,18270.0,18280.0,18250.0,18260.0,1217,0.0,0.0
2025-02-14 12:10:00+09:00,18260.0,18270.0,18260.0,18270.0,5159,0.0,0.0
2025-02-14 12:11:00+09:00,18270.0,18280.0,18260.0,18280.0,1698,0.0,0.0
2025-02-14 12:12:00+09:00,18270.0,18280.0,18260.0,18260.0,1785,0.0,0.0
2025-02-14 12:13:00+09:00,18260.0,18270.0,18260.0,18270.0,2653,0.0,0.0
2025-02-14 12:14:00+09:00,18270.0,18270.0,18240.0,18240.0,2139,0.0,0.0
2025-02-14 12:15:00+09:00,18250.0,18260.0,18240.0,18260.0,3100,0.0,0.0
2025-02-14 12:16:00+09:00,18260.0,18290.0,18250.0,18290.0,8615,0.0,0.0
2025-02-14 12:17:00+09:00,18280.0,18290.0,18270.0,18280.0,2473,0.0,0.0
2025-02-14 12:18:00+09:00,18280.0,18290.0,18270.0,18270.0,750,0.0,0.0
2025-02-14 12:19:00+09:00,18280.0,18290.0,18260.0,18270.0,1792,0.0,0.0
2025-02-14 12:20:00+09:00,18280.0,18290.0,18270.0,18280.0,3533,0.0,0.0
2025-02-14 12:21:00+09:00,18280.0,18320.0,18280.0,18300.0,17647,0.0,0.0
2025-02-14 12:22:00+09:00,18300.0,18300.0,18290.0,18290.0,1821,0.0,0.0
2025-02-14 12:23:00+09:00,18290.0,18300.0,18280.0,18280.0,4105,0.0,0.0
2025-02-14 12:24:00+09:00,18280.0,18320.0,18280.0,18310.0,18204,0.0,0.0
2025-02-14 12:25:00+09:00,18300.0,18320.0,18300.0,18300.0,3669,0.0,0.0
2025-02-14 12:26:00+09:00,18300.0,18300.0,18290.0,18300.0,1770,0.0,0.0
2025-02-14 12:27:00+09:00,18300.0,18300.0,18280.0,18280.0,3446,0.0,0.0
2025-02-14 12:28:00+09:00,18280.0,18300.0,18260.0,18260.0,2238,0.0,0.0
2025-02-14 12:29:00+09:00,18260.0,18270.0,18250.0,18250.0,1451,0.0,0.0
2025-02-14 12:30:00+09:00,18250.0,18250.0,18240.0,18250.0,5087,0.0,0.0
2025-02-14 12:31:00+09:00,18240.0,18280.0,18240.0,18270.0,1760,0.0,0.0
2025-02-14 12:32:00+09:00,18270.0,18280.0,18250.0,18270.0,2770,0.0,0.0
2025-02-14 12:33:00+09:00,18270.0,18280.0,18260.0,18260.0,1683,0.0,0.0
2025-02-14 12:34:00+09:00,18270.0,18280.0,18250.0,18270.0,2870,0.0,0.0
2025-02-14 12:35:00+09:00,18270.0,18290.0,18260.0,18290.0,2442,0.0,0.0
2025-02-14 12:36:00+09:00,18260.0,18280.0,18260.0,18280.0,1271,0.0,0.0
2025-02-14 12:37:00+09:00,18270.0,18290.0,18260.0,18280.0,1438,0.0,0.0
2025-02-14 12:38:00+09:00,18270.0,18300.0,18270.0,18280.0,3235,0.0,0.0
2025-02-14 12:39:00+09:00,18290.0,18290.0,18260.0,18260.0,755,0.0,0.0
2025-02-14 12:40:00+09:00,18260.0,18270.0,18260.0,18260.0,2583,0.0,0.0
2025-02-14 12:41:00+09:00,18260.0,18260.0,18240.0,18240.0,1064,0.0,0.0
2025-02-14 12:42:00+09:00,18240.0,18270.0,18240.0,18270.0,756,0.0,0.0
2025-02-14 12:43:00+09:00,18270.0,18290.0,18260.0,18280.0,1930,0.0,0.0
2025-02-14 12:44:00+09:00,18280.0,18280.0,18270.0,18270.0,384,0.0,0.0
2025-02-14 12:45:00+09:00,18270.0,18290.0,18270.0,18280.0,1110,0.0,0.0
2025-02-14 12:46:00+09:00,18280.0,18280.0,18260.0,18260.0,2197,0.0,0.0
2025-02-14 12:47:00+09:00,18260.0,18260.0,18260.0,18260.0,354,0.0,0.0
2025-02-14 12:48:00+09:00,18260.0,18280.0,18250.0,18260.0,1265,0.0,0.0
2025-02-14 12:49:00+09:00,18270.0,18270.0,18260.0,18260.0,621,0.0,0.0
2025-02-14 12:50:00+09:00,18260.0,18270.0,18260.0,18270.0,1299,0.0,0.0
2025-02-14 12:51:00+09:00,18260.0,18280.0,18260.0,18280.0,1430,0.0,0.0
2025-02-14 12:52:00+09:00,18260.0,18280.0,18260.0,18260.0,2006,0.0,0.0
2025-02-14 12:53:00+09:00,18270.0,18300.0,18270.0,18290.0,8875,0.0,0.0
2025-02-14 12:54:00+09:00,18290.0,18300.0,18290.0,18290.0,1526,0.0,0.0
2025-02-14 12:55:00+09:00,18290.0,18290.0,18270.0,18290.0,1583,0.0,0.0
2025-02-14 12:56:00+09:00,18290.0,18300.0,18270.0,18270.0,3141,0.0,0.0
2025-02-14 12:57:00+09:00,18290.0,18290.0,18280.0,18290.0,1192,0.0,0.0
2025-02-14 12:58:00+09:00,18280.0,18290.0,18270.0,18280.0,2029,0.0,0.0
2025-02-14 12:59:00+09:00,18280.0,18290.0,18270.0,18280.0,1384,0.0,0.0
2025-02-14 13:00:00+09:00,18270.0,18280.0,18250.0,18250.0,2232,0.0,0.0
2025-02-14 13:01:00+09:00,18250.0,18250.0,18220.0,18250.0,3209,0.0,0.0
2025-02-14 13:02:00+09:00,18250.0,18250.0,18230.0,18230.0,754,0.0,0.0
2025-02-14 13:03:00+09:00,18230.0,18240.0,18210.0,18220.0,1683,0.0,0.0
2025-02-14 13:04:00+09:00,18220.0,18230.0,18210.0,18220.0,1899,0.0,0.0
2025-02-14 13:05:00+09:00,18230.0,18230.0,18220.0,18230.0,963,0.0,0.0
2025-02-14 13:06:00+09:00,18230.0,18240.0,18230.0,18230.0,612,0.0,0.0
2025-02-14 13:07:00+09:00,18230.0,18240.0,18230.0,18230.0,816,0.0,0.0
2025-02-14 13:08:00+09:00,18220.0,18250.0,18220.0,18230.0,1139,0.0,0.0
2025-02-14 13:09:00+09:00,18230.0,18250.0,18230.0,18250.0,1434,0.0,0.0
2025-02-14 13:10:00+09:00,18240.0,18240.0,18230.0,18230.0,0,0.0,0.0
2025-02-14 13:11:00+09:00,18230.0,18240.0,18220.0,18240.0,1780,0.0,0.0
2025-02-14 13:12:00+09:00,18240.0,18250.0,18240.0,18240.0,1012,0.0,0.0
2025-02-14 13:13:00+09:00,18240.0,18250.0,18220.0,18220.0,1668,0.0,0.0
2025-02-14 13:14:00+09:00,18220.0,18220.0,18210.0,18210.0,3494,0.0,0.0
2025-02-14 13:15:00+09:00,18210.0,18230.0,18210.0,18220.0,2656,0.0,0.0
2025-02-14 13:16:00+09:00,18220.0,18240.0,18210.0,18240.0,1747,0.0,0.0
2025-02-14 13:17:00+09:00,18240.0,18280.0,18220.0,18280.0,14866,0.0,0.0
2025-02-14 13:18:00+09:00,18270.0,18270.0,18250.0,18260.0,770,0.0,0.0
2025-02-14 13:19:00+09:00,18250.0,18260.0,18230.0,18230.0,2011,0.0,0.0
2025-02-14 13:20:00+09:00,18240.0,18250.0,18230.0,18240.0,1195,0.0,0.0
2025-02-14 13:21:00+09:00,18240.0,18240.0,18230.0,18230.0,1220,0.0,0.0
2025-02-14 13:22:00+09:00,18230.0,18240.0,18230.0,18240.0,822,0.0,0.0
2025-02-14 13:23:00+09:00,18230.0,18250.0,18230.0,18250.0,1492,0.0,0.0
2025-02-14 13:24:00+09:00,18240.0,18250.0,18240.0,18250.0,529,0.0,0.0
2025-02-14 13:25:00+09:00,18250.0,18250.0,18240.0,18240.0,6422,0.0,0.0
2025-02-14 13:26:00+09:00,18240.0,18250.0,18240.0,18250.0,2111,0.0,0.0
2025-02-14 13:27:00+09:00,18250.0,18250.0,18240.0,18240.0,3679,0.0,0.0
2025-02-14 13:28:00+09:00,18240.0,18280.0,18240.0,18270.0,12424,0.0,0.0
2025-02-14 13:29:00+09:00,18270.0,18280.0,18270.0,18270.0,1670,0.0,0.0
2025-02-14 13:30:00+09:00,18270.0,18300.0,18260.0,18290.0,4081,0.0,0.0
2025-02-14 13:31:00+09:00,18300.0,18300.0,18290.0,18290.0,4319,0.0,0.0
2025-02-14 13:32:00+09:00,18290.0,18300.0,18280.0,18300.0,5693,0.0,0.0
2025-02-14 13:33:00+09:00,18290.0,18310.0,18280.0,18300.0,2717,0.0,0.0
2025-02-14 13:34:00+09:00,18300.0,18310.0,18280.0,18280.0,4258,0.0,0.0
2025-02-14 13:35:00+09:00,18280.0,18290.0,18280.0,18280.0,1250,0.0,0.0
2025-02-14 13:36:00+09:00,18280.0,18290.0,18270.0,18280.0,784,0.0,0.0
2025-02-14 13:37:00+09:00,18270.0,18270.0,18250.0,18260.0,943,0.0,0.0
2025-02-14 13:38:00+09:00,18250.0,18260.0,18240.0,18240.0,1071,0.0,0.0
2025-02-14 13:39:00+09:00,18240.0,18250.0,18230.0,18230.0,4082,0.0,0.0
2025-02-14 13:40:00+09:00,18230.0,18240.0,18220.0,18230.0,1615,0.0,0.0
2025-02-14 13:41:00+09:00,18230.0,18250.0,18230.0,18250.0,1482,0.0,0.0
2025-02-14 13:42:00+09:00,18250.0,18260.0,18240.0,18240.0,1275,0.0,0.0
2025-02-14 13:43:00+09:00,18240.0,18250.0,18230.0,18230.0,779,0.0,0.0
2025-02-14 13:44:00+09:00,18230.0,18240.0,18230.0,18230.0,967,0.0,0.0
2025-02-14 13:45:00+09:00,18230.0,18250.0,18230.0,18230.0,1042,0.0,0.0
2025-02-14 13:46:00+09:00,18230.0,18240.0,18230.0,18230.0,611,0.0,0.0
2025-02-14 13:47:00+09:00,18230.0,18240.0,18230.0,18240.0,1043,0.0,0.0
2025-02-14 13:48:00+09:00,18240.0,18240.0,18230.0,18230.0,1239,0.0,0.0
2025-02-14 13:49:00+09:00,18230.0,18260.0,18230.0,18250.0,1032,0.0,0.0
2025-02-14 13:50:00+09:00,18250.0,18260.0,18240.0,18240.0,1307,0.0,0.0
2025-02-14 13:51:00+09:00,18240.0,18250.0,18240.0,18240.0,1735,0.0,0.0
2025-02-14 13:52:00+09:00,18240.0,18270.0,18240.0,18270.0,4879,0.0,0.0
2025-02-14 13:53:00+09:00,18270.0,18290.0,18270.0,18290.0,1957,0.0,0.0
2025-02-14 13:54:00+09:00,18290.0,18300.0,18280.0,18280.0,2137,0.0,0.0
2025-02-14 13:55:00+09:00,18280.0,18290.0,18280.0,18290.0,2197,0.0,0.0
2025-02-14 13:56:00+09:00,18280.0,18280.0,18270.0,18270.0,2462,0.0,0.0
2025-02-14 13:57:00+09:00,18270.0,18280.0,18250.0,18260.0,1876,0.0,0.0
2025-02-14 13:58:00+09:00,18260.0,18280.0,18260.0,18270.0,1204,0.0,0.0
2025-02-14 13:59:00+09:00,18270.0,18280.0,18270.0,18270.0,745,0.0,0.0
2025-02-14 14:00:00+09:00,18270.0,18290.0,18260.0,18280.0,2481,0.0,0.0
2025-02-14 14:01:00+09:00,18290.0,18290.0,18270.0,18270.0,1437,0.0,0.0
2025-02-14 14:02:00+09:00,18270.0,18290.0,18270.0,18270.0,1017,0.0,0.0
2025-02-14 14:03:00+09:00,18270.0,18280.0,18250.0,18280.0,4411,0.0,0.0
2025-02-14 14:04:00+09:00,18280.0,18280.0,18260.0,18280.0,1193,0.0,0.0
2025-02-14 14:05:00+09:00,18270.0,18300.0,18270.0,18300.0,6133,0.0,0.0
2025-02-14 14:06:00+09:00,18290.0,18300.0,18290.0,18290.0,1009,0.0,0.0
2025-02-14 14:07:00+09:00,18290.0,18300.0,18280.0,18300.0,4017,0.0,0.0
2025-02-14 14:08:00+09:00,18300.0,18300.0,18290.0,18300.0,1301,0.0,0.0
2025-02-14 14:09:00+09:00,18300.0,18300.0,18290.0,18290.0,2953,0.0,0.0
2025-02-14 14:10:00+09:00,18290.0,18300.0,18280.0,18280.0,4512,0.0,0.0
2025-02-14 14:11:00+09:00,18280.0,18290.0,18280.0,18280.0,2799,0.0,0.0
2025-02-14 14:12:00+09:00,18270.0,18290.0,18260.0,18260.0,1406,0.0,0.0
2025-02-14 14:13:00+09:00,18270.0,18280.0,18250.0,18270.0,2747,0.0,0.0
2025-02-14 14:14:00+09:00,18260.0,18280.0,18250.0,18280.0,1201,0.0,0.0
2025-02-14 14:15:00+09:00,18270.0,18280.0,18260.0,18260.0,2178,0.0,0.0
2025-02-14 14:16:00+09:00,18250.0,18260.0,18250.0,18260.0,1231,0.0,0.0
2025-02-14 14:17:00+09:00,18260.0,18260.0,18250.0,18250.0,777,0.0,0.0
2025-02-14 14:18:00+09:00,18250.0,18250.0,18240.0,18240.0,281,0.0,0.0
2025-02-14 14:19:00+09:00,18240.0,18250.0,18240.0,18250.0,1990,0.0,0.0
2025-02-14 14:20:00+09:00,18240.0,18250.0,18240.0,18250.0,665,0.0,0.0
2025-02-14 14:21:00+09:00,18250.0,18250.0,18230.0,18240.0,1429,0.0,0.0
2025-02-14 14:22:00+09:00,18230.0,18240.0,18230.0,18240.0,1139,0.0,0.0
2025-02-14 14:23:00+09:00,18230.0,18240.0,18230.0,18230.0,1172,0.0,0.0
2025-02-14 14:24:00+09:00,18230.0,18240.0,18230.0,18240.0,1702,0.0,0.0
2025-02-14 14:25:00+09:00,18240.0,18250.0,18230.0,18230.0,1486,0.0,0.0
2025-02-14 14:26:00+09:00,18230.0,18240.0,18230.0,18230.0,729,0.0,0.0
2025-02-14 14:27:00+09:00,18230.0,18240.0,18220.0,18220.0,2533,0.0,0.0
2025-02-14 14:28:00+09:00,18220.0,18250.0,18220.0,18240.0,2327,0.0,0.0
2025-02-14 14:29:00+09:00,18250.0,18250.0,18240.0,18250.0,734,0.0,0.0
2025-02-14 14:30:00+09:00,18240.0,18250.0,18240.0,18250.0,1159,0.0,0.0
2025-02-14 14:31:00+09:00,18250.0,18250.0,18240.0,18250.0,1300,0.0,0.0
2025-02-14 14:32:00+09:00,18240.0,18250.0,18240.0,18250.0,758,0.0,0.0
2025-02-14 14:33:00+09:00,18240.0,18260.0,18240.0,18240.0,5786,0.0,0.0
2025-02-14 14:34:00+09:00,18250.0,18250.0,18240.0,18240.0,1497,0.0,0.0
2025-02-14 14:35:00+09:00,18250.0,18250.0,18240.0,18240.0,1961,0.0,0.0
2025-02-14 14:36:00+09:00,18240.0,18260.0,18240.0,18260.0,777,0.0,0.0
2025-02-14 14:37:00+09:00,18250.0,18260.0,18250.0,18250.0,1533,0.0,0.0
2025-02-14 14:38:00+09:00,18260.0,18260.0,18250.0,18250.0,517,0.0,0.0
2025-02-14 14:39:00+09:00,18260.0,18260.0,18230.0,18240.0,2845,0.0,0.0
2025-02-14 14:40:00+09:00,18230.0,18260.0,18230.0,18260.0,2552,0.0,0.0
2025-02-14 14:41:00+09:00,18250.0,18260.0,18250.0,18260.0,1208,0.0,0.0
2025-02-14 14:42:00+09:00,18260.0,18260.0,18250.0,18250.0,1318,0.0,0.0
2025-02-14 14:43:00+09:00,18260.0,18260.0,18250.0,18260.0,1385,0.0,0.0
2025-02-14 14:44:00+09:00,18250.0,18270.0,18250.0,18260.0,3008,0.0,0.0
2025-02-14 14:45:00+09:00,18270.0,18280.0,18250.0,18250.0,5784,0.0,0.0
2025-02-14 14:46:00+09:00,18260.0,18280.0,18260.0,18270.0,1269,0.0,0.0
2025-02-14 14:47:00+09:00,18260.0,18280.0,18260.0,18270.0,7247,0.0,0.0
2025-02-14 14:48:00+09:00,18260.0,18280.0,18260.0,18270.0,3160,0.0,0.0
2025-02-14 14:49:00+09:00,18280.0,18280.0,18260.0,18270.0,3924,0.0,0.0
2025-02-14 14:50:00+09:00,18260.0,18270.0,18260.0,18260.0,950,0.0,0.0
2025-02-14 14:51:00+09:00,18270.0,18270.0,18260.0,18260.0,1846,0.0,0.0
2025-02-14 14:52:00+09:00,18260.0,18270.0,18260.0,18260.0,667,0.0,0.0
2025-02-14 14:53:00+09:00,18260.0,18270.0,18260.0,18270.0,2958,0.0,0.0
2025-02-14 14:54:00+09:00,18260.0,18260.0,18250.0,18260.0,1318,0.0,0.0
2025-02-14 14:55:00+09:00,18250.0,18270.0,18250.0,18260.0,1692,0.0,0.0
2025-02-14 14:56:00+09:00,18260.0,18280.0,18260.0,18270.0,2337,0.0,0.0
2025-02-14 14:57:00+09:00,18270.0,18280.0,18270.0,18280.0,1480,0.0,0.0
2025-02-14 14:58:00+09:00,18270.0,18280.0,18270.0,18280.0,1509,0.0,0.0
2025-02-14 14:59:00+09:00,18280.0,18290.0,18270.0,18280.0,9732,0.0,0.0
2025-02-17 09:00:00+09:00,18370.0,18370.0,18250.0,18250.0,0,0.0,0.0
2025-02-17 09:01:00+09:00,18250.0,18250.0,18180.0,18210.0,9385,0.0,0.0
2025-02-17 09:02:00+09:00,18210.0,18240.0,18210.0,18220.0,2965,0.0,0.0
2025-02-17 09:03:00+09:00,18220.0,18290.0,18210.0,18280.0,5663,0.0,0.0
2025-02-17 09:04:00+09:00,18280.0,18280.0,18250.0,18270.0,7010,0.0,0.0
2025-02-17 09:05:00+09:00,18260.0,18280.0,18250.0,18270.0,4236,0.0,0.0
2025-02-17 09:06:00+09:00,18270.0,18270.0,18230.0,18240.0,3543,0.0,0.0
2025-02-17 09:07:00+09:00,18240.0,18240.0,18200.0,18210.0,8417,0.0,0.0
2025-02-17 09:08:00+09:00,18220.0,18270.0,18220.0,18270.0,3033,0.0,0.0
2025-02-17 09:09:00+09:00,18270.0,18280.0,18250.0,18250.0,1943,0.0,0.0
2025-02-17 09:10:00+09:00,18240.0,18250.0,18230.0,18230.0,2203,0.0,0.0
2025-02-17 09:11:00+09:00,18230.0,18230.0,18210.0,18210.0,5472,0.0,0.0
2025-02-17 09:12:00+09:00,18210.0,18220.0,18210.0,18220.0,2160,0.0,0.0
2025-02-17 09:13:00+09:00,18210.0,18220.0,18200.0,18210.0,3837,0.0,0.0
2025-02-17 09:14:00+09:00,18210.0,18220.0,18160.0,18170.0,13609,0.0,0.0
2025-02-17 09:15:00+09:00,18180.0,18190.0,18170.0,18190.0,1680,0.0,0.0
2025-02-17 09:16:00+09:00,18200.0,18210.0,18180.0,18190.0,3251,0.0,0.0
2025-02-17 09:17:00+09:00,18190.0,18210.0,18180.0,18190.0,4958,0.0,0.0
2025-02-17 09:18:00+09:00,18200.0,18200.0,18180.0,18190.0,2003,0.0,0.0
2025-02-17 09:19:00+09:00,18190.0,18190.0,18170.0,18190.0,4137,0.0,0.0
2025-02-17 09:20:00+09:00,18180.0,18190.0,18160.0,18190.0,6836,0.0,0.0
2025-02-17 09:21:00+09:00,18170.0,18170.0,18150.0,18160.0,5203,0.0,0.0
2025-02-17 09:22:00+09:00,18160.0,18190.0,18160.0,18170.0,5716,0.0,0.0
2025-02-17 09:23:00+09:00,18170.0,18180.0,18160.0,18180.0,615,0.0,0.0
2025-02-17 09:24:00+09:00,18180.0,18180.0,18160.0,18160.0,3350,0.0,0.0
2025-02-17 09:25:00+09:00,18180.0,18180.0,18160.0,18170.0,1804,0.0,0.0
2025-02-17 09:26:00+09:00,18170.0,18170.0,18160.0,18160.0,1897,0.0,0.0
2025-02-17 09:27:00+09:00,18170.0,18180.0,18160.0,18180.0,1178,0.0,0.0
2025-02-17 09:28:00+09:00,18180.0,18190.0,18160.0,18170.0,4009,0.0,0.0
2025-02-17 09:29:00+09:00,18170.0,18170.0,18150.0,18160.0,4569,0.0,0.0
2025-02-17 09:30:00+09:00,18160.0,18180.0,18150.0,18180.0,2819,0.0,0.0
2025-02-17 09:31:00+09:00,18170.0,18180.0,18160.0,18170.0,650,0.0,0.0
2025-02-17 09:32:00+09:00,18180.0,18180.0,18160.0,18160.0,1179,0.0,0.0
2025-02-17 09:33:00+09:00,18160.0,18160.0,18140.0,18140.0,10094,0.0,0.0
2025-02-17 09:34:00+09:00,18140.0,18140.0,18130.0,18140.0,1823,0.0,0.0
2025-02-17 09:35:00+09:00,18140.0,18150.0,18140.0,18140.0,1107,0.0,0.0
2025-02-17 09:36:00+09:00,18150.0,18160.0,18140.0,18150.0,4062,0.0,0.0
2025-02-17 09:37:00+09:00,18160.0,18160.0,18110.0,18120.0,17952,0.0,0.0
2025-02-17 09:38:00+09:00,18120.0,18130.0,18120.0,18130.0,4127,0.0,0.0
2025-02-17 09:39:00+09:00,18130.0,18130.0,18120.0,18130.0,4989,0.0,0.0
2025-02-17 09:40:00+09:00,18120.0,18130.0,18120.0,18130.0,4477,0.0,0.0
2025-02-17 09:41:00+09:00,18140.0,18150.0,18130.0,18150.0,4249,0.0,0.0
2025-02-17 09:42:00+09:00,18150.0,18180.0,18150.0,18160.0,2166,0.0,0.0
2025-02-17 09:43:00+09:00,18170.0,18180.0,18140.0,18150.0,1993,0.0,0.0
2025-02-17 09:44:00+09:00,18140.0,18150.0,18120.0,18120.0,6632,0.0,0.0
2025-02-17 09:45:00+09:00,18130.0,18150.0,18120.0,18150.0,3559,0.0,0.0
2025-02-17 09:46:00+09:00,18140.0,18150.0,18130.0,18140.0,1919,0.0,0.0
2025-02-17 09:47:00+09:00,18140.0,18150.0,18130.0,18150.0,6878,0.0,0.0
2025-02-17 09:48:00+09:00,18140.0,18150.0,18090.0,18090.0,46855,0.0,0.0
2025-02-17 09:49:00+09:00,18090.0,18130.0,18090.0,18120.0,3681,0.0,0.0
2025-02-17 09:50:00+09:00,18120.0,18120.0,18110.0,18120.0,1920,0.0,0.0
2025-02-17 09:51:00+09:00,18110.0,18120.0,18100.0,18110.0,6636,0.0,0.0
2025-02-17 09:52:00+09:00,18110.0,18120.0,18110.0,18110.0,2643,0.0,0.0
2025-02-17 09:53:00+09:00,18110.0,18120.0,18100.0,18110.0,6674,0.0,0.0
2025-02-17 09:54:00+09:00,18110.0,18110.0,18100.0,18110.0,2272,0.0,0.0
2025-02-17 09:55:00+09:00,18110.0,18120.0,18110.0,18110.0,1862,0.0,0.0
2025-02-17 09:56:00+09:00,18110.0,18120.0,18110.0,18120.0,2554,0.0,0.0
2025-02-17 09:57:00+09:00,18120.0,18140.0,18120.0,18120.0,1935,0.0,0.0
2025-02-17 09:58:00+09:00,18120.0,18140.0,18120.0,18120.0,2163,0.0,0.0
2025-02-17 09:59:00+09:00,18120.0,18150.0,18120.0,18140.0,727,0.0,0.0
2025-02-17 10:00:00+09:00,18130.0,18140.0,18130.0,18130.0,1273,0.0,0.0
2025-02-17 10:01:00+09:00,18140.0,18150.0,18130.0,18130.0,1070,0.0,0.0
2025-02-17 10:02:00+09:00,18130.0,18140.0,18130.0,18130.0,1930,0.0,0.0
2025-02-17 10:03:00+09:00,18130.0,18170.0,18130.0,18170.0,1401,0.0,0.0
2025-02-17 10:04:00+09:00,18160.0,18160.0,18140.0,18140.0,1143,0.0,0.0
2025-02-17 10:05:00+09:00,18150.0,18150.0,18140.0,18140.0,165,0.0,0.0
2025-02-17 10:06:00+09:00,18140.0,18160.0,18140.0,18150.0,1498,0.0,0.0
2025-02-17 10:07:00+09:00,18150.0,18160.0,18140.0,18140.0,3277,0.0,0.0
2025-02-17 10:08:00+09:00,18140.0,18140.0,18130.0,18140.0,2106,0.0,0.0
2025-02-17 10:09:00+09:00,18140.0,18150.0,18130.0,18150.0,1882,0.0,0.0
2025-02-17 10:10:00+09:00,18150.0,18150.0,18130.0,18140.0,2238,0.0,0.0
2025-02-17 10:11:00+09:00,18140.0,18140.0,18120.0,18130.0,2424,0.0,0.0
2025-02-17 10:12:00+09:00,18130.0,18140.0,18120.0,18130.0,1451,0.0,0.0
2025-02-17 10:13:00+09:00,18130.0,18140.0,18130.0,18140.0,1530,0.0,0.0
2025-02-17 10:14:00+09:00,18130.0,18150.0,18130.0,18150.0,926,0.0,0.0
2025-02-17 10:15:00+09:00,18150.0,18180.0,18150.0,18160.0,1956,0.0,0.0
2025-02-17 10:16:00+09:00,18160.0,18170.0,18150.0,18170.0,687,0.0,0.0
2025-02-17 10:17:00+09:00,18170.0,18180.0,18160.0,18170.0,1792,0.0,0.0
2025-02-17 10:18:00+09:00,18170.0,18180.0,18160.0,18170.0,571,0.0,0.0
2025-02-17 10:19:00+09:00,18160.0,18180.0,18160.0,18180.0,3173,0.0,0.0
2025-02-17 10:20:00+09:00,18180.0,18180.0,18170.0,18180.0,1224,0.0,0.0
2025-02-17 10:21:00+09:00,18170.0,18170.0,18170.0,18170.0,1639,0.0,0.0
2025-02-17 10:22:00+09:00,18180.0,18180.0,18170.0,18170.0,2335,0.0,0.0
2025-02-17 10:23:00+09:00,18170.0,18180.0,18160.0,18160.0,1265,0.0,0.0
2025-02-17 10:24:00+09:00,18160.0,18170.0,18140.0,18140.0,2502,0.0,0.0
2025-02-17 10:25:00+09:00,18140.0,18150.0,18130.0,18140.0,3667,0.0,0.0
2025-02-17 10:26:00+09:00,18140.0,18150.0,18140.0,18150.0,1073,0.0,0.0
2025-02-17 10:27:00+09:00,18140.0,18160.0,18140.0,18160.0,2391,0.0,0.0
2025-02-17 10:28:00+09:00,18160.0,18180.0,18140.0,18170.0,3804,0.0,0.0
2025-02-17 10:29:00+09:00,18180.0,18180.0,18170.0,18180.0,3235,0.0,0.0
2025-02-17 10:30:00+09:00,18180.0,18190.0,18170.0,18170.0,778,0.0,0.0
2025-02-17 10:31:00+09:00,18170.0,18200.0,18160.0,18180.0,2311,0.0,0.0
2025-02-17 10:32:00+09:00,18200.0,18200.0,18170.0,18190.0,2639,0.0,0.0
2025-02-17 10:33:00+09:00,18190.0,18200.0,18170.0,18180.0,1054,0.0,0.0
2025-02-17 10:34:00+09:00,18190.0,18200.0,18170.0,18170.0,1776,0.0,0.0
2025-02-17 10:35:00+09:00,18170.0,18180.0,18160.0,18170.0,981,0.0,0.0
2025-02-17 10:36:00+09:00,18170.0,18180.0,18160.0,18170.0,1604,0.0,0.0
2025-02-17 10:37:00+09:00,18170.0,18180.0,18170.0,18170.0,1326,0.0,0.0
2025-02-17 10:38:00+09:00,18170.0,18180.0,18140.0,18180.0,5272,0.0,0.0
2025-02-17 10:39:00+09:00,18170.0,18180.0,18160.0,18160.0,1567,0.0,0.0
2025-02-17 10:40:00+09:00,18160.0,18180.0,18150.0,18150.0,3270,0.0,0.0
2025-02-17 10:41:00+09:00,18150.0,18160.0,18150.0,18150.0,794,0.0,0.0
2025-02-17 10:42:00+09:00,18160.0,18170.0,18150.0,18170.0,1885,0.0,0.0
2025-02-17 10:43:00+09:00,18170.0,18170.0,18150.0,18160.0,489,0.0,0.0
2025-02-17 10:44:00+09:00,18150.0,18180.0,18150.0,18170.0,1985,0.0,0.0
2025-02-17 10:45:00+09:00,18180.0,18180.0,18160.0,18160.0,784,0.0,0.0
2025-02-17 10:46:00+09:00,18160.0,18180.0,18150.0,18170.0,2623,0.0,0.0
2025-02-17 10:47:00+09:00,18170.0,18180.0,18170.0,18170.0,1043,0.0,0.0
2025-02-17 10:48:00+09:00,18180.0,18180.0,18150.0,18150.0,1612,0.0,0.0
2025-02-17 10:49:00+09:00,18160.0,18170.0,18150.0,18170.0,1510,0.0,0.0
2025-02-17 10:50:00+09:00,18160.0,18170.0,18150.0,18170.0,2294,0.0,0.0
2025-02-17 10:51:00+09:00,18180.0,18180.0,18150.0,18150.0,1018,0.0,0.0
2025-02-17 10:52:00+09:00,18150.0,18160.0,18150.0,18160.0,1906,0.0,0.0
2025-02-17 10:53:00+09:00,18150.0,18170.0,18140.0,18160.0,1938,0.0,0.0
2025-02-17 10:54:00+09:00,18170.0,18200.0,18160.0,18190.0,3192,0.0,0.0
2025-02-17 10:55:00+09:00,18200.0,18200.0,18180.0,18180.0,1439,0.0,0.0
2025-02-17 10:56:00+09:00,18190.0,18190.0,18170.0,18180.0,1465,0.0,0.0
2025-02-17 10:57:00+09:00,18180.0,18180.0,18160.0,18160.0,1695,0.0,0.0
2025-02-17 10:58:00+09:00,18160.0,18170.0,18150.0,18170.0,414,0.0,0.0
2025-02-17 10:59:00+09:00,18170.0,18190.0,18160.0,18160.0,1297,0.0,0.0
2025-02-17 11:00:00+09:00,18170.0,18180.0,18160.0,18170.0,1000,0.0,0.0
2025-02-17 11:01:00+09:00,18180.0,18180.0,18150.0,18160.0,1703,0.0,0.0
2025-02-17 11:02:00+09:00,18160.0,18180.0,18160.0,18170.0,862,0.0,0.0
2025-02-17 11:03:00+09:00,18160.0,18160.0,18150.0,18150.0,3579,0.0,0.0
2025-02-17 11:04:00+09:00,18160.0,18160.0,18150.0,18160.0,1637,0.0,0.0
2025-02-17 11:05:00+09:00,18150.0,18160.0,18150.0,18160.0,1818,0.0,0.0
2025-02-17 11:06:00+09:00,18150.0,18160.0,18150.0,18150.0,1892,0.0,0.0
2025-02-17 11:07:00+09:00,18150.0,18160.0,18150.0,18160.0,3337,0.0,0.0
2025-02-17 11:08:00+09:00,18150.0,18160.0,18150.0,18150.0,1474,0.0,0.0
2025-02-17 11:09:00+09:00,18150.0,18160.0,18150.0,18150.0,890,0.0,0.0
2025-02-17 11:10:00+09:00,18150.0,18160.0,18150.0,18150.0,2044,0.0,0.0
2025-02-17 11:11:00+09:00,18150.0,18160.0,18140.0,18150.0,2409,0.0,0.0
2025-02-17 11:12:00+09:00,18150.0,18150.0,18140.0,18150.0,3479,0.0,0.0
2025-02-17 11:13:00+09:00,18150.0,18160.0,18140.0,18150.0,973,0.0,0.0
2025-02-17 11:14:00+09:00,18150.0,18160.0,18140.0,18150.0,3050,0.0,0.0
2025-02-17 11:15:00+09:00,18140.0,18160.0,18140.0,18160.0,3686,0.0,0.0
2025-02-17 11:16:00+09:00,18150.0,18150.0,18140.0,18150.0,2424,0.0,0.0
2025-02-17 11:17:00+09:00,18140.0,18150.0,18140.0,18140.0,5388,0.0,0.0
2025-02-17 11:18:00+09:00,18140.0,18150.0,18130.0,18150.0,3658,0.0,0.0
2025-02-17 11:19:00+09:00,18140.0,18150.0,18130.0,18140.0,16775,0.0,0.0
2025-02-17 11:20:00+09:00,18140.0,18140.0,18130.0,18130.0,3672,0.0,0.0
2025-02-17 11:21:00+09:00,18130.0,18140.0,18130.0,18140.0,1965,0.0,0.0
2025-02-17 11:22:00+09:00,18140.0,18140.0,18130.0,18130.0,3090,0.0,0.0
2025-02-17 11:23:00+09:00,18130.0,18140.0,18120.0,18130.0,3076,0.0,0.0
2025-02-17 11:24:00+09:00,18130.0,18150.0,18120.0,18140.0,1676,0.0,0.0
2025-02-17 11:25:00+09:00,18150.0,18150.0,18130.0,18130.0,3011,0.0,0.0
2025-02-17 11:26:00+09:00,18130.0,18140.0,18120.0,18130.0,2282,0.0,0.0
2025-02-17 11:27:00+09:00,18130.0,18140.0,18120.0,18130.0,1849,0.0,0.0
2025-02-17 11:28:00+09:00,18130.0,18130.0,18120.0,18120.0,1600,0.0,0.0
2025-02-17 11:29:00+09:00,18130.0,18130.0,18120.0,18120.0,3010,0.0,0.0
2025-02-17 11:30:00+09:00,18120.0,18130.0,18120.0,18120.0,2995,0.0,0.0
2025-02-17 11:31:00+09:00,18120.0,18130.0,18120.0,18120.0,1995,0.0,0.0
2025-02-17 11:32:00+09:00,18130.0,18150.0,18120.0,18140.0,2903,0.0,0.0
2025-02-17 11:33:00+09:00,18130.0,18140.0,18120.0,18130.0,1174,0.0,0.0
2025-02-17 11:34:00+09:00,18130.0,18130.0,18120.0,18120.0,1308,0.0,0.0
2025-02-17 11:35:00+09:00,18130.0,18140.0,18120.0,18130.0,2777,0.0,0.0
2025-02-17 11:36:00+09:00,18140.0,18140.0,18120.0,18130.0,1232,0.0,0.0
2025-02-17 11:37:00+09:00,18130.0,18140.0,18130.0,18140.0,2606,0.0,0.0
2025-02-17 11:38:00+09:00,18140.0,18140.0,18130.0,18130.0,1875,0.0,0.0
2025-02-17 11:39:00+09:00,18140.0,18150.0,18130.0,18130.0,1419,0.0,0.0
2025-02-17 11:40:00+09:00,18140.0,18150.0,18130.0,18140.0,1705,0.0,0.0
2025-02-17 11:41:00+09:00,18140.0,18150.0,18130.0,18140.0,1488,0.0,0.0
2025-02-17 11:42:00+09:00,18130.0,18140.0,18130.0,18130.0,675,0.0,0.0
2025-02-17 11:43:00+09:00,18130.0,18150.0,18130.0,18140.0,1806,0.0,0.0
2025-02-17 11:44:00+09:00,18140.0,18150.0,18130.0,18140.0,1135,0.0,0.0
2025-02-17 11:45:00+09:00,18140.0,18140.0,18120.0,18120.0,2899,0.0,0.0
2025-02-17 11:46:00+09:00,18120.0,18140.0,18120.0,18140.0,2609,0.0,0.0
2025-02-17 11:47:00+09:00,18130.0,18140.0,18130.0,18130.0,2967,0.0,0.0
2025-02-17 11:48:00+09:00,18130.0,18150.0,18130.0,18140.0,1451,0.0,0.0
2025-02-17 11:49:00+09:00,18140.0,18150.0,18120.0,18120.0,1440,0.0,0.0
2025-02-17 11:50:00+09:00,18130.0,18140.0,18120.0,18140.0,2317,0.0,0.0
2025-02-17 11:51:00+09:00,18140.0,18140.0,18130.0,18140.0,1047,0.0,0.0
2025-02-17 11:52:00+09:00,18140.0,18150.0,18130.0,18130.0,1536,0.0,0.0
2025-02-17 11:53:00+09:00,18130.0,18150.0,18130.0,18150.0,1299,0.0,0.0
2025-02-17 11:54:00+09:00,18140.0,18140.0,18130.0,18140.0,1481,0.0,0.0
2025-02-17 11:55:00+09:00,18140.0,18160.0,18140.0,18150.0,2024,0.0,0.0
2025-02-17 11:56:00+09:00,18160.0,18160.0,18140.0,18150.0,1774,0.0,0.0
2025-02-17 11:57:00+09:00,18150.0,18160.0,18130.0,18130.0,1333,0.0,0.0
2025-02-17 11:58:00+09:00,18140.0,18150.0,18130.0,18130.0,1664,0.0,0.0
2025-02-17 11:59:00+09:00,18140.0,18140.0,18120.0,18130.0,2269,0.0,0.0
2025-02-17 12:00:00+09:00,18130.0,18140.0,18120.0,18130.0,2884,0.0,0.0
2025-02-17 12:01:00+09:00,18130.0,18140.0,18130.0,18130.0,960,0.0,0.0
2025-02-17 12:02:00+09:00,18120.0,18140.0,18120.0,18130.0,1748,0.0,0.0
2025-02-17 12:03:00+09:00,18140.0,18140.0,18130.0,18130.0,1806,0.0,0.0
2025-02-17 12:04:00+09:00,18130.0,18140.0,18120.0,18120.0,1520,0.0,0.0
2025-02-17 12:05:00+09:00,18120.0,18140.0,18120.0,18130.0,1783,0.0,0.0
2025-02-17 12:06:00+09:00,18130.0,18150.0,18130.0,18140.0,1429,0.0,0.0
2025-02-17 12:07:00+09:00,18130.0,18160.0,18130.0,18150.0,1590,0.0,0.0
2025-02-17 12:08:00+09:00,18150.0,18160.0,18130.0,18130.0,2846,0.0,0.0
2025-02-17 12:09:00+09:00,18130.0,18140.0,18120.0,18130.0,1650,0.0,0.0
2025-02-17 12:10:00+09:00,18130.0,18160.0,18130.0,18150.0,1112,0.0,0.0
2025-02-17 12:11:00+09:00,18150.0,18160.0,18140.0,18160.0,2440,0.0,0.0
2025-02-17 12:12:00+09:00,18160.0,18160.0,18130.0,18140.0,889,0.0,0.0
2025-02-17 12:13:00+09:00,18140.0,18150.0,18140.0,18150.0,1974,0.0,0.0
2025-02-17 12:14:00+09:00,18140.0,18150.0,18130.0,18140.0,1495,0.0,0.0
2025-02-17 12:15:00+09:00,18140.0,18150.0,18130.0,18150.0,1394,0.0,0.0
2025-02-17 12:16:00+09:00,18140.0,18150.0,18130.0,18140.0,1676,0.0,0.0
2025-02-17 12:17:00+09:00,18140.0,18140.0,18130.0,18140.0,1340,0.0,0.0
2025-02-17 12:18:00+09:00,18140.0,18150.0,18130.0,18140.0,948,0.0,0.0
2025-02-17 12:19:00+09:00,18140.0,18160.0,18130.0,18140.0,1621,0.0,0.0
2025-02-17 12:20:00+09:00,18150.0,18150.0,18130.0,18130.0,1436,0.0,0.0
2025-02-17 12:21:00+09:00,18130.0,18140.0,18120.0,18120.0,8455,0.0,0.0
2025-02-17 12:22:00+09:00,18140.0,18140.0,18120.0,18120.0,9087,0.0,0.0
2025-02-17 12:23:00+09:00,18120.0,18130.0,18110.0,18110.0,846,0.0,0.0
2025-02-17 12:24:00+09:00,18110.0,18130.0,18110.0,18120.0,9326,0.0,0.0
2025-02-17 12:25:00+09:00,18120.0,18120.0,18110.0,18110.0,4276,0.0,0.0
2025-02-17 12:26:00+09:00,18110.0,18110.0,18100.0,18100.0,2020,0.0,0.0
2025-02-17 12:27:00+09:00,18110.0,18120.0,18100.0,18120.0,5964,0.0,0.0
2025-02-17 12:28:00+09:00,18130.0,18130.0,18110.0,18120.0,1598,0.0,0.0
2025-02-17 12:29:00+09:00,18120.0,18130.0,18110.0,18120.0,2399,0.0,0.0
2025-02-17 12:30:00+09:00,18120.0,18130.0,18110.0,18130.0,3513,0.0,0.0
2025-02-17 12:31:00+09:00,18130.0,18140.0,18120.0,18130.0,1556,0.0,0.0
2025-02-17 12:32:00+09:00,18130.0,18130.0,18120.0,18120.0,1321,0.0,0.0
2025-02-17 12:33:00+09:00,18120.0,18140.0,18120.0,18120.0,1120,0.0,0.0
2025-02-17 12:34:00+09:00,18120.0,18130.0,18120.0,18120.0,1133,0.0,0.0
2025-02-17 12:35:00+09:00,18120.0,18130.0,18120.0,18120.0,2711,0.0,0.0
2025-02-17 12:36:00+09:00,18120.0,18130.0,18110.0,18110.0,14236,0.0,0.0
2025-02-17 12:37:00+09:00,18130.0,18130.0,18110.0,18120.0,1987,0.0,0.0
2025-02-17 12:38:00+09:00,18120.0,18130.0,18110.0,18120.0,2841,0.0,0.0
2025-02-17 12:39:00+09:00,18130.0,18130.0,18110.0,18110.0,2069,0.0,0.0
2025-02-17 12:40:00+09:00,18110.0,18120.0,18110.0,18110.0,1409,0.0,0.0
2025-02-17 12:41:00+09:00,18120.0,18130.0,18110.0,18120.0,1650,0.0,0.0
2025-02-17 12:42:00+09:00,18120.0,18130.0,18120.0,18120.0,972,0.0,0.0
2025-02-17 12:43:00+09:00,18120.0,18130.0,18120.0,18120.0,1230,0.0,0.0
2025-02-17 12:44:00+09:00,18120.0,18130.0,18110.0,18120.0,3588,0.0,0.0
2025-02-17 12:45:00+09:00,18120.0,18130.0,18110.0,18120.0,905,0.0,0.0
2025-02-17 12:46:00+09:00,18120.0,18130.0,18110.0,18120.0,2677,0.0,0.0
2025-02-17 12:47:00+09:00,18120.0,18130.0,18110.0,18110.0,2179,0.0,0.0
2025-02-17 12:48:00+09:00,18110.0,18130.0,18110.0,18110.0,707,0.0,0.0
2025-02-17 12:49:00+09:00,18110.0,18130.0,18110.0,18120.0,2083,0.0,0.0
2025-02-17 12:50:00+09:00,18130.0,18130.0,18120.0,18120.0,1711,0.0,0.0
2025-02-17 12:51:00+09:00,18120.0,18130.0,18110.0,18120.0,1783,0.0,0.0
2025-02-17 12:52:00+09:00,18120.0,18130.0,18110.0,18120.0,1185,0.0,0.0
2025-02-17 12:53:00+09:00,18120.0,18120.0,18110.0,18110.0,1323,0.0,0.0
2025-02-17 12:54:00+09:00,18110.0,18130.0,18110.0,18120.0,2408,0.0,0.0
2025-02-17 12:55:00+09:00,18130.0,18130.0,18110.0,18110.0,674,0.0,0.0
2025-02-17 12:56:00+09:00,18110.0,18120.0,18110.0,18110.0,1819,0.0,0.0
2025-02-17 12:57:00+09:00,18110.0,18120.0,18110.0,18110.0,2576,0.0,0.0
2025-02-17 12:58:00+09:00,18130.0,18130.0,18110.0,18110.0,1794,0.0,0.0
2025-02-17 12:59:00+09:00,18120.0,18130.0,18110.0,18130.0,2373,0.0,0.0
2025-02-17 13:00:00+09:00,18120.0,18130.0,18110.0,18120.0,2183,0.0,0.0
2025-02-17 13:01:00+09:00,18120.0,18130.0,18110.0,18120.0,1843,0.0,0.0
2025-02-17 13:02:00+09:00,18130.0,18140.0,18120.0,18120.0,1348,0.0,0.0
2025-02-17 13:03:00+09:00,18130.0,18140.0,18110.0,18140.0,3111,0.0,0.0
2025-02-17 13:04:00+09:00,18130.0,18150.0,18110.0,18150.0,3524,0.0,0.0
2025-02-17 13:05:00+09:00,18140.0,18150.0,18130.0,18140.0,958,0.0,0.0
2025-02-17 13:06:00+09:00,18140.0,18140.0,18120.0,18140.0,1607,0.0,0.0
2025-02-17 13:07:00+09:00,18140.0,18150.0,18120.0,18140.0,718,0.0,0.0
2025-02-17 13:08:00+09:00,18120.0,18130.0,18110.0,18110.0,2113,0.0,0.0
2025-02-17 13:09:00+09:00,18120.0,18120.0,18110.0,18120.0,1674,0.0,0.0
2025-02-17 13:10:00+09:00,18120.0,18130.0,18110.0,18120.0,1466,0.0,0.0
2025-02-17 13:11:00+09:00,18120.0,18120.0,18110.0,18110.0,1031,0.0,0.0
2025-02-17 13:12:00+09:00,18110.0,18120.0,18110.0,18120.0,3173,0.0,0.0
2025-02-17 13:13:00+09:00,18120.0,18160.0,18120.0,18150.0,3619,0.0,0.0
2025-02-17 13:14:00+09:00,18150.0,18150.0,18140.0,18140.0,717,0.0,0.0
2025-02-17 13:15:00+09:00,18140.0,18140.0,18130.0,18130.0,1737,0.0,0.0
2025-02-17 13:16:00+09:00,18130.0,18150.0,18130.0,18150.0,331,0.0,0.0
2025-02-17 13:17:00+09:00,18140.0,18140.0,18130.0,18130.0,1185,0.0,0.0
2025-02-17 13:18:00+09:00,18130.0,18130.0,18120.0,18120.0,968,0.0,0.0
2025-02-17 13:19:00+09:00,18120.0,18140.0,18120.0,18130.0,1909,0.0,0.0
2025-02-17 13:20:00+09:00,18130.0,18140.0,18120.0,18120.0,2802,0.0,0.0
2025-02-17 13:21:00+09:00,18120.0,18140.0,18120.0,18130.0,1711,0.0,0.0
2025-02-17 13:22:00+09:00,18130.0,18140.0,18130.0,18130.0,909,0.0,0.0
2025-02-17 13:23:00+09:00,18130.0,18140.0,18110.0,18120.0,7370,0.0,0.0
2025-02-17 13:24:00+09:00,18120.0,18130.0,18110.0,18120.0,1250,0.0,0.0
2025-02-17 13:25:00+09:00,18120.0,18120.0,18110.0,18120.0,354,0.0,0.0
2025-02-17 13:26:00+09:00,18120.0,18140.0,18120.0,18140.0,1548,0.0,0.0
2025-02-17 13:27:00+09:00,18130.0,18130.0,18120.0,18130.0,1748,0.0,0.0
2025-02-17 13:28:00+09:00,18130.0,18140.0,18120.0,18120.0,447,0.0,0.0
2025-02-17 13:29:00+09:00,18130.0,18130.0,18120.0,18120.0,1239,0.0,0.0
2025-02-17 13:30:00+09:00,18120.0,18130.0,18110.0,18110.0,2342,0.0,0.0
2025-02-17 13:31:00+09:00,18110.0,18130.0,18110.0,18120.0,1316,0.0,0.0
2025-02-17 13:32:00+09:00,18120.0,18130.0,18110.0,18110.0,1968,0.0,0.0
2025-02-17 13:33:00+09:00,18110.0,18120.0,18110.0,18120.0,3687,0.0,0.0
2025-02-17 13:34:00+09:00,18110.0,18130.0,18110.0,18120.0,1366,0.0,0.0
2025-02-17 13:35:00+09:00,18120.0,18130.0,18120.0,18120.0,1533,0.0,0.0
2025-02-17 13:36:00+09:00,18130.0,18150.0,18120.0,18150.0,3130,0.0,0.0
2025-02-17 13:37:00+09:00,18140.0,18150.0,18140.0,18140.0,1051,0.0,0.0
2025-02-17 13:38:00+09:00,18140.0,18160.0,18140.0,18150.0,2300,0.0,0.0
2025-02-17 13:39:00+09:00,18150.0,18150.0,18120.0,18130.0,1237,0.0,0.0
2025-02-17 13:40:00+09:00,18130.0,18150.0,18130.0,18130.0,1482,0.0,0.0
2025-02-17 13:41:00+09:00,18130.0,18140.0,18130.0,18130.0,1260,0.0,0.0
2025-02-17 13:42:00+09:00,18130.0,18140.0,18120.0,18130.0,7358,0.0,0.0
2025-02-17 13:43:00+09:00,18130.0,18130.0,18100.0,18110.0,8408,0.0,0.0
2025-02-17 13:44:00+09:00,18120.0,18120.0,18100.0,18100.0,22924,0.0,0.0
2025-02-17 13:45:00+09:00,18110.0,18110.0,18090.0,18090.0,10256,0.0,0.0
2025-02-17 13:46:00+09:00,18100.0,18100.0,18090.0,18100.0,1927,0.0,0.0
2025-02-17 13:47:00+09:00,18100.0,18100.0,18090.0,18100.0,2692,0.0,0.0
2025-02-17 13:48:00+09:00,18100.0,18100.0,18090.0,18100.0,1280,0.0,0.0
2025-02-17 13:49:00+09:00,18090.0,18110.0,18090.0,18100.0,2531,0.0,0.0
2025-02-17 13:50:00+09:00,18110.0,18110.0,18100.0,18100.0,1976,0.0,0.0
2025-02-17 13:51:00+09:00,18100.0,18110.0,18100.0,18100.0,2121,0.0,0.0
2025-02-17 13:52:00+09:00,18100.0,18110.0,18090.0,18100.0,1846,0.0,0.0
2025-02-17 13:53:00+09:00,18100.0,18110.0,18100.0,18110.0,2320,0.0,0.0
2025-02-17 13:54:00+09:00,18100.0,18110.0,18100.0,18100.0,3819,0.0,0.0
2025-02-17 13:55:00+09:00,18100.0,18110.0,18090.0,18100.0,1658,0.0,0.0
2025-02-17 13:56:00+09:00,18090.0,18110.0,18090.0,18100.0,2327,0.0,0.0
2025-02-17 13:57:00+09:00,18100.0,18110.0,18090.0,18100.0,2160,0.0,0.0
2025-02-17 13:58:00+09:00,18090.0,18100.0,18090.0,18090.0,1167,0.0,0.0
2025-02-17 13:59:00+09:00,18100.0,18110.0,18090.0,18110.0,2002,0.0,0.0
2025-02-17 14:00:00+09:00,18100.0,18110.0,18100.0,18100.0,809,0.0,0.0
2025-02-17 14:01:00+09:00,18110.0,18110.0,18100.0,18100.0,1618,0.0,0.0
2025-02-17 14:02:00+09:00,18100.0,18110.0,18100.0,18100.0,1140,0.0,0.0
2025-02-17 14:03:00+09:00,18100.0,18110.0,18100.0,18100.0,1696,0.0,0.0
2025-02-17 14:04:00+09:00,18110.0,18110.0,18090.0,18100.0,3470,0.0,0.0
2025-02-17 14:05:00+09:00,18100.0,18110.0,18090.0,18100.0,1558,0.0,0.0
2025-02-17 14:06:00+09:00,18100.0,18110.0,18090.0,18090.0,2087,0.0,0.0
2025-02-17 14:07:00+09:00,18100.0,18100.0,18090.0,18100.0,1900,0.0,0.0
2025-02-17 14:08:00+09:00,18090.0,18100.0,18090.0,18100.0,2512,0.0,0.0
2025-02-17 14:09:00+09:00,18090.0,18100.0,18090.0,18090.0,916,0.0,0.0
2025-02-17 14:10:00+09:00,18090.0,18110.0,18090.0,18110.0,3175,0.0,0.0
2025-02-17 14:11:00+09:00,18110.0,18110.0,18100.0,18100.0,2199,0.0,0.0
2025-02-17 14:12:00+09:00,18100.0,18110.0,18100.0,18100.0,1543,0.0,0.0
2025-02-17 14:13:00+09:00,18100.0,18120.0,18100.0,18120.0,2033,0.0,0.0
2025-02-17 14:14:00+09:00,18120.0,18130.0,18110.0,18120.0,2746,0.0,0.0
2025-02-17 14:15:00+09:00,18110.0,18110.0,18100.0,18100.0,951,0.0,0.0
2025-02-17 14:16:00+09:00,18100.0,18120.0,18100.0,18100.0,1261,0.0,0.0
2025-02-17 14:17:00+09:00,18100.0,18100.0,18090.0,18090.0,1451,0.0,0.0
2025-02-17 14:18:00+09:00,18090.0,18110.0,18090.0,18100.0,4693,0.0,0.0
2025-02-17 14:19:00+09:00,18110.0,18110.0,18090.0,18100.0,2609,0.0,0.0
2025-02-17 14:20:00+09:00,18100.0,18110.0,18090.0,18100.0,2377,0.0,0.0
2025-02-17 14:21:00+09:00,18100.0,18110.0,18090.0,18100.0,1923,0.0,0.0
2025-02-17 14:22:00+09:00,18100.0,18110.0,18100.0,18100.0,2660,0.0,0.0
2025-02-17 14:23:00+09:00,18100.0,18120.0,18100.0,18110.0,3328,0.0,0.0
2025-02-17 14:24:00+09:00,18110.0,18120.0,18100.0,18100.0,1422,0.0,0.0
2025-02-17 14:25:00+09:00,18100.0,18120.0,18100.0,18100.0,2798,0.0,0.0
2025-02-17 14:26:00+09:00,18100.0,18110.0,18100.0,18100.0,757,0.0,0.0
2025-02-17 14:27:00+09:00,18100.0,18110.0,18100.0,18100.0,2918,0.0,0.0
2025-02-17 14:28:00+09:00,18100.0,18110.0,18090.0,18100.0,1945,0.0,0.0
2025-02-17 14:29:00+09:00,18090.0,18100.0,18090.0,18090.0,2297,0.0,0.0
2025-02-17 14:30:00+09:00,18100.0,18100.0,18090.0,18100.0,1474,0.0,0.0
2025-02-17 14:31:00+09:00,18090.0,18110.0,18090.0,18100.0,3721,0.0,0.0
2025-02-17 14:32:00+09:00,18090.0,18100.0,18090.0,18100.0,1759,0.0,0.0
2025-02-17 14:33:00+09:00,18090.0,18100.0,18090.0,18090.0,2366,0.0,0.0
2025-02-17 14:34:00+09:00,18100.0,18100.0,18090.0,18090.0,3835,0.0,0.0
2025-02-17 14:35:00+09:00,18090.0,18100.0,18090.0,18090.0,2836,0.0,0.0
2025-02-17 14:36:00+09:00,18100.0,18100.0,18090.0,18100.0,5954,0.0,0.0
2025-02-17 14:37:00+09:00,18100.0,18100.0,18090.0,18090.0,648,0.0,0.0
2025-02-17 14:38:00+09:00,18090.0,18100.0,18090.0,18090.0,1899,0.0,0.0
2025-02-17 14:39:00+09:00,18090.0,18100.0,18090.0,18090.0,1407,0.0,0.0
2025-02-17 14:40:00+09:00,18090.0,18100.0,18090.0,18090.0,1980,0.0,0.0
2025-02-17 14:41:00+09:00,18100.0,18100.0,18090.0,18090.0,2550,0.0,0.0
2025-02-17 14:42:00+09:00,18100.0,18100.0,18090.0,18100.0,3056,0.0,0.0
2025-02-17 14:43:00+09:00,18090.0,18100.0,18080.0,18080.0,14576,0.0,0.0
2025-02-17 14:44:00+09:00,18080.0,18090.0,18080.0,18080.0,3831,0.0,0.0
2025-02-17 14:45:00+09:00,18090.0,18090.0,18080.0,18080.0,1713,0.0,0.0
2025-02-17 14:46:00+09:00,18080.0,18090.0,18080.0,18080.0,2315,0.0,0.0
2025-02-17 14:47:00+09:00,18090.0,18090.0,18080.0,18080.0,2840,0.0,0.0
2025-02-17 14:48:00+09:00,18080.0,18090.0,18080.0,18090.0,2943,0.0,0.0
2025-02-17 14:49:00+09:00,18090.0,18090.0,18080.0,18090.0,2962,0.0,0.0
2025-02-17 14:50:00+09:00,18080.0,18090.0,18080.0,18090.0,2389,0.0,0.0
2025-02-17 14:51:00+09:00,18080.0,18090.0,18080.0,18080.0,2303,0.0,0.0
2025-02-17 14:52:00+09:00,18090.0,18090.0,18080.0,18080.0,4860,0.0,0.0
2025-02-17 14:53:00+09:00,18090.0,18090.0,18070.0,18070.0,14231,0.0,0.0
2025-02-17 14:54:00+09:00,18080.0,18080.0,18070.0,18080.0,5847,0.0,0.0
2025-02-17 14:55:00+09:00,18070.0,18080.0,18070.0,18070.0,3030,0.0,0.0
2025-02-17 14:56:00+09:00,18080.0,18080.0,18070.0,18070.0,5147,0.0,0.0
2025-02-17 14:57:00+09:00,18080.0,18080.0,18070.0,18070.0,1932,0.0,0.0
2025-02-17 14:58:00+09:00,18070.0,18080.0,18070.0,18070.0,4901,0.0,0.0
2025-02-17 14:59:00+09:00,18070.0,18080.0,18070.0,18070.0,4985,0.0,0.0
2025-02-18 09:00:00+09:00,18090.0,18090.0,18010.0,18050.0,24871,0.0,0.0
2025-02-18 09:01:00+09:00,18050.0,18090.0,18040.0,18080.0,3336,0.0,0.0
2025-02-18 09:02:00+09:00,18060.0,18080.0,18050.0,18070.0,7489,0.0,0.0
2025-02-18 09:03:00+09:00,18070.0,18090.0,18060.0,18070.0,3295,0.0,0.0
2025-02-18 09:04:00+09:00,18060.0,18070.0,18060.0,18070.0,3946,0.0,0.0
2025-02-18 09:05:00+09:00,18060.0,18070.0,18060.0,18060.0,2720,0.0,0.0
2025-02-18 09:06:00+09:00,18070.0,18090.0,18060.0,18090.0,2821,0.0,0.0
2025-02-18 09:07:00+09:00,18100.0,18130.0,18070.0,18120.0,7214,0.0,0.0
2025-02-18 09:08:00+09:00,18120.0,18140.0,18100.0,18100.0,2374,0.0,0.0
2025-02-18 09:09:00+09:00,18110.0,18110.0,18090.0,18100.0,4229,0.0,0.0
2025-02-18 09:10:00+09:00,18100.0,18110.0,18100.0,18100.0,272,0.0,0.0
2025-02-18 09:11:00+09:00,18100.0,18110.0,18090.0,18100.0,3763,0.0,0.0
2025-02-18 09:12:00+09:00,18110.0,18130.0,18100.0,18120.0,1768,0.0,0.0
2025-02-18 09:13:00+09:00,18120.0,18130.0,18100.0,18110.0,4019,0.0,0.0
2025-02-18 09:14:00+09:00,18110.0,18120.0,18100.0,18120.0,3074,0.0,0.0
2025-02-18 09:15:00+09:00,18120.0,18120.0,18110.0,18120.0,117,0.0,0.0
2025-02-18 09:16:00+09:00,18130.0,18140.0,18110.0,18130.0,5643,0.0,0.0
2025-02-18 09:17:00+09:00,18130.0,18140.0,18120.0,18130.0,1474,0.0,0.0
2025-02-18 09:18:00+09:00,18120.0,18130.0,18110.0,18110.0,946,0.0,0.0
2025-02-18 09:19:00+09:00,18110.0,18130.0,18110.0,18130.0,889,0.0,0.0
2025-02-18 09:20:00+09:00,18130.0,18130.0,18080.0,18080.0,11566,0.0,0.0
2025-02-18 09:21:00+09:00,18080.0,18100.0,18080.0,18080.0,2453,0.0,0.0
2025-02-18 09:22:00+09:00,18080.0,18090.0,18080.0,18090.0,1540,0.0,0.0
2025-02-18 09:23:00+09:00,18090.0,18090.0,18080.0,18090.0,1000,0.0,0.0
2025-02-18 09:24:00+09:00,18090.0,18090.0,18070.0,18080.0,2018,0.0,0.0
2025-02-18 09:25:00+09:00,18090.0,18090.0,18080.0,18080.0,930,0.0,0.0
2025-02-18 09:26:00+09:00,18080.0,18090.0,18080.0,18080.0,560,0.0,0.0
2025-02-18 09:27:00+09:00,18090.0,18090.0,18080.0,18080.0,1398,0.0,0.0
2025-02-18 09:28:00+09:00,18080.0,18100.0,18080.0,18090.0,1126,0.0,0.0
2025-02-18 09:29:00+09:00,18090.0,18100.0,18080.0,18090.0,739,0.0,0.0
2025-02-18 09:30:00+09:00,18090.0,18090.0,18080.0,18080.0,2000,0.0,0.0
2025-02-18 09:31:00+09:00,18090.0,18090.0,18080.0,18080.0,1417,0.0,0.0
2025-02-18 09:32:00+09:00,18090.0,18090.0,18080.0,18080.0,1867,0.0,0.0
2025-02-18 09:33:00+09:00,18080.0,18090.0,18080.0,18090.0,88,0.0,0.0
2025-02-18 09:34:00+09:00,18090.0,18090.0,18080.0,18090.0,235,0.0,0.0
2025-02-18 09:35:00+09:00,18090.0,18090.0,18080.0,18090.0,1318,0.0,0.0
2025-02-18 09:36:00+09:00,18080.0,18090.0,18070.0,18090.0,1146,0.0,0.0
2025-02-18 09:37:00+09:00,18090.0,18090.0,18070.0,18070.0,2339,0.0,0.0
2025-02-18 09:38:00+09:00,18090.0,18090.0,18070.0,18080.0,1111,0.0,0.0
2025-02-18 09:39:00+09:00,18080.0,18090.0,18070.0,18070.0,1293,0.0,0.0
2025-02-18 09:40:00+09:00,18080.0,18090.0,18070.0,18080.0,3440,0.0,0.0
2025-02-18 09:41:00+09:00,18080.0,18080.0,18050.0,18060.0,10217,0.0,0.0
2025-02-18 09:42:00+09:00,18060.0,18060.0,18050.0,18050.0,7125,0.0,0.0
2025-02-18 09:43:00+09:00,18060.0,18070.0,18040.0,18050.0,2114,0.0,0.0
2025-02-18 09:44:00+09:00,18050.0,18050.0,18040.0,18040.0,6249,0.0,0.0
2025-02-18 09:45:00+09:00,18050.0,18070.0,18050.0,18070.0,2012,0.0,0.0
2025-02-18 09:46:00+09:00,18060.0,18080.0,18060.0,18070.0,1153,0.0,0.0
2025-02-18 09:47:00+09:00,18070.0,18080.0,18070.0,18080.0,4696,0.0,0.0
2025-02-18 09:48:00+09:00,18090.0,18090.0,18070.0,18070.0,1341,0.0,0.0
2025-02-18 09:49:00+09:00,18080.0,18080.0,18060.0,18060.0,1795,0.0,0.0
2025-02-18 09:50:00+09:00,18060.0,18080.0,18060.0,18060.0,1739,0.0,0.0
2025-02-18 09:51:00+09:00,18070.0,18080.0,18070.0,18080.0,287,0.0,0.0
2025-02-18 09:52:00+09:00,18070.0,18090.0,18070.0,18080.0,827,0.0,0.0
2025-02-18 09:53:00+09:00,18080.0,18090.0,18060.0,18070.0,2273,0.0,0.0
2025-02-18 09:54:00+09:00,18070.0,18090.0,18070.0,18070.0,699,0.0,0.0
2025-02-18 09:55:00+09:00,18070.0,18090.0,18060.0,18060.0,1728,0.0,0.0
2025-02-18 09:56:00+09:00,18080.0,18090.0,18070.0,18080.0,1263,0.0,0.0
2025-02-18 09:57:00+09:00,18080.0,18100.0,18070.0,18100.0,3601,0.0,0.0
2025-02-18 09:58:00+09:00,18100.0,18100.0,18080.0,18090.0,332,0.0,0.0
2025-02-18 09:59:00+09:00,18090.0,18100.0,18090.0,18100.0,1977,0.0,0.0
2025-02-18 10:00:00+09:00,18100.0,18100.0,18090.0,18090.0,803,0.0,0.0
2025-02-18 10:01:00+09:00,18090.0,18110.0,18090.0,18100.0,3607,0.0,0.0
2025-02-18 10:02:00+09:00,18100.0,18110.0,18100.0,18110.0,1573,0.0,0.0
2025-02-18 10:03:00+09:00,18110.0,18130.0,18110.0,18120.0,2847,0.0,0.0
2025-02-18 10:04:00+09:00,18120.0,18120.0,18110.0,18120.0,338,0.0,0.0
2025-02-18 10:05:00+09:00,18120.0,18130.0,18120.0,18130.0,824,0.0,0.0
2025-02-18 10:06:00+09:00,18130.0,18130.0,18120.0,18130.0,547,0.0,0.0
2025-02-18 10:07:00+09:00,18120.0,18130.0,18120.0,18130.0,1734,0.0,0.0
2025-02-18 10:08:00+09:00,18120.0,18130.0,18120.0,18120.0,173,0.0,0.0
2025-02-18 10:09:00+09:00,18130.0,18130.0,18120.0,18130.0,593,0.0,0.0
2025-02-18 10:10:00+09:00,18120.0,18130.0,18120.0,18120.0,1361,0.0,0.0
2025-02-18 10:11:00+09:00,18120.0,18130.0,18110.0,18110.0,5406,0.0,0.0
2025-02-18 10:12:00+09:00,18120.0,18120.0,18110.0,18110.0,770,0.0,0.0
2025-02-18 10:13:00+09:00,18110.0,18110.0,18100.0,18110.0,1219,0.0,0.0
2025-02-18 10:14:00+09:00,18100.0,18120.0,18100.0,18100.0,1176,0.0,0.0
2025-02-18 10:15:00+09:00,18120.0,18120.0,18100.0,18100.0,1071,0.0,0.0
2025-02-18 10:16:00+09:00,18100.0,18120.0,18100.0,18110.0,258,0.0,0.0
2025-02-18 10:17:00+09:00,18110.0,18120.0,18100.0,18110.0,1969,0.0,0.0
2025-02-18 10:18:00+09:00,18110.0,18110.0,18100.0,18100.0,3124,0.0,0.0
2025-02-18 10:19:00+09:00,18100.0,18100.0,18090.0,18090.0,910,0.0,0.0
2025-02-18 10:20:00+09:00,18090.0,18100.0,18080.0,18080.0,1322,0.0,0.0
2025-02-18 10:21:00+09:00,18090.0,18090.0,18060.0,18060.0,2976,0.0,0.0
2025-02-18 10:22:00+09:00,18070.0,18100.0,18070.0,18090.0,97,0.0,0.0
2025-02-18 10:23:00+09:00,18090.0,18100.0,18090.0,18090.0,82,0.0,0.0
2025-02-18 10:24:00+09:00,18090.0,18100.0,18090.0,18090.0,423,0.0,0.0
2025-02-18 10:25:00+09:00,18090.0,18110.0,18090.0,18100.0,967,0.0,0.0
2025-02-18 10:26:00+09:00,18110.0,18120.0,18080.0,18090.0,3884,0.0,0.0
2025-02-18 10:27:00+09:00,18090.0,18100.0,18070.0,18090.0,799,0.0,0.0
2025-02-18 10:28:00+09:00,18090.0,18090.0,18080.0,18090.0,277,0.0,0.0
2025-02-18 10:29:00+09:00,18080.0,18090.0,18080.0,18090.0,1099,0.0,0.0
2025-02-18 10:30:00+09:00,18080.0,18100.0,18080.0,18100.0,257,0.0,0.0
2025-02-18 10:31:00+09:00,18100.0,18100.0,18080.0,18080.0,1323,0.0,0.0
2025-02-18 10:32:00+09:00,18080.0,18090.0,18070.0,18070.0,3570,0.0,0.0
2025-02-18 10:33:00+09:00,18070.0,18090.0,18070.0,18080.0,775,0.0,0.0
2025-02-18 10:34:00+09:00,18080.0,18090.0,18080.0,18090.0,1489,0.0,0.0
2025-02-18 10:35:00+09:00,18080.0,18090.0,18070.0,18070.0,981,0.0,0.0
2025-02-18 10:36:00+09:00,18080.0,18080.0,18070.0,18070.0,1316,0.0,0.0
2025-02-18 10:37:00+09:00,18070.0,18070.0,18060.0,18060.0,2034,0.0,0.0
2025-02-18 10:38:00+09:00,18060.0,18070.0,18060.0,18060.0,5557,0.0,0.0
2025-02-18 10:39:00+09:00,18060.0,18080.0,18060.0,18060.0,426,0.0,0.0
2025-02-18 10:40:00+09:00,18060.0,18070.0,18060.0,18070.0,1258,0.0,0.0
2025-02-18 10:41:00+09:00,18070.0,18080.0,18060.0,18070.0,1829,0.0,0.0
2025-02-18 10:42:00+09:00,18070.0,18070.0,18050.0,18060.0,911,0.0,0.0
2025-02-18 10:43:00+09:00,18060.0,18070.0,18060.0,18060.0,1582,0.0,0.0
2025-02-18 10:44:00+09:00,18060.0,18060.0,18050.0,18060.0,4888,0.0,0.0
2025-02-18 10:45:00+09:00,18060.0,18070.0,18060.0,18060.0,1330,0.0,0.0
2025-02-18 10:46:00+09:00,18070.0,18070.0,18060.0,18060.0,2049,0.0,0.0
2025-02-18 10:47:00+09:00,18060.0,18070.0,18060.0,18060.0,1697,0.0,0.0
2025-02-18 10:48:00+09:00,18070.0,18090.0,18060.0,18080.0,2063,0.0,0.0
2025-02-18 10:49:00+09:00,18080.0,18080.0,18070.0,18070.0,813,0.0,0.0
2025-02-18 10:50:00+09:00,18080.0,18080.0,18060.0,18070.0,2885,0.0,0.0
2025-02-18 10:51:00+09:00,18070.0,18070.0,18060.0,18060.0,2581,0.0,0.0
2025-02-18 10:52:00+09:00,18060.0,18080.0,18060.0,18070.0,743,0.0,0.0
2025-02-18 10:53:00+09:00,18060.0,18070.0,18060.0,18070.0,1380,0.0,0.0
2025-02-18 10:54:00+09:00,18060.0,18100.0,18060.0,18060.0,1814,0.0,0.0
2025-02-18 10:55:00+09:00,18060.0,18070.0,18060.0,18060.0,2504,0.0,0.0
2025-02-18 10:56:00+09:00,18060.0,18070.0,18050.0,18050.0,5437,0.0,0.0
2025-02-18 10:57:00+09:00,18050.0,18060.0,18050.0,18060.0,3650,0.0,0.0
2025-02-18 10:58:00+09:00,18050.0,18060.0,18050.0,18050.0,1959,0.0,0.0
2025-02-18 10:59:00+09:00,18050.0,18070.0,18050.0,18060.0,2410,0.0,0.0
2025-02-18 11:00:00+09:00,18070.0,18070.0,18050.0,18050.0,955,0.0,0.0
2025-02-18 11:01:00+09:00,18060.0,18060.0,18050.0,18050.0,4861,0.0,0.0
2025-02-18 11:02:00+09:00,18060.0,18080.0,18050.0,18060.0,1276,0.0,0.0
2025-02-18 11:03:00+09:00,18060.0,18070.0,18050.0,18060.0,752,0.0,0.0
2025-02-18 11:04:00+09:00,18060.0,18060.0,18050.0,18050.0,2685,0.0,0.0
2025-02-18 11:05:00+09:00,18060.0,18060.0,18050.0,18060.0,2273,0.0,0.0
2025-02-18 11:06:00+09:00,18060.0,18070.0,18060.0,18070.0,704,0.0,0.0
2025-02-18 11:07:00+09:00,18060.0,18070.0,18060.0,18060.0,2375,0.0,0.0
2025-02-18 11:08:00+09:00,18060.0,18070.0,18060.0,18060.0,1635,0.0,0.0
2025-02-18 11:09:00+09:00,18060.0,18070.0,18060.0,18060.0,989,0.0,0.0
2025-02-18 11:10:00+09:00,18070.0,18090.0,18060.0,18060.0,1768,0.0,0.0
2025-02-18 11:11:00+09:00,18060.0,18070.0,18060.0,18060.0,590,0.0,0.0
2025-02-18 11:12:00+09:00,18060.0,18090.0,18060.0,18090.0,1951,0.0,0.0
2025-02-18 11:13:00+09:00,18080.0,18090.0,18050.0,18050.0,1095,0.0,0.0
2025-02-18 11:14:00+09:00,18050.0,18080.0,18050.0,18060.0,923,0.0,0.0
2025-02-18 11:15:00+09:00,18060.0,18070.0,18050.0,18050.0,1580,0.0,0.0
2025-02-18 11:16:00+09:00,18050.0,18060.0,18050.0,18050.0,1414,0.0,0.0
2025-02-18 11:17:00+09:00,18050.0,18060.0,18040.0,18060.0,8098,0.0,0.0
2025-02-18 11:18:00+09:00,18040.0,18060.0,18040.0,18050.0,1071,0.0,0.0
2025-02-18 11:19:00+09:00,18060.0,18060.0,18050.0,18050.0,1287,0.0,0.0
2025-02-18 11:20:00+09:00,18060.0,18070.0,18050.0,18070.0,2521,0.0,0.0
2025-02-18 11:21:00+09:00,18080.0,18080.0,18060.0,18060.0,997,0.0,0.0
2025-02-18 11:22:00+09:00,18060.0,18070.0,18060.0,18060.0,1623,0.0,0.0
2025-02-18 11:23:00+09:00,18060.0,18090.0,18050.0,18080.0,1683,0.0,0.0
2025-02-18 11:24:00+09:00,18090.0,18090.0,18060.0,18080.0,1034,0.0,0.0
2025-02-18 11:25:00+09:00,18080.0,18100.0,18070.0,18080.0,6075,0.0,0.0
2025-02-18 11:26:00+09:00,18080.0,18100.0,18080.0,18090.0,1427,0.0,0.0
2025-02-18 11:27:00+09:00,18090.0,18100.0,18090.0,18100.0,1621,0.0,0.0
2025-02-18 11:28:00+09:00,18090.0,18100.0,18080.0,18100.0,3941,0.0,0.0
2025-02-18 11:29:00+09:00,18090.0,18120.0,18090.0,18120.0,3379,0.0,0.0
2025-02-18 11:30:00+09:00,18110.0,18120.0,18090.0,18100.0,613,0.0,0.0
2025-02-18 11:31:00+09:00,18090.0,18110.0,18080.0,18080.0,1628,0.0,0.0
2025-02-18 11:32:00+09:00,18080.0,18120.0,18080.0,18110.0,1832,0.0,0.0
2025-02-18 11:33:00+09:00,18110.0,18120.0,18110.0,18120.0,1464,0.0,0.0
2025-02-18 11:34:00+09:00,18110.0,18120.0,18100.0,18110.0,1311,0.0,0.0
2025-02-18 11:35:00+09:00,18100.0,18120.0,18090.0,18110.0,2467,0.0,0.0
2025-02-18 11:36:00+09:00,18110.0,18130.0,18100.0,18110.0,3234,0.0,0.0
2025-02-18 11:37:00+09:00,18110.0,18130.0,18110.0,18120.0,2356,0.0,0.0
2025-02-18 11:38:00+09:00,18120.0,18130.0,18110.0,18120.0,1128,0.0,0.0
2025-02-18 11:39:00+09:00,18120.0,18130.0,18100.0,18120.0,3605,0.0,0.0
2025-02-18 11:40:00+09:00,18120.0,18130.0,18110.0,18120.0,3592,0.0,0.0
2025-02-18 11:41:00+09:00,18120.0,18140.0,18120.0,18130.0,1983,0.0,0.0
2025-02-18 11:42:00+09:00,18130.0,18160.0,18120.0,18150.0,8302,0.0,0.0
2025-02-18 11:43:00+09:00,18150.0,18150.0,18130.0,18140.0,1932,0.0,0.0
2025-02-18 11:44:00+09:00,18130.0,18140.0,18120.0,18120.0,1043,0.0,0.0
2025-02-18 11:45:00+09:00,18130.0,18140.0,18120.0,18130.0,1648,0.0,0.0
2025-02-18 11:46:00+09:00,18130.0,18140.0,18120.0,18140.0,1624,0.0,0.0
2025-02-18 11:47:00+09:00,18130.0,18140.0,18120.0,18130.0,1869,0.0,0.0
2025-02-18 11:48:00+09:00,18130.0,18150.0,18120.0,18130.0,1274,0.0,0.0
2025-02-18 11:49:00+09:00,18140.0,18140.0,18130.0,18140.0,1363,0.0,0.0
2025-02-18 11:50:00+09:00,18140.0,18160.0,18140.0,18150.0,2637,0.0,0.0
2025-02-18 11:51:00+09:00,18150.0,18160.0,18150.0,18150.0,5380,0.0,0.0
2025-02-18 11:52:00+09:00,18150.0,18160.0,18140.0,18140.0,1464,0.0,0.0
2025-02-18 11:53:00+09:00,18140.0,18150.0,18120.0,18130.0,1551,0.0,0.0
2025-02-18 11:54:00+09:00,18130.0,18140.0,18130.0,18130.0,1404,0.0,0.0
2025-02-18 11:55:00+09:00,18130.0,18140.0,18120.0,18130.0,1687,0.0,0.0
2025-02-18 11:56:00+09:00,18120.0,18130.0,18120.0,18130.0,1102,0.0,0.0
2025-02-18 11:57:00+09:00,18130.0,18140.0,18120.0,18130.0,1405,0.0,0.0
2025-02-18 11:58:00+09:00,18130.0,18140.0,18120.0,18120.0,1871,0.0,0.0
2025-02-18 11:59:00+09:00,18130.0,18140.0,18130.0,18130.0,1128,0.0,0.0
2025-02-18 12:00:00+09:00,18130.0,18160.0,18130.0,18160.0,4819,0.0,0.0
2025-02-18 12:01:00+09:00,18160.0,18160.0,18140.0,18160.0,1760,0.0,0.0
2025-02-18 12:02:00+09:00,18140.0,18150.0,18130.0,18140.0,2626,0.0,0.0
2025-02-18 12:03:00+09:00,18140.0,18160.0,18140.0,18150.0,3186,0.0,0.0
2025-02-18 12:04:00+09:00,18160.0,18160.0,18150.0,18150.0,708,0.0,0.0
2025-02-18 12:05:00+09:00,18150.0,18160.0,18140.0,18160.0,3973,0.0,0.0
2025-02-18 12:06:00+09:00,18150.0,18160.0,18140.0,18150.0,2067,0.0,0.0
2025-02-18 12:07:00+09:00,18160.0,18160.0,18150.0,18150.0,785,0.0,0.0
2025-02-18 12:08:00+09:00,18160.0,18160.0,18140.0,18150.0,2515,0.0,0.0
2025-02-18 12:09:00+09:00,18150.0,18160.0,18150.0,18160.0,1823,0.0,0.0
2025-02-18 12:10:00+09:00,18160.0,18160.0,18150.0,18160.0,1319,0.0,0.0
2025-02-18 12:11:00+09:00,18150.0,18170.0,18140.0,18150.0,3284,0.0,0.0
2025-02-18 12:12:00+09:00,18150.0,18170.0,18150.0,18170.0,3067,0.0,0.0
2025-02-18 12:13:00+09:00,18160.0,18170.0,18140.0,18150.0,2260,0.0,0.0
2025-02-18 12:14:00+09:00,18170.0,18180.0,18150.0,18160.0,3491,0.0,0.0
2025-02-18 12:15:00+09:00,18170.0,18180.0,18160.0,18170.0,3374,0.0,0.0
2025-02-18 12:16:00+09:00,18180.0,18200.0,18170.0,18180.0,4869,0.0,0.0
2025-02-18 12:17:00+09:00,18180.0,18200.0,18180.0,18190.0,3254,0.0,0.0
2025-02-18 12:18:00+09:00,18190.0,18200.0,18180.0,18180.0,3612,0.0,0.0
2025-02-18 12:19:00+09:00,18180.0,18190.0,18180.0,18180.0,4741,0.0,0.0
2025-02-18 12:20:00+09:00,18190.0,18200.0,18180.0,18180.0,799,0.0,0.0
2025-02-18 12:21:00+09:00,18180.0,18190.0,18170.0,18180.0,1336,0.0,0.0
2025-02-18 12:22:00+09:00,18180.0,18190.0,18160.0,18160.0,1420,0.0,0.0
2025-02-18 12:23:00+09:00,18160.0,18170.0,18160.0,18170.0,937,0.0,0.0
2025-02-18 12:24:00+09:00,18160.0,18180.0,18150.0,18160.0,1464,0.0,0.0
2025-02-18 12:25:00+09:00,18160.0,18180.0,18160.0,18160.0,1297,0.0,0.0
2025-02-18 12:26:00+09:00,18160.0,18190.0,18150.0,18180.0,3020,0.0,0.0
2025-02-18 12:27:00+09:00,18180.0,18190.0,18180.0,18180.0,1715,0.0,0.0
2025-02-18 12:28:00+09:00,18180.0,18190.0,18170.0,18180.0,2926,0.0,0.0
2025-02-18 12:29:00+09:00,18190.0,18190.0,18170.0,18180.0,1378,0.0,0.0
2025-02-18 12:30:00+09:00,18180.0,18180.0,18170.0,18170.0,1348,0.0,0.0
2025-02-18 12:31:00+09:00,18180.0,18180.0,18160.0,18180.0,1898,0.0,0.0
2025-02-18 12:32:00+09:00,18180.0,18190.0,18180.0,18180.0,1610,0.0,0.0
2025-02-18 12:33:00+09:00,18180.0,18190.0,18180.0,18190.0,1198,0.0,0.0
2025-02-18 12:34:00+09:00,18180.0,18190.0,18180.0,18180.0,2969,0.0,0.0
2025-02-18 12:35:00+09:00,18180.0,18190.0,18170.0,18180.0,3026,0.0,0.0
2025-02-18 12:36:00+09:00,18180.0,18180.0,18170.0,18180.0,890,0.0,0.0
2025-02-18 12:37:00+09:00,18170.0,18180.0,18160.0,18180.0,2448,0.0,0.0
2025-02-18 12:38:00+09:00,18170.0,18180.0,18170.0,18170.0,1385,0.0,0.0
2025-02-18 12:39:00+09:00,18180.0,18190.0,18180.0,18180.0,2593,0.0,0.0
2025-02-18 12:40:00+09:00,18190.0,18190.0,18180.0,18180.0,1630,0.0,0.0
2025-02-18 12:41:00+09:00,18180.0,18190.0,18180.0,18190.0,3070,0.0,0.0
2025-02-18 12:42:00+09:00,18180.0,18190.0,18180.0,18180.0,1103,0.0,0.0
2025-02-18 12:43:00+09:00,18190.0,18190.0,18180.0,18180.0,1752,0.0,0.0
2025-02-18 12:44:00+09:00,18190.0,18190.0,18180.0,18180.0,1577,0.0,0.0
2025-02-18 12:45:00+09:00,18180.0,18190.0,18180.0,18190.0,1707,0.0,0.0
2025-02-18 12:46:00+09:00,18180.0,18190.0,18170.0,18180.0,14249,0.0,0.0
2025-02-18 12:47:00+09:00,18170.0,18180.0,18150.0,18150.0,3746,0.0,0.0
2025-02-18 12:48:00+09:00,18150.0,18190.0,18150.0,18180.0,10192,0.0,0.0
2025-02-18 12:49:00+09:00,18180.0,18190.0,18180.0,18180.0,648,0.0,0.0
2025-02-18 12:50:00+09:00,18180.0,18190.0,18170.0,18180.0,1486,0.0,0.0
2025-02-18 12:51:00+09:00,18170.0,18190.0,18170.0,18190.0,1317,0.0,0.0
2025-02-18 12:52:00+09:00,18180.0,18190.0,18180.0,18180.0,934,0.0,0.0
2025-02-18 12:53:00+09:00,18190.0,18190.0,18180.0,18190.0,2720,0.0,0.0
2025-02-18 12:54:00+09:00,18180.0,18190.0,18180.0,18180.0,2081,0.0,0.0
2025-02-18 12:55:00+09:00,18180.0,18190.0,18180.0,18190.0,3564,0.0,0.0
2025-02-18 12:56:00+09:00,18180.0,18200.0,18180.0,18200.0,3767,0.0,0.0
2025-02-18 12:57:00+09:00,18200.0,18210.0,18190.0,18200.0,13294,0.0,0.0
2025-02-18 12:58:00+09:00,18200.0,18220.0,18200.0,18200.0,1737,0.0,0.0
2025-02-18 12:59:00+09:00,18210.0,18210.0,18190.0,18210.0,1591,0.0,0.0
2025-02-18 13:00:00+09:00,18210.0,18210.0,18180.0,18180.0,1367,0.0,0.0
2025-02-18 13:01:00+09:00,18180.0,18190.0,18170.0,18170.0,1090,0.0,0.0
2025-02-18 13:02:00+09:00,18170.0,18190.0,18170.0,18190.0,2018,0.0,0.0
2025-02-18 13:03:00+09:00,18190.0,18190.0,18180.0,18180.0,1393,0.0,0.0
2025-02-18 13:04:00+09:00,18180.0,18190.0,18180.0,18180.0,1061,0.0,0.0
2025-02-18 13:05:00+09:00,18180.0,18190.0,18170.0,18180.0,1474,0.0,0.0
2025-02-18 13:06:00+09:00,18180.0,18190.0,18160.0,18190.0,1407,0.0,0.0
2025-02-18 13:07:00+09:00,18180.0,18190.0,18160.0,18160.0,1612,0.0,0.0
2025-02-18 13:08:00+09:00,18160.0,18180.0,18150.0,18180.0,1798,0.0,0.0
2025-02-18 13:09:00+09:00,18180.0,18190.0,18160.0,18170.0,864,0.0,0.0
2025-02-18 13:10:00+09:00,18160.0,18180.0,18160.0,18170.0,1933,0.0,0.0
2025-02-18 13:11:00+09:00,18170.0,18170.0,18150.0,18150.0,737,0.0,0.0
2025-02-18 13:12:00+09:00,18160.0,18160.0,18150.0,18160.0,1566,0.0,0.0
2025-02-18 13:13:00+09:00,18150.0,18200.0,18150.0,18200.0,3702,0.0,0.0
2025-02-18 13:14:00+09:00,18200.0,18200.0,18170.0,18180.0,1772,0.0,0.0
2025-02-18 13:15:00+09:00,18190.0,18200.0,18180.0,18200.0,2128,0.0,0.0
2025-02-18 13:16:00+09:00,18200.0,18200.0,18180.0,18200.0,1483,0.0,0.0
2025-02-18 13:17:00+09:00,18190.0,18200.0,18180.0,18180.0,636,0.0,0.0
2025-02-18 13:18:00+09:00,18190.0,18200.0,18180.0,18180.0,2210,0.0,0.0
2025-02-18 13:19:00+09:00,18190.0,18190.0,18180.0,18180.0,1096,0.0,0.0
2025-02-18 13:20:00+09:00,18180.0,18190.0,18180.0,18180.0,933,0.0,0.0
2025-02-18 13:21:00+09:00,18180.0,18200.0,18180.0,18190.0,5401,0.0,0.0
2025-02-18 13:22:00+09:00,18190.0,18200.0,18180.0,18180.0,1365,0.0,0.0
2025-02-18 13:23:00+09:00,18180.0,18190.0,18170.0,18180.0,303,0.0,0.0
2025-02-18 13:24:00+09:00,18170.0,18180.0,18170.0,18180.0,1760,0.0,0.0
2025-02-18 13:25:00+09:00,18170.0,18180.0,18160.0,18160.0,1298,0.0,0.0
2025-02-18 13:26:00+09:00,18170.0,18180.0,18160.0,18160.0,1654,0.0,0.0
2025-02-18 13:27:00+09:00,18170.0,18190.0,18170.0,18190.0,4828,0.0,0.0
2025-02-18 13:28:00+09:00,18190.0,18220.0,18180.0,18210.0,11352,0.0,0.0
2025-02-18 13:29:00+09:00,18210.0,18220.0,18200.0,18210.0,1308,0.0,0.0
2025-02-18 13:30:00+09:00,18210.0,18230.0,18210.0,18220.0,7529,0.0,0.0
2025-02-18 13:31:00+09:00,18230.0,18230.0,18220.0,18220.0,1378,0.0,0.0
2025-02-18 13:32:00+09:00,18220.0,18230.0,18210.0,18220.0,3492,0.0,0.0
2025-02-18 13:33:00+09:00,18220.0,18230.0,18210.0,18220.0,964,0.0,0.0
2025-02-18 13:34:00+09:00,18210.0,18220.0,18210.0,18220.0,2114,0.0,0.0
2025-02-18 13:35:00+09:00,18210.0,18220.0,18200.0,18200.0,1061,0.0,0.0
2025-02-18 13:36:00+09:00,18210.0,18220.0,18200.0,18210.0,1600,0.0,0.0
2025-02-18 13:37:00+09:00,18210.0,18240.0,18210.0,18230.0,8065,0.0,0.0
2025-02-18 13:38:00+09:00,18230.0,18250.0,18230.0,18230.0,7604,0.0,0.0
2025-02-18 13:39:00+09:00,18230.0,18250.0,18230.0,18240.0,3730,0.0,0.0
2025-02-18 13:40:00+09:00,18240.0,18250.0,18230.0,18240.0,3155,0.0,0.0
2025-02-18 13:41:00+09:00,18230.0,18230.0,18220.0,18220.0,1413,0.0,0.0
2025-02-18 13:42:00+09:00,18220.0,18230.0,18220.0,18220.0,1496,0.0,0.0
2025-02-18 13:43:00+09:00,18220.0,18220.0,18190.0,18190.0,2430,0.0,0.0
2025-02-18 13:44:00+09:00,18190.0,18230.0,18190.0,18220.0,4792,0.0,0.0
2025-02-18 13:45:00+09:00,18220.0,18230.0,18210.0,18210.0,1835,0.0,0.0
2025-02-18 13:46:00+09:00,18210.0,18220.0,18210.0,18210.0,1555,0.0,0.0
2025-02-18 13:47:00+09:00,18210.0,18220.0,18190.0,18220.0,1960,0.0,0.0
2025-02-18 13:48:00+09:00,18210.0,18220.0,18180.0,18190.0,2303,0.0,0.0
2025-02-18 13:49:00+09:00,18180.0,18200.0,18180.0,18190.0,1256,0.0,0.0
2025-02-18 13:50:00+09:00,18190.0,18190.0,18170.0,18170.0,2152,0.0,0.0
2025-02-18 13:51:00+09:00,18170.0,18180.0,18160.0,18170.0,2081,0.0,0.0
2025-02-18 13:52:00+09:00,18170.0,18170.0,18150.0,18160.0,3524,0.0,0.0
2025-02-18 13:53:00+09:00,18150.0,18160.0,18150.0,18150.0,1795,0.0,0.0
2025-02-18 13:54:00+09:00,18160.0,18160.0,18140.0,18150.0,2646,0.0,0.0
2025-02-18 13:55:00+09:00,18150.0,18160.0,18140.0,18160.0,2348,0.0,0.0
2025-02-18 13:56:00+09:00,18160.0,18160.0,18140.0,18150.0,4971,0.0,0.0
2025-02-18 13:57:00+09:00,18140.0,18150.0,18120.0,18130.0,6335,0.0,0.0
2025-02-18 13:58:00+09:00,18130.0,18160.0,18130.0,18140.0,1180,0.0,0.0
2025-02-18 13:59:00+09:00,18150.0,18150.0,18130.0,18140.0,1176,0.0,0.0
2025-02-18 14:00:00+09:00,18130.0,18150.0,18130.0,18150.0,3277,0.0,0.0
2025-02-18 14:01:00+09:00,18140.0,18150.0,18140.0,18140.0,1109,0.0,0.0
2025-02-18 14:02:00+09:00,18140.0,18150.0,18140.0,18140.0,1487,0.0,0.0
2025-02-18 14:03:00+09:00,18140.0,18150.0,18130.0,18140.0,2684,0.0,0.0
2025-02-18 14:04:00+09:00,18140.0,18150.0,18130.0,18140.0,1681,0.0,0.0
2025-02-18 14:05:00+09:00,18150.0,18150.0,18140.0,18140.0,894,0.0,0.0
2025-02-18 14:06:00+09:00,18150.0,18150.0,18140.0,18140.0,1833,0.0,0.0
2025-02-18 14:07:00+09:00,18140.0,18170.0,18140.0,18170.0,2867,0.0,0.0
2025-02-18 14:08:00+09:00,18170.0,18170.0,18150.0,18150.0,1348,0.0,0.0
2025-02-18 14:09:00+09:00,18150.0,18170.0,18140.0,18150.0,2881,0.0,0.0
2025-02-18 14:10:00+09:00,18160.0,18180.0,18150.0,18180.0,1756,0.0,0.0
2025-02-18 14:11:00+09:00,18170.0,18180.0,18170.0,18170.0,1349,0.0,0.0
2025-02-18 14:12:00+09:00,18160.0,18180.0,18150.0,18170.0,1441,0.0,0.0
2025-02-18 14:13:00+09:00,18160.0,18170.0,18160.0,18160.0,1231,0.0,0.0
2025-02-18 14:14:00+09:00,18160.0,18170.0,18150.0,18170.0,3049,0.0,0.0
2025-02-18 14:15:00+09:00,18160.0,18170.0,18140.0,18160.0,1988,0.0,0.0
2025-02-18 14:16:00+09:00,18160.0,18170.0,18150.0,18170.0,1838,0.0,0.0
2025-02-18 14:17:00+09:00,18160.0,18180.0,18150.0,18170.0,2245,0.0,0.0
2025-02-18 14:18:00+09:00,18170.0,18180.0,18170.0,18170.0,1868,0.0,0.0
2025-02-18 14:19:00+09:00,18180.0,18190.0,18170.0,18180.0,1119,0.0,0.0
2025-02-18 14:20:00+09:00,18180.0,18200.0,18170.0,18170.0,2506,0.0,0.0
2025-02-18 14:21:00+09:00,18180.0,18190.0,18170.0,18180.0,1125,0.0,0.0
2025-02-18 14:22:00+09:00,18180.0,18190.0,18170.0,18180.0,1756,0.0,0.0
2025-02-18 14:23:00+09:00,18180.0,18190.0,18160.0,18160.0,2330,0.0,0.0
2025-02-18 14:24:00+09:00,18170.0,18190.0,18160.0,18180.0,1199,0.0,0.0
2025-02-18 14:25:00+09:00,18180.0,18190.0,18170.0,18170.0,1841,0.0,0.0
2025-02-18 14:26:00+09:00,18180.0,18190.0,18170.0,18190.0,1501,0.0,0.0
2025-02-18 14:27:00+09:00,18180.0,18200.0,18180.0,18190.0,1309,0.0,0.0
2025-02-18 14:28:00+09:00,18190.0,18200.0,18190.0,18200.0,1828,0.0,0.0
2025-02-18 14:29:00+09:00,18200.0,18200.0,18190.0,18190.0,1905,0.0,0.0
2025-02-18 14:30:00+09:00,18190.0,18200.0,18190.0,18200.0,1904,0.0,0.0
2025-02-18 14:31:00+09:00,18190.0,18210.0,18180.0,18200.0,2513,0.0,0.0
2025-02-18 14:32:00+09:00,18200.0,18210.0,18190.0,18190.0,1725,0.0,0.0
2025-02-18 14:33:00+09:00,18190.0,18200.0,18190.0,18190.0,3150,0.0,0.0
2025-02-18 14:34:00+09:00,18190.0,18200.0,18190.0,18190.0,1726,0.0,0.0
2025-02-18 14:35:00+09:00,18180.0,18200.0,18180.0,18180.0,1460,0.0,0.0
2025-02-18 14:36:00+09:00,18190.0,18190.0,18170.0,18190.0,1558,0.0,0.0
2025-02-18 14:37:00+09:00,18190.0,18190.0,18170.0,18180.0,1143,0.0,0.0
2025-02-18 14:38:00+09:00,18180.0,18200.0,18180.0,18190.0,2526,0.0,0.0
2025-02-18 14:39:00+09:00,18190.0,18190.0,18180.0,18180.0,1720,0.0,0.0
2025-02-18 14:40:00+09:00,18180.0,18190.0,18170.0,18170.0,3695,0.0,0.0
2025-02-18 14:41:00+09:00,18170.0,18190.0,18170.0,18180.0,2578,0.0,0.0
2025-02-18 14:42:00+09:00,18180.0,18190.0,18170.0,18170.0,1185,0.0,0.0
2025-02-18 14:43:00+09:00,18170.0,18190.0,18170.0,18180.0,1773,0.0,0.0
2025-02-18 14:44:00+09:00,18180.0,18190.0,18170.0,18190.0,1826,0.0,0.0
2025-02-18 14:45:00+09:00,18190.0,18190.0,18170.0,18180.0,2313,0.0,0.0
2025-02-18 14:46:00+09:00,18180.0,18190.0,18150.0,18170.0,6248,0.0,0.0
2025-02-18 14:47:00+09:00,18170.0,18190.0,18150.0,18180.0,2987,0.0,0.0
2025-02-18 14:48:00+09:00,18170.0,18210.0,18150.0,18190.0,5023,0.0,0.0
2025-02-18 14:49:00+09:00,18170.0,18170.0,18140.0,18150.0,2833,0.0,0.0
2025-02-18 14:50:00+09:00,18140.0,18180.0,18130.0,18140.0,3356,0.0,0.0
2025-02-18 14:51:00+09:00,18170.0,18180.0,18130.0,18140.0,2496,0.0,0.0
2025-02-18 14:52:00+09:00,18150.0,18190.0,18130.0,18150.0,2852,0.0,0.0
2025-02-18 14:53:00+09:00,18150.0,18190.0,18140.0,18140.0,2128,0.0,0.0
2025-02-18 14:54:00+09:00,18140.0,18190.0,18140.0,18170.0,1838,0.0,0.0
2025-02-18 14:55:00+09:00,18160.0,18190.0,18140.0,18170.0,3096,0.0,0.0
2025-02-18 14:56:00+09:00,18170.0,18180.0,18140.0,18150.0,2389,0.0,0.0
2025-02-18 14:57:00+09:00,18150.0,18170.0,18130.0,18130.0,4812,0.0,0.0
2025-02-18 14:58:00+09:00,18130.0,18160.0,18120.0,18130.0,8240,0.0,0.0
2025-02-18 14:59:00+09:00,18120.0,18160.0,18120.0,18140.0,2772,0.0,0.0
2025-02-19 09:00:00+09:00,18100.0,18120.0,18070.0,18120.0,14262,0.0,0.0
2025-02-19 09:01:00+09:00,18090.0,18140.0,18090.0,18140.0,2707,0.0,0.0
2025-02-19 09:02:00+09:00,18140.0,18150.0,18120.0,18140.0,5933,0.0,0.0
2025-02-19 09:03:00+09:00,18130.0,18140.0,18120.0,18130.0,2245,0.0,0.0
2025-02-19 09:04:00+09:00,18130.0,18150.0,18120.0,18150.0,2802,0.0,0.0
2025-02-19 09:05:00+09:00,18150.0,18150.0,18130.0,18130.0,2339,0.0,0.0
2025-02-19 09:06:00+09:00,18140.0,18140.0,18110.0,18110.0,3866,0.0,0.0
2025-02-19 09:07:00+09:00,18120.0,18120.0,18110.0,18120.0,2788,0.0,0.0
2025-02-19 09:08:00+09:00,18120.0,18120.0,18110.0,18110.0,2142,0.0,0.0
2025-02-19 09:09:00+09:00,18110.0,18120.0,18100.0,18100.0,8638,0.0,0.0
2025-02-19 09:10:00+09:00,18100.0,18120.0,18090.0,18120.0,3167,0.0,0.0
2025-02-19 09:11:00+09:00,18120.0,18130.0,18110.0,18120.0,2789,0.0,0.0
2025-02-19 09:12:00+09:00,18130.0,18130.0,18110.0,18130.0,1183,0.0,0.0
2025-02-19 09:13:00+09:00,18120.0,18130.0,18100.0,18110.0,3054,0.0,0.0
2025-02-19 09:14:00+09:00,18120.0,18140.0,18120.0,18140.0,2150,0.0,0.0
2025-02-19 09:15:00+09:00,18140.0,18140.0,18120.0,18130.0,8406,0.0,0.0
2025-02-19 09:16:00+09:00,18130.0,18140.0,18120.0,18140.0,2127,0.0,0.0
2025-02-19 09:17:00+09:00,18140.0,18150.0,18130.0,18150.0,3264,0.0,0.0
2025-02-19 09:18:00+09:00,18150.0,18200.0,18140.0,18170.0,13524,0.0,0.0
2025-02-19 09:19:00+09:00,18170.0,18170.0,18150.0,18150.0,2200,0.0,0.0
2025-02-19 09:20:00+09:00,18150.0,18160.0,18140.0,18150.0,7115,0.0,0.0
2025-02-19 09:21:00+09:00,18160.0,18160.0,18150.0,18150.0,0,0.0,0.0
2025-02-19 09:22:00+09:00,18160.0,18170.0,18150.0,18170.0,1722,0.0,0.0
2025-02-19 09:23:00+09:00,18170.0,18180.0,18160.0,18170.0,1561,0.0,0.0
2025-02-19 09:24:00+09:00,18180.0,18190.0,18170.0,18180.0,788,0.0,0.0
2025-02-19 09:25:00+09:00,18180.0,18190.0,18160.0,18170.0,1266,0.0,0.0
2025-02-19 09:26:00+09:00,18180.0,18200.0,18170.0,18170.0,6618,0.0,0.0
2025-02-19 09:27:00+09:00,18180.0,18190.0,18180.0,18180.0,1785,0.0,0.0
2025-02-19 09:28:00+09:00,18180.0,18220.0,18180.0,18200.0,11067,0.0,0.0
2025-02-19 09:29:00+09:00,18200.0,18220.0,18190.0,18210.0,4211,0.0,0.0
2025-02-19 09:30:00+09:00,18210.0,18220.0,18190.0,18190.0,6654,0.0,0.0
2025-02-19 09:31:00+09:00,18200.0,18210.0,18190.0,18200.0,3045,0.0,0.0
2025-02-19 09:32:00+09:00,18200.0,18200.0,18170.0,18180.0,4794,0.0,0.0
2025-02-19 09:33:00+09:00,18180.0,18210.0,18180.0,18200.0,4254,0.0,0.0
2025-02-19 09:34:00+09:00,18190.0,18210.0,18190.0,18210.0,2482,0.0,0.0
2025-02-19 09:35:00+09:00,18210.0,18210.0,18190.0,18210.0,4169,0.0,0.0
2025-02-19 09:36:00+09:00,18220.0,18250.0,18220.0,18240.0,13377,0.0,0.0
2025-02-19 09:37:00+09:00,18240.0,18250.0,18240.0,18240.0,3232,0.0,0.0
2025-02-19 09:38:00+09:00,18250.0,18280.0,18240.0,18270.0,6107,0.0,0.0
2025-02-19 09:39:00+09:00,18270.0,18280.0,18240.0,18250.0,4629,0.0,0.0
2025-02-19 09:40:00+09:00,18250.0,18260.0,18230.0,18240.0,3636,0.0,0.0
2025-02-19 09:41:00+09:00,18230.0,18250.0,18210.0,18240.0,6372,0.0,0.0
2025-02-19 09:42:00+09:00,18250.0,18260.0,18240.0,18250.0,4718,0.0,0.0
2025-02-19 09:43:00+09:00,18250.0,18280.0,18250.0,18270.0,17404,0.0,0.0
2025-02-19 09:44:00+09:00,18270.0,18280.0,18260.0,18260.0,5581,0.0,0.0
2025-02-19 09:45:00+09:00,18260.0,18280.0,18250.0,18260.0,3524,0.0,0.0
2025-02-19 09:46:00+09:00,18250.0,18260.0,18220.0,18220.0,2034,0.0,0.0
2025-02-19 09:47:00+09:00,18220.0,18240.0,18220.0,18230.0,1612,0.0,0.0
2025-02-19 09:48:00+09:00,18240.0,18240.0,18220.0,18230.0,3478,0.0,0.0
2025-02-19 09:49:00+09:00,18230.0,18250.0,18230.0,18250.0,4736,0.0,0.0
2025-02-19 09:50:00+09:00,18260.0,18260.0,18240.0,18240.0,3327,0.0,0.0
2025-02-19 09:51:00+09:00,18240.0,18260.0,18240.0,18250.0,3127,0.0,0.0
2025-02-19 09:52:00+09:00,18250.0,18260.0,18240.0,18250.0,2495,0.0,0.0
2025-02-19 09:53:00+09:00,18240.0,18250.0,18230.0,18230.0,7588,0.0,0.0
2025-02-19 09:54:00+09:00,18240.0,18240.0,18230.0,18230.0,1605,0.0,0.0
2025-02-19 09:55:00+09:00,18230.0,18230.0,18220.0,18230.0,2842,0.0,0.0
2025-02-19 09:56:00+09:00,18220.0,18230.0,18210.0,18220.0,6565,0.0,0.0
2025-02-19 09:57:00+09:00,18220.0,18230.0,18210.0,18210.0,2623,0.0,0.0
2025-02-19 09:58:00+09:00,18210.0,18220.0,18200.0,18210.0,1987,0.0,0.0
2025-02-19 09:59:00+09:00,18220.0,18220.0,18200.0,18210.0,4289,0.0,0.0
2025-02-19 10:00:00+09:00,18210.0,18210.0,18200.0,18210.0,2236,0.0,0.0
2025-02-19 10:01:00+09:00,18200.0,18210.0,18190.0,18200.0,1050,0.0,0.0
2025-02-19 10:02:00+09:00,18200.0,18210.0,18200.0,18200.0,2043,0.0,0.0
2025-02-19 10:03:00+09:00,18210.0,18210.0,18190.0,18190.0,4777,0.0,0.0
2025-02-19 10:04:00+09:00,18190.0,18210.0,18190.0,18200.0,18883,0.0,0.0
2025-02-19 10:05:00+09:00,18200.0,18230.0,18190.0,18230.0,12348,0.0,0.0
2025-02-19 10:06:00+09:00,18220.0,18230.0,18210.0,18210.0,1280,0.0,0.0
2025-02-19 10:07:00+09:00,18220.0,18220.0,18210.0,18210.0,1515,0.0,0.0
2025-02-19 10:08:00+09:00,18220.0,18230.0,18210.0,18230.0,3860,0.0,0.0
2025-02-19 10:09:00+09:00,18220.0,18230.0,18210.0,18220.0,1553,0.0,0.0
2025-02-19 10:10:00+09:00,18220.0,18230.0,18220.0,18220.0,830,0.0,0.0
2025-02-19 10:11:00+09:00,18220.0,18230.0,18210.0,18220.0,964,0.0,0.0
2025-02-19 10:12:00+09:00,18220.0,18230.0,18200.0,18200.0,2071,0.0,0.0
2025-02-19 10:13:00+09:00,18220.0,18220.0,18200.0,18200.0,1911,0.0,0.0
2025-02-19 10:14:00+09:00,18210.0,18210.0,18200.0,18210.0,1375,0.0,0.0
2025-02-19 10:15:00+09:00,18200.0,18210.0,18190.0,18210.0,2084,0.0,0.0
2025-02-19 10:16:00+09:00,18200.0,18210.0,18200.0,18210.0,1522,0.0,0.0
2025-02-19 10:17:00+09:00,18210.0,18210.0,18190.0,18200.0,3079,0.0,0.0
2025-02-19 10:18:00+09:00,18190.0,18230.0,18190.0,18220.0,2515,0.0,0.0
2025-02-19 10:19:00+09:00,18230.0,18230.0,18220.0,18230.0,966,0.0,0.0
2025-02-19 10:20:00+09:00,18230.0,18230.0,18200.0,18200.0,2010,0.0,0.0
2025-02-19 10:21:00+09:00,18210.0,18220.0,18210.0,18210.0,1060,0.0,0.0
2025-02-19 10:22:00+09:00,18220.0,18240.0,18210.0,18240.0,3725,0.0,0.0
2025-02-19 10:23:00+09:00,18240.0,18240.0,18200.0,18200.0,5890,0.0,0.0
2025-02-19 10:24:00+09:00,18220.0,18240.0,18200.0,18230.0,119,0.0,0.0
2025-02-19 10:25:00+09:00,18220.0,18230.0,18200.0,18210.0,1013,0.0,0.0
2025-02-19 10:26:00+09:00,18220.0,18230.0,18200.0,18220.0,4876,0.0,0.0
2025-02-19 10:27:00+09:00,18220.0,18230.0,18200.0,18210.0,1476,0.0,0.0
2025-02-19 10:28:00+09:00,18200.0,18220.0,18200.0,18210.0,2134,0.0,0.0
2025-02-19 10:29:00+09:00,18210.0,18240.0,18210.0,18230.0,6841,0.0,0.0
2025-02-19 10:30:00+09:00,18230.0,18260.0,18230.0,18250.0,10683,0.0,0.0
2025-02-19 10:31:00+09:00,18250.0,18260.0,18230.0,18250.0,10596,0.0,0.0
2025-02-19 10:32:00+09:00,18260.0,18260.0,18230.0,18240.0,3123,0.0,0.0
2025-02-19 10:33:00+09:00,18240.0,18250.0,18220.0,18230.0,2294,0.0,0.0
2025-02-19 10:34:00+09:00,18230.0,18250.0,18220.0,18220.0,2285,0.0,0.0
2025-02-19 10:35:00+09:00,18230.0,18250.0,18220.0,18230.0,1148,0.0,0.0
2025-02-19 10:36:00+09:00,18240.0,18240.0,18210.0,18220.0,2655,0.0,0.0
2025-02-19 10:37:00+09:00,18220.0,18230.0,18210.0,18220.0,1097,0.0,0.0
2025-02-19 10:38:00+09:00,18220.0,18240.0,18210.0,18210.0,10525,0.0,0.0
2025-02-19 10:39:00+09:00,18210.0,18220.0,18200.0,18210.0,1144,0.0,0.0
2025-02-19 10:40:00+09:00,18210.0,18230.0,18200.0,18200.0,1743,0.0,0.0
2025-02-19 10:41:00+09:00,18210.0,18230.0,18200.0,18200.0,3274,0.0,0.0
2025-02-19 10:42:00+09:00,18200.0,18210.0,18200.0,18200.0,1482,0.0,0.0
2025-02-19 10:43:00+09:00,18200.0,18210.0,18200.0,18210.0,1574,0.0,0.0
2025-02-19 10:44:00+09:00,18210.0,18220.0,18200.0,18220.0,1075,0.0,0.0
2025-02-19 10:45:00+09:00,18230.0,18240.0,18210.0,18220.0,2265,0.0,0.0
2025-02-19 10:46:00+09:00,18220.0,18240.0,18220.0,18230.0,4231,0.0,0.0
2025-02-19 10:47:00+09:00,18230.0,18240.0,18220.0,18230.0,1183,0.0,0.0
2025-02-19 10:48:00+09:00,18240.0,18240.0,18200.0,18220.0,4003,0.0,0.0
2025-02-19 10:49:00+09:00,18230.0,18230.0,18200.0,18230.0,7496,0.0,0.0
2025-02-19 10:50:00+09:00,18220.0,18230.0,18190.0,18200.0,4761,0.0,0.0
2025-02-19 10:51:00+09:00,18190.0,18230.0,18190.0,18220.0,3225,0.0,0.0
2025-02-19 10:52:00+09:00,18220.0,18230.0,18200.0,18210.0,5510,0.0,0.0
2025-02-19 10:53:00+09:00,18220.0,18240.0,18200.0,18240.0,12486,0.0,0.0
2025-02-19 10:54:00+09:00,18240.0,18250.0,18210.0,18220.0,15137,0.0,0.0
2025-02-19 10:55:00+09:00,18210.0,18240.0,18210.0,18230.0,1979,0.0,0.0
2025-02-19 10:56:00+09:00,18240.0,18240.0,18220.0,18230.0,2636,0.0,0.0
2025-02-19 10:57:00+09:00,18220.0,18230.0,18210.0,18230.0,2097,0.0,0.0
2025-02-19 10:58:00+09:00,18220.0,18230.0,18210.0,18210.0,1612,0.0,0.0
2025-02-19 10:59:00+09:00,18200.0,18220.0,18200.0,18200.0,3445,0.0,0.0
2025-02-19 11:00:00+09:00,18210.0,18210.0,18190.0,18200.0,2039,0.0,0.0
2025-02-19 11:01:00+09:00,18200.0,18220.0,18190.0,18220.0,2430,0.0,0.0
2025-02-19 11:02:00+09:00,18210.0,18230.0,18210.0,18220.0,3171,0.0,0.0
2025-02-19 11:03:00+09:00,18220.0,18230.0,18220.0,18220.0,744,0.0,0.0
2025-02-19 11:04:00+09:00,18230.0,18230.0,18220.0,18230.0,917,0.0,0.0
2025-02-19 11:05:00+09:00,18230.0,18230.0,18220.0,18230.0,1535,0.0,0.0
2025-02-19 11:06:00+09:00,18220.0,18250.0,18220.0,18240.0,1919,0.0,0.0
2025-02-19 11:07:00+09:00,18250.0,18260.0,18250.0,18250.0,9068,0.0,0.0
2025-02-19 11:08:00+09:00,18250.0,18260.0,18250.0,18250.0,1727,0.0,0.0
2025-02-19 11:09:00+09:00,18250.0,18270.0,18250.0,18260.0,5778,0.0,0.0
2025-02-19 11:10:00+09:00,18270.0,18280.0,18260.0,18260.0,18581,0.0,0.0
2025-02-19 11:11:00+09:00,18260.0,18270.0,18250.0,18260.0,6160,0.0,0.0
2025-02-19 11:12:00+09:00,18250.0,18270.0,18250.0,18260.0,3970,0.0,0.0
2025-02-19 11:13:00+09:00,18260.0,18260.0,18250.0,18250.0,3730,0.0,0.0
2025-02-19 11:14:00+09:00,18250.0,18260.0,18250.0,18250.0,0,0.0,0.0
2025-02-19 11:15:00+09:00,18260.0,18270.0,18240.0,18270.0,12985,0.0,0.0
2025-02-19 11:16:00+09:00,18260.0,18280.0,18260.0,18270.0,27998,0.0,0.0
2025-02-19 11:17:00+09:00,18280.0,18280.0,18270.0,18270.0,6921,0.0,0.0
2025-02-19 11:18:00+09:00,18270.0,18280.0,18270.0,18270.0,5214,0.0,0.0
2025-02-19 11:19:00+09:00,18270.0,18280.0,18260.0,18260.0,6237,0.0,0.0
2025-02-19 11:20:00+09:00,18260.0,18280.0,18260.0,18280.0,2711,0.0,0.0
2025-02-19 11:21:00+09:00,18270.0,18280.0,18250.0,18260.0,9865,0.0,0.0
2025-02-19 11:22:00+09:00,18250.0,18260.0,18230.0,18230.0,5138,0.0,0.0
2025-02-19 11:23:00+09:00,18240.0,18240.0,18230.0,18240.0,2113,0.0,0.0
2025-02-19 11:24:00+09:00,18240.0,18250.0,18230.0,18240.0,1177,0.0,0.0
2025-02-19 11:25:00+09:00,18250.0,18250.0,18240.0,18240.0,1341,0.0,0.0
2025-02-19 11:26:00+09:00,18250.0,18250.0,18240.0,18250.0,875,0.0,0.0
2025-02-19 11:27:00+09:00,18250.0,18250.0,18240.0,18240.0,748,0.0,0.0
2025-02-19 11:28:00+09:00,18250.0,18270.0,18240.0,18270.0,5523,0.0,0.0
2025-02-19 11:29:00+09:00,18260.0,18270.0,18260.0,18270.0,577,0.0,0.0
2025-02-19 11:30:00+09:00,18260.0,18270.0,18260.0,18270.0,1070,0.0,0.0
2025-02-19 11:31:00+09:00,18260.0,18280.0,18260.0,18280.0,5712,0.0,0.0
2025-02-19 11:32:00+09:00,18270.0,18290.0,18270.0,18280.0,7042,0.0,0.0
2025-02-19 11:33:00+09:00,18290.0,18290.0,18280.0,18290.0,2435,0.0,0.0
2025-02-19 11:34:00+09:00,18290.0,18290.0,18280.0,18290.0,4602,0.0,0.0
2025-02-19 11:35:00+09:00,18280.0,18290.0,18270.0,18280.0,1951,0.0,0.0
2025-02-19 11:36:00+09:00,18280.0,18280.0,18270.0,18280.0,1005,0.0,0.0
2025-02-19 11:37:00+09:00,18280.0,18290.0,18270.0,18290.0,1988,0.0,0.0
2025-02-19 11:38:00+09:00,18280.0,18300.0,18280.0,18300.0,12386,0.0,0.0
2025-02-19 11:39:00+09:00,18300.0,18300.0,18290.0,18300.0,1280,0.0,0.0
2025-02-19 11:40:00+09:00,18300.0,18300.0,18290.0,18300.0,3660,0.0,0.0
2025-02-19 11:41:00+09:00,18300.0,18320.0,18290.0,18310.0,17218,0.0,0.0
2025-02-19 11:42:00+09:00,18320.0,18320.0,18310.0,18310.0,3890,0.0,0.0
2025-02-19 11:43:00+09:00,18320.0,18320.0,18310.0,18320.0,1111,0.0,0.0
2025-02-19 11:44:00+09:00,18320.0,18320.0,18300.0,18300.0,6941,0.0,0.0
2025-02-19 11:45:00+09:00,18300.0,18310.0,18290.0,18310.0,3570,0.0,0.0
2025-02-19 11:46:00+09:00,18300.0,18310.0,18300.0,18300.0,3990,0.0,0.0
2025-02-19 11:47:00+09:00,18310.0,18320.0,18300.0,18320.0,5351,0.0,0.0
2025-02-19 11:48:00+09:00,18320.0,18320.0,18310.0,18320.0,1166,0.0,0.0
2025-02-19 11:49:00+09:00,18310.0,18320.0,18310.0,18310.0,2214,0.0,0.0
2025-02-19 11:50:00+09:00,18310.0,18320.0,18310.0,18320.0,5262,0.0,0.0
2025-02-19 11:51:00+09:00,18320.0,18320.0,18310.0,18320.0,6015,0.0,0.0
2025-02-19 11:52:00+09:00,18310.0,18320.0,18310.0,18320.0,2908,0.0,0.0
2025-02-19 11:53:00+09:00,18320.0,18340.0,18310.0,18340.0,10501,0.0,0.0
2025-02-19 11:54:00+09:00,18340.0,18340.0,18330.0,18330.0,2336,0.0,0.0
2025-02-19 11:55:00+09:00,18340.0,18340.0,18320.0,18330.0,2890,0.0,0.0
2025-02-19 11:56:00+09:00,18320.0,18330.0,18310.0,18320.0,2507,0.0,0.0
2025-02-19 11:57:00+09:00,18320.0,18330.0,18320.0,18330.0,2124,0.0,0.0
2025-02-19 11:58:00+09:00,18330.0,18330.0,18320.0,18320.0,7237,0.0,0.0
2025-02-19 11:59:00+09:00,18330.0,18330.0,18320.0,18320.0,4273,0.0,0.0
2025-02-19 12:00:00+09:00,18330.0,18340.0,18320.0,18340.0,3146,0.0,0.0
2025-02-19 12:01:00+09:00,18340.0,18340.0,18330.0,18330.0,1266,0.0,0.0
2025-02-19 12:02:00+09:00,18330.0,18340.0,18330.0,18330.0,1902,0.0,0.0
2025-02-19 12:03:00+09:00,18340.0,18350.0,18330.0,18350.0,10178,0.0,0.0
2025-02-19 12:04:00+09:00,18350.0,18380.0,18340.0,18380.0,19408,0.0,0.0
2025-02-19 12:05:00+09:00,18370.0,18390.0,18370.0,18390.0,5089,0.0,0.0
2025-02-19 12:06:00+09:00,18380.0,18390.0,18380.0,18390.0,3339,0.0,0.0
2025-02-19 12:07:00+09:00,18380.0,18390.0,18380.0,18390.0,4409,0.0,0.0
2025-02-19 12:08:00+09:00,18380.0,18390.0,18370.0,18380.0,5198,0.0,0.0
2025-02-19 12:09:00+09:00,18380.0,18390.0,18380.0,18390.0,2321,0.0,0.0
2025-02-19 12:10:00+09:00,18390.0,18390.0,18360.0,18360.0,3681,0.0,0.0
2025-02-19 12:11:00+09:00,18370.0,18380.0,18370.0,18370.0,1633,0.0,0.0
2025-02-19 12:12:00+09:00,18380.0,18380.0,18370.0,18370.0,4317,0.0,0.0
2025-02-19 12:13:00+09:00,18370.0,18370.0,18360.0,18360.0,0,0.0,0.0
2025-02-19 12:14:00+09:00,18360.0,18370.0,18360.0,18360.0,1571,0.0,0.0
2025-02-19 12:15:00+09:00,18370.0,18380.0,18360.0,18370.0,3623,0.0,0.0
2025-02-19 12:16:00+09:00,18380.0,18380.0,18370.0,18370.0,1147,0.0,0.0
2025-02-19 12:17:00+09:00,18370.0,18380.0,18370.0,18370.0,2143,0.0,0.0
2025-02-19 12:18:00+09:00,18370.0,18380.0,18370.0,18380.0,831,0.0,0.0
2025-02-19 12:19:00+09:00,18380.0,18380.0,18370.0,18370.0,1482,0.0,0.0
2025-02-19 12:20:00+09:00,18370.0,18390.0,18370.0,18390.0,4933,0.0,0.0
2025-02-19 12:21:00+09:00,18390.0,18390.0,18380.0,18380.0,1976,0.0,0.0
2025-02-19 12:22:00+09:00,18380.0,18400.0,18380.0,18400.0,11714,0.0,0.0
2025-02-19 12:23:00+09:00,18400.0,18400.0,18390.0,18400.0,2404,0.0,0.0
2025-02-19 12:24:00+09:00,18390.0,18400.0,18390.0,18390.0,4963,0.0,0.0
2025-02-19 12:25:00+09:00,18400.0,18400.0,18390.0,18400.0,2547,0.0,0.0
2025-02-19 12:26:00+09:00,18400.0,18400.0,18390.0,18390.0,1112,0.0,0.0
2025-02-19 12:27:00+09:00,18390.0,18400.0,18390.0,18400.0,1684,0.0,0.0
2025-02-19 12:28:00+09:00,18390.0,18400.0,18380.0,18390.0,1451,0.0,0.0
2025-02-19 12:29:00+09:00,18390.0,18400.0,18390.0,18390.0,2407,0.0,0.0
2025-02-19 12:30:00+09:00,18400.0,18400.0,18380.0,18390.0,4052,0.0,0.0
2025-02-19 12:31:00+09:00,18390.0,18390.0,18380.0,18380.0,1608,0.0,0.0
2025-02-19 12:32:00+09:00,18390.0,18390.0,18380.0,18380.0,1129,0.0,0.0
2025-02-19 12:33:00+09:00,18390.0,18390.0,18380.0,18380.0,1178,0.0,0.0
2025-02-19 12:34:00+09:00,18380.0,18390.0,18380.0,18380.0,1702,0.0,0.0
2025-02-19 12:35:00+09:00,18390.0,18390.0,18380.0,18390.0,2859,0.0,0.0
2025-02-19 12:36:00+09:00,18390.0,18390.0,18380.0,18380.0,4092,0.0,0.0
2025-02-19 12:37:00+09:00,18380.0,18390.0,18380.0,18390.0,3981,0.0,0.0
2025-02-19 12:38:00+09:00,18390.0,18390.0,18380.0,18390.0,468,0.0,0.0
2025-02-19 12:39:00+09:00,18380.0,18400.0,18380.0,18380.0,6918,0.0,0.0
2025-02-19 12:40:00+09:00,18390.0,18390.0,18380.0,18390.0,1846,0.0,0.0
2025-02-19 12:41:00+09:00,18380.0,18390.0,18380.0,18380.0,277,0.0,0.0
2025-02-19 12:42:00+09:00,18390.0,18390.0,18380.0,18390.0,1815,0.0,0.0
2025-02-19 12:43:00+09:00,18390.0,18390.0,18380.0,18390.0,1588,0.0,0.0
2025-02-19 12:44:00+09:00,18390.0,18390.0,18380.0,18380.0,1618,0.0,0.0
2025-02-19 12:45:00+09:00,18380.0,18390.0,18380.0,18380.0,1274,0.0,0.0
2025-02-19 12:46:00+09:00,18380.0,18390.0,18380.0,18390.0,344,0.0,0.0
2025-02-19 12:47:00+09:00,18390.0,18390.0,18360.0,18370.0,4135,0.0,0.0
2025-02-19 12:48:00+09:00,18370.0,18370.0,18360.0,18360.0,2361,0.0,0.0
2025-02-19 12:49:00+09:00,18360.0,18370.0,18350.0,18350.0,1909,0.0,0.0
2025-02-19 12:50:00+09:00,18350.0,18360.0,18350.0,18350.0,841,0.0,0.0
2025-02-19 12:51:00+09:00,18350.0,18370.0,18350.0,18370.0,4662,0.0,0.0
2025-02-19 12:52:00+09:00,18370.0,18370.0,18360.0,18370.0,1274,0.0,0.0
2025-02-19 12:53:00+09:00,18370.0,18370.0,18360.0,18360.0,1504,0.0,0.0
2025-02-19 12:54:00+09:00,18370.0,18380.0,18370.0,18370.0,966,0.0,0.0
2025-02-19 12:55:00+09:00,18370.0,18390.0,18370.0,18390.0,3027,0.0,0.0
2025-02-19 12:56:00+09:00,18380.0,18390.0,18380.0,18390.0,404,0.0,0.0
2025-02-19 12:57:00+09:00,18380.0,18390.0,18380.0,18390.0,2937,0.0,0.0
2025-02-19 12:58:00+09:00,18390.0,18390.0,18370.0,18380.0,2061,0.0,0.0
2025-02-19 12:59:00+09:00,18390.0,18390.0,18380.0,18390.0,836,0.0,0.0
2025-02-19 13:00:00+09:00,18380.0,18390.0,18380.0,18380.0,602,0.0,0.0
2025-02-19 13:01:00+09:00,18380.0,18390.0,18380.0,18380.0,996,0.0,0.0
2025-02-19 13:02:00+09:00,18380.0,18390.0,18380.0,18380.0,1137,0.0,0.0
2025-02-19 13:03:00+09:00,18380.0,18390.0,18380.0,18380.0,933,0.0,0.0
2025-02-19 13:04:00+09:00,18380.0,18390.0,18370.0,18380.0,2275,0.0,0.0
2025-02-19 13:05:00+09:00,18380.0,18380.0,18360.0,18370.0,1146,0.0,0.0
2025-02-19 13:06:00+09:00,18360.0,18380.0,18360.0,18370.0,2570,0.0,0.0
2025-02-19 13:07:00+09:00,18370.0,18380.0,18370.0,18370.0,515,0.0,0.0
2025-02-19 13:08:00+09:00,18370.0,18380.0,18360.0,18360.0,2216,0.0,0.0
2025-02-19 13:09:00+09:00,18370.0,18370.0,18360.0,18370.0,910,0.0,0.0
2025-02-19 13:10:00+09:00,18370.0,18380.0,18350.0,18370.0,7532,0.0,0.0
2025-02-19 13:11:00+09:00,18370.0,18370.0,18360.0,18370.0,1515,0.0,0.0
2025-02-19 13:12:00+09:00,18370.0,18370.0,18360.0,18370.0,1077,0.0,0.0
2025-02-19 13:13:00+09:00,18370.0,18400.0,18370.0,18400.0,19890,0.0,0.0
2025-02-19 13:14:00+09:00,18400.0,18400.0,18390.0,18390.0,2872,0.0,0.0
2025-02-19 13:15:00+09:00,18390.0,18400.0,18380.0,18390.0,2010,0.0,0.0
2025-02-19 13:16:00+09:00,18390.0,18390.0,18380.0,18390.0,1389,0.0,0.0
2025-02-19 13:17:00+09:00,18390.0,18390.0,18380.0,18380.0,1073,0.0,0.0
2025-02-19 13:18:00+09:00,18390.0,18390.0,18380.0,18390.0,1164,0.0,0.0
2025-02-19 13:19:00+09:00,18390.0,18390.0,18380.0,18380.0,3171,0.0,0.0
