Date,Open,High,Low,Close,Volume,Dividends,Stock Splits
2020-02-21 00:00:00+09:00,3088.9129506138393,3123.425944475446,2998.3163417271203,3019.886962890625,1642334,0.0,0.0
2020-02-24 00:00:00+09:00,2920.6621644799843,2950.8610347183294,2877.520921282348,2886.149169921875,1838543,0.0,0.0
2020-02-25 00:00:00+09:00,2851.6360488914074,2946.5467797168403,2851.6360488914074,2929.290283203125,1625635,0.0,0.0
2020-02-26 00:00:00+09:00,2899.0914039386093,2929.290272729637,2868.8925351475823,2916.347900390625,1165749,0.0,0.0
2020-02-27 00:00:00+09:00,2912.0338302886416,2972.4315689909245,2881.8349609375,2881.8349609375,1114852,0.0,0.0
2020-02-28 00:00:00+09:00,2873.2067364811346,2873.2067364811346,2773.9818792152696,2808.494873046875,1538226,0.0,0.0
2020-03-02 00:00:00+09:00,2778.2958881424133,2864.578369140625,2778.2958881424133,2864.578369140625,1120832,0.0,0.0
2020-03-03 00:00:00+09:00,2920.6622036613207,2989.6881937035378,2912.0339549060436,2937.918701171875,1169853,0.0,0.0
2020-03-04 00:00:00+09:00,2920.662043578236,3050.085767813608,2894.7772987311614,3041.45751953125,883729,0.0,0.0
2020-03-05 00:00:00+09:00,3058.7140736925057,3231.279042589121,3050.085825247675,3218.336669921875,1721638,0.0,0.0
2020-03-06 00:00:00+09:00,3166.567138671875,3283.048491184328,3110.4835244992123,3166.567138671875,1564936,0.0,0.0
2020-03-09 00:00:00+09:00,3166.567138671875,3166.567138671875,3166.567138671875,3166.567138671875,0,0.0,0.0
2020-03-10 00:00:00+09:00,2929.290387834821,2998.3163763552293,2877.520896444515,2959.4892578125,1904808,0.0,0.0
2020-03-11 00:00:00+09:00,2985.374003507653,3067.3423648756375,2912.0338907047194,2959.4892578125,1119481,0.0,0.0
2020-03-12 00:00:00+09:00,2959.4892578125,2959.4892578125,2959.4892578125,2959.4892578125,0,0.0,0.0
2020-03-13 00:00:00+09:00,2584.1602843041514,2692.0133846507356,2506.506052054611,2640.243896484375,3964328,0.0,0.0
2020-03-16 00:00:00+09:00,2713.584037449049,2769.6676503057065,2566.9038192085595,2579.84619140625,1815097,0.0,0.0
2020-03-17 00:00:00+09:00,2420.223531494141,2614.359108886719,2420.223531494141,2588.474365234375,1650696,0.0,0.0
2020-03-18 00:00:00+09:00,2622.987306415929,2670.4426688675335,2437.47998046875,2437.47998046875,1617712,0.0,0.0
2020-03-19 00:00:00+09:00,2437.48001984627,2493.563630922379,1941.3557680191532,2006.067626953125,4066380,0.0,0.0
2020-03-20 00:00:00+09:00,2036.2664867912372,2157.0619563466494,1937.0416367992912,2092.35009765625,3836779,0.0,0.0
2020-03-23 00:00:00+09:00,1945.669915464915,1971.5546593513664,1829.1885679758846,1889.5863037109375,2438506,0.0,0.0
2020-03-24 00:00:00+09:00,1906.8429022894966,2036.266628689236,1906.8429022894966,2019.0101318359375,1740696,0.0,0.0
2020-03-25 00:00:00+09:00,2157.062002328726,2333.9410865196814,2139.805506310096,2243.344482421875,2671935,0.0,0.0
2020-03-26 00:00:00+09:00,2247.6586487275317,2390.0247435605615,2165.690291096393,2295.114013671875,1772977,0.0,0.0
2020-03-27 00:00:00+09:00,2450.422571235929,2459.050819726196,2260.601104450047,2299.42822265625,1817584,0.0,0.0
2020-03-30 00:00:00+09:00,2204.5174266794784,2433.166005180481,2170.004433698195,2420.2236328125,1631441,0.0,0.0
2020-03-31 00:00:00+09:00,2489.249734201739,2735.1548205960185,2437.480242329259,2674.757080078125,3365384,0.0,0.0
2020-04-01 00:00:00+09:00,2692.0134486607144,2881.834909784226,2601.4168422154016,2717.898193359375,2783750,0.0,0.0
2020-04-02 00:00:00+09:00,2648.872286082043,2821.437255859375,2588.474546659977,2821.437255859375,2026781,0.0,0.0
2020-04-03 00:00:00+09:00,2877.5209171182446,2877.5209171182446,2730.840690458544,2773.98193359375,1679240,0.0,0.0
2020-04-06 00:00:00+09:00,2786.9242418077256,2812.8089870876734,2743.782999674479,2795.552490234375,1350717,0.0,0.0
2020-04-07 00:00:00+09:00,2877.5205232121393,2881.8346469350963,2743.7826878004807,2804.180419921875,1474044,0.0,0.0
2020-04-08 00:00:00+09:00,2786.9243358775884,2864.5785743385736,2752.411341006039,2812.80908203125,1415468,0.0,0.0
2020-04-09 00:00:00+09:00,2864.57842273247,2868.892546863091,2817.1230572956365,2830.0654296875,772143,0.0,0.0
2020-04-10 00:00:00+09:00,2847.321851550627,2886.1489677081354,2791.2382393231146,2838.693603515625,1351040,0.0,0.0
2020-04-13 00:00:00+09:00,2843.0079211637462,2998.316396371478,2817.123175295791,2985.3740234375,2574276,0.0,0.0
2020-04-14 00:00:00+09:00,2955.1753096533953,3101.855544001155,2955.1753096533953,3093.227294921875,2766846,0.0,0.0
2020-04-16 00:00:00+09:00,3110.4833895416878,3248.535356899987,3041.457405862538,3196.765869140625,3209617,0.0,0.0
2020-04-17 00:00:00+09:00,3214.0224940016883,3438.3569499588534,3136.368259247285,3153.624755859375,5135984,0.0,0.0
2020-04-20 00:00:00+09:00,3209.708515625,3287.36275390625,3153.6248990885415,3235.59326171875,2419972,0.0,0.0
2020-04-21 00:00:00+09:00,3239.9072600200348,3304.619122736813,2981.0598091529214,3179.509521484375,3768430,0.0,0.0
2020-04-22 00:00:00+09:00,3106.1693065068494,3149.310546875,3045.7715699914384,3149.310546875,1783288,0.0,0.0
2020-04-23 00:00:00+09:00,3235.593049422554,3261.4777938179345,3157.938816236413,3175.1953125,2102806,0.0,0.0
2020-04-24 00:00:00+09:00,3347.760297338275,3373.6450419053235,3093.2269757622976,3201.080078125,5768258,0.0,0.0
2020-04-27 00:00:00+09:00,3192.4518836746424,3218.33662867741,3153.6247661704915,3166.567138671875,1292320,0.0,0.0
2020-04-28 00:00:00+09:00,3179.5092953152125,3192.451666937934,3080.2844462076823,3106.169189453125,1279489,0.0,0.0
2020-04-29 00:00:00+09:00,3080.28485597732,3157.939096043975,3080.28485597732,3114.7978515625,1024170,0.0,0.0
2020-05-04 00:00:00+09:00,3071.6562917929746,3097.541035824938,3011.2585557183934,3024.200927734375,1295648,0.0,0.0
2020-05-06 00:00:00+09:00,3032.829250352065,3084.5987396895116,2998.3162574604344,3015.57275390625,1222688,0.0,0.0
2020-05-07 00:00:00+09:00,3006.944340345595,3149.3104281955293,2994.0019687228732,3106.169189453125,1281810,0.0,0.0
2020-05-08 00:00:00+09:00,3106.1694637345677,3166.567203307184,3101.8553394793807,3144.99658203125,1058254,0.0,0.0
2020-05-11 00:00:00+09:00,3192.4517879004816,3317.561384993879,3188.137663862778,3248.535400390625,3710016,0.0,0.0
2020-05-12 00:00:00+09:00,3252.849480879934,3261.4777288398277,3153.6246293411564,3196.765869140625,1236438,0.0,0.0
2020-05-13 00:00:00+09:00,3149.3105681046195,3201.0800568953805,3119.111699643342,3175.1953125,970572,0.0,0.0
2020-05-14 00:00:00+09:00,3175.195323071718,3231.278936115105,3123.4258341085924,3188.1376953125,1308450,0.0,0.0
2020-05-15 00:00:00+09:00,3214.02263023448,3226.9650032421355,3179.509635547398,3222.65087890625,1452864,0.0,0.0
2020-05-18 00:00:00+09:00,3321.875672036029,3339.1321690336185,3239.9073112974775,3244.221435546875,1936810,0.0,0.0
2020-05-19 00:00:00+09:00,3287.362378572163,3330.503617136102,3270.105883146587,3278.734130859375,1898938,0.0,0.0
2020-05-20 00:00:00+09:00,3283.0486589313655,3295.9910320940385,3235.5932906682315,3274.42041015625,1014561,0.0,0.0
2020-05-21 00:00:00+09:00,3321.875552108864,3326.189676202512,3278.734311172386,3300.304931640625,1152598,0.0,0.0
2020-05-22 00:00:00+09:00,3330.503994250626,3684.2621905311325,3304.6192481813205,3446.9853515625,12795608,0.0,0.0
2020-05-25 00:00:00+09:00,3507.3831148113154,3585.037353515625,3468.5559954591604,3585.037353515625,3007002,0.0,0.0
2020-05-26 00:00:00+09:00,3658.37734899916,3874.0835606146766,3606.607858211436,3852.512939453125,7337191,0.0,0.0
2020-05-27 00:00:00+09:00,3947.424142380391,4434.920238652505,3943.1100176346204,4176.07275390625,15837049,0.0,0.0
2020-05-28 00:00:00+09:00,4253.726306634371,4253.726306634371,3930.167003391392,4042.334228515625,6527606,0.0,0.0
2020-05-29 00:00:00+09:00,3956.051459418403,4214.898883153522,3904.281974671379,4076.846923828125,5255791,0.0,0.0
2020-06-01 00:00:00+09:00,4214.899223083559,4288.239332390029,4128.616741546536,4180.38623046875,3702570,0.0,0.0
2020-06-02 00:00:00+09:00,4249.412087429775,4249.412087429775,4072.533005617978,4223.52734375,3199800,0.0,0.0
2020-06-03 00:00:00+09:00,4236.46964583074,4383.149857600847,4219.2131503283745,4331.38037109375,5183013,0.0,0.0
2020-06-04 00:00:00+09:00,4443.548243425895,4831.819449162138,4400.4069983440895,4762.79345703125,16221001,0.0,0.0
2020-06-05 00:00:00+09:00,4762.793553604436,4771.421802795749,4572.972071395564,4667.8828125,5740875,0.0,0.0
2020-06-08 00:00:00+09:00,4693.767622853054,4702.395872159769,4409.035395731453,4521.20263671875,5561894,0.0,0.0
2020-06-09 00:00:00+09:00,4555.71484375,4641.997321851326,4478.060613458807,4555.71484375,3604268,0.0,0.0
2020-06-10 00:00:00+09:00,4555.714930555555,4702.395146122685,4512.57369068287,4659.25390625,4593961,0.0,0.0
2020-06-11 00:00:00+09:00,4616.113097158325,4900.845306889587,4555.715355700179,4805.9345703125,13085521,0.0,0.0
2020-06-12 00:00:00+09:00,4348.637286518895,4616.112992634145,4348.637286518895,4452.17626953125,8613229,0.0,0.0
2020-06-15 00:00:00+09:00,4391.778412828948,4478.060896381579,4098.41796875,4098.41796875,6954895,0.0,0.0
2020-06-16 00:00:00+09:00,4227.842125382263,4357.265863914373,4167.444380733945,4232.15625,4470077,0.0,0.0
2020-06-17 00:00:00+09:00,4132.930982773274,4210.585218357741,4033.7061261931226,4124.302734375,3824085,0.0,0.0
2020-06-18 00:00:00+09:00,4124.302574402771,4132.930822466375,3994.878853448709,4029.391845703125,3073664,0.0,0.0
2020-06-19 00:00:00+09:00,4115.674565529336,4128.616938376913,3908.596599968112,4016.44970703125,3182172,0.0,0.0
2020-06-22 00:00:00+09:00,4003.5070452008927,4003.5070452008927,3839.57033429827,3865.455078125,3162028,0.0,0.0
2020-06-23 00:00:00+09:00,3908.596047116397,4020.763262596559,3813.6853263254916,3839.570068359375,3420436,0.0,0.0
2020-06-24 00:00:00+09:00,3887.0258150416494,3968.9941729615066,3861.141070435379,3908.596435546875,2216186,0.0,0.0
2020-06-25 00:00:00+09:00,3822.3138026484735,3839.5702983714914,3692.890084725839,3727.403076171875,3123364,0.0,0.0
2020-06-26 00:00:00+09:00,3796.4296791174893,4025.0782847916107,3731.717809587077,4020.76416015625,3049102,0.0,0.0
2020-06-29 00:00:00+09:00,3986.250720007945,4167.44393455376,3891.3399885791846,4072.533203125,3651108,0.0,0.0
2020-06-30 00:00:00+09:00,4141.559081510139,4141.559081510139,4016.449484256186,4042.334228515625,1962503,0.0,0.0
2020-07-01 00:00:00+09:00,4098.417732484879,4115.674228200604,3990.564634261593,4012.13525390625,1610729,0.0,0.0
2020-07-02 00:00:00+09:00,4046.6481646369484,4167.443632238052,4033.7057931082586,4107.0458984375,2123961,0.0,0.0
2020-07-03 00:00:00+09:00,4107.046018401015,4270.982729219543,4107.046018401015,4249.412109375,2515313,0.0,0.0
2020-07-06 00:00:00+09:00,4258.039904957086,4296.86701655244,4197.642175808759,4288.23876953125,1606825,0.0,0.0
2020-07-07 00:00:00+09:00,4288.239727313702,4383.150465745192,4206.2713623046875,4262.35498046875,2188130,0.0,0.0
2020-07-08 00:00:00+09:00,4232.155285346798,4296.867139862805,4171.757554465193,4245.09765625,1561482,0.0,0.0
2020-07-09 00:00:00+09:00,4240.784625092813,4240.784625092813,4171.758629160478,4176.07275390625,1238219,0.0,0.0
2020-07-10 00:00:00+09:00,4115.67460585399,4163.1299734267295,4029.392119358099,4068.21923828125,2115151,0.0,0.0
2020-07-13 00:00:00+09:00,4068.218983746268,4201.956829447365,4068.218983746268,4154.50146484375,1435549,0.0,0.0
2020-07-14 00:00:00+09:00,4132.930323149836,4331.380004637198,4089.789088043888,4288.23876953125,2511761,0.0,0.0
2020-07-15 00:00:00+09:00,4331.3806795076325,4383.150169700951,4258.040568400432,4309.81005859375,2067856,0.0,0.0
2020-07-16 00:00:00+09:00,4331.38051953125,4383.1500078125,4296.86752734375,4314.1240234375,1576233,0.0,0.0
2020-07-17 00:00:00+09:00,4314.123875591385,4357.265114347299,4275.296760711062,4331.38037109375,1258451,0.0,0.0
2020-07-20 00:00:00+09:00,4374.521921335398,4374.521921335398,4232.155823303772,4309.81005859375,1445867,0.0,0.0
2020-07-21 00:00:00+09:00,4322.75257891074,4521.202298102251,4314.12433025024,4503.94580078125,4054260,0.0,0.0
2020-07-22 00:00:00+09:00,4529.83052689216,4538.458775514812,4400.406797552384,4478.06103515625,1971025,0.0,0.0
2020-07-23 00:00:00+09:00,4426.291228778546,4512.573708871695,4400.406484750601,4486.68896484375,1615306,0.0,0.0
2020-07-24 00:00:00+09:00,4426.291691852031,4555.715425531915,4417.663442940039,4460.8046875,1568759,0.0,0.0
2020-07-27 00:00:00+09:00,4469.43246882512,4529.830204890324,4460.804220815805,4486.68896484375,1417325,0.0,0.0
2020-07-28 00:00:00+09:00,4503.945932059962,4564.343674443908,4452.176438588008,4460.8046875,1407530,0.0,0.0
2020-07-29 00:00:00+09:00,4547.086745076275,4780.049443590619,4538.458496983151,4736.908203125,5385525,0.0,0.0
2020-07-30 00:00:00+09:00,4780.04968616453,5047.525390625,4762.793189102564,5047.525390625,6111882,0.0,0.0
2020-07-31 00:00:00+09:00,5090.666653380102,5245.97512755102,4961.242924904336,5073.41015625,5181841,0.0,0.0
2020-08-03 00:00:00+09:00,5107.923414217716,5237.347149375259,5064.782169165201,5211.46240234375,3318471,0.0,0.0
2020-08-04 00:00:00+09:00,5185.577486914386,5237.346979296227,5090.6667508810115,5202.833984375,2401602,0.0,0.0
2020-08-05 00:00:00+09:00,5176.948605371901,5228.71809142562,5116.550871642562,5220.08984375,2255987,0.0,0.0
2020-08-06 00:00:00+09:00,5220.090419359934,5832.69607187986,5220.090419359934,5547.9638671875,12166054,0.0,0.0
2020-08-07 00:00:00+09:00,5608.361557469224,5755.041782818419,5522.079071969697,5694.64404296875,4507370,0.0,0.0
2020-08-10 00:00:00+09:00,5962.119480964318,5996.632473618237,5737.785028713853,5780.92626953125,6467108,0.0,0.0
2020-08-11 00:00:00+09:00,5832.695504940258,5901.721487247243,5582.476319077436,5867.20849609375,4014090,0.0,0.0
2020-08-12 00:00:00+09:00,5893.093428560933,5962.119413082876,5366.770296581113,5504.822265625,7911865,0.0,0.0
2020-08-13 00:00:00+09:00,5720.528659539474,5867.2088815789475,5513.450699013159,5737.78515625,5754698,0.0,0.0
2020-08-14 00:00:00+09:00,5746.413233716849,5755.041481815523,5470.3092945592825,5530.70703125,3867272,0.0,0.0
2020-08-18 00:00:00+09:00,5435.796816646529,5435.796816646529,4892.217134981876,4909.4736328125,9674274,0.0,0.0
2020-08-19 00:00:00+09:00,4961.242592456804,5125.179304207551,4900.844856548634,5056.1533203125,4061936,0.0,0.0
2020-08-20 00:00:00+09:00,5004.384115754272,5056.153606606902,4736.908413015682,4797.30615234375,5282570,0.0,0.0
2020-08-21 00:00:00+09:00,4857.703591482979,4952.614318847656,4607.484401157924,4831.81884765625,4315059,0.0,0.0
2020-08-24 00:00:00+09:00,4823.19072705518,4874.96021607545,4659.254011824324,4788.677734375,2784515,0.0,0.0
2020-08-25 00:00:00+09:00,4892.2168174342105,4995.7557976973685,4805.934333881579,4918.1015625,3784098,0.0,0.0
2020-08-26 00:00:00+09:00,4918.101478494624,4969.870967741936,4728.280017921147,4814.5625,3893766,0.0,0.0
2020-08-27 00:00:00+09:00,4736.908595395892,4762.79334181882,4590.228365665964,4607.48486328125,4604481,0.0,0.0
2020-08-28 00:00:00+09:00,4607.484522804054,4892.21671241554,4607.484522804054,4788.677734375,4475608,0.0,0.0
2020-08-31 00:00:00+09:00,4874.960361056857,5142.436062282986,4857.703864203559,4969.87109375,4685573,0.0,0.0
2020-09-01 00:00:00+09:00,4969.871486371379,5107.923472103918,4969.871486371379,5064.7822265625,2129529,0.0,0.0
2020-09-02 00:00:00+09:00,5151.064422261193,5323.62939453125,5038.8971902856565,5323.62939453125,3599181,0.0,0.0
2020-09-03 00:00:00+09:00,5409.911179095083,5565.219633997333,5392.6546841059435,5461.6806640625,4159062,0.0,0.0
2020-09-04 00:00:00+09:00,5220.090220709267,5504.822414566136,5176.948979215802,5487.56591796875,4432769,0.0,0.0
2020-09-07 00:00:00+09:00,5582.4766066778275,5599.7331031436015,5401.283393787203,5435.79638671875,3189649,0.0,0.0
2020-09-08 00:00:00+09:00,5513.450730694835,5513.450730694835,5289.116272168911,5366.7705078125,2582681,0.0,0.0
2020-09-09 00:00:00+09:00,5237.347410228477,5608.362136158995,5237.347410228477,5599.73388671875,5515664,0.0,0.0
2020-09-10 00:00:00+09:00,5625.617449571858,6367.646745067532,5565.219716217558,6108.79931640625,24811048,0.0,0.0
2020-09-11 00:00:00+09:00,6212.338907541322,6367.647380229856,5962.119701543131,6264.1083984375,12116562,0.0,0.0
2020-09-14 00:00:00+09:00,6384.903856543914,6626.494813278008,6169.1976451741875,6238.2236328125,11339747,0.0,0.0
2020-09-15 00:00:00+09:00,6272.73657952386,6514.327534443623,6100.1716117240285,6384.90380859375,6961274,0.0,0.0
2020-09-16 00:00:00+09:00,6384.903680788591,6600.609886220638,6315.877695050336,6428.044921875,5925687,0.0,0.0
2020-09-17 00:00:00+09:00,6410.788318707192,6453.929559075343,6238.2233572345895,6298.62109375,4280342,0.0,0.0
2020-09-18 00:00:00+09:00,6298.621392368285,6376.275628712552,6212.338907541322,6264.1083984375,3408752,0.0,0.0
2020-09-21 00:00:00+09:00,6315.877506642207,6479.814217880187,6272.736266842738,6393.53173828125,3904128,0.0,0.0
2020-09-22 00:00:00+09:00,6324.50585868728,6384.9035954005285,6039.773671324824,6126.05615234375,5461917,0.0,0.0
2020-09-23 00:00:00+09:00,6238.222904157171,6264.1076464980715,5901.721253725456,6151.9404296875,3797444,0.0,0.0
2020-09-24 00:00:00+09:00,5979.376255580357,6108.799984056122,5841.3242785395405,5918.978515625,4255171,0.0,0.0
2020-09-25 00:00:00+09:00,5962.119758450255,6022.517498405612,5824.067781409439,5918.978515625,2123235,0.0,0.0
2020-09-28 00:00:00+09:00,6065.658539153717,6281.36474609375,5996.632552932907,6281.36474609375,3172491,0.0,0.0
2020-09-29 00:00:00+09:00,6393.532258392207,6436.673501701196,6177.826041847261,6220.96728515625,2684904,0.0,0.0
2020-10-05 00:00:00+09:00,6462.558195450119,6462.558195450119,6298.621472201051,6367.6474609375,3018599,0.0,0.0
2020-10-06 00:00:00+09:00,6376.275390625,6445.301375909167,6298.621157180311,6376.275390625,1960509,0.0,0.0
2020-10-07 00:00:00+09:00,6307.249759797127,6445.3017381237405,6264.108516570061,6419.4169921875,2176410,0.0,0.0
2020-10-08 00:00:00+09:00,6471.185969920293,6522.955457679655,6376.275242361462,6393.53173828125,2469736,0.0,0.0
2020-10-12 00:00:00+09:00,6393.5320156835405,6428.045009020564,6289.993035672471,6333.13427734375,2047170,0.0,0.0
2020-10-13 00:00:00+09:00,6384.903767349285,6384.903767349285,6186.454055661402,6333.13427734375,2704127,0.0,0.0
2020-10-14 00:00:00+09:00,6350.390668463144,6367.647164844837,6203.71044921875,6203.71044921875,2134084,0.0,0.0
2020-10-15 00:00:00+09:00,6151.941334384672,6350.391054848694,6074.287095942229,6272.73681640625,3157727,0.0,0.0
2020-10-16 00:00:00+09:00,6212.338956717207,6298.621442227169,6031.145737146289,6117.42822265625,3141702,0.0,0.0
2020-10-19 00:00:00+09:00,6195.082398158482,6255.480137416294,6022.517428850446,6039.77392578125,1919614,0.0,0.0
2020-10-20 00:00:00+09:00,5996.632556238918,6100.171535627216,5901.721825132979,6082.9150390625,2451745,0.0,0.0
2020-10-21 00:00:00+09:00,6212.338353207237,6557.46826171875,6134.684123792146,6557.46826171875,8678052,0.0,0.0
2020-10-22 00:00:00+09:00,6635.123176614651,6730.033911260634,6350.3909726767015,6591.98193359375,6156065,0.0,0.0
2020-10-23 00:00:00+09:00,6574.725397159619,7083.792061769091,6497.071160185293,6962.99658203125,12431787,0.0,0.0
2020-10-26 00:00:00+09:00,7066.535574776785,7851.706194196428,6971.624840561224,7610.115234375,23200669,0.0,0.0
2020-10-27 00:00:00+09:00,7661.884426142777,7834.449390695542,7299.49800058197,7644.6279296875,11026074,0.0,0.0
2020-10-28 00:00:00+09:00,7670.511990017361,8222.719827318948,7558.344773065476,8153.69384765625,15306046,0.0,0.0
2020-10-29 00:00:00+09:00,7998.385105723953,8214.091284411223,7937.987375691518,8188.20654296875,8544020,0.0,0.0
2020-10-30 00:00:00+09:00,8153.694484544837,8179.579228940217,7627.371348505434,7739.53857421875,12295144,0.0,0.0
2020-11-02 00:00:00+09:00,7765.423524726942,8101.925210798443,7722.2822829229035,7998.38623046875,6189233,0.0,0.0
2020-11-03 00:00:00+09:00,8093.296490675403,8136.437729964718,7937.98802923387,8024.2705078125,5673674,0.0,0.0
2020-11-04 00:00:00+09:00,8136.438157938294,8559.222325211864,7998.386184951007,8145.06640625,12840413,0.0,0.0
2020-11-05 00:00:00+09:00,8196.835745073891,8930.236838054187,8196.835745073891,8757.671875,16941269,0.0,0.0
2020-11-06 00:00:00+09:00,8887.095341082317,9059.660299161585,8516.08068121189,8843.9541015625,9120073,0.0,0.0
2020-11-09 00:00:00+09:00,9102.801741399686,10655.886398700106,9059.660500919117,10267.615234375,28455967,0.0,0.0
2020-11-10 00:00:00+09:00,11173.581995810233,11216.7232390373,10267.615888041835,10699.0283203125,16861581,0.0,0.0
2020-11-11 00:00:00+09:00,10483.320646784856,11389.286628605769,10181.331986177885,11216.7216796875,17900430,0.0,0.0
2020-11-12 00:00:00+09:00,11389.287592552264,13158.078468668336,11346.146351671385,12381.5361328125,45128507,0.0,0.0
2020-11-13 00:00:00+09:00,12424.6767578125,12942.371622721354,11734.416937934027,12424.6767578125,21648978,0.0,0.0
2020-11-16 00:00:00+09:00,11863.841388242465,12597.242492242909,11777.558905418884,12165.830078125,13869342,0.0,0.0
2020-11-17 00:00:00+09:00,12036.406898527992,12467.819332166988,10914.734571066601,11173.58203125,22165115,0.0,0.0
2020-11-18 00:00:00+09:00,10914.734070520437,11604.993932687737,10742.169104978613,11346.146484375,17437998,0.0,0.0
2020-11-19 00:00:00+09:00,11346.146048618028,11475.569767803785,10612.744973232071,10828.451171875,11909306,0.0,0.0
2020-11-20 00:00:00+09:00,10483.321702665442,11173.58156786152,10397.039219515931,11001.0166015625,10401575,0.0,0.0
2020-11-23 00:00:00+09:00,11346.146334975512,11820.699983966884,11216.722612523321,11561.8525390625,11988135,0.0,0.0
2020-11-24 00:00:00+09:00,11604.994196749281,11648.135439116379,11087.29928834411,11259.8642578125,6019687,0.0,0.0
2020-11-25 00:00:00+09:00,11389.287139892578,11432.428379058838,10871.592269897461,11044.1572265625,6904769,0.0,0.0
2020-11-26 00:00:00+09:00,11044.156976744187,11303.004405886628,10871.59202398256,11130.439453125,3852726,0.0,0.0
2020-11-27 00:00:00+09:00,11130.439205228366,11216.7216796875,10957.874256310097,11216.7216796875,3041683,0.0,0.0
2020-11-30 00:00:00+09:00,11604.993416432584,11734.417134831461,11389.287219101125,11518.7109375,7136291,0.0,0.0
2020-12-01 00:00:00+09:00,11475.570057427705,11691.276261514691,11259.863853340717,11561.8525390625,4802583,0.0,0.0
2020-12-02 00:00:00+09:00,11648.135279605263,11648.135279605263,11346.146587171053,11475.5703125,3537750,0.0,0.0
2020-12-03 00:00:00+09:00,11389.288248069497,11389.288248069497,11130.4407878861,11173.58203125,4416506,0.0,0.0
2020-12-04 00:00:00+09:00,11130.440326286765,11130.440326286765,10655.88666896446,11001.0166015625,7301150,0.0,0.0
2020-12-07 00:00:00+09:00,10914.733799383892,10957.875039697663,10526.46263655996,10612.7451171875,5117758,0.0,0.0
2020-12-08 00:00:00+09:00,10612.745427389706,11346.14653416054,10397.039219515931,11001.0166015625,8270355,0.0,0.0
2020-12-09 00:00:00+09:00,11173.580691315407,11346.145644077034,10785.309547601744,11130.439453125,4291905,0.0,0.0
2020-12-10 00:00:00+09:00,11173.581668123872,12165.830233246841,10957.875458314531,11950.1240234375,16972906,0.0,0.0
2020-12-11 00:00:00+09:00,12079.54639379529,12252.11134227808,11648.134022588314,11906.9814453125,6464434,0.0,0.0
2020-12-14 00:00:00+09:00,11906.982730263158,11906.982730263158,11389.287828947368,11475.5703125,4659763,0.0,0.0
2020-12-15 00:00:00+09:00,11346.145841710708,11950.12318689683,11130.43964700138,11734.4169921875,7324107,0.0,0.0
2020-12-16 00:00:00+09:00,11906.98257322417,11906.98257322417,11518.711402358163,11691.2763671875,3405111,0.0,0.0
2020-12-17 00:00:00+09:00,11820.700001361061,12597.242337216898,11734.417519599303,12381.5361328125,18063126,0.0,0.0
2020-12-18 00:00:00+09:00,12424.67629076087,12899.229899088541,11863.840208191803,11906.9814453125,14245577,0.0,0.0
2020-12-21 00:00:00+09:00,11906.981947954964,11993.264425838695,11432.42831959444,11734.4169921875,5338614,0.0,0.0
2020-12-22 00:00:00+09:00,11691.275289212741,11734.416526442308,11130.439205228366,11216.7216796875,5611117,0.0,0.0
2020-12-23 00:00:00+09:00,11130.440530711207,11475.570469647988,11044.15804597701,11259.8642578125,4169006,0.0,0.0
2020-12-24 00:00:00+09:00,11259.863790430447,11475.569993312256,10957.875106395913,11087.298828125,4262841,0.0,0.0
2020-12-28 00:00:00+09:00,11001.015738553779,11475.569358648256,10785.309547601744,11130.439453125,7070951,0.0,0.0
2020-12-29 00:00:00+09:00,11518.711853693181,12079.548011363637,11475.570610795454,11863.841796875,9298354,0.0,0.0
2020-12-30 00:00:00+09:00,11820.699085741488,12165.828986055109,11648.134135584678,12036.4052734375,6492773,0.0,0.0
2021-01-04 00:00:00+09:00,12856.08912386707,14452.314954682779,12295.253021148037,14279.75,38614102,0.0,0.0
2021-01-05 00:00:00+09:00,14064.045377604165,14668.022786458332,13762.056673177083,14236.6103515625,21309175,0.0,0.0
2021-01-06 00:00:00+09:00,14236.608555550078,14495.455983832808,13632.631222890379,13675.7724609375,9328438,0.0,0.0
2021-01-07 00:00:00+09:00,13934.62109375,14452.31599506579,13675.773643092107,13934.62109375,8861417,0.0,0.0
2021-01-08 00:00:00+09:00,14107.185100446428,14107.185100446428,13158.077845982141,13589.490234375,8834942,0.0,0.0
2021-01-11 00:00:00+09:00,13503.207670512951,13546.34890907689,12812.947853489926,13114.9365234375,10353133,0.0,0.0
2021-01-12 00:00:00+09:00,12856.089482060184,13460.066840277777,12424.677083333332,12812.9482421875,8445013,0.0,0.0
2021-01-13 00:00:00+09:00,12856.088980741279,13114.936409883721,12683.52402797965,12985.5126953125,5077946,0.0,0.0
2021-01-14 00:00:00+09:00,12985.512807745683,13460.066431949013,12942.371569181743,13114.9365234375,5199879,0.0,0.0
2021-01-15 00:00:00+09:00,13244.361278637036,13330.64376253695,12683.525133287585,12769.8076171875,3673211,0.0,0.0
2021-01-18 00:00:00+09:00,12554.100877863657,12640.383358123889,11906.982275911922,12122.6884765625,6546762,0.0,0.0
2021-01-19 00:00:00+09:00,12295.253122387123,12942.37170777592,12252.111883361204,12899.23046875,6550934,0.0,0.0
2021-01-20 00:00:00+09:00,13158.078048602252,13201.219288105867,12597.241935055272,12683.5244140625,3906953,0.0,0.0
2021-01-21 00:00:00+09:00,12899.23046875,13201.219141931437,12769.80675167224,12899.23046875,5213430,0.0,0.0
2021-01-22 00:00:00+09:00,12985.513090587798,13028.65433009141,12597.241935055272,12683.5244140625,3111058,0.0,0.0
2021-01-25 00:00:00+09:00,12726.666796199177,12769.808039576124,12338.39560580666,12467.8193359375,4655517,0.0,0.0
2021-01-26 00:00:00+09:00,12338.394677213078,12510.959637733542,11906.982275911922,12122.6884765625,6461281,0.0,0.0
2021-01-27 00:00:00+09:00,12036.406353889628,12252.112560948583,11734.417664007093,12165.830078125,5073285,0.0,0.0
2021-01-28 00:00:00+09:00,12597.242117993772,13416.92568046597,11993.264756172153,12122.6884765625,14998872,0.0,0.0
2021-01-29 00:00:00+09:00,12252.113252632784,12295.254496480082,11432.42961953411,11777.5595703125,5983385,0.0,0.0
2021-02-01 00:00:00+09:00,11518.711701311384,12295.254063197544,11346.146732003348,12079.5478515625,4390083,0.0,0.0
2021-02-02 00:00:00+09:00,12252.112196952847,12295.253437082964,11950.123516042038,12122.6884765625,2478159,0.0,0.0
2021-02-03 00:00:00+09:00,12208.97022359431,12252.111461133512,11906.981560819893,12036.4052734375,2389105,0.0,0.0
2021-02-04 00:00:00+09:00,12122.687884922445,12122.687884922445,11734.41674270073,11820.69921875,2167607,0.0,0.0
2021-02-05 00:00:00+09:00,11906.982275911922,12338.394677213078,11777.558555521575,12122.6884765625,3290911,0.0,0.0
2021-02-08 00:00:00+09:00,12208.970564100477,12467.817996554904,12036.40560913086,12424.6767578125,4166903,0.0,0.0
2021-02-09 00:00:00+09:00,12510.95985545514,12597.242337216898,12165.8299284081,12381.5361328125,3449836,0.0,0.0
2021-02-10 00:00:00+09:00,13287.501266163792,13330.642504040947,12338.39403286638,12510.958984375,11525634,0.0,0.0
2021-02-15 00:00:00+09:00,12812.948907013437,13503.208780791938,12424.67772801303,13244.361328125,14405862,0.0,0.0
2021-02-16 00:00:00+09:00,13330.642972630381,13373.784212024008,12942.37181808775,13028.654296875,5382177,0.0,0.0
2021-02-17 00:00:00+09:00,13201.220381724683,13805.197784810125,12985.514166337025,13632.6328125,11989053,0.0,0.0
2021-02-18 00:00:00+09:00,13632.6328125,13934.621514042721,13330.644110957277,13632.6328125,6250429,0.0,0.0
2021-02-19 00:00:00+09:00,13546.348835270579,14236.608648532774,13416.925120283917,14150.326171875,11848992,0.0,0.0
2021-02-22 00:00:00+09:00,14322.89177655347,15228.857822660766,14020.903094517704,14926.869140625,19417433,0.0,0.0
2021-02-23 00:00:00+09:00,14754.303963694854,15056.29264131434,14409.17404641544,14668.021484375,8596743,0.0,0.0
2021-02-24 00:00:00+09:00,14711.162724034926,15444.563798253677,14538.597765395221,14668.021484375,12631894,0.0,0.0
2021-02-25 00:00:00+09:00,15099.434230638586,15919.117803158966,14840.586786684782,15875.9765625,15246668,0.0,0.0
2021-02-26 00:00:00+09:00,15444.564555921053,16393.671875,15401.423314144738,16393.671875,17928022,0.0,0.0
2021-03-02 00:00:00+09:00,17040.788989777262,17083.930227726065,16091.68175490359,16221.10546875,11059044,0.0,0.0
2021-03-03 00:00:00+09:00,16134.82470703125,17903.615650850184,16134.82470703125,17601.626953125,20737131,0.0,0.0
2021-03-04 00:00:00+09:00,17385.92002770936,17989.897398399014,16954.50762007389,17515.34375,11174464,0.0,0.0
2021-03-05 00:00:00+09:00,17256.49736617312,19370.41829352933,17040.791149095956,18939.005859375,22893847,0.0,0.0
2021-03-08 00:00:00+09:00,19154.710212811086,19586.122604991517,18766.4390598487,19068.427734375,9040955,0.0,0.0
2021-03-09 00:00:00+09:00,18982.14582040943,20750.93668094758,17213.354959871278,17385.919921875,32684736,0.0,0.0
2021-03-10 00:00:00+09:00,17903.614752782534,18895.86328125,17601.62607020548,18895.86328125,15519474,0.0,0.0
2021-03-11 00:00:00+09:00,18766.44038362323,19197.85280623526,17989.898022921578,18291.88671875,10807890,0.0,0.0
2021-03-12 00:00:00+09:00,18378.168185763887,19370.416702835646,17774.190827546296,18637.015625,11735479,0.0,0.0
2021-03-15 00:00:00+09:00,18637.015515734267,18895.862953452797,18291.885598776225,18507.591796875,5058110,0.0,0.0
2021-03-16 00:00:00+09:00,18593.875503608466,19499.841595431615,18507.593018672927,19240.994140625,8509531,0.0,0.0
2021-03-17 00:00:00+09:00,19413.557870047433,19672.40530831473,18939.004233224052,19327.275390625,5826891,0.0,0.0
2021-03-18 00:00:00+09:00,19499.84118445445,20448.948498742055,19413.558701337395,20362.666015625,9731574,0.0,0.0
2021-03-19 00:00:00+09:00,20190.100364263806,21096.06640625,20017.535403885482,21096.06640625,13534303,0.0,0.0
2021-03-22 00:00:00+09:00,21398.05649717514,23296.271186440677,21182.350282485877,22908.0,17226746,0.0,0.0
2021-03-23 00:00:00+09:00,23598.25796696507,25539.61374121265,23296.269290971002,24547.365234375,26263232,0.0,0.0
2021-03-24 00:00:00+09:00,24115.952083109994,25669.036653757506,23727.680940448114,25151.341796875,19852644,0.0,0.0
2021-03-25 00:00:00+09:00,25755.321340460527,25884.745065789473,24288.51912006579,25410.19140625,12848857,0.0,0.0
2021-03-26 00:00:00+09:00,25539.61397327965,30802.845231286603,25539.61397327965,29465.466796875,54130619,0.0,0.0
2021-03-29 00:00:00+09:00,28128.088663671246,28947.772229023627,25625.89672733239,26704.427734375,41757002,0.0,0.0
2021-03-30 00:00:00+09:00,25884.744078069398,26057.309038589858,24159.09447286477,24245.376953125,26785243,0.0,0.0
2021-03-31 00:00:00+09:00,24978.776730872843,25798.460250538792,24676.78806573276,25021.91796875,15096798,0.0,0.0
2021-04-01 00:00:00+09:00,24504.22417378597,24590.50665327113,22907.998303310476,23986.529296875,18982890,0.0,0.0
2021-04-02 00:00:00+09:00,25151.343635110294,25237.6261175635,24202.236328125,24202.236328125,8635764,0.0,0.0
2021-04-05 00:00:00+09:00,24202.237438858698,25021.92105978261,23641.401277173914,24806.21484375,9383774,0.0,0.0
2021-04-06 00:00:00+09:00,25151.341796875,25712.17789183105,24806.211892286665,25151.341796875,6441442,0.0,0.0
2021-04-07 00:00:00+09:00,25237.627129226432,26316.158203125,24892.497185578894,26316.158203125,10760811,0.0,0.0
2021-04-08 00:00:00+09:00,26661.28814677254,26920.135604508196,26057.310745389343,26316.158203125,7349524,0.0,0.0
2021-04-09 00:00:00+09:00,26316.156433207707,26618.145113588776,25712.17907244556,25755.3203125,4893306,0.0,0.0
2021-04-12 00:00:00+09:00,26100.449610681437,26316.155805811035,25496.47226431856,25798.4609375,4633875,0.0,0.0
2021-04-13 00:00:00+09:00,25151.3423521112,25971.025893603677,24935.636156981604,25798.4609375,7991525,0.0,0.0
2021-04-14 00:00:00+09:00,25712.177961482557,26316.155296148256,25367.0480559593,25971.025390625,4747564,0.0,0.0
2021-04-15 00:00:00+09:00,25971.026512772194,26186.73271304439,25582.755352282245,25755.3203125,3680934,0.0,0.0
2021-04-16 00:00:00+09:00,26057.30863764045,27437.8283005618,25971.026158707868,26876.9921875,10454456,0.0,0.0
2021-04-19 00:00:00+09:00,27394.686769040043,29034.053851281813,27222.121813014597,28818.34765625,13334501,0.0,0.0
2021-04-20 00:00:00+09:00,28947.7734375,29508.609584575264,28257.513564176603,28947.7734375,8385794,0.0,0.0
2021-04-21 00:00:00+09:00,28688.924333396368,28947.771770990923,28300.65317700454,28516.359375,4505509,0.0,0.0
2021-04-22 00:00:00+09:00,28818.34920138889,29767.45651041667,28732.06671875,29120.337890625,9131672,0.0,0.0
2021-04-23 00:00:00+09:00,29336.04218038695,29638.030849890936,27912.38130986817,28430.076171875,9067510,0.0,0.0
2021-04-26 00:00:00+09:00,29638.032514263483,31665.6708376556,28990.913900414937,31191.1171875,21050328,0.0,0.0
2021-04-27 00:00:00+09:00,31924.518087635868,32442.212975543476,30889.128311820652,31751.953125,11256804,0.0,0.0
2021-04-28 00:00:00+09:00,31751.95356234097,34469.85176129135,31751.95356234097,33909.015625,19976442,0.0,0.0
2021-04-29 00:00:00+09:00,34167.862875469335,34944.40521354818,32959.90812734669,34469.8515625,12154736,0.0,0.0
2021-04-30 00:00:00+09:00,34599.27674585459,35030.68917410714,33520.74567522321,33822.734375,11054067,0.0,0.0
2021-05-03 00:00:00+09:00,34383.56891967608,34426.71016047869,31320.540822691135,31881.376953125,16483961,0.0,0.0
2021-05-04 00:00:00+09:00,31061.691795231418,31536.245419880786,29594.889682678822,30759.703125,19167271,0.0,0.0
2021-05-06 00:00:00+09:00,31277.40028782895,34426.7109375,31147.9765625,34426.7109375,16629073,0.0,0.0
2021-05-07 00:00:00+09:00,35203.25132042254,37489.737006675474,34469.850251247066,36756.3359375,20814694,0.0,0.0
2021-05-10 00:00:00+09:00,37015.18324908088,38611.40910014847,35591.52235488546,38136.85546875,17701914,0.0,0.0
2021-05-11 00:00:00+09:00,37101.4671311937,38827.11676520271,37058.32589034347,38309.421875,9971250,0.0,0.0
2021-05-12 00:00:00+09:00,38093.71534434086,41890.14450663078,38050.574103860294,41070.4609375,20954229,0.0,0.0
2021-05-13 00:00:00+09:00,41243.02559055118,43141.240157480315,37274.03149606299,38352.5625,28785777,0.0,0.0
2021-05-14 00:00:00+09:00,39603.6599506579,40552.76726973685,36842.62047697369,37705.4453125,20548921,0.0,0.0
2021-05-17 00:00:00+09:00,39085.96374525962,40121.35351334597,35807.22947965286,36972.04296875,19700199,0.0,0.0
2021-05-18 00:00:00+09:00,36411.206844369895,37403.45537211931,35764.088239315926,36972.04296875,10179023,0.0,0.0
2021-05-20 00:00:00+09:00,37144.607631820036,39819.364511231,36411.206551981544,39733.08203125,14847741,0.0,0.0
2021-05-21 00:00:00+09:00,40035.074023861176,40941.04013862527,39129.107909097074,39776.2265625,11961176,0.0,0.0
2021-05-24 00:00:00+09:00,40121.35565281414,41847.00535831152,39819.366954352095,41199.88671875,12340850,0.0,0.0
2021-05-25 00:00:00+09:00,41976.42885638298,42839.253704407296,41803.86388677812,42580.40625,12076390,0.0,0.0
2021-05-26 00:00:00+09:00,42709.82935855263,43313.80674342105,42192.13445723685,42623.546875,9093070,0.0,0.0
2021-05-27 00:00:00+09:00,42364.700222332016,43658.9375,41027.321702075096,43658.9375,33509359,0.0,0.0
2021-05-28 00:00:00+09:00,43227.52508969033,44090.349941779954,42364.7002376007,42839.25390625,10028270,0.0,0.0
2021-05-31 00:00:00+09:00,43011.816981178235,43313.80566610125,40984.1786681237,41329.30859375,11407511,0.0,0.0
2021-06-01 00:00:00+09:00,40639.04406315582,41329.303834929175,39733.078112703304,41113.59765625,10632345,0.0,0.0
2021-06-02 00:00:00+09:00,41631.29747437169,42537.26353339947,40768.47265625,40768.47265625,10235397,0.0,0.0
2021-06-03 00:00:00+09:00,40768.467529039066,41156.73864836325,39862.50158394931,40854.75,6976878,0.0,0.0
2021-06-04 00:00:00+09:00,40639.04826025606,40639.04826025606,39085.96361336729,39172.24609375,10709484,0.0,0.0
2021-06-07 00:00:00+09:00,39517.37435433884,39991.92797649794,36454.3464294938,36540.62890625,20446778,0.0,0.0
2021-06-08 00:00:00+09:00,36022.93593056326,40207.63627219756,34858.12243340733,38870.2578125,28909021,0.0,0.0
2021-06-09 00:00:00+09:00,39646.79644196429,40121.35004464286,37489.73461160714,37748.58203125,9574504,0.0,0.0
2021-06-10 00:00:00+09:00,37489.740528011105,38266.282909488895,36238.644468963554,37878.01171875,9174810,0.0,0.0
2021-06-11 00:00:00+09:00,37878.00786475752,39258.52751358695,37187.748040342805,38697.69140625,7349890,0.0,0.0
2021-06-14 00:00:00+09:00,39431.09092060811,40423.339379222976,38827.11359797297,39905.64453125,9209422,0.0,0.0
2021-06-15 00:00:00+09:00,37403.45782039141,38654.553872053875,37403.45782039141,38438.84765625,11240804,0.0,0.0
2021-06-16 00:00:00+09:00,38352.562924875136,39991.930069020535,37921.150518521084,38870.2578125,7245350,0.0,0.0
2021-06-17 00:00:00+09:00,39042.823807565794,39431.09498355263,38438.846422697374,38525.12890625,4103000,0.0,0.0
2021-06-18 00:00:00+09:00,38568.26932010135,38913.39924690315,37834.86822564752,38309.421875,4103740,0.0,0.0
2021-06-21 00:00:00+09:00,37791.72364631336,38179.994779665896,37403.45251296083,37446.59375,4093844,0.0,0.0
2021-06-22 00:00:00+09:00,37705.4463499567,38050.5762936634,36928.90397661663,37360.31640625,4896424,0.0,0.0
2021-06-23 00:00:00+09:00,37403.45328051815,37532.87699429157,36583.76975995316,36842.6171875,5341069,0.0,0.0
2021-06-24 00:00:00+09:00,36454.34783935547,36626.912799541766,35246.39311805138,35893.51171875,8198275,0.0,0.0
2021-06-25 00:00:00+09:00,36324.92195666376,38093.71269327091,36238.639481707316,37144.60546875,8404200,0.0,0.0
2021-06-28 00:00:00+09:00,37748.586960355526,39301.67168101016,37619.16323363431,38223.140625,9976325,0.0,0.0
2021-06-29 00:00:00+09:00,38827.11887184633,38956.54260141915,37403.457846545294,37619.1640625,3943256,0.0,0.0
2021-06-30 00:00:00+09:00,38568.27161339692,39042.825290966684,37878.01171875,37878.01171875,4715748,0.0,0.0
2021-07-01 00:00:00+09:00,37964.29051187783,38611.40910014847,37446.595641261316,38136.85546875,3213240,0.0,0.0
2021-07-02 00:00:00+09:00,38352.562103271484,39517.37557547433,37964.29094587053,38654.55078125,6193831,0.0,0.0
2021-07-05 00:00:00+09:00,39344.81288981289,41588.157484407486,38913.400467775464,41501.875,15236029,0.0,0.0
2021-07-06 00:00:00+09:00,41674.43997713414,42148.99364147004,40164.496499701745,40682.19140625,8142622,0.0,0.0
2021-07-07 00:00:00+09:00,41070.46196371822,41199.885688393806,39862.50720007945,40725.33203125,4708074,0.0,0.0
2021-07-08 00:00:00+09:00,40725.33159912377,40725.33159912377,39344.81188389923,39387.953125,4818314,0.0,0.0
2021-07-09 00:00:00+09:00,38568.27014802632,39948.78988486842,38050.57524671053,38525.12890625,7471361,0.0,0.0
2021-07-12 00:00:00+09:00,38611.41012949486,38870.25757170377,37403.45539918664,37791.7265625,4799185,0.0,0.0
2021-07-13 00:00:00+09:00,37921.15006734914,38352.5624685704,37532.87890625,37532.87890625,3882630,0.0,0.0
2021-07-14 00:00:00+09:00,37532.87846918706,37619.16094842657,36454.347478693184,37015.18359375,6571005,0.0,0.0
2021-07-15 00:00:00+09:00,37015.18503480279,37834.868619489556,36497.490139211135,37187.75,5864670,0.0,0.0
2021-07-16 00:00:00+09:00,37403.45743120734,38481.988499004554,37015.186246800346,37921.15234375,5285474,0.0,0.0
2021-07-19 00:00:00+09:00,37964.29420558087,38568.27161339692,37791.72923191913,37878.01171875,3260462,0.0,0.0
2021-07-20 00:00:00+09:00,36885.75881327479,37360.31243543389,36540.62890625,36540.62890625,4905776,0.0,0.0
2021-07-21 00:00:00+09:00,36885.76171875,37058.32668585527,35246.39453125,36066.078125,6261922,0.0,0.0
2021-07-22 00:00:00+09:00,36238.64185560859,36670.05425865155,35418.958289826965,36152.359375,4682578,0.0,0.0
2021-07-23 00:00:00+09:00,36195.50061530429,36368.065576521476,35634.66449134845,36152.359375,2820670,0.0,0.0
2021-07-26 00:00:00+09:00,36497.48968596059,36497.48968596059,35030.6875,35030.6875,3716746,0.0,0.0
2021-07-27 00:00:00+09:00,35073.82996739294,36799.479658285585,34685.5587869421,35764.08984375,6313340,0.0,0.0
2021-07-28 00:00:00+09:00,35289.53456891408,36583.77177804296,34944.404646479714,36152.359375,4391411,0.0,0.0
2021-07-29 00:00:00+09:00,36368.06745461856,36540.632424747244,35203.25390625,35203.25390625,3232947,0.0,0.0
2021-07-30 00:00:00+09:00,35116.96955078125,35203.25203125,33822.73234375,34512.9921875,7263308,0.0,0.0
2021-08-02 00:00:00+09:00,34340.428242238035,34340.428242238035,33218.75596296895,33348.1796875,5647561,0.0,0.0
2021-08-03 00:00:00+09:00,33132.47074468085,33736.448075964094,32140.222271858376,32442.2109375,7344471,0.0,0.0
2021-08-04 00:00:00+09:00,31924.51621835443,34512.990506329115,31536.245075158226,34081.578125,11844208,0.0,0.0
2021-08-05 00:00:00+09:00,34211.001839398734,34642.41422072785,33563.883267405065,34081.578125,3402658,0.0,0.0
2021-08-06 00:00:00+09:00,34124.72163446496,35462.10010560075,34081.58039346058,34469.8515625,4346848,0.0,0.0
2021-08-09 00:00:00+09:00,34556.13383216425,35030.68748029634,33909.01522107503,34211.00390625,2863882,0.0,0.0
2021-08-10 00:00:00+09:00,34211.00262765786,34297.285105911724,33348.1778451192,33477.6015625,2936459,0.0,0.0
2021-08-11 00:00:00+09:00,33089.33322793431,34944.40666835305,32959.909499533,34642.41796875,4417580,0.0,0.0
2021-08-12 00:00:00+09:00,34211.003324877,35073.828125,33520.7434847786,35073.828125,4552345,0.0,0.0
2021-08-13 00:00:00+09:00,35591.52186602011,36066.07549090038,33736.44860512452,33779.58984375,5819721,0.0,0.0
2021-08-17 00:00:00+09:00,33779.59335481517,34124.72329969196,33175.61595128081,33261.8984375,3753754,0.0,0.0
2021-08-18 00:00:00+09:00,33089.33244243421,35591.52446546053,32959.90871710527,35246.39453125,7791614,0.0,0.0
2021-08-19 00:00:00+09:00,34814.98211348685,34858.12335526316,32657.920024671053,32787.34375,8440888,0.0,0.0
2021-08-20 00:00:00+09:00,33175.612442735604,33693.307305301045,32528.493864528795,32959.90625,4360505,0.0,0.0
2021-08-23 00:00:00+09:00,32571.639722954318,33434.46461627761,31665.673584964858,32226.509765625,5576653,0.0,0.0
2021-08-24 00:00:00+09:00,32571.6371461514,34383.56927878499,32399.072181138676,33909.015625,6276753,0.0,0.0
2021-08-25 00:00:00+09:00,33607.02653590006,34901.2637580785,33348.17909146438,34211.00390625,4132592,0.0,0.0
2021-08-26 00:00:00+09:00,34469.8507649139,35548.38176506765,34426.70952490775,35073.828125,4006516,0.0,0.0
2021-08-27 00:00:00+09:00,35332.67578125,35634.66446314102,34858.122138278384,35332.67578125,3060729,0.0,0.0
2021-08-30 00:00:00+09:00,35850.37004096799,35893.5112804878,35246.392687690546,35375.81640625,2277733,0.0,0.0
2021-08-31 00:00:00+09:00,35332.674609375,36238.640625,34685.556026785714,36238.640625,4248085,0.0,0.0
2021-09-01 00:00:00+09:00,36109.21690848214,36842.61796875,35720.94575892857,36238.640625,3699042,0.0,0.0
2021-09-02 00:00:00+09:00,37619.16171681142,37834.86791931607,34728.69860324907,34771.83984375,7238325,0.0,0.0
2021-09-03 00:00:00+09:00,35418.959068861324,35634.66527512723,33693.3094187341,33909.015625,5958674,0.0,0.0
2021-09-06 00:00:00+09:00,33563.885895051746,34340.428242238035,33132.473479948254,33348.1796875,3891472,0.0,0.0
2021-09-07 00:00:00+09:00,33089.33080197497,33650.16691726268,33089.33080197497,33175.61328125,2720697,0.0,0.0
2021-09-08 00:00:00+09:00,33089.33285095531,34124.72266636982,33089.33285095531,33305.0390625,3665572,0.0,0.0
2021-09-09 00:00:00+09:00,33477.60361842105,33650.16858552632,32528.496299342107,32787.34375,3413300,0.0,0.0
2021-09-10 00:00:00+09:00,32701.06208129085,33348.180724060454,32355.93213848039,33003.05078125,2817680,0.0,0.0
2021-09-13 00:00:00+09:00,32701.06208129085,33261.89823835784,32657.920838439542,33003.05078125,1710658,0.0,0.0
2021-09-14 00:00:00+09:00,33003.04954876956,33477.603202412,32830.48458380867,33089.33203125,2566010,0.0,0.0
2021-09-15 00:00:00+09:00,32959.9076944987,33305.037618001305,32873.62521362305,33132.47265625,2068975,0.0,0.0
2021-09-16 00:00:00+09:00,33305.03927865613,33909.016674901184,32657.920639822132,32744.203125,3085336,0.0,0.0
2021-09-17 00:00:00+09:00,32787.34476329442,33261.8984375,32355.932332198445,33261.8984375,5550458,0.0,0.0
2021-09-23 00:00:00+09:00,32830.482924991746,33003.04788123349,32442.21177344782,32657.91796875,2175612,0.0,0.0
2021-09-24 00:00:00+09:00,32830.484375,33175.61430272667,32571.636929204993,32830.484375,2112017,0.0,0.0
2021-09-27 00:00:00+09:00,32873.62521362305,33736.45002237956,32744.20149230957,33132.47265625,3089068,0.0,0.0
2021-09-28 00:00:00+09:00,33520.742975917434,33563.88421526868,32830.48314629751,32916.765625,1818195,0.0,0.0
2021-09-29 00:00:00+09:00,32614.777938179348,32701.06041949728,31191.116996433422,31751.953125,4575600,0.0,0.0
2021-09-30 00:00:00+09:00,31493.106830721437,31665.6717996569,28990.91478115727,29077.197265625,9109475,0.0,0.0
2021-10-01 00:00:00+09:00,28041.805473663524,29638.03132370283,26963.274493907233,27437.828125,12590270,0.0,0.0
2021-10-05 00:00:00+09:00,26661.28668394183,26833.851646297444,25453.33194745256,26143.591796875,11217687,0.0,0.0
2021-10-06 00:00:00+09:00,26273.0152720256,26704.427673865102,24806.213105771298,25065.060546875,7671175,0.0,0.0
2021-10-07 00:00:00+09:00,25539.61339285714,27222.121707589286,25367.048437499998,27178.98046875,8407452,0.0,0.0
2021-10-08 00:00:00+09:00,27653.534957912005,27653.534957912005,24935.63682632315,25065.060546875,10014881,0.0,0.0
2021-10-12 00:00:00+09:00,24935.63805456606,25841.604143053755,24504.225631476682,24978.779296875,4887028,0.0,0.0
2021-10-13 00:00:00+09:00,25021.920128519625,25582.75626933127,24892.496403716934,25280.767578125,3087269,0.0,0.0
2021-10-14 00:00:00+09:00,26057.30837165552,26790.709435096152,25367.048547240804,25798.4609375,7597299,0.0,0.0
2021-10-15 00:00:00+09:00,26229.876041666666,26963.277180989582,25798.46360677083,25884.74609375,5453731,0.0,0.0
2021-10-18 00:00:00+09:00,25971.027974656357,26014.169217139177,24935.63815506873,25108.203125,3695159,0.0,0.0
2021-10-19 00:00:00+09:00,25237.62744140625,26186.734798177084,25237.62744140625,25884.74609375,4328663,0.0,0.0
2021-10-20 00:00:00+09:00,26186.732903467466,26186.732903467466,25151.34313463185,25194.484375,3508550,0.0,0.0
2021-10-21 00:00:00+09:00,25367.048828125,25798.46122316114,25237.625109614157,25367.048828125,2494422,0.0,0.0
2021-10-22 00:00:00+09:00,25367.05047765544,25453.332962273314,24806.21432763925,24978.779296875,2609333,0.0,0.0
2021-10-25 00:00:00+09:00,25021.919623940677,25582.755753442794,24763.07217955508,25453.33203125,2924186,0.0,0.0
2021-10-26 00:00:00+09:00,25539.613786139453,25582.75502564307,25065.0601515997,25367.048828125,2632093,0.0,0.0
2021-10-27 00:00:00+09:00,23641.398713406135,23943.387383102927,22433.44403461896,23209.986328125,20253787,0.0,0.0
2021-10-28 00:00:00+09:00,22778.575046904316,23468.834896810506,22692.29256566604,22994.28125,6312791,0.0,0.0
2021-10-29 00:00:00+09:00,23037.422490619138,23425.69365619137,22864.85752814259,22994.28125,3682478,0.0,0.0
2021-11-01 00:00:00+09:00,22994.281969188083,23425.694388872664,22821.717001314253,23080.564453125,3004920,0.0,0.0
2021-11-02 00:00:00+09:00,23253.127295278286,24288.517007869526,23123.70358120438,23641.3984375,5772143,0.0,0.0
2021-11-03 00:00:00+09:00,24159.095502336448,24159.095502336448,23037.423211156543,23080.564453125,3516384,0.0,0.0
2021-11-04 00:00:00+09:00,23253.130240885414,23857.10764973958,23166.847753906248,23296.271484375,2772909,0.0,0.0
2021-11-05 00:00:00+09:00,23296.269311797754,23468.834269662922,22778.57443820225,23037.421875,2349352,0.0,0.0
2021-11-08 00:00:00+09:00,23339.41004370934,23425.69252076557,22994.280135484434,23209.986328125,2197196,0.0,0.0
2021-11-09 00:00:00+09:00,23166.845593398877,23598.2579880618,22951.139396067418,23037.421875,2136641,0.0,0.0
2021-11-10 00:00:00+09:00,22907.998156601123,23900.246664325845,22692.291959269663,23037.421875,4612042,0.0,0.0
2021-11-11 00:00:00+09:00,23166.846130037567,23727.68225609062,23123.70488957195,23684.541015625,4046607,0.0,0.0
2021-11-12 00:00:00+09:00,23857.10784755609,26100.452527615613,23468.8366529304,23555.119140625,12906813,0.0,0.0
2021-11-15 00:00:00+09:00,23641.401107954545,23986.531051136364,23511.977379261363,23727.68359375,4081515,0.0,0.0
2021-11-16 00:00:00+09:00,23727.68181884311,23727.68181884311,22907.998265101258,23166.845703125,4048488,0.0,0.0
2021-11-17 00:00:00+09:00,23166.846300018136,23209.98754080029,22088.31528046422,22304.021484375,5573705,0.0,0.0
2021-11-18 00:00:00+09:00,22304.021484375,22562.868929067943,21268.631705603242,22304.021484375,4779979,0.0,0.0
2021-11-19 00:00:00+09:00,22002.03197479248,22433.444366455078,21700.043300628662,22088.314453125,2998615,0.0,0.0
2021-11-22 00:00:00+09:00,22002.034018507282,22735.435152457525,21915.751532160197,22217.740234375,2940451,0.0,0.0
2021-11-23 00:00:00+09:00,22217.73846022161,22476.585898593126,21613.761104021414,21656.90234375,3188923,0.0,0.0
2021-11-24 00:00:00+09:00,21613.7623359375,21829.468546875,21052.9261875,21570.62109375,3683016,0.0,0.0
2021-11-25 00:00:00+09:00,21613.762233557594,21915.750927439636,21268.632297692406,21441.197265625,1835835,0.0,0.0
2021-11-26 00:00:00+09:00,21484.33756710123,21872.608727952455,20750.936485493356,21096.06640625,3437153,0.0,0.0
2021-11-29 00:00:00+09:00,20276.381194760103,21872.606948390152,20190.098721590908,21354.912109375,5287452,0.0,0.0
2021-11-30 00:00:00+09:00,21915.75071173199,21958.89195329052,20060.677324715307,20362.666015625,4134454,0.0,0.0
2021-12-01 00:00:00+09:00,20448.948700012574,21829.46844347334,20190.101248113682,21441.197265625,5974541,0.0,0.0
2021-12-02 00:00:00+09:00,21139.208947383995,22951.141142874054,21052.92646188447,22778.576171875,7577808,0.0,0.0
2021-12-03 00:00:00+09:00,23425.69376384678,23727.68244956856,22476.58646586404,23123.705078125,6085215,0.0,0.0
2021-12-06 00:00:00+09:00,23123.706606813997,23986.53148020258,22908.00038846685,23425.6953125,4534653,0.0,0.0
2021-12-07 00:00:00+09:00,23555.11821140036,24115.954359290845,22994.282063509876,24029.671875,3642734,0.0,0.0
2021-12-08 00:00:00+09:00,24202.234531820257,24374.799483918796,23555.11596145073,23641.3984375,2976593,0.0,0.0
2021-12-09 00:00:00+09:00,23727.683692642404,24072.813637262658,23296.27126186709,23857.107421875,2098100,0.0,0.0
2021-12-10 00:00:00+09:00,23641.401008340952,23986.530950068554,23555.118522909048,23598.259765625,1319837,0.0,0.0
2021-12-13 00:00:00+09:00,23857.10589740044,24978.77814574115,23857.10589740044,24374.80078125,4837597,0.0,0.0
2021-12-14 00:00:00+09:00,24676.789571412854,24892.495773960167,24115.953444789833,24504.224609375,2633341,0.0,0.0
2021-12-15 00:00:00+09:00,24417.94112465342,24461.082363389556,23209.98644004159,23339.41015625,3906787,0.0,0.0
2021-12-16 00:00:00+09:00,23382.552150522686,24245.376953125,23296.269670262456,24245.376953125,3170773,0.0,0.0
2021-12-17 00:00:00+09:00,24159.093695746527,25065.059709337023,24072.81121826172,24849.353515625,4958057,0.0,0.0
2021-12-20 00:00:00+09:00,24849.355580357143,25021.920549665178,23857.107006835937,24159.095703125,2871710,0.0,0.0
2021-12-21 00:00:00+09:00,24159.094685299297,24849.354533450707,24115.953444789833,24504.224609375,2453863,0.0,0.0
2021-12-22 00:00:00+09:00,24633.649265035907,24719.93174932675,23555.11821140036,24029.671875,2376087,0.0,0.0
2021-12-23 00:00:00+09:00,24029.670143899864,24590.506251387655,23943.387665824823,24288.517578125,2246656,0.0,0.0
2021-12-24 00:00:00+09:00,24374.802338805377,24504.226068037973,23857.107421875,23857.107421875,1589299,0.0,0.0
2021-12-27 00:00:00+09:00,23986.527623820755,23986.527623820755,22692.290521816038,22864.85546875,2956549,0.0,0.0
2021-12-28 00:00:00+09:00,22821.716793045343,23123.70548406863,21743.18575367647,22002.033203125,6618850,0.0,0.0
2021-12-29 00:00:00+09:00,23150.732860620472,24431.975709776947,23018.19049691463,24387.794921875,5332646,600.0,0.0
2021-12-30 00:00:00+09:00,24387.79469679368,24387.79469679368,23592.540521898234,23769.263671875,2187686,0.0,0.0
2022-01-04 00:00:00+09:00,24078.53014823718,24387.795673076922,23769.264623397437,24122.7109375,1215935,0.0,0.0
2022-01-05 00:00:00+09:00,24122.711535177597,25050.508132684427,23901.807583390255,24255.25390625,3298920,0.0,0.0
2022-01-06 00:00:00+09:00,23857.624762357416,24211.07105513308,23150.732176806086,23239.09375,2358598,0.0,0.0
2022-01-07 00:00:00+09:00,23194.91466175426,23415.818610913826,22841.46834309896,23327.45703125,1489092,0.0,0.0
2022-01-10 00:00:00+09:00,23106.551634810356,23415.81714426288,22885.64769948712,23150.732421875,1470458,0.0,0.0
2022-01-11 00:00:00+09:00,22929.828618021846,23371.636491201458,22532.201532160194,22753.10546875,1472434,0.0,0.0
2022-01-12 00:00:00+09:00,22753.105932014943,23371.63696706001,22753.105932014943,23283.275390625,1286258,0.0,0.0
2022-01-13 00:00:00+09:00,23415.81800595238,23636.721949404764,22974.01011904762,23194.9140625,1336667,0.0,0.0
2022-01-14 00:00:00+09:00,22974.009796626982,23018.19058469742,22090.394035218254,22267.1171875,2718361,0.0,0.0
2022-01-17 00:00:00+09:00,22311.2993349239,23150.734359406186,22090.395381112772,22134.576171875,2819887,0.0,0.0
2022-01-18 00:00:00+09:00,22134.574100139173,22355.478033274292,21736.94702049595,21825.30859375,1536216,0.0,0.0
2022-01-19 00:00:00+09:00,21427.683341087013,22002.033616208933,21295.14096990503,21516.044921875,1464531,0.0,0.0
2022-01-20 00:00:00+09:00,21471.86303310707,22134.57485511655,21250.959092437246,21560.224609375,1376154,0.0,0.0
2022-01-21 00:00:00+09:00,21516.044173111055,21913.671272819473,21383.501806541582,21781.12890625,1798166,0.0,0.0
2022-01-24 00:00:00+09:00,21781.128069196428,21913.670430672268,20720.789177389706,21030.0546875,2743341,0.0,0.0
2022-01-25 00:00:00+09:00,21074.234591034143,21162.596161646445,19527.90710531885,19572.087890625,4036255,0.0,0.0
2022-01-26 00:00:00+09:00,19572.087890625,19572.087890625,19572.087890625,19572.087890625,0,0.0,0.0
2022-01-27 00:00:00+09:00,20146.43974743151,20499.886058789954,19351.185546875,19351.185546875,2740061,0.0,0.0
2022-01-28 00:00:00+09:00,19395.366335794806,19704.631858233446,18644.292924158104,19351.185546875,3075846,0.0,0.0
2022-02-03 00:00:00+09:00,19792.993736383443,20411.524790645424,19704.63215720316,20278.982421875,3034754,0.0,0.0
2022-02-04 00:00:00+09:00,20058.076904296875,20544.065551757812,19792.9921875,20499.884765625,1414297,0.0,0.0
2022-02-07 00:00:00+09:00,20588.246337890625,20588.246337890625,19704.630615234375,20499.884765625,2415889,0.0,0.0
2022-02-08 00:00:00+09:00,20499.884765625,20499.884765625,20499.884765625,20499.884765625,0,0.0,0.0
2022-02-09 00:00:00+09:00,20499.884765625,20499.884765625,20499.884765625,20499.884765625,0,0.0,0.0
2022-02-10 00:00:00+09:00,21825.30969510649,22134.575217101927,21250.95943997211,21781.12890625,2399578,0.0,0.0
2022-02-11 00:00:00+09:00,21383.502550693018,21825.310454632956,21074.237017935062,21516.044921875,1452809,0.0,0.0
2022-02-14 00:00:00+09:00,21869.4905859375,22576.3832109375,21250.9595390625,22090.39453125,4203112,0.0,0.0
2022-02-15 00:00:00+09:00,22797.2875154703,24608.699895575497,22311.298828125,22311.298828125,14360070,0.0,0.0
2022-02-16 00:00:00+09:00,23018.191464263615,23194.914623298268,22267.118038366338,22311.298828125,4684836,0.0,0.0
2022-02-17 00:00:00+09:00,22532.201375618257,24829.602300191098,22532.201375618257,24564.517578125,23023534,0.0,0.0
2022-02-18 00:00:00+09:00,24166.891819309545,26331.75050147804,23990.168661581505,26155.02734375,21056162,0.0,0.0
2022-02-21 00:00:00+09:00,26155.02734375,26155.02734375,26155.02734375,26155.02734375,0,0.0,0.0
2022-02-22 00:00:00+09:00,26155.02734375,26155.02734375,26155.02734375,26155.02734375,0,0.0,0.0
2022-02-23 00:00:00+09:00,26155.02734375,26155.02734375,26155.02734375,26155.02734375,0,0.0,0.0
2022-02-24 00:00:00+09:00,27303.726447422257,27878.076680135022,26729.376214709493,26994.4609375,9962246,0.0,0.0
2022-02-25 00:00:00+09:00,27436.269456129805,27833.896549696903,25845.761081861412,26420.111328125,10706138,0.0,0.0
2022-02-28 00:00:00+09:00,26420.111328125,26420.111328125,26420.111328125,26420.111328125,0,0.0,0.0
2022-03-02 00:00:00+09:00,25448.134020618556,26375.930573453606,25315.591655927834,25713.21875,5277280,0.0,0.0
2022-03-03 00:00:00+09:00,25978.302709173386,27480.449464465724,25845.7603484123,27392.087890625,8387135,0.0,0.0
2022-03-04 00:00:00+09:00,27392.087890625,27392.087890625,27392.087890625,27392.087890625,0,0.0,0.0
2022-03-07 00:00:00+09:00,31633.444422614644,32561.24097690921,29645.308949126294,29866.212890625,19672240,0.0,0.0
2022-03-08 00:00:00+09:00,29512.767178295286,30749.8292755891,28938.416918837444,29998.755859375,16646077,0.0,0.0
2022-03-10 00:00:00+09:00,29998.755859375,29998.755859375,29998.755859375,29998.755859375,0,0.0,0.0
2022-03-11 00:00:00+09:00,29291.86267755682,30131.29765625,28717.512428977272,29159.3203125,6384798,0.0,0.0
2022-03-14 00:00:00+09:00,28894.23575067935,30838.190449501813,28850.05496206975,30484.744140625,11311309,0.0,0.0
2022-03-15 00:00:00+09:00,30484.744140625,30484.744140625,30484.744140625,30484.744140625,0,0.0,0.0
2022-03-16 00:00:00+09:00,28629.15139160156,29203.501651000977,28143.16271057129,28275.705078125,5764481,0.0,0.0
2022-03-17 00:00:00+09:00,28275.705078125,28275.705078125,28275.705078125,28275.705078125,0,0.0,0.0
2022-03-18 00:00:00+09:00,28982.59770802651,30219.659805320323,28850.055340459316,29998.755859375,10611192,0.0,0.0
2022-03-21 00:00:00+09:00,29998.755859375,29998.755859375,29998.755859375,29998.755859375,0,0.0,0.0
2022-03-22 00:00:00+09:00,28894.23528415931,29070.958435744382,27436.269283582464,27524.630859375,7494777,0.0,0.0
2022-03-23 00:00:00+09:00,27966.439603365387,28187.34354967949,27436.27013221154,27568.8125,4710071,0.0,0.0
2022-03-24 00:00:00+09:00,27480.450071478732,27922.257950441413,26950.280616723518,27524.630859375,3928721,0.0,0.0
2022-03-25 00:00:00+09:00,27657.172625206953,27745.534199089405,26596.833738617548,26685.1953125,4692749,0.0,0.0
2022-03-28 00:00:00+09:00,26552.653331840218,27038.64199515177,25889.941518233558,26199.20703125,4642964,0.0,0.0
2022-03-29 00:00:00+09:00,26331.750656625216,26464.293025702187,25669.038811240353,25757.400390625,3186058,0.0,0.0
2022-03-30 00:00:00+09:00,25934.12219363268,26685.195579138224,25669.037469336603,25889.94140625,4736090,0.0,0.0
2022-03-31 00:00:00+09:00,25978.304339086622,26420.112236009863,25624.85802154803,25757.400390625,3614580,0.0,0.0
2022-04-01 00:00:00+09:00,25757.39806917712,25934.121212018814,25006.324712099915,25536.494140625,4815394,0.0,0.0
2022-04-04 00:00:00+09:00,25359.77283548599,25757.39993569396,24962.145735278023,25227.23046875,2686922,0.0,0.0
2022-04-05 00:00:00+09:00,25359.77394462719,25492.316317160086,25094.689199561402,25183.05078125,2430619,0.0,0.0
2022-04-06 00:00:00+09:00,25006.326825271248,25138.869193603074,24255.25340472423,24431.9765625,4598999,0.0,0.0
2022-04-07 00:00:00+09:00,23945.98762263808,24034.349200581393,22576.383164516716,22797.287109375,7999885,0.0,0.0
2022-04-08 00:00:00+09:00,22576.383757074906,23239.095609043834,22576.383757074906,22929.830078125,3916365,0.0,0.0
2022-04-11 00:00:00+09:00,22929.830508474577,23990.169491525423,22929.830508474577,23460.0,4487752,0.0,0.0
2022-04-12 00:00:00+09:00,23680.90284304511,23990.16836524906,23283.275743068607,23504.1796875,3535102,0.0,0.0
2022-04-13 00:00:00+09:00,23371.637916179905,23901.80739632009,23327.457126168225,23636.72265625,2501526,0.0,0.0
2022-04-14 00:00:00+09:00,23945.988534432872,24431.97723162616,23680.90379050926,23857.626953125,3125577,0.0,0.0
2022-04-15 00:00:00+09:00,23680.902592462546,23769.264169300095,23327.45628511236,23592.541015625,1751737,0.0,0.0
2022-04-18 00:00:00+09:00,23327.45703125,23592.541770241478,23062.372292258526,23327.45703125,1817537,0.0,0.0
2022-04-19 00:00:00+09:00,23548.359126871597,24431.974853958713,23504.178340517243,24343.61328125,3783792,0.0,0.0
2022-04-20 00:00:00+09:00,24829.60330890739,25315.591985772124,24122.71068801323,24211.072265625,4726480,0.0,0.0
2022-04-21 00:00:00+09:00,24431.976909022178,25006.32717993952,24343.61532888105,24652.880859375,3507992,0.0,0.0
2022-04-22 00:00:00+09:00,24476.15699846031,24520.337787266195,23769.26437756615,24211.072265625,3115991,0.0,0.0
2022-04-25 00:00:00+09:00,23504.180286214953,23769.265026285047,23371.637916179905,23636.72265625,2688093,0.0,0.0
2022-04-26 00:00:00+09:00,23725.083239813535,23990.16796875,23327.45614640884,23990.16796875,2242768,0.0,0.0
2022-04-27 00:00:00+09:00,23239.095299406425,23725.083984375,23194.914509863826,23725.083984375,2239743,0.0,0.0
2022-04-28 00:00:00+09:00,23945.988637609647,25183.05078125,23813.446265076753,25183.05078125,5584595,0.0,0.0
2022-04-29 00:00:00+09:00,25359.772227112673,25403.953014964787,24652.87962147887,25094.6875,3595636,0.0,0.0
2022-05-02 00:00:00+09:00,24520.338760929404,25624.858524935233,24476.15797036917,25580.677734375,3406043,0.0,0.0
2022-05-03 00:00:00+09:00,25845.759640597968,26022.482783439664,25492.313354914575,25536.494140625,2519124,0.0,0.0
2022-05-04 00:00:00+09:00,25934.122441540025,25978.303229345034,25006.325897634844,25801.580078125,2661654,0.0,0.0
2022-05-06 00:00:00+09:00,25403.953337224106,26155.02674023769,25227.230183573854,26022.484375,3151619,0.0,0.0
2022-05-10 00:00:00+09:00,25315.591796875,25669.038104684772,25138.868642970112,25315.591796875,3250120,0.0,0.0
2022-05-11 00:00:00+09:00,25315.592102667295,26375.93103890467,25094.688157617842,26243.388671875,4957968,0.0,0.0
2022-05-12 00:00:00+09:00,26155.02632913961,27701.353899274553,26066.664753703328,27215.365234375,9454746,0.0,0.0
2022-05-13 00:00:00+09:00,27612.991578325964,27833.89551095257,26596.833488243567,27480.44921875,5719123,0.0,0.0
2022-05-16 00:00:00+09:00,27524.63026438328,27568.8110513245,26287.568230028974,26685.1953125,4797540,0.0,0.0
2022-05-17 00:00:00+09:00,26508.47130536627,27038.640731473595,25801.578737223168,25934.12109375,3366121,0.0,0.0
2022-05-18 00:00:00+09:00,26110.84484904661,26641.014287605933,25978.30248940678,26066.6640625,2585458,0.0,0.0
2022-05-19 00:00:00+09:00,25359.773036858976,25845.76171875,24917.96514423077,25845.76171875,3960034,0.0,0.0
2022-05-20 00:00:00+09:00,25845.761427238805,26685.19641376451,25580.676694651742,26641.015625,2608633,0.0,0.0
2022-05-23 00:00:00+09:00,27127.004461640994,28010.62024215047,26861.91972748815,27966.439453125,5740540,0.0,0.0
2022-05-24 00:00:00+09:00,28452.428585271315,29291.863590116278,28275.705426356588,28496.609375,7375202,0.0,0.0
2022-05-25 00:00:00+09:00,28850.05457865712,28982.59694272446,28143.161970297988,28540.7890625,3479975,0.0,0.0
2022-05-26 00:00:00+09:00,28717.51147311158,29070.95776816526,28364.0651780579,28805.873046875,2849389,0.0,0.0
2022-05-27 00:00:00+09:00,29336.044513888886,29998.75636284722,28982.598194444443,29822.033203125,5245802,0.0,0.0
2022-05-30 00:00:00+09:00,30042.93573943662,30087.11652728873,27966.438710387323,28231.5234375,7824229,0.0,0.0
2022-05-31 00:00:00+09:00,28231.524141708396,28717.51282020416,27612.993096350154,28673.33203125,7351423,0.0,0.0
2022-06-02 00:00:00+09:00,28408.245356184158,28452.426142119126,27215.36413594003,27259.544921875,4677005,0.0,0.0
2022-06-03 00:00:00+09:00,27347.9074625,27745.53455,27259.5458875,27612.9921875,1965290,0.0,0.0
2022-06-07 00:00:00+09:00,27392.088385247567,27745.534686992694,26817.73814491173,27215.365234375,2263801,0.0,0.0
2022-06-08 00:00:00+09:00,27082.824725472085,27303.728679187192,26375.932073583743,26906.1015625,2468400,0.0,0.0
2022-06-09 00:00:00+09:00,26287.56910547538,26420.111470713073,25757.399644524616,26022.484375,3890341,0.0,0.0
2022-06-10 00:00:00+09:00,25403.953337224106,26243.388317062818,25403.953337224106,26022.484375,2295031,0.0,0.0
2022-06-13 00:00:00+09:00,25669.037996217976,26022.48430253423,25006.326171875,25006.326171875,2309349,0.0,0.0
2022-06-14 00:00:00+09:00,24431.97733689693,25448.13552631579,24211.07338267544,25183.05078125,3129413,0.0,0.0
2022-06-15 00:00:00+09:00,25359.773140822785,25536.49629859855,24078.530246948463,24431.9765625,2928922,0.0,0.0
2022-06-16 00:00:00+09:00,24962.145527098295,25183.04946981598,24122.710544771093,24608.69921875,1963484,0.0,0.0
2022-06-17 00:00:00+09:00,23813.44445936919,24211.071546816915,23592.540521898234,23769.263671875,3066997,0.0,0.0
2022-06-20 00:00:00+09:00,23857.62646967822,23901.807259436882,22178.75645884901,22311.298828125,4682501,0.0,0.0
2022-06-21 00:00:00+09:00,22355.480386434385,23327.457794540227,22222.93801260177,23062.373046875,2766214,0.0,0.0
2022-06-22 00:00:00+09:00,23459.99794691191,24078.528966227856,22443.83984375,22443.83984375,3735995,0.0,0.0
2022-06-23 00:00:00+09:00,22002.03352050781,22311.299051920574,20764.97139485677,21206.779296875,6962828,0.0,0.0
2022-06-24 00:00:00+09:00,21206.777100622407,21604.404171259077,20676.607673106846,21295.138671875,3826604,0.0,0.0
2022-06-27 00:00:00+09:00,21339.321783088235,22620.564705882352,21339.321783088235,22532.203125,3397972,0.0,0.0
2022-06-28 00:00:00+09:00,22355.478733473556,23415.817645733172,22178.755581430287,22974.009765625,2549618,0.0,0.0
2022-06-29 00:00:00+09:00,22664.74514619431,22708.92593595297,22046.214089573023,22311.298828125,2124542,0.0,0.0
2022-06-30 00:00:00+09:00,22311.299502985265,22488.022667365345,21692.76842765498,21736.94921875,2497846,0.0,0.0
2022-07-01 00:00:00+09:00,22090.395100911457,22664.745373535156,20985.875345865887,21206.779296875,2733631,0.0,0.0
2022-07-04 00:00:00+09:00,21339.319577497357,21516.042720996298,20455.703860002643,20897.51171875,2052977,0.0,0.0
2022-07-05 00:00:00+09:00,21030.05525568182,21957.851811079545,20897.512890625,21869.490234375,2132434,0.0,0.0
2022-07-06 00:00:00+09:00,21869.49052918632,21913.671318134173,21074.236328125,21074.236328125,1812772,0.0,0.0
2022-07-07 00:00:00+09:00,21471.863974294356,22267.11819556452,21339.321604082663,21913.671875,2219083,0.0,0.0
2022-07-08 00:00:00+09:00,22267.117436503984,22620.563745019917,22090.394282246016,22178.755859375,2356848,0.0,0.0
2022-07-11 00:00:00+09:00,22267.11747685185,22311.2982654964,21427.682492605454,21471.86328125,1542179,0.0,0.0
2022-07-12 00:00:00+09:00,21206.779458598725,21295.14103967622,20588.248391056262,20809.15234375,1950727,0.0,0.0
2022-07-13 00:00:00+09:00,20499.88572563559,21074.235972259004,20499.88572563559,20853.33203125,1367907,0.0,0.0
2022-07-14 00:00:00+09:00,20853.332280585106,20897.51306931516,19837.174139793882,20764.970703125,2883047,0.0,0.0
2022-07-15 00:00:00+09:00,20764.97126736111,20764.97126736111,19792.993888888886,19881.35546875,3100455,0.0,0.0
2022-07-18 00:00:00+09:00,20102.258770079643,20588.24744364201,19969.716404562634,20455.705078125,2314545,0.0,0.0
2022-07-19 00:00:00+09:00,20367.34228825317,21074.23486224894,20234.799930628964,20897.51171875,1944572,0.0,0.0
2022-07-20 00:00:00+09:00,21295.140374806302,21560.225109762396,21162.59800732825,21383.501953125,1825600,0.0,0.0
2022-07-21 00:00:00+09:00,21648.58643582819,21692.767224472736,21250.959338027264,21471.86328125,1473850,0.0,0.0
2022-07-22 00:00:00+09:00,21427.68102875389,21648.584956885374,21118.415529369813,21295.138671875,1564244,0.0,0.0
2022-07-25 00:00:00+09:00,21074.235345521905,21736.947148840205,20985.873771746134,21427.681640625,1587003,0.0,0.0
2022-07-26 00:00:00+09:00,21604.404788176547,21692.76636195232,21295.13927996134,21427.681640625,962923,0.0,0.0
2022-07-27 00:00:00+09:00,21427.682492605454,21516.044069894546,21250.959338027264,21471.86328125,951798,0.0,0.0
2022-07-28 00:00:00+09:00,21692.766863468034,22267.11710628898,21250.958984375,21250.958984375,1753752,0.0,0.0
2022-07-29 00:00:00+09:00,21560.224471830985,22046.213138204224,21471.86289612676,21957.8515625,1983738,0.0,0.0
2022-08-01 00:00:00+09:00,22134.57482328869,22488.021127852182,21781.128518725196,22267.1171875,1571916,0.0,0.0
2022-08-02 00:00:00+09:00,22355.47865316901,22532.201804577464,21913.670774647886,21957.8515625,1100760,0.0,0.0
2022-08-03 00:00:00+09:00,22046.213992689507,22090.394782254018,21604.40609704443,22002.033203125,1096795,0.0,0.0
2022-08-04 00:00:00+09:00,22267.11778846154,22532.20252403846,22002.033052884617,22399.66015625,1282247,0.0,0.0
2022-08-05 00:00:00+09:00,22443.840309495194,23106.55212965745,22399.659521484373,22974.009765625,1888075,0.0,0.0
2022-08-08 00:00:00+09:00,22974.011196357285,23194.915150168414,22090.395381112772,22134.576171875,2059021,0.0,0.0
2022-08-09 00:00:00+09:00,22267.116333250495,22488.02026512798,22134.573974124007,22222.935546875,961323,0.0,0.0
2022-08-10 00:00:00+09:00,22222.936040048848,22311.297614760773,21692.766591777305,22046.212890625,1216713,0.0,0.0
2022-08-11 00:00:00+09:00,22399.659303205288,22885.64796658844,22178.755365303856,22355.478515625,2134263,0.0,0.0
2022-08-12 00:00:00+09:00,22929.829041527923,23018.19061779585,21383.50145683914,21560.224609375,5442936,0.0,0.0
2022-08-16 00:00:00+09:00,21560.22413340336,21560.22413340336,20941.693113182773,21030.0546875,3726910,0.0,0.0
2022-08-17 00:00:00+09:00,21074.235357809168,21206.777718550104,20632.427488672707,20720.7890625,1760929,0.0,0.0
2022-08-18 00:00:00+09:00,20676.609972133756,21074.237086982484,20588.248391056262,20809.15234375,1696146,0.0,0.0
2022-08-19 00:00:00+09:00,20897.514696740593,20941.69548891129,20499.8875672043,20544.068359375,1253616,0.0,0.0
2022-08-22 00:00:00+09:00,20323.163111863938,20367.343901237557,19925.53600750138,19969.716796875,1881648,0.0,0.0
2022-08-23 00:00:00+09:00,19660.451676764456,19925.53641847364,19439.547725340137,19483.728515625,2396981,0.0,0.0
2022-08-24 00:00:00+09:00,19483.728515625,19792.99404761905,19351.186144770407,19483.728515625,1756943,0.0,0.0
2022-08-25 00:00:00+09:00,19527.908854166668,20941.694110576922,19527.908854166668,20676.609375,5025204,0.0,0.0
2022-08-26 00:00:00+09:00,20897.511840820312,20941.692626953125,20278.980834960938,20499.884765625,1930417,0.0,0.0
2022-08-29 00:00:00+09:00,19616.26977870475,19792.992929864253,19439.54662754525,19527.908203125,2456318,0.0,0.0
2022-08-30 00:00:00+09:00,19527.908955705276,19660.45132418291,19086.101060779816,19262.82421875,3355429,0.0,0.0
2022-08-31 00:00:00+09:00,19086.10091292135,19881.355117626405,19041.920123771066,19660.451171875,3037465,0.0,0.0
2022-09-01 00:00:00+09:00,19483.728678385418,19616.271050347223,19086.1015625,19086.1015625,2003799,0.0,0.0
2022-09-02 00:00:00+09:00,19307.00516411739,19351.18595396663,18688.474106228045,18865.197265625,2355222,0.0,0.0
2022-09-05 00:00:00+09:00,18555.93067354369,18997.738546723303,18025.761225728158,18202.484375,3238898,0.0,0.0
2022-09-06 00:00:00+09:00,18114.123295802696,18379.208026960787,17804.85777611826,18025.76171875,2637910,0.0,0.0
2022-09-07 00:00:00+09:00,17849.03947996183,17937.4010615458,17318.869990458013,17363.05078125,3263689,0.0,0.0
2022-09-08 00:00:00+09:00,17451.412451171873,17760.677988281248,17407.23166015625,17672.31640625,2929449,0.0,0.0
2022-09-13 00:00:00+09:00,17937.399523084918,18909.376837143707,17937.399523084918,18600.111328125,3527633,0.0,0.0
2022-09-14 00:00:00+09:00,17849.038667168676,18909.377597891566,17628.134723268075,18335.02734375,3000775,0.0,0.0
2022-09-15 00:00:00+09:00,18511.749754119657,18953.55762414638,18246.665032103625,18600.111328125,2031433,0.0,0.0
2022-09-16 00:00:00+09:00,18335.026736953885,18423.388311589806,17672.314927184467,18202.484375,8699632,0.0,0.0
2022-09-19 00:00:00+09:00,17849.038964105792,18025.76212216625,17539.7734375,17539.7734375,2087492,0.0,0.0
2022-09-20 00:00:00+09:00,17804.85852475902,18158.304847831158,17716.496943990984,17760.677734375,1660245,0.0,0.0
2022-09-21 00:00:00+09:00,17716.496199065565,18379.208026960787,17672.315410539217,18025.76171875,1773317,0.0,0.0
2022-09-22 00:00:00+09:00,17716.496595560453,17849.038964105792,17407.23106895466,17539.7734375,2035424,0.0,0.0
2022-09-23 00:00:00+09:00,17451.410394562336,17495.591180371353,16656.15625,16656.15625,3736509,0.0,0.0
2022-09-26 00:00:00+09:00,16258.529915633608,16611.97621814738,15949.264400934057,16037.6259765625,3455841,0.0,0.0
2022-09-27 00:00:00+09:00,16125.988875679348,17981.58211616848,16125.988875679348,17274.689453125,8388569,0.0,0.0
2022-09-28 00:00:00+09:00,17097.96484375,17318.86878229974,16302.710664970931,17097.96484375,2953508,0.0,0.0
2022-09-29 00:00:00+09:00,17230.506079889114,17363.0484343498,16346.890383484544,16435.251953125,3136968,0.0,0.0
2022-09-30 00:00:00+09:00,16081.807833614866,16877.06206714527,16081.807833614866,16346.892578125,2257332,0.0,0.0
2022-10-04 00:00:00+09:00,16479.434444978277,16921.24233894552,16435.253655581553,16523.615234375,2486379,0.0,0.0
2022-10-05 00:00:00+09:00,16788.699499309394,16832.88028746547,15949.264524343924,15993.4453125,2436789,0.0,0.0
2022-10-06 00:00:00+09:00,16081.807241995912,16523.615133259536,15684.18013985865,16214.349609375,3082633,0.0,0.0
2022-10-07 00:00:00+09:00,16037.625853150756,16214.349003047733,15860.902703253776,16081.806640625,1832720,0.0,0.0
2022-10-11 00:00:00+09:00,15551.637201544945,15860.902714075668,15154.010114005443,15728.3603515625,2803625,0.0,0.0
2022-10-12 00:00:00+09:00,15463.275626536166,15816.72192657128,15021.467751492275,15728.3603515625,2572376,0.0,0.0
2022-10-13 00:00:00+09:00,15728.360461862947,16302.71070344783,15595.81809842028,16037.6259765625,3182619,0.0,0.0
2022-10-14 00:00:00+09:00,16302.710445291554,16788.699103552277,16302.710445291554,16479.43359375,2039220,0.0,0.0
2022-10-17 00:00:00+09:00,16258.528707349082,16965.42125984252,16125.986353756562,16832.87890625,1644104,0.0,0.0
2022-10-18 00:00:00+09:00,17186.32666903409,17495.5921875,16965.422727272726,17009.603515625,1474066,0.0,0.0
2022-10-19 00:00:00+09:00,17274.68713062662,17363.048701627267,17009.602417624676,17053.783203125,1217366,0.0,0.0
2022-10-20 00:00:00+09:00,17142.147251308903,17318.870418848168,16656.158540575918,16877.0625,1243702,0.0,0.0
2022-10-21 00:00:00+09:00,16832.88000616776,16965.422368421052,16656.15685649671,16788.69921875,975268,0.0,0.0
2022-10-24 00:00:00+09:00,17009.603765502612,17318.86928851175,16744.519031494776,16921.2421875,1214409,0.0,0.0
2022-10-25 00:00:00+09:00,17053.784449800532,17097.965238530585,16523.614985039894,16611.9765625,1031175,0.0,0.0
2022-10-26 00:00:00+09:00,16788.700485641893,16832.881276393582,16258.530996621623,16346.892578125,1376304,0.0,0.0
2022-10-27 00:00:00+09:00,16656.15795061016,16921.242692529682,16523.615579650395,16744.51953125,1283490,0.0,0.0
2022-10-28 00:00:00+09:00,16656.155877226145,16877.059801327287,16170.16724420363,16435.251953125,1912137,0.0,0.0
2022-10-31 00:00:00+09:00,16656.158540575918,16877.0625,16611.9777486911,16877.0625,1841709,0.0,0.0
2022-11-01 00:00:00+09:00,16877.060793585526,16965.422368421052,16611.976069078948,16788.69921875,1430639,0.0,0.0
2022-11-02 00:00:00+09:00,16700.337643914474,16832.88000616776,16479.433706825657,16788.69921875,1229867,0.0,0.0
2022-11-03 00:00:00+09:00,16523.615261057035,16567.796050525103,16170.1689453125,16170.1689453125,2416428,0.0,0.0
2022-11-04 00:00:00+09:00,16170.168433779761,16700.337890625,15905.083705357141,16700.337890625,1547386,0.0,0.0
2022-11-07 00:00:00+09:00,16744.51864887373,17583.953620717006,16611.976284898476,17407.23046875,2819524,0.0,0.0
2022-11-08 00:00:00+09:00,17583.954174863804,18379.20838377724,17583.954174863804,18246.666015625,3144591,0.0,0.0
2022-11-09 00:00:00+09:00,18335.026986471035,18467.56935022866,18114.123046875,18114.123046875,1513822,0.0,0.0
2022-11-10 00:00:00+09:00,18114.12466242284,18865.198124035494,17893.220703125,17893.220703125,2799767,0.0,0.0
2022-11-11 00:00:00+09:00,18600.11379646283,18909.379346522783,18246.66745353717,18423.390625,2336104,0.0,0.0
2022-11-14 00:00:00+09:00,18776.836785688087,19130.283125183392,18644.294408377347,18821.017578125,2718580,0.0,0.0
2022-11-15 00:00:00+09:00,18909.37839988426,19262.82472511574,18732.65523726852,19086.1015625,1532615,0.0,0.0
2022-11-16 00:00:00+09:00,19086.10111607143,19130.281905691965,18467.57006138393,18555.931640625,1437965,0.0,0.0
2022-11-17 00:00:00+09:00,18467.57021745742,18688.474167427008,18158.3046875,18158.3046875,1009351,0.0,0.0
2022-11-18 00:00:00+09:00,18114.123295802696,18600.111969592526,17937.400141697304,18025.76171875,1031657,0.0,0.0
2022-11-21 00:00:00+09:00,18069.94387056327,18290.84782986111,17672.31674382716,17893.220703125,1098769,0.0,0.0
2022-11-22 00:00:00+09:00,17583.954417579076,18290.84705748175,17583.954417579076,18158.3046875,886703,0.0,0.0
2022-11-23 00:00:00+09:00,18776.834339090525,20632.42737965947,18555.93040568946,19704.630859375,9376222,0.0,0.0
2022-11-24 00:00:00+09:00,19792.993692660548,19969.71685063073,18953.558692302176,19262.82421875,2445325,0.0,0.0
2022-11-25 00:00:00+09:00,19262.823614318706,19572.089131062356,19130.28125,19130.28125,1180757,0.0,0.0
2022-11-28 00:00:00+09:00,18953.558845323478,19307.00516411739,18600.112526529567,18865.197265625,1166319,0.0,0.0
2022-11-29 00:00:00+09:00,18865.19603654176,19307.00390625,18865.19603654176,19307.00390625,1245532,0.0,0.0
2022-11-30 00:00:00+09:00,19351.184565933294,19704.630859375,19086.099845852015,19704.630859375,2542699,0.0,0.0
2022-12-01 00:00:00+09:00,19925.5342921947,20013.895863335252,19086.09936635945,19174.4609375,2193584,0.0,0.0
2022-12-02 00:00:00+09:00,19174.46167676694,19395.36561313522,18865.196165851343,18909.376953125,1073570,0.0,0.0
2022-12-05 00:00:00+09:00,18732.65474483945,19527.908955705276,18644.293165854357,19262.82421875,1373286,0.0,0.0
2022-12-06 00:00:00+09:00,19218.64322608116,19262.824015106635,18555.93139069905,18644.29296875,1272076,0.0,0.0
2022-12-07 00:00:00+09:00,18644.29458932854,18776.83696792566,18379.209832134293,18423.390625,1012033,0.0,0.0
2022-12-08 00:00:00+09:00,18511.752210731414,18732.656175059954,18158.305867805757,18423.390625,1437355,0.0,0.0
2022-12-09 00:00:00+09:00,18423.389548788266,19660.451676764456,18423.389548788266,19483.728515625,2301061,0.0,0.0
2022-12-12 00:00:00+09:00,19218.641723070275,19483.726436491936,19086.09936635945,19174.4609375,841442,0.0,0.0
2022-12-13 00:00:00+09:00,19262.824814920274,19483.72876921982,19086.10165148064,19395.3671875,930521,0.0,0.0
2022-12-14 00:00:00+09:00,19616.270280393834,19704.631858233446,19218.64318011558,19351.185546875,1408625,0.0,0.0
2022-12-15 00:00:00+09:00,19351.18656431686,19527.909729287792,18997.740234375,18997.740234375,877983,0.0,0.0
2022-12-16 00:00:00+09:00,18644.293165854357,19262.82421875,18600.112376361812,19262.82421875,1212779,0.0,0.0
2022-12-19 00:00:00+09:00,19307.004131444013,20323.162243625276,19262.823343957873,19925.53515625,4326363,0.0,0.0
2022-12-20 00:00:00+09:00,19925.53543591224,20013.89701212471,18997.738885681294,19130.28125,1830910,0.0,0.0
2022-12-21 00:00:00+09:00,19351.18656431686,19351.18656431686,18776.836278161336,18997.740234375,1196902,0.0,0.0
2022-12-22 00:00:00+09:00,19262.82358365813,19837.173828125,19218.642795622214,19837.173828125,1885052,0.0,0.0
2022-12-23 00:00:00+09:00,19527.90722206221,19748.811149913596,19130.280151929725,19174.4609375,1674213,0.0,0.0
2022-12-26 00:00:00+09:00,19351.18690732759,19395.36769935345,18865.198195043104,19218.64453125,1483746,0.0,0.0
2022-12-27 00:00:00+09:00,19351.184693220825,19704.630988987414,19218.64233230835,19307.00390625,2845219,0.0,0.0
2022-12-28 00:00:00+09:00,19540.744519589553,19587.492712220148,18465.53608908582,18792.7734375,4633683,1200.0,0.0
2022-12-29 00:00:00+09:00,18605.782298992966,18699.278692455242,18231.796725143864,18278.544921875,1774831,0.0,0.0
2023-01-02 00:00:00+09:00,18091.55078125,18792.77367974806,18044.802588016795,18091.55078125,1221954,0.0,0.0
2023-01-03 00:00:00+09:00,17951.30708661417,18231.79625984252,17483.825131233596,17811.0625,1628308,0.0,0.0
2023-01-04 00:00:00+09:00,17764.313717532466,18185.047463474024,17717.56552353896,17998.0546875,1295311,0.0,0.0
2023-01-05 00:00:00+09:00,18278.544921875,18699.278692455242,18044.80393821931,18278.544921875,1467939,0.0,0.0
2023-01-06 00:00:00+09:00,18091.551114949747,18699.277638190953,17951.306532663315,18605.78125,1304187,0.0,0.0
2023-01-09 00:00:00+09:00,18839.522071781015,18886.27026550752,18465.536521968985,18652.529296875,1302463,0.0,0.0
2023-01-10 00:00:00+09:00,18652.529004636846,19073.26274158354,18605.78081164277,18746.025390625,1296447,0.0,0.0
2023-01-11 00:00:00+09:00,18933.01923372236,19073.263820638822,18839.522842444716,19026.515625,1037491,0.0,0.0
2023-01-12 00:00:00+09:00,19120.011234140038,19120.011234140038,18652.529296875,18652.529296875,1199938,0.0,0.0
2023-01-13 00:00:00+09:00,18792.773684499414,20054.974902115046,18792.773684499414,19961.478515625,3060978,0.0,0.0
2023-01-16 00:00:00+09:00,20008.2265625,20288.715719918226,19680.989212178738,20008.2265625,986614,0.0,0.0
2023-01-17 00:00:00+09:00,20008.228066995358,20288.71724550464,19821.235281322504,20148.47265625,999484,0.0,0.0
2023-01-18 00:00:00+09:00,20148.472806140988,20195.221002906976,19680.990838481102,20101.724609375,855162,0.0,0.0
2023-01-19 00:00:00+09:00,19774.485742644905,20148.47128860509,19774.485742644905,19961.478515625,644071,0.0,0.0
2023-01-20 00:00:00+09:00,19961.478515625,20101.72309536007,19587.49296966481,19961.478515625,1058066,0.0,0.0
2023-01-25 00:00:00+09:00,20054.97641700762,20756.199368651243,20054.97641700762,20709.451171875,18752,0.0,0.0
2023-01-26 00:00:00+09:00,20522.457474734805,20522.457474734805,20054.97552770212,20382.212890625,22160,0.0,0.0
2023-01-27 00:00:00+09:00,20849.69475566955,22672.874341927647,20756.19836663067,21644.4140625,90159,0.0,0.0
2023-01-30 00:00:00+09:00,21550.91723528031,21691.161815987125,20615.953363901557,21784.658203125,44715,0.0,0.0
2023-01-31 00:00:00+09:00,20662.701909324944,20896.442881149887,20335.464548770025,20428.9609375,37019,0.0,0.0
2023-02-01 00:00:00+09:00,20475.70942887931,21176.932354525863,20335.46484375,20335.46484375,23222,0.0,0.0
2023-02-02 00:00:00+09:00,21363.92516217913,21457.421552385604,20849.695016043526,20943.19140625,59869,0.0,0.0
2023-02-03 00:00:00+09:00,21223.679981332964,21223.679981332964,20615.953462043693,21130.18359375,20660,0.0,0.0
2023-02-06 00:00:00+09:00,21130.18359375,21130.18359375,20428.960686877766,21130.18359375,22235,0.0,0.0
2023-02-07 00:00:00+09:00,20335.464548770025,20615.953714959956,20241.968160040047,20428.9609375,14784,0.0,0.0
2023-02-08 00:00:00+09:00,20662.70131802721,20756.19770408163,20522.456738945577,20615.953125,19209,0.0,0.0
2023-02-09 00:00:00+09:00,20428.961383028516,20569.20596918203,20288.716796875,20288.716796875,13794,0.0,0.0
2023-02-10 00:00:00+09:00,20335.464992259505,20709.45055533554,20008.22762456797,20288.716796875,29605,0.0,0.0
2023-02-13 00:00:00+09:00,20382.2121057243,20382.2121057243,19680.989212178738,20008.2265625,17163,0.0,0.0
2023-02-14 00:00:00+09:00,20382.213794441308,20943.19215575621,20382.213794441308,20709.451171875,25483,0.0,0.0
2023-02-15 00:00:00+09:00,20802.946044921875,20989.938818359376,20522.456884765626,20569.205078125,17197,0.0,0.0
2023-02-16 00:00:00+09:00,20662.702825872748,20756.19921875,20382.21364724099,20756.19921875,13145,0.0,0.0
2023-02-17 00:00:00+09:00,20522.458384770034,20989.94035253245,20382.213794441308,20709.451171875,5978,0.0,0.0
2023-02-20 00:00:00+09:00,20475.709578413018,20615.954164566534,20054.975819952477,20288.716796875,43043,0.0,0.0
2023-02-21 00:00:00+09:00,20288.71591796875,20662.70146484375,20288.71591796875,20569.205078125,18145,0.0,0.0
2023-02-22 00:00:00+09:00,20195.21967539863,20662.701612329158,20195.21967539863,20522.45703125,149349,0.0,0.0
2023-02-23 00:00:00+09:00,21223.679396244515,21924.902283785636,20943.19024122807,21317.17578125,44324,0.0,0.0
2023-02-24 00:00:00+09:00,21410.673383270063,21878.155334869847,21363.925188110086,21550.91796875,37347,0.0,0.0
2023-02-27 00:00:00+09:00,21550.91718836231,21550.91718836231,20989.938866756347,21176.931640625,1524681,0.0,0.0
2023-02-28 00:00:00+09:00,21223.68012922672,21644.413876281873,21036.68735275776,21083.435546875,1999832,0.0,0.0
2023-03-02 00:00:00+09:00,21083.435842671213,21457.42140085607,20849.69486880568,20989.939453125,1494238,0.0,0.0
2023-03-03 00:00:00+09:00,21317.17681653675,21363.925011309857,20756.198479259467,20989.939453125,1524268,0.0,0.0
2023-03-06 00:00:00+09:00,20756.19770408163,20943.190476190477,20241.96758078231,20615.953125,1789766,0.0,0.0
2023-03-07 00:00:00+09:00,20662.70297056686,20662.70297056686,20054.976412609012,20101.724609375,1899931,0.0,0.0
2023-03-08 00:00:00+09:00,19914.731061167062,19914.731061167062,19447.249111374407,19727.73828125,1881516,0.0,0.0
2023-03-09 00:00:00+09:00,19821.234185376212,19867.982379209647,19260.255859375,19260.255859375,1480527,0.0,0.0
2023-03-10 00:00:00+09:00,18933.018358429177,19307.00390625,18839.521971473972,19307.00390625,1105664,0.0,0.0
2023-03-13 00:00:00+09:00,19260.256603194102,19353.752994471746,18886.271038083538,19026.515625,1125095,0.0,0.0
2023-03-14 00:00:00+09:00,18792.77387805451,19026.51484668703,18643.1796581297,18652.529296875,1538381,0.0,0.0
2023-03-15 00:00:00+09:00,18839.521484375,19166.758830257444,18746.02509983716,18839.521484375,898103,0.0,0.0
2023-03-16 00:00:00+09:00,18671.229484490454,19120.012166140703,18615.131649284172,18979.767578125,1110133,0.0,0.0
2023-03-17 00:00:00+09:00,19026.515476600794,19073.263671875,18652.52991440717,19073.263671875,1778167,0.0,0.0
2023-03-20 00:00:00+09:00,19073.26259328358,19213.507171175374,18792.7734375,18792.7734375,770141,0.0,0.0
2023-03-21 00:00:00+09:00,18933.01908605239,19307.004648246017,18933.01908605239,19073.263671875,1007446,0.0,0.0
2023-03-22 00:00:00+09:00,19213.50855815117,19213.50855815117,18979.767578125,18979.767578125,777795,0.0,0.0
2023-03-23 00:00:00+09:00,18979.766061181763,19073.262445719603,18746.02509983716,18839.521484375,1005449,0.0,0.0
2023-03-24 00:00:00+09:00,18839.5232876315,18886.271484375,18689.92905805229,18886.271484375,1011106,0.0,0.0
2023-03-27 00:00:00+09:00,18886.270896656537,18933.01909194529,18418.788943769,18456.1875,1355214,0.0,0.0
2023-03-28 00:00:00+09:00,18521.63406425343,18792.773583619077,18512.284425654616,18746.025390625,877604,0.0,0.0
2023-03-29 00:00:00+09:00,18792.775968420392,18886.272366273228,18568.38461357358,18615.1328125,892056,0.0,0.0
2023-03-30 00:00:00+09:00,18699.27734375,18839.521923828124,18474.886015625,18699.27734375,1202765,0.0,0.0
2023-03-31 00:00:00+09:00,18746.026451167076,19307.004798832924,18643.18042076167,19026.515625,1684387,0.0,0.0
2023-04-03 00:00:00+09:00,19073.262890625,19073.262890625,18661.8787890625,18699.27734375,1325238,0.0,0.0
2023-04-04 00:00:00+09:00,18746.0252448694,18792.7734375,18680.577775186568,18792.7734375,765937,0.0,0.0
2023-04-05 00:00:00+09:00,18839.521630130595,19026.514400652984,18746.0252448694,18792.7734375,976321,0.0,0.0
2023-04-06 00:00:00+09:00,18839.521329365078,18886.26952124936,18259.84375,18259.84375,1766245,0.0,0.0
2023-04-07 00:00:00+09:00,18334.642280845703,18568.38325841895,18241.145889816402,18428.138671875,1098386,0.0,0.0
2023-04-10 00:00:00+09:00,18428.138494048748,18839.522610607928,18231.796074781865,18484.236328125,1258126,0.0,0.0
2023-04-11 00:00:00+09:00,18661.87864323566,18886.269969607234,18615.130450241584,18746.025390625,1260893,0.0,0.0
2023-04-12 00:00:00+09:00,18886.271186114533,19120.012166140703,18746.02659809883,18979.767578125,1504719,0.0,0.0
2023-04-13 00:00:00+09:00,18933.01850254096,20101.72334837682,18886.270308707524,19260.255859375,3907407,0.0,0.0
2023-04-14 00:00:00+09:00,19213.507665541565,19447.248634708736,19073.26308404126,19260.255859375,1281965,0.0,0.0
2023-04-17 00:00:00+09:00,19353.752003439695,19961.478515625,19166.7592304596,19961.478515625,2786435,0.0,0.0
2023-04-18 00:00:00+09:00,19961.479722764758,20288.717095269098,19774.486938476562,20195.220703125,2330319,0.0,0.0
2023-04-19 00:00:00+09:00,20241.96875,20382.213337182446,20054.975967090068,20241.96875,1499965,0.0,0.0
2023-04-20 00:00:00+09:00,20195.219965675056,20709.45010368993,20101.72357694508,20428.9609375,2223297,0.0,0.0
2023-04-21 00:00:00+09:00,20335.464992259505,20335.464992259505,19680.99025687644,20288.716796875,1684304,0.0,0.0
2023-04-24 00:00:00+09:00,20195.220079787232,20382.21285830378,19680.989938866725,19774.486328125,1146286,0.0,0.0
2023-04-25 00:00:00+09:00,19774.48539381761,19961.478163499098,19353.751662034254,19447.248046875,1035411,0.0,0.0
2023-04-26 00:00:00+09:00,19307.004950161638,19400.501342172105,18886.271186114533,18979.767578125,1141474,0.0,0.0
2023-04-27 00:00:00+09:00,18933.018310546875,18933.018310546875,18671.228427734375,18699.27734375,1117904,0.0,0.0
2023-04-28 00:00:00+09:00,18839.522695503983,19634.24201516544,18699.27810968137,19073.263671875,1598388,0.0,0.0
2023-05-02 00:00:00+09:00,18933.01801539179,18979.76620802239,18652.528859608206,18792.7734375,1348933,0.0,0.0
2023-05-03 00:00:00+09:00,18652.531128845672,18933.020318753126,18652.531128845672,18689.9296875,784846,0.0,0.0
2023-05-04 00:00:00+09:00,18661.87864323566,18886.269969607234,18661.87864323566,18746.025390625,890642,0.0,0.0
2023-05-08 00:00:00+09:00,18746.025390625,19026.514548589465,18699.277197630923,18746.025390625,988266,0.0,0.0
2023-05-09 00:00:00+09:00,18792.773789414416,18792.773789414416,18652.529208896398,18680.578125,821001,0.0,0.0
2023-05-10 00:00:00+09:00,18643.180431453147,18746.026461917532,18250.49558786186,18409.439453125,1341246,0.0,0.0
2023-05-11 00:00:00+09:00,18428.13876119474,18689.928657345656,18381.390565453505,18400.08984375,1099557,0.0,0.0
2023-05-12 00:00:00+09:00,18549.68407012195,18559.0337092702,18054.153195264862,18400.08984375,1018686,0.0,0.0
2023-05-15 00:00:00+09:00,18241.145505775872,18418.788644991528,17932.607421875,17932.607421875,1248811,0.0,0.0
2023-05-16 00:00:00+09:00,17932.606574135636,18072.851151097075,17539.921758643617,17577.3203125,1530846,0.0,0.0
2023-05-17 00:00:00+09:00,17483.82541410519,17530.57361039959,16997.644172643442,17109.83984375,2840406,0.0,0.0
2023-05-18 00:00:00+09:00,17184.635054106264,17240.73288344502,16932.194822081852,17091.138671875,1929286,0.0,0.0
2023-05-19 00:00:00+09:00,17109.83966503268,17315.53172657952,17100.49002587146,17165.9375,1343235,0.0,0.0
2023-05-22 00:00:00+09:00,17184.637142668078,17726.916225516146,17184.637142668078,17661.46875,1922031,0.0,0.0
2023-05-23 00:00:00+09:00,17670.81875166489,17839.112263585506,17390.329565130527,17549.2734375,1464055,0.0,0.0
2023-05-24 00:00:00+09:00,17530.572558855565,17736.264610212802,17437.076171875,17437.076171875,1074634,0.0,0.0
2023-05-25 00:00:00+09:00,17352.93076923077,17409.028605769232,17016.34375,17016.34375,1648282,0.0,0.0
2023-05-26 00:00:00+09:00,16978.94497552497,17016.343532739782,16333.819863569452,16474.064453125,3216396,0.0,0.0
2023-05-30 00:00:00+09:00,16567.56022098214,16567.56022098214,16015.931522879464,16361.8681640625,2253469,0.0,0.0
2023-05-31 00:00:00+09:00,16371.21803697183,16679.756126760563,16352.518758802817,16595.609375,4370815,0.0,0.0
2023-06-01 00:00:00+09:00,16399.267548076925,16567.561057692306,16361.868990384615,16408.6171875,1249697,0.0,0.0
2023-06-02 00:00:00+09:00,16576.91066677641,16586.260306182376,16324.470402815348,16417.966796875,1102031,0.0,0.0
2023-06-05 00:00:00+09:00,16642.35903911921,16932.19787631735,16511.46408038456,16745.205078125,1311168,0.0,0.0
2023-06-07 00:00:00+09:00,16932.196282927027,17857.810546875,16894.79772680792,17857.810546875,4502133,0.0,0.0
2023-06-08 00:00:00+09:00,17867.160615398712,18577.73319874267,17867.160615398712,18334.642578125,4411957,0.0,0.0
2023-06-09 00:00:00+09:00,18493.586085988976,18493.586085988976,18185.047996586734,18446.837890625,1897354,0.0,0.0
2023-06-12 00:00:00+09:00,18400.089336894216,18512.285003582598,17605.370031184862,17941.95703125,2471094,0.0,0.0
2023-06-13 00:00:00+09:00,17885.859882853707,18035.454110833663,17642.769262386275,17726.916015625,1531247,0.0,0.0
2023-06-14 00:00:00+09:00,17801.71140095339,17970.004891088454,17633.417910818327,17652.1171875,1184273,0.0,0.0
2023-06-15 00:00:00+09:00,17811.062204226502,18082.201733844646,17736.2650926077,17904.55859375,1369376,0.0,0.0
2023-06-16 00:00:00+09:00,18007.4043262987,18044.802881493506,17736.264801136364,17998.0546875,1488202,0.0,0.0
2023-06-19 00:00:00+09:00,17941.958052884616,17951.30769230769,17596.02139423077,17624.0703125,856884,0.0,0.0
2023-06-20 00:00:00+09:00,17605.370322321898,18689.928451578053,17577.32140518596,17848.4609375,2649584,0.0,0.0
2023-06-21 00:00:00+09:00,17960.6579194718,18026.105397575026,17362.280976813705,17446.427734375,1550558,0.0,0.0
2023-06-22 00:00:00+09:00,17446.425518750002,17680.16648229167,17352.929133333335,17530.572265625,885707,0.0,0.0
2023-06-23 00:00:00+09:00,17530.57279571385,17567.971351011376,17203.33543686053,17362.279296875,932887,0.0,0.0
2023-06-26 00:00:00+09:00,17156.589052424773,17689.518521628157,17156.589052424773,17399.6796875,805514,0.0,0.0
2023-06-27 00:00:00+09:00,17399.67817668835,17895.209043622515,17390.32853768959,17876.509765625,1297802,0.0,0.0
2023-06-28 00:00:00+09:00,17951.307722929938,18128.95087227143,17596.02142424695,17614.720703125,1118985,0.0,0.0
2023-06-29 00:00:00+09:00,17586.6721473107,17745.616021050348,17465.126832098023,17502.525390625,819331,0.0,0.0
2023-06-30 00:00:00+09:00,17502.525,17829.762379807693,17502.525,17624.0703125,767996,0.0,0.0
2023-07-03 00:00:00+09:00,17652.118400418192,17988.705403815995,17642.76876143492,17885.859375,1091713,0.0,0.0
2023-07-04 00:00:00+09:00,17885.8593158453,18026.103900130547,17698.8665367983,17904.55859375,807415,0.0,0.0
2023-07-05 00:00:00+09:00,17857.810935028992,18091.55191585398,17726.915985767,17736.265625,1028383,0.0,0.0
2023-07-06 00:00:00+09:00,17680.166688972164,17754.963798179873,17324.880420235546,17465.125,1505701,0.0,0.0
2023-07-07 00:00:00+09:00,17352.929864864866,17437.076615287162,17165.93708614865,17296.83203125,950124,0.0,0.0
2023-07-10 00:00:00+09:00,17296.832598733617,17670.818168435966,17035.042699941972,17119.189453125,912399,0.0,0.0
2023-07-11 00:00:00+09:00,17119.18811183529,17250.083050975485,16651.7061863346,16922.845703125,1345025,0.0,0.0
2023-07-12 00:00:00+09:00,16950.896158681844,17904.559373345684,16950.896158681844,17661.46875,2077136,0.0,0.0
2023-07-13 00:00:00+09:00,17764.313717532466,18185.047463474024,17736.264801136364,17998.0546875,1837631,0.0,0.0
2023-07-14 00:00:00+09:00,18119.599550982603,18175.69738240979,17736.264369563465,18138.298828125,1146478,0.0,0.0
2023-07-17 00:00:00+09:00,17670.817474365234,18026.103751627605,17652.118196614585,17951.306640625,1120020,0.0,0.0
2023-07-18 00:00:00+09:00,17988.704020569203,18269.193168499078,17624.06812826037,17698.865234375,1264218,0.0,0.0
2023-07-19 00:00:00+09:00,17764.314393565983,18231.796351291403,17680.16764117541,17783.013671875,1592997,0.0,0.0
2023-07-20 00:00:00+09:00,17979.356183612992,19634.242322198275,17764.314481988917,18979.767578125,11834639,0.0,0.0
2023-07-21 00:00:00+09:00,19680.99015768161,19867.98293827716,17764.314156577224,17857.810546875,10333218,0.0,0.0
2023-07-24 00:00:00+09:00,17380.97937101629,17380.97937101629,16455.365084985835,16502.11328125,6366200,0.0,0.0
2023-07-25 00:00:00+09:00,16417.965613017637,16427.315251749424,15034.21908071319,15239.9111328125,9697111,0.0,0.0
2023-07-26 00:00:00+09:00,15239.912131993704,16436.665968125722,15239.912131993704,16146.8271484375,9151241,0.0,0.0
2023-07-27 00:00:00+09:00,15875.686047447081,16604.957844679633,15613.896171517448,16343.16796875,3437457,0.0,0.0
2023-07-28 00:00:00+09:00,16464.71484375,16754.55366269165,15950.484681111584,16464.71484375,2610438,0.0,0.0
2023-07-31 00:00:00+09:00,16399.26772888079,16567.56124035163,16268.372775514581,16352.51953125,1568635,0.0,0.0
2023-08-01 00:00:00+09:00,16230.974268763795,17072.441828780353,16006.582919426048,16941.546875,2737386,0.0,0.0
2023-08-02 00:00:00+09:00,16829.350082329038,16904.147193806053,16511.46235855171,16679.755859375,1447535,0.0,0.0
2023-08-03 00:00:00+09:00,16679.755448762513,16960.244609896414,16642.35689394466,16810.650390625,1416092,0.0,0.0
2023-08-04 00:00:00+09:00,16810.652465684227,17296.833738329155,16689.107147522995,16773.25390625,2205074,0.0,0.0
2023-08-07 00:00:00+09:00,16735.854999820505,16745.20463948521,16128.128421614734,16277.72265625,1147075,0.0,0.0
2023-08-08 00:00:00+09:00,16417.965606936417,16502.11235549133,16081.378612716762,16174.875,999036,0.0,0.0
2023-08-09 00:00:00+09:00,16081.378612716762,16305.769942196532,15997.23186416185,16174.875,820664,0.0,0.0
2023-08-10 00:00:00+09:00,16128.127623683187,16530.162109375,16118.777984481052,16530.162109375,1035169,0.0,0.0
2023-08-11 00:00:00+09:00,16520.81270973899,16530.162349076705,16193.575332919034,16455.365234375,900517,0.0,0.0
2023-08-14 00:00:00+09:00,16436.665487938597,16436.665487938597,15894.386421783625,15987.8828125,1173627,0.0,0.0
2023-08-16 00:00:00+09:00,15885.036431112077,16156.175958188152,15632.596181765388,16100.078125,1269594,0.0,0.0
2023-08-17 00:00:00+09:00,15941.134667638458,16754.553269447577,15922.43538943595,16586.259765625,2042711,0.0,0.0
2023-08-18 00:00:00+09:00,17006.99407945081,18063.503332324886,16361.86896043921,16417.966796875,6116699,0.0,0.0
2023-08-21 00:00:00+09:00,16502.11420081469,17577.32277480545,16492.764561040858,16820.001953125,3073881,0.0,0.0
2023-08-22 00:00:00+09:00,16633.00760128997,16633.00760128997,15941.134322765261,16081.37890625,2672736,0.0,0.0
2023-08-23 00:00:00+09:00,15894.387212722175,16446.015945399,15894.387212722175,16043.9814453125,1202474,0.0,0.0
2023-08-24 00:00:00+09:00,16043.981596562684,16193.575830563268,15950.485200312318,15997.2333984375,1021095,0.0,0.0
2023-08-25 00:00:00+09:00,15922.434658203125,16072.028876953125,15894.3857421875,15894.3857421875,915307,0.0,0.0
2023-08-28 00:00:00+09:00,16025.281220389943,16249.672556031343,15922.435191554301,16034.630859375,1396865,0.0,0.0
2023-08-29 00:00:00+09:00,16072.02935658482,16417.965997767857,15997.232244977678,16361.8681640625,1244515,0.0,0.0
2023-08-30 00:00:00+09:00,16287.070476502862,16287.070476502862,15922.4345703125,15922.4345703125,1890751,0.0,0.0
2023-08-31 00:00:00+09:00,15969.183872767857,15969.183872767857,15576.4990234375,15576.4990234375,2175352,0.0,0.0
2023-09-01 00:00:00+09:00,15576.498223362198,15669.994611257529,15352.106892413403,15520.400390625,1306852,0.0,0.0
2023-09-04 00:00:00+09:00,15426.90438406808,15763.491388811384,15426.90438406808,15707.3935546875,894850,0.0,0.0
2023-09-05 00:00:00+09:00,15698.044123930626,15782.190876232815,15585.848454194374,15641.9462890625,787122,0.0,0.0
2023-09-06 00:00:00+09:00,15585.84890316364,15726.09349437387,15501.7021484375,15501.7021484375,896778,0.0,0.0
2023-09-07 00:00:00+09:00,15426.904002729669,15585.847862151732,15426.904002729669,15520.400390625,1103390,0.0,0.0
2023-09-08 00:00:00+09:00,15520.400744999257,15716.7431640625,15473.6525499842,15716.7431640625,841102,0.0,0.0
2023-09-11 00:00:00+09:00,15669.99547635592,15744.792590801533,15520.401247464693,15557.7998046875,828561,0.0,0.0
2023-09-12 00:00:00+09:00,15567.149212076723,15641.946325408024,15314.708954583588,15324.05859375,1266966,0.0,0.0
2023-09-13 00:00:00+09:00,15239.912322488768,15324.059077643613,14548.039002326701,14566.73828125,2500992,0.0,0.0
2023-09-14 00:00:00+09:00,14706.982870744761,15193.164122670209,14660.234673444238,15174.46484375,2072242,0.0,0.0
2023-09-15 00:00:00+09:00,14865.925958806818,15791.540216619318,14865.925958806818,15735.4423828125,2704071,0.0,0.0
2023-09-18 00:00:00+09:00,15688.694070233772,15800.88973700541,15567.148764564501,15772.8408203125,851174,0.0,0.0
2023-09-19 00:00:00+09:00,15669.99553672157,15800.89048750564,15464.303471203744,15539.1005859375,598438,0.0,0.0
2023-09-20 00:00:00+09:00,15585.848961927113,16249.67336282503,15585.848961927113,16090.7294921875,2792528,0.0,0.0
2023-09-21 00:00:00+09:00,15987.883309268178,16352.519244391839,15931.785473095308,16137.4775390625,1592160,0.0,0.0
2023-09-22 00:00:00+09:00,15950.484840310239,15969.18411913827,15361.45755722727,15501.7021484375,1259124,0.0,0.0
2023-09-25 00:00:00+09:00,15473.653653555544,15800.891041999317,15314.709779168568,15370.8076171875,926550,0.0,0.0
2023-09-26 00:00:00+09:00,15221.212356660084,15529.750444970761,15221.212356660084,15389.505859375,708889,0.0,0.0
2023-09-27 00:00:00+09:00,15239.911250528521,15296.009083352554,15099.666668468444,15202.5126953125,912070,0.0,0.0
2023-10-04 00:00:00+09:00,15165.114864663,15296.00981417304,14632.185427372131,14669.583984375,1471654,0.0,0.0
2023-10-05 00:00:00+09:00,14837.877795010823,14950.073468319035,14538.689332855596,14576.087890625,993272,0.0,0.0
2023-10-06 00:00:00+09:00,14454.5420814262,14622.835585608393,14351.696051092636,14426.4931640625,805651,0.0,0.0
2023-10-10 00:00:00+09:00,14594.786089076078,14669.58319907775,13846.814989059367,13987.0595703125,1505373,0.0,0.0
2023-10-11 00:00:00+09:00,14061.85745176314,14286.248794078509,14005.759616184298,14052.5078125,1188940,0.0,0.0
2023-10-12 00:00:00+09:00,14192.75237128075,14239.50056749709,14005.759586415392,14061.857421875,948656,0.0,0.0
2023-10-13 00:00:00+09:00,13921.612821132296,14005.75957424861,13341.935188553249,13454.130859375,1453932,0.0,0.0
2023-10-16 00:00:00+09:00,13463.480519204622,13837.466089182528,13454.130879955175,13753.3193359375,1754012,0.0,0.0
2023-10-17 00:00:00+09:00,13753.318535356228,13837.465283703072,13613.073954778156,13697.220703125,789592,0.0,0.0
2023-10-18 00:00:00+09:00,13715.920974762024,14276.899337737976,13715.920974762024,13996.41015625,1350498,0.0,0.0
2023-10-19 00:00:00+09:00,13837.465525377516,14174.052524643457,13650.47274800755,13930.9619140625,1337738,0.0,0.0
2023-10-20 00:00:00+09:00,13800.06752033695,14052.507779855308,12930.551070884825,13145.5927734375,1757399,0.0,0.0
2023-10-23 00:00:00+09:00,13061.445371303764,13388.682728494623,12734.208014112903,13042.74609375,1226236,0.0,0.0
2023-10-24 00:00:00+09:00,13070.795448651454,13566.326320452974,12921.201223201937,13519.578125,1415441,0.0,0.0
2023-10-25 00:00:00+09:00,13575.67578125,13977.71025686553,13556.976503314394,13884.2138671875,1015772,0.0,0.0
2023-10-26 00:00:00+09:00,13893.563811113037,13930.962367805132,13304.536543212553,13482.1796875,1792122,0.0,0.0
2023-10-27 00:00:00+09:00,13603.72481444653,13987.060015403444,13566.326258255613,13846.8154296875,907308,0.0,0.0
2023-10-30 00:00:00+09:00,13818.766453398937,13987.059955537761,13547.626922175277,13865.5146484375,837853,0.0,0.0
2023-10-31 00:00:00+09:00,14015.108660507465,14276.898548762441,13519.57780059626,13622.423828125,1122723,0.0,0.0
2023-11-01 00:00:00+09:00,13650.472863917397,13959.010949197722,13650.472863917397,13893.5634765625,772826,0.0,0.0
2023-11-02 00:00:00+09:00,14033.808090672348,14108.605202414772,13818.766394412878,13884.2138671875,771959,0.0,0.0
2023-11-03 00:00:00+09:00,14052.5078125,14117.955287341982,13902.913584289754,14052.5078125,689214,0.0,0.0
2023-11-06 00:00:00+09:00,14491.940619169776,15660.6455078125,14267.549280550373,15660.6455078125,2194857,0.0,0.0
2023-11-07 00:00:00+09:00,15613.898265565625,15623.247905245606,14463.892584928159,14763.0810546875,1628369,0.0,0.0
2023-11-08 00:00:00+09:00,14763.080215081936,15669.99521246189,14622.83562785823,15333.408203125,2316177,0.0,0.0
2023-11-09 00:00:00+09:00,15146.415449588163,15838.288747902685,15146.415449588163,15324.05859375,1732410,0.0,0.0
2023-11-10 00:00:00+09:00,15165.11426076284,15511.050899263595,14772.42942787009,15473.65234375,825978,0.0,0.0
2023-11-13 00:00:00+09:00,15426.90468463653,15511.05143746182,15127.71623014661,15305.359375,772417,0.0,0.0
2023-11-14 00:00:00+09:00,15454.953871011276,15454.953871011276,14604.136688759596,14613.486328125,1711570,0.0,0.0
2023-11-15 00:00:00+09:00,14847.226592036863,14950.072620067343,14716.331647270794,14837.876953125,1303051,0.0,0.0
2023-11-16 00:00:00+09:00,14781.778908377042,14837.876741046406,14538.688300143138,14594.7861328125,652990,0.0,0.0
2023-11-17 00:00:00+09:00,14594.786458543347,14763.07996030746,14361.045483870968,14491.9404296875,765809,0.0,0.0
2023-11-20 00:00:00+09:00,14641.534419684946,14931.373223650613,14538.688392471322,14875.275390625,696711,0.0,0.0
2023-11-21 00:00:00+09:00,14800.478718949074,15043.5693359375,14781.779440719196,15043.5693359375,748116,0.0,0.0
2023-11-22 00:00:00+09:00,14959.423255095737,15277.310999266521,14809.82902254478,15137.06640625,783247,0.0,0.0
2023-11-23 00:00:00+09:00,15286.660216051745,15352.107690982853,14856.576809361604,15267.9609375,927172,0.0,0.0
2023-11-24 00:00:00+09:00,15221.212762244735,15221.212762244735,14576.087651314214,14650.884765625,1501203,0.0,0.0
2023-11-27 00:00:00+09:00,14660.23338762215,14772.429051302932,14267.548564739414,14351.6953125,1077546,0.0,0.0
2023-11-28 00:00:00+09:00,14463.8916015625,14650.884382448892,14370.395211119303,14463.8916015625,866727,0.0,0.0
2023-11-29 00:00:00+09:00,14407.793826481595,14538.688773639766,14323.647074737055,14445.1923828125,767821,0.0,0.0
2023-11-30 00:00:00+09:00,14445.193238329164,14865.92702196982,14220.80188705415,14482.591796875,2614245,0.0,0.0
2023-12-01 00:00:00+09:00,14538.688507945415,14940.722981155483,14538.688507945415,14837.876953125,1418170,0.0,0.0
2023-12-04 00:00:00+09:00,15043.569241074754,16259.02231835239,14875.275738067081,15688.6943359375,4624400,0.0,0.0
2023-12-05 00:00:00+09:00,15894.386526838465,15903.736165971899,15015.520448295632,15034.2197265625,2045649,0.0,0.0
2023-12-06 00:00:00+09:00,15239.91259342085,15352.108268955235,15006.17160272421,15090.318359375,1132102,0.0,0.0
2023-12-07 00:00:00+09:00,15006.170118435502,15090.316866763178,14557.387460687898,14632.1845703125,1130949,0.0,0.0
2023-12-08 00:00:00+09:00,14650.88452752976,14847.226949404761,14576.087414434523,14725.681640625,708901,0.0,0.0
2023-12-11 00:00:00+09:00,14735.030448845542,14791.128280503583,14613.485146919786,14678.9326171875,679360,0.0,0.0
2023-12-12 00:00:00+09:00,14763.080604390489,15127.71654078772,14641.535292258079,14903.3251953125,908132,0.0,0.0
2023-12-13 00:00:00+09:00,14968.772470902422,15052.919224330357,14632.185457190688,14660.234375,719233,0.0,0.0
2023-12-14 00:00:00+09:00,14912.67464501684,15370.806969534598,14753.730777327004,15267.9609375,1593268,0.0,0.0
2023-12-15 00:00:00+09:00,15267.960874598446,15314.709070785215,14342.346590100438,14370.3955078125,2894674,0.0,0.0
2023-12-18 00:00:00+09:00,14772.430315528793,16689.106400771452,14772.430315528793,16399.267578125,11002402,0.0,0.0
2023-12-19 00:00:00+09:00,15595.197932209712,17970.0062504239,15473.652624584576,17231.384765625,24244550,0.0,0.0
2023-12-20 00:00:00+09:00,17240.733466487556,21784.657796592193,16829.34937075792,20662.701171875,56598976,0.0,0.0
2023-12-21 00:00:00+09:00,21223.67911546339,21597.664650537634,18035.452428955454,18259.84375,26356884,0.0,0.0
2023-12-22 00:00:00+09:00,18166.349254525063,19867.983615988553,17222.03568030631,18886.271484375,20236912,0.0,0.0
2023-12-26 00:00:00+09:00,18334.64129720556,19166.75913272381,17979.35503035507,18119.599609375,7875995,0.0,0.0
2023-12-27 00:00:00+09:00,18430.000380219008,19351.500399229957,18061.400372614626,18934.400390625,5215225,700.0,0.0
2023-12-28 00:00:00+09:00,18769.499613963548,19050.79960817799,18488.199619749106,18992.599609375,2980158,0.0,0.0
2024-01-02 00:00:00+09:00,19739.5,20564.0,19497.0,19982.0,7036113,0.0,0.0
2024-01-03 00:00:00+09:00,20224.50040886201,20418.50041278395,19206.000388271837,19322.400390625,3726809,0.0,0.0
2024-01-04 00:00:00+09:00,19933.5,20952.0,19594.0,19885.0,10458014,0.0,0.0
2024-01-05 00:00:00+09:00,20127.5,20321.5,18915.0,19933.5,4017702,0.0,0.0
2024-01-08 00:00:00+09:00,20030.5,20321.5,19594.0,20079.0,2537661,0.0,0.0
2024-01-09 00:00:00+09:00,19788.001212899544,20030.501227763507,18992.601164145737,19118.701171875,3895959,0.0,0.0
2024-01-10 00:00:00+09:00,19041.099598114844,19293.299592791864,18478.49960998919,18507.599609375,2577117,0.0,0.0
2024-01-11 00:00:00+09:00,18536.70076210758,19264.20079201761,18536.70076210758,19002.30078125,2503832,0.0,0.0
2024-01-12 00:00:00+09:00,19788.0,20564.0,19303.0,20030.5,8556986,0.0,0.0
2024-01-15 00:00:00+09:00,20467.0,20515.5,19545.5,19982.0,1556631,0.0,0.0
2024-01-16 00:00:00+09:00,19836.5,20370.0,19448.5,20079.0,2724515,0.0,0.0
2024-01-17 00:00:00+09:00,20079.0,20418.5,19448.5,19691.0,4280225,0.0,0.0
2024-01-18 00:00:00+09:00,19739.50081155883,19788.000813552833,18866.500775666795,19002.30078125,2872035,0.0,0.0
2024-01-19 00:00:00+09:00,18924.700396518925,19060.500399364268,18517.300387982894,18643.400390625,2322203,0.0,0.0
2024-01-22 00:00:00+09:00,18439.7,18818.0,18090.5,18187.5,1827870,0.0,0.0
2024-01-23 00:00:00+09:00,18449.399999999998,19836.5,18420.3,19206.0,4524241,0.0,0.0
2024-01-24 00:00:00+09:00,19109.0,19982.0,18876.2,19400.0,6896073,0.0,0.0
2024-01-25 00:00:00+09:00,19400.0,19545.5,18866.5,19400.0,1859212,0.0,0.0
2024-01-26 00:00:00+09:00,19496.999601038493,19593.999599053608,18779.199615726626,19089.599609375,1823327,0.0,0.0
2024-01-29 00:00:00+09:00,19050.80078928755,19254.50079772698,18769.5007776331,18856.80078125,1438594,0.0,0.0
2024-01-30 00:00:00+09:00,19070.19960167596,19186.599599244684,18643.399610590637,18701.599609375,1243440,0.0,0.0
2024-01-31 00:00:00+09:00,18614.300777199976,18759.80078327501,18391.200767884915,18711.30078125,1155040,0.0,0.0
2024-02-01 00:00:00+09:00,18653.09960526964,18653.09960526964,18352.399611632947,18459.099609375,1242433,0.0,0.0
2024-02-02 00:00:00+09:00,18410.60113134219,19264.201183796413,18371.801128957908,19070.201171875,6697509,0.0,0.0
2024-02-05 00:00:00+09:00,19361.201223999215,19361.201223999215,18430.001165129514,18536.701171875,2206831,0.0,0.0
2024-02-06 00:00:00+09:00,18478.501165147118,18924.701193281904,18430.00116208899,18585.201171875,1304800,0.0,0.0
2024-02-07 00:00:00+09:00,18459.09961039865,19593.99958644523,16974.999641722352,18507.599609375,5677567,0.0,0.0
2024-02-08 00:00:00+09:00,18332.999598323586,18623.99959194777,17799.49961001258,17828.599609375,3452564,0.0,0.0
2024-02-13 00:00:00+09:00,17954.700405750213,18129.30040969592,17275.700390405793,17285.400390625,3654689,0.0,0.0
2024-02-14 00:00:00+09:00,17081.7,17295.1,16907.1,17217.5,1980653,0.0,0.0
2024-02-15 00:00:00+09:00,17401.800794536564,17479.40079807965,16945.900773720947,17110.80078125,1778133,0.0,0.0
2024-02-16 00:00:00+09:00,17052.599614852075,17537.599603897925,17023.499615509325,17295.099609375,2345133,0.0,0.0
2024-02-19 00:00:00+09:00,17527.899622130957,18119.599609375,17508.499622549185,18119.599609375,3121103,0.0,0.0
2024-02-20 00:00:00+09:00,18139.000392303304,18187.500393352242,17683.100382443274,18061.400390625,1643541,0.0,0.0
2024-02-21 00:00:00+09:00,18129.301149126117,18662.801182942025,17935.30113682942,18488.201171875,2632144,0.0,0.0
2024-02-22 00:00:00+09:00,18507.601170035323,18614.30117678081,18158.401147959183,18536.701171875,1403091,0.0,0.0
2024-02-23 00:00:00+09:00,18672.501183556862,18837.40119400905,18478.501171260166,18488.201171875,1753507,0.0,0.0
2024-02-26 00:00:00+09:00,18575.50039021746,18818.000395311683,18488.200388383542,18594.900390625,1638350,0.0,0.0
2024-02-27 00:00:00+09:00,18672.500409337576,18779.200411676647,17789.80038998707,17818.900390625,2046464,0.0,0.0
2024-02-28 00:00:00+09:00,17818.900390625,18129.30039742957,17712.200388285928,17818.900390625,1260284,0.0,0.0
2024-02-29 00:00:00+09:00,17760.700391480226,18071.100398322043,17712.200390411195,17721.900390625,1775348,0.0,0.0
2024-03-04 00:00:00+09:00,17896.500805705004,17906.2008061417,17353.30078125,17353.30078125,1488235,0.0,0.0
2024-03-05 00:00:00+09:00,17265.9996067237,17605.49959899074,17120.499610037827,17149.599609375,1270998,0.0,0.0
2024-03-06 00:00:00+09:00,17042.899999999998,17246.6,16654.899999999998,16684.0,1799871,0.0,0.0
2024-03-07 00:00:00+09:00,16684.001184964727,16926.50120218805,16431.80116705247,16499.701171875,1400703,0.0,0.0
2024-03-08 00:00:00+09:00,16509.399999999998,16742.2,16393.0,16441.5,1411684,0.0,0.0
2024-03-11 00:00:00+09:00,16393.000397205928,16470.60039908619,16111.700390389968,16121.400390625,1507907,0.0,0.0
2024-03-12 00:00:00+09:00,16257.199999999999,16266.9,15927.4,16005.0,1425108,0.0,0.0
2024-03-13 00:00:00+09:00,16131.1,16131.1,15578.199999999999,15762.5,2379262,0.0,0.0
2024-03-14 00:00:00+09:00,15878.900578516097,16266.900592652104,15684.900571448094,16082.6005859375,2755578,0.0,0.0
2024-03-15 00:00:00+09:00,16276.600205347353,16528.800208529137,15481.2001953125,15481.2001953125,3086893,0.0,0.0
2024-03-18 00:00:00+09:00,15626.699999999999,15908.0,15520.0,15568.5,1740214,0.0,0.0
2024-03-19 00:00:00+09:00,15539.400598642776,15617.000601632253,15190.20058519013,15209.6005859375,1740018,0.0,0.0
2024-03-20 00:00:00+09:00,15316.3,15490.9,15209.6,15229.0,1021410,0.0,0.0
2024-03-21 00:00:00+09:00,15374.500779283355,15558.800788624922,15316.300776333386,15413.30078125,1166320,0.0,0.0
2024-03-22 00:00:00+09:00,15413.300199454732,15423.000199580254,15093.2001953125,15093.2001953125,1619702,0.0,0.0
2024-03-25 00:00:00+09:00,15161.10019556274,15209.600196188341,15102.900194812019,15141.7001953125,1096058,0.0,0.0
2024-03-26 00:00:00+09:00,15199.900595051238,15199.900595051238,14938.000584798283,14967.1005859375,1770352,0.0,0.0
2024-03-27 00:00:00+09:00,14967.100194305085,15432.700200349573,14957.400194179158,15044.7001953125,1990143,0.0,0.0
2024-03-28 00:00:00+09:00,15112.6,15345.4,14996.199999999999,15277.5,1410553,0.0,0.0
2024-03-29 00:00:00+09:00,15549.100398328164,15578.200399073632,15170.800388637086,15248.400390625,1492248,0.0,0.0
2024-04-01 00:00:00+09:00,15423.000391363421,15500.600393332545,15209.60038594833,15393.900390625,1482762,0.0,0.0
2024-04-02 00:00:00+09:00,15296.9,15403.6,15132.0,15229.0,1557356,0.0,0.0
2024-04-03 00:00:00+09:00,15238.699999999999,15762.5,15229.0,15471.5,4216127,0.0,0.0
2024-04-04 00:00:00+09:00,15617.00040134413,15675.200402839822,15132.000388880026,15199.900390625,1886436,0.0,0.0
2024-04-05 00:00:00+09:00,14996.200588985288,15180.500596223788,14908.900585556526,14918.6005859375,1565394,0.0,0.0
2024-04-08 00:00:00+09:00,14928.3,14996.199999999999,14559.699999999999,14598.5,1660792,0.0,0.0
2024-04-09 00:00:00+09:00,14627.6,15500.6,14627.6,15326.0,2603058,0.0,0.0
2024-04-11 00:00:00+09:00,15044.699999999999,15403.6,14870.1,15132.0,1762890,0.0,0.0
2024-04-12 00:00:00+09:00,15141.700594699894,15248.400598890605,14753.700579460947,14918.6005859375,1463944,0.0,0.0
2024-04-15 00:00:00+09:00,14870.10058025981,15209.600593507752,14695.500573446583,15015.6005859375,1216711,0.0,0.0
2024-04-16 00:00:00+09:00,14889.5,15005.9,14084.4,14113.5,2382717,0.0,0.0
2024-04-17 00:00:00+09:00,14142.6,14462.699999999999,14094.1,14259.0,1402107,0.0,0.0
2024-04-18 00:00:00+09:00,14259.000195845412,14414.200197977063,14065.00019318085,14220.2001953125,1342539,0.0,0.0
2024-04-19 00:00:00+09:00,14103.8,15190.199999999999,13822.5,15035.0,4212700,0.0,0.0
2024-04-22 00:00:00+09:00,15180.50037923581,15694.600392078939,14695.50036711965,15636.400390625,3985580,0.0,0.0
2024-04-23 00:00:00+09:00,15549.100209983862,15636.40021116281,14462.7001953125,14462.7001953125,4053403,0.0,0.0
2024-04-24 00:00:00+09:00,14598.5,14608.199999999999,14453.0,14501.5,1703066,0.0,0.0
2024-04-25 00:00:00+09:00,14365.699999999999,14627.6,14229.9,14404.5,1467795,0.0,0.0
2024-04-26 00:00:00+09:00,14423.900577777893,14705.200589045922,14326.900573892366,14627.6005859375,1226288,0.0,0.0
2024-04-29 00:00:00+09:00,14831.300372824984,15617.000392575686,14695.500369411282,15539.400390625,3793248,0.0,0.0
2024-04-30 00:00:00+09:00,15374.5,15607.3,15190.199999999999,15374.5,1321253,0.0,0.0
2024-05-02 00:00:00+09:00,15132.0,15471.5,15054.4,15132.0,854863,0.0,0.0
2024-05-03 00:00:00+09:00,15151.400199267227,15277.50020092566,14773.100194291925,14850.7001953125,1681130,0.0,0.0
2024-05-07 00:00:00+09:00,15015.6,15355.1,15015.6,15326.0,1621133,0.0,0.0
2024-05-08 00:00:00+09:00,15432.700381981791,16072.900397827672,15374.500380541256,15781.900390625,3188841,0.0,0.0
2024-05-09 00:00:00+09:00,15908.0,17101.1,15820.699999999999,16781.0,7256919,0.0,0.0
2024-05-10 00:00:00+09:00,17072.000749727373,18168.100797863277,17062.30074930139,17789.80078125,8446319,0.0,0.0
2024-05-13 00:00:00+09:00,18139.001180714575,18342.701193973935,17333.901128308527,18003.201171875,4790346,0.0,0.0
2024-05-14 00:00:00+09:00,18003.20120766241,18342.701230436214,16606.401113964464,17469.701171875,5163491,0.0,0.0
2024-05-16 00:00:00+09:00,17489.100426329827,17741.300432477678,16014.700390388545,16024.400390625,7336929,0.0,0.0
2024-05-17 00:00:00+09:00,15966.200596077333,16140.800602595797,15626.70058340254,15694.6005859375,3064009,0.0,0.0
2024-05-20 00:00:00+09:00,16131.1,17731.6,16102.0,17023.5,11217606,0.0,0.0
2024-05-21 00:00:00+09:00,16606.401179453263,16868.301198054454,16218.401151895943,16499.701171875,2453722,0.0,0.0
2024-05-22 00:00:00+09:00,16800.399999999998,16926.5,16237.8,16296.0,2689977,0.0,0.0
2024-05-23 00:00:00+09:00,16140.8,16441.5,16082.6,16102.0,1549150,0.0,0.0
2024-05-24 00:00:00+09:00,15946.800574065108,16451.200592222885,15636.40056289109,16276.6005859375,2383668,0.0,0.0
2024-05-27 00:00:00+09:00,17033.2,17586.1,16878.0,17023.5,4627511,0.0,0.0
2024-05-28 00:00:00+09:00,17353.301164066837,17605.50118098452,17207.801154306635,17469.701171875,2847063,0.0,0.0
2024-05-29 00:00:00+09:00,17450.29961345744,17712.19960765608,17023.49962291151,17634.599609375,2344311,0.0,0.0
2024-05-30 00:00:00+09:00,17459.999613242573,17731.599607226348,17401.799614531767,17634.599609375,1611780,0.0,0.0
2024-05-31 00:00:00+09:00,17867.399999999998,17983.8,17333.899999999998,17460.0,3622592,0.0,0.0
2024-06-03 00:00:00+09:00,18410.599612437927,18856.799603044958,18129.29961835958,18556.099609375,8479182,0.0,0.0
2024-06-04 00:00:00+09:00,18371.8,18730.7,17954.7,18430.0,2966892,0.0,0.0
2024-06-05 00:00:00+09:00,18653.100786979438,18915.000798029072,18381.50077552056,18517.30078125,2942135,0.0,0.0
2024-06-07 00:00:00+09:00,18575.5,19128.399999999998,18439.7,18915.0,3978760,0.0,0.0
2024-06-10 00:00:00+09:00,18750.10123043692,18915.001241258145,17615.201155961433,17857.701171875,3807339,0.0,0.0
2024-06-11 00:00:00+09:00,17935.3,18226.3,16868.3,16975.0,4220525,0.0,0.0
2024-06-12 00:00:00+09:00,16965.3,17101.1,16509.399999999998,16587.0,2488083,0.0,0.0
2024-06-13 00:00:00+09:00,16606.39960731063,16907.099600200014,16519.099609375,16519.099609375,2710262,0.0,0.0
2024-06-14 00:00:00+09:00,16587.0,17557.0,16587.0,17508.5,4096729,0.0,0.0
2024-06-17 00:00:00+09:00,17857.70082000071,17857.70082000071,16887.700775459663,17013.80078125,2627826,0.0,0.0
2024-06-18 00:00:00+09:00,17149.59961482153,17886.799598264082,17120.499615475113,17392.099609375,2961650,0.0,0.0
2024-06-19 00:00:00+09:00,17469.701140219815,17983.80117377431,17333.90113135636,17954.701171875,2937385,0.0,0.0
2024-06-20 00:00:00+09:00,18042.0,19157.5,18032.3,18575.5,6692038,0.0,0.0
2024-06-21 00:00:00+09:00,18721.000787780824,18963.50079798524,18255.40076818835,18565.80078125,3286561,0.0,0.0
2024-06-24 00:00:00+09:00,18148.699614931837,18701.59960320074,18080.799616372497,18410.599609375,2436868,0.0,0.0
2024-06-25 00:00:00+09:00,18905.29960306146,19361.199593489313,18400.899613651916,18604.599609375,7331023,0.0,0.0
2024-06-26 00:00:00+09:00,18517.300779209116,19041.100801250654,18342.70077186194,18565.80078125,2920252,0.0,0.0
2024-06-27 00:00:00+09:00,18565.801179888873,18779.201193450815,18430.001171258547,18439.701171875,1570099,0.0,0.0
2024-06-28 00:00:00+09:00,18497.899620518656,19283.59960440015,18497.899620518656,19041.099609375,6239235,0.0,0.0
2024-07-01 00:00:00+09:00,19380.600792756475,19836.5008114049,19021.7007780758,19099.30078125,3958665,0.0,0.0
2024-07-02 00:00:00+09:00,18973.20038260516,19788.000399036053,18730.70037771501,19370.900390625,4234398,0.0,0.0
2024-07-03 00:00:00+09:00,19497.0,20176.0,19283.6,19303.0,5984097,0.0,0.0
2024-07-04 00:00:00+09:00,19399.999605030334,19836.499596143516,18594.899621421573,19186.599609375,3816114,0.0,0.0
2024-07-05 00:00:00+09:00,19351.500402321566,19642.500408371514,18779.200390423335,18788.900390625,3583767,0.0,0.0
2024-07-08 00:00:00+09:00,18575.500815754498,18575.500815754498,17731.60077869411,17789.80078125,4682077,0.0,0.0
2024-07-09 00:00:00+09:00,17692.8,17838.3,17411.5,17508.5,3562605,0.0,0.0
2024-07-10 00:00:00+09:00,17595.800391056153,17867.4003970923,17518.200389331538,17576.400390625,1772114,0.0,0.0
2024-07-11 00:00:00+09:00,17586.09960611617,17741.299602640087,17401.79961024402,17440.599609375,2221235,0.0,0.0
2024-07-12 00:00:00+09:00,17295.10118989358,17518.201205242738,16839.201158527903,17033.201171875,3281979,0.0,0.0
2024-07-15 00:00:00+09:00,17130.2011752023,17353.30119050788,16936.2011618931,17081.701171875,1903631,0.0,0.0
2024-07-16 00:00:00+09:00,17207.8,17721.899999999998,17169.0,17557.0,2743750,0.0,0.0
2024-07-17 00:00:00+09:00,17654.0,17692.8,17314.5,17411.5,1814773,0.0,0.0
2024-07-18 00:00:00+09:00,17440.6,17508.5,17120.5,17460.0,1297197,0.0,0.0
2024-07-19 00:00:00+09:00,17314.5,17498.8,16664.6,16732.5,2077387,0.0,0.0
2024-07-22 00:00:00+09:00,16674.299605705008,16829.49960203501,16373.59961281562,16519.099609375,1314697,0.0,0.0
2024-07-23 00:00:00+09:00,16654.899999999998,16781.0,16393.0,16393.0,1208833,0.0,0.0
2024-07-24 00:00:00+09:00,16266.900386021287,16548.20039269667,16199.000384409988,16460.900390625,1226039,0.0,0.0
2024-07-25 00:00:00+09:00,16460.90078263356,16577.3007881678,16208.70077064271,16431.80078125,1186222,0.0,0.0
2024-07-26 00:00:00+09:00,16296.000767992979,16781.000790849914,16296.000767992979,16577.30078125,1067622,0.0,0.0
2024-07-29 00:00:00+09:00,16674.299610281847,17013.799602346924,16548.199613229106,16713.099609375,1504136,0.0,0.0
2024-07-30 00:00:00+09:00,16713.1,17275.7,16703.399999999998,17023.5,2169270,0.0,0.0
2024-07-31 00:00:00+09:00,17072.0,17654.0,16839.2,17654.0,2087875,0.0,0.0
2024-08-01 00:00:00+09:00,17654.000777405687,17838.30078552146,17314.500762455576,17741.30078125,1769832,0.0,0.0
2024-08-02 00:00:00+09:00,17537.60116350906,17731.601176379736,17120.50113583711,17663.701171875,1947461,0.0,0.0
2024-08-05 00:00:00+09:00,17741.300658279906,17983.80066727772,15326.000568661702,15791.6005859375,3835937,0.0,0.0
2024-08-06 00:00:00+09:00,15946.799627285258,17149.599599172954,15946.799627285258,16713.099609375,2634787,0.0,0.0
2024-08-07 00:00:00+09:00,16742.20117870411,17139.901206703453,16548.20116504589,16645.201171875,1715297,0.0,0.0
2024-08-08 00:00:00+09:00,16519.101152919196,16955.601183383882,16451.201148180244,16790.701171875,1506102,0.0,0.0
2024-08-09 00:00:00+09:00,16848.900390625,17062.300395572467,16742.20038815127,16848.900390625,997880,0.0,0.0
2024-08-12 00:00:00+09:00,17004.1003897357,17169.000393515224,16878.000386845477,17042.900390625,1065617,0.0,0.0
2024-08-13 00:00:00+09:00,17042.899999999998,17440.6,16674.3,16975.0,2294941,0.0,0.0
2024-08-14 00:00:00+09:00,17362.999603392655,17362.999603392655,16577.29962133969,17101.099609375,2030911,0.0,0.0
2024-08-16 00:00:00+09:00,17363.000779508082,17527.900786911232,17236.90077384685,17401.80078125,1305044,0.0,0.0
2024-08-19 00:00:00+09:00,17527.90039389474,17731.600398472376,17285.400388445174,17382.400390625,1470607,0.0,0.0
2024-08-20 00:00:00+09:00,17576.399999999998,17780.1,17149.6,17266.0,1655306,0.0,0.0
2024-08-21 00:00:00+09:00,17246.600389748175,17382.40039281706,17120.5003868985,17285.400390625,734098,0.0,0.0
2024-08-22 00:00:00+09:00,17285.400387364356,17450.30039105975,17227.2003860601,17430.900390625,892672,0.0,0.0
2024-08-23 00:00:00+09:00,17333.89960405736,17421.199602063243,16926.49961336323,17101.099609375,948573,0.0,0.0
2024-08-26 00:00:00+09:00,17101.1,17246.6,17042.899999999998,17169.0,753354,0.0,0.0
2024-08-27 00:00:00+09:00,17304.801204277075,17314.501204952117,16781.001167824743,16839.201171875,1025978,0.0,0.0
2024-08-28 00:00:00+09:00,16848.899609599757,16994.399606228424,16693.699613195844,16858.599609375,848363,0.0,0.0
2024-08-29 00:00:00+09:00,16858.6,16916.8,16528.8,16587.0,955488,0.0,0.0
2024-08-30 00:00:00+09:00,16684.00039591927,16781.000398221124,16460.900390625,16460.900390625,2827509,0.0,0.0
2024-09-02 00:00:00+09:00,16460.90019835147,16519.100199052777,16160.200194728082,16208.7001953125,1273429,0.0,0.0
2024-09-03 00:00:00+09:00,16208.699999999999,16422.1,16208.699999999999,16393.0,585079,0.0,0.0
2024-09-04 00:00:00+09:00,16005.000393727092,16199.000398499542,15723.70038680704,15878.900390625,1386472,0.0,0.0
2024-09-05 00:00:00+09:00,15927.4,16296.0,15917.699999999999,16296.0,895262,0.0,0.0
2024-09-06 00:00:00+09:00,16208.70040118892,16363.900405030347,15733.400389424554,15781.900390625,761044,0.0,0.0
2024-09-09 00:00:00+09:00,15510.300383902504,15781.900390625,15403.600381261524,15781.900390625,784291,0.0,0.0
2024-09-10 00:00:00+09:00,15820.700578139178,16325.100596571574,15820.700578139178,16034.1005859375,862248,0.0,0.0
2024-09-11 00:00:00+09:00,16354.200798779562,16470.600804464826,15840.100773669647,15995.30078125,886287,0.0,0.0
2024-09-12 00:00:00+09:00,16102.0,16150.5,15956.5,16053.5,1163090,0.0,0.0
2024-09-13 00:00:00+09:00,16189.300193343157,16528.800197397686,16131.100192648095,16354.2001953125,978328,0.0,0.0
2024-09-19 00:00:00+09:00,16635.50116104311,16790.701171875,16451.201148180244,16790.701171875,1377146,0.0,0.0
2024-09-20 00:00:00+09:00,16848.89961513578,17101.099609375,16654.899619567143,17101.099609375,1612983,0.0,0.0
2024-09-23 00:00:00+09:00,17198.099609375,17333.89960629054,16945.899615103284,17198.099609375,1046019,0.0,0.0
2024-09-24 00:00:00+09:00,17314.50038269244,17673.400390625,17159.300379262142,17673.400390625,1795826,0.0,0.0
2024-09-25 00:00:00+09:00,17848.00116806609,18139.001187110644,17799.501164891997,17906.201171875,2290894,0.0,0.0
2024-09-26 00:00:00+09:00,17906.19961397551,18119.599609375,17566.6996212945,18119.599609375,1797256,0.0,0.0
2024-09-27 00:00:00+09:00,18139.001161933324,18352.40117560313,17896.501146399456,18294.201171875,1917143,0.0,0.0
2024-09-30 00:00:00+09:00,18400.8996000995,18847.099590402388,17974.099609375,17974.099609375,2297036,0.0,0.0
2024-10-02 00:00:00+09:00,18284.50081859714,18323.300820334214,17275.700773433156,17450.30078125,1819617,0.0,0.0
2024-10-04 00:00:00+09:00,17013.8,17178.7,16296.0,16587.0,2587163,0.0,0.0
2024-10-07 00:00:00+09:00,16470.60077849912,16674.300788127202,16422.10077620672,16528.80078125,1159105,0.0,0.0
2024-10-08 00:00:00+09:00,16451.201165005863,16645.201178744137,16451.201165005863,16548.201171875,1133597,0.0,0.0
2024-10-10 00:00:00+09:00,16664.600397803053,16674.300398034604,16363.900390625,16363.900390625,1617334,0.0,0.0
2024-10-11 00:00:00+09:00,16519.100394329802,16587.00039595065,16344.5003901619,16363.900390625,582198,0.0,0.0
2024-10-14 00:00:00+09:00,16596.700775358902,16742.200782156324,16431.80076765516,16722.80078125,1007693,0.0,0.0
2024-10-15 00:00:00+09:00,16819.8007950044,16819.8007950044,16470.60077849912,16528.80078125,1061494,0.0,0.0
2024-10-16 00:00:00+09:00,16460.901145548316,16936.201178625433,16334.801136772754,16839.201171875,1082946,0.0,0.0
2024-10-17 00:00:00+09:00,16839.2,17081.7,16761.6,16926.5,1065982,0.0,0.0
2024-10-18 00:00:00+09:00,16965.29960232647,16965.29960232647,16596.699610966603,16664.599609375,777839,0.0,0.0
2024-10-21 00:00:00+09:00,16713.1,17052.6,16674.3,16926.5,806301,0.0,0.0
2024-10-22 00:00:00+09:00,16878.001188264858,16916.801190996503,16441.501157533872,16645.201171875,903829,0.0,0.0
2024-10-23 00:00:00+09:00,16635.5,16645.2,16363.9,16538.5,644649,0.0,0.0
2024-10-24 00:00:00+09:00,16538.5,16645.2,16354.199999999999,16538.5,665449,0.0,0.0
2024-10-25 00:00:00+09:00,16451.200590463457,16616.100596382017,16199.000581411541,16325.1005859375,751295,0.0,0.0
2024-10-28 00:00:00+09:00,16393.00076362782,16781.000781701852,16344.500761368567,16771.30078125,891680,0.0,0.0
2024-10-29 00:00:00+09:00,16625.80115702405,16839.201171875,16587.001154323876,16839.201171875,568175,0.0,0.0
2024-10-30 00:00:00+09:00,16839.200392660685,16839.200392660685,16548.200385875072,16751.900390625,505355,0.0,0.0
2024-10-31 00:00:00+09:00,16829.50039587288,16829.50039587288,16402.700385833454,16606.400390625,968190,0.0,0.0
2024-11-01 00:00:00+09:00,16548.200390396163,16819.800396803603,16373.600386277094,16557.900390625,617357,0.0,0.0
2024-11-04 00:00:00+09:00,16596.701122664123,17324.201171875,16490.00111544653,17324.201171875,1421648,0.0,0.0
2024-11-05 00:00:00+09:00,17091.40077161575,17304.80078125,16839.20076022982,17304.80078125,762715,0.0,0.0
2024-11-06 00:00:00+09:00,17304.79959199356,17304.79959199356,16499.699610975924,16567.599609375,1134303,0.0,0.0
2024-11-07 00:00:00+09:00,16538.49961006111,16693.69960640186,16354.19961440647,16567.599609375,857173,0.0,0.0
2024-11-08 00:00:00+09:00,16684.0,16916.8,16431.8,16538.5,848496,0.0,0.0
2024-11-11 00:00:00+09:00,16402.7,16441.5,15277.5,15277.5,2825377,0.0,0.0
2024-11-12 00:00:00+09:00,15112.600379896223,15840.100398183911,15102.900379652388,15539.400390625,2136117,0.0,0.0
2024-11-13 00:00:00+09:00,15355.100363313382,16519.10039085451,15355.100363313382,16509.400390625,3172583,0.0,0.0
2024-11-14 00:00:00+09:00,16674.300381092155,17945.00041013408,16179.600369785754,17091.400390625,5563674,0.0,0.0
2024-11-15 00:00:00+09:00,17139.900756835938,17848.00078810307,17091.400754694354,17692.80078125,3189617,0.0,0.0
2024-11-18 00:00:00+09:00,17760.70118809697,18032.301206265573,17169.001148515366,17518.201171875,1921161,0.0,0.0
2024-11-19 00:00:00+09:00,17401.800382522517,17983.800395315913,17401.800382522517,17770.400390625,1909139,0.0,0.0
2024-11-20 00:00:00+09:00,17605.500387000204,17906.200393610125,17498.800384654747,17770.400390625,968001,0.0,0.0
2024-11-21 00:00:00+09:00,17838.3,18236.0,17751.0,18139.0,2190816,0.0,0.0
2024-11-22 00:00:00+09:00,17983.800779148736,18245.700790495564,17906.200775786714,18032.30078125,1709951,0.0,0.0
2024-11-25 00:00:00+09:00,18090.499614133674,18517.299605030123,17896.49961827165,18313.599609375,2304574,0.0,0.0
2024-11-26 00:00:00+09:00,18139.0,18187.5,17712.2,17945.0,1516379,0.0,0.0
2024-11-27 00:00:00+09:00,17945.00039020316,18236.000396530777,17799.50038703935,17964.400390625,1298176,0.0,0.0
2024-11-28 00:00:00+09:00,18042.000390205423,18245.70039461097,17848.000386009666,18061.400390625,1403971,0.0,0.0
2024-11-29 00:00:00+09:00,18119.601218854397,18119.601218854397,17411.50117122251,17421.201171875,1436014,0.0,0.0
2024-12-02 00:00:00+09:00,17566.7,17605.5,17120.5,17120.5,829475,0.0,0.0
2024-12-03 00:00:00+09:00,17266.0,17848.0,17091.399999999998,17605.5,1128212,0.0,0.0
2024-12-04 00:00:00+09:00,17440.600394132296,17508.50039566674,17130.200387117704,17285.400390625,895514,0.0,0.0
2024-12-05 00:00:00+09:00,17411.501155143123,17818.90118217154,17256.30114484658,17663.701171875,1153278,0.0,0.0
2024-12-06 00:00:00+09:00,17673.399999999998,17945.0,17217.5,17460.0,1158312,0.0,0.0
2024-12-09 00:00:00+09:00,17314.5,17392.1,16878.0,17266.0,1097019,0.0,0.0
2024-12-10 00:00:00+09:00,17266.001136131537,17886.80117698121,17266.001136131537,17809.201171875,1000915,0.0,0.0
2024-12-11 00:00:00+09:00,17809.200382092436,18236.000391249334,17702.50037980321,18206.900390625,1263455,0.0,0.0
2024-12-12 00:00:00+09:00,18294.19960455247,18303.899604342794,17993.4996110524,18071.099609375,1833042,0.0,0.0
2024-12-13 00:00:00+09:00,18119.6,18236.0,17818.899999999998,18236.0,1133438,0.0,0.0
2024-12-16 00:00:00+09:00,18294.20079688345,18303.900797305978,17702.500771109382,17935.30078125,1144732,0.0,0.0
2024-12-17 00:00:00+09:00,17915.899999999998,17915.899999999998,17275.7,17751.0,1030742,0.0,0.0
2024-12-18 00:00:00+09:00,17789.80118024094,17867.401185389208,17498.801160934927,17663.701171875,752351,0.0,0.0
2024-12-19 00:00:00+09:00,17450.30039105975,17576.400393885644,17227.2003860601,17430.900390625,906440,0.0,0.0
2024-12-20 00:00:00+09:00,17353.3,18080.8,17353.3,17848.0,2135651,0.0,0.0
2024-12-23 00:00:00+09:00,17848.000399972174,17857.70040018955,17236.900386277477,17430.900390625,1084305,0.0,0.0
2024-12-24 00:00:00+09:00,17547.300388905132,17818.90039492467,17469.700387185265,17624.900390625,771341,0.0,0.0
2024-12-26 00:00:00+09:00,17702.50039561078,17712.200395827553,17469.700390408227,17479.400390625,611163,0.0,0.0
2024-12-27 00:00:00+09:00,17304.7996024672,17362.999601130206,16974.9996100435,17004.099609375,886708,0.0,0.0
2024-12-30 00:00:00+09:00,17013.80116391209,17343.60118647367,16742.201145331965,17130.201171875,645625,0.0,0.0
2025-01-02 00:00:00+09:00,17130.2,17295.1,16936.2,17169.0,524128,0.0,0.0
2025-01-03 00:00:00+09:00,17266.000378504355,17935.300393176716,17256.30037829171,17818.900390625,1879525,0.0,0.0
2025-01-06 00:00:00+09:00,17945.0,18430.0,17663.7,18333.0,2068487,0.0,0.0
2025-01-07 00:00:00+09:00,18323.300391039018,18624.00039745628,18109.90038648483,18303.900390625,1108266,0.0,0.0
2025-01-08 00:00:00+09:00,18197.2,18779.2,18197.2,18478.5,1672205,0.0,0.0
2025-01-09 00:00:00+09:00,18672.5011929452,19283.601231987042,18323.301170635576,18342.701171875,3470021,0.0,0.0
2025-01-10 00:00:00+09:00,18284.5,18594.899999999998,18255.399999999998,18333.0,1162228,0.0,0.0
2025-01-13 00:00:00+09:00,18352.39960222686,18371.79960180638,17964.399610636436,18022.599609375,1189406,0.0,0.0
2025-01-14 00:00:00+09:00,18042.001171245298,18313.60118887695,17896.501161799773,18051.701171875,1025132,0.0,0.0
2025-01-15 00:00:00+09:00,18177.8,19293.3,18139.0,19206.0,4866843,0.0,0.0
2025-01-16 00:00:00+09:00,19322.400392595864,19332.10039279295,18847.100382938635,19225.400390625,2260451,0.0,0.0
2025-01-17 00:00:00+09:00,19215.699601735396,19215.699601735396,18720.999611988547,18847.099609375,1754617,0.0,0.0
2025-01-20 00:00:00+09:00,19109.0,19118.7,17460.0,17460.0,3805240,0.0,0.0
2025-01-21 00:00:00+09:00,17460.0,17731.6,17460.0,17508.5,1482535,0.0,0.0
2025-01-22 00:00:00+09:00,17692.80037167449,19206.00040346244,17547.300368617958,18594.900390625,5410262,0.0,0.0
2025-01-23 00:00:00+09:00,18478.501186827154,18759.80120489434,18148.701165644936,18245.701171875,2107084,0.0,0.0
2025-01-24 00:00:00+09:00,18459.100797595896,18594.900803463654,17954.700775801368,18080.80078125,1369271,0.0,0.0
2025-01-31 00:00:00+09:00,18236.000771402312,18478.50078166032,18032.300762785584,18468.80078125,2315366,0.0,0.0
2025-02-03 00:00:00+09:00,18100.200396791646,18100.200396791646,17557.000384883642,17818.900390625,1308273,0.0,0.0
2025-02-04 00:00:00+09:00,17915.901172509817,18119.601185841006,17789.801164257176,17906.201171875,1076572,0.0,0.0
2025-02-05 00:00:00+09:00,17935.30039210946,18187.500397623167,17867.400390625,17867.400390625,1175783,0.0,0.0
2025-02-06 00:00:00+09:00,18022.6,18216.6,17925.6,18139.0,838485,0.0,0.0
2025-02-07 00:00:00+09:00,18090.499607903323,18381.499601596137,17983.79961021596,18022.599609375,873383,0.0,0.0
2025-02-10 00:00:00+09:00,17886.800789816338,18206.900803950793,17663.70077996505,17692.80078125,1109965,0.0,0.0
2025-02-11 00:00:00+09:00,17712.20116232686,18430.001209431015,17683.10116041723,17857.701171875,1829464,0.0,0.0
2025-02-12 00:00:00+09:00,18042.00118719363,18430.001212724674,17741.301167407066,17809.201171875,1910796,0.0,0.0
2025-02-13 00:00:00+09:00,17799.501187405094,17809.201188052182,17508.501167992476,17566.701171875,1850313,0.0,0.0
2025-02-14 00:00:00+09:00,17760.700390411777,17789.800391051445,17411.50038273574,17770.400390625,1419919,0.0,0.0
2025-02-17 00:00:00+09:00,17818.899999999998,17818.899999999998,17518.2,17557.0,1148596,0.0,0.0
2025-02-18 00:00:00+09:00,17547.299611308787,17702.49960787094,17469.699613027708,17634.599609375,966490,0.0,0.0
2025-02-19 00:00:00+09:00,17557.0,17857.7,17527.899999999998,17751.0,1417477,0.0,0.0
