Datetime,Open,High,Low,Close,Volume,Dividends,Stock Splits
2025-03-25 13:21:00+09:00,56100.0,56100.0,56000.0,56100.0,0,0.0,0.0
2025-03-25 13:22:00+09:00,56100.0,56100.0,56000.0,56100.0,102,0.0,0.0
2025-03-25 13:23:00+09:00,56100.0,56100.0,56000.0,56000.0,67,0.0,0.0
2025-03-25 13:24:00+09:00,56000.0,56050.0,56000.0,56050.0,44,0.0,0.0
2025-03-25 13:25:00+09:00,56050.0,56100.0,56000.0,56000.0,480,0.0,0.0
2025-03-25 13:26:00+09:00,56100.0,56100.0,56000.0,56050.0,55,0.0,0.0
2025-03-25 13:27:00+09:00,56050.0,56100.0,56000.0,56100.0,277,0.0,0.0
2025-03-25 13:28:00+09:00,56000.0,56100.0,56000.0,56000.0,239,0.0,0.0
2025-03-25 13:29:00+09:00,56100.0,56100.0,56000.0,56000.0,216,0.0,0.0
2025-03-25 13:30:00+09:00,56050.0,56100.0,56000.0,56100.0,1075,0.0,0.0
2025-03-25 13:31:00+09:00,56000.0,56100.0,56000.0,56000.0,819,0.0,0.0
2025-03-25 13:32:00+09:00,56050.0,56050.0,56000.0,56050.0,67,0.0,0.0
2025-03-25 13:33:00+09:00,56000.0,56100.0,56000.0,56100.0,119,0.0,0.0
2025-03-25 13:34:00+09:00,56000.0,56100.0,56000.0,56100.0,174,0.0,0.0
2025-03-25 13:35:00+09:00,56000.0,56100.0,56000.0,56100.0,169,0.0,0.0
2025-03-25 13:36:00+09:00,56000.0,56100.0,56000.0,56100.0,715,0.0,0.0
2025-03-25 13:37:00+09:00,56000.0,56100.0,56000.0,56100.0,79,0.0,0.0
2025-03-25 13:38:00+09:00,56000.0,56100.0,56000.0,56000.0,803,0.0,0.0
2025-03-25 13:39:00+09:00,56000.0,56100.0,56000.0,56000.0,406,0.0,0.0
2025-03-25 13:40:00+09:00,56000.0,56050.0,56000.0,56050.0,127,0.0,0.0
2025-03-25 13:41:00+09:00,56000.0,56050.0,56000.0,56050.0,197,0.0,0.0
2025-03-25 13:42:00+09:00,56050.0,56100.0,56000.0,56000.0,442,0.0,0.0
2025-03-25 13:43:00+09:00,56000.0,56050.0,56000.0,56000.0,1233,0.0,0.0
2025-03-25 13:44:00+09:00,56000.0,56050.0,56000.0,56000.0,77,0.0,0.0
2025-03-25 13:45:00+09:00,56000.0,56050.0,56000.0,56000.0,140,0.0,0.0
2025-03-25 13:46:00+09:00,56050.0,56050.0,56000.0,56050.0,200,0.0,0.0
2025-03-25 13:47:00+09:00,56000.0,56050.0,56000.0,56050.0,38,0.0,0.0
2025-03-25 13:48:00+09:00,56000.0,56050.0,56000.0,56000.0,86,0.0,0.0
2025-03-25 13:49:00+09:00,56000.0,56050.0,56000.0,56000.0,370,0.0,0.0
2025-03-25 13:50:00+09:00,56000.0,56050.0,56000.0,56000.0,184,0.0,0.0
2025-03-25 13:51:00+09:00,56050.0,56050.0,56000.0,56000.0,1267,0.0,0.0
2025-03-25 13:52:00+09:00,56000.0,56050.0,56000.0,56000.0,91,0.0,0.0
2025-03-25 13:53:00+09:00,56050.0,56100.0,56000.0,56000.0,220,0.0,0.0
2025-03-25 13:54:00+09:00,56000.0,56100.0,56000.0,56100.0,124,0.0,0.0
2025-03-25 13:55:00+09:00,56000.0,56000.0,56000.0,56000.0,104,0.0,0.0
2025-03-25 13:56:00+09:00,56050.0,56100.0,56000.0,56100.0,142,0.0,0.0
2025-03-25 13:57:00+09:00,56000.0,56050.0,56000.0,56000.0,189,0.0,0.0
2025-03-25 13:58:00+09:00,56000.0,56100.0,56000.0,56000.0,2466,0.0,0.0
2025-03-25 13:59:00+09:00,56000.0,56100.0,55900.0,56050.0,3789,0.0,0.0
2025-03-25 14:00:00+09:00,56000.0,56100.0,56000.0,56100.0,225,0.0,0.0
2025-03-25 14:01:00+09:00,56100.0,56100.0,56000.0,56100.0,169,0.0,0.0
2025-03-25 14:02:00+09:00,56000.0,56100.0,56000.0,56000.0,67,0.0,0.0
2025-03-25 14:03:00+09:00,56050.0,56100.0,56000.0,56100.0,119,0.0,0.0
2025-03-25 14:04:00+09:00,56100.0,56100.0,56000.0,56100.0,1127,0.0,0.0
2025-03-25 14:05:00+09:00,56100.0,56100.0,56000.0,56100.0,222,0.0,0.0
2025-03-25 14:06:00+09:00,56000.0,56100.0,56000.0,56000.0,78,0.0,0.0
2025-03-25 14:07:00+09:00,56000.0,56100.0,56000.0,56000.0,178,0.0,0.0
2025-03-25 14:08:00+09:00,56000.0,56100.0,56000.0,56100.0,916,0.0,0.0
2025-03-25 14:09:00+09:00,56000.0,56100.0,56000.0,56000.0,342,0.0,0.0
2025-03-25 14:10:00+09:00,56100.0,56100.0,56000.0,56000.0,918,0.0,0.0
2025-03-25 14:11:00+09:00,56100.0,56100.0,56000.0,56100.0,152,0.0,0.0
2025-03-25 14:12:00+09:00,56000.0,56100.0,56000.0,56000.0,160,0.0,0.0
2025-03-25 14:13:00+09:00,56100.0,56100.0,56000.0,56000.0,201,0.0,0.0
2025-03-25 14:14:00+09:00,56100.0,56100.0,56000.0,56100.0,189,0.0,0.0
2025-03-25 14:15:00+09:00,56100.0,56100.0,56000.0,56000.0,338,0.0,0.0
2025-03-25 14:16:00+09:00,56100.0,56100.0,56000.0,56050.0,105,0.0,0.0
2025-03-25 14:17:00+09:00,56000.0,56050.0,56000.0,56000.0,109,0.0,0.0
2025-03-25 14:18:00+09:00,56050.0,56100.0,56000.0,56100.0,157,0.0,0.0
2025-03-25 14:19:00+09:00,56000.0,56100.0,56000.0,56000.0,167,0.0,0.0
2025-03-25 14:20:00+09:00,56000.0,56100.0,56000.0,56100.0,110,0.0,0.0
2025-03-25 14:21:00+09:00,56000.0,56100.0,56000.0,56100.0,231,0.0,0.0
2025-03-25 14:22:00+09:00,56000.0,56100.0,56000.0,56050.0,684,0.0,0.0
2025-03-25 14:23:00+09:00,56000.0,56050.0,56000.0,56050.0,197,0.0,0.0
2025-03-25 14:24:00+09:00,56000.0,56100.0,56000.0,56100.0,342,0.0,0.0
2025-03-25 14:25:00+09:00,56000.0,56100.0,56000.0,56100.0,349,0.0,0.0
2025-03-25 14:26:00+09:00,56000.0,56100.0,56000.0,56000.0,104,0.0,0.0
2025-03-25 14:27:00+09:00,56000.0,56100.0,56000.0,56100.0,175,0.0,0.0
2025-03-25 14:28:00+09:00,56000.0,56100.0,56000.0,56100.0,177,0.0,0.0
2025-03-25 14:29:00+09:00,56000.0,56100.0,56000.0,56000.0,220,0.0,0.0
2025-03-25 14:30:00+09:00,56000.0,56100.0,56000.0,56100.0,278,0.0,0.0
2025-03-25 14:31:00+09:00,56000.0,56100.0,56000.0,56050.0,730,0.0,0.0
2025-03-25 14:32:00+09:00,56000.0,56100.0,56000.0,56000.0,197,0.0,0.0
2025-03-25 14:33:00+09:00,56000.0,56100.0,56000.0,56100.0,111,0.0,0.0
2025-03-25 14:34:00+09:00,56000.0,56100.0,56000.0,56000.0,241,0.0,0.0
2025-03-25 14:35:00+09:00,56000.0,56100.0,56000.0,56000.0,136,0.0,0.0
2025-03-25 14:36:00+09:00,56000.0,56100.0,56000.0,56050.0,188,0.0,0.0
2025-03-25 14:37:00+09:00,56000.0,56100.0,56000.0,56050.0,179,0.0,0.0
2025-03-25 14:38:00+09:00,56050.0,56100.0,56000.0,56000.0,598,0.0,0.0
2025-03-25 14:39:00+09:00,56000.0,56100.0,56000.0,56000.0,1494,0.0,0.0
2025-03-25 14:40:00+09:00,56100.0,56100.0,56000.0,56100.0,335,0.0,0.0
2025-03-25 14:41:00+09:00,56000.0,56100.0,56000.0,56100.0,363,0.0,0.0
2025-03-25 14:42:00+09:00,56000.0,56200.0,56000.0,56100.0,7734,0.0,0.0
2025-03-25 14:43:00+09:00,56100.0,56200.0,56100.0,56200.0,321,0.0,0.0
2025-03-25 14:44:00+09:00,56150.0,56200.0,56100.0,56200.0,2316,0.0,0.0
2025-03-25 14:45:00+09:00,56100.0,56200.0,56100.0,56200.0,213,0.0,0.0
2025-03-25 14:46:00+09:00,56100.0,56200.0,56100.0,56100.0,3806,0.0,0.0
2025-03-25 14:47:00+09:00,56100.0,56200.0,56000.0,56100.0,1414,0.0,0.0
2025-03-25 14:48:00+09:00,56100.0,56150.0,56000.0,56000.0,487,0.0,0.0
2025-03-25 14:49:00+09:00,56000.0,56100.0,56000.0,56100.0,155,0.0,0.0
2025-03-25 14:50:00+09:00,56000.0,56100.0,56000.0,56000.0,60,0.0,0.0
2025-03-25 14:51:00+09:00,56100.0,56200.0,56000.0,56200.0,2233,0.0,0.0
2025-03-25 14:52:00+09:00,56100.0,56200.0,56100.0,56100.0,4208,0.0,0.0
2025-03-25 14:53:00+09:00,56000.0,56100.0,56000.0,56000.0,1152,0.0,0.0
2025-03-25 14:54:00+09:00,56100.0,56100.0,56000.0,56000.0,149,0.0,0.0
2025-03-25 14:55:00+09:00,56000.0,56100.0,56000.0,56000.0,89,0.0,0.0
2025-03-25 14:56:00+09:00,56100.0,56100.0,56000.0,56000.0,200,0.0,0.0
2025-03-25 14:57:00+09:00,56000.0,56100.0,56000.0,56000.0,310,0.0,0.0
2025-03-25 14:58:00+09:00,56000.0,56100.0,56000.0,56100.0,489,0.0,0.0
2025-03-25 14:59:00+09:00,56000.0,56100.0,56000.0,56100.0,509,0.0,0.0
2025-03-26 09:00:00+09:00,56100.0,56100.0,56000.0,56100.0,3465,0.0,0.0
2025-03-26 09:01:00+09:00,56100.0,56100.0,56000.0,56100.0,847,0.0,0.0
2025-03-26 09:02:00+09:00,56100.0,56100.0,56000.0,56000.0,1367,0.0,0.0
2025-03-26 09:03:00+09:00,56000.0,56100.0,56000.0,56100.0,191,0.0,0.0
2025-03-26 09:04:00+09:00,56100.0,56100.0,56000.0,56100.0,1822,0.0,0.0
2025-03-26 09:05:00+09:00,56100.0,56100.0,56000.0,56100.0,3232,0.0,0.0
2025-03-26 09:06:00+09:00,56200.0,56200.0,56100.0,56100.0,751,0.0,0.0
2025-03-26 09:07:00+09:00,56200.0,56200.0,56100.0,56100.0,380,0.0,0.0
2025-03-26 09:08:00+09:00,56100.0,56200.0,56100.0,56100.0,397,0.0,0.0
2025-03-26 09:09:00+09:00,56100.0,56200.0,56100.0,56150.0,63,0.0,0.0
2025-03-26 09:10:00+09:00,56200.0,56200.0,56150.0,56200.0,480,0.0,0.0
2025-03-26 09:11:00+09:00,56200.0,56200.0,56150.0,56150.0,367,0.0,0.0
2025-03-26 09:12:00+09:00,56200.0,56250.0,56150.0,56200.0,4214,0.0,0.0
2025-03-26 09:13:00+09:00,56100.0,56300.0,56100.0,56200.0,467,0.0,0.0
2025-03-26 09:14:00+09:00,56200.0,56300.0,56200.0,56300.0,152,0.0,0.0
2025-03-26 09:15:00+09:00,56300.0,56300.0,56100.0,56100.0,439,0.0,0.0
2025-03-26 09:16:00+09:00,56100.0,56200.0,56100.0,56200.0,188,0.0,0.0
2025-03-26 09:17:00+09:00,56200.0,56200.0,56100.0,56100.0,182,0.0,0.0
2025-03-26 09:18:00+09:00,56200.0,56200.0,56100.0,56200.0,99,0.0,0.0
2025-03-26 09:19:00+09:00,56100.0,56200.0,56100.0,56100.0,964,0.0,0.0
2025-03-26 09:20:00+09:00,56100.0,56200.0,56100.0,56200.0,686,0.0,0.0
2025-03-26 09:21:00+09:00,56200.0,56200.0,56100.0,56200.0,433,0.0,0.0
2025-03-26 09:22:00+09:00,56200.0,56200.0,56100.0,56150.0,260,0.0,0.0
2025-03-26 09:23:00+09:00,56200.0,56200.0,56150.0,56150.0,105,0.0,0.0
2025-03-26 09:24:00+09:00,56200.0,56200.0,56150.0,56200.0,685,0.0,0.0
2025-03-26 09:25:00+09:00,56150.0,56200.0,56150.0,56200.0,241,0.0,0.0
2025-03-26 09:26:00+09:00,56200.0,56200.0,56150.0,56150.0,465,0.0,0.0
2025-03-26 09:27:00+09:00,56150.0,56200.0,56100.0,56100.0,197,0.0,0.0
2025-03-26 09:28:00+09:00,56150.0,56200.0,56100.0,56100.0,482,0.0,0.0
2025-03-26 09:29:00+09:00,56100.0,56200.0,56100.0,56100.0,132,0.0,0.0
2025-03-26 09:30:00+09:00,56100.0,56200.0,56100.0,56200.0,339,0.0,0.0
2025-03-26 09:31:00+09:00,56200.0,56200.0,56100.0,56200.0,296,0.0,0.0
2025-03-26 09:32:00+09:00,56100.0,56200.0,56100.0,56150.0,275,0.0,0.0
2025-03-26 09:33:00+09:00,56150.0,56200.0,56150.0,56200.0,1595,0.0,0.0
2025-03-26 09:34:00+09:00,56200.0,56200.0,56150.0,56200.0,724,0.0,0.0
2025-03-26 09:35:00+09:00,56150.0,56200.0,56150.0,56200.0,344,0.0,0.0
2025-03-26 09:36:00+09:00,56200.0,56200.0,56150.0,56150.0,247,0.0,0.0
2025-03-26 09:37:00+09:00,56150.0,56200.0,56150.0,56200.0,266,0.0,0.0
2025-03-26 09:38:00+09:00,56200.0,56200.0,56150.0,56200.0,201,0.0,0.0
2025-03-26 09:39:00+09:00,56150.0,56200.0,56150.0,56200.0,420,0.0,0.0
2025-03-26 09:40:00+09:00,56200.0,56200.0,56100.0,56100.0,243,0.0,0.0
2025-03-26 09:41:00+09:00,56200.0,56200.0,56100.0,56100.0,398,0.0,0.0
2025-03-26 09:42:00+09:00,56100.0,56200.0,56100.0,56200.0,210,0.0,0.0
2025-03-26 09:43:00+09:00,56200.0,56200.0,56150.0,56200.0,1562,0.0,0.0
2025-03-26 09:44:00+09:00,56200.0,56200.0,56150.0,56200.0,562,0.0,0.0
2025-03-26 09:45:00+09:00,56150.0,56200.0,56150.0,56200.0,275,0.0,0.0
2025-03-26 09:46:00+09:00,56200.0,56200.0,56150.0,56150.0,414,0.0,0.0
2025-03-26 09:47:00+09:00,56200.0,56200.0,56150.0,56200.0,440,0.0,0.0
2025-03-26 09:48:00+09:00,56150.0,56200.0,56150.0,56150.0,153,0.0,0.0
2025-03-26 09:49:00+09:00,56150.0,56200.0,56150.0,56200.0,534,0.0,0.0
2025-03-26 09:50:00+09:00,56150.0,56200.0,56100.0,56200.0,872,0.0,0.0
2025-03-26 09:51:00+09:00,56200.0,56200.0,56100.0,56200.0,543,0.0,0.0
2025-03-26 09:52:00+09:00,56200.0,56200.0,56100.0,56200.0,440,0.0,0.0
2025-03-26 09:53:00+09:00,56150.0,56200.0,56150.0,56150.0,371,0.0,0.0
2025-03-26 09:54:00+09:00,56150.0,56200.0,56100.0,56200.0,205,0.0,0.0
2025-03-26 09:55:00+09:00,56100.0,56200.0,56100.0,56200.0,492,0.0,0.0
2025-03-26 09:56:00+09:00,56200.0,56200.0,56100.0,56100.0,501,0.0,0.0
2025-03-26 09:57:00+09:00,56200.0,56200.0,56100.0,56200.0,240,0.0,0.0
2025-03-26 09:58:00+09:00,56150.0,56200.0,56150.0,56200.0,340,0.0,0.0
2025-03-26 09:59:00+09:00,56150.0,56200.0,56100.0,56150.0,417,0.0,0.0
2025-03-26 10:00:00+09:00,56200.0,56200.0,56100.0,56100.0,494,0.0,0.0
2025-03-26 10:01:00+09:00,56100.0,56200.0,56100.0,56200.0,152,0.0,0.0
2025-03-26 10:02:00+09:00,56200.0,56200.0,56150.0,56150.0,154,0.0,0.0
2025-03-26 10:03:00+09:00,56200.0,56200.0,56150.0,56200.0,2320,0.0,0.0
2025-03-26 10:04:00+09:00,56200.0,56200.0,56150.0,56150.0,294,0.0,0.0
2025-03-26 10:05:00+09:00,56200.0,56200.0,56150.0,56200.0,360,0.0,0.0
2025-03-26 10:06:00+09:00,56200.0,56200.0,56100.0,56200.0,2821,0.0,0.0
2025-03-26 10:07:00+09:00,56200.0,56300.0,56200.0,56300.0,2012,0.0,0.0
2025-03-26 10:08:00+09:00,56300.0,56300.0,56200.0,56300.0,344,0.0,0.0
2025-03-26 10:09:00+09:00,56300.0,56300.0,56200.0,56300.0,434,0.0,0.0
2025-03-26 10:10:00+09:00,56200.0,56300.0,56150.0,56200.0,2249,0.0,0.0
2025-03-26 10:11:00+09:00,56200.0,56200.0,56150.0,56200.0,179,0.0,0.0
2025-03-26 10:12:00+09:00,56200.0,56200.0,56150.0,56200.0,307,0.0,0.0
2025-03-26 10:13:00+09:00,56200.0,56200.0,56100.0,56200.0,361,0.0,0.0
2025-03-26 10:14:00+09:00,56100.0,56200.0,56100.0,56150.0,323,0.0,0.0
2025-03-26 10:15:00+09:00,56150.0,56200.0,56100.0,56200.0,305,0.0,0.0
2025-03-26 10:16:00+09:00,56200.0,56200.0,56100.0,56200.0,410,0.0,0.0
2025-03-26 10:17:00+09:00,56150.0,56300.0,56150.0,56300.0,843,0.0,0.0
2025-03-26 10:18:00+09:00,56300.0,56300.0,56200.0,56300.0,327,0.0,0.0
2025-03-26 10:19:00+09:00,56300.0,56300.0,56200.0,56300.0,153,0.0,0.0
2025-03-26 10:20:00+09:00,56300.0,56300.0,56000.0,56200.0,13077,0.0,0.0
2025-03-26 10:21:00+09:00,56200.0,56200.0,56000.0,56000.0,3673,0.0,0.0
2025-03-26 10:22:00+09:00,56100.0,56100.0,56000.0,56100.0,100,0.0,0.0
2025-03-26 10:23:00+09:00,56100.0,56100.0,56000.0,56100.0,356,0.0,0.0
2025-03-26 10:24:00+09:00,56100.0,56100.0,56000.0,56100.0,293,0.0,0.0
2025-03-26 10:25:00+09:00,56000.0,56100.0,56000.0,56100.0,312,0.0,0.0
2025-03-26 10:26:00+09:00,56000.0,56100.0,56000.0,56100.0,77,0.0,0.0
2025-03-26 10:27:00+09:00,56100.0,56100.0,56000.0,56100.0,110,0.0,0.0
2025-03-26 10:28:00+09:00,56000.0,56100.0,56000.0,56100.0,153,0.0,0.0
2025-03-26 10:29:00+09:00,56100.0,56100.0,56000.0,56000.0,325,0.0,0.0
2025-03-26 10:30:00+09:00,56000.0,56100.0,56000.0,56000.0,224,0.0,0.0
2025-03-26 10:31:00+09:00,56100.0,56100.0,56000.0,56000.0,504,0.0,0.0
2025-03-26 10:32:00+09:00,56000.0,56100.0,56000.0,56100.0,77,0.0,0.0
2025-03-26 10:33:00+09:00,56100.0,56100.0,56000.0,56000.0,213,0.0,0.0
2025-03-26 10:34:00+09:00,56100.0,56100.0,56000.0,56000.0,386,0.0,0.0
2025-03-26 10:35:00+09:00,56100.0,56100.0,56000.0,56000.0,175,0.0,0.0
2025-03-26 10:36:00+09:00,56000.0,56100.0,56000.0,56100.0,233,0.0,0.0
2025-03-26 10:37:00+09:00,56050.0,56100.0,56000.0,56000.0,639,0.0,0.0
2025-03-26 10:38:00+09:00,56000.0,56100.0,56000.0,56100.0,402,0.0,0.0
2025-03-26 10:39:00+09:00,56000.0,56100.0,56000.0,56100.0,337,0.0,0.0
2025-03-26 10:40:00+09:00,56100.0,56100.0,56000.0,56100.0,173,0.0,0.0
2025-03-26 10:41:00+09:00,56100.0,56100.0,56000.0,56000.0,407,0.0,0.0
2025-03-26 10:42:00+09:00,56000.0,56100.0,56000.0,56100.0,373,0.0,0.0
2025-03-26 10:43:00+09:00,56000.0,56100.0,56000.0,56100.0,392,0.0,0.0
2025-03-26 10:44:00+09:00,56100.0,56100.0,56000.0,56000.0,222,0.0,0.0
2025-03-26 10:45:00+09:00,56100.0,56100.0,56000.0,56100.0,1222,0.0,0.0
2025-03-26 10:46:00+09:00,56100.0,56100.0,56000.0,56100.0,222,0.0,0.0
2025-03-26 10:47:00+09:00,56000.0,56100.0,56000.0,56000.0,337,0.0,0.0
2025-03-26 10:48:00+09:00,56000.0,56100.0,56000.0,56100.0,218,0.0,0.0
2025-03-26 10:49:00+09:00,56100.0,56100.0,56000.0,56000.0,395,0.0,0.0
2025-03-26 10:50:00+09:00,56100.0,56100.0,56000.0,56100.0,432,0.0,0.0
2025-03-26 10:51:00+09:00,56000.0,56100.0,56000.0,56100.0,274,0.0,0.0
2025-03-26 10:52:00+09:00,56000.0,56100.0,56000.0,56100.0,427,0.0,0.0
2025-03-26 10:53:00+09:00,56100.0,56100.0,56000.0,56100.0,149,0.0,0.0
2025-03-26 10:54:00+09:00,56100.0,56100.0,56000.0,56100.0,536,0.0,0.0
2025-03-26 10:55:00+09:00,56100.0,56100.0,56000.0,56000.0,317,0.0,0.0
2025-03-26 10:56:00+09:00,56100.0,56100.0,56000.0,56100.0,1043,0.0,0.0
2025-03-26 10:57:00+09:00,56000.0,56100.0,56000.0,56100.0,753,0.0,0.0
2025-03-26 10:58:00+09:00,56100.0,56100.0,56000.0,56000.0,0,0.0,0.0
2025-03-26 10:59:00+09:00,56000.0,56100.0,56000.0,56000.0,541,0.0,0.0
2025-03-26 11:00:00+09:00,56000.0,56100.0,56000.0,56100.0,294,0.0,0.0
2025-03-26 11:01:00+09:00,56000.0,56100.0,56000.0,56000.0,519,0.0,0.0
2025-03-26 11:02:00+09:00,56100.0,56100.0,56000.0,56100.0,183,0.0,0.0
2025-03-26 11:03:00+09:00,56100.0,56100.0,56000.0,56100.0,610,0.0,0.0
2025-03-26 11:04:00+09:00,56100.0,56100.0,56000.0,56100.0,496,0.0,0.0
2025-03-26 11:05:00+09:00,56100.0,56100.0,56000.0,56100.0,299,0.0,0.0
2025-03-26 11:06:00+09:00,56000.0,56100.0,56000.0,56000.0,595,0.0,0.0
2025-03-26 11:07:00+09:00,56000.0,56100.0,56000.0,56100.0,374,0.0,0.0
2025-03-26 11:08:00+09:00,56100.0,56100.0,56000.0,56000.0,132,0.0,0.0
2025-03-26 11:09:00+09:00,56000.0,56100.0,56000.0,56100.0,628,0.0,0.0
2025-03-26 11:10:00+09:00,56100.0,56100.0,56000.0,56100.0,563,0.0,0.0
2025-03-26 11:11:00+09:00,56100.0,56100.0,56000.0,56100.0,539,0.0,0.0
2025-03-26 11:12:00+09:00,56000.0,56100.0,56000.0,56100.0,475,0.0,0.0
2025-03-26 11:13:00+09:00,56000.0,56200.0,56000.0,56200.0,2754,0.0,0.0
2025-03-26 11:14:00+09:00,56200.0,56200.0,56100.0,56200.0,245,0.0,0.0
2025-03-26 11:15:00+09:00,56200.0,56200.0,56100.0,56100.0,177,0.0,0.0
2025-03-26 11:16:00+09:00,56200.0,56200.0,56100.0,56100.0,322,0.0,0.0
2025-03-26 11:17:00+09:00,56200.0,56200.0,56100.0,56200.0,320,0.0,0.0
2025-03-26 11:18:00+09:00,56100.0,56200.0,56100.0,56200.0,514,0.0,0.0
2025-03-26 11:19:00+09:00,56200.0,56200.0,56100.0,56200.0,1227,0.0,0.0
2025-03-26 11:20:00+09:00,56200.0,56200.0,56100.0,56200.0,248,0.0,0.0
2025-03-26 11:21:00+09:00,56200.0,56200.0,56100.0,56200.0,262,0.0,0.0
2025-03-26 11:22:00+09:00,56200.0,56200.0,56100.0,56200.0,317,0.0,0.0
2025-03-26 11:23:00+09:00,56200.0,56200.0,56100.0,56100.0,404,0.0,0.0
2025-03-26 11:24:00+09:00,56200.0,56200.0,56100.0,56200.0,454,0.0,0.0
2025-03-26 11:25:00+09:00,56200.0,56200.0,56100.0,56200.0,3225,0.0,0.0
2025-03-26 11:26:00+09:00,56200.0,56200.0,56100.0,56200.0,387,0.0,0.0
2025-03-26 11:27:00+09:00,56100.0,56200.0,56100.0,56200.0,299,0.0,0.0
2025-03-26 11:28:00+09:00,56100.0,56200.0,56100.0,56100.0,668,0.0,0.0
2025-03-26 11:29:00+09:00,56200.0,56200.0,56100.0,56200.0,604,0.0,0.0
2025-03-26 11:30:00+09:00,56100.0,56200.0,56100.0,56200.0,109,0.0,0.0
2025-03-26 11:31:00+09:00,56200.0,56200.0,56100.0,56100.0,347,0.0,0.0
2025-03-26 11:32:00+09:00,56100.0,56200.0,56100.0,56200.0,608,0.0,0.0
2025-03-26 11:33:00+09:00,56200.0,56200.0,56100.0,56200.0,256,0.0,0.0
2025-03-26 11:34:00+09:00,56200.0,56200.0,56100.0,56200.0,299,0.0,0.0
2025-03-26 11:35:00+09:00,56100.0,56200.0,56100.0,56200.0,197,0.0,0.0
2025-03-26 11:36:00+09:00,56100.0,56200.0,56100.0,56200.0,209,0.0,0.0
2025-03-26 11:37:00+09:00,56100.0,56200.0,56100.0,56200.0,220,0.0,0.0
2025-03-26 11:38:00+09:00,56200.0,56200.0,56100.0,56200.0,435,0.0,0.0
2025-03-26 11:39:00+09:00,56200.0,56200.0,56100.0,56100.0,127,0.0,0.0
2025-03-26 11:40:00+09:00,56200.0,56200.0,56100.0,56200.0,262,0.0,0.0
2025-03-26 11:41:00+09:00,56100.0,56100.0,56000.0,56000.0,5899,0.0,0.0
2025-03-26 11:42:00+09:00,56100.0,56100.0,56000.0,56100.0,316,0.0,0.0
2025-03-26 11:43:00+09:00,56100.0,56100.0,56000.0,56000.0,443,0.0,0.0
2025-03-26 11:44:00+09:00,56100.0,56100.0,56000.0,56100.0,410,0.0,0.0
2025-03-26 11:45:00+09:00,56000.0,56100.0,56000.0,56100.0,709,0.0,0.0
2025-03-26 11:46:00+09:00,56100.0,56100.0,56000.0,56100.0,277,0.0,0.0
2025-03-26 11:47:00+09:00,56100.0,56100.0,56000.0,56050.0,482,0.0,0.0
2025-03-26 11:48:00+09:00,56050.0,56100.0,56000.0,56100.0,455,0.0,0.0
2025-03-26 11:49:00+09:00,56100.0,56100.0,56000.0,56100.0,447,0.0,0.0
2025-03-26 11:50:00+09:00,56100.0,56100.0,56000.0,56000.0,487,0.0,0.0
2025-03-26 11:51:00+09:00,56100.0,56100.0,56000.0,56100.0,219,0.0,0.0
2025-03-26 11:52:00+09:00,56000.0,56100.0,56000.0,56000.0,395,0.0,0.0
2025-03-26 11:53:00+09:00,56000.0,56100.0,56000.0,56000.0,195,0.0,0.0
2025-03-26 11:54:00+09:00,56000.0,56100.0,56000.0,56000.0,237,0.0,0.0
2025-03-26 11:55:00+09:00,56100.0,56100.0,56000.0,56000.0,290,0.0,0.0
2025-03-26 11:56:00+09:00,56100.0,56100.0,56000.0,56000.0,1224,0.0,0.0
2025-03-26 11:57:00+09:00,56000.0,56100.0,56000.0,56000.0,147,0.0,0.0
2025-03-26 11:58:00+09:00,56000.0,56100.0,56000.0,56100.0,487,0.0,0.0
2025-03-26 11:59:00+09:00,56000.0,56100.0,56000.0,56000.0,73,0.0,0.0
2025-03-26 12:00:00+09:00,56100.0,56100.0,56000.0,56000.0,199,0.0,0.0
2025-03-26 12:01:00+09:00,56000.0,56100.0,56000.0,56100.0,212,0.0,0.0
2025-03-26 12:02:00+09:00,56100.0,56100.0,56000.0,56100.0,176,0.0,0.0
2025-03-26 12:03:00+09:00,56000.0,56100.0,56000.0,56100.0,369,0.0,0.0
2025-03-26 12:04:00+09:00,56100.0,56100.0,56000.0,56100.0,332,0.0,0.0
2025-03-26 12:05:00+09:00,56000.0,56100.0,56000.0,56000.0,168,0.0,0.0
2025-03-26 12:06:00+09:00,56000.0,56100.0,56000.0,56100.0,477,0.0,0.0
2025-03-26 12:07:00+09:00,56000.0,56100.0,56000.0,56000.0,48,0.0,0.0
2025-03-26 12:08:00+09:00,56100.0,56100.0,56000.0,56100.0,347,0.0,0.0
2025-03-26 12:09:00+09:00,56100.0,56100.0,56000.0,56000.0,299,0.0,0.0
2025-03-26 12:10:00+09:00,56100.0,56100.0,56000.0,56100.0,536,0.0,0.0
2025-03-26 12:11:00+09:00,56000.0,56100.0,56000.0,56100.0,229,0.0,0.0
2025-03-26 12:12:00+09:00,56000.0,56100.0,56000.0,56100.0,263,0.0,0.0
2025-03-26 12:13:00+09:00,56000.0,56100.0,56000.0,56100.0,299,0.0,0.0
2025-03-26 12:14:00+09:00,56100.0,56100.0,56000.0,56100.0,344,0.0,0.0
2025-03-26 12:15:00+09:00,56000.0,56100.0,56000.0,56100.0,216,0.0,0.0
2025-03-26 12:16:00+09:00,56100.0,56100.0,56000.0,56100.0,620,0.0,0.0
2025-03-26 12:17:00+09:00,56100.0,56100.0,56000.0,56100.0,421,0.0,0.0
2025-03-26 12:18:00+09:00,56100.0,56100.0,56000.0,56100.0,172,0.0,0.0
2025-03-26 12:19:00+09:00,56100.0,56100.0,56000.0,56050.0,221,0.0,0.0
2025-03-26 12:20:00+09:00,56100.0,56100.0,56000.0,56100.0,441,0.0,0.0
2025-03-26 12:21:00+09:00,56000.0,56100.0,56000.0,56100.0,254,0.0,0.0
2025-03-26 12:22:00+09:00,56100.0,56100.0,56000.0,56100.0,284,0.0,0.0
2025-03-26 12:23:00+09:00,56000.0,56100.0,56000.0,56000.0,1165,0.0,0.0
2025-03-26 12:24:00+09:00,56100.0,56200.0,56000.0,56200.0,1684,0.0,0.0
2025-03-26 12:25:00+09:00,56200.0,56200.0,56000.0,56100.0,1263,0.0,0.0
2025-03-26 12:26:00+09:00,56200.0,56200.0,56100.0,56100.0,228,0.0,0.0
2025-03-26 12:27:00+09:00,56100.0,56200.0,56100.0,56100.0,352,0.0,0.0
2025-03-26 12:28:00+09:00,56200.0,56200.0,56100.0,56100.0,147,0.0,0.0
2025-03-26 12:29:00+09:00,56100.0,56200.0,56100.0,56100.0,207,0.0,0.0
2025-03-26 12:30:00+09:00,56200.0,56200.0,56100.0,56200.0,225,0.0,0.0
2025-03-26 12:31:00+09:00,56200.0,56200.0,56100.0,56100.0,327,0.0,0.0
2025-03-26 12:32:00+09:00,56100.0,56200.0,56100.0,56200.0,234,0.0,0.0
2025-03-26 12:33:00+09:00,56200.0,56200.0,56100.0,56200.0,191,0.0,0.0
2025-03-26 12:34:00+09:00,56200.0,56200.0,56100.0,56200.0,451,0.0,0.0
2025-03-26 12:35:00+09:00,56100.0,56200.0,56100.0,56100.0,203,0.0,0.0
2025-03-26 12:36:00+09:00,56100.0,56200.0,56000.0,56100.0,2791,0.0,0.0
2025-03-26 12:37:00+09:00,56100.0,56200.0,56000.0,56000.0,695,0.0,0.0
2025-03-26 12:38:00+09:00,56000.0,56100.0,56000.0,56000.0,659,0.0,0.0
2025-03-26 12:39:00+09:00,56100.0,56100.0,56000.0,56000.0,186,0.0,0.0
2025-03-26 12:40:00+09:00,56100.0,56100.0,56000.0,56100.0,400,0.0,0.0
2025-03-26 12:41:00+09:00,56000.0,56100.0,56000.0,56100.0,411,0.0,0.0
2025-03-26 12:42:00+09:00,56100.0,56100.0,56000.0,56100.0,1002,0.0,0.0
2025-03-26 12:43:00+09:00,56000.0,56100.0,56000.0,56100.0,65,0.0,0.0
2025-03-26 12:44:00+09:00,56100.0,56100.0,56000.0,56100.0,435,0.0,0.0
2025-03-26 12:45:00+09:00,56000.0,56100.0,56000.0,56100.0,531,0.0,0.0
2025-03-26 12:46:00+09:00,56000.0,56100.0,56000.0,56100.0,480,0.0,0.0
2025-03-26 12:47:00+09:00,56100.0,56100.0,56000.0,56100.0,388,0.0,0.0
2025-03-26 12:48:00+09:00,56100.0,56100.0,56000.0,56000.0,750,0.0,0.0
2025-03-26 12:49:00+09:00,56100.0,56100.0,56000.0,56000.0,465,0.0,0.0
2025-03-26 12:50:00+09:00,56100.0,56100.0,56000.0,56000.0,437,0.0,0.0
2025-03-26 12:51:00+09:00,56000.0,56100.0,56000.0,56000.0,220,0.0,0.0
2025-03-26 12:52:00+09:00,56100.0,56100.0,56000.0,56100.0,494,0.0,0.0
2025-03-26 12:53:00+09:00,56100.0,56100.0,56000.0,56100.0,332,0.0,0.0
2025-03-26 12:54:00+09:00,56100.0,56100.0,56000.0,56000.0,361,0.0,0.0
2025-03-26 12:55:00+09:00,56000.0,56100.0,56000.0,56100.0,333,0.0,0.0
2025-03-26 12:56:00+09:00,56000.0,56100.0,56000.0,56000.0,330,0.0,0.0
2025-03-26 12:57:00+09:00,56100.0,56100.0,56000.0,56100.0,455,0.0,0.0
2025-03-26 12:58:00+09:00,56100.0,56100.0,56000.0,56100.0,308,0.0,0.0
2025-03-26 12:59:00+09:00,56000.0,56100.0,56000.0,56000.0,200,0.0,0.0
2025-03-26 13:00:00+09:00,56100.0,56100.0,56000.0,56100.0,533,0.0,0.0
2025-03-26 13:01:00+09:00,56000.0,56100.0,56000.0,56000.0,298,0.0,0.0
2025-03-26 13:02:00+09:00,56000.0,56100.0,56000.0,56100.0,160,0.0,0.0
2025-03-26 13:03:00+09:00,56000.0,56100.0,56000.0,56000.0,600,0.0,0.0
2025-03-26 13:04:00+09:00,56000.0,56100.0,56000.0,56000.0,551,0.0,0.0
2025-03-26 13:05:00+09:00,56100.0,56100.0,56000.0,56000.0,157,0.0,0.0
2025-03-26 13:06:00+09:00,56000.0,56100.0,56000.0,56000.0,524,0.0,0.0
2025-03-26 13:07:00+09:00,56100.0,56100.0,56000.0,56000.0,373,0.0,0.0
2025-03-26 13:08:00+09:00,56100.0,56100.0,56000.0,56100.0,501,0.0,0.0
2025-03-26 13:09:00+09:00,56000.0,56100.0,56000.0,56100.0,649,0.0,0.0
2025-03-26 13:10:00+09:00,56100.0,56100.0,56000.0,56000.0,333,0.0,0.0
2025-03-26 13:11:00+09:00,56100.0,56100.0,56000.0,56100.0,423,0.0,0.0
2025-03-26 13:12:00+09:00,56100.0,56100.0,56000.0,56100.0,747,0.0,0.0
2025-03-26 13:13:00+09:00,56100.0,56100.0,56000.0,56000.0,379,0.0,0.0
2025-03-26 13:14:00+09:00,56000.0,56200.0,56000.0,56100.0,930,0.0,0.0
2025-03-26 13:15:00+09:00,56100.0,56200.0,56000.0,56100.0,988,0.0,0.0
2025-03-26 13:16:00+09:00,56100.0,56100.0,56000.0,56100.0,775,0.0,0.0
2025-03-26 13:17:00+09:00,56100.0,56100.0,56000.0,56000.0,227,0.0,0.0
2025-03-26 13:18:00+09:00,56100.0,56100.0,56000.0,56000.0,525,0.0,0.0
2025-03-26 13:19:00+09:00,56000.0,56100.0,56000.0,56100.0,274,0.0,0.0
2025-03-26 13:20:00+09:00,56100.0,56100.0,56000.0,56050.0,1806,0.0,0.0
2025-03-26 13:21:00+09:00,56050.0,56100.0,56000.0,56100.0,199,0.0,0.0
2025-03-26 13:22:00+09:00,56000.0,56100.0,56000.0,56000.0,452,0.0,0.0
2025-03-26 13:23:00+09:00,56100.0,56100.0,56000.0,56100.0,755,0.0,0.0
2025-03-26 13:24:00+09:00,56000.0,56100.0,56000.0,56100.0,761,0.0,0.0
2025-03-26 13:25:00+09:00,56100.0,56100.0,56000.0,56100.0,655,0.0,0.0
2025-03-26 13:26:00+09:00,56000.0,56200.0,56000.0,56000.0,1761,0.0,0.0
2025-03-26 13:27:00+09:00,56100.0,56200.0,56000.0,56100.0,1356,0.0,0.0
2025-03-26 13:28:00+09:00,56100.0,56200.0,56000.0,56000.0,1509,0.0,0.0
2025-03-26 13:29:00+09:00,56200.0,56200.0,56000.0,56100.0,1489,0.0,0.0
2025-03-26 13:30:00+09:00,56100.0,56200.0,56100.0,56200.0,851,0.0,0.0
2025-03-26 13:31:00+09:00,56200.0,56200.0,56100.0,56100.0,554,0.0,0.0
2025-03-26 13:32:00+09:00,56100.0,56200.0,56100.0,56200.0,467,0.0,0.0
2025-03-26 13:33:00+09:00,56200.0,56200.0,56100.0,56100.0,594,0.0,0.0
2025-03-26 13:34:00+09:00,56200.0,56200.0,56100.0,56100.0,437,0.0,0.0
2025-03-26 13:35:00+09:00,56100.0,56200.0,56100.0,56200.0,459,0.0,0.0
2025-03-26 13:36:00+09:00,56100.0,56200.0,56100.0,56100.0,573,0.0,0.0
2025-03-26 13:37:00+09:00,56200.0,56200.0,56100.0,56200.0,611,0.0,0.0
2025-03-26 13:38:00+09:00,56100.0,56200.0,56100.0,56100.0,588,0.0,0.0
2025-03-26 13:39:00+09:00,56100.0,56200.0,56100.0,56100.0,814,0.0,0.0
2025-03-26 13:40:00+09:00,56100.0,56200.0,56100.0,56100.0,259,0.0,0.0
2025-03-26 13:41:00+09:00,56200.0,56200.0,56100.0,56100.0,431,0.0,0.0
2025-03-26 13:42:00+09:00,56100.0,56200.0,56100.0,56100.0,150,0.0,0.0
2025-03-26 13:43:00+09:00,56200.0,56200.0,56100.0,56100.0,191,0.0,0.0
2025-03-26 13:44:00+09:00,56100.0,56200.0,56100.0,56100.0,785,0.0,0.0
2025-03-26 13:45:00+09:00,56200.0,56200.0,56100.0,56100.0,197,0.0,0.0
2025-03-26 13:46:00+09:00,56100.0,56200.0,56100.0,56100.0,270,0.0,0.0
2025-03-26 13:47:00+09:00,56100.0,56200.0,56100.0,56100.0,635,0.0,0.0
2025-03-26 13:48:00+09:00,56100.0,56200.0,56100.0,56100.0,444,0.0,0.0
2025-03-26 13:49:00+09:00,56100.0,56200.0,56100.0,56200.0,434,0.0,0.0
2025-03-26 13:50:00+09:00,56100.0,56200.0,56100.0,56100.0,527,0.0,0.0
2025-03-26 13:51:00+09:00,56200.0,56200.0,56100.0,56200.0,300,0.0,0.0
2025-03-26 13:52:00+09:00,56100.0,56200.0,56100.0,56100.0,479,0.0,0.0
2025-03-26 13:53:00+09:00,56100.0,56200.0,56100.0,56100.0,419,0.0,0.0
2025-03-26 13:54:00+09:00,56100.0,56200.0,56100.0,56100.0,760,0.0,0.0
2025-03-26 13:55:00+09:00,56100.0,56200.0,56100.0,56200.0,188,0.0,0.0
2025-03-26 13:56:00+09:00,56100.0,56200.0,56100.0,56200.0,644,0.0,0.0
2025-03-26 13:57:00+09:00,56100.0,56200.0,56100.0,56100.0,414,0.0,0.0
2025-03-26 13:58:00+09:00,56100.0,56200.0,56100.0,56200.0,317,0.0,0.0
2025-03-26 13:59:00+09:00,56200.0,56200.0,56100.0,56100.0,267,0.0,0.0
2025-03-26 14:00:00+09:00,56200.0,56200.0,56100.0,56100.0,522,0.0,0.0
2025-03-26 14:01:00+09:00,56100.0,56200.0,56100.0,56100.0,654,0.0,0.0
2025-03-26 14:02:00+09:00,56100.0,56200.0,56100.0,56100.0,554,0.0,0.0
2025-03-26 14:03:00+09:00,56200.0,56200.0,56100.0,56100.0,891,0.0,0.0
2025-03-26 14:04:00+09:00,56100.0,56200.0,56100.0,56200.0,786,0.0,0.0
2025-03-26 14:05:00+09:00,56200.0,56200.0,56000.0,56000.0,4068,0.0,0.0
2025-03-26 14:06:00+09:00,56000.0,56100.0,56000.0,56000.0,770,0.0,0.0
2025-03-26 14:07:00+09:00,56000.0,56100.0,56000.0,56100.0,419,0.0,0.0
2025-03-26 14:08:00+09:00,56100.0,56100.0,56000.0,56000.0,361,0.0,0.0
2025-03-26 14:09:00+09:00,56000.0,56100.0,56000.0,56000.0,549,0.0,0.0
2025-03-26 14:10:00+09:00,56000.0,56100.0,56000.0,56100.0,2474,0.0,0.0
2025-03-26 14:11:00+09:00,56100.0,56100.0,56000.0,56000.0,778,0.0,0.0
2025-03-26 14:12:00+09:00,56000.0,56100.0,56000.0,56000.0,502,0.0,0.0
2025-03-26 14:13:00+09:00,56100.0,56100.0,56000.0,56000.0,924,0.0,0.0
2025-03-26 14:14:00+09:00,56000.0,56100.0,56000.0,56000.0,1268,0.0,0.0
2025-03-26 14:15:00+09:00,56000.0,56100.0,56000.0,56000.0,657,0.0,0.0
2025-03-26 14:16:00+09:00,56100.0,56100.0,56000.0,56000.0,980,0.0,0.0
2025-03-26 14:17:00+09:00,56000.0,56100.0,56000.0,56100.0,579,0.0,0.0
2025-03-26 14:18:00+09:00,56000.0,56100.0,56000.0,56000.0,138,0.0,0.0
2025-03-26 14:19:00+09:00,56000.0,56100.0,56000.0,56000.0,470,0.0,0.0
2025-03-26 14:20:00+09:00,56000.0,56100.0,56000.0,56000.0,615,0.0,0.0
2025-03-26 14:21:00+09:00,56000.0,56100.0,56000.0,56100.0,690,0.0,0.0
2025-03-26 14:22:00+09:00,56000.0,56100.0,56000.0,56100.0,526,0.0,0.0
2025-03-26 14:23:00+09:00,56000.0,56100.0,56000.0,56100.0,1045,0.0,0.0
2025-03-26 14:24:00+09:00,56000.0,56100.0,56000.0,56000.0,613,0.0,0.0
2025-03-26 14:25:00+09:00,56000.0,56100.0,56000.0,56100.0,759,0.0,0.0
2025-03-26 14:26:00+09:00,56000.0,56100.0,56000.0,56100.0,837,0.0,0.0
2025-03-26 14:27:00+09:00,56000.0,56100.0,56000.0,56100.0,615,0.0,0.0
2025-03-26 14:28:00+09:00,56100.0,56100.0,56000.0,56000.0,460,0.0,0.0
2025-03-26 14:29:00+09:00,56100.0,56100.0,56000.0,56000.0,1173,0.0,0.0
2025-03-26 14:30:00+09:00,56000.0,56100.0,56000.0,56000.0,615,0.0,0.0
2025-03-26 14:31:00+09:00,56000.0,56100.0,56000.0,56100.0,887,0.0,0.0
2025-03-26 14:32:00+09:00,56000.0,56100.0,56000.0,56000.0,276,0.0,0.0
2025-03-26 14:33:00+09:00,56100.0,56100.0,56000.0,56000.0,288,0.0,0.0
2025-03-26 14:34:00+09:00,56000.0,56100.0,56000.0,56000.0,488,0.0,0.0
2025-03-26 14:35:00+09:00,56000.0,56100.0,56000.0,56000.0,638,0.0,0.0
2025-03-26 14:36:00+09:00,56000.0,56100.0,56000.0,56000.0,478,0.0,0.0
2025-03-26 14:37:00+09:00,56000.0,56100.0,56000.0,56000.0,498,0.0,0.0
2025-03-26 14:38:00+09:00,56000.0,56100.0,56000.0,56000.0,541,0.0,0.0
2025-03-26 14:39:00+09:00,56000.0,56100.0,55900.0,55900.0,5153,0.0,0.0
2025-03-26 14:40:00+09:00,55900.0,55950.0,55900.0,55950.0,1455,0.0,0.0
2025-03-26 14:41:00+09:00,55950.0,55950.0,55900.0,55900.0,658,0.0,0.0
2025-03-26 14:42:00+09:00,55900.0,55950.0,55900.0,55950.0,2371,0.0,0.0
2025-03-26 14:43:00+09:00,55950.0,55950.0,55900.0,55900.0,848,0.0,0.0
2025-03-26 14:44:00+09:00,55900.0,55950.0,55900.0,55900.0,915,0.0,0.0
2025-03-26 14:45:00+09:00,55950.0,56000.0,55900.0,55900.0,1636,0.0,0.0
2025-03-26 14:46:00+09:00,55900.0,56000.0,55900.0,55900.0,785,0.0,0.0
2025-03-26 14:47:00+09:00,55900.0,56000.0,55900.0,55900.0,951,0.0,0.0
2025-03-26 14:48:00+09:00,55900.0,56000.0,55900.0,55900.0,1701,0.0,0.0
2025-03-26 14:49:00+09:00,55900.0,56000.0,55900.0,56000.0,911,0.0,0.0
2025-03-26 14:50:00+09:00,55900.0,56000.0,55900.0,56000.0,1038,0.0,0.0
2025-03-26 14:51:00+09:00,55900.0,56000.0,55900.0,56000.0,1528,0.0,0.0
2025-03-26 14:52:00+09:00,55900.0,56000.0,55900.0,56000.0,821,0.0,0.0
2025-03-26 14:53:00+09:00,55900.0,56000.0,55900.0,56000.0,636,0.0,0.0
2025-03-26 14:54:00+09:00,55900.0,56000.0,55900.0,55900.0,1138,0.0,0.0
2025-03-26 14:55:00+09:00,56000.0,56000.0,55900.0,55900.0,767,0.0,0.0
2025-03-26 14:56:00+09:00,55900.0,56000.0,55900.0,56000.0,1122,0.0,0.0
2025-03-26 14:57:00+09:00,55900.0,56000.0,55900.0,55900.0,485,0.0,0.0
2025-03-26 14:58:00+09:00,55900.0,56000.0,55900.0,56000.0,701,0.0,0.0
2025-03-26 14:59:00+09:00,56000.0,56000.0,55900.0,55900.0,746,0.0,0.0
2025-03-27 09:00:00+09:00,55600.0,55800.0,55600.0,55600.0,14848,0.0,0.0
2025-03-27 09:01:00+09:00,55600.0,55800.0,55600.0,55800.0,1634,0.0,0.0
2025-03-27 09:02:00+09:00,55700.0,55800.0,55600.0,55700.0,1373,0.0,0.0
2025-03-27 09:03:00+09:00,55700.0,55700.0,55600.0,55700.0,204,0.0,0.0
2025-03-27 09:04:00+09:00,55700.0,55700.0,55600.0,55700.0,666,0.0,0.0
2025-03-27 09:05:00+09:00,55700.0,55700.0,55600.0,55700.0,869,0.0,0.0
2025-03-27 09:06:00+09:00,55700.0,55700.0,55600.0,55700.0,206,0.0,0.0
2025-03-27 09:07:00+09:00,55700.0,55700.0,55600.0,55600.0,705,0.0,0.0
2025-03-27 09:08:00+09:00,55700.0,55700.0,55600.0,55650.0,286,0.0,0.0
2025-03-27 09:09:00+09:00,55600.0,55800.0,55600.0,55800.0,2808,0.0,0.0
2025-03-27 09:10:00+09:00,55700.0,55800.0,55700.0,55800.0,475,0.0,0.0
2025-03-27 09:11:00+09:00,55700.0,55800.0,55700.0,55800.0,204,0.0,0.0
2025-03-27 09:12:00+09:00,55700.0,55800.0,55700.0,55800.0,160,0.0,0.0
2025-03-27 09:13:00+09:00,55800.0,55800.0,55700.0,55700.0,58,0.0,0.0
2025-03-27 09:14:00+09:00,55700.0,55800.0,55700.0,55800.0,281,0.0,0.0
2025-03-27 09:15:00+09:00,55800.0,55800.0,55700.0,55800.0,1028,0.0,0.0
2025-03-27 09:16:00+09:00,55800.0,55800.0,55800.0,55800.0,158,0.0,0.0
2025-03-27 09:17:00+09:00,55700.0,55800.0,55700.0,55800.0,1538,0.0,0.0
2025-03-27 09:18:00+09:00,55800.0,55800.0,55700.0,55800.0,445,0.0,0.0
2025-03-27 09:19:00+09:00,55800.0,55800.0,55700.0,55800.0,137,0.0,0.0
2025-03-27 09:20:00+09:00,55800.0,55800.0,55750.0,55800.0,105,0.0,0.0
2025-03-27 09:21:00+09:00,55800.0,55800.0,55750.0,55800.0,239,0.0,0.0
2025-03-27 09:22:00+09:00,55750.0,55800.0,55700.0,55800.0,177,0.0,0.0
2025-03-27 09:23:00+09:00,55800.0,55800.0,55750.0,55800.0,1818,0.0,0.0
2025-03-27 09:24:00+09:00,55800.0,55900.0,55800.0,55900.0,369,0.0,0.0
2025-03-27 09:25:00+09:00,55900.0,55900.0,55800.0,55900.0,92,0.0,0.0
2025-03-27 09:26:00+09:00,55800.0,55900.0,55800.0,55800.0,119,0.0,0.0
2025-03-27 09:27:00+09:00,55850.0,55900.0,55800.0,55800.0,208,0.0,0.0
2025-03-27 09:28:00+09:00,55800.0,55850.0,55800.0,55850.0,726,0.0,0.0
2025-03-27 09:29:00+09:00,55800.0,55850.0,55700.0,55700.0,2256,0.0,0.0
2025-03-27 09:30:00+09:00,55800.0,55800.0,55700.0,55800.0,516,0.0,0.0
2025-03-27 09:31:00+09:00,55700.0,55800.0,55700.0,55800.0,259,0.0,0.0
2025-03-27 09:32:00+09:00,55800.0,55800.0,55700.0,55800.0,758,0.0,0.0
2025-03-27 09:33:00+09:00,55800.0,55800.0,55700.0,55800.0,405,0.0,0.0
2025-03-27 09:34:00+09:00,55700.0,55800.0,55700.0,55800.0,216,0.0,0.0
2025-03-27 09:35:00+09:00,55800.0,55800.0,55700.0,55800.0,358,0.0,0.0
2025-03-27 09:36:00+09:00,55800.0,55800.0,55700.0,55800.0,444,0.0,0.0
2025-03-27 09:37:00+09:00,55800.0,55800.0,55700.0,55800.0,3490,0.0,0.0
2025-03-27 09:38:00+09:00,55800.0,55900.0,55700.0,55900.0,618,0.0,0.0
2025-03-27 09:39:00+09:00,55900.0,55900.0,55800.0,55900.0,237,0.0,0.0
2025-03-27 09:40:00+09:00,55900.0,55900.0,55800.0,55900.0,155,0.0,0.0
2025-03-27 09:41:00+09:00,55800.0,55900.0,55800.0,55900.0,107,0.0,0.0
2025-03-27 09:42:00+09:00,55900.0,55900.0,55800.0,55800.0,120,0.0,0.0
2025-03-27 09:43:00+09:00,55800.0,55900.0,55800.0,55800.0,370,0.0,0.0
2025-03-27 09:44:00+09:00,55800.0,55900.0,55800.0,55800.0,206,0.0,0.0
2025-03-27 09:45:00+09:00,55900.0,55900.0,55800.0,55800.0,187,0.0,0.0
2025-03-27 09:46:00+09:00,55900.0,55900.0,55800.0,55800.0,235,0.0,0.0
2025-03-27 09:47:00+09:00,55900.0,55900.0,55800.0,55800.0,287,0.0,0.0
2025-03-27 09:48:00+09:00,55800.0,55900.0,55800.0,55800.0,193,0.0,0.0
2025-03-27 09:49:00+09:00,55900.0,55900.0,55800.0,55800.0,348,0.0,0.0
2025-03-27 09:50:00+09:00,55800.0,55900.0,55800.0,55900.0,227,0.0,0.0
2025-03-27 09:51:00+09:00,55800.0,55900.0,55800.0,55800.0,307,0.0,0.0
2025-03-27 09:52:00+09:00,55800.0,55900.0,55800.0,55800.0,162,0.0,0.0
2025-03-27 09:53:00+09:00,55900.0,55900.0,55800.0,55900.0,447,0.0,0.0
2025-03-27 09:54:00+09:00,55800.0,55900.0,55800.0,55800.0,262,0.0,0.0
2025-03-27 09:55:00+09:00,55800.0,55900.0,55800.0,55800.0,336,0.0,0.0
2025-03-27 09:56:00+09:00,55800.0,56000.0,55800.0,55900.0,8295,0.0,0.0
2025-03-27 09:57:00+09:00,56000.0,56000.0,55900.0,55900.0,28,0.0,0.0
2025-03-27 09:58:00+09:00,55900.0,56000.0,55900.0,55900.0,1444,0.0,0.0
2025-03-27 09:59:00+09:00,55900.0,56000.0,55900.0,56000.0,255,0.0,0.0
2025-03-27 10:00:00+09:00,56000.0,56000.0,55900.0,56000.0,169,0.0,0.0
2025-03-27 10:01:00+09:00,56000.0,56000.0,55900.0,55900.0,194,0.0,0.0
2025-03-27 10:02:00+09:00,55900.0,56000.0,55900.0,56000.0,226,0.0,0.0
2025-03-27 10:03:00+09:00,56000.0,56000.0,55900.0,55900.0,343,0.0,0.0
2025-03-27 10:04:00+09:00,55900.0,56000.0,55900.0,56000.0,135,0.0,0.0
2025-03-27 10:05:00+09:00,55900.0,56000.0,55900.0,55900.0,175,0.0,0.0
2025-03-27 10:06:00+09:00,56000.0,56000.0,55900.0,55900.0,250,0.0,0.0
2025-03-27 10:07:00+09:00,56000.0,56000.0,55900.0,55900.0,166,0.0,0.0
2025-03-27 10:08:00+09:00,55900.0,56000.0,55900.0,55900.0,196,0.0,0.0
2025-03-27 10:09:00+09:00,55900.0,56000.0,55900.0,56000.0,286,0.0,0.0
2025-03-27 10:10:00+09:00,56000.0,56000.0,55900.0,55900.0,179,0.0,0.0
2025-03-27 10:11:00+09:00,55900.0,56000.0,55900.0,56000.0,65,0.0,0.0
2025-03-27 10:12:00+09:00,55900.0,56000.0,55900.0,55900.0,970,0.0,0.0
2025-03-27 10:13:00+09:00,56000.0,56000.0,55900.0,56000.0,200,0.0,0.0
2025-03-27 10:14:00+09:00,56000.0,56000.0,55900.0,56000.0,289,0.0,0.0
2025-03-27 10:15:00+09:00,55900.0,56000.0,55900.0,55900.0,228,0.0,0.0
2025-03-27 10:16:00+09:00,55900.0,56000.0,55800.0,55900.0,3248,0.0,0.0
2025-03-27 10:17:00+09:00,55900.0,56000.0,55800.0,56000.0,301,0.0,0.0
2025-03-27 10:18:00+09:00,56000.0,56000.0,55800.0,56000.0,102,0.0,0.0
2025-03-27 10:19:00+09:00,55900.0,56000.0,55900.0,55900.0,264,0.0,0.0
2025-03-27 10:20:00+09:00,55900.0,56000.0,55900.0,56000.0,120,0.0,0.0
2025-03-27 10:21:00+09:00,55900.0,56000.0,55900.0,55900.0,141,0.0,0.0
2025-03-27 10:22:00+09:00,55900.0,56000.0,55900.0,56000.0,142,0.0,0.0
2025-03-27 10:23:00+09:00,56000.0,56000.0,55900.0,55900.0,193,0.0,0.0
2025-03-27 10:24:00+09:00,56000.0,56000.0,55900.0,55900.0,165,0.0,0.0
2025-03-27 10:25:00+09:00,55900.0,56000.0,55900.0,55900.0,538,0.0,0.0
2025-03-27 10:26:00+09:00,55900.0,56000.0,55900.0,56000.0,0,0.0,0.0
2025-03-27 10:27:00+09:00,56000.0,56000.0,55900.0,55900.0,175,0.0,0.0
2025-03-27 10:28:00+09:00,56000.0,56000.0,55900.0,55900.0,136,0.0,0.0
2025-03-27 10:29:00+09:00,56000.0,56000.0,55900.0,56000.0,486,0.0,0.0
2025-03-27 10:30:00+09:00,55900.0,56000.0,55900.0,55900.0,979,0.0,0.0
2025-03-27 10:31:00+09:00,55900.0,56000.0,55900.0,56000.0,0,0.0,0.0
2025-03-27 10:32:00+09:00,56000.0,56000.0,55900.0,55900.0,78,0.0,0.0
2025-03-27 10:33:00+09:00,55900.0,56000.0,55900.0,56000.0,230,0.0,0.0
2025-03-27 10:34:00+09:00,55900.0,56000.0,55900.0,55900.0,271,0.0,0.0
2025-03-27 10:35:00+09:00,55900.0,56000.0,55900.0,56000.0,385,0.0,0.0
2025-03-27 10:36:00+09:00,56000.0,56000.0,55900.0,55900.0,150,0.0,0.0
2025-03-27 10:37:00+09:00,55900.0,56000.0,55900.0,55900.0,241,0.0,0.0
2025-03-27 10:38:00+09:00,56000.0,56000.0,55900.0,56000.0,208,0.0,0.0
2025-03-27 10:39:00+09:00,56000.0,56000.0,55900.0,56000.0,317,0.0,0.0
2025-03-27 10:40:00+09:00,55900.0,56000.0,55900.0,55900.0,229,0.0,0.0
2025-03-27 10:41:00+09:00,55900.0,56000.0,55900.0,56000.0,379,0.0,0.0
2025-03-27 10:42:00+09:00,55900.0,56000.0,55900.0,56000.0,309,0.0,0.0
2025-03-27 10:43:00+09:00,55900.0,56000.0,55900.0,56000.0,6560,0.0,0.0
2025-03-27 10:44:00+09:00,56000.0,56000.0,55900.0,55900.0,199,0.0,0.0
2025-03-27 10:45:00+09:00,55900.0,56000.0,55900.0,55900.0,46,0.0,0.0
2025-03-27 10:46:00+09:00,55900.0,56000.0,55900.0,55900.0,54,0.0,0.0
2025-03-27 10:47:00+09:00,56000.0,56000.0,55900.0,55950.0,307,0.0,0.0
2025-03-27 10:48:00+09:00,55950.0,55950.0,55900.0,55950.0,333,0.0,0.0
2025-03-27 10:49:00+09:00,55900.0,55950.0,55900.0,55900.0,271,0.0,0.0
2025-03-27 10:50:00+09:00,55900.0,55950.0,55900.0,55950.0,253,0.0,0.0
2025-03-27 10:51:00+09:00,55950.0,55950.0,55900.0,55950.0,446,0.0,0.0
2025-03-27 10:52:00+09:00,55950.0,55950.0,55800.0,55800.0,4778,0.0,0.0
2025-03-27 10:53:00+09:00,55900.0,55900.0,55800.0,55900.0,139,0.0,0.0
2025-03-27 10:54:00+09:00,55800.0,55900.0,55800.0,55900.0,203,0.0,0.0
2025-03-27 10:55:00+09:00,55800.0,55900.0,55800.0,55900.0,442,0.0,0.0
2025-03-27 10:56:00+09:00,55900.0,55900.0,55800.0,55900.0,229,0.0,0.0
2025-03-27 10:57:00+09:00,55900.0,55900.0,55800.0,55800.0,515,0.0,0.0
2025-03-27 10:58:00+09:00,55800.0,55900.0,55800.0,55900.0,477,0.0,0.0
2025-03-27 10:59:00+09:00,55800.0,55900.0,55800.0,55900.0,313,0.0,0.0
2025-03-27 11:00:00+09:00,55800.0,55900.0,55800.0,55800.0,218,0.0,0.0
2025-03-27 11:01:00+09:00,55800.0,55900.0,55800.0,55900.0,409,0.0,0.0
2025-03-27 11:02:00+09:00,55800.0,55900.0,55800.0,55800.0,137,0.0,0.0
2025-03-27 11:03:00+09:00,55800.0,55900.0,55800.0,55800.0,372,0.0,0.0
2025-03-27 11:04:00+09:00,55900.0,55900.0,55800.0,55800.0,339,0.0,0.0
2025-03-27 11:05:00+09:00,55900.0,55900.0,55800.0,55800.0,1542,0.0,0.0
2025-03-27 11:06:00+09:00,55900.0,55900.0,55800.0,55800.0,304,0.0,0.0
2025-03-27 11:07:00+09:00,55800.0,56100.0,55800.0,56000.0,13056,0.0,0.0
2025-03-27 11:08:00+09:00,56050.0,56100.0,55900.0,55900.0,160,0.0,0.0
2025-03-27 11:09:00+09:00,55900.0,56000.0,55900.0,55900.0,1024,0.0,0.0
2025-03-27 11:10:00+09:00,56000.0,56000.0,55900.0,56000.0,0,0.0,0.0
2025-03-27 11:11:00+09:00,56000.0,56000.0,55900.0,56000.0,688,0.0,0.0
2025-03-27 11:12:00+09:00,55900.0,56000.0,55900.0,56000.0,110,0.0,0.0
2025-03-27 11:13:00+09:00,55900.0,56000.0,55900.0,55900.0,252,0.0,0.0
2025-03-27 11:14:00+09:00,56000.0,56000.0,55900.0,55900.0,95,0.0,0.0
2025-03-27 11:15:00+09:00,55900.0,56000.0,55900.0,56000.0,137,0.0,0.0
2025-03-27 11:16:00+09:00,56000.0,56000.0,55900.0,56000.0,146,0.0,0.0
2025-03-27 11:17:00+09:00,55900.0,56000.0,55900.0,55900.0,125,0.0,0.0
2025-03-27 11:18:00+09:00,55900.0,56000.0,55900.0,55900.0,96,0.0,0.0
2025-03-27 11:19:00+09:00,55900.0,56000.0,55900.0,55900.0,964,0.0,0.0
2025-03-27 11:20:00+09:00,56000.0,56000.0,55900.0,55900.0,262,0.0,0.0
2025-03-27 11:21:00+09:00,55900.0,56000.0,55900.0,55900.0,201,0.0,0.0
2025-03-27 11:22:00+09:00,55900.0,56000.0,55900.0,55900.0,132,0.0,0.0
2025-03-27 11:23:00+09:00,55900.0,56000.0,55900.0,56000.0,184,0.0,0.0
2025-03-27 11:24:00+09:00,55900.0,56000.0,55900.0,56000.0,340,0.0,0.0
2025-03-27 11:25:00+09:00,56000.0,56000.0,55900.0,55900.0,207,0.0,0.0
2025-03-27 11:26:00+09:00,56000.0,56000.0,55900.0,55900.0,182,0.0,0.0
2025-03-27 11:27:00+09:00,56000.0,56000.0,55900.0,55900.0,142,0.0,0.0
2025-03-27 11:28:00+09:00,55900.0,56000.0,55900.0,56000.0,297,0.0,0.0
2025-03-27 11:29:00+09:00,55900.0,56000.0,55900.0,55900.0,325,0.0,0.0
2025-03-27 11:30:00+09:00,55900.0,56000.0,55900.0,55900.0,209,0.0,0.0
2025-03-27 11:31:00+09:00,55900.0,56000.0,55900.0,56000.0,207,0.0,0.0
2025-03-27 11:32:00+09:00,55900.0,56000.0,55900.0,55900.0,653,0.0,0.0
2025-03-27 11:33:00+09:00,55900.0,55900.0,55900.0,55900.0,235,0.0,0.0
2025-03-27 11:34:00+09:00,55900.0,55900.0,55900.0,55900.0,323,0.0,0.0
2025-03-27 11:35:00+09:00,55900.0,56000.0,55900.0,56000.0,239,0.0,0.0
2025-03-27 11:36:00+09:00,56000.0,56000.0,55900.0,56000.0,136,0.0,0.0
2025-03-27 11:37:00+09:00,55900.0,56000.0,55900.0,56000.0,978,0.0,0.0
2025-03-27 11:38:00+09:00,55900.0,56000.0,55900.0,55900.0,172,0.0,0.0
2025-03-27 11:39:00+09:00,55900.0,55950.0,55900.0,55900.0,392,0.0,0.0
2025-03-27 11:40:00+09:00,55900.0,55950.0,55900.0,55900.0,235,0.0,0.0
2025-03-27 11:41:00+09:00,55900.0,55950.0,55900.0,55950.0,288,0.0,0.0
2025-03-27 11:42:00+09:00,55900.0,55900.0,55900.0,55900.0,251,0.0,0.0
2025-03-27 11:43:00+09:00,55900.0,55950.0,55900.0,55900.0,172,0.0,0.0
2025-03-27 11:44:00+09:00,55900.0,55950.0,55900.0,55900.0,443,0.0,0.0
2025-03-27 11:45:00+09:00,55950.0,55950.0,55900.0,55900.0,294,0.0,0.0
2025-03-27 11:46:00+09:00,55900.0,55950.0,55900.0,55900.0,426,0.0,0.0
2025-03-27 11:47:00+09:00,55900.0,55950.0,55900.0,55950.0,298,0.0,0.0
2025-03-27 11:48:00+09:00,55900.0,55950.0,55900.0,55950.0,252,0.0,0.0
2025-03-27 11:49:00+09:00,55900.0,55950.0,55900.0,55900.0,273,0.0,0.0
2025-03-27 11:50:00+09:00,55900.0,55950.0,55900.0,55950.0,284,0.0,0.0
2025-03-27 11:51:00+09:00,55950.0,55950.0,55900.0,55900.0,331,0.0,0.0
2025-03-27 11:52:00+09:00,55900.0,55900.0,55900.0,55900.0,342,0.0,0.0
2025-03-27 11:53:00+09:00,55900.0,55950.0,55900.0,55950.0,415,0.0,0.0
2025-03-27 11:54:00+09:00,55900.0,55950.0,55900.0,55900.0,278,0.0,0.0
2025-03-27 11:55:00+09:00,55900.0,55950.0,55900.0,55900.0,441,0.0,0.0
2025-03-27 11:56:00+09:00,55900.0,56000.0,55900.0,55900.0,837,0.0,0.0
2025-03-27 11:57:00+09:00,55900.0,56000.0,55900.0,56000.0,193,0.0,0.0
2025-03-27 11:58:00+09:00,55900.0,56000.0,55900.0,55900.0,609,0.0,0.0
2025-03-27 11:59:00+09:00,56000.0,56000.0,55900.0,55900.0,310,0.0,0.0
2025-03-27 12:00:00+09:00,55900.0,55950.0,55900.0,55900.0,248,0.0,0.0
2025-03-27 12:01:00+09:00,55950.0,55950.0,55900.0,55900.0,321,0.0,0.0
2025-03-27 12:02:00+09:00,55900.0,55950.0,55900.0,55950.0,340,0.0,0.0
2025-03-27 12:03:00+09:00,55900.0,55950.0,55900.0,55900.0,285,0.0,0.0
2025-03-27 12:04:00+09:00,55900.0,55950.0,55900.0,55900.0,369,0.0,0.0
2025-03-27 12:05:00+09:00,55900.0,55950.0,55900.0,55900.0,264,0.0,0.0
2025-03-27 12:06:00+09:00,55900.0,55950.0,55900.0,55900.0,251,0.0,0.0
2025-03-27 12:07:00+09:00,55900.0,55950.0,55900.0,55900.0,253,0.0,0.0
2025-03-27 12:08:00+09:00,55950.0,55950.0,55900.0,55950.0,306,0.0,0.0
2025-03-27 12:09:00+09:00,55900.0,55950.0,55900.0,55950.0,432,0.0,0.0
2025-03-27 12:10:00+09:00,55900.0,55950.0,55900.0,55900.0,221,0.0,0.0
2025-03-27 12:11:00+09:00,55900.0,55950.0,55900.0,55900.0,214,0.0,0.0
2025-03-27 12:12:00+09:00,55950.0,55950.0,55900.0,55900.0,365,0.0,0.0
2025-03-27 12:13:00+09:00,55900.0,55950.0,55800.0,55900.0,2502,0.0,0.0
2025-03-27 12:14:00+09:00,55800.0,55800.0,55800.0,55800.0,288,0.0,0.0
2025-03-27 12:15:00+09:00,55900.0,55900.0,55800.0,55800.0,384,0.0,0.0
2025-03-27 12:16:00+09:00,55800.0,55900.0,55800.0,55900.0,179,0.0,0.0
2025-03-27 12:17:00+09:00,55900.0,55900.0,55800.0,55900.0,929,0.0,0.0
2025-03-27 12:18:00+09:00,55850.0,55900.0,55850.0,55900.0,87,0.0,0.0
2025-03-27 12:19:00+09:00,55850.0,55900.0,55800.0,55900.0,203,0.0,0.0
2025-03-27 12:20:00+09:00,55800.0,55900.0,55800.0,55900.0,310,0.0,0.0
2025-03-27 12:21:00+09:00,55800.0,56000.0,55800.0,55900.0,7660,0.0,0.0
2025-03-27 12:22:00+09:00,55900.0,56000.0,55900.0,56000.0,30,0.0,0.0
2025-03-27 12:23:00+09:00,55900.0,56000.0,55900.0,56000.0,127,0.0,0.0
2025-03-27 12:24:00+09:00,55900.0,56000.0,55900.0,55900.0,129,0.0,0.0
2025-03-27 12:25:00+09:00,56000.0,56000.0,55900.0,55900.0,1816,0.0,0.0
2025-03-27 12:26:00+09:00,55900.0,56000.0,55900.0,55900.0,476,0.0,0.0
2025-03-27 12:27:00+09:00,56000.0,56000.0,55900.0,56000.0,168,0.0,0.0
2025-03-27 12:28:00+09:00,55900.0,56000.0,55900.0,55900.0,213,0.0,0.0
2025-03-27 12:29:00+09:00,56000.0,56000.0,55900.0,56000.0,175,0.0,0.0
2025-03-27 12:30:00+09:00,55900.0,56000.0,55900.0,55900.0,241,0.0,0.0
2025-03-27 12:31:00+09:00,55900.0,56000.0,55900.0,56000.0,12,0.0,0.0
2025-03-27 12:32:00+09:00,55900.0,56000.0,55900.0,55900.0,160,0.0,0.0
2025-03-27 12:33:00+09:00,56000.0,56000.0,55900.0,55900.0,259,0.0,0.0
2025-03-27 12:34:00+09:00,55900.0,56000.0,55800.0,55900.0,419,0.0,0.0
2025-03-27 12:35:00+09:00,55900.0,55900.0,55800.0,55900.0,95,0.0,0.0
2025-03-27 12:36:00+09:00,55900.0,55900.0,55800.0,55900.0,96,0.0,0.0
2025-03-27 12:37:00+09:00,55800.0,55900.0,55800.0,55900.0,311,0.0,0.0
2025-03-27 12:38:00+09:00,55800.0,55900.0,55800.0,55800.0,48,0.0,0.0
2025-03-27 12:39:00+09:00,55900.0,55900.0,55800.0,55900.0,164,0.0,0.0
2025-03-27 12:40:00+09:00,55900.0,55900.0,55800.0,55800.0,285,0.0,0.0
2025-03-27 12:41:00+09:00,55800.0,55900.0,55800.0,55900.0,109,0.0,0.0
2025-03-27 12:42:00+09:00,55800.0,55900.0,55800.0,55900.0,198,0.0,0.0
2025-03-27 12:43:00+09:00,55900.0,55900.0,55800.0,55800.0,199,0.0,0.0
2025-03-27 12:44:00+09:00,55800.0,55850.0,55800.0,55800.0,69,0.0,0.0
2025-03-27 12:45:00+09:00,55800.0,55900.0,55800.0,55900.0,107,0.0,0.0
2025-03-27 12:46:00+09:00,55900.0,55900.0,55800.0,55800.0,157,0.0,0.0
2025-03-27 12:47:00+09:00,55800.0,55900.0,55800.0,55850.0,89,0.0,0.0
2025-03-27 12:48:00+09:00,55900.0,55900.0,55800.0,55900.0,181,0.0,0.0
2025-03-27 12:49:00+09:00,55800.0,55900.0,55800.0,55800.0,128,0.0,0.0
2025-03-27 12:50:00+09:00,55800.0,55800.0,55800.0,55800.0,0,0.0,0.0
2025-03-27 12:51:00+09:00,55850.0,55900.0,55800.0,55800.0,212,0.0,0.0
2025-03-27 12:52:00+09:00,55900.0,55900.0,55800.0,55900.0,398,0.0,0.0
2025-03-27 12:53:00+09:00,55900.0,55900.0,55800.0,55900.0,51,0.0,0.0
2025-03-27 12:54:00+09:00,55800.0,55900.0,55800.0,55800.0,489,0.0,0.0
2025-03-27 12:55:00+09:00,55800.0,55900.0,55800.0,55900.0,283,0.0,0.0
2025-03-27 12:56:00+09:00,55800.0,55900.0,55800.0,55800.0,69,0.0,0.0
2025-03-27 12:57:00+09:00,55800.0,55900.0,55800.0,55800.0,251,0.0,0.0
2025-03-27 12:58:00+09:00,55800.0,55900.0,55800.0,55800.0,150,0.0,0.0
2025-03-27 12:59:00+09:00,55900.0,55900.0,55800.0,55800.0,278,0.0,0.0
2025-03-27 13:00:00+09:00,55800.0,55900.0,55800.0,55800.0,348,0.0,0.0
2025-03-27 13:01:00+09:00,55800.0,55900.0,55800.0,55800.0,219,0.0,0.0
2025-03-27 13:02:00+09:00,55800.0,55900.0,55800.0,55800.0,410,0.0,0.0
2025-03-27 13:03:00+09:00,55800.0,55900.0,55800.0,55800.0,204,0.0,0.0
2025-03-27 13:04:00+09:00,55800.0,55900.0,55800.0,55800.0,233,0.0,0.0
2025-03-27 13:05:00+09:00,55800.0,55900.0,55800.0,55900.0,255,0.0,0.0
2025-03-27 13:06:00+09:00,55800.0,55900.0,55800.0,55900.0,231,0.0,0.0
2025-03-27 13:07:00+09:00,55800.0,55900.0,55800.0,55800.0,318,0.0,0.0
2025-03-27 13:08:00+09:00,55800.0,55900.0,55800.0,55900.0,155,0.0,0.0
2025-03-27 13:09:00+09:00,55800.0,55900.0,55800.0,55800.0,410,0.0,0.0
2025-03-27 13:10:00+09:00,55900.0,55900.0,55800.0,55800.0,196,0.0,0.0
2025-03-27 13:11:00+09:00,55900.0,55900.0,55800.0,55900.0,175,0.0,0.0
2025-03-27 13:12:00+09:00,55800.0,55900.0,55800.0,55800.0,337,0.0,0.0
2025-03-27 13:13:00+09:00,55800.0,55900.0,55800.0,55800.0,329,0.0,0.0
2025-03-27 13:14:00+09:00,55800.0,55900.0,55800.0,55800.0,2928,0.0,0.0
2025-03-27 13:15:00+09:00,55800.0,55900.0,55800.0,55800.0,81,0.0,0.0
2025-03-27 13:16:00+09:00,55900.0,55900.0,55800.0,55800.0,402,0.0,0.0
2025-03-27 13:17:00+09:00,55800.0,55900.0,55800.0,55800.0,356,0.0,0.0
2025-03-27 13:18:00+09:00,55800.0,55900.0,55800.0,55800.0,263,0.0,0.0
2025-03-27 13:19:00+09:00,55800.0,55900.0,55800.0,55800.0,256,0.0,0.0
2025-03-27 13:20:00+09:00,55900.0,55900.0,55800.0,55800.0,403,0.0,0.0
2025-03-27 13:21:00+09:00,55800.0,55900.0,55800.0,55800.0,333,0.0,0.0
2025-03-27 13:22:00+09:00,55900.0,55900.0,55800.0,55800.0,351,0.0,0.0
2025-03-27 13:23:00+09:00,55800.0,55900.0,55800.0,55800.0,472,0.0,0.0
2025-03-27 13:24:00+09:00,55800.0,55900.0,55800.0,55800.0,197,0.0,0.0
2025-03-27 13:25:00+09:00,55800.0,55900.0,55800.0,55900.0,548,0.0,0.0
2025-03-27 13:26:00+09:00,55900.0,55900.0,55800.0,55800.0,152,0.0,0.0
2025-03-27 13:27:00+09:00,55800.0,55900.0,55800.0,55900.0,293,0.0,0.0
2025-03-27 13:28:00+09:00,55800.0,55900.0,55800.0,55800.0,508,0.0,0.0
2025-03-27 13:29:00+09:00,55900.0,55900.0,55800.0,55800.0,237,0.0,0.0
2025-03-27 13:30:00+09:00,55800.0,55900.0,55800.0,55800.0,436,0.0,0.0
2025-03-27 13:31:00+09:00,55800.0,55900.0,55800.0,55800.0,370,0.0,0.0
2025-03-27 13:32:00+09:00,55800.0,55900.0,55800.0,55900.0,371,0.0,0.0
2025-03-27 13:33:00+09:00,55800.0,55900.0,55800.0,55900.0,394,0.0,0.0
2025-03-27 13:34:00+09:00,55900.0,55900.0,55800.0,55800.0,565,0.0,0.0
2025-03-27 13:35:00+09:00,55800.0,55900.0,55800.0,55800.0,265,0.0,0.0
2025-03-27 13:36:00+09:00,55800.0,55900.0,55800.0,55900.0,454,0.0,0.0
2025-03-27 13:37:00+09:00,55800.0,55900.0,55800.0,55800.0,1238,0.0,0.0
2025-03-27 13:38:00+09:00,55800.0,55900.0,55800.0,55800.0,1175,0.0,0.0
2025-03-27 13:39:00+09:00,55800.0,55900.0,55800.0,55800.0,468,0.0,0.0
2025-03-27 13:40:00+09:00,55800.0,55900.0,55800.0,55900.0,370,0.0,0.0
2025-03-27 13:41:00+09:00,55800.0,55800.0,55800.0,55800.0,435,0.0,0.0
2025-03-27 13:42:00+09:00,55900.0,55900.0,55800.0,55800.0,445,0.0,0.0
2025-03-27 13:43:00+09:00,55800.0,55900.0,55700.0,55700.0,3645,0.0,0.0
2025-03-27 13:44:00+09:00,55800.0,55900.0,55700.0,55850.0,5520,0.0,0.0
2025-03-27 13:45:00+09:00,55850.0,55900.0,55800.0,55850.0,331,0.0,0.0
2025-03-27 13:46:00+09:00,55850.0,55900.0,55850.0,55900.0,208,0.0,0.0
2025-03-27 13:47:00+09:00,55900.0,55900.0,55800.0,55900.0,49,0.0,0.0
2025-03-27 13:48:00+09:00,55900.0,55900.0,55800.0,55800.0,157,0.0,0.0
2025-03-27 13:49:00+09:00,55800.0,55900.0,55800.0,55900.0,25,0.0,0.0
2025-03-27 13:50:00+09:00,55900.0,55900.0,55800.0,55900.0,26,0.0,0.0
2025-03-27 13:51:00+09:00,55800.0,55900.0,55800.0,55800.0,132,0.0,0.0
2025-03-27 13:52:00+09:00,55850.0,55900.0,55800.0,55900.0,134,0.0,0.0
2025-03-27 13:53:00+09:00,55800.0,55900.0,55800.0,55900.0,150,0.0,0.0
2025-03-27 13:54:00+09:00,55800.0,55900.0,55800.0,55800.0,247,0.0,0.0
2025-03-27 13:55:00+09:00,55900.0,55900.0,55800.0,55800.0,206,0.0,0.0
2025-03-27 13:56:00+09:00,55900.0,55900.0,55800.0,55800.0,379,0.0,0.0
2025-03-27 13:57:00+09:00,55900.0,55900.0,55800.0,55900.0,292,0.0,0.0
2025-03-27 13:58:00+09:00,55800.0,55900.0,55800.0,55900.0,168,0.0,0.0
2025-03-27 13:59:00+09:00,55800.0,55900.0,55800.0,55900.0,292,0.0,0.0
2025-03-27 14:00:00+09:00,55900.0,55900.0,55800.0,55800.0,368,0.0,0.0
2025-03-27 14:01:00+09:00,55900.0,55900.0,55800.0,55850.0,2720,0.0,0.0
2025-03-27 14:02:00+09:00,55850.0,55900.0,55800.0,55800.0,548,0.0,0.0
2025-03-27 14:03:00+09:00,55800.0,55900.0,55800.0,55800.0,258,0.0,0.0
2025-03-27 14:04:00+09:00,55800.0,55900.0,55800.0,55800.0,249,0.0,0.0
2025-03-27 14:05:00+09:00,55900.0,55900.0,55800.0,55800.0,349,0.0,0.0
2025-03-27 14:06:00+09:00,55900.0,55900.0,55800.0,55800.0,301,0.0,0.0
2025-03-27 14:07:00+09:00,55800.0,55900.0,55800.0,55800.0,241,0.0,0.0
2025-03-27 14:08:00+09:00,55800.0,55900.0,55800.0,55800.0,925,0.0,0.0
2025-03-27 14:09:00+09:00,55800.0,55900.0,55800.0,55800.0,805,0.0,0.0
2025-03-27 14:10:00+09:00,55900.0,55900.0,55800.0,55800.0,329,0.0,0.0
2025-03-27 14:11:00+09:00,55800.0,55900.0,55800.0,55800.0,375,0.0,0.0
2025-03-27 14:12:00+09:00,55800.0,55900.0,55800.0,55800.0,424,0.0,0.0
2025-03-27 14:13:00+09:00,55800.0,55900.0,55800.0,55800.0,447,0.0,0.0
2025-03-27 14:14:00+09:00,55850.0,55900.0,55800.0,55800.0,420,0.0,0.0
2025-03-27 14:15:00+09:00,55800.0,55850.0,55800.0,55800.0,432,0.0,0.0
2025-03-27 14:16:00+09:00,55850.0,55900.0,55800.0,55800.0,1691,0.0,0.0
2025-03-27 14:17:00+09:00,55800.0,55900.0,55700.0,55700.0,1259,0.0,0.0
2025-03-27 14:18:00+09:00,55700.0,55800.0,55700.0,55700.0,280,0.0,0.0
2025-03-27 14:19:00+09:00,55700.0,55800.0,55700.0,55700.0,371,0.0,0.0
2025-03-27 14:20:00+09:00,55700.0,55800.0,55700.0,55800.0,631,0.0,0.0
2025-03-27 14:21:00+09:00,55700.0,55800.0,55700.0,55800.0,285,0.0,0.0
2025-03-27 14:22:00+09:00,55800.0,55800.0,55700.0,55700.0,880,0.0,0.0
2025-03-27 14:23:00+09:00,55700.0,55800.0,55700.0,55750.0,317,0.0,0.0
2025-03-27 14:24:00+09:00,55750.0,55800.0,55700.0,55800.0,211,0.0,0.0
2025-03-27 14:25:00+09:00,55800.0,55800.0,55700.0,55800.0,349,0.0,0.0
2025-03-27 14:26:00+09:00,55700.0,55800.0,55700.0,55700.0,629,0.0,0.0
2025-03-27 14:27:00+09:00,55800.0,55800.0,55700.0,55800.0,466,0.0,0.0
2025-03-27 14:28:00+09:00,55700.0,55800.0,55700.0,55700.0,434,0.0,0.0
2025-03-27 14:29:00+09:00,55700.0,55800.0,55700.0,55700.0,1544,0.0,0.0
2025-03-27 14:30:00+09:00,55700.0,55800.0,55700.0,55700.0,145,0.0,0.0
2025-03-27 14:31:00+09:00,55700.0,55800.0,55700.0,55700.0,1425,0.0,0.0
2025-03-27 14:32:00+09:00,55700.0,55800.0,55700.0,55700.0,240,0.0,0.0
2025-03-27 14:33:00+09:00,55700.0,55900.0,55600.0,55750.0,15244,0.0,0.0
2025-03-27 14:34:00+09:00,55800.0,55800.0,55700.0,55700.0,578,0.0,0.0
2025-03-27 14:35:00+09:00,55800.0,55800.0,55700.0,55800.0,245,0.0,0.0
2025-03-27 14:36:00+09:00,55800.0,55800.0,55700.0,55700.0,307,0.0,0.0
2025-03-27 14:37:00+09:00,55800.0,55800.0,55700.0,55700.0,105,0.0,0.0
2025-03-27 14:38:00+09:00,55700.0,55800.0,55700.0,55700.0,250,0.0,0.0
2025-03-27 14:39:00+09:00,55800.0,55800.0,55700.0,55700.0,66,0.0,0.0
2025-03-27 14:40:00+09:00,55700.0,55800.0,55700.0,55800.0,264,0.0,0.0
2025-03-27 14:41:00+09:00,55800.0,55800.0,55700.0,55700.0,104,0.0,0.0
2025-03-27 14:42:00+09:00,55700.0,55800.0,55700.0,55700.0,199,0.0,0.0
2025-03-27 14:43:00+09:00,55700.0,55800.0,55700.0,55700.0,227,0.0,0.0
2025-03-27 14:44:00+09:00,55800.0,55800.0,55700.0,55700.0,192,0.0,0.0
2025-03-27 14:45:00+09:00,55700.0,55800.0,55700.0,55700.0,245,0.0,0.0
2025-03-27 14:46:00+09:00,55800.0,55800.0,55700.0,55700.0,128,0.0,0.0
2025-03-27 14:47:00+09:00,55700.0,55800.0,55700.0,55800.0,195,0.0,0.0
2025-03-27 14:48:00+09:00,55800.0,55800.0,55700.0,55700.0,444,0.0,0.0
2025-03-27 14:49:00+09:00,55700.0,55800.0,55700.0,55700.0,348,0.0,0.0
2025-03-27 14:50:00+09:00,55700.0,55800.0,55700.0,55750.0,507,0.0,0.0
2025-03-27 14:51:00+09:00,55750.0,55800.0,55700.0,55700.0,326,0.0,0.0
2025-03-27 14:52:00+09:00,55700.0,55800.0,55700.0,55700.0,383,0.0,0.0
2025-03-27 14:53:00+09:00,55800.0,55800.0,55700.0,55800.0,461,0.0,0.0
2025-03-27 14:54:00+09:00,55700.0,55800.0,55700.0,55700.0,1892,0.0,0.0
2025-03-27 14:55:00+09:00,55700.0,55800.0,55700.0,55700.0,475,0.0,0.0
2025-03-27 14:56:00+09:00,55700.0,55800.0,55700.0,55800.0,1684,0.0,0.0
2025-03-27 14:57:00+09:00,55800.0,55800.0,55700.0,55700.0,389,0.0,0.0
2025-03-27 14:58:00+09:00,55700.0,55800.0,55700.0,55700.0,421,0.0,0.0
2025-03-27 14:59:00+09:00,55700.0,55800.0,55700.0,55700.0,685,0.0,0.0
2025-03-28 09:00:00+09:00,55400.0,55600.0,55400.0,55600.0,10283,0.0,0.0
2025-03-28 09:01:00+09:00,55500.0,55600.0,55400.0,55500.0,2721,0.0,0.0
2025-03-28 09:02:00+09:00,55500.0,55500.0,55400.0,55500.0,1539,0.0,0.0
2025-03-28 09:03:00+09:00,55400.0,55500.0,55400.0,55500.0,1470,0.0,0.0
2025-03-28 09:04:00+09:00,55500.0,55700.0,55400.0,55700.0,7379,0.0,0.0
2025-03-28 09:05:00+09:00,55700.0,55700.0,55600.0,55700.0,741,0.0,0.0
2025-03-28 09:06:00+09:00,55700.0,55700.0,55600.0,55600.0,853,0.0,0.0
2025-03-28 09:07:00+09:00,55600.0,55700.0,55600.0,55600.0,1755,0.0,0.0
2025-03-28 09:08:00+09:00,55600.0,55700.0,55500.0,55600.0,6283,0.0,0.0
2025-03-28 09:09:00+09:00,55500.0,55700.0,55500.0,55600.0,1190,0.0,0.0
2025-03-28 09:10:00+09:00,55700.0,55700.0,55600.0,55600.0,1305,0.0,0.0
2025-03-28 09:11:00+09:00,55650.0,55700.0,55600.0,55700.0,1239,0.0,0.0
2025-03-28 09:12:00+09:00,55600.0,55600.0,55600.0,55600.0,577,0.0,0.0
2025-03-28 09:13:00+09:00,55600.0,55700.0,55600.0,55600.0,166,0.0,0.0
2025-03-28 09:14:00+09:00,55600.0,55700.0,55600.0,55700.0,816,0.0,0.0
2025-03-28 09:15:00+09:00,55600.0,55700.0,55600.0,55600.0,3980,0.0,0.0
2025-03-28 09:16:00+09:00,55600.0,55600.0,55500.0,55600.0,2417,0.0,0.0
2025-03-28 09:17:00+09:00,55650.0,55650.0,55600.0,55600.0,90,0.0,0.0
2025-03-28 09:18:00+09:00,55600.0,55650.0,55500.0,55600.0,4006,0.0,0.0
2025-03-28 09:19:00+09:00,55600.0,55650.0,55600.0,55650.0,882,0.0,0.0
2025-03-28 09:20:00+09:00,55600.0,55650.0,55600.0,55650.0,1064,0.0,0.0
2025-03-28 09:21:00+09:00,55600.0,55650.0,55500.0,55600.0,3607,0.0,0.0
2025-03-28 09:22:00+09:00,55650.0,55700.0,55600.0,55600.0,532,0.0,0.0
2025-03-28 09:23:00+09:00,55600.0,55800.0,55600.0,55700.0,9487,0.0,0.0
2025-03-28 09:24:00+09:00,55700.0,55700.0,55700.0,55700.0,1274,0.0,0.0
2025-03-28 09:25:00+09:00,55700.0,55750.0,55650.0,55750.0,2743,0.0,0.0
2025-03-28 09:26:00+09:00,55700.0,55750.0,55700.0,55750.0,458,0.0,0.0
2025-03-28 09:27:00+09:00,55700.0,55700.0,55650.0,55700.0,1821,0.0,0.0
2025-03-28 09:28:00+09:00,55700.0,55750.0,55700.0,55700.0,205,0.0,0.0
2025-03-28 09:29:00+09:00,55700.0,55700.0,55700.0,55700.0,1753,0.0,0.0
2025-03-28 09:30:00+09:00,55750.0,55750.0,55700.0,55750.0,109,0.0,0.0
2025-03-28 09:31:00+09:00,55750.0,55750.0,55700.0,55750.0,445,0.0,0.0
2025-03-28 09:32:00+09:00,55700.0,55750.0,55700.0,55700.0,260,0.0,0.0
2025-03-28 09:33:00+09:00,55750.0,55800.0,55700.0,55800.0,591,0.0,0.0
2025-03-28 09:34:00+09:00,55800.0,55900.0,55800.0,55800.0,4332,0.0,0.0
2025-03-28 09:35:00+09:00,55900.0,55900.0,55800.0,55800.0,5619,0.0,0.0
2025-03-28 09:36:00+09:00,55800.0,55900.0,55800.0,55800.0,758,0.0,0.0
2025-03-28 09:37:00+09:00,55850.0,55850.0,55800.0,55800.0,1297,0.0,0.0
2025-03-28 09:38:00+09:00,55800.0,55850.0,55800.0,55800.0,307,0.0,0.0
2025-03-28 09:39:00+09:00,55800.0,55800.0,55800.0,55800.0,1440,0.0,0.0
2025-03-28 09:40:00+09:00,55800.0,56000.0,55800.0,55900.0,5482,0.0,0.0
2025-03-28 09:41:00+09:00,55900.0,55900.0,55700.0,55700.0,3620,0.0,0.0
2025-03-28 09:42:00+09:00,55800.0,55800.0,55700.0,55800.0,70,0.0,0.0
2025-03-28 09:43:00+09:00,55800.0,55800.0,55700.0,55800.0,455,0.0,0.0
2025-03-28 09:44:00+09:00,55800.0,55800.0,55700.0,55700.0,257,0.0,0.0
2025-03-28 09:45:00+09:00,55800.0,55800.0,55700.0,55800.0,2480,0.0,0.0
2025-03-28 09:46:00+09:00,55700.0,55800.0,55700.0,55800.0,133,0.0,0.0
2025-03-28 09:47:00+09:00,55750.0,55800.0,55700.0,55800.0,88,0.0,0.0
2025-03-28 09:48:00+09:00,55700.0,55800.0,55700.0,55700.0,758,0.0,0.0
2025-03-28 09:49:00+09:00,55700.0,55800.0,55700.0,55700.0,536,0.0,0.0
2025-03-28 09:50:00+09:00,55800.0,55800.0,55700.0,55700.0,181,0.0,0.0
2025-03-28 09:51:00+09:00,55800.0,55800.0,55700.0,55800.0,293,0.0,0.0
2025-03-28 09:52:00+09:00,55800.0,55800.0,55700.0,55700.0,201,0.0,0.0
2025-03-28 09:53:00+09:00,55800.0,55800.0,55700.0,55700.0,455,0.0,0.0
2025-03-28 09:54:00+09:00,55800.0,55800.0,55700.0,55800.0,289,0.0,0.0
2025-03-28 09:55:00+09:00,55800.0,55800.0,55700.0,55700.0,718,0.0,0.0
2025-03-28 09:56:00+09:00,55700.0,55800.0,55700.0,55800.0,191,0.0,0.0
2025-03-28 09:57:00+09:00,55800.0,55800.0,55700.0,55700.0,820,0.0,0.0
2025-03-28 09:58:00+09:00,55800.0,55800.0,55700.0,55700.0,337,0.0,0.0
2025-03-28 09:59:00+09:00,55700.0,55800.0,55700.0,55700.0,272,0.0,0.0
2025-03-28 10:00:00+09:00,55700.0,55800.0,55700.0,55800.0,1383,0.0,0.0
2025-03-28 10:01:00+09:00,55700.0,55800.0,55700.0,55750.0,0,0.0,0.0
2025-03-28 10:02:00+09:00,55800.0,55800.0,55700.0,55800.0,247,0.0,0.0
2025-03-28 10:03:00+09:00,55700.0,55800.0,55700.0,55800.0,39,0.0,0.0
2025-03-28 10:04:00+09:00,55800.0,55800.0,55700.0,55700.0,429,0.0,0.0
2025-03-28 10:05:00+09:00,55700.0,55800.0,55700.0,55800.0,273,0.0,0.0
2025-03-28 10:06:00+09:00,55800.0,55800.0,55700.0,55800.0,1,0.0,0.0
2025-03-28 10:07:00+09:00,55800.0,55800.0,55700.0,55800.0,816,0.0,0.0
2025-03-28 10:08:00+09:00,55800.0,55800.0,55700.0,55700.0,435,0.0,0.0
2025-03-28 10:09:00+09:00,55700.0,55800.0,55700.0,55700.0,191,0.0,0.0
2025-03-28 10:10:00+09:00,55800.0,55800.0,55700.0,55700.0,59,0.0,0.0
2025-03-28 10:11:00+09:00,55700.0,55800.0,55700.0,55800.0,1312,0.0,0.0
2025-03-28 10:12:00+09:00,55800.0,55900.0,55700.0,55700.0,5198,0.0,0.0
2025-03-28 10:13:00+09:00,55800.0,55800.0,55700.0,55800.0,609,0.0,0.0
2025-03-28 10:14:00+09:00,55700.0,55700.0,55700.0,55700.0,0,0.0,0.0
2025-03-28 10:15:00+09:00,55700.0,55800.0,55700.0,55700.0,59,0.0,0.0
2025-03-28 10:16:00+09:00,55800.0,55800.0,55800.0,55800.0,251,0.0,0.0
2025-03-28 10:17:00+09:00,55700.0,55800.0,55700.0,55800.0,172,0.0,0.0
2025-03-28 10:18:00+09:00,55800.0,55800.0,55700.0,55700.0,285,0.0,0.0
2025-03-28 10:19:00+09:00,55700.0,55800.0,55700.0,55700.0,367,0.0,0.0
2025-03-28 10:20:00+09:00,55800.0,55800.0,55700.0,55800.0,120,0.0,0.0
2025-03-28 10:21:00+09:00,55800.0,55800.0,55700.0,55800.0,316,0.0,0.0
2025-03-28 10:22:00+09:00,55800.0,55800.0,55700.0,55700.0,695,0.0,0.0
2025-03-28 10:23:00+09:00,55700.0,55800.0,55700.0,55700.0,287,0.0,0.0
2025-03-28 10:24:00+09:00,55700.0,55800.0,55700.0,55700.0,267,0.0,0.0
2025-03-28 10:25:00+09:00,55700.0,55700.0,55700.0,55700.0,56,0.0,0.0
2025-03-28 10:26:00+09:00,55750.0,55800.0,55700.0,55700.0,968,0.0,0.0
2025-03-28 10:27:00+09:00,55800.0,55800.0,55700.0,55800.0,231,0.0,0.0
2025-03-28 10:28:00+09:00,55700.0,55800.0,55700.0,55800.0,339,0.0,0.0
2025-03-28 10:29:00+09:00,55800.0,55800.0,55700.0,55700.0,69,0.0,0.0
2025-03-28 10:30:00+09:00,55700.0,55800.0,55700.0,55800.0,403,0.0,0.0
2025-03-28 10:31:00+09:00,55700.0,55800.0,55700.0,55800.0,496,0.0,0.0
2025-03-28 10:32:00+09:00,55800.0,55800.0,55700.0,55700.0,16,0.0,0.0
2025-03-28 10:33:00+09:00,55800.0,55800.0,55700.0,55800.0,705,0.0,0.0
2025-03-28 10:34:00+09:00,55700.0,55800.0,55700.0,55800.0,216,0.0,0.0
2025-03-28 10:35:00+09:00,55800.0,55800.0,55700.0,55800.0,762,0.0,0.0
2025-03-28 10:36:00+09:00,55800.0,55800.0,55700.0,55800.0,164,0.0,0.0
2025-03-28 10:37:00+09:00,55800.0,55800.0,55700.0,55800.0,439,0.0,0.0
2025-03-28 10:38:00+09:00,55700.0,55800.0,55700.0,55700.0,51,0.0,0.0
2025-03-28 10:39:00+09:00,55700.0,55900.0,55700.0,55800.0,1257,0.0,0.0
2025-03-28 10:40:00+09:00,55800.0,55900.0,55800.0,55800.0,491,0.0,0.0
2025-03-28 10:41:00+09:00,55900.0,55900.0,55800.0,55800.0,242,0.0,0.0
2025-03-28 10:42:00+09:00,55900.0,55900.0,55800.0,55800.0,224,0.0,0.0
2025-03-28 10:43:00+09:00,55900.0,55900.0,55800.0,55900.0,589,0.0,0.0
2025-03-28 10:44:00+09:00,55800.0,55900.0,55800.0,55900.0,607,0.0,0.0
2025-03-28 10:45:00+09:00,55800.0,55900.0,55800.0,55900.0,497,0.0,0.0
2025-03-28 10:46:00+09:00,55800.0,55900.0,55800.0,55900.0,74,0.0,0.0
2025-03-28 10:47:00+09:00,55850.0,55900.0,55800.0,55800.0,526,0.0,0.0
2025-03-28 10:48:00+09:00,55800.0,55900.0,55800.0,55800.0,594,0.0,0.0
2025-03-28 10:49:00+09:00,55900.0,55900.0,55800.0,55900.0,390,0.0,0.0
2025-03-28 10:50:00+09:00,55900.0,55900.0,55800.0,55900.0,97,0.0,0.0
2025-03-28 10:51:00+09:00,55900.0,55900.0,55800.0,55800.0,503,0.0,0.0
2025-03-28 10:52:00+09:00,55900.0,55900.0,55800.0,55900.0,647,0.0,0.0
2025-03-28 10:53:00+09:00,55800.0,55900.0,55800.0,55900.0,93,0.0,0.0
2025-03-28 10:54:00+09:00,55900.0,55900.0,55800.0,55900.0,1056,0.0,0.0
2025-03-28 10:55:00+09:00,55900.0,55900.0,55800.0,55900.0,49,0.0,0.0
2025-03-28 10:56:00+09:00,55800.0,55850.0,55800.0,55850.0,316,0.0,0.0
2025-03-28 10:57:00+09:00,55900.0,55900.0,55800.0,55800.0,1486,0.0,0.0
2025-03-28 10:58:00+09:00,55800.0,55800.0,55700.0,55700.0,4829,0.0,0.0
2025-03-28 10:59:00+09:00,55700.0,55800.0,55700.0,55800.0,84,0.0,0.0
2025-03-28 11:00:00+09:00,55800.0,55800.0,55700.0,55800.0,102,0.0,0.0
2025-03-28 11:01:00+09:00,55800.0,55800.0,55700.0,55700.0,21,0.0,0.0
2025-03-28 11:02:00+09:00,55800.0,55900.0,55700.0,55800.0,1823,0.0,0.0
2025-03-28 11:03:00+09:00,55850.0,55850.0,55800.0,55850.0,159,0.0,0.0
2025-03-28 11:04:00+09:00,55850.0,55850.0,55800.0,55800.0,436,0.0,0.0
2025-03-28 11:05:00+09:00,55850.0,55850.0,55800.0,55850.0,203,0.0,0.0
2025-03-28 11:06:00+09:00,55800.0,55850.0,55800.0,55850.0,356,0.0,0.0
2025-03-28 11:07:00+09:00,55850.0,55850.0,55800.0,55800.0,390,0.0,0.0
2025-03-28 11:08:00+09:00,55850.0,55900.0,55700.0,55800.0,3987,0.0,0.0
2025-03-28 11:09:00+09:00,55800.0,55900.0,55800.0,55800.0,103,0.0,0.0
2025-03-28 11:10:00+09:00,55850.0,55900.0,55800.0,55800.0,274,0.0,0.0
2025-03-28 11:11:00+09:00,55800.0,55850.0,55800.0,55800.0,36,0.0,0.0
2025-03-28 11:12:00+09:00,55800.0,55900.0,55800.0,55800.0,96,0.0,0.0
2025-03-28 11:13:00+09:00,55850.0,55900.0,55800.0,55800.0,54,0.0,0.0
2025-03-28 11:14:00+09:00,55900.0,55900.0,55800.0,55800.0,63,0.0,0.0
2025-03-28 11:15:00+09:00,55800.0,55900.0,55800.0,55800.0,429,0.0,0.0
2025-03-28 11:16:00+09:00,55900.0,55900.0,55800.0,55900.0,1600,0.0,0.0
2025-03-28 11:17:00+09:00,55900.0,55900.0,55800.0,55900.0,248,0.0,0.0
2025-03-28 11:18:00+09:00,55900.0,55900.0,55800.0,55800.0,192,0.0,0.0
2025-03-28 11:19:00+09:00,55900.0,55900.0,55800.0,55800.0,259,0.0,0.0
2025-03-28 11:20:00+09:00,55800.0,55900.0,55800.0,55900.0,182,0.0,0.0
2025-03-28 11:21:00+09:00,55900.0,55900.0,55800.0,55900.0,755,0.0,0.0
2025-03-28 11:22:00+09:00,55800.0,55900.0,55800.0,55900.0,0,0.0,0.0
2025-03-28 11:23:00+09:00,55900.0,55900.0,55800.0,55900.0,463,0.0,0.0
2025-03-28 11:24:00+09:00,55900.0,55900.0,55800.0,55800.0,38,0.0,0.0
2025-03-28 11:25:00+09:00,55900.0,55900.0,55800.0,55800.0,167,0.0,0.0
2025-03-28 11:26:00+09:00,55800.0,55900.0,55800.0,55900.0,431,0.0,0.0
2025-03-28 11:27:00+09:00,55900.0,55900.0,55800.0,55800.0,213,0.0,0.0
2025-03-28 11:28:00+09:00,55900.0,55900.0,55800.0,55900.0,310,0.0,0.0
2025-03-28 11:29:00+09:00,55900.0,55900.0,55800.0,55900.0,333,0.0,0.0
2025-03-28 11:30:00+09:00,55900.0,55900.0,55800.0,55900.0,868,0.0,0.0
2025-03-28 11:31:00+09:00,55900.0,55900.0,55800.0,55900.0,327,0.0,0.0
2025-03-28 11:32:00+09:00,55900.0,55900.0,55800.0,55800.0,267,0.0,0.0
2025-03-28 11:33:00+09:00,55800.0,55900.0,55800.0,55800.0,215,0.0,0.0
2025-03-28 11:34:00+09:00,55800.0,55900.0,55800.0,55900.0,404,0.0,0.0
2025-03-28 11:35:00+09:00,55800.0,55900.0,55800.0,55900.0,109,0.0,0.0
2025-03-28 11:36:00+09:00,55800.0,55900.0,55800.0,55900.0,257,0.0,0.0
2025-03-28 11:37:00+09:00,55900.0,55900.0,55800.0,55800.0,249,0.0,0.0
2025-03-28 11:38:00+09:00,55900.0,55900.0,55800.0,55800.0,252,0.0,0.0
2025-03-28 11:39:00+09:00,55900.0,55900.0,55800.0,55800.0,152,0.0,0.0
2025-03-28 11:40:00+09:00,55900.0,55900.0,55800.0,55900.0,103,0.0,0.0
2025-03-28 11:41:00+09:00,55800.0,55900.0,55800.0,55900.0,96,0.0,0.0
2025-03-28 11:42:00+09:00,55900.0,55900.0,55800.0,55800.0,531,0.0,0.0
2025-03-28 11:43:00+09:00,55800.0,55900.0,55800.0,55800.0,0,0.0,0.0
2025-03-28 11:44:00+09:00,55800.0,55900.0,55800.0,55900.0,120,0.0,0.0
2025-03-28 11:45:00+09:00,55900.0,55900.0,55800.0,55900.0,308,0.0,0.0
2025-03-28 11:46:00+09:00,55900.0,55900.0,55800.0,55900.0,0,0.0,0.0
2025-03-28 11:47:00+09:00,55900.0,55900.0,55800.0,55800.0,232,0.0,0.0
2025-03-28 11:48:00+09:00,55800.0,55900.0,55700.0,55700.0,14491,0.0,0.0
2025-03-28 11:49:00+09:00,55700.0,55800.0,55700.0,55800.0,1947,0.0,0.0
2025-03-28 11:50:00+09:00,55700.0,55800.0,55700.0,55700.0,149,0.0,0.0
2025-03-28 11:51:00+09:00,55700.0,55700.0,55600.0,55700.0,164,0.0,0.0
2025-03-28 11:52:00+09:00,55700.0,55700.0,55600.0,55700.0,113,0.0,0.0
2025-03-28 11:53:00+09:00,55700.0,55700.0,55650.0,55700.0,20,0.0,0.0
2025-03-28 11:54:00+09:00,55650.0,55700.0,55600.0,55700.0,589,0.0,0.0
2025-03-28 11:55:00+09:00,55600.0,55700.0,55600.0,55600.0,174,0.0,0.0
2025-03-28 11:56:00+09:00,55700.0,55700.0,55600.0,55700.0,20,0.0,0.0
2025-03-28 11:57:00+09:00,55600.0,55700.0,55600.0,55700.0,68,0.0,0.0
2025-03-28 11:58:00+09:00,55700.0,55700.0,55600.0,55600.0,64,0.0,0.0
2025-03-28 11:59:00+09:00,55600.0,55700.0,55600.0,55700.0,813,0.0,0.0
2025-03-28 12:00:00+09:00,55700.0,55700.0,55600.0,55600.0,155,0.0,0.0
2025-03-28 12:01:00+09:00,55700.0,55700.0,55600.0,55600.0,138,0.0,0.0
2025-03-28 12:02:00+09:00,55700.0,55700.0,55700.0,55700.0,162,0.0,0.0
2025-03-28 12:03:00+09:00,55600.0,55700.0,55600.0,55700.0,196,0.0,0.0
2025-03-28 12:04:00+09:00,55700.0,55700.0,55600.0,55700.0,932,0.0,0.0
2025-03-28 12:05:00+09:00,55700.0,55800.0,55600.0,55700.0,4407,0.0,0.0
2025-03-28 12:06:00+09:00,55700.0,55800.0,55600.0,55600.0,0,0.0,0.0
2025-03-28 12:07:00+09:00,55700.0,55700.0,55600.0,55600.0,63,0.0,0.0
2025-03-28 12:08:00+09:00,55800.0,55800.0,55700.0,55700.0,49,0.0,0.0
2025-03-28 12:09:00+09:00,55800.0,55800.0,55600.0,55800.0,324,0.0,0.0
2025-03-28 12:10:00+09:00,55800.0,55800.0,55600.0,55650.0,291,0.0,0.0
2025-03-28 12:11:00+09:00,55700.0,55700.0,55500.0,55600.0,4124,0.0,0.0
2025-03-28 12:12:00+09:00,55700.0,55700.0,55550.0,55600.0,853,0.0,0.0
2025-03-28 12:13:00+09:00,55600.0,55700.0,55500.0,55600.0,253,0.0,0.0
2025-03-28 12:14:00+09:00,55700.0,55700.0,55600.0,55700.0,29,0.0,0.0
2025-03-28 12:15:00+09:00,55600.0,55700.0,55600.0,55700.0,16,0.0,0.0
2025-03-28 12:16:00+09:00,55700.0,55700.0,55600.0,55700.0,111,0.0,0.0
2025-03-28 12:17:00+09:00,55600.0,55700.0,55600.0,55700.0,14,0.0,0.0
2025-03-28 12:18:00+09:00,55700.0,55700.0,55600.0,55600.0,16,0.0,0.0
2025-03-28 12:19:00+09:00,55700.0,55700.0,55700.0,55700.0,104,0.0,0.0
2025-03-28 12:20:00+09:00,55700.0,55700.0,55650.0,55700.0,20,0.0,0.0
2025-03-28 12:21:00+09:00,55600.0,55700.0,55600.0,55700.0,214,0.0,0.0
2025-03-28 12:22:00+09:00,55650.0,55700.0,55650.0,55700.0,25,0.0,0.0
2025-03-28 12:23:00+09:00,55700.0,55700.0,55600.0,55700.0,336,0.0,0.0
2025-03-28 12:24:00+09:00,55700.0,55700.0,55650.0,55700.0,52,0.0,0.0
2025-03-28 12:25:00+09:00,55700.0,55700.0,55650.0,55700.0,72,0.0,0.0
2025-03-28 12:26:00+09:00,55700.0,55700.0,55650.0,55700.0,293,0.0,0.0
2025-03-28 12:27:00+09:00,55700.0,55700.0,55650.0,55700.0,341,0.0,0.0
2025-03-28 12:28:00+09:00,55700.0,55700.0,55650.0,55700.0,55,0.0,0.0
2025-03-28 12:29:00+09:00,55650.0,55700.0,55600.0,55600.0,129,0.0,0.0
2025-03-28 12:30:00+09:00,55700.0,55800.0,55600.0,55800.0,274,0.0,0.0
2025-03-28 12:31:00+09:00,55700.0,55800.0,55600.0,55800.0,172,0.0,0.0
2025-03-28 12:32:00+09:00,55700.0,55800.0,55700.0,55800.0,493,0.0,0.0
2025-03-28 12:33:00+09:00,55700.0,55800.0,55700.0,55800.0,619,0.0,0.0
2025-03-28 12:34:00+09:00,55800.0,55800.0,55600.0,55700.0,1677,0.0,0.0
2025-03-28 12:35:00+09:00,55800.0,55800.0,55600.0,55700.0,5,0.0,0.0
2025-03-28 12:36:00+09:00,55700.0,55800.0,55500.0,55600.0,6301,0.0,0.0
2025-03-28 12:37:00+09:00,55600.0,55600.0,55500.0,55600.0,283,0.0,0.0
2025-03-28 12:38:00+09:00,55600.0,55600.0,55500.0,55600.0,92,0.0,0.0
2025-03-28 12:39:00+09:00,55500.0,55600.0,55500.0,55550.0,33,0.0,0.0
2025-03-28 12:40:00+09:00,55550.0,55600.0,55500.0,55600.0,172,0.0,0.0
2025-03-28 12:41:00+09:00,55600.0,55600.0,55500.0,55500.0,97,0.0,0.0
2025-03-28 12:42:00+09:00,55500.0,55600.0,55500.0,55600.0,19,0.0,0.0
2025-03-28 12:43:00+09:00,55550.0,55600.0,55500.0,55600.0,50,0.0,0.0
2025-03-28 12:44:00+09:00,55600.0,55600.0,55500.0,55500.0,8,0.0,0.0
2025-03-28 12:45:00+09:00,55600.0,55600.0,55550.0,55600.0,198,0.0,0.0
2025-03-28 12:46:00+09:00,55600.0,55600.0,55550.0,55600.0,319,0.0,0.0
2025-03-28 12:47:00+09:00,55600.0,55600.0,55550.0,55600.0,247,0.0,0.0
2025-03-28 12:48:00+09:00,55600.0,55700.0,55550.0,55700.0,795,0.0,0.0
2025-03-28 12:49:00+09:00,55700.0,55700.0,55600.0,55600.0,699,0.0,0.0
2025-03-28 12:50:00+09:00,55700.0,55700.0,55600.0,55600.0,327,0.0,0.0
2025-03-28 12:51:00+09:00,55700.0,55700.0,55700.0,55700.0,544,0.0,0.0
2025-03-28 12:52:00+09:00,55700.0,55700.0,55600.0,55600.0,241,0.0,0.0
2025-03-28 12:53:00+09:00,55700.0,55700.0,55600.0,55700.0,411,0.0,0.0
2025-03-28 12:54:00+09:00,55600.0,55700.0,55600.0,55700.0,143,0.0,0.0
2025-03-28 12:55:00+09:00,55700.0,55700.0,55600.0,55700.0,144,0.0,0.0
2025-03-28 12:56:00+09:00,55600.0,55700.0,55600.0,55600.0,616,0.0,0.0
2025-03-28 12:57:00+09:00,55700.0,55700.0,55600.0,55700.0,800,0.0,0.0
2025-03-28 12:58:00+09:00,55700.0,55700.0,55600.0,55700.0,25,0.0,0.0
2025-03-28 12:59:00+09:00,55800.0,55800.0,55700.0,55800.0,141,0.0,0.0
2025-03-28 13:00:00+09:00,55800.0,55800.0,55600.0,55700.0,197,0.0,0.0
2025-03-28 13:01:00+09:00,55800.0,55800.0,55600.0,55700.0,267,0.0,0.0
2025-03-28 13:02:00+09:00,55700.0,55800.0,55600.0,55700.0,380,0.0,0.0
2025-03-28 13:03:00+09:00,55600.0,55800.0,55600.0,55700.0,206,0.0,0.0
2025-03-28 13:04:00+09:00,55600.0,55800.0,55600.0,55600.0,154,0.0,0.0
2025-03-28 13:05:00+09:00,55700.0,55800.0,55600.0,55700.0,198,0.0,0.0
2025-03-28 13:06:00+09:00,55800.0,55800.0,55600.0,55700.0,339,0.0,0.0
2025-03-28 13:07:00+09:00,55700.0,55700.0,55600.0,55650.0,577,0.0,0.0
2025-03-28 13:08:00+09:00,55650.0,55700.0,55600.0,55700.0,453,0.0,0.0
2025-03-28 13:09:00+09:00,55700.0,55700.0,55600.0,55700.0,161,0.0,0.0
2025-03-28 13:10:00+09:00,55700.0,55700.0,55600.0,55700.0,609,0.0,0.0
2025-03-28 13:11:00+09:00,55700.0,55700.0,55600.0,55700.0,174,0.0,0.0
2025-03-28 13:12:00+09:00,55700.0,55700.0,55600.0,55700.0,315,0.0,0.0
2025-03-28 13:13:00+09:00,55600.0,55700.0,55600.0,55700.0,165,0.0,0.0
2025-03-28 13:14:00+09:00,55700.0,55800.0,55600.0,55800.0,205,0.0,0.0
2025-03-28 13:15:00+09:00,55700.0,55800.0,55600.0,55700.0,307,0.0,0.0
2025-03-28 13:16:00+09:00,55800.0,55800.0,55700.0,55800.0,425,0.0,0.0
2025-03-28 13:17:00+09:00,55800.0,55800.0,55700.0,55800.0,491,0.0,0.0
2025-03-28 13:18:00+09:00,55700.0,55800.0,55600.0,55800.0,0,0.0,0.0
2025-03-28 13:19:00+09:00,55700.0,55800.0,55700.0,55800.0,212,0.0,0.0
2025-03-28 13:20:00+09:00,55800.0,55800.0,55600.0,55700.0,172,0.0,0.0
2025-03-28 13:21:00+09:00,55700.0,55800.0,55600.0,55600.0,367,0.0,0.0
2025-03-28 13:22:00+09:00,55700.0,55700.0,55600.0,55700.0,492,0.0,0.0
2025-03-28 13:23:00+09:00,55600.0,55800.0,55600.0,55800.0,3559,0.0,0.0
2025-03-28 13:24:00+09:00,55800.0,55800.0,55700.0,55700.0,475,0.0,0.0
2025-03-28 13:25:00+09:00,55700.0,55800.0,55700.0,55750.0,1341,0.0,0.0
2025-03-28 13:26:00+09:00,55750.0,55800.0,55700.0,55800.0,183,0.0,0.0
2025-03-28 13:27:00+09:00,55800.0,55800.0,55700.0,55800.0,292,0.0,0.0
2025-03-28 13:28:00+09:00,55800.0,55800.0,55700.0,55750.0,108,0.0,0.0
2025-03-28 13:29:00+09:00,55800.0,55800.0,55700.0,55800.0,230,0.0,0.0
2025-03-28 13:30:00+09:00,55700.0,55800.0,55700.0,55700.0,485,0.0,0.0
2025-03-28 13:31:00+09:00,55800.0,55800.0,55700.0,55700.0,225,0.0,0.0
2025-03-28 13:32:00+09:00,55800.0,55800.0,55700.0,55800.0,554,0.0,0.0
2025-03-28 13:33:00+09:00,55800.0,55800.0,55750.0,55750.0,1,0.0,0.0
2025-03-28 13:34:00+09:00,55700.0,55750.0,55700.0,55750.0,15,0.0,0.0
2025-03-28 13:35:00+09:00,55750.0,55750.0,55700.0,55700.0,1894,0.0,0.0
2025-03-28 13:36:00+09:00,55650.0,55700.0,55600.0,55700.0,284,0.0,0.0
2025-03-28 13:37:00+09:00,55700.0,55700.0,55600.0,55700.0,219,0.0,0.0
2025-03-28 13:38:00+09:00,55700.0,55700.0,55600.0,55700.0,66,0.0,0.0
2025-03-28 13:39:00+09:00,55600.0,55700.0,55600.0,55700.0,35,0.0,0.0
2025-03-28 13:40:00+09:00,55600.0,55700.0,55600.0,55700.0,126,0.0,0.0
2025-03-28 13:41:00+09:00,55700.0,55700.0,55600.0,55600.0,38,0.0,0.0
2025-03-28 13:42:00+09:00,55700.0,55700.0,55600.0,55600.0,134,0.0,0.0
2025-03-28 13:43:00+09:00,55700.0,55700.0,55600.0,55700.0,51,0.0,0.0
2025-03-28 13:44:00+09:00,55600.0,55700.0,55600.0,55700.0,7,0.0,0.0
2025-03-28 13:45:00+09:00,55700.0,55700.0,55600.0,55700.0,44,0.0,0.0
2025-03-28 13:46:00+09:00,55600.0,55700.0,55600.0,55700.0,36,0.0,0.0
2025-03-28 13:47:00+09:00,55600.0,55700.0,55600.0,55600.0,64,0.0,0.0
2025-03-28 13:48:00+09:00,55700.0,55700.0,55700.0,55700.0,128,0.0,0.0
2025-03-28 13:49:00+09:00,55700.0,55700.0,55600.0,55700.0,85,0.0,0.0
2025-03-28 13:50:00+09:00,55600.0,55700.0,55600.0,55600.0,81,0.0,0.0
2025-03-28 13:51:00+09:00,55600.0,55700.0,55600.0,55600.0,1106,0.0,0.0
2025-03-28 13:52:00+09:00,55700.0,55700.0,55600.0,55600.0,21,0.0,0.0
2025-03-28 13:53:00+09:00,55700.0,55700.0,55600.0,55600.0,77,0.0,0.0
2025-03-28 13:54:00+09:00,55600.0,55700.0,55600.0,55600.0,155,0.0,0.0
2025-03-28 13:55:00+09:00,55600.0,55700.0,55600.0,55600.0,184,0.0,0.0
2025-03-28 13:56:00+09:00,55600.0,55700.0,55600.0,55600.0,105,0.0,0.0
2025-03-28 13:57:00+09:00,55600.0,55700.0,55600.0,55650.0,868,0.0,0.0
2025-03-28 13:58:00+09:00,55600.0,55700.0,55600.0,55700.0,133,0.0,0.0
2025-03-28 13:59:00+09:00,55600.0,55700.0,55500.0,55500.0,8944,0.0,0.0
2025-03-28 14:00:00+09:00,55500.0,55600.0,55500.0,55600.0,99,0.0,0.0
2025-03-28 14:01:00+09:00,55600.0,55600.0,55500.0,55600.0,404,0.0,0.0
2025-03-28 14:02:00+09:00,55600.0,55600.0,55600.0,55600.0,26,0.0,0.0
2025-03-28 14:03:00+09:00,55600.0,55600.0,55500.0,55500.0,81,0.0,0.0
2025-03-28 14:04:00+09:00,55600.0,55600.0,55500.0,55600.0,46,0.0,0.0
2025-03-28 14:05:00+09:00,55600.0,55600.0,55500.0,55600.0,52,0.0,0.0
2025-03-28 14:06:00+09:00,55500.0,55600.0,55500.0,55600.0,490,0.0,0.0
2025-03-28 14:07:00+09:00,55600.0,55600.0,55500.0,55600.0,464,0.0,0.0
2025-03-28 14:08:00+09:00,55600.0,55600.0,55500.0,55600.0,89,0.0,0.0
2025-03-28 14:09:00+09:00,55600.0,55600.0,55500.0,55600.0,73,0.0,0.0
2025-03-28 14:10:00+09:00,55600.0,55600.0,55500.0,55500.0,915,0.0,0.0
2025-03-28 14:11:00+09:00,55500.0,55600.0,55500.0,55600.0,1146,0.0,0.0
2025-03-28 14:12:00+09:00,55600.0,55600.0,55500.0,55600.0,636,0.0,0.0
2025-03-28 14:13:00+09:00,55600.0,55600.0,55500.0,55500.0,462,0.0,0.0
2025-03-28 14:14:00+09:00,55600.0,55600.0,55600.0,55600.0,401,0.0,0.0
2025-03-28 14:15:00+09:00,55600.0,55600.0,55500.0,55550.0,555,0.0,0.0
2025-03-28 14:16:00+09:00,55600.0,55600.0,55550.0,55550.0,225,0.0,0.0
2025-03-28 14:17:00+09:00,55600.0,55600.0,55550.0,55600.0,537,0.0,0.0
2025-03-28 14:18:00+09:00,55600.0,55600.0,55550.0,55600.0,181,0.0,0.0
2025-03-28 14:19:00+09:00,55600.0,55600.0,55550.0,55600.0,235,0.0,0.0
2025-03-28 14:20:00+09:00,55600.0,55600.0,55550.0,55600.0,173,0.0,0.0
2025-03-28 14:21:00+09:00,55600.0,55600.0,55500.0,55500.0,387,0.0,0.0
2025-03-28 14:22:00+09:00,55600.0,55600.0,55500.0,55600.0,1979,0.0,0.0
2025-03-28 14:23:00+09:00,55600.0,55600.0,55500.0,55600.0,274,0.0,0.0
2025-03-28 14:24:00+09:00,55600.0,55600.0,55500.0,55600.0,371,0.0,0.0
2025-03-28 14:25:00+09:00,55600.0,55600.0,55500.0,55600.0,191,0.0,0.0
2025-03-28 14:26:00+09:00,55600.0,55600.0,55500.0,55600.0,167,0.0,0.0
2025-03-28 14:27:00+09:00,55600.0,55600.0,55500.0,55600.0,562,0.0,0.0
2025-03-28 14:28:00+09:00,55600.0,55600.0,55500.0,55500.0,308,0.0,0.0
2025-03-28 14:29:00+09:00,55500.0,55600.0,55500.0,55500.0,603,0.0,0.0
2025-03-28 14:30:00+09:00,55600.0,55600.0,55500.0,55600.0,1422,0.0,0.0
2025-03-28 14:31:00+09:00,55600.0,55600.0,55500.0,55600.0,41,0.0,0.0
2025-03-28 14:32:00+09:00,55600.0,55600.0,55500.0,55550.0,1067,0.0,0.0
2025-03-28 14:33:00+09:00,55550.0,55550.0,55500.0,55500.0,49,0.0,0.0
2025-03-28 14:34:00+09:00,55500.0,55600.0,55500.0,55600.0,278,0.0,0.0
2025-03-28 14:35:00+09:00,55600.0,55700.0,55500.0,55600.0,4931,0.0,0.0
2025-03-28 14:36:00+09:00,55600.0,55700.0,55600.0,55700.0,280,0.0,0.0
2025-03-28 14:37:00+09:00,55600.0,55700.0,55600.0,55700.0,81,0.0,0.0
2025-03-28 14:38:00+09:00,55700.0,55700.0,55500.0,55600.0,6452,0.0,0.0
2025-03-28 14:39:00+09:00,55600.0,55600.0,55500.0,55550.0,49,0.0,0.0
2025-03-28 14:40:00+09:00,55500.0,55550.0,55500.0,55550.0,69,0.0,0.0
2025-03-28 14:41:00+09:00,55550.0,55600.0,55500.0,55600.0,285,0.0,0.0
2025-03-28 14:42:00+09:00,55600.0,55600.0,55500.0,55550.0,62,0.0,0.0
2025-03-28 14:43:00+09:00,55550.0,55600.0,55500.0,55600.0,1567,0.0,0.0
2025-03-28 14:44:00+09:00,55600.0,55600.0,55500.0,55600.0,0,0.0,0.0
2025-03-28 14:45:00+09:00,55500.0,55600.0,55500.0,55600.0,107,0.0,0.0
2025-03-28 14:46:00+09:00,55500.0,55600.0,55500.0,55600.0,603,0.0,0.0
2025-03-28 14:47:00+09:00,55500.0,55600.0,55500.0,55600.0,292,0.0,0.0
2025-03-28 14:48:00+09:00,55600.0,55600.0,55500.0,55600.0,249,0.0,0.0
2025-03-28 14:49:00+09:00,55600.0,55600.0,55500.0,55500.0,353,0.0,0.0
2025-03-28 14:50:00+09:00,55600.0,55700.0,55600.0,55700.0,5732,0.0,0.0
2025-03-28 14:51:00+09:00,55700.0,55700.0,55600.0,55600.0,88,0.0,0.0
2025-03-28 14:52:00+09:00,55600.0,55700.0,55600.0,55700.0,1224,0.0,0.0
2025-03-28 14:53:00+09:00,55700.0,55700.0,55600.0,55600.0,49,0.0,0.0
2025-03-28 14:54:00+09:00,55600.0,55700.0,55600.0,55700.0,433,0.0,0.0
2025-03-28 14:55:00+09:00,55600.0,55700.0,55600.0,55600.0,63,0.0,0.0
2025-03-28 14:56:00+09:00,55600.0,55700.0,55600.0,55600.0,156,0.0,0.0
2025-03-28 14:57:00+09:00,55600.0,55600.0,55500.0,55600.0,171,0.0,0.0
2025-03-28 14:58:00+09:00,55600.0,55600.0,55500.0,55500.0,197,0.0,0.0
2025-03-28 14:59:00+09:00,55500.0,55600.0,55500.0,55600.0,205,0.0,0.0
2025-03-31 09:00:00+09:00,55500.0,55500.0,55300.0,55300.0,2606,0.0,0.0
2025-03-31 09:01:00+09:00,55400.0,55500.0,55300.0,55400.0,1344,0.0,0.0
2025-03-31 09:02:00+09:00,55300.0,55300.0,55100.0,55200.0,8056,0.0,0.0
2025-03-31 09:03:00+09:00,55200.0,55300.0,55100.0,55300.0,1924,0.0,0.0
2025-03-31 09:04:00+09:00,55200.0,55300.0,55100.0,55300.0,2204,0.0,0.0
2025-03-31 09:05:00+09:00,55200.0,55300.0,55100.0,55200.0,1526,0.0,0.0
2025-03-31 09:06:00+09:00,55200.0,55300.0,55100.0,55200.0,2836,0.0,0.0
2025-03-31 09:07:00+09:00,55200.0,55200.0,55100.0,55200.0,419,0.0,0.0
2025-03-31 09:08:00+09:00,55200.0,55200.0,55100.0,55200.0,1283,0.0,0.0
2025-03-31 09:09:00+09:00,55200.0,55200.0,55100.0,55200.0,2374,0.0,0.0
2025-03-31 09:10:00+09:00,55200.0,55200.0,55100.0,55200.0,278,0.0,0.0
2025-03-31 09:11:00+09:00,55200.0,55200.0,55100.0,55100.0,830,0.0,0.0
2025-03-31 09:12:00+09:00,55200.0,55200.0,55100.0,55100.0,453,0.0,0.0
2025-03-31 09:13:00+09:00,55200.0,55200.0,55100.0,55100.0,1644,0.0,0.0
2025-03-31 09:14:00+09:00,55200.0,55200.0,54900.0,55100.0,16566,0.0,0.0
2025-03-31 09:15:00+09:00,55100.0,55100.0,55000.0,55100.0,815,0.0,0.0
2025-03-31 09:16:00+09:00,55100.0,55200.0,55000.0,55200.0,1504,0.0,0.0
2025-03-31 09:17:00+09:00,55200.0,55200.0,55100.0,55200.0,256,0.0,0.0
2025-03-31 09:18:00+09:00,55100.0,55200.0,55100.0,55100.0,1244,0.0,0.0
2025-03-31 09:19:00+09:00,55100.0,55200.0,55100.0,55100.0,57,0.0,0.0
2025-03-31 09:20:00+09:00,55100.0,55200.0,55100.0,55100.0,168,0.0,0.0
2025-03-31 09:21:00+09:00,55200.0,55200.0,55100.0,55200.0,3159,0.0,0.0
2025-03-31 09:22:00+09:00,55200.0,55200.0,55100.0,55100.0,3420,0.0,0.0
2025-03-31 09:23:00+09:00,55200.0,55200.0,54900.0,55050.0,10442,0.0,0.0
2025-03-31 09:24:00+09:00,55000.0,55100.0,54900.0,55000.0,5360,0.0,0.0
2025-03-31 09:25:00+09:00,55000.0,55000.0,54900.0,55000.0,1865,0.0,0.0
2025-03-31 09:26:00+09:00,55000.0,55000.0,54900.0,55000.0,1379,0.0,0.0
2025-03-31 09:27:00+09:00,54950.0,55000.0,54900.0,55000.0,876,0.0,0.0
2025-03-31 09:28:00+09:00,55000.0,55100.0,54900.0,55100.0,3154,0.0,0.0
2025-03-31 09:29:00+09:00,55000.0,55050.0,54900.0,55050.0,3721,0.0,0.0
2025-03-31 09:30:00+09:00,55100.0,55100.0,55000.0,55100.0,985,0.0,0.0
2025-03-31 09:31:00+09:00,55100.0,55100.0,55000.0,55100.0,126,0.0,0.0
2025-03-31 09:32:00+09:00,55100.0,55100.0,55000.0,55100.0,452,0.0,0.0
2025-03-31 09:33:00+09:00,55100.0,55100.0,55000.0,55100.0,136,0.0,0.0
2025-03-31 09:34:00+09:00,55100.0,55100.0,55000.0,55100.0,1318,0.0,0.0
2025-03-31 09:35:00+09:00,55100.0,55100.0,55000.0,55000.0,6335,0.0,0.0
2025-03-31 09:36:00+09:00,55000.0,55100.0,55000.0,55100.0,1236,0.0,0.0
2025-03-31 09:37:00+09:00,55100.0,55100.0,55000.0,55000.0,1230,0.0,0.0
2025-03-31 09:38:00+09:00,55000.0,55100.0,55000.0,55100.0,537,0.0,0.0
2025-03-31 09:39:00+09:00,55100.0,55100.0,55000.0,55100.0,428,0.0,0.0
2025-03-31 09:40:00+09:00,55100.0,55100.0,55000.0,55100.0,804,0.0,0.0
2025-03-31 09:41:00+09:00,55100.0,55100.0,55100.0,55100.0,208,0.0,0.0
2025-03-31 09:42:00+09:00,55100.0,55100.0,55000.0,55100.0,345,0.0,0.0
2025-03-31 09:43:00+09:00,55100.0,55100.0,55000.0,55100.0,180,0.0,0.0
2025-03-31 09:44:00+09:00,55100.0,55100.0,55000.0,55100.0,198,0.0,0.0
2025-03-31 09:45:00+09:00,55100.0,55200.0,55000.0,55200.0,3512,0.0,0.0
2025-03-31 09:46:00+09:00,55200.0,55200.0,55100.0,55200.0,155,0.0,0.0
2025-03-31 09:47:00+09:00,55100.0,55200.0,55100.0,55100.0,924,0.0,0.0
2025-03-31 09:48:00+09:00,55100.0,55200.0,55100.0,55200.0,2174,0.0,0.0
2025-03-31 09:49:00+09:00,55200.0,55200.0,55100.0,55100.0,356,0.0,0.0
2025-03-31 09:50:00+09:00,55200.0,55200.0,55100.0,55200.0,413,0.0,0.0
2025-03-31 09:51:00+09:00,55100.0,55200.0,55100.0,55200.0,654,0.0,0.0
2025-03-31 09:52:00+09:00,55200.0,55200.0,55100.0,55100.0,1081,0.0,0.0
2025-03-31 09:53:00+09:00,55200.0,55200.0,55100.0,55200.0,556,0.0,0.0
2025-03-31 09:54:00+09:00,55200.0,55200.0,55100.0,55100.0,140,0.0,0.0
2025-03-31 09:55:00+09:00,55200.0,55200.0,55100.0,55100.0,1279,0.0,0.0
2025-03-31 09:56:00+09:00,55200.0,55200.0,55100.0,55200.0,0,0.0,0.0
2025-03-31 09:58:00+09:00,55300.0,55300.0,55250.0,55300.0,3793,0.0,0.0
2025-03-31 09:59:00+09:00,55200.0,55300.0,55200.0,55300.0,171,0.0,0.0
2025-03-31 10:00:00+09:00,55300.0,55300.0,55200.0,55300.0,260,0.0,0.0
2025-03-31 10:01:00+09:00,55300.0,55300.0,55200.0,55300.0,100,0.0,0.0
2025-03-31 10:02:00+09:00,55300.0,55300.0,55200.0,55300.0,714,0.0,0.0
2025-03-31 10:03:00+09:00,55300.0,55300.0,55200.0,55300.0,24,0.0,0.0
2025-03-31 10:04:00+09:00,55300.0,55300.0,55200.0,55200.0,82,0.0,0.0
2025-03-31 10:05:00+09:00,55300.0,55300.0,55200.0,55300.0,125,0.0,0.0
2025-03-31 10:06:00+09:00,55300.0,55300.0,55200.0,55200.0,1478,0.0,0.0
2025-03-31 10:07:00+09:00,55300.0,55300.0,55300.0,55300.0,96,0.0,0.0
2025-03-31 10:08:00+09:00,55300.0,55300.0,55300.0,55300.0,185,0.0,0.0
2025-03-31 10:09:00+09:00,55300.0,55300.0,55200.0,55300.0,174,0.0,0.0
2025-03-31 10:10:00+09:00,55300.0,55300.0,55300.0,55300.0,16,0.0,0.0
2025-03-31 10:11:00+09:00,55200.0,55300.0,55200.0,55300.0,264,0.0,0.0
2025-03-31 10:12:00+09:00,55300.0,55300.0,55300.0,55300.0,85,0.0,0.0
2025-03-31 10:13:00+09:00,55300.0,55300.0,55200.0,55300.0,504,0.0,0.0
2025-03-31 10:14:00+09:00,55300.0,55300.0,55250.0,55300.0,103,0.0,0.0
2025-03-31 10:15:00+09:00,55300.0,55300.0,55250.0,55300.0,839,0.0,0.0
2025-03-31 10:16:00+09:00,55300.0,55300.0,55250.0,55300.0,381,0.0,0.0
2025-03-31 10:17:00+09:00,55300.0,55300.0,55300.0,55300.0,75,0.0,0.0
2025-03-31 10:18:00+09:00,55300.0,55300.0,55250.0,55300.0,52,0.0,0.0
2025-03-31 10:19:00+09:00,55300.0,55300.0,55200.0,55200.0,8561,0.0,0.0
2025-03-31 10:20:00+09:00,55200.0,55300.0,55200.0,55300.0,2151,0.0,0.0
2025-03-31 10:21:00+09:00,55300.0,55300.0,55300.0,55300.0,3,0.0,0.0
2025-03-31 10:22:00+09:00,55300.0,55300.0,55200.0,55200.0,368,0.0,0.0
2025-03-31 10:23:00+09:00,55300.0,55300.0,55300.0,55300.0,72,0.0,0.0
2025-03-31 10:24:00+09:00,55250.0,55300.0,55200.0,55300.0,74,0.0,0.0
2025-03-31 10:25:00+09:00,55300.0,55400.0,55250.0,55300.0,3709,0.0,0.0
2025-03-31 10:26:00+09:00,55300.0,55400.0,55300.0,55400.0,57,0.0,0.0
2025-03-31 10:27:00+09:00,55400.0,55400.0,55300.0,55400.0,96,0.0,0.0
2025-03-31 10:28:00+09:00,55400.0,55400.0,55350.0,55350.0,33,0.0,0.0
2025-03-31 10:29:00+09:00,55400.0,55400.0,55300.0,55400.0,584,0.0,0.0
2025-03-31 10:30:00+09:00,55300.0,55400.0,55300.0,55400.0,86,0.0,0.0
2025-03-31 10:31:00+09:00,55400.0,55400.0,55300.0,55300.0,1088,0.0,0.0
2025-03-31 10:32:00+09:00,55400.0,55400.0,55300.0,55400.0,64,0.0,0.0
2025-03-31 10:33:00+09:00,55400.0,55400.0,55300.0,55400.0,23,0.0,0.0
2025-03-31 10:34:00+09:00,55400.0,55400.0,55300.0,55400.0,886,0.0,0.0
2025-03-31 10:35:00+09:00,55400.0,55400.0,55400.0,55400.0,103,0.0,0.0
2025-03-31 10:36:00+09:00,55300.0,55400.0,55300.0,55400.0,621,0.0,0.0
2025-03-31 10:37:00+09:00,55400.0,55400.0,55300.0,55400.0,360,0.0,0.0
2025-03-31 10:38:00+09:00,55400.0,55400.0,55300.0,55400.0,1430,0.0,0.0
2025-03-31 10:39:00+09:00,55400.0,55400.0,55300.0,55300.0,387,0.0,0.0
2025-03-31 10:40:00+09:00,55400.0,55400.0,55400.0,55400.0,71,0.0,0.0
2025-03-31 10:41:00+09:00,55400.0,55500.0,55300.0,55500.0,4300,0.0,0.0
2025-03-31 10:42:00+09:00,55500.0,55500.0,55400.0,55400.0,2364,0.0,0.0
2025-03-31 10:43:00+09:00,55400.0,55500.0,55400.0,55500.0,2267,0.0,0.0
2025-03-31 10:44:00+09:00,55500.0,55500.0,55400.0,55400.0,303,0.0,0.0
2025-03-31 10:45:00+09:00,55400.0,55500.0,55400.0,55500.0,1405,0.0,0.0
2025-03-31 10:46:00+09:00,55400.0,55500.0,55400.0,55500.0,203,0.0,0.0
2025-03-31 10:47:00+09:00,55500.0,55500.0,55400.0,55400.0,350,0.0,0.0
2025-03-31 10:48:00+09:00,55400.0,55500.0,55400.0,55500.0,23,0.0,0.0
2025-03-31 10:49:00+09:00,55500.0,55500.0,55400.0,55400.0,594,0.0,0.0
2025-03-31 10:50:00+09:00,55400.0,55500.0,55400.0,55400.0,325,0.0,0.0
2025-03-31 10:51:00+09:00,55400.0,55500.0,55400.0,55500.0,323,0.0,0.0
2025-03-31 10:52:00+09:00,55400.0,55500.0,55400.0,55400.0,65,0.0,0.0
2025-03-31 10:53:00+09:00,55400.0,55500.0,55400.0,55500.0,88,0.0,0.0
2025-03-31 10:54:00+09:00,55500.0,55500.0,55400.0,55400.0,1255,0.0,0.0
2025-03-31 10:55:00+09:00,55500.0,55500.0,55400.0,55500.0,309,0.0,0.0
2025-03-31 10:56:00+09:00,55500.0,55500.0,55400.0,55400.0,397,0.0,0.0
2025-03-31 10:57:00+09:00,55400.0,55500.0,55400.0,55500.0,164,0.0,0.0
2025-03-31 10:58:00+09:00,55400.0,55500.0,55400.0,55500.0,143,0.0,0.0
2025-03-31 10:59:00+09:00,55500.0,55500.0,55400.0,55400.0,371,0.0,0.0
2025-03-31 11:00:00+09:00,55500.0,55500.0,55400.0,55500.0,8,0.0,0.0
2025-03-31 11:01:00+09:00,55500.0,55500.0,55400.0,55500.0,73,0.0,0.0
2025-03-31 11:02:00+09:00,55500.0,55500.0,55400.0,55400.0,110,0.0,0.0
2025-03-31 11:03:00+09:00,55500.0,55500.0,55400.0,55400.0,49,0.0,0.0
2025-03-31 11:04:00+09:00,55400.0,55500.0,55400.0,55500.0,1025,0.0,0.0
2025-03-31 11:05:00+09:00,55400.0,55500.0,55400.0,55400.0,132,0.0,0.0
2025-03-31 11:06:00+09:00,55400.0,55500.0,55400.0,55400.0,157,0.0,0.0
2025-03-31 11:07:00+09:00,55400.0,55500.0,55400.0,55400.0,471,0.0,0.0
2025-03-31 11:08:00+09:00,55500.0,55500.0,55400.0,55500.0,30,0.0,0.0
2025-03-31 11:09:00+09:00,55500.0,55500.0,55400.0,55400.0,614,0.0,0.0
2025-03-31 11:10:00+09:00,55500.0,55500.0,55400.0,55400.0,103,0.0,0.0
2025-03-31 11:11:00+09:00,55400.0,55500.0,55400.0,55500.0,920,0.0,0.0
2025-03-31 11:12:00+09:00,55500.0,55500.0,55400.0,55400.0,0,0.0,0.0
2025-03-31 11:13:00+09:00,55500.0,55500.0,55400.0,55500.0,1504,0.0,0.0
2025-03-31 11:14:00+09:00,55400.0,55500.0,55400.0,55400.0,389,0.0,0.0
2025-03-31 11:15:00+09:00,55500.0,55500.0,55400.0,55500.0,1124,0.0,0.0
2025-03-31 11:16:00+09:00,55500.0,55500.0,55400.0,55400.0,498,0.0,0.0
2025-03-31 11:17:00+09:00,55500.0,55500.0,55400.0,55500.0,207,0.0,0.0
2025-03-31 11:18:00+09:00,55500.0,55600.0,55400.0,55400.0,4321,0.0,0.0
2025-03-31 11:19:00+09:00,55400.0,55500.0,55400.0,55500.0,2047,0.0,0.0
2025-03-31 11:20:00+09:00,55500.0,55500.0,55400.0,55500.0,215,0.0,0.0
2025-03-31 11:21:00+09:00,55500.0,55500.0,55400.0,55500.0,616,0.0,0.0
2025-03-31 11:22:00+09:00,55500.0,55500.0,55400.0,55500.0,352,0.0,0.0
2025-03-31 11:23:00+09:00,55500.0,55600.0,55400.0,55500.0,2697,0.0,0.0
2025-03-31 11:24:00+09:00,55500.0,55600.0,55500.0,55600.0,1278,0.0,0.0
2025-03-31 11:25:00+09:00,55400.0,55700.0,55400.0,55700.0,4601,0.0,0.0
2025-03-31 11:26:00+09:00,55500.0,55700.0,55400.0,55600.0,821,0.0,0.0
2025-03-31 11:27:00+09:00,55600.0,55600.0,55400.0,55600.0,460,0.0,0.0
2025-03-31 11:28:00+09:00,55600.0,55600.0,55500.0,55500.0,74,0.0,0.0
2025-03-31 11:29:00+09:00,55600.0,55600.0,55500.0,55600.0,113,0.0,0.0
2025-03-31 11:30:00+09:00,55600.0,55600.0,55500.0,55600.0,55,0.0,0.0
2025-03-31 11:31:00+09:00,55500.0,55600.0,55500.0,55600.0,530,0.0,0.0
2025-03-31 11:32:00+09:00,55600.0,55600.0,55500.0,55600.0,478,0.0,0.0
2025-03-31 11:33:00+09:00,55600.0,55600.0,55500.0,55600.0,512,0.0,0.0
2025-03-31 11:34:00+09:00,55600.0,55600.0,55500.0,55500.0,313,0.0,0.0
2025-03-31 11:35:00+09:00,55500.0,55600.0,55400.0,55500.0,6741,0.0,0.0
2025-03-31 11:36:00+09:00,55400.0,55500.0,55400.0,55500.0,227,0.0,0.0
2025-03-31 11:37:00+09:00,55400.0,55500.0,55400.0,55500.0,68,0.0,0.0
2025-03-31 11:38:00+09:00,55500.0,55500.0,55400.0,55400.0,52,0.0,0.0
2025-03-31 11:39:00+09:00,55500.0,55500.0,55500.0,55500.0,110,0.0,0.0
2025-03-31 11:40:00+09:00,55500.0,55500.0,55400.0,55500.0,117,0.0,0.0
2025-03-31 11:41:00+09:00,55500.0,55500.0,55400.0,55500.0,59,0.0,0.0
2025-03-31 11:42:00+09:00,55500.0,55500.0,55400.0,55400.0,96,0.0,0.0
2025-03-31 11:43:00+09:00,55500.0,55500.0,55400.0,55500.0,116,0.0,0.0
2025-03-31 11:44:00+09:00,55500.0,55500.0,55400.0,55500.0,63,0.0,0.0
2025-03-31 11:45:00+09:00,55400.0,55500.0,55400.0,55400.0,19,0.0,0.0
2025-03-31 11:46:00+09:00,55400.0,55500.0,55400.0,55500.0,101,0.0,0.0
2025-03-31 11:47:00+09:00,55500.0,55600.0,55500.0,55600.0,5912,0.0,0.0
2025-03-31 11:48:00+09:00,55600.0,55600.0,55500.0,55600.0,52,0.0,0.0
2025-03-31 11:49:00+09:00,55600.0,55600.0,55500.0,55600.0,91,0.0,0.0
2025-03-31 11:50:00+09:00,55600.0,55600.0,55500.0,55600.0,24,0.0,0.0
2025-03-31 11:51:00+09:00,55600.0,55600.0,55500.0,55500.0,90,0.0,0.0
2025-03-31 11:52:00+09:00,55600.0,55600.0,55500.0,55600.0,22,0.0,0.0
2025-03-31 11:53:00+09:00,55600.0,55600.0,55500.0,55600.0,163,0.0,0.0
2025-03-31 11:54:00+09:00,55600.0,55600.0,55500.0,55600.0,555,0.0,0.0
2025-03-31 11:55:00+09:00,55600.0,55600.0,55400.0,55500.0,4474,0.0,0.0
2025-03-31 11:56:00+09:00,55500.0,55500.0,55400.0,55500.0,29,0.0,0.0
2025-03-31 11:57:00+09:00,55400.0,55600.0,55400.0,55500.0,9260,0.0,0.0
2025-03-31 11:58:00+09:00,55500.0,55600.0,55500.0,55500.0,299,0.0,0.0
2025-03-31 11:59:00+09:00,55600.0,55600.0,55500.0,55600.0,436,0.0,0.0
2025-03-31 12:00:00+09:00,55600.0,55600.0,55400.0,55500.0,2711,0.0,0.0
2025-03-31 12:01:00+09:00,55500.0,55500.0,55400.0,55400.0,187,0.0,0.0
2025-03-31 12:02:00+09:00,55500.0,55500.0,55400.0,55400.0,269,0.0,0.0
2025-03-31 12:03:00+09:00,55500.0,55500.0,55400.0,55400.0,274,0.0,0.0
2025-03-31 12:04:00+09:00,55400.0,55500.0,55400.0,55500.0,258,0.0,0.0
2025-03-31 12:05:00+09:00,55500.0,55500.0,55400.0,55500.0,321,0.0,0.0
2025-03-31 12:06:00+09:00,55400.0,55500.0,55400.0,55500.0,403,0.0,0.0
2025-03-31 12:07:00+09:00,55400.0,55500.0,55400.0,55500.0,369,0.0,0.0
2025-03-31 12:08:00+09:00,55500.0,55500.0,55400.0,55400.0,30,0.0,0.0
2025-03-31 12:09:00+09:00,55500.0,55500.0,55400.0,55500.0,54,0.0,0.0
2025-03-31 12:10:00+09:00,55500.0,55500.0,55400.0,55500.0,109,0.0,0.0
2025-03-31 12:11:00+09:00,55500.0,55500.0,55400.0,55400.0,41,0.0,0.0
2025-03-31 12:12:00+09:00,55400.0,55500.0,55400.0,55500.0,199,0.0,0.0
2025-03-31 12:13:00+09:00,55500.0,55500.0,55500.0,55500.0,117,0.0,0.0
2025-03-31 12:14:00+09:00,55400.0,55500.0,55400.0,55500.0,57,0.0,0.0
2025-03-31 12:15:00+09:00,55400.0,55500.0,55400.0,55400.0,45,0.0,0.0
2025-03-31 12:16:00+09:00,55400.0,55500.0,55400.0,55500.0,0,0.0,0.0
2025-03-31 12:17:00+09:00,55500.0,55500.0,55400.0,55500.0,557,0.0,0.0
2025-03-31 12:18:00+09:00,55500.0,55500.0,55400.0,55400.0,74,0.0,0.0
2025-03-31 12:19:00+09:00,55500.0,55500.0,55400.0,55500.0,126,0.0,0.0
2025-03-31 12:20:00+09:00,55500.0,55500.0,55400.0,55400.0,348,0.0,0.0
2025-03-31 12:21:00+09:00,55400.0,55500.0,55400.0,55500.0,405,0.0,0.0
2025-03-31 12:22:00+09:00,55400.0,55500.0,55400.0,55500.0,312,0.0,0.0
2025-03-31 12:23:00+09:00,55500.0,55500.0,55400.0,55500.0,50,0.0,0.0
2025-03-31 12:24:00+09:00,55400.0,55400.0,55400.0,55400.0,49,0.0,0.0
2025-03-31 12:25:00+09:00,55500.0,55500.0,55400.0,55500.0,142,0.0,0.0
2025-03-31 12:26:00+09:00,55400.0,55500.0,55400.0,55500.0,9,0.0,0.0
2025-03-31 12:27:00+09:00,55500.0,55500.0,55400.0,55500.0,18,0.0,0.0
2025-03-31 12:28:00+09:00,55400.0,55500.0,55400.0,55500.0,654,0.0,0.0
2025-03-31 12:29:00+09:00,55500.0,55500.0,55400.0,55400.0,208,0.0,0.0
2025-03-31 12:30:00+09:00,55500.0,55500.0,55400.0,55500.0,44,0.0,0.0
2025-03-31 12:31:00+09:00,55400.0,55500.0,55400.0,55400.0,119,0.0,0.0
2025-03-31 12:32:00+09:00,55500.0,55500.0,55400.0,55400.0,202,0.0,0.0
2025-03-31 12:33:00+09:00,55500.0,55500.0,55400.0,55500.0,0,0.0,0.0
2025-03-31 12:34:00+09:00,55400.0,55500.0,55400.0,55500.0,724,0.0,0.0
2025-03-31 12:35:00+09:00,55400.0,55400.0,55300.0,55400.0,1269,0.0,0.0
2025-03-31 12:36:00+09:00,55400.0,55400.0,55300.0,55300.0,108,0.0,0.0
2025-03-31 12:37:00+09:00,55300.0,55400.0,55300.0,55300.0,69,0.0,0.0
2025-03-31 12:38:00+09:00,55300.0,55400.0,55300.0,55300.0,406,0.0,0.0
2025-03-31 12:39:00+09:00,55300.0,55400.0,55300.0,55400.0,225,0.0,0.0
2025-03-31 12:40:00+09:00,55400.0,55400.0,55300.0,55300.0,186,0.0,0.0
2025-03-31 12:41:00+09:00,55400.0,55400.0,55300.0,55300.0,0,0.0,0.0
2025-03-31 12:42:00+09:00,55400.0,55400.0,55300.0,55300.0,193,0.0,0.0
2025-03-31 12:43:00+09:00,55400.0,55450.0,55300.0,55400.0,4728,0.0,0.0
2025-03-31 12:44:00+09:00,55400.0,55400.0,55300.0,55300.0,175,0.0,0.0
2025-03-31 12:45:00+09:00,55400.0,55400.0,55300.0,55400.0,32,0.0,0.0
2025-03-31 12:46:00+09:00,55400.0,55400.0,55300.0,55400.0,48,0.0,0.0
2025-03-31 12:47:00+09:00,55400.0,55400.0,55300.0,55400.0,52,0.0,0.0
2025-03-31 12:48:00+09:00,55400.0,55400.0,55300.0,55400.0,123,0.0,0.0
2025-03-31 12:49:00+09:00,55300.0,55400.0,55300.0,55300.0,82,0.0,0.0
2025-03-31 12:50:00+09:00,55400.0,55400.0,55300.0,55400.0,0,0.0,0.0
2025-03-31 12:51:00+09:00,55300.0,55400.0,55300.0,55400.0,513,0.0,0.0
2025-03-31 12:52:00+09:00,55300.0,55400.0,55300.0,55400.0,14,0.0,0.0
2025-03-31 12:53:00+09:00,55300.0,55400.0,55300.0,55400.0,180,0.0,0.0
2025-03-31 12:54:00+09:00,55400.0,55400.0,55300.0,55300.0,631,0.0,0.0
2025-03-31 12:55:00+09:00,55300.0,55400.0,55300.0,55400.0,0,0.0,0.0
2025-03-31 12:56:00+09:00,55300.0,55400.0,55300.0,55400.0,129,0.0,0.0
2025-03-31 12:57:00+09:00,55400.0,55400.0,55300.0,55400.0,31,0.0,0.0
2025-03-31 12:58:00+09:00,55400.0,55400.0,55300.0,55400.0,50,0.0,0.0
2025-03-31 12:59:00+09:00,55400.0,55400.0,55300.0,55400.0,2881,0.0,0.0
2025-03-31 13:00:00+09:00,55400.0,55400.0,55300.0,55300.0,42,0.0,0.0
2025-03-31 13:01:00+09:00,55300.0,55400.0,55300.0,55400.0,48,0.0,0.0
2025-03-31 13:02:00+09:00,55400.0,55400.0,55300.0,55300.0,46,0.0,0.0
2025-03-31 13:03:00+09:00,55400.0,55400.0,55300.0,55300.0,1680,0.0,0.0
2025-03-31 13:04:00+09:00,55400.0,55400.0,55300.0,55300.0,0,0.0,0.0
2025-03-31 13:05:00+09:00,55400.0,55400.0,55300.0,55400.0,347,0.0,0.0
2025-03-31 13:06:00+09:00,55400.0,55400.0,55300.0,55350.0,0,0.0,0.0
2025-03-31 13:07:00+09:00,55400.0,55400.0,55300.0,55300.0,204,0.0,0.0
2025-03-31 13:08:00+09:00,55400.0,55400.0,55300.0,55400.0,302,0.0,0.0
2025-03-31 13:09:00+09:00,55400.0,55400.0,55300.0,55300.0,258,0.0,0.0
2025-03-31 13:10:00+09:00,55400.0,55400.0,55300.0,55300.0,151,0.0,0.0
2025-03-31 13:11:00+09:00,55400.0,55400.0,55300.0,55300.0,332,0.0,0.0
2025-03-31 13:12:00+09:00,55400.0,55400.0,55300.0,55400.0,900,0.0,0.0
2025-03-31 13:13:00+09:00,55400.0,55400.0,55300.0,55300.0,234,0.0,0.0
2025-03-31 13:14:00+09:00,55400.0,55400.0,55300.0,55300.0,215,0.0,0.0
2025-03-31 13:15:00+09:00,55300.0,55400.0,55300.0,55300.0,208,0.0,0.0
2025-03-31 13:16:00+09:00,55400.0,55400.0,55300.0,55300.0,335,0.0,0.0
2025-03-31 13:17:00+09:00,55400.0,55400.0,55300.0,55300.0,295,0.0,0.0
2025-03-31 13:18:00+09:00,55400.0,55400.0,55300.0,55300.0,211,0.0,0.0
2025-03-31 13:19:00+09:00,55300.0,55400.0,55300.0,55400.0,73,0.0,0.0
