Datetime,Open,High,Low,Close,Volume,Dividends,Stock Splits
2025-02-13 13:21:00+09:00,56100.0,56200.0,56100.0,56200.0,0,0.0,0.0
2025-02-13 13:22:00+09:00,56100.0,56200.0,56100.0,56200.0,465,0.0,0.0
2025-02-13 13:23:00+09:00,56200.0,56200.0,56100.0,56100.0,445,0.0,0.0
2025-02-13 13:24:00+09:00,56200.0,56200.0,56100.0,56100.0,217,0.0,0.0
2025-02-13 13:25:00+09:00,56200.0,56200.0,56100.0,56100.0,577,0.0,0.0
2025-02-13 13:26:00+09:00,56200.0,56200.0,56100.0,56100.0,725,0.0,0.0
2025-02-13 13:27:00+09:00,56200.0,56200.0,56100.0,56200.0,428,0.0,0.0
2025-02-13 13:28:00+09:00,56100.0,56200.0,56100.0,56100.0,732,0.0,0.0
2025-02-13 13:29:00+09:00,56200.0,56200.0,56100.0,56100.0,835,0.0,0.0
2025-02-13 13:30:00+09:00,56200.0,56200.0,56100.0,56100.0,356,0.0,0.0
2025-02-13 13:31:00+09:00,56100.0,56200.0,56100.0,56100.0,960,0.0,0.0
2025-02-13 13:32:00+09:00,56200.0,56200.0,56100.0,56200.0,828,0.0,0.0
2025-02-13 13:33:00+09:00,56100.0,56200.0,56000.0,56100.0,3000,0.0,0.0
2025-02-13 13:34:00+09:00,56100.0,56100.0,56000.0,56000.0,523,0.0,0.0
2025-02-13 13:35:00+09:00,56100.0,56100.0,56000.0,56100.0,634,0.0,0.0
2025-02-13 13:36:00+09:00,56100.0,56100.0,56000.0,56100.0,628,0.0,0.0
2025-02-13 13:37:00+09:00,56100.0,56100.0,56000.0,56000.0,774,0.0,0.0
2025-02-13 13:38:00+09:00,56100.0,56100.0,56000.0,56100.0,317,0.0,0.0
2025-02-13 13:39:00+09:00,56100.0,56100.0,56000.0,56000.0,354,0.0,0.0
2025-02-13 13:40:00+09:00,56000.0,56100.0,56000.0,56000.0,352,0.0,0.0
2025-02-13 13:41:00+09:00,56100.0,56100.0,56000.0,56100.0,784,0.0,0.0
2025-02-13 13:42:00+09:00,56100.0,56100.0,56000.0,56000.0,356,0.0,0.0
2025-02-13 13:43:00+09:00,56000.0,56100.0,56000.0,56000.0,704,0.0,0.0
2025-02-13 13:44:00+09:00,56100.0,56100.0,56000.0,56100.0,952,0.0,0.0
2025-02-13 13:45:00+09:00,56100.0,56100.0,56000.0,56100.0,830,0.0,0.0
2025-02-13 13:46:00+09:00,56000.0,56100.0,56000.0,56100.0,519,0.0,0.0
2025-02-13 13:47:00+09:00,56100.0,56100.0,56000.0,56100.0,874,0.0,0.0
2025-02-13 13:48:00+09:00,56100.0,56100.0,56000.0,56100.0,347,0.0,0.0
2025-02-13 13:49:00+09:00,56100.0,56100.0,56000.0,56000.0,740,0.0,0.0
2025-02-13 13:50:00+09:00,56100.0,56100.0,56000.0,56100.0,797,0.0,0.0
2025-02-13 13:51:00+09:00,56100.0,56100.0,56000.0,56100.0,393,0.0,0.0
2025-02-13 13:52:00+09:00,56100.0,56100.0,56000.0,56000.0,852,0.0,0.0
2025-02-13 13:53:00+09:00,56100.0,56100.0,56000.0,56000.0,726,0.0,0.0
2025-02-13 13:54:00+09:00,56000.0,56100.0,56000.0,56000.0,862,0.0,0.0
2025-02-13 13:55:00+09:00,56100.0,56100.0,56000.0,56000.0,620,0.0,0.0
2025-02-13 13:56:00+09:00,56100.0,56200.0,56000.0,56100.0,1927,0.0,0.0
2025-02-13 13:57:00+09:00,56200.0,56200.0,56100.0,56200.0,1060,0.0,0.0
2025-02-13 13:58:00+09:00,56200.0,56200.0,56100.0,56100.0,883,0.0,0.0
2025-02-13 13:59:00+09:00,56200.0,56200.0,56100.0,56200.0,1018,0.0,0.0
2025-02-13 14:00:00+09:00,56200.0,56200.0,56100.0,56100.0,643,0.0,0.0
2025-02-13 14:01:00+09:00,56100.0,56200.0,56100.0,56200.0,481,0.0,0.0
2025-02-13 14:02:00+09:00,56200.0,56200.0,56100.0,56200.0,911,0.0,0.0
2025-02-13 14:03:00+09:00,56100.0,56200.0,56100.0,56200.0,388,0.0,0.0
2025-02-13 14:04:00+09:00,56100.0,56200.0,56100.0,56200.0,405,0.0,0.0
2025-02-13 14:05:00+09:00,56200.0,56200.0,56100.0,56100.0,765,0.0,0.0
2025-02-13 14:06:00+09:00,56100.0,56200.0,56100.0,56100.0,604,0.0,0.0
2025-02-13 14:07:00+09:00,56100.0,56200.0,56100.0,56200.0,1367,0.0,0.0
2025-02-13 14:08:00+09:00,56200.0,56200.0,56100.0,56200.0,746,0.0,0.0
2025-02-13 14:09:00+09:00,56100.0,56200.0,56100.0,56200.0,1719,0.0,0.0
2025-02-13 14:10:00+09:00,56200.0,56200.0,56000.0,56100.0,926,0.0,0.0
2025-02-13 14:11:00+09:00,56000.0,56100.0,56000.0,56000.0,720,0.0,0.0
2025-02-13 14:12:00+09:00,56100.0,56200.0,56000.0,56100.0,6313,0.0,0.0
2025-02-13 14:13:00+09:00,56100.0,56200.0,56000.0,56100.0,481,0.0,0.0
2025-02-13 14:14:00+09:00,56000.0,56100.0,56000.0,56100.0,714,0.0,0.0
2025-02-13 14:15:00+09:00,56000.0,56100.0,56000.0,56000.0,421,0.0,0.0
2025-02-13 14:16:00+09:00,56000.0,56100.0,56000.0,56100.0,465,0.0,0.0
2025-02-13 14:17:00+09:00,56100.0,56200.0,56000.0,56200.0,854,0.0,0.0
2025-02-13 14:18:00+09:00,56200.0,56200.0,56000.0,56100.0,1137,0.0,0.0
2025-02-13 14:19:00+09:00,56100.0,56200.0,56100.0,56100.0,942,0.0,0.0
2025-02-13 14:20:00+09:00,56200.0,56200.0,56000.0,56000.0,1080,0.0,0.0
2025-02-13 14:21:00+09:00,56000.0,56200.0,56000.0,56100.0,2504,0.0,0.0
2025-02-13 14:22:00+09:00,56100.0,56200.0,56100.0,56200.0,864,0.0,0.0
2025-02-13 14:23:00+09:00,56100.0,56200.0,56100.0,56100.0,1451,0.0,0.0
2025-02-13 14:24:00+09:00,56100.0,56200.0,56100.0,56100.0,1337,0.0,0.0
2025-02-13 14:25:00+09:00,56100.0,56200.0,56100.0,56100.0,898,0.0,0.0
2025-02-13 14:26:00+09:00,56200.0,56200.0,56100.0,56200.0,1523,0.0,0.0
2025-02-13 14:27:00+09:00,56100.0,56200.0,56100.0,56200.0,879,0.0,0.0
2025-02-13 14:28:00+09:00,56200.0,56200.0,56100.0,56100.0,1021,0.0,0.0
2025-02-13 14:29:00+09:00,56100.0,56200.0,56100.0,56200.0,2324,0.0,0.0
2025-02-13 14:30:00+09:00,56100.0,56200.0,56100.0,56100.0,748,0.0,0.0
2025-02-13 14:31:00+09:00,56100.0,56200.0,56100.0,56100.0,657,0.0,0.0
2025-02-13 14:32:00+09:00,56200.0,56200.0,56100.0,56200.0,1436,0.0,0.0
2025-02-13 14:33:00+09:00,56100.0,56200.0,56100.0,56100.0,932,0.0,0.0
2025-02-13 14:34:00+09:00,56100.0,56200.0,56100.0,56100.0,711,0.0,0.0
2025-02-13 14:35:00+09:00,56200.0,56200.0,56100.0,56200.0,1261,0.0,0.0
2025-02-13 14:36:00+09:00,56100.0,56200.0,56100.0,56200.0,826,0.0,0.0
2025-02-13 14:37:00+09:00,56200.0,56200.0,56100.0,56100.0,911,0.0,0.0
2025-02-13 14:38:00+09:00,56200.0,56300.0,56100.0,56200.0,2858,0.0,0.0
2025-02-13 14:39:00+09:00,56200.0,56300.0,56200.0,56200.0,1172,0.0,0.0
2025-02-13 14:40:00+09:00,56200.0,56200.0,56100.0,56200.0,1112,0.0,0.0
2025-02-13 14:41:00+09:00,56200.0,56300.0,56200.0,56200.0,927,0.0,0.0
2025-02-13 14:42:00+09:00,56200.0,56300.0,56200.0,56300.0,787,0.0,0.0
2025-02-13 14:43:00+09:00,56300.0,56300.0,56200.0,56300.0,2410,0.0,0.0
2025-02-13 14:44:00+09:00,56300.0,56300.0,56100.0,56100.0,697,0.0,0.0
2025-02-13 14:45:00+09:00,56100.0,56200.0,56100.0,56200.0,837,0.0,0.0
2025-02-13 14:46:00+09:00,56100.0,56200.0,56100.0,56200.0,1059,0.0,0.0
2025-02-13 14:47:00+09:00,56100.0,56200.0,56100.0,56100.0,1791,0.0,0.0
2025-02-13 14:48:00+09:00,56100.0,56200.0,56100.0,56200.0,904,0.0,0.0
2025-02-13 14:49:00+09:00,56200.0,56300.0,56100.0,56200.0,1966,0.0,0.0
2025-02-13 14:50:00+09:00,56200.0,56300.0,56100.0,56200.0,702,0.0,0.0
2025-02-13 14:51:00+09:00,56200.0,56300.0,56100.0,56300.0,886,0.0,0.0
2025-02-13 14:52:00+09:00,56300.0,56300.0,56100.0,56200.0,1459,0.0,0.0
2025-02-13 14:53:00+09:00,56300.0,56300.0,56100.0,56100.0,894,0.0,0.0
2025-02-13 14:54:00+09:00,56100.0,56200.0,56100.0,56100.0,2064,0.0,0.0
2025-02-13 14:55:00+09:00,56100.0,56200.0,56100.0,56100.0,1481,0.0,0.0
2025-02-13 14:56:00+09:00,56100.0,56200.0,56100.0,56100.0,862,0.0,0.0
2025-02-13 14:57:00+09:00,56100.0,56200.0,56100.0,56100.0,861,0.0,0.0
2025-02-13 14:58:00+09:00,56100.0,56200.0,56100.0,56100.0,1176,0.0,0.0
2025-02-13 14:59:00+09:00,56100.0,56200.0,56100.0,56100.0,1020,0.0,0.0
2025-02-14 09:00:00+09:00,56300.0,56300.0,56100.0,56200.0,5251,0.0,0.0
2025-02-14 09:01:00+09:00,56100.0,56200.0,56100.0,56100.0,3063,0.0,0.0
2025-02-14 09:02:00+09:00,56100.0,56200.0,56100.0,56100.0,1843,0.0,0.0
2025-02-14 09:03:00+09:00,56100.0,56200.0,56100.0,56200.0,173,0.0,0.0
2025-02-14 09:04:00+09:00,56200.0,56200.0,56100.0,56200.0,678,0.0,0.0
2025-02-14 09:05:00+09:00,56200.0,56200.0,56100.0,56200.0,410,0.0,0.0
2025-02-14 09:06:00+09:00,56200.0,56200.0,56100.0,56200.0,1086,0.0,0.0
2025-02-14 09:07:00+09:00,56200.0,56200.0,56100.0,56200.0,534,0.0,0.0
2025-02-14 09:08:00+09:00,56100.0,56100.0,56000.0,56000.0,5100,0.0,0.0
2025-02-14 09:09:00+09:00,56000.0,56100.0,56000.0,56000.0,574,0.0,0.0
2025-02-14 09:10:00+09:00,56100.0,56100.0,56000.0,56100.0,277,0.0,0.0
2025-02-14 09:11:00+09:00,56000.0,56100.0,56000.0,56100.0,363,0.0,0.0
2025-02-14 09:12:00+09:00,56100.0,56100.0,56000.0,56000.0,660,0.0,0.0
2025-02-14 09:13:00+09:00,56000.0,56100.0,56000.0,56100.0,771,0.0,0.0
2025-02-14 09:14:00+09:00,56100.0,56200.0,56100.0,56200.0,3508,0.0,0.0
2025-02-14 09:15:00+09:00,56100.0,56200.0,56100.0,56100.0,164,0.0,0.0
2025-02-14 09:16:00+09:00,56100.0,56200.0,56100.0,56100.0,130,0.0,0.0
2025-02-14 09:17:00+09:00,56200.0,56200.0,56100.0,56200.0,245,0.0,0.0
2025-02-14 09:18:00+09:00,56200.0,56200.0,56100.0,56100.0,364,0.0,0.0
2025-02-14 09:19:00+09:00,56200.0,56200.0,56100.0,56200.0,362,0.0,0.0
2025-02-14 09:20:00+09:00,56200.0,56200.0,56100.0,56200.0,270,0.0,0.0
2025-02-14 09:21:00+09:00,56200.0,56400.0,56100.0,56300.0,4486,0.0,0.0
2025-02-14 09:22:00+09:00,56300.0,56400.0,56300.0,56400.0,539,0.0,0.0
2025-02-14 09:23:00+09:00,56400.0,56400.0,56300.0,56400.0,3432,0.0,0.0
2025-02-14 09:24:00+09:00,56300.0,56500.0,56300.0,56500.0,2336,0.0,0.0
2025-02-14 09:25:00+09:00,56500.0,56500.0,56400.0,56500.0,196,0.0,0.0
2025-02-14 09:26:00+09:00,56500.0,56500.0,56400.0,56500.0,199,0.0,0.0
2025-02-14 09:27:00+09:00,56400.0,56500.0,56400.0,56500.0,501,0.0,0.0
2025-02-14 09:28:00+09:00,56500.0,56500.0,56400.0,56400.0,1001,0.0,0.0
2025-02-14 09:29:00+09:00,56500.0,56500.0,56400.0,56400.0,772,0.0,0.0
2025-02-14 09:30:00+09:00,56500.0,56500.0,56300.0,56400.0,1992,0.0,0.0
2025-02-14 09:31:00+09:00,56400.0,56400.0,56300.0,56400.0,759,0.0,0.0
2025-02-14 09:32:00+09:00,56400.0,56400.0,56300.0,56400.0,97,0.0,0.0
2025-02-14 09:33:00+09:00,56400.0,56400.0,56300.0,56400.0,337,0.0,0.0
2025-02-14 09:34:00+09:00,56400.0,56400.0,56300.0,56400.0,127,0.0,0.0
2025-02-14 09:35:00+09:00,56400.0,56400.0,56300.0,56400.0,148,0.0,0.0
2025-02-14 09:36:00+09:00,56400.0,56400.0,56300.0,56400.0,356,0.0,0.0
2025-02-14 09:37:00+09:00,56400.0,56400.0,56300.0,56400.0,354,0.0,0.0
2025-02-14 09:38:00+09:00,56400.0,56400.0,56300.0,56300.0,268,0.0,0.0
2025-02-14 09:39:00+09:00,56400.0,56400.0,56300.0,56300.0,1805,0.0,0.0
2025-02-14 09:40:00+09:00,56300.0,56400.0,56300.0,56400.0,2696,0.0,0.0
2025-02-14 09:41:00+09:00,56400.0,56400.0,56300.0,56400.0,290,0.0,0.0
2025-02-14 09:42:00+09:00,56400.0,56400.0,56300.0,56400.0,319,0.0,0.0
2025-02-14 09:43:00+09:00,56400.0,56400.0,56300.0,56300.0,116,0.0,0.0
2025-02-14 09:44:00+09:00,56400.0,56400.0,56300.0,56400.0,338,0.0,0.0
2025-02-14 09:45:00+09:00,56400.0,56400.0,56300.0,56400.0,124,0.0,0.0
2025-02-14 09:46:00+09:00,56400.0,56400.0,56300.0,56300.0,140,0.0,0.0
2025-02-14 09:47:00+09:00,56300.0,56400.0,56300.0,56300.0,447,0.0,0.0
2025-02-14 09:48:00+09:00,56300.0,56400.0,56300.0,56300.0,653,0.0,0.0
2025-02-14 09:49:00+09:00,56300.0,56400.0,56300.0,56400.0,494,0.0,0.0
2025-02-14 09:50:00+09:00,56400.0,56400.0,56300.0,56300.0,1400,0.0,0.0
2025-02-14 09:51:00+09:00,56300.0,56400.0,56300.0,56300.0,250,0.0,0.0
2025-02-14 09:52:00+09:00,56400.0,56400.0,56300.0,56300.0,966,0.0,0.0
2025-02-14 09:53:00+09:00,56300.0,56400.0,56300.0,56300.0,1200,0.0,0.0
2025-02-14 09:54:00+09:00,56300.0,56400.0,56200.0,56200.0,636,0.0,0.0
2025-02-14 09:55:00+09:00,56300.0,56300.0,56200.0,56300.0,495,0.0,0.0
2025-02-14 09:56:00+09:00,56200.0,56300.0,56200.0,56300.0,977,0.0,0.0
2025-02-14 09:57:00+09:00,56300.0,56300.0,56200.0,56200.0,745,0.0,0.0
2025-02-14 09:58:00+09:00,56300.0,56400.0,56200.0,56300.0,1220,0.0,0.0
2025-02-14 09:59:00+09:00,56300.0,56400.0,56300.0,56400.0,400,0.0,0.0
2025-02-14 10:00:00+09:00,56400.0,56400.0,56300.0,56300.0,293,0.0,0.0
2025-02-14 10:01:00+09:00,56400.0,56400.0,56300.0,56300.0,603,0.0,0.0
2025-02-14 10:02:00+09:00,56300.0,56400.0,56300.0,56300.0,254,0.0,0.0
2025-02-14 10:03:00+09:00,56300.0,56400.0,56300.0,56400.0,478,0.0,0.0
2025-02-14 10:04:00+09:00,56400.0,56400.0,56300.0,56300.0,287,0.0,0.0
2025-02-14 10:05:00+09:00,56300.0,56400.0,56300.0,56300.0,304,0.0,0.0
2025-02-14 10:06:00+09:00,56400.0,56400.0,56300.0,56400.0,721,0.0,0.0
2025-02-14 10:07:00+09:00,56300.0,56400.0,56300.0,56300.0,674,0.0,0.0
2025-02-14 10:08:00+09:00,56400.0,56400.0,56300.0,56400.0,187,0.0,0.0
2025-02-14 10:09:00+09:00,56400.0,56400.0,56300.0,56300.0,475,0.0,0.0
2025-02-14 10:10:00+09:00,56400.0,56400.0,56300.0,56400.0,209,0.0,0.0
2025-02-14 10:11:00+09:00,56400.0,56400.0,56300.0,56300.0,126,0.0,0.0
2025-02-14 10:12:00+09:00,56400.0,56400.0,56200.0,56300.0,3044,0.0,0.0
2025-02-14 10:13:00+09:00,56300.0,56400.0,56300.0,56400.0,3559,0.0,0.0
2025-02-14 10:14:00+09:00,56300.0,56400.0,56300.0,56400.0,0,0.0,0.0
2025-02-14 10:15:00+09:00,56400.0,56400.0,56300.0,56300.0,311,0.0,0.0
2025-02-14 10:16:00+09:00,56300.0,56400.0,56300.0,56300.0,2778,0.0,0.0
2025-02-14 10:17:00+09:00,56300.0,56300.0,56200.0,56200.0,683,0.0,0.0
2025-02-14 10:18:00+09:00,56200.0,56300.0,56200.0,56300.0,362,0.0,0.0
2025-02-14 10:19:00+09:00,56300.0,56300.0,56200.0,56200.0,242,0.0,0.0
2025-02-14 10:20:00+09:00,56300.0,56300.0,56200.0,56200.0,170,0.0,0.0
2025-02-14 10:21:00+09:00,56300.0,56300.0,56200.0,56200.0,2325,0.0,0.0
2025-02-14 10:22:00+09:00,56200.0,56200.0,56100.0,56100.0,813,0.0,0.0
2025-02-14 10:23:00+09:00,56100.0,56200.0,56100.0,56100.0,491,0.0,0.0
2025-02-14 10:24:00+09:00,56200.0,56200.0,56100.0,56100.0,617,0.0,0.0
2025-02-14 10:25:00+09:00,56200.0,56200.0,56100.0,56100.0,413,0.0,0.0
2025-02-14 10:26:00+09:00,56100.0,56200.0,56100.0,56100.0,88,0.0,0.0
2025-02-14 10:27:00+09:00,56200.0,56200.0,56100.0,56200.0,401,0.0,0.0
2025-02-14 10:28:00+09:00,56100.0,56200.0,56100.0,56100.0,334,0.0,0.0
2025-02-14 10:29:00+09:00,56200.0,56200.0,56100.0,56100.0,337,0.0,0.0
2025-02-14 10:30:00+09:00,56100.0,56200.0,56100.0,56100.0,736,0.0,0.0
2025-02-14 10:31:00+09:00,56100.0,56200.0,56100.0,56100.0,118,0.0,0.0
2025-02-14 10:32:00+09:00,56200.0,56200.0,56100.0,56200.0,428,0.0,0.0
2025-02-14 10:33:00+09:00,56200.0,56200.0,56100.0,56200.0,123,0.0,0.0
2025-02-14 10:34:00+09:00,56100.0,56200.0,56100.0,56200.0,360,0.0,0.0
2025-02-14 10:35:00+09:00,56100.0,56200.0,56100.0,56100.0,735,0.0,0.0
2025-02-14 10:36:00+09:00,56100.0,56200.0,56100.0,56100.0,707,0.0,0.0
2025-02-14 10:37:00+09:00,56100.0,56200.0,56100.0,56100.0,191,0.0,0.0
2025-02-14 10:38:00+09:00,56100.0,56200.0,56100.0,56100.0,432,0.0,0.0
2025-02-14 10:39:00+09:00,56100.0,56200.0,56100.0,56200.0,189,0.0,0.0
2025-02-14 10:40:00+09:00,56100.0,56200.0,56100.0,56100.0,196,0.0,0.0
2025-02-14 10:41:00+09:00,56100.0,56200.0,56100.0,56100.0,427,0.0,0.0
2025-02-14 10:42:00+09:00,56100.0,56200.0,56100.0,56100.0,31,0.0,0.0
2025-02-14 10:43:00+09:00,56100.0,56200.0,56100.0,56200.0,1000,0.0,0.0
2025-02-14 10:44:00+09:00,56200.0,56200.0,56100.0,56100.0,544,0.0,0.0
2025-02-14 10:45:00+09:00,56200.0,56200.0,56100.0,56200.0,421,0.0,0.0
2025-02-14 10:46:00+09:00,56200.0,56300.0,56100.0,56200.0,6107,0.0,0.0
2025-02-14 10:47:00+09:00,56100.0,56200.0,56100.0,56200.0,456,0.0,0.0
2025-02-14 10:48:00+09:00,56200.0,56200.0,56100.0,56200.0,223,0.0,0.0
2025-02-14 10:49:00+09:00,56200.0,56200.0,56100.0,56100.0,901,0.0,0.0
2025-02-14 10:50:00+09:00,56100.0,56200.0,56100.0,56100.0,319,0.0,0.0
2025-02-14 10:51:00+09:00,56200.0,56200.0,56100.0,56200.0,328,0.0,0.0
2025-02-14 10:52:00+09:00,56200.0,56300.0,56100.0,56300.0,2509,0.0,0.0
2025-02-14 10:53:00+09:00,56300.0,56400.0,56200.0,56400.0,443,0.0,0.0
2025-02-14 10:54:00+09:00,56200.0,56400.0,56200.0,56200.0,488,0.0,0.0
2025-02-14 10:55:00+09:00,56200.0,56300.0,56200.0,56300.0,228,0.0,0.0
2025-02-14 10:56:00+09:00,56300.0,56400.0,56200.0,56300.0,1201,0.0,0.0
2025-02-14 10:57:00+09:00,56300.0,56300.0,56200.0,56200.0,397,0.0,0.0
2025-02-14 10:58:00+09:00,56200.0,56300.0,56200.0,56200.0,87,0.0,0.0
2025-02-14 10:59:00+09:00,56200.0,56300.0,56200.0,56200.0,273,0.0,0.0
2025-02-14 11:00:00+09:00,56300.0,56300.0,56200.0,56200.0,829,0.0,0.0
2025-02-14 11:01:00+09:00,56200.0,56300.0,56100.0,56200.0,519,0.0,0.0
2025-02-14 11:02:00+09:00,56100.0,56200.0,56100.0,56200.0,221,0.0,0.0
2025-02-14 11:03:00+09:00,56200.0,56300.0,56200.0,56200.0,315,0.0,0.0
2025-02-14 11:04:00+09:00,56200.0,56300.0,56200.0,56200.0,853,0.0,0.0
2025-02-14 11:05:00+09:00,56200.0,56200.0,56200.0,56200.0,53,0.0,0.0
2025-02-14 11:06:00+09:00,56200.0,56300.0,56100.0,56100.0,525,0.0,0.0
2025-02-14 11:07:00+09:00,56200.0,56200.0,56100.0,56100.0,328,0.0,0.0
2025-02-14 11:08:00+09:00,56200.0,56200.0,56100.0,56200.0,251,0.0,0.0
2025-02-14 11:09:00+09:00,56100.0,56200.0,56100.0,56100.0,1218,0.0,0.0
2025-02-14 11:10:00+09:00,56200.0,56200.0,56100.0,56100.0,261,0.0,0.0
2025-02-14 11:11:00+09:00,56100.0,56200.0,56100.0,56200.0,151,0.0,0.0
2025-02-14 11:12:00+09:00,56200.0,56200.0,56100.0,56100.0,364,0.0,0.0
2025-02-14 11:13:00+09:00,56200.0,56200.0,56100.0,56200.0,297,0.0,0.0
2025-02-14 11:14:00+09:00,56200.0,56200.0,56100.0,56200.0,348,0.0,0.0
2025-02-14 11:15:00+09:00,56200.0,56200.0,56100.0,56200.0,90,0.0,0.0
2025-02-14 11:16:00+09:00,56200.0,56200.0,56100.0,56200.0,1177,0.0,0.0
2025-02-14 11:17:00+09:00,56100.0,56200.0,56100.0,56100.0,906,0.0,0.0
2025-02-14 11:18:00+09:00,56200.0,56200.0,56100.0,56100.0,309,0.0,0.0
2025-02-14 11:19:00+09:00,56100.0,56200.0,56100.0,56200.0,407,0.0,0.0
2025-02-14 11:20:00+09:00,56200.0,56200.0,56100.0,56100.0,298,0.0,0.0
2025-02-14 11:21:00+09:00,56100.0,56300.0,56100.0,56100.0,1372,0.0,0.0
2025-02-14 11:22:00+09:00,56100.0,56200.0,56100.0,56100.0,558,0.0,0.0
2025-02-14 11:23:00+09:00,56100.0,56200.0,56100.0,56200.0,1388,0.0,0.0
2025-02-14 11:24:00+09:00,56200.0,56300.0,56200.0,56300.0,430,0.0,0.0
2025-02-14 11:25:00+09:00,56300.0,56300.0,56200.0,56300.0,452,0.0,0.0
2025-02-14 11:26:00+09:00,56200.0,56300.0,56200.0,56200.0,202,0.0,0.0
2025-02-14 11:27:00+09:00,56200.0,56300.0,56200.0,56300.0,648,0.0,0.0
2025-02-14 11:28:00+09:00,56300.0,56300.0,56200.0,56300.0,811,0.0,0.0
2025-02-14 11:29:00+09:00,56300.0,56300.0,56200.0,56300.0,575,0.0,0.0
2025-02-14 11:30:00+09:00,56200.0,56300.0,56200.0,56300.0,143,0.0,0.0
2025-02-14 11:31:00+09:00,56200.0,56300.0,56100.0,56200.0,881,0.0,0.0
2025-02-14 11:32:00+09:00,56200.0,56200.0,56100.0,56100.0,207,0.0,0.0
2025-02-14 11:33:00+09:00,56100.0,56200.0,56100.0,56100.0,173,0.0,0.0
2025-02-14 11:34:00+09:00,56200.0,56200.0,56100.0,56200.0,456,0.0,0.0
2025-02-14 11:35:00+09:00,56100.0,56200.0,56100.0,56100.0,166,0.0,0.0
2025-02-14 11:36:00+09:00,56200.0,56200.0,56100.0,56100.0,309,0.0,0.0
2025-02-14 11:37:00+09:00,56100.0,56200.0,56100.0,56200.0,710,0.0,0.0
2025-02-14 11:38:00+09:00,56100.0,56200.0,56100.0,56200.0,158,0.0,0.0
2025-02-14 11:39:00+09:00,56200.0,56300.0,56200.0,56300.0,2830,0.0,0.0
2025-02-14 11:40:00+09:00,56200.0,56300.0,56200.0,56300.0,987,0.0,0.0
2025-02-14 11:41:00+09:00,56200.0,56300.0,56200.0,56300.0,410,0.0,0.0
2025-02-14 11:42:00+09:00,56200.0,56300.0,56200.0,56300.0,162,0.0,0.0
2025-02-14 11:43:00+09:00,56300.0,56300.0,56200.0,56200.0,250,0.0,0.0
2025-02-14 11:44:00+09:00,56300.0,56300.0,56200.0,56200.0,321,0.0,0.0
2025-02-14 11:45:00+09:00,56200.0,56300.0,56200.0,56200.0,565,0.0,0.0
2025-02-14 11:46:00+09:00,56200.0,56300.0,56200.0,56300.0,272,0.0,0.0
2025-02-14 11:47:00+09:00,56200.0,56300.0,56200.0,56200.0,380,0.0,0.0
2025-02-14 11:48:00+09:00,56200.0,56300.0,56200.0,56300.0,234,0.0,0.0
2025-02-14 11:49:00+09:00,56300.0,56300.0,56200.0,56300.0,532,0.0,0.0
2025-02-14 11:50:00+09:00,56300.0,56300.0,56200.0,56300.0,322,0.0,0.0
2025-02-14 11:51:00+09:00,56200.0,56300.0,56200.0,56300.0,290,0.0,0.0
2025-02-14 11:52:00+09:00,56200.0,56300.0,56200.0,56300.0,79,0.0,0.0
2025-02-14 11:53:00+09:00,56300.0,56300.0,56200.0,56200.0,1628,0.0,0.0
2025-02-14 11:54:00+09:00,56200.0,56300.0,56200.0,56200.0,195,0.0,0.0
2025-02-14 11:55:00+09:00,56200.0,56300.0,56200.0,56200.0,174,0.0,0.0
2025-02-14 11:56:00+09:00,56200.0,56400.0,56200.0,56400.0,2142,0.0,0.0
2025-02-14 11:57:00+09:00,56300.0,56400.0,56300.0,56400.0,256,0.0,0.0
2025-02-14 11:58:00+09:00,56400.0,56400.0,56300.0,56400.0,1283,0.0,0.0
2025-02-14 11:59:00+09:00,56300.0,56400.0,56300.0,56400.0,0,0.0,0.0
2025-02-14 12:00:00+09:00,56300.0,56400.0,56300.0,56300.0,298,0.0,0.0
2025-02-14 12:01:00+09:00,56300.0,56400.0,56300.0,56400.0,239,0.0,0.0
2025-02-14 12:02:00+09:00,56400.0,56400.0,56200.0,56200.0,333,0.0,0.0
2025-02-14 12:03:00+09:00,56200.0,56300.0,56200.0,56200.0,437,0.0,0.0
2025-02-14 12:04:00+09:00,56200.0,56300.0,56200.0,56300.0,98,0.0,0.0
2025-02-14 12:05:00+09:00,56300.0,56300.0,56200.0,56300.0,307,0.0,0.0
2025-02-14 12:06:00+09:00,56200.0,56300.0,56200.0,56300.0,280,0.0,0.0
2025-02-14 12:07:00+09:00,56200.0,56300.0,56200.0,56200.0,335,0.0,0.0
2025-02-14 12:08:00+09:00,56200.0,56300.0,56200.0,56300.0,616,0.0,0.0
2025-02-14 12:09:00+09:00,56300.0,56300.0,56200.0,56300.0,1545,0.0,0.0
2025-02-14 12:10:00+09:00,56300.0,56300.0,56200.0,56200.0,226,0.0,0.0
2025-02-14 12:11:00+09:00,56300.0,56300.0,56200.0,56200.0,533,0.0,0.0
2025-02-14 12:12:00+09:00,56200.0,56300.0,56200.0,56200.0,694,0.0,0.0
2025-02-14 12:13:00+09:00,56300.0,56300.0,56200.0,56300.0,210,0.0,0.0
2025-02-14 12:14:00+09:00,56300.0,56300.0,56200.0,56300.0,509,0.0,0.0
2025-02-14 12:15:00+09:00,56300.0,56300.0,56200.0,56200.0,693,0.0,0.0
2025-02-14 12:16:00+09:00,56200.0,56300.0,56200.0,56300.0,147,0.0,0.0
2025-02-14 12:17:00+09:00,56200.0,56300.0,56200.0,56200.0,450,0.0,0.0
2025-02-14 12:18:00+09:00,56200.0,56300.0,56200.0,56200.0,295,0.0,0.0
2025-02-14 12:19:00+09:00,56300.0,56300.0,56200.0,56200.0,509,0.0,0.0
2025-02-14 12:20:00+09:00,56200.0,56300.0,56200.0,56300.0,419,0.0,0.0
2025-02-14 12:21:00+09:00,56300.0,56300.0,56200.0,56300.0,744,0.0,0.0
2025-02-14 12:22:00+09:00,56200.0,56300.0,56200.0,56300.0,474,0.0,0.0
2025-02-14 12:23:00+09:00,56300.0,56300.0,56200.0,56200.0,483,0.0,0.0
2025-02-14 12:24:00+09:00,56200.0,56300.0,56200.0,56200.0,583,0.0,0.0
2025-02-14 12:25:00+09:00,56200.0,56300.0,56200.0,56200.0,461,0.0,0.0
2025-02-14 12:26:00+09:00,56200.0,56300.0,56100.0,56200.0,437,0.0,0.0
2025-02-14 12:27:00+09:00,56200.0,56200.0,56100.0,56200.0,277,0.0,0.0
2025-02-14 12:28:00+09:00,56200.0,56200.0,56100.0,56200.0,919,0.0,0.0
2025-02-14 12:29:00+09:00,56100.0,56200.0,56100.0,56200.0,500,0.0,0.0
2025-02-14 12:30:00+09:00,56200.0,56200.0,56100.0,56200.0,565,0.0,0.0
2025-02-14 12:31:00+09:00,56100.0,56200.0,56100.0,56100.0,448,0.0,0.0
2025-02-14 12:32:00+09:00,56100.0,56200.0,56100.0,56200.0,339,0.0,0.0
2025-02-14 12:33:00+09:00,56100.0,56200.0,56100.0,56200.0,412,0.0,0.0
2025-02-14 12:34:00+09:00,56100.0,56200.0,56100.0,56200.0,625,0.0,0.0
2025-02-14 12:35:00+09:00,56100.0,56200.0,56100.0,56100.0,396,0.0,0.0
2025-02-14 12:36:00+09:00,56100.0,56200.0,56100.0,56200.0,303,0.0,0.0
2025-02-14 12:37:00+09:00,56100.0,56200.0,56100.0,56100.0,542,0.0,0.0
2025-02-14 12:38:00+09:00,56100.0,56200.0,56100.0,56100.0,1911,0.0,0.0
2025-02-14 12:39:00+09:00,56100.0,56200.0,56100.0,56200.0,372,0.0,0.0
2025-02-14 12:40:00+09:00,56100.0,56200.0,56100.0,56200.0,963,0.0,0.0
2025-02-14 12:41:00+09:00,56200.0,56200.0,56100.0,56200.0,442,0.0,0.0
2025-02-14 12:42:00+09:00,56200.0,56200.0,56100.0,56200.0,1206,0.0,0.0
2025-02-14 12:43:00+09:00,56200.0,56200.0,56100.0,56100.0,525,0.0,0.0
2025-02-14 12:44:00+09:00,56100.0,56200.0,56100.0,56100.0,532,0.0,0.0
2025-02-14 12:45:00+09:00,56100.0,56200.0,56100.0,56200.0,655,0.0,0.0
2025-02-14 12:46:00+09:00,56100.0,56200.0,56100.0,56100.0,935,0.0,0.0
2025-02-14 12:47:00+09:00,56200.0,56200.0,56100.0,56100.0,512,0.0,0.0
2025-02-14 12:48:00+09:00,56100.0,56200.0,56100.0,56100.0,1204,0.0,0.0
2025-02-14 12:49:00+09:00,56200.0,56200.0,56000.0,56100.0,314,0.0,0.0
2025-02-14 12:50:00+09:00,56000.0,56100.0,56000.0,56100.0,742,0.0,0.0
2025-02-14 12:51:00+09:00,56100.0,56100.0,56000.0,56100.0,817,0.0,0.0
2025-02-14 12:52:00+09:00,56000.0,56100.0,56000.0,56000.0,528,0.0,0.0
2025-02-14 12:53:00+09:00,56000.0,56100.0,56000.0,56100.0,387,0.0,0.0
2025-02-14 12:54:00+09:00,56000.0,56100.0,56000.0,56000.0,498,0.0,0.0
2025-02-14 12:55:00+09:00,56000.0,56100.0,56000.0,56100.0,453,0.0,0.0
2025-02-14 12:56:00+09:00,56000.0,56100.0,56000.0,56000.0,1800,0.0,0.0
2025-02-14 12:57:00+09:00,56000.0,56200.0,56000.0,56100.0,1965,0.0,0.0
2025-02-14 12:58:00+09:00,56000.0,56100.0,56000.0,56100.0,777,0.0,0.0
2025-02-14 12:59:00+09:00,56100.0,56100.0,56000.0,56000.0,543,0.0,0.0
2025-02-14 13:00:00+09:00,56000.0,56100.0,56000.0,56100.0,735,0.0,0.0
2025-02-14 13:01:00+09:00,56100.0,56200.0,56100.0,56100.0,2764,0.0,0.0
2025-02-14 13:02:00+09:00,56100.0,56200.0,56100.0,56200.0,730,0.0,0.0
2025-02-14 13:03:00+09:00,56100.0,56200.0,56000.0,56000.0,616,0.0,0.0
2025-02-14 13:04:00+09:00,56000.0,56200.0,56000.0,56000.0,527,0.0,0.0
2025-02-14 13:05:00+09:00,56000.0,56200.0,56000.0,56100.0,626,0.0,0.0
2025-02-14 13:06:00+09:00,56100.0,56200.0,56000.0,56000.0,575,0.0,0.0
2025-02-14 13:07:00+09:00,56000.0,56200.0,56000.0,56200.0,485,0.0,0.0
2025-02-14 13:08:00+09:00,56200.0,56200.0,56000.0,56000.0,794,0.0,0.0
2025-02-14 13:09:00+09:00,56000.0,56100.0,56000.0,56100.0,595,0.0,0.0
2025-02-14 13:10:00+09:00,56100.0,56100.0,56000.0,56100.0,473,0.0,0.0
2025-02-14 13:11:00+09:00,56000.0,56100.0,56000.0,56000.0,663,0.0,0.0
2025-02-14 13:12:00+09:00,56000.0,56100.0,56000.0,56000.0,571,0.0,0.0
2025-02-14 13:13:00+09:00,56100.0,56100.0,56000.0,56000.0,790,0.0,0.0
2025-02-14 13:14:00+09:00,56000.0,56100.0,56000.0,56100.0,511,0.0,0.0
2025-02-14 13:15:00+09:00,56000.0,56100.0,56000.0,56000.0,951,0.0,0.0
2025-02-14 13:16:00+09:00,56000.0,56100.0,56000.0,56100.0,437,0.0,0.0
2025-02-14 13:17:00+09:00,56000.0,56100.0,56000.0,56100.0,716,0.0,0.0
2025-02-14 13:18:00+09:00,56100.0,56100.0,56000.0,56000.0,659,0.0,0.0
2025-02-14 13:19:00+09:00,56000.0,56100.0,56000.0,56000.0,1132,0.0,0.0
2025-02-14 13:20:00+09:00,56000.0,56100.0,56000.0,56100.0,658,0.0,0.0
2025-02-14 13:21:00+09:00,56000.0,56100.0,56000.0,56100.0,639,0.0,0.0
2025-02-14 13:22:00+09:00,56000.0,56100.0,56000.0,56100.0,1845,0.0,0.0
2025-02-14 13:23:00+09:00,56000.0,56100.0,56000.0,56000.0,702,0.0,0.0
2025-02-14 13:24:00+09:00,56000.0,56100.0,56000.0,56000.0,703,0.0,0.0
2025-02-14 13:25:00+09:00,56100.0,56100.0,56000.0,56100.0,480,0.0,0.0
2025-02-14 13:26:00+09:00,56000.0,56100.0,56000.0,56000.0,566,0.0,0.0
2025-02-14 13:27:00+09:00,56100.0,56100.0,56000.0,56100.0,546,0.0,0.0
2025-02-14 13:28:00+09:00,56100.0,56100.0,55900.0,56100.0,9078,0.0,0.0
2025-02-14 13:29:00+09:00,56100.0,56100.0,56000.0,56100.0,720,0.0,0.0
2025-02-14 13:30:00+09:00,56100.0,56200.0,56000.0,56200.0,4594,0.0,0.0
2025-02-14 13:31:00+09:00,56100.0,56200.0,56100.0,56200.0,505,0.0,0.0
2025-02-14 13:32:00+09:00,56100.0,56200.0,56100.0,56200.0,4955,0.0,0.0
2025-02-14 13:33:00+09:00,56100.0,56200.0,56100.0,56200.0,357,0.0,0.0
2025-02-14 13:34:00+09:00,56200.0,56200.0,56100.0,56100.0,992,0.0,0.0
2025-02-14 13:35:00+09:00,56100.0,56200.0,56000.0,56200.0,682,0.0,0.0
2025-02-14 13:36:00+09:00,56200.0,56200.0,56000.0,56100.0,1715,0.0,0.0
2025-02-14 13:37:00+09:00,56100.0,56200.0,56100.0,56100.0,411,0.0,0.0
2025-02-14 13:38:00+09:00,56100.0,56200.0,56100.0,56200.0,328,0.0,0.0
2025-02-14 13:39:00+09:00,56200.0,56200.0,56100.0,56200.0,964,0.0,0.0
2025-02-14 13:40:00+09:00,56100.0,56200.0,56100.0,56100.0,417,0.0,0.0
2025-02-14 13:41:00+09:00,56200.0,56200.0,56100.0,56200.0,466,0.0,0.0
2025-02-14 13:42:00+09:00,56100.0,56200.0,56100.0,56100.0,393,0.0,0.0
2025-02-14 13:43:00+09:00,56100.0,56200.0,56100.0,56200.0,571,0.0,0.0
2025-02-14 13:44:00+09:00,56100.0,56200.0,56100.0,56200.0,697,0.0,0.0
2025-02-14 13:45:00+09:00,56200.0,56200.0,56100.0,56200.0,445,0.0,0.0
2025-02-14 13:46:00+09:00,56100.0,56200.0,56100.0,56200.0,893,0.0,0.0
2025-02-14 13:47:00+09:00,56200.0,56200.0,56100.0,56100.0,1595,0.0,0.0
2025-02-14 13:48:00+09:00,56100.0,56200.0,56100.0,56200.0,365,0.0,0.0
2025-02-14 13:49:00+09:00,56100.0,56200.0,56100.0,56200.0,701,0.0,0.0
2025-02-14 13:50:00+09:00,56200.0,56200.0,56100.0,56200.0,535,0.0,0.0
2025-02-14 13:51:00+09:00,56100.0,56200.0,56100.0,56200.0,332,0.0,0.0
2025-02-14 13:52:00+09:00,56200.0,56200.0,56100.0,56100.0,567,0.0,0.0
2025-02-14 13:53:00+09:00,56100.0,56200.0,56100.0,56100.0,757,0.0,0.0
2025-02-14 13:54:00+09:00,56100.0,56200.0,56100.0,56200.0,238,0.0,0.0
2025-02-14 13:55:00+09:00,56200.0,56200.0,56100.0,56200.0,2353,0.0,0.0
2025-02-14 13:56:00+09:00,56200.0,56300.0,56100.0,56200.0,10419,0.0,0.0
2025-02-14 13:57:00+09:00,56200.0,56200.0,56100.0,56100.0,664,0.0,0.0
2025-02-14 13:58:00+09:00,56200.0,56200.0,56100.0,56200.0,326,0.0,0.0
2025-02-14 13:59:00+09:00,56200.0,56200.0,56100.0,56200.0,657,0.0,0.0
2025-02-14 14:00:00+09:00,56200.0,56200.0,56100.0,56200.0,636,0.0,0.0
2025-02-14 14:01:00+09:00,56100.0,56200.0,56100.0,56100.0,586,0.0,0.0
2025-02-14 14:02:00+09:00,56100.0,56200.0,56100.0,56100.0,1194,0.0,0.0
2025-02-14 14:03:00+09:00,56100.0,56200.0,56100.0,56200.0,520,0.0,0.0
2025-02-14 14:04:00+09:00,56200.0,56200.0,56100.0,56100.0,608,0.0,0.0
2025-02-14 14:05:00+09:00,56100.0,56200.0,56100.0,56200.0,599,0.0,0.0
2025-02-14 14:06:00+09:00,56100.0,56200.0,56100.0,56200.0,563,0.0,0.0
2025-02-14 14:07:00+09:00,56100.0,56200.0,56100.0,56100.0,683,0.0,0.0
2025-02-14 14:08:00+09:00,56100.0,56200.0,56100.0,56200.0,828,0.0,0.0
2025-02-14 14:09:00+09:00,56200.0,56200.0,56100.0,56100.0,501,0.0,0.0
2025-02-14 14:10:00+09:00,56200.0,56200.0,56100.0,56100.0,745,0.0,0.0
2025-02-14 14:11:00+09:00,56100.0,56200.0,56100.0,56100.0,827,0.0,0.0
2025-02-14 14:12:00+09:00,56100.0,56200.0,56100.0,56200.0,521,0.0,0.0
2025-02-14 14:13:00+09:00,56100.0,56200.0,56100.0,56200.0,1718,0.0,0.0
2025-02-14 14:14:00+09:00,56200.0,56200.0,56100.0,56100.0,758,0.0,0.0
2025-02-14 14:15:00+09:00,56100.0,56200.0,56100.0,56100.0,620,0.0,0.0
2025-02-14 14:16:00+09:00,56100.0,56200.0,56100.0,56200.0,812,0.0,0.0
2025-02-14 14:17:00+09:00,56200.0,56200.0,56100.0,56200.0,741,0.0,0.0
2025-02-14 14:18:00+09:00,56200.0,56200.0,56100.0,56100.0,547,0.0,0.0
2025-02-14 14:19:00+09:00,56200.0,56200.0,56100.0,56200.0,833,0.0,0.0
2025-02-14 14:20:00+09:00,56200.0,56200.0,56100.0,56200.0,738,0.0,0.0
2025-02-14 14:21:00+09:00,56200.0,56200.0,56100.0,56200.0,878,0.0,0.0
2025-02-14 14:22:00+09:00,56100.0,56200.0,56100.0,56200.0,760,0.0,0.0
2025-02-14 14:23:00+09:00,56200.0,56300.0,56100.0,56200.0,3926,0.0,0.0
2025-02-14 14:24:00+09:00,56300.0,56300.0,56200.0,56300.0,835,0.0,0.0
2025-02-14 14:25:00+09:00,56300.0,56300.0,56200.0,56300.0,1300,0.0,0.0
2025-02-14 14:26:00+09:00,56300.0,56300.0,56200.0,56200.0,585,0.0,0.0
2025-02-14 14:27:00+09:00,56300.0,56300.0,56200.0,56300.0,794,0.0,0.0
2025-02-14 14:28:00+09:00,56300.0,56300.0,56100.0,56100.0,860,0.0,0.0
2025-02-14 14:29:00+09:00,56200.0,56200.0,56100.0,56200.0,651,0.0,0.0
2025-02-14 14:30:00+09:00,56200.0,56300.0,56100.0,56200.0,702,0.0,0.0
2025-02-14 14:31:00+09:00,56200.0,56300.0,56100.0,56200.0,662,0.0,0.0
2025-02-14 14:32:00+09:00,56100.0,56200.0,56100.0,56100.0,585,0.0,0.0
2025-02-14 14:33:00+09:00,56100.0,56200.0,56100.0,56100.0,635,0.0,0.0
2025-02-14 14:34:00+09:00,56100.0,56300.0,56100.0,56100.0,589,0.0,0.0
2025-02-14 14:35:00+09:00,56100.0,56200.0,56100.0,56100.0,312,0.0,0.0
2025-02-14 14:36:00+09:00,56100.0,56200.0,56100.0,56100.0,859,0.0,0.0
2025-02-14 14:37:00+09:00,56200.0,56200.0,56100.0,56100.0,784,0.0,0.0
2025-02-14 14:38:00+09:00,56100.0,56300.0,56100.0,56100.0,6408,0.0,0.0
2025-02-14 14:39:00+09:00,56100.0,56200.0,56100.0,56200.0,891,0.0,0.0
2025-02-14 14:40:00+09:00,56100.0,56200.0,56100.0,56100.0,750,0.0,0.0
2025-02-14 14:41:00+09:00,56200.0,56200.0,56100.0,56200.0,791,0.0,0.0
2025-02-14 14:42:00+09:00,56200.0,56200.0,56100.0,56100.0,762,0.0,0.0
2025-02-14 14:43:00+09:00,56200.0,56200.0,56100.0,56100.0,633,0.0,0.0
2025-02-14 14:44:00+09:00,56200.0,56200.0,56100.0,56100.0,986,0.0,0.0
2025-02-14 14:45:00+09:00,56100.0,56200.0,56100.0,56200.0,722,0.0,0.0
2025-02-14 14:46:00+09:00,56100.0,56200.0,56100.0,56100.0,740,0.0,0.0
2025-02-14 14:47:00+09:00,56100.0,56200.0,56100.0,56200.0,841,0.0,0.0
2025-02-14 14:48:00+09:00,56200.0,56200.0,56100.0,56100.0,719,0.0,0.0
2025-02-14 14:49:00+09:00,56100.0,56200.0,56100.0,56100.0,920,0.0,0.0
2025-02-14 14:50:00+09:00,56200.0,56200.0,56100.0,56200.0,764,0.0,0.0
2025-02-14 14:51:00+09:00,56200.0,56200.0,56100.0,56100.0,722,0.0,0.0
2025-02-14 14:52:00+09:00,56100.0,56200.0,56100.0,56100.0,623,0.0,0.0
2025-02-14 14:53:00+09:00,56100.0,56200.0,56100.0,56100.0,842,0.0,0.0
2025-02-14 14:54:00+09:00,56200.0,56200.0,56100.0,56100.0,1005,0.0,0.0
2025-02-14 14:55:00+09:00,56100.0,56200.0,56100.0,56100.0,728,0.0,0.0
2025-02-14 14:56:00+09:00,56100.0,56200.0,56100.0,56100.0,795,0.0,0.0
2025-02-14 14:57:00+09:00,56200.0,56200.0,56100.0,56200.0,661,0.0,0.0
2025-02-14 14:58:00+09:00,56100.0,56200.0,56100.0,56100.0,689,0.0,0.0
2025-02-14 14:59:00+09:00,56100.0,56300.0,56100.0,56100.0,6112,0.0,0.0
2025-02-17 09:00:00+09:00,56300.0,56500.0,56300.0,56500.0,0,0.0,0.0
2025-02-17 09:01:00+09:00,56500.0,56500.0,56300.0,56400.0,2711,0.0,0.0
2025-02-17 09:02:00+09:00,56400.0,56500.0,56300.0,56300.0,993,0.0,0.0
2025-02-17 09:03:00+09:00,56400.0,56600.0,56300.0,56600.0,7180,0.0,0.0
2025-02-17 09:04:00+09:00,56400.0,56600.0,56400.0,56600.0,3365,0.0,0.0
2025-02-17 09:05:00+09:00,56600.0,56600.0,56500.0,56600.0,3623,0.0,0.0
2025-02-17 09:06:00+09:00,56600.0,56700.0,56500.0,56500.0,917,0.0,0.0
2025-02-17 09:07:00+09:00,56600.0,56600.0,56400.0,56500.0,2228,0.0,0.0
2025-02-17 09:08:00+09:00,56500.0,56500.0,56400.0,56400.0,1120,0.0,0.0
2025-02-17 09:09:00+09:00,56500.0,56500.0,56400.0,56500.0,373,0.0,0.0
2025-02-17 09:10:00+09:00,56400.0,56500.0,56400.0,56400.0,119,0.0,0.0
2025-02-17 09:11:00+09:00,56500.0,56500.0,56400.0,56400.0,382,0.0,0.0
2025-02-17 09:12:00+09:00,56400.0,56500.0,56400.0,56400.0,575,0.0,0.0
2025-02-17 09:13:00+09:00,56400.0,56500.0,56400.0,56400.0,164,0.0,0.0
2025-02-17 09:14:00+09:00,56400.0,56500.0,56400.0,56500.0,309,0.0,0.0
2025-02-17 09:15:00+09:00,56500.0,56500.0,56300.0,56400.0,2479,0.0,0.0
2025-02-17 09:16:00+09:00,56400.0,56400.0,56300.0,56400.0,1059,0.0,0.0
2025-02-17 09:17:00+09:00,56400.0,56400.0,56300.0,56400.0,709,0.0,0.0
2025-02-17 09:18:00+09:00,56400.0,56500.0,56400.0,56400.0,618,0.0,0.0
2025-02-17 09:19:00+09:00,56400.0,56500.0,56400.0,56400.0,152,0.0,0.0
2025-02-17 09:20:00+09:00,56400.0,56500.0,56400.0,56400.0,340,0.0,0.0
2025-02-17 09:21:00+09:00,56400.0,56500.0,56400.0,56500.0,334,0.0,0.0
2025-02-17 09:22:00+09:00,56500.0,56500.0,56400.0,56400.0,359,0.0,0.0
2025-02-17 09:23:00+09:00,56500.0,56500.0,56400.0,56500.0,24,0.0,0.0
2025-02-17 09:24:00+09:00,56500.0,56500.0,56400.0,56500.0,338,0.0,0.0
2025-02-17 09:25:00+09:00,56400.0,56500.0,56400.0,56400.0,1892,0.0,0.0
2025-02-17 09:26:00+09:00,56400.0,56500.0,56400.0,56400.0,307,0.0,0.0
2025-02-17 09:27:00+09:00,56500.0,56500.0,56400.0,56400.0,187,0.0,0.0
2025-02-17 09:28:00+09:00,56400.0,56500.0,56400.0,56400.0,239,0.0,0.0
2025-02-17 09:29:00+09:00,56400.0,56500.0,56400.0,56400.0,295,0.0,0.0
2025-02-17 09:30:00+09:00,56400.0,56500.0,56400.0,56500.0,1813,0.0,0.0
2025-02-17 09:31:00+09:00,56500.0,56500.0,56400.0,56500.0,1499,0.0,0.0
2025-02-17 09:32:00+09:00,56500.0,56500.0,56400.0,56500.0,108,0.0,0.0
2025-02-17 09:33:00+09:00,56500.0,56500.0,56400.0,56500.0,634,0.0,0.0
2025-02-17 09:34:00+09:00,56400.0,56500.0,56400.0,56500.0,513,0.0,0.0
2025-02-17 09:35:00+09:00,56400.0,56500.0,56400.0,56400.0,792,0.0,0.0
2025-02-17 09:36:00+09:00,56400.0,56500.0,56400.0,56400.0,829,0.0,0.0
2025-02-17 09:37:00+09:00,56400.0,56400.0,56300.0,56300.0,1737,0.0,0.0
2025-02-17 09:38:00+09:00,56400.0,56400.0,56300.0,56400.0,176,0.0,0.0
2025-02-17 09:39:00+09:00,56300.0,56400.0,56300.0,56400.0,888,0.0,0.0
2025-02-17 09:40:00+09:00,56300.0,56400.0,56300.0,56400.0,154,0.0,0.0
2025-02-17 09:41:00+09:00,56400.0,56400.0,56300.0,56400.0,291,0.0,0.0
2025-02-17 09:42:00+09:00,56400.0,56400.0,56300.0,56400.0,340,0.0,0.0
2025-02-17 09:43:00+09:00,56400.0,56400.0,56300.0,56400.0,169,0.0,0.0
2025-02-17 09:44:00+09:00,56400.0,56400.0,56300.0,56300.0,209,0.0,0.0
2025-02-17 09:45:00+09:00,56300.0,56400.0,56300.0,56300.0,401,0.0,0.0
2025-02-17 09:46:00+09:00,56300.0,56400.0,56300.0,56300.0,243,0.0,0.0
2025-02-17 09:47:00+09:00,56300.0,56400.0,56300.0,56300.0,2174,0.0,0.0
2025-02-17 09:48:00+09:00,56300.0,56400.0,56300.0,56300.0,748,0.0,0.0
2025-02-17 09:49:00+09:00,56400.0,56400.0,56300.0,56300.0,593,0.0,0.0
2025-02-17 09:50:00+09:00,56400.0,56400.0,56300.0,56300.0,206,0.0,0.0
2025-02-17 09:51:00+09:00,56300.0,56400.0,56300.0,56400.0,222,0.0,0.0
2025-02-17 09:52:00+09:00,56300.0,56400.0,56300.0,56300.0,207,0.0,0.0
2025-02-17 09:53:00+09:00,56300.0,56400.0,56300.0,56300.0,267,0.0,0.0
2025-02-17 09:54:00+09:00,56400.0,56400.0,56300.0,56300.0,382,0.0,0.0
2025-02-17 09:55:00+09:00,56300.0,56400.0,56300.0,56300.0,967,0.0,0.0
2025-02-17 09:56:00+09:00,56300.0,56400.0,56300.0,56400.0,415,0.0,0.0
2025-02-17 09:57:00+09:00,56300.0,56400.0,56300.0,56300.0,401,0.0,0.0
2025-02-17 09:58:00+09:00,56300.0,56400.0,56300.0,56300.0,490,0.0,0.0
2025-02-17 09:59:00+09:00,56300.0,56400.0,56300.0,56400.0,242,0.0,0.0
2025-02-17 10:00:00+09:00,56300.0,56400.0,56300.0,56300.0,570,0.0,0.0
2025-02-17 10:01:00+09:00,56400.0,56400.0,56300.0,56400.0,220,0.0,0.0
2025-02-17 10:02:00+09:00,56400.0,56400.0,56300.0,56300.0,206,0.0,0.0
2025-02-17 10:03:00+09:00,56400.0,56500.0,56300.0,56500.0,4265,0.0,0.0
2025-02-17 10:04:00+09:00,56500.0,56500.0,56400.0,56400.0,429,0.0,0.0
2025-02-17 10:05:00+09:00,56500.0,56500.0,56400.0,56500.0,333,0.0,0.0
2025-02-17 10:06:00+09:00,56500.0,56500.0,56400.0,56500.0,681,0.0,0.0
2025-02-17 10:07:00+09:00,56500.0,56500.0,56400.0,56400.0,268,0.0,0.0
2025-02-17 10:08:00+09:00,56400.0,56500.0,56400.0,56400.0,2179,0.0,0.0
2025-02-17 10:09:00+09:00,56500.0,56500.0,56400.0,56400.0,125,0.0,0.0
2025-02-17 10:10:00+09:00,56400.0,56500.0,56300.0,56500.0,2897,0.0,0.0
2025-02-17 10:11:00+09:00,56500.0,56500.0,56400.0,56500.0,133,0.0,0.0
2025-02-17 10:12:00+09:00,56400.0,56500.0,56400.0,56400.0,736,0.0,0.0
2025-02-17 10:13:00+09:00,56500.0,56500.0,56400.0,56400.0,532,0.0,0.0
2025-02-17 10:14:00+09:00,56500.0,56500.0,56300.0,56400.0,356,0.0,0.0
2025-02-17 10:15:00+09:00,56400.0,56400.0,56300.0,56400.0,263,0.0,0.0
2025-02-17 10:16:00+09:00,56300.0,56500.0,56300.0,56400.0,380,0.0,0.0
2025-02-17 10:17:00+09:00,56300.0,56500.0,56300.0,56400.0,280,0.0,0.0
2025-02-17 10:18:00+09:00,56400.0,56500.0,56300.0,56300.0,271,0.0,0.0
2025-02-17 10:19:00+09:00,56400.0,56500.0,56300.0,56400.0,353,0.0,0.0
2025-02-17 10:20:00+09:00,56500.0,56500.0,56400.0,56500.0,465,0.0,0.0
2025-02-17 10:21:00+09:00,56500.0,56500.0,56400.0,56400.0,277,0.0,0.0
2025-02-17 10:22:00+09:00,56400.0,56500.0,56300.0,56300.0,703,0.0,0.0
2025-02-17 10:23:00+09:00,56300.0,56400.0,56300.0,56400.0,64,0.0,0.0
2025-02-17 10:24:00+09:00,56300.0,56400.0,56300.0,56400.0,327,0.0,0.0
2025-02-17 10:25:00+09:00,56400.0,56400.0,56300.0,56300.0,686,0.0,0.0
2025-02-17 10:26:00+09:00,56300.0,56400.0,56300.0,56300.0,371,0.0,0.0
2025-02-17 10:27:00+09:00,56300.0,56400.0,56300.0,56400.0,535,0.0,0.0
2025-02-17 10:28:00+09:00,56400.0,56400.0,56300.0,56300.0,531,0.0,0.0
2025-02-17 10:29:00+09:00,56400.0,56400.0,56300.0,56300.0,276,0.0,0.0
2025-02-17 10:30:00+09:00,56300.0,56400.0,56300.0,56400.0,325,0.0,0.0
2025-02-17 10:31:00+09:00,56400.0,56400.0,56300.0,56400.0,2330,0.0,0.0
2025-02-17 10:32:00+09:00,56300.0,56400.0,56300.0,56300.0,365,0.0,0.0
2025-02-17 10:33:00+09:00,56300.0,56400.0,56300.0,56300.0,131,0.0,0.0
2025-02-17 10:34:00+09:00,56400.0,56400.0,56300.0,56300.0,278,0.0,0.0
2025-02-17 10:35:00+09:00,56300.0,56400.0,56300.0,56300.0,399,0.0,0.0
2025-02-17 10:36:00+09:00,56400.0,56400.0,56300.0,56400.0,118,0.0,0.0
2025-02-17 10:37:00+09:00,56400.0,56400.0,56300.0,56300.0,697,0.0,0.0
2025-02-17 10:38:00+09:00,56300.0,56400.0,56300.0,56400.0,364,0.0,0.0
2025-02-17 10:39:00+09:00,56300.0,56400.0,56300.0,56400.0,310,0.0,0.0
2025-02-17 10:40:00+09:00,56400.0,56400.0,56300.0,56300.0,189,0.0,0.0
2025-02-17 10:41:00+09:00,56400.0,56400.0,56300.0,56400.0,318,0.0,0.0
2025-02-17 10:42:00+09:00,56300.0,56400.0,56300.0,56400.0,2778,0.0,0.0
2025-02-17 10:43:00+09:00,56400.0,56400.0,56300.0,56300.0,515,0.0,0.0
2025-02-17 10:44:00+09:00,56400.0,56400.0,56300.0,56300.0,356,0.0,0.0
2025-02-17 10:45:00+09:00,56300.0,56400.0,56300.0,56400.0,297,0.0,0.0
2025-02-17 10:46:00+09:00,56400.0,56400.0,56300.0,56300.0,226,0.0,0.0
2025-02-17 10:47:00+09:00,56300.0,56400.0,56300.0,56400.0,375,0.0,0.0
2025-02-17 10:48:00+09:00,56400.0,56400.0,56300.0,56400.0,680,0.0,0.0
2025-02-17 10:49:00+09:00,56400.0,56400.0,56300.0,56300.0,79,0.0,0.0
2025-02-17 10:50:00+09:00,56300.0,56400.0,56300.0,56300.0,330,0.0,0.0
2025-02-17 10:51:00+09:00,56400.0,56400.0,56300.0,56400.0,480,0.0,0.0
2025-02-17 10:52:00+09:00,56300.0,56400.0,56300.0,56300.0,331,0.0,0.0
2025-02-17 10:53:00+09:00,56300.0,56400.0,56300.0,56300.0,394,0.0,0.0
2025-02-17 10:54:00+09:00,56300.0,56400.0,56300.0,56400.0,438,0.0,0.0
2025-02-17 10:55:00+09:00,56400.0,56400.0,56300.0,56300.0,438,0.0,0.0
2025-02-17 10:56:00+09:00,56300.0,56400.0,56300.0,56400.0,400,0.0,0.0
2025-02-17 10:57:00+09:00,56400.0,56400.0,56300.0,56400.0,410,0.0,0.0
2025-02-17 10:58:00+09:00,56400.0,56400.0,56300.0,56300.0,739,0.0,0.0
2025-02-17 10:59:00+09:00,56300.0,56400.0,56300.0,56300.0,6456,0.0,0.0
2025-02-17 11:00:00+09:00,56400.0,56400.0,56300.0,56300.0,617,0.0,0.0
2025-02-17 11:01:00+09:00,56400.0,56400.0,56300.0,56300.0,609,0.0,0.0
2025-02-17 11:02:00+09:00,56300.0,56400.0,56300.0,56300.0,485,0.0,0.0
2025-02-17 11:03:00+09:00,56300.0,56400.0,56300.0,56400.0,666,0.0,0.0
2025-02-17 11:04:00+09:00,56400.0,56400.0,56300.0,56400.0,494,0.0,0.0
2025-02-17 11:05:00+09:00,56400.0,56400.0,56300.0,56300.0,873,0.0,0.0
2025-02-17 11:06:00+09:00,56300.0,56400.0,56300.0,56300.0,856,0.0,0.0
2025-02-17 11:07:00+09:00,56300.0,56400.0,56200.0,56200.0,4366,0.0,0.0
2025-02-17 11:08:00+09:00,56200.0,56300.0,56200.0,56200.0,276,0.0,0.0
2025-02-17 11:09:00+09:00,56200.0,56300.0,56200.0,56300.0,370,0.0,0.0
2025-02-17 11:10:00+09:00,56200.0,56300.0,56200.0,56200.0,936,0.0,0.0
2025-02-17 11:11:00+09:00,56200.0,56300.0,56200.0,56200.0,392,0.0,0.0
2025-02-17 11:12:00+09:00,56300.0,56300.0,56200.0,56200.0,409,0.0,0.0
2025-02-17 11:13:00+09:00,56300.0,56400.0,56200.0,56300.0,1810,0.0,0.0
2025-02-17 11:14:00+09:00,56300.0,56400.0,56300.0,56300.0,1041,0.0,0.0
2025-02-17 11:15:00+09:00,56300.0,56400.0,56300.0,56300.0,685,0.0,0.0
2025-02-17 11:16:00+09:00,56400.0,56400.0,56300.0,56300.0,442,0.0,0.0
2025-02-17 11:17:00+09:00,56400.0,56400.0,56200.0,56200.0,1649,0.0,0.0
2025-02-17 11:18:00+09:00,56200.0,56400.0,56200.0,56200.0,558,0.0,0.0
2025-02-17 11:19:00+09:00,56200.0,56400.0,56200.0,56200.0,386,0.0,0.0
2025-02-17 11:20:00+09:00,56300.0,56400.0,56200.0,56200.0,471,0.0,0.0
2025-02-17 11:21:00+09:00,56200.0,56400.0,56200.0,56400.0,426,0.0,0.0
2025-02-17 11:22:00+09:00,56200.0,56400.0,56200.0,56400.0,294,0.0,0.0
2025-02-17 11:23:00+09:00,56300.0,56400.0,56200.0,56200.0,1399,0.0,0.0
2025-02-17 11:24:00+09:00,56300.0,56300.0,56200.0,56200.0,356,0.0,0.0
2025-02-17 11:25:00+09:00,56300.0,56300.0,56200.0,56200.0,428,0.0,0.0
2025-02-17 11:26:00+09:00,56200.0,56300.0,56200.0,56300.0,1188,0.0,0.0
2025-02-17 11:27:00+09:00,56200.0,56300.0,56200.0,56200.0,504,0.0,0.0
2025-02-17 11:28:00+09:00,56300.0,56300.0,56200.0,56300.0,373,0.0,0.0
2025-02-17 11:29:00+09:00,56200.0,56300.0,56200.0,56200.0,425,0.0,0.0
2025-02-17 11:30:00+09:00,56200.0,56300.0,56200.0,56200.0,512,0.0,0.0
2025-02-17 11:31:00+09:00,56200.0,56300.0,56200.0,56200.0,370,0.0,0.0
2025-02-17 11:32:00+09:00,56200.0,56300.0,56200.0,56200.0,551,0.0,0.0
2025-02-17 11:33:00+09:00,56300.0,56300.0,56200.0,56200.0,379,0.0,0.0
2025-02-17 11:34:00+09:00,56200.0,56300.0,56200.0,56200.0,503,0.0,0.0
2025-02-17 11:35:00+09:00,56200.0,56300.0,56200.0,56200.0,463,0.0,0.0
2025-02-17 11:36:00+09:00,56300.0,56300.0,56200.0,56200.0,340,0.0,0.0
2025-02-17 11:37:00+09:00,56300.0,56300.0,56200.0,56200.0,4939,0.0,0.0
2025-02-17 11:38:00+09:00,56200.0,56300.0,56200.0,56300.0,684,0.0,0.0
2025-02-17 11:39:00+09:00,56200.0,56300.0,56200.0,56200.0,415,0.0,0.0
2025-02-17 11:40:00+09:00,56200.0,56300.0,56200.0,56200.0,268,0.0,0.0
2025-02-17 11:41:00+09:00,56300.0,56300.0,56200.0,56300.0,440,0.0,0.0
2025-02-17 11:42:00+09:00,56200.0,56300.0,56200.0,56200.0,345,0.0,0.0
2025-02-17 11:43:00+09:00,56200.0,56300.0,56200.0,56200.0,457,0.0,0.0
2025-02-17 11:44:00+09:00,56300.0,56300.0,56200.0,56200.0,434,0.0,0.0
2025-02-17 11:45:00+09:00,56300.0,56300.0,56200.0,56200.0,743,0.0,0.0
2025-02-17 11:46:00+09:00,56200.0,56300.0,56200.0,56200.0,494,0.0,0.0
2025-02-17 11:47:00+09:00,56200.0,56300.0,56200.0,56200.0,349,0.0,0.0
2025-02-17 11:48:00+09:00,56200.0,56300.0,56200.0,56200.0,846,0.0,0.0
2025-02-17 11:49:00+09:00,56300.0,56300.0,56200.0,56300.0,863,0.0,0.0
2025-02-17 11:50:00+09:00,56200.0,56300.0,56200.0,56200.0,513,0.0,0.0
2025-02-17 11:51:00+09:00,56200.0,56300.0,56200.0,56200.0,449,0.0,0.0
2025-02-17 11:52:00+09:00,56300.0,56300.0,56200.0,56200.0,323,0.0,0.0
2025-02-17 11:53:00+09:00,56300.0,56300.0,56200.0,56200.0,1090,0.0,0.0
2025-02-17 11:54:00+09:00,56200.0,56300.0,56200.0,56200.0,409,0.0,0.0
2025-02-17 11:55:00+09:00,56200.0,56300.0,56200.0,56200.0,306,0.0,0.0
2025-02-17 11:56:00+09:00,56300.0,56300.0,56200.0,56200.0,353,0.0,0.0
2025-02-17 11:57:00+09:00,56300.0,56300.0,56200.0,56200.0,497,0.0,0.0
2025-02-17 11:58:00+09:00,56200.0,56300.0,56100.0,56100.0,1389,0.0,0.0
2025-02-17 11:59:00+09:00,56200.0,56200.0,56100.0,56100.0,1007,0.0,0.0
2025-02-17 12:00:00+09:00,56200.0,56300.0,56100.0,56100.0,293,0.0,0.0
2025-02-17 12:01:00+09:00,56100.0,56300.0,56100.0,56300.0,652,0.0,0.0
2025-02-17 12:02:00+09:00,56200.0,56300.0,56100.0,56100.0,323,0.0,0.0
2025-02-17 12:03:00+09:00,56100.0,56200.0,56100.0,56200.0,942,0.0,0.0
2025-02-17 12:04:00+09:00,56200.0,56200.0,56100.0,56100.0,368,0.0,0.0
2025-02-17 12:05:00+09:00,56100.0,56200.0,56100.0,56100.0,464,0.0,0.0
2025-02-17 12:06:00+09:00,56200.0,56200.0,56100.0,56100.0,447,0.0,0.0
2025-02-17 12:07:00+09:00,56100.0,56200.0,56100.0,56100.0,921,0.0,0.0
2025-02-17 12:08:00+09:00,56200.0,56200.0,56100.0,56100.0,439,0.0,0.0
2025-02-17 12:09:00+09:00,56100.0,56200.0,56100.0,56200.0,484,0.0,0.0
2025-02-17 12:10:00+09:00,56100.0,56200.0,56100.0,56100.0,393,0.0,0.0
2025-02-17 12:11:00+09:00,56100.0,56200.0,56100.0,56200.0,259,0.0,0.0
2025-02-17 12:12:00+09:00,56200.0,56300.0,56100.0,56300.0,1397,0.0,0.0
2025-02-17 12:13:00+09:00,56300.0,56300.0,56200.0,56200.0,414,0.0,0.0
2025-02-17 12:14:00+09:00,56200.0,56300.0,56200.0,56200.0,404,0.0,0.0
2025-02-17 12:15:00+09:00,56200.0,56300.0,56200.0,56300.0,456,0.0,0.0
2025-02-17 12:16:00+09:00,56300.0,56300.0,56200.0,56200.0,307,0.0,0.0
2025-02-17 12:17:00+09:00,56200.0,56300.0,56200.0,56200.0,352,0.0,0.0
2025-02-17 12:18:00+09:00,56200.0,56300.0,56200.0,56200.0,444,0.0,0.0
2025-02-17 12:19:00+09:00,56200.0,56300.0,56200.0,56300.0,401,0.0,0.0
2025-02-17 12:20:00+09:00,56300.0,56300.0,56200.0,56300.0,1910,0.0,0.0
2025-02-17 12:21:00+09:00,56300.0,56300.0,56200.0,56200.0,334,0.0,0.0
2025-02-17 12:22:00+09:00,56200.0,56300.0,56200.0,56200.0,481,0.0,0.0
2025-02-17 12:23:00+09:00,56200.0,56300.0,56200.0,56200.0,366,0.0,0.0
2025-02-17 12:24:00+09:00,56200.0,56300.0,56200.0,56300.0,353,0.0,0.0
2025-02-17 12:25:00+09:00,56200.0,56300.0,56200.0,56300.0,351,0.0,0.0
2025-02-17 12:26:00+09:00,56200.0,56300.0,56200.0,56200.0,443,0.0,0.0
2025-02-17 12:27:00+09:00,56200.0,56300.0,56200.0,56200.0,299,0.0,0.0
2025-02-17 12:28:00+09:00,56200.0,56300.0,56200.0,56200.0,442,0.0,0.0
2025-02-17 12:29:00+09:00,56200.0,56300.0,56200.0,56200.0,240,0.0,0.0
2025-02-17 12:30:00+09:00,56200.0,56300.0,56200.0,56200.0,400,0.0,0.0
2025-02-17 12:31:00+09:00,56200.0,56300.0,56200.0,56200.0,317,0.0,0.0
2025-02-17 12:32:00+09:00,56200.0,56300.0,56200.0,56300.0,2067,0.0,0.0
2025-02-17 12:33:00+09:00,56300.0,56400.0,56300.0,56300.0,902,0.0,0.0
2025-02-17 12:34:00+09:00,56400.0,56400.0,56300.0,56300.0,462,0.0,0.0
2025-02-17 12:35:00+09:00,56300.0,56400.0,56300.0,56300.0,1267,0.0,0.0
2025-02-17 12:36:00+09:00,56400.0,56400.0,56300.0,56300.0,672,0.0,0.0
2025-02-17 12:37:00+09:00,56300.0,56400.0,56300.0,56400.0,352,0.0,0.0
2025-02-17 12:38:00+09:00,56300.0,56400.0,56300.0,56300.0,610,0.0,0.0
2025-02-17 12:39:00+09:00,56300.0,56400.0,56300.0,56300.0,638,0.0,0.0
2025-02-17 12:40:00+09:00,56300.0,56400.0,56300.0,56300.0,337,0.0,0.0
2025-02-17 12:41:00+09:00,56300.0,56400.0,56300.0,56300.0,653,0.0,0.0
2025-02-17 12:42:00+09:00,56300.0,56400.0,56300.0,56300.0,668,0.0,0.0
2025-02-17 12:43:00+09:00,56300.0,56400.0,56300.0,56300.0,326,0.0,0.0
2025-02-17 12:44:00+09:00,56300.0,56400.0,56200.0,56300.0,9258,0.0,0.0
2025-02-17 12:45:00+09:00,56300.0,56300.0,56200.0,56200.0,376,0.0,0.0
2025-02-17 12:46:00+09:00,56200.0,56300.0,56200.0,56200.0,545,0.0,0.0
2025-02-17 12:47:00+09:00,56200.0,56300.0,56100.0,56200.0,401,0.0,0.0
2025-02-17 12:48:00+09:00,56300.0,56300.0,56200.0,56200.0,328,0.0,0.0
2025-02-17 12:49:00+09:00,56300.0,56300.0,56100.0,56200.0,734,0.0,0.0
2025-02-17 12:50:00+09:00,56300.0,56300.0,56100.0,56300.0,508,0.0,0.0
2025-02-17 12:51:00+09:00,56300.0,56300.0,56200.0,56200.0,565,0.0,0.0
2025-02-17 12:52:00+09:00,56200.0,56300.0,56200.0,56200.0,211,0.0,0.0
2025-02-17 12:53:00+09:00,56200.0,56300.0,56200.0,56200.0,463,0.0,0.0
2025-02-17 12:54:00+09:00,56200.0,56300.0,56200.0,56200.0,472,0.0,0.0
2025-02-17 12:55:00+09:00,56200.0,56300.0,56200.0,56200.0,338,0.0,0.0
2025-02-17 12:56:00+09:00,56300.0,56300.0,56200.0,56200.0,262,0.0,0.0
2025-02-17 12:57:00+09:00,56200.0,56300.0,56200.0,56200.0,595,0.0,0.0
2025-02-17 12:58:00+09:00,56200.0,56300.0,56200.0,56200.0,319,0.0,0.0
2025-02-17 12:59:00+09:00,56200.0,56300.0,56200.0,56200.0,307,0.0,0.0
2025-02-17 13:00:00+09:00,56300.0,56300.0,56200.0,56200.0,422,0.0,0.0
2025-02-17 13:01:00+09:00,56200.0,56300.0,56200.0,56300.0,540,0.0,0.0
2025-02-17 13:02:00+09:00,56200.0,56300.0,56200.0,56200.0,346,0.0,0.0
2025-02-17 13:03:00+09:00,56300.0,56300.0,56200.0,56300.0,386,0.0,0.0
2025-02-17 13:04:00+09:00,56300.0,56300.0,56200.0,56200.0,312,0.0,0.0
2025-02-17 13:05:00+09:00,56200.0,56300.0,56200.0,56300.0,491,0.0,0.0
2025-02-17 13:06:00+09:00,56200.0,56300.0,56100.0,56200.0,3888,0.0,0.0
2025-02-17 13:07:00+09:00,56200.0,56300.0,56100.0,56200.0,293,0.0,0.0
2025-02-17 13:08:00+09:00,56200.0,56300.0,56100.0,56200.0,267,0.0,0.0
2025-02-17 13:09:00+09:00,56200.0,56300.0,56200.0,56200.0,519,0.0,0.0
2025-02-17 13:10:00+09:00,56300.0,56300.0,56200.0,56200.0,291,0.0,0.0
2025-02-17 13:11:00+09:00,56300.0,56300.0,56200.0,56200.0,438,0.0,0.0
2025-02-17 13:12:00+09:00,56200.0,56300.0,56200.0,56300.0,278,0.0,0.0
2025-02-17 13:13:00+09:00,56200.0,56300.0,56100.0,56100.0,522,0.0,0.0
2025-02-17 13:14:00+09:00,56100.0,56300.0,56100.0,56200.0,321,0.0,0.0
2025-02-17 13:15:00+09:00,56200.0,56300.0,56200.0,56200.0,307,0.0,0.0
2025-02-17 13:16:00+09:00,56300.0,56300.0,56100.0,56100.0,706,0.0,0.0
2025-02-17 13:17:00+09:00,56100.0,56200.0,56100.0,56100.0,475,0.0,0.0
2025-02-17 13:18:00+09:00,56100.0,56200.0,56100.0,56100.0,429,0.0,0.0
2025-02-17 13:19:00+09:00,56100.0,56300.0,56100.0,56300.0,416,0.0,0.0
2025-02-17 13:20:00+09:00,56300.0,56300.0,56200.0,56200.0,200,0.0,0.0
2025-02-17 13:21:00+09:00,56200.0,56300.0,56200.0,56200.0,519,0.0,0.0
2025-02-17 13:22:00+09:00,56200.0,56300.0,56200.0,56200.0,449,0.0,0.0
2025-02-17 13:23:00+09:00,56200.0,56300.0,56100.0,56200.0,1825,0.0,0.0
2025-02-17 13:24:00+09:00,56300.0,56300.0,56100.0,56100.0,248,0.0,0.0
2025-02-17 13:25:00+09:00,56100.0,56200.0,56100.0,56100.0,1536,0.0,0.0
2025-02-17 13:26:00+09:00,56100.0,56200.0,56100.0,56100.0,389,0.0,0.0
2025-02-17 13:27:00+09:00,56100.0,56200.0,56100.0,56100.0,593,0.0,0.0
2025-02-17 13:28:00+09:00,56200.0,56200.0,56100.0,56200.0,359,0.0,0.0
2025-02-17 13:29:00+09:00,56100.0,56200.0,56100.0,56100.0,415,0.0,0.0
2025-02-17 13:30:00+09:00,56100.0,56200.0,56100.0,56100.0,285,0.0,0.0
2025-02-17 13:31:00+09:00,56100.0,56200.0,56100.0,56100.0,538,0.0,0.0
2025-02-17 13:32:00+09:00,56200.0,56200.0,56100.0,56100.0,264,0.0,0.0
2025-02-17 13:33:00+09:00,56100.0,56200.0,56100.0,56100.0,381,0.0,0.0
2025-02-17 13:34:00+09:00,56100.0,56200.0,56100.0,56200.0,352,0.0,0.0
2025-02-17 13:35:00+09:00,56100.0,56200.0,56100.0,56100.0,374,0.0,0.0
2025-02-17 13:36:00+09:00,56100.0,56200.0,56100.0,56100.0,391,0.0,0.0
2025-02-17 13:37:00+09:00,56100.0,56200.0,56100.0,56100.0,741,0.0,0.0
2025-02-17 13:38:00+09:00,56100.0,56200.0,56100.0,56100.0,687,0.0,0.0
2025-02-17 13:39:00+09:00,56100.0,56200.0,56100.0,56100.0,331,0.0,0.0
2025-02-17 13:40:00+09:00,56200.0,56200.0,56100.0,56100.0,579,0.0,0.0
2025-02-17 13:41:00+09:00,56100.0,56200.0,56100.0,56100.0,473,0.0,0.0
2025-02-17 13:42:00+09:00,56100.0,56200.0,56100.0,56200.0,479,0.0,0.0
2025-02-17 13:43:00+09:00,56100.0,56200.0,56100.0,56100.0,499,0.0,0.0
2025-02-17 13:44:00+09:00,56200.0,56200.0,56100.0,56200.0,387,0.0,0.0
2025-02-17 13:45:00+09:00,56200.0,56200.0,56100.0,56100.0,504,0.0,0.0
2025-02-17 13:46:00+09:00,56100.0,56200.0,56100.0,56100.0,394,0.0,0.0
2025-02-17 13:47:00+09:00,56100.0,56200.0,56100.0,56100.0,477,0.0,0.0
2025-02-17 13:48:00+09:00,56200.0,56200.0,56100.0,56100.0,313,0.0,0.0
2025-02-17 13:49:00+09:00,56100.0,56200.0,56100.0,56100.0,426,0.0,0.0
2025-02-17 13:50:00+09:00,56100.0,56200.0,56100.0,56200.0,445,0.0,0.0
2025-02-17 13:51:00+09:00,56200.0,56200.0,56100.0,56200.0,403,0.0,0.0
2025-02-17 13:52:00+09:00,56200.0,56200.0,56100.0,56100.0,807,0.0,0.0
2025-02-17 13:53:00+09:00,56100.0,56200.0,56100.0,56100.0,560,0.0,0.0
2025-02-17 13:54:00+09:00,56200.0,56200.0,56100.0,56100.0,864,0.0,0.0
2025-02-17 13:55:00+09:00,56100.0,56200.0,56100.0,56100.0,352,0.0,0.0
2025-02-17 13:56:00+09:00,56200.0,56200.0,56100.0,56100.0,2353,0.0,0.0
2025-02-17 13:57:00+09:00,56100.0,56200.0,56100.0,56100.0,567,0.0,0.0
2025-02-17 13:58:00+09:00,56100.0,56200.0,56100.0,56100.0,2009,0.0,0.0
2025-02-17 13:59:00+09:00,56100.0,56200.0,56100.0,56100.0,929,0.0,0.0
2025-02-17 14:00:00+09:00,56100.0,56200.0,56100.0,56100.0,593,0.0,0.0
2025-02-17 14:01:00+09:00,56200.0,56200.0,56100.0,56100.0,926,0.0,0.0
2025-02-17 14:02:00+09:00,56100.0,56200.0,56100.0,56100.0,650,0.0,0.0
2025-02-17 14:03:00+09:00,56100.0,56200.0,56100.0,56100.0,984,0.0,0.0
2025-02-17 14:04:00+09:00,56100.0,56200.0,56100.0,56200.0,747,0.0,0.0
2025-02-17 14:05:00+09:00,56100.0,56200.0,56100.0,56100.0,1159,0.0,0.0
2025-02-17 14:06:00+09:00,56100.0,56200.0,56100.0,56100.0,769,0.0,0.0
2025-02-17 14:07:00+09:00,56100.0,56200.0,56100.0,56100.0,516,0.0,0.0
2025-02-17 14:08:00+09:00,56200.0,56200.0,56100.0,56100.0,578,0.0,0.0
2025-02-17 14:09:00+09:00,56100.0,56200.0,56100.0,56100.0,634,0.0,0.0
2025-02-17 14:10:00+09:00,56100.0,56200.0,56100.0,56100.0,638,0.0,0.0
2025-02-17 14:11:00+09:00,56100.0,56200.0,56100.0,56100.0,579,0.0,0.0
2025-02-17 14:12:00+09:00,56200.0,56200.0,56100.0,56100.0,757,0.0,0.0
2025-02-17 14:13:00+09:00,56100.0,56200.0,56100.0,56100.0,528,0.0,0.0
2025-02-17 14:14:00+09:00,56100.0,56200.0,56100.0,56100.0,599,0.0,0.0
2025-02-17 14:15:00+09:00,56100.0,56200.0,56100.0,56100.0,604,0.0,0.0
2025-02-17 14:16:00+09:00,56200.0,56200.0,56100.0,56100.0,816,0.0,0.0
2025-02-17 14:17:00+09:00,56100.0,56200.0,56100.0,56100.0,607,0.0,0.0
2025-02-17 14:18:00+09:00,56100.0,56200.0,56100.0,56100.0,563,0.0,0.0
2025-02-17 14:19:00+09:00,56100.0,56200.0,56100.0,56100.0,837,0.0,0.0
2025-02-17 14:20:00+09:00,56200.0,56200.0,56100.0,56200.0,667,0.0,0.0
2025-02-17 14:21:00+09:00,56100.0,56200.0,56100.0,56100.0,653,0.0,0.0
2025-02-17 14:22:00+09:00,56100.0,56200.0,56100.0,56200.0,1436,0.0,0.0
2025-02-17 14:23:00+09:00,56100.0,56200.0,56100.0,56100.0,701,0.0,0.0
2025-02-17 14:24:00+09:00,56100.0,56200.0,56100.0,56100.0,508,0.0,0.0
2025-02-17 14:25:00+09:00,56100.0,56200.0,56100.0,56200.0,785,0.0,0.0
2025-02-17 14:26:00+09:00,56200.0,56200.0,56100.0,56100.0,609,0.0,0.0
2025-02-17 14:27:00+09:00,56100.0,56200.0,56100.0,56100.0,817,0.0,0.0
2025-02-17 14:28:00+09:00,56200.0,56200.0,56100.0,56100.0,1218,0.0,0.0
2025-02-17 14:29:00+09:00,56100.0,56200.0,56100.0,56100.0,908,0.0,0.0
2025-02-17 14:30:00+09:00,56100.0,56200.0,56100.0,56200.0,999,0.0,0.0
2025-02-17 14:31:00+09:00,56100.0,56200.0,56100.0,56100.0,1063,0.0,0.0
2025-02-17 14:32:00+09:00,56100.0,56200.0,56100.0,56100.0,1231,0.0,0.0
2025-02-17 14:33:00+09:00,56200.0,56200.0,56100.0,56100.0,663,0.0,0.0
2025-02-17 14:34:00+09:00,56100.0,56200.0,56100.0,56100.0,747,0.0,0.0
2025-02-17 14:35:00+09:00,56100.0,56200.0,56000.0,56000.0,1586,0.0,0.0
2025-02-17 14:36:00+09:00,56100.0,56200.0,56000.0,56100.0,1273,0.0,0.0
2025-02-17 14:37:00+09:00,56100.0,56100.0,56000.0,56000.0,949,0.0,0.0
2025-02-17 14:38:00+09:00,56000.0,56100.0,56000.0,56000.0,1148,0.0,0.0
2025-02-17 14:39:00+09:00,56000.0,56100.0,56000.0,56000.0,1022,0.0,0.0
2025-02-17 14:40:00+09:00,56100.0,56100.0,56000.0,56000.0,1752,0.0,0.0
2025-02-17 14:41:00+09:00,56000.0,56100.0,56000.0,56000.0,955,0.0,0.0
2025-02-17 14:42:00+09:00,56000.0,56100.0,56000.0,56100.0,956,0.0,0.0
2025-02-17 14:43:00+09:00,56100.0,56100.0,56000.0,56000.0,867,0.0,0.0
2025-02-17 14:44:00+09:00,56100.0,56100.0,56000.0,56000.0,1281,0.0,0.0
2025-02-17 14:45:00+09:00,56100.0,56100.0,56000.0,56000.0,968,0.0,0.0
2025-02-17 14:46:00+09:00,56000.0,56100.0,56000.0,56000.0,1053,0.0,0.0
2025-02-17 14:47:00+09:00,56000.0,56100.0,56000.0,56000.0,1078,0.0,0.0
2025-02-17 14:48:00+09:00,56100.0,56100.0,56000.0,56000.0,1082,0.0,0.0
2025-02-17 14:49:00+09:00,56000.0,56100.0,56000.0,56100.0,911,0.0,0.0
2025-02-17 14:50:00+09:00,56000.0,56100.0,56000.0,56000.0,1266,0.0,0.0
2025-02-17 14:51:00+09:00,56000.0,56100.0,56000.0,56000.0,896,0.0,0.0
2025-02-17 14:52:00+09:00,56000.0,56100.0,56000.0,56000.0,1039,0.0,0.0
2025-02-17 14:53:00+09:00,56000.0,56100.0,56000.0,56000.0,1084,0.0,0.0
2025-02-17 14:54:00+09:00,56000.0,56100.0,56000.0,56000.0,964,0.0,0.0
2025-02-17 14:55:00+09:00,56000.0,56100.0,56000.0,56100.0,1018,0.0,0.0
2025-02-17 14:56:00+09:00,56100.0,56100.0,56000.0,56000.0,1202,0.0,0.0
2025-02-17 14:57:00+09:00,56000.0,56100.0,56000.0,56000.0,980,0.0,0.0
2025-02-17 14:58:00+09:00,56000.0,56100.0,56000.0,56000.0,608,0.0,0.0
2025-02-17 14:59:00+09:00,56000.0,56100.0,56000.0,56000.0,1223,0.0,0.0
2025-02-18 09:00:00+09:00,56200.0,56300.0,56200.0,56200.0,1845,0.0,0.0
2025-02-18 09:01:00+09:00,56300.0,56300.0,56200.0,56300.0,256,0.0,0.0
2025-02-18 09:02:00+09:00,56300.0,56300.0,56100.0,56100.0,1433,0.0,0.0
2025-02-18 09:03:00+09:00,56200.0,56200.0,56100.0,56100.0,1524,0.0,0.0
2025-02-18 09:04:00+09:00,56200.0,56200.0,56100.0,56100.0,579,0.0,0.0
2025-02-18 09:05:00+09:00,56100.0,56200.0,56100.0,56200.0,585,0.0,0.0
2025-02-18 09:06:00+09:00,56200.0,56200.0,56100.0,56200.0,461,0.0,0.0
2025-02-18 09:07:00+09:00,56200.0,56200.0,56100.0,56100.0,758,0.0,0.0
2025-02-18 09:08:00+09:00,56200.0,56200.0,56100.0,56200.0,1090,0.0,0.0
2025-02-18 09:09:00+09:00,56200.0,56200.0,56000.0,56000.0,3690,0.0,0.0
2025-02-18 09:10:00+09:00,56100.0,56100.0,56000.0,56100.0,168,0.0,0.0
2025-02-18 09:11:00+09:00,56100.0,56100.0,56000.0,56100.0,242,0.0,0.0
2025-02-18 09:12:00+09:00,56000.0,56100.0,56000.0,56100.0,584,0.0,0.0
2025-02-18 09:13:00+09:00,56100.0,56100.0,56000.0,56100.0,451,0.0,0.0
2025-02-18 09:14:00+09:00,56100.0,56100.0,56000.0,56100.0,464,0.0,0.0
2025-02-18 09:15:00+09:00,56100.0,56100.0,56000.0,56100.0,354,0.0,0.0
2025-02-18 09:16:00+09:00,56100.0,56100.0,56000.0,56100.0,541,0.0,0.0
2025-02-18 09:17:00+09:00,56100.0,56100.0,56000.0,56100.0,386,0.0,0.0
2025-02-18 09:18:00+09:00,56100.0,56100.0,56000.0,56000.0,363,0.0,0.0
2025-02-18 09:19:00+09:00,56000.0,56100.0,56000.0,56000.0,346,0.0,0.0
2025-02-18 09:20:00+09:00,56000.0,56100.0,56000.0,56100.0,136,0.0,0.0
2025-02-18 09:21:00+09:00,56100.0,56100.0,56000.0,56100.0,200,0.0,0.0
2025-02-18 09:22:00+09:00,56100.0,56100.0,56000.0,56100.0,463,0.0,0.0
2025-02-18 09:23:00+09:00,56100.0,56100.0,56000.0,56100.0,409,0.0,0.0
2025-02-18 09:24:00+09:00,56100.0,56100.0,56000.0,56000.0,5399,0.0,0.0
2025-02-18 09:25:00+09:00,56000.0,56100.0,55900.0,56000.0,5840,0.0,0.0
2025-02-18 09:26:00+09:00,55900.0,56000.0,55900.0,55900.0,1880,0.0,0.0
2025-02-18 09:27:00+09:00,55900.0,56000.0,55900.0,55900.0,1946,0.0,0.0
2025-02-18 09:28:00+09:00,55900.0,56000.0,55900.0,55900.0,0,0.0,0.0
2025-02-18 09:29:00+09:00,55900.0,56000.0,55900.0,55900.0,466,0.0,0.0
2025-02-18 09:30:00+09:00,55900.0,56000.0,55900.0,55900.0,616,0.0,0.0
2025-02-18 09:31:00+09:00,56000.0,56000.0,55900.0,56000.0,777,0.0,0.0
2025-02-18 09:32:00+09:00,55900.0,56000.0,55900.0,56000.0,3078,0.0,0.0
2025-02-18 09:33:00+09:00,55900.0,56000.0,55900.0,56000.0,952,0.0,0.0
2025-02-18 09:34:00+09:00,56000.0,56000.0,55900.0,56000.0,776,0.0,0.0
2025-02-18 09:35:00+09:00,56000.0,56100.0,55900.0,56000.0,876,0.0,0.0
2025-02-18 09:36:00+09:00,56100.0,56100.0,56000.0,56100.0,733,0.0,0.0
2025-02-18 09:37:00+09:00,56100.0,56100.0,56000.0,56000.0,362,0.0,0.0
2025-02-18 09:38:00+09:00,56000.0,56100.0,56000.0,56000.0,279,0.0,0.0
2025-02-18 09:39:00+09:00,56000.0,56100.0,56000.0,56000.0,211,0.0,0.0
2025-02-18 09:40:00+09:00,56100.0,56100.0,56000.0,56100.0,1657,0.0,0.0
2025-02-18 09:41:00+09:00,56100.0,56100.0,56000.0,56000.0,201,0.0,0.0
2025-02-18 09:42:00+09:00,56000.0,56100.0,56000.0,56000.0,189,0.0,0.0
2025-02-18 09:43:00+09:00,56000.0,56100.0,56000.0,56000.0,288,0.0,0.0
2025-02-18 09:44:00+09:00,56100.0,56100.0,56000.0,56000.0,3001,0.0,0.0
2025-02-18 09:45:00+09:00,56000.0,56100.0,56000.0,56000.0,940,0.0,0.0
2025-02-18 09:46:00+09:00,56000.0,56100.0,56000.0,56100.0,1154,0.0,0.0
2025-02-18 09:47:00+09:00,56100.0,56100.0,56000.0,56000.0,257,0.0,0.0
2025-02-18 09:48:00+09:00,56000.0,56100.0,56000.0,56000.0,108,0.0,0.0
2025-02-18 09:49:00+09:00,56000.0,56100.0,56000.0,56000.0,520,0.0,0.0
2025-02-18 09:50:00+09:00,56100.0,56100.0,56000.0,56000.0,72,0.0,0.0
2025-02-18 09:51:00+09:00,56000.0,56100.0,56000.0,56000.0,222,0.0,0.0
2025-02-18 09:52:00+09:00,56100.0,56100.0,56000.0,56100.0,278,0.0,0.0
2025-02-18 09:53:00+09:00,56000.0,56100.0,56000.0,56000.0,532,0.0,0.0
2025-02-18 09:54:00+09:00,56000.0,56100.0,56000.0,56000.0,225,0.0,0.0
2025-02-18 09:55:00+09:00,56000.0,56100.0,56000.0,56100.0,378,0.0,0.0
2025-02-18 09:56:00+09:00,56000.0,56100.0,56000.0,56000.0,400,0.0,0.0
2025-02-18 09:57:00+09:00,56000.0,56100.0,56000.0,56000.0,790,0.0,0.0
2025-02-18 09:58:00+09:00,56000.0,56100.0,56000.0,56100.0,396,0.0,0.0
2025-02-18 09:59:00+09:00,56000.0,56100.0,56000.0,56000.0,199,0.0,0.0
2025-02-18 10:00:00+09:00,56000.0,56100.0,56000.0,56000.0,441,0.0,0.0
2025-02-18 10:01:00+09:00,56000.0,56100.0,56000.0,56000.0,319,0.0,0.0
2025-02-18 10:02:00+09:00,56000.0,56100.0,56000.0,56000.0,156,0.0,0.0
2025-02-18 10:03:00+09:00,56000.0,56100.0,56000.0,56100.0,465,0.0,0.0
2025-02-18 10:04:00+09:00,56000.0,56100.0,56000.0,56000.0,300,0.0,0.0
2025-02-18 10:05:00+09:00,56000.0,56100.0,56000.0,56100.0,303,0.0,0.0
2025-02-18 10:06:00+09:00,56000.0,56100.0,56000.0,56000.0,221,0.0,0.0
2025-02-18 10:07:00+09:00,56000.0,56100.0,56000.0,56100.0,404,0.0,0.0
2025-02-18 10:08:00+09:00,56000.0,56100.0,56000.0,56000.0,376,0.0,0.0
2025-02-18 10:09:00+09:00,56100.0,56100.0,56000.0,56000.0,249,0.0,0.0
2025-02-18 10:10:00+09:00,56100.0,56100.0,56000.0,56000.0,412,0.0,0.0
2025-02-18 10:11:00+09:00,56100.0,56100.0,56000.0,56000.0,392,0.0,0.0
2025-02-18 10:12:00+09:00,56000.0,56100.0,56000.0,56000.0,250,0.0,0.0
2025-02-18 10:13:00+09:00,56100.0,56100.0,56000.0,56000.0,283,0.0,0.0
2025-02-18 10:14:00+09:00,56100.0,56100.0,56000.0,56100.0,110,0.0,0.0
2025-02-18 10:15:00+09:00,56000.0,56100.0,56000.0,56000.0,371,0.0,0.0
2025-02-18 10:16:00+09:00,56100.0,56100.0,56000.0,56100.0,409,0.0,0.0
2025-02-18 10:17:00+09:00,56000.0,56100.0,56000.0,56000.0,509,0.0,0.0
2025-02-18 10:18:00+09:00,56100.0,56100.0,56000.0,56000.0,440,0.0,0.0
2025-02-18 10:19:00+09:00,56000.0,56100.0,56000.0,56000.0,297,0.0,0.0
2025-02-18 10:20:00+09:00,56100.0,56100.0,56000.0,56000.0,1533,0.0,0.0
2025-02-18 10:21:00+09:00,56000.0,56100.0,56000.0,56000.0,1110,0.0,0.0
2025-02-18 10:22:00+09:00,56000.0,56100.0,56000.0,56100.0,375,0.0,0.0
2025-02-18 10:23:00+09:00,56000.0,56100.0,55900.0,55900.0,7941,0.0,0.0
2025-02-18 10:24:00+09:00,56000.0,56000.0,55900.0,56000.0,57,0.0,0.0
2025-02-18 10:25:00+09:00,55900.0,56000.0,55900.0,55900.0,328,0.0,0.0
2025-02-18 10:26:00+09:00,55900.0,56000.0,55900.0,55900.0,229,0.0,0.0
2025-02-18 10:27:00+09:00,55900.0,56000.0,55900.0,55900.0,920,0.0,0.0
2025-02-18 10:28:00+09:00,55900.0,56000.0,55900.0,56000.0,439,0.0,0.0
2025-02-18 10:29:00+09:00,55900.0,56000.0,55900.0,55900.0,204,0.0,0.0
2025-02-18 10:30:00+09:00,56000.0,56000.0,55900.0,55900.0,221,0.0,0.0
2025-02-18 10:31:00+09:00,55900.0,56000.0,55900.0,55900.0,713,0.0,0.0
2025-02-18 10:32:00+09:00,56000.0,56000.0,55900.0,55900.0,447,0.0,0.0
2025-02-18 10:33:00+09:00,55900.0,56000.0,55900.0,56000.0,722,0.0,0.0
2025-02-18 10:34:00+09:00,55900.0,56000.0,55800.0,55900.0,9751,0.0,0.0
2025-02-18 10:35:00+09:00,55900.0,55900.0,55800.0,55800.0,313,0.0,0.0
2025-02-18 10:36:00+09:00,55800.0,55900.0,55800.0,55800.0,523,0.0,0.0
2025-02-18 10:37:00+09:00,55800.0,55900.0,55800.0,55800.0,360,0.0,0.0
2025-02-18 10:38:00+09:00,55900.0,55900.0,55800.0,55900.0,2784,0.0,0.0
2025-02-18 10:39:00+09:00,55800.0,55900.0,55800.0,55900.0,1378,0.0,0.0
2025-02-18 10:40:00+09:00,55900.0,56000.0,55800.0,56000.0,1230,0.0,0.0
2025-02-18 10:41:00+09:00,56000.0,56000.0,55800.0,55900.0,650,0.0,0.0
2025-02-18 10:42:00+09:00,55900.0,55900.0,55800.0,55900.0,360,0.0,0.0
2025-02-18 10:43:00+09:00,55800.0,56000.0,55800.0,55900.0,958,0.0,0.0
2025-02-18 10:44:00+09:00,55900.0,56000.0,55800.0,55900.0,279,0.0,0.0
2025-02-18 10:45:00+09:00,55900.0,56000.0,55900.0,56000.0,364,0.0,0.0
2025-02-18 10:46:00+09:00,55900.0,56000.0,55900.0,55900.0,571,0.0,0.0
2025-02-18 10:47:00+09:00,55900.0,56000.0,55800.0,55800.0,568,0.0,0.0
2025-02-18 10:48:00+09:00,55900.0,56000.0,55900.0,55900.0,364,0.0,0.0
2025-02-18 10:49:00+09:00,55900.0,56000.0,55900.0,55900.0,264,0.0,0.0
2025-02-18 10:50:00+09:00,55900.0,56000.0,55900.0,56000.0,343,0.0,0.0
2025-02-18 10:51:00+09:00,56000.0,56000.0,55900.0,55900.0,286,0.0,0.0
2025-02-18 10:52:00+09:00,55900.0,56000.0,55900.0,56000.0,250,0.0,0.0
2025-02-18 10:53:00+09:00,55900.0,56000.0,55900.0,55900.0,648,0.0,0.0
2025-02-18 10:54:00+09:00,56000.0,56000.0,55900.0,55900.0,297,0.0,0.0
2025-02-18 10:55:00+09:00,55900.0,56000.0,55900.0,55900.0,400,0.0,0.0
2025-02-18 10:56:00+09:00,55900.0,56000.0,55900.0,56000.0,534,0.0,0.0
2025-02-18 10:57:00+09:00,55900.0,56000.0,55900.0,55900.0,358,0.0,0.0
2025-02-18 10:58:00+09:00,55900.0,56000.0,55900.0,56000.0,451,0.0,0.0
2025-02-18 10:59:00+09:00,55900.0,56000.0,55900.0,56000.0,338,0.0,0.0
2025-02-18 11:00:00+09:00,55900.0,56000.0,55900.0,55900.0,324,0.0,0.0
2025-02-18 11:01:00+09:00,55900.0,56000.0,55900.0,56000.0,538,0.0,0.0
2025-02-18 11:02:00+09:00,55900.0,56000.0,55900.0,55900.0,276,0.0,0.0
2025-02-18 11:03:00+09:00,55900.0,56000.0,55900.0,56000.0,682,0.0,0.0
2025-02-18 11:04:00+09:00,55900.0,56000.0,55900.0,55900.0,404,0.0,0.0
2025-02-18 11:05:00+09:00,55900.0,56000.0,55900.0,55900.0,785,0.0,0.0
2025-02-18 11:06:00+09:00,55900.0,56000.0,55900.0,56000.0,516,0.0,0.0
2025-02-18 11:07:00+09:00,55900.0,56000.0,55900.0,56000.0,464,0.0,0.0
2025-02-18 11:08:00+09:00,55900.0,56000.0,55900.0,56000.0,235,0.0,0.0
2025-02-18 11:09:00+09:00,55900.0,56000.0,55900.0,55900.0,690,0.0,0.0
2025-02-18 11:10:00+09:00,55900.0,56000.0,55900.0,55900.0,466,0.0,0.0
2025-02-18 11:11:00+09:00,56000.0,56000.0,55900.0,55900.0,1789,0.0,0.0
2025-02-18 11:12:00+09:00,56000.0,56000.0,55900.0,56000.0,664,0.0,0.0
2025-02-18 11:13:00+09:00,55900.0,56000.0,55900.0,55900.0,561,0.0,0.0
2025-02-18 11:14:00+09:00,55900.0,56000.0,55900.0,55900.0,519,0.0,0.0
2025-02-18 11:15:00+09:00,56000.0,56000.0,55900.0,55900.0,542,0.0,0.0
2025-02-18 11:16:00+09:00,56000.0,56000.0,55900.0,55900.0,576,0.0,0.0
2025-02-18 11:17:00+09:00,55900.0,56000.0,55900.0,55900.0,857,0.0,0.0
2025-02-18 11:18:00+09:00,55900.0,56000.0,55900.0,55900.0,288,0.0,0.0
2025-02-18 11:19:00+09:00,56000.0,56000.0,55900.0,55900.0,1471,0.0,0.0
2025-02-18 11:20:00+09:00,55900.0,56000.0,55900.0,55900.0,557,0.0,0.0
2025-02-18 11:21:00+09:00,55900.0,56000.0,55900.0,56000.0,412,0.0,0.0
2025-02-18 11:22:00+09:00,55900.0,56000.0,55800.0,55900.0,6216,0.0,0.0
2025-02-18 11:23:00+09:00,55800.0,55900.0,55800.0,55900.0,413,0.0,0.0
2025-02-18 11:24:00+09:00,55900.0,55900.0,55800.0,55800.0,778,0.0,0.0
2025-02-18 11:25:00+09:00,55800.0,55900.0,55800.0,55900.0,647,0.0,0.0
2025-02-18 11:26:00+09:00,55800.0,55900.0,55800.0,55800.0,605,0.0,0.0
2025-02-18 11:27:00+09:00,55800.0,55900.0,55800.0,55800.0,1102,0.0,0.0
2025-02-18 11:28:00+09:00,55800.0,55900.0,55800.0,55800.0,881,0.0,0.0
2025-02-18 11:29:00+09:00,55900.0,56000.0,55800.0,55900.0,2548,0.0,0.0
2025-02-18 11:30:00+09:00,55800.0,55900.0,55800.0,55900.0,512,0.0,0.0
2025-02-18 11:31:00+09:00,55900.0,56100.0,55800.0,55800.0,2424,0.0,0.0
2025-02-18 11:32:00+09:00,55800.0,56000.0,55800.0,56000.0,466,0.0,0.0
2025-02-18 11:33:00+09:00,56000.0,56000.0,55900.0,56000.0,212,0.0,0.0
2025-02-18 11:34:00+09:00,55900.0,56000.0,55900.0,55900.0,433,0.0,0.0
2025-02-18 11:35:00+09:00,55900.0,56000.0,55900.0,56000.0,357,0.0,0.0
2025-02-18 11:36:00+09:00,56000.0,56000.0,55900.0,55900.0,305,0.0,0.0
2025-02-18 11:37:00+09:00,55900.0,56000.0,55900.0,55900.0,538,0.0,0.0
2025-02-18 11:38:00+09:00,56000.0,56000.0,55900.0,55900.0,503,0.0,0.0
2025-02-18 11:39:00+09:00,56000.0,56000.0,55900.0,55900.0,598,0.0,0.0
2025-02-18 11:40:00+09:00,56000.0,56000.0,55900.0,55900.0,541,0.0,0.0
2025-02-18 11:41:00+09:00,56000.0,56000.0,55900.0,55900.0,437,0.0,0.0
2025-02-18 11:42:00+09:00,55900.0,56000.0,55900.0,55900.0,615,0.0,0.0
2025-02-18 11:43:00+09:00,56000.0,56000.0,55900.0,55900.0,649,0.0,0.0
2025-02-18 11:44:00+09:00,55900.0,56000.0,55900.0,56000.0,712,0.0,0.0
2025-02-18 11:45:00+09:00,55900.0,56000.0,55900.0,56000.0,717,0.0,0.0
2025-02-18 11:46:00+09:00,55900.0,56000.0,55900.0,55900.0,593,0.0,0.0
2025-02-18 11:47:00+09:00,55900.0,56000.0,55900.0,55900.0,757,0.0,0.0
2025-02-18 11:48:00+09:00,55900.0,56000.0,55900.0,55900.0,677,0.0,0.0
2025-02-18 11:49:00+09:00,55900.0,56000.0,55900.0,56000.0,822,0.0,0.0
2025-02-18 11:50:00+09:00,55900.0,56100.0,55900.0,56000.0,641,0.0,0.0
2025-02-18 11:51:00+09:00,56100.0,56100.0,56000.0,56000.0,571,0.0,0.0
2025-02-18 11:52:00+09:00,56000.0,56100.0,56000.0,56000.0,887,0.0,0.0
2025-02-18 11:53:00+09:00,56100.0,56100.0,56000.0,56000.0,1139,0.0,0.0
2025-02-18 11:54:00+09:00,56000.0,56100.0,56000.0,56000.0,555,0.0,0.0
2025-02-18 11:55:00+09:00,56000.0,56100.0,56000.0,56000.0,690,0.0,0.0
2025-02-18 11:56:00+09:00,56000.0,56100.0,55900.0,56100.0,1680,0.0,0.0
2025-02-18 11:57:00+09:00,56000.0,56100.0,55900.0,56000.0,688,0.0,0.0
2025-02-18 11:58:00+09:00,56000.0,56100.0,56000.0,56000.0,443,0.0,0.0
2025-02-18 11:59:00+09:00,56000.0,56100.0,56000.0,56000.0,382,0.0,0.0
2025-02-18 12:00:00+09:00,56000.0,56100.0,56000.0,56000.0,359,0.0,0.0
2025-02-18 12:01:00+09:00,56000.0,56100.0,56000.0,56100.0,106,0.0,0.0
2025-02-18 12:02:00+09:00,56100.0,56100.0,56000.0,56100.0,505,0.0,0.0
2025-02-18 12:03:00+09:00,56000.0,56100.0,56000.0,56100.0,349,0.0,0.0
2025-02-18 12:04:00+09:00,56000.0,56100.0,56000.0,56000.0,864,0.0,0.0
2025-02-18 12:05:00+09:00,56000.0,56100.0,56000.0,56000.0,739,0.0,0.0
2025-02-18 12:06:00+09:00,56000.0,56100.0,55900.0,55900.0,1550,0.0,0.0
2025-02-18 12:07:00+09:00,56100.0,56100.0,55900.0,56100.0,525,0.0,0.0
2025-02-18 12:08:00+09:00,56000.0,56100.0,55900.0,55900.0,580,0.0,0.0
2025-02-18 12:09:00+09:00,56000.0,56100.0,55900.0,55900.0,578,0.0,0.0
2025-02-18 12:10:00+09:00,56100.0,56100.0,55900.0,56100.0,462,0.0,0.0
2025-02-18 12:11:00+09:00,56000.0,56100.0,55900.0,56100.0,458,0.0,0.0
2025-02-18 12:12:00+09:00,56000.0,56100.0,55900.0,55900.0,553,0.0,0.0
2025-02-18 12:13:00+09:00,55900.0,56100.0,55900.0,55900.0,688,0.0,0.0
2025-02-18 12:14:00+09:00,56100.0,56100.0,55900.0,56000.0,570,0.0,0.0
2025-02-18 12:15:00+09:00,56000.0,56000.0,55900.0,55900.0,675,0.0,0.0
2025-02-18 12:16:00+09:00,55900.0,56100.0,55900.0,55900.0,787,0.0,0.0
2025-02-18 12:17:00+09:00,55900.0,56100.0,55900.0,56000.0,963,0.0,0.0
2025-02-18 12:18:00+09:00,56000.0,56100.0,55900.0,55900.0,553,0.0,0.0
2025-02-18 12:19:00+09:00,56000.0,56000.0,55900.0,55900.0,460,0.0,0.0
2025-02-18 12:20:00+09:00,55900.0,56000.0,55900.0,55900.0,604,0.0,0.0
2025-02-18 12:21:00+09:00,55900.0,56000.0,55900.0,55900.0,459,0.0,0.0
2025-02-18 12:22:00+09:00,56000.0,56000.0,55900.0,55900.0,767,0.0,0.0
2025-02-18 12:23:00+09:00,56000.0,56000.0,55900.0,56000.0,621,0.0,0.0
2025-02-18 12:24:00+09:00,55900.0,56000.0,55900.0,56000.0,499,0.0,0.0
2025-02-18 12:25:00+09:00,55900.0,56100.0,55900.0,56000.0,3390,0.0,0.0
2025-02-18 12:26:00+09:00,56000.0,56100.0,56000.0,56000.0,396,0.0,0.0
2025-02-18 12:27:00+09:00,56100.0,56100.0,56000.0,56100.0,523,0.0,0.0
2025-02-18 12:28:00+09:00,56000.0,56100.0,56000.0,56100.0,357,0.0,0.0
2025-02-18 12:29:00+09:00,56100.0,56100.0,56000.0,56000.0,928,0.0,0.0
2025-02-18 12:30:00+09:00,56000.0,56100.0,56000.0,56000.0,395,0.0,0.0
2025-02-18 12:31:00+09:00,56100.0,56100.0,56000.0,56100.0,469,0.0,0.0
2025-02-18 12:32:00+09:00,56100.0,56100.0,56000.0,56000.0,601,0.0,0.0
2025-02-18 12:33:00+09:00,56000.0,56100.0,56000.0,56100.0,685,0.0,0.0
2025-02-18 12:34:00+09:00,56000.0,56100.0,56000.0,56000.0,481,0.0,0.0
2025-02-18 12:35:00+09:00,56000.0,56100.0,56000.0,56000.0,503,0.0,0.0
2025-02-18 12:36:00+09:00,56000.0,56100.0,56000.0,56000.0,411,0.0,0.0
2025-02-18 12:37:00+09:00,56000.0,56100.0,56000.0,56100.0,626,0.0,0.0
2025-02-18 12:38:00+09:00,56100.0,56200.0,56000.0,56200.0,4682,0.0,0.0
2025-02-18 12:39:00+09:00,56100.0,56200.0,56100.0,56100.0,786,0.0,0.0
2025-02-18 12:40:00+09:00,56200.0,56200.0,56100.0,56100.0,643,0.0,0.0
2025-02-18 12:41:00+09:00,56100.0,56200.0,56100.0,56100.0,280,0.0,0.0
2025-02-18 12:42:00+09:00,56100.0,56200.0,56100.0,56200.0,298,0.0,0.0
2025-02-18 12:43:00+09:00,56100.0,56200.0,56100.0,56200.0,298,0.0,0.0
2025-02-18 12:44:00+09:00,56200.0,56200.0,56100.0,56200.0,558,0.0,0.0
2025-02-18 12:45:00+09:00,56100.0,56200.0,56000.0,56200.0,2201,0.0,0.0
2025-02-18 12:46:00+09:00,56200.0,56200.0,56100.0,56100.0,309,0.0,0.0
2025-02-18 12:47:00+09:00,56100.0,56200.0,56100.0,56100.0,667,0.0,0.0
2025-02-18 12:48:00+09:00,56100.0,56200.0,56100.0,56100.0,465,0.0,0.0
2025-02-18 12:49:00+09:00,56200.0,56200.0,56100.0,56200.0,704,0.0,0.0
2025-02-18 12:50:00+09:00,56100.0,56200.0,56100.0,56100.0,595,0.0,0.0
2025-02-18 12:51:00+09:00,56100.0,56200.0,56100.0,56100.0,485,0.0,0.0
2025-02-18 12:52:00+09:00,56100.0,56200.0,56100.0,56100.0,985,0.0,0.0
2025-02-18 12:53:00+09:00,56200.0,56200.0,56000.0,56000.0,877,0.0,0.0
2025-02-18 12:54:00+09:00,56100.0,56100.0,56000.0,56100.0,728,0.0,0.0
2025-02-18 12:55:00+09:00,56000.0,56100.0,56000.0,56100.0,460,0.0,0.0
2025-02-18 12:56:00+09:00,56000.0,56100.0,56000.0,56100.0,548,0.0,0.0
2025-02-18 12:57:00+09:00,56000.0,56100.0,56000.0,56000.0,611,0.0,0.0
2025-02-18 12:58:00+09:00,56100.0,56200.0,56000.0,56000.0,2511,0.0,0.0
2025-02-18 12:59:00+09:00,56000.0,56100.0,56000.0,56100.0,631,0.0,0.0
2025-02-18 13:00:00+09:00,56100.0,56100.0,56000.0,56000.0,522,0.0,0.0
2025-02-18 13:01:00+09:00,56000.0,56100.0,56000.0,56000.0,532,0.0,0.0
2025-02-18 13:02:00+09:00,56100.0,56100.0,56000.0,56100.0,510,0.0,0.0
2025-02-18 13:03:00+09:00,56100.0,56100.0,56000.0,56000.0,534,0.0,0.0
2025-02-18 13:04:00+09:00,56100.0,56100.0,56000.0,56000.0,430,0.0,0.0
2025-02-18 13:05:00+09:00,56000.0,56200.0,56000.0,56100.0,851,0.0,0.0
2025-02-18 13:06:00+09:00,56100.0,56200.0,56100.0,56200.0,1027,0.0,0.0
2025-02-18 13:07:00+09:00,56200.0,56200.0,56000.0,56000.0,804,0.0,0.0
2025-02-18 13:08:00+09:00,56000.0,56100.0,56000.0,56100.0,345,0.0,0.0
2025-02-18 13:09:00+09:00,56000.0,56100.0,56000.0,56000.0,432,0.0,0.0
2025-02-18 13:10:00+09:00,56000.0,56100.0,56000.0,56000.0,514,0.0,0.0
2025-02-18 13:11:00+09:00,56000.0,56100.0,56000.0,56000.0,607,0.0,0.0
2025-02-18 13:12:00+09:00,56100.0,56100.0,56000.0,56100.0,625,0.0,0.0
2025-02-18 13:13:00+09:00,56000.0,56100.0,56000.0,56000.0,394,0.0,0.0
2025-02-18 13:14:00+09:00,56100.0,56100.0,56000.0,56000.0,637,0.0,0.0
2025-02-18 13:15:00+09:00,56100.0,56100.0,56000.0,56000.0,389,0.0,0.0
2025-02-18 13:16:00+09:00,56000.0,56100.0,56000.0,56100.0,399,0.0,0.0
2025-02-18 13:17:00+09:00,56000.0,56100.0,56000.0,56000.0,681,0.0,0.0
2025-02-18 13:18:00+09:00,56000.0,56100.0,56000.0,56000.0,664,0.0,0.0
2025-02-18 13:19:00+09:00,56000.0,56100.0,56000.0,56000.0,427,0.0,0.0
2025-02-18 13:20:00+09:00,56000.0,56100.0,56000.0,56100.0,571,0.0,0.0
2025-02-18 13:21:00+09:00,56100.0,56100.0,56000.0,56000.0,1313,0.0,0.0
2025-02-18 13:22:00+09:00,56000.0,56100.0,56000.0,56100.0,961,0.0,0.0
2025-02-18 13:23:00+09:00,56000.0,56100.0,56000.0,56000.0,767,0.0,0.0
2025-02-18 13:24:00+09:00,56000.0,56100.0,56000.0,56000.0,420,0.0,0.0
2025-02-18 13:25:00+09:00,56000.0,56100.0,56000.0,56000.0,722,0.0,0.0
2025-02-18 13:26:00+09:00,56000.0,56100.0,56000.0,56000.0,571,0.0,0.0
2025-02-18 13:27:00+09:00,56000.0,56100.0,56000.0,56000.0,762,0.0,0.0
2025-02-18 13:28:00+09:00,56100.0,56100.0,55900.0,56000.0,413,0.0,0.0
2025-02-18 13:29:00+09:00,56000.0,56100.0,56000.0,56000.0,354,0.0,0.0
2025-02-18 13:30:00+09:00,56000.0,56100.0,56000.0,56000.0,684,0.0,0.0
2025-02-18 13:31:00+09:00,56000.0,56100.0,56000.0,56000.0,702,0.0,0.0
2025-02-18 13:32:00+09:00,56000.0,56100.0,56000.0,56000.0,640,0.0,0.0
2025-02-18 13:33:00+09:00,56100.0,56100.0,56000.0,56100.0,615,0.0,0.0
2025-02-18 13:34:00+09:00,56000.0,56100.0,56000.0,56000.0,894,0.0,0.0
2025-02-18 13:35:00+09:00,56000.0,56100.0,56000.0,56000.0,587,0.0,0.0
2025-02-18 13:36:00+09:00,56000.0,56100.0,56000.0,56000.0,541,0.0,0.0
2025-02-18 13:37:00+09:00,56000.0,56100.0,56000.0,56000.0,610,0.0,0.0
2025-02-18 13:38:00+09:00,56000.0,56100.0,56000.0,56000.0,613,0.0,0.0
2025-02-18 13:39:00+09:00,56000.0,56100.0,56000.0,56000.0,1086,0.0,0.0
2025-02-18 13:40:00+09:00,56000.0,56100.0,56000.0,56000.0,311,0.0,0.0
2025-02-18 13:41:00+09:00,56000.0,56100.0,56000.0,56000.0,922,0.0,0.0
2025-02-18 13:42:00+09:00,56000.0,56100.0,56000.0,56000.0,1018,0.0,0.0
2025-02-18 13:43:00+09:00,56000.0,56100.0,56000.0,56000.0,786,0.0,0.0
2025-02-18 13:44:00+09:00,56100.0,56100.0,56000.0,56100.0,774,0.0,0.0
2025-02-18 13:45:00+09:00,56100.0,56100.0,56000.0,56000.0,965,0.0,0.0
2025-02-18 13:46:00+09:00,56000.0,56100.0,56000.0,56000.0,955,0.0,0.0
2025-02-18 13:47:00+09:00,56000.0,56100.0,56000.0,56100.0,553,0.0,0.0
2025-02-18 13:48:00+09:00,56000.0,56100.0,56000.0,56000.0,665,0.0,0.0
2025-02-18 13:49:00+09:00,56000.0,56100.0,56000.0,56100.0,1600,0.0,0.0
2025-02-18 13:50:00+09:00,56000.0,56100.0,55900.0,55900.0,656,0.0,0.0
2025-02-18 13:51:00+09:00,55900.0,56100.0,55900.0,56000.0,451,0.0,0.0
2025-02-18 13:52:00+09:00,56000.0,56000.0,55900.0,55900.0,735,0.0,0.0
2025-02-18 13:53:00+09:00,55900.0,56000.0,55900.0,55900.0,711,0.0,0.0
2025-02-18 13:54:00+09:00,55900.0,56000.0,55900.0,55900.0,930,0.0,0.0
2025-02-18 13:55:00+09:00,55900.0,56000.0,55900.0,55900.0,639,0.0,0.0
2025-02-18 13:56:00+09:00,55900.0,56000.0,55900.0,55900.0,1346,0.0,0.0
2025-02-18 13:57:00+09:00,55900.0,56000.0,55900.0,56000.0,708,0.0,0.0
2025-02-18 13:58:00+09:00,55900.0,56000.0,55900.0,55900.0,939,0.0,0.0
2025-02-18 13:59:00+09:00,55900.0,56000.0,55900.0,55900.0,813,0.0,0.0
2025-02-18 14:00:00+09:00,55900.0,56000.0,55900.0,55900.0,929,0.0,0.0
2025-02-18 14:01:00+09:00,55900.0,56000.0,55900.0,55900.0,985,0.0,0.0
2025-02-18 14:02:00+09:00,55900.0,56000.0,55900.0,55900.0,458,0.0,0.0
2025-02-18 14:03:00+09:00,56000.0,56000.0,55900.0,55900.0,917,0.0,0.0
2025-02-18 14:04:00+09:00,55900.0,56000.0,55900.0,55900.0,841,0.0,0.0
2025-02-18 14:05:00+09:00,56000.0,56000.0,55900.0,56000.0,781,0.0,0.0
2025-02-18 14:06:00+09:00,55900.0,56000.0,55900.0,56000.0,901,0.0,0.0
2025-02-18 14:07:00+09:00,55900.0,56000.0,55900.0,55900.0,1212,0.0,0.0
2025-02-18 14:08:00+09:00,55900.0,56000.0,55900.0,55900.0,2174,0.0,0.0
2025-02-18 14:09:00+09:00,55900.0,56000.0,55900.0,55900.0,3456,0.0,0.0
2025-02-18 14:10:00+09:00,56000.0,56000.0,55900.0,56000.0,522,0.0,0.0
2025-02-18 14:11:00+09:00,55900.0,56000.0,55900.0,56000.0,1419,0.0,0.0
2025-02-18 14:12:00+09:00,55900.0,56000.0,55900.0,56000.0,631,0.0,0.0
2025-02-18 14:13:00+09:00,56000.0,56000.0,55900.0,56000.0,553,0.0,0.0
2025-02-18 14:14:00+09:00,55900.0,56000.0,55900.0,56000.0,569,0.0,0.0
2025-02-18 14:15:00+09:00,55900.0,56000.0,55900.0,55900.0,952,0.0,0.0
2025-02-18 14:16:00+09:00,55900.0,56000.0,55900.0,55900.0,996,0.0,0.0
2025-02-18 14:17:00+09:00,56000.0,56000.0,55900.0,55900.0,3156,0.0,0.0
2025-02-18 14:18:00+09:00,55900.0,56000.0,55900.0,56000.0,2911,0.0,0.0
2025-02-18 14:19:00+09:00,55900.0,56100.0,55900.0,56100.0,2423,0.0,0.0
2025-02-18 14:20:00+09:00,56000.0,56100.0,56000.0,56100.0,221,0.0,0.0
2025-02-18 14:21:00+09:00,56000.0,56100.0,56000.0,56000.0,517,0.0,0.0
2025-02-18 14:22:00+09:00,56000.0,56100.0,56000.0,56100.0,355,0.0,0.0
2025-02-18 14:23:00+09:00,56100.0,56100.0,55900.0,55900.0,2622,0.0,0.0
2025-02-18 14:24:00+09:00,55900.0,56000.0,55900.0,55900.0,1208,0.0,0.0
2025-02-18 14:25:00+09:00,55900.0,56000.0,55900.0,56000.0,709,0.0,0.0
2025-02-18 14:26:00+09:00,56000.0,56000.0,55900.0,55900.0,543,0.0,0.0
2025-02-18 14:27:00+09:00,55900.0,56000.0,55900.0,55900.0,882,0.0,0.0
2025-02-18 14:28:00+09:00,55900.0,56000.0,55900.0,56000.0,864,0.0,0.0
2025-02-18 14:29:00+09:00,55900.0,56100.0,55900.0,56100.0,940,0.0,0.0
2025-02-18 14:30:00+09:00,56100.0,56100.0,56000.0,56100.0,639,0.0,0.0
2025-02-18 14:31:00+09:00,56100.0,56100.0,56000.0,56100.0,1177,0.0,0.0
2025-02-18 14:32:00+09:00,56000.0,56100.0,56000.0,56100.0,893,0.0,0.0
2025-02-18 14:33:00+09:00,56000.0,56100.0,55900.0,56000.0,845,0.0,0.0
2025-02-18 14:34:00+09:00,56000.0,56100.0,55900.0,56100.0,1112,0.0,0.0
2025-02-18 14:35:00+09:00,56000.0,56100.0,55900.0,56000.0,2409,0.0,0.0
2025-02-18 14:36:00+09:00,56000.0,56100.0,55900.0,56000.0,6014,0.0,0.0
2025-02-18 14:37:00+09:00,56000.0,56100.0,56000.0,56000.0,719,0.0,0.0
2025-02-18 14:38:00+09:00,56100.0,56100.0,56000.0,56000.0,1121,0.0,0.0
2025-02-18 14:39:00+09:00,56100.0,56100.0,56000.0,56100.0,1986,0.0,0.0
2025-02-18 14:40:00+09:00,56100.0,56100.0,55900.0,55900.0,420,0.0,0.0
2025-02-18 14:41:00+09:00,55900.0,56100.0,55900.0,56000.0,676,0.0,0.0
2025-02-18 14:42:00+09:00,56000.0,56000.0,55900.0,55900.0,1251,0.0,0.0
2025-02-18 14:43:00+09:00,55900.0,56100.0,55900.0,56000.0,807,0.0,0.0
2025-02-18 14:44:00+09:00,56000.0,56100.0,55900.0,56000.0,1170,0.0,0.0
2025-02-18 14:45:00+09:00,56000.0,56100.0,55900.0,55900.0,824,0.0,0.0
2025-02-18 14:46:00+09:00,55900.0,56100.0,55900.0,56000.0,1548,0.0,0.0
2025-02-18 14:47:00+09:00,56000.0,56100.0,55900.0,55900.0,1339,0.0,0.0
2025-02-18 14:48:00+09:00,55900.0,56000.0,55900.0,56000.0,1142,0.0,0.0
2025-02-18 14:49:00+09:00,56000.0,56100.0,55900.0,55900.0,1025,0.0,0.0
2025-02-18 14:50:00+09:00,55900.0,56100.0,55900.0,56000.0,1233,0.0,0.0
2025-02-18 14:51:00+09:00,56000.0,56100.0,55900.0,56000.0,1103,0.0,0.0
2025-02-18 14:52:00+09:00,56000.0,56100.0,55900.0,55900.0,1043,0.0,0.0
2025-02-18 14:53:00+09:00,56000.0,56100.0,55900.0,56000.0,659,0.0,0.0
2025-02-18 14:54:00+09:00,55900.0,56100.0,55900.0,55900.0,2056,0.0,0.0
2025-02-18 14:55:00+09:00,56000.0,56100.0,55900.0,56000.0,1095,0.0,0.0
2025-02-18 14:56:00+09:00,56000.0,56100.0,55900.0,56000.0,1006,0.0,0.0
2025-02-18 14:57:00+09:00,56000.0,56100.0,56000.0,56000.0,665,0.0,0.0
2025-02-18 14:58:00+09:00,56000.0,56100.0,56000.0,56000.0,1082,0.0,0.0
2025-02-18 14:59:00+09:00,56000.0,56100.0,56000.0,56000.0,1217,0.0,0.0
2025-02-19 09:00:00+09:00,56100.0,56400.0,56000.0,56300.0,27204,0.0,0.0
2025-02-19 09:01:00+09:00,56300.0,56600.0,56200.0,56300.0,16908,0.0,0.0
2025-02-19 09:02:00+09:00,56300.0,56400.0,56300.0,56400.0,1530,0.0,0.0
2025-02-19 09:03:00+09:00,56300.0,56400.0,56200.0,56200.0,3135,0.0,0.0
2025-02-19 09:04:00+09:00,56300.0,56300.0,56200.0,56300.0,971,0.0,0.0
2025-02-19 09:05:00+09:00,56300.0,56400.0,56300.0,56300.0,4024,0.0,0.0
2025-02-19 09:06:00+09:00,56300.0,56400.0,56200.0,56300.0,3410,0.0,0.0
2025-02-19 09:07:00+09:00,56300.0,56500.0,56200.0,56500.0,8898,0.0,0.0
2025-02-19 09:08:00+09:00,56400.0,56500.0,56400.0,56400.0,1959,0.0,0.0
2025-02-19 09:09:00+09:00,56500.0,56500.0,56400.0,56400.0,1035,0.0,0.0
2025-02-19 09:10:00+09:00,56400.0,56500.0,56400.0,56500.0,847,0.0,0.0
2025-02-19 09:11:00+09:00,56500.0,56500.0,56400.0,56400.0,2755,0.0,0.0
2025-02-19 09:12:00+09:00,56400.0,56500.0,56400.0,56400.0,4197,0.0,0.0
2025-02-19 09:13:00+09:00,56400.0,56500.0,56300.0,56400.0,1917,0.0,0.0
2025-02-19 09:14:00+09:00,56400.0,56400.0,56300.0,56300.0,883,0.0,0.0
2025-02-19 09:15:00+09:00,56400.0,56500.0,56300.0,56400.0,1057,0.0,0.0
2025-02-19 09:16:00+09:00,56400.0,56500.0,56400.0,56400.0,525,0.0,0.0
2025-02-19 09:17:00+09:00,56500.0,56700.0,56500.0,56600.0,22963,0.0,0.0
2025-02-19 09:18:00+09:00,56600.0,56700.0,56600.0,56600.0,9722,0.0,0.0
2025-02-19 09:19:00+09:00,56600.0,56600.0,56400.0,56400.0,5038,0.0,0.0
2025-02-19 09:20:00+09:00,56400.0,56500.0,56400.0,56400.0,308,0.0,0.0
2025-02-19 09:21:00+09:00,56500.0,56500.0,56400.0,56400.0,187,0.0,0.0
2025-02-19 09:22:00+09:00,56400.0,56500.0,56400.0,56400.0,701,0.0,0.0
2025-02-19 09:23:00+09:00,56400.0,56500.0,56400.0,56500.0,568,0.0,0.0
2025-02-19 09:24:00+09:00,56500.0,56500.0,56400.0,56500.0,584,0.0,0.0
2025-02-19 09:25:00+09:00,56500.0,56500.0,56400.0,56500.0,46,0.0,0.0
2025-02-19 09:26:00+09:00,56400.0,56500.0,56400.0,56500.0,689,0.0,0.0
2025-02-19 09:27:00+09:00,56500.0,56500.0,56400.0,56400.0,2031,0.0,0.0
2025-02-19 09:28:00+09:00,56400.0,56600.0,56400.0,56500.0,7145,0.0,0.0
2025-02-19 09:29:00+09:00,56500.0,56600.0,56500.0,56600.0,747,0.0,0.0
2025-02-19 09:30:00+09:00,56600.0,56600.0,56500.0,56600.0,631,0.0,0.0
2025-02-19 09:31:00+09:00,56600.0,56600.0,56500.0,56600.0,1548,0.0,0.0
2025-02-19 09:32:00+09:00,56600.0,56600.0,56500.0,56500.0,162,0.0,0.0
2025-02-19 09:33:00+09:00,56500.0,56600.0,56500.0,56600.0,507,0.0,0.0
2025-02-19 09:34:00+09:00,56600.0,56600.0,56500.0,56600.0,297,0.0,0.0
2025-02-19 09:35:00+09:00,56600.0,56600.0,56500.0,56600.0,380,0.0,0.0
2025-02-19 09:36:00+09:00,56600.0,56600.0,56500.0,56600.0,730,0.0,0.0
2025-02-19 09:37:00+09:00,56600.0,56600.0,56500.0,56600.0,485,0.0,0.0
2025-02-19 09:38:00+09:00,56500.0,56600.0,56500.0,56600.0,874,0.0,0.0
2025-02-19 09:39:00+09:00,56500.0,56600.0,56500.0,56600.0,1460,0.0,0.0
2025-02-19 09:40:00+09:00,56600.0,56600.0,56500.0,56600.0,461,0.0,0.0
2025-02-19 09:41:00+09:00,56500.0,56700.0,56500.0,56700.0,12675,0.0,0.0
2025-02-19 09:42:00+09:00,56700.0,56700.0,56600.0,56700.0,474,0.0,0.0
2025-02-19 09:43:00+09:00,56700.0,56700.0,56600.0,56700.0,1446,0.0,0.0
2025-02-19 09:44:00+09:00,56700.0,56700.0,56600.0,56600.0,835,0.0,0.0
2025-02-19 09:45:00+09:00,56700.0,56700.0,56600.0,56700.0,3882,0.0,0.0
2025-02-19 09:46:00+09:00,56700.0,56700.0,56600.0,56600.0,1004,0.0,0.0
2025-02-19 09:47:00+09:00,56600.0,56700.0,56600.0,56600.0,787,0.0,0.0
2025-02-19 09:48:00+09:00,56700.0,56700.0,56600.0,56600.0,933,0.0,0.0
2025-02-19 09:49:00+09:00,56700.0,56700.0,56600.0,56600.0,443,0.0,0.0
2025-02-19 09:50:00+09:00,56600.0,56700.0,56600.0,56700.0,1304,0.0,0.0
2025-02-19 09:51:00+09:00,56700.0,56700.0,56600.0,56700.0,172,0.0,0.0
2025-02-19 09:52:00+09:00,56600.0,56700.0,56600.0,56700.0,304,0.0,0.0
2025-02-19 09:53:00+09:00,56600.0,56700.0,56600.0,56700.0,10334,0.0,0.0
2025-02-19 09:54:00+09:00,56700.0,56700.0,56600.0,56700.0,409,0.0,0.0
2025-02-19 09:55:00+09:00,56600.0,56700.0,56600.0,56600.0,1696,0.0,0.0
2025-02-19 09:56:00+09:00,56700.0,56700.0,56600.0,56600.0,447,0.0,0.0
2025-02-19 09:57:00+09:00,56600.0,56700.0,56600.0,56700.0,809,0.0,0.0
2025-02-19 09:58:00+09:00,56700.0,56700.0,56600.0,56700.0,818,0.0,0.0
2025-02-19 09:59:00+09:00,56600.0,56700.0,56600.0,56700.0,644,0.0,0.0
2025-02-19 10:00:00+09:00,56700.0,56700.0,56600.0,56700.0,348,0.0,0.0
2025-02-19 10:01:00+09:00,56600.0,56700.0,56600.0,56700.0,55,0.0,0.0
2025-02-19 10:02:00+09:00,56700.0,56700.0,56700.0,56700.0,137,0.0,0.0
2025-02-19 10:03:00+09:00,56600.0,56700.0,56600.0,56700.0,572,0.0,0.0
2025-02-19 10:04:00+09:00,56700.0,56700.0,56600.0,56700.0,1053,0.0,0.0
2025-02-19 10:05:00+09:00,56700.0,56800.0,56700.0,56700.0,13524,0.0,0.0
2025-02-19 10:06:00+09:00,56700.0,56800.0,56700.0,56800.0,356,0.0,0.0
2025-02-19 10:07:00+09:00,56800.0,56800.0,56700.0,56700.0,777,0.0,0.0
2025-02-19 10:08:00+09:00,56800.0,56800.0,56700.0,56800.0,95,0.0,0.0
2025-02-19 10:09:00+09:00,56800.0,56800.0,56700.0,56800.0,265,0.0,0.0
2025-02-19 10:10:00+09:00,56800.0,56800.0,56700.0,56800.0,910,0.0,0.0
2025-02-19 10:11:00+09:00,56700.0,56800.0,56700.0,56800.0,475,0.0,0.0
2025-02-19 10:12:00+09:00,56700.0,56800.0,56700.0,56800.0,786,0.0,0.0
2025-02-19 10:13:00+09:00,56800.0,56800.0,56700.0,56800.0,91,0.0,0.0
2025-02-19 10:14:00+09:00,56800.0,56800.0,56700.0,56800.0,103,0.0,0.0
2025-02-19 10:15:00+09:00,56700.0,56800.0,56700.0,56700.0,184,0.0,0.0
2025-02-19 10:16:00+09:00,56800.0,56800.0,56700.0,56800.0,1123,0.0,0.0
2025-02-19 10:17:00+09:00,56700.0,56800.0,56700.0,56700.0,1120,0.0,0.0
2025-02-19 10:18:00+09:00,56800.0,56800.0,56700.0,56700.0,1325,0.0,0.0
2025-02-19 10:19:00+09:00,56800.0,56800.0,56700.0,56700.0,1745,0.0,0.0
2025-02-19 10:20:00+09:00,56700.0,56800.0,56700.0,56700.0,2485,0.0,0.0
2025-02-19 10:21:00+09:00,56800.0,56800.0,56700.0,56700.0,764,0.0,0.0
2025-02-19 10:22:00+09:00,56700.0,56800.0,56700.0,56700.0,645,0.0,0.0
2025-02-19 10:23:00+09:00,56800.0,56800.0,56700.0,56700.0,469,0.0,0.0
2025-02-19 10:24:00+09:00,56800.0,56800.0,56700.0,56800.0,506,0.0,0.0
2025-02-19 10:25:00+09:00,56700.0,56800.0,56700.0,56700.0,1564,0.0,0.0
2025-02-19 10:26:00+09:00,56800.0,56800.0,56700.0,56700.0,1310,0.0,0.0
2025-02-19 10:27:00+09:00,56700.0,56800.0,56700.0,56800.0,558,0.0,0.0
2025-02-19 10:28:00+09:00,56700.0,56800.0,56600.0,56700.0,14352,0.0,0.0
2025-02-19 10:29:00+09:00,56700.0,56700.0,56600.0,56700.0,643,0.0,0.0
2025-02-19 10:30:00+09:00,56600.0,56700.0,56600.0,56600.0,302,0.0,0.0
2025-02-19 10:31:00+09:00,56600.0,56700.0,56600.0,56600.0,262,0.0,0.0
2025-02-19 10:32:00+09:00,56600.0,56700.0,56600.0,56600.0,888,0.0,0.0
2025-02-19 10:33:00+09:00,56600.0,56700.0,56600.0,56700.0,248,0.0,0.0
2025-02-19 10:34:00+09:00,56600.0,56700.0,56600.0,56600.0,503,0.0,0.0
2025-02-19 10:35:00+09:00,56600.0,56800.0,56600.0,56600.0,5797,0.0,0.0
2025-02-19 10:36:00+09:00,56600.0,56700.0,56600.0,56600.0,989,0.0,0.0
2025-02-19 10:37:00+09:00,56600.0,56700.0,56600.0,56700.0,191,0.0,0.0
2025-02-19 10:38:00+09:00,56700.0,56700.0,56600.0,56600.0,482,0.0,0.0
2025-02-19 10:39:00+09:00,56700.0,56700.0,56600.0,56700.0,359,0.0,0.0
2025-02-19 10:40:00+09:00,56700.0,56700.0,56600.0,56600.0,232,0.0,0.0
2025-02-19 10:41:00+09:00,56700.0,56700.0,56600.0,56700.0,831,0.0,0.0
2025-02-19 10:42:00+09:00,56700.0,56700.0,56600.0,56600.0,336,0.0,0.0
2025-02-19 10:43:00+09:00,56700.0,56700.0,56600.0,56600.0,238,0.0,0.0
2025-02-19 10:44:00+09:00,56600.0,56700.0,56600.0,56700.0,341,0.0,0.0
2025-02-19 10:45:00+09:00,56700.0,56800.0,56600.0,56800.0,3793,0.0,0.0
2025-02-19 10:46:00+09:00,56700.0,56800.0,56700.0,56800.0,796,0.0,0.0
2025-02-19 10:47:00+09:00,56800.0,56800.0,56700.0,56700.0,585,0.0,0.0
2025-02-19 10:48:00+09:00,56800.0,56800.0,56700.0,56800.0,443,0.0,0.0
2025-02-19 10:49:00+09:00,56800.0,56800.0,56700.0,56800.0,360,0.0,0.0
2025-02-19 10:50:00+09:00,56800.0,56800.0,56700.0,56700.0,547,0.0,0.0
2025-02-19 10:51:00+09:00,56800.0,56800.0,56700.0,56700.0,758,0.0,0.0
2025-02-19 10:52:00+09:00,56800.0,56800.0,56700.0,56800.0,498,0.0,0.0
2025-02-19 10:53:00+09:00,56800.0,56800.0,56700.0,56800.0,589,0.0,0.0
2025-02-19 10:54:00+09:00,56700.0,56800.0,56700.0,56700.0,1021,0.0,0.0
2025-02-19 10:55:00+09:00,56700.0,56800.0,56700.0,56800.0,572,0.0,0.0
2025-02-19 10:56:00+09:00,56700.0,56800.0,56700.0,56700.0,373,0.0,0.0
2025-02-19 10:57:00+09:00,56700.0,56800.0,56700.0,56700.0,778,0.0,0.0
2025-02-19 10:58:00+09:00,56800.0,56800.0,56700.0,56800.0,1532,0.0,0.0
2025-02-19 10:59:00+09:00,56800.0,56800.0,56700.0,56700.0,683,0.0,0.0
2025-02-19 11:00:00+09:00,56800.0,56800.0,56700.0,56800.0,510,0.0,0.0
2025-02-19 11:01:00+09:00,56700.0,56800.0,56700.0,56700.0,2301,0.0,0.0
2025-02-19 11:02:00+09:00,56800.0,56800.0,56700.0,56700.0,3287,0.0,0.0
2025-02-19 11:03:00+09:00,56700.0,56800.0,56700.0,56800.0,501,0.0,0.0
2025-02-19 11:04:00+09:00,56800.0,56800.0,56700.0,56800.0,1140,0.0,0.0
2025-02-19 11:05:00+09:00,56800.0,57000.0,56800.0,56900.0,31661,0.0,0.0
2025-02-19 11:06:00+09:00,56900.0,57000.0,56900.0,56900.0,1052,0.0,0.0
2025-02-19 11:07:00+09:00,56900.0,57000.0,56900.0,56900.0,1059,0.0,0.0
2025-02-19 11:08:00+09:00,57000.0,57000.0,56900.0,57000.0,3692,0.0,0.0
2025-02-19 11:09:00+09:00,57000.0,57000.0,56900.0,56900.0,561,0.0,0.0
2025-02-19 11:10:00+09:00,57000.0,57000.0,56900.0,57000.0,1000,0.0,0.0
2025-02-19 11:11:00+09:00,57000.0,57000.0,56900.0,57000.0,417,0.0,0.0
2025-02-19 11:12:00+09:00,56900.0,57000.0,56900.0,56900.0,1167,0.0,0.0
2025-02-19 11:13:00+09:00,56900.0,57000.0,56900.0,56900.0,1413,0.0,0.0
2025-02-19 11:14:00+09:00,57000.0,57000.0,56900.0,56900.0,1990,0.0,0.0
2025-02-19 11:15:00+09:00,56900.0,57000.0,56900.0,57000.0,1637,0.0,0.0
2025-02-19 11:16:00+09:00,56900.0,57000.0,56800.0,56800.0,3574,0.0,0.0
2025-02-19 11:17:00+09:00,56900.0,57000.0,56800.0,56900.0,14337,0.0,0.0
2025-02-19 11:18:00+09:00,57000.0,57000.0,56900.0,56900.0,1063,0.0,0.0
2025-02-19 11:19:00+09:00,56900.0,57000.0,56900.0,57000.0,702,0.0,0.0
2025-02-19 11:20:00+09:00,57000.0,57000.0,56900.0,56900.0,4730,0.0,0.0
2025-02-19 11:21:00+09:00,56900.0,57000.0,56900.0,56900.0,2467,0.0,0.0
2025-02-19 11:22:00+09:00,57000.0,57000.0,56900.0,56900.0,1182,0.0,0.0
2025-02-19 11:23:00+09:00,57000.0,57000.0,56900.0,56900.0,2039,0.0,0.0
2025-02-19 11:24:00+09:00,57000.0,57000.0,56900.0,56900.0,1893,0.0,0.0
2025-02-19 11:25:00+09:00,57000.0,57000.0,56900.0,56900.0,837,0.0,0.0
2025-02-19 11:26:00+09:00,57000.0,57000.0,56900.0,56900.0,834,0.0,0.0
2025-02-19 11:27:00+09:00,56900.0,57000.0,56900.0,57000.0,2880,0.0,0.0
2025-02-19 11:28:00+09:00,57000.0,57000.0,56900.0,56900.0,2894,0.0,0.0
2025-02-19 11:29:00+09:00,57000.0,57000.0,56900.0,57000.0,5167,0.0,0.0
2025-02-19 11:30:00+09:00,56900.0,57100.0,56900.0,57100.0,1757,0.0,0.0
2025-02-19 11:31:00+09:00,57100.0,57100.0,57000.0,57100.0,553,0.0,0.0
2025-02-19 11:32:00+09:00,57100.0,57100.0,57000.0,57000.0,585,0.0,0.0
2025-02-19 11:33:00+09:00,57100.0,57100.0,57000.0,57000.0,524,0.0,0.0
2025-02-19 11:34:00+09:00,57000.0,57100.0,57000.0,57100.0,513,0.0,0.0
2025-02-19 11:35:00+09:00,57100.0,57100.0,57000.0,57100.0,1698,0.0,0.0
2025-02-19 11:36:00+09:00,57100.0,57100.0,57000.0,57000.0,763,0.0,0.0
2025-02-19 11:37:00+09:00,57100.0,57100.0,57000.0,57000.0,979,0.0,0.0
2025-02-19 11:38:00+09:00,57100.0,57100.0,57000.0,57000.0,932,0.0,0.0
2025-02-19 11:39:00+09:00,57100.0,57100.0,57000.0,57100.0,683,0.0,0.0
2025-02-19 11:40:00+09:00,57000.0,57100.0,57000.0,57100.0,868,0.0,0.0
2025-02-19 11:41:00+09:00,57100.0,57100.0,57000.0,57000.0,1904,0.0,0.0
2025-02-19 11:42:00+09:00,57100.0,57100.0,57000.0,57100.0,856,0.0,0.0
2025-02-19 11:43:00+09:00,57100.0,57100.0,57000.0,57100.0,391,0.0,0.0
2025-02-19 11:44:00+09:00,57100.0,57100.0,57000.0,57100.0,442,0.0,0.0
2025-02-19 11:45:00+09:00,57100.0,57100.0,57000.0,57100.0,524,0.0,0.0
2025-02-19 11:46:00+09:00,57100.0,57100.0,57000.0,57100.0,6212,0.0,0.0
2025-02-19 11:47:00+09:00,57100.0,57100.0,57000.0,57000.0,595,0.0,0.0
2025-02-19 11:48:00+09:00,57100.0,57100.0,57000.0,57100.0,377,0.0,0.0
2025-02-19 11:49:00+09:00,57100.0,57100.0,57000.0,57000.0,878,0.0,0.0
2025-02-19 11:50:00+09:00,57100.0,57100.0,57000.0,57100.0,463,0.0,0.0
2025-02-19 11:51:00+09:00,57100.0,57100.0,57000.0,57000.0,286,0.0,0.0
2025-02-19 11:52:00+09:00,57000.0,57100.0,57000.0,57100.0,439,0.0,0.0
2025-02-19 11:53:00+09:00,57100.0,57100.0,57000.0,57000.0,219,0.0,0.0
2025-02-19 11:54:00+09:00,57100.0,57100.0,57000.0,57100.0,462,0.0,0.0
2025-02-19 11:55:00+09:00,57000.0,57100.0,57000.0,57100.0,276,0.0,0.0
2025-02-19 11:56:00+09:00,57100.0,57100.0,57000.0,57000.0,395,0.0,0.0
2025-02-19 11:57:00+09:00,57000.0,57100.0,57000.0,57000.0,863,0.0,0.0
2025-02-19 11:58:00+09:00,57100.0,57100.0,57000.0,57100.0,389,0.0,0.0
2025-02-19 11:59:00+09:00,57100.0,57100.0,57000.0,57100.0,6257,0.0,0.0
2025-02-19 12:00:00+09:00,57100.0,57200.0,57000.0,57100.0,7591,0.0,0.0
2025-02-19 12:01:00+09:00,57200.0,57200.0,57100.0,57200.0,1111,0.0,0.0
2025-02-19 12:02:00+09:00,57200.0,57300.0,57100.0,57200.0,8009,0.0,0.0
2025-02-19 12:03:00+09:00,57200.0,57300.0,57200.0,57300.0,634,0.0,0.0
2025-02-19 12:04:00+09:00,57300.0,57300.0,57200.0,57200.0,796,0.0,0.0
2025-02-19 12:05:00+09:00,57300.0,57300.0,57200.0,57300.0,533,0.0,0.0
2025-02-19 12:06:00+09:00,57200.0,57300.0,57200.0,57200.0,440,0.0,0.0
2025-02-19 12:07:00+09:00,57300.0,57400.0,57300.0,57300.0,9962,0.0,0.0
2025-02-19 12:08:00+09:00,57400.0,57400.0,57300.0,57300.0,2181,0.0,0.0
2025-02-19 12:09:00+09:00,57400.0,57400.0,57300.0,57400.0,7507,0.0,0.0
2025-02-19 12:10:00+09:00,57300.0,57400.0,57300.0,57400.0,5871,0.0,0.0
2025-02-19 12:11:00+09:00,57400.0,57400.0,57300.0,57400.0,1158,0.0,0.0
2025-02-19 12:12:00+09:00,57400.0,57400.0,57300.0,57300.0,462,0.0,0.0
2025-02-19 12:13:00+09:00,57400.0,57400.0,57300.0,57300.0,1306,0.0,0.0
2025-02-19 12:14:00+09:00,57400.0,57400.0,57300.0,57300.0,51,0.0,0.0
2025-02-19 12:15:00+09:00,57400.0,57400.0,57200.0,57300.0,3985,0.0,0.0
2025-02-19 12:16:00+09:00,57200.0,57300.0,57200.0,57200.0,228,0.0,0.0
2025-02-19 12:17:00+09:00,57300.0,57300.0,57200.0,57200.0,468,0.0,0.0
2025-02-19 12:18:00+09:00,57300.0,57300.0,57200.0,57200.0,4611,0.0,0.0
2025-02-19 12:19:00+09:00,57200.0,57300.0,57200.0,57300.0,136,0.0,0.0
2025-02-19 12:20:00+09:00,57300.0,57300.0,57200.0,57300.0,468,0.0,0.0
2025-02-19 12:21:00+09:00,57200.0,57300.0,57200.0,57300.0,943,0.0,0.0
2025-02-19 12:22:00+09:00,57200.0,57300.0,57200.0,57300.0,1524,0.0,0.0
2025-02-19 12:23:00+09:00,57300.0,57300.0,57200.0,57300.0,677,0.0,0.0
2025-02-19 12:24:00+09:00,57200.0,57300.0,57200.0,57200.0,497,0.0,0.0
2025-02-19 12:25:00+09:00,57300.0,57300.0,57200.0,57200.0,505,0.0,0.0
2025-02-19 12:26:00+09:00,57300.0,57400.0,57200.0,57400.0,631,0.0,0.0
2025-02-19 12:27:00+09:00,57300.0,57400.0,57300.0,57400.0,340,0.0,0.0
2025-02-19 12:28:00+09:00,57300.0,57400.0,57300.0,57300.0,508,0.0,0.0
2025-02-19 12:29:00+09:00,57400.0,57400.0,57300.0,57400.0,288,0.0,0.0
2025-02-19 12:30:00+09:00,57300.0,57400.0,57200.0,57200.0,2324,0.0,0.0
2025-02-19 12:31:00+09:00,57200.0,57300.0,57200.0,57200.0,277,0.0,0.0
2025-02-19 12:32:00+09:00,57300.0,57300.0,57200.0,57300.0,2564,0.0,0.0
2025-02-19 12:33:00+09:00,57200.0,57300.0,57200.0,57300.0,538,0.0,0.0
2025-02-19 12:34:00+09:00,57300.0,57300.0,57200.0,57300.0,158,0.0,0.0
2025-02-19 12:35:00+09:00,57300.0,57300.0,57200.0,57200.0,668,0.0,0.0
2025-02-19 12:36:00+09:00,57200.0,57300.0,57200.0,57200.0,621,0.0,0.0
2025-02-19 12:37:00+09:00,57300.0,57300.0,57200.0,57200.0,623,0.0,0.0
2025-02-19 12:38:00+09:00,57300.0,57300.0,57200.0,57300.0,112,0.0,0.0
2025-02-19 12:39:00+09:00,57200.0,57300.0,57200.0,57200.0,467,0.0,0.0
2025-02-19 12:40:00+09:00,57200.0,57300.0,57200.0,57200.0,340,0.0,0.0
2025-02-19 12:41:00+09:00,57200.0,57300.0,57200.0,57200.0,978,0.0,0.0
2025-02-19 12:42:00+09:00,57200.0,57300.0,57200.0,57300.0,255,0.0,0.0
2025-02-19 12:43:00+09:00,57200.0,57300.0,57200.0,57300.0,1320,0.0,0.0
2025-02-19 12:44:00+09:00,57300.0,57300.0,57200.0,57300.0,174,0.0,0.0
2025-02-19 12:45:00+09:00,57200.0,57300.0,57200.0,57200.0,598,0.0,0.0
2025-02-19 12:46:00+09:00,57300.0,57300.0,57200.0,57300.0,190,0.0,0.0
2025-02-19 12:47:00+09:00,57300.0,57300.0,57200.0,57300.0,520,0.0,0.0
2025-02-19 12:48:00+09:00,57300.0,57300.0,57200.0,57300.0,483,0.0,0.0
2025-02-19 12:49:00+09:00,57300.0,57300.0,57200.0,57300.0,804,0.0,0.0
2025-02-19 12:50:00+09:00,57300.0,57300.0,57200.0,57300.0,557,0.0,0.0
2025-02-19 12:51:00+09:00,57200.0,57300.0,57200.0,57200.0,4611,0.0,0.0
2025-02-19 12:52:00+09:00,57200.0,57300.0,57200.0,57200.0,1021,0.0,0.0
2025-02-19 12:53:00+09:00,57300.0,57300.0,57200.0,57200.0,537,0.0,0.0
2025-02-19 12:54:00+09:00,57200.0,57300.0,57200.0,57200.0,919,0.0,0.0
2025-02-19 12:55:00+09:00,57200.0,57300.0,57200.0,57200.0,832,0.0,0.0
2025-02-19 12:56:00+09:00,57300.0,57300.0,57200.0,57300.0,590,0.0,0.0
2025-02-19 12:57:00+09:00,57300.0,57300.0,57200.0,57300.0,1212,0.0,0.0
2025-02-19 12:58:00+09:00,57200.0,57300.0,57200.0,57200.0,830,0.0,0.0
2025-02-19 12:59:00+09:00,57300.0,57300.0,57200.0,57300.0,368,0.0,0.0
2025-02-19 13:00:00+09:00,57200.0,57300.0,57200.0,57200.0,972,0.0,0.0
2025-02-19 13:01:00+09:00,57300.0,57300.0,57200.0,57300.0,815,0.0,0.0
2025-02-19 13:02:00+09:00,57200.0,57300.0,57200.0,57300.0,1625,0.0,0.0
2025-02-19 13:03:00+09:00,57200.0,57300.0,57100.0,57100.0,2374,0.0,0.0
2025-02-19 13:04:00+09:00,57100.0,57200.0,57100.0,57200.0,579,0.0,0.0
2025-02-19 13:05:00+09:00,57200.0,57200.0,57100.0,57200.0,421,0.0,0.0
2025-02-19 13:06:00+09:00,57200.0,57200.0,57100.0,57200.0,401,0.0,0.0
2025-02-19 13:07:00+09:00,57100.0,57200.0,57100.0,57200.0,693,0.0,0.0
2025-02-19 13:08:00+09:00,57200.0,57200.0,57100.0,57100.0,292,0.0,0.0
2025-02-19 13:09:00+09:00,57100.0,57200.0,57100.0,57100.0,1657,0.0,0.0
2025-02-19 13:10:00+09:00,57100.0,57200.0,57100.0,57200.0,126,0.0,0.0
2025-02-19 13:11:00+09:00,57200.0,57200.0,57100.0,57100.0,542,0.0,0.0
2025-02-19 13:12:00+09:00,57200.0,57200.0,57100.0,57100.0,633,0.0,0.0
2025-02-19 13:13:00+09:00,57100.0,57200.0,57100.0,57100.0,923,0.0,0.0
2025-02-19 13:14:00+09:00,57200.0,57200.0,57100.0,57200.0,1408,0.0,0.0
2025-02-19 13:15:00+09:00,57200.0,57200.0,57100.0,57100.0,434,0.0,0.0
2025-02-19 13:16:00+09:00,57100.0,57200.0,57100.0,57200.0,297,0.0,0.0
2025-02-19 13:17:00+09:00,57200.0,57300.0,57100.0,57300.0,9523,0.0,0.0
2025-02-19 13:18:00+09:00,57200.0,57300.0,57200.0,57300.0,500,0.0,0.0
2025-02-19 13:19:00+09:00,57300.0,57300.0,57200.0,57300.0,559,0.0,0.0
