Date,Open,High,Low,Close,Volume,Dividends,Stock Splits
2020-04-01 00:00:00+09:00,29280.43839460403,30105.239919319352,28703.079329658387,28868.0390625,2439885,0.0,0.0
2020-04-02 00:00:00+09:00,29115.484065476157,30022.765625,28538.12203286724,30022.765625,2034352,0.0,0.0
2020-04-03 00:00:00+09:00,30022.759022818154,30270.198613590925,29692.839568454463,30187.71875,1712883,0.0,0.0
2020-04-06 00:00:00+09:00,30352.68259545345,31507.403702906846,30270.202720671605,31424.923828125,1853322,0.0,0.0
2020-04-07 00:00:00+09:00,31919.80593732363,32249.72543645101,30930.044579433925,31424.923828125,1622342,0.0,0.0
2020-04-08 00:00:00+09:00,31672.359864914743,32827.08073728262,31177.477856467387,32002.279296875,2380156,0.0,0.0
2020-04-09 00:00:00+09:00,32579.644526926404,32744.604259937438,31672.363134858446,31919.802734375,1684588,0.0,0.0
2020-04-10 00:00:00+09:00,31919.799438884937,32332.198728835257,31837.319580894873,32002.279296875,868629,0.0,0.0
2020-04-13 00:00:00+09:00,32002.28121714575,32002.28121714575,31259.9595901858,31342.439453125,1068180,0.0,0.0
2020-04-14 00:00:00+09:00,31754.844040566837,32414.682994204737,31672.364171362096,32332.203125,1201755,0.0,0.0
2020-04-16 00:00:00+09:00,31342.440525230944,32414.681640625,31259.96065947042,32414.681640625,1779875,0.0,0.0
2020-04-17 00:00:00+09:00,32497.163592768982,33239.48529277949,32497.163592768982,32827.0859375,1241730,0.0,0.0
2020-04-20 00:00:00+09:00,32992.051994097565,33734.37383618413,32992.051994097565,33569.4140625,1510958,0.0,0.0
2020-04-21 00:00:00+09:00,33486.92773952784,34559.171875,33239.48810542242,34559.171875,2254576,0.0,0.0
2020-04-22 00:00:00+09:00,34064.29543311701,35383.9765625,33981.81554131233,35383.9765625,1982604,0.0,0.0
2020-04-23 00:00:00+09:00,35383.97097567866,36291.2525027864,35136.531339333196,35548.93359375,1422622,0.0,0.0
2020-04-24 00:00:00+09:00,34889.091387140565,35383.97065535141,34476.69199696486,34559.171875,1287733,0.0,0.0
2020-04-27 00:00:00+09:00,34559.16825793218,35466.449681867554,34394.205658619714,35136.52734375,1063576,0.0,0.0
2020-04-28 00:00:00+09:00,35054.047474347455,35796.36915947774,35054.047474347455,35136.52734375,1022940,0.0,0.0
2020-04-29 00:00:00+09:00,35136.5255329556,35466.4478540703,34889.0859375,34889.0859375,1269062,0.0,0.0
2020-05-04 00:00:00+09:00,34146.75965687222,34806.601349053126,33899.320094994444,34394.19921875,1384485,0.0,0.0
2020-05-06 00:00:00+09:00,34394.204623935184,34641.64708520635,33816.845555486114,34064.28515625,1340027,0.0,0.0
2020-05-07 00:00:00+09:00,33816.85002000863,34311.729286870686,33569.4103865776,34146.76953125,1164097,0.0,0.0
2020-05-08 00:00:00+09:00,34394.20916468103,34889.09129205075,33981.809775629314,34146.76953125,1115426,0.0,0.0
2020-05-11 00:00:00+09:00,34229.24701647548,34476.68949311822,33816.84765625,33816.84765625,1019744,0.0,0.0
2020-05-12 00:00:00+09:00,33816.85068882628,35054.051740958006,33734.37080938468,34641.65234375,1417890,0.0,0.0
2020-05-13 00:00:00+09:00,34641.64708520635,35054.04641981283,33981.8052893287,34064.28515625,1319407,0.0,0.0
2020-05-14 00:00:00+09:00,34064.28965343966,34311.729286870686,33816.85002000863,34146.76953125,1177544,0.0,0.0
2020-05-15 00:00:00+09:00,33981.80619523032,34064.286064350395,33651.88671875,33651.88671875,1350162,0.0,0.0
2020-05-18 00:00:00+09:00,33816.844354757304,34311.723538713486,33734.36449076461,33899.32421875,1062862,0.0,0.0
2020-05-19 00:00:00+09:00,34311.72490493894,34641.64723455377,34311.72490493894,34476.6875,1081302,0.0,0.0
2020-05-20 00:00:00+09:00,34476.68661174066,35136.5255329556,34394.203886081574,34889.0859375,1093048,0.0,0.0
2020-05-21 00:00:00+09:00,35383.96695195764,35466.449681867554,35054.047474347455,35136.52734375,1023419,0.0,0.0
2020-05-22 00:00:00+09:00,35383.960326767934,35383.960326767934,34311.71936479074,34394.19921875,1072819,0.0,0.0
2020-05-25 00:00:00+09:00,34641.65080934692,35054.05018828827,34476.691057770375,34971.5703125,758946,0.0,0.0
2020-05-26 00:00:00+09:00,34889.090436711725,35136.53006407654,34559.17093355864,34971.5703125,1002031,0.0,0.0
2020-05-27 00:00:00+09:00,34971.5718615164,35136.531620399604,34641.65234375,34641.65234375,1337190,0.0,0.0
2020-05-28 00:00:00+09:00,34641.65080934692,35136.53006407654,34559.17093355864,34971.5703125,1229753,0.0,0.0
2020-05-29 00:00:00+09:00,34806.6047688624,36043.80556031524,34806.6047688624,35631.40625,2072862,0.0,0.0
2020-06-01 00:00:00+09:00,35796.373178304966,37116.05409741249,35796.373178304966,37033.57421875,1882549,0.0,0.0
2020-06-02 00:00:00+09:00,36951.09103866348,37363.49039512978,36621.17155349043,37116.05078125,1459312,0.0,0.0
2020-06-03 00:00:00+09:00,37363.49346180177,38270.77498100175,37198.5337056759,37940.85546875,1627109,0.0,0.0
2020-06-04 00:00:00+09:00,38270.77535110572,38435.737969334565,37281.01394427116,37445.9765625,1554111,0.0,0.0
2020-06-05 00:00:00+09:00,37116.05684178322,37363.49649606644,36621.177533216774,36868.6171875,1373041,0.0,0.0
2020-06-08 00:00:00+09:00,37198.53158390009,37363.49133061679,36703.65234375,36703.65234375,1103436,0.0,0.0
2020-06-09 00:00:00+09:00,36786.13041476896,37116.049892037925,36291.24833835816,36456.2109375,927369,0.0,0.0
2020-06-10 00:00:00+09:00,36456.21140450262,36703.651015624026,36126.2890625,36126.2890625,1132623,0.0,0.0
2020-06-11 00:00:00+09:00,35961.33238945885,36208.772021688266,35136.53075485313,35466.453125,1997755,0.0,0.0
2020-06-12 00:00:00+09:00,34311.71936479074,34559.16178717535,33981.7999489537,34394.19921875,2048477,0.0,0.0
2020-06-15 00:00:00+09:00,34311.72086647384,34889.08272996425,33157.0,33157.0,1872841,0.0,0.0
2020-06-16 00:00:00+09:00,33651.88596672387,34559.16736727689,33569.406099446984,34476.6875,1560428,0.0,0.0
2020-06-17 00:00:00+09:00,34229.24940906034,34559.171780809374,33816.85002000863,34146.76953125,1522207,0.0,0.0
2020-06-18 00:00:00+09:00,33899.32421875,34311.723538713486,33651.884626771905,33899.32421875,1155423,0.0,0.0
2020-06-19 00:00:00+09:00,34229.24428388165,34311.724149342204,33816.8449565789,33981.8046875,1079682,0.0,0.0
2020-06-22 00:00:00+09:00,33899.32542240741,34559.16721828506,33816.845555486114,34064.28515625,1057503,0.0,0.0
2020-06-23 00:00:00+09:00,34146.763810728095,34394.20340270619,33816.844354757304,33899.32421875,1290801,0.0,0.0
2020-06-24 00:00:00+09:00,34064.2839467354,34146.763810728095,33816.844354757304,33899.32421875,966460,0.0,0.0
2020-06-25 00:00:00+09:00,33816.84813460474,34146.76762745198,33486.92578125,33486.92578125,1108310,0.0,0.0
2020-06-26 00:00:00+09:00,33651.88053311667,34806.601349053126,33486.91796469132,34394.19921875,1368904,0.0,0.0
2020-06-29 00:00:00+09:00,33972.548281396615,34720.111130586694,33723.3587445306,34387.859375,1397719,329.2929,0.0
2020-06-30 00:00:00+09:00,34553.98704164674,35218.48773421634,34387.86258868041,35052.36328125,1537189,0.0,0.0
2020-07-01 00:00:00+09:00,35633.7991139466,37295.04941654829,35301.55020570798,36879.73828125,3873429,0.0,0.0
2020-07-02 00:00:00+09:00,37211.98104207442,37627.29210876337,36298.29381465493,37378.10546875,1986981,0.0,0.0
2020-07-03 00:00:00+09:00,37378.111087847086,37876.48732349914,36630.54817472113,36713.61328125,1260042,0.0,0.0
2020-07-06 00:00:00+09:00,36796.66997538547,37544.22989542558,36381.35602799272,37378.10546875,1249667,0.0,0.0
2020-07-07 00:00:00+09:00,37793.430463650424,37793.430463650424,36215.2421875,36215.2421875,2007251,0.0,0.0
2020-07-08 00:00:00+09:00,36215.23075734791,37045.855752072515,36132.168545945824,36298.29296875,1662277,0.0,0.0
2020-07-09 00:00:00+09:00,36381.36666273591,36630.55337558978,36049.117712264095,36215.2421875,1157137,0.0,0.0
2020-07-10 00:00:00+09:00,36049.10035297888,36298.28694583804,35550.724286557306,35716.8515625,1259633,0.0,0.0
2020-07-13 00:00:00+09:00,35966.04630789538,36049.10852434308,35384.60791205763,35799.921875,981527,0.0,0.0
2020-07-14 00:00:00+09:00,35799.91912844918,37045.85516028093,35633.791827595094,36132.16796875,1665131,0.0,0.0
2020-07-15 00:00:00+09:00,36381.36666273591,36962.805206766236,36049.117712264095,36215.2421875,1340400,0.0,0.0
2020-07-16 00:00:00+09:00,36049.117712264095,36464.428900353865,35882.99323702818,36215.2421875,1081062,0.0,0.0
2020-07-17 00:00:00+09:00,36215.23773606655,36547.48664569965,35966.05105384172,36049.11328125,896880,0.0,0.0
2020-07-20 00:00:00+09:00,36049.1090927574,36547.48239930179,35716.8602217278,35966.046875,1159716,0.0,0.0
2020-07-21 00:00:00+09:00,35966.04630789538,36215.23295723846,35799.921875,35799.921875,1356470,0.0,0.0
2020-07-22 00:00:00+09:00,35799.92027492424,35966.0447003947,35550.73075601477,35633.79296875,1378564,0.0,0.0
2020-07-23 00:00:00+09:00,35550.73691689889,35633.799144028664,34886.239099860664,35135.42578125,1682404,0.0,0.0
2020-07-24 00:00:00+09:00,34803.17785034328,34886.24007980625,34470.92605178702,34553.98828125,1269351,0.0,0.0
2020-07-27 00:00:00+09:00,34470.92243351147,35135.42308016964,34470.92243351147,34637.046875,1262128,0.0,0.0
2020-07-28 00:00:00+09:00,34803.17438428299,35966.048361657966,34637.04706119736,35550.734375,1856678,0.0,0.0
2020-07-29 00:00:00+09:00,35467.670687751655,36215.2335282722,35135.42181672206,35966.046875,1866515,0.0,0.0
2020-07-30 00:00:00+09:00,35882.97892656417,37211.977079139324,35633.789432384736,36547.4765625,3254685,0.0,0.0
2020-07-31 00:00:00+09:00,36547.48465212257,37128.92309296872,36464.42242924514,36630.546875,3242935,0.0,0.0
2020-08-03 00:00:00+09:00,36796.681262284896,37128.93021754907,36298.30494868395,36381.3671875,1857011,0.0,0.0
2020-08-04 00:00:00+09:00,36381.352512738915,37876.47796976412,36049.10369149043,37461.1640625,3444971,0.0,0.0
2020-08-05 00:00:00+09:00,37710.359375,37959.54602936704,37128.92096743961,37710.359375,2801533,0.0,0.0
2020-08-06 00:00:00+09:00,38042.610425324594,38540.98376258918,36298.29798349027,36630.546875,4694381,0.0,0.0
2020-08-07 00:00:00+09:00,37128.91063057502,38208.722046244875,36381.34799489491,38042.59765625,3811524,0.0,0.0
2020-08-10 00:00:00+09:00,38457.91116931659,39869.97433887029,38291.78676835812,39537.72265625,3608001,0.0,0.0
2020-08-11 00:00:00+09:00,39869.98955503131,40036.11401939027,38624.05319163471,39371.61328125,2354693,0.0,0.0
2020-08-12 00:00:00+09:00,39122.41850767616,40202.23018378083,38624.04521749116,40119.16796875,2508142,0.0,0.0
2020-08-13 00:00:00+09:00,40368.36274477218,41115.92571132644,39953.05158596672,40202.23828125,4242121,0.0,0.0
2020-08-14 00:00:00+09:00,40368.36294810817,40534.487412467126,39122.42658471157,39371.61328125,2340252,0.0,0.0
2020-08-18 00:00:00+09:00,39703.84731760509,40119.15829259228,37378.09721556733,38042.59765625,3265069,0.0,0.0
2020-08-19 00:00:00+09:00,38125.67270599001,38873.235593724115,37876.486036980015,38374.859375,1936787,0.0,0.0
2020-08-20 00:00:00+09:00,38790.171380606254,39288.544693057396,37627.2945568123,37793.421875,2991841,0.0,0.0
2020-08-21 00:00:00+09:00,37793.42721296771,39454.67470314447,37793.42721296771,39122.42578125,2482484,0.0,0.0
2020-08-24 00:00:00+09:00,39953.05158596672,40368.36274477218,39454.67531469574,40202.23828125,2387605,0.0,0.0
2020-08-25 00:00:00+09:00,40285.29675418624,41780.422547791844,40285.29675418624,41115.921875,2808662,0.0,0.0
2020-08-26 00:00:00+09:00,41531.22962053582,41780.41915302558,40700.60744791641,41282.04296875,2193577,0.0,0.0
2020-08-27 00:00:00+09:00,41531.22789301213,41697.35520132976,40783.66796875,40783.66796875,2568702,0.0,0.0
2020-08-28 00:00:00+09:00,41780.42267308942,41780.42267308942,39786.92352943964,40285.296875,3754476,0.0,0.0
2020-08-31 00:00:00+09:00,40700.60716859856,41531.22933551762,40285.29320443511,41198.98046875,10502357,0.0,0.0
2020-09-01 00:00:00+09:00,40866.73901604316,40949.80124780425,40119.17604948891,40202.23828125,2345672,0.0,0.0
2020-09-02 00:00:00+09:00,40700.610877004474,40700.610877004474,39537.733975955285,40285.296875,1644222,0.0,0.0
2020-09-03 00:00:00+09:00,40202.233820087684,40285.296042631526,39703.86048482464,40036.109375,1642944,0.0,0.0
2020-09-04 00:00:00+09:00,39371.605752454016,39537.73018504599,39122.419103566055,39454.66796875,2156150,0.0,0.0
2020-09-07 00:00:00+09:00,39703.85801240709,40534.48018612143,39205.48182747454,40451.41796875,1628201,0.0,0.0
2020-09-08 00:00:00+09:00,40617.54413963885,40700.60635466968,39869.9813236575,40119.16796875,1309925,0.0,0.0
2020-09-09 00:00:00+09:00,39371.59825529153,39869.97433887029,38956.28725289535,39537.72265625,1370324,0.0,0.0
2020-09-10 00:00:00+09:00,39953.04659638778,40202.233260551104,39620.79771083667,39869.984375,1366942,0.0,0.0
2020-09-11 00:00:00+09:00,40119.164936242894,40534.47598000473,40036.10272749053,40368.3515625,1119737,0.0,0.0
2020-09-14 00:00:00+09:00,40866.73160198237,41198.98046875,40617.54495190665,41198.98046875,1243594,0.0,0.0
2020-09-15 00:00:00+09:00,41282.049432588065,41282.049432588065,40534.48647947516,40866.73828125,1076854,0.0,0.0
2020-09-16 00:00:00+09:00,40700.60327821311,40783.66548696548,40285.289353747634,40368.3515625,950626,0.0,0.0
2020-09-17 00:00:00+09:00,40368.356032848824,40617.54556740455,40036.107161046464,40534.48046875,809712,0.0,0.0
2020-09-18 00:00:00+09:00,40451.41825079941,40534.48046875,40119.16937899705,40534.48046875,978579,0.0,0.0
2020-09-21 00:00:00+09:00,40534.47450257398,40866.726206176936,39953.0390625,39953.0390625,950386,0.0,0.0
2020-09-22 00:00:00+09:00,39620.795282045874,39869.98193093384,39371.605752454016,39454.66796875,1052012,0.0,0.0
2020-09-23 00:00:00+09:00,39288.544909394586,39371.607128593816,38374.85761749909,38707.109375,1562892,0.0,0.0
2020-09-24 00:00:00+09:00,38624.0447051701,38707.10691909916,38125.66854089186,38291.79296875,1052674,0.0,0.0
2020-09-25 00:00:00+09:00,38457.92159800333,38624.04892471412,38208.73492899334,38374.859375,720769,0.0,0.0
2020-09-28 00:00:00+09:00,38540.98205589754,39039.358251796904,38457.91983669831,38707.109375,480169,0.0,0.0
2020-09-29 00:00:00+09:00,39288.53605481229,39953.03653934953,38956.28725289535,39537.72265625,1002569,0.0,0.0
2020-10-05 00:00:00+09:00,39703.852445325436,40368.35009112427,39703.852445325436,39953.0390625,1098908,0.0,0.0
2020-10-06 00:00:00+09:00,39786.92270736848,40451.4204877192,39620.7982622808,40036.109375,804625,0.0,0.0
2020-10-07 00:00:00+09:00,39703.86048482464,40202.233820087684,39537.73315903284,40036.109375,798006,0.0,0.0
2020-10-08 00:00:00+09:00,39953.04659638778,40202.233260551104,39869.984375,39869.984375,1034606,0.0,0.0
2020-10-12 00:00:00+09:00,39869.984095806125,40036.108537418375,39537.73233187757,39786.921875,840099,0.0,0.0
2020-10-13 00:00:00+09:00,39869.9857536997,40285.296875,39703.861305179584,40285.296875,820362,0.0,0.0
2020-10-14 00:00:00+09:00,40036.1052226681,40119.16743659716,37544.23016268455,38291.79296875,3819568,0.0,0.0
2020-10-15 00:00:00+09:00,38374.86229527586,39371.61192787128,37876.488919330324,38956.30078125,2903492,0.0,0.0
2020-10-16 00:00:00+09:00,39122.42523989851,39454.674157195535,38624.05186395298,38956.30078125,1390980,0.0,0.0
2020-10-19 00:00:00+09:00,39288.54462376285,39288.54462376285,38374.85733850995,38624.046875,1060078,0.0,0.0
2020-10-20 00:00:00+09:00,38540.98205589754,38790.17159419922,38208.73317910063,38707.109375,857696,0.0,0.0
2020-10-21 00:00:00+09:00,38624.03845097841,39786.91213839106,38457.91116931659,39537.72265625,922392,0.0,0.0
2020-10-22 00:00:00+09:00,39371.60345370729,39620.79296875,38956.29239647567,39620.79296875,829693,0.0,0.0
2020-10-23 00:00:00+09:00,39537.72787659994,39869.97960308898,39371.60345370729,39620.79296875,656059,0.0,0.0
2020-10-26 00:00:00+09:00,39288.54942497945,39703.863449413235,38873.23828125,38873.23828125,670211,0.0,0.0
2020-10-27 00:00:00+09:00,38707.109093595354,38873.23353078607,38291.79511991459,38624.046875,879772,0.0,0.0
2020-10-28 00:00:00+09:00,38374.866402140644,38790.18047391304,37793.430734645815,38125.6796875,1625445,0.0,0.0
2020-10-29 00:00:00+09:00,37544.228439568134,37710.35574050557,36713.60633839937,36962.79296875,1729957,0.0,0.0
2020-10-30 00:00:00+09:00,36962.79789665139,36962.79789665139,35550.734375,35550.734375,2255091,0.0,0.0
2020-11-02 00:00:00+09:00,35716.8515625,36381.34914345776,35384.59989131786,35716.8515625,1295853,0.0,0.0
2020-11-03 00:00:00+09:00,35966.05599341978,36547.49166513208,35799.9315157877,36381.3671875,1759868,0.0,0.0
2020-11-04 00:00:00+09:00,36879.73132926834,37045.855752072515,36298.29296875,36298.29296875,1339024,0.0,0.0
2020-11-05 00:00:00+09:00,36713.61049689912,37211.983814050436,36547.48317714467,37045.859375,1817302,0.0,0.0
2020-11-06 00:00:00+09:00,37295.0454036843,37959.54602936704,37211.983185561956,37710.359375,1581958,0.0,0.0
2020-11-09 00:00:00+09:00,37876.47796976412,38042.602380388365,37295.03965187576,37461.1640625,1486618,0.0,0.0
2020-11-10 00:00:00+09:00,37461.169839928996,37876.483811244696,36879.73431307257,37710.359375,2155817,0.0,0.0
2020-11-11 00:00:00+09:00,37378.105734826415,38540.97961053721,37378.105734826415,38291.79296875,1570807,0.0,0.0
2020-11-12 00:00:00+09:00,38374.858818598004,38540.98326219601,37876.485487804,38208.734375,1374941,0.0,0.0
2020-11-13 00:00:00+09:00,37876.492972859356,38873.24271212659,37793.430734645815,38125.6796875,1761142,0.0,0.0
2020-11-16 00:00:00+09:00,38790.17392829601,38873.236152493286,38208.73547821088,38540.984375,1502976,0.0,0.0
2020-11-17 00:00:00+09:00,38790.171312190716,38956.295749381425,38540.98177570066,38624.046875,1427053,0.0,0.0
2020-11-18 00:00:00+09:00,38624.04892471412,38624.04892471412,38208.73492899334,38374.859375,1390851,0.0,0.0
2020-11-19 00:00:00+09:00,38125.6796875,38291.804163927096,37793.430734645815,38125.6796875,1188349,0.0,0.0
2020-11-20 00:00:00+09:00,37959.53546125256,38208.722046244875,37876.473266255125,38042.59765625,1024445,0.0,0.0
2020-11-23 00:00:00+09:00,38125.67270599001,38540.98382100666,37876.486036980015,38374.859375,1313108,0.0,0.0
2020-11-24 00:00:00+09:00,38374.859926605444,39039.36060088784,38042.611029816326,38540.984375,1341026,0.0,0.0
2020-11-25 00:00:00+09:00,38624.035901935225,38790.16029193011,37876.473266255125,38042.59765625,1705102,0.0,0.0
2020-11-26 00:00:00+09:00,38624.04947990145,38873.236152493286,38374.859926605444,38540.984375,1222584,0.0,0.0
2020-11-27 00:00:00+09:00,38873.23882144968,39537.73666065096,38624.0521317492,39039.36328125,2001298,0.0,0.0
2020-11-30 00:00:00+09:00,39371.605752454016,39703.857498341866,38873.23245467809,39454.66796875,2335125,0.0,0.0
2020-12-01 00:00:00+09:00,39371.60909835483,39537.73354506449,39039.36020493551,39288.546875,1063718,0.0,0.0
2020-12-02 00:00:00+09:00,39537.73205385188,39786.92159522204,39039.35873251966,39703.859375,1742089,0.0,0.0
2020-12-03 00:00:00+09:00,39703.855180196326,39953.0418145353,39371.60345370729,39620.79296875,1536408,0.0,0.0
2020-12-04 00:00:00+09:00,39703.859654193875,40202.232979030625,39620.79743338775,39786.921875,1345252,0.0,0.0
2020-12-07 00:00:00+09:00,39869.98381544408,40036.10825588815,39537.73205385188,39703.859375,1154482,0.0,0.0
2020-12-08 00:00:00+09:00,39703.85993222445,40036.10881777555,39454.67038735704,39869.984375,1017981,0.0,0.0
2020-12-09 00:00:00+09:00,39703.85993222445,40119.17103916333,39620.79771083667,39869.984375,1284368,0.0,0.0
2020-12-10 00:00:00+09:00,39953.03653934953,40036.09873982876,39537.72265625,39537.72265625,1769399,0.0,0.0
2020-12-11 00:00:00+09:00,39953.0513928702,41365.11220668857,39869.98916151056,41032.86328125,2664024,0.0,0.0
2020-12-14 00:00:00+09:00,41115.91881526094,41780.41943860239,41032.85659743125,41365.10546875,2102276,0.0,0.0
2020-12-15 00:00:00+09:00,41448.17389312329,41531.23612339091,40700.613820714774,40866.73828125,1371403,0.0,0.0
2020-12-16 00:00:00+09:00,41032.86328125,41282.04997532893,40700.61435581142,41032.86328125,899792,0.0,0.0
2020-12-17 00:00:00+09:00,40866.73828125,41032.862741785226,40617.55159044716,40866.73828125,1029639,0.0,0.0
2020-12-18 00:00:00+09:00,40700.610206326004,41115.92132078266,40451.42065694788,40949.796875,1236301,0.0,0.0
2020-12-21 00:00:00+09:00,40866.732161771884,41531.229904409374,40783.669943942194,41365.10546875,1149852,0.0,0.0
2020-12-22 00:00:00+09:00,41198.981093058675,41282.04331100926,40534.48046875,40534.48046875,1030815,0.0,0.0
2020-12-23 00:00:00+09:00,40617.551052083334,40949.799968750005,40202.23702554564,40700.61328125,935998,0.0,0.0
2020-12-24 00:00:00+09:00,41032.86328125,41115.92551260964,40783.67658717107,41032.86328125,786362,0.0,0.0
2020-12-28 00:00:00+09:00,41282.04997532893,41282.04997532893,40866.738818530706,41032.86328125,2295398,0.0,0.0
2020-12-29 00:00:00+09:00,42464.02731561889,42464.02731561889,41498.93557825662,41674.40625,2143405,2963.6362,0.0
2020-12-30 00:00:00+09:00,41762.140625,41937.61433547972,41411.19928958776,41762.140625,1408457,0.0,0.0
2021-01-04 00:00:00+09:00,41849.87700049694,42025.34765981261,41235.726650118675,41586.66796875,1906064,0.0,0.0
2021-01-05 00:00:00+09:00,41674.407231989004,43165.9140625,41498.936556110944,43165.9140625,2960624,0.0,0.0
2021-01-06 00:00:00+09:00,43078.17873389583,44657.417859914334,42551.763663373844,43955.53515625,4016291,0.0,0.0
2021-01-07 00:00:00+09:00,44745.14968932289,47728.16007431422,44306.473033930124,47377.21875,6029446,0.0,0.0
2021-01-08 00:00:00+09:00,47289.492263920765,48166.84878158006,45973.45900881886,46499.87109375,4465381,0.0,0.0
2021-01-11 00:00:00+09:00,46061.18047194512,46148.91579298731,44394.203286597076,45183.82421875,4597252,0.0,0.0
2021-01-12 00:00:00+09:00,45447.0410232087,46412.1328276674,44043.272508893264,44481.94921875,2638366,0.0,0.0
2021-01-13 00:00:00+09:00,44920.626059090275,45797.97942192325,44569.6816711834,44745.15234375,2123726,0.0,0.0
2021-01-14 00:00:00+09:00,44745.15528295357,45359.30572005243,44218.74323067503,44832.890625,2352735,0.0,0.0
2021-01-15 00:00:00+09:00,45096.095624444744,45271.56629270314,44131.00390625,44131.00390625,2299820,0.0,0.0
2021-01-18 00:00:00+09:00,43692.321167057016,43692.321167057016,42464.02353153655,42814.96484375,2271342,0.0,0.0
2021-01-19 00:00:00+09:00,42814.96380537558,43341.37880370221,42639.49315352447,42990.4375,1832537,0.0,0.0
2021-01-20 00:00:00+09:00,43867.791922254626,44043.265621531114,42814.964940462705,43604.5859375,1947903,0.0,0.0
2021-01-21 00:00:00+09:00,43604.58510942237,45183.82707350619,43078.17314990999,44920.62109375,2376174,0.0,0.0
2021-01-22 00:00:00+09:00,45271.56538930091,45359.300721679334,44218.73835798632,44569.6796875,1647654,0.0,0.0
2021-01-25 00:00:00+09:00,44569.67602998833,46236.65329392861,44481.94070480971,46148.91796875,2086122,0.0,0.0
2021-01-26 00:00:00+09:00,45797.97738357144,45885.712715949856,44569.6796875,44569.6796875,2058355,0.0,0.0
2021-01-27 00:00:00+09:00,45008.35727861639,45447.03391990866,43867.79192570969,44043.265625,1708213,0.0,0.0
2021-01-28 00:00:00+09:00,43253.64168935619,43867.78894544174,42902.70040016445,43516.84765625,1894349,0.0,0.0
2021-01-29 00:00:00+09:00,43955.5301939905,44218.73617815059,42376.288203483185,42814.96484375,2175212,0.0,0.0
2021-02-01 00:00:00+09:00,42376.29008292027,43253.64644513905,42288.554750975745,43078.17578125,1621742,0.0,0.0
2021-02-02 00:00:00+09:00,42814.96380537558,43604.584781478865,42639.49315352447,42990.4375,1971813,0.0,0.0
2021-02-03 00:00:00+09:00,43516.84945555331,43516.84945555331,42464.02250167337,42990.4375,1863496,0.0,0.0
2021-02-04 00:00:00+09:00,43078.176810378485,44394.20986375964,42639.49709740237,43341.3828125,2094516,0.0,0.0
2021-02-05 00:00:00+09:00,43955.5286332178,45447.032199938054,43692.319615630346,45359.296875,3304537,0.0,0.0
2021-02-08 00:00:00+09:00,44832.88560683316,45008.35931405903,43955.5322845715,44218.73828125,1351560,0.0,0.0
2021-02-09 00:00:00+09:00,44394.208883407126,44569.67954761323,43429.1171875,43429.1171875,1493321,0.0,0.0
2021-02-10 00:00:00+09:00,43429.12007631709,43429.12007631709,42902.70804868291,43165.9140625,1690474,0.0,0.0
2021-02-15 00:00:00+09:00,43341.38473837806,43604.59075219515,42990.44338662194,43165.9140625,1315864,0.0,0.0
2021-02-16 00:00:00+09:00,43341.37995615897,44043.265625,43078.17397138361,44043.265625,1707690,0.0,0.0
2021-02-17 00:00:00+09:00,43955.52652138582,44394.203125,43516.846874998504,44394.203125,1714814,0.0,0.0
2021-02-18 00:00:00+09:00,44657.40908716851,45183.824054278666,44218.732483554326,44394.203125,1845691,0.0,0.0
2021-02-19 00:00:00+09:00,44394.21387677865,44481.94921875,43429.12207231995,44481.94921875,1382355,0.0,0.0
2021-02-22 00:00:00+09:00,44745.145211194285,44745.145211194285,43429.11233395206,43516.84765625,1474721,0.0,0.0
2021-02-23 00:00:00+09:00,43516.853480581005,43867.79481674302,42902.70614229748,43341.3828125,1199429,0.0,0.0
2021-02-24 00:00:00+09:00,43516.84750317708,44218.73312186483,42727.2265625,42727.2265625,1843942,0.0,0.0
2021-02-25 00:00:00+09:00,42990.44058731013,44218.73828125,42990.44058731013,44218.73828125,1520009,0.0,0.0
2021-02-26 00:00:00+09:00,43341.38185539695,43692.32318380916,42814.96682000509,43429.1171875,2536624,0.0,0.0
2021-03-02 00:00:00+09:00,43955.53222289185,44394.208883407126,43429.1171875,43429.1171875,1647969,0.0,0.0
2021-03-03 00:00:00+09:00,43516.851640500456,44306.47265625,43429.11631016978,44306.47265625,1078545,0.0,0.0
2021-03-04 00:00:00+09:00,43692.32117156205,44043.26552658508,43165.90920318759,43253.64453125,1417247,0.0,0.0
2021-03-05 00:00:00+09:00,42990.438542630116,43165.909198736845,42551.758859589914,42814.96484375,1182573,0.0,0.0
2021-03-08 00:00:00+09:00,43692.32505397557,43692.32505397557,42814.968652617936,42902.70703125,1030163,0.0,0.0
2021-03-09 00:00:00+09:00,43516.84765625,43692.318300845865,42464.02074590158,43516.84765625,1401527,0.0,0.0
2021-03-10 00:00:00+09:00,43692.326099602134,44043.27049420804,43341.38474776996,43955.53515625,1207322,0.0,0.0
2021-03-11 00:00:00+09:00,44131.00199558865,45096.093671999544,43867.79296182315,44306.47265625,2451063,0.0,0.0
2021-03-12 00:00:00+09:00,44745.15234375,45447.03807679006,44657.4170074667,44745.15234375,1316623,0.0,0.0
2021-03-15 00:00:00+09:00,45096.09765625,45096.09765625,44481.94724690147,45096.09765625,791236,0.0,0.0
2021-03-16 00:00:00+09:00,45271.561442941376,45271.561442941376,44657.41112705488,45008.35546875,1046206,0.0,0.0
2021-03-17 00:00:00+09:00,45183.82421875,45447.03018187659,44920.618255623405,45183.82421875,931502,0.0,0.0
2021-03-18 00:00:00+09:00,45183.83299433211,45622.50968474267,45096.09765625,45096.09765625,896960,0.0,0.0
2021-03-19 00:00:00+09:00,44745.153306921864,45096.097702383064,44218.74127789068,44657.41796875,1092391,0.0,0.0
2021-03-22 00:00:00+09:00,44569.67674463507,44920.62109375,44218.73543829349,44920.62109375,586781,0.0,0.0
2021-03-23 00:00:00+09:00,45096.09759247828,45359.30360635241,43780.06143756017,43955.53515625,1368460,0.0,0.0
2021-03-24 00:00:00+09:00,43604.58498616261,44218.73531329767,43604.58498616261,43692.3203125,1050401,0.0,0.0
2021-03-25 00:00:00+09:00,43780.06344020534,44481.94921875,43692.32809823399,44481.94921875,937228,0.0,0.0
2021-03-26 00:00:00+09:00,45183.826681951796,48780.98416910079,45008.3560303016,48079.1015625,4891748,0.0,0.0
2021-03-29 00:00:00+09:00,47903.628712726575,48605.51437447653,47026.275439005854,47201.74609375,1747664,0.0,0.0
2021-03-30 00:00:00+09:00,47728.16297993831,48254.57804123055,47026.28028858024,47114.015625,1208778,0.0,0.0
2021-03-31 00:00:00+09:00,47377.21788127841,48868.7215250387,47114.01189286896,48254.57421875,2026925,0.0,0.0
2021-04-01 00:00:00+09:00,48780.98236390671,49307.397342150056,47815.890772771585,48605.51171875,1501827,0.0,0.0
2021-04-02 00:00:00+09:00,48956.45021816989,49395.12984882677,48605.508947862814,49307.39453125,1243155,0.0,0.0
2021-04-05 00:00:00+09:00,49044.192361036556,49219.66606338312,48166.839063171006,48956.45703125,899659,0.0,0.0
2021-04-06 00:00:00+09:00,48868.72169730205,49921.54869742451,48605.51570796479,49395.13671875,1056474,0.0,0.0
2021-04-07 00:00:00+09:00,49395.12984882677,49482.86516640354,48605.508947862814,49307.39453125,975068,0.0,0.0
2021-04-08 00:00:00+09:00,49921.54366973795,50097.01735439731,49131.92578125,49131.92578125,1557938,0.0,0.0
2021-04-09 00:00:00+09:00,49131.93161226269,49395.13760632948,48254.57525593321,48517.78125,1473021,0.0,0.0
2021-04-12 00:00:00+09:00,48956.45805426717,49833.81441323983,48605.516727787515,49658.34375,1080636,0.0,0.0
2021-04-13 00:00:00+09:00,50447.961466910674,52904.55971938455,50360.226141048035,52641.34765625,2844868,0.0,0.0
2021-04-14 00:00:00+09:00,51939.46963680852,52027.20497042023,50886.64259069448,51500.79296875,1945111,0.0,0.0
2021-04-15 00:00:00+09:00,52378.1424495874,53518.70778813572,51588.52450520168,52729.08984375,2490417,0.0,0.0
2021-04-16 00:00:00+09:00,53167.76361359948,54220.58748269637,52465.87494865515,52992.29296875,1481397,0.0,0.0
2021-04-19 00:00:00+09:00,53080.03412118327,53167.769453244364,52202.6747150253,52816.828125,1063030,0.0,0.0
2021-04-20 00:00:00+09:00,52290.40638291889,53781.913008989526,52202.67105700572,53518.70703125,986658,0.0,0.0
2021-04-21 00:00:00+09:00,53255.49893602422,53606.440225723185,52465.87494865515,52992.29296875,867129,0.0,0.0
2021-04-22 00:00:00+09:00,53430.972939719155,54571.53220294007,52729.09031619859,54483.796875,1280635,0.0,0.0
2021-04-23 00:00:00+09:00,54483.791053429166,55624.356280327935,54132.84977916682,55185.6796875,1269865,0.0,0.0
2021-04-26 00:00:00+09:00,54922.48158843741,55536.62890625,54396.063516193906,55536.62890625,1097430,0.0,0.0
2021-04-27 00:00:00+09:00,55712.100604752,55975.306602995995,55097.953275516,55799.8359375,857509,0.0,0.0
2021-04-28 00:00:00+09:00,55536.625951448164,55975.30258368899,54922.47866631102,55448.890625,886413,0.0,0.0
2021-04-29 00:00:00+09:00,55097.94789327568,55361.15386580842,52992.294027467266,53255.5,1281802,0.0,0.0
2021-04-30 00:00:00+09:00,53080.029351644844,53518.70597253274,51763.99340343464,53255.5,1295675,0.0,0.0
2021-05-03 00:00:00+09:00,53080.03229412649,54132.85624262053,52641.34956337378,53343.23828125,923169,0.0,0.0
2021-05-04 00:00:00+09:00,56413.982069088524,56501.71739997393,52816.82741723965,53957.38671875,2319139,0.0,0.0
2021-05-06 00:00:00+09:00,54308.3203125,55536.62085561674,53957.379038908395,54308.3203125,1717065,0.0,0.0
2021-05-07 00:00:00+09:00,54747.01171875,55010.217715908555,54483.79963604436,54747.01171875,905066,0.0,0.0
2021-05-10 00:00:00+09:00,54571.53425828586,55887.5703125,54571.53425828586,55887.5703125,1185481,0.0,0.0
2021-05-11 00:00:00+09:00,55361.15643648765,57028.13375881378,54659.2677249285,56063.0390625,1898690,0.0,0.0
2021-05-12 00:00:00+09:00,56063.03984561114,56326.24583404234,53869.65052313761,54396.0625,1841016,0.0,0.0
2021-05-13 00:00:00+09:00,54132.86121761777,55273.42668552176,53781.91986920036,54834.75,1396138,0.0,0.0
2021-05-14 00:00:00+09:00,55185.69050865361,56764.92655250062,55185.69050865361,55624.3671875,1418263,0.0,0.0
2021-05-17 00:00:00+09:00,55536.62169144429,55975.29829003589,53343.23261294008,53869.64453125,1248899,0.0,0.0
2021-05-18 00:00:00+09:00,54220.59463877058,54571.53597478704,53080.03529671708,53781.91796875,1276520,0.0,0.0
2021-05-20 00:00:00+09:00,53255.50304155816,53957.3856750651,52816.826395616314,53694.1796875,1103143,0.0,0.0
2021-05-21 00:00:00+09:00,53869.643720510496,55273.414900423035,53781.9084021126,54308.3203125,1730347,0.0,0.0
2021-05-24 00:00:00+09:00,53694.17318633888,55448.88564319676,53694.17318633888,55185.6796875,1337026,0.0,0.0
2021-05-25 00:00:00+09:00,54747.0234390752,55624.3769507622,54659.28200235811,55097.96484375,1476936,0.0,0.0
2021-05-26 00:00:00+09:00,55010.21700005524,56677.188293700274,54834.74633756629,55887.5703125,1414747,0.0,0.0
2021-05-27 00:00:00+09:00,55712.092927957034,56238.5048519086,54922.47504202968,56150.76953125,1874226,0.0,0.0
2021-05-28 00:00:00+09:00,56677.191216731335,57379.07998843289,55536.63185173072,55624.3671875,1145151,0.0,0.0
2021-05-31 00:00:00+09:00,55887.57319480784,56501.72054519278,55536.63185173072,55624.3671875,693983,0.0,0.0
2021-06-01 00:00:00+09:00,55975.30484946168,57817.75286499856,55624.3635294636,57554.546875,1401479,0.0,0.0
2021-06-02 00:00:00+09:00,57203.60564020835,58344.164931901025,57028.134979947936,57905.48828125,1028973,0.0,0.0
2021-06-03 00:00:00+09:00,57817.74015266849,58256.41670621471,57028.12235628529,57642.26953125,1125676,0.0,0.0
2021-06-04 00:00:00+09:00,56852.66512389587,57466.812443494724,56150.77638737873,56238.51171875,1156688,0.0,0.0
2021-06-07 00:00:00+09:00,56589.44732374537,56940.39469930103,56150.7707112338,56764.91796875,1114006,0.0,0.0
2021-06-08 00:00:00+09:00,56940.39956500335,57730.01753499904,56852.664235003824,57554.546875,1198381,0.0,0.0
2021-06-09 00:00:00+09:00,57379.07716854247,57730.0184943726,56589.45309987766,57466.8125,1215539,0.0,0.0
2021-06-10 00:00:00+09:00,59309.25956053735,59572.46555053592,57554.546875,57554.546875,2234684,0.0,0.0
2021-06-11 00:00:00+09:00,58607.375,59572.469784127316,58431.904327530916,58607.375,1541264,0.0,0.0
2021-06-14 00:00:00+09:00,58782.8397470627,59046.05181478148,57817.75114576525,58431.8984375,706750,0.0,0.0
2021-06-15 00:00:00+09:00,58607.370922291644,58958.3183283594,57554.546960729174,57905.48828125,621682,0.0,0.0
2021-06-16 00:00:00+09:00,57554.546875,57905.488194998085,57379.076215000954,57554.546875,770581,0.0,0.0
2021-06-17 00:00:00+09:00,57203.6065056274,58168.69515166026,57203.6065056274,57466.8125,1044390,0.0,0.0
2021-06-18 00:00:00+09:00,57379.08299661894,57642.28901772575,56852.670954405316,57291.34765625,1708040,0.0,0.0
2021-06-21 00:00:00+09:00,56677.179552100504,57115.86222620971,56063.032328112124,56326.23828125,1399361,0.0,0.0
2021-06-22 00:00:00+09:00,56413.97359896263,56677.179552100504,56150.76764582475,56326.23828125,706319,0.0,0.0
2021-06-23 00:00:00+09:00,56413.97756206887,57642.278181880356,56063.03626656458,57203.6015625,818813,0.0,0.0
2021-06-24 00:00:00+09:00,56940.3975840142,58080.95683432727,56501.71486373169,57379.07421875,808869,0.0,0.0
2021-06-25 00:00:00+09:00,57115.876975512125,57554.55367735682,56852.670954405316,57291.34765625,672017,0.0,0.0
2021-06-28 00:00:00+09:00,57115.871253613484,57817.75390625,56852.66525887479,57817.75390625,785204,0.0,0.0
2021-06-29 00:00:00+09:00,57756.44591096977,58022.60385384816,57401.5625,57401.5625,715943,823.2323,0.0
2021-06-30 00:00:00+09:00,57312.83140130442,57578.99544325397,56780.515625,56780.515625,884628,0.0,0.0
2021-07-01 00:00:00+09:00,56780.529108689414,56869.24842580835,55715.89730326212,55893.3359375,843028,0.0,0.0
2021-07-02 00:00:00+09:00,56159.4938256735,56780.52904480738,56070.77450865437,56514.37109375,527469,0.0,0.0
2021-07-05 00:00:00+09:00,56691.806372806335,56869.24499634389,56336.92912573122,56425.6484375,431711,0.0,0.0
2021-07-06 00:00:00+09:00,56780.526818745486,56957.965445827314,56248.2109375,56248.2109375,533133,0.0,0.0
2021-07-07 00:00:00+09:00,55982.05190487065,56248.20984030161,55538.455345819035,55804.61328125,733256,0.0,0.0
2021-07-08 00:00:00+09:00,55538.45642917269,56336.93025104092,55538.45642917269,56248.2109375,874089,0.0,0.0
2021-07-09 00:00:00+09:00,56691.81354131466,57579.012924984534,56248.216926379326,57135.41015625,1628104,0.0,0.0
2021-07-12 00:00:00+09:00,57490.29400694011,58200.04859583593,57224.12988230494,57933.890625,794712,0.0,0.0
2021-07-13 00:00:00+09:00,57933.88002099624,58554.9151726081,57490.28348413063,57756.44140625,900725,0.0,0.0
2021-07-14 00:00:00+09:00,57312.83140130442,57667.7147393047,56780.515625,56780.515625,699873,0.0,0.0
2021-07-15 00:00:00+09:00,57046.67351315221,57401.55069735516,56425.63844079705,56780.515625,742312,0.0,0.0
2021-07-16 00:00:00+09:00,56603.09421832759,57401.568125211204,56425.65557235346,57135.41015625,489331,0.0,0.0
2021-07-19 00:00:00+09:00,56780.53326424505,58377.487243059884,56780.53326424505,57933.890625,647140,0.0,0.0
2021-07-20 00:00:00+09:00,57667.727694463385,57845.16632642676,56780.528380847754,57490.2890625,740203,0.0,0.0
2021-07-21 00:00:00+09:00,57046.686541177885,57667.727909160574,54917.4167958913,55361.01953125,1867030,0.0,0.0
2021-07-22 00:00:00+09:00,55361.012837976115,56070.76728266112,54473.81362832187,54917.41015625,1636037,0.0,0.0
2021-07-23 00:00:00+09:00,55006.13057379097,55006.13057379097,53764.06027048361,54118.9375,1642722,0.0,0.0
2021-07-26 00:00:00+09:00,54296.38443485406,54828.70036069797,53586.62986706218,54651.26171875,734637,0.0,0.0
2021-07-27 00:00:00+09:00,54651.2544737006,54917.412401338326,53852.780690787426,53941.5,621415,0.0,0.0
2021-07-28 00:00:00+09:00,53941.50762055125,55183.578125,53764.068977058574,55183.578125,829032,0.0,0.0
2021-07-29 00:00:00+09:00,55272.29349663954,55893.334858279486,55183.57418123364,55449.73828125,647318,0.0,0.0
2021-07-30 00:00:00+09:00,55361.01857909295,55361.01857909295,53409.1875,53409.1875,1492624,0.0,0.0
2021-08-02 00:00:00+09:00,53675.34431291596,53941.502251663835,52610.70640412596,53586.625,916568,0.0,0.0
2021-08-03 00:00:00+09:00,53675.35144580919,54562.54469286749,53497.912796397526,54296.38671875,501712,0.0,0.0
2021-08-04 00:00:00+09:00,53852.789526140186,54562.544116286605,53409.19290729867,54385.10546875,623049,0.0,0.0
2021-08-05 00:00:00+09:00,54296.3861449817,54917.421411359814,54030.22817367679,54385.10546875,549110,0.0,0.0
2021-08-06 00:00:00+09:00,54207.65625,54651.25278233429,53764.0597176657,54207.65625,558499,0.0,0.0
2021-08-09 00:00:00+09:00,54118.94087749575,54207.66019041171,53409.18637416808,53586.625,568180,0.0,0.0
2021-08-10 00:00:00+09:00,53675.3515625,54118.94818699353,53320.474262905176,53675.3515625,538349,0.0,0.0
2021-08-11 00:00:00+09:00,53941.50235355282,54207.66029280344,51812.23268574938,52078.390625,1443846,0.0,0.0
2021-08-12 00:00:00+09:00,54562.53897339236,55538.4575966559,53497.90718852159,55449.73828125,3052529,0.0,0.0
2021-08-13 00:00:00+09:00,55627.18274313676,55627.18274313676,54118.94806933834,54296.38671875,1233841,0.0,0.0
2021-08-17 00:00:00+09:00,54296.384870569374,54562.54283562718,51634.799066192194,51900.95703125,2111629,0.0,0.0
2021-08-18 00:00:00+09:00,52255.828125,53320.46601285693,52255.828125,52255.828125,1328316,0.0,0.0
2021-08-19 00:00:00+09:00,52344.54775654471,52699.42500340291,51457.3515625,51457.3515625,1103174,0.0,0.0
2021-08-20 00:00:00+09:00,51723.51405331296,51812.23336756398,50126.560242995896,50481.4375,1789464,0.0,0.0
2021-08-23 00:00:00+09:00,51634.79849840854,52521.99170551219,50925.0408558261,51989.67578125,1209888,0.0,0.0
2021-08-24 00:00:00+09:00,52078.3878333611,52876.86160831111,51900.949216705536,52521.984375,985855,0.0,0.0
2021-08-25 00:00:00+09:00,52788.14455988142,53409.18589856127,51900.95143862225,52167.109375,1165607,0.0,0.0
2021-08-26 00:00:00+09:00,52965.590389009245,53320.473839585924,51279.92015241695,51546.078125,1449218,0.0,0.0
2021-08-27 00:00:00+09:00,51723.51484870668,51989.67279555268,50925.03793126933,51102.4765625,974207,0.0,0.0
2021-08-30 00:00:00+09:00,51812.23494194688,52078.39289278752,51191.19664641934,51723.515625,1621472,0.0,0.0
2021-08-31 00:00:00+09:00,51812.23920283521,54207.66711119277,51368.639504721075,52876.87109375,13929807,0.0,0.0
2021-09-01 00:00:00+09:00,53497.906643889386,55715.89566025539,53320.46801488399,55538.45703125,3442170,0.0,0.0
2021-09-02 00:00:00+09:00,55094.85832361992,55538.4610822889,54473.82307680203,54651.26171875,1507478,0.0,0.0
2021-09-03 00:00:00+09:00,54562.533475867436,54917.41070173487,53764.0597176657,54207.65625,1185974,0.0,0.0
2021-09-06 00:00:00+09:00,54118.94806933834,55183.5799658083,53497.912796397526,54296.38671875,1221731,0.0,0.0
2021-09-07 00:00:00+09:00,53941.500008333984,54562.53517291796,53143.020071499195,53320.46484375,1253867,0.0,0.0
2021-09-08 00:00:00+09:00,53143.01896046599,54296.37611009327,53143.01896046599,53497.90234375,1475396,0.0,0.0
2021-09-09 00:00:00+09:00,53586.62165112147,54473.814724836215,53409.18303637852,53497.90234375,2172792,0.0,0.0
2021-09-10 00:00:00+09:00,53852.78509719686,54917.41689485939,53675.3464642531,54473.8203125,1036781,0.0,0.0
2021-09-13 00:00:00+09:00,54030.22886209483,54385.106161689655,53497.91291270259,53675.3515625,766572,0.0,0.0
2021-09-14 00:00:00+09:00,53941.496647448526,54562.53177333821,53675.33873635295,53852.77734375,630107,0.0,0.0
2021-09-15 00:00:00+09:00,53675.34318894184,54207.65905529078,53497.90456682553,53764.0625,772974,0.0,0.0
2021-09-16 00:00:00+09:00,53764.063625831914,54207.66019041171,53586.625,53586.625,543010,0.0,0.0
2021-09-17 00:00:00+09:00,53586.62612957221,53941.503388716636,53320.46818521389,53409.1875,1161545,0.0,0.0
2021-09-23 00:00:00+09:00,53054.30181692368,55183.57143447982,52965.58250593377,55006.1328125,1468089,0.0,0.0
2021-09-24 00:00:00+09:00,55094.85381737026,55361.01791232151,54562.53793506487,54739.9765625,786637,0.0,0.0
2021-09-27 00:00:00+09:00,54562.543184381524,57579.012448582296,54562.543184381524,56603.09375,1857858,0.0,0.0
2021-09-28 00:00:00+09:00,56425.65126860091,56869.24784970182,55893.33537127982,55982.0546875,1376180,0.0,0.0
2021-09-29 00:00:00+09:00,55920.0227434161,57894.72710597915,55740.50473099348,57266.4140625,1663537,823.2323,0.0
2021-09-30 00:00:00+09:00,57625.45144289903,59061.60180197756,57445.93342625352,58164.01171875,2366266,0.0,0.0
2021-10-01 00:00:00+09:00,58074.258708571244,58882.096179432294,57804.9816269228,58702.578125,1366840,0.0,0.0
2021-10-05 00:00:00+09:00,58074.238755892315,59061.59394195812,57176.64879211758,57445.92578125,2209123,0.0,0.0
2021-10-06 00:00:00+09:00,57625.44909183883,57984.485110481546,56458.58203125,56458.58203125,1458837,0.0,0.0
2021-10-07 00:00:00+09:00,56997.13365977821,57535.687665070516,56368.82065360385,56638.09765625,1324170,0.0,0.0
2021-10-08 00:00:00+09:00,56368.8298651153,56638.10691176535,54214.607265999904,54663.40234375,1985166,0.0,0.0
2021-10-12 00:00:00+09:00,54663.40022152204,55650.74935423984,53945.328125,53945.328125,1677299,0.0,0.0
2021-10-13 00:00:00+09:00,54304.36328125,55022.43536597688,53945.32723888655,54304.36328125,1328711,0.0,0.0
2021-10-14 00:00:00+09:00,54663.39932361344,54932.67635538602,53676.043981199386,54304.36328125,1637333,0.0,0.0
2021-10-15 00:00:00+09:00,54124.84576017532,54573.640817276435,53765.80348857978,53855.5625,1596843,0.0,0.0
2021-10-18 00:00:00+09:00,53945.32161196861,54035.08061319691,52598.93036763022,53137.484375,1812734,0.0,0.0
2021-10-19 00:00:00+09:00,53496.519873862344,54573.63410432686,53227.24287272468,53765.796875,1399414,0.0,0.0
2021-10-20 00:00:00+09:00,53855.558263076106,53945.323493348966,52957.96821948907,53586.28125,1556171,0.0,0.0
2021-10-21 00:00:00+09:00,53855.56339540021,54394.123698790274,53227.25030501234,53496.52734375,1841549,0.0,0.0
2021-10-22 00:00:00+09:00,53676.03866039819,56279.062161329675,53586.27965870497,56009.78515625,2795251,0.0,0.0
2021-10-25 00:00:00+09:00,56638.098630017135,57176.65264456869,54753.15335317267,55560.984375,5550661,0.0,0.0
2021-10-26 00:00:00+09:00,55560.984375,55560.984375,55560.984375,55560.984375,0,0.0,0.0
2021-10-27 00:00:00+09:00,55560.984375,55560.984375,55560.984375,55560.984375,0,0.0,0.0
2021-10-28 00:00:00+09:00,55560.984375,55560.984375,55560.984375,55560.984375,0,0.0,5.0
2021-10-29 00:00:00+09:00,55560.984375,55560.984375,55560.984375,55560.984375,0,0.0,0.0
2021-11-01 00:00:00+09:00,55560.984375,55560.984375,55560.984375,55560.984375,0,0.0,0.0
2021-11-02 00:00:00+09:00,55560.984375,55560.984375,55560.984375,55560.984375,0,0.0,0.0
2021-11-03 00:00:00+09:00,55560.984375,55560.984375,55560.984375,55560.984375,0,0.0,0.0
2021-11-04 00:00:00+09:00,55560.984375,55560.984375,55560.984375,55560.984375,0,0.0,0.0
2021-11-05 00:00:00+09:00,55560.984375,55560.984375,55560.984375,55560.984375,0,0.0,0.0
2021-11-08 00:00:00+09:00,55560.984375,55560.984375,55560.984375,55560.984375,0,0.0,0.0
2021-11-09 00:00:00+09:00,55560.984375,55560.984375,55560.984375,55560.984375,0,0.0,0.0
2021-11-10 00:00:00+09:00,55560.984375,55560.984375,55560.984375,55560.984375,0,0.0,0.0
2021-11-11 00:00:00+09:00,55560.984375,55560.984375,55560.984375,55560.984375,0,0.0,0.0
2021-11-12 00:00:00+09:00,55560.984375,55560.984375,55560.984375,55560.984375,0,0.0,0.0
2021-11-15 00:00:00+09:00,55560.984375,55560.984375,55560.984375,55560.984375,0,0.0,0.0
2021-11-16 00:00:00+09:00,55560.984375,55560.984375,55560.984375,55560.984375,0,0.0,0.0
2021-11-17 00:00:00+09:00,55560.984375,55560.984375,55560.984375,55560.984375,0,0.0,0.0
2021-11-18 00:00:00+09:00,55560.984375,55560.984375,55560.984375,55560.984375,0,0.0,0.0
2021-11-19 00:00:00+09:00,55560.984375,55560.984375,55560.984375,55560.984375,0,0.0,0.0
2021-11-22 00:00:00+09:00,55560.984375,55560.984375,55560.984375,55560.984375,0,0.0,0.0
2021-11-23 00:00:00+09:00,55560.984375,55560.984375,55560.984375,55560.984375,0,0.0,0.0
2021-11-24 00:00:00+09:00,55560.984375,55560.984375,55560.984375,55560.984375,0,0.0,0.0
2021-11-25 00:00:00+09:00,55560.984375,55560.984375,55560.984375,55560.984375,0,0.0,0.0
2021-11-26 00:00:00+09:00,55560.984375,55560.984375,55560.984375,55560.984375,0,0.0,0.0
2021-11-29 00:00:00+09:00,42555.36945433938,47815.02185880829,39845.85154900691,46141.49609375,11028540,0.0,3.03681
2021-11-30 00:00:00+09:00,45503.96076548165,45583.65246559633,43033.5180619266,43431.9765625,4709252,0.0,0.0
2021-12-01 00:00:00+09:00,43352.292353479854,44228.901206215654,41917.84150354853,43511.67578125,2374823,0.0,0.0
2021-12-02 00:00:00+09:00,42714.75248194946,44308.586529783395,42635.06077955776,44149.203125,1402831,0.0,0.0
2021-12-03 00:00:00+09:00,44707.044804962585,45424.27012268926,43989.819487235916,45264.88671875,1422693,0.0,0.0
2021-12-06 00:00:00+09:00,44946.11924932675,45344.57775331014,43830.43543817325,44388.27734375,1228089,0.0,0.0
2021-12-07 00:00:00+09:00,44388.27704973118,44707.04385080645,43989.81854838709,44467.96875,1226437,0.0,0.0
2021-12-08 00:00:00+09:00,44388.2870278471,44946.12905512704,43830.44500056715,43910.13671875,1141535,0.0,0.0
2021-12-09 00:00:00+09:00,43989.82983005367,44547.671875,43431.98778510733,44547.671875,1291113,0.0,0.0
2021-12-10 00:00:00+09:00,44388.27704973118,44866.42725134408,43910.12684811828,44467.96875,709057,0.0,0.0
2021-12-13 00:00:00+09:00,44467.9681640625,45583.651953125,44308.584765625,44627.3515625,1006317,0.0,0.0
2021-12-14 00:00:00+09:00,44308.584185943066,44786.734375,44069.50909141459,44786.734375,764960,0.0,0.0
2021-12-15 00:00:00+09:00,44467.9681640625,45185.19345703125,44308.584765625,44627.3515625,748930,0.0,0.0
2021-12-16 00:00:00+09:00,45822.73460791099,46938.41858097317,45264.8926213799,46779.03515625,1818142,0.0,0.0
2021-12-17 00:00:00+09:00,46779.02489993842,49090.08405172414,46779.02489993842,48532.2421875,1924844,0.0,0.0
2021-12-20 00:00:00+09:00,48851.00867699795,49408.850537909835,48213.47512167008,48611.93359375,829333,0.0,0.0
2021-12-21 00:00:00+09:00,49010.39365898058,49807.31062904531,48771.31856796116,49249.46875,1199899,0.0,0.0
2021-12-22 00:00:00+09:00,49249.474166333865,50046.39122404154,49169.7824605631,49887.0078125,964673,0.0,0.0
2021-12-23 00:00:00+09:00,49727.616327751195,50285.45817758174,49408.84955641946,49966.69140625,617366,0.0,0.0
2021-12-24 00:00:00+09:00,49966.69828808752,50205.773399513775,48930.70613857374,49169.78125,812897,0.0,0.0
2021-12-27 00:00:00+09:00,49169.78244800163,49249.47415375204,48213.48197899674,48851.015625,806214,0.0,0.0
2021-12-28 00:00:00+09:00,48930.7073307504,49169.78244800163,48691.63221349918,48851.015625,1066752,0.0,0.0
2021-12-29 00:00:00+09:00,48982.06508629931,49063.974894135936,47589.59835307676,47753.41796875,1356361,1660.0,0.0
2021-12-30 00:00:00+09:00,47671.51461301814,47753.424431940846,46852.41642379102,47425.78515625,840690,0.0,0.0
2022-01-04 00:00:00+09:00,46688.59832550262,46852.41796875,46115.22957413681,46852.41796875,957080,0.0,0.0
2022-01-05 00:00:00+09:00,46606.68065903731,48244.87681576973,46524.77085120069,47753.41796875,1213826,0.0,0.0
2022-01-06 00:00:00+09:00,47671.51461301814,48244.883345477116,47180.05569948187,47425.78515625,953429,0.0,0.0
2022-01-07 00:00:00+09:00,47016.242838541664,47425.7919921875,45869.505208333336,46197.14453125,921007,0.0,0.0
2022-01-10 00:00:00+09:00,45869.49778761061,46770.50577986726,45459.94870022123,46279.046875,705212,0.0,0.0
2022-01-11 00:00:00+09:00,45869.49677491104,46606.68511593639,45541.857512233095,46033.31640625,643813,0.0,0.0
2022-01-12 00:00:00+09:00,46033.30823863636,46360.947443181816,45705.66903409091,45951.3984375,899772,0.0,0.0
2022-01-13 00:00:00+09:00,45951.4108223246,46279.0501151754,45869.5009991119,46115.23046875,714315,0.0,0.0
2022-01-14 00:00:00+09:00,45623.7715294738,46524.7795848135,45459.9518830484,46115.23046875,628223,0.0,0.0
2022-01-17 00:00:00+09:00,46279.04051859319,46524.76993727599,45623.762068772405,45705.671875,464691,0.0,0.0
2022-01-18 00:00:00+09:00,45787.58695924155,46606.68511593639,45541.857512233095,46033.31640625,934247,0.0,0.0
2022-01-19 00:00:00+09:00,45787.5816812276,46360.95032482079,45214.213037634414,45705.671875,788634,0.0,0.0
2022-01-20 00:00:00+09:00,46033.31456316021,46606.68324988996,45705.67531360035,46524.7734375,675707,0.0,0.0
2022-01-21 00:00:00+09:00,46115.22606484512,47016.23403414049,45705.67698789267,46934.32421875,758372,0.0,0.0
2022-01-24 00:00:00+09:00,46852.4188776643,46934.328700877,46115.23046875,46115.23046875,540013,0.0,0.0
2022-01-25 00:00:00+09:00,45705.6813526865,46606.6894080262,45459.9518830484,46115.23046875,739638,0.0,0.0
2022-01-26 00:00:00+09:00,46115.23046875,46115.23046875,46115.23046875,46115.23046875,0,0.0,0.0
2022-01-27 00:00:00+09:00,45951.416026182436,46360.96518862613,45050.40786880631,45459.95703125,917325,0.0,0.0
2022-01-28 00:00:00+09:00,46033.324869791664,46197.14453125,45050.406901041664,46197.14453125,1076375,0.0,0.0
2022-02-03 00:00:00+09:00,45869.5009991119,46934.328700877,45787.5911758992,46115.23046875,1169316,0.0,0.0
2022-02-04 00:00:00+09:00,46279.054361979164,46442.8740234375,45951.4150390625,46197.14453125,775347,0.0,0.0
2022-02-07 00:00:00+09:00,46115.227422721124,46279.047058325814,44886.58015568592,45378.0390625,1054979,0.0,0.0
2022-02-08 00:00:00+09:00,45378.0390625,45378.0390625,45378.0390625,45378.0390625,0,0.0,0.0
2022-02-09 00:00:00+09:00,45378.0390625,45378.0390625,45378.0390625,45378.0390625,0,0.0,0.0
2022-02-10 00:00:00+09:00,45869.49471672662,46115.22415270909,45214.216220773385,45541.85546875,1144645,0.0,0.0
2022-02-11 00:00:00+09:00,45050.40592270036,45378.04523850182,44886.58626479963,44968.49609375,827091,0.0,0.0
2022-02-14 00:00:00+09:00,44968.49151622486,45132.31115744972,44558.9424131627,44804.671875,489020,0.0,0.0
2022-02-15 00:00:00+09:00,44968.48793909672,45296.127195483576,44558.938868613135,44886.578125,552983,0.0,0.0
2022-02-16 00:00:00+09:00,45541.85835782097,45541.85835782097,44968.489637488696,45296.12890625,452892,0.0,0.0
2022-02-17 00:00:00+09:00,45459.95703125,45787.59636120496,45132.31770129505,45459.95703125,541061,0.0,0.0
2022-02-18 00:00:00+09:00,45459.94751420454,45459.94751420454,44968.488622159086,45050.3984375,262007,0.0,0.0
2022-02-21 00:00:00+09:00,45050.3984375,45050.3984375,45050.3984375,45050.3984375,0,0.0,0.0
2022-02-22 00:00:00+09:00,45050.3984375,45050.3984375,45050.3984375,45050.3984375,0,0.0,0.0
2022-02-23 00:00:00+09:00,45050.3984375,45050.3984375,45050.3984375,45050.3984375,0,0.0,0.0
2022-02-24 00:00:00+09:00,44722.75967881944,44804.66949508102,44067.48114872685,44231.30078125,618172,0.0,0.0
2022-02-25 00:00:00+09:00,44313.20633551716,44558.935760667904,43985.56710198284,44149.38671875,330995,0.0,0.0
2022-02-28 00:00:00+09:00,44149.38671875,44149.38671875,44149.38671875,44149.38671875,0,0.0,0.0
2022-03-02 00:00:00+09:00,44477.0280318234,45214.21634174312,44231.298595183485,44640.84765625,694441,0.0,0.0
2022-03-03 00:00:00+09:00,44722.766606898906,45132.31575165073,44722.766606898906,44968.49609375,432559,0.0,0.0
2022-03-04 00:00:00+09:00,44968.49609375,44968.49609375,44968.49609375,44968.49609375,0,0.0,0.0
2022-03-07 00:00:00+09:00,45541.865885416664,46360.964192708336,45378.046223958336,46197.14453125,737099,0.0,0.0
2022-03-08 00:00:00+09:00,46279.04585325845,46688.594931605876,45378.03788089413,46033.31640625,688113,0.0,0.0
2022-03-10 00:00:00+09:00,46033.31640625,46033.31640625,46033.31640625,46033.31640625,0,0.0,0.0
2022-03-11 00:00:00+09:00,46033.31640625,46033.31640625,46033.31640625,46033.31640625,0,0.0,0.0
2022-03-14 00:00:00+09:00,46770.50362958474,48982.068599810285,46770.50362958474,48572.51953125,856350,0.0,0.0
2022-03-15 00:00:00+09:00,48572.51953125,48572.51953125,48572.51953125,48572.51953125,0,0.0,0.0
2022-03-16 00:00:00+09:00,48572.51953125,48572.51953125,48572.51953125,48572.51953125,0,0.0,0.0
2022-03-17 00:00:00+09:00,48572.51953125,48572.51953125,48572.51953125,48572.51953125,0,0.0,0.0
2022-03-18 00:00:00+09:00,46852.41324225473,47589.6015625,46442.8641754518,47589.6015625,834171,0.0,0.0
2022-03-21 00:00:00+09:00,47589.6015625,47589.6015625,47589.6015625,47589.6015625,0,0.0,0.0
2022-03-22 00:00:00+09:00,46524.778682255244,47343.87689849213,46524.778682255244,46852.41796875,408999,0.0,0.0
2022-03-23 00:00:00+09:00,47343.872122418245,47917.240815942336,47180.05249569707,47589.6015625,468144,0.0,0.0
2022-03-24 00:00:00+09:00,47589.60274187391,47671.5125572644,46934.32421875,46934.32421875,337610,0.0,0.0
2022-03-25 00:00:00+09:00,46852.413377192985,47261.96244517544,46360.95449561404,46688.59375,468127,0.0,0.0
2022-03-28 00:00:00+09:00,46770.5069369612,47671.51495150862,46524.777478448275,47507.6953125,459120,0.0,0.0
2022-03-29 00:00:00+09:00,47917.237584423245,48162.967007933104,47671.50816091338,47753.41796875,575817,0.0,0.0
2022-03-30 00:00:00+09:00,48110.722850521764,48276.90842168073,46615.05271009103,46781.23828125,930642,830.0,0.0
2022-03-31 00:00:00+09:00,46864.32518673111,47362.88183765378,46698.139636423555,47279.7890625,474771,0.0,0.0
2022-04-01 00:00:00+09:00,46781.23529010052,47529.0703125,46698.14250983392,47529.0703125,488696,0.0,0.0
2022-04-04 00:00:00+09:00,47445.97077323718,48609.26953125,47196.69246794872,48609.26953125,609911,0.0,0.0
2022-04-05 00:00:00+09:00,48193.81742850953,48276.91021717938,47695.26069649047,47944.5390625,314559,0.0,0.0
2022-04-06 00:00:00+09:00,47944.53319300518,48276.90430699482,47445.97652202073,48110.71875,339576,0.0,0.0
2022-04-07 00:00:00+09:00,47529.07025862069,48359.99806034483,47529.07025862069,48193.8125,550329,0.0,0.0
2022-04-08 00:00:00+09:00,48609.277182334714,50271.1328125,48443.091619318184,50271.1328125,1380058,0.0,0.0
2022-04-11 00:00:00+09:00,49772.579712499995,52016.084975,49440.208562499996,51932.9921875,1200157,0.0,0.0
2022-04-12 00:00:00+09:00,51517.528249999996,52431.5489125,50769.6931625,51932.9921875,1035731,0.0,0.0
2022-04-13 00:00:00+09:00,52265.36148373984,52431.54705284553,51102.0625,51102.0625,634856,0.0,0.0
2022-04-14 00:00:00+09:00,50935.87506456612,50935.87506456612,49357.112215909096,50271.1328125,1160788,0.0,0.0
2022-04-15 00:00:00+09:00,49855.66701680672,50021.85257352941,48609.27534138655,49440.203125,1083415,0.0,0.0
2022-04-18 00:00:00+09:00,49107.83103182483,49938.758798860785,48858.55270171405,49689.48046875,369109,0.0,0.0
2022-04-19 00:00:00+09:00,49855.67182326159,50437.3213278663,49772.57903688948,50188.04296875,396501,0.0,0.0
2022-04-20 00:00:00+09:00,50271.136604047715,51434.43563290171,50104.95102849715,50935.87890625,784374,0.0,0.0
2022-04-21 00:00:00+09:00,51351.34177167339,51517.52734375,50935.87784148186,51517.52734375,614446,0.0,0.0
2022-04-22 00:00:00+09:00,50935.88177886567,51434.43853363434,50769.69619394278,51185.16015625,500407,0.0,0.0
2022-04-25 00:00:00+09:00,50520.40625,50603.4990234375,49440.2001953125,49523.29296875,456090,0.0,0.0
2022-04-26 00:00:00+09:00,49606.391671080506,49689.48445444915,48609.278270656774,49024.7421875,808373,0.0,0.0
2022-04-27 00:00:00+09:00,48276.90536284111,48443.09092347051,46365.771415603,47196.69921875,1696978,0.0,0.0
2022-04-28 00:00:00+09:00,47279.794945987655,47279.794945987655,45784.124807098764,47113.609375,1247497,0.0,0.0
2022-04-29 00:00:00+09:00,47196.70115131579,47612.16506990132,47113.60836759869,47362.88671875,640368,0.0,0.0
2022-05-02 00:00:00+09:00,47196.70115131579,47529.072286184215,46781.237232730266,47362.88671875,303132,0.0,0.0
2022-05-03 00:00:00+09:00,47279.79385407655,48027.62890625,47113.6082869269,48027.62890625,438613,0.0,0.0
2022-05-04 00:00:00+09:00,48027.62498657646,48609.274424130155,47944.53220978308,48359.99609375,431757,0.0,0.0
2022-05-06 00:00:00+09:00,48110.72168982483,48858.55674199827,48027.62890625,48027.62890625,662434,0.0,0.0
2022-05-10 00:00:00+09:00,48193.81146890863,49107.83203125,47362.88368496193,49107.83203125,580566,0.0,0.0
2022-05-11 00:00:00+09:00,48775.4580078125,49523.29296875,48359.994140625,49523.29296875,569018,0.0,0.0
2022-05-12 00:00:00+09:00,49606.3876920464,49689.48046875,48941.64547841764,49689.48046875,841386,0.0,0.0
2022-05-13 00:00:00+09:00,49855.67366803279,51434.436667520495,49357.11693135246,50686.6015625,1186612,0.0,0.0
2022-05-16 00:00:00+09:00,50852.780377538074,50852.780377538074,49107.83203125,49107.83203125,439917,0.0,0.0
2022-05-17 00:00:00+09:00,49357.112215909096,50437.31837551653,49107.833871384304,50271.1328125,841696,0.0,0.0
2022-05-18 00:00:00+09:00,50520.41836734694,50686.603954081635,48775.469706632655,48858.5625,811550,0.0,0.0
2022-05-19 00:00:00+09:00,48692.37117484862,48775.46395842344,47778.35055552552,48027.62890625,942599,0.0,0.0
2022-05-20 00:00:00+09:00,48526.18164733677,49357.10941527062,47944.53220978308,48359.99609375,883914,0.0,0.0
2022-05-23 00:00:00+09:00,48360.0030677356,48526.188645287955,47362.88960242146,47612.16796875,684768,0.0,0.0
2022-05-24 00:00:00+09:00,47445.970672013274,47861.43451327434,46947.4140625,46947.4140625,687355,0.0,0.0
2022-05-25 00:00:00+09:00,47113.60646609043,47445.97758754433,46864.328125,46864.328125,615717,0.0,0.0
2022-05-26 00:00:00+09:00,46864.33001644737,47445.97950246711,46781.237232730266,47362.88671875,603554,0.0,0.0
2022-05-27 00:00:00+09:00,47778.34865329982,47861.44143356643,47196.69919143357,47529.0703125,508199,0.0,0.0
2022-05-30 00:00:00+09:00,47861.44833625219,48276.91229750438,47362.891582749566,47445.984375,504675,0.0,0.0
2022-05-31 00:00:00+09:00,47612.169959500876,47778.35554400175,46864.33482924694,47445.984375,1662498,0.0,0.0
2022-06-02 00:00:00+09:00,47196.701234430606,47362.886802157474,46615.05174738656,46698.14453125,879165,0.0,0.0
2022-06-03 00:00:00+09:00,46864.3261649735,47196.6972725265,46781.233388085246,47030.51171875,402600,0.0,0.0
2022-06-07 00:00:00+09:00,46864.33009897687,47030.51566670374,46615.05174738656,46698.14453125,607284,0.0,0.0
2022-06-08 00:00:00+09:00,46781.23634553253,47030.51469195633,46365.772434826205,46615.05078125,550800,0.0,0.0
2022-06-09 00:00:00+09:00,46615.05378119379,46781.23935617131,46199.58984375,46199.58984375,853254,0.0,0.0
2022-06-10 00:00:00+09:00,46199.583977374554,46365.76953125,45784.12009268593,46365.76953125,550827,0.0,0.0
2022-06-13 00:00:00+09:00,45784.12898480347,46116.50015710695,45368.66501942413,45451.7578125,751182,0.0,0.0
2022-06-14 00:00:00+09:00,44870.102566340785,45285.566478992085,44371.54587115922,44620.82421875,1152816,0.0,0.0
2022-06-15 00:00:00+09:00,44620.8294597611,44620.8294597611,43042.06640625,43042.06640625,1224677,0.0,0.0
2022-06-16 00:00:00+09:00,43540.61428659136,43706.79983730354,41795.66600411346,42294.22265625,1228880,0.0,0.0
2022-06-17 00:00:00+09:00,41629.48609104046,43872.99132947977,41380.20773121387,43125.15625,1774906,0.0,0.0
2022-06-20 00:00:00+09:00,43956.084010317834,44205.36236954459,42958.970573410814,43789.8984375,750661,0.0,0.0
2022-06-21 00:00:00+09:00,44288.454179538974,44371.546964115965,43706.8046875,43706.8046875,577656,0.0,0.0
2022-06-22 00:00:00+09:00,43789.89556039663,43789.89556039663,42792.782189002406,43208.24609375,712022,0.0,0.0
2022-06-23 00:00:00+09:00,43374.43153859608,44787.008810925836,43374.43153859608,44537.73046875,807107,0.0,0.0
2022-06-24 00:00:00+09:00,44703.91597254136,45534.843778722425,44122.26650821461,45202.47265625,601985,0.0,0.0
2022-06-27 00:00:00+09:00,45534.84478974122,45534.84478974122,44953.1953125,44953.1953125,542176,0.0,0.0
2022-06-28 00:00:00+09:00,45285.56640625,45617.937535837154,45036.28805905963,45285.56640625,523385,0.0,0.0
2022-06-29 00:00:00+09:00,45142.12337853773,45310.87897995283,44551.4787735849,44720.234375,1475395,830.0,0.0
2022-06-30 00:00:00+09:00,44720.23106971154,44720.23106971154,43876.453125,43876.453125,556198,0.0,0.0
2022-07-01 00:00:00+09:00,44804.613880504265,45142.12509617661,44045.21364524148,44551.48046875,672843,0.0,0.0
2022-07-04 00:00:00+09:00,44635.85541044776,45310.87779850746,44298.344216417914,45226.5,603687,0.0,0.0
2022-07-05 00:00:00+09:00,45395.25831699723,45985.902941939574,45310.88051343404,45732.76953125,507256,0.0,0.0
2022-07-06 00:00:00+09:00,45226.50220724907,45901.52462825279,44804.613194121746,45395.2578125,751897,0.0,0.0
2022-07-07 00:00:00+09:00,45985.902430878254,45985.902430878254,44720.23539149628,45395.2578125,638760,0.0,0.0
2022-07-08 00:00:00+09:00,46154.65631510417,46154.65631510417,45226.50052083334,45564.01171875,608044,0.0,0.0
2022-07-11 00:00:00+09:00,45648.39272017045,46407.79296875,45564.01491477273,46407.79296875,814554,0.0,0.0
2022-07-12 00:00:00+09:00,46660.92638494318,46660.92638494318,45901.52613636363,46407.79296875,574690,0.0,0.0
2022-07-13 00:00:00+09:00,46829.679099462366,47420.32370071685,46576.54569892473,47082.8125,731117,0.0,0.0
2022-07-14 00:00:00+09:00,46745.30307946266,46745.30307946266,45901.525045537346,46323.4140625,661139,0.0,0.0
2022-07-15 00:00:00+09:00,45985.90303738318,45985.90303738318,44973.36939252337,45142.125,548299,0.0,0.0
2022-07-18 00:00:00+09:00,45985.904543247256,46576.54918875685,45732.77112374314,46154.66015625,675910,0.0,0.0
2022-07-19 00:00:00+09:00,46323.411914062504,46407.78971354167,45310.878320312506,45564.01171875,421152,0.0,0.0
2022-07-20 00:00:00+09:00,45732.76738391182,45985.90078271576,44720.23378869606,44973.3671875,665948,0.0,0.0
2022-07-21 00:00:00+09:00,44804.61795975288,45142.12920615403,43960.83984375,43960.83984375,736881,0.0,0.0
2022-07-22 00:00:00+09:00,43960.840469654926,43960.840469654926,43454.57359284508,43707.70703125,406284,0.0,0.0
2022-07-25 00:00:00+09:00,43707.700914486435,44213.96772044574,43538.9453125,43538.9453125,406888,0.0,0.0
2022-07-26 00:00:00+09:00,43623.32798336116,44382.72827707538,43623.32798336116,44213.97265625,326632,0.0,0.0
2022-07-27 00:00:00+09:00,44382.72265625,44635.85605543013,44129.58925706986,44382.72265625,341730,0.0,0.0
2022-07-28 00:00:00+09:00,44382.724860913826,44888.99168442235,44382.724860913826,44551.48046875,295367,0.0,0.0
2022-07-29 00:00:00+09:00,44888.98880597015,45310.87779850746,44635.85541044776,45226.5,442811,0.0,0.0
2022-08-01 00:00:00+09:00,44720.23320895522,45479.63339552239,44551.477611940296,45226.5,238404,0.0,0.0
2022-08-02 00:00:00+09:00,45057.74729225852,45479.63631184896,44467.10266483192,44551.48046875,298645,0.0,0.0
2022-08-03 00:00:00+09:00,44551.479872881355,44973.36888682909,44382.724267302256,44804.61328125,314660,0.0,0.0
2022-08-04 00:00:00+09:00,45142.12560209117,45142.12560209117,44467.10316318139,44888.9921875,336241,0.0,0.0
2022-08-05 00:00:00+09:00,44973.36777712264,45226.50117924528,44720.234375,44720.234375,335652,0.0,0.0
2022-08-08 00:00:00+09:00,44804.61106598535,44888.98886460302,44382.72207289698,44635.85546875,380054,0.0,0.0
2022-08-09 00:00:00+09:00,44720.23326736767,45057.744461838374,44467.09987151465,44635.85546875,328873,0.0,0.0
2022-08-10 00:00:00+09:00,45057.752514367814,45564.019396551725,44045.21875,44045.21875,611619,0.0,0.0
2022-08-11 00:00:00+09:00,44888.989454610266,44973.367254336976,44045.21145734315,44382.72265625,640872,0.0,0.0
2022-08-12 00:00:00+09:00,44129.58932442197,44298.34492413295,43538.944725433525,43792.078125,965741,0.0,0.0
2022-08-16 00:00:00+09:00,43876.455924855494,43960.83372471098,43623.32252528902,43792.078125,729414,0.0,0.0
2022-08-17 00:00:00+09:00,43792.07536092836,44045.20874451754,43285.80859375,43285.80859375,1231874,0.0,0.0
2022-08-18 00:00:00+09:00,43370.193115234375,43623.32653808594,43032.681884765625,43201.4375,716230,0.0,0.0
2022-08-19 00:00:00+09:00,43201.43529411765,43285.81309742647,42779.54627757353,43032.6796875,730657,0.0,0.0
2022-08-22 00:00:00+09:00,43032.68018908074,43454.569210542315,42779.546776203795,43370.19140625,558645,0.0,0.0
2022-08-23 00:00:00+09:00,43201.44031311155,43707.70719178082,43117.0625,43117.0625,869452,0.0,0.0
2022-08-24 00:00:00+09:00,43285.81530761719,43538.94873046875,43117.05969238281,43201.4375,822040,0.0,0.0
2022-08-25 00:00:00+09:00,43201.43403441682,44213.96764459847,43201.43403441682,44129.58984375,948339,0.0,0.0
2022-08-26 00:00:00+09:00,43792.07536092836,44129.58653904727,43201.43079922027,43285.80859375,912770,0.0,0.0
2022-08-29 00:00:00+09:00,42863.91962110136,43538.94197733918,42779.541826571636,43285.80859375,648428,0.0,0.0
2022-08-30 00:00:00+09:00,43285.808563701925,44129.586508413464,43032.67518028846,43876.453125,701851,0.0,0.0
2022-08-31 00:00:00+09:00,43623.32859734885,44635.8623365523,43538.95078574856,43960.83984375,4088039,0.0,0.0
2022-09-01 00:00:00+09:00,43707.70579377385,44551.48389790076,43707.70579377385,44213.97265625,977398,0.0,0.0
2022-09-02 00:00:00+09:00,44467.10045597671,44720.23385515684,44045.21145734315,44382.72265625,705763,0.0,0.0
2022-09-05 00:00:00+09:00,44213.97327855087,44635.8623365523,43792.08422054943,43960.83984375,472882,0.0,0.0
2022-09-06 00:00:00+09:00,43623.319771868904,43960.830949987816,43117.05300469054,43285.80859375,733924,0.0,0.0
2022-09-07 00:00:00+09:00,43117.052974759616,44045.20871394231,43032.67518028846,43876.453125,810338,0.0,0.0
2022-09-08 00:00:00+09:00,44045.211524566475,44720.23392341041,43538.944725433525,43792.078125,618831,0.0,0.0
2022-09-13 00:00:00+09:00,43454.57359284508,43960.840469654926,43370.19578004344,43707.70703125,931520,0.0,0.0
2022-09-14 00:00:00+09:00,43370.190900735295,43454.56870404412,43032.6796875,43032.6796875,705363,0.0,0.0
2022-09-15 00:00:00+09:00,42948.30407714844,43454.57092285156,42610.79284667969,43201.4375,905326,0.0,0.0
2022-09-16 00:00:00+09:00,42948.305500059636,44213.97265625,42779.549879234255,44213.97265625,1729473,0.0,0.0
2022-09-19 00:00:00+09:00,44045.21384058852,44045.21384058852,43285.813601957685,43370.19140625,571658,0.0,0.0
2022-09-20 00:00:00+09:00,43792.08484405164,44045.21828245657,43370.19578004344,43707.70703125,533272,0.0,0.0
2022-09-21 00:00:00+09:00,43623.32421875,43792.079825012086,43370.19080935686,43623.32421875,579223,0.0,0.0
2022-09-22 00:00:00+09:00,43454.569210542315,43792.080427711575,43285.813601957685,43370.19140625,495647,0.0,0.0
2022-09-23 00:00:00+09:00,43623.319712108634,44551.47545066413,43454.56412328036,44467.09765625,905884,0.0,0.0
2022-09-26 00:00:00+09:00,43960.83574766355,45310.88060747663,43876.457943925234,45142.125,1606954,0.0,0.0
2022-09-27 00:00:00+09:00,45057.74790178572,45057.74790178572,43960.83643601191,44298.34765625,1009684,0.0,0.0
2022-09-28 00:00:00+09:00,43876.45315545809,43876.45315545809,42948.29741563109,43285.80859375,868309,0.0,0.0
2022-09-29 00:00:00+09:00,43911.896,43997.661421875004,42882.7109375,42882.7109375,1114294,830.0,0.0
2022-09-30 00:00:00+09:00,43311.53966227855,44254.95933809055,43140.00881213091,43568.8359375,852407,0.0,0.0
2022-10-04 00:00:00+09:00,43225.77443516699,44169.19411529961,42968.47815876719,43654.6015625,981441,0.0,0.0
2022-10-05 00:00:00+09:00,43740.3669879666,44169.19411529961,43483.0707115668,43654.6015625,639784,0.0,0.0
2022-10-06 00:00:00+09:00,43654.60075804455,43911.897029702974,43311.5390625,43311.5390625,549824,0.0,0.0
2022-10-07 00:00:00+09:00,43140.01152421564,43568.838676543826,42882.71523281872,43054.24609375,1002982,0.0,0.0
2022-10-11 00:00:00+09:00,42882.712236909654,43054.24308585729,41767.76171875,41767.76171875,677393,0.0,0.0
2022-10-12 00:00:00+09:00,41553.35213942308,42325.241033653845,41424.703990384616,41810.6484375,553187,0.0,0.0
2022-10-13 00:00:00+09:00,41767.76141703141,42368.119384011334,41639.11328125,41639.11328125,414185,0.0,0.0
2022-10-14 00:00:00+09:00,41896.41182642731,42882.714254275656,41810.64639791876,42625.41796875,390804,0.0,0.0
2022-10-17 00:00:00+09:00,42239.47608418367,42239.47608418367,41853.53163265306,42025.0625,269878,0.0,0.0
2022-10-18 00:00:00+09:00,42582.536226189,43311.54238514691,42453.888080490535,43054.24609375,460424,0.0,0.0
2022-10-19 00:00:00+09:00,43054.24390593177,43311.540184254074,42110.82421875,42110.82421875,564009,0.0,0.0
2022-10-20 00:00:00+09:00,42110.82897641271,43483.075949167505,41939.298104818365,42496.7734375,625867,0.0,0.0
2022-10-21 00:00:00+09:00,42496.76572738155,42882.71011844758,42368.11759702621,42539.6484375,316702,0.0,0.0
2022-10-24 00:00:00+09:00,42754.06167846309,42968.47522750253,42067.93832153691,42411.0,490196,0.0,0.0
2022-10-25 00:00:00+09:00,42582.53887329718,42711.187026992935,42239.47713010848,42496.7734375,289563,0.0,0.0
2022-10-26 00:00:00+09:00,42325.24190167683,42411.00733612805,42025.06288109756,42196.59375,364950,0.0,0.0
2022-10-27 00:00:00+09:00,42453.88078962053,43311.534946986605,42410.99808175223,43225.76953125,439131,0.0,0.0
2022-10-28 00:00:00+09:00,43140.01152421564,43483.07324607819,42839.832517585906,43054.24609375,347008,0.0,0.0
2022-10-31 00:00:00+09:00,43054.23807073353,43483.065143151194,42796.941827282935,42968.47265625,346469,0.0,0.0
2022-11-01 00:00:00+09:00,43311.54238514691,43654.60410700946,42882.71523281872,43054.24609375,358607,0.0,0.0
2022-11-02 00:00:00+09:00,42882.71154324056,43311.538658672966,42711.1806970676,43140.0078125,396918,0.0,0.0
2022-11-03 00:00:00+09:00,42968.47328404018,43568.83119419643,42625.41162109375,43225.76953125,382872,0.0,0.0
2022-11-04 00:00:00+09:00,42968.481433732704,43568.83945775692,42882.71600172925,43397.30859375,251361,0.0,0.0
2022-11-07 00:00:00+09:00,42882.70786830357,43483.06577845982,42796.94245256697,43225.76953125,528350,0.0,0.0
2022-11-08 00:00:00+09:00,43397.304486386136,43483.06991027228,42968.47736695545,43311.5390625,561071,0.0,0.0
2022-11-09 00:00:00+09:00,43483.07517242432,43997.66777801514,43397.30973815918,43911.90234375,640440,0.0,0.0
2022-11-10 00:00:00+09:00,43911.892857142855,44083.42368861607,43225.76953125,43225.76953125,530461,0.0,0.0
2022-11-11 00:00:00+09:00,43911.897029702974,44169.19330136139,43225.773638613864,43311.5390625,1059219,0.0,0.0
2022-11-14 00:00:00+09:00,43483.065143151194,43654.59597211826,42882.70724176647,42968.47265625,564041,0.0,0.0
2022-11-15 00:00:00+09:00,43140.003485217065,43225.7688997006,42968.47265625,42968.47265625,376413,0.0,0.0
2022-11-16 00:00:00+09:00,43140.01420597881,43225.77964177598,42496.7734375,42496.7734375,831583,0.0,0.0
2022-11-17 00:00:00+09:00,42754.0703125,42968.48390483952,42539.656720160485,42754.0703125,395794,0.0,0.0
2022-11-18 00:00:00+09:00,42882.71789858729,42968.48333438446,42496.7734375,42496.7734375,560271,0.0,0.0
2022-11-21 00:00:00+09:00,42582.53535254397,42968.47978172111,42153.70820901382,42668.30078125,448831,0.0,0.0
2022-11-22 00:00:00+09:00,42796.94892430905,42968.47978172111,42539.65263819096,42668.30078125,326276,0.0,0.0
2022-11-23 00:00:00+09:00,42796.945515625004,43225.772625000005,42668.2973828125,42882.7109375,318044,0.0,0.0
2022-11-24 00:00:00+09:00,43225.772625000005,43311.538046875,42882.7109375,42882.7109375,467563,0.0,0.0
2022-11-25 00:00:00+09:00,43140.007203125,43225.772625000005,42839.8282265625,42882.7109375,211314,0.0,0.0
2022-11-28 00:00:00+09:00,42882.714648046094,42882.714648046094,42539.652930861725,42796.94921875,238106,0.0,0.0
2022-11-29 00:00:00+09:00,42968.48381024096,42968.48381024096,42625.42206325301,42711.1875,209709,0.0,0.0
2022-11-30 00:00:00+09:00,42711.18009375,43140.007203125,42411.0011171875,42882.7109375,999918,0.0,0.0
2022-12-01 00:00:00+09:00,43054.242790841585,43483.06991027228,42882.711943069306,43311.5390625,569478,0.0,0.0
2022-12-02 00:00:00+09:00,43054.24238941352,43397.304081759445,42968.47696632704,43140.0078125,404398,0.0,0.0
2022-12-05 00:00:00+09:00,43483.06577845982,43997.65827287947,43140.004115513395,43225.76953125,709060,0.0,0.0
2022-12-06 00:00:00+09:00,43311.534946986605,43911.892857142855,43140.004115513395,43225.76953125,596249,0.0,0.0
2022-12-07 00:00:00+09:00,43225.77695468128,43483.07324607819,42968.48066328436,43054.24609375,315144,0.0,0.0
2022-12-08 00:00:00+09:00,43140.01152421564,43311.54238514691,42839.832517585906,43054.24609375,825828,0.0,0.0
2022-12-09 00:00:00+09:00,43054.24178125,43225.772625000005,42796.945515625004,42882.7109375,381360,0.0,0.0
2022-12-12 00:00:00+09:00,43054.245506638275,43054.245506638275,42754.06650410195,42796.94921875,302592,0.0,0.0
2022-12-13 00:00:00+09:00,42796.9530309679,42968.48390483952,42668.304875564194,42754.0703125,347723,0.0,0.0
2022-12-14 00:00:00+09:00,42539.656626506025,42796.95293674699,42539.656626506025,42711.1875,450420,0.0,0.0
2022-12-15 00:00:00+09:00,42625.40930051978,42668.292006053496,42282.34765625,42282.34765625,467911,0.0,0.0
2022-12-16 00:00:00+09:00,42067.9369797003,42239.46781346055,41810.64072905994,41853.5234375,1014486,0.0,0.0
2022-12-19 00:00:00+09:00,41810.6484375,42153.71016826923,41810.6484375,41810.6484375,489827,0.0,0.0
2022-12-20 00:00:00+09:00,41639.121001127576,41810.65188063789,41510.47284149485,41596.23828125,473847,0.0,0.0
2022-12-21 00:00:00+09:00,41596.23066968878,41896.409653903036,41510.46524562757,41681.99609375,448287,0.0,0.0
2022-12-22 00:00:00+09:00,41639.117572115385,41939.29658653846,41596.23485576923,41810.6484375,425463,0.0,0.0
2022-12-23 00:00:00+09:00,41810.648915816324,42067.945216836735,41724.88348214285,42025.0625,379640,0.0,0.0
2022-12-26 00:00:00+09:00,42110.828410532995,42325.241997144665,41939.29754124365,42239.4765625,376502,0.0,0.0
2022-12-27 00:00:00+09:00,42325.230361783724,42410.995772851165,42196.58224518256,42282.34765625,607088,0.0,0.0
2022-12-28 00:00:00+09:00,42308.52644417791,42395.76051932054,42046.82421875,42046.82421875,442996,830.0,0.0
2022-12-29 00:00:00+09:00,42003.20474436314,42046.82177940401,41348.94921875,41348.94921875,407839,0.0,0.0
2023-01-02 00:00:00+09:00,41348.952678571426,41567.03787202381,41087.250446428574,41218.1015625,424613,0.0,0.0
2023-01-03 00:00:00+09:00,41305.32686035676,41305.32686035676,40563.837360223646,40956.390625,503514,0.0,0.0
2023-01-04 00:00:00+09:00,41043.629821970695,41567.034240529305,40781.92761269139,41305.33203125,351019,0.0,0.0
2023-01-05 00:00:00+09:00,41305.335191082806,41479.80334394905,40651.079617834395,41087.25,877153,0.0,0.0
2023-01-06 00:00:00+09:00,40912.783318014706,41697.890034138654,40912.783318014706,41523.421875,415726,0.0,0.0
2023-01-09 00:00:00+09:00,41785.1159375,41828.73296875,41305.32859375,41436.1796875,834684,0.0,0.0
2023-01-10 00:00:00+09:00,41479.80669892724,41479.80669892724,40869.1681145056,40912.78515625,1071664,0.0,0.0
2023-01-11 00:00:00+09:00,41043.62719674059,41043.62719674059,40476.605779569894,40563.83984375,1201973,0.0,0.0
2023-01-12 00:00:00+09:00,40476.615740740745,40520.23278356482,40040.4453125,40040.4453125,1337358,0.0,0.0
2023-01-13 00:00:00+09:00,40084.06235532407,40302.147569444445,39865.97714120371,40040.4453125,939124,0.0,0.0
2023-01-16 00:00:00+09:00,40258.520926938036,40825.5423484442,40171.28686209093,40651.07421875,915073,0.0,0.0
2023-01-17 00:00:00+09:00,40825.54702508004,40912.78109991996,40432.99368830043,40869.1640625,644054,0.0,0.0
2023-01-18 00:00:00+09:00,41087.250446428574,41392.569717261904,41043.633407738096,41218.1015625,668135,0.0,0.0
2023-01-19 00:00:00+09:00,41000.01308943625,41392.56640625,40781.92791342861,41392.56640625,437546,0.0,0.0
2023-01-20 00:00:00+09:00,41261.72149020522,41436.18965718283,40825.55107276119,40912.78515625,505588,0.0,0.0
2023-01-25 00:00:00+09:00,41305.3321244577,41392.56619441432,40214.90625,40214.90625,9520,0.0,0.0
2023-01-26 00:00:00+09:00,40302.1449737055,40563.8472137945,40214.910893675835,40432.99609375,3707,0.0,0.0
2023-01-27 00:00:00+09:00,40476.60984848485,41828.73797919932,40345.75873906087,41741.50390625,3291,0.0,0.0
2023-01-30 00:00:00+09:00,41741.50390625,41915.972052148645,41043.631322655434,41741.50390625,3302,0.0,0.0
2023-01-31 00:00:00+09:00,40738.3082835971,41348.94673752682,40651.07421875,40651.07421875,4273,0.0,0.0
2023-02-01 00:00:00+09:00,40694.69031368115,41130.86062786852,40214.902968075054,40389.37109375,2590,0.0,0.0
2023-02-02 00:00:00+09:00,40389.37109375,40651.07328226242,40258.519999493794,40389.37109375,1722,0.0,0.0
2023-02-03 00:00:00+09:00,40432.99609375,40651.081293824165,40171.293853661,40432.99609375,3462,0.0,0.0
2023-02-06 00:00:00+09:00,40432.991883445946,40563.84298986486,40258.523741554054,40345.7578125,4250,0.0,0.0
2023-02-07 00:00:00+09:00,40476.61027837259,40781.9295369379,40389.37620449679,40738.3125,3600,0.0,0.0
2023-02-08 00:00:00+09:00,40781.9295369379,40825.5465738758,40432.99324143469,40738.3125,10534,0.0,0.0
2023-02-09 00:00:00+09:00,40825.5465738758,41174.48286937901,40476.61027837259,40738.3125,5939,0.0,0.0
2023-02-10 00:00:00+09:00,40607.45470244421,41000.00797024442,40389.369553666314,41043.625,5130,0.0,0.0
2023-02-13 00:00:00+09:00,41043.634728773584,41828.741450471694,41000.01768867925,41610.65625,3646,0.0,0.0
2023-02-14 00:00:00+09:00,41785.12441037736,41915.97553066038,41567.039209905655,41610.65625,1531,0.0,0.0
2023-02-15 00:00:00+09:00,41610.64893206813,41741.500029338786,40476.60608905579,40651.07421875,2756,0.0,0.0
2023-02-16 00:00:00+09:00,40302.14367292601,40476.61182735426,38819.164360285875,38906.3984375,18429,0.0,0.0
2023-02-17 00:00:00+09:00,38819.15593327703,39037.24107896959,38252.13455447635,38731.921875,6588,0.0,0.0
2023-02-20 00:00:00+09:00,39080.86689038031,39429.803201901566,38906.39873461969,38993.6328125,6058,0.0,0.0
2023-02-21 00:00:00+09:00,39168.10200471698,39298.953125,38993.63384433962,39298.953125,4981,0.0,0.0
2023-02-22 00:00:00+09:00,39080.86031042128,39473.41359478936,38993.62624722838,39342.5625,1910,0.0,0.0
2023-02-23 00:00:00+09:00,39386.18676050947,39647.88899812083,39037.25044369432,39168.1015625,4209,0.0,0.0
2023-02-24 00:00:00+09:00,39255.328436807096,39647.88172117517,39080.86031042128,39342.5625,2824,0.0,0.0
2023-02-27 00:00:00+09:00,39255.3318791713,39342.56595001391,38819.16152495829,39211.71484375,626165,0.0,0.0
2023-02-28 00:00:00+09:00,39211.719338316725,39778.740863787374,39080.86821705427,39386.1875,705873,0.0,0.0
2023-03-02 00:00:00+09:00,39255.336084905655,39517.038325471694,39080.8679245283,39298.953125,1107445,0.0,0.0
2023-03-03 00:00:00+09:00,39342.5679053591,39778.73828125,39342.5679053591,39778.73828125,547096,0.0,0.0
2023-03-06 00:00:00+09:00,39735.11931587838,40520.22595439189,39604.26820945946,40345.7578125,704072,0.0,0.0
2023-03-07 00:00:00+09:00,40345.75756141333,41479.80047665306,40345.75756141333,41392.56640625,1306401,0.0,0.0
2023-03-08 00:00:00+09:00,41130.865832441115,41261.71694325482,40651.07842612419,40738.3125,918053,0.0,0.0
2023-03-09 00:00:00+09:00,40825.54125,41523.41375,40345.75390625,41436.1796875,1082047,0.0,0.0
2023-03-10 00:00:00+09:00,40912.77641329131,41130.861575409064,40476.60608905579,40651.07421875,487796,0.0,0.0
2023-03-13 00:00:00+09:00,40563.83984375,40912.77610047043,39996.8184265793,40563.83984375,410447,0.0,0.0
2023-03-14 00:00:00+09:00,40258.518154286474,41218.092801517574,40214.90112486688,40956.390625,847383,0.0,0.0
2023-03-15 00:00:00+09:00,40956.400357799364,41523.421875,40694.69811909139,41523.421875,487556,0.0,0.0
2023-03-16 00:00:00+09:00,41000.016220868645,41174.484375,40825.54806673728,41174.484375,519098,0.0,0.0
2023-03-17 00:00:00+09:00,41348.95147411953,41392.56851153949,40869.1640625,40869.1640625,967455,0.0,0.0
2023-03-20 00:00:00+09:00,40912.78346340504,41741.50722225866,40912.78346340504,41567.0390625,580464,0.0,0.0
2023-03-21 00:00:00+09:00,41697.885854252054,42570.2265625,41697.885854252054,42570.2265625,1063480,0.0,0.0
2023-03-22 00:00:00+09:00,42308.531539351854,42570.2337962963,42177.680410879635,42395.765625,504173,0.0,0.0
2023-03-23 00:00:00+09:00,42308.52522718358,42352.14226350026,41436.18450084989,41697.88671875,1012990,0.0,0.0
2023-03-24 00:00:00+09:00,41741.50540088547,42308.52689535936,41741.50540088547,42177.67578125,728029,0.0,0.0
2023-03-27 00:00:00+09:00,42526.60830158833,42526.60830158833,41785.11872094525,42221.2890625,529653,0.0,0.0
2023-03-28 00:00:00+09:00,42090.44603737113,42395.76533505155,41872.36082474227,42308.53125,533028,0.0,0.0
2023-03-29 00:00:00+09:00,42308.52450102354,42701.07782113613,42221.290429887405,42613.84375,811807,0.0,0.0
2023-03-30 00:00:00+09:00,42773.580756406904,42817.951690801514,42152.387674882324,42418.61328125,819479,830.0,0.0
2023-03-31 00:00:00+09:00,42196.76017808618,42862.32421875,41886.1636257764,42862.32421875,680012,0.0,0.0
2023-04-03 00:00:00+09:00,42374.2454694072,42418.6164070715,42063.648905757094,42196.76171875,515414,0.0,0.0
2023-04-04 00:00:00+09:00,41886.16175314465,42329.87109375,41708.678016902515,42329.87109375,326679,0.0,0.0
2023-04-05 00:00:00+09:00,42551.72265625,42862.31917198905,42418.60986379041,42551.72265625,439605,0.0,0.0
2023-04-06 00:00:00+09:00,42640.46811324452,42729.209982366774,42329.87157131662,42462.984375,472490,0.0,0.0
2023-04-07 00:00:00+09:00,42418.61264115021,42462.98357487526,42152.38703879989,42241.12890625,269327,0.0,0.0
2023-04-10 00:00:00+09:00,41974.903462749215,42285.5,41797.41972717734,42285.5,527445,0.0,0.0
2023-04-11 00:00:00+09:00,42019.278587205496,42374.24609375,41930.536710569366,42374.24609375,684850,0.0,0.0
2023-04-12 00:00:00+09:00,42418.61328125,42507.35515003923,42196.758609276934,42418.61328125,362947,0.0,0.0
2023-04-13 00:00:00+09:00,42374.23603465026,42817.9453125,42196.752323510365,42817.9453125,482468,0.0,0.0
2023-04-14 00:00:00+09:00,42684.840474572986,43217.29170710404,42684.840474572986,42862.32421875,563890,0.0,0.0
2023-04-17 00:00:00+09:00,42862.319825739876,42862.319825739876,42418.61051077363,42729.20703125,300242,0.0,0.0
2023-04-18 00:00:00+09:00,42640.4709375,43261.6640625,42418.61625,43261.6640625,422167,0.0,0.0
2023-04-19 00:00:00+09:00,43261.659512583676,43439.14324391736,42995.43391558316,43084.17578125,275693,0.0,0.0
2023-04-20 00:00:00+09:00,43128.54671408342,43172.91764691684,42640.46645291581,43084.17578125,304296,0.0,0.0
2023-04-21 00:00:00+09:00,42951.06703317901,43128.55078125,42596.09953703704,43128.55078125,324325,0.0,0.0
2023-04-24 00:00:00+09:00,42862.322302476416,42862.322302476416,42285.500159689465,42329.87109375,406245,0.0,0.0
2023-04-25 00:00:00+09:00,42418.61703206806,42773.584538612566,42152.39140215969,42374.24609375,646228,0.0,0.0
2023-04-26 00:00:00+09:00,42329.866529605264,42462.97931743421,42063.64095394737,42152.3828125,388733,0.0,0.0
2023-04-27 00:00:00+09:00,42152.38623614044,42329.869967661034,41886.160638859554,42019.2734375,350066,0.0,0.0
2023-04-28 00:00:00+09:00,42019.27455532626,42462.983895931604,41930.53268720519,42329.87109375,457308,0.0,0.0
2023-05-02 00:00:00+09:00,42019.272127304,42729.20703125,41886.159332814124,42729.20703125,391046,0.0,0.0
2023-05-03 00:00:00+09:00,42640.46827293189,42640.46827293189,42241.12986038622,42507.35546875,176785,0.0,0.0
2023-05-04 00:00:00+09:00,42285.50142525338,42906.69452069257,42241.13048986487,42684.83984375,348023,0.0,0.0
2023-05-08 00:00:00+09:00,42951.06298274975,43306.0304454171,42729.20831858265,43084.17578125,394160,0.0,0.0
2023-05-09 00:00:00+09:00,42862.32515914352,43439.14734037423,42817.95422212577,43128.55078125,1035917,0.0,0.0
2023-05-10 00:00:00+09:00,43084.17573806533,44237.81999057789,43084.17573806533,44149.078125,861039,0.0,0.0
2023-05-11 00:00:00+09:00,44370.93131188119,44814.640625,44237.81851794555,44814.640625,802826,0.0,0.0
2023-05-12 00:00:00+09:00,44814.639972664016,45080.86555666004,44459.672527335984,44637.15625,526360,0.0,0.0
2023-05-15 00:00:00+09:00,44370.93486483135,44903.38608320933,44149.08019050719,44725.90234375,426232,0.0,0.0
2023-05-16 00:00:00+09:00,44326.56136986517,44637.157895980345,43927.22297914566,44015.96484375,511892,0.0,0.0
2023-05-17 00:00:00+09:00,43705.37093495935,44193.45121951219,43527.887195121955,43661.0,452808,0.0,0.0
2023-05-18 00:00:00+09:00,43661.001882530116,44237.82406187249,43661.001882530116,44193.453125,408429,0.0,0.0
2023-05-19 00:00:00+09:00,44459.67513934118,44548.417005886775,44193.44953970441,44282.19140625,430958,0.0,0.0
2023-05-22 00:00:00+09:00,44282.19027497477,44637.157732088795,43927.22281786075,43971.59375,370749,0.0,0.0
2023-05-23 00:00:00+09:00,44104.70767315882,44370.93327279559,44060.33673988602,44282.19140625,306664,0.0,0.0
2023-05-24 00:00:00+09:00,44282.19140625,44548.417005886775,44149.07860643161,44282.19140625,368733,0.0,0.0
2023-05-25 00:00:00+09:00,44060.33577605217,44193.44857295867,43794.110182239165,44015.96484375,265287,0.0,0.0
2023-05-26 00:00:00+09:00,43838.481114541326,44237.819505260835,43749.739249936996,44015.96484375,227529,0.0,0.0
2023-05-30 00:00:00+09:00,44060.3331796875,44370.9296875,43927.220390625,44370.9296875,290778,0.0,0.0
2023-05-31 00:00:00+09:00,44326.557768485916,44637.1542693662,44104.703125,44104.703125,567700,0.0,0.0
2023-06-01 00:00:00+09:00,44282.19325031726,44459.67699079949,43661.00015862944,43705.37109375,367807,0.0,0.0
2023-06-02 00:00:00+09:00,43749.737464959224,43882.85025643476,43483.511882008155,43527.8828125,348060,0.0,0.0
2023-06-05 00:00:00+09:00,43705.367835250254,44015.96435793731,43660.996903437815,43882.8515625,371585,0.0,0.0
2023-06-07 00:00:00+09:00,44193.44857295867,44459.67416677167,43971.59391144783,44015.96484375,393409,0.0,0.0
2023-06-08 00:00:00+09:00,44015.968434343435,44326.564985795456,43927.2265625,43927.2265625,747598,0.0,0.0
2023-06-09 00:00:00+09:00,43927.22544983469,44015.96731943031,43394.774232260934,43616.62890625,803696,0.0,0.0
2023-06-12 00:00:00+09:00,43660.999841047815,43927.22544983469,43394.774232260934,43616.62890625,443763,0.0,0.0
2023-06-13 00:00:00+09:00,43616.62794667989,43616.62794667989,43306.03140992835,43350.40234375,439245,0.0,0.0
2023-06-14 00:00:00+09:00,43350.40515061212,43350.40515061212,43039.80859375,43039.80859375,563295,0.0,0.0
2023-06-15 00:00:00+09:00,43039.807326858114,43084.17826224663,42684.83984375,42684.83984375,670554,0.0,0.0
2023-06-16 00:00:00+09:00,42773.58279263771,42862.32466565148,41886.1640625,41886.1640625,2107920,0.0,0.0
2023-06-19 00:00:00+09:00,41797.41389645324,41886.15575185972,41531.188330233796,41753.04296875,745762,0.0,0.0
2023-06-20 00:00:00+09:00,41753.05453374335,42063.65111369681,41708.68359375,41708.68359375,484721,0.0,0.0
2023-06-21 00:00:00+09:00,41753.05453374335,41886.16735372341,41486.82889378325,41708.68359375,431309,0.0,0.0
2023-06-22 00:00:00+09:00,41797.418773099256,42285.499034780885,41708.676907338966,42019.2734375,391185,0.0,0.0
2023-06-23 00:00:00+09:00,42019.273598200154,42285.49919649921,41797.418932950946,42063.64453125,437111,0.0,0.0
2023-06-26 00:00:00+09:00,42063.64437038015,42241.12810190074,41930.5315717397,42019.2734375,404769,0.0,0.0
2023-06-27 00:00:00+09:00,41841.79050272453,42329.8707737001,41841.79050272453,42241.12890625,522486,0.0,0.0
2023-06-28 00:00:00+09:00,42329.87093389297,42507.35466946485,42152.38719832109,42285.5,567443,0.0,0.0
2023-06-29 00:00:00+09:00,42538.38091216216,42628.69594594595,41770.703125,41770.703125,884488,830.0,0.0
2023-06-30 00:00:00+09:00,41770.70207718616,42267.43475053648,41770.70207718616,42086.8046875,631564,0.0,0.0
2023-07-03 00:00:00+09:00,41725.54697613268,42222.279678229504,41725.54697613268,41861.01953125,546022,0.0,0.0
2023-07-04 00:00:00+09:00,41725.54922898472,41861.02179141648,41364.2890625,41364.2890625,628691,0.0,0.0
2023-07-05 00:00:00+09:00,41228.816024729465,41364.28858559934,40686.92578125,40686.92578125,782726,0.0,0.0
2023-07-06 00:00:00+09:00,40641.76638503959,40686.92390324519,39828.9310573388,39919.24609375,1496474,0.0,0.0
2023-07-07 00:00:00+09:00,39738.61689150402,39828.931929893806,39287.04169955511,39332.19921875,999032,0.0,0.0
2023-07-10 00:00:00+09:00,39287.04218397291,40280.50761851016,39106.41210496614,40009.5625,802886,0.0,0.0
2023-07-11 00:00:00+09:00,40280.50694060774,41003.02724447514,40054.71934564917,40867.5546875,635115,0.0,0.0
2023-07-12 00:00:00+09:00,41048.18776807598,41680.39308023557,41003.030245778864,41454.60546875,519295,0.0,0.0
2023-07-13 00:00:00+09:00,41454.60546875,41815.865647126906,41364.29042415577,41454.60546875,495810,0.0,0.0
2023-07-14 00:00:00+09:00,41499.75918244435,41951.334363972586,41454.60166429153,41590.07421875,480032,0.0,0.0
2023-07-17 00:00:00+09:00,41364.2875960483,41725.54774972558,41048.18496158068,41138.5,424937,0.0,0.0
2023-07-18 00:00:00+09:00,41228.81493925523,41273.97245835628,40912.71230554791,41003.02734375,356802,0.0,0.0
2023-07-19 00:00:00+09:00,41093.34474826389,41228.817313368054,40506.296966145834,40641.76953125,439601,0.0,0.0
2023-07-20 00:00:00+09:00,40641.765728820596,41319.1284909676,40461.135658914725,40777.23828125,366924,0.0,0.0
2023-07-21 00:00:00+09:00,40777.24110576923,41364.28887362638,40732.08358516484,41093.34375,291369,0.0,0.0
2023-07-24 00:00:00+09:00,41138.497252273984,41273.969800854466,40415.97699317806,40957.8671875,526189,0.0,0.0
2023-07-25 00:00:00+09:00,40822.39292689732,40957.86546979632,40415.975298200334,40461.1328125,441257,0.0,0.0
2023-07-26 00:00:00+09:00,40370.82304426504,40732.08320573497,39783.77528187639,40551.453125,936447,0.0,0.0
2023-07-27 00:00:00+09:00,41228.81937601242,41996.49728334233,40686.92908848542,41815.8671875,896246,0.0,0.0
2023-07-28 00:00:00+09:00,41680.391708174124,41770.7067497953,41003.02889601528,41364.2890625,596003,0.0,0.0
2023-07-31 00:00:00+09:00,41544.91543519523,41906.17556941432,41319.1278513083,41635.23046875,609418,0.0,0.0
2023-08-01 00:00:00+09:00,41544.91449839056,42267.43475053648,41138.49685655848,42086.8046875,721893,0.0,0.0
2023-08-02 00:00:00+09:00,41996.49472992995,42267.439857219826,41635.23456021013,41906.1796875,518938,0.0,0.0
2023-08-03 00:00:00+09:00,41906.17822318527,42222.28086064464,41680.390625,41680.390625,402425,0.0,0.0
2023-08-04 00:00:00+09:00,41544.919517780174,42131.96729357489,41499.76199656519,41906.1796875,316415,0.0,0.0
2023-08-07 00:00:00+09:00,41770.70093399439,42583.536195412664,41680.385904947914,42267.43359375,605621,0.0,0.0
2023-08-08 00:00:00+09:00,42538.38240927419,42899.642557123654,41996.4921875,41996.4921875,675171,0.0,0.0
2023-08-09 00:00:00+09:00,42177.12226142473,42583.53992775537,41861.01963205645,41996.4921875,604035,0.0,0.0
2023-08-10 00:00:00+09:00,41861.01447955827,42222.274582941725,41861.01447955827,42041.64453125,453640,0.0,0.0
2023-08-11 00:00:00+09:00,42086.81258355615,42402.91525317514,41906.18248663102,42222.28515625,524738,0.0,0.0
2023-08-14 00:00:00+09:00,42267.43518273305,42809.32537738347,42267.43518273305,42628.6953125,536344,0.0,0.0
2023-08-16 00:00:00+09:00,42764.17314680232,42944.803234011626,42357.75545058139,42719.015625,641995,0.0,0.0
2023-08-17 00:00:00+09:00,42719.015625,42944.803234011626,42493.22801598837,42719.015625,569348,0.0,0.0
2023-08-18 00:00:00+09:00,42673.85546875,42899.64306382275,42493.2253926918,42673.85546875,342642,0.0,0.0
2023-08-21 00:00:00+09:00,42764.1705067791,42854.4855448082,42583.540430720896,42673.85546875,369828,0.0,0.0
2023-08-22 00:00:00+09:00,42719.015533867976,43035.118185809915,42538.385447044006,42583.54296875,399625,0.0,0.0
2023-08-23 00:00:00+09:00,42402.90773139566,42809.32537738347,42267.43518273305,42628.6953125,367919,0.0,0.0
2023-08-24 00:00:00+09:00,42628.69393577494,42673.85145053742,42448.06387672506,42538.37890625,332018,0.0,0.0
2023-08-25 00:00:00+09:00,42448.070403632024,42719.015533867976,42402.91288192604,42583.54296875,388201,0.0,0.0
2023-08-28 00:00:00+09:00,42809.32548508448,42899.64051775343,42628.69541974657,42764.16796875,426577,0.0,0.0
2023-08-29 00:00:00+09:00,42899.638097426476,43080.26815257353,42764.16555606618,42989.953125,373121,0.0,0.0
2023-08-30 00:00:00+09:00,43215.7425150427,43667.3176719397,43125.427483663305,43622.16015625,547733,0.0,0.0
2023-08-31 00:00:00+09:00,43667.324039899846,43757.639084449795,43170.591294875136,43396.37890625,450691,0.0,0.0
2023-09-01 00:00:00+09:00,43396.37489806237,43893.10759720772,43260.90234375,43260.90234375,493597,0.0,0.0
2023-09-04 00:00:00+09:00,43215.749914013366,43441.53753111897,42719.01715638103,43080.27734375,549487,0.0,0.0
2023-09-05 00:00:00+09:00,42899.6435546875,43486.69130859375,42854.48603515625,43351.21875,298855,0.0,0.0
2023-09-06 00:00:00+09:00,43215.749914013366,43351.22248427673,43035.11982032888,43080.27734375,242582,0.0,0.0
2023-09-07 00:00:00+09:00,42944.79856418919,43531.84628378378,42899.6410472973,43441.53125,310546,0.0,0.0
2023-09-08 00:00:00+09:00,43306.06171073718,44118.8970713141,43035.11659054487,44028.58203125,552319,0.0,0.0
2023-09-11 00:00:00+09:00,43712.47425717213,44254.364433913935,43531.84419825819,44073.734375,445423,0.0,0.0
2023-09-12 00:00:00+09:00,44254.368456332995,44344.68349399898,43802.793268003064,44209.2109375,511524,0.0,0.0
2023-09-13 00:00:00+09:00,44118.8925506162,45022.04285871479,44073.73503521127,44886.5703125,758780,0.0,0.0
2023-09-14 00:00:00+09:00,44931.73077222361,45338.1484375,44705.94318040339,45338.1484375,746683,0.0,0.0
2023-09-15 00:00:00+09:00,45428.462309337796,45609.092378162204,44976.88713727678,45518.77734375,786173,0.0,0.0
2023-09-18 00:00:00+09:00,45157.51741247535,45880.03769107495,45157.51741247535,45789.72265625,668245,0.0,0.0
2023-09-19 00:00:00+09:00,45880.040235918976,45970.355275753456,45247.83495707757,45699.41015625,715205,0.0,0.0
2023-09-20 00:00:00+09:00,45699.40762142505,45880.03769107495,45247.832447300294,45789.72265625,734557,0.0,0.0
2023-09-21 00:00:00+09:00,45428.462516950196,46060.66776072485,45428.462516950196,45789.72265625,1044834,0.0,0.0
2023-09-22 00:00:00+09:00,45338.15287120841,46331.61837237035,44976.89268896771,46150.98828125,1351955,0.0,0.0
2023-09-25 00:00:00+09:00,46331.61307444853,46421.92810968137,45880.03789828431,46060.66796875,920411,0.0,0.0
2023-09-26 00:00:00+09:00,46088.21486650486,47557.1619538835,45812.78728762136,47281.734375,964467,830.0,0.0
2023-09-27 00:00:00+09:00,46914.494658954325,47924.39571814903,46363.63953575721,47740.77734375,915823,0.0,0.0
2023-10-04 00:00:00+09:00,47189.92421717807,47557.160981514084,45399.64499103999,45629.16796875,1824321,0.0,0.0
2023-10-05 00:00:00+09:00,45491.45441889413,45537.35901467505,43701.17518343815,43792.984375,1599102,0.0,0.0
2023-10-06 00:00:00+09:00,43792.98246832989,44573.36056262927,43792.98246832989,44389.7421875,442598,0.0,0.0
2023-10-10 00:00:00+09:00,44940.60081129808,46271.83413461539,44848.79161658654,45353.7421875,732837,0.0,0.0
2023-10-11 00:00:00+09:00,45307.832738209356,45537.355700408996,44802.88222137014,44894.69140625,598443,0.0,0.0
2023-10-12 00:00:00+09:00,44848.785637570014,45170.117776221996,44619.26268139002,45078.30859375,702805,0.0,0.0
2023-10-13 00:00:00+09:00,44665.17278102747,45353.74173448627,44481.554393438455,45124.21875,410301,0.0,0.0
2023-10-16 00:00:00+09:00,44848.78716856061,45812.78361742424,44802.882575757576,45445.546875,589968,0.0,0.0
2023-10-17 00:00:00+09:00,45766.87607421875,46088.208203124996,45307.83017578125,45904.58984375,437300,0.0,0.0
2023-10-18 00:00:00+09:00,45858.68466972306,46180.01679453593,45766.87549120509,45996.3984375,431596,0.0,0.0
2023-10-19 00:00:00+09:00,45766.87820343564,46180.01953125,45491.4506515594,46180.01953125,410610,0.0,0.0
2023-10-20 00:00:00+09:00,45996.40353362976,46088.21272231964,45675.07137321518,45812.78515625,447873,0.0,0.0
2023-10-23 00:00:00+09:00,45904.592803030304,45904.592803030304,45353.737689393936,45445.546875,362243,0.0,0.0
2023-10-24 00:00:00+09:00,45675.06640625,45996.398531721105,45307.829691425875,45675.06640625,348191,0.0,0.0
2023-10-25 00:00:00+09:00,45766.88175537601,45904.59554200201,45629.16796875,45629.16796875,266126,0.0,0.0
2023-10-26 00:00:00+09:00,45445.55032519036,45675.07330663071,45078.31355488578,45216.02734375,536053,0.0,0.0
2023-10-27 00:00:00+09:00,45629.16524621212,45675.06983901515,45216.02391098485,45445.546875,292193,0.0,0.0
2023-10-30 00:00:00+09:00,45537.35439838221,45766.87735401921,45353.7360338726,45399.640625,503736,0.0,0.0
2023-10-31 00:00:00+09:00,45720.978509664295,45720.978509664295,44986.504959308244,45124.21875,589992,0.0,0.0
2023-11-01 00:00:00+09:00,45124.20869458206,45445.54080125762,44848.78117457444,45170.11328125,392201,0.0,0.0
2023-11-02 00:00:00+09:00,45353.73662297366,45583.25958159195,45124.213664355375,45307.83203125,520130,0.0,0.0
2023-11-03 00:00:00+09:00,45629.16737261546,45996.40413215361,45124.2168282505,45720.9765625,339393,0.0,0.0
2023-11-06 00:00:00+09:00,45491.45358778866,45720.9765625,44894.69385353916,45720.9765625,940508,0.0,0.0
2023-11-07 00:00:00+09:00,45307.83653632614,45491.45492147843,45170.12274746193,45216.02734375,396697,0.0,0.0
2023-11-08 00:00:00+09:00,45353.73636040806,45399.640951865964,44389.739939792096,44435.64453125,770691,0.0,0.0
2023-11-09 00:00:00+09:00,44573.36065348061,45583.26171875,44573.36065348061,45583.26171875,535546,0.0,0.0
2023-11-10 00:00:00+09:00,45491.452995835425,45904.594344939884,45353.7392128006,45812.78515625,427974,0.0,0.0
2023-11-13 00:00:00+09:00,45858.69186146041,46271.83322958167,45629.16887917082,46088.21484375,417731,0.0,0.0
2023-11-14 00:00:00+09:00,46455.44511452242,47098.109375,45996.39921418129,47098.109375,769125,0.0,0.0
2023-11-15 00:00:00+09:00,47465.34609527291,47557.15527534113,46822.68183479532,47098.109375,954723,0.0,0.0
2023-11-16 00:00:00+09:00,47281.73285377935,47648.96961380871,46914.49609375,46914.49609375,564636,0.0,0.0
2023-11-17 00:00:00+09:00,47098.113619942196,47648.96875,47098.113619942196,47648.96875,684075,0.0,0.0
2023-11-20 00:00:00+09:00,47648.96815655048,48108.014092548074,47557.15896935096,47740.77734375,511184,0.0,0.0
2023-11-21 00:00:00+09:00,47740.77675143954,48016.20430962092,46639.06651871401,47832.5859375,754456,0.0,0.0
2023-11-22 00:00:00+09:00,47189.922220552886,47924.39571814903,47189.922220552886,47740.77734375,416890,0.0,0.0
2023-11-23 00:00:00+09:00,47373.54059495192,48016.20490534855,47373.54059495192,47740.77734375,530676,0.0,0.0
2023-11-24 00:00:00+09:00,47648.96934574083,47648.96934574083,47373.541777268336,47557.16015625,569869,0.0,0.0
2023-11-27 00:00:00+09:00,47648.97086027299,48016.207629909004,47373.54328304598,47924.3984375,563515,0.0,0.0
2023-11-28 00:00:00+09:00,47924.39394120459,48199.82149259082,47648.96638981836,48016.203125,693039,0.0,0.0
2023-11-29 00:00:00+09:00,47740.777938342966,48291.63306840077,47373.541184971094,47648.96875,805971,0.0,0.0
2023-11-30 00:00:00+09:00,47465.35247545499,47924.3984375,46455.45135895594,47924.3984375,6744768,0.0,0.0
2023-12-01 00:00:00+09:00,47373.54110054348,47465.350288722824,46363.64003057065,46455.44921875,847745,0.0,0.0
2023-12-04 00:00:00+09:00,46639.067595108696,46822.68597146739,46088.21246603261,46455.44921875,517886,0.0,0.0
2023-12-05 00:00:00+09:00,46547.256267084995,46730.87463500249,45996.401163332506,46180.01953125,566152,0.0,0.0
2023-12-06 00:00:00+09:00,46088.21338368395,46914.49609375,46088.21338368395,46914.49609375,536158,0.0,0.0
2023-12-07 00:00:00+09:00,46455.451615413345,46547.260808329185,45720.978072086655,46088.21484375,750348,0.0,0.0
2023-12-08 00:00:00+09:00,46180.02191100952,46271.8310996994,45720.97596756012,45812.78515625,555307,0.0,0.0
2023-12-11 00:00:00+09:00,45904.58984375,46271.8265625,45675.06689453125,45904.58984375,552406,0.0,0.0
2023-12-12 00:00:00+09:00,45996.40519425675,46088.21438626126,45675.07302224099,45858.69140625,775732,0.0,0.0
2023-12-13 00:00:00+09:00,45629.16677887024,45858.68975059494,45445.54840149048,45812.78515625,678320,0.0,0.0
2023-12-14 00:00:00+09:00,45904.59408967391,46455.44921875,45583.261931046196,46455.44921875,1262024,0.0,0.0
2023-12-15 00:00:00+09:00,45996.40057663691,46271.828125,45812.78221106151,46271.828125,650161,0.0,0.0
2023-12-18 00:00:00+09:00,46271.8265625,46271.8265625,45858.685253906246,45904.58984375,464358,0.0,0.0
2023-12-19 00:00:00+09:00,45858.68975059494,45904.594344939884,45491.452995835425,45812.78515625,458499,0.0,0.0
2023-12-20 00:00:00+09:00,45675.06689453125,45904.58984375,45675.06689453125,45904.58984375,623703,0.0,0.0
2023-12-21 00:00:00+09:00,45720.97090194611,45996.3984375,45629.161723428144,45996.3984375,396233,0.0,0.0
2023-12-22 00:00:00+09:00,45904.59600225225,45904.59600225225,45720.97761824324,45858.69140625,493292,0.0,0.0
2023-12-26 00:00:00+09:00,45858.685253906246,46180.0173828125,45812.7806640625,45904.58984375,899507,0.0,0.0
2023-12-27 00:00:00+09:00,46185.9296875,46279.70822493655,46045.26188134518,46185.9296875,622249,1050.0,0.0
2023-12-28 00:00:00+09:00,46185.9293132485,47170.603948353295,46139.04004491018,46983.046875,726473,0.0,0.0
2024-01-02 00:00:00+09:00,46514.15402902903,46889.268174424426,46279.70768815691,46842.37890625,446054,0.0,0.0
2024-01-03 00:00:00+09:00,46514.15336879432,46795.48897384752,46185.92849623226,46279.70703125,426315,0.0,0.0
2024-01-04 00:00:00+09:00,46232.81657608696,46514.15217391304,46232.81657608696,46373.484375,284608,0.0,0.0
2024-01-05 00:00:00+09:00,46373.48556626773,46420.374833776594,46045.26069370567,46279.70703125,241598,0.0,0.0
2024-01-08 00:00:00+09:00,46326.59579498977,46326.59579498977,45763.92459100204,45857.703125,377337,0.0,0.0
2024-01-09 00:00:00+09:00,46139.040418781726,46185.9296875,45810.815537753806,46185.9296875,334751,0.0,0.0
2024-01-10 00:00:00+09:00,46139.04537627551,46139.04537627551,45904.59900749363,45951.48828125,369228,0.0,0.0
2024-01-11 00:00:00+09:00,46232.824071719224,46420.381167344865,45951.48842828077,46092.15625,489791,0.0,0.0
2024-01-12 00:00:00+09:00,46139.040580718625,46326.59765625,45998.37277407009,46326.59765625,293061,0.0,0.0
2024-01-15 00:00:00+09:00,46326.596298758865,46373.48556626773,46092.149961214534,46279.70703125,23834,0.0,0.0
2024-01-16 00:00:00+09:00,46092.1509873027,46279.7080615135,45998.372450197305,46045.26171875,188806,0.0,0.0
2024-01-17 00:00:00+09:00,46279.70838736716,46701.71180731276,46232.819118484316,46326.59765625,456078,0.0,0.0
2024-01-18 00:00:00+09:00,46420.37619401569,46467.26546289853,46232.819118484316,46326.59765625,321019,0.0,0.0
2024-01-19 00:00:00+09:00,46185.92730978261,46420.37364130435,45951.48097826087,46373.484375,368329,0.0,0.0
2024-01-22 00:00:00+09:00,46420.37364130435,46889.266304347824,46373.484375,46373.484375,411009,0.0,0.0
2024-01-23 00:00:00+09:00,46748.60074704048,46748.60074704048,45998.372450197305,46045.26171875,420668,0.0,0.0
2024-01-24 00:00:00+09:00,46045.26052782012,46326.596131859755,45998.371260480184,46139.0390625,317518,0.0,0.0
2024-01-25 00:00:00+09:00,46139.040580718625,46373.48692513285,45998.37277407009,46326.59765625,262668,0.0,0.0
2024-01-26 00:00:00+09:00,46092.15281628024,46654.82406123992,46092.15281628024,46514.15625,272162,0.0,0.0
2024-01-29 00:00:00+09:00,46514.15625,46795.49187247983,46373.488438760076,46514.15625,343201,0.0,0.0
2024-01-30 00:00:00+09:00,46514.155375,46889.26953125,46467.26610546875,46889.26953125,304804,0.0,0.0
2024-01-31 00:00:00+09:00,46842.38176979582,47264.385209163345,46842.38176979582,47076.828125,487063,0.0,0.0
2024-02-01 00:00:00+09:00,47076.82488004429,47639.49609375,47076.82488004429,47639.49609375,795709,0.0,0.0
2024-02-02 00:00:00+09:00,47358.1586263668,47733.2727541004,46842.3767007331,47170.6015625,879282,0.0,0.0
2024-02-05 00:00:00+09:00,47264.3828125,47639.496961805555,46795.490125868055,47264.3828125,745876,0.0,0.0
2024-02-06 00:00:00+09:00,47545.717226175744,47639.49576113861,47076.82455136139,47358.16015625,678788,0.0,0.0
2024-02-07 00:00:00+09:00,47358.158465826025,48295.94378198099,47358.158465826025,48108.38671875,799715,0.0,0.0
2024-02-08 00:00:00+09:00,48295.94584307333,48295.94584307333,47639.49609375,47639.49609375,617304,0.0,0.0
2024-02-13 00:00:00+09:00,47827.05563583815,48671.0625,47827.05563583815,48671.0625,1031204,0.0,0.0
2024-02-14 00:00:00+09:00,48202.16677791262,48764.83798543689,48108.388243325244,48295.9453125,500110,0.0,0.0
2024-02-15 00:00:00+09:00,48764.84224179536,48764.84224179536,48202.17098515926,48577.28515625,298605,0.0,0.0
2024-02-16 00:00:00+09:00,48952.39572336852,48952.39572336852,48389.72450815739,48858.6171875,439857,0.0,0.0
2024-02-19 00:00:00+09:00,48858.619336306714,49702.62619624291,48764.8407963138,49608.84765625,684781,0.0,0.0
2024-02-20 00:00:00+09:00,49796.40299842877,50359.07421875,49608.84592498836,50359.07421875,860757,0.0,0.0
2024-02-21 00:00:00+09:00,50265.295021186445,50265.295021186445,49327.50966631356,49796.40234375,629508,0.0,0.0
2024-02-22 00:00:00+09:00,49796.40714688093,49983.96423594639,48764.84315702087,49421.29296875,593125,0.0,0.0
2024-02-23 00:00:00+09:00,49515.06640625,49702.62347597064,48952.395197088066,49515.06640625,414128,0.0,0.0
2024-02-26 00:00:00+09:00,49421.29057626418,49608.84765625,48952.39787629963,49608.84765625,399359,0.0,0.0
2024-02-27 00:00:00+09:00,49702.62555270077,49702.62555270077,48858.618703692635,49046.17578125,396312,0.0,0.0
2024-02-28 00:00:00+09:00,48952.39486607143,49327.50900297619,48858.61633184524,49233.73046875,394453,0.0,0.0
2024-02-29 00:00:00+09:00,49233.73587968454,49796.40714688093,48952.400246086334,49421.29296875,721521,0.0,0.0
2024-03-04 00:00:00+09:00,49327.50712139423,49796.39977463942,48764.8359375,48764.8359375,517787,0.0,0.0
2024-03-05 00:00:00+09:00,48671.06011576296,49046.17425923704,48389.72450815739,48858.6171875,381089,0.0,0.0
2024-03-06 00:00:00+09:00,48764.84524664751,49327.51653795498,48764.84524664751,48952.40234375,409942,0.0,0.0
2024-03-07 00:00:00+09:00,49139.952795105564,49139.952795105564,48764.83865163148,48858.6171875,417327,0.0,0.0
2024-03-08 00:00:00+09:00,49421.287537202385,49608.84460565476,48858.61633184524,49233.73046875,554403,0.0,0.0
2024-03-11 00:00:00+09:00,49233.73798940374,49327.51653795498,48952.40234375,48952.40234375,294717,0.0,0.0
2024-03-12 00:00:00+09:00,49327.51171875,49327.51171875,48858.61902180371,49327.51171875,428256,0.0,0.0
2024-03-13 00:00:00+09:00,49515.066737288136,49983.95941472458,49327.50966631356,49796.40234375,479441,0.0,0.0
2024-03-14 00:00:00+09:00,50077.738932291664,51765.752604166664,49890.18185763889,50640.41015625,1174756,0.0,0.0
2024-03-15 00:00:00+09:00,50640.4091631356,50827.96623411017,49702.62380826272,49796.40234375,520565,0.0,0.0
2024-03-18 00:00:00+09:00,50171.51921551927,50171.51921551927,49233.73380962171,49890.18359375,457490,0.0,0.0
2024-03-19 00:00:00+09:00,49608.84797198074,50265.29775610902,49421.290890801225,49890.18359375,471419,0.0,0.0
2024-03-20 00:00:00+09:00,50077.739150943395,50265.29622641509,49702.625,49702.625,309632,0.0,0.0
2024-03-21 00:00:00+09:00,49890.18359375,50171.51921551927,49702.62651257049,49890.18359375,460178,0.0,0.0
2024-03-22 00:00:00+09:00,49890.18359375,50077.74067492951,49796.40505316025,49890.18359375,373675,0.0,0.0
2024-03-25 00:00:00+09:00,49890.182399155725,50171.51801418856,49890.182399155725,49983.9609375,271654,0.0,0.0
2024-03-26 00:00:00+09:00,50171.51628927911,51015.523105360444,49890.18068391867,50734.1875,501932,0.0,0.0
2024-03-27 00:00:00+09:00,50265.294824399265,51015.523105360444,50171.51628927911,50734.1875,424671,0.0,0.0
2024-03-28 00:00:00+09:00,50953.237203916506,51524.67537816604,50762.7578125,50762.7578125,471097,830.0,0.0
2024-03-29 00:00:00+09:00,50762.76136904762,50762.76136904762,50000.84375,50000.84375,382896,0.0,0.0
2024-04-01 00:00:00+09:00,50000.84018049569,50096.07987607759,49429.40200700431,49715.12109375,283194,0.0,0.0
2024-04-02 00:00:00+09:00,49238.92471177184,49715.12320995145,48953.205612864076,49048.4453125,490476,0.0,0.0
2024-04-03 00:00:00+09:00,48857.96518841912,49048.444584865196,48477.00639552696,48572.24609375,474538,0.0,0.0
2024-04-04 00:00:00+09:00,49048.44567847753,49905.60298159656,48953.20597813098,49810.36328125,457435,0.0,0.0
2024-04-05 00:00:00+09:00,49048.44637784091,49810.36399147727,48762.72727272727,49238.92578125,385697,0.0,0.0
2024-04-08 00:00:00+09:00,49048.4474349711,49715.125361271676,48857.96802745665,49429.40625,383919,0.0,0.0
2024-04-09 00:00:00+09:00,49619.883159387064,49715.12285834942,49143.68466457529,49334.1640625,284298,0.0,0.0
2024-04-11 00:00:00+09:00,48477.003578186035,48953.20204162598,48477.003578186035,48762.72265625,641867,0.0,0.0
2024-04-12 00:00:00+09:00,48477.0095993193,48762.728712871285,47810.33166769802,48096.05078125,584064,0.0,0.0
2024-04-15 00:00:00+09:00,48096.05183678501,48381.77095660749,47715.09301035503,48286.53125,322663,0.0,0.0
2024-04-16 00:00:00+09:00,47905.57242357002,48477.01066321499,47810.332716962526,48286.53125,377635,0.0,0.0
2024-04-17 00:00:00+09:00,48381.764879473165,48477.0045741178,47905.56640625,47905.56640625,260423,0.0,0.0
2024-04-18 00:00:00+09:00,48096.05183678501,48477.01066321499,48000.81213017752,48286.53125,259449,0.0,0.0
2024-04-19 00:00:00+09:00,47905.56532248004,48286.524092440115,47619.846245009976,47715.0859375,515479,0.0,0.0
2024-04-22 00:00:00+09:00,48191.287300857846,48667.48579197304,48000.80790441176,48572.24609375,431700,0.0,0.0
2024-04-23 00:00:00+09:00,48667.487214513756,48762.72691552063,48286.52841048625,48477.0078125,284214,0.0,0.0
2024-04-24 00:00:00+09:00,48857.967687438846,48857.967687438846,48572.24857815558,48667.48828125,254099,0.0,0.0
2024-04-25 00:00:00+09:00,48381.76669730392,49048.444584865196,48381.76669730392,48572.24609375,333001,0.0,0.0
2024-04-26 00:00:00+09:00,48762.72904483431,49048.44816033138,48572.24963450293,48857.96875,258398,0.0,0.0
2024-04-29 00:00:00+09:00,48857.96234893799,49048.441734313965,48667.48296356201,48762.72265625,435081,0.0,0.0
2024-04-30 00:00:00+09:00,48762.72904483431,49048.44816033138,48572.24963450293,48857.96875,475962,0.0,0.0
2024-05-02 00:00:00+09:00,48572.24609375,48953.204886642154,47905.56820618873,48572.24609375,309494,0.0,0.0
2024-05-03 00:00:00+09:00,48572.24893885334,48667.488642655015,48286.52982744833,48381.76953125,325457,0.0,0.0
2024-05-07 00:00:00+09:00,48667.48933966862,49048.44816033138,48572.24963450293,48857.96875,470079,0.0,0.0
2024-05-08 00:00:00+09:00,48953.208455165695,49048.44816033138,48667.48933966862,48857.96875,307570,0.0,0.0
2024-05-09 00:00:00+09:00,48953.20526665058,49334.1640625,48857.965567688225,49334.1640625,575327,0.0,0.0
2024-05-10 00:00:00+09:00,49619.882469584925,50286.560353053435,49429.403074308204,49905.6015625,443963,0.0,0.0
2024-05-13 00:00:00+09:00,50000.84233157082,50381.801130287546,49619.88353285409,50096.08203125,313968,0.0,0.0
2024-05-14 00:00:00+09:00,50096.08309659091,50286.5625,50000.84339488636,50286.5625,250879,0.0,0.0
2024-05-16 00:00:00+09:00,50381.79786658654,50381.79786658654,49429.40093149039,49524.640625,918037,0.0,0.0
2024-05-17 00:00:00+09:00,49334.1640625,49715.12285834942,49238.92436353765,49334.1640625,301907,0.0,0.0
2024-05-20 00:00:00+09:00,49429.40093149039,50000.83909254808,49238.92154447115,49524.640625,339945,0.0,0.0
2024-05-21 00:00:00+09:00,49524.64595375723,49619.88565751445,49048.4474349711,49429.40625,303856,0.0,0.0
2024-05-22 00:00:00+09:00,49524.64170258621,49810.3607893319,49238.92261584052,49715.12109375,313496,0.0,0.0
2024-05-23 00:00:00+09:00,49524.64595375723,49715.125361271676,49429.40625,49429.40625,278104,0.0,0.0
2024-05-24 00:00:00+09:00,49334.1640625,49429.40376146235,48857.965567688225,49334.1640625,293308,0.0,0.0
2024-05-27 00:00:00+09:00,49334.16123798077,49619.88031850962,49048.44215745192,49524.640625,284856,0.0,0.0
2024-05-28 00:00:00+09:00,49238.92329063711,49429.40268441134,49048.44389686289,49143.68359375,298101,0.0,0.0
2024-05-29 00:00:00+09:00,48762.725868725865,49334.1640625,48762.725868725865,49334.1640625,375020,0.0,0.0
2024-05-30 00:00:00+09:00,48857.966974431816,49810.36399147727,48857.966974431816,49238.92578125,495056,0.0,0.0
2024-05-31 00:00:00+09:00,49715.12247242647,49810.36217064951,48572.24609375,48572.24609375,1284378,0.0,0.0
2024-06-03 00:00:00+09:00,48953.205612864076,49334.164411407764,48762.72621359223,49048.4453125,444118,0.0,0.0
2024-06-04 00:00:00+09:00,48667.48828125,48857.967687438846,48572.24857815558,48667.48828125,512427,0.0,0.0
2024-06-05 00:00:00+09:00,49048.4453125,49238.92471177184,48667.48651395631,49048.4453125,526779,0.0,0.0
2024-06-07 00:00:00+09:00,49143.687138728324,49524.64595375723,49048.4474349711,49429.40625,456623,0.0,0.0
2024-06-10 00:00:00+09:00,49048.446733645425,49238.92613843628,48857.967328854575,48953.20703125,419669,0.0,0.0
2024-06-11 00:00:00+09:00,48953.207390533265,48953.207390533265,48572.24857815558,48667.48828125,554710,0.0,0.0
2024-06-12 00:00:00+09:00,48572.24963450293,48953.208455165695,48477.00992933723,48857.96875,374966,0.0,0.0
2024-06-13 00:00:00+09:00,49143.68679672211,49238.92649981654,48667.48828125,48667.48828125,752600,0.0,0.0
2024-06-14 00:00:00+09:00,48572.24751350688,48762.72691552063,48477.0078125,48477.0078125,659465,0.0,0.0
2024-06-17 00:00:00+09:00,48381.76669730392,48667.48579197304,48286.52699908088,48572.24609375,522604,0.0,0.0
2024-06-18 00:00:00+09:00,48572.24681432039,49048.4453125,48381.76741504854,49048.4453125,621638,0.0,0.0
2024-06-19 00:00:00+09:00,48953.20204162598,49048.441734313965,48667.48296356201,48762.72265625,410447,0.0,0.0
2024-06-20 00:00:00+09:00,48762.72265625,48857.96234893799,48667.48296356201,48762.72265625,344789,0.0,0.0
2024-06-21 00:00:00+09:00,48857.963833512935,49715.12109375,48667.48444234914,49715.12109375,724315,0.0,0.0
2024-06-24 00:00:00+09:00,49334.16337666985,49905.6015625,49238.92367903149,49905.6015625,371485,0.0,0.0
2024-06-25 00:00:00+09:00,49905.60298159656,49905.60298159656,49429.40447986377,49810.36328125,362479,0.0,0.0
2024-06-26 00:00:00+09:00,49524.640625,49619.88031850962,49334.16123798077,49524.640625,501576,0.0,0.0
2024-06-27 00:00:00+09:00,49553.68093385214,49747.25,49263.32733463035,49747.25,506768,830.0,0.0
2024-06-28 00:00:00+09:00,49844.03125,49844.03125,49360.108616504855,49844.03125,486619,0.0,0.0
2024-07-01 00:00:00+09:00,49553.677669902914,49844.03125,49456.89314320388,49844.03125,320898,0.0,0.0
2024-07-02 00:00:00+09:00,49553.67891682785,50037.6015625,49456.89438769342,50037.6015625,362880,0.0,0.0
2024-07-03 00:00:00+09:00,50037.59839630127,50037.59839630127,49553.67578125,49553.67578125,353040,0.0,0.0
2024-07-04 00:00:00+09:00,49553.677669902914,49844.03125,49553.677669902914,49844.03125,311132,0.0,0.0
2024-07-05 00:00:00+09:00,49844.03187833091,50134.385462088176,49650.46282249273,49940.81640625,333496,0.0,0.0
2024-07-08 00:00:00+09:00,49844.03453307393,49940.81906614786,49650.46546692607,49747.25,214401,0.0,0.0
2024-07-09 00:00:00+09:00,49747.249375609164,49844.03390746832,49553.680311890836,49650.46484375,253292,0.0,0.0
2024-07-10 00:00:00+09:00,49553.67578125,49747.24482727051,49553.67578125,49553.67578125,321727,0.0,0.0
2024-07-11 00:00:00+09:00,49940.81689173041,50618.30859375,49650.46330515057,50618.30859375,825544,0.0,0.0
2024-07-12 00:00:00+09:00,50618.30859375,50715.09312260994,50134.38594945029,50618.30859375,540656,0.0,0.0
2024-07-15 00:00:00+09:00,50424.739536030116,50618.30859375,50231.17047831023,50618.30859375,287799,0.0,0.0
2024-07-16 00:00:00+09:00,50521.52330433238,51199.01499615294,50327.95424952651,51102.23046875,670318,0.0,0.0
2024-07-17 00:00:00+09:00,51295.800153591685,51682.93826795841,50715.092982041584,51199.015625,647981,0.0,0.0
2024-07-18 00:00:00+09:00,51295.798643320966,52263.643900742114,50811.87601461039,52166.859375,1055163,0.0,0.0
2024-07-19 00:00:00+09:00,51876.50579777365,52166.859375,51295.798643320966,52166.859375,436959,0.0,0.0
2024-07-22 00:00:00+09:00,52070.07421875,52166.85874332017,51392.58254675883,52070.07421875,419813,0.0,0.0
2024-07-23 00:00:00+09:00,51682.94140625,52070.07954412453,51682.94140625,51682.94140625,266708,0.0,0.0
2024-07-24 00:00:00+09:00,51489.36907126169,51973.29171290888,51199.01548627337,51779.72265625,298013,0.0,0.0
2024-07-25 00:00:00+09:00,52070.07610328096,52941.13685593808,51973.29157520795,52360.4296875,1018590,0.0,0.0
2024-07-26 00:00:00+09:00,52650.783902214025,52747.56843144604,52166.86125605397,52457.21484375,427643,0.0,0.0
2024-07-29 00:00:00+09:00,52457.21484375,52650.783902214025,52263.64578528598,52457.21484375,289528,0.0,0.0
2024-07-30 00:00:00+09:00,51586.156529017855,53134.70907022664,51586.156529017855,52844.35546875,482511,0.0,0.0
2024-07-31 00:00:00+09:00,53037.92138401109,53134.70591208411,51876.50704713494,52360.4296875,678732,0.0,0.0
2024-08-01 00:00:00+09:00,52070.07749941807,52650.78468342644,51973.29296875,51973.29296875,331608,0.0,0.0
2024-08-02 00:00:00+09:00,51973.292197589944,53231.49107760609,51973.292197589944,52457.21484375,810806,0.0,0.0
2024-08-05 00:00:00+09:00,52360.43156912331,52457.21610067437,49360.11109104046,50231.171875,1156229,0.0,0.0
2024-08-06 00:00:00+09:00,51199.01655254585,51682.939204271235,50134.38671875,50134.38671875,872052,0.0,0.0
2024-08-07 00:00:00+09:00,50811.8777087135,53134.70640396898,50715.09317974452,53037.921875,1332415,0.0,0.0
2024-08-08 00:00:00+09:00,53037.919347426476,54586.47173713236,52553.99672564339,52650.78125,837535,0.0,0.0
2024-08-09 00:00:00+09:00,52650.780510018216,53425.05669398907,52263.64241803279,53134.703125,517655,0.0,0.0
2024-08-12 00:00:00+09:00,53231.49171270718,53521.845303867405,52166.86187845304,52554.0,375288,0.0,0.0
2024-08-13 00:00:00+09:00,52553.99860746115,53134.705774394424,52360.42955181673,52941.13671875,355119,0.0,0.0
2024-08-14 00:00:00+09:00,53037.91923295454,53231.48828125,52553.99661221591,53231.48828125,414406,0.0,0.0
2024-08-16 00:00:00+09:00,53328.27750860091,53521.84657396789,52747.5703125,52747.5703125,348625,0.0,0.0
2024-08-19 00:00:00+09:00,53037.923746597095,53425.0618761343,52941.139214212795,53328.27734375,347178,0.0,0.0
2024-08-20 00:00:00+09:00,53037.91860200364,53618.625739981784,53037.91860200364,53134.703125,495123,0.0,0.0
2024-08-21 00:00:00+09:00,53328.27406731205,53618.62764662591,53134.70501443614,53425.05859375,260321,0.0,0.0
2024-08-22 00:00:00+09:00,53425.05922242315,53521.84375,53231.49016726944,53521.84375,226614,0.0,0.0
2024-08-23 00:00:00+09:00,53715.41391627674,54683.25921206551,53618.62938669787,54296.12109375,725559,0.0,0.0
2024-08-26 00:00:00+09:00,54199.3359375,54392.904994419645,53812.19782366072,54199.3359375,320875,0.0,0.0
2024-08-27 00:00:00+09:00,54392.90562332888,54392.90562332888,53908.9829754345,54296.12109375,399600,0.0,0.0
2024-08-28 00:00:00+09:00,54199.334677419356,54489.68825604839,53521.84299395161,54005.765625,523484,0.0,0.0
2024-08-29 00:00:00+09:00,53521.84312018795,53715.41217306386,53037.92048799819,53425.05859375,443953,0.0,0.0
2024-08-30 00:00:00+09:00,53425.05859375,53715.41217306386,53231.48954087409,53425.05859375,473529,0.0,0.0
2024-09-02 00:00:00+09:00,53618.62764662591,53618.62764662591,52941.135961560234,53425.05859375,283009,0.0,0.0
2024-09-03 00:00:00+09:00,53425.05896017699,54683.2578125,53328.274433075225,54683.2578125,474257,0.0,0.0
2024-09-04 00:00:00+09:00,55457.53466624338,55554.319194456715,53812.19768661661,54780.04296875,980856,0.0,0.0
2024-09-05 00:00:00+09:00,55070.400301846596,55651.10751065341,54780.046697443184,55360.75390625,859271,0.0,0.0
2024-09-06 00:00:00+09:00,55554.318920307094,56909.302308607264,55360.74986483564,55941.45703125,1322629,0.0,0.0
2024-09-09 00:00:00+09:00,55360.74950221239,55941.45666482301,54296.11970409292,54683.2578125,718314,0.0,0.0
2024-09-10 00:00:00+09:00,54973.61265432099,55554.31983024692,54392.90547839506,54876.828125,297034,0.0,0.0
2024-09-11 00:00:00+09:00,55360.749241767764,56812.51714146447,55263.96471512132,55844.671875,580552,0.0,0.0
2024-09-12 00:00:00+09:00,55554.32201436535,56425.3828125,55457.53748123928,56425.3828125,752045,0.0,0.0
2024-09-13 00:00:00+09:00,56328.598279373924,56425.3828125,55941.460146869635,56425.3828125,324760,0.0,0.0
2024-09-19 00:00:00+09:00,56038.2414249786,57102.871227525684,56038.2414249786,56522.1640625,776467,0.0,0.0
2024-09-20 00:00:00+09:00,56522.16625,56618.95078125,55263.96734375,55651.10546875,726714,0.0,0.0
2024-09-23 00:00:00+09:00,55941.45765867875,56328.59577396373,55651.10407221502,56038.2421875,338128,0.0,0.0
2024-09-24 00:00:00+09:00,56328.59577396373,56522.16483160621,55651.10407221502,56038.2421875,395226,0.0,0.0
2024-09-25 00:00:00+09:00,56135.02558559545,56425.3791662106,54973.61126313485,55263.96484375,686856,0.0,0.0
2024-09-26 00:00:00+09:00,55167.18204471983,56425.380933459055,54973.612984913794,56135.02734375,735619,0.0,0.0
2024-09-27 00:00:00+09:00,56360.86493761042,56459.05459778048,55182.58901556979,55575.34765625,716790,830.0,0.0
2024-09-30 00:00:00+09:00,55771.72646466905,56164.48510174419,54789.829871981216,54888.01953125,636301,0.0,0.0
2024-10-02 00:00:00+09:00,53807.93196380395,55182.587159959534,53709.7423069357,54593.44921875,614782,0.0,0.0
2024-10-04 00:00:00+09:00,55673.53515625,56164.483438051146,55182.58687444885,55673.53515625,473894,0.0,0.0
2024-10-07 00:00:00+09:00,55477.15799607995,55869.91663676016,54888.02003505963,55575.34765625,398337,0.0,0.0
2024-10-08 00:00:00+09:00,55084.397380598726,55084.397380598726,53611.552530850095,53709.7421875,746533,0.0,0.0
2024-10-10 00:00:00+09:00,54593.447869575044,54789.827178458414,53709.74097959991,54298.87890625,666236,0.0,0.0
2024-10-11 00:00:00+09:00,54789.83028500898,55182.58892504489,54200.69232495512,54691.640625,283051,0.0,0.0
2024-10-14 00:00:00+09:00,54986.20837033748,55477.15665935835,54495.26008131661,55280.77734375,309695,0.0,0.0
2024-10-15 00:00:00+09:00,55378.96565290179,55771.72427455357,54691.63806501116,54986.20703125,306748,0.0,0.0
2024-10-16 00:00:00+09:00,54004.31008118328,55378.965246886124,54004.31008118328,55182.5859375,877676,0.0,0.0
2024-10-17 00:00:00+09:00,55084.3983313519,55477.15696473052,54004.312089560684,54200.69140625,446054,0.0,0.0
2024-10-18 00:00:00+09:00,54495.25835464858,55771.723865658365,54495.25835464858,55182.5859375,617401,0.0,0.0
2024-10-21 00:00:00+09:00,55477.15665935835,55771.72563277087,54888.0187125333,55280.77734375,353829,0.0,0.0
2024-10-22 00:00:00+09:00,55280.77876358696,56655.43400815217,55182.58910326087,56459.0546875,636750,0.0,0.0
2024-10-23 00:00:00+09:00,56459.05240713183,56655.43171985229,55575.345499889765,55673.53515625,480944,0.0,0.0
2024-10-24 00:00:00+09:00,56066.296459151396,56655.43442544721,55771.72747600349,56262.67578125,913253,0.0,0.0
2024-10-25 00:00:00+09:00,56655.43400815217,56753.62366847826,56066.29604619565,56459.0546875,469558,0.0,0.0
2024-10-28 00:00:00+09:00,56459.055103348604,56655.43442544721,55771.72747600349,56262.67578125,369108,0.0,0.0
2024-10-29 00:00:00+09:00,56360.8636909965,56459.053348994756,55771.72574300699,56164.484375,299208,0.0,0.0
2024-10-30 00:00:00+09:00,55771.724406854126,55968.10371814587,54986.20716168717,55869.9140625,533063,0.0,0.0
2024-10-31 00:00:00+09:00,55182.58687444885,56262.67309441137,55182.58687444885,55673.53515625,643893,0.0,0.0
2024-11-01 00:00:00+09:00,55968.10546875,55968.10546875,55182.58819901316,55968.10546875,323062,0.0,0.0
2024-11-04 00:00:00+09:00,55673.53475120826,55968.10371814587,55280.77612862478,55869.9140625,392702,0.0,0.0
2024-11-05 00:00:00+09:00,55575.345907079645,55869.91487831859,55182.587278761064,55477.15625,323319,0.0,0.0
2024-11-06 00:00:00+09:00,55673.53740489131,56459.0546875,55084.39944293478,56459.0546875,428836,0.0,0.0
2024-11-07 00:00:00+09:00,56262.67536684783,56950.00298913044,55968.10638586956,56459.0546875,504129,0.0,0.0
2024-11-08 00:00:00+09:00,56753.62400265957,56851.81366356383,55280.77908909574,55378.96875,482126,0.0,0.0
2024-11-11 00:00:00+09:00,55084.39762168142,55673.53556415929,54986.207964601774,55477.15625,265563,0.0,0.0
2024-11-12 00:00:00+09:00,55182.58647297891,55968.10371814587,55084.396817333036,55869.9140625,420519,0.0,0.0
2024-11-13 00:00:00+09:00,55673.53556415929,56360.863163716815,55280.77693584071,55477.15625,505046,0.0,0.0
2024-11-14 00:00:00+09:00,55477.15841090425,55968.10671542553,55182.58942819149,55378.96875,453645,0.0,0.0
2024-11-15 00:00:00+09:00,55575.347146131484,55673.53680540027,54888.01953125,54888.01953125,314743,0.0,0.0
2024-11-18 00:00:00+09:00,54593.447869575044,55280.77545066682,54004.309942924956,54298.87890625,579130,0.0,0.0
2024-11-19 00:00:00+09:00,54200.69273648649,54986.21002252252,54200.69273648649,54495.26171875,366173,0.0,0.0
2024-11-20 00:00:00+09:00,54200.690310846556,55771.72481261023,54200.690310846556,55673.53515625,469638,0.0,0.0
2024-11-21 00:00:00+09:00,55280.77734375,56655.43255300844,55182.58768594583,55280.77734375,764786,0.0,0.0
2024-11-22 00:00:00+09:00,55771.72574300699,56262.67403299825,55673.53608500874,56164.484375,431178,0.0,0.0
2024-11-25 00:00:00+09:00,56164.485200264084,56262.674859705105,55575.34724361796,55771.7265625,731243,0.0,0.0
2024-11-26 00:00:00+09:00,55771.72545025729,57244.5703125,55771.72545025729,57244.5703125,614257,0.0,0.0
2024-11-27 00:00:00+09:00,57931.89824538935,60386.639696465165,57342.76029713115,59895.69140625,1693476,0.0,0.0
2024-11-28 00:00:00+09:00,59993.88198678862,60779.39926321139,59502.933689024394,60386.640625,669001,0.0,0.0
2024-11-29 00:00:00+09:00,60484.828532166124,60779.39750229031,59699.31127850163,60288.44921875,708851,0.0,0.0
2024-12-02 00:00:00+09:00,60681.206896551725,60681.206896551725,59306.55172413793,59797.5,827485,0.0,0.0
2024-12-03 00:00:00+09:00,60190.25848307292,60190.25848307292,58717.413658854166,58913.79296875,887790,0.0,0.0
2024-12-04 00:00:00+09:00,57342.760894982996,58815.60578098427,57244.57123591624,57735.51953125,1145912,0.0,0.0
2024-12-05 00:00:00+09:00,56950.003490120274,58030.089763208765,55968.106878221646,57146.3828125,688344,0.0,0.0
2024-12-06 00:00:00+09:00,57440.948275862065,57735.51724137931,56262.6724137931,56950.0,646596,0.0,0.0
2024-12-09 00:00:00+09:00,56066.29471700174,56459.053348994756,55477.15676901224,56164.484375,628419,0.0,0.0
2024-12-10 00:00:00+09:00,56655.43075789591,56949.99972197509,54986.20662811388,55182.5859375,1020849,0.0,0.0
2024-12-11 00:00:00+09:00,55280.77693584071,55673.53556415929,54986.207964601774,55477.15625,445384,0.0,0.0
2024-12-12 00:00:00+09:00,55575.345907079645,56262.67350663717,55477.15625,55477.15625,952526,0.0,0.0
2024-12-13 00:00:00+09:00,55771.725337543554,56459.052938534405,55378.96670840592,56360.86328125,456701,0.0,0.0
2024-12-16 00:00:00+09:00,56753.62150065104,57440.94909667969,56262.67321777344,56557.2421875,467240,0.0,0.0
2024-12-17 00:00:00+09:00,56557.24342105263,57048.19171463816,55477.15717516447,55968.10546875,621407,0.0,0.0
2024-12-18 00:00:00+09:00,56360.86287434896,56950.000813802086,55968.104248046875,56557.2421875,336657,0.0,0.0
2024-12-19 00:00:00+09:00,55673.53649259869,56950.00205592105,55575.34683388158,55968.10546875,728794,0.0,0.0
2024-12-20 00:00:00+09:00,55477.15530831473,55673.53461914063,54298.87944335938,54986.20703125,749674,0.0,0.0
2024-12-23 00:00:00+09:00,55280.77653080908,56066.29378169091,54986.20756172839,55673.53515625,294944,0.0,0.0
2024-12-24 00:00:00+09:00,55771.7265625,55869.91622194102,55084.39894641285,55771.7265625,303885,0.0,0.0
2024-12-26 00:00:00+09:00,55869.914468970455,56164.483438051146,55280.77653080908,55673.53515625,261298,0.0,0.0
2024-12-27 00:00:00+09:00,55280.77734375,55771.72563277087,55084.39802814165,55280.77734375,219551,0.0,0.0
2024-12-30 00:00:00+09:00,55280.777648041214,55378.96730638587,54102.50174790534,54200.69140625,426571,0.0,0.0
2025-01-02 00:00:00+09:00,54102.501852161324,55182.58809603387,54004.312193627455,55084.3984375,356158,0.0,0.0
2025-01-03 00:00:00+09:00,55575.345499889765,55968.10412533068,55280.77653080908,55673.53515625,387268,0.0,0.0
2025-01-06 00:00:00+09:00,55575.345787432554,55771.72510116906,54200.69059127698,54593.44921875,602146,0.0,0.0
2025-01-07 00:00:00+09:00,54593.44881272401,55182.58674955197,54495.25915658602,54789.828125,536013,0.0,0.0
2025-01-08 00:00:00+09:00,54397.070827762924,55280.77775456774,54298.881169229055,55084.3984375,394975,0.0,0.0
2025-01-09 00:00:00+09:00,54789.827178458414,54986.20648734178,54298.87890625,54298.87890625,509760,0.0,0.0
2025-01-10 00:00:00+09:00,54102.50093440872,54593.44921875,53611.552650067446,54593.44921875,702722,0.0,0.0
2025-01-13 00:00:00+09:00,54495.25875418527,54986.20703125,54298.87944335938,54986.20703125,404440,0.0,0.0
2025-01-14 00:00:00+09:00,54986.21002252252,55084.39968327703,54397.072057995494,54495.26171875,237239,0.0,0.0
2025-01-15 00:00:00+09:00,54593.450039628624,54789.82935631793,54004.312089560684,54200.69140625,340658,0.0,0.0
2025-01-16 00:00:00+09:00,54397.06856069168,54593.447869575044,54004.309942924956,54298.87890625,326260,0.0,0.0
2025-01-17 00:00:00+09:00,54102.50266494614,54691.640625,54102.50266494614,54691.640625,386870,0.0,0.0
2025-01-20 00:00:00+09:00,54495.25997010379,54593.44962770758,54102.50133968863,54397.0703125,282138,0.0,0.0
2025-01-21 00:00:00+09:00,54004.31074965847,54495.25902920082,53611.55212602459,53906.12109375,694682,0.0,0.0
2025-01-22 00:00:00+09:00,54004.31156823394,54200.69088302752,53218.79430905963,53513.36328125,712731,0.0,0.0
2025-01-23 00:00:00+09:00,53611.55212602459,54200.690061475405,53513.36247011612,53906.12109375,454669,0.0,0.0
2025-01-24 00:00:00+09:00,54102.50257327783,54298.88189296305,53316.98529453695,53807.93359375,600388,0.0,0.0
2025-01-31 00:00:00+09:00,54298.88065489621,54691.63928531137,54004.31168208484,54397.0703125,917281,0.0,0.0
2025-02-03 00:00:00+09:00,53906.12293856217,54888.01953125,53807.933279293386,54888.01953125,1135847,0.0,0.0
2025-02-04 00:00:00+09:00,54691.640625,55084.39926503591,54397.071644973075,54691.640625,427000,0.0,0.0
2025-02-05 00:00:00+09:00,54691.63846886201,55084.39709341398,54495.25915658602,54789.828125,385639,0.0,0.0
2025-02-06 00:00:00+09:00,54789.8294618984,55084.3984375,54495.26048629679,55084.3984375,341741,0.0,0.0
2025-02-07 00:00:00+09:00,54593.450039628624,54986.20867300725,54200.69140625,54200.69140625,425766,0.0,0.0
2025-02-10 00:00:00+09:00,54397.07113636364,54789.82977272727,53906.12284090909,54004.3125,666106,0.0,0.0
2025-02-11 00:00:00+09:00,54004.31047712054,54986.20703125,54004.31047712054,54986.20703125,502170,0.0,0.0
2025-02-12 00:00:00+09:00,55477.15530831473,56164.48289620536,54691.63806501116,54986.20703125,400834,0.0,0.0
2025-02-13 00:00:00+09:00,54789.82905472913,55280.77734375,54593.449739120784,55280.77734375,521661,0.0,0.0
2025-02-14 00:00:00+09:00,55280.77734375,55477.15665935835,54888.0187125333,55280.77734375,355303,0.0,0.0
2025-02-17 00:00:00+09:00,55280.77908909574,55673.537732712764,54888.02044547872,55378.96875,369195,0.0,0.0
2025-02-18 00:00:00+09:00,55182.58634207589,55280.77599748884,54789.82772042411,54986.20703125,375811,0.0,0.0
2025-02-19 00:00:00+09:00,55084.39904002383,56655.43359375,54986.209380415945,56655.43359375,774212,0.0,0.0
2025-02-20 00:00:00+09:00,56949.999735617595,58030.0859375,56655.43077146785,58030.0859375,755501,0.0,0.0
2025-02-21 00:00:00+09:00,57735.52077963918,57833.71044082904,56753.62416774055,57146.3828125,290145,0.0,0.0
2025-02-24 00:00:00+09:00,57146.37984454855,57931.89709327087,57048.19018845826,57637.328125,378570,0.0,0.0
2025-02-25 00:00:00+09:00,57146.3828125,57146.3828125,56360.8655229811,57146.3828125,423812,0.0,0.0
2025-02-26 00:00:00+09:00,57342.75862068965,57440.948275862065,56655.43103448276,56950.0,613359,0.0,0.0
2025-02-27 00:00:00+09:00,57500.0,57500.0,55900.0,56300.0,949550,1050.0,0.0
2025-02-28 00:00:00+09:00,56300.0,57200.0,56000.0,56000.0,1084138,0.0,0.0
2025-03-04 00:00:00+09:00,56700.0,57500.0,55800.0,56000.0,696920,0.0,0.0
2025-03-05 00:00:00+09:00,56400.0,56800.0,56000.0,56600.0,538931,0.0,0.0
2025-03-06 00:00:00+09:00,56300.0,56500.0,55500.0,56000.0,591270,0.0,0.0
2025-03-07 00:00:00+09:00,55900.0,56000.0,55100.0,55400.0,550882,0.0,0.0
2025-03-10 00:00:00+09:00,55000.0,56000.0,55000.0,55100.0,521608,0.0,0.0
2025-03-11 00:00:00+09:00,55000.0,55600.0,55000.0,55600.0,450300,0.0,0.0
2025-03-12 00:00:00+09:00,55700.0,55900.0,55200.0,55900.0,372127,0.0,0.0
2025-03-13 00:00:00+09:00,55900.0,56000.0,55300.0,56000.0,595666,0.0,0.0
2025-03-14 00:00:00+09:00,56000.0,56000.0,55200.0,55300.0,510417,0.0,0.0
2025-03-17 00:00:00+09:00,55600.0,55800.0,55400.0,55800.0,550101,0.0,0.0
2025-03-18 00:00:00+09:00,55700.0,56200.0,55500.0,55900.0,419298,0.0,0.0
2025-03-19 00:00:00+09:00,56000.0,56700.0,55800.0,56700.0,482354,0.0,0.0
2025-03-20 00:00:00+09:00,56500.0,56600.0,56200.0,56300.0,327396,0.0,0.0
2025-03-21 00:00:00+09:00,56100.0,56500.0,56000.0,56300.0,447711,0.0,0.0
2025-03-24 00:00:00+09:00,56000.0,56200.0,55800.0,55800.0,327348,0.0,0.0
2025-03-25 00:00:00+09:00,55700.0,56200.0,55600.0,56100.0,315942,0.0,0.0
2025-03-26 00:00:00+09:00,56100.0,56300.0,55800.0,55800.0,303640,0.0,0.0
2025-03-27 00:00:00+09:00,55600.0,56100.0,55600.0,55700.0,295742,0.0,0.0
2025-03-28 00:00:00+09:00,55400.0,56000.0,55400.0,55700.0,315483,0.0,0.0
2025-03-31 00:00:00+09:00,55500.0,55700.0,54900.0,55500.0,494539,0.0,0.0
