Date,Open,High,Low,Close,Volume,Dividends,Stock Splits
2020-02-21 00:00:00+09:00,7525.530952099117,7533.071564275569,7465.2060546875,7465.2060546875,1850503,0.0,0.0
2020-02-24 00:00:00+09:00,7299.312236286919,7329.474683544303,7148.499999999999,7148.5,2460837,0.0,0.0
2020-02-25 00:00:00+09:00,7027.850383368807,7419.96220733359,7027.850383368807,7306.85302734375,1703737,0.0,0.0
2020-02-26 00:00:00+09:00,7201.284227706878,7352.096462842101,7163.581168923072,7284.23095703125,1497075,0.0,0.0
2020-02-27 00:00:00+09:00,7238.9872507668715,7404.880708596946,7238.9872507668715,7374.71826171875,1403170,0.0,0.0
2020-02-28 00:00:00+09:00,7314.393699477524,7329.474923600158,7125.878397944598,7171.1220703125,2529664,0.0,0.0
2020-03-02 00:00:00+09:00,7156.040054078572,7223.905555118306,7095.715164265476,7110.79638671875,1313790,0.0,0.0
2020-03-03 00:00:00+09:00,7171.122110872604,7223.906395600373,7080.634765625,7080.634765625,1549972,0.0,0.0
2020-03-04 00:00:00+09:00,7073.093648726852,7193.743433779762,7035.390590897818,7125.8779296875,1879329,0.0,0.0
2020-03-05 00:00:00+09:00,7156.040886664669,7163.581498768636,7050.472317209132,7080.634765625,2157354,0.0,0.0
2020-03-06 00:00:00+09:00,7027.850189682649,7058.012636848669,6748.847553396965,6801.6318359375,3798856,0.0,0.0
2020-03-09 00:00:00+09:00,6801.6318359375,6801.6318359375,6801.6318359375,6801.6318359375,0,0.0,0.0
2020-03-10 00:00:00+09:00,6258.707570043104,6394.438577586207,6251.166958512931,6341.654296875,1878506,0.0,0.0
2020-03-11 00:00:00+09:00,6326.5734764697145,6500.0075527019,6303.95164043943,6349.1953125,2129277,0.0,0.0
2020-03-12 00:00:00+09:00,6349.1953125,6349.1953125,6349.1953125,6349.1953125,0,0.0,0.0
2020-03-13 00:00:00+09:00,5391.537502621644,5768.56809721057,5293.509548028524,5617.755859375,4868340,0.0,0.0
2020-03-16 00:00:00+09:00,5640.377726122359,5761.027517055458,5353.83447265625,5353.83447265625,3104062,0.0,0.0
2020-03-17 00:00:00+09:00,4976.804239241804,5180.400776301695,4901.398114404807,5059.7509765625,3685283,0.0,0.0
2020-03-18 00:00:00+09:00,5059.750718545987,5120.075615339382,4908.9384765625,4908.9384765625,2618531,0.0,0.0
2020-03-19 00:00:00+09:00,4908.937994104024,4976.803496326661,4418.798255829429,4426.3388671875,4156109,0.0,0.0
2020-03-20 00:00:00+09:00,4546.988691347243,4991.884765625,4448.960742777568,4991.884765625,3698474,0.0,0.0
2020-03-23 00:00:00+09:00,4637.476243086001,4833.532149297767,4531.907678202743,4622.39501953125,2587895,0.0,0.0
2020-03-24 00:00:00+09:00,4773.207018823681,5097.453309201909,4645.0166249532185,5037.12841796875,2411046,0.0,0.0
2020-03-25 00:00:00+09:00,5331.21231952807,5632.836778907311,5301.0498735901465,5557.4306640625,3811848,0.0,0.0
2020-03-26 00:00:00+09:00,5580.052360943948,5662.99908522825,5399.077689778198,5482.0244140625,3906989,0.0,0.0
2020-03-27 00:00:00+09:00,5730.864728205564,5783.649008596931,5444.3214917952855,5557.4306640625,2917213,0.0,0.0
2020-03-30 00:00:00+09:00,5376.455855882479,5587.592972242521,5263.3466864038855,5482.0244140625,2169902,0.0,0.0
2020-03-31 00:00:00+09:00,5580.0523828125,5700.7021640625,5489.565046875,5655.45849609375,2696258,0.0,0.0
2020-04-01 00:00:00+09:00,5580.05281075419,5693.1619893505585,5399.078125,5399.078125,2277600,0.0,0.0
2020-04-02 00:00:00+09:00,5399.078022346127,5504.646587028872,5278.428234137275,5451.8623046875,2046811,0.0,0.0
2020-04-03 00:00:00+09:00,5451.8623046875,5504.646587028872,5353.834351767808,5451.8623046875,1880217,0.0,0.0
2020-04-06 00:00:00+09:00,5451.862479917465,5617.755944036669,5436.781255906628,5610.21533203125,2517463,0.0,0.0
2020-04-07 00:00:00+09:00,5768.567650204613,5881.676819816468,5617.755424055473,5700.7021484375,2976291,0.0,0.0
2020-04-08 00:00:00+09:00,5662.999530725671,5723.3244258599,5602.674635591443,5617.755859375,2103995,0.0,0.0
2020-04-09 00:00:00+09:00,5708.24269073527,5730.864524384155,5617.755356139731,5662.9990234375,2155700,0.0,0.0
2020-04-10 00:00:00+09:00,5723.324233111213,5911.839524056905,5670.5399516464195,5896.75830078125,3715056,0.0,0.0
2020-04-13 00:00:00+09:00,5859.055344632056,6062.651862399193,5813.811674017137,5843.97412109375,3243711,0.0,0.0
2020-04-14 00:00:00+09:00,5904.299211951147,5957.08349609375,5843.974315788172,5957.08349609375,1866762,0.0,0.0
2020-04-16 00:00:00+09:00,5866.595719569705,5896.758165428675,5753.486547598567,5821.35205078125,2611738,0.0,0.0
2020-04-17 00:00:00+09:00,5874.136448584232,5979.705011203205,5866.595836968591,5942.001953125,2806396,0.0,0.0
2020-04-20 00:00:00+09:00,5881.677112926136,5904.298947975852,5768.567937677557,5806.27099609375,3925258,0.0,0.0
2020-04-21 00:00:00+09:00,5700.702827331216,5745.946500564004,5580.053032043783,5640.3779296875,3416231,0.0,0.0
2020-04-22 00:00:00+09:00,5482.024799232587,5549.890305688011,5436.781128262303,5534.80908203125,3578458,0.0,0.0
2020-04-23 00:00:00+09:00,5557.431087639814,5587.593535876666,5504.646803225324,5519.72802734375,2632930,0.0,0.0
2020-04-24 00:00:00+09:00,5504.646843804253,5504.646843804253,5421.700110541449,5429.24072265625,2462628,0.0,0.0
2020-04-27 00:00:00+09:00,5451.861960583785,5813.81130236528,5451.861960583785,5745.94580078125,4822565,0.0,0.0
2020-04-28 00:00:00+09:00,5866.595719569705,6100.354674976724,5761.027159063309,5821.35205078125,5874015,0.0,0.0
2020-04-29 00:00:00+09:00,5874.136763869659,6047.570840338211,5843.974315788172,5957.08349609375,4387448,0.0,0.0
2020-05-04 00:00:00+09:00,5836.433290327186,5881.676959244452,5745.945952492657,5776.1083984375,3212983,0.0,0.0
2020-05-06 00:00:00+09:00,5859.055039546325,5874.13626229934,5745.945868898712,5783.64892578125,2286710,0.0,0.0
2020-05-07 00:00:00+09:00,5768.567770528052,5851.51449664022,5723.324101739597,5821.35205078125,1809219,0.0,0.0
2020-05-08 00:00:00+09:00,5859.05542938469,5896.75848877584,5813.81175811531,5836.43359375,1891292,0.0,0.0
2020-05-11 00:00:00+09:00,5836.433804481908,5859.055640933388,5730.865234375,5730.865234375,1831910,0.0,0.0
2020-05-12 00:00:00+09:00,5730.865124117943,5730.865124117943,5580.052884009577,5610.21533203125,2375026,0.0,0.0
2020-05-13 00:00:00+09:00,5549.8903523489935,5617.755859375,5512.187292890101,5617.755859375,1711980,0.0,0.0
2020-05-14 00:00:00+09:00,5549.890052578019,5587.5931100004245,5519.7276066400955,5557.4306640625,1867079,0.0,0.0
2020-05-15 00:00:00+09:00,5640.377824917218,5753.487005898179,5572.512316328643,5693.162109375,2522150,0.0,0.0
2020-05-18 00:00:00+09:00,5708.243116281627,5730.864951616957,5595.133939604976,5625.29638671875,1546786,0.0,0.0
2020-05-19 00:00:00+09:00,5783.649394480716,5881.677350319373,5783.649394480716,5828.89306640625,2869594,0.0,0.0
2020-05-20 00:00:00+09:00,5761.027979532878,5821.352879842122,5745.946754455566,5791.1904296875,1459404,0.0,0.0
2020-05-21 00:00:00+09:00,5836.43359375,5859.05542938469,5791.18992248062,5836.43359375,1907202,0.0,0.0
2020-05-22 00:00:00+09:00,5843.973763279183,5843.973763279183,5693.161537130043,5700.7021484375,1810736,0.0,0.0
2020-05-25 00:00:00+09:00,5730.864578207021,5745.94580078125,5670.539687910105,5745.94580078125,955351,0.0,0.0
2020-05-26 00:00:00+09:00,5761.027225607303,5889.217621988618,5715.783556296251,5859.05517578125,2471172,0.0,0.0
2020-05-27 00:00:00+09:00,5926.921028482255,6024.948984424073,5889.217968504633,6002.3271484375,4295846,0.0,0.0
2020-05-28 00:00:00+09:00,6160.680070895593,6319.032924615063,6077.733337994918,6213.46435546875,7549725,0.0,0.0
2020-05-29 00:00:00+09:00,6115.43654466712,6334.114300271739,6055.111646569294,6243.626953125,4819669,0.0,0.0
2020-06-01 00:00:00+09:00,6258.707949080557,6409.520188817438,6258.707949080557,6394.43896484375,2861703,0.0,0.0
2020-06-02 00:00:00+09:00,6386.898346354167,6824.253841145834,6379.357734375,6786.55078125,5549703,0.0,0.0
2020-06-03 00:00:00+09:00,6990.146535561729,7510.448704875385,6892.1185906185765,7337.0146484375,8315050,0.0,0.0
2020-06-04 00:00:00+09:00,7465.205170253538,7653.720452330647,7065.552772250066,7193.7431640625,6349119,0.0,0.0
2020-06-05 00:00:00+09:00,7208.824258896454,7382.258315334339,7125.877536252248,7337.0146484375,3110692,0.0,0.0
2020-06-08 00:00:00+09:00,7533.070466853371,7540.611077931302,7269.149079125775,7299.3115234375,2862958,0.0,0.0
2020-06-09 00:00:00+09:00,7261.609177215189,7352.096518987341,7050.472046413502,7148.5,3464519,0.0,0.0
2020-06-10 00:00:00+09:00,7148.499730603448,7163.5809536637935,6967.525053879311,6997.6875,2561458,0.0,0.0
2020-06-11 00:00:00+09:00,6869.497398963341,6877.038010817308,6620.657207782451,6665.90087890625,6190796,0.0,0.0
2020-06-12 00:00:00+09:00,6251.16690976517,6484.92586537762,6251.16690976517,6477.38525390625,3467501,0.0,0.0
2020-06-15 00:00:00+09:00,6447.222719708934,6643.27861527903,6266.248046875,6266.248046875,3511295,0.0,0.0
2020-06-16 00:00:00+09:00,6371.816998771067,6726.22575491573,6371.816998771067,6711.14453125,2692428,0.0,0.0
2020-06-17 00:00:00+09:00,6703.604108537947,6703.604108537947,6500.00758330676,6650.81982421875,2100867,0.0,0.0
2020-06-18 00:00:00+09:00,6590.494527481201,6680.981866531286,6552.791469543665,6643.27880859375,1594860,0.0,0.0
2020-06-19 00:00:00+09:00,6711.14427919741,6718.68489074707,6515.08837890625,6515.08837890625,3523066,0.0,0.0
2020-06-22 00:00:00+09:00,6454.763555617559,6477.385390508743,6334.11376953125,6334.11376953125,2197121,0.0,0.0
2020-06-23 00:00:00+09:00,6371.81694944075,6432.141843636638,6175.761043304112,6236.0859375,2305389,0.0,0.0
2020-06-24 00:00:00+09:00,6258.70751953125,6341.654245693712,6243.62629659262,6258.70751953125,1618551,0.0,0.0
2020-06-25 00:00:00+09:00,6243.626432933878,6243.626432933878,6107.895423522272,6115.43603515625,1791323,0.0,0.0
2020-06-26 00:00:00+09:00,6213.464375764059,6251.167436296608,6168.220703125,6168.220703125,1449752,0.0,0.0
2020-06-29 00:00:00+09:00,6032.4895768391525,6070.192636694397,5994.786516983908,6047.57080078125,1720515,0.0,0.0
2020-06-30 00:00:00+09:00,6092.814453125,6183.301796488243,6077.733229231127,6092.814453125,1493595,0.0,0.0
2020-07-01 00:00:00+09:00,6122.97705078125,6221.005008490802,6115.4364386497455,6122.97705078125,1116031,0.0,0.0
2020-07-02 00:00:00+09:00,6115.435699650116,6168.219978192102,6107.895088429832,6145.59814453125,932932,0.0,0.0
2020-07-03 00:00:00+09:00,6160.68017578125,6228.545685673577,6122.977114729957,6160.68017578125,967410,0.0,0.0
2020-07-06 00:00:00+09:00,6160.679837969131,6198.38289695303,6085.273720001332,6190.84228515625,1480755,0.0,0.0
2020-07-07 00:00:00+09:00,6236.086060470094,6281.329732009175,6138.05810546875,6138.05810546875,1655384,0.0,0.0
2020-07-08 00:00:00+09:00,6100.355130016143,6175.761250288284,6100.355130016143,6130.517578125,1331489,0.0,0.0
2020-07-09 00:00:00+09:00,6145.598756404886,6153.139368375935,6047.57080078125,6047.57080078125,1803494,0.0,0.0
2020-07-10 00:00:00+09:00,6032.4893781766195,6047.570601622061,5926.920814058529,5934.46142578125,2175370,0.0,0.0
2020-07-13 00:00:00+09:00,6017.407753786427,6145.59814453125,5957.082864024157,6145.59814453125,1537523,0.0,0.0
2020-07-14 00:00:00+09:00,6077.73306086034,6107.8955078125,6047.570613908179,6107.8955078125,979442,0.0,0.0
2020-07-15 00:00:00+09:00,6160.679420304933,6319.032257301756,6153.1388090193705,6228.544921875,2221196,0.0,0.0
2020-07-16 00:00:00+09:00,6258.707603758293,6311.491884753845,6168.220264908776,6251.1669921875,1429668,0.0,0.0
2020-07-17 00:00:00+09:00,6243.62665301067,6258.707876810213,6168.220534012957,6183.3017578125,1294068,0.0,0.0
2020-07-20 00:00:00+09:00,6168.220413556047,6288.8702015962635,6138.057966545994,6281.32958984375,1604882,0.0,0.0
2020-07-21 00:00:00+09:00,6281.329200873941,6334.113479872881,6183.301254161622,6228.544921875,1740152,0.0,0.0
2020-07-22 00:00:00+09:00,6273.789296407186,6484.92643619012,6258.708072136976,6296.4111328125,3437481,0.0,0.0
2020-07-23 00:00:00+09:00,6296.410508404356,6319.032342566288,6190.841948982008,6221.00439453125,1877647,0.0,0.0
2020-07-24 00:00:00+09:00,6190.841948982008,6281.329285629735,6160.679503432765,6221.00439453125,1220735,0.0,0.0
2020-07-27 00:00:00+09:00,6221.004545904328,6334.113719466224,6221.004545904328,6251.1669921875,1210824,0.0,0.0
2020-07-28 00:00:00+09:00,6258.70751953125,6334.113634224397,6221.0044621846755,6258.70751953125,1916364,0.0,0.0
2020-07-29 00:00:00+09:00,6221.0043105894365,6288.869812159503,6198.382476732748,6228.544921875,1200391,0.0,0.0
2020-07-30 00:00:00+09:00,6236.086191714388,6288.870476287545,6198.3831313049905,6213.46435546875,1445972,0.0,0.0
2020-07-31 00:00:00+09:00,6213.4639863979655,6221.004598031944,6115.43603515625,6115.43603515625,2051856,0.0,0.0
2020-08-03 00:00:00+09:00,6138.058124806622,6153.139348700495,6085.273841178064,6092.814453125,1136832,0.0,0.0
2020-08-04 00:00:00+09:00,6085.273803115472,6198.382981612042,6085.273803115472,6183.3017578125,1361938,0.0,0.0
2020-08-05 00:00:00+09:00,6183.3011163449755,6213.463560814951,6122.9762274050245,6153.138671875,1253971,0.0,0.0
2020-08-06 00:00:00+09:00,6168.220264908776,6334.113719466224,6160.679653337983,6251.1669921875,2724744,0.0,0.0
2020-08-07 00:00:00+09:00,6273.789337788578,6281.32994997342,6160.680155015948,6205.923828125,1585276,0.0,0.0
2020-08-10 00:00:00+09:00,6228.545206705729,6341.654381161644,6205.923371814546,6334.11376953125,3094346,0.0,0.0
2020-08-11 00:00:00+09:00,6409.519965527794,6552.79158828665,6371.816906907042,6545.2509765625,4207516,0.0,0.0
2020-08-12 00:00:00+09:00,6598.035222833807,6703.603786399148,6462.304212535511,6635.73828125,4199990,0.0,0.0
2020-08-13 00:00:00+09:00,6635.738600127551,6680.982272401147,6590.494927853954,6650.81982421875,3430244,0.0,0.0
2020-08-14 00:00:00+09:00,6650.819369612069,6658.359981142242,6492.466527478448,6560.33203125,1991022,0.0,0.0
2020-08-18 00:00:00+09:00,6500.007086549322,6522.628920957266,6258.70751953125,6258.70751953125,2600765,0.0,0.0
2020-08-19 00:00:00+09:00,6273.788960071513,6447.223029881183,6273.788960071513,6326.5732421875,1330333,0.0,0.0
2020-08-20 00:00:00+09:00,6273.78929341133,6319.032966200353,6122.97705078125,6122.97705078125,2494703,0.0,0.0
2020-08-21 00:00:00+09:00,6153.139394459707,6236.086126492864,6145.598782456692,6175.76123046875,1331757,0.0,0.0
2020-08-24 00:00:00+09:00,6175.761442764946,6258.708177649457,6115.43654466712,6243.626953125,1120572,0.0,0.0
2020-08-25 00:00:00+09:00,6303.95164043943,6364.276536520189,6281.329804409144,6349.1953125,1392604,0.0,0.0
2020-08-26 00:00:00+09:00,6319.032969217815,6341.654805623129,6198.383175056138,6296.4111328125,1463232,0.0,0.0
2020-08-27 00:00:00+09:00,6266.24831774635,6266.24831774635,6183.301589111922,6198.3828125,1176456,0.0,0.0
2020-08-28 00:00:00+09:00,6236.085533160563,6303.9510347306295,6205.923088018311,6228.544921875,1177457,0.0,0.0
2020-08-31 00:00:00+09:00,6243.626605473579,6273.789052843016,6100.35498046875,6100.35498046875,2731627,0.0,0.0
2020-09-01 00:00:00+09:00,6100.355278099181,6190.842624622284,6092.814665888923,6160.68017578125,1375302,0.0,0.0
2020-09-02 00:00:00+09:00,6183.301589111922,6205.9234241940385,6153.139142335766,6198.3828125,893824,0.0,0.0
2020-09-03 00:00:00+09:00,6205.923322762741,6288.870050041465,6205.923322762741,6251.1669921875,1464078,0.0,0.0
2020-09-04 00:00:00+09:00,6160.679922113186,6205.923593511814,6138.058086413872,6183.3017578125,1227206,0.0,0.0
2020-09-07 00:00:00+09:00,6213.464102176542,6251.167161048972,6168.220431529626,6236.0859375,1203100,0.0,0.0
2020-09-08 00:00:00+09:00,6258.708113418895,6303.951786527947,6198.383215940158,6205.923828125,1994391,0.0,0.0
2020-09-09 00:00:00+09:00,6153.139414206642,6175.761250288284,6100.355130016143,6130.517578125,2659641,0.0,0.0
2020-09-10 00:00:00+09:00,6153.139310213414,6183.3017578125,6138.058086413872,6183.3017578125,1621707,0.0,0.0
2020-09-11 00:00:00+09:00,6130.517642592451,6168.220703125,6122.977030485941,6168.220703125,1097220,0.0,0.0
2020-09-14 00:00:00+09:00,6183.3017578125,6205.923593511814,6145.598698313643,6183.3017578125,1440155,0.0,0.0
2020-09-15 00:00:00+09:00,6183.302012412026,6190.842624622284,6145.598951360733,6160.68017578125,1801216,0.0,0.0
2020-09-16 00:00:00+09:00,6145.59814453125,6160.679366971818,6122.976310870399,6145.59814453125,1546812,0.0,0.0
2020-09-17 00:00:00+09:00,6138.058275044257,6153.139499307265,6107.895826518242,6122.97705078125,1533685,0.0,0.0
2020-09-18 00:00:00+09:00,6138.057322998047,6138.057322998047,6032.48876953125,6032.48876953125,3530713,0.0,0.0
2020-09-21 00:00:00+09:00,6070.191824340821,6100.354268188476,6017.407547607422,6032.48876953125,1767710,0.0,0.0
2020-09-22 00:00:00+09:00,6009.867457665768,6032.489292512691,5934.461341509359,5942.001953125,2091223,0.0,0.0
2020-09-23 00:00:00+09:00,5957.083411524178,5972.164635350821,5919.3803519575695,5964.6240234375,1691834,0.0,0.0
2020-09-24 00:00:00+09:00,5942.002226412066,5942.002226412066,5866.596106787548,5874.13671875,1526369,0.0,0.0
2020-09-25 00:00:00+09:00,5911.839759156051,5972.164654657643,5904.299147218352,5919.38037109375,998281,0.0,0.0
2020-09-28 00:00:00+09:00,5964.6240234375,6002.327083004108,5942.002187697534,5964.6240234375,968554,0.0,0.0
2020-09-29 00:00:00+09:00,6024.948562222027,6070.1922310246955,6017.407950754916,6040.02978515625,1293592,0.0,0.0
2020-10-05 00:00:00+09:00,6062.651753718404,6168.220316594097,6040.029918816469,6115.43603515625,1987602,0.0,0.0
2020-10-06 00:00:00+09:00,6122.976646790228,6168.220316594097,6107.895423522272,6115.43603515625,1300691,0.0,0.0
2020-10-07 00:00:00+09:00,6100.354394052543,6168.219894109988,6062.651338465073,6153.138671875,1317017,0.0,0.0
2020-10-08 00:00:00+09:00,6168.219978192102,6175.760589412385,6122.976310870399,6145.59814453125,1579611,0.0,0.0
2020-10-12 00:00:00+09:00,6145.59871739193,6153.13932931511,6092.814433929669,6138.05810546875,1719441,0.0,0.0
2020-10-13 00:00:00+09:00,6145.598060757507,6160.679282992494,6107.895005170037,6153.138671875,1118700,0.0,0.0
2020-10-14 00:00:00+09:00,6145.598651522907,6153.139263365266,6092.814368626391,6100.35498046875,1399974,0.0,0.0
2020-10-15 00:00:00+09:00,6100.355065071937,6107.895677018874,6062.652005337252,6092.814453125,1058721,0.0,0.0
2020-10-16 00:00:00+09:00,6122.976900912748,6122.976900912748,6070.1926172841895,6092.814453125,785022,0.0,0.0
2020-10-19 00:00:00+09:00,6100.354860477493,6243.626482664233,6100.354860477493,6198.3828125,2782966,0.0,0.0
2020-10-20 00:00:00+09:00,6175.76106156269,6221.004732343369,6130.517390782011,6190.84228515625,1558266,0.0,0.0
2020-10-21 00:00:00+09:00,6198.383279551631,6251.167565387229,6168.220830502718,6243.626953125,1816679,0.0,0.0
2020-10-22 00:00:00+09:00,6236.08588376017,6379.357506240754,6221.004660341161,6371.81689453125,3325898,0.0,0.0
2020-10-23 00:00:00+09:00,6432.142425817086,6605.576512327982,6409.5205884461,6575.4140625,4742543,0.0,0.0
2020-10-26 00:00:00+09:00,6598.035140776298,6628.197587134133,6417.060462629292,6424.60107421875,3362915,0.0,0.0
2020-10-27 00:00:00+09:00,6356.736115599707,6364.27672783648,6266.248768758431,6288.87060546875,2512353,0.0,0.0
2020-10-28 00:00:00+09:00,6236.0860492891825,6379.357675572731,6228.545437379522,6356.73583984375,1518408,0.0,0.0
2020-10-29 00:00:00+09:00,6236.086003230168,6296.4108980618985,6213.464167668269,6273.7890625,2293721,0.0,0.0
2020-10-30 00:00:00+09:00,6273.789358935129,6311.492419986422,6160.68017578125,6160.68017578125,2257045,0.0,0.0
2020-11-02 00:00:00+09:00,6160.679848331976,6394.438814425356,6160.679848331976,6364.2763671875,2430609,0.0,0.0
2020-11-03 00:00:00+09:00,6401.979407743565,6454.763690257352,6356.735737017463,6409.52001953125,1886873,0.0,0.0
2020-11-04 00:00:00+09:00,6477.385458464312,6484.926070173817,6326.573224274223,6371.81689453125,1881407,0.0,0.0
2020-11-05 00:00:00+09:00,6417.060697071455,6454.763756396199,6371.817025881762,6447.22314453125,1639658,0.0,0.0
2020-11-06 00:00:00+09:00,6477.385911974912,6484.926524212368,6439.682850787631,6462.3046875,1412805,0.0,0.0
2020-11-09 00:00:00+09:00,6484.926503204664,6530.170176482836,6462.3046665655775,6507.54833984375,1855408,0.0,0.0
2020-11-10 00:00:00+09:00,6711.144870732224,6748.847931803753,6590.49507530333,6680.982421875,4772839,0.0,0.0
2020-11-11 00:00:00+09:00,6696.06328125,6982.60652977196,6688.52266944679,6975.06591796875,5795663,0.0,0.0
2020-11-12 00:00:00+09:00,6937.363496826711,6952.444721819812,6816.713696881899,6831.794921875,3504609,0.0,0.0
2020-11-13 00:00:00+09:00,6771.46938877148,6877.037953852549,6733.766329813955,6801.6318359375,2652282,0.0,0.0
2020-11-16 00:00:00+09:00,6831.793679559426,6975.0652909409155,6809.171846183402,6899.6591796875,2834554,0.0,0.0
2020-11-17 00:00:00+09:00,6937.362658825549,7005.228163096669,6831.79409662603,6861.95654296875,2427691,0.0,0.0
2020-11-18 00:00:00+09:00,6861.95686206483,6884.578697873834,6831.79441431949,6877.0380859375,1613090,0.0,0.0
2020-11-19 00:00:00+09:00,6869.496833700441,6869.496833700441,6801.63133259912,6846.875,1729711,0.0,0.0
2020-11-20 00:00:00+09:00,6937.362674169346,7035.390625,6914.740839362272,7035.390625,3667645,0.0,0.0
2020-11-23 00:00:00+09:00,7058.012889392744,7178.662682373817,6990.147380840891,7171.1220703125,3113168,0.0,0.0
2020-11-24 00:00:00+09:00,7201.284985836272,7231.447436038728,7148.500697981975,7216.3662109375,2629660,0.0,0.0
2020-11-25 00:00:00+09:00,7261.608468047843,7382.2582452947445,7156.039912956805,7299.3115234375,3803371,0.0,0.0
2020-11-26 00:00:00+09:00,7299.311944282191,7299.311944282191,7193.7433831045555,7261.60888671875,2118519,0.0,0.0
2020-11-27 00:00:00+09:00,7261.609948552819,7284.231786398778,7201.285047630262,7254.0693359375,1387506,0.0,0.0
2020-11-30 00:00:00+09:00,7261.6087292086695,7291.771174605175,7012.7685546875,7012.7685546875,4127886,0.0,0.0
2020-12-01 00:00:00+09:00,7080.634326685856,7178.662277960527,7073.093715049342,7163.5810546875,1546795,0.0,0.0
2020-12-02 00:00:00+09:00,7208.82470703125,7231.44654188595,7125.8779792306805,7208.82470703125,2012130,0.0,0.0
2020-12-03 00:00:00+09:00,7231.446373161046,7238.986984603341,7171.121481622684,7223.90576171875,1471859,0.0,0.0
2020-12-04 00:00:00+09:00,7201.283843644095,7254.068123126303,7171.12139822569,7231.4462890625,2096022,0.0,0.0
2020-12-07 00:00:00+09:00,7208.825065241808,7231.4469012206,7073.094049369054,7133.4189453125,2426097,0.0,0.0
2020-12-08 00:00:00+09:00,7103.25595964238,7110.796571064505,7012.768622576871,7050.4716796875,2452593,0.0,0.0
2020-12-09 00:00:00+09:00,7027.850229315951,7156.040630494461,7020.30961748192,7103.25634765625,1856373,0.0,0.0
2020-12-10 00:00:00+09:00,7118.33757132431,7140.9594068264005,7042.93145298401,7103.25634765625,4130688,0.0,0.0
2020-12-11 00:00:00+09:00,7140.959537794611,7216.36565751789,7125.878313849955,7178.66259765625,2609850,0.0,0.0
2020-12-14 00:00:00+09:00,7186.203077830581,7193.74368966461,7103.256347656251,7103.25634765625,2243696,0.0,0.0
2020-12-15 00:00:00+09:00,7103.25595964238,7110.796571064505,7027.849845421123,7050.4716796875,2053875,0.0,0.0
2020-12-16 00:00:00+09:00,7095.715483424273,7148.499764384921,7073.093648726852,7125.8779296875,1995011,0.0,0.0
2020-12-17 00:00:00+09:00,7110.796790688725,7125.878013998775,7050.471897448524,7118.33740234375,1752607,0.0,0.0
2020-12-18 00:00:00+09:00,7118.3375901442305,7125.878201998196,7058.0126953125,7058.0126953125,2285719,0.0,0.0
2020-12-21 00:00:00+09:00,7080.634596464864,7103.256432236318,7027.85031299814,7095.7158203125,1855041,0.0,0.0
2020-12-22 00:00:00+09:00,7095.715517818864,7103.256129421222,7035.390625,7035.390625,1714044,0.0,0.0
2020-12-23 00:00:00+09:00,7035.390456843248,7073.093513953877,7020.309233998997,7050.4716796875,1536206,0.0,0.0
2020-12-24 00:00:00+09:00,7080.634260292659,7163.580987516534,7058.012425595238,7125.8779296875,3301952,0.0,0.0
2020-12-28 00:00:00+09:00,7163.581223628691,7186.2030590717295,7125.878164556962,7148.5,6854351,0.0,0.0
2020-12-29 00:00:00+09:00,7141.3592364337,7165.163767221812,7022.336582493138,7046.14111328125,6722586,471.0,0.0
2020-12-30 00:00:00+09:00,7022.336210363052,7030.271053538603,6863.639346852022,7014.4013671875,3840409,0.0,0.0
2021-01-04 00:00:00+09:00,7030.271201149217,7030.271201149217,6831.900117595345,6839.8349609375,4120038,0.0,0.0
2021-01-05 00:00:00+09:00,6808.095090951492,6911.248046875,6784.290562661452,6911.248046875,2863048,0.0,0.0
2021-01-06 00:00:00+09:00,6919.183162715517,7030.270965786638,6847.7695750269395,6903.3134765625,4173194,0.0,0.0
2021-01-07 00:00:00+09:00,7062.0100948157415,7085.814623225232,6998.5313523904315,7038.20556640625,5166139,0.0,0.0
2021-01-08 00:00:00+09:00,7101.684918689836,7101.684918689836,6966.792579452152,7006.466796875,4133444,0.0,0.0
2021-01-11 00:00:00+09:00,7006.466275365845,7006.466275365845,6808.095203016868,6879.5087890625,4981137,0.0,0.0
2021-01-12 00:00:00+09:00,6847.769631943945,6958.8574359384,6808.095416231639,6887.44384765625,3264949,0.0,0.0
2021-01-13 00:00:00+09:00,6950.922990128801,7054.075956877288,6935.053302936726,7046.14111328125,4524400,0.0,0.0
2021-01-14 00:00:00+09:00,7062.010426240809,7069.94526941636,6982.661994485294,7014.4013671875,2769776,0.0,0.0
2021-01-15 00:00:00+09:00,7046.14048983564,7054.075332729599,6879.5087890625,6879.5087890625,3345712,0.0,0.0
2021-01-18 00:00:00+09:00,6855.7048225759345,6855.7048225759345,6776.356387129454,6792.22607421875,2860178,0.0,0.0
2021-01-19 00:00:00+09:00,6823.965002172654,6887.443746378911,6784.290787043743,6847.76953125,1983336,0.0,0.0
2021-01-20 00:00:00+09:00,6847.769979031286,6855.7048225759345,6776.356387129454,6792.22607421875,2345818,0.0,0.0
2021-01-21 00:00:00+09:00,6808.095487757074,6816.030330982898,6752.551585176305,6800.16064453125,2165365,0.0,0.0
2021-01-22 00:00:00+09:00,6784.290973015552,6792.225816258844,6720.812227069207,6728.7470703125,2354910,0.0,0.0
2021-01-25 00:00:00+09:00,6697.007870490647,6704.9427139390955,6641.463966351506,6681.13818359375,2566266,0.0,0.0
2021-01-26 00:00:00+09:00,6681.138099854695,6697.007786552687,6562.115449619753,6570.05029296875,3788576,0.0,0.0
2021-01-27 00:00:00+09:00,6601.789290048543,6633.528661635315,6522.440861081614,6538.310546875,2071823,0.0,0.0
2021-01-28 00:00:00+09:00,6474.831770188737,6482.766613044361,6371.678813065632,6411.35302734375,2931712,0.0,0.0
2021-01-29 00:00:00+09:00,6443.0923755787035,6451.027218405771,6212.98193359375,6212.98193359375,4586758,0.0,0.0
2021-02-01 00:00:00+09:00,6220.916580499387,6546.245126163258,6212.9817379222195,6474.83154296875,2696592,0.0,0.0
2021-02-02 00:00:00+09:00,6474.832188644689,6530.376092223749,6435.157971802503,6498.63671875,1414090,0.0,0.0
2021-02-03 00:00:00+09:00,6554.1802326683855,6577.984761358464,6451.027275011377,6538.310546875,1672567,0.0,0.0
2021-02-04 00:00:00+09:00,6530.375831462893,6530.375831462893,6411.353185688964,6435.15771484375,1509279,0.0,0.0
2021-02-05 00:00:00+09:00,6474.832073967193,6530.3759765625,6458.962387511391,6530.3759765625,1725976,0.0,0.0
2021-02-08 00:00:00+09:00,6577.984782188604,6784.290698155919,6546.245410501325,6736.681640625,3918623,0.0,0.0
2021-02-09 00:00:00+09:00,6808.095678768928,6816.0305222173765,6641.463966351506,6681.13818359375,1984690,0.0,0.0
2021-02-10 00:00:00+09:00,6712.877168729708,6744.616540685876,6617.659052861201,6720.81201171875,1598062,0.0,0.0
2021-02-15 00:00:00+09:00,6760.486226663961,6776.355912642046,6712.877168729708,6720.81201171875,1449500,0.0,0.0
2021-02-16 00:00:00+09:00,6720.8123426392185,6728.747186018958,6641.463908841825,6697.0078125,990855,0.0,0.0
2021-02-17 00:00:00+09:00,6736.68234375,6784.29140625,6697.008125,6744.6171875,1904397,0.0,0.0
2021-02-18 00:00:00+09:00,6744.616989862351,6760.486676897322,6665.2685546875,6665.2685546875,1350572,0.0,0.0
2021-02-19 00:00:00+09:00,6665.268381538121,6712.87744140625,6562.115418490507,6712.87744140625,1815975,0.0,0.0
2021-02-22 00:00:00+09:00,6736.68208773289,6752.551774629787,6681.13818359375,6681.13818359375,1828356,0.0,0.0
2021-02-23 00:00:00+09:00,6728.74712802896,6792.225874519799,6697.00775478354,6712.87744140625,1609470,0.0,0.0
2021-02-24 00:00:00+09:00,6728.747244284442,6776.356304975134,6673.203340145301,6681.13818359375,2002790,0.0,0.0
2021-02-25 00:00:00+09:00,6720.812112584361,6768.421171233128,6689.072740151849,6760.486328125,1704975,0.0,0.0
2021-02-26 00:00:00+09:00,6681.1377070359395,6704.942235683336,6593.854435328819,6609.72412109375,2858023,0.0,0.0
2021-03-02 00:00:00+09:00,6665.268339354887,6728.747085443982,6633.52896631034,6657.33349609375,1410580,0.0,0.0
2021-03-03 00:00:00+09:00,6649.398468374927,6784.29080007227,6641.463625333906,6776.35595703125,2070910,0.0,0.0
2021-03-04 00:00:00+09:00,6776.356329217658,6863.63960746285,6720.812424879808,6808.095703125,2495334,0.0,0.0
2021-03-05 00:00:00+09:00,6808.0952594382225,6950.922432713151,6808.0952594382225,6863.63916015625,3800549,0.0,0.0
2021-03-08 00:00:00+09:00,6927.11782309322,7022.3359375,6887.443608757062,7022.3359375,4294872,0.0,0.0
2021-03-09 00:00:00+09:00,7109.619299221356,7173.098042964404,7030.270869542547,7133.423828125,6055989,0.0,0.0
2021-03-10 00:00:00+09:00,7022.336026574666,7133.423828125,6958.857282831618,7133.423828125,3432807,0.0,0.0
2021-03-11 00:00:00+09:00,7181.032828649591,7276.250943504613,7125.488928317494,7149.29345703125,4134258,0.0,0.0
2021-03-12 00:00:00+09:00,7109.619140625,7125.4888262067525,7022.335869925363,7109.619140625,2416771,0.0,0.0
2021-03-15 00:00:00+09:00,7157.228515625,7196.902731343542,7125.489143050166,7157.228515625,2054784,0.0,0.0
2021-03-16 00:00:00+09:00,7157.228288118132,7228.641874141484,7157.228288118132,7220.70703125,2089916,0.0,0.0
2021-03-17 00:00:00+09:00,7220.707734460757,7252.447109117727,7181.033516139544,7228.642578125,1569225,0.0,0.0
2021-03-18 00:00:00+09:00,7228.642519830743,7252.447050631504,7141.359240227957,7244.51220703125,2824744,0.0,0.0
2021-03-19 00:00:00+09:00,7315.925088447438,7323.859931276556,7196.902446010657,7236.57666015625,3439439,0.0,0.0
2021-03-22 00:00:00+09:00,7228.642578125,7244.512265453484,7173.098672475301,7228.642578125,1671812,0.0,0.0
2021-03-23 00:00:00+09:00,7196.902514458761,7236.576728981687,7141.358614126665,7149.29345703125,1677696,0.0,0.0
2021-03-24 00:00:00+09:00,7101.684959840239,7149.294021023526,7054.075898656952,7062.0107421875,1836301,0.0,0.0
2021-03-25 00:00:00+09:00,7062.010128997093,7204.837300145348,7022.335914789243,7165.1630859375,1780315,0.0,0.0
2021-03-26 00:00:00+09:00,7196.902457303779,7228.641828670057,7157.228243095929,7165.1630859375,1481865,0.0,0.0
2021-03-29 00:00:00+09:00,7173.0975443970265,7204.8369140625,7109.618805066079,7204.8369140625,1730505,0.0,0.0
2021-03-30 00:00:00+09:00,7204.837232460339,7268.315974596553,7181.032704159259,7252.4462890625,1916771,0.0,0.0
2021-03-31 00:00:00+09:00,7276.251249488264,7307.990622441321,7236.577033296943,7268.31640625,2793161,0.0,0.0
2021-04-01 00:00:00+09:00,7276.251206468302,7284.186049659653,7181.033088172098,7212.7724609375,1764117,0.0,0.0
2021-04-02 00:00:00+09:00,7204.838007293971,7212.772850914339,7157.228945571765,7173.0986328125,1097836,0.0,0.0
2021-04-05 00:00:00+09:00,7181.032386813395,7212.771756478868,7141.358174731553,7204.8369140625,865969,0.0,0.0
2021-04-06 00:00:00+09:00,7204.837948830712,7228.642479498655,7165.163731050808,7188.96826171875,1094799,0.0,0.0
2021-04-07 00:00:00+09:00,7188.967704215513,7331.794877146946,7188.967704215513,7276.2509765625,3115090,0.0,0.0
2021-04-08 00:00:00+09:00,7331.7951521561135,7331.7951521561135,7268.31640625,7268.31640625,1825375,0.0,0.0
2021-04-09 00:00:00+09:00,7260.381563011736,7284.186092726528,7236.577033296943,7268.31640625,1079881,0.0,0.0
2021-04-12 00:00:00+09:00,7268.316348805147,7300.055721507353,7236.5769761029405,7284.18603515625,962576,0.0,0.0
2021-04-13 00:00:00+09:00,7284.185977836277,7300.0556640625,7268.316291610054,7300.0556640625,1100465,0.0,0.0
2021-04-14 00:00:00+09:00,7300.055779203057,7307.990622441321,7244.511876535207,7268.31640625,1242141,0.0,0.0
2021-04-15 00:00:00+09:00,7268.316177962663,7339.729764864042,7268.316177962663,7331.794921875,1661051,0.0,0.0
2021-04-16 00:00:00+09:00,7300.0555626707655,7300.0555626707655,7260.38134765625,7260.38134765625,1586954,0.0,0.0
2021-04-19 00:00:00+09:00,7196.902603633026,7260.38134765625,7188.967760630123,7260.38134765625,1669874,0.0,0.0
2021-04-20 00:00:00+09:00,7244.511221995323,7315.9248046875,7236.57637947397,7315.9248046875,1384536,0.0,0.0
2021-04-21 00:00:00+09:00,7300.05534566466,7315.925031198714,7244.511446295473,7252.4462890625,1530213,0.0,0.0
2021-04-22 00:00:00+09:00,7276.251291855701,7331.795194846966,7260.381605286769,7323.8603515625,1890895,0.0,0.0
2021-04-23 00:00:00+09:00,7315.925550235215,7395.273983534946,7284.186176915322,7379.404296875,2451178,0.0,0.0
2021-04-26 00:00:00+09:00,7411.143654527756,7522.23146091254,7403.208811214557,7450.81787109375,2809939,0.0,0.0
2021-04-27 00:00:00+09:00,7490.492129690804,7514.296659763973,7434.948226186741,7506.36181640625,2416933,0.0,0.0
2021-04-28 00:00:00+09:00,7530.165733043046,7680.927744558133,7522.230890331725,7609.51416015625,4619085,0.0,0.0
2021-04-29 00:00:00+09:00,7657.123445817724,7720.602189409996,7538.100801582215,7546.03564453125,2944162,0.0,0.0
2021-04-30 00:00:00+09:00,7561.905786409959,7720.602654960011,7561.905786409959,7688.86328125,3693510,0.0,0.0
2021-05-03 00:00:00+09:00,7696.797880284927,7696.797880284927,7553.970703125,7553.970703125,2452892,0.0,0.0
2021-05-04 00:00:00+09:00,7561.905546300552,7649.188821231617,7442.882898667279,7553.970703125,2122684,0.0,0.0
2021-05-06 00:00:00+09:00,7617.449815270937,8053.8662109375,7609.514971713363,8053.8662109375,8653675,0.0,0.0
2021-05-07 00:00:00+09:00,8133.214254940257,8212.562686695772,8014.191607306985,8093.5400390625,3320736,0.0,0.0
2021-05-10 00:00:00+09:00,8133.214455021238,8252.237105582524,7974.517587606189,8172.888671875,3264857,0.0,0.0
2021-05-11 00:00:00+09:00,8133.213688777044,8331.584754356973,8093.5394756610585,8252.236328125,2822653,0.0,0.0
2021-05-12 00:00:00+09:00,8252.23700457317,8252.23700457317,7934.843273628048,8133.21435546875,2614280,0.0,0.0
2021-05-13 00:00:00+09:00,8014.1920022740605,8648.979487602699,7974.517784441021,8450.6083984375,6847378,0.0,0.0
2021-05-14 00:00:00+09:00,8450.608010550526,8609.304874598423,8331.585362514603,8490.2822265625,2646200,0.0,0.0
2021-05-17 00:00:00+09:00,8490.282425491898,8609.305076316552,8371.259774667245,8569.630859375,2531553,0.0,0.0
2021-05-18 00:00:00+09:00,8569.630291193182,8807.67557705966,8569.630291193182,8728.3271484375,2705553,0.0,0.0
2021-05-20 00:00:00+09:00,8728.327727141204,8807.676161024307,8490.282425491898,8569.630859375,2648104,0.0,0.0
2021-05-21 00:00:00+09:00,8609.30546875,8609.30546875,8252.237500000001,8331.5859375,2817065,0.0,0.0
2021-05-24 00:00:00+09:00,8252.236733490567,8529.956238944576,8212.562518425708,8410.93359375,1653599,0.0,0.0
2021-05-25 00:00:00+09:00,8410.933794538552,8490.2822265625,8371.259578526577,8490.2822265625,1769367,0.0,0.0
2021-05-26 00:00:00+09:00,8410.933794538552,8490.2822265625,8371.259578526577,8490.2822265625,1372203,0.0,0.0
2021-05-27 00:00:00+09:00,8490.2828125,8490.2828125,8331.5859375,8331.5859375,2454590,0.0,0.0
2021-05-28 00:00:00+09:00,8410.933611751152,8648.97890264977,8410.933611751152,8609.3046875,2211396,0.0,0.0
2021-05-31 00:00:00+09:00,8648.979293258102,8688.653510199652,8490.282425491898,8569.630859375,1859497,0.0,0.0
2021-06-01 00:00:00+09:00,8569.63125,8609.30546875,8410.934375,8529.95703125,1516776,0.0,0.0
2021-06-02 00:00:00+09:00,8569.630859375,8609.305076316552,8490.282425491898,8569.630859375,1328212,0.0,0.0
2021-06-03 00:00:00+09:00,8609.305076316552,8728.327727141204,8569.630859375,8569.630859375,2042788,0.0,0.0
2021-06-04 00:00:00+09:00,8569.62970890411,8847.349190211187,8569.62970890411,8688.65234375,2722877,0.0,0.0
2021-06-07 00:00:00+09:00,8688.652934126421,8768.00136274858,8609.304505504262,8728.3271484375,1677330,0.0,0.0
2021-06-08 00:00:00+09:00,8728.3271484375,8807.67557705966,8648.97871981534,8728.3271484375,1645711,0.0,0.0
2021-06-09 00:00:00+09:00,8688.65311779954,8728.32733294931,8609.3046875,8609.3046875,1526214,0.0,0.0
2021-06-10 00:00:00+09:00,8569.63105193662,8609.305269769658,8410.93418060446,8450.6083984375,2225385,0.0,0.0
2021-06-11 00:00:00+09:00,8410.93418060446,8490.282616270539,8331.58574493838,8450.6083984375,1500753,0.0,0.0
2021-06-14 00:00:00+09:00,8450.607808814859,8490.282023879718,8331.585163620284,8410.93359375,1373168,0.0,0.0
2021-06-15 00:00:00+09:00,8371.259378685141,8450.607808814859,8331.585163620284,8410.93359375,1332886,0.0,0.0
2021-06-16 00:00:00+09:00,8410.933611751152,8648.97890264977,8410.933611751152,8609.3046875,1582231,0.0,0.0
2021-06-17 00:00:00+09:00,8648.979090610397,8688.653306622371,8450.608010550526,8490.2822265625,1643558,0.0,0.0
2021-06-18 00:00:00+09:00,8410.934375,8450.608593750001,8331.5859375,8331.5859375,2059395,0.0,0.0
2021-06-21 00:00:00+09:00,8212.5625,8291.910929951691,8172.888285024155,8212.5625,2338201,0.0,0.0
2021-06-22 00:00:00+09:00,8331.5859375,8371.26015625,8252.237500000001,8331.5859375,1110300,0.0,0.0
2021-06-23 00:00:00+09:00,8331.584754356973,8331.584754356973,8212.562115009016,8252.236328125,1290361,0.0,0.0
2021-06-24 00:00:00+09:00,8252.23711492891,8371.259765625,8212.562898030214,8371.259765625,1072866,0.0,0.0
2021-06-25 00:00:00+09:00,8450.6083984375,8490.282616270539,8371.259962771419,8450.6083984375,1489959,0.0,0.0
2021-06-28 00:00:00+09:00,8490.282616270539,8569.63105193662,8410.93418060446,8450.6083984375,1439238,0.0,0.0
2021-06-29 00:00:00+09:00,8410.934375,8450.608593750001,8331.5859375,8331.5859375,1239293,0.0,0.0
2021-06-30 00:00:00+09:00,8331.5859375,8410.934375,8291.91171875,8331.5859375,847239,0.0,0.0
2021-07-01 00:00:00+09:00,8291.910929951691,8331.585144927536,8212.5625,8212.5625,1490725,0.0,0.0
2021-07-02 00:00:00+09:00,8252.23788875598,8291.912109375,8212.563668136961,8291.912109375,838863,0.0,0.0
2021-07-05 00:00:00+09:00,8291.912109375,8331.58632999402,8212.563668136961,8291.912109375,818926,0.0,0.0
2021-07-06 00:00:00+09:00,8252.237500000001,8331.5859375,8252.237500000001,8331.5859375,834569,0.0,0.0
2021-07-07 00:00:00+09:00,8252.236328125,8252.236328125,8172.887901893029,8252.236328125,1600245,0.0,0.0
2021-07-08 00:00:00+09:00,8252.237105582524,8291.911322436286,8172.888671875,8172.888671875,1675500,0.0,0.0
2021-07-09 00:00:00+09:00,8053.865518598414,8053.865518598414,7895.168661089086,7974.51708984375,3329890,0.0,0.0
2021-07-12 00:00:00+09:00,8053.865922732469,8172.88857183689,8053.865922732469,8133.21435546875,1205955,0.0,0.0
2021-07-13 00:00:00+09:00,8212.5625,8252.236714975847,8172.888285024155,8212.5625,1773439,0.0,0.0
2021-07-14 00:00:00+09:00,8172.888470818015,8172.888470818015,8093.5400390625,8093.5400390625,909897,0.0,0.0
2021-07-15 00:00:00+09:00,8133.21407004831,8212.5625,8053.865640096618,8212.5625,1164969,0.0,0.0
2021-07-16 00:00:00+09:00,8172.889447517943,8291.912109375,8133.215226898924,8291.912109375,1413969,0.0,0.0
2021-07-19 00:00:00+09:00,8252.237105582524,8252.237105582524,8172.888671875,8172.888671875,786574,0.0,0.0
2021-07-20 00:00:00+09:00,8053.865823184742,8133.214254940257,8014.191607306985,8093.5400390625,1134989,0.0,0.0
2021-07-21 00:00:00+09:00,8133.214254940257,8172.888470818015,8053.865823184742,8093.5400390625,795898,0.0,0.0
2021-07-22 00:00:00+09:00,8172.888285024155,8291.910929951691,8133.21407004831,8212.5625,1665353,0.0,0.0
2021-07-23 00:00:00+09:00,8212.56278820503,8212.56278820503,8133.214355468749,8133.21435546875,1340961,0.0,0.0
2021-07-26 00:00:00+09:00,8133.214355468749,8212.56278820503,8093.540139100609,8133.21435546875,846906,0.0,0.0
2021-07-27 00:00:00+09:00,8212.5625,8291.910929951691,8172.888285024155,8212.5625,1609351,0.0,0.0
2021-07-28 00:00:00+09:00,8172.888285024155,8252.236714975847,8133.21407004831,8212.5625,719548,0.0,0.0
2021-07-29 00:00:00+09:00,8212.5625,8291.910929951691,8212.5625,8212.5625,921162,0.0,0.0
2021-07-30 00:00:00+09:00,8252.237105582524,8291.911322436286,8133.214455021238,8172.888671875,1209905,0.0,0.0
2021-08-02 00:00:00+09:00,8133.214254940257,8172.888470818015,8014.191607306985,8093.5400390625,1045986,0.0,0.0
2021-08-03 00:00:00+09:00,8093.540139100609,8172.88857183689,8014.191706364329,8133.21435546875,918779,0.0,0.0
2021-08-04 00:00:00+09:00,8172.889447517943,8291.912109375,8133.215226898924,8291.912109375,1036021,0.0,0.0
2021-08-05 00:00:00+09:00,8291.910929951691,8291.910929951691,8212.5625,8212.5625,934576,0.0,0.0
2021-08-06 00:00:00+09:00,8252.23788875598,8331.58632999402,8252.23788875598,8291.912109375,807372,0.0,0.0
2021-08-09 00:00:00+09:00,8371.259359903383,8371.259359903383,8212.5625,8212.5625,1097887,0.0,0.0
2021-08-10 00:00:00+09:00,8252.23700457317,8291.91122094131,8133.214355468749,8133.21435546875,875763,0.0,0.0
2021-08-11 00:00:00+09:00,8172.887901893029,8252.236328125,8133.213688777044,8252.236328125,1036188,0.0,0.0
2021-08-12 00:00:00+09:00,8291.910929951691,8291.910929951691,8212.5625,8212.5625,1038571,0.0,0.0
2021-08-13 00:00:00+09:00,8252.23700457317,8252.23700457317,8053.865922732469,8133.21435546875,1526003,0.0,0.0
2021-08-17 00:00:00+09:00,8133.214355468749,8212.56278820503,8053.865922732469,8133.21435546875,1521308,0.0,0.0
2021-08-18 00:00:00+09:00,8133.214355468749,8172.88857183689,8053.865922732469,8133.21435546875,799776,0.0,0.0
2021-08-19 00:00:00+09:00,8133.213842773438,8172.888056640625,7911.038245117188,7934.8427734375,1998582,0.0,0.0
2021-08-20 00:00:00+09:00,7926.908550413184,7974.517610776025,7792.016212718465,7831.6904296875,2087014,0.0,0.0
2021-08-23 00:00:00+09:00,7855.494446711754,8053.865518598414,7855.494446711754,7974.51708984375,1209455,0.0,0.0
2021-08-24 00:00:00+09:00,8014.191706364329,8172.88857183689,8014.191706364329,8133.21435546875,1102211,0.0,0.0
2021-08-25 00:00:00+09:00,8172.888285024155,8212.5625,8093.539855072464,8212.5625,954925,0.0,0.0
2021-08-26 00:00:00+09:00,8291.910541240986,8291.910541240986,8133.213688777044,8252.236328125,1675247,0.0,0.0
2021-08-27 00:00:00+09:00,8252.23788875598,8331.58632999402,8172.889447517943,8291.912109375,1252423,0.0,0.0
2021-08-30 00:00:00+09:00,8331.585539290048,8331.585539290048,8133.214455021238,8172.888671875,954637,0.0,0.0
2021-08-31 00:00:00+09:00,8133.214455021238,8212.562888728762,8053.866021313714,8172.888671875,1510364,0.0,0.0
2021-09-01 00:00:00+09:00,8133.215226898924,8291.912109375,8133.215226898924,8291.912109375,915141,0.0,0.0
2021-09-02 00:00:00+09:00,8212.5625,8291.910929951691,8212.5625,8212.5625,744551,0.0,0.0
2021-09-03 00:00:00+09:00,8252.236328125,8291.910541240986,8212.562115009016,8252.236328125,644270,0.0,0.0
2021-09-06 00:00:00+09:00,8252.236714975847,8252.236714975847,8212.5625,8212.5625,650493,0.0,0.0
2021-09-07 00:00:00+09:00,8212.5625,8252.236714975847,8172.888285024155,8212.5625,540953,0.0,0.0
2021-09-08 00:00:00+09:00,8172.888285024155,8212.5625,8172.888285024155,8212.5625,698785,0.0,0.0
2021-09-09 00:00:00+09:00,8172.8877678295175,8212.56198029471,7934.842493038366,8014.19091796875,2563012,0.0,0.0
2021-09-10 00:00:00+09:00,8053.865823184742,8093.5400390625,8014.191607306985,8093.5400390625,768807,0.0,0.0
2021-09-13 00:00:00+09:00,8053.865922732469,8133.214355468749,8053.865922732469,8133.21435546875,663856,0.0,0.0
2021-09-14 00:00:00+09:00,8133.214355468749,8212.56278820503,8133.214355468749,8133.21435546875,893138,0.0,0.0
2021-09-15 00:00:00+09:00,8133.214355468749,8212.56278820503,8093.540139100609,8133.21435546875,1033440,0.0,0.0
2021-09-16 00:00:00+09:00,8133.214646513239,8172.888864301109,8053.8662109375,8053.8662109375,1031581,0.0,0.0
2021-09-17 00:00:00+09:00,8093.5400390625,8093.5400390625,8014.191607306985,8093.5400390625,1012035,0.0,0.0
2021-09-23 00:00:00+09:00,8014.19091796875,8093.539342899134,7974.516705503558,8014.19091796875,1625178,0.0,0.0
2021-09-24 00:00:00+09:00,8053.8662109375,8133.214646513239,8014.19199314963,8053.8662109375,1585587,0.0,0.0
2021-09-27 00:00:00+09:00,8053.865823184742,8133.214254940257,8053.865823184742,8093.5400390625,625426,0.0,0.0
2021-09-28 00:00:00+09:00,8133.213688777044,8252.236328125,8133.213688777044,8252.236328125,1989346,0.0,0.0
2021-09-29 00:00:00+09:00,8212.562888728762,8252.237105582524,8133.214455021238,8172.888671875,1219978,0.0,0.0
2021-09-30 00:00:00+09:00,8172.8890625,8371.26015625,8172.8890625,8331.5859375,2148517,0.0,0.0
2021-10-01 00:00:00+09:00,8291.910541240986,8371.258967472957,8212.562115009016,8252.236328125,1539438,0.0,0.0
2021-10-05 00:00:00+09:00,8252.237500000001,8371.26015625,8212.56328125,8331.5859375,1922212,0.0,0.0
2021-10-06 00:00:00+09:00,8371.259765625,8450.608199422393,8331.585548726303,8371.259765625,2249118,0.0,0.0
2021-10-07 00:00:00+09:00,8410.933794538552,8490.2822265625,8371.259578526577,8490.2822265625,1500043,0.0,0.0
2021-10-08 00:00:00+09:00,8450.607808814859,8490.282023879718,8331.585163620284,8410.93359375,1368444,0.0,0.0
2021-10-12 00:00:00+09:00,8410.93418060446,8490.282616270539,8291.91152710534,8450.6083984375,1890961,0.0,0.0
2021-10-13 00:00:00+09:00,8450.608010550526,8490.2822265625,8410.933794538552,8490.2822265625,967204,0.0,0.0
2021-10-14 00:00:00+09:00,8529.95683410358,8529.95683410358,8410.93418060446,8450.6083984375,999565,0.0,0.0
2021-10-15 00:00:00+09:00,8450.608208550348,8609.305076316552,8450.608208550348,8569.630859375,1683608,0.0,0.0
2021-10-18 00:00:00+09:00,8609.304302250574,8648.978515625,8529.95587550172,8648.978515625,1258161,0.0,0.0
2021-10-19 00:00:00+09:00,8648.978132134704,8688.65234375,8609.303920519407,8688.65234375,1315536,0.0,0.0
2021-10-20 00:00:00+09:00,8728.32735078829,8847.349996480856,8688.653135557433,8807.67578125,2640254,0.0,0.0
2021-10-21 00:00:00+09:00,8847.349813368057,8966.372456597222,8807.675598958334,8926.6982421875,2278605,0.0,0.0
2021-10-22 00:00:00+09:00,8926.6982421875,9045.720885416667,8847.349813368057,8926.6982421875,1617050,0.0,0.0
2021-10-25 00:00:00+09:00,8966.372477921195,9125.0693359375,8887.024048913045,9125.0693359375,1665566,0.0,0.0
2021-10-26 00:00:00+09:00,9164.743550441577,9204.417764945652,9045.720906929348,9125.0693359375,1233788,0.0,0.0
2021-10-27 00:00:00+09:00,9164.744333367598,9164.744333367598,8966.373243900767,9045.7216796875,1386599,0.0,0.0
2021-10-28 00:00:00+09:00,9006.04646335482,9085.39489034473,8807.675395880045,8847.349609375,2312487,0.0,0.0
2021-10-29 00:00:00+09:00,8887.024604072398,8966.37303803733,8688.653519160069,8768.001953125,1935988,0.0,0.0
2021-11-01 00:00:00+09:00,8807.675981794086,8887.0244140625,8728.32754952567,8887.0244140625,1034227,0.0,0.0
2021-11-02 00:00:00+09:00,8887.0244140625,8966.372846330916,8847.350197928292,8887.0244140625,1099040,0.0,0.0
2021-11-03 00:00:00+09:00,8926.698821054864,8966.37303803733,8768.001953125,8768.001953125,1079957,0.0,0.0
2021-11-04 00:00:00+09:00,8768.001384548612,8926.6982421875,8768.001384548612,8926.6982421875,1141661,0.0,0.0
2021-11-05 00:00:00+09:00,8887.024211711712,8887.024211711712,8688.653135557433,8807.67578125,1420103,0.0,0.0
2021-11-08 00:00:00+09:00,8728.326968890135,8887.023822869955,8609.30432840527,8847.349609375,1133017,0.0,0.0
2021-11-09 00:00:00+09:00,8847.349609375,8966.372249859865,8807.675395880045,8847.349609375,736975,0.0,0.0
2021-11-10 00:00:00+09:00,8807.676170107467,8847.350387089933,8728.327736142533,8768.001953125,913807,0.0,0.0
2021-11-11 00:00:00+09:00,8768.00136274858,8807.67557705966,8688.652934126421,8728.3271484375,1197758,0.0,0.0
2021-11-12 00:00:00+09:00,8728.32735078829,8807.67578125,8728.32735078829,8807.67578125,771572,0.0,0.0
2021-11-15 00:00:00+09:00,8847.349609375,8847.349609375,8728.326968890135,8847.349609375,885407,0.0,0.0
2021-11-16 00:00:00+09:00,8807.675981794086,8887.0244140625,8768.001765659877,8887.0244140625,746300,0.0,0.0
2021-11-17 00:00:00+09:00,8847.350387089933,8847.350387089933,8688.653519160069,8768.001953125,1369800,0.0,0.0
2021-11-18 00:00:00+09:00,8768.00118238509,8847.349609375,8688.65275539518,8847.349609375,793389,0.0,0.0
2021-11-19 00:00:00+09:00,8807.67578125,8847.349996480856,8728.32735078829,8807.67578125,951598,0.0,0.0
2021-11-22 00:00:00+09:00,8728.327736142533,8807.676170107467,8728.327736142533,8768.001953125,902733,0.0,0.0
2021-11-23 00:00:00+09:00,8807.67578125,8887.024211711712,8768.001566019144,8807.67578125,770442,0.0,0.0
2021-11-24 00:00:00+09:00,8887.023644911504,9006.046283012996,8847.349432211005,8966.3720703125,1418097,0.0,0.0
2021-11-25 00:00:00+09:00,8926.69803636491,8966.372249859865,8807.675395880045,8847.349609375,769092,0.0,0.0
2021-11-26 00:00:00+09:00,8807.67557705966,8847.34979137074,8728.3271484375,8728.3271484375,1219356,0.0,0.0
2021-11-29 00:00:00+09:00,8490.2828125,8648.979687500001,8410.934375,8529.95703125,2112375,0.0,0.0
2021-11-30 00:00:00+09:00,8569.630840412621,8609.305057266383,8172.888671875,8172.888671875,3269482,0.0,0.0
2021-12-01 00:00:00+09:00,8133.213688777044,8291.910541240986,8093.5394756610585,8252.236328125,1306009,0.0,0.0
2021-12-02 00:00:00+09:00,8172.888303360849,8410.93359375,8133.214088295991,8410.93359375,1227093,0.0,0.0
2021-12-03 00:00:00+09:00,8490.282042050692,8648.97890264977,8371.259396601383,8609.3046875,1453196,0.0,0.0
2021-12-06 00:00:00+09:00,8569.630088876147,8688.652728999426,8450.607448752866,8648.978515625,1050875,0.0,0.0
2021-12-07 00:00:00+09:00,8648.97871981534,8728.3271484375,8609.304505504262,8728.3271484375,984565,0.0,0.0
2021-12-08 00:00:00+09:00,8728.326555365298,8807.674978595891,8648.978132134704,8688.65234375,928826,0.0,0.0
2021-12-09 00:00:00+09:00,8688.652934126421,8728.3271484375,8648.97871981534,8728.3271484375,1338517,0.0,0.0
2021-12-10 00:00:00+09:00,8688.65234375,8728.326555365298,8648.978132134704,8688.65234375,642298,0.0,0.0
2021-12-13 00:00:00+09:00,8688.652934126421,8807.67557705966,8688.652934126421,8728.3271484375,746219,0.0,0.0
2021-12-14 00:00:00+09:00,8688.653519160069,8768.001953125,8648.979302177602,8768.001953125,781913,0.0,0.0
2021-12-15 00:00:00+09:00,8768.001953125,8768.001953125,8688.653519160069,8768.001953125,629307,0.0,0.0
2021-12-16 00:00:00+09:00,8807.676170107467,8807.676170107467,8688.653519160069,8768.001953125,1101763,0.0,0.0
2021-12-17 00:00:00+09:00,8768.001384548612,8926.6982421875,8768.001384548612,8926.6982421875,1851023,0.0,0.0
2021-12-20 00:00:00+09:00,8847.349996480856,8887.024211711712,8807.67578125,8807.67578125,767604,0.0,0.0
2021-12-21 00:00:00+09:00,8847.350197928292,8926.698630196708,8807.675981794086,8887.0244140625,1012323,0.0,0.0
2021-12-22 00:00:00+09:00,8966.372642173425,8966.372642173425,8807.67578125,8807.67578125,840773,0.0,0.0
2021-12-23 00:00:00+09:00,8847.349609375,8887.023822869955,8768.00118238509,8847.349609375,1037831,0.0,0.0
2021-12-24 00:00:00+09:00,8847.349609375,8847.349609375,8768.00118238509,8847.349609375,1282284,0.0,0.0
2021-12-27 00:00:00+09:00,8847.350387089933,8847.350387089933,8768.001953125,8768.001953125,1927531,0.0,0.0
2021-12-28 00:00:00+09:00,8768.001566019144,8807.67578125,8688.653135557433,8807.67578125,4191535,0.0,0.0
2021-12-29 00:00:00+09:00,9003.9716796875,9046.64453125,8833.2802734375,8918.6259765625,4628345,780.0,0.0
2021-12-30 00:00:00+09:00,8918.6259765625,8918.6259765625,8747.9345703125,8790.607421875,1701978,0.0,0.0
2022-01-04 00:00:00+09:00,8875.953125,8875.953125,8790.607421875,8875.953125,902538,0.0,0.0
2022-01-05 00:00:00+09:00,8918.6259765625,8961.298828125,8875.953125,8918.6259765625,1607535,0.0,0.0
2022-01-06 00:00:00+09:00,8875.952143719805,8918.624990564613,8790.606450030193,8833.279296875,1188128,0.0,0.0
2022-01-07 00:00:00+09:00,8833.279296875,8875.952143719805,8790.606450030193,8833.279296875,1371527,0.0,0.0
2022-01-10 00:00:00+09:00,8833.2802734375,9131.990234375,8833.2802734375,9089.3173828125,2521504,0.0,0.0
2022-01-11 00:00:00+09:00,9089.316415334302,9217.334956395349,9046.643568313953,9174.662109375,2054357,0.0,0.0
2022-01-12 00:00:00+09:00,9131.990234375,9217.3359375,9089.3173828125,9217.3359375,1629584,0.0,0.0
2022-01-13 00:00:00+09:00,9217.334956395349,9217.334956395349,9131.989262354651,9174.662109375,1239172,0.0,0.0
2022-01-14 00:00:00+09:00,9217.3359375,9260.0087890625,9131.990234375,9217.3359375,1489208,0.0,0.0
2022-01-17 00:00:00+09:00,9174.6630859375,9217.3359375,9003.9716796875,9089.3173828125,1106293,0.0,0.0
2022-01-18 00:00:00+09:00,9089.3173828125,9131.990234375,9003.9716796875,9089.3173828125,959428,0.0,0.0
2022-01-19 00:00:00+09:00,9003.9716796875,9174.6630859375,8961.298828125,9089.3173828125,1413331,0.0,0.0
2022-01-20 00:00:00+09:00,9089.3173828125,9131.990234375,8875.953125,8918.6259765625,1748424,0.0,0.0
2022-01-21 00:00:00+09:00,8875.952157738097,9003.970698474703,8833.279310825894,8961.2978515625,1141998,0.0,0.0
2022-01-24 00:00:00+09:00,8918.6259765625,9003.9716796875,8747.9345703125,8790.607421875,1254423,0.0,0.0
2022-01-25 00:00:00+09:00,8747.9345703125,8790.607421875,8517.501171875001,8662.5888671875,2119057,0.0,0.0
2022-01-26 00:00:00+09:00,8662.5888671875,8662.5888671875,8662.5888671875,8662.5888671875,0,0.0,0.0
2022-01-27 00:00:00+09:00,8875.953125,8875.953125,8577.2431640625,8705.26171875,1655657,0.0,0.0
2022-01-28 00:00:00+09:00,8747.933603185385,8875.952143719805,8705.26075634058,8833.279296875,1159051,0.0,0.0
2022-02-03 00:00:00+09:00,8875.952143719805,9003.970684254227,8833.279296875,8833.279296875,1347999,0.0,0.0
2022-02-04 00:00:00+09:00,8875.953125,9131.990234375,8833.2802734375,9131.990234375,2435546,0.0,0.0
2022-02-07 00:00:00+09:00,9131.990234375,9131.990234375,9003.9716796875,9089.3173828125,1669562,0.0,0.0
2022-02-08 00:00:00+09:00,9089.3173828125,9089.3173828125,9089.3173828125,9089.3173828125,0,0.0,0.0
2022-02-09 00:00:00+09:00,9089.3173828125,9089.3173828125,9089.3173828125,9089.3173828125,0,0.0,0.0
2022-02-10 00:00:00+09:00,9388.02734375,9473.373046875,9345.3544921875,9430.7001953125,2429061,0.0,0.0
2022-02-11 00:00:00+09:00,9345.3544921875,9601.3916015625,9302.681640625,9516.0458984375,3056820,0.0,0.0
2022-02-14 00:00:00+09:00,9430.7001953125,9516.0458984375,9345.3544921875,9430.7001953125,2076602,0.0,0.0
2022-02-15 00:00:00+09:00,9430.69920983162,9430.69920983162,9217.334974315068,9345.353515625,1792329,0.0,0.0
2022-02-16 00:00:00+09:00,9430.7001953125,9516.0458984375,9302.681640625,9430.7001953125,1567492,0.0,0.0
2022-02-17 00:00:00+09:00,9430.7001953125,9601.3916015625,9388.02734375,9516.0458984375,2363058,0.0,0.0
2022-02-18 00:00:00+09:00,9430.7001953125,9601.3916015625,9388.02734375,9516.0458984375,1422028,0.0,0.0
2022-02-21 00:00:00+09:00,9430.7001953125,9516.0458984375,9345.3544921875,9516.0458984375,1040048,0.0,0.0
2022-02-22 00:00:00+09:00,9516.0458984375,9516.0458984375,9516.0458984375,9516.0458984375,0,0.0,0.0
2022-02-23 00:00:00+09:00,9516.0458984375,9516.0458984375,9516.0458984375,9516.0458984375,0,0.0,0.0
2022-02-24 00:00:00+09:00,9217.334942511792,9217.334942511792,8961.297860775354,9046.6435546875,1726229,0.0,0.0
2022-02-25 00:00:00+09:00,9089.3173828125,9089.3173828125,8875.953125,8918.6259765625,1602801,0.0,0.0
2022-02-28 00:00:00+09:00,8918.6259765625,8918.6259765625,8918.6259765625,8918.6259765625,0,0.0,0.0
2022-03-02 00:00:00+09:00,9046.643545386905,9089.316392299108,8918.625004650297,8961.2978515625,2622811,0.0,0.0
2022-03-03 00:00:00+09:00,9046.64453125,9174.6630859375,9046.64453125,9131.990234375,1498894,0.0,0.0
2022-03-04 00:00:00+09:00,9089.3173828125,9089.3173828125,9003.9716796875,9003.9716796875,769608,0.0,0.0
2022-03-07 00:00:00+09:00,8918.624990564613,8961.29783740942,8790.606450030193,8833.279296875,1426295,0.0,0.0
2022-03-08 00:00:00+09:00,8705.26171875,8875.953125,8662.5888671875,8790.607421875,1092582,0.0,0.0
2022-03-10 00:00:00+09:00,8918.625004650297,9003.970698474703,8875.952157738097,8961.2978515625,1653446,0.0,0.0
2022-03-11 00:00:00+09:00,8918.6259765625,9003.9716796875,8875.953125,9003.9716796875,854700,0.0,0.0
2022-03-14 00:00:00+09:00,8961.298828125,9046.64453125,8918.6259765625,9003.9716796875,651941,0.0,0.0
2022-03-15 00:00:00+09:00,9003.9716796875,9003.9716796875,9003.9716796875,9003.9716796875,0,0.0,0.0
2022-03-16 00:00:00+09:00,8961.298828125,9046.64453125,8875.953125,9003.9716796875,1056821,0.0,0.0
2022-03-17 00:00:00+09:00,9003.9716796875,9003.9716796875,9003.9716796875,9003.9716796875,0,0.0,0.0
2022-03-18 00:00:00+09:00,9046.6435546875,9089.316401643573,8961.297860775354,9046.6435546875,2015061,0.0,0.0
2022-03-21 00:00:00+09:00,9046.6435546875,9046.6435546875,9046.6435546875,9046.6435546875,0,0.0,0.0
2022-03-22 00:00:00+09:00,9003.970721293605,9174.662109375,9003.970721293605,9174.662109375,1006850,0.0,0.0
2022-03-23 00:00:00+09:00,9217.334956395349,9260.007803415698,9174.662109375,9174.662109375,920612,0.0,0.0
2022-03-24 00:00:00+09:00,9131.990234375,9260.0087890625,9089.3173828125,9217.3359375,1125367,0.0,0.0
2022-03-25 00:00:00+09:00,9217.3359375,9302.681640625,9174.6630859375,9302.681640625,890209,0.0,0.0
2022-03-28 00:00:00+09:00,9302.681640625,9345.3544921875,9217.3359375,9302.681640625,784144,0.0,0.0
2022-03-29 00:00:00+09:00,9302.680668521689,9388.026362728311,9260.00782141838,9345.353515625,1022487,0.0,0.0
2022-03-30 00:00:00+09:00,9302.680659562213,9302.680659562213,9174.662118375576,9260.0078125,1117517,0.0,0.0
2022-03-31 00:00:00+09:00,9217.334965437789,9302.680659562213,9174.662118375576,9260.0078125,803470,0.0,0.0
2022-04-01 00:00:00+09:00,9217.334974315068,9345.353515625,9174.662127211757,9345.353515625,1131522,0.0,0.0
2022-04-04 00:00:00+09:00,9345.35352006392,9388.0263671875,9302.68067294034,9388.0263671875,859664,0.0,0.0
2022-04-05 00:00:00+09:00,9388.02734375,9430.7001953125,9131.990234375,9217.3359375,1670603,0.0,0.0
2022-04-06 00:00:00+09:00,9174.662127211757,9388.026362728311,9174.662127211757,9345.353515625,1525609,0.0,0.0
2022-04-07 00:00:00+09:00,9302.680668521689,9345.353515625,9217.334974315068,9345.353515625,1111921,0.0,0.0
2022-04-08 00:00:00+09:00,9345.35352006392,9388.0263671875,9260.007825816761,9388.0263671875,948511,0.0,0.0
2022-04-11 00:00:00+09:00,9388.02734375,9601.3916015625,9388.02734375,9601.3916015625,2488482,0.0,0.0
2022-04-12 00:00:00+09:00,9601.390620640346,9686.736315046037,9473.372079031808,9558.7177734375,1662973,0.0,0.0
2022-04-13 00:00:00+09:00,9601.3916015625,9601.3916015625,9430.7001953125,9516.0458984375,1101054,0.0,0.0
2022-04-14 00:00:00+09:00,9473.373046875,9601.3916015625,9473.373046875,9516.0458984375,1236638,0.0,0.0
2022-04-15 00:00:00+09:00,9473.372061434658,9516.044908558239,9388.0263671875,9388.0263671875,1126977,0.0,0.0
2022-04-18 00:00:00+09:00,9388.02734375,9430.7001953125,9302.681640625,9430.7001953125,555273,0.0,0.0
2022-04-19 00:00:00+09:00,9473.372079031808,9644.063467843192,9388.026384626115,9558.7177734375,1318635,0.0,0.0
2022-04-20 00:00:00+09:00,9601.390633604075,9729.409175385463,9558.717786343612,9686.736328125,1481801,0.0,0.0
2022-04-21 00:00:00+09:00,9729.409183951964,9814.754878548034,9644.063489355894,9772.08203125,1301580,0.0,0.0
2022-04-22 00:00:00+09:00,9729.409196524784,9900.1005859375,9686.736349171606,9900.1005859375,1459565,0.0,0.0
2022-04-25 00:00:00+09:00,9857.4287109375,9985.447265625,9814.755859375,9857.4287109375,1779747,0.0,0.0
2022-04-26 00:00:00+09:00,9900.100551060268,9900.100551060268,9558.7177734375,9558.7177734375,2177132,0.0,0.0
2022-04-27 00:00:00+09:00,9473.372061434658,9516.044908558239,9345.35352006392,9388.0263671875,2023521,0.0,0.0
2022-04-28 00:00:00+09:00,9430.7001953125,9601.3916015625,9302.681640625,9601.3916015625,1332415,0.0,0.0
2022-04-29 00:00:00+09:00,9601.3916015625,9686.7373046875,9516.0458984375,9601.3916015625,1539019,0.0,0.0
2022-05-02 00:00:00+09:00,9516.0458984375,9601.3916015625,9473.373046875,9601.3916015625,654329,0.0,0.0
2022-05-03 00:00:00+09:00,9644.063480864537,9729.409175385463,9601.390633604075,9686.736328125,825535,0.0,0.0
2022-05-04 00:00:00+09:00,9729.409183951964,9772.08203125,9644.063489355894,9772.08203125,905487,0.0,0.0
2022-05-06 00:00:00+09:00,9729.41015625,9729.41015625,9558.71875,9644.064453125,1293940,0.0,0.0
2022-05-10 00:00:00+09:00,9558.71776463964,9601.39061180321,9388.02637598536,9473.3720703125,1310659,0.0,0.0
2022-05-11 00:00:00+09:00,9473.373046875,9473.373046875,9302.681640625,9302.681640625,1281102,0.0,0.0
2022-05-12 00:00:00+09:00,9260.00782141838,9430.69920983162,9174.662127211757,9345.353515625,1527747,0.0,0.0
2022-05-13 00:00:00+09:00,9388.026384626115,9558.7177734375,9345.35353742327,9558.7177734375,2462205,0.0,0.0
2022-05-16 00:00:00+09:00,9558.71875,9601.3916015625,9473.373046875,9516.0458984375,742052,0.0,0.0
2022-05-17 00:00:00+09:00,9558.71875,9644.064453125,9516.0458984375,9601.3916015625,865506,0.0,0.0
2022-05-18 00:00:00+09:00,9601.3916015625,9644.064453125,9388.02734375,9430.7001953125,1321754,0.0,0.0
2022-05-19 00:00:00+09:00,9302.68067294034,9388.0263671875,9260.007825816761,9388.0263671875,1289489,0.0,0.0
2022-05-20 00:00:00+09:00,9388.0263671875,9473.372061434658,9302.68067294034,9388.0263671875,1184057,0.0,0.0
2022-05-23 00:00:00+09:00,9430.7001953125,9473.373046875,9345.3544921875,9430.7001953125,923637,0.0,0.0
2022-05-24 00:00:00+09:00,9473.3720703125,9601.39061180321,9473.3720703125,9473.3720703125,1078779,0.0,0.0
2022-05-25 00:00:00+09:00,9516.04491747607,9558.71776463964,9473.3720703125,9473.3720703125,788038,0.0,0.0
2022-05-26 00:00:00+09:00,9516.0458984375,9558.71875,9345.3544921875,9516.0458984375,1105911,0.0,0.0
2022-05-27 00:00:00+09:00,9558.71875,9601.3916015625,9516.0458984375,9601.3916015625,589765,0.0,0.0
2022-05-30 00:00:00+09:00,9601.3916015625,9686.7373046875,9601.3916015625,9601.3916015625,675840,0.0,0.0
2022-05-31 00:00:00+09:00,9601.3916015625,9644.064453125,9473.373046875,9601.3916015625,1840096,0.0,0.0
2022-06-02 00:00:00+09:00,9558.71875,9601.3916015625,9473.373046875,9516.0458984375,823766,0.0,0.0
2022-06-03 00:00:00+09:00,9516.0458984375,9601.3916015625,9473.373046875,9516.0458984375,583237,0.0,0.0
2022-06-07 00:00:00+09:00,9430.7001953125,9558.71875,9388.02734375,9430.7001953125,863584,0.0,0.0
2022-06-08 00:00:00+09:00,9473.373046875,9516.0458984375,9388.02734375,9430.7001953125,795138,0.0,0.0
2022-06-09 00:00:00+09:00,9388.0263671875,9430.699214311078,9345.35352006392,9388.0263671875,945901,0.0,0.0
2022-06-10 00:00:00+09:00,9345.353506624424,9388.026353686637,9260.0078125,9260.0078125,936092,0.0,0.0
2022-06-13 00:00:00+09:00,9174.66209555572,9217.334942511792,9046.6435546875,9046.6435546875,1119792,0.0,0.0
2022-06-14 00:00:00+09:00,8875.952180232558,9174.662109375,8875.952180232558,9174.662109375,1199956,0.0,0.0
2022-06-15 00:00:00+09:00,9174.66209555572,9174.66209555572,9003.970707731427,9046.6435546875,852868,0.0,0.0
2022-06-16 00:00:00+09:00,9131.98923921131,9174.662086123513,8961.2978515625,8961.2978515625,861405,0.0,0.0
2022-06-17 00:00:00+09:00,8833.2802734375,8961.298828125,8790.607421875,8918.6259765625,1370014,0.0,0.0
2022-06-20 00:00:00+09:00,8918.624980945122,8961.297827743903,8619.91505335366,8747.93359375,1148724,0.0,0.0
2022-06-21 00:00:00+09:00,8790.607421875,8833.2802734375,8705.26171875,8790.607421875,834069,0.0,0.0
2022-06-22 00:00:00+09:00,8833.279262695312,8875.952109374999,8534.5693359375,8534.5693359375,1210524,0.0,0.0
2022-06-23 00:00:00+09:00,8500.431438166921,8619.915414205412,8398.0166015625,8398.0166015625,1822835,0.0,0.0
2022-06-24 00:00:00+09:00,8398.0162265625,8577.242182617187,8346.808810546874,8534.5693359375,1490167,0.0,0.0
2022-06-27 00:00:00+09:00,8534.569723025654,8577.242571640782,8406.551177180268,8483.3623046875,1382669,0.0,0.0
2022-06-28 00:00:00+09:00,8500.43144413355,8577.242571640782,8466.293165241448,8483.3623046875,830071,0.0,0.0
2022-06-29 00:00:00+09:00,8440.689645251974,8440.689645251974,8363.878516023191,8372.4130859375,1200059,0.0,0.0
2022-06-30 00:00:00+09:00,8389.481818883185,8398.016388383576,8201.72128987461,8210.255859375,1203562,0.0,0.0
2022-07-01 00:00:00+09:00,8269.99843729823,8338.274998184077,8193.187306301652,8261.4638671875,952006,0.0,0.0
2022-07-04 00:00:00+09:00,8269.998031357587,8278.53260104939,7996.891801219875,8056.6337890625,1496605,0.0,0.0
2022-07-05 00:00:00+09:00,8090.772073997641,8159.04863158412,8048.099225506093,8141.9794921875,918083,0.0,0.0
2022-07-06 00:00:00+09:00,8082.237580579747,8082.237580579747,7792.062208098532,7809.13134765625,1852809,0.0,0.0
2022-07-07 00:00:00+09:00,7851.804687500001,7903.012109375,7749.38984375,7766.458984375,1533262,0.0,0.0
2022-07-08 00:00:00+09:00,7843.270214631685,7928.615918817013,7757.924510446356,7860.33935546875,993708,0.0,0.0
2022-07-11 00:00:00+09:00,7826.201073794619,7920.08134839848,7783.528221701955,7860.33935546875,809503,0.0,0.0
2022-07-12 00:00:00+09:00,7851.804196550547,7851.804196550547,7740.854789425376,7809.13134765625,1086857,0.0,0.0
2022-07-13 00:00:00+09:00,7809.131047796651,7860.338464503514,7740.8544921875,7740.8544921875,1276982,0.0,0.0
2022-07-14 00:00:00+09:00,7740.855077259828,7783.527927740864,7681.113086586378,7706.716796875,938051,0.0,0.0
2022-07-15 00:00:00+09:00,7689.647653390695,7698.182223483249,7493.352541261965,7578.6982421875,1447099,0.0,0.0
2022-07-18 00:00:00+09:00,7681.113472941658,7920.081447655399,7681.113472941658,7826.201171875,1502972,0.0,0.0
2022-07-19 00:00:00+09:00,7826.200976562501,7860.3392578125,7766.458984375001,7851.8046875,883167,0.0,0.0
2022-07-20 00:00:00+09:00,7962.754004010807,8065.168846506123,7954.219433802864,7971.28857421875,1389185,0.0,0.0
2022-07-21 00:00:00+09:00,7971.288089057508,8022.495507188498,7851.8041134185305,8013.9609375,847501,0.0,0.0
2022-07-22 00:00:00+09:00,7979.823144426693,8048.099706090237,7945.684863594921,7971.28857421875,735510,0.0,0.0
2022-07-25 00:00:00+09:00,7962.753519369009,8031.030076876997,7954.218949680511,8013.9609375,710198,0.0,0.0
2022-07-26 00:00:00+09:00,7962.75361170615,7979.822751281083,7894.477053406418,7937.14990234375,659162,0.0,0.0
2022-07-27 00:00:00+09:00,7971.287888948498,7971.287888948498,7894.476763680258,7954.21875,732404,0.0,0.0
2022-07-28 00:00:00+09:00,7971.288671875001,8056.634375000001,7945.6849609375,7979.8232421875,670082,0.0,0.0
2022-07-29 00:00:00+09:00,8022.495507188498,8056.633785942492,7979.822658746006,8013.9609375,987813,0.0,0.0
2022-08-01 00:00:00+09:00,8039.565135882294,8048.099706090237,7954.219433802864,7971.28857421875,643088,0.0,0.0
2022-08-02 00:00:00+09:00,7954.219041918684,7971.288181493616,7894.477053406418,7937.14990234375,654198,0.0,0.0
2022-08-03 00:00:00+09:00,7937.150488176356,7988.357910680719,7911.546776924174,7945.68505859375,528709,0.0,0.0
2022-08-04 00:00:00+09:00,7962.75361170615,7996.891890856015,7937.149902343751,7937.14990234375,624967,0.0,0.0
2022-08-05 00:00:00+09:00,7971.2882841558185,8099.306832616565,7954.219144361052,8031.0302734375,931521,0.0,0.0
2022-08-08 00:00:00+09:00,8031.030760186487,8159.04931640625,8031.030760186487,8159.04931640625,655912,0.0,0.0
2022-08-09 00:00:00+09:00,8167.583299758671,8184.652439361093,8099.306741348985,8150.51416015625,711107,0.0,0.0
2022-08-10 00:00:00+09:00,8116.376269325441,8150.5145501638235,8065.168848067867,8099.30712890625,596755,0.0,0.0
2022-08-11 00:00:00+09:00,8176.118359375,8278.533203125,8159.04921875,8278.533203125,627981,0.0,0.0
2022-08-12 00:00:00+09:00,8278.533008414697,8346.809569308838,8244.394727967627,8304.13671875,740621,0.0,0.0
2022-08-16 00:00:00+09:00,8329.740625,8380.948046875,8312.671484375,8363.87890625,782324,0.0,0.0
2022-08-17 00:00:00+09:00,8372.41230109279,8474.827130463957,8321.20488640721,8346.80859375,1007057,0.0,0.0
2022-08-18 00:00:00+09:00,8304.13632570627,8363.87831366099,8252.928907459365,8269.998046875,954178,0.0,0.0
2022-08-19 00:00:00+09:00,8287.067967550536,8346.809961137411,8210.256832938843,8338.275390625,595941,0.0,0.0
2022-08-22 00:00:00+09:00,8278.533007408962,8295.602147630423,8193.187306301652,8261.4638671875,814332,0.0,0.0
2022-08-23 00:00:00+09:00,8244.394133277821,8244.394133277821,8150.513868820207,8167.5830078125,907937,0.0,0.0
2022-08-24 00:00:00+09:00,8201.721486198458,8252.928904426542,8176.117777084414,8227.3251953125,538905,0.0,0.0
2022-08-25 00:00:00+09:00,8244.394533261457,8329.740232363543,8244.394533261457,8287.0673828125,516220,0.0,0.0
2022-08-26 00:00:00+09:00,8304.136132008745,8312.670701517489,8252.928714956275,8295.6015625,524524,0.0,0.0
2022-08-29 00:00:00+09:00,8124.910450752618,8210.256148764725,8116.375880951407,8150.51416015625,722931,0.0,0.0
2022-08-30 00:00:00+09:00,8201.7216796875,8235.859959311589,8167.58340006341,8201.7216796875,409208,0.0,0.0
2022-08-31 00:00:00+09:00,8193.186716300941,8227.324994285527,8133.444729827913,8167.5830078125,857863,0.0,0.0
2022-09-01 00:00:00+09:00,8133.444622402715,8167.58289993641,8065.168067335327,8073.70263671875,897233,0.0,0.0
2022-09-02 00:00:00+09:00,8065.1682602689225,8107.841108206853,8022.495412330992,8048.09912109375,689615,0.0,0.0
2022-09-05 00:00:00+09:00,8082.237988487059,8167.583690583015,8056.634277858271,8099.30712890625,706449,0.0,0.0
2022-09-06 00:00:00+09:00,8099.30673879523,8150.514157586348,8073.70302939967,8107.84130859375,343309,0.0,0.0
2022-09-07 00:00:00+09:00,8073.702925319489,8073.702925319489,7988.357228434505,8013.9609375,827558,0.0,0.0
2022-09-08 00:00:00+09:00,8056.634375000001,8107.841796875001,7979.823242187501,8065.1689453125,901682,0.0,0.0
2022-09-13 00:00:00+09:00,8116.375984608329,8287.0673828125,8107.84141469812,8287.0673828125,1147759,0.0,0.0
2022-09-14 00:00:00+09:00,8124.910937500001,8261.464062500001,8099.307226562501,8235.8603515625,748680,0.0,0.0
2022-09-15 00:00:00+09:00,8244.394145447532,8363.878118569959,8201.721297903807,8295.6015625,895111,0.0,0.0
2022-09-16 00:00:00+09:00,8295.6015743731,8423.6201171875,8252.9287267683,8423.6201171875,1501119,0.0,0.0
2022-09-19 00:00:00+09:00,8415.085935509047,8415.085935509047,8295.601956708715,8372.4130859375,553630,0.0,0.0
2022-09-20 00:00:00+09:00,8440.689844536757,8491.89726523162,8406.551564073514,8474.828125,887885,0.0,0.0
2022-09-21 00:00:00+09:00,8466.292766497461,8474.827335818529,8380.947073286803,8406.55078125,697313,0.0,0.0
2022-09-22 00:00:00+09:00,8372.413282633792,8440.689843552314,8329.740432059716,8432.1552734375,764614,0.0,0.0
2022-09-23 00:00:00+09:00,8415.086328125,8474.828320312501,8355.3443359375,8449.224609375,705444,0.0,0.0
2022-09-26 00:00:00+09:00,8406.550957883965,8406.550957883965,8201.72128987461,8210.255859375,1130454,0.0,0.0
2022-09-27 00:00:00+09:00,8218.791309308806,8252.92959096741,8099.307323503694,8159.04931640625,1359883,0.0,0.0
2022-09-28 00:00:00+09:00,8107.841402513948,8150.514252000863,7903.011724976754,8031.0302734375,1290284,0.0,0.0
2022-09-29 00:00:00+09:00,8056.6336083679835,8304.136123879287,8056.6336083679835,8210.255859375,1257374,0.0,0.0
2022-09-30 00:00:00+09:00,8141.979784540769,8235.860054593126,8090.7723645122105,8124.91064453125,1210073,0.0,0.0
2022-10-04 00:00:00+09:00,8218.790436921296,8355.343549061214,8159.048450360082,8295.6015625,852850,0.0,0.0
2022-10-05 00:00:00+09:00,8372.413083936348,8406.551363585426,8287.067384813652,8329.740234375,1141113,0.0,0.0
2022-10-06 00:00:00+09:00,8338.275390625,8389.482813699462,8295.602538062947,8338.275390625,550710,0.0,0.0
2022-10-07 00:00:00+09:00,8304.136151618919,8534.569528899197,8295.60158209002,8508.9658203125,1254005,0.0,0.0
2022-10-11 00:00:00+09:00,8466.29315929878,8483.36229873285,8355.343752977325,8398.0166015625,863272,0.0,0.0
2022-10-12 00:00:00+09:00,8415.086522256175,8491.897656840663,8338.275387671687,8466.2939453125,743566,0.0,0.0
2022-10-13 00:00:00+09:00,8491.8966812547,8619.91522418819,8466.292972668003,8508.9658203125,1144109,0.0,0.0
2022-10-14 00:00:00+09:00,8619.916015625,8747.9345703125,8619.916015625,8662.5888671875,1013035,0.0,0.0
2022-10-17 00:00:00+09:00,8619.916015625,8705.26171875,8577.2431640625,8705.26171875,706081,0.0,0.0
2022-10-18 00:00:00+09:00,8833.279287347561,8875.952134146342,8705.26074695122,8747.93359375,771464,0.0,0.0
2022-10-19 00:00:00+09:00,8790.606450030193,8918.624990564613,8747.933603185385,8833.279296875,1019065,0.0,0.0
2022-10-20 00:00:00+09:00,8790.606450030193,8875.952143719805,8662.587909495773,8833.279296875,1356100,0.0,0.0
2022-10-21 00:00:00+09:00,8833.2802734375,8833.2802734375,8619.916015625,8790.607421875,736451,0.0,0.0
2022-10-24 00:00:00+09:00,8790.607421875,8833.2802734375,8534.5703125,8577.2431640625,992254,0.0,0.0
2022-10-25 00:00:00+09:00,8577.2431640625,8705.26171875,8517.501171875001,8662.5888671875,866066,0.0,0.0
2022-10-26 00:00:00+09:00,8662.587875976562,8705.26072265625,8534.5693359375,8534.5693359375,655299,0.0,0.0
2022-10-27 00:00:00+09:00,8619.916015625,8918.6259765625,8619.916015625,8918.6259765625,1427155,0.0,0.0
2022-10-28 00:00:00+09:00,8918.625004650297,9003.970698474703,8875.952157738097,8961.2978515625,767079,0.0,0.0
2022-10-31 00:00:00+09:00,9003.9716796875,9046.64453125,8790.607421875,8918.6259765625,799185,0.0,0.0
2022-11-01 00:00:00+09:00,8961.298828125,8961.298828125,8875.953125,8918.6259765625,418896,0.0,0.0
2022-11-02 00:00:00+09:00,8918.625004650297,8961.2978515625,8790.606463913691,8961.2978515625,685306,0.0,0.0
2022-11-03 00:00:00+09:00,8790.607421875,9003.9716796875,8790.607421875,8875.953125,657685,0.0,0.0
2022-11-04 00:00:00+09:00,8875.952157738097,8961.2978515625,8833.279310825894,8961.2978515625,699398,0.0,0.0
2022-11-07 00:00:00+09:00,8961.297860775354,9046.6435546875,8918.62501381928,9046.6435546875,819303,0.0,0.0
2022-11-08 00:00:00+09:00,9046.643545386905,9046.643545386905,8918.625004650297,8961.2978515625,986053,0.0,0.0
2022-11-09 00:00:00+09:00,9003.9716796875,9046.64453125,8918.6259765625,9003.9716796875,844078,0.0,0.0
2022-11-10 00:00:00+09:00,9003.9716796875,9046.64453125,8961.298828125,9003.9716796875,713900,0.0,0.0
2022-11-11 00:00:00+09:00,9131.990234375,9217.3359375,9003.9716796875,9089.3173828125,1207113,0.0,0.0
2022-11-14 00:00:00+09:00,9046.643568313953,9174.662109375,9046.643568313953,9174.662109375,1025468,0.0,0.0
2022-11-15 00:00:00+09:00,9174.6630859375,9217.3359375,9089.3173828125,9131.990234375,588519,0.0,0.0
2022-11-16 00:00:00+09:00,9174.662118375576,9260.0078125,9089.316424251152,9260.0078125,987599,0.0,0.0
2022-11-17 00:00:00+09:00,9260.0078125,9302.680659562213,9174.662118375576,9260.0078125,771857,0.0,0.0
2022-11-18 00:00:00+09:00,9260.0087890625,9345.3544921875,9131.990234375,9217.3359375,896144,0.0,0.0
2022-11-21 00:00:00+09:00,9217.3359375,9302.681640625,9089.3173828125,9302.681640625,761398,0.0,0.0
2022-11-22 00:00:00+09:00,9260.007825816761,9388.0263671875,9217.334978693181,9388.0263671875,594195,0.0,0.0
2022-11-23 00:00:00+09:00,9388.026362728311,9388.026362728311,9260.00782141838,9345.353515625,499436,0.0,0.0
2022-11-24 00:00:00+09:00,9345.3544921875,9430.7001953125,9345.3544921875,9430.7001953125,548284,0.0,0.0
2022-11-25 00:00:00+09:00,9388.02734375,9473.373046875,9345.3544921875,9430.7001953125,494518,0.0,0.0
2022-11-28 00:00:00+09:00,9388.026362728311,9430.69920983162,9260.00782141838,9345.353515625,724138,0.0,0.0
2022-11-29 00:00:00+09:00,9345.3544921875,9473.373046875,9302.681640625,9430.7001953125,782853,0.0,0.0
2022-11-30 00:00:00+09:00,9430.699231828961,9558.7177734375,9388.026384626115,9558.7177734375,2088142,0.0,0.0
2022-12-01 00:00:00+09:00,9601.390620640346,9644.063467843192,9516.044926234654,9558.7177734375,1035063,0.0,0.0
2022-12-02 00:00:00+09:00,9558.7177734375,9601.390620640346,9473.372079031808,9558.7177734375,873752,0.0,0.0
2022-12-05 00:00:00+09:00,9516.0458984375,9601.3916015625,9430.7001953125,9601.3916015625,997047,0.0,0.0
2022-12-06 00:00:00+09:00,9516.04491747607,9601.39061180321,9430.699223148931,9473.3720703125,576728,0.0,0.0
2022-12-07 00:00:00+09:00,9430.7001953125,9473.373046875,9260.0087890625,9302.681640625,990176,0.0,0.0
2022-12-08 00:00:00+09:00,9302.680659562213,9345.353506624424,9217.334965437789,9260.0078125,1284726,0.0,0.0
2022-12-09 00:00:00+09:00,9345.3544921875,9430.7001953125,9260.0087890625,9430.7001953125,1093744,0.0,0.0
2022-12-12 00:00:00+09:00,9388.02734375,9558.71875,9302.681640625,9430.7001953125,1185313,0.0,0.0
2022-12-13 00:00:00+09:00,9516.04491747607,9516.04491747607,9388.02637598536,9473.3720703125,730047,0.0,0.0
2022-12-14 00:00:00+09:00,9516.04491747607,9516.04491747607,9430.699223148931,9473.3720703125,501240,0.0,0.0
2022-12-15 00:00:00+09:00,9473.372061434658,9516.044908558239,9388.0263671875,9388.0263671875,780726,0.0,0.0
2022-12-16 00:00:00+09:00,9302.681640625,9388.02734375,9260.0087890625,9302.681640625,1095263,0.0,0.0
2022-12-19 00:00:00+09:00,9302.681640625,9430.7001953125,9260.0087890625,9430.7001953125,807618,0.0,0.0
2022-12-20 00:00:00+09:00,9430.699223148931,9473.3720703125,9388.02637598536,9473.3720703125,624574,0.0,0.0
2022-12-21 00:00:00+09:00,9516.0458984375,9516.0458984375,9430.7001953125,9516.0458984375,1140188,0.0,0.0
2022-12-22 00:00:00+09:00,9473.3720703125,9516.04491747607,9388.02637598536,9473.3720703125,1117169,0.0,0.0
2022-12-23 00:00:00+09:00,9430.699223148931,9558.71776463964,9345.353528821792,9473.3720703125,2089453,0.0,0.0
2022-12-26 00:00:00+09:00,9473.373046875,9516.0458984375,9388.02734375,9430.7001953125,1649813,0.0,0.0
2022-12-27 00:00:00+09:00,9430.699231828961,9558.7177734375,9388.026384626115,9558.7177734375,4837055,0.0,0.0
2022-12-28 00:00:00+09:00,9754.746396484376,9801.41982421875,9325.350861328125,9334.685546875,6172167,960.0,0.0
2022-12-29 00:00:00+09:00,9297.346729410641,9306.681414881938,9138.657076398613,9166.6611328125,2097846,0.0,0.0
2023-01-02 00:00:00+09:00,9194.66503183635,9381.35873806653,8830.6123046875,8830.6123046875,2343823,0.0,0.0
2023-01-03 00:00:00+09:00,8765.270296360159,8933.294647089107,8765.270296360159,8923.9599609375,1245699,0.0,0.0
2023-01-04 00:00:00+09:00,8811.94352196814,9110.653471865366,8811.94352196814,9082.6494140625,1204082,0.0,0.0
2023-01-05 00:00:00+09:00,9138.657150390625,9428.03240234375,9110.65309375,9334.685546875,2255760,0.0,0.0
2023-01-06 00:00:00+09:00,9297.347414981617,9521.3798828125,9297.347414981617,9521.3798828125,2016042,0.0,0.0
2023-01-09 00:00:00+09:00,9568.052507155013,9614.725934019183,9334.685372834158,9428.0322265625,1541849,0.0,0.0
2023-01-10 00:00:00+09:00,9381.35919700585,9521.379483528324,9381.35919700585,9474.7060546875,1395698,0.0,0.0
2023-01-11 00:00:00+09:00,9474.70565342667,9521.37908029084,9381.35879969833,9428.0322265625,1123647,0.0,0.0
2023-01-12 00:00:00+09:00,9428.032625846674,9521.379483528324,9428.032625846674,9474.7060546875,1038815,0.0,0.0
2023-01-13 00:00:00+09:00,9521.379525991586,9754.746671236479,9474.706096942607,9708.0732421875,1573739,0.0,0.0
2023-01-16 00:00:00+09:00,9708.073459715639,9988.11404028436,9708.073459715639,9848.09375,2070870,0.0,0.0
2023-01-17 00:00:00+09:00,9848.093932229367,9848.093932229367,9708.073639354066,9754.7470703125,812563,0.0,0.0
2023-01-18 00:00:00+09:00,9754.746493675595,9848.093350074405,9614.72620907738,9801.419921875,1004939,0.0,0.0
2023-01-19 00:00:00+09:00,9754.746493675595,9848.093350074405,9708.07306547619,9801.419921875,665934,0.0,0.0
2023-01-20 00:00:00+09:00,9754.7470703125,9848.093932229367,9708.073639354066,9754.7470703125,576393,0.0,0.0
2023-01-25 00:00:00+09:00,9801.420046030005,9876.097532094995,9773.415988755632,9838.7587890625,1972,0.0,0.0
2023-01-26 00:00:00+09:00,9848.093324082012,9922.770809003961,9810.754581621039,9866.7626953125,2662,0.0,0.0
2023-01-27 00:00:00+09:00,9876.097380927744,9885.432066542988,9773.415839160065,9866.7626953125,1306,0.0,0.0
2023-01-30 00:00:00+09:00,9866.7631803104,9885.432552458573,9726.742889199088,9717.408203125,2659,0.0,0.0
2023-01-31 00:00:00+09:00,9736.07707507622,9754.746446265244,9558.718048780487,9568.052734375,2280,0.0,0.0
2023-02-01 00:00:00+09:00,9568.053132584952,9661.399992415048,9549.383760618932,9614.7265625,3212,0.0,0.0
2023-02-02 00:00:00+09:00,9614.7263687376,9642.730426122273,9390.693909660218,9409.36328125,55143,0.0,0.0
2023-02-03 00:00:00+09:00,9409.362855816831,9493.37502417234,9353.354743579826,9428.0322265625,1364,0.0,0.0
2023-02-06 00:00:00+09:00,9409.362880109671,9437.366936300474,9288.011969949526,9362.689453125,324,0.0,0.0
2023-02-07 00:00:00+09:00,9353.355289263216,9456.036834354927,9306.681859676075,9446.7021484375,1243,0.0,0.0
2023-02-08 00:00:00+09:00,9521.379674692622,9754.746823582147,9502.710302781461,9680.0693359375,2373,0.0,0.0
2023-02-09 00:00:00+09:00,9652.065489047181,9726.742978324142,9512.04519665288,9521.3798828125,4324,0.0,0.0
2023-02-10 00:00:00+09:00,9502.709737883877,9736.076872900672,9474.705681681862,9726.7421875,1467,0.0,0.0
2023-02-13 00:00:00+09:00,9736.077122395833,9876.097406994048,9689.403694196428,9801.419921875,1728,0.0,0.0
2023-02-14 00:00:00+09:00,9801.420100285457,9829.424157714844,9670.734498948317,9708.0732421875,3390,0.0,0.0
2023-02-15 00:00:00+09:00,9708.073636475814,9708.073636475814,9390.694306052566,9456.037109375,3286,0.0,0.0
2023-02-16 00:00:00+09:00,9456.036558790802,9493.375301372404,9390.693759272997,9437.3671875,1540,0.0,0.0
2023-02-17 00:00:00+09:00,9418.698364619324,9540.04928507527,9400.028992241485,9456.037109375,147,0.0,0.0
2023-02-20 00:00:00+09:00,9446.701997383005,9502.710111991995,9400.028568542179,9474.7060546875,830,0.0,0.0
2023-02-21 00:00:00+09:00,9446.70157325467,9530.713741396263,9400.028146509341,9493.375,1243,0.0,0.0
2023-02-22 00:00:00+09:00,9456.03713946788,9474.706511905131,9381.359649718874,9390.6943359375,2768,0.0,0.0
2023-02-23 00:00:00+09:00,9390.693461160276,9586.721853490659,9381.35877581121,9493.375,1749,0.0,0.0
2023-02-24 00:00:00+09:00,9465.37176585478,9558.71862745098,9465.37176585478,9521.3798828125,1112,0.0,0.0
2023-02-27 00:00:00+09:00,9484.040713674169,9577.387571092222,9446.701970706948,9540.048828125,712185,0.0,0.0
2023-02-28 00:00:00+09:00,9558.718689788055,9689.404296875,9502.710572465077,9689.404296875,1538500,0.0,0.0
2023-03-02 00:00:00+09:00,9633.395632239382,9708.073117760618,9596.056889478765,9670.734375,1264501,0.0,0.0
2023-03-03 00:00:00+09:00,9633.395280235987,9670.734021632252,9465.370943952803,9493.375,1043257,0.0,0.0
2023-03-06 00:00:00+09:00,9512.045045019246,9642.730649170639,9502.710359008432,9549.3837890625,1214537,0.0,0.0
2023-03-07 00:00:00+09:00,9530.713892227564,9577.387319711539,9456.036408253205,9465.37109375,709007,0.0,0.0
2023-03-08 00:00:00+09:00,9465.371701908683,9502.71044629491,9334.686096556887,9353.35546875,1117084,0.0,0.0
2023-03-09 00:00:00+09:00,9372.0242890625,9418.697716796874,9325.350861328125,9334.685546875,1008881,0.0,0.0
2023-03-10 00:00:00+09:00,9278.677762078902,9288.012447956244,9147.9921597961,9213.3349609375,1283101,0.0,0.0
2023-03-13 00:00:00+09:00,9147.99173723458,9260.007962588474,9110.65299544995,9232.00390625,833563,0.0,0.0
2023-03-14 00:00:00+09:00,9185.331017009905,9194.665703002802,8942.629181194603,8951.9638671875,1368674,0.0,0.0
2023-03-15 00:00:00+09:00,9063.97951650026,9241.338538965249,8961.297977178423,8998.63671875,1476191,0.0,0.0
2023-03-16 00:00:00+09:00,8942.629455566406,9026.641632080078,8886.621337890625,8961.298828125,1166819,0.0,0.0
2023-03-17 00:00:00+09:00,9035.975984391058,9138.65752966823,8989.302554719618,9082.6494140625,1680207,0.0,0.0
2023-03-20 00:00:00+09:00,9073.315063476562,9138.65786743164,8961.298828125,8961.298828125,962130,0.0,0.0
2023-03-21 00:00:00+09:00,8989.302009244659,9129.322289762487,8933.293897037527,9063.9794921875,704236,0.0,0.0
2023-03-22 00:00:00+09:00,9166.661711553224,9204.000455795804,9073.314850946776,9119.98828125,873015,0.0,0.0
2023-03-23 00:00:00+09:00,9063.98016488613,9129.322967310645,9007.972048522262,9119.98828125,805372,0.0,0.0
2023-03-24 00:00:00+09:00,9073.314201893154,9110.652943464731,8989.302033357106,8998.63671875,887396,0.0,0.0
2023-03-27 00:00:00+09:00,8998.637145107848,9007.971830943023,8905.290286756108,8979.9677734375,652126,0.0,0.0
2023-03-28 00:00:00+09:00,9035.976106704196,9119.98828125,9007.972048522262,9119.98828125,633420,0.0,0.0
2023-03-29 00:00:00+09:00,9147.99186099572,9278.677459009945,9147.99186099572,9269.3427734375,920419,0.0,0.0
2023-03-30 00:00:00+09:00,9250.673277142316,9306.681389819263,9203.999849911528,9232.00390625,960329,0.0,0.0
2023-03-31 00:00:00+09:00,9241.338519105817,9428.0322265625,9213.334462987314,9428.0322265625,1235422,0.0,0.0
2023-04-03 00:00:00+09:00,9390.694272678391,9390.694272678391,9194.665863407768,9222.669921875,1018374,0.0,0.0
2023-04-04 00:00:00+09:00,9222.669469345537,9306.681640625,9185.330726554665,9306.681640625,632478,0.0,0.0
2023-04-05 00:00:00+09:00,9306.681667258523,9334.685724431818,9232.004181463068,9241.3388671875,615639,0.0,0.0
2023-04-06 00:00:00+09:00,9232.004513977738,9232.004513977738,9119.98828125,9119.98828125,726182,0.0,0.0
2023-04-07 00:00:00+09:00,9138.657175423275,9269.3427734375,9110.65311870594,9269.3427734375,490889,0.0,0.0
2023-04-10 00:00:00+09:00,9222.669646814844,9297.347133833588,9204.000275060158,9213.3349609375,487661,0.0,0.0
2023-04-11 00:00:00+09:00,9232.00388173789,9325.350735951619,9222.669196316516,9297.3466796875,640221,0.0,0.0
2023-04-12 00:00:00+09:00,9288.012119140625,9353.35491796875,9269.342748046874,9334.685546875,740912,0.0,0.0
2023-04-13 00:00:00+09:00,9297.346631342822,9428.0322265625,9288.011945969987,9428.0322265625,1067357,0.0,0.0
2023-04-14 00:00:00+09:00,9409.363404767786,9502.71026394207,9400.028718850357,9446.7021484375,815123,0.0,0.0
2023-04-17 00:00:00+09:00,9446.7021484375,9474.706206189785,9362.689975180645,9446.7021484375,627774,0.0,0.0
2023-04-18 00:00:00+09:00,9428.032776602642,9456.036834354927,9344.020603345787,9446.7021484375,613265,0.0,0.0
2023-04-19 00:00:00+09:00,9446.701847218812,9530.714017796845,9428.03247597925,9502.7099609375,744383,0.0,0.0
2023-04-20 00:00:00+09:00,9502.710359008432,9558.718475073314,9456.036928954361,9549.3837890625,772111,0.0,0.0
2023-04-21 00:00:00+09:00,9502.710235985034,9558.718351324827,9400.028691195412,9512.044921875,772086,0.0,0.0
2023-04-24 00:00:00+09:00,9512.044521233975,9530.713892227564,9418.697666266025,9465.37109375,574960,0.0,0.0
2023-04-25 00:00:00+09:00,9484.040314650934,9549.383112094396,9446.70157325467,9493.375,711911,0.0,0.0
2023-04-26 00:00:00+09:00,9428.032376877483,9465.371118964125,9372.024263747517,9400.0283203125,838140,0.0,0.0
2023-04-27 00:00:00+09:00,9400.029022156124,9446.702453249254,9362.690277281623,9390.6943359375,528216,0.0,0.0
2023-04-28 00:00:00+09:00,9400.029022156124,9456.03713946788,9325.35153240712,9390.6943359375,1173036,0.0,0.0
2023-05-02 00:00:00+09:00,9362.690003109452,9409.36343283582,9344.020631218906,9381.359375,586957,0.0,0.0
2023-05-03 00:00:00+09:00,9353.355095880683,9362.689781605113,9232.004181463068,9241.3388671875,1321668,0.0,0.0
2023-05-04 00:00:00+09:00,9241.339235591318,9353.35546875,9241.339235591318,9353.35546875,636226,0.0,0.0
2023-05-08 00:00:00+09:00,9306.681316715656,9465.370968053836,9306.681316715656,9428.0322265625,732527,0.0,0.0
2023-05-09 00:00:00+09:00,9428.032776602642,9456.036834354927,9381.359347015501,9446.7021484375,397617,0.0,0.0
2023-05-10 00:00:00+09:00,9409.36355611992,9456.036986457817,9353.355439714445,9418.6982421875,581398,0.0,0.0
2023-05-11 00:00:00+09:00,9418.69796704489,9474.706081814236,9400.02859545511,9409.36328125,766350,0.0,0.0
2023-05-12 00:00:00+09:00,9409.36300583416,9418.697691355821,9344.020207182535,9400.0283203125,803393,0.0,0.0
2023-05-15 00:00:00+09:00,9381.359347015501,9456.036834354927,9353.355289263216,9446.7021484375,491858,0.0,0.0
2023-05-16 00:00:00+09:00,9428.0322265625,9512.044394918008,9409.362855816831,9428.0322265625,707261,0.0,0.0
2023-05-17 00:00:00+09:00,9428.032376877483,9456.036433442465,9390.69363479084,9400.0283203125,558903,0.0,0.0
2023-05-18 00:00:00+09:00,9446.702271468996,9484.041015625,9409.363527312993,9484.041015625,504975,0.0,0.0
2023-05-19 00:00:00+09:00,9465.371068881612,9549.383238132039,9465.371068881612,9530.7138671875,756262,0.0,0.0
2023-05-22 00:00:00+09:00,9540.048924552275,9708.0732696031,9502.710181207649,9642.73046875,1124058,0.0,0.0
2023-05-23 00:00:00+09:00,9698.738180553866,9698.738180553866,9577.387269728843,9596.056640625,571374,0.0,0.0
2023-05-24 00:00:00+09:00,9596.056889478765,9689.403746380309,9568.052832408302,9670.734375,449047,0.0,0.0
2023-05-25 00:00:00+09:00,9596.05734238072,9642.730773034324,9549.383911727118,9586.72265625,629080,0.0,0.0
2023-05-26 00:00:00+09:00,9568.053161084128,9633.395963159825,9521.379731030058,9549.3837890625,358684,0.0,0.0
2023-05-30 00:00:00+09:00,9568.0527088254,9689.403621230014,9530.713966547057,9633.3955078125,784160,0.0,0.0
2023-05-31 00:00:00+09:00,9568.05260907658,9680.068834743817,9530.7138671875,9530.7138671875,1796979,0.0,0.0
2023-06-01 00:00:00+09:00,9530.714169296489,9586.72228390548,9456.03668315117,9474.7060546875,649108,0.0,0.0
2023-06-02 00:00:00+09:00,9484.041259765625,9577.388122558594,9484.041259765625,9558.71875,563661,0.0,0.0
2023-06-05 00:00:00+09:00,9586.722381175377,9633.395810489767,9558.718323586745,9577.3876953125,557468,0.0,0.0
2023-06-07 00:00:00+09:00,9586.722778438712,9652.065582186591,9568.05340593932,9624.0615234375,872589,0.0,0.0
2023-06-08 00:00:00+09:00,9624.060822242915,9642.730193382085,9577.387394394986,9633.3955078125,708810,0.0,0.0
2023-06-09 00:00:00+09:00,9642.730317929538,9698.738432070464,9624.060946549229,9670.734375,582249,0.0,0.0
2023-06-12 00:00:00+09:00,9689.403746380309,9726.742489140926,9633.395632239382,9670.734375,444932,0.0,0.0
2023-06-13 00:00:00+09:00,9708.072966794996,9708.072966794996,9596.056740255053,9698.73828125,537267,0.0,0.0
2023-06-14 00:00:00+09:00,9717.408108313106,9717.408108313106,9586.722504550971,9614.7265625,659886,0.0,0.0
2023-06-15 00:00:00+09:00,9614.726714642162,9652.065459165044,9568.053283988558,9586.72265625,673761,0.0,0.0
2023-06-16 00:00:00+09:00,9633.395658709913,9689.403773004737,9596.056915846695,9605.3916015625,1298792,0.0,0.0
2023-06-19 00:00:00+09:00,9661.400268436288,9670.734954685984,9577.388092189016,9624.0615234375,811721,0.0,0.0
2023-06-20 00:00:00+09:00,9586.722504550971,9642.730620449029,9586.722504550971,9614.7265625,449449,0.0,0.0
2023-06-21 00:00:00+09:00,9614.726438764012,9614.726438764012,9540.04895186099,9577.3876953125,415238,0.0,0.0
2023-06-22 00:00:00+09:00,9577.38781856796,9614.7265625,9540.049074635923,9614.7265625,407770,0.0,0.0
2023-06-23 00:00:00+09:00,9568.05276027597,9605.391502755096,9502.7099609375,9502.7099609375,689813,0.0,0.0
2023-06-26 00:00:00+09:00,9484.04056402439,9596.056791158537,9446.701821646342,9568.052734375,490618,0.0,0.0
2023-06-27 00:00:00+09:00,9549.383637723868,9596.057067038257,9540.04895186099,9577.3876953125,315646,0.0,0.0
2023-06-28 00:00:00+09:00,9577.387667896903,9661.399840422315,9568.052982060746,9642.73046875,537572,0.0,0.0
2023-06-29 00:00:00+09:00,9605.392058249081,9642.730802887561,9521.3798828125,9521.3798828125,510264,0.0,0.0
2023-06-30 00:00:00+09:00,9577.387940869803,9661.400115789713,9530.71451035874,9652.0654296875,716174,0.0,0.0
2023-07-03 00:00:00+09:00,9652.065127328726,9717.407927997296,9652.065127328726,9708.0732421875,650355,0.0,0.0
2023-07-04 00:00:00+09:00,9680.068935660429,9708.072992369185,9624.060822242915,9633.3955078125,549262,0.0,0.0
2023-07-05 00:00:00+09:00,9624.061124626889,9689.403925667033,9549.383637723868,9577.3876953125,673705,0.0,0.0
2023-07-06 00:00:00+09:00,9586.722005208334,9614.726061698719,9418.697666266025,9465.37109375,1391991,0.0,0.0
2023-07-07 00:00:00+09:00,9465.370968053836,9502.709709545174,9353.354743579826,9428.0322265625,995278,0.0,0.0
2023-07-10 00:00:00+09:00,9428.03247597925,9558.718074656188,9372.02436226056,9502.7099609375,582092,0.0,0.0
2023-07-11 00:00:00+09:00,9530.714417040872,9568.053161084128,9465.371614965175,9549.3837890625,517076,0.0,0.0
2023-07-12 00:00:00+09:00,9549.383363185976,9586.722105564024,9474.705878429879,9568.052734375,639078,0.0,0.0
2023-07-13 00:00:00+09:00,9577.3876953125,9652.065182215521,9577.3876953125,9577.3876953125,729132,0.0,0.0
2023-07-14 00:00:00+09:00,9614.726260859074,9708.073117760618,9586.722203788611,9670.734375,1043089,0.0,0.0
2023-07-17 00:00:00+09:00,9624.061124626889,9661.399868078399,9540.04895186099,9577.3876953125,593801,0.0,0.0
2023-07-18 00:00:00+09:00,9624.060594886922,9633.395280235987,9493.375,9493.375,853991,0.0,0.0
2023-07-19 00:00:00+09:00,9530.714017796845,9577.38744589575,9474.705904078155,9502.7099609375,436534,0.0,0.0
2023-07-20 00:00:00+09:00,9484.041015625,9521.379759781004,9428.032899390995,9484.041015625,507156,0.0,0.0
2023-07-21 00:00:00+09:00,9456.037200927734,9558.71875,9456.037200927734,9558.71875,505836,0.0,0.0
2023-07-24 00:00:00+09:00,9540.049131859007,9549.383817898008,9474.706329585999,9484.041015625,528299,0.0,0.0
2023-07-25 00:00:00+09:00,9493.375550095068,9577.387723104759,9456.036806535207,9512.044921875,775219,0.0,0.0
2023-07-26 00:00:00+09:00,9512.044496242961,9577.38729454885,9362.689528686644,9530.7138671875,1777864,0.0,0.0
2023-07-27 00:00:00+09:00,9530.713941440086,9708.072966794996,9521.379255895092,9698.73828125,1898234,0.0,0.0
2023-07-28 00:00:00+09:00,9614.72680711103,9689.404296875,9521.37994490607,9689.404296875,1087834,0.0,0.0
2023-07-31 00:00:00+09:00,9689.403595705006,9726.742337884985,9642.73016798003,9698.73828125,967162,0.0,0.0
2023-08-01 00:00:00+09:00,9661.3993656533,9792.0849609375,9614.725938766087,9792.0849609375,1263831,0.0,0.0
2023-08-02 00:00:00+09:00,9782.750947867298,9960.109982227488,9726.742831753554,9848.09375,1325364,0.0,0.0
2023-08-03 00:00:00+09:00,9820.089471905048,9848.093529334436,9698.738556377704,9708.0732421875,955969,0.0,0.0
2023-08-04 00:00:00+09:00,9717.408174238131,9820.089720747852,9680.06943005278,9782.7509765625,552404,0.0,0.0
2023-08-07 00:00:00+09:00,9726.74286028447,9838.75909284053,9680.06943005278,9782.7509765625,526383,0.0,0.0
2023-08-08 00:00:00+09:00,9829.423978794643,9838.758664434523,9745.411808035713,9801.419921875,520197,0.0,0.0
2023-08-09 00:00:00+09:00,9773.416015625,9810.754758760148,9754.746644057426,9773.416015625,527926,0.0,0.0
2023-08-10 00:00:00+09:00,9773.41604285607,9801.420100285457,9689.403870567909,9708.0732421875,705583,0.0,0.0
2023-08-11 00:00:00+09:00,9708.073517050912,9782.751005643611,9689.404144902737,9717.408203125,454156,0.0,0.0
2023-08-14 00:00:00+09:00,9708.073365660919,9810.75491087464,9689.403993803879,9745.412109375,463395,0.0,0.0
2023-08-16 00:00:00+09:00,9708.072816698656,9745.411558301343,9661.399389695298,9726.7421875,547286,0.0,0.0
2023-08-17 00:00:00+09:00,9680.069034448406,9754.746519767197,9614.726234794463,9736.0771484375,721435,0.0,0.0
2023-08-18 00:00:00+09:00,9642.730564161278,9801.42022494612,9642.730564161278,9745.412109375,596118,0.0,0.0
2023-08-21 00:00:00+09:00,9792.085262426594,9792.085262426594,9689.403720113254,9736.0771484375,510453,0.0,0.0
2023-08-22 00:00:00+09:00,9708.072941563098,9792.085111249702,9698.738256042363,9764.0810546875,445684,0.0,0.0
2023-08-23 00:00:00+09:00,9726.742709696124,9820.08956871432,9717.408023794304,9810.7548828125,489207,0.0,0.0
2023-08-24 00:00:00+09:00,9829.423978794643,9838.758664434523,9773.415864955357,9801.419921875,390370,0.0,0.0
2023-08-25 00:00:00+09:00,9773.416084397008,9960.109801386443,9773.416084397008,9941.4404296875,925017,0.0,0.0
2023-08-28 00:00:00+09:00,9988.11398284027,10006.783354770812,9941.440553013914,9978.779296875,499159,0.0,0.0
2023-08-29 00:00:00+09:00,9988.114076967593,10146.803739872685,9978.779390914351,10081.4609375,727557,0.0,0.0
2023-08-30 00:00:00+09:00,10081.460412289916,10118.799154557655,9997.4482421875,9997.4482421875,570101,0.0,0.0
2023-08-31 00:00:00+09:00,10006.783326556691,10109.464871885164,10006.783326556691,10044.1220703125,909758,0.0,0.0
2023-09-01 00:00:00+09:00,10025.452698434596,10081.460814068309,9969.444582800883,10044.1220703125,621375,0.0,0.0
2023-09-04 00:00:00+09:00,9997.44846339779,10137.46875,9997.44846339779,10137.46875,477671,0.0,0.0
2023-09-05 00:00:00+09:00,10090.795321132597,10146.803435773481,10090.795321132597,10137.46875,369896,0.0,0.0
2023-09-06 00:00:00+09:00,10109.464815976204,10230.815732511468,10090.795444201547,10174.8076171875,468617,0.0,0.0
2023-09-07 00:00:00+09:00,10109.464418022753,10128.1337890625,10044.12161938364,10128.1337890625,696536,0.0,0.0
2023-09-08 00:00:00+09:00,10146.803135016025,10202.811247996795,10100.129707532053,10193.4765625,422842,0.0,0.0
2023-09-11 00:00:00+09:00,10174.807142150768,10324.162109375,10156.137771247739,10324.162109375,828817,0.0,0.0
2023-09-12 00:00:00+09:00,10324.162312040864,10324.162312040864,10137.46859934573,10165.47265625,819833,0.0,0.0
2023-09-13 00:00:00+09:00,10128.13413315925,10305.4931640625,10128.13413315925,10305.4931640625,701862,0.0,0.0
2023-09-14 00:00:00+09:00,10333.496770236692,10398.839568241801,10305.492713948788,10389.5048828125,988165,0.0,0.0
2023-09-15 00:00:00+09:00,10398.84045517802,10641.542297040343,10398.84045517802,10585.5341796875,2656754,0.0,0.0
2023-09-18 00:00:00+09:00,10585.5341796875,10706.885100618661,10529.526062334657,10585.5341796875,1284467,0.0,0.0
2023-09-19 00:00:00+09:00,10604.203097659667,10725.554013389929,10529.525611056431,10669.5458984375,919645,0.0,0.0
2023-09-20 00:00:00+09:00,10669.545871263586,10762.89272927989,10622.872442255435,10734.888671875,907674,0.0,0.0
2023-09-21 00:00:00+09:00,10688.215668043607,10772.227843600283,10678.880981870645,10716.2197265625,1039273,0.0,0.0
2023-09-22 00:00:00+09:00,10697.549529203057,10734.888271015285,10548.19456195415,10688.21484375,644235,0.0,0.0
2023-09-25 00:00:00+09:00,10688.21484375,10753.557641921398,10594.867989219432,10688.21484375,886116,0.0,0.0
2023-09-26 00:00:00+09:00,10613.53802048425,10678.88082272118,10426.844299807306,10445.513671875,1309724,0.0,0.0
2023-09-27 00:00:00+09:00,10445.513245881188,10538.860102412746,10380.1704463091,10464.1826171875,817500,0.0,0.0
2023-10-04 00:00:00+09:00,10454.848540351668,10454.848540351668,10258.820130220074,10352.1669921875,1065003,0.0,0.0
2023-10-05 00:00:00+09:00,10361.501403147562,10398.84014694269,10221.48111391584,10342.83203125,674219,0.0,0.0
2023-10-06 00:00:00+09:00,10389.504933442719,10660.210812211666,10361.500877018345,10622.8720703125,953201,0.0,0.0
2023-10-10 00:00:00+09:00,10650.876678145558,10706.884793893914,10604.203248355263,10641.5419921875,1222361,0.0,0.0
2023-10-11 00:00:00+09:00,10697.549529203057,10734.888271015285,10632.20673103166,10688.21484375,1524445,0.0,0.0
2023-10-12 00:00:00+09:00,10725.554232108161,10828.23577828152,10660.21142999784,10809.56640625,1055786,0.0,0.0
2023-10-13 00:00:00+09:00,10706.884655917553,11061.60271775266,10706.884655917553,10968.255859375,1796460,0.0,0.0
2023-10-16 00:00:00+09:00,10977.590791420118,11061.602965844251,10977.590791420118,11042.93359375,1281523,0.0,0.0
2023-10-17 00:00:00+09:00,11098.941156527837,11126.945213272651,10958.920872803768,11024.263671875,1141632,0.0,0.0
2023-10-18 00:00:00+09:00,11042.933629320158,11294.970153404387,11042.933629320158,11276.30078125,1886689,0.0,0.0
2023-10-19 00:00:00+09:00,11220.29216914849,11220.29216914849,11052.267827181207,11126.9453125,1165676,0.0,0.0
2023-10-20 00:00:00+09:00,11126.9453125,11173.618740824244,10968.255656197567,11126.9453125,1089300,0.0,0.0
2023-10-23 00:00:00+09:00,11061.602592435685,11098.94133536374,10874.90887779542,10930.9169921875,1259790,0.0,0.0
2023-10-24 00:00:00+09:00,11033.598130293203,11042.932815682623,10884.2431640625,10884.2431640625,768796,0.0,0.0
2023-10-25 00:00:00+09:00,10902.91320925768,10986.92538295915,10818.901035556208,10940.251953125,598627,0.0,0.0
2023-10-26 00:00:00+09:00,10930.91676747675,10930.91676747675,10716.219000054065,10790.896484375,870689,0.0,0.0
2023-10-27 00:00:00+09:00,10874.908527798123,10921.581954956055,10650.876077440049,10753.5576171875,1079368,0.0,0.0
2023-10-30 00:00:00+09:00,10660.211042695242,10725.553842431553,10240.150187247531,10398.83984375,2442619,0.0,0.0
2023-10-31 00:00:00+09:00,10501.521234333035,10548.194662041182,10370.835636750224,10426.84375,951727,0.0,0.0
2023-11-01 00:00:00+09:00,10454.848329262877,10510.8564453125,10398.840213213254,10510.8564453125,590406,0.0,0.0
2023-11-02 00:00:00+09:00,10566.864590315014,10688.215508755027,10436.178985841152,10445.513671875,1037572,0.0,0.0
2023-11-03 00:00:00+09:00,10482.85181290064,10566.863982371795,10454.847756410258,10557.529296875,694280,0.0,0.0
2023-11-06 00:00:00+09:00,10641.54205796632,10809.56640625,10529.525825777202,10809.56640625,1569090,0.0,0.0
2023-11-07 00:00:00+09:00,10706.884339813152,10753.557767624021,10613.537484191416,10725.5537109375,641495,0.0,0.0
2023-11-08 00:00:00+09:00,10818.900871643975,10828.23555746938,10669.5458984375,10669.5458984375,493541,0.0,0.0
2023-11-09 00:00:00+09:00,10632.207400324445,10790.897063015855,10622.872714283774,10744.2236328125,662018,0.0,0.0
2023-11-10 00:00:00+09:00,10660.211335957933,10781.562253092305,10660.211335957933,10706.884765625,489734,0.0,0.0
2023-11-13 00:00:00+09:00,10762.892702199924,10837.570188425076,10706.88458753106,10800.2314453125,608584,0.0,0.0
2023-11-14 00:00:00+09:00,10837.570407489868,10949.58663909183,10818.901035556208,10940.251953125,836076,0.0,0.0
2023-11-15 00:00:00+09:00,10996.259666880891,11052.267780634105,10874.908753748929,10893.578125,1249429,0.0,0.0
2023-11-16 00:00:00+09:00,10902.91266025641,10930.916716746795,10818.900490785258,10921.58203125,832916,0.0,0.0
2023-11-17 00:00:00+09:00,10921.582457659997,10930.917143521245,10856.239656631262,10902.9130859375,567787,0.0,0.0
2023-11-20 00:00:00+09:00,10865.574645680937,10912.248076289534,10837.57058731578,10846.9052734375,517030,0.0,0.0
2023-11-21 00:00:00+09:00,10930.916716746795,10940.25140224359,10846.90454727564,10921.58203125,734890,0.0,0.0
2023-11-22 00:00:00+09:00,10865.57434249251,10940.251829382492,10865.57434249251,10902.9130859375,438942,0.0,0.0
2023-11-23 00:00:00+09:00,10865.574068123393,10930.916867502143,10856.239382497857,10893.578125,583627,0.0,0.0
2023-11-24 00:00:00+09:00,10930.916716746795,10949.586087740385,10902.91266025641,10921.58203125,650684,0.0,0.0
2023-11-27 00:00:00+09:00,10921.58285545876,10958.921600263748,10865.57473825128,10949.5869140625,513720,0.0,0.0
2023-11-28 00:00:00+09:00,10958.92132505866,10968.25601102549,10884.243837324018,10940.251953125,701656,0.0,0.0
2023-11-29 00:00:00+09:00,10940.251953125,10977.590696992322,10902.91320925768,10940.251953125,742385,0.0,0.0
2023-11-30 00:00:00+09:00,10940.252047231614,11042.93359375,10921.582675137362,11042.93359375,1744179,0.0,0.0
2023-12-01 00:00:00+09:00,11042.93371633451,11080.2724609375,10996.26028558077,11080.2724609375,917500,0.0,0.0
2023-12-04 00:00:00+09:00,11080.272490730933,11117.611235434322,11014.9296875,11014.9296875,878243,0.0,0.0
2023-12-05 00:00:00+09:00,11005.595001324153,11061.603118379237,10940.25219809322,11014.9296875,605674,0.0,0.0
2023-12-06 00:00:00+09:00,11014.929110627636,11080.271910436444,10996.259739253692,11061.6025390625,872824,0.0,0.0
2023-12-07 00:00:00+09:00,11033.598907702873,11052.268279797127,10986.925477467244,11042.93359375,558555,0.0,0.0
2023-12-08 00:00:00+09:00,11070.9375,11080.272185919057,11014.929384485667,11070.9375,747602,0.0,0.0
2023-12-11 00:00:00+09:00,11070.937774786753,11080.2724609375,11024.264344033014,11080.2724609375,730194,0.0,0.0
2023-12-12 00:00:00+09:00,11089.606720458369,11108.276092041631,11070.937348875104,11098.94140625,963616,0.0,0.0
2023-12-13 00:00:00+09:00,11098.94140625,11108.276092041631,11070.937348875104,11098.94140625,649669,0.0,0.0
2023-12-14 00:00:00+09:00,11098.941557757167,11126.945615514334,11052.26812816189,11070.9375,1643534,0.0,0.0
2023-12-15 00:00:00+09:00,11080.272034666736,11098.94140625,11042.93329150021,11098.94140625,1430991,0.0,0.0
2023-12-18 00:00:00+09:00,11089.60717690678,11098.941863082628,11014.9296875,11014.9296875,1087774,0.0,0.0
2023-12-19 00:00:00+09:00,11014.92928856383,11014.92928856383,10940.251801861701,10968.255859375,955666,0.0,0.0
2023-12-20 00:00:00+09:00,11005.595001324153,11052.26843220339,10977.59094279661,11014.9296875,929688,0.0,0.0
2023-12-21 00:00:00+09:00,11014.929110627636,11070.937224749472,10977.590367879746,11061.6025390625,1040097,0.0,0.0
2023-12-22 00:00:00+09:00,11070.93692439389,11117.6103515625,11042.932868092726,11117.6103515625,1640986,0.0,0.0
2023-12-26 00:00:00+09:00,11117.611265684944,11117.611265684944,10912.248169257513,10949.5869140625,3009235,0.0,0.0
2023-12-27 00:00:00+09:00,10809.565928782475,10958.9208984375,10790.896557575596,10958.9208984375,1942480,0.0,0.0
2023-12-28 00:00:00+09:00,10921.58252529511,11070.9375,10884.243781618887,11070.9375,1183955,0.0,0.0
2024-01-02 00:00:00+09:00,10958.921296848495,11033.598784390904,10884.243809306086,11005.5947265625,1290714,0.0,0.0
2024-01-03 00:00:00+09:00,10968.25603959898,10986.925411581276,10874.9091796875,10874.9091796875,1099889,0.0,0.0
2024-01-04 00:00:00+09:00,10874.909112426438,10874.909112426438,10650.87665002452,10706.884765625,1454491,0.0,0.0
2024-01-05 00:00:00+09:00,10678.880981870645,10800.231902119174,10594.868806313969,10716.2197265625,860546,0.0,0.0
2024-01-08 00:00:00+09:00,10688.215668043607,10809.566588292138,10688.215668043607,10716.2197265625,603869,0.0,0.0
2024-01-09 00:00:00+09:00,10818.901244588746,10818.901244588746,10725.554383116883,10781.5625,433953,0.0,0.0
2024-01-10 00:00:00+09:00,10781.562253092305,10800.231624959131,10706.884765625,10706.884765625,454862,0.0,0.0
2024-01-11 00:00:00+09:00,10744.22378508139,10846.905332983994,10716.2197265625,10716.2197265625,732493,0.0,0.0
2024-01-12 00:00:00+09:00,10753.558167244368,10828.235654516899,10734.888795426235,10772.2275390625,396155,0.0,0.0
2024-01-15 00:00:00+09:00,10753.55841222031,10800.231842828905,10753.55841222031,10846.9052734375,77663,0.0,0.0
2024-01-16 00:00:00+09:00,10818.900816868787,10856.239559981363,10762.892702199924,10800.2314453125,562326,0.0,0.0
2024-01-17 00:00:00+09:00,10818.90109226576,10828.23577828152,10725.554232108161,10809.56640625,1127713,0.0,0.0
2024-01-18 00:00:00+09:00,10800.23119543489,10800.23119543489,10716.219025375327,10725.5537109375,598321,0.0,0.0
2024-01-19 00:00:00+09:00,10725.553660555945,10856.2392578125,10697.549604000968,10856.2392578125,807883,0.0,0.0
2024-01-22 00:00:00+09:00,10846.904722858299,10884.243465449892,10800.231294618805,10828.2353515625,500466,0.0,0.0
2024-01-23 00:00:00+09:00,10874.908603766025,10930.916716746795,10837.569861778848,10921.58203125,763307,0.0,0.0
2024-01-24 00:00:00+09:00,10958.92154097778,11089.607147088247,10893.578737922546,11080.2724609375,1426309,0.0,0.0
2024-01-25 00:00:00+09:00,11033.598605708577,11098.94140625,10986.92517675042,11098.94140625,738788,0.0,0.0
2024-01-26 00:00:00+09:00,11108.2763671875,11136.28042525604,11033.598879004727,11108.2763671875,734804,0.0,0.0
2024-01-29 00:00:00+09:00,11126.945383522727,11332.308469460228,11070.937269176136,11294.9697265625,2097885,0.0,0.0
2024-01-30 00:00:00+09:00,11294.97002991331,11388.316889664658,11192.288484186825,11238.9619140625,1394292,0.0,0.0
2024-01-31 00:00:00+09:00,11238.961458541335,11705.695738381091,11192.288030557358,11687.0263671875,2329546,0.0,0.0
2024-02-01 00:00:00+09:00,11696.361238129522,12359.12392600438,11696.361238129522,12256.4423828125,6650623,0.0,0.0
2024-02-02 00:00:00+09:00,12331.119965982582,12555.15242562193,11985.736590705248,12359.1240234375,4706965,0.0,0.0
2024-02-05 00:00:00+09:00,12545.817727439471,12760.515501048927,12163.095609266094,12723.1767578125,4056747,0.0,0.0
2024-02-06 00:00:00+09:00,12676.503186522703,12751.180672157592,12293.781072643887,12387.1279296875,3073228,0.0,0.0
2024-02-07 00:00:00+09:00,12368.458682088187,12564.487083842036,11948.397821187078,12424.466796875,2267361,0.0,0.0
2024-02-08 00:00:00+09:00,12415.13193424916,12583.156276216443,12359.123820260067,12517.8134765625,2535845,0.0,0.0
2024-02-13 00:00:00+09:00,12592.490785182272,12956.543521002961,12508.478615377498,12611.16015625,2798265,0.0,0.0
2024-02-14 00:00:00+09:00,12555.151993189103,12685.83759014423,12303.115484775642,12377.79296875,1489930,0.0,0.0
2024-02-15 00:00:00+09:00,12489.809721734551,12564.487208860019,12368.458805155666,12461.8056640625,1112391,0.0,0.0
2024-02-16 00:00:00+09:00,12545.817283163266,12807.1884765625,12499.143855770544,12807.1884765625,1382710,0.0,0.0
2024-02-19 00:00:00+09:00,12825.858289775768,13283.2578939963,12825.858289775768,13087.2294921875,2323861,0.0,0.0
2024-02-20 00:00:00+09:00,13199.24557758739,13217.91494898426,12648.499121379713,12751.1806640625,1816976,0.0,0.0
2024-02-21 00:00:00+09:00,12611.160623208925,12965.878686630049,12611.160623208925,12825.8583984375,1137030,0.0,0.0
2024-02-22 00:00:00+09:00,12835.193140366498,12844.527826286765,12639.1647360409,12695.1728515625,1683111,0.0,0.0
2024-02-23 00:00:00+09:00,12723.176431345384,12947.208885015443,12704.507060206213,12844.52734375,1498180,0.0,0.0
2024-02-26 00:00:00+09:00,12648.498797516326,12713.841595732276,12060.413613572762,12508.478515625,3285354,0.0,0.0
2024-02-27 00:00:00+09:00,12387.12800011617,12695.172630111523,12387.12800011617,12555.15234375,1676375,0.0,0.0
2024-02-28 00:00:00+09:00,12555.15241324858,12723.1767578125,12480.474926775725,12723.1767578125,1248029,0.0,0.0
2024-02-29 00:00:00+09:00,12741.846533203125,13068.560546875,12723.177160993304,13068.560546875,2748163,0.0,0.0
2024-03-04 00:00:00+09:00,12956.543469551283,13180.57592147436,12853.861929086539,13105.8984375,2073705,0.0,0.0
2024-03-05 00:00:00+09:00,13105.899167823245,13339.266318247448,13012.552307653565,13031.2216796875,2166882,0.0,0.0
2024-03-06 00:00:00+09:00,12993.883058035715,13096.564605189733,12965.878999720982,13068.560546875,1232398,0.0,0.0
2024-03-07 00:00:00+09:00,13068.55969551282,13133.902493990385,12975.212840544873,13105.8984375,1046330,0.0,0.0
2024-03-08 00:00:00+09:00,13143.237279151943,13245.918820395318,13068.559794611307,13208.580078125,1171179,0.0,0.0
2024-03-11 00:00:00+09:00,13217.915559210527,13301.927734375,13161.90744243421,13301.927734375,1247905,0.0,0.0
2024-03-12 00:00:00+09:00,13339.265745080034,13759.326597794243,13329.931059464165,13740.6572265625,3311428,0.0,0.0
2024-03-13 00:00:00+09:00,13806.000521752143,13964.690182921708,13675.31491843603,13890.0126953125,1455999,0.0,0.0
2024-03-14 00:00:00+09:00,13899.347464669585,14879.489495421974,13852.674034633757,14655.45703125,3879577,0.0,0.0
2024-03-15 00:00:00+09:00,14655.456358862704,14944.831611808402,14235.3955078125,14235.3955078125,4124200,0.0,0.0
2024-03-18 00:00:00+09:00,14254.065236321636,14403.42020932828,13843.339060553364,14048.7021484375,1884803,0.0,0.0
2024-03-19 00:00:00+09:00,13890.01262755102,14048.702287946428,13721.98828125,13721.98828125,1642516,0.0,0.0
2024-03-20 00:00:00+09:00,13843.338591746795,14030.032301682693,13740.657051282053,13834.00390625,1344982,0.0,0.0
2024-03-21 00:00:00+09:00,13955.355385652003,14235.395961952712,13852.673841008409,14151.3837890625,2247837,0.0,0.0
2024-03-22 00:00:00+09:00,14263.400390625,14487.432857493455,14179.388215549328,14263.400390625,2545720,0.0,0.0
2024-03-25 00:00:00+09:00,14272.734896298967,14356.7470703125,14132.714606276413,14356.7470703125,2529575,0.0,0.0
2024-03-26 00:00:00+09:00,14356.747003495066,14468.763234991775,14170.05328433388,14188.72265625,2434308,0.0,0.0
2024-03-27 00:00:00+09:00,14188.722109533468,14207.391480730223,13712.653144016227,13806.0,3066658,0.0,0.0
2024-03-28 00:00:00+09:00,13850.0,14100.0,13800.0,13950.0,4945245,984.0,0.0
2024-03-29 00:00:00+09:00,13950.0,13960.0,13310.0,13500.0,2940414,0.0,0.0
2024-04-01 00:00:00+09:00,13500.0,13650.0,13130.0,13310.0,2306584,0.0,0.0
2024-04-02 00:00:00+09:00,13210.0,13430.0,13160.0,13220.0,1621189,0.0,0.0
2024-04-03 00:00:00+09:00,13200.0,13270.0,13130.0,13220.0,1582839,0.0,0.0
2024-04-04 00:00:00+09:00,13280.0,13560.0,13220.0,13340.0,1197179,0.0,0.0
2024-04-05 00:00:00+09:00,13220.0,13450.0,13200.0,13310.0,811776,0.0,0.0
2024-04-08 00:00:00+09:00,13340.0,13590.0,13280.0,13460.0,1025143,0.0,0.0
2024-04-09 00:00:00+09:00,13470.0,13530.0,13170.0,13290.0,1028720,0.0,0.0
2024-04-11 00:00:00+09:00,12990.0,13170.0,12910.0,13100.0,1624124,0.0,0.0
2024-04-12 00:00:00+09:00,13010.0,13080.0,12690.0,12740.0,1777357,0.0,0.0
2024-04-15 00:00:00+09:00,12590.0,12810.0,12510.0,12770.0,1413509,0.0,0.0
2024-04-16 00:00:00+09:00,12710.0,12860.0,12640.0,12720.0,822610,0.0,0.0
2024-04-17 00:00:00+09:00,12790.0,12960.0,12770.0,12800.0,1026753,0.0,0.0
2024-04-18 00:00:00+09:00,12950.0,13300.0,12790.0,13280.0,1258106,0.0,0.0
2024-04-19 00:00:00+09:00,13110.0,13350.0,13000.0,13350.0,1152950,0.0,0.0
2024-04-22 00:00:00+09:00,13500.0,13760.0,13480.0,13640.0,1222878,0.0,0.0
2024-04-23 00:00:00+09:00,13700.0,13860.0,13620.0,13700.0,1230118,0.0,0.0
2024-04-24 00:00:00+09:00,13820.0,13830.0,13550.0,13590.0,779516,0.0,0.0
2024-04-25 00:00:00+09:00,13450.0,13740.0,13440.0,13560.0,573059,0.0,0.0
2024-04-26 00:00:00+09:00,13670.0,13930.0,13560.0,13850.0,1549179,0.0,0.0
2024-04-29 00:00:00+09:00,13840.0,13970.0,13730.0,13950.0,1017958,0.0,0.0
2024-04-30 00:00:00+09:00,13950.0,14000.0,13750.0,13950.0,1433189,0.0,0.0
2024-05-02 00:00:00+09:00,13940.0,13940.0,13550.0,13600.0,1234420,0.0,0.0
2024-05-03 00:00:00+09:00,13650.0,13750.0,13610.0,13660.0,541958,0.0,0.0
2024-05-07 00:00:00+09:00,13760.0,13850.0,13620.0,13760.0,1260374,0.0,0.0
2024-05-08 00:00:00+09:00,13760.0,13980.0,13680.0,13950.0,1115045,0.0,0.0
2024-05-09 00:00:00+09:00,13950.0,14050.0,13810.0,13840.0,1147225,0.0,0.0
2024-05-10 00:00:00+09:00,13980.0,14050.0,13820.0,13880.0,1468603,0.0,0.0
2024-05-13 00:00:00+09:00,13880.0,14070.0,13830.0,13920.0,1212510,0.0,0.0
2024-05-14 00:00:00+09:00,13950.0,13960.0,13720.0,13760.0,1011088,0.0,0.0
2024-05-16 00:00:00+09:00,13880.0,14030.0,13790.0,13980.0,1533585,0.0,0.0
2024-05-17 00:00:00+09:00,13960.0,13970.0,13860.0,13900.0,551926,0.0,0.0
2024-05-20 00:00:00+09:00,14000.0,14350.0,13950.0,14180.0,1823181,0.0,0.0
2024-05-21 00:00:00+09:00,14080.0,14150.0,14030.0,14110.0,848066,0.0,0.0
2024-05-22 00:00:00+09:00,14120.0,14130.0,13930.0,13950.0,715760,0.0,0.0
2024-05-23 00:00:00+09:00,13850.0,13920.0,13670.0,13720.0,1269752,0.0,0.0
2024-05-24 00:00:00+09:00,13550.0,13710.0,13500.0,13710.0,628824,0.0,0.0
2024-05-27 00:00:00+09:00,13710.0,13800.0,13470.0,13510.0,1162891,0.0,0.0
2024-05-28 00:00:00+09:00,13480.0,13510.0,13380.0,13420.0,892772,0.0,0.0
2024-05-29 00:00:00+09:00,13310.0,13480.0,13280.0,13420.0,751705,0.0,0.0
2024-05-30 00:00:00+09:00,13310.0,13450.0,13280.0,13280.0,541427,0.0,0.0
2024-05-31 00:00:00+09:00,13350.0,13760.0,13330.0,13760.0,1510569,0.0,0.0
2024-06-03 00:00:00+09:00,13680.0,13690.0,13490.0,13600.0,1001347,0.0,0.0
2024-06-04 00:00:00+09:00,13470.0,13550.0,13280.0,13460.0,1171918,0.0,0.0
2024-06-05 00:00:00+09:00,13440.0,13480.0,13300.0,13440.0,475568,0.0,0.0
2024-06-07 00:00:00+09:00,13440.0,13670.0,13440.0,13620.0,728710,0.0,0.0
2024-06-10 00:00:00+09:00,13490.0,13560.0,13410.0,13420.0,680003,0.0,0.0
2024-06-11 00:00:00+09:00,13440.0,13480.0,13320.0,13410.0,596772,0.0,0.0
2024-06-12 00:00:00+09:00,13330.0,13390.0,13250.0,13380.0,724526,0.0,0.0
2024-06-13 00:00:00+09:00,13380.0,13530.0,13310.0,13310.0,1048005,0.0,0.0
2024-06-14 00:00:00+09:00,13270.0,13460.0,13260.0,13370.0,990289,0.0,0.0
2024-06-17 00:00:00+09:00,13370.0,13400.0,13160.0,13170.0,826067,0.0,0.0
2024-06-18 00:00:00+09:00,13280.0,13350.0,13060.0,13310.0,547009,0.0,0.0
2024-06-19 00:00:00+09:00,13390.0,13440.0,13270.0,13390.0,758454,0.0,0.0
2024-06-20 00:00:00+09:00,13390.0,13580.0,13350.0,13560.0,797530,0.0,0.0
2024-06-21 00:00:00+09:00,13560.0,13590.0,13400.0,13500.0,821684,0.0,0.0
2024-06-24 00:00:00+09:00,13520.0,13700.0,13450.0,13620.0,830197,0.0,0.0
2024-06-25 00:00:00+09:00,13750.0,13760.0,13620.0,13740.0,581558,0.0,0.0
2024-06-26 00:00:00+09:00,13630.0,13820.0,13560.0,13710.0,864275,0.0,0.0
2024-06-27 00:00:00+09:00,13600.0,13710.0,13470.0,13710.0,743306,0.0,0.0
2024-06-28 00:00:00+09:00,13720.0,14020.0,13700.0,14020.0,1177653,0.0,0.0
2024-07-01 00:00:00+09:00,14000.0,14000.0,13720.0,13850.0,811380,0.0,0.0
2024-07-02 00:00:00+09:00,13750.0,14110.0,13750.0,14000.0,1042486,0.0,0.0
2024-07-03 00:00:00+09:00,14120.0,14410.0,14000.0,14050.0,2330257,0.0,0.0
2024-07-04 00:00:00+09:00,14140.0,14430.0,14040.0,14250.0,1416253,0.0,0.0
2024-07-05 00:00:00+09:00,14340.0,14470.0,14190.0,14250.0,1103345,0.0,0.0
2024-07-08 00:00:00+09:00,14250.0,14290.0,14030.0,14100.0,947202,0.0,0.0
2024-07-09 00:00:00+09:00,14070.0,14130.0,13860.0,13880.0,1073148,0.0,0.0
2024-07-10 00:00:00+09:00,13870.0,13950.0,13810.0,13880.0,547422,0.0,0.0
2024-07-11 00:00:00+09:00,13950.0,14140.0,13870.0,14030.0,983818,0.0,0.0
2024-07-12 00:00:00+09:00,14130.0,14130.0,13870.0,14020.0,817068,0.0,0.0
2024-07-15 00:00:00+09:00,14080.0,14080.0,13830.0,13870.0,894169,0.0,0.0
2024-07-16 00:00:00+09:00,13900.0,14030.0,13850.0,13900.0,786491,0.0,0.0
2024-07-17 00:00:00+09:00,13910.0,13960.0,13780.0,13910.0,1050283,0.0,0.0
2024-07-18 00:00:00+09:00,13920.0,14000.0,13850.0,13990.0,913734,0.0,0.0
2024-07-19 00:00:00+09:00,13970.0,13970.0,13850.0,13960.0,806117,0.0,0.0
2024-07-22 00:00:00+09:00,13970.0,14050.0,13900.0,13970.0,742999,0.0,0.0
2024-07-23 00:00:00+09:00,14010.0,14060.0,13890.0,13900.0,762181,0.0,0.0
2024-07-24 00:00:00+09:00,13880.0,13950.0,13800.0,13880.0,652142,0.0,0.0
2024-07-25 00:00:00+09:00,13820.0,13880.0,13710.0,13810.0,789344,0.0,0.0
2024-07-26 00:00:00+09:00,13760.0,14370.0,13760.0,14230.0,2419946,0.0,0.0
2024-07-29 00:00:00+09:00,14230.0,14650.0,14190.0,14380.0,2449391,0.0,0.0
2024-07-30 00:00:00+09:00,14080.0,14080.0,13660.0,13840.0,2332380,0.0,0.0
2024-07-31 00:00:00+09:00,13890.0,14050.0,13830.0,14000.0,1282180,0.0,0.0
2024-08-01 00:00:00+09:00,13940.0,14140.0,13910.0,14000.0,820531,0.0,0.0
2024-08-02 00:00:00+09:00,13880.0,13950.0,13580.0,13690.0,2138935,0.0,0.0
2024-08-05 00:00:00+09:00,13520.0,13560.0,12790.0,12910.0,2979610,0.0,0.0
2024-08-06 00:00:00+09:00,13090.0,13450.0,13050.0,13060.0,2114124,0.0,0.0
2024-08-07 00:00:00+09:00,13050.0,13350.0,12970.0,13200.0,1463137,0.0,0.0
2024-08-08 00:00:00+09:00,13130.0,13480.0,13120.0,13390.0,1105614,0.0,0.0
2024-08-09 00:00:00+09:00,13440.0,13520.0,13320.0,13430.0,853985,0.0,0.0
2024-08-12 00:00:00+09:00,13500.0,13560.0,13430.0,13480.0,683331,0.0,0.0
2024-08-13 00:00:00+09:00,13400.0,13670.0,13400.0,13620.0,1046251,0.0,0.0
2024-08-14 00:00:00+09:00,13670.0,13750.0,13580.0,13720.0,850171,0.0,0.0
2024-08-16 00:00:00+09:00,13780.0,13830.0,13610.0,13690.0,1305163,0.0,0.0
2024-08-19 00:00:00+09:00,13730.0,13970.0,13690.0,13890.0,1585583,0.0,0.0
2024-08-20 00:00:00+09:00,13900.0,14180.0,13900.0,14170.0,1211129,0.0,0.0
2024-08-21 00:00:00+09:00,14160.0,14180.0,14050.0,14160.0,857683,0.0,0.0
2024-08-22 00:00:00+09:00,14150.0,14160.0,14020.0,14140.0,844980,0.0,0.0
2024-08-23 00:00:00+09:00,14140.0,14230.0,14080.0,14160.0,983996,0.0,0.0
2024-08-26 00:00:00+09:00,14160.0,14370.0,14130.0,14370.0,1177906,0.0,0.0
2024-08-27 00:00:00+09:00,14390.0,14400.0,14100.0,14260.0,820127,0.0,0.0
2024-08-28 00:00:00+09:00,14250.0,14280.0,13960.0,14030.0,1094689,0.0,0.0
2024-08-29 00:00:00+09:00,14000.0,14160.0,13920.0,13960.0,784383,0.0,0.0
2024-08-30 00:00:00+09:00,14000.0,14010.0,13810.0,13810.0,1669512,0.0,0.0
2024-09-02 00:00:00+09:00,13870.0,14090.0,13810.0,14040.0,823348,0.0,0.0
2024-09-03 00:00:00+09:00,14090.0,14170.0,14040.0,14050.0,671523,0.0,0.0
2024-09-04 00:00:00+09:00,13900.0,13990.0,13820.0,13880.0,1029547,0.0,0.0
2024-09-05 00:00:00+09:00,13900.0,13980.0,13860.0,13900.0,687672,0.0,0.0
2024-09-06 00:00:00+09:00,13960.0,13960.0,13790.0,13880.0,620176,0.0,0.0
2024-09-09 00:00:00+09:00,13720.0,13870.0,13610.0,13750.0,862513,0.0,0.0
2024-09-10 00:00:00+09:00,13810.0,13910.0,13660.0,13730.0,556084,0.0,0.0
2024-09-11 00:00:00+09:00,13720.0,13750.0,13330.0,13440.0,1471660,0.0,0.0
2024-09-12 00:00:00+09:00,13460.0,13620.0,13410.0,13590.0,1286963,0.0,0.0
2024-09-13 00:00:00+09:00,13650.0,13900.0,13650.0,13890.0,690747,0.0,0.0
2024-09-19 00:00:00+09:00,14080.0,14150.0,13820.0,14090.0,1077294,0.0,0.0
2024-09-20 00:00:00+09:00,14140.0,14240.0,14010.0,14240.0,1594462,0.0,0.0
2024-09-23 00:00:00+09:00,14220.0,14230.0,13960.0,14110.0,779232,0.0,0.0
2024-09-24 00:00:00+09:00,14130.0,14160.0,13960.0,14160.0,846519,0.0,0.0
2024-09-25 00:00:00+09:00,14250.0,14250.0,13870.0,13880.0,1438719,0.0,0.0
2024-09-26 00:00:00+09:00,13880.0,14100.0,13880.0,14100.0,863247,0.0,0.0
2024-09-27 00:00:00+09:00,14090.0,14270.0,14090.0,14110.0,1163961,0.0,0.0
2024-09-30 00:00:00+09:00,14240.0,14250.0,13970.0,13970.0,892020,0.0,0.0
2024-10-02 00:00:00+09:00,13970.0,14030.0,13850.0,13880.0,748450,0.0,0.0
2024-10-04 00:00:00+09:00,13910.0,14000.0,13820.0,13980.0,523959,0.0,0.0
2024-10-07 00:00:00+09:00,13980.0,14150.0,13900.0,14120.0,715579,0.0,0.0
2024-10-08 00:00:00+09:00,14070.0,14130.0,13960.0,14130.0,623552,0.0,0.0
2024-10-10 00:00:00+09:00,14130.0,14160.0,13970.0,13970.0,1418977,0.0,0.0
2024-10-11 00:00:00+09:00,14050.0,14120.0,14010.0,14080.0,621142,0.0,0.0
2024-10-14 00:00:00+09:00,14100.0,14460.0,14080.0,14080.0,1886117,0.0,0.0
2024-10-15 00:00:00+09:00,14340.0,14350.0,14210.0,14260.0,831798,0.0,0.0
2024-10-16 00:00:00+09:00,14210.0,14590.0,14200.0,14520.0,1733997,0.0,0.0
2024-10-17 00:00:00+09:00,14600.0,14620.0,14400.0,14400.0,761786,0.0,0.0
2024-10-18 00:00:00+09:00,14400.0,14600.0,14380.0,14500.0,699248,0.0,0.0
2024-10-21 00:00:00+09:00,14520.0,14580.0,14450.0,14480.0,592886,0.0,0.0
2024-10-22 00:00:00+09:00,14410.0,14540.0,14350.0,14540.0,654037,0.0,0.0
2024-10-23 00:00:00+09:00,14580.0,14580.0,14470.0,14480.0,710996,0.0,0.0
2024-10-24 00:00:00+09:00,14510.0,14560.0,14420.0,14450.0,620356,0.0,0.0
2024-10-25 00:00:00+09:00,14450.0,14910.0,14440.0,14720.0,1632249,0.0,0.0
2024-10-28 00:00:00+09:00,14750.0,14760.0,14370.0,14500.0,1078645,0.0,0.0
2024-10-29 00:00:00+09:00,14510.0,14650.0,14490.0,14530.0,628639,0.0,0.0
2024-10-30 00:00:00+09:00,14560.0,14560.0,14410.0,14460.0,885317,0.0,0.0
2024-10-31 00:00:00+09:00,14460.0,14490.0,14100.0,14100.0,1673637,0.0,0.0
2024-11-01 00:00:00+09:00,14100.0,14430.0,14070.0,14360.0,672267,0.0,0.0
2024-11-04 00:00:00+09:00,14360.0,14390.0,14150.0,14360.0,859474,0.0,0.0
2024-11-05 00:00:00+09:00,14230.0,14530.0,14230.0,14470.0,555954,0.0,0.0
2024-11-06 00:00:00+09:00,14450.0,14780.0,14400.0,14720.0,1298921,0.0,0.0
2024-11-07 00:00:00+09:00,14710.0,14820.0,14590.0,14670.0,592793,0.0,0.0
2024-11-08 00:00:00+09:00,14750.0,14750.0,14560.0,14620.0,455560,0.0,0.0
2024-11-11 00:00:00+09:00,14570.0,14650.0,14540.0,14600.0,512652,0.0,0.0
2024-11-12 00:00:00+09:00,14520.0,14680.0,14430.0,14430.0,1024227,0.0,0.0
2024-11-13 00:00:00+09:00,14430.0,14520.0,14300.0,14380.0,872759,0.0,0.0
2024-11-14 00:00:00+09:00,14410.0,14490.0,14330.0,14330.0,1039805,0.0,0.0
2024-11-15 00:00:00+09:00,14350.0,14510.0,14210.0,14230.0,1041226,0.0,0.0
2024-11-18 00:00:00+09:00,14210.0,14480.0,14200.0,14380.0,824077,0.0,0.0
2024-11-19 00:00:00+09:00,14380.0,14520.0,14370.0,14440.0,585168,0.0,0.0
2024-11-20 00:00:00+09:00,14440.0,14720.0,14440.0,14660.0,737877,0.0,0.0
2024-11-21 00:00:00+09:00,14700.0,14850.0,14600.0,14760.0,998092,0.0,0.0
2024-11-22 00:00:00+09:00,14870.0,14870.0,14680.0,14800.0,655520,0.0,0.0
2024-11-25 00:00:00+09:00,14810.0,14820.0,14650.0,14650.0,1875871,0.0,0.0
2024-11-26 00:00:00+09:00,14600.0,14740.0,14570.0,14690.0,695387,0.0,0.0
2024-11-27 00:00:00+09:00,14740.0,14910.0,14740.0,14910.0,990358,0.0,0.0
2024-11-28 00:00:00+09:00,14930.0,15140.0,14810.0,15090.0,946135,0.0,0.0
2024-11-29 00:00:00+09:00,15150.0,15160.0,14820.0,14880.0,1094414,0.0,0.0
2024-12-02 00:00:00+09:00,15030.0,15030.0,14890.0,14930.0,1020627,0.0,0.0
2024-12-03 00:00:00+09:00,14980.0,15170.0,14970.0,15170.0,1494953,0.0,0.0
2024-12-04 00:00:00+09:00,14950.0,15090.0,14690.0,14850.0,2355453,0.0,0.0
2024-12-05 00:00:00+09:00,14850.0,14860.0,14260.0,14330.0,1815446,0.0,0.0
2024-12-06 00:00:00+09:00,14440.0,14850.0,14370.0,14600.0,1591854,0.0,0.0
2024-12-09 00:00:00+09:00,14390.0,14390.0,14130.0,14130.0,1723996,0.0,0.0
2024-12-10 00:00:00+09:00,14270.0,14410.0,14140.0,14290.0,1104424,0.0,0.0
2024-12-11 00:00:00+09:00,14290.0,14710.0,14290.0,14680.0,751456,0.0,0.0
2024-12-12 00:00:00+09:00,14700.0,14810.0,14540.0,14630.0,1533000,0.0,0.0
2024-12-13 00:00:00+09:00,14630.0,14700.0,14550.0,14700.0,790049,0.0,0.0
2024-12-16 00:00:00+09:00,14770.0,14840.0,14560.0,14610.0,812514,0.0,0.0
2024-12-17 00:00:00+09:00,14570.0,14640.0,14230.0,14330.0,1381086,0.0,0.0
2024-12-18 00:00:00+09:00,14400.0,14580.0,14370.0,14550.0,743105,0.0,0.0
2024-12-19 00:00:00+09:00,14340.0,14540.0,14250.0,14460.0,591806,0.0,0.0
2024-12-20 00:00:00+09:00,14350.0,14400.0,14250.0,14290.0,1258702,0.0,0.0
2024-12-23 00:00:00+09:00,14290.0,14570.0,14250.0,14560.0,830412,0.0,0.0
2024-12-24 00:00:00+09:00,14570.0,14730.0,14550.0,14730.0,638878,0.0,0.0
2024-12-26 00:00:00+09:00,14730.0,14730.0,14580.0,14680.0,1407117,0.0,0.0
2024-12-27 00:00:00+09:00,14410.0,14500.0,14340.0,14450.0,1114494,0.0,0.0
2024-12-30 00:00:00+09:00,14450.0,14550.0,14330.0,14330.0,690369,0.0,0.0
2025-01-02 00:00:00+09:00,14390.0,14550.0,14350.0,14380.0,727935,0.0,0.0
2025-01-03 00:00:00+09:00,14380.0,14460.0,14330.0,14350.0,800016,0.0,0.0
2025-01-06 00:00:00+09:00,14350.0,14450.0,14310.0,14450.0,700370,0.0,0.0
2025-01-07 00:00:00+09:00,14440.0,14510.0,14400.0,14410.0,696863,0.0,0.0
2025-01-08 00:00:00+09:00,14370.0,14550.0,14370.0,14440.0,979634,0.0,0.0
2025-01-09 00:00:00+09:00,14410.0,14560.0,14400.0,14520.0,696213,0.0,0.0
2025-01-10 00:00:00+09:00,14500.0,14690.0,14460.0,14650.0,749846,0.0,0.0
2025-01-13 00:00:00+09:00,14590.0,14730.0,14580.0,14690.0,820284,0.0,0.0
2025-01-14 00:00:00+09:00,14690.0,14780.0,14630.0,14740.0,797258,0.0,0.0
2025-01-15 00:00:00+09:00,14720.0,14810.0,14660.0,14690.0,724141,0.0,0.0
2025-01-16 00:00:00+09:00,14770.0,14780.0,14700.0,14750.0,601716,0.0,0.0
2025-01-17 00:00:00+09:00,14700.0,14800.0,14640.0,14710.0,513155,0.0,0.0
2025-01-20 00:00:00+09:00,14710.0,14880.0,14690.0,14800.0,792948,0.0,0.0
2025-01-21 00:00:00+09:00,14810.0,14890.0,14750.0,14790.0,582786,0.0,0.0
2025-01-22 00:00:00+09:00,14880.0,15040.0,14860.0,14980.0,868825,0.0,0.0
2025-01-23 00:00:00+09:00,15030.0,15210.0,15020.0,15080.0,873586,0.0,0.0
2025-01-24 00:00:00+09:00,15100.0,15120.0,15010.0,15070.0,645674,0.0,0.0
2025-01-31 00:00:00+09:00,15220.0,15530.0,15070.0,15530.0,1723738,0.0,0.0
2025-02-03 00:00:00+09:00,15260.0,15340.0,15070.0,15150.0,1128657,0.0,0.0
2025-02-04 00:00:00+09:00,15250.0,15250.0,15100.0,15190.0,868215,0.0,0.0
2025-02-05 00:00:00+09:00,15220.0,15320.0,15170.0,15200.0,834925,0.0,0.0
2025-02-06 00:00:00+09:00,15270.0,15270.0,15080.0,15170.0,1004214,0.0,0.0
2025-02-07 00:00:00+09:00,15160.0,15260.0,15070.0,15150.0,1069694,0.0,0.0
2025-02-10 00:00:00+09:00,15180.0,15420.0,15140.0,15260.0,1521913,0.0,0.0
2025-02-11 00:00:00+09:00,15250.0,15260.0,14980.0,15110.0,1400743,0.0,0.0
2025-02-12 00:00:00+09:00,15190.0,15320.0,15170.0,15270.0,939382,0.0,0.0
2025-02-13 00:00:00+09:00,15320.0,15390.0,15240.0,15320.0,1275893,0.0,0.0
2025-02-14 00:00:00+09:00,15310.0,15400.0,15300.0,15350.0,681540,0.0,0.0
2025-02-17 00:00:00+09:00,15390.0,15480.0,15380.0,15470.0,729034,0.0,0.0
2025-02-18 00:00:00+09:00,15490.0,15640.0,15460.0,15580.0,828703,0.0,0.0
2025-02-19 00:00:00+09:00,15560.0,15680.0,15520.0,15550.0,918659,0.0,0.0
