Date,Open,High,Low,Close,Volume,Dividends,Stock Splits
2020-04-01 00:00:00+09:00,5196.896631677723,5302.239130968488,5028.3486328125,5028.3486328125,2277600,0.0,0.0
2020-04-02 00:00:00+09:00,5028.348469376729,5126.668132185771,4915.983140452109,5077.50830078125,2046811,0.0,0.0
2020-04-03 00:00:00+09:00,5077.50830078125,5126.668132185771,4986.211471029997,5077.50830078125,1880217,0.0,0.0
2020-04-06 00:00:00+09:00,5077.507349814138,5232.009648148732,5063.461686329175,5224.98681640625,2517463,0.0,0.0
2020-04-07 00:00:00+09:00,5372.466721307664,5477.809206039186,5232.010074998967,5309.26123046875,2976291,0.0,0.0
2020-04-08 00:00:00+09:00,5274.147249239723,5330.329909684355,5217.964588795093,5232.01025390625,2103995,0.0,0.0
2020-04-09 00:00:00+09:00,5316.284457962301,5337.3529564747005,5232.0104639127,5274.1474609375,2155700,0.0,0.0
2020-04-10 00:00:00+09:00,5330.330307904412,5505.901134910487,5281.1704763427115,5491.85546875,3715056,0.0,0.0
2020-04-13 00:00:00+09:00,5456.74097782258,5646.35745967742,5414.603981854839,5442.6953125,3243711,0.0,0.0
2020-04-14 00:00:00+09:00,5498.878254796282,5548.0380859375,5442.695590634889,5548.0380859375,1866762,0.0,0.0
2020-04-16 00:00:00+09:00,5463.763950170013,5491.855281533355,5358.421457557481,5421.626953125,2611738,0.0,0.0
2020-04-17 00:00:00+09:00,5470.786692972716,5569.106351126269,5463.763860247462,5533.9921875,2806396,0.0,0.0
2020-04-20 00:00:00+09:00,5477.8098746956175,5498.8783742136775,5372.467377105317,5407.58154296875,3925258,0.0,0.0
2020-04-21 00:00:00+09:00,5309.261272246825,5351.3982664710065,5196.895954315675,5253.07861328125,3416231,0.0,0.0
2020-04-22 00:00:00+09:00,5105.599447723305,5168.804942949591,5063.462450905781,5154.75927734375,3578458,0.0,0.0
2020-04-23 00:00:00+09:00,5175.828032946978,5203.91936555456,5126.66820088371,5140.7138671875,2632930,0.0,0.0
2020-04-24 00:00:00+09:00,5126.667778862847,5126.667778862847,5049.416620551215,5056.439453125,2462628,0.0,0.0
2020-04-27 00:00:00+09:00,5077.50796628937,5414.6039308562995,5077.50796628937,5351.3984375,4822565,0.0,0.0
2020-04-28 00:00:00+09:00,5463.763950170013,5681.471768235913,5365.444290398316,5421.626953125,5874015,0.0,0.0
2020-04-29 00:00:00+09:00,5470.786922715585,5632.312082179588,5442.695590634889,5548.0380859375,4387448,0.0,0.0
2020-05-04 00:00:00+09:00,5435.672900008159,5477.809899233029,5351.39890155842,5379.490234375,3212983,0.0,0.0
2020-05-06 00:00:00+09:00,5456.741517147775,5470.787183858581,5351.3990168167375,5386.51318359375,2286710,0.0,0.0
2020-05-07 00:00:00+09:00,5372.467123239152,5449.718284488342,5330.330126194139,5421.626953125,1809219,0.0,0.0
2020-05-08 00:00:00+09:00,5456.740860813348,5491.855023366845,5414.603865749153,5435.67236328125,1891292,0.0,0.0
2020-05-11 00:00:00+09:00,5435.6726883737665,5456.741187165912,5337.35302734375,5337.35302734375,1831910,0.0,0.0
2020-05-12 00:00:00+09:00,5337.352124285954,5337.352124285954,5196.895489436324,5224.98681640625,2375026,0.0,0.0
2020-05-13 00:00:00+09:00,5168.80476090604,5232.01025390625,5133.690598128146,5232.01025390625,1711980,0.0,0.0
2020-05-14 00:00:00+09:00,5168.804804104478,5203.9189671758395,5140.713473647388,5175.82763671875,1867079,0.0,0.0
2020-05-15 00:00:00+09:00,5253.078939879967,5358.421431989859,5189.8734446140315,5302.23876953125,2522150,0.0,0.0
2020-05-18 00:00:00+09:00,5316.284362956601,5337.352861092493,5210.941872277144,5239.033203125,1546786,0.0,0.0
2020-05-19 00:00:00+09:00,5386.5124199041875,5477.80924058053,5386.5124199041875,5428.6494140625,2869594,0.0,0.0
2020-05-20 00:00:00+09:00,5365.444313049316,5421.626976013184,5351.39864730835,5393.53564453125,1459404,0.0,0.0
2020-05-21 00:00:00+09:00,5435.67236328125,5456.740860813348,5393.535368217054,5435.67236328125,1907202,0.0,0.0
2020-05-22 00:00:00+09:00,5442.695044462012,5442.695044462012,5302.238398153316,5309.26123046875,1810736,0.0,0.0
2020-05-25 00:00:00+09:00,5337.352772309711,5351.3984375,5281.170111548557,5351.3984375,955351,0.0,0.0
2020-05-26 00:00:00+09:00,5365.444382440476,5484.8325427827385,5323.307384672619,5456.7412109375,2471172,0.0,0.0
2020-05-27 00:00:00+09:00,5519.946477995446,5611.243302695117,5484.8323146494195,5590.1748046875,4295846,0.0,0.0
2020-05-28 00:00:00+09:00,5737.654621605734,5885.134116163532,5660.4034577897455,5786.814453125,7549725,0.0,0.0
2020-05-29 00:00:00+09:00,5695.51712168818,5899.179262907609,5639.33446204144,5814.9052734375,4819669,0.0,0.0
2020-06-01 00:00:00+09:00,5828.951312371019,5969.4079705004415,5828.951312371019,5955.3623046875,2861703,0.0,0.0
2020-06-02 00:00:00+09:00,5948.33873046875,6355.66298828125,5941.3158984375,6320.548828125,5549703,0.0,0.0
2020-06-03 00:00:00+09:00,6510.16553487121,6994.740963033145,6418.868715072585,6833.2158203125,8315050,0.0,0.0
2020-06-04 00:00:00+09:00,6952.604704083136,7128.175529943822,6580.394553258484,6699.78271484375,6349119,0.0,0.0
2020-06-05 00:00:00+09:00,6713.827671345067,6875.352814065712,6636.576516130845,6833.2158203125,3110692,0.0,0.0
2020-06-08 00:00:00+09:00,7015.810368309337,7022.833201510847,6770.011206256457,6798.1025390625,2862958,0.0,0.0
2020-06-09 00:00:00+09:00,6762.988000024723,6847.261993794501,6566.348681228573,6657.6455078125,3464519,0.0,0.0
2020-06-10 00:00:00+09:00,6657.645623568831,6671.691289441339,6489.097633098734,6517.18896484375,2561458,0.0,0.0
2020-06-11 00:00:00+09:00,6397.80006097992,6404.822893099547,6166.04660103224,6208.18359375,6190796,0.0,0.0
2020-06-12 00:00:00+09:00,5821.928300531141,6039.636113940628,5821.928300531141,6032.61328125,3467501,0.0,0.0
2020-06-15 00:00:00+09:00,6004.5221101506095,6187.115764962207,5835.97412109375,5835.97412109375,3511295,0.0,0.0
2020-06-16 00:00:00+09:00,5934.2938081548455,6264.366954880618,5934.2938081548455,6250.3212890625,2692428,0.0,0.0
2020-06-17 00:00:00+09:00,6243.298502604167,6243.298502604167,6053.68201264881,6194.138671875,2100867,0.0,0.0
2020-06-18 00:00:00+09:00,6137.956377252412,6222.23037785542,6102.842210334492,6187.1162109375,1594860,0.0,0.0
2020-06-19 00:00:00+09:00,6250.321694833261,6257.344528198242,6067.72802734375,6067.72802734375,3523066,0.0,0.0
2020-06-22 00:00:00+09:00,6011.545014880952,6032.613513764882,5899.1796875,5899.1796875,2197121,0.0,0.0
2020-06-23 00:00:00+09:00,5934.29330588252,5990.47596439975,5751.699665701519,5807.88232421875,2305389,0.0,0.0
2020-06-24 00:00:00+09:00,5828.951171875,5906.2023319841865,5814.9055064006025,5828.951171875,1618551,0.0,0.0
2020-06-25 00:00:00+09:00,5814.9052409255555,5814.9052409255555,5688.494257427174,5695.51708984375,1791323,0.0,0.0
2020-06-26 00:00:00+09:00,5786.813751146088,5821.927912257412,5744.6767578125,5744.6767578125,1449752,0.0,0.0
2020-06-29 00:00:00+09:00,5618.265858790524,5653.380020407965,5583.151697173083,5632.3115234375,1720515,0.0,0.0
2020-06-30 00:00:00+09:00,5674.44873046875,5758.722721515316,5660.403065294323,5674.44873046875,1493595,0.0,0.0
2020-07-01 00:00:00+09:00,5702.53955078125,5793.836366249422,5695.516718822159,5702.53955078125,1116031,0.0,0.0
2020-07-02 00:00:00+09:00,5695.517554759394,5744.677385688267,5688.494721769555,5723.60888671875,932932,0.0,0.0
2020-07-03 00:00:00+09:00,5737.65478515625,5800.860284625535,5702.540618784425,5737.65478515625,967410,0.0,0.0
2020-07-06 00:00:00+09:00,5737.654274869633,5772.768438118529,5667.425948371841,5765.74560546875,1480755,0.0,0.0
2020-07-07 00:00:00+09:00,5807.882764511671,5850.01976159398,5716.5859375,5716.5859375,1655384,0.0,0.0
2020-07-08 00:00:00+09:00,5681.47214334448,5751.700476389529,5681.47214334448,5709.5634765625,1331489,0.0,0.0
2020-07-09 00:00:00+09:00,5723.608343642846,5730.631175966335,5632.3115234375,5632.3115234375,1803494,0.0,0.0
2020-07-10 00:00:00+09:00,5618.266061785261,5632.3117269397235,5519.946405704019,5526.96923828125,2175370,0.0,0.0
2020-07-13 00:00:00+09:00,5604.220725891488,5723.60888671875,5548.038061972777,5723.60888671875,1537523,0.0,0.0
2020-07-14 00:00:00+09:00,5660.403297405479,5688.49462890625,5632.311965904707,5688.49462890625,979442,0.0,0.0
2020-07-15 00:00:00+09:00,5737.653885441889,5885.133361077482,5730.631053268765,5800.859375,2221196,0.0,0.0
2020-07-16 00:00:00+09:00,5828.95105525294,5878.110883429772,5744.677064092657,5821.92822265625,1429668,0.0,0.0
2020-07-17 00:00:00+09:00,5814.905809355945,5828.951475562119,5744.677478325077,5758.72314453125,1294068,0.0,0.0
2020-07-20 00:00:00+09:00,5744.677042692077,5857.042363820528,5716.585712409964,5850.01953125,1604882,0.0,0.0
2020-07-21 00:00:00+09:00,5850.019200211865,5899.1790254237285,5758.722381961259,5800.859375,1740152,0.0,0.0
2020-07-22 00:00:00+09:00,5842.996931137725,6039.6362509356295,5828.951265437875,5864.0654296875,3437481,0.0,0.0
2020-07-23 00:00:00+09:00,5864.065240293561,5885.133738162879,5765.745583570077,5793.8369140625,1877647,0.0,0.0
2020-07-24 00:00:00+09:00,5765.745583570077,5850.019575047349,5737.654253077652,5793.8369140625,1220735,0.0,0.0
2020-07-27 00:00:00+09:00,5793.836892269489,5899.179381219843,5793.836892269489,5821.92822265625,1210824,0.0,0.0
2020-07-28 00:00:00+09:00,5828.951171875,5899.179499246988,5793.837008189006,5828.951171875,1916364,0.0,0.0
2020-07-29 00:00:00+09:00,5793.836542826876,5857.042032384988,5772.768046307506,5800.859375,1200391,0.0,0.0
2020-07-30 00:00:00+09:00,5807.882952347542,5857.042783866808,5772.768786976639,5786.814453125,1445972,0.0,0.0
2020-07-31 00:00:00+09:00,5786.813911259248,5793.836743675825,5695.51708984375,5695.51708984375,2051856,0.0,0.0
2020-08-03 00:00:00+09:00,5716.585725992033,5730.63139116646,5667.425897881536,5674.44873046875,1136832,0.0,0.0
2020-08-04 00:00:00+09:00,5667.426314191121,5772.768810737424,5667.426314191121,5758.72314453125,1361938,0.0,0.0
2020-08-05 00:00:00+09:00,5758.72267779182,5786.81400792739,5702.5400175206805,5730.63134765625,1253971,0.0,0.0
2020-08-06 00:00:00+09:00,5744.677064092657,5899.179381219843,5737.654231495966,5821.92822265625,2724744,0.0,0.0
2020-08-07 00:00:00+09:00,5842.997000303767,5850.0198332368245,5737.654506307906,5779.79150390625,1585276,0.0,0.0
2020-08-10 00:00:00+09:00,5800.860026041667,5906.20252046131,5779.7915271577385,5899.1796875,3094346,0.0,0.0
2020-08-11 00:00:00+09:00,5969.407857727894,6102.841680430047,5934.293693858906,6095.81884765625,4207516,0.0,0.0
2020-08-12 00:00:00+09:00,6144.97860995206,6243.298267711293,6018.567621404474,6180.0927734375,4199990,0.0,0.0
2020-08-13 00:00:00+09:00,6180.093005952382,6222.2300037202385,6137.956008184524,6194.138671875,3430244,0.0,0.0
2020-08-14 00:00:00+09:00,6194.138247575432,6201.1610800556755,6046.658765490302,6109.8642578125,1991022,0.0,0.0
2020-08-18 00:00:00+09:00,6053.6818194653615,6074.750317676958,5828.951171875,5828.951171875,2600765,0.0,0.0
2020-08-19 00:00:00+09:00,5842.99690852205,6004.522063445135,5842.99690852205,5892.15673828125,1330333,0.0,0.0
2020-08-20 00:00:00+09:00,5842.996189963053,5885.133181717595,5702.53955078125,5702.53955078125,2494703,0.0,0.0
2020-08-21 00:00:00+09:00,5730.631696428572,5807.882859002976,5723.608863467262,5751.7001953125,1331757,0.0,0.0
2020-08-24 00:00:00+09:00,5751.699781334919,5828.950938349185,5695.51712168818,5814.9052734375,1120572,0.0,0.0
2020-08-25 00:00:00+09:00,5871.088101710956,5927.270762971349,5850.019603738309,5913.22509765625,1392604,0.0,0.0
2020-08-26 00:00:00+09:00,5885.1339282372755,5906.202426787051,5772.768602638474,5864.0654296875,1463232,0.0,0.0
2020-08-27 00:00:00+09:00,5835.974049811816,5835.974049811816,5758.722889104319,5772.7685546875,1176456,0.0,0.0
2020-08-28 00:00:00+09:00,5807.882207173124,5871.087696731235,5779.7908784806295,5800.859375,1177457,0.0,0.0
2020-08-31 00:00:00+09:00,5814.906001332663,5842.9973346724355,5681.47216796875,5681.47216796875,2731627,0.0,0.0
2020-09-01 00:00:00+09:00,5681.472118961329,5765.74611825371,5674.449285686964,5737.65478515625,1375302,0.0,0.0
2020-09-02 00:00:00+09:00,5758.722889104319,5779.791387479091,5730.631557937956,5772.7685546875,893824,0.0,0.0
2020-09-03 00:00:00+09:00,5779.791227076108,5857.042385639701,5779.791227076108,5821.92822265625,1464078,0.0,0.0
2020-09-04 00:00:00+09:00,5737.65464522199,5779.791643840511,5716.586145912729,5758.72314453125,1227206,0.0,0.0
2020-09-07 00:00:00+09:00,5786.813827274788,5821.927988848058,5744.676833386865,5807.88232421875,1203100,0.0,0.0
2020-09-08 00:00:00+09:00,5828.951334437652,5871.088332035997,5772.768670973193,5779.79150390625,1994391,0.0,0.0
2020-09-09 00:00:00+09:00,5730.631976476015,5751.700476389529,5681.47214334448,5709.5634765625,2659641,0.0,0.0
2020-09-10 00:00:00+09:00,5730.631812118902,5758.72314453125,5716.586145912729,5758.72314453125,1621707,0.0,0.0
2020-09-11 00:00:00+09:00,5709.5625967011765,5744.6767578125,5702.539764478912,5744.6767578125,1097220,0.0,0.0
2020-09-14 00:00:00+09:00,5758.72314453125,5779.791643840511,5723.608979015816,5758.72314453125,1440155,0.0,0.0
2020-09-15 00:00:00+09:00,5758.7232849793445,5765.74611825371,5723.609118607519,5737.65478515625,1801216,0.0,0.0
2020-09-16 00:00:00+09:00,5723.60888671875,5737.654552698428,5702.540387749234,5723.60888671875,1546812,0.0,0.0
2020-09-17 00:00:00+09:00,5716.58521469943,5730.6308786176105,5688.493886863069,5702.53955078125,1533685,0.0,0.0
2020-09-18 00:00:00+09:00,5716.585770263672,5716.585770263672,5618.26611328125,5618.26611328125,3530713,0.0,0.0
2020-09-21 00:00:00+09:00,5653.380276489258,5681.471607055664,5604.220447998047,5618.26611328125,1767710,0.0,0.0
2020-09-22 00:00:00+09:00,5597.197682027284,5618.266180203045,5526.9693547747465,5533.9921875,2091223,0.0,0.0
2020-09-23 00:00:00+09:00,5548.037714325222,5562.083379424779,5512.923551576328,5555.060546875,1691834,0.0,0.0
2020-09-24 00:00:00+09:00,5533.992114790597,5533.992114790597,5463.7637884607675,5470.78662109375,1526369,0.0,0.0
2020-09-25 00:00:00+09:00,5505.900507563695,5562.083165804141,5498.877675283639,5512.92333984375,998281,0.0,0.0
2020-09-28 00:00:00+09:00,5555.060546875,5590.174709623894,5533.992049225664,5555.060546875,968554,0.0,0.0
2020-09-29 00:00:00+09:00,5611.243396925717,5653.380393648564,5604.220564138576,5625.2890625,1293592,0.0,0.0
2020-10-05 00:00:00+09:00,5646.357262927713,5744.676916759788,5625.288765677983,5695.51708984375,1987602,0.0,0.0
2020-10-06 00:00:00+09:00,5702.539922260327,5744.676916759788,5688.494257427174,5695.51708984375,1300691,0.0,0.0
2020-10-07 00:00:00+09:00,5681.471519919003,5744.677012724035,5646.357357249541,5730.63134765625,1317017,0.0,0.0
2020-10-08 00:00:00+09:00,5744.677385688267,5751.7002186781065,5702.540387749234,5723.60888671875,1579611,0.0,0.0
2020-10-12 00:00:00+09:00,5723.608770347051,5730.631603194103,5674.44894041769,5716.5859375,1719441,0.0,0.0
2020-10-13 00:00:00+09:00,5723.608515122358,5737.654180190143,5688.494352452895,5730.63134765625,1118700,0.0,0.0
2020-10-14 00:00:00+09:00,5723.609167978407,5730.63200131335,5674.449334633807,5681.47216796875,1399974,0.0,0.0
2020-10-15 00:00:00+09:00,5681.471563055964,5688.494395643178,5646.357400119895,5674.44873046875,1058721,0.0,0.0
2020-10-16 00:00:00+09:00,5702.540060817605,5702.540060817605,5653.380232707109,5674.44873046875,785022,0.0,0.0
2020-10-19 00:00:00+09:00,5681.471728396822,5814.905551437044,5681.471728396822,5772.7685546875,2782966,0.0,0.0
2020-10-20 00:00:00+09:00,5751.699940169192,5793.836936067867,5709.562944270516,5765.74560546875,1558266,0.0,0.0
2020-10-21 00:00:00+09:00,5772.768278702446,5821.928105893343,5744.676948879076,5814.9052734375,1816679,0.0,0.0
2020-10-22 00:00:00+09:00,5807.882472147744,5941.316289524778,5793.836807160687,5934.29345703125,3325898,0.0,0.0
2020-10-23 00:00:00+09:00,5990.475856396037,6152.000996720901,5969.407359831924,6123.90966796875,4742543,0.0,0.0
2020-10-26 00:00:00+09:00,6144.978769508326,6173.070101026078,5976.430780401812,5983.45361328125,3362915,0.0,0.0
2020-10-27 00:00:00+09:00,5920.248468412769,5927.271301708633,5835.97446886241,5857.04296875,2512353,0.0,0.0
2020-10-28 00:00:00+09:00,5807.882722141904,5941.316545262455,5800.859889346086,5920.248046875,1518408,0.0,0.0
2020-10-29 00:00:00+09:00,5807.88241987962,5864.065079322228,5786.813922588642,5842.99658203125,2293721,0.0,0.0
2020-10-30 00:00:00+09:00,5842.997284271725,5878.111450643551,5737.65478515625,5737.65478515625,2257045,0.0,0.0
2020-11-02 00:00:00+09:00,5737.654979543098,5955.362818424171,5737.654979543098,5927.271484375,2430609,0.0,0.0
2020-11-03 00:00:00+09:00,5962.385369944853,6011.545202205883,5920.248370863971,5969.408203125,1886873,0.0,0.0
2020-11-04 00:00:00+09:00,6032.613111940643,6039.6359444341715,5892.156462070081,5934.29345703125,1881407,0.0,0.0
2020-11-05 00:00:00+09:00,5976.430155793129,6011.544316520468,5934.293162920322,6004.521484375,1639658,0.0,0.0
2020-11-06 00:00:00+09:00,6032.613047649868,6039.635880068553,5997.498885556447,6018.5673828125,1412805,0.0,0.0
2020-11-09 00:00:00+09:00,6039.6356052650635,6081.7725978599365,6018.567108967627,6060.7041015625,1855408,0.0,0.0
2020-11-10 00:00:00+09:00,6250.320821723335,6285.434983643129,6137.955503579994,6222.2294921875,4772839,0.0,0.0
2020-11-11 00:00:00+09:00,6236.2753125,6503.1429497466215,6229.252479940878,6496.1201171875,5795663,0.0,0.0
2020-11-12 00:00:00+09:00,6461.006182740067,6475.0518483547185,6348.640857822848,6362.6865234375,3504609,0.0,0.0
2020-11-13 00:00:00+09:00,6306.503883514066,6404.8235431679595,6271.389719351961,6334.59521484375,2652282,0.0,0.0
2020-11-16 00:00:00+09:00,6362.686593878074,6496.1204186945015,6341.618095222848,6425.89208984375,2834554,0.0,0.0
2020-11-17 00:00:00+09:00,6461.006653502747,6524.212153373969,6362.686987036401,6390.7783203125,2427691,0.0,0.0
2020-11-18 00:00:00+09:00,6390.777577182703,6411.846074689899,6362.686247173109,6404.8232421875,1613090,0.0,0.0
2020-11-19 00:00:00+09:00,6397.800921066217,6397.800921066217,6334.595423492566,6376.732421875,1729711,0.0,0.0
2020-11-20 00:00:00+09:00,6461.00591170954,6552.302734375,6439.937414171356,6552.302734375,3667645,0.0,0.0
2020-11-23 00:00:00+09:00,6573.371377168769,6685.736699855415,6510.165883157531,6678.7138671875,3113168,0.0,0.0
2020-11-24 00:00:00+09:00,6706.804921181099,6734.896250693901,6657.645094533699,6720.8505859375,2629660,0.0,0.0
2020-11-25 00:00:00+09:00,6762.988373054946,6875.3537042791195,6664.668708233794,6798.1025390625,3803371,0.0,0.0
2020-11-26 00:00:00+09:00,6798.101955964435,6798.101955964435,6699.782299576519,6762.98779296875,2118519,0.0,0.0
2020-11-27 00:00:00+09:00,6762.987676227911,6784.056173661643,6706.805016404626,6755.96484375,1387506,0.0,0.0
2020-11-30 00:00:00+09:00,6762.987347215221,6791.078675760248,6531.23388671875,6531.23388671875,4127886,0.0,0.0
2020-12-01 00:00:00+09:00,6594.43927734375,6685.736093750001,6587.4164453125,6671.6904296875,1546795,0.0,0.0
2020-12-02 00:00:00+09:00,6713.828125,6734.896623300209,6636.5769645659,6713.828125,2012130,0.0,0.0
2020-12-03 00:00:00+09:00,6734.896367656413,6741.919200156576,6678.713707655108,6727.87353515625,1471859,0.0,0.0
2020-12-04 00:00:00+09:00,6706.805640132136,6755.965472049335,6678.714307608023,6734.89697265625,2096022,0.0,0.0
2020-12-07 00:00:00+09:00,6713.827935055497,6734.896432759646,6587.416948830602,6643.599609375,2426097,0.0,0.0
2020-12-08 00:00:00+09:00,6615.508954085895,6622.531787370488,6531.234954670788,6566.34912109375,2452593,0.0,0.0
2020-12-09 00:00:00+09:00,6545.279974870621,6664.668128918691,6538.257142279558,6615.50830078125,1856373,0.0,0.0
2020-12-10 00:00:00+09:00,6629.553965963376,6650.622463736565,6559.325640052747,6615.50830078125,4130688,0.0,0.0
2020-12-11 00:00:00+09:00,6650.623623888032,6720.851962049469,6636.5779562557445,6685.73779296875,2609850,0.0,0.0
2020-12-14 00:00:00+09:00,6692.759459282943,6699.782291874005,6615.508300781251,6615.50830078125,2243696,0.0,0.0
2020-12-15 00:00:00+09:00,6615.508954085895,6622.531787370488,6545.280621239973,6566.34912109375,2053875,0.0,0.0
2020-12-16 00:00:00+09:00,6608.485816592262,6657.645647321429,6587.417317708334,6636.5771484375,1995011,0.0,0.0
2020-12-17 00:00:00+09:00,6622.531366380594,6636.577032056905,6566.34870367535,6629.55419921875,1752607,0.0,0.0
2020-12-18 00:00:00+09:00,6629.55375267094,6636.576585036058,6573.37109375,6573.37109375,2285719,0.0,0.0
2020-12-21 00:00:00+09:00,6594.439686628254,6615.5081840296225,6545.279859358395,6608.4853515625,1855041,0.0,0.0
2020-12-22 00:00:00+09:00,6608.485394476822,6615.50822698955,6552.302734375,6552.302734375,1714044,0.0,0.0
2020-12-23 00:00:00+09:00,6552.3034545245655,6587.417620947526,6538.257787955381,6566.34912109375,1536206,0.0,0.0
2020-12-24 00:00:00+09:00,6594.440150669643,6671.691313244048,6573.371651785715,6636.5771484375,3301952,0.0,0.0
2020-12-28 00:00:00+09:00,6671.691173440796,6692.759671883241,6636.577009370055,6657.6455078125,6854351,0.0,0.0
2020-12-29 00:00:00+09:00,6650.994873046875,6673.164855957031,6540.144958496094,6562.31494140625,6722586,471.0,0.0
2020-12-30 00:00:00+09:00,6540.144877023826,6547.534871235152,6392.344992797299,6532.7548828125,3840409,0.0,0.0
2021-01-04 00:00:00+09:00,6547.534660038428,6547.534660038428,6362.784810714545,6370.1748046875,4120038,0.0,0.0
2021-01-05 00:00:00+09:00,6340.615132346082,6436.68505859375,6318.445149365851,6436.68505859375,2863048,0.0,0.0
2021-01-06 00:00:00+09:00,6444.07491020115,6547.534828484195,6377.564962733477,6429.294921875,4173194,0.0,0.0
2021-01-07 00:00:00+09:00,6577.094787115981,6599.264769544461,6517.974833973365,6554.9248046875,5166139,0.0,0.0
2021-01-08 00:00:00+09:00,6614.044674692986,6614.044674692986,6488.414775844069,6525.36474609375,4133444,0.0,0.0
2021-01-11 00:00:00+09:00,6525.364410435589,6525.364410435589,6340.614568690527,6407.12451171875,4981137,0.0,0.0
2021-01-12 00:00:00+09:00,6377.564679264473,6481.024592948949,6340.614710091446,6414.5146484375,3264949,0.0,0.0
2021-01-13 00:00:00+09:00,6473.635009765625,6569.704935709636,6458.8550211588545,6562.31494140625,4524400,0.0,0.0
2021-01-14 00:00:00+09:00,6577.094848080458,6584.484842291784,6503.194905967194,6532.7548828125,2769776,0.0,0.0
2021-01-15 00:00:00+09:00,6562.314378784602,6569.704372454404,6407.12451171875,6407.12451171875,3345712,0.0,0.0
2021-01-18 00:00:00+09:00,6384.955406688084,6384.955406688084,6311.055459851416,6325.83544921875,2860178,0.0,0.0
2021-01-19 00:00:00+09:00,6355.395445575029,6414.515403208285,6318.4454720542435,6377.5654296875,1983336,0.0,0.0
2021-01-20 00:00:00+09:00,6377.565412004417,6384.955406688084,6311.055459851416,6325.83544921875,2345818,0.0,0.0
2021-01-21 00:00:00+09:00,6340.614603084889,6348.004596794778,6288.884647115665,6333.224609375,2165365,0.0,0.0
2021-01-22 00:00:00+09:00,6318.444801186616,6325.834795106132,6259.324849830484,6266.71484375,2354910,0.0,0.0
2021-01-25 00:00:00+09:00,6237.154988123515,6244.5449821852735,6185.425029691211,6222.375,2566266,0.0,0.0
2021-01-26 00:00:00+09:00,6222.374458644701,6237.154445482337,6111.5245573624325,6118.91455078125,3788576,0.0,0.0
2021-01-27 00:00:00+09:00,6148.474931735436,6178.03490736878,6074.5749926520775,6089.35498046875,2071823,0.0,0.0
2021-01-28 00:00:00+09:00,6030.235187190594,6037.625181292544,5934.165263865254,5971.115234375,2931712,0.0,0.0
2021-01-29 00:00:00+09:00,6000.67505787037,6008.065051784004,5786.365234375,5786.365234375,4586758,0.0,0.0
2021-02-01 00:00:00+09:00,5793.755064721201,6096.744806626264,5786.365071016199,6030.23486328125,2696592,0.0,0.0
2021-02-02 00:00:00+09:00,6030.23577724359,6081.965741018964,5993.285803118322,6052.40576171875,1414090,0.0,0.0
2021-02-03 00:00:00+09:00,6104.134968285422,6126.304950010429,6008.0650474770555,6089.35498046875,1672567,0.0,0.0
2021-02-04 00:00:00+09:00,6081.965084579223,6081.965084579223,5971.115174167694,5993.28515625,1509279,0.0,0.0
2021-02-05 00:00:00+09:00,6030.235371734508,6081.96533203125,6015.455383078295,6081.96533203125,1725976,0.0,0.0
2021-02-08 00:00:00+09:00,6126.30509871448,6318.444944995031,6096.745122363626,6274.10498046875,3918623,0.0,0.0
2021-02-09 00:00:00+09:00,6340.614904988123,6348.004899049882,6185.425029691211,6222.375,1984690,0.0,0.0
2021-02-10 00:00:00+09:00,6251.9352009850945,6281.495178294716,6163.255269056228,6259.3251953125,1598062,0.0,0.0
2021-02-15 00:00:00+09:00,6296.275166949527,6311.055155604339,6251.9352009850945,6259.3251953125,1449500,0.0,0.0
2021-02-16 00:00:00+09:00,6259.324766620076,6266.714760441351,6185.424828407324,6237.15478515625,990855,0.0,0.0
2021-02-17 00:00:00+09:00,6274.1051229319855,6318.445088465073,6237.155151654411,6281.4951171875,1904397,0.0,0.0
2021-02-18 00:00:00+09:00,6281.4951578776045,6296.275146484375,6207.59521484375,6207.59521484375,1350572,0.0,0.0
2021-02-19 00:00:00+09:00,6207.595093639185,6251.93505859375,6111.525169570959,6251.93505859375,1815975,0.0,0.0
2021-02-22 00:00:00+09:00,6274.104958432304,6288.88494655582,6222.375,6222.375,1828356,0.0,0.0
2021-02-23 00:00:00+09:00,6266.715046911939,6325.835000184693,6237.155070275562,6251.93505859375,1609470,0.0,0.0
2021-02-24 00:00:00+09:00,6266.714964370546,6311.054928741093,6214.9850059382425,6222.375,2002790,0.0,0.0
2021-02-25 00:00:00+09:00,6259.324932259573,6303.664896360586,6229.764956192232,6296.27490234375,1704975,0.0,0.0
2021-02-26 00:00:00+09:00,6222.375182885654,6244.545165722539,6141.085245817077,6155.865234375,2858023,0.0,0.0
2021-03-02 00:00:00+09:00,6207.595072258641,6266.715025327771,6178.035095724077,6200.205078125,1410580,0.0,0.0
2021-03-03 00:00:00+09:00,6192.81526616474,6318.445170132282,6185.425271813708,6311.05517578125,2070910,0.0,0.0
2021-03-04 00:00:00+09:00,6311.054770587485,6392.344703229713,6259.3248134515225,6340.61474609375,2495334,0.0,0.0
2021-03-05 00:00:00+09:00,6340.614769237717,6473.634659501446,6340.614769237717,6392.3447265625,3800549,0.0,0.0
2021-03-08 00:00:00+09:00,6451.465087063029,6540.14501953125,6414.515115201271,6540.14501953125,4294872,0.0,0.0
2021-03-09 00:00:00+09:00,6621.4345105672965,6680.554461554505,6547.5345718332865,6643.6044921875,6055989,0.0,0.0
2021-03-10 00:00:00+09:00,6540.144577959885,6643.6044921875,6481.024626972678,6643.6044921875,3432807,0.0,0.0
2021-03-11 00:00:00+09:00,6687.9447423869315,6776.624672672725,6636.214783053551,6658.384765625,4134258,0.0,0.0
2021-03-12 00:00:00+09:00,6621.43505859375,6636.2150475638255,6540.145119258335,6621.43505859375,2416771,0.0,0.0
2021-03-15 00:00:00+09:00,6665.77490234375,6702.724874086232,6636.214924949764,6665.77490234375,2054784,0.0,0.0
2021-03-16 00:00:00+09:00,6665.774579326923,6732.284525240385,6665.774579326923,6724.89453125,2089916,0.0,0.0
2021-03-17 00:00:00+09:00,6724.894673821693,6754.45465040992,6687.9447030864085,6732.28466796875,1569225,0.0,0.0
2021-03-18 00:00:00+09:00,6732.284952487506,6754.454935865621,6650.99501343442,6747.06494140625,2824744,0.0,0.0
2021-03-19 00:00:00+09:00,6813.5747477213545,6820.964742024739,6702.724833170573,6739.6748046875,3439439,0.0,0.0
2021-03-22 00:00:00+09:00,6732.28466796875,6747.0646562628635,6680.554708939352,6732.28466796875,1671812,0.0,0.0
2021-03-23 00:00:00+09:00,6702.724730767897,6739.674701720311,6650.994771434517,6658.384765625,1677696,0.0,0.0
2021-03-24 00:00:00+09:00,6614.044696936447,6658.384661385182,6569.70473248771,6577.0947265625,1836301,0.0,0.0
2021-03-25 00:00:00+09:00,6577.09511048242,6710.115011593301,6540.14513795162,6673.1650390625,1780315,0.0,0.0
2021-03-26 00:00:00+09:00,6702.72501708714,6732.2849951117805,6665.775044556341,6673.1650390625,1481865,0.0,0.0
2021-03-29 00:00:00+09:00,6680.5542831084795,6710.1142578125,6621.43433370044,6710.1142578125,1730505,0.0,0.0
2021-03-30 00:00:00+09:00,6710.114625358999,6769.234578005333,6687.9446431166225,6754.45458984375,1916771,0.0,0.0
2021-03-31 00:00:00+09:00,6776.624368859169,6806.184344295851,6739.674399563319,6769.234375,2793161,0.0,0.0
2021-04-01 00:00:00+09:00,6776.624345198192,6784.01433903156,6687.944419197779,6717.50439453125,1764117,0.0,0.0
2021-04-02 00:00:00+09:00,6710.114663993363,6717.504658116704,6665.774699253319,6680.5546875,1097836,0.0,0.0
2021-04-05 00:00:00+09:00,6687.944276784485,6717.504251488504,6650.99430840446,6710.1142578125,865969,0.0,0.0
2021-04-06 00:00:00+09:00,6710.114949813741,6732.284933128104,6673.164977623137,6695.3349609375,1094799,0.0,0.0
2021-04-07 00:00:00+09:00,6695.334577554185,6828.354469823474,6695.334577554185,6776.62451171875,3115090,0.0,0.0
2021-04-08 00:00:00+09:00,6828.354325873362,6828.354325873362,6769.234374999999,6769.234375,1825375,0.0,0.0
2021-04-09 00:00:00+09:00,6761.844381140829,6784.01436271834,6739.674399563319,6769.234375,1079881,0.0,0.0
2021-04-12 00:00:00+09:00,6769.234172879222,6798.794147433279,6739.674198325164,6784.01416015625,962576,0.0,0.0
2021-04-13 00:00:00+09:00,6784.014445694634,6798.79443359375,6769.234457795516,6798.79443359375,1100465,0.0,0.0
2021-04-14 00:00:00+09:00,6798.79435043668,6806.184344295851,6747.064393422489,6769.234375,1242141,0.0,0.0
2021-04-15 00:00:00+09:00,6769.234539874188,6835.744486226664,6769.234539874188,6828.3544921875,1661051,0.0,0.0
2021-04-16 00:00:00+09:00,6798.794697745902,6798.794697745902,6761.844726562501,6761.8447265625,1586954,0.0,0.0
2021-04-19 00:00:00+09:00,6702.7247726690575,6761.844726562501,6695.334778432378,6761.8447265625,1669874,0.0,0.0
2021-04-20 00:00:00+09:00,6747.064758697973,6813.574707031249,6739.67476443872,6813.57470703125,1384536,0.0,0.0
2021-04-21 00:00:00+09:00,6798.7945543285,6813.574542490084,6747.064595762958,6754.45458984375,1530213,0.0,0.0
2021-04-22 00:00:00+09:00,6776.6248772684185,6828.354838163597,6761.844888441225,6820.96484375,1890895,0.0,0.0
2021-04-23 00:00:00+09:00,6813.574384660618,6887.474323756721,6784.0144090221775,6872.6943359375,2451178,0.0,0.0
2021-04-26 00:00:00+09:00,6902.254132970581,7005.714045027956,6894.864139252197,6939.2041015625,2809939,0.0,0.0
2021-04-27 00:00:00+09:00,6976.154094542811,6998.324075775468,6924.424138333278,6990.93408203125,2416933,0.0,0.0
2021-04-28 00:00:00+09:00,7013.103969792753,7153.513849061522,7005.713976147028,7087.00390625,4619085,0.0,0.0
2021-04-29 00:00:00+09:00,7131.3436976291405,7190.4636453815065,7020.493795593455,7027.8837890625,2944162,0.0,0.0
2021-04-30 00:00:00+09:00,7042.664391044247,7190.464273332688,7042.664391044247,7160.904296875,3693510,0.0,0.0
2021-05-03 00:00:00+09:00,7168.294308446035,7168.294308446035,7035.2744140625,7035.2744140625,2452892,0.0,0.0
2021-05-04 00:00:00+09:00,7042.664408194919,7123.954343651523,6931.81449620864,7035.2744140625,2122684,0.0,0.0
2021-05-06 00:00:00+09:00,7094.3945504926105,7500.84423828125,7087.00455616918,7500.84423828125,8653675,0.0,0.0
2021-05-07 00:00:00+09:00,7574.7444063074445,7648.644351734834,7463.89448816636,7537.79443359375,3320736,0.0,0.0
2021-05-10 00:00:00+09:00,7574.743877521996,7685.593787924757,7426.943996984982,7611.69384765625,3264857,0.0,0.0
2021-05-11 00:00:00+09:00,7574.744321382962,7759.4941828801075,7537.794349083533,7685.59423828125,2822653,0.0,0.0
2021-05-12 00:00:00+09:00,7685.593559451219,7685.593559451219,7389.993807164634,7574.74365234375,2614280,0.0,0.0
2021-05-13 00:00:00+09:00,7463.8936097051055,8055.093103543134,7426.943641340229,7870.34326171875,6847378,0.0,0.0
2021-05-14 00:00:00+09:00,7870.343973605432,8018.143860433704,7759.494058484229,7907.2939453125,2646200,0.0,0.0
2021-05-17 00:00:00+09:00,7907.2939046223955,8018.143819173177,7796.443990071614,7981.19384765625,2531553,0.0,0.0
2021-05-18 00:00:00+09:00,7981.1937677556825,8202.893594637784,7981.1937677556825,8128.99365234375,2705553,0.0,0.0
2021-05-20 00:00:00+09:00,8128.993733723958,8202.893676757812,7907.2939046223955,7981.19384765625,2648104,0.0,0.0
2021-05-21 00:00:00+09:00,8018.142936197916,8018.142936197916,7685.593229166667,7759.4931640625,2817065,0.0,0.0
2021-05-24 00:00:00+09:00,7685.594155365567,7944.243958671138,7648.64418346477,7833.39404296875,1653599,0.0,0.0
2021-05-25 00:00:00+09:00,7833.394001898365,7907.2939453125,7796.444030191297,7907.2939453125,1769367,0.0,0.0
2021-05-26 00:00:00+09:00,7833.394001898365,7907.2939453125,7796.444030191297,7907.2939453125,1372203,0.0,0.0
2021-05-27 00:00:00+09:00,7907.293033854166,7907.293033854166,7759.4931640625,7759.4931640625,2454590,0.0,0.0
2021-05-28 00:00:00+09:00,7833.393226166474,8055.093034454205,7833.393226166474,8018.14306640625,2211396,0.0,0.0
2021-05-31 00:00:00+09:00,8055.093790690104,8092.043762207031,7907.2939046223955,7981.19384765625,1859497,0.0,0.0
2021-06-01 00:00:00+09:00,7981.193132267443,8018.1431004723845,7833.393259447675,7944.2431640625,1516776,0.0,0.0
2021-06-02 00:00:00+09:00,7981.19384765625,8018.143819173177,7907.2939046223955,7981.19384765625,1328212,0.0,0.0
2021-06-03 00:00:00+09:00,8018.143819173177,8128.993733723958,7981.19384765625,7981.19384765625,2042788,0.0,0.0
2021-06-04 00:00:00+09:00,7981.1930650684935,8239.842840325342,7981.1930650684935,8092.04296875,2722877,0.0,0.0
2021-06-07 00:00:00+09:00,8092.043681196733,8165.943623490767,8018.143738902699,8128.99365234375,1677330,0.0,0.0
2021-06-08 00:00:00+09:00,8128.99365234375,8202.893594637784,8055.093710049716,8128.99365234375,1645711,0.0,0.0
2021-06-09 00:00:00+09:00,8092.04300250216,8128.9929705501145,8018.14306640625,8018.14306640625,1526214,0.0,0.0
2021-06-10 00:00:00+09:00,7981.19316681338,8018.143135178258,7833.393293353874,7870.34326171875,2225385,0.0,0.0
2021-06-11 00:00:00+09:00,7833.393293353874,7907.293230083627,7759.49335662412,7870.34326171875,1500753,0.0,0.0
2021-06-14 00:00:00+09:00,7870.344014869546,7907.293986770343,7759.494099167158,7833.39404296875,1373168,0.0,0.0
2021-06-15 00:00:00+09:00,7796.444071067955,7870.344014869546,7759.494099167158,7833.39404296875,1332886,0.0,0.0
2021-06-16 00:00:00+09:00,7833.393226166474,8055.093034454205,7833.393226166474,8018.14306640625,1582231,0.0,0.0
2021-06-17 00:00:00+09:00,8055.093832140771,8092.043803847839,7870.343973605432,7907.2939453125,1643558,0.0,0.0
2021-06-18 00:00:00+09:00,7833.393098958333,7870.34306640625,7759.4931640625,7759.4931640625,2059395,0.0,0.0
2021-06-21 00:00:00+09:00,7648.64404296875,7722.543985412892,7611.694071746679,7648.64404296875,2338201,0.0,0.0
2021-06-22 00:00:00+09:00,7759.4931640625,7796.443131510417,7685.593229166667,7759.4931640625,1110300,0.0,0.0
2021-06-23 00:00:00+09:00,7759.4941828801075,7759.4941828801075,7648.64426598182,7685.59423828125,1290361,0.0,0.0
2021-06-24 00:00:00+09:00,7685.593935130332,7796.443847656251,7648.64396428836,7796.44384765625,1072866,0.0,0.0
2021-06-25 00:00:00+09:00,7870.34326171875,7907.293230083627,7796.443324988997,7870.34326171875,1489959,0.0,0.0
2021-06-28 00:00:00+09:00,7907.293230083627,7981.19316681338,7833.393293353874,7870.34326171875,1439238,0.0,0.0
2021-06-29 00:00:00+09:00,7833.393098958333,7870.34306640625,7759.4931640625,7759.4931640625,1239293,0.0,0.0
2021-06-30 00:00:00+09:00,7759.4931640625,7833.393098958333,7722.543196614583,7759.4931640625,847239,0.0,0.0
2021-07-01 00:00:00+09:00,7722.543985412892,7759.493956634963,7648.64404296875,7648.64404296875,1490725,0.0,0.0
2021-07-02 00:00:00+09:00,7685.593974282297,7722.5439453125,7648.644003252093,7722.5439453125,838863,0.0,0.0
2021-07-05 00:00:00+09:00,7722.5439453125,7759.493916342703,7648.644003252093,7722.5439453125,818926,0.0,0.0
2021-07-06 00:00:00+09:00,7685.593229166667,7759.4931640625,7685.593229166667,7759.4931640625,834569,0.0,0.0
2021-07-07 00:00:00+09:00,7685.59423828125,7685.59423828125,7611.694293682392,7685.59423828125,1600245,0.0,0.0
2021-07-08 00:00:00+09:00,7685.593787924757,7722.5437580590105,7611.69384765625,7611.69384765625,1675500,0.0,0.0
2021-07-09 00:00:00+09:00,7500.844279578669,7500.844279578669,7353.04439229633,7426.9443359375,3329890,0.0,0.0
2021-07-12 00:00:00+09:00,7500.843714272104,7611.693621379573,7500.843714272104,7574.74365234375,1205955,0.0,0.0
2021-07-13 00:00:00+09:00,7648.64404296875,7685.59401419082,7611.694071746679,7648.64404296875,1773439,0.0,0.0
2021-07-14 00:00:00+09:00,7611.694379021139,7611.694379021139,7537.79443359375,7537.79443359375,909897,0.0,0.0
2021-07-15 00:00:00+09:00,7574.744100524607,7648.64404296875,7500.844158080465,7648.64404296875,1164969,0.0,0.0
2021-07-16 00:00:00+09:00,7611.69403222189,7722.5439453125,7574.744061191686,7722.5439453125,1413969,0.0,0.0
2021-07-19 00:00:00+09:00,7685.593787924757,7685.593787924757,7611.69384765625,7611.69384765625,786574,0.0,0.0
2021-07-20 00:00:00+09:00,7500.844460880055,7574.7444063074445,7463.89448816636,7537.79443359375,1134989,0.0,0.0
2021-07-21 00:00:00+09:00,7574.7444063074445,7611.694379021139,7500.844460880055,7537.79443359375,795898,0.0,0.0
2021-07-22 00:00:00+09:00,7611.694071746679,7722.543985412892,7574.744100524607,7648.64404296875,1665353,0.0,0.0
2021-07-23 00:00:00+09:00,7648.643590415397,7648.643590415397,7574.74365234375,7574.74365234375,1340961,0.0,0.0
2021-07-26 00:00:00+09:00,7574.74365234375,7648.643590415397,7537.793683307927,7574.74365234375,846906,0.0,0.0
2021-07-27 00:00:00+09:00,7648.64404296875,7722.543985412892,7611.694071746679,7648.64404296875,1609351,0.0,0.0
2021-07-28 00:00:00+09:00,7611.694071746679,7685.59401419082,7574.744100524607,7648.64404296875,719548,0.0,0.0
2021-07-29 00:00:00+09:00,7648.64404296875,7722.543985412892,7648.64404296875,7648.64404296875,921162,0.0,0.0
2021-07-30 00:00:00+09:00,7685.593787924757,7722.5437580590105,7574.743877521996,7611.69384765625,1209905,0.0,0.0
2021-08-02 00:00:00+09:00,7574.7444063074445,7611.694379021139,7463.89448816636,7537.79443359375,1045986,0.0,0.0
2021-08-03 00:00:00+09:00,7537.793683307927,7611.693621379573,7463.893745236281,7574.74365234375,918779,0.0,0.0
2021-08-04 00:00:00+09:00,7611.69403222189,7722.5439453125,7574.744061191686,7722.5439453125,1036021,0.0,0.0
2021-08-05 00:00:00+09:00,7722.543985412892,7722.543985412892,7648.64404296875,7648.64404296875,934576,0.0,0.0
2021-08-06 00:00:00+09:00,7685.593974282297,7759.493916342703,7685.593974282297,7722.5439453125,807372,0.0,0.0
2021-08-09 00:00:00+09:00,7796.443927857034,7796.443927857034,7648.64404296875,7648.64404296875,1097887,0.0,0.0
2021-08-10 00:00:00+09:00,7685.593559451219,7722.543528487043,7574.74365234375,7574.74365234375,875763,0.0,0.0
2021-08-11 00:00:00+09:00,7611.694293682392,7685.59423828125,7574.744321382962,7685.59423828125,1036188,0.0,0.0
2021-08-12 00:00:00+09:00,7722.543985412892,7722.543985412892,7648.64404296875,7648.64404296875,1038571,0.0,0.0
2021-08-13 00:00:00+09:00,7685.593559451219,7685.593559451219,7500.843714272104,7574.74365234375,1526003,0.0,0.0
2021-08-17 00:00:00+09:00,7574.74365234375,7648.643590415397,7500.843714272104,7574.74365234375,1521308,0.0,0.0
2021-08-18 00:00:00+09:00,7574.74365234375,7611.693621379573,7500.843714272104,7574.74365234375,799776,0.0,0.0
2021-08-19 00:00:00+09:00,7574.743493652344,7611.693461914063,7367.823671386719,7389.99365234375,1998582,0.0,0.0
2021-08-20 00:00:00+09:00,7382.604741522606,7426.944709940159,7256.974831006205,7293.9248046875,2087014,0.0,0.0
2021-08-23 00:00:00+09:00,7316.094420475746,7500.844279578669,7316.094420475746,7426.9443359375,1209455,0.0,0.0
2021-08-24 00:00:00+09:00,7463.893745236281,7611.693621379573,7463.893745236281,7574.74365234375,1102211,0.0,0.0
2021-08-25 00:00:00+09:00,7611.694071746679,7648.64404296875,7537.794129302536,7648.64404296875,954925,0.0,0.0
2021-08-26 00:00:00+09:00,7722.544210580679,7722.544210580679,7574.744321382962,7685.59423828125,1675247,0.0,0.0
2021-08-27 00:00:00+09:00,7685.593974282297,7759.493916342703,7611.69403222189,7722.5439453125,1252423,0.0,0.0
2021-08-30 00:00:00+09:00,7759.493728193264,7759.493728193264,7574.743877521996,7611.69384765625,954637,0.0,0.0
2021-08-31 00:00:00+09:00,7574.743877521996,7648.643817790504,7500.843937253489,7611.69384765625,1510364,0.0,0.0
2021-09-01 00:00:00+09:00,7574.744061191686,7722.5439453125,7574.744061191686,7722.5439453125,915141,0.0,0.0
2021-09-02 00:00:00+09:00,7648.64404296875,7722.543985412892,7648.64404296875,7648.64404296875,744551,0.0,0.0
2021-09-03 00:00:00+09:00,7685.59423828125,7722.544210580679,7648.64426598182,7685.59423828125,644270,0.0,0.0
2021-09-06 00:00:00+09:00,7685.59401419082,7685.59401419082,7648.64404296875,7648.64404296875,650493,0.0,0.0
2021-09-07 00:00:00+09:00,7648.64404296875,7685.59401419082,7611.694071746679,7648.64404296875,540953,0.0,0.0
2021-09-08 00:00:00+09:00,7611.694071746679,7648.64404296875,7611.694071746679,7648.64404296875,698785,0.0,0.0
2021-09-09 00:00:00+09:00,7611.692929107365,7648.6428947826425,7389.9931350556935,7463.89306640625,2563012,0.0,0.0
2021-09-10 00:00:00+09:00,7500.844460880055,7537.79443359375,7463.89448816636,7537.79443359375,768807,0.0,0.0
2021-09-13 00:00:00+09:00,7500.843714272104,7574.74365234375,7500.843714272104,7574.74365234375,663856,0.0,0.0
2021-09-14 00:00:00+09:00,7574.74365234375,7648.643590415397,7574.74365234375,7574.74365234375,893138,0.0,0.0
2021-09-15 00:00:00+09:00,7574.74365234375,7648.643590415397,7537.793683307927,7574.74365234375,1033440,0.0,0.0
2021-09-16 00:00:00+09:00,7574.744181515548,7611.694153132697,7500.84423828125,7500.84423828125,1031581,0.0,0.0
2021-09-17 00:00:00+09:00,7537.79443359375,7537.79443359375,7463.89448816636,7537.79443359375,1012035,0.0,0.0
2021-09-23 00:00:00+09:00,7463.893066406251,7537.792997756807,7426.943100730972,7463.89306640625,1625178,0.0,0.0
2021-09-24 00:00:00+09:00,7500.84423828125,7574.744181515548,7463.8942666641005,7500.84423828125,1585587,0.0,0.0
2021-09-27 00:00:00+09:00,7500.844460880055,7574.7444063074445,7500.844460880055,7537.79443359375,625426,0.0,0.0
2021-09-28 00:00:00+09:00,7574.744321382962,7685.59423828125,7574.744321382962,7685.59423828125,1989346,0.0,0.0
2021-09-29 00:00:00+09:00,7648.643817790504,7685.593787924757,7574.743877521996,7611.69384765625,1219978,0.0,0.0
2021-09-30 00:00:00+09:00,7611.693294270833,7796.443131510417,7611.693294270833,7759.4931640625,2148517,0.0,0.0
2021-10-01 00:00:00+09:00,7722.544210580679,7796.444155179537,7648.64426598182,7685.59423828125,1539438,0.0,0.0
2021-10-05 00:00:00+09:00,7685.593229166667,7796.443131510417,7648.643261718749,7759.4931640625,1922212,0.0,0.0
2021-10-06 00:00:00+09:00,7796.443847656251,7870.343789340196,7759.493876814277,7796.44384765625,2249118,0.0,0.0
2021-10-07 00:00:00+09:00,7833.394001898365,7907.2939453125,7796.444030191297,7907.2939453125,1500043,0.0,0.0
2021-10-08 00:00:00+09:00,7870.344014869546,7907.293986770343,7759.494099167158,7833.39404296875,1368444,0.0,0.0
2021-10-12 00:00:00+09:00,7833.393293353874,7907.293230083627,7722.543388259243,7870.34326171875,1890961,0.0,0.0
2021-10-13 00:00:00+09:00,7870.343973605432,7907.2939453125,7833.394001898365,7907.2939453125,967204,0.0,0.0
2021-10-14 00:00:00+09:00,7944.243198448504,7944.243198448504,7833.393293353874,7870.34326171875,999565,0.0,0.0
2021-10-15 00:00:00+09:00,7870.343933105469,8018.143819173177,7870.343933105469,7981.19384765625,1683608,0.0,0.0
2021-10-18 00:00:00+09:00,8018.143778669724,8055.09375,7944.243836009174,8055.09375,1258161,0.0,0.0
2021-10-19 00:00:00+09:00,8055.0930008561645,8092.04296875,8018.143032962329,8092.04296875,1315536,0.0,0.0
2021-10-20 00:00:00+09:00,8128.993612753379,8239.843525654562,8092.043641786318,8202.8935546875,2640254,0.0,0.0
2021-10-21 00:00:00+09:00,8239.844192708333,8350.694114583333,8202.89421875,8313.744140625,2278605,0.0,0.0
2021-10-22 00:00:00+09:00,8313.744140625,8424.5940625,8239.844192708333,8313.744140625,1617050,0.0,0.0
2021-10-25 00:00:00+09:00,8350.693282948369,8498.4931640625,8276.793342391304,8498.4931640625,1665566,0.0,0.0
2021-10-26 00:00:00+09:00,8535.443134341032,8572.393104619565,8424.593223505435,8498.4931640625,1233788,0.0,0.0
2021-10-27 00:00:00+09:00,8535.442678351152,8535.442678351152,8350.692836828399,8424.5927734375,1386599,0.0,0.0
2021-10-28 00:00:00+09:00,8387.642643813062,8461.542579000841,8202.89280584361,8239.8427734375,2312487,0.0,0.0
2021-10-29 00:00:00+09:00,8276.793764140271,8350.693708462954,8092.04390333357,8165.94384765625,1935988,0.0,0.0
2021-11-01 00:00:00+09:00,8202.893031529018,8276.79296875,8128.993094308036,8276.79296875,1034227,0.0,0.0
2021-11-02 00:00:00+09:00,8276.79296875,8350.692905970982,8239.84300013951,8276.79296875,1099040,0.0,0.0
2021-11-03 00:00:00+09:00,8313.743736301612,8350.693708462954,8165.94384765625,8165.94384765625,1079957,0.0,0.0
2021-11-04 00:00:00+09:00,8165.944244791666,8313.744140625,8165.944244791666,8313.744140625,1141661,0.0,0.0
2021-11-05 00:00:00+09:00,8276.793496621622,8276.793496621622,8092.043641786318,8202.8935546875,1420103,0.0,0.0
2021-11-08 00:00:00+09:00,8128.99287065583,8276.792741031391,8018.14296787416,8239.8427734375,1133017,0.0,0.0
2021-11-09 00:00:00+09:00,8239.8427734375,8350.69267621917,8202.89280584361,8239.8427734375,736975,0.0,0.0
2021-11-10 00:00:00+09:00,8202.893819817591,8239.843791978932,8128.99387549491,8165.94384765625,913807,0.0,0.0
2021-11-11 00:00:00+09:00,8165.943623490767,8202.893594637784,8092.043681196733,8128.99365234375,1197758,0.0,0.0
2021-11-12 00:00:00+09:00,8128.993612753379,8202.8935546875,8128.993612753379,8202.8935546875,771572,0.0,0.0
2021-11-15 00:00:00+09:00,8239.8427734375,8239.8427734375,8128.99287065583,8239.8427734375,885407,0.0,0.0
2021-11-16 00:00:00+09:00,8202.893031529018,8276.79296875,8165.943062918527,8276.79296875,746300,0.0,0.0
2021-11-17 00:00:00+09:00,8239.843791978932,8239.843791978932,8092.04390333357,8165.94384765625,1369800,0.0,0.0
2021-11-18 00:00:00+09:00,8165.94283824972,8239.8427734375,8092.04290306194,8239.8427734375,793389,0.0,0.0
2021-11-19 00:00:00+09:00,8202.8935546875,8239.843525654562,8128.993612753379,8202.8935546875,951598,0.0,0.0
2021-11-22 00:00:00+09:00,8128.99387549491,8202.893819817591,8128.99387549491,8165.94384765625,902733,0.0,0.0
2021-11-23 00:00:00+09:00,8202.8935546875,8276.793496621622,8165.94358372044,8202.8935546875,770442,0.0,0.0
2021-11-24 00:00:00+09:00,8276.793418141593,8387.643329991704,8239.84344752489,8350.693359375,1418097,0.0,0.0
2021-11-25 00:00:00+09:00,8313.742708625281,8350.69267621917,8202.89280584361,8239.8427734375,769092,0.0,0.0
2021-11-26 00:00:00+09:00,8202.893594637784,8239.843565784802,8128.99365234375,8128.99365234375,1219356,0.0,0.0
2021-11-29 00:00:00+09:00,7907.293195857559,8055.093068677326,7833.393259447675,7944.2431640625,2112375,0.0,0.0
2021-11-30 00:00:00+09:00,7981.193548998786,8018.14351913304,7611.69384765625,7611.69384765625,3269482,0.0,0.0
2021-12-01 00:00:00+09:00,7574.744321382962,7722.544210580679,7537.794349083533,7685.59423828125,1306009,0.0,0.0
2021-12-02 00:00:00+09:00,7611.694211563974,7833.39404296875,7574.744239663179,7833.39404296875,1227093,0.0,0.0
2021-12-03 00:00:00+09:00,7907.293162262385,8055.093034454205,7796.443258118519,8018.14306640625,1453196,0.0,0.0
2021-12-06 00:00:00+09:00,7981.193807339449,8092.043721330275,7870.343893348623,8055.09375,1050875,0.0,0.0
2021-12-07 00:00:00+09:00,8055.093710049716,8128.99365234375,8018.143738902699,8128.99365234375,984565,0.0,0.0
2021-12-08 00:00:00+09:00,8128.9929366438355,8202.892872431506,8055.0930008561645,8092.04296875,928826,0.0,0.0
2021-12-09 00:00:00+09:00,8092.043681196733,8128.99365234375,8055.093710049716,8128.99365234375,1338517,0.0,0.0
2021-12-10 00:00:00+09:00,8092.04296875,8128.9929366438355,8055.0930008561645,8092.04296875,642298,0.0,0.0
2021-12-13 00:00:00+09:00,8092.043681196733,8202.893594637784,8092.043681196733,8128.99365234375,746219,0.0,0.0
2021-12-14 00:00:00+09:00,8092.04390333357,8165.94384765625,8055.093931172229,8165.94384765625,781913,0.0,0.0
2021-12-15 00:00:00+09:00,8165.94384765625,8165.94384765625,8092.04390333357,8165.94384765625,629307,0.0,0.0
2021-12-16 00:00:00+09:00,8202.893819817591,8202.893819817591,8092.04390333357,8165.94384765625,1101763,0.0,0.0
2021-12-17 00:00:00+09:00,8165.944244791666,8313.744140625,8165.944244791666,8313.744140625,1851023,0.0,0.0
2021-12-20 00:00:00+09:00,8239.843525654562,8276.793496621622,8202.8935546875,8202.8935546875,767604,0.0,0.0
2021-12-21 00:00:00+09:00,8239.84300013951,8313.742937360492,8202.893031529018,8276.79296875,1012323,0.0,0.0
2021-12-22 00:00:00+09:00,8350.693438555743,8350.693438555743,8202.8935546875,8202.8935546875,840773,0.0,0.0
2021-12-23 00:00:00+09:00,8239.8427734375,8276.792741031391,8165.94283824972,8239.8427734375,1037831,0.0,0.0
2021-12-24 00:00:00+09:00,8239.8427734375,8239.8427734375,8165.94283824972,8239.8427734375,1282284,0.0,0.0
2021-12-27 00:00:00+09:00,8239.843791978932,8239.843791978932,8165.94384765625,8165.94384765625,1927531,0.0,0.0
2021-12-28 00:00:00+09:00,8165.94358372044,8202.8935546875,8092.043641786318,8202.8935546875,4191535,0.0,0.0
2021-12-29 00:00:00+09:00,8385.710012335527,8425.45271381579,8226.739206414473,8306.224609375,4628345,780.0,0.0
2021-12-30 00:00:00+09:00,8306.224687594811,8306.224687594811,8147.253880176729,8186.99658203125,1701978,0.0,0.0
2022-01-04 00:00:00+09:00,8266.482421875,8266.482421875,8186.997013972356,8266.482421875,902538,0.0,0.0
2022-01-05 00:00:00+09:00,8306.224609375,8345.967310855263,8266.481907894737,8306.224609375,1607535,0.0,0.0
2022-01-06 00:00:00+09:00,8266.481959541063,8306.224661269625,8186.996556083937,8226.7392578125,1188128,0.0,0.0
2022-01-07 00:00:00+09:00,8226.7392578125,8266.481959541063,8186.996556083937,8226.7392578125,1371527,0.0,0.0
2022-01-10 00:00:00+09:00,8226.739106514084,8504.938013497653,8226.739106514084,8465.1953125,2521504,0.0,0.0
2022-01-11 00:00:00+09:00,8465.195262536337,8584.423364825581,8425.452561773256,8544.6806640625,2054357,0.0,0.0
2022-01-12 00:00:00+09:00,8504.938422309027,8584.423828125,8465.195719401041,8584.423828125,1629584,0.0,0.0
2022-01-13 00:00:00+09:00,8584.423364825581,8584.423364825581,8504.937963299419,8544.6806640625,1239172,0.0,0.0
2022-01-14 00:00:00+09:00,8584.423828125,8624.166531032986,8504.938422309027,8584.423828125,1489208,0.0,0.0
2022-01-17 00:00:00+09:00,8544.680714495305,8584.423415492958,8385.709910504695,8465.1953125,1106293,0.0,0.0
2022-01-18 00:00:00+09:00,8465.1953125,8504.938013497653,8385.709910504695,8465.1953125,959428,0.0,0.0
2022-01-19 00:00:00+09:00,8385.709910504695,8544.680714495305,8345.967209507042,8465.1953125,1413331,0.0,0.0
2022-01-20 00:00:00+09:00,8465.195415296053,8504.938116776317,8266.481907894737,8306.224609375,1748424,0.0,0.0
2022-01-21 00:00:00+09:00,8266.481398809523,8385.709495907739,8226.738699776786,8345.966796875,1141998,0.0,0.0
2022-01-24 00:00:00+09:00,8306.224687594811,8385.710091303852,8147.253880176729,8186.99658203125,1254423,0.0,0.0
2022-01-25 00:00:00+09:00,8147.253959167179,8186.996661407019,7932.643367072044,8067.7685546875,2119057,0.0,0.0
2022-01-26 00:00:00+09:00,8067.7685546875,8067.7685546875,8067.7685546875,8067.7685546875,0,0.0,0.0
2022-01-27 00:00:00+09:00,8266.482536764704,8266.482536764704,7988.28360523897,8107.51171875,1655657,0.0,0.0
2022-01-28 00:00:00+09:00,8147.253854355375,8266.481959541063,8107.511152626811,8226.7392578125,1159051,0.0,0.0
2022-02-03 00:00:00+09:00,8266.481959541063,8385.71006472675,8226.7392578125,8226.7392578125,1347999,0.0,0.0
2022-02-04 00:00:00+09:00,8266.482257593458,8504.9384765625,8226.739554431952,8504.9384765625,2435546,0.0,0.0
2022-02-07 00:00:00+09:00,8504.938013497653,8504.938013497653,8385.709910504695,8465.1953125,1669562,0.0,0.0
2022-02-08 00:00:00+09:00,8465.1953125,8465.1953125,8465.1953125,8465.1953125,0,0.0,0.0
2022-02-09 00:00:00+09:00,8465.1953125,8465.1953125,8465.1953125,8465.1953125,0,0.0,0.0
2022-02-10 00:00:00+09:00,8743.394990808823,8822.880399816177,8703.652286305147,8783.1376953125,2429061,0.0,0.0
2022-02-11 00:00:00+09:00,8703.651270845012,8942.107470046245,8663.90857097814,8862.6220703125,3056820,0.0,0.0
2022-02-14 00:00:00+09:00,8783.1376953125,8862.623104319853,8703.652286305147,8783.1376953125,2076602,0.0,0.0
2022-02-15 00:00:00+09:00,8783.136767801085,8783.136767801085,8584.423266267124,8703.6513671875,1792329,0.0,0.0
2022-02-16 00:00:00+09:00,8783.1376953125,8862.623104319853,8663.90958180147,8783.1376953125,1567492,0.0,0.0
2022-02-17 00:00:00+09:00,8783.136670578757,8942.107470046245,8743.393970711884,8862.6220703125,2363058,0.0,0.0
2022-02-18 00:00:00+09:00,8783.136670578757,8942.107470046245,8743.393970711884,8862.6220703125,1422028,0.0,0.0
2022-02-21 00:00:00+09:00,8783.136670578757,8862.6220703125,8703.651270845012,8862.6220703125,1040048,0.0,0.0
2022-02-22 00:00:00+09:00,8862.6220703125,8862.6220703125,8862.6220703125,8862.6220703125,0,0.0,0.0
2022-02-23 00:00:00+09:00,8862.6220703125,8862.6220703125,8862.6220703125,8862.6220703125,0,0.0,0.0
2022-02-24 00:00:00+09:00,8584.423938679245,8584.423938679245,8345.967718160377,8425.453125,1726229,0.0,0.0
2022-02-25 00:00:00+09:00,8465.195415296053,8465.195415296053,8266.481907894737,8306.224609375,1602801,0.0,0.0
2022-02-28 00:00:00+09:00,8306.224609375,8306.224609375,8306.224609375,8306.224609375,0,0.0,0.0
2022-03-02 00:00:00+09:00,8425.452194940475,8465.194893973214,8306.224097842261,8345.966796875,2622811,0.0,0.0
2022-03-03 00:00:00+09:00,8425.453070239486,8544.681179724006,8425.453070239486,8504.9384765625,1498894,0.0,0.0
2022-03-04 00:00:00+09:00,8465.195363410841,8465.195363410841,8385.7099609375,8385.7099609375,769608,0.0,0.0
2022-03-07 00:00:00+09:00,8306.224661269625,8345.967362998188,8186.996556083937,8226.7392578125,1426295,0.0,0.0
2022-03-08 00:00:00+09:00,8107.511178322208,8266.48198574029,8067.768476467688,8186.99658203125,1092582,0.0,0.0
2022-03-10 00:00:00+09:00,8306.224097842261,8385.709495907739,8266.481398809523,8345.966796875,1653446,0.0,0.0
2022-03-11 00:00:00+09:00,8306.224558464159,8385.7099609375,8266.481857227487,8385.7099609375,854700,0.0,0.0
2022-03-14 00:00:00+09:00,8345.967259700828,8425.45266217417,8306.224558464159,8385.7099609375,651941,0.0,0.0
2022-03-15 00:00:00+09:00,8385.7099609375,8385.7099609375,8385.7099609375,8385.7099609375,0,0.0,0.0
2022-03-16 00:00:00+09:00,8345.967259700828,8425.45266217417,8266.481857227487,8385.7099609375,1056821,0.0,0.0
2022-03-17 00:00:00+09:00,8385.7099609375,8385.7099609375,8385.7099609375,8385.7099609375,0,0.0,0.0
2022-03-18 00:00:00+09:00,8425.453125,8465.195828419812,8345.967718160377,8425.453125,2015061,0.0,0.0
2022-03-21 00:00:00+09:00,8425.453125,8425.453125,8425.453125,8425.453125,0,0.0,0.0
2022-03-22 00:00:00+09:00,8385.709861010175,8544.6806640625,8385.709861010175,8544.6806640625,1006850,0.0,0.0
2022-03-23 00:00:00+09:00,8584.423364825581,8624.166065588663,8544.6806640625,8544.6806640625,920612,0.0,0.0
2022-03-24 00:00:00+09:00,8504.938422309027,8624.166531032986,8465.195719401041,8584.423828125,1125367,0.0,0.0
2022-03-25 00:00:00+09:00,8584.423774369267,8663.9091796875,8544.681071710149,8663.9091796875,890209,0.0,0.0
2022-03-28 00:00:00+09:00,8663.9091796875,8703.651882346618,8584.423774369267,8663.9091796875,784144,0.0,0.0
2022-03-29 00:00:00+09:00,8663.908666880709,8743.394067494293,8624.165966573915,8703.6513671875,1022487,0.0,0.0
2022-03-30 00:00:00+09:00,8663.908716157834,8663.908716157834,8544.680614559333,8624.166015625,1117517,0.0,0.0
2022-03-31 00:00:00+09:00,8584.423315092166,8663.908716157834,8544.680614559333,8624.166015625,803470,0.0,0.0
2022-04-01 00:00:00+09:00,8584.423266267124,8703.6513671875,8544.68056596033,8703.6513671875,1131522,0.0,0.0
2022-04-04 00:00:00+09:00,8703.651828835227,8743.39453125,8663.909126420454,8743.39453125,859664,0.0,0.0
2022-04-05 00:00:00+09:00,8743.394639756943,8783.13734266493,8504.938422309027,8584.423828125,1670603,0.0,0.0
2022-04-06 00:00:00+09:00,8544.68056596033,8743.394067494293,8544.68056596033,8703.6513671875,1525609,0.0,0.0
2022-04-07 00:00:00+09:00,8663.908666880709,8703.6513671875,8584.423266267124,8703.6513671875,1111921,0.0,0.0
2022-04-08 00:00:00+09:00,8703.651828835227,8743.39453125,8624.166424005682,8743.39453125,948511,0.0,0.0
2022-04-11 00:00:00+09:00,8743.394878472222,8942.1083984375,8743.394878472222,8942.1083984375,2488482,0.0,0.0
2022-04-12 00:00:00+09:00,8942.107936314174,9021.593340192523,8822.879830496651,8902.365234375,1662973,0.0,0.0
2022-04-13 00:00:00+09:00,8942.107470046245,8942.107470046245,8783.136670578757,8862.6220703125,1101054,0.0,0.0
2022-04-14 00:00:00+09:00,8822.879370445628,8942.107470046245,8822.879370445628,8862.6220703125,1236638,0.0,0.0
2022-04-15 00:00:00+09:00,8822.879936079546,8862.622638494318,8743.39453125,8743.39453125,1126977,0.0,0.0
2022-04-18 00:00:00+09:00,8743.394990808823,8783.1376953125,8663.90958180147,8783.1376953125,555273,0.0,0.0
2022-04-19 00:00:00+09:00,8822.879830496651,8981.850638253349,8743.394426618304,8902.365234375,1318635,0.0,0.0
2022-04-20 00:00:00+09:00,8942.107374552588,9061.335472879957,8902.364675110131,9021.5927734375,1481801,0.0,0.0
2022-04-21 00:00:00+09:00,9061.336398062227,9140.821805062773,8981.850991061681,9101.0791015625,1301580,0.0,0.0
2022-04-22 00:00:00+09:00,9061.335836476293,9220.306640625,9021.593135439116,9220.306640625,1459565,0.0,0.0
2022-04-25 00:00:00+09:00,9180.564453125,9299.792562905845,9140.82174986472,9180.564453125,1779747,0.0,0.0
2022-04-26 00:00:00+09:00,9220.306849888393,9220.306849888393,8902.365234375,8902.365234375,2177132,0.0,0.0
2022-04-27 00:00:00+09:00,8822.879936079546,8862.622638494318,8703.651828835227,8743.39453125,2023521,0.0,0.0
2022-04-28 00:00:00+09:00,8783.137582465279,8942.1083984375,8663.90947048611,8942.1083984375,1332415,0.0,0.0
2022-04-29 00:00:00+09:00,8942.1083984375,9021.59380642361,8862.62299045139,8942.1083984375,1539019,0.0,0.0
2022-05-02 00:00:00+09:00,8862.62299045139,8942.1083984375,8822.880286458334,8942.1083984375,654329,0.0,0.0
2022-05-03 00:00:00+09:00,8981.850073995045,9061.335472879957,8942.107374552588,9021.5927734375,825535,0.0,0.0
2022-05-04 00:00:00+09:00,9061.336398062227,9101.0791015625,8981.850991061681,9101.0791015625,905487,0.0,0.0
2022-05-06 00:00:00+09:00,9061.335989352876,9061.335989352876,8902.365182522124,8981.8505859375,1293940,0.0,0.0
2022-05-10 00:00:00+09:00,8902.365287162162,8942.107989336993,8743.394478462837,8822.8798828125,1310659,0.0,0.0
2022-05-11 00:00:00+09:00,8822.879990323969,8822.879990323969,8663.9091796875,8663.9091796875,1281102,0.0,0.0
2022-05-12 00:00:00+09:00,8624.165966573915,8783.136767801085,8544.68056596033,8703.6513671875,1527747,0.0,0.0
2022-05-13 00:00:00+09:00,8743.394426618304,8902.365234375,8703.65172467913,8902.365234375,2462205,0.0,0.0
2022-05-16 00:00:00+09:00,8902.364770179372,8942.107470046245,8822.879370445628,8862.6220703125,742052,0.0,0.0
2022-05-17 00:00:00+09:00,8902.365694444445,8981.851102430555,8862.62299045139,8942.1083984375,865506,0.0,0.0
2022-05-18 00:00:00+09:00,8942.108513327204,8981.851217830881,8743.394990808823,8783.1376953125,1321754,0.0,0.0
2022-05-19 00:00:00+09:00,8663.909126420454,8743.39453125,8624.166424005682,8743.39453125,1289489,0.0,0.0
2022-05-20 00:00:00+09:00,8743.39453125,8822.879936079546,8663.909126420454,8743.39453125,1184057,0.0,0.0
2022-05-23 00:00:00+09:00,8783.1376953125,8822.880399816177,8703.652286305147,8783.1376953125,923637,0.0,0.0
2022-05-24 00:00:00+09:00,8822.8798828125,8942.107989336993,8822.8798828125,8822.8798828125,1078779,0.0,0.0
2022-05-25 00:00:00+09:00,8862.62258498733,8902.365287162162,8822.8798828125,8822.8798828125,788038,0.0,0.0
2022-05-26 00:00:00+09:00,8862.6220703125,8902.364770179372,8703.651270845012,8862.6220703125,1105911,0.0,0.0
2022-05-27 00:00:00+09:00,8902.365694444445,8942.1083984375,8862.62299045139,8942.1083984375,589765,0.0,0.0
2022-05-30 00:00:00+09:00,8942.1083984375,9021.59380642361,8942.1083984375,8942.1083984375,675840,0.0,0.0
2022-05-31 00:00:00+09:00,8942.1083984375,8981.851102430555,8822.880286458334,8942.1083984375,1840096,0.0,0.0
2022-06-02 00:00:00+09:00,8902.364770179372,8942.107470046245,8822.879370445628,8862.6220703125,823766,0.0,0.0
2022-06-03 00:00:00+09:00,8862.6220703125,8942.107470046245,8822.879370445628,8862.6220703125,583237,0.0,0.0
2022-06-07 00:00:00+09:00,8783.1376953125,8902.36580882353,8743.394990808823,8783.1376953125,863584,0.0,0.0
2022-06-08 00:00:00+09:00,8822.880399816177,8862.623104319853,8743.394990808823,8783.1376953125,795138,0.0,0.0
2022-06-09 00:00:00+09:00,8743.39453125,8783.137233664773,8703.651828835227,8743.39453125,945901,0.0,0.0
2022-06-10 00:00:00+09:00,8703.651416690669,8743.394117223503,8624.166015625,8624.166015625,936092,0.0,0.0
2022-06-13 00:00:00+09:00,8544.681235259433,8584.423938679245,8425.453125,8425.453125,1119792,0.0,0.0
2022-06-14 00:00:00+09:00,8266.48175872093,8544.6806640625,8266.48175872093,8544.6806640625,1199956,0.0,0.0
2022-06-15 00:00:00+09:00,8544.681235259433,8544.681235259433,8385.710421580188,8425.453125,852868,0.0,0.0
2022-06-16 00:00:00+09:00,8504.937593005952,8544.68029203869,8345.966796875,8345.966796875,861405,0.0,0.0
2022-06-17 00:00:00+09:00,8226.739206414473,8345.967310855263,8186.996504934211,8306.224609375,1370014,0.0,0.0
2022-06-20 00:00:00+09:00,8306.22421636814,8345.966915967987,8028.025319169207,8147.25341796875,1148724,0.0,0.0
2022-06-21 00:00:00+09:00,8186.99658203125,8226.73928388577,8107.511178322208,8186.99658203125,834069,0.0,0.0
2022-06-22 00:00:00+09:00,8226.738940429688,8266.481640625001,7948.540039062501,7948.5400390625,1210524,0.0,0.0
2022-06-23 00:00:00+09:00,7916.746748761433,8028.026321535188,7821.3642578125,7821.3642578125,1822835,0.0,0.0
2022-06-24 00:00:00+09:00,7821.3633984375,7988.282739257813,7773.672158203126,7948.5400390625,1490167,0.0,0.0
2022-06-27 00:00:00+09:00,7948.5403632733905,7988.283065089758,7829.31225782429,7900.84912109375,1382669,0.0,0.0
2022-06-28 00:00:00+09:00,7916.746201820297,7988.283065089758,7884.952040367204,7900.84912109375,830071,0.0,0.0
2022-06-29 00:00:00+09:00,7861.10688133123,7861.10688133123,7789.570013857034,7797.5185546875,1200059,0.0,0.0
2022-06-30 00:00:00+09:00,7813.414948207673,7821.363488338097,7638.547065338325,7646.49560546875,1203562,0.0,0.0
2022-07-01 00:00:00+09:00,7702.13506323444,7765.723381609957,7630.598205061984,7694.1865234375,952006,0.0,0.0
2022-07-04 00:00:00+09:00,7702.135879257978,7710.084419897047,7447.782578807766,7503.42236328125,1496605,0.0,0.0
2022-07-05 00:00:00+09:00,7535.215986143868,7598.8043067020435,7495.4732857950075,7582.9072265625,918083,0.0,0.0
2022-07-06 00:00:00+09:00,7527.267846546277,7527.267846546277,7257.0174697959355,7272.91455078125,1852809,0.0,0.0
2022-07-07 00:00:00+09:00,7312.657280219781,7360.3485233516485,7217.274793956044,7233.171875,1533262,0.0,0.0
2022-07-08 00:00:00+09:00,7304.7093629122555,7384.194774913477,7225.223950911034,7320.6064453125,993708,0.0,0.0
2022-07-11 00:00:00+09:00,7288.812280512012,7376.246233713356,7249.069574511401,7320.6064453125,809503,0.0,0.0
2022-07-12 00:00:00+09:00,7312.657253244535,7312.657253244535,7209.326226839993,7272.91455078125,1086857,0.0,0.0
2022-07-13 00:00:00+09:00,7272.91449533145,7320.605737923787,7209.326171875,7209.326171875,1276982,0.0,0.0
2022-07-14 00:00:00+09:00,7209.326389249377,7249.069092607973,7153.686604547342,7177.5322265625,938051,0.0,0.0
2022-07-15 00:00:00+09:00,7161.635229162268,7169.583769927153,6978.81879156989,7058.30419921875,1447099,0.0,0.0
2022-07-18 00:00:00+09:00,7153.6863370706105,7376.245467557253,7153.6863370706105,7288.8115234375,1502972,0.0,0.0
2022-07-19 00:00:00+09:00,7288.811605171536,7320.605767026155,7233.171821925952,7312.6572265625,883167,0.0,0.0
2022-07-20 00:00:00+09:00,7415.987983262514,7511.370465362353,7408.039443087527,7423.9365234375,1389185,0.0,0.0
2022-07-21 00:00:00+09:00,7423.936498477436,7471.6277393670125,7312.656936401757,7463.67919921875,847501,0.0,0.0
2022-07-22 00:00:00+09:00,7431.885063612487,7495.473385012379,7400.0909029125405,7423.9365234375,735510,0.0,0.0
2022-07-25 00:00:00+09:00,7415.987958329173,7479.576279515275,7408.039418180911,7463.67919921875,710198,0.0,0.0
2022-07-26 00:00:00+09:00,7415.988199344758,7431.88528015793,7352.3998760920695,7392.142578125,659162,0.0,0.0
2022-07-27 00:00:00+09:00,7423.936631362326,7423.936631362326,7352.399768747486,7408.03955078125,732404,0.0,0.0
2022-07-28 00:00:00+09:00,7423.937201286764,7503.4226102941175,7400.091578584558,7431.8857421875,670082,0.0,0.0
2022-07-29 00:00:00+09:00,7471.6277393670125,7503.4218999600635,7431.885038625699,7463.67919921875,987813,0.0,0.0
2022-08-01 00:00:00+09:00,7487.524844837393,7495.473385012379,7408.039443087527,7423.9365234375,643088,0.0,0.0
2022-08-02 00:00:00+09:00,7408.039658938172,7423.936739751343,7352.3998760920695,7392.142578125,654198,0.0,0.0
2022-08-03 00:00:00+09:00,7392.143255739796,7439.83450255102,7368.297632334184,7400.091796875,528709,0.0,0.0
2022-08-04 00:00:00+09:00,7415.988199344758,7447.782360971101,7392.142578124999,7392.142578125,624967,0.0,0.0
2022-08-05 00:00:00+09:00,7423.936876286862,7543.164984578407,7408.039795181323,7479.57666015625,931521,0.0,0.0
2022-08-08 00:00:00+09:00,7479.576580478557,7598.8046875,7479.576580478557,7598.8046875,655912,0.0,0.0
2022-08-09 00:00:00+09:00,7606.7535268733645,7622.650608434228,7543.165200629908,7590.8564453125,711107,0.0,0.0
2022-08-10 00:00:00+09:00,7559.062120282863,7590.85628272359,7511.370876621772,7543.1650390625,596755,0.0,0.0
2022-08-11 00:00:00+09:00,7614.702466575386,7710.0849609375,7598.805384181701,7710.0849609375,627981,0.0,0.0
2022-08-12 00:00:00+09:00,7710.084066675231,7773.672388874614,7678.289905575539,7733.9296875,740621,0.0,0.0
2022-08-16 00:00:00+09:00,7757.775661670918,7805.466905492666,7741.878580397002,7789.56982421875,782324,0.0,0.0
2022-08-17 00:00:00+09:00,7797.517984027512,7892.900467012558,7749.826742534989,7773.67236328125,1007057,0.0,0.0
2022-08-18 00:00:00+09:00,7733.929904177954,7789.569687661248,7686.238661192273,7702.1357421875,954178,0.0,0.0
2022-08-19 00:00:00+09:00,7718.032877770758,7773.672661647582,7646.496012786271,7765.72412109375,595941,0.0,0.0
2022-08-22 00:00:00+09:00,7710.083603031379,7725.980682625259,7630.598205061984,7694.1865234375,814332,0.0,0.0
2022-08-23 00:00:00+09:00,7678.28979109522,7678.28979109522,7590.855849374673,7606.7529296875,907937,0.0,0.0
2022-08-24 00:00:00+09:00,7638.547444830297,7686.238687982203,7614.701823254344,7662.39306640625,538905,0.0,0.0
2022-08-25 00:00:00+09:00,7678.289527146627,7757.774925978373,7678.289527146627,7718.0322265625,516220,0.0,0.0
2022-08-26 00:00:00+09:00,7733.929985894097,7741.878526475694,7686.238742404514,7725.9814453125,524524,0.0,0.0
2022-08-29 00:00:00+09:00,7567.010822971204,7646.496230775524,7559.062282190773,7590.8564453125,722931,0.0,0.0
2022-08-30 00:00:00+09:00,7638.54736328125,7670.341525043087,7606.753201519414,7638.54736328125,409208,0.0,0.0
2022-08-31 00:00:00+09:00,7630.59855015674,7662.392710782393,7574.958769061847,7606.7529296875,857863,0.0,0.0
2022-09-01 00:00:00+09:00,7574.958627712903,7606.752787745277,7511.370307648157,7519.31884765625,897233,0.0,0.0
2022-09-02 00:00:00+09:00,7511.370224371189,7551.112923971036,7471.627524771341,7495.47314453125,689615,0.0,0.0
2022-09-05 00:00:00+09:00,7527.267957842137,7606.753363943954,7503.422336011591,7543.1650390625,706449,0.0,0.0
2022-09-06 00:00:00+09:00,7543.164740953947,7590.855982730263,7519.31912006579,7551.11328125,343309,0.0,0.0
2022-09-07 00:00:00+09:00,7519.318980256589,7519.318980256589,7439.833578773962,7463.67919921875,827558,0.0,0.0
2022-09-08 00:00:00+09:00,7503.422065145503,7551.113307084987,7431.885202236277,7511.37060546875,901682,0.0,0.0
2022-09-13 00:00:00+09:00,7559.061428899009,7718.0322265625,7551.112889015834,7718.0322265625,1147759,0.0,0.0
2022-09-14 00:00:00+09:00,7567.010285783679,7694.186929242228,7543.164665135201,7670.34130859375,748680,0.0,0.0
2022-09-15 00:00:00+09:00,7678.290201822917,7789.569769965277,7638.547498914931,7725.9814453125,895111,0.0,0.0
2022-09-16 00:00:00+09:00,7725.981846029635,7845.2099609375,7686.239141060347,7845.2099609375,1501119,0.0,0.0
2022-09-19 00:00:00+09:00,7837.2612588398315,7837.2612588398315,7725.981687213302,7797.5185546875,553630,0.0,0.0
2022-09-20 00:00:00+09:00,7861.105743623332,7908.796981703959,7829.311584902915,7892.89990234375,887885,0.0,0.0
2022-09-21 00:00:00+09:00,7884.951300761421,7892.899840379124,7805.465904584391,7829.3115234375,697313,0.0,0.0
2022-09-22 00:00:00+09:00,7797.518418285045,7861.106743816422,7757.775714827935,7853.158203125,764614,0.0,0.0
2022-09-23 00:00:00+09:00,7837.2605271464645,7892.900307765151,7781.6207465277785,7869.0546875,705444,0.0,0.0
2022-09-26 00:00:00+09:00,7829.312028468523,7829.312028468523,7638.547065338325,7646.49560546875,1130454,0.0,0.0
2022-09-27 00:00:00+09:00,7654.444470776674,7686.238632649059,7543.164904223327,7598.8046875,1359883,0.0,0.0
2022-09-28 00:00:00+09:00,7551.113525131176,7590.856227895025,7360.348551864705,7479.57666015625,1290284,0.0,0.0
2022-09-29 00:00:00+09:00,7503.421883121102,7733.929546903424,7503.421883121102,7646.49560546875,1257374,0.0,0.0
2022-09-30 00:00:00+09:00,7582.90782357865,7670.341771229976,7535.216579405199,7567.0107421875,1210073,0.0,0.0
2022-10-04 00:00:00+09:00,7654.444580078125,7781.621229383681,7598.804796006944,7725.9814453125,852850,0.0,0.0
2022-10-05 00:00:00+09:00,7797.517601638543,7829.311761074378,7718.032203048956,7757.77490234375,1141113,0.0,0.0
2022-10-06 00:00:00+09:00,7765.72412109375,7813.415364416741,7725.981418324591,7765.72412109375,550710,0.0,0.0
2022-10-07 00:00:00+09:00,7733.92985352542,7948.540445555416,7725.981313079865,7924.69482421875,1254005,0.0,0.0
2022-10-11 00:00:00+09:00,7884.952585111789,7900.84966693661,7781.621553250445,7821.3642578125,863272,0.0,0.0
2022-10-12 00:00:00+09:00,7837.261390932145,7908.798259612053,7765.724522252237,7884.95263671875,743566,0.0,0.0
2022-10-13 00:00:00+09:00,7908.797743327639,8028.02585001097,7884.952121990973,7924.69482421875,1144109,0.0,0.0
2022-10-14 00:00:00+09:00,8028.025852447659,8147.253959167179,8028.025852447659,8067.7685546875,1013035,0.0,0.0
2022-10-17 00:00:00+09:00,8028.026309742647,8107.511718749999,7988.28360523897,8107.51171875,706081,0.0,0.0
2022-10-18 00:00:00+09:00,8226.738817168445,8266.481516768292,8107.5107183689015,8147.25341796875,771464,0.0,0.0
2022-10-19 00:00:00+09:00,8186.996556083937,8306.224661269625,8147.253854355375,8226.7392578125,1019065,0.0,0.0
2022-10-20 00:00:00+09:00,8186.996556083937,8266.481959541063,8067.768450898248,8226.7392578125,1356100,0.0,0.0
2022-10-21 00:00:00+09:00,8226.73928388577,8226.73928388577,8028.025774613167,8186.99658203125,736451,0.0,0.0
2022-10-24 00:00:00+09:00,8186.996715640546,8226.739418143656,7948.54050062189,7988.283203125,992254,0.0,0.0
2022-10-25 00:00:00+09:00,7988.28315020782,8107.51125692734,7932.643367072044,8067.7685546875,866066,0.0,0.0
2022-10-26 00:00:00+09:00,8067.768139648438,8107.510839843751,7948.540039062501,7948.5400390625,655299,0.0,0.0
2022-10-27 00:00:00+09:00,8028.025699013158,8306.224609375,8028.025699013158,8306.224609375,1427155,0.0,0.0
2022-10-28 00:00:00+09:00,8306.224097842261,8385.709495907739,8266.481398809523,8345.966796875,767079,0.0,0.0
2022-10-31 00:00:00+09:00,8385.710012335527,8425.45271381579,8186.996504934211,8306.224609375,799185,0.0,0.0
2022-11-01 00:00:00+09:00,8345.967310855263,8345.967310855263,8266.481907894737,8306.224609375,418896,0.0,0.0
2022-11-02 00:00:00+09:00,8306.224097842261,8345.966796875,8186.996000744048,8345.966796875,685306,0.0,0.0
2022-11-03 00:00:00+09:00,8186.997013972356,8385.710533728967,8186.997013972356,8266.482421875,657685,0.0,0.0
2022-11-04 00:00:00+09:00,8266.481398809523,8345.966796875,8226.738699776786,8345.966796875,699398,0.0,0.0
2022-11-07 00:00:00+09:00,8345.967718160377,8425.453125,8306.225014740567,8425.453125,819303,0.0,0.0
2022-11-08 00:00:00+09:00,8425.452194940475,8425.452194940475,8306.224097842261,8345.966796875,986053,0.0,0.0
2022-11-09 00:00:00+09:00,8385.7099609375,8425.45266217417,8306.224558464159,8385.7099609375,844078,0.0,0.0
2022-11-10 00:00:00+09:00,8385.7099609375,8425.45266217417,8345.967259700828,8385.7099609375,713900,0.0,0.0
2022-11-11 00:00:00+09:00,8504.938013497653,8584.423415492958,8385.709910504695,8465.1953125,1207113,0.0,0.0
2022-11-14 00:00:00+09:00,8425.452561773256,8544.6806640625,8425.452561773256,8544.6806640625,1025468,0.0,0.0
2022-11-15 00:00:00+09:00,8544.681179724006,8584.423882885514,8465.195773400994,8504.9384765625,588519,0.0,0.0
2022-11-16 00:00:00+09:00,8544.680614559333,8624.166015625,8465.195213493664,8624.166015625,987599,0.0,0.0
2022-11-17 00:00:00+09:00,8624.166015625,8663.908716157834,8544.680614559333,8624.166015625,771857,0.0,0.0
2022-11-18 00:00:00+09:00,8624.166531032986,8703.651936848959,8504.938422309027,8584.423828125,896144,0.0,0.0
2022-11-21 00:00:00+09:00,8584.423774369267,8663.9091796875,8465.195666391915,8663.9091796875,761398,0.0,0.0
2022-11-22 00:00:00+09:00,8624.166424005682,8743.39453125,8584.423721590909,8743.39453125,594195,0.0,0.0
2022-11-23 00:00:00+09:00,8743.394067494293,8743.394067494293,8624.165966573915,8703.6513671875,499436,0.0,0.0
2022-11-24 00:00:00+09:00,8703.652286305147,8783.1376953125,8703.652286305147,8783.1376953125,548284,0.0,0.0
2022-11-25 00:00:00+09:00,8743.394990808823,8822.880399816177,8703.652286305147,8783.1376953125,494518,0.0,0.0
2022-11-28 00:00:00+09:00,8743.394067494293,8783.136767801085,8624.165966573915,8703.6513671875,724138,0.0,0.0
2022-11-29 00:00:00+09:00,8703.652286305147,8822.880399816177,8663.90958180147,8783.1376953125,782853,0.0,0.0
2022-11-30 00:00:00+09:00,8783.137128557477,8902.365234375,8743.394426618304,8902.365234375,2088142,0.0,0.0
2022-12-01 00:00:00+09:00,8942.107936314174,8981.850638253349,8862.622532435826,8902.365234375,1035063,0.0,0.0
2022-12-02 00:00:00+09:00,8902.365234375,8942.107936314174,8822.879830496651,8902.365234375,873752,0.0,0.0
2022-12-05 00:00:00+09:00,8862.62299045139,8942.1083984375,8783.137582465279,8942.1083984375,997047,0.0,0.0
2022-12-06 00:00:00+09:00,8862.62258498733,8942.107989336993,8783.137180637668,8822.8798828125,576728,0.0,0.0
2022-12-07 00:00:00+09:00,8783.137287664851,8822.879990323969,8624.166477028384,8663.9091796875,990176,0.0,0.0
2022-12-08 00:00:00+09:00,8663.908716157834,8703.651416690669,8584.423315092166,8624.166015625,1284726,0.0,0.0
2022-12-09 00:00:00+09:00,8703.652286305147,8783.1376953125,8624.166877297794,8783.1376953125,1093744,0.0,0.0
2022-12-12 00:00:00+09:00,8743.394990808823,8902.36580882353,8663.90958180147,8783.1376953125,1185313,0.0,0.0
2022-12-13 00:00:00+09:00,8862.62258498733,8862.62258498733,8743.394478462837,8822.8798828125,730047,0.0,0.0
2022-12-14 00:00:00+09:00,8862.62258498733,8862.62258498733,8783.137180637668,8822.8798828125,501240,0.0,0.0
2022-12-15 00:00:00+09:00,8822.879936079546,8862.622638494318,8743.39453125,8743.39453125,780726,0.0,0.0
2022-12-16 00:00:00+09:00,8663.9091796875,8743.394585005733,8624.166477028384,8663.9091796875,1095263,0.0,0.0
2022-12-19 00:00:00+09:00,8663.90958180147,8783.1376953125,8624.166877297794,8783.1376953125,807618,0.0,0.0
2022-12-20 00:00:00+09:00,8783.137180637668,8822.8798828125,8743.394478462837,8822.8798828125,624574,0.0,0.0
2022-12-21 00:00:00+09:00,8862.6220703125,8862.6220703125,8783.136670578757,8862.6220703125,1140188,0.0,0.0
2022-12-22 00:00:00+09:00,8822.8798828125,8862.62258498733,8743.394478462837,8822.8798828125,1117169,0.0,0.0
2022-12-23 00:00:00+09:00,8783.137180637668,8902.365287162162,8703.651776288007,8822.8798828125,2089453,0.0,0.0
2022-12-26 00:00:00+09:00,8822.880399816177,8862.623104319853,8743.394990808823,8783.1376953125,1649813,0.0,0.0
2022-12-27 00:00:00+09:00,8783.137128557477,8902.365234375,8743.394426618304,8902.365234375,4837055,0.0,0.0
2022-12-28 00:00:00+09:00,9084.933032226561,9128.401611328125,8685.022104492187,8693.7158203125,6172167,960.0,0.0
2022-12-29 00:00:00+09:00,8658.94053112271,8667.634246515403,8511.14736944692,8537.228515625,2097846,0.0,0.0
2023-01-02 00:00:00+09:00,8563.309788129294,8737.184098548163,8224.2548828125,8224.2548828125,2343823,0.0,0.0
2023-01-03 00:00:00+09:00,8163.3992128252485,8319.886098694104,8163.3992128252485,8311.1923828125,1245699,0.0,0.0
2023-01-04 00:00:00+09:00,8206.867596993834,8485.066498586844,8206.867596993834,8458.9853515625,1204082,0.0,0.0
2023-01-05 00:00:00+09:00,8511.147788085937,8780.652978515625,8485.066640625,8693.7158203125,2255760,0.0,0.0
2023-01-06 00:00:00+09:00,8658.94162454044,8867.5908203125,8658.94162454044,8867.5908203125,2016042,0.0,0.0
2023-01-09 00:00:00+09:00,8911.058071627476,8954.526647586634,8693.715191831683,8780.65234375,1541849,0.0,0.0
2023-01-10 00:00:00+09:00,8737.18490705819,8867.590651939656,8737.18490705819,8824.1220703125,1395698,0.0,0.0
2023-01-11 00:00:00+09:00,8824.12091970916,8867.589495668317,8737.183767790842,8780.65234375,1123647,0.0,0.0
2023-01-12 00:00:00+09:00,8780.653488685344,8867.590651939656,8780.653488685344,8824.1220703125,1038815,0.0,0.0
2023-01-13 00:00:00+09:00,8867.59051983173,9084.933424729566,8824.121938852164,9041.46484375,1573739,0.0,0.0
2023-01-16 00:00:00+09:00,9041.46438092417,9302.275853450828,9041.46438092417,9171.8701171875,2070870,0.0,0.0
2023-01-17 00:00:00+09:00,9171.870757326555,9171.870757326555,9041.465011961722,9084.93359375,812563,0.0,0.0
2023-01-18 00:00:00+09:00,9084.932789248513,9171.869945126487,8954.527055431548,9128.4013671875,1004939,0.0,0.0
2023-01-19 00:00:00+09:00,9084.932789248513,9171.869945126487,9041.464211309523,9128.4013671875,665934,0.0,0.0
2023-01-20 00:00:00+09:00,9084.93359375,9171.870757326555,9041.465011961722,9084.93359375,576393,0.0,0.0
2023-01-25 00:00:00+09:00,9128.401893456476,9197.951622168524,9102.320745189458,9163.1767578125,1972,0.0,0.0
2023-01-26 00:00:00+09:00,9171.870380499055,9241.420108502838,9137.095516497162,9189.2578125,2662,0.0,0.0
2023-01-27 00:00:00+09:00,9197.951528500473,9206.645244500947,9102.32065249527,9189.2578125,1306,0.0,0.0
2023-01-30 00:00:00+09:00,9189.257656775337,9206.645088481628,9058.851918978145,9050.158203125,2659,0.0,0.0
2023-01-31 00:00:00+09:00,9067.545476371952,9084.93290777439,8902.36487804878,8911.05859375,2280,0.0,0.0
2023-02-01 00:00:00+09:00,8911.058764411408,8997.995923088592,8893.671332675971,8954.52734375,3212,0.0,0.0
2023-02-02 00:00:00+09:00,8954.527374751984,8980.608522445436,8745.878193204364,8763.265625,55143,0.0,0.0
2023-02-03 00:00:00+09:00,8763.264913366336,8841.508350092821,8711.102622215347,8780.65234375,1364,0.0,0.0
2023-02-06 00:00:00+09:00,8763.265453639082,8789.346600822531,8650.247149177467,8719.796875,324,0.0,0.0
2023-02-07 00:00:00+09:00,8711.103851438982,8806.734732043602,8667.635269345974,8798.041015625,1243,0.0,0.0
2023-02-08 00:00:00+09:00,8867.590612192622,9084.933519354207,8850.203179619695,9015.3837890625,2373,0.0,0.0
2023-02-09 00:00:00+09:00,8989.302851179535,9058.852583103555,8858.897103821997,8867.5908203125,4324,0.0,0.0
2023-02-10 00:00:00+09:00,8850.202390235125,9067.545278011037,8824.121243702015,9058.8515625,1467,0.0,0.0
2023-02-13 00:00:00+09:00,9067.545358072917,9197.951091889881,9024.076780133928,9128.4013671875,1728,0.0,0.0
2023-02-14 00:00:00+09:00,9128.402005709135,9154.483154296875,9006.689978966346,9041.46484375,3390,0.0,0.0
2023-02-15 00:00:00+09:00,9041.464708785785,9041.464708785785,8745.87836253702,8806.734375,3286,0.0,0.0
2023-02-16 00:00:00+09:00,8806.734111299147,8841.508974522441,8745.878100658383,8789.3466796875,1540,0.0,0.0
2023-02-17 00:00:00+09:00,8771.95951073544,8884.977819595262,8754.57207860316,8806.734375,147,0.0,0.0
2023-02-20 00:00:00+09:00,8798.040921336207,8850.203219288793,8754.572339709051,8824.1220703125,830,0.0,0.0
2023-02-21 00:00:00+09:00,8798.04021094518,8876.283651556354,8754.571632827863,8841.5087890625,1243,0.0,0.0
2023-02-22 00:00:00+09:00,8806.734922496273,8824.122355709493,8737.18518964339,8745.87890625,2768,0.0,0.0
2023-02-23 00:00:00+09:00,8745.8779172044,8928.445945297135,8737.184201580936,8841.5087890625,1749,0.0,0.0
2023-02-24 00:00:00+09:00,8815.428521369486,8902.36568627451,8815.428521369486,8867.5908203125,1112,0.0,0.0
2023-02-27 00:00:00+09:00,8832.815244312622,8919.752402229085,8798.040381146036,8884.9775390625,712185,0.0,0.0
2023-02-28 00:00:00+09:00,8902.365125240847,9024.0771484375,8850.20282958514,9024.0771484375,1538500,0.0,0.0
2023-03-02 00:00:00+09:00,8971.914590371622,9041.464315878378,8937.139727618243,9006.689453125,1264501,0.0,0.0
2023-03-03 00:00:00+09:00,8971.914523414454,9006.689385908308,8815.42764219211,8841.5087890625,1043257,0.0,0.0
2023-03-06 00:00:00+09:00,8858.897009408602,8980.609038978495,8850.203293010753,8893.671875,1214537,0.0,0.0
2023-03-07 00:00:00+09:00,8876.283744375616,8919.752322947486,8806.734018660627,8815.427734375,709007,0.0,0.0
2023-03-08 00:00:00+09:00,8815.428108626496,8850.20297296033,8693.716083458085,8711.103515625,1117084,0.0,0.0
2023-03-09 00:00:00+09:00,8728.490683593749,8771.959262695313,8685.022104492187,8693.7158203125,1008881,0.0,0.0
2023-03-10 00:00:00+09:00,8641.554258089538,8650.247974646973,8519.84222628546,8580.6982421875,1283101,0.0,0.0
2023-03-13 00:00:00+09:00,8519.841518421386,8624.166108442872,8485.066655080891,8598.0849609375,833563,0.0,0.0
2023-03-14 00:00:00+09:00,8554.616332116788,8563.31004790146,8328.579721715329,8337.2734375,1368674,0.0,0.0
2023-03-15 00:00:00+09:00,8441.598199234959,8606.77880251556,8345.967323651452,8380.7421875,1476191,0.0,0.0
2023-03-16 00:00:00+09:00,8328.580340576173,8406.823788452148,8276.418041992187,8345.9677734375,1166819,0.0,0.0
2023-03-17 00:00:00+09:00,8415.516773188592,8511.14764561119,8372.048194814684,8458.9853515625,1680207,0.0,0.0
2023-03-20 00:00:00+09:00,8450.292370605468,8511.148385620118,8345.9677734375,8345.9677734375,962130,0.0,0.0
2023-03-21 00:00:00+09:00,8372.047933026519,8502.453664070546,8319.885640608909,8441.59765625,704236,0.0,0.0
2023-03-22 00:00:00+09:00,8537.229323263178,8572.004188123721,8450.292161111822,8493.7607421875,873015,0.0,0.0
2023-03-23 00:00:00+09:00,8441.598444896686,8502.454458402635,8389.436147605873,8493.7607421875,805372,0.0,0.0
2023-03-24 00:00:00+09:00,8450.291915197096,8485.066779045643,8372.048471537862,8380.7421875,887396,0.0,0.0
2023-03-27 00:00:00+09:00,8380.741923564188,8389.435639252533,8293.804766680743,8363.3544921875,652126,0.0,0.0
2023-03-28 00:00:00+09:00,8415.517296251279,8493.7607421875,8389.436147605873,8493.7607421875,633420,0.0,0.0
2023-03-29 00:00:00+09:00,8519.841075025177,8641.553090382678,8519.841075025177,8632.859375,920419,0.0,0.0
2023-03-30 00:00:00+09:00,8615.472392607748,8667.63468761849,8572.00381343213,8598.0849609375,960329,0.0,0.0
2023-03-31 00:00:00+09:00,8606.778039913366,8780.65234375,8580.696894337872,8780.65234375,1235422,0.0,0.0
2023-04-03 00:00:00+09:00,8745.878493088941,8745.878493088941,8563.31045297476,8589.3916015625,1018374,0.0,0.0
2023-04-04 00:00:00+09:00,8589.391322404714,8667.634765625,8554.616458751254,8667.634765625,632478,0.0,0.0
2023-04-05 00:00:00+09:00,8667.634328637942,8693.715475063133,8598.084604837437,8606.7783203125,615639,0.0,0.0
2023-04-06 00:00:00+09:00,8598.085336769127,8598.085336769127,8493.7607421875,8493.7607421875,726182,0.0,0.0
2023-04-07 00:00:00+09:00,8511.147359642498,8632.859375,8485.066213494461,8632.859375,490889,0.0,0.0
2023-04-10 00:00:00+09:00,8589.391958744935,8658.941691204407,8572.004525630065,8580.6982421875,487661,0.0,0.0
2023-04-11 00:00:00+09:00,8598.084422651544,8685.021575560053,8589.390707360693,8658.9404296875,640221,0.0,0.0
2023-04-12 00:00:00+09:00,8650.247241210936,8711.103251953125,8632.859809570313,8693.7158203125,740912,0.0,0.0
2023-04-13 00:00:00+09:00,8658.940331064357,8780.65234375,8650.246615872526,8780.65234375,1067357,0.0,0.0
2023-04-14 00:00:00+09:00,8763.266149950594,8850.203314136612,8754.572433531992,8798.041015625,815123,0.0,0.0
2023-04-17 00:00:00+09:00,8798.041015625,8824.122164880806,8719.797567857584,8798.041015625,627774,0.0,0.0
2023-04-18 00:00:00+09:00,8780.653582787796,8806.734732043602,8702.41013502038,8798.041015625,613265,0.0,0.0
2023-04-19 00:00:00+09:00,8798.040827603143,8876.284273698428,8780.653395137524,8850.203125,744383,0.0,0.0
2023-04-20 00:00:00+09:00,8850.203293010753,8902.36559139785,8806.734711021505,8893.671875,772111,0.0,0.0
2023-04-21 00:00:00+09:00,8850.202768492394,8902.365063788027,8754.571893783734,8858.896484375,772086,0.0,0.0
2023-04-24 00:00:00+09:00,8858.896312946868,8876.283744375616,8771.959155803132,8815.427734375,574960,0.0,0.0
2023-04-25 00:00:00+09:00,8832.815073439036,8893.671082803281,8798.04021094518,8841.5087890625,711911,0.0,0.0
2023-04-26 00:00:00+09:00,8780.652434908763,8815.427296037115,8728.490143216237,8754.5712890625,838140,0.0,0.0
2023-04-27 00:00:00+09:00,8754.57262285661,8798.041205889662,8719.79775643017,8745.87890625,528216,0.0,0.0
2023-04-28 00:00:00+09:00,8754.57262285661,8806.734922496273,8685.022890003727,8745.87890625,1173036,0.0,0.0
2023-05-02 00:00:00+09:00,8719.797138331778,8763.265718283583,8702.409706351056,8737.1845703125,586957,0.0,0.0
2023-05-03 00:00:00+09:00,8711.102906013259,8719.796621488322,8598.084604837437,8606.7783203125,1321668,0.0,0.0
2023-05-04 00:00:00+09:00,8606.778922623504,8711.103515625,8606.778922623504,8711.103515625,636226,0.0,0.0
2023-05-08 00:00:00+09:00,8667.63404625619,8815.427204517327,8667.63404625619,8780.65234375,732527,0.0,0.0
2023-05-09 00:00:00+09:00,8780.653582787796,8806.734732043602,8737.185000694788,8798.041015625,397617,0.0,0.0
2023-05-10 00:00:00+09:00,8763.266244425175,8806.734826986807,8711.103945351215,8771.9599609375,581398,0.0,0.0
2023-05-11 00:00:00+09:00,8771.959340897818,8824.121636284723,8754.571909102182,8763.265625,766350,0.0,0.0
2023-05-12 00:00:00+09:00,8763.265004344588,8771.958719626677,8702.408997369972,8754.5712890625,803393,0.0,0.0
2023-05-15 00:00:00+09:00,8737.185000694788,8806.734732043602,8711.103851438982,8798.041015625,491858,0.0,0.0
2023-05-16 00:00:00+09:00,8780.65234375,8858.895780476485,8763.264913366336,8780.65234375,707261,0.0,0.0
2023-05-17 00:00:00+09:00,8780.652434908763,8806.733580755028,8745.877573780412,8754.5712890625,558903,0.0,0.0
2023-05-18 00:00:00+09:00,8798.040565791092,8832.8154296875,8763.265701894685,8832.8154296875,504975,0.0,0.0
2023-05-19 00:00:00+09:00,8815.428166702375,8893.671611968964,8815.428166702375,8876.2841796875,756262,0.0,0.0
2023-05-22 00:00:00+09:00,8884.977524882019,9041.464408881897,8850.202661770934,8980.6083984375,1124058,0.0,0.0
2023-05-23 00:00:00+09:00,9032.770520162025,9032.770520162025,8919.752217214858,8937.1396484375,571374,0.0,0.0
2023-05-24 00:00:00+09:00,8937.139727618243,9024.076884501688,8911.05858055321,9006.689453125,449047,0.0,0.0
2023-05-25 00:00:00+09:00,8937.14000502069,8980.608584811647,8893.671425229735,8928.4462890625,629080,0.0,0.0
2023-05-26 00:00:00+09:00,8911.059307795698,8971.915322580646,8867.590725806453,8893.671875,358684,0.0,0.0
2023-05-30 00:00:00+09:00,8911.059026200643,9024.077335801236,8876.284161708152,8971.9150390625,784160,0.0,0.0
2023-05-31 00:00:00+09:00,8911.059044250429,9015.383637939214,8876.2841796875,8876.2841796875,1796979,0.0,0.0
2023-06-01 00:00:00+09:00,8876.284368265086,8928.446666217673,8806.734637661639,8824.1220703125,649108,0.0,0.0
2023-06-02 00:00:00+09:00,8832.815505981445,8919.752666473389,8832.815505981445,8902.365234375,563661,0.0,0.0
2023-06-05 00:00:00+09:00,8928.446645993237,8971.91522752193,8902.365497076024,8919.7529296875,557468,0.0,0.0
2023-06-07 00:00:00+09:00,8928.446813810924,8989.302829094931,8911.059380872635,8963.2216796875,872589,0.0,0.0
2023-06-08 00:00:00+09:00,8963.221322939378,8980.608755185624,8919.752742323764,8971.9150390625,708810,0.0,0.0
2023-06-09 00:00:00+09:00,8980.608306059967,9032.770600190033,8963.220874683277,9006.689453125,582249,0.0,0.0
2023-06-12 00:00:00+09:00,9024.076884501688,9058.851747255067,8971.914590371622,9006.689453125,444932,0.0,0.0
2023-06-13 00:00:00+09:00,9041.464223411935,9041.464223411935,8937.13963621872,9032.7705078125,537267,0.0,0.0
2023-06-14 00:00:00+09:00,9050.158218294902,9050.158218294902,8928.446196146844,8954.52734375,659886,0.0,0.0
2023-06-15 00:00:00+09:00,8954.527436937075,8989.30230076984,8911.058857146118,8928.4462890625,673761,0.0,0.0
2023-06-16 00:00:00+09:00,8971.915133017494,9024.07743030248,8937.140268160836,8945.833984375,1298792,0.0,0.0
2023-06-19 00:00:00+09:00,8997.996545564076,9006.69026203322,8919.75309734178,8963.2216796875,811721,0.0,0.0
2023-06-20 00:00:00+09:00,8928.446196146844,8980.608491353156,8928.446196146844,8954.52734375,449449,0.0,0.0
2023-06-21 00:00:00+09:00,8954.527794910453,8954.527794910453,8884.978064464547,8919.7529296875,415238,0.0,0.0
2023-06-22 00:00:00+09:00,8919.752480279127,8954.52734375,8884.977616808252,8954.52734375,407770,0.0,0.0
2023-06-23 00:00:00+09:00,8911.059138629666,8945.834003560904,8850.203125,8850.203125,689813,0.0,0.0
2023-06-26 00:00:00+09:00,8832.815152439025,8937.139740853658,8798.040289634146,8911.05859375,490618,0.0,0.0
2023-06-27 00:00:00+09:00,8893.671780770284,8937.140362298976,8884.978064464547,8919.7529296875,315646,0.0,0.0
2023-06-28 00:00:00+09:00,8919.752387993103,8997.995829993042,8911.058672215331,8980.6083984375,537572,0.0,0.0
2023-06-29 00:00:00+09:00,8945.834268727021,8980.609134689032,8867.5908203125,8867.5908203125,510264,0.0,0.0
2023-06-30 00:00:00+09:00,8919.75300335469,8997.996450752538,8876.284421466997,8989.302734375,716174,0.0,0.0
2023-07-03 00:00:00+09:00,8989.30254657452,9050.158559945914,8989.30254657452,9041.46484375,650355,0.0,0.0
2023-07-04 00:00:00+09:00,9015.383619678114,9041.46476804748,8963.221322939378,8971.9150390625,549262,0.0,0.0
2023-07-05 00:00:00+09:00,8963.221511216192,9024.077525356359,8893.671780770284,8919.7529296875,673705,0.0,0.0
2023-07-06 00:00:00+09:00,8928.44603866186,8954.52718580498,8771.959155803132,8815.427734375,1391991,0.0,0.0
2023-07-07 00:00:00+09:00,8815.427204517327,8850.202065284653,8711.102622215347,8780.65234375,995278,0.0,0.0
2023-07-10 00:00:00+09:00,8780.653395137524,8902.365422396855,8728.491097740667,8850.203125,582092,0.0,0.0
2023-07-11 00:00:00+09:00,8876.284442204302,8911.059307795698,8815.428427419354,8893.671875,517076,0.0,0.0
2023-07-12 00:00:00+09:00,8893.67116234756,8928.44602515244,8824.121436737805,8911.05859375,639078,0.0,0.0
2023-07-13 00:00:00+09:00,8919.7529296875,8989.302660133406,8919.7529296875,8919.7529296875,729132,0.0,0.0
2023-07-14 00:00:00+09:00,8954.527158994932,9041.464315878378,8928.446011929898,9006.689453125,1043089,0.0,0.0
2023-07-17 00:00:00+09:00,8963.221511216192,8997.996376439145,8884.978064464547,8919.7529296875,593801,0.0,0.0
2023-07-18 00:00:00+09:00,8963.22080779099,8971.914523414454,8841.5087890625,8841.5087890625,853991,0.0,0.0
2023-07-19 00:00:00+09:00,8876.284273698428,8919.752854862474,8824.12197630157,8850.203125,436534,0.0,0.0
2023-07-20 00:00:00+09:00,8832.8154296875,8867.590293583908,8780.653133842889,8832.8154296875,507156,0.0,0.0
2023-07-21 00:00:00+09:00,8806.734357833862,8902.365234375,8806.734357833862,8902.365234375,505836,0.0,0.0
2023-07-24 00:00:00+09:00,8884.977725532111,8893.671441506212,8824.121713713397,8832.8154296875,528299,0.0,0.0
2023-07-25 00:00:00+09:00,8841.50905260979,8919.752495553239,8806.734189079367,8858.896484375,775219,0.0,0.0
2023-07-26 00:00:00+09:00,8858.896747406036,8919.75276039116,8719.797289154321,8876.2841796875,1777864,0.0,0.0
2023-07-27 00:00:00+09:00,8876.283627022678,9041.464223411935,8867.589911423243,9032.7705078125,1898234,0.0,0.0
2023-07-28 00:00:00+09:00,8954.527420896557,9024.0771484375,8867.590261470375,9024.0771484375,1087834,0.0,0.0
2023-07-31 00:00:00+09:00,9024.076792213065,9058.851654610804,8980.608214215892,9032.7705078125,967162,0.0,0.0
2023-08-01 00:00:00+09:00,8997.995984829302,9119.7080078125,8954.527405192444,9119.7080078125,1263831,0.0,0.0
2023-08-02 00:00:00+09:00,9111.01410693128,9276.194706198163,9058.851812425948,9171.8701171875,1325364,0.0,0.0
2023-08-03 00:00:00+09:00,9145.789438100961,9171.870586688701,9032.771127554086,9041.46484375,955969,0.0,0.0
2023-08-04 00:00:00+09:00,9050.158634564348,9145.789513507872,9015.383769493978,9111.0146484375,552404,0.0,0.0
2023-08-07 00:00:00+09:00,9058.852350831941,9163.176946043059,9015.383769493978,9111.0146484375,526383,0.0,0.0
2023-08-08 00:00:00+09:00,9154.482513950892,9163.17622953869,9076.239073660714,9128.4013671875,520197,0.0,0.0
2023-08-09 00:00:00+09:00,9102.3203125,9137.095175202961,9084.93288114852,9102.3203125,527926,0.0,0.0
2023-08-10 00:00:00+09:00,9102.320857121395,9128.402005709135,9024.077411358172,9041.46484375,705583,0.0,0.0
2023-08-11 00:00:00+09:00,9041.464487271855,9111.014214097022,9024.077055565562,9050.158203125,454156,0.0,0.0
2023-08-14 00:00:00+09:00,9041.464394755747,9137.095268161816,9024.07696322737,9076.2392578125,463395,0.0,0.0
2023-08-16 00:00:00+09:00,9041.464131477927,9076.238993522073,8997.995553922745,9058.8515625,547286,0.0,0.0
2023-08-17 00:00:00+09:00,9015.383601802194,9084.93333064927,8954.527589061003,9067.5458984375,721435,0.0,0.0
2023-08-18 00:00:00+09:00,8980.608384406429,9128.401552397629,8980.608384406429,9076.2392578125,596118,0.0,0.0
2023-08-21 00:00:00+09:00,9119.708195072806,9119.708195072806,9024.077317908077,9067.5458984375,510453,0.0,0.0
2023-08-22 00:00:00+09:00,9041.464657026769,9119.708101174116,9032.770941010396,9093.626953125,445684,0.0,0.0
2023-08-23 00:00:00+09:00,9058.852257522598,9145.789419303044,9050.158541344552,9137.095703125,489207,0.0,0.0
2023-08-24 00:00:00+09:00,9154.482513950892,9163.17622953869,9102.320220424108,9128.4013671875,390370,0.0,0.0
2023-08-25 00:00:00+09:00,9102.320727882923,9276.195049332453,9102.320727882923,9258.8076171875,925017,0.0,0.0
2023-08-28 00:00:00+09:00,9302.276724377338,9319.664157507015,9258.808141553145,9293.5830078125,499159,0.0,0.0
2023-08-29 00:00:00+09:00,9302.276701750578,9450.069882993344,9293.582985206885,9389.2138671875,727557,0.0,0.0
2023-08-30 00:00:00+09:00,9389.213169642857,9423.988033234127,9310.9697265625,9310.9697265625,570101,0.0,0.0
2023-08-31 00:00:00+09:00,9319.663612337361,9415.294488956493,9319.663612337361,9354.4384765625,909758,0.0,0.0
2023-09-01 00:00:00+09:00,9337.05104444993,9389.213340787639,9284.888748112222,9354.4384765625,621375,0.0,0.0
2023-09-04 00:00:00+09:00,9310.970231029869,9441.3759765625,9310.970231029869,9441.3759765625,477671,0.0,0.0
2023-09-05 00:00:00+09:00,9397.90739471829,9450.069692931344,9397.90739471829,9441.3759765625,369896,0.0,0.0
2023-09-06 00:00:00+09:00,9415.294378942088,9528.31268635321,9397.906947032683,9476.150390625,468617,0.0,0.0
2023-09-07 00:00:00+09:00,9415.294209029378,9432.681640625,9354.4381984447,9432.681640625,696536,0.0,0.0
2023-09-08 00:00:00+09:00,9450.068532866873,9502.230824676624,9406.599956358745,9493.537109375,422842,0.0,0.0
2023-09-11 00:00:00+09:00,9476.15054249548,9615.25,9458.763110307415,9615.25,828817,0.0,0.0
2023-09-12 00:00:00+09:00,9615.250208046373,9615.250208046373,9441.375882403581,9467.45703125,819833,0.0,0.0
2023-09-13 00:00:00+09:00,9432.68170342929,9597.8623046875,9432.68170342929,9597.8623046875,701862,0.0,0.0
2023-09-14 00:00:00+09:00,9623.943175117924,9684.799184355346,9597.862028301886,9676.10546875,988165,0.0,0.0
2023-09-15 00:00:00+09:00,9684.800469507827,9910.837105241402,9684.800469507827,9858.6748046875,2656754,0.0,0.0
2023-09-18 00:00:00+09:00,9858.6748046875,9971.693122554288,9806.512504133598,9858.6748046875,1284467,0.0,0.0
2023-09-19 00:00:00+09:00,9876.060982611549,9989.079286109743,9806.51125738189,9936.9169921875,919645,0.0,0.0
2023-09-20 00:00:00+09:00,9936.91742527174,10023.854585597826,9893.448845108696,9997.7734375,907674,0.0,0.0
2023-09-21 00:00:00+09:00,9954.30556878811,10032.54901867378,9945.611852134147,9980.38671875,1039273,0.0,0.0
2023-09-22 00:00:00+09:00,9962.99840338428,9997.773266921396,9823.898949235809,9954.3046875,644235,0.0,0.0
2023-09-25 00:00:00+09:00,9954.3046875,10015.160698689957,9867.367528657205,9954.3046875,886116,0.0,0.0
2023-09-26 00:00:00+09:00,9884.755448328586,9945.61146252234,9710.881122060711,9728.2685546875,1309724,0.0,0.0
2023-09-27 00:00:00+09:00,9728.267842084355,9815.204998850078,9667.411832348349,9745.6552734375,817500,0.0,0.0
2023-10-04 00:00:00+09:00,9736.961930793508,9736.961930793508,9554.393894591129,9641.3310546875,1065003,0.0,0.0
2023-10-05 00:00:00+09:00,9650.02512797552,9684.799993301556,9519.619383002877,9632.6376953125,674219,0.0,0.0
2023-10-06 00:00:00+09:00,9676.105354617475,9928.223104198703,9650.024208109073,9893.4482421875,953201,0.0,0.0
2023-10-10 00:00:00+09:00,9919.52965323465,9971.691947642543,9876.061074561403,9910.8359375,1222361,0.0,0.0
2023-10-11 00:00:00+09:00,9962.99840338428,9997.773266921396,9902.142392194322,9954.3046875,1524445,0.0,0.0
2023-10-12 00:00:00+09:00,9989.079797300034,10084.710674384716,9928.22378460978,10067.3232421875,1055786,0.0,0.0
2023-10-13 00:00:00+09:00,9971.69216505984,10302.053370179521,9971.69216505984,10215.1162109375,1796460,0.0,0.0
2023-10-16 00:00:00+09:00,10223.810003698225,10302.05344760408,10223.810003698225,10284.666015625,1281523,0.0,0.0
2023-10-17 00:00:00+09:00,10336.828046445016,10362.909193744708,10206.42230994655,10267.2783203125,1141632,0.0,0.0
2023-10-18 00:00:00+09:00,10284.665891937862,10519.396220832472,10284.665891937862,10502.0087890625,1886689,0.0,0.0
2023-10-19 00:00:00+09:00,10449.846337235214,10449.846337235214,10293.35945364933,10362.9091796875,1165676,0.0,0.0
2023-10-20 00:00:00+09:00,10362.9091796875,10406.377758461356,10215.116011856386,10362.9091796875,1089300,0.0,0.0
2023-10-23 00:00:00+09:00,10302.053825189474,10336.828690422182,10128.179499025939,10180.341796875,1259790,0.0,0.0
2023-10-24 00:00:00+09:00,10275.971515531197,10284.665230857365,10136.8720703125,10136.8720703125,768796,0.0,0.0
2023-10-25 00:00:00+09:00,10154.260292235494,10232.50373626813,10076.016848202858,10189.03515625,598627,0.0,0.0
2023-10-26 00:00:00+09:00,10180.341284939987,10180.341284939987,9980.385819907007,10049.935546875,870689,0.0,0.0
2023-10-27 00:00:00+09:00,10128.178456624348,10171.647033691406,9919.529286702473,10015.16015625,1079368,0.0,0.0
2023-10-30 00:00:00+09:00,9928.223857229017,9989.079870364398,9537.00662993015,9684.7998046875,2442619,0.0,0.0
2023-10-31 00:00:00+09:00,9780.430588000783,9823.899168391898,9658.718562905662,9710.880859375,951727,0.0,0.0
2023-11-01 00:00:00+09:00,9736.961728463588,9789.1240234375,9684.799433489676,9789.1240234375,590406,0.0,0.0
2023-11-02 00:00:00+09:00,9841.286866761617,9954.305178835735,9719.574838374107,9728.2685546875,1037572,0.0,0.0
2023-11-03 00:00:00+09:00,9763.043045597093,9841.286489417551,9736.961897656942,9832.5927734375,694280,0.0,0.0
2023-11-06 00:00:00+09:00,9910.836352412565,10067.3232421875,9806.511759229275,10067.3232421875,1569090,0.0,0.0
2023-11-07 00:00:00+09:00,9971.691670576316,10015.160248041775,9884.754515645398,9989.0791015625,641495,0.0,0.0
2023-11-08 00:00:00+09:00,10076.016442646818,10084.710158300524,9936.9169921875,9936.9169921875,493541,0.0,0.0
2023-11-09 00:00:00+09:00,9902.143174583243,10049.93635629344,9893.449458012054,10006.4677734375,662018,0.0,0.0
2023-11-10 00:00:00+09:00,9928.223802242263,10041.24211172488,9928.223802242263,9971.6923828125,489734,0.0,0.0
2023-11-13 00:00:00+09:00,10023.854043998486,10093.403768501512,9971.691750621218,10058.62890625,608584,0.0,0.0
2023-11-14 00:00:00+09:00,10093.40428021011,10197.728872253625,10076.016848202858,10189.03515625,836076,0.0,0.0
2023-11-15 00:00:00+09:00,10241.197280687662,10293.359575835477,10128.178974534063,10145.56640625,1249429,0.0,0.0
2023-11-16 00:00:00+09:00,10154.260029380343,10180.34117671608,10076.01658737313,10171.6474609375,832916,0.0,0.0
2023-11-17 00:00:00+09:00,10171.648174965218,10180.341891354077,10110.792160243203,10154.2607421875,567787,0.0,0.0
2023-11-20 00:00:00+09:00,10119.486065915447,10162.954648672816,10093.404916261026,10102.0986328125,517030,0.0,0.0
2023-11-21 00:00:00+09:00,10180.34117671608,10189.034892494657,10102.097734708868,10171.6474609375,734890,0.0,0.0
2023-11-22 00:00:00+09:00,10119.485876632063,10189.035607742937,10119.485876632063,10154.2607421875,438942,0.0,0.0
2023-11-23 00:00:00+09:00,10119.485258676094,10180.341269681878,10110.791542818124,10145.56640625,583627,0.0,0.0
2023-11-24 00:00:00+09:00,10180.34117671608,10197.728608273237,10154.260029380343,10171.6474609375,650684,0.0,0.0
2023-11-27 00:00:00+09:00,10171.648342591114,10206.42320871963,10119.486043398338,10197.7294921875,513720,0.0,0.0
2023-11-28 00:00:00+09:00,10206.422588257252,10215.116304260879,10136.872860228243,10189.03515625,701656,0.0,0.0
2023-11-29 00:00:00+09:00,10189.03515625,10223.810020264506,10154.260292235494,10189.03515625,742385,0.0,0.0
2023-11-30 00:00:00+09:00,10189.035139740068,10284.666015625,10171.647707760989,10284.666015625,1744179,0.0,0.0
2023-12-01 00:00:00+09:00,10284.666540517059,10319.44140625,10241.197958350884,10319.44140625,917500,0.0,0.0
2023-12-04 00:00:00+09:00,10319.440973417639,10354.215837692002,10258.5849609375,10258.5849609375,878243,0.0,0.0
2023-12-05 00:00:00+09:00,10249.89124486891,10302.053541280457,10189.035232388771,10258.5849609375,605674,0.0,0.0
2023-12-06 00:00:00+09:00,10258.585129878691,10319.441143361022,10241.197697455169,10302.0537109375,872824,0.0,0.0
2023-12-07 00:00:00+09:00,10275.972299635461,10293.359731614539,10232.503719687764,10284.666015625,558555,0.0,0.0
2023-12-08 00:00:00+09:00,10310.7470703125,10319.440786223387,10258.584774847175,10310.7470703125,747602,0.0,0.0
2023-12-11 00:00:00+09:00,10310.747689816764,10319.44140625,10267.27910765059,10319.44140625,730194,0.0,0.0
2023-12-12 00:00:00+09:00,10328.134409167367,10345.521840832633,10310.746977502102,10336.828125,963616,0.0,0.0
2023-12-13 00:00:00+09:00,10336.828125,10345.521840832633,10310.746977502102,10336.828125,649669,0.0,0.0
2023-12-14 00:00:00+09:00,10336.828218045162,10362.909365777825,10293.359638490725,10310.7470703125,1643534,0.0,0.0
2023-12-15 00:00:00+09:00,10319.440693334735,10336.828125,10284.665830004205,10336.828125,1430991,0.0,0.0
2023-12-18 00:00:00+09:00,10328.134689486229,10336.828405554821,10258.5849609375,10258.5849609375,1087774,0.0,0.0
2023-12-19 00:00:00+09:00,10258.58479055851,10258.58479055851,10189.035063164894,10215.1162109375,955666,0.0,0.0
2023-12-20 00:00:00+09:00,10249.89124486891,10293.359825211865,10223.810096663135,10258.5849609375,929688,0.0,0.0
2023-12-21 00:00:00+09:00,10258.585129878691,10310.747427149261,10223.810265031645,10302.0537109375,1040097,0.0,0.0
2023-12-22 00:00:00+09:00,10310.747240042505,10354.2158203125,10284.66609188051,10354.2158203125,1640986,0.0,0.0
2023-12-26 00:00:00+09:00,10354.216389765825,10354.216389765825,10162.954626058983,10197.7294921875,3009235,0.0,0.0
2023-12-27 00:00:00+09:00,10067.323391915992,10206.4228515625,10049.93595946018,10206.4228515625,1942480,0.0,0.0
2023-12-28 00:00:00+09:00,10171.6476157383,10310.7470703125,10136.87275209475,10310.7470703125,1183955,0.0,0.0
2024-01-02 00:00:00+09:00,10206.423019706848,10275.97275067589,10136.873288737806,10249.8916015625,1290714,0.0,0.0
2024-01-03 00:00:00+09:00,10215.11685219957,10232.504285139485,10128.1796875,10128.1796875,1099889,0.0,0.0
2024-01-04 00:00:00+09:00,10128.179272865355,10128.179272865355,9919.530086128214,9971.6923828125,1454491,0.0,0.0
2024-01-05 00:00:00+09:00,9945.611852134147,10058.630168635671,9867.368402248476,9980.38671875,860546,0.0,0.0
2024-01-08 00:00:00+09:00,9954.30556878811,10067.323885289634,9954.30556878811,9980.38671875,603869,0.0,0.0
2024-01-09 00:00:00+09:00,10076.017052218614,10076.017052218614,9989.079890422077,10041.2421875,433953,0.0,0.0
2024-01-10 00:00:00+09:00,10041.24211172488,10058.629543952975,9971.6923828125,9971.6923828125,454862,0.0,0.0
2024-01-11 00:00:00+09:00,10006.46786871189,10102.098751905489,9980.38671875,9980.38671875,732493,0.0,0.0
2024-01-12 00:00:00+09:00,10015.161395147314,10084.711127058059,9997.773962169627,10032.548828125,396155,0.0,0.0
2024-01-15 00:00:00+09:00,10015.161467297763,10058.630050055132,10015.161467297763,10102.0986328125,77663,0.0,0.0
2024-01-16 00:00:00+09:00,10076.016337375755,10110.791199627269,10023.854043998486,10058.62890625,562326,0.0,0.0
2024-01-17 00:00:00+09:00,10076.016958286109,10084.710674384716,9989.079797300034,10067.3232421875,1127713,0.0,0.0
2024-01-18 00:00:00+09:00,10058.628825507234,10058.628825507234,9980.385386069409,9989.0791015625,598321,0.0,0.0
2024-01-19 00:00:00+09:00,9989.078999959695,10110.791015625,9962.997853745701,10110.791015625,807883,0.0,0.0
2024-01-22 00:00:00+09:00,10102.097391904634,10136.872253838901,10058.6288144868,10084.7099609375,500466,0.0,0.0
2024-01-23 00:00:00+09:00,10128.178882044605,10180.34117671608,10093.404018930289,10171.6474609375,763307,0.0,0.0
2024-01-24 00:00:00+09:00,10206.423092617944,10328.135122683234,10145.567077585298,10319.44140625,1426309,0.0,0.0
2024-01-25 00:00:00+09:00,10275.972114171573,10336.828125,10232.503535008409,10336.828125,738788,0.0,0.0
2024-01-26 00:00:00+09:00,10345.5224609375,10371.603609998687,10275.97273010767,10345.5224609375,734804,0.0,0.0
2024-01-29 00:00:00+09:00,10362.909594524794,10554.171348786156,10310.747297908058,10519.396484375,2097885,0.0,0.0
2024-01-30 00:00:00+09:00,10519.396672549834,10606.333835132891,10423.765793708471,10467.234375,1394292,0.0,0.0
2024-01-31 00:00:00+09:00,10467.233866438699,10901.919658234325,10423.765287259135,10884.5322265625,2329546,0.0,0.0
2024-02-01 00:00:00+09:00,10893.225694527086,11510.479504831494,10893.225694527086,11414.8486328125,6650623,0.0,0.0
2024-02-02 00:00:00+09:00,11484.399319651624,11693.048512438634,11162.731814104985,11510.48046875,4706965,0.0,0.0
2024-02-05 00:00:00+09:00,11684.354548789435,11884.31002097854,11327.9121853219,11849.53515625,4056747,0.0,0.0
2024-02-06 00:00:00+09:00,11806.065729205915,11875.615453678409,11449.623391284382,11536.560546875,3073228,0.0,0.0
2024-02-07 00:00:00+09:00,11519.173641763711,11701.74167684072,11127.956423741547,11571.3359375,2267361,0.0,0.0
2024-02-08 00:00:00+09:00,11562.642559190903,11719.129450969427,11510.480261931396,11658.2734375,2535845,0.0,0.0
2024-02-13 00:00:00+09:00,11727.822529463128,12066.87744321336,11649.57908782846,11745.2099609375,2798265,0.0,0.0
2024-02-14 00:00:00+09:00,11693.047788225867,11814.75980981335,11458.317460878583,11527.8671875,1489930,0.0,0.0
2024-02-15 00:00:00+09:00,11632.192477176966,11701.74220798221,11519.174164618446,11606.111328125,1112391,0.0,0.0
2024-02-16 00:00:00+09:00,11684.354272959185,11927.7783203125,11640.885693074664,11927.7783203125,1382710,0.0,0.0
2024-02-19 00:00:00+09:00,11945.165795515335,12371.157879925999,11945.165795515335,12188.58984375,2323861,0.0,0.0
2024-02-20 00:00:00+09:00,12292.914584381862,12310.302016608712,11779.985333689834,11875.6162109375,1816976,0.0,0.0
2024-02-21 00:00:00+09:00,11745.210543747726,12075.571758153657,11745.210543747726,11945.166015625,1137030,0.0,0.0
2024-02-22 00:00:00+09:00,11953.859845329735,11962.553561580882,11771.291804055607,11823.4541015625,1683111,0.0,0.0
2024-02-23 00:00:00+09:00,11849.534430925236,12058.1836065248,11832.146999625273,11962.552734375,1498180,0.0,0.0
2024-02-26 00:00:00+09:00,11779.98483777402,11840.840848006064,11232.280745685634,11649.5791015625,3285354,0.0,0.0
2024-02-27 00:00:00+09:00,11536.560965816681,11823.453589684015,11536.560965816681,11693.0478515625,1676375,0.0,0.0
2024-02-28 00:00:00+09:00,11693.04826497157,11849.53515625,11623.498535514489,11849.53515625,1248029,0.0,0.0
2024-02-29 00:00:00+09:00,11866.923046875,12171.203125,11849.535613839285,12171.203125,2748163,0.0,0.0
2024-03-04 00:00:00+09:00,12066.877114494302,12275.526286502849,11971.246243990385,12205.9765625,2073705,0.0,0.0
2024-03-05 00:00:00+09:00,12205.97746351182,12423.32036706438,12119.040302090796,12136.427734375,2166882,0.0,0.0
2024-03-06 00:00:00+09:00,12101.653392857143,12197.28427455357,12075.572243303572,12171.203125,1232398,0.0,0.0
2024-03-07 00:00:00+09:00,12171.201700498576,12232.057709001068,12084.264545495014,12205.9765625,1046330,0.0,0.0
2024-03-08 00:00:00+09:00,12240.751413427563,12336.382283844965,12171.201689487632,12301.607421875,1171179,0.0,0.0
2024-03-11 00:00:00+09:00,12310.302450657895,12388.5458984375,12258.140152138158,12388.5458984375,1247905,0.0,0.0
2024-03-12 00:00:00+09:00,12423.319641776707,12814.536845331606,12414.625926142153,12797.1494140625,3311428,0.0,0.0
2024-03-13 00:00:00+09:00,12858.006552419354,13005.799731182797,12736.294522849463,12936.25,1455999,0.0,0.0
2024-03-14 00:00:00+09:00,12944.943736315685,13857.783959494427,12901.475154259553,13649.134765625,3879577,0.0,0.0
2024-03-15 00:00:00+09:00,13649.134214907788,13918.639412781764,13257.9169921875,13257.9169921875,4124200,0.0,0.0
2024-03-18 00:00:00+09:00,13275.304726432725,13414.404186565615,12892.781211067277,13084.04296875,1884803,0.0,0.0
2024-03-19 00:00:00+09:00,12936.249585459183,13084.042759486607,12779.7626953125,12779.7626953125,1642516,0.0,0.0
2024-03-20 00:00:00+09:00,12892.780629928939,13066.654947257717,12797.14975539811,12884.0869140625,1344982,0.0,0.0
2024-03-21 00:00:00+09:00,12997.105786970234,13257.917274334186,12901.474908270118,13179.673828125,2247837,0.0,0.0
2024-03-22 00:00:00+09:00,13283.998046875,13492.64723085733,13205.754602881627,13283.998046875,2545720,0.0,0.0
2024-03-25 00:00:00+09:00,13292.692100891987,13370.935546875,13162.286357586963,13370.935546875,2529575,0.0,0.0
2024-03-26 00:00:00+09:00,13370.935129266036,13475.259720651726,13197.060810289884,13214.4482421875,2434308,0.0,0.0
2024-03-27 00:00:00+09:00,13214.448212474645,13231.835644333163,12771.068700082404,12858.005859375,3066658,0.0,0.0
2024-03-28 00:00:00+09:00,12898.984700520832,13131.818359375,12852.41796875,12992.1181640625,4945245,984.0,0.0
2024-03-29 00:00:00+09:00,12992.1181640625,13001.431510416665,12396.063997395833,12573.017578125,2940414,0.0,0.0
2024-04-01 00:00:00+09:00,12573.01704985678,12712.717239299634,12228.423249231077,12396.0634765625,2306584,0.0,0.0
2024-04-02 00:00:00+09:00,12302.929818250048,12507.823426124007,12256.363089187784,12312.2431640625,1621189,0.0,0.0
2024-04-03 00:00:00+09:00,12293.616472437596,12358.809893124764,12228.423051750426,12312.2431640625,1582839,0.0,0.0
2024-04-04 00:00:00+09:00,12368.123828710644,12628.897523894304,12312.24375117129,12424.00390625,1197179,0.0,0.0
2024-04-05 00:00:00+09:00,12312.243362896788,12526.450320042497,12293.616670971074,12396.0634765625,811776,0.0,0.0
2024-04-08 00:00:00+09:00,12424.003520268388,12656.83716944883,12368.123444465082,12535.763671875,1025143,0.0,0.0
2024-04-09 00:00:00+09:00,12545.077737020316,12600.957816027088,12265.677341986457,12377.4375,1028720,0.0,0.0
2024-04-11 00:00:00+09:00,12098.036591275048,12265.676821177243,12023.529822429628,12200.4833984375,1624124,0.0,0.0
2024-04-12 00:00:00+09:00,12116.663473802982,12181.856897566719,11818.636393740187,11865.203125,1777357,0.0,0.0
2024-04-15 00:00:00+09:00,11725.502353844458,11930.395961298453,11650.995587497553,11893.142578125,1413509,0.0,0.0
2024-04-16 00:00:00+09:00,11837.26282582793,11976.963016534002,11772.069403498428,11846.576171875,822610,0.0,0.0
2024-04-17 00:00:00+09:00,11911.769661712646,12070.096545410157,11893.142969512939,11921.0830078125,1026753,0.0,0.0
2024-04-18 00:00:00+09:00,12060.7835921322,12386.750716243881,11911.770049681147,12368.1240234375,1258106,0.0,0.0
2024-04-19 00:00:00+09:00,12209.7970703125,12433.3173828125,12107.350260416666,12433.3173828125,1152950,0.0,0.0
2024-04-22 00:00:00+09:00,12573.017449253115,12815.164451979472,12554.390756735704,12703.404296875,1222878,0.0,0.0
2024-04-23 00:00:00+09:00,12759.2841796875,12908.297717552465,12684.77741075502,12759.2841796875,1230118,0.0,0.0
2024-04-24 00:00:00+09:00,12871.044860076343,12880.358206574227,12619.584504633462,12656.837890625,779516,0.0,0.0
2024-04-25 00:00:00+09:00,12526.45065262606,12796.537692719856,12517.137306415929,12628.8974609375,573059,0.0,0.0
2024-04-26 00:00:00+09:00,12731.344144855597,12973.49114395307,12628.897337545126,12898.984375,1549179,0.0,0.0
2024-04-29 00:00:00+09:00,12889.671354166667,13010.744856770832,12787.224544270832,12992.1181640625,1017958,0.0,0.0
2024-04-30 00:00:00+09:00,12992.1181640625,13038.684895833332,12805.851236979166,12992.1181640625,1433189,0.0,0.0
2024-05-02 00:00:00+09:00,12982.804150390624,12982.804150390624,12619.583661247701,12666.150390625,1234420,0.0,0.0
2024-05-03 00:00:00+09:00,12712.717903550512,12805.851368045389,12675.464517752562,12722.03125,541958,0.0,0.0
2024-05-07 00:00:00+09:00,12815.1640625,12898.984176280886,12684.777218840842,12815.1640625,1260374,0.0,0.0
2024-05-08 00:00:00+09:00,12815.164583333333,13020.058203125,12740.6578125,12992.1181640625,1115045,0.0,0.0
2024-05-09 00:00:00+09:00,12992.117704711209,13085.251164960035,12861.730860362853,12889.6708984375,1147225,0.0,0.0
2024-05-10 00:00:00+09:00,13020.058268698216,13085.25169350572,12871.04472628107,12926.9248046875,1468603,0.0,0.0
2024-05-13 00:00:00+09:00,12926.924350080819,13103.877925478178,12880.357619713093,12964.177734375,1212510,0.0,0.0
2024-05-14 00:00:00+09:00,12992.117636037427,13001.43098201308,12777.910678597384,12815.1640625,1011088,0.0,0.0
2024-05-16 00:00:00+09:00,12926.92415783709,13066.624346862707,12843.10404442172,13020.0576171875,1533585,0.0,0.0
2024-05-17 00:00:00+09:00,13001.430856564748,13010.744202450538,12908.297397706834,12945.55078125,551926,0.0,0.0
2024-05-20 00:00:00+09:00,13038.684960111073,13364.65208411385,12992.118228110676,13206.3251953125,1823181,0.0,0.0
2024-05-21 00:00:00+09:00,13113.191796598157,13178.38522172329,13066.625064365919,13141.1318359375,848066,0.0,0.0
2024-05-22 00:00:00+09:00,13150.445052083332,13159.7583984375,12973.491471354166,12992.1181640625,715760,0.0,0.0
2024-05-23 00:00:00+09:00,12898.98463479979,12964.178058946793,12731.344401278928,12777.9111328125,1269752,0.0,0.0
2024-05-24 00:00:00+09:00,12619.584116862692,12768.59765625,12573.017385804158,12768.59765625,628824,0.0,0.0
2024-05-27 00:00:00+09:00,12768.597983698417,12852.41810175333,12545.077668885317,12582.3310546875,1162891,0.0,0.0
2024-05-28 00:00:00+09:00,12554.390820021423,12582.330858938385,12461.257356964885,12498.5107421875,892772,0.0,0.0
2024-05-29 00:00:00+09:00,12396.063932825307,12554.390820021423,12368.123893908345,12498.5107421875,751705,0.0,0.0
2024-05-30 00:00:00+09:00,12396.064062647072,12526.450912291744,12368.1240234375,12368.1240234375,541427,0.0,0.0
2024-05-31 00:00:00+09:00,12433.316877498182,12815.1640625,12414.690185546875,12815.1640625,1510569,0.0,0.0
2024-06-03 00:00:00+09:00,12740.657157628677,12749.970503504135,12563.703585994945,12666.150390625,1001347,0.0,0.0
2024-06-04 00:00:00+09:00,12545.077017842217,12619.58378557996,12368.123444465082,12535.763671875,1171918,0.0,0.0
2024-06-05 00:00:00+09:00,12517.1376953125,12554.391081310454,12386.750844319662,12517.1376953125,475568,0.0,0.0
2024-06-07 00:00:00+09:00,12517.137114537445,12731.344074086821,12517.137114537445,12684.77734375,728710,0.0,0.0
2024-06-10 00:00:00+09:00,12563.704166327077,12628.897590466653,12489.197395881845,12498.5107421875,680003,0.0,0.0
2024-06-11 00:00:00+09:00,12517.13730425056,12554.39068908464,12405.377149748323,12489.197265625,596772,0.0,0.0
2024-06-12 00:00:00+09:00,12414.69010635627,12470.570181853745,12340.183339026298,12461.2568359375,724526,0.0,0.0
2024-06-13 00:00:00+09:00,12461.2568983025,12600.957087745352,12396.0634765625,12396.0634765625,1048005,0.0,0.0
2024-06-14 00:00:00+09:00,12358.809901189697,12535.763471741773,12349.496555371166,12451.943359375,990289,0.0,0.0
2024-06-17 00:00:00+09:00,12451.943678963791,12479.883717136485,12256.363411754935,12265.6767578125,826067,0.0,0.0
2024-06-18 00:00:00+09:00,12368.12343867393,12433.316860413928,12163.229827491079,12396.0634765625,547009,0.0,0.0
2024-06-19 00:00:00+09:00,12470.5703125,12517.13704256908,12358.810160334204,12470.5703125,758454,0.0,0.0
2024-06-20 00:00:00+09:00,12470.570575365275,12647.524153357761,12433.317190524751,12628.8974609375,797530,0.0,0.0
2024-06-21 00:00:00+09:00,12628.89765625,12656.837695312499,12479.884114583332,12573.017578125,821684,0.0,0.0
2024-06-24 00:00:00+09:00,12591.643883076358,12759.284112288913,12526.450460604809,12684.77734375,830197,0.0,0.0
2024-06-25 00:00:00+09:00,12805.851432433816,12815.164778930131,12684.777927981713,12796.5380859375,581558,0.0,0.0
2024-06-26 00:00:00+09:00,12694.090886556345,12871.044464578774,12628.897463074398,12768.59765625,864275,0.0,0.0
2024-06-27 00:00:00+09:00,12666.150847921226,12768.59765625,12545.077347169037,12768.59765625,743306,0.0,0.0
2024-06-28 00:00:00+09:00,12777.911134205599,13057.3115234375,12759.284441590138,13057.3115234375,1177653,0.0,0.0
2024-07-01 00:00:00+09:00,13038.684566787004,13038.684566787004,12777.910875451264,12898.984375,811380,0.0,0.0
2024-07-02 00:00:00+09:00,12805.850917271206,13141.131377650669,12805.850917271206,13038.6845703125,1042486,0.0,0.0
2024-07-03 00:00:00+09:00,13150.444397798043,13420.531428631006,13038.684247108542,13085.2509765625,2330257,0.0,0.0
2024-07-04 00:00:00+09:00,13169.071744791667,13439.1587890625,13075.938281249999,13271.5185546875,1416253,0.0,0.0
2024-07-05 00:00:00+09:00,13355.338671874999,13476.412174479166,13215.638476562499,13271.5185546875,1103345,0.0,0.0
2024-07-08 00:00:00+09:00,13271.5185546875,13308.771940104167,13066.624934895832,13131.818359375,947202,0.0,0.0
2024-07-09 00:00:00+09:00,13103.878386307862,13159.758464714292,12908.298111885357,12926.9248046875,1073148,0.0,0.0
2024-07-10 00:00:00+09:00,12917.611458286428,12992.118229495001,12861.731379879999,12926.9248046875,547422,0.0,0.0
2024-07-11 00:00:00+09:00,12992.11822879544,13169.071810406273,12917.611457590878,13066.625,983818,0.0,0.0
2024-07-12 00:00:00+09:00,13159.75833282253,13159.75833282253,12917.61132882155,13057.3115234375,817068,0.0,0.0
2024-07-15 00:00:00+09:00,13113.191600576785,13113.191600576785,12880.35794289609,12917.611328125,894169,0.0,0.0
2024-07-16 00:00:00+09:00,12945.55078125,13066.624277765288,12898.984051821042,12945.55078125,786491,0.0,0.0
2024-07-17 00:00:00+09:00,12954.8642578125,13001.43098771118,12833.790760075935,12954.8642578125,1050283,0.0,0.0
2024-07-18 00:00:00+09:00,12964.177671551108,13038.684439778413,12898.984249352216,13029.37109375,913734,0.0,0.0
2024-07-19 00:00:00+09:00,13010.74498707244,13010.74498707244,12898.98482970317,13001.431640625,806117,0.0,0.0
2024-07-22 00:00:00+09:00,13010.744140625,13085.250907357284,12945.550719734252,13010.744140625,742999,0.0,0.0
2024-07-23 00:00:00+09:00,13047.997585993704,13094.564315422662,12936.237435364208,12945.55078125,762181,0.0,0.0
2024-07-24 00:00:00+09:00,12926.9248046875,12992.118229495001,12852.418033478927,12926.9248046875,652142,0.0,0.0
2024-07-25 00:00:00+09:00,12871.044791760953,12926.924870451667,12768.597980827979,12861.7314453125,789344,0.0,0.0
2024-07-26 00:00:00+09:00,12815.164331517919,13383.278447958757,12815.164331517919,13252.8916015625,2419946,0.0,0.0
2024-07-29 00:00:00+09:00,13252.891604278946,13644.052143547895,13215.638219586664,13392.591796875,2449391,0.0,0.0
2024-07-30 00:00:00+09:00,13113.191203034683,13113.191203034683,12722.030669989614,12889.6708984375,2332380,0.0,0.0
2024-07-31 00:00:00+09:00,12936.23776297433,13085.251300920758,12880.357686244419,13038.6845703125,1282180,0.0,0.0
2024-08-01 00:00:00+09:00,12982.80449358259,13169.071416015624,12954.864455217634,13038.6845703125,820531,0.0,0.0
2024-08-02 00:00:00+09:00,12926.924277529219,12992.117699678141,12647.52389689098,12749.970703125,2138935,0.0,0.0
2024-08-05 00:00:00+09:00,12591.644407194035,12628.897793014137,11911.770115977199,12023.5302734375,2979610,0.0,0.0
2024-08-06 00:00:00+09:00,12191.1705081116,12526.450980450803,12153.917122296134,12163.23046875,2114124,0.0,0.0
2024-08-07 00:00:00+09:00,12153.9169921875,12433.3173828125,12079.410221354166,12293.6171875,1463137,0.0,0.0
2024-08-08 00:00:00+09:00,12228.423316140776,12554.390426624346,12219.10997012696,12470.5703125,1105614,0.0,0.0
2024-08-09 00:00:00+09:00,12517.137565152643,12591.644336373789,12405.377408320923,12507.82421875,853985,0.0,0.0
2024-08-12 00:00:00+09:00,12573.01731732196,12628.897394287835,12507.823894195104,12554.390625,683331,0.0,0.0
2024-08-13 00:00:00+09:00,12479.883730267988,12731.344074086821,12479.883730267988,12684.77734375,1046251,0.0,0.0
2024-08-14 00:00:00+09:00,12731.344401278928,12805.851171732644,12647.524284518495,12777.9111328125,850171,0.0,0.0
2024-08-16 00:00:00+09:00,12833.790817316472,12880.357547422846,12675.463934954803,12749.970703125,1305163,0.0,0.0
2024-08-19 00:00:00+09:00,12787.224737333514,13010.745053208244,12749.971351354392,12936.23828125,1585583,0.0,0.0
2024-08-20 00:00:00+09:00,12945.551368428018,13206.325065058221,12945.551368428018,13197.01171875,1211129,0.0,0.0
2024-08-21 00:00:00+09:00,13187.6982421875,13206.324934619968,13085.251433808924,13187.6982421875,857683,0.0,0.0
2024-08-22 00:00:00+09:00,13178.38463509437,13187.697981126237,13057.311136680075,13169.0712890625,844980,0.0,0.0
2024-08-23 00:00:00+09:00,13169.071549755032,13252.891665701138,13113.191472457627,13187.6982421875,983996,0.0,0.0
2024-08-26 00:00:00+09:00,13187.698052583506,13383.2783203125,13159.758014336508,13383.2783203125,1177906,0.0,0.0
2024-08-27 00:00:00+09:00,13401.9055350412,13411.218881486677,13131.818488122371,13280.83203125,820127,0.0,0.0
2024-08-28 00:00:00+09:00,13271.518620812545,13299.458660014256,13001.43157519601,13066.625,1094689,0.0,0.0
2024-08-29 00:00:00+09:00,13038.685026414756,13187.698569573782,12964.178254835244,13001.431640625,784383,0.0,0.0
2024-08-30 00:00:00+09:00,13038.685027833093,13047.998374281544,12861.7314453125,12861.7314453125,1669512,0.0,0.0
2024-09-02 00:00:00+09:00,12917.611586176772,13122.50520902889,12861.731507217102,13075.9384765625,823348,0.0,0.0
2024-09-03 00:00:00+09:00,13122.504360125668,13197.011127252003,13075.93763067171,13085.2509765625,671523,0.0,0.0
2024-09-04 00:00:00+09:00,12945.551497489643,13029.37161509929,12871.04472628107,12926.9248046875,1029547,0.0,0.0
2024-09-05 00:00:00+09:00,12945.55078125,13020.05754833633,12908.297397706834,12945.55078125,687672,0.0,0.0
2024-09-06 00:00:00+09:00,13001.431575896073,13001.431575896073,12843.104687077855,12926.9248046875,620176,0.0,0.0
2024-09-09 00:00:00+09:00,12777.910548295455,12917.610736505681,12675.463743607954,12805.8505859375,862513,0.0,0.0
2024-09-10 00:00:00+09:00,12861.731380587673,12954.864844603515,12722.031184563912,12787.224609375,556084,0.0,0.0
2024-09-11 00:00:00+09:00,12777.911397298178,12805.851436796642,12414.690883818126,12517.1376953125,1471660,0.0,0.0
2024-09-12 00:00:00+09:00,12535.764386152501,12684.777930118653,12489.19765366308,12656.837890625,1286963,0.0,0.0
2024-09-13 00:00:00+09:00,12712.71796537527,12945.55162774478,12712.71796537527,12936.23828125,690747,0.0,0.0
2024-09-19 00:00:00+09:00,13113.191536550745,13178.384960383028,12871.04453374512,13122.5048828125,1077294,0.0,0.0
2024-09-20 00:00:00+09:00,13169.071615497718,13262.205078125,13047.998114082251,13262.205078125,1594462,0.0,0.0
2024-09-23 00:00:00+09:00,13243.578646848422,13252.89199329487,13001.431639240785,13141.1318359375,779232,0.0,0.0
2024-09-24 00:00:00+09:00,13159.758203538797,13187.6982421875,13001.431317862816,13187.6982421875,846519,0.0,0.0
2024-09-25 00:00:00+09:00,13271.518621527153,13271.518621527153,12917.611458286428,12926.9248046875,1438719,0.0,0.0
2024-09-26 00:00:00+09:00,12926.924739583332,13131.818359375,12926.924739583332,13131.818359375,863247,0.0,0.0
2024-09-27 00:00:00+09:00,13122.505143044604,13290.14537908066,13122.505143044604,13141.1318359375,1163961,0.0,0.0
2024-09-30 00:00:00+09:00,13262.204478346457,13271.517824187993,13010.744140625,13010.744140625,892020,0.0,0.0
2024-10-02 00:00:00+09:00,13010.744922297145,13066.625000703576,12898.984765484285,12926.9248046875,748450,0.0,0.0
2024-10-04 00:00:00+09:00,12954.864195642213,13038.684309057582,12871.044082226843,13020.0576171875,523959,0.0,0.0
2024-10-07 00:00:00+09:00,13020.057494079763,13178.384373478444,12945.550727303913,13150.4443359375,715579,0.0,0.0
2024-10-08 00:00:00+09:00,13103.877736863058,13159.7578125,13001.430931528663,13159.7578125,623552,0.0,0.0
2024-10-10 00:00:00+09:00,13159.757674089567,13187.697711614173,13010.744140625,13010.744140625,1418977,0.0,0.0
2024-10-11 00:00:00+09:00,13085.251367742365,13150.444790926847,13047.99798306552,13113.19140625,621142,0.0,0.0
2024-10-14 00:00:00+09:00,13131.818098588425,13467.098560680044,13113.19140625,13113.19140625,1886117,0.0,0.0
2024-10-15 00:00:00+09:00,13355.338802813816,13364.652149259293,13234.265299022616,13280.83203125,831798,0.0,0.0
2024-10-16 00:00:00+09:00,13234.264786985623,13588.171938220989,13224.951440900482,13522.978515625,1733997,0.0,0.0
2024-10-17 00:00:00+09:00,13597.485677083332,13616.112369791666,13411.21875,13411.21875,761786,0.0,0.0
2024-10-18 00:00:00+09:00,13411.218103448276,13597.485021551725,13392.591411637932,13504.3515625,699248,0.0,0.0
2024-10-21 00:00:00+09:00,13522.978971534012,13578.85904992878,13457.785546740115,13485.7255859375,592886,0.0,0.0
2024-10-22 00:00:00+09:00,13420.531967310008,13541.60546875,13364.651889722318,13541.60546875,654037,0.0,0.0
2024-10-23 00:00:00+09:00,13578.85904992878,13578.85904992878,13476.412239538371,13485.7255859375,710996,0.0,0.0
2024-10-24 00:00:00+09:00,13513.665233023356,13560.23196366782,13429.845117863322,13457.78515625,620356,0.0,0.0
2024-10-25 00:00:00+09:00,13457.784778760826,13886.198688672936,13448.471432893171,13709.2451171875,1632249,0.0,0.0
2024-10-28 00:00:00+09:00,13737.185210129312,13746.498556034483,13383.27806573276,13504.3515625,1078645,0.0,0.0
2024-10-29 00:00:00+09:00,13513.66529983762,13644.052146286776,13495.03860748774,13532.2919921875,628639,0.0,0.0
2024-10-30 00:00:00+09:00,13560.232095003457,13560.232095003457,13420.53190171702,13467.0986328125,885317,0.0,0.0
2024-10-31 00:00:00+09:00,13467.098828125,13495.038867187499,13131.818359375,13131.818359375,1673637,0.0,0.0
2024-11-01 00:00:00+09:00,13131.817847971797,13439.158265690286,13103.87780999739,13373.96484375,672267,0.0,0.0
2024-11-04 00:00:00+09:00,13373.96484375,13401.904881724407,13178.384577929144,13373.96484375,859474,0.0,0.0
2024-11-05 00:00:00+09:00,13252.89179795482,13532.292187230045,13252.89179795482,13476.412109375,555954,0.0,0.0
2024-11-06 00:00:00+09:00,13457.784778760826,13765.125192393427,13411.218049422554,13709.2451171875,1298921,0.0,0.0
2024-11-07 00:00:00+09:00,13699.932095289067,13802.37890225588,13588.171942234363,13662.6787109375,592793,0.0,0.0
2024-11-08 00:00:00+09:00,13737.185806712765,13737.185806712765,13560.232226829685,13616.1123046875,455560,0.0,0.0
2024-11-11 00:00:00+09:00,13569.54531316888,13644.052082218535,13541.605274775256,13597.4853515625,512652,0.0,0.0
2024-11-12 00:00:00+09:00,13522.978316658004,13671.99185182779,13439.158203125,13439.158203125,1024227,0.0,0.0
2024-11-13 00:00:00+09:00,13439.15852774035,13522.978643297984,13318.085027490437,13392.591796875,872759,0.0,0.0
2024-11-14 00:00:00+09:00,13420.532161821791,13495.03893301858,13346.025390625,13346.025390625,1039805,0.0,0.0
2024-11-15 00:00:00+09:00,13364.651755616434,13513.665294355016,13234.264909220177,13252.8916015625,1041226,0.0,0.0
2024-11-18 00:00:00+09:00,13234.264911932805,13485.725258605702,13224.951565759735,13392.591796875,824077,0.0,0.0
2024-11-19 00:00:00+09:00,13392.59160345611,13522.978447996018,13383.278257417547,13448.4716796875,585168,0.0,0.0
2024-11-20 00:00:00+09:00,13448.471622399386,13709.24531036835,13448.471622399386,13653.365234375,737877,0.0,0.0
2024-11-21 00:00:00+09:00,13690.618946106453,13830.31913943407,13597.485483888042,13746.4990234375,998092,0.0,0.0
2024-11-22 00:00:00+09:00,13848.945374524916,13848.945374524916,13671.991802153716,13783.751953125,655520,0.0,0.0
2024-11-25 00:00:00+09:00,13793.065292368814,13802.378638278584,13644.0517578125,13644.0517578125,1875871,0.0,0.0
2024-11-26 00:00:00+09:00,13597.485547672737,13727.872395390146,13569.54550887615,13681.3056640625,695387,0.0,0.0
2024-11-27 00:00:00+09:00,13727.872332956069,13886.19921875,13727.872332956069,13886.19921875,990358,0.0,0.0
2024-11-28 00:00:00+09:00,13904.825333804465,14100.405596369697,13793.065183767189,14053.8388671875,946135,0.0,0.0
2024-11-29 00:00:00+09:00,14109.71912999307,14119.032475953461,13802.378713300152,13858.2587890625,1094414,0.0,0.0
2024-12-02 00:00:00+09:00,13997.959635852729,13997.959635852729,13867.572786283908,13904.826171875,1020627,0.0,0.0
2024-12-03 00:00:00+09:00,13951.39213136536,14128.345703125,13942.078785483272,14128.345703125,1494953,0.0,0.0
2024-12-04 00:00:00+09:00,13923.452799479166,14053.839648437499,13681.305794270833,13830.3193359375,2355453,0.0,0.0
2024-12-05 00:00:00+09:00,13830.319403404135,13839.632749803734,13280.831965827809,13346.025390625,1815446,0.0,0.0
2024-12-06 00:00:00+09:00,13448.471813463186,13830.31900484268,13383.278390544734,13597.4853515625,1591854,0.0,0.0
2024-12-09 00:00:00+09:00,13401.904806926752,13401.904806926752,13159.7578125,13159.7578125,1723996,0.0,0.0
2024-12-10 00:00:00+09:00,13290.144792304496,13420.531636798023,13169.071293846222,13308.771484375,1104424,0.0,0.0
2024-12-11 00:00:00+09:00,13308.771686605925,13699.932226030312,13308.771686605925,13671.9921875,751456,0.0,0.0
2024-12-12 00:00:00+09:00,13690.61920604067,13793.066016426008,13541.605663661996,13625.42578125,1533000,0.0,0.0
2024-12-13 00:00:00+09:00,13625.425716145832,13690.619140625,13550.9189453125,13690.619140625,790049,0.0,0.0
2024-12-16 00:00:00+09:00,13755.81236765272,13821.005791196098,13560.232097022586,13606.798828125,812514,0.0,0.0
2024-12-17 00:00:00+09:00,13569.54570421537,13634.739129012562,13252.891926629012,13346.025390625,1381086,0.0,0.0
2024-12-18 00:00:00+09:00,13411.21875,13578.858984375,13383.278710937499,13550.9189453125,743105,0.0,0.0
2024-12-19 00:00:00+09:00,13355.33847818335,13541.605402565267,13271.51836221149,13467.0986328125,591806,0.0,0.0
2024-12-20 00:00:00+09:00,13364.651560586512,13411.218290762772,13271.518100233992,13308.771484375,1258702,0.0,0.0
2024-12-23 00:00:00+09:00,13308.772067897922,13569.545768318596,13271.51868212354,13560.232421875,830412,0.0,0.0
2024-12-24 00:00:00+09:00,13569.545058447897,13718.55859375,13550.918366535132,13718.55859375,638878,0.0,0.0
2024-12-26 00:00:00+09:00,13718.558918383855,13718.558918383855,13578.858725732289,13671.9921875,1407117,0.0,0.0
2024-12-27 00:00:00+09:00,13420.531771734428,13504.351886894463,13355.33834883218,13457.78515625,1114494,0.0,0.0
2024-12-30 00:00:00+09:00,13457.785547420186,13550.919011416172,13346.025390625,13346.025390625,690369,0.0,0.0
2025-01-02 00:00:00+09:00,13401.90514304807,13550.918681817193,13364.651758355789,13392.591796875,727935,0.0,0.0
2025-01-03 00:00:00+09:00,13392.591404888937,13467.09817209277,13346.024675386541,13364.6513671875,800016,0.0,0.0
2025-01-06 00:00:00+09:00,13364.651694961072,13457.78515625,13327.398310445502,13457.78515625,700370,0.0,0.0
2025-01-07 00:00:00+09:00,13448.472265896078,13513.665691007764,13411.218880117973,13420.5322265625,696863,0.0,0.0
2025-01-08 00:00:00+09:00,13383.278257417547,13550.918486111712,13383.278257417547,13448.4716796875,979634,0.0,0.0
2025-01-09 00:00:00+09:00,13420.531708688446,13560.231899965564,13411.218362603306,13522.978515625,696213,0.0,0.0
2025-01-10 00:00:00+09:00,13504.351569165956,13681.30514145158,13467.098185526876,13644.0517578125,749846,0.0,0.0
2025-01-13 00:00:00+09:00,13588.172201407207,13718.559049124618,13578.858855141678,13681.3056640625,820284,0.0,0.0
2025-01-14 00:00:00+09:00,13681.30534008756,13765.125454492452,13625.425263817631,13727.8720703125,797258,0.0,0.0
2025-01-15 00:00:00+09:00,13709.245702859089,13793.065819248852,13653.365625265913,13681.3056640625,724141,0.0,0.0
2025-01-16 00:00:00+09:00,13755.81223914195,13765.125585275424,13690.618816207627,13737.185546875,601716,0.0,0.0
2025-01-17 00:00:00+09:00,13690.619270744817,13783.752735171653,13634.739192088715,13699.9326171875,513155,0.0,0.0
2025-01-20 00:00:00+09:00,13699.931839896537,13858.25872043919,13681.30514806799,13783.751953125,792948,0.0,0.0
2025-01-21 00:00:00+09:00,13793.065168214376,13867.57193482188,13737.185093258748,13774.4384765625,582786,0.0,0.0
2025-01-22 00:00:00+09:00,13858.259116321762,14007.272655206942,13839.632423961115,13951.392578125,868825,0.0,0.0
2025-01-23 00:00:00+09:00,13997.959635200803,14165.59987035291,13988.646288803464,14044.5263671875,873586,0.0,0.0
2025-01-24 00:00:00+09:00,14063.152929557897,14081.779622179827,13979.332812759207,14035.212890625,645674,0.0,0.0
2025-01-31 00:00:00+09:00,14174.913214846267,14463.626953125,14035.213018904942,14463.626953125,1723738,0.0,0.0
2025-02-03 00:00:00+09:00,14212.166536458333,14286.673307291665,14035.212955729166,14109.7197265625,1128657,0.0,0.0
2025-02-04 00:00:00+09:00,14202.852732574886,14202.852732574886,14063.152541762673,14146.97265625,868215,0.0,0.0
2025-02-05 00:00:00+09:00,14174.912825092517,14268.0462864926,14128.346094392477,14156.2861328125,834925,0.0,0.0
2025-02-06 00:00:00+09:00,14221.479161945863,14221.479161945863,14044.525590186222,14128.345703125,1004214,0.0,0.0
2025-02-07 00:00:00+09:00,14119.033072916665,14212.166536458333,14035.212955729166,14109.7197265625,1069694,0.0,0.0
2025-02-10 00:00:00+09:00,14137.659247522117,14361.179551830766,14100.405863470674,14212.166015625,1521913,0.0,0.0
2025-02-11 00:00:00+09:00,14202.852664445112,14212.166010454584,13951.392322189362,14072.4658203125,1400743,0.0,0.0
2025-02-12 00:00:00+09:00,14146.972723400662,14268.046222679273,14128.346031203953,14221.4794921875,939382,0.0,0.0
2025-02-13 00:00:00+09:00,14268.0458984375,14333.23931964446,14193.53913134383,14268.0458984375,1275893,0.0,0.0
2025-02-14 00:00:00+09:00,14258.732943556595,14342.553058835503,14249.419597414495,14295.986328125,681540,0.0,0.0
2025-02-17 00:00:00+09:00,14333.23932662007,14417.05943964124,14323.925980728829,14407.74609375,729034,0.0,0.0
2025-02-18 00:00:00+09:00,14426.373243691833,14566.073436497112,14398.433205130777,14510.193359375,828703,0.0,0.0
2025-02-19 00:00:00+09:00,14491.56627562299,14603.326426848875,14454.312891881029,14482.2529296875,918659,0.0,0.0
2025-02-20 00:00:00+09:00,14417.059767882949,14538.133267225634,14417.059767882949,14500.8798828125,596600,0.0,0.0
2025-02-21 00:00:00+09:00,14510.193292590726,14538.133331023186,14426.373177293348,14435.6865234375,663278,0.0,0.0
2025-02-24 00:00:00+09:00,14426.372723867842,14482.252798976431,14370.492648759251,14472.939453125,432542,0.0,0.0
2025-02-25 00:00:00+09:00,14435.686193689124,14472.939577414772,14314.612696580763,14342.552734375,878603,0.0,0.0
2025-02-26 00:00:00+09:00,14342.553320815883,14491.566861811372,14305.29993556701,14454.3134765625,905252,0.0,0.0
2025-02-27 00:00:00+09:00,14444.999484209948,14547.4462890625,14314.612641670336,14547.4462890625,927522,0.0,0.0
2025-02-28 00:00:00+09:00,14566.073567290732,14640.580337455902,14435.686719501684,14519.5068359375,1984578,0.0,0.0
2025-03-04 00:00:00+09:00,14538.133067996003,14780.280063363009,14407.746224336845,14417.0595703125,1513662,0.0,0.0
2025-03-05 00:00:00+09:00,14472.939772704123,14528.81984904661,14202.852737048768,14286.6728515625,1158351,0.0,0.0
2025-03-06 00:00:00+09:00,14323.926240215462,14435.686392934958,14230.792779615882,14426.373046875,1034278,0.0,0.0
2025-03-07 00:00:00+09:00,14398.433138860888,14547.44667716734,14305.299677419356,14435.6865234375,1072788,0.0,0.0
2025-03-10 00:00:00+09:00,14435.686526557507,14621.95344948083,14389.119795826677,14575.38671875,1057175,0.0,0.0
2025-03-11 00:00:00+09:00,14435.686913936735,14603.327149066325,14398.433528352383,14463.626953125,1192851,0.0,0.0
2025-03-12 00:00:00+09:00,14463.626305832133,14566.073111604286,14454.312959852847,14556.759765625,964619,0.0,0.0
2025-03-13 00:00:00+09:00,14556.759771194747,14761.65338281745,14556.759771194747,14696.4599609375,2178297,0.0,0.0
2025-03-14 00:00:00+09:00,14649.893162818471,14715.086584394905,14491.566281847134,14621.953125,879679,0.0,0.0
2025-03-17 00:00:00+09:00,14649.893491025514,14752.340298655065,14640.580144877375,14715.0869140625,1047633,0.0,0.0
2025-03-18 00:00:00+09:00,14649.893491025514,14780.280337099486,14649.893491025514,14715.0869140625,1272001,0.0,0.0
2025-03-19 00:00:00+09:00,14724.400260210641,14752.340298655065,14621.953452581092,14715.0869140625,1220495,0.0,0.0
2025-03-20 00:00:00+09:00,14715.0866529032,14752.340036834601,14631.26653905755,14696.4599609375,1232758,0.0,0.0
2025-03-21 00:00:00+09:00,14668.519985653047,14687.146677698322,14594.013217471953,14631.2666015625,2294212,0.0,0.0
2025-03-24 00:00:00+09:00,14677.833723792884,14715.087108878653,14621.953646164231,14659.20703125,882404,0.0,0.0
2025-03-25 00:00:00+09:00,14659.206446674856,14705.773176175095,14631.266408974714,14687.146484375,1443043,0.0,0.0
2025-03-26 00:00:00+09:00,14687.146872503992,14705.773564796325,14556.760026457667,14575.38671875,1320899,0.0,0.0
2025-03-27 00:00:00+09:00,14584.700193423598,14594.013539651836,14389.11992263056,14445.0,1742208,0.0,0.0
2025-03-28 00:00:00+09:00,14490.0,14640.0,14450.0,14540.0,2133885,1065.0,0.0
2025-03-31 00:00:00+09:00,14420.0,14430.0,14210.0,14220.0,1459126,0.0,0.0
