Datetime,Open,High,Low,Close,Volume,Dividends,Stock Splits
2025-03-25 13:21:00+09:00,49850.0,49850.0,49650.0,49650.0,0,0.0,0.0
2025-03-25 13:22:00+09:00,49750.0,49800.0,49700.0,49750.0,702,0.0,0.0
2025-03-25 13:23:00+09:00,49800.0,49800.0,49750.0,49750.0,131,0.0,0.0
2025-03-25 13:24:00+09:00,49800.0,49800.0,49750.0,49750.0,220,0.0,0.0
2025-03-25 13:25:00+09:00,49750.0,49800.0,49750.0,49750.0,116,0.0,0.0
2025-03-25 13:26:00+09:00,49750.0,49800.0,49750.0,49750.0,354,0.0,0.0
2025-03-25 13:27:00+09:00,49750.0,49800.0,49750.0,49750.0,200,0.0,0.0
2025-03-25 13:28:00+09:00,49800.0,49800.0,49750.0,49750.0,188,0.0,0.0
2025-03-25 13:29:00+09:00,49750.0,49800.0,49750.0,49750.0,266,0.0,0.0
2025-03-25 13:30:00+09:00,49800.0,49800.0,49750.0,49750.0,263,0.0,0.0
2025-03-25 13:31:00+09:00,49750.0,49800.0,49750.0,49750.0,228,0.0,0.0
2025-03-25 13:32:00+09:00,49750.0,49800.0,49750.0,49750.0,223,0.0,0.0
2025-03-25 13:33:00+09:00,49750.0,49800.0,49750.0,49750.0,301,0.0,0.0
2025-03-25 13:34:00+09:00,49750.0,49850.0,49750.0,49800.0,773,0.0,0.0
2025-03-25 13:35:00+09:00,49800.0,49850.0,49750.0,49750.0,526,0.0,0.0
2025-03-25 13:36:00+09:00,49750.0,49800.0,49750.0,49750.0,209,0.0,0.0
2025-03-25 13:37:00+09:00,49750.0,49800.0,49750.0,49750.0,96,0.0,0.0
2025-03-25 13:38:00+09:00,49750.0,49800.0,49750.0,49800.0,365,0.0,0.0
2025-03-25 13:39:00+09:00,49750.0,49800.0,49750.0,49750.0,289,0.0,0.0
2025-03-25 13:40:00+09:00,49750.0,49800.0,49750.0,49750.0,76,0.0,0.0
2025-03-25 13:41:00+09:00,49750.0,49800.0,49700.0,49700.0,410,0.0,0.0
2025-03-25 13:42:00+09:00,49700.0,49900.0,49700.0,49800.0,2486,0.0,0.0
2025-03-25 13:43:00+09:00,49800.0,49850.0,49800.0,49800.0,271,0.0,0.0
2025-03-25 13:44:00+09:00,49800.0,49800.0,49675.0,49750.0,185,0.0,0.0
2025-03-25 13:45:00+09:00,49750.0,49800.0,49750.0,49800.0,199,0.0,0.0
2025-03-25 13:46:00+09:00,49800.0,49800.0,49750.0,49750.0,171,0.0,0.0
2025-03-25 13:47:00+09:00,49750.0,49800.0,49750.0,49750.0,214,0.0,0.0
2025-03-25 13:48:00+09:00,49750.0,49800.0,49750.0,49750.0,166,0.0,0.0
2025-03-25 13:49:00+09:00,49750.0,49800.0,49750.0,49750.0,165,0.0,0.0
2025-03-25 13:50:00+09:00,49800.0,49800.0,49700.0,49750.0,943,0.0,0.0
2025-03-25 13:51:00+09:00,49750.0,49800.0,49750.0,49750.0,336,0.0,0.0
2025-03-25 13:52:00+09:00,49750.0,49800.0,49750.0,49750.0,77,0.0,0.0
2025-03-25 13:53:00+09:00,49750.0,49800.0,49750.0,49750.0,275,0.0,0.0
2025-03-25 13:54:00+09:00,49800.0,49800.0,49750.0,49750.0,185,0.0,0.0
2025-03-25 13:55:00+09:00,49750.0,49800.0,49750.0,49800.0,70,0.0,0.0
2025-03-25 13:56:00+09:00,49750.0,49800.0,49750.0,49750.0,487,0.0,0.0
2025-03-25 13:57:00+09:00,49750.0,49800.0,49750.0,49750.0,200,0.0,0.0
2025-03-25 13:58:00+09:00,49750.0,49800.0,49750.0,49750.0,124,0.0,0.0
2025-03-25 13:59:00+09:00,49750.0,49800.0,49750.0,49800.0,693,0.0,0.0
2025-03-25 14:00:00+09:00,49750.0,49800.0,49750.0,49750.0,323,0.0,0.0
2025-03-25 14:01:00+09:00,49750.0,49800.0,49750.0,49800.0,102,0.0,0.0
2025-03-25 14:02:00+09:00,49750.0,49800.0,49750.0,49750.0,193,0.0,0.0
2025-03-25 14:03:00+09:00,49800.0,49800.0,49750.0,49750.0,275,0.0,0.0
2025-03-25 14:04:00+09:00,49750.0,49800.0,49750.0,49750.0,536,0.0,0.0
2025-03-25 14:05:00+09:00,49750.0,49850.0,49750.0,49850.0,921,0.0,0.0
2025-03-25 14:06:00+09:00,49800.0,49850.0,49800.0,49800.0,323,0.0,0.0
2025-03-25 14:07:00+09:00,49800.0,49850.0,49750.0,49750.0,1180,0.0,0.0
2025-03-25 14:08:00+09:00,49750.0,49800.0,49750.0,49800.0,383,0.0,0.0
2025-03-25 14:09:00+09:00,49750.0,49800.0,49750.0,49750.0,93,0.0,0.0
2025-03-25 14:10:00+09:00,49750.0,49800.0,49750.0,49750.0,272,0.0,0.0
2025-03-25 14:11:00+09:00,49750.0,49750.0,49700.0,49700.0,108,0.0,0.0
2025-03-25 14:12:00+09:00,49700.0,49750.0,49700.0,49750.0,242,0.0,0.0
2025-03-25 14:13:00+09:00,49700.0,49800.0,49600.0,49800.0,1221,0.0,0.0
2025-03-25 14:14:00+09:00,49750.0,49850.0,49625.0,49800.0,842,0.0,0.0
2025-03-25 14:15:00+09:00,49800.0,49850.0,49800.0,49800.0,201,0.0,0.0
2025-03-25 14:16:00+09:00,49800.0,49800.0,49750.0,49800.0,212,0.0,0.0
2025-03-25 14:17:00+09:00,49800.0,49800.0,49750.0,49775.0,276,0.0,0.0
2025-03-25 14:18:00+09:00,49775.0,49800.0,49750.0,49800.0,406,0.0,0.0
2025-03-25 14:19:00+09:00,49800.0,49800.0,49750.0,49750.0,122,0.0,0.0
2025-03-25 14:20:00+09:00,49800.0,49850.0,49800.0,49800.0,573,0.0,0.0
2025-03-25 14:21:00+09:00,49800.0,49900.0,49800.0,49850.0,1063,0.0,0.0
2025-03-25 14:22:00+09:00,49900.0,49900.0,49800.0,49850.0,425,0.0,0.0
2025-03-25 14:23:00+09:00,49850.0,49850.0,49800.0,49850.0,237,0.0,0.0
2025-03-25 14:24:00+09:00,49850.0,49900.0,49750.0,49750.0,491,0.0,0.0
2025-03-25 14:25:00+09:00,49750.0,49800.0,49750.0,49800.0,110,0.0,0.0
2025-03-25 14:26:00+09:00,49800.0,49850.0,49750.0,49800.0,300,0.0,0.0
2025-03-25 14:27:00+09:00,49800.0,49900.0,49800.0,49850.0,766,0.0,0.0
2025-03-25 14:28:00+09:00,49850.0,49900.0,49800.0,49900.0,789,0.0,0.0
2025-03-25 14:29:00+09:00,49850.0,49900.0,49800.0,49850.0,461,0.0,0.0
2025-03-25 14:30:00+09:00,49850.0,49900.0,49800.0,49800.0,250,0.0,0.0
2025-03-25 14:31:00+09:00,49800.0,49850.0,49800.0,49850.0,225,0.0,0.0
2025-03-25 14:32:00+09:00,49800.0,49850.0,49800.0,49850.0,199,0.0,0.0
2025-03-25 14:33:00+09:00,49850.0,49850.0,49650.0,49750.0,399,0.0,0.0
2025-03-25 14:34:00+09:00,49750.0,49800.0,49750.0,49750.0,92,0.0,0.0
2025-03-25 14:35:00+09:00,49750.0,49750.0,49650.0,49650.0,242,0.0,0.0
2025-03-25 14:36:00+09:00,49650.0,49800.0,49650.0,49750.0,190,0.0,0.0
2025-03-25 14:37:00+09:00,49750.0,49800.0,49750.0,49800.0,384,0.0,0.0
2025-03-25 14:38:00+09:00,49750.0,49800.0,49750.0,49750.0,302,0.0,0.0
2025-03-25 14:39:00+09:00,49750.0,49800.0,49750.0,49750.0,598,0.0,0.0
2025-03-25 14:40:00+09:00,49800.0,49800.0,49750.0,49750.0,209,0.0,0.0
2025-03-25 14:41:00+09:00,49750.0,49850.0,49750.0,49850.0,672,0.0,0.0
2025-03-25 14:42:00+09:00,49800.0,49850.0,49750.0,49750.0,353,0.0,0.0
2025-03-25 14:43:00+09:00,49800.0,49850.0,49800.0,49850.0,268,0.0,0.0
2025-03-25 14:44:00+09:00,49800.0,49850.0,49700.0,49800.0,258,0.0,0.0
2025-03-25 14:45:00+09:00,49800.0,49850.0,49750.0,49850.0,354,0.0,0.0
2025-03-25 14:46:00+09:00,49800.0,49850.0,49750.0,49800.0,229,0.0,0.0
2025-03-25 14:47:00+09:00,49800.0,49850.0,49800.0,49850.0,307,0.0,0.0
2025-03-25 14:48:00+09:00,49850.0,49850.0,49800.0,49800.0,303,0.0,0.0
2025-03-25 14:49:00+09:00,49800.0,49850.0,49800.0,49800.0,344,0.0,0.0
2025-03-25 14:50:00+09:00,49850.0,49850.0,49750.0,49800.0,394,0.0,0.0
2025-03-25 14:51:00+09:00,49800.0,49900.0,49800.0,49850.0,517,0.0,0.0
2025-03-25 14:52:00+09:00,49850.0,49900.0,49800.0,49850.0,318,0.0,0.0
2025-03-25 14:53:00+09:00,49850.0,49900.0,49750.0,49750.0,327,0.0,0.0
2025-03-25 14:54:00+09:00,49750.0,49850.0,49700.0,49700.0,346,0.0,0.0
2025-03-25 14:55:00+09:00,49700.0,49850.0,49700.0,49750.0,145,0.0,0.0
2025-03-25 14:56:00+09:00,49700.0,49850.0,49700.0,49800.0,229,0.0,0.0
2025-03-25 14:57:00+09:00,49800.0,49850.0,49700.0,49700.0,246,0.0,0.0
2025-03-25 14:58:00+09:00,49700.0,49800.0,49700.0,49750.0,88,0.0,0.0
2025-03-25 14:59:00+09:00,49750.0,49750.0,49650.0,49750.0,566,0.0,0.0
2025-03-26 09:00:00+09:00,50400.0,50500.0,50200.0,50400.0,3899,0.0,0.0
2025-03-26 09:01:00+09:00,50400.0,50400.0,50300.0,50300.0,758,0.0,0.0
2025-03-26 09:02:00+09:00,50300.0,50500.0,50300.0,50400.0,2927,0.0,0.0
2025-03-26 09:03:00+09:00,50400.0,50400.0,50300.0,50300.0,911,0.0,0.0
2025-03-26 09:04:00+09:00,50300.0,50400.0,50200.0,50300.0,306,0.0,0.0
2025-03-26 09:05:00+09:00,50300.0,50400.0,50300.0,50300.0,1225,0.0,0.0
2025-03-26 09:06:00+09:00,50300.0,50400.0,50100.0,50200.0,805,0.0,0.0
2025-03-26 09:07:00+09:00,50150.0,50200.0,50100.0,50200.0,273,0.0,0.0
2025-03-26 09:08:00+09:00,50200.0,50300.0,50100.0,50300.0,547,0.0,0.0
2025-03-26 09:09:00+09:00,50300.0,50400.0,50300.0,50400.0,951,0.0,0.0
2025-03-26 09:10:00+09:00,50400.0,50400.0,50300.0,50300.0,998,0.0,0.0
2025-03-26 09:11:00+09:00,50300.0,50500.0,50300.0,50400.0,4034,0.0,0.0
2025-03-26 09:12:00+09:00,50400.0,50400.0,50300.0,50400.0,1319,0.0,0.0
2025-03-26 09:13:00+09:00,50400.0,50400.0,50300.0,50400.0,177,0.0,0.0
2025-03-26 09:14:00+09:00,50400.0,50500.0,50300.0,50400.0,288,0.0,0.0
2025-03-26 09:15:00+09:00,50300.0,50400.0,50300.0,50300.0,32,0.0,0.0
2025-03-26 09:16:00+09:00,50400.0,50400.0,50300.0,50300.0,201,0.0,0.0
2025-03-26 09:17:00+09:00,50300.0,50300.0,50200.0,50300.0,531,0.0,0.0
2025-03-26 09:18:00+09:00,50300.0,50300.0,50200.0,50300.0,781,0.0,0.0
2025-03-26 09:19:00+09:00,50300.0,50400.0,50200.0,50200.0,388,0.0,0.0
2025-03-26 09:20:00+09:00,50200.0,50300.0,49900.0,50200.0,4261,0.0,0.0
2025-03-26 09:21:00+09:00,50200.0,50200.0,50100.0,50200.0,590,0.0,0.0
2025-03-26 09:22:00+09:00,50000.0,50200.0,50000.0,50100.0,352,0.0,0.0
2025-03-26 09:23:00+09:00,50100.0,50200.0,50100.0,50200.0,81,0.0,0.0
2025-03-26 09:24:00+09:00,50200.0,50200.0,49900.0,50100.0,958,0.0,0.0
2025-03-26 09:25:00+09:00,50100.0,50100.0,49900.0,50000.0,1802,0.0,0.0
2025-03-26 09:26:00+09:00,49950.0,50000.0,49950.0,49975.0,85,0.0,0.0
2025-03-26 09:27:00+09:00,50000.0,50200.0,50000.0,50000.0,114,0.0,0.0
2025-03-26 09:28:00+09:00,49950.0,50000.0,49950.0,49950.0,42,0.0,0.0
2025-03-26 09:29:00+09:00,50000.0,50000.0,49950.0,49950.0,330,0.0,0.0
2025-03-26 09:30:00+09:00,49950.0,50200.0,49950.0,50100.0,1379,0.0,0.0
2025-03-26 09:31:00+09:00,50100.0,50200.0,50000.0,50100.0,596,0.0,0.0
2025-03-26 09:32:00+09:00,50200.0,50200.0,50100.0,50100.0,703,0.0,0.0
2025-03-26 09:33:00+09:00,50100.0,50200.0,50100.0,50100.0,58,0.0,0.0
2025-03-26 09:34:00+09:00,50100.0,50200.0,50100.0,50100.0,607,0.0,0.0
2025-03-26 09:35:00+09:00,50100.0,50200.0,50100.0,50100.0,199,0.0,0.0
2025-03-26 09:36:00+09:00,50100.0,50200.0,50000.0,50200.0,1413,0.0,0.0
2025-03-26 09:37:00+09:00,50100.0,50200.0,50100.0,50100.0,316,0.0,0.0
2025-03-26 09:38:00+09:00,50100.0,50200.0,50100.0,50100.0,302,0.0,0.0
2025-03-26 09:39:00+09:00,50200.0,50200.0,50100.0,50100.0,71,0.0,0.0
2025-03-26 09:40:00+09:00,50100.0,50200.0,50100.0,50100.0,698,0.0,0.0
2025-03-26 09:41:00+09:00,50100.0,50200.0,50100.0,50200.0,769,0.0,0.0
2025-03-26 09:42:00+09:00,50100.0,50200.0,50100.0,50200.0,63,0.0,0.0
2025-03-26 09:43:00+09:00,50100.0,50200.0,50100.0,50200.0,303,0.0,0.0
2025-03-26 09:44:00+09:00,50200.0,50300.0,50200.0,50300.0,627,0.0,0.0
2025-03-26 09:45:00+09:00,50200.0,50300.0,50200.0,50300.0,613,0.0,0.0
2025-03-26 09:46:00+09:00,50200.0,50300.0,50200.0,50200.0,441,0.0,0.0
2025-03-26 09:47:00+09:00,50200.0,50300.0,50100.0,50300.0,325,0.0,0.0
2025-03-26 09:48:00+09:00,50300.0,50300.0,50200.0,50200.0,288,0.0,0.0
2025-03-26 09:49:00+09:00,50200.0,50300.0,50100.0,50100.0,935,0.0,0.0
2025-03-26 09:50:00+09:00,50100.0,50200.0,50100.0,50200.0,241,0.0,0.0
2025-03-26 09:51:00+09:00,50200.0,50300.0,50100.0,50200.0,65,0.0,0.0
2025-03-26 09:52:00+09:00,50200.0,50300.0,50200.0,50200.0,281,0.0,0.0
2025-03-26 09:53:00+09:00,50300.0,50300.0,50200.0,50200.0,138,0.0,0.0
2025-03-26 09:54:00+09:00,50200.0,50300.0,50200.0,50200.0,82,0.0,0.0
2025-03-26 09:55:00+09:00,50300.0,50300.0,50200.0,50300.0,747,0.0,0.0
2025-03-26 09:56:00+09:00,50200.0,50300.0,50200.0,50300.0,151,0.0,0.0
2025-03-26 09:57:00+09:00,50200.0,50200.0,50200.0,50200.0,0,0.0,0.0
2025-03-26 09:58:00+09:00,50200.0,50300.0,50200.0,50300.0,616,0.0,0.0
2025-03-26 09:59:00+09:00,50200.0,50300.0,50200.0,50200.0,394,0.0,0.0
2025-03-26 10:00:00+09:00,50200.0,50300.0,50200.0,50300.0,398,0.0,0.0
2025-03-26 10:01:00+09:00,50300.0,50300.0,50200.0,50200.0,257,0.0,0.0
2025-03-26 10:02:00+09:00,50200.0,50300.0,50200.0,50200.0,509,0.0,0.0
2025-03-26 10:03:00+09:00,50200.0,50300.0,50100.0,50300.0,394,0.0,0.0
2025-03-26 10:04:00+09:00,50300.0,50300.0,50100.0,50300.0,419,0.0,0.0
2025-03-26 10:05:00+09:00,50300.0,50300.0,50200.0,50200.0,0,0.0,0.0
2025-03-26 10:06:00+09:00,50200.0,50300.0,50200.0,50300.0,505,0.0,0.0
2025-03-26 10:07:00+09:00,50200.0,50300.0,50200.0,50200.0,90,0.0,0.0
2025-03-26 10:08:00+09:00,50200.0,50300.0,50200.0,50250.0,267,0.0,0.0
2025-03-26 10:09:00+09:00,50250.0,50300.0,50200.0,50200.0,94,0.0,0.0
2025-03-26 10:10:00+09:00,50200.0,50300.0,50200.0,50200.0,458,0.0,0.0
2025-03-26 10:11:00+09:00,50200.0,50300.0,50200.0,50300.0,159,0.0,0.0
2025-03-26 10:12:00+09:00,50200.0,50300.0,50200.0,50200.0,284,0.0,0.0
2025-03-26 10:13:00+09:00,50200.0,50200.0,49950.0,50200.0,3794,0.0,0.0
2025-03-26 10:14:00+09:00,50200.0,50200.0,49950.0,49950.0,833,0.0,0.0
2025-03-26 10:15:00+09:00,50100.0,50200.0,50000.0,50100.0,1,0.0,0.0
2025-03-26 10:16:00+09:00,50100.0,50200.0,49950.0,49950.0,1056,0.0,0.0
2025-03-26 10:17:00+09:00,49950.0,50200.0,49950.0,49950.0,1488,0.0,0.0
2025-03-26 10:18:00+09:00,50100.0,50200.0,49900.0,50200.0,1351,0.0,0.0
2025-03-26 10:19:00+09:00,50100.0,50200.0,49900.0,50000.0,537,0.0,0.0
2025-03-26 10:20:00+09:00,50000.0,50100.0,49900.0,49900.0,1509,0.0,0.0
2025-03-26 10:21:00+09:00,49900.0,50200.0,49900.0,50200.0,295,0.0,0.0
2025-03-26 10:22:00+09:00,50200.0,50200.0,50100.0,50200.0,84,0.0,0.0
2025-03-26 10:23:00+09:00,50200.0,50200.0,50100.0,50200.0,295,0.0,0.0
2025-03-26 10:24:00+09:00,50100.0,50200.0,50100.0,50200.0,63,0.0,0.0
2025-03-26 10:25:00+09:00,50100.0,50200.0,50100.0,50100.0,291,0.0,0.0
2025-03-26 10:26:00+09:00,50100.0,50200.0,50100.0,50100.0,326,0.0,0.0
2025-03-26 10:27:00+09:00,50200.0,50200.0,50100.0,50200.0,46,0.0,0.0
2025-03-26 10:28:00+09:00,50100.0,50200.0,50100.0,50100.0,35,0.0,0.0
2025-03-26 10:29:00+09:00,50200.0,50200.0,50100.0,50200.0,506,0.0,0.0
2025-03-26 10:30:00+09:00,50100.0,50200.0,50100.0,50200.0,101,0.0,0.0
2025-03-26 10:31:00+09:00,50100.0,50200.0,50100.0,50200.0,1016,0.0,0.0
2025-03-26 10:32:00+09:00,50100.0,50200.0,50100.0,50100.0,293,0.0,0.0
2025-03-26 10:33:00+09:00,50100.0,50200.0,50100.0,50100.0,45,0.0,0.0
2025-03-26 10:34:00+09:00,50200.0,50200.0,50100.0,50100.0,78,0.0,0.0
2025-03-26 10:35:00+09:00,50100.0,50200.0,50100.0,50100.0,54,0.0,0.0
2025-03-26 10:36:00+09:00,50100.0,50200.0,50000.0,50100.0,2565,0.0,0.0
2025-03-26 10:37:00+09:00,50000.0,50100.0,50000.0,50100.0,71,0.0,0.0
2025-03-26 10:38:00+09:00,50100.0,50100.0,50000.0,50000.0,52,0.0,0.0
2025-03-26 10:39:00+09:00,50100.0,50100.0,49950.0,49950.0,1111,0.0,0.0
2025-03-26 10:40:00+09:00,50000.0,50000.0,49950.0,50000.0,283,0.0,0.0
2025-03-26 10:41:00+09:00,49950.0,50000.0,49950.0,49950.0,98,0.0,0.0
2025-03-26 10:42:00+09:00,49950.0,50000.0,49950.0,50000.0,240,0.0,0.0
2025-03-26 10:43:00+09:00,49950.0,50000.0,49950.0,50000.0,133,0.0,0.0
2025-03-26 10:44:00+09:00,49950.0,50000.0,49950.0,49950.0,538,0.0,0.0
2025-03-26 10:45:00+09:00,50000.0,50000.0,49950.0,50000.0,230,0.0,0.0
2025-03-26 10:46:00+09:00,49950.0,50000.0,49950.0,49950.0,221,0.0,0.0
2025-03-26 10:47:00+09:00,49950.0,50100.0,49950.0,50000.0,265,0.0,0.0
2025-03-26 10:48:00+09:00,50000.0,50100.0,50000.0,50100.0,472,0.0,0.0
2025-03-26 10:49:00+09:00,50100.0,50100.0,50000.0,50100.0,123,0.0,0.0
2025-03-26 10:50:00+09:00,50100.0,50100.0,50000.0,50000.0,235,0.0,0.0
2025-03-26 10:51:00+09:00,50000.0,50100.0,50000.0,50100.0,1349,0.0,0.0
2025-03-26 10:52:00+09:00,50100.0,50100.0,50000.0,50000.0,198,0.0,0.0
2025-03-26 10:53:00+09:00,50000.0,50100.0,50000.0,50000.0,150,0.0,0.0
2025-03-26 10:54:00+09:00,50100.0,50100.0,50000.0,50000.0,137,0.0,0.0
2025-03-26 10:55:00+09:00,50100.0,50100.0,50000.0,50000.0,604,0.0,0.0
2025-03-26 10:56:00+09:00,50100.0,50100.0,50000.0,50100.0,397,0.0,0.0
2025-03-26 10:57:00+09:00,50000.0,50100.0,50000.0,50100.0,534,0.0,0.0
2025-03-26 10:58:00+09:00,50000.0,50100.0,50000.0,50100.0,468,0.0,0.0
2025-03-26 10:59:00+09:00,50100.0,50100.0,50000.0,50000.0,281,0.0,0.0
2025-03-26 11:00:00+09:00,50000.0,50100.0,49950.0,50100.0,294,0.0,0.0
2025-03-26 11:01:00+09:00,50000.0,50100.0,50000.0,50100.0,59,0.0,0.0
2025-03-26 11:02:00+09:00,50000.0,50100.0,50000.0,50000.0,449,0.0,0.0
2025-03-26 11:03:00+09:00,50000.0,50100.0,50000.0,50100.0,130,0.0,0.0
2025-03-26 11:04:00+09:00,50100.0,50100.0,50000.0,50100.0,447,0.0,0.0
2025-03-26 11:05:00+09:00,50000.0,50100.0,50000.0,50100.0,595,0.0,0.0
2025-03-26 11:06:00+09:00,50000.0,50100.0,50000.0,50100.0,414,0.0,0.0
2025-03-26 11:07:00+09:00,50000.0,50100.0,50000.0,50000.0,242,0.0,0.0
2025-03-26 11:08:00+09:00,50000.0,50100.0,50000.0,50100.0,259,0.0,0.0
2025-03-26 11:09:00+09:00,50000.0,50100.0,50000.0,50100.0,37,0.0,0.0
2025-03-26 11:10:00+09:00,50000.0,50100.0,50000.0,50100.0,1234,0.0,0.0
2025-03-26 11:11:00+09:00,50000.0,50100.0,50000.0,50000.0,431,0.0,0.0
2025-03-26 11:12:00+09:00,50000.0,50100.0,50000.0,50100.0,235,0.0,0.0
2025-03-26 11:13:00+09:00,50000.0,50100.0,49950.0,50100.0,949,0.0,0.0
2025-03-26 11:14:00+09:00,50000.0,50100.0,50000.0,50100.0,134,0.0,0.0
2025-03-26 11:15:00+09:00,50000.0,50100.0,50000.0,50100.0,115,0.0,0.0
2025-03-26 11:16:00+09:00,50100.0,50100.0,50000.0,50100.0,363,0.0,0.0
2025-03-26 11:17:00+09:00,50000.0,50100.0,50000.0,50100.0,404,0.0,0.0
2025-03-26 11:18:00+09:00,50000.0,50100.0,50000.0,50100.0,210,0.0,0.0
2025-03-26 11:19:00+09:00,50000.0,50100.0,50000.0,50000.0,271,0.0,0.0
2025-03-26 11:20:00+09:00,50000.0,50100.0,50000.0,50000.0,242,0.0,0.0
2025-03-26 11:21:00+09:00,50100.0,50100.0,50000.0,50100.0,324,0.0,0.0
2025-03-26 11:22:00+09:00,50000.0,50100.0,50000.0,50100.0,209,0.0,0.0
2025-03-26 11:23:00+09:00,50000.0,50100.0,50000.0,50100.0,349,0.0,0.0
2025-03-26 11:24:00+09:00,50100.0,50100.0,50000.0,50000.0,169,0.0,0.0
2025-03-26 11:25:00+09:00,50100.0,50100.0,50000.0,50100.0,1024,0.0,0.0
2025-03-26 11:26:00+09:00,50000.0,50100.0,50000.0,50100.0,160,0.0,0.0
2025-03-26 11:27:00+09:00,50000.0,50000.0,49950.0,50000.0,385,0.0,0.0
2025-03-26 11:28:00+09:00,49950.0,50000.0,49950.0,50000.0,459,0.0,0.0
2025-03-26 11:29:00+09:00,50000.0,50000.0,49950.0,50000.0,42,0.0,0.0
2025-03-26 11:30:00+09:00,49950.0,50000.0,49950.0,50000.0,279,0.0,0.0
2025-03-26 11:31:00+09:00,49950.0,50100.0,49950.0,50000.0,178,0.0,0.0
2025-03-26 11:32:00+09:00,50000.0,50100.0,50000.0,50100.0,327,0.0,0.0
2025-03-26 11:33:00+09:00,50000.0,50100.0,50000.0,50000.0,156,0.0,0.0
2025-03-26 11:34:00+09:00,50000.0,50100.0,50000.0,50100.0,129,0.0,0.0
2025-03-26 11:35:00+09:00,50000.0,50100.0,50000.0,50100.0,175,0.0,0.0
2025-03-26 11:36:00+09:00,50000.0,50100.0,50000.0,50000.0,530,0.0,0.0
2025-03-26 11:37:00+09:00,50000.0,50100.0,50000.0,50100.0,0,0.0,0.0
2025-03-26 11:38:00+09:00,50050.0,50100.0,50000.0,50100.0,226,0.0,0.0
2025-03-26 11:39:00+09:00,50000.0,50100.0,50000.0,50100.0,75,0.0,0.0
2025-03-26 11:40:00+09:00,50000.0,50100.0,50000.0,50100.0,526,0.0,0.0
2025-03-26 11:41:00+09:00,50000.0,50100.0,50000.0,50100.0,981,0.0,0.0
2025-03-26 11:42:00+09:00,50000.0,50100.0,50000.0,50100.0,168,0.0,0.0
2025-03-26 11:43:00+09:00,50000.0,50100.0,50000.0,50100.0,406,0.0,0.0
2025-03-26 11:44:00+09:00,50000.0,50100.0,50000.0,50100.0,173,0.0,0.0
2025-03-26 11:45:00+09:00,50000.0,50100.0,50000.0,50100.0,155,0.0,0.0
2025-03-26 11:46:00+09:00,50000.0,50100.0,50000.0,50100.0,484,0.0,0.0
2025-03-26 11:47:00+09:00,50000.0,50100.0,50000.0,50100.0,331,0.0,0.0
2025-03-26 11:48:00+09:00,50000.0,50100.0,50000.0,50100.0,407,0.0,0.0
2025-03-26 11:49:00+09:00,50000.0,50100.0,50000.0,50100.0,84,0.0,0.0
2025-03-26 11:50:00+09:00,50000.0,50100.0,50000.0,50100.0,250,0.0,0.0
2025-03-26 11:51:00+09:00,50000.0,50100.0,50000.0,50100.0,402,0.0,0.0
2025-03-26 11:52:00+09:00,50000.0,50100.0,50000.0,50100.0,506,0.0,0.0
2025-03-26 11:53:00+09:00,50000.0,50100.0,50000.0,50100.0,133,0.0,0.0
2025-03-26 11:54:00+09:00,50100.0,50100.0,50000.0,50100.0,192,0.0,0.0
2025-03-26 11:55:00+09:00,50100.0,50100.0,50000.0,50100.0,370,0.0,0.0
2025-03-26 11:56:00+09:00,50000.0,50000.0,50000.0,50000.0,265,0.0,0.0
2025-03-26 11:57:00+09:00,50100.0,50100.0,50000.0,50000.0,9,0.0,0.0
2025-03-26 11:58:00+09:00,50000.0,50100.0,50000.0,50000.0,673,0.0,0.0
2025-03-26 11:59:00+09:00,50100.0,50100.0,50000.0,50000.0,0,0.0,0.0
2025-03-26 12:00:00+09:00,50000.0,50100.0,50000.0,50000.0,457,0.0,0.0
2025-03-26 12:01:00+09:00,50100.0,50100.0,50000.0,50000.0,127,0.0,0.0
2025-03-26 12:02:00+09:00,50000.0,50100.0,50000.0,50000.0,668,0.0,0.0
2025-03-26 12:03:00+09:00,50100.0,50100.0,49950.0,49950.0,1275,0.0,0.0
2025-03-26 12:04:00+09:00,50000.0,50000.0,49950.0,50000.0,190,0.0,0.0
2025-03-26 12:05:00+09:00,50000.0,50000.0,49950.0,49950.0,338,0.0,0.0
2025-03-26 12:06:00+09:00,49975.0,50000.0,49950.0,49950.0,549,0.0,0.0
2025-03-26 12:07:00+09:00,49950.0,50000.0,49950.0,49950.0,256,0.0,0.0
2025-03-26 12:08:00+09:00,49950.0,50000.0,49950.0,49950.0,248,0.0,0.0
2025-03-26 12:09:00+09:00,49950.0,50000.0,49950.0,49950.0,300,0.0,0.0
2025-03-26 12:10:00+09:00,50000.0,50000.0,49950.0,49950.0,874,0.0,0.0
2025-03-26 12:11:00+09:00,49950.0,50000.0,49950.0,49950.0,304,0.0,0.0
2025-03-26 12:12:00+09:00,49950.0,50000.0,49950.0,49950.0,170,0.0,0.0
2025-03-26 12:13:00+09:00,49950.0,50000.0,49950.0,49950.0,630,0.0,0.0
2025-03-26 12:14:00+09:00,49950.0,50000.0,49950.0,49950.0,0,0.0,0.0
2025-03-26 12:15:00+09:00,49950.0,50000.0,49950.0,49950.0,223,0.0,0.0
2025-03-26 12:16:00+09:00,49950.0,50000.0,49950.0,49950.0,1094,0.0,0.0
2025-03-26 12:17:00+09:00,49950.0,50000.0,49950.0,49950.0,473,0.0,0.0
2025-03-26 12:18:00+09:00,50000.0,50000.0,49950.0,49950.0,254,0.0,0.0
2025-03-26 12:19:00+09:00,49950.0,50000.0,49950.0,50000.0,1117,0.0,0.0
2025-03-26 12:20:00+09:00,49950.0,50000.0,49950.0,49950.0,350,0.0,0.0
2025-03-26 12:21:00+09:00,49950.0,50000.0,49950.0,49950.0,573,0.0,0.0
2025-03-26 12:22:00+09:00,49950.0,49950.0,49950.0,49950.0,158,0.0,0.0
2025-03-26 12:23:00+09:00,49950.0,50000.0,49950.0,49950.0,775,0.0,0.0
2025-03-26 12:24:00+09:00,49950.0,50000.0,49900.0,50000.0,435,0.0,0.0
2025-03-26 12:25:00+09:00,49950.0,50000.0,49950.0,49950.0,290,0.0,0.0
2025-03-26 12:26:00+09:00,49950.0,50000.0,49950.0,49950.0,42,0.0,0.0
2025-03-26 12:27:00+09:00,50000.0,50100.0,49950.0,49950.0,1033,0.0,0.0
2025-03-26 12:28:00+09:00,49950.0,50100.0,49950.0,50000.0,465,0.0,0.0
2025-03-26 12:29:00+09:00,50000.0,50000.0,50000.0,50000.0,209,0.0,0.0
2025-03-26 12:30:00+09:00,50000.0,50100.0,50000.0,50000.0,263,0.0,0.0
2025-03-26 12:31:00+09:00,50000.0,50100.0,50000.0,50000.0,1370,0.0,0.0
2025-03-26 12:32:00+09:00,50000.0,50100.0,50000.0,50000.0,245,0.0,0.0
2025-03-26 12:33:00+09:00,50000.0,50100.0,49900.0,49950.0,1980,0.0,0.0
2025-03-26 12:34:00+09:00,49950.0,50000.0,49900.0,49950.0,307,0.0,0.0
2025-03-26 12:35:00+09:00,49950.0,49950.0,49900.0,49950.0,186,0.0,0.0
2025-03-26 12:36:00+09:00,49950.0,50000.0,49900.0,49950.0,716,0.0,0.0
2025-03-26 12:37:00+09:00,49950.0,50000.0,49950.0,49950.0,520,0.0,0.0
2025-03-26 12:38:00+09:00,49950.0,50000.0,49950.0,49950.0,365,0.0,0.0
2025-03-26 12:39:00+09:00,49950.0,50000.0,49950.0,49950.0,399,0.0,0.0
2025-03-26 12:40:00+09:00,49950.0,50000.0,49950.0,49950.0,355,0.0,0.0
2025-03-26 12:41:00+09:00,49950.0,50000.0,49950.0,49950.0,457,0.0,0.0
2025-03-26 12:42:00+09:00,50000.0,50000.0,49900.0,49950.0,261,0.0,0.0
2025-03-26 12:43:00+09:00,49950.0,50000.0,49900.0,49950.0,589,0.0,0.0
2025-03-26 12:44:00+09:00,50000.0,50000.0,49900.0,49900.0,234,0.0,0.0
2025-03-26 12:45:00+09:00,49900.0,49950.0,49900.0,49950.0,204,0.0,0.0
2025-03-26 12:46:00+09:00,49900.0,49900.0,49900.0,49900.0,347,0.0,0.0
2025-03-26 12:47:00+09:00,49900.0,50000.0,49900.0,49950.0,298,0.0,0.0
2025-03-26 12:48:00+09:00,49950.0,50000.0,49900.0,49900.0,275,0.0,0.0
2025-03-26 12:49:00+09:00,49900.0,49950.0,49900.0,49900.0,252,0.0,0.0
2025-03-26 12:50:00+09:00,49900.0,49950.0,49900.0,49900.0,284,0.0,0.0
2025-03-26 12:51:00+09:00,49900.0,49950.0,49900.0,49900.0,505,0.0,0.0
2025-03-26 12:52:00+09:00,49900.0,49950.0,49900.0,49900.0,62,0.0,0.0
2025-03-26 12:53:00+09:00,49900.0,49950.0,49900.0,49900.0,487,0.0,0.0
2025-03-26 12:54:00+09:00,49900.0,49950.0,49900.0,49900.0,1152,0.0,0.0
2025-03-26 12:55:00+09:00,49900.0,49950.0,49900.0,49900.0,308,0.0,0.0
2025-03-26 12:56:00+09:00,49900.0,49950.0,49900.0,49900.0,49,0.0,0.0
2025-03-26 12:57:00+09:00,49900.0,49900.0,49900.0,49900.0,199,0.0,0.0
2025-03-26 12:58:00+09:00,49900.0,49950.0,49900.0,49900.0,597,0.0,0.0
2025-03-26 12:59:00+09:00,49900.0,49950.0,49900.0,49900.0,182,0.0,0.0
2025-03-26 13:00:00+09:00,49900.0,49950.0,49900.0,49900.0,926,0.0,0.0
2025-03-26 13:01:00+09:00,49900.0,49950.0,49900.0,49900.0,284,0.0,0.0
2025-03-26 13:02:00+09:00,49950.0,49950.0,49900.0,49900.0,568,0.0,0.0
2025-03-26 13:03:00+09:00,49900.0,49900.0,49850.0,49875.0,956,0.0,0.0
2025-03-26 13:04:00+09:00,49875.0,49900.0,49850.0,49850.0,119,0.0,0.0
2025-03-26 13:05:00+09:00,49850.0,49950.0,49850.0,49900.0,654,0.0,0.0
2025-03-26 13:06:00+09:00,49850.0,49900.0,49850.0,49850.0,370,0.0,0.0
2025-03-26 13:07:00+09:00,49900.0,49900.0,49850.0,49850.0,249,0.0,0.0
2025-03-26 13:08:00+09:00,49850.0,49900.0,49850.0,49900.0,272,0.0,0.0
2025-03-26 13:09:00+09:00,49850.0,49900.0,49850.0,49850.0,471,0.0,0.0
2025-03-26 13:10:00+09:00,49900.0,49900.0,49850.0,49850.0,841,0.0,0.0
2025-03-26 13:11:00+09:00,49900.0,49900.0,49850.0,49850.0,465,0.0,0.0
2025-03-26 13:12:00+09:00,49850.0,49900.0,49800.0,49850.0,670,0.0,0.0
2025-03-26 13:13:00+09:00,49850.0,49900.0,49800.0,49800.0,1814,0.0,0.0
2025-03-26 13:14:00+09:00,49850.0,49900.0,49850.0,49850.0,1669,0.0,0.0
2025-03-26 13:15:00+09:00,49900.0,49900.0,49800.0,49800.0,172,0.0,0.0
2025-03-26 13:16:00+09:00,49850.0,49850.0,49800.0,49850.0,615,0.0,0.0
2025-03-26 13:17:00+09:00,49900.0,49950.0,49900.0,49900.0,0,0.0,0.0
2025-03-26 13:18:00+09:00,49900.0,49950.0,49900.0,49950.0,563,0.0,0.0
2025-03-26 13:19:00+09:00,49900.0,49950.0,49900.0,49950.0,153,0.0,0.0
2025-03-26 13:20:00+09:00,49900.0,49950.0,49900.0,49900.0,148,0.0,0.0
2025-03-26 13:21:00+09:00,49900.0,49950.0,49850.0,49900.0,701,0.0,0.0
2025-03-26 13:22:00+09:00,49900.0,49950.0,49900.0,49900.0,30,0.0,0.0
2025-03-26 13:23:00+09:00,49900.0,49950.0,49900.0,49900.0,679,0.0,0.0
2025-03-26 13:24:00+09:00,49900.0,50000.0,49900.0,50000.0,1012,0.0,0.0
2025-03-26 13:25:00+09:00,50000.0,50000.0,49900.0,49950.0,15,0.0,0.0
2025-03-26 13:26:00+09:00,49950.0,49950.0,49900.0,49900.0,477,0.0,0.0
2025-03-26 13:27:00+09:00,49900.0,50000.0,49900.0,50000.0,555,0.0,0.0
2025-03-26 13:28:00+09:00,50100.0,50100.0,49950.0,49950.0,1108,0.0,0.0
2025-03-26 13:29:00+09:00,49950.0,50000.0,49950.0,49950.0,160,0.0,0.0
2025-03-26 13:30:00+09:00,49950.0,50100.0,49950.0,50000.0,405,0.0,0.0
2025-03-26 13:31:00+09:00,50000.0,50050.0,49975.0,50000.0,431,0.0,0.0
2025-03-26 13:32:00+09:00,50000.0,50100.0,49950.0,50000.0,142,0.0,0.0
2025-03-26 13:33:00+09:00,50000.0,50100.0,50000.0,50000.0,156,0.0,0.0
2025-03-26 13:34:00+09:00,50000.0,50100.0,50000.0,50000.0,508,0.0,0.0
2025-03-26 13:35:00+09:00,50000.0,50100.0,49900.0,50000.0,662,0.0,0.0
2025-03-26 13:36:00+09:00,50100.0,50100.0,50000.0,50100.0,425,0.0,0.0
2025-03-26 13:37:00+09:00,50100.0,50100.0,49900.0,49950.0,733,0.0,0.0
2025-03-26 13:38:00+09:00,49900.0,49950.0,49900.0,49950.0,235,0.0,0.0
2025-03-26 13:39:00+09:00,49950.0,50000.0,49900.0,49950.0,534,0.0,0.0
2025-03-26 13:40:00+09:00,49950.0,50000.0,49900.0,49900.0,45,0.0,0.0
2025-03-26 13:41:00+09:00,49900.0,49950.0,49900.0,49900.0,357,0.0,0.0
2025-03-26 13:42:00+09:00,49950.0,50000.0,49900.0,49950.0,181,0.0,0.0
2025-03-26 13:43:00+09:00,49950.0,50000.0,49950.0,49950.0,503,0.0,0.0
2025-03-26 13:44:00+09:00,49950.0,50000.0,49950.0,49950.0,389,0.0,0.0
2025-03-26 13:45:00+09:00,49975.0,50100.0,49950.0,50100.0,1308,0.0,0.0
2025-03-26 13:46:00+09:00,50100.0,50100.0,50000.0,50000.0,148,0.0,0.0
2025-03-26 13:47:00+09:00,50100.0,50100.0,49950.0,49950.0,970,0.0,0.0
2025-03-26 13:48:00+09:00,50000.0,50100.0,49950.0,50100.0,524,0.0,0.0
2025-03-26 13:49:00+09:00,50000.0,50100.0,49950.0,49950.0,139,0.0,0.0
2025-03-26 13:50:00+09:00,49950.0,50000.0,49950.0,50000.0,377,0.0,0.0
2025-03-26 13:51:00+09:00,50100.0,50100.0,50000.0,50000.0,469,0.0,0.0
2025-03-26 13:52:00+09:00,50050.0,50100.0,49950.0,50000.0,575,0.0,0.0
2025-03-26 13:53:00+09:00,49950.0,50000.0,49900.0,49950.0,534,0.0,0.0
2025-03-26 13:54:00+09:00,49950.0,50050.0,49900.0,50000.0,268,0.0,0.0
2025-03-26 13:55:00+09:00,50000.0,50100.0,50000.0,50000.0,132,0.0,0.0
2025-03-26 13:56:00+09:00,50100.0,50100.0,50000.0,50000.0,230,0.0,0.0
2025-03-26 13:57:00+09:00,50000.0,50100.0,50000.0,50000.0,1313,0.0,0.0
2025-03-26 13:58:00+09:00,50100.0,50100.0,50000.0,50000.0,642,0.0,0.0
2025-03-26 13:59:00+09:00,50000.0,50100.0,50000.0,50000.0,317,0.0,0.0
2025-03-26 14:00:00+09:00,50100.0,50100.0,50000.0,50000.0,0,0.0,0.0
2025-03-26 14:01:00+09:00,50100.0,50100.0,50000.0,50000.0,88,0.0,0.0
2025-03-26 14:02:00+09:00,50050.0,50100.0,50000.0,50000.0,540,0.0,0.0
2025-03-26 14:03:00+09:00,50100.0,50100.0,50000.0,50100.0,298,0.0,0.0
2025-03-26 14:04:00+09:00,50000.0,50100.0,50000.0,50100.0,341,0.0,0.0
2025-03-26 14:05:00+09:00,50000.0,50100.0,50000.0,50000.0,1195,0.0,0.0
2025-03-26 14:06:00+09:00,50000.0,50100.0,50000.0,50100.0,55,0.0,0.0
2025-03-26 14:07:00+09:00,50000.0,50100.0,50000.0,50100.0,595,0.0,0.0
2025-03-26 14:08:00+09:00,50000.0,50100.0,50000.0,50000.0,267,0.0,0.0
2025-03-26 14:09:00+09:00,50050.0,50100.0,50000.0,50000.0,604,0.0,0.0
2025-03-26 14:10:00+09:00,50000.0,50100.0,50000.0,50000.0,259,0.0,0.0
2025-03-26 14:11:00+09:00,50000.0,50100.0,50000.0,50100.0,472,0.0,0.0
2025-03-26 14:12:00+09:00,50000.0,50100.0,50000.0,50100.0,110,0.0,0.0
2025-03-26 14:13:00+09:00,50100.0,50100.0,50000.0,50100.0,538,0.0,0.0
2025-03-26 14:14:00+09:00,50000.0,50100.0,50000.0,50100.0,121,0.0,0.0
2025-03-26 14:15:00+09:00,50000.0,50100.0,50000.0,50050.0,611,0.0,0.0
2025-03-26 14:16:00+09:00,50000.0,50100.0,50000.0,50100.0,480,0.0,0.0
2025-03-26 14:17:00+09:00,50100.0,50100.0,50000.0,50000.0,379,0.0,0.0
2025-03-26 14:18:00+09:00,50100.0,50100.0,50000.0,50100.0,58,0.0,0.0
2025-03-26 14:19:00+09:00,50000.0,50100.0,50000.0,50000.0,55,0.0,0.0
2025-03-26 14:20:00+09:00,50000.0,50100.0,50000.0,50100.0,582,0.0,0.0
2025-03-26 14:21:00+09:00,50100.0,50100.0,50000.0,50000.0,446,0.0,0.0
2025-03-26 14:22:00+09:00,50000.0,50100.0,50000.0,50100.0,494,0.0,0.0
2025-03-26 14:23:00+09:00,50000.0,50100.0,50000.0,50000.0,81,0.0,0.0
2025-03-26 14:24:00+09:00,50000.0,50100.0,50000.0,50000.0,308,0.0,0.0
2025-03-26 14:25:00+09:00,50000.0,50100.0,50000.0,50050.0,359,0.0,0.0
2025-03-26 14:26:00+09:00,50000.0,50100.0,50000.0,50000.0,69,0.0,0.0
2025-03-26 14:27:00+09:00,50000.0,50100.0,50000.0,50000.0,103,0.0,0.0
2025-03-26 14:28:00+09:00,50100.0,50100.0,50000.0,50000.0,547,0.0,0.0
2025-03-26 14:29:00+09:00,50100.0,50100.0,50000.0,50000.0,128,0.0,0.0
2025-03-26 14:30:00+09:00,50000.0,50100.0,50000.0,50000.0,266,0.0,0.0
2025-03-26 14:31:00+09:00,50100.0,50100.0,50000.0,50000.0,98,0.0,0.0
2025-03-26 14:32:00+09:00,50100.0,50100.0,50000.0,50000.0,373,0.0,0.0
2025-03-26 14:33:00+09:00,50000.0,50100.0,50000.0,50000.0,85,0.0,0.0
2025-03-26 14:34:00+09:00,50000.0,50100.0,50000.0,50100.0,325,0.0,0.0
2025-03-26 14:35:00+09:00,50000.0,50100.0,50000.0,50000.0,312,0.0,0.0
2025-03-26 14:36:00+09:00,50000.0,50100.0,49950.0,49950.0,1000,0.0,0.0
2025-03-26 14:37:00+09:00,49950.0,50000.0,49950.0,49950.0,0,0.0,0.0
2025-03-26 14:38:00+09:00,49975.0,50000.0,49950.0,49950.0,41,0.0,0.0
2025-03-26 14:39:00+09:00,49950.0,50100.0,49950.0,50000.0,407,0.0,0.0
2025-03-26 14:40:00+09:00,50100.0,50200.0,50000.0,50100.0,1362,0.0,0.0
2025-03-26 14:41:00+09:00,50100.0,50100.0,50000.0,50000.0,104,0.0,0.0
2025-03-26 14:42:00+09:00,50100.0,50100.0,50000.0,50000.0,131,0.0,0.0
2025-03-26 14:43:00+09:00,50000.0,50100.0,50000.0,50100.0,344,0.0,0.0
2025-03-26 14:44:00+09:00,50100.0,50100.0,50000.0,50000.0,481,0.0,0.0
2025-03-26 14:45:00+09:00,50000.0,50100.0,50000.0,50100.0,236,0.0,0.0
2025-03-26 14:46:00+09:00,50100.0,50100.0,49900.0,49950.0,1489,0.0,0.0
2025-03-26 14:47:00+09:00,49950.0,50000.0,49950.0,49950.0,161,0.0,0.0
2025-03-26 14:48:00+09:00,49950.0,50000.0,49950.0,50000.0,187,0.0,0.0
2025-03-26 14:49:00+09:00,50000.0,50000.0,49950.0,49950.0,155,0.0,0.0
2025-03-26 14:50:00+09:00,49975.0,50000.0,49950.0,50000.0,502,0.0,0.0
2025-03-26 14:51:00+09:00,49950.0,50100.0,49950.0,50100.0,407,0.0,0.0
2025-03-26 14:52:00+09:00,50100.0,50100.0,49950.0,50000.0,483,0.0,0.0
2025-03-26 14:53:00+09:00,49950.0,50000.0,49900.0,49950.0,200,0.0,0.0
2025-03-26 14:54:00+09:00,49950.0,50000.0,49900.0,50000.0,354,0.0,0.0
2025-03-26 14:55:00+09:00,50000.0,50000.0,49900.0,50000.0,416,0.0,0.0
2025-03-26 14:56:00+09:00,50000.0,50000.0,49900.0,49950.0,133,0.0,0.0
2025-03-26 14:57:00+09:00,49900.0,49950.0,49900.0,49900.0,105,0.0,0.0
2025-03-26 14:58:00+09:00,49950.0,50000.0,49900.0,49950.0,940,0.0,0.0
2025-03-26 14:59:00+09:00,49900.0,49950.0,49850.0,49900.0,216,0.0,0.0
2025-03-27 09:00:00+09:00,49450.0,49750.0,49450.0,49750.0,4721,0.0,0.0
2025-03-27 09:01:00+09:00,49750.0,49800.0,49600.0,49650.0,854,0.0,0.0
2025-03-27 09:02:00+09:00,49650.0,49700.0,49600.0,49650.0,299,0.0,0.0
2025-03-27 09:03:00+09:00,49650.0,49650.0,49600.0,49650.0,478,0.0,0.0
2025-03-27 09:04:00+09:00,49600.0,49650.0,49600.0,49650.0,748,0.0,0.0
2025-03-27 09:05:00+09:00,49750.0,49750.0,49650.0,49700.0,621,0.0,0.0
2025-03-27 09:06:00+09:00,49700.0,49750.0,49700.0,49750.0,270,0.0,0.0
2025-03-27 09:07:00+09:00,49750.0,49800.0,49750.0,49800.0,1108,0.0,0.0
2025-03-27 09:08:00+09:00,49800.0,49950.0,49800.0,49950.0,768,0.0,0.0
2025-03-27 09:09:00+09:00,49900.0,49950.0,49900.0,49950.0,671,0.0,0.0
2025-03-27 09:10:00+09:00,49900.0,50000.0,49900.0,49950.0,170,0.0,0.0
2025-03-27 09:11:00+09:00,49950.0,50000.0,49850.0,50000.0,765,0.0,0.0
2025-03-27 09:12:00+09:00,50000.0,50000.0,49800.0,49950.0,684,0.0,0.0
2025-03-27 09:13:00+09:00,49950.0,49950.0,49850.0,49900.0,190,0.0,0.0
2025-03-27 09:14:00+09:00,50000.0,50000.0,49950.0,49950.0,40,0.0,0.0
2025-03-27 09:15:00+09:00,49950.0,50000.0,49950.0,50000.0,152,0.0,0.0
2025-03-27 09:16:00+09:00,50000.0,50100.0,49950.0,50000.0,922,0.0,0.0
2025-03-27 09:17:00+09:00,50100.0,50100.0,50000.0,50100.0,70,0.0,0.0
2025-03-27 09:18:00+09:00,50100.0,50100.0,50000.0,50100.0,461,0.0,0.0
2025-03-27 09:19:00+09:00,50100.0,50100.0,50000.0,50100.0,84,0.0,0.0
2025-03-27 09:20:00+09:00,50100.0,50100.0,50000.0,50100.0,302,0.0,0.0
2025-03-27 09:21:00+09:00,50100.0,50100.0,50000.0,50000.0,97,0.0,0.0
2025-03-27 09:22:00+09:00,50000.0,50100.0,49925.0,50000.0,681,0.0,0.0
2025-03-27 09:23:00+09:00,50000.0,50100.0,50000.0,50100.0,263,0.0,0.0
2025-03-27 09:24:00+09:00,50100.0,50100.0,50000.0,50000.0,51,0.0,0.0
2025-03-27 09:25:00+09:00,50100.0,50100.0,50000.0,50100.0,82,0.0,0.0
2025-03-27 09:26:00+09:00,50100.0,50100.0,50000.0,50000.0,219,0.0,0.0
2025-03-27 09:27:00+09:00,50100.0,50100.0,50100.0,50100.0,279,0.0,0.0
2025-03-27 09:28:00+09:00,50100.0,50100.0,50000.0,50050.0,178,0.0,0.0
2025-03-27 09:29:00+09:00,50000.0,50100.0,50000.0,50100.0,437,0.0,0.0
2025-03-27 09:30:00+09:00,50100.0,50100.0,50000.0,50100.0,302,0.0,0.0
2025-03-27 09:31:00+09:00,50100.0,50100.0,50000.0,50100.0,638,0.0,0.0
2025-03-27 09:32:00+09:00,50100.0,50200.0,50000.0,50200.0,1233,0.0,0.0
2025-03-27 09:33:00+09:00,50200.0,50200.0,50100.0,50200.0,1036,0.0,0.0
2025-03-27 09:34:00+09:00,50200.0,50200.0,50100.0,50100.0,1211,0.0,0.0
2025-03-27 09:35:00+09:00,50200.0,50200.0,50100.0,50200.0,966,0.0,0.0
2025-03-27 09:36:00+09:00,50200.0,50300.0,50200.0,50200.0,1098,0.0,0.0
2025-03-27 09:37:00+09:00,50200.0,50300.0,50200.0,50300.0,1496,0.0,0.0
2025-03-27 09:38:00+09:00,50300.0,50400.0,50250.0,50400.0,1917,0.0,0.0
2025-03-27 09:39:00+09:00,50400.0,50400.0,50300.0,50400.0,1021,0.0,0.0
2025-03-27 09:40:00+09:00,50400.0,50400.0,50300.0,50400.0,2636,0.0,0.0
2025-03-27 09:41:00+09:00,50400.0,50500.0,50400.0,50500.0,2227,0.0,0.0
2025-03-27 09:42:00+09:00,50500.0,50500.0,50300.0,50500.0,945,0.0,0.0
2025-03-27 09:43:00+09:00,50500.0,50500.0,50400.0,50500.0,1239,0.0,0.0
2025-03-27 09:44:00+09:00,50500.0,50500.0,50400.0,50400.0,1045,0.0,0.0
2025-03-27 09:45:00+09:00,50500.0,50500.0,50300.0,50400.0,1722,0.0,0.0
2025-03-27 09:46:00+09:00,50450.0,50500.0,50400.0,50400.0,503,0.0,0.0
2025-03-27 09:47:00+09:00,50500.0,50500.0,50400.0,50500.0,976,0.0,0.0
2025-03-27 09:48:00+09:00,50500.0,50550.0,50400.0,50400.0,1291,0.0,0.0
2025-03-27 09:49:00+09:00,50500.0,50600.0,50400.0,50400.0,946,0.0,0.0
2025-03-27 09:50:00+09:00,50500.0,50500.0,50400.0,50450.0,887,0.0,0.0
2025-03-27 09:51:00+09:00,50450.0,50550.0,50400.0,50400.0,768,0.0,0.0
2025-03-27 09:52:00+09:00,50500.0,50500.0,50300.0,50300.0,1744,0.0,0.0
2025-03-27 09:53:00+09:00,50300.0,50400.0,50300.0,50400.0,1225,0.0,0.0
2025-03-27 09:54:00+09:00,50300.0,50400.0,50300.0,50300.0,0,0.0,0.0
2025-03-27 09:55:00+09:00,50400.0,50400.0,50300.0,50300.0,420,0.0,0.0
2025-03-27 09:56:00+09:00,50300.0,50500.0,50300.0,50500.0,540,0.0,0.0
2025-03-27 09:57:00+09:00,50400.0,50500.0,50400.0,50500.0,10,0.0,0.0
2025-03-27 09:58:00+09:00,50500.0,50500.0,50400.0,50400.0,1233,0.0,0.0
2025-03-27 09:59:00+09:00,50400.0,50500.0,50400.0,50500.0,899,0.0,0.0
2025-03-27 10:00:00+09:00,50500.0,50600.0,50400.0,50400.0,4314,0.0,0.0
2025-03-27 10:01:00+09:00,50500.0,50600.0,50400.0,50500.0,564,0.0,0.0
2025-03-27 10:02:00+09:00,50500.0,50500.0,50400.0,50500.0,607,0.0,0.0
2025-03-27 10:03:00+09:00,50400.0,50400.0,50300.0,50300.0,537,0.0,0.0
2025-03-27 10:04:00+09:00,50400.0,50400.0,50300.0,50300.0,247,0.0,0.0
2025-03-27 10:05:00+09:00,50300.0,50500.0,50300.0,50450.0,249,0.0,0.0
2025-03-27 10:06:00+09:00,50450.0,50450.0,50300.0,50300.0,323,0.0,0.0
2025-03-27 10:07:00+09:00,50300.0,50400.0,50300.0,50400.0,235,0.0,0.0
2025-03-27 10:08:00+09:00,50400.0,50500.0,50300.0,50300.0,804,0.0,0.0
2025-03-27 10:09:00+09:00,50300.0,50400.0,50300.0,50300.0,319,0.0,0.0
2025-03-27 10:10:00+09:00,50300.0,50400.0,50300.0,50300.0,458,0.0,0.0
2025-03-27 10:11:00+09:00,50300.0,50400.0,50300.0,50400.0,515,0.0,0.0
2025-03-27 10:12:00+09:00,50350.0,50400.0,50300.0,50300.0,1494,0.0,0.0
2025-03-27 10:13:00+09:00,50300.0,50400.0,50300.0,50400.0,724,0.0,0.0
2025-03-27 10:14:00+09:00,50400.0,50400.0,50300.0,50300.0,291,0.0,0.0
2025-03-27 10:15:00+09:00,50300.0,50400.0,50300.0,50300.0,745,0.0,0.0
2025-03-27 10:16:00+09:00,50300.0,50400.0,50300.0,50400.0,745,0.0,0.0
2025-03-27 10:17:00+09:00,50300.0,50400.0,50300.0,50300.0,12,0.0,0.0
2025-03-27 10:18:00+09:00,50300.0,50400.0,50300.0,50400.0,234,0.0,0.0
2025-03-27 10:19:00+09:00,50300.0,50400.0,50300.0,50400.0,485,0.0,0.0
2025-03-27 10:20:00+09:00,50300.0,50400.0,50300.0,50300.0,538,0.0,0.0
2025-03-27 10:21:00+09:00,50300.0,50500.0,50300.0,50400.0,335,0.0,0.0
2025-03-27 10:22:00+09:00,50400.0,50500.0,50400.0,50500.0,379,0.0,0.0
2025-03-27 10:23:00+09:00,50500.0,50500.0,50400.0,50400.0,441,0.0,0.0
2025-03-27 10:24:00+09:00,50400.0,50500.0,50300.0,50500.0,732,0.0,0.0
2025-03-27 10:25:00+09:00,50400.0,50500.0,50400.0,50400.0,484,0.0,0.0
2025-03-27 10:26:00+09:00,50500.0,50500.0,50450.0,50500.0,641,0.0,0.0
2025-03-27 10:27:00+09:00,50500.0,50550.0,50400.0,50500.0,158,0.0,0.0
2025-03-27 10:28:00+09:00,50400.0,50500.0,50400.0,50500.0,703,0.0,0.0
2025-03-27 10:29:00+09:00,50400.0,50500.0,50300.0,50400.0,710,0.0,0.0
2025-03-27 10:30:00+09:00,50300.0,50400.0,50300.0,50400.0,281,0.0,0.0
2025-03-27 10:31:00+09:00,50300.0,50400.0,50300.0,50400.0,137,0.0,0.0
2025-03-27 10:32:00+09:00,50400.0,50400.0,50300.0,50400.0,445,0.0,0.0
2025-03-27 10:33:00+09:00,50400.0,50400.0,50300.0,50300.0,58,0.0,0.0
2025-03-27 10:34:00+09:00,50300.0,50400.0,50300.0,50400.0,251,0.0,0.0
2025-03-27 10:35:00+09:00,50400.0,50500.0,50300.0,50400.0,623,0.0,0.0
2025-03-27 10:36:00+09:00,50300.0,50400.0,50300.0,50300.0,64,0.0,0.0
2025-03-27 10:37:00+09:00,50300.0,50400.0,50300.0,50400.0,746,0.0,0.0
2025-03-27 10:38:00+09:00,50400.0,50400.0,50300.0,50300.0,155,0.0,0.0
2025-03-27 10:39:00+09:00,50400.0,50400.0,50300.0,50400.0,140,0.0,0.0
2025-03-27 10:40:00+09:00,50300.0,50500.0,50300.0,50300.0,926,0.0,0.0
2025-03-27 10:41:00+09:00,50400.0,50400.0,50300.0,50400.0,129,0.0,0.0
2025-03-27 10:42:00+09:00,50300.0,50400.0,50300.0,50400.0,804,0.0,0.0
2025-03-27 10:43:00+09:00,50400.0,50400.0,50300.0,50300.0,656,0.0,0.0
2025-03-27 10:44:00+09:00,50300.0,50400.0,50300.0,50400.0,487,0.0,0.0
2025-03-27 10:45:00+09:00,50300.0,50400.0,50300.0,50400.0,493,0.0,0.0
2025-03-27 10:46:00+09:00,50400.0,50400.0,50200.0,50200.0,1224,0.0,0.0
2025-03-27 10:47:00+09:00,50300.0,50300.0,50200.0,50200.0,284,0.0,0.0
2025-03-27 10:48:00+09:00,50300.0,50300.0,50200.0,50200.0,464,0.0,0.0
2025-03-27 10:49:00+09:00,50200.0,50400.0,50200.0,50300.0,827,0.0,0.0
2025-03-27 10:50:00+09:00,50300.0,50400.0,50300.0,50300.0,62,0.0,0.0
2025-03-27 10:51:00+09:00,50300.0,50300.0,50200.0,50300.0,929,0.0,0.0
2025-03-27 10:52:00+09:00,50300.0,50300.0,50200.0,50200.0,0,0.0,0.0
2025-03-27 10:53:00+09:00,50200.0,50300.0,50200.0,50300.0,267,0.0,0.0
2025-03-27 10:54:00+09:00,50300.0,50400.0,50200.0,50300.0,868,0.0,0.0
2025-03-27 10:55:00+09:00,50200.0,50300.0,50200.0,50300.0,181,0.0,0.0
2025-03-27 10:56:00+09:00,50200.0,50300.0,50200.0,50200.0,833,0.0,0.0
2025-03-27 10:57:00+09:00,50200.0,50300.0,50200.0,50200.0,101,0.0,0.0
2025-03-27 10:58:00+09:00,50200.0,50300.0,50200.0,50200.0,197,0.0,0.0
2025-03-27 10:59:00+09:00,50300.0,50300.0,50200.0,50300.0,1027,0.0,0.0
2025-03-27 11:00:00+09:00,50200.0,50300.0,50200.0,50200.0,70,0.0,0.0
2025-03-27 11:01:00+09:00,50200.0,50300.0,50200.0,50200.0,702,0.0,0.0
2025-03-27 11:02:00+09:00,50300.0,50400.0,50200.0,50300.0,555,0.0,0.0
2025-03-27 11:03:00+09:00,50200.0,50300.0,50200.0,50300.0,553,0.0,0.0
2025-03-27 11:04:00+09:00,50400.0,50400.0,50300.0,50400.0,569,0.0,0.0
2025-03-27 11:05:00+09:00,50400.0,50400.0,50300.0,50400.0,32,0.0,0.0
2025-03-27 11:06:00+09:00,50300.0,50400.0,50300.0,50300.0,64,0.0,0.0
2025-03-27 11:07:00+09:00,50400.0,50400.0,50300.0,50300.0,253,0.0,0.0
2025-03-27 11:08:00+09:00,50400.0,50400.0,50300.0,50400.0,474,0.0,0.0
2025-03-27 11:09:00+09:00,50400.0,50400.0,50300.0,50300.0,48,0.0,0.0
2025-03-27 11:10:00+09:00,50300.0,50400.0,50300.0,50300.0,329,0.0,0.0
2025-03-27 11:11:00+09:00,50300.0,50400.0,50300.0,50400.0,828,0.0,0.0
2025-03-27 11:12:00+09:00,50300.0,50400.0,50300.0,50300.0,519,0.0,0.0
2025-03-27 11:13:00+09:00,50400.0,50450.0,50300.0,50400.0,1005,0.0,0.0
2025-03-27 11:14:00+09:00,50300.0,50400.0,50300.0,50300.0,220,0.0,0.0
2025-03-27 11:15:00+09:00,50400.0,50400.0,50300.0,50400.0,611,0.0,0.0
2025-03-27 11:16:00+09:00,50400.0,50400.0,50300.0,50300.0,240,0.0,0.0
2025-03-27 11:17:00+09:00,50300.0,50400.0,50300.0,50400.0,108,0.0,0.0
2025-03-27 11:18:00+09:00,50300.0,50500.0,50300.0,50400.0,544,0.0,0.0
2025-03-27 11:19:00+09:00,50500.0,50500.0,50400.0,50450.0,38,0.0,0.0
2025-03-27 11:20:00+09:00,50400.0,50500.0,50300.0,50400.0,658,0.0,0.0
2025-03-27 11:21:00+09:00,50400.0,50500.0,50400.0,50400.0,535,0.0,0.0
2025-03-27 11:22:00+09:00,50400.0,50400.0,50300.0,50300.0,399,0.0,0.0
2025-03-27 11:23:00+09:00,50300.0,50400.0,50300.0,50300.0,264,0.0,0.0
2025-03-27 11:24:00+09:00,50400.0,50400.0,50300.0,50400.0,272,0.0,0.0
2025-03-27 11:25:00+09:00,50400.0,50400.0,50300.0,50300.0,264,0.0,0.0
2025-03-27 11:26:00+09:00,50300.0,50400.0,50300.0,50400.0,645,0.0,0.0
2025-03-27 11:27:00+09:00,50400.0,50400.0,50300.0,50400.0,0,0.0,0.0
2025-03-27 11:28:00+09:00,50300.0,50400.0,50300.0,50300.0,55,0.0,0.0
2025-03-27 11:29:00+09:00,50300.0,50400.0,50300.0,50400.0,740,0.0,0.0
2025-03-27 11:30:00+09:00,50300.0,50400.0,50300.0,50300.0,245,0.0,0.0
2025-03-27 11:31:00+09:00,50300.0,50400.0,50300.0,50300.0,114,0.0,0.0
2025-03-27 11:32:00+09:00,50400.0,50400.0,50300.0,50400.0,357,0.0,0.0
2025-03-27 11:33:00+09:00,50400.0,50400.0,50300.0,50300.0,109,0.0,0.0
2025-03-27 11:34:00+09:00,50300.0,50400.0,50300.0,50400.0,88,0.0,0.0
2025-03-27 11:35:00+09:00,50300.0,50400.0,50300.0,50300.0,249,0.0,0.0
2025-03-27 11:36:00+09:00,50300.0,50400.0,50300.0,50300.0,873,0.0,0.0
2025-03-27 11:37:00+09:00,50400.0,50400.0,50200.0,50300.0,2087,0.0,0.0
2025-03-27 11:38:00+09:00,50200.0,50300.0,50200.0,50200.0,201,0.0,0.0
2025-03-27 11:39:00+09:00,50200.0,50300.0,50200.0,50300.0,1242,0.0,0.0
2025-03-27 11:40:00+09:00,50200.0,50300.0,50200.0,50200.0,327,0.0,0.0
2025-03-27 11:41:00+09:00,50300.0,50300.0,50200.0,50300.0,879,0.0,0.0
2025-03-27 11:42:00+09:00,50200.0,50300.0,50200.0,50200.0,228,0.0,0.0
2025-03-27 11:43:00+09:00,50300.0,50300.0,50200.0,50200.0,970,0.0,0.0
2025-03-27 11:44:00+09:00,50300.0,50300.0,50200.0,50200.0,340,0.0,0.0
2025-03-27 11:45:00+09:00,50200.0,50300.0,50200.0,50300.0,52,0.0,0.0
2025-03-27 11:46:00+09:00,50300.0,50300.0,50200.0,50200.0,951,0.0,0.0
2025-03-27 11:47:00+09:00,50200.0,50300.0,50200.0,50200.0,259,0.0,0.0
2025-03-27 11:48:00+09:00,50200.0,50300.0,50200.0,50200.0,525,0.0,0.0
2025-03-27 11:49:00+09:00,50200.0,50400.0,50200.0,50400.0,330,0.0,0.0
2025-03-27 11:50:00+09:00,50400.0,50400.0,50300.0,50400.0,427,0.0,0.0
2025-03-27 11:51:00+09:00,50400.0,50400.0,50300.0,50300.0,35,0.0,0.0
2025-03-27 11:52:00+09:00,50400.0,50400.0,50300.0,50300.0,69,0.0,0.0
2025-03-27 11:53:00+09:00,50400.0,50400.0,50300.0,50300.0,54,0.0,0.0
2025-03-27 11:54:00+09:00,50400.0,50400.0,50300.0,50400.0,351,0.0,0.0
2025-03-27 11:55:00+09:00,50400.0,50400.0,50300.0,50300.0,49,0.0,0.0
2025-03-27 11:56:00+09:00,50300.0,50400.0,50300.0,50400.0,891,0.0,0.0
2025-03-27 11:57:00+09:00,50400.0,50400.0,50300.0,50350.0,232,0.0,0.0
2025-03-27 11:58:00+09:00,50400.0,50450.0,50200.0,50200.0,1835,0.0,0.0
2025-03-27 11:59:00+09:00,50200.0,50300.0,50200.0,50300.0,31,0.0,0.0
2025-03-27 12:00:00+09:00,50300.0,50400.0,50300.0,50300.0,42,0.0,0.0
2025-03-27 12:01:00+09:00,50300.0,50400.0,50300.0,50300.0,244,0.0,0.0
2025-03-27 12:02:00+09:00,50400.0,50400.0,50300.0,50300.0,466,0.0,0.0
2025-03-27 12:03:00+09:00,50300.0,50400.0,50300.0,50300.0,29,0.0,0.0
2025-03-27 12:04:00+09:00,50400.0,50400.0,50300.0,50400.0,1052,0.0,0.0
2025-03-27 12:05:00+09:00,50300.0,50500.0,50300.0,50400.0,548,0.0,0.0
2025-03-27 12:06:00+09:00,50300.0,50400.0,50300.0,50300.0,22,0.0,0.0
2025-03-27 12:07:00+09:00,50300.0,50400.0,50300.0,50400.0,380,0.0,0.0
2025-03-27 12:08:00+09:00,50400.0,50400.0,50300.0,50300.0,0,0.0,0.0
2025-03-27 12:09:00+09:00,50400.0,50400.0,50300.0,50400.0,45,0.0,0.0
2025-03-27 12:10:00+09:00,50300.0,50400.0,50300.0,50300.0,888,0.0,0.0
2025-03-27 12:11:00+09:00,50300.0,50500.0,50300.0,50300.0,834,0.0,0.0
2025-03-27 12:12:00+09:00,50300.0,50400.0,50300.0,50300.0,485,0.0,0.0
2025-03-27 12:13:00+09:00,50300.0,50400.0,50300.0,50300.0,420,0.0,0.0
2025-03-27 12:14:00+09:00,50300.0,50400.0,50300.0,50400.0,11,0.0,0.0
2025-03-27 12:15:00+09:00,50400.0,50500.0,50300.0,50300.0,426,0.0,0.0
2025-03-27 12:16:00+09:00,50400.0,50400.0,50300.0,50400.0,500,0.0,0.0
2025-03-27 12:17:00+09:00,50300.0,50500.0,50300.0,50300.0,311,0.0,0.0
2025-03-27 12:18:00+09:00,50300.0,50400.0,50300.0,50400.0,221,0.0,0.0
2025-03-27 12:19:00+09:00,50400.0,50400.0,50300.0,50300.0,90,0.0,0.0
2025-03-27 12:20:00+09:00,50300.0,50400.0,50300.0,50400.0,13,0.0,0.0
2025-03-27 12:21:00+09:00,50400.0,50500.0,50300.0,50400.0,596,0.0,0.0
2025-03-27 12:22:00+09:00,50400.0,50500.0,50400.0,50400.0,677,0.0,0.0
2025-03-27 12:23:00+09:00,50500.0,50500.0,50400.0,50500.0,93,0.0,0.0
2025-03-27 12:24:00+09:00,50400.0,50500.0,50400.0,50400.0,207,0.0,0.0
2025-03-27 12:25:00+09:00,50400.0,50500.0,50300.0,50400.0,1111,0.0,0.0
2025-03-27 12:26:00+09:00,50300.0,50400.0,50300.0,50300.0,68,0.0,0.0
2025-03-27 12:27:00+09:00,50400.0,50400.0,50300.0,50400.0,443,0.0,0.0
2025-03-27 12:28:00+09:00,50400.0,50400.0,50300.0,50300.0,254,0.0,0.0
2025-03-27 12:29:00+09:00,50400.0,50400.0,50300.0,50400.0,623,0.0,0.0
2025-03-27 12:30:00+09:00,50300.0,50400.0,50300.0,50400.0,0,0.0,0.0
2025-03-27 12:31:00+09:00,50400.0,50400.0,50300.0,50300.0,986,0.0,0.0
2025-03-27 12:32:00+09:00,50200.0,50300.0,50200.0,50300.0,77,0.0,0.0
2025-03-27 12:33:00+09:00,50200.0,50300.0,50200.0,50300.0,11,0.0,0.0
2025-03-27 12:34:00+09:00,50200.0,50300.0,50200.0,50200.0,59,0.0,0.0
2025-03-27 12:35:00+09:00,50200.0,50300.0,50200.0,50300.0,471,0.0,0.0
2025-03-27 12:36:00+09:00,50200.0,50300.0,50200.0,50300.0,471,0.0,0.0
2025-03-27 12:37:00+09:00,50200.0,50300.0,50200.0,50300.0,641,0.0,0.0
2025-03-27 12:38:00+09:00,50200.0,50300.0,50200.0,50300.0,225,0.0,0.0
2025-03-27 12:39:00+09:00,50200.0,50300.0,50200.0,50200.0,461,0.0,0.0
2025-03-27 12:40:00+09:00,50200.0,50400.0,50200.0,50300.0,748,0.0,0.0
2025-03-27 12:41:00+09:00,50300.0,50400.0,50300.0,50300.0,282,0.0,0.0
2025-03-27 12:42:00+09:00,50300.0,50400.0,50300.0,50400.0,71,0.0,0.0
2025-03-27 12:43:00+09:00,50400.0,50400.0,50300.0,50300.0,217,0.0,0.0
2025-03-27 12:44:00+09:00,50300.0,50400.0,50300.0,50400.0,80,0.0,0.0
2025-03-27 12:45:00+09:00,50300.0,50400.0,50300.0,50300.0,23,0.0,0.0
2025-03-27 12:46:00+09:00,50400.0,50400.0,50300.0,50300.0,665,0.0,0.0
2025-03-27 12:47:00+09:00,50300.0,50400.0,50300.0,50400.0,72,0.0,0.0
2025-03-27 12:48:00+09:00,50300.0,50400.0,50300.0,50300.0,58,0.0,0.0
2025-03-27 12:49:00+09:00,50300.0,50400.0,50300.0,50300.0,225,0.0,0.0
2025-03-27 12:50:00+09:00,50400.0,50400.0,50300.0,50400.0,94,0.0,0.0
2025-03-27 12:51:00+09:00,50400.0,50400.0,50300.0,50300.0,1101,0.0,0.0
2025-03-27 12:52:00+09:00,50300.0,50400.0,50300.0,50300.0,92,0.0,0.0
2025-03-27 12:53:00+09:00,50400.0,50400.0,50300.0,50300.0,12,0.0,0.0
2025-03-27 12:54:00+09:00,50300.0,50400.0,50300.0,50400.0,277,0.0,0.0
2025-03-27 12:55:00+09:00,50300.0,50400.0,50300.0,50300.0,57,0.0,0.0
2025-03-27 12:56:00+09:00,50300.0,50400.0,50300.0,50400.0,404,0.0,0.0
2025-03-27 12:57:00+09:00,50300.0,50400.0,50300.0,50300.0,173,0.0,0.0
2025-03-27 12:58:00+09:00,50400.0,50400.0,50300.0,50300.0,1346,0.0,0.0
2025-03-27 12:59:00+09:00,50300.0,50400.0,50300.0,50400.0,677,0.0,0.0
2025-03-27 13:00:00+09:00,50400.0,50400.0,50300.0,50300.0,260,0.0,0.0
2025-03-27 13:01:00+09:00,50300.0,50400.0,50300.0,50400.0,24,0.0,0.0
2025-03-27 13:02:00+09:00,50400.0,50400.0,50300.0,50300.0,778,0.0,0.0
2025-03-27 13:03:00+09:00,50400.0,50400.0,50300.0,50300.0,27,0.0,0.0
2025-03-27 13:04:00+09:00,50400.0,50400.0,50300.0,50300.0,473,0.0,0.0
2025-03-27 13:05:00+09:00,50300.0,50400.0,50300.0,50400.0,482,0.0,0.0
2025-03-27 13:06:00+09:00,50400.0,50400.0,50300.0,50300.0,88,0.0,0.0
2025-03-27 13:07:00+09:00,50400.0,50400.0,50300.0,50300.0,27,0.0,0.0
2025-03-27 13:08:00+09:00,50300.0,50400.0,50300.0,50300.0,443,0.0,0.0
2025-03-27 13:09:00+09:00,50400.0,50400.0,50300.0,50400.0,43,0.0,0.0
2025-03-27 13:10:00+09:00,50300.0,50400.0,50300.0,50400.0,1076,0.0,0.0
2025-03-27 13:11:00+09:00,50400.0,50400.0,50300.0,50300.0,0,0.0,0.0
2025-03-27 13:12:00+09:00,50300.0,50400.0,50300.0,50300.0,851,0.0,0.0
2025-03-27 13:13:00+09:00,50300.0,50400.0,50300.0,50300.0,236,0.0,0.0
2025-03-27 13:14:00+09:00,50400.0,50400.0,50300.0,50300.0,52,0.0,0.0
2025-03-27 13:15:00+09:00,50300.0,50400.0,50300.0,50300.0,446,0.0,0.0
2025-03-27 13:16:00+09:00,50400.0,50400.0,50300.0,50300.0,478,0.0,0.0
2025-03-27 13:17:00+09:00,50300.0,50400.0,50300.0,50300.0,598,0.0,0.0
2025-03-27 13:18:00+09:00,50300.0,50400.0,50300.0,50400.0,54,0.0,0.0
2025-03-27 13:19:00+09:00,50400.0,50400.0,50300.0,50300.0,273,0.0,0.0
2025-03-27 13:20:00+09:00,50300.0,50400.0,50300.0,50300.0,43,0.0,0.0
2025-03-27 13:21:00+09:00,50300.0,50400.0,50300.0,50400.0,401,0.0,0.0
2025-03-27 13:22:00+09:00,50400.0,50400.0,50300.0,50300.0,0,0.0,0.0
2025-03-27 13:23:00+09:00,50300.0,50400.0,50300.0,50400.0,778,0.0,0.0
2025-03-27 13:24:00+09:00,50400.0,50500.0,50300.0,50400.0,641,0.0,0.0
2025-03-27 13:25:00+09:00,50500.0,50500.0,50400.0,50400.0,27,0.0,0.0
2025-03-27 13:26:00+09:00,50400.0,50500.0,50400.0,50400.0,33,0.0,0.0
2025-03-27 13:27:00+09:00,50400.0,50500.0,50400.0,50500.0,238,0.0,0.0
2025-03-27 13:28:00+09:00,50500.0,50500.0,50400.0,50400.0,123,0.0,0.0
2025-03-27 13:29:00+09:00,50400.0,50500.0,50400.0,50400.0,1099,0.0,0.0
2025-03-27 13:30:00+09:00,50400.0,50500.0,50400.0,50400.0,1494,0.0,0.0
2025-03-27 13:31:00+09:00,50400.0,50500.0,50400.0,50400.0,53,0.0,0.0
2025-03-27 13:32:00+09:00,50400.0,50500.0,50400.0,50400.0,614,0.0,0.0
2025-03-27 13:33:00+09:00,50400.0,50500.0,50400.0,50400.0,1156,0.0,0.0
2025-03-27 13:34:00+09:00,50500.0,50500.0,50400.0,50400.0,740,0.0,0.0
2025-03-27 13:35:00+09:00,50400.0,50500.0,50400.0,50400.0,469,0.0,0.0
2025-03-27 13:36:00+09:00,50500.0,50500.0,50400.0,50400.0,257,0.0,0.0
2025-03-27 13:37:00+09:00,50500.0,50500.0,50400.0,50500.0,500,0.0,0.0
2025-03-27 13:38:00+09:00,50400.0,50500.0,50400.0,50400.0,626,0.0,0.0
2025-03-27 13:39:00+09:00,50500.0,50500.0,50400.0,50450.0,113,0.0,0.0
2025-03-27 13:40:00+09:00,50500.0,50500.0,50400.0,50400.0,218,0.0,0.0
2025-03-27 13:41:00+09:00,50400.0,50500.0,50400.0,50400.0,164,0.0,0.0
2025-03-27 13:42:00+09:00,50400.0,50500.0,50400.0,50400.0,120,0.0,0.0
2025-03-27 13:43:00+09:00,50500.0,50500.0,50400.0,50400.0,168,0.0,0.0
2025-03-27 13:44:00+09:00,50400.0,50500.0,50400.0,50400.0,119,0.0,0.0
2025-03-27 13:45:00+09:00,50450.0,50500.0,50400.0,50400.0,496,0.0,0.0
2025-03-27 13:46:00+09:00,50500.0,50500.0,50400.0,50500.0,75,0.0,0.0
2025-03-27 13:47:00+09:00,50400.0,50500.0,50400.0,50400.0,100,0.0,0.0
2025-03-27 13:48:00+09:00,50400.0,50500.0,50400.0,50400.0,165,0.0,0.0
2025-03-27 13:49:00+09:00,50500.0,50500.0,50400.0,50400.0,1964,0.0,0.0
2025-03-27 13:50:00+09:00,50400.0,50500.0,50400.0,50400.0,27,0.0,0.0
2025-03-27 13:51:00+09:00,50500.0,50500.0,50400.0,50400.0,135,0.0,0.0
2025-03-27 13:52:00+09:00,50500.0,50500.0,50400.0,50500.0,527,0.0,0.0
2025-03-27 13:53:00+09:00,50400.0,50500.0,50400.0,50400.0,512,0.0,0.0
2025-03-27 13:54:00+09:00,50400.0,50500.0,50400.0,50400.0,130,0.0,0.0
2025-03-27 13:55:00+09:00,50500.0,50500.0,50400.0,50400.0,427,0.0,0.0
2025-03-27 13:56:00+09:00,50500.0,50500.0,50400.0,50400.0,375,0.0,0.0
2025-03-27 13:57:00+09:00,50400.0,50500.0,50400.0,50400.0,98,0.0,0.0
2025-03-27 13:58:00+09:00,50500.0,50500.0,50400.0,50400.0,345,0.0,0.0
2025-03-27 13:59:00+09:00,50400.0,50500.0,50400.0,50400.0,732,0.0,0.0
2025-03-27 14:00:00+09:00,50400.0,50500.0,50400.0,50500.0,114,0.0,0.0
2025-03-27 14:01:00+09:00,50400.0,50400.0,50300.0,50400.0,1019,0.0,0.0
2025-03-27 14:02:00+09:00,50400.0,50400.0,50300.0,50300.0,108,0.0,0.0
2025-03-27 14:03:00+09:00,50300.0,50400.0,50300.0,50300.0,129,0.0,0.0
2025-03-27 14:04:00+09:00,50300.0,50400.0,50300.0,50400.0,462,0.0,0.0
2025-03-27 14:05:00+09:00,50300.0,50400.0,50300.0,50400.0,254,0.0,0.0
2025-03-27 14:06:00+09:00,50400.0,50500.0,50400.0,50400.0,204,0.0,0.0
2025-03-27 14:07:00+09:00,50400.0,50500.0,50400.0,50400.0,124,0.0,0.0
2025-03-27 14:08:00+09:00,50500.0,50500.0,50400.0,50500.0,540,0.0,0.0
2025-03-27 14:09:00+09:00,50400.0,50500.0,50400.0,50500.0,160,0.0,0.0
2025-03-27 14:10:00+09:00,50500.0,50500.0,50300.0,50400.0,594,0.0,0.0
2025-03-27 14:11:00+09:00,50400.0,50400.0,50300.0,50300.0,115,0.0,0.0
2025-03-27 14:12:00+09:00,50300.0,50400.0,50300.0,50300.0,219,0.0,0.0
2025-03-27 14:13:00+09:00,50400.0,50400.0,50300.0,50400.0,124,0.0,0.0
2025-03-27 14:14:00+09:00,50300.0,50400.0,50300.0,50300.0,376,0.0,0.0
2025-03-27 14:15:00+09:00,50400.0,50400.0,50300.0,50300.0,275,0.0,0.0
2025-03-27 14:16:00+09:00,50400.0,50400.0,50300.0,50300.0,1269,0.0,0.0
2025-03-27 14:17:00+09:00,50300.0,50400.0,50300.0,50300.0,426,0.0,0.0
2025-03-27 14:18:00+09:00,50300.0,50500.0,50300.0,50400.0,280,0.0,0.0
2025-03-27 14:19:00+09:00,50500.0,50500.0,50300.0,50300.0,1048,0.0,0.0
2025-03-27 14:20:00+09:00,50300.0,50400.0,50300.0,50400.0,947,0.0,0.0
2025-03-27 14:21:00+09:00,50400.0,50500.0,50300.0,50400.0,746,0.0,0.0
2025-03-27 14:22:00+09:00,50300.0,50400.0,50300.0,50300.0,1199,0.0,0.0
2025-03-27 14:23:00+09:00,50300.0,50400.0,50300.0,50400.0,704,0.0,0.0
2025-03-27 14:24:00+09:00,50400.0,50500.0,50300.0,50400.0,365,0.0,0.0
2025-03-27 14:25:00+09:00,50300.0,50400.0,50300.0,50400.0,384,0.0,0.0
2025-03-27 14:26:00+09:00,50400.0,50500.0,50300.0,50500.0,537,0.0,0.0
2025-03-27 14:27:00+09:00,50500.0,50500.0,50300.0,50500.0,460,0.0,0.0
2025-03-27 14:28:00+09:00,50400.0,50500.0,50300.0,50300.0,1551,0.0,0.0
2025-03-27 14:29:00+09:00,50300.0,50400.0,50300.0,50400.0,191,0.0,0.0
2025-03-27 14:30:00+09:00,50400.0,50400.0,50300.0,50300.0,597,0.0,0.0
2025-03-27 14:31:00+09:00,50300.0,50400.0,50300.0,50400.0,726,0.0,0.0
2025-03-27 14:32:00+09:00,50400.0,50400.0,50300.0,50400.0,435,0.0,0.0
2025-03-27 14:33:00+09:00,50300.0,50400.0,50300.0,50400.0,531,0.0,0.0
2025-03-27 14:34:00+09:00,50400.0,50400.0,50300.0,50400.0,364,0.0,0.0
2025-03-27 14:35:00+09:00,50300.0,50400.0,50300.0,50400.0,563,0.0,0.0
2025-03-27 14:36:00+09:00,50400.0,50400.0,50300.0,50400.0,371,0.0,0.0
2025-03-27 14:37:00+09:00,50400.0,50400.0,50300.0,50400.0,380,0.0,0.0
2025-03-27 14:38:00+09:00,50300.0,50400.0,50300.0,50300.0,153,0.0,0.0
2025-03-27 14:39:00+09:00,50400.0,50400.0,50300.0,50400.0,414,0.0,0.0
2025-03-27 14:40:00+09:00,50400.0,50400.0,50300.0,50400.0,354,0.0,0.0
2025-03-27 14:41:00+09:00,50400.0,50400.0,50300.0,50300.0,322,0.0,0.0
2025-03-27 14:42:00+09:00,50300.0,50400.0,50300.0,50400.0,690,0.0,0.0
2025-03-27 14:43:00+09:00,50400.0,50400.0,50300.0,50300.0,200,0.0,0.0
2025-03-27 14:44:00+09:00,50400.0,50400.0,50300.0,50400.0,522,0.0,0.0
2025-03-27 14:45:00+09:00,50400.0,50400.0,50300.0,50400.0,462,0.0,0.0
2025-03-27 14:46:00+09:00,50400.0,50400.0,50300.0,50400.0,312,0.0,0.0
2025-03-27 14:47:00+09:00,50300.0,50400.0,50300.0,50300.0,427,0.0,0.0
2025-03-27 14:48:00+09:00,50300.0,50400.0,50300.0,50400.0,195,0.0,0.0
2025-03-27 14:49:00+09:00,50300.0,50400.0,50300.0,50300.0,2259,0.0,0.0
2025-03-27 14:50:00+09:00,50300.0,50400.0,50300.0,50300.0,377,0.0,0.0
2025-03-27 14:51:00+09:00,50400.0,50400.0,50300.0,50300.0,851,0.0,0.0
2025-03-27 14:52:00+09:00,50400.0,50400.0,50200.0,50300.0,10293,0.0,0.0
2025-03-27 14:53:00+09:00,50200.0,50300.0,50200.0,50300.0,175,0.0,0.0
2025-03-27 14:54:00+09:00,50300.0,50300.0,50200.0,50200.0,480,0.0,0.0
2025-03-27 14:55:00+09:00,50300.0,50300.0,50200.0,50300.0,709,0.0,0.0
2025-03-27 14:56:00+09:00,50200.0,50300.0,50200.0,50200.0,550,0.0,0.0
2025-03-27 14:57:00+09:00,50300.0,50300.0,50200.0,50200.0,249,0.0,0.0
2025-03-27 14:58:00+09:00,50300.0,50300.0,50200.0,50200.0,1386,0.0,0.0
2025-03-27 14:59:00+09:00,50300.0,50300.0,50200.0,50300.0,621,0.0,0.0
2025-03-28 09:00:00+09:00,49650.0,49800.0,49600.0,49750.0,2313,0.0,0.0
2025-03-28 09:01:00+09:00,49750.0,49750.0,49550.0,49600.0,4048,0.0,0.0
2025-03-28 09:02:00+09:00,49600.0,49600.0,49550.0,49575.0,1197,0.0,0.0
2025-03-28 09:03:00+09:00,49550.0,49550.0,49400.0,49500.0,4637,0.0,0.0
2025-03-28 09:04:00+09:00,49500.0,49600.0,49450.0,49500.0,2003,0.0,0.0
2025-03-28 09:05:00+09:00,49600.0,49650.0,49450.0,49600.0,1334,0.0,0.0
2025-03-28 09:06:00+09:00,49600.0,49600.0,49450.0,49550.0,2647,0.0,0.0
2025-03-28 09:07:00+09:00,49500.0,49600.0,49500.0,49600.0,168,0.0,0.0
2025-03-28 09:08:00+09:00,49550.0,49600.0,49450.0,49450.0,677,0.0,0.0
2025-03-28 09:09:00+09:00,49500.0,49600.0,49450.0,49600.0,147,0.0,0.0
2025-03-28 09:10:00+09:00,49550.0,49600.0,49500.0,49500.0,935,0.0,0.0
2025-03-28 09:11:00+09:00,49500.0,49550.0,49500.0,49500.0,1484,0.0,0.0
2025-03-28 09:12:00+09:00,49500.0,49600.0,49500.0,49600.0,865,0.0,0.0
2025-03-28 09:13:00+09:00,49600.0,49600.0,49550.0,49550.0,340,0.0,0.0
2025-03-28 09:14:00+09:00,49550.0,49600.0,49550.0,49550.0,74,0.0,0.0
2025-03-28 09:15:00+09:00,49600.0,49600.0,49450.0,49500.0,1376,0.0,0.0
2025-03-28 09:16:00+09:00,49500.0,49500.0,49450.0,49450.0,979,0.0,0.0
2025-03-28 09:17:00+09:00,49550.0,49550.0,49550.0,49550.0,0,0.0,0.0
2025-03-28 09:18:00+09:00,49600.0,49600.0,49500.0,49550.0,57,0.0,0.0
2025-03-28 09:19:00+09:00,49500.0,49550.0,49500.0,49500.0,21,0.0,0.0
2025-03-28 09:20:00+09:00,49500.0,49550.0,49500.0,49550.0,12,0.0,0.0
2025-03-28 09:21:00+09:00,49550.0,49550.0,49500.0,49500.0,8,0.0,0.0
2025-03-28 09:22:00+09:00,49500.0,49550.0,49500.0,49550.0,42,0.0,0.0
2025-03-28 09:23:00+09:00,49550.0,49550.0,49500.0,49550.0,57,0.0,0.0
2025-03-28 09:24:00+09:00,49550.0,49550.0,49500.0,49500.0,717,0.0,0.0
2025-03-28 09:25:00+09:00,49550.0,49600.0,49500.0,49600.0,2538,0.0,0.0
2025-03-28 09:26:00+09:00,49550.0,49550.0,49450.0,49550.0,604,0.0,0.0
2025-03-28 09:27:00+09:00,49500.0,49550.0,49500.0,49500.0,443,0.0,0.0
2025-03-28 09:28:00+09:00,49500.0,49500.0,49475.0,49475.0,206,0.0,0.0
2025-03-28 09:29:00+09:00,49500.0,49550.0,49500.0,49550.0,182,0.0,0.0
2025-03-28 09:30:00+09:00,49550.0,49550.0,49550.0,49550.0,292,0.0,0.0
2025-03-28 09:31:00+09:00,49550.0,49650.0,49550.0,49650.0,711,0.0,0.0
2025-03-28 09:32:00+09:00,49600.0,49700.0,49600.0,49700.0,123,0.0,0.0
2025-03-28 09:33:00+09:00,49700.0,49700.0,49650.0,49700.0,386,0.0,0.0
2025-03-28 09:34:00+09:00,49700.0,49750.0,49700.0,49750.0,558,0.0,0.0
2025-03-28 09:35:00+09:00,49750.0,49850.0,49750.0,49850.0,895,0.0,0.0
2025-03-28 09:36:00+09:00,49850.0,49850.0,49800.0,49800.0,603,0.0,0.0
2025-03-28 09:37:00+09:00,49850.0,49850.0,49800.0,49800.0,208,0.0,0.0
2025-03-28 09:38:00+09:00,49800.0,49850.0,49800.0,49850.0,838,0.0,0.0
2025-03-28 09:39:00+09:00,49800.0,49850.0,49800.0,49850.0,0,0.0,0.0
2025-03-28 09:40:00+09:00,49850.0,49900.0,49850.0,49900.0,290,0.0,0.0
2025-03-28 09:41:00+09:00,49900.0,49900.0,49850.0,49850.0,776,0.0,0.0
2025-03-28 09:42:00+09:00,49900.0,49950.0,49900.0,49950.0,811,0.0,0.0
2025-03-28 09:43:00+09:00,49950.0,49950.0,49900.0,49900.0,532,0.0,0.0
2025-03-28 09:44:00+09:00,49900.0,49950.0,49900.0,49950.0,799,0.0,0.0
2025-03-28 09:45:00+09:00,49900.0,49950.0,49900.0,49950.0,230,0.0,0.0
2025-03-28 09:46:00+09:00,49900.0,49900.0,49900.0,49900.0,7,0.0,0.0
2025-03-28 09:47:00+09:00,49900.0,49950.0,49900.0,49950.0,109,0.0,0.0
2025-03-28 09:48:00+09:00,49950.0,49950.0,49800.0,49900.0,1173,0.0,0.0
2025-03-28 09:49:00+09:00,49900.0,49900.0,49850.0,49850.0,263,0.0,0.0
2025-03-28 09:50:00+09:00,49800.0,49800.0,49800.0,49800.0,406,0.0,0.0
2025-03-28 09:51:00+09:00,49750.0,49775.0,49700.0,49700.0,427,0.0,0.0
2025-03-28 09:52:00+09:00,49750.0,49750.0,49750.0,49750.0,271,0.0,0.0
2025-03-28 09:53:00+09:00,49750.0,49800.0,49750.0,49750.0,209,0.0,0.0
2025-03-28 09:54:00+09:00,49750.0,49750.0,49750.0,49750.0,310,0.0,0.0
2025-03-28 09:55:00+09:00,49750.0,49900.0,49750.0,49850.0,279,0.0,0.0
2025-03-28 09:56:00+09:00,49850.0,49900.0,49850.0,49850.0,0,0.0,0.0
2025-03-28 09:57:00+09:00,49850.0,49850.0,49850.0,49850.0,11,0.0,0.0
2025-03-28 09:58:00+09:00,49900.0,49950.0,49900.0,49950.0,574,0.0,0.0
2025-03-28 09:59:00+09:00,49950.0,49950.0,49900.0,49950.0,346,0.0,0.0
2025-03-28 10:00:00+09:00,49950.0,50000.0,49900.0,49950.0,2183,0.0,0.0
2025-03-28 10:01:00+09:00,49950.0,49950.0,49900.0,49950.0,33,0.0,0.0
2025-03-28 10:02:00+09:00,49950.0,49950.0,49900.0,49950.0,889,0.0,0.0
2025-03-28 10:03:00+09:00,49950.0,49950.0,49900.0,49900.0,296,0.0,0.0
2025-03-28 10:04:00+09:00,49950.0,49950.0,49900.0,49950.0,441,0.0,0.0
2025-03-28 10:05:00+09:00,49950.0,49950.0,49900.0,49900.0,30,0.0,0.0
2025-03-28 10:06:00+09:00,49900.0,49900.0,49800.0,49900.0,1627,0.0,0.0
2025-03-28 10:07:00+09:00,49900.0,49900.0,49850.0,49900.0,216,0.0,0.0
2025-03-28 10:08:00+09:00,49900.0,49900.0,49800.0,49800.0,1445,0.0,0.0
2025-03-28 10:09:00+09:00,49800.0,49800.0,49800.0,49800.0,138,0.0,0.0
2025-03-28 10:10:00+09:00,49850.0,49850.0,49800.0,49800.0,0,0.0,0.0
2025-03-28 10:11:00+09:00,49850.0,49850.0,49850.0,49850.0,617,0.0,0.0
2025-03-28 10:12:00+09:00,49850.0,49850.0,49800.0,49850.0,258,0.0,0.0
2025-03-28 10:13:00+09:00,49850.0,49850.0,49850.0,49850.0,486,0.0,0.0
2025-03-28 10:14:00+09:00,49900.0,49900.0,49800.0,49850.0,821,0.0,0.0
2025-03-28 10:15:00+09:00,49850.0,49850.0,49850.0,49850.0,183,0.0,0.0
2025-03-28 10:16:00+09:00,49900.0,49950.0,49850.0,49900.0,1009,0.0,0.0
2025-03-28 10:17:00+09:00,49950.0,49950.0,49900.0,49950.0,66,0.0,0.0
2025-03-28 10:18:00+09:00,49950.0,49950.0,49950.0,49950.0,306,0.0,0.0
2025-03-28 10:19:00+09:00,50000.0,50000.0,49900.0,49950.0,293,0.0,0.0
2025-03-28 10:20:00+09:00,50000.0,50000.0,49950.0,49950.0,423,0.0,0.0
2025-03-28 10:21:00+09:00,50000.0,50000.0,49950.0,49950.0,239,0.0,0.0
2025-03-28 10:22:00+09:00,50000.0,50000.0,50000.0,50000.0,542,0.0,0.0
2025-03-28 10:23:00+09:00,50000.0,50000.0,49950.0,50000.0,61,0.0,0.0
2025-03-28 10:24:00+09:00,50000.0,50000.0,49950.0,50000.0,359,0.0,0.0
2025-03-28 10:25:00+09:00,49950.0,50000.0,49950.0,50000.0,345,0.0,0.0
2025-03-28 10:26:00+09:00,50000.0,50000.0,49950.0,50000.0,24,0.0,0.0
2025-03-28 10:27:00+09:00,49950.0,50000.0,49950.0,50000.0,962,0.0,0.0
2025-03-28 10:28:00+09:00,50000.0,50000.0,49800.0,49850.0,610,0.0,0.0
2025-03-28 10:29:00+09:00,49850.0,49950.0,49800.0,49950.0,434,0.0,0.0
2025-03-28 10:30:00+09:00,49950.0,49950.0,49900.0,49950.0,209,0.0,0.0
2025-03-28 10:31:00+09:00,49900.0,49950.0,49900.0,49900.0,302,0.0,0.0
2025-03-28 10:32:00+09:00,49900.0,49950.0,49900.0,49900.0,96,0.0,0.0
2025-03-28 10:33:00+09:00,49950.0,49950.0,49900.0,49900.0,88,0.0,0.0
2025-03-28 10:34:00+09:00,49900.0,49950.0,49850.0,49900.0,1126,0.0,0.0
2025-03-28 10:35:00+09:00,49900.0,49900.0,49850.0,49850.0,334,0.0,0.0
2025-03-28 10:36:00+09:00,49875.0,49900.0,49850.0,49850.0,39,0.0,0.0
2025-03-28 10:37:00+09:00,49900.0,49900.0,49850.0,49900.0,299,0.0,0.0
2025-03-28 10:38:00+09:00,49850.0,49900.0,49850.0,49850.0,331,0.0,0.0
2025-03-28 10:39:00+09:00,49850.0,49900.0,49850.0,49900.0,724,0.0,0.0
2025-03-28 10:40:00+09:00,49850.0,49900.0,49850.0,49900.0,48,0.0,0.0
2025-03-28 10:41:00+09:00,49900.0,49900.0,49850.0,49850.0,269,0.0,0.0
2025-03-28 10:42:00+09:00,49900.0,49900.0,49850.0,49850.0,59,0.0,0.0
2025-03-28 10:43:00+09:00,49850.0,49900.0,49850.0,49900.0,96,0.0,0.0
2025-03-28 10:44:00+09:00,49900.0,49900.0,49850.0,49850.0,128,0.0,0.0
2025-03-28 10:45:00+09:00,49850.0,49900.0,49850.0,49900.0,674,0.0,0.0
2025-03-28 10:46:00+09:00,49900.0,49900.0,49850.0,49900.0,1021,0.0,0.0
2025-03-28 10:47:00+09:00,49900.0,49950.0,49850.0,49950.0,501,0.0,0.0
2025-03-28 10:48:00+09:00,49950.0,49950.0,49900.0,49900.0,72,0.0,0.0
2025-03-28 10:49:00+09:00,49950.0,49950.0,49900.0,49900.0,471,0.0,0.0
2025-03-28 10:50:00+09:00,49900.0,49950.0,49850.0,49900.0,516,0.0,0.0
2025-03-28 10:51:00+09:00,49900.0,49900.0,49850.0,49900.0,632,0.0,0.0
2025-03-28 10:52:00+09:00,49900.0,49900.0,49850.0,49900.0,0,0.0,0.0
2025-03-28 10:53:00+09:00,49850.0,49900.0,49850.0,49850.0,393,0.0,0.0
2025-03-28 10:54:00+09:00,49900.0,49900.0,49850.0,49900.0,113,0.0,0.0
2025-03-28 10:55:00+09:00,49900.0,49900.0,49850.0,49850.0,243,0.0,0.0
2025-03-28 10:56:00+09:00,49850.0,49900.0,49850.0,49850.0,427,0.0,0.0
2025-03-28 10:57:00+09:00,49850.0,49900.0,49850.0,49850.0,738,0.0,0.0
2025-03-28 10:58:00+09:00,49850.0,49900.0,49800.0,49800.0,611,0.0,0.0
2025-03-28 10:59:00+09:00,49850.0,49850.0,49750.0,49800.0,695,0.0,0.0
2025-03-28 11:00:00+09:00,49800.0,49800.0,49750.0,49800.0,526,0.0,0.0
2025-03-28 11:01:00+09:00,49850.0,49850.0,49800.0,49850.0,62,0.0,0.0
2025-03-28 11:02:00+09:00,49850.0,49850.0,49800.0,49850.0,67,0.0,0.0
2025-03-28 11:03:00+09:00,49850.0,49850.0,49800.0,49800.0,343,0.0,0.0
2025-03-28 11:04:00+09:00,49850.0,49850.0,49800.0,49850.0,10,0.0,0.0
2025-03-28 11:05:00+09:00,49800.0,49850.0,49800.0,49800.0,83,0.0,0.0
2025-03-28 11:06:00+09:00,49800.0,49850.0,49700.0,49700.0,1725,0.0,0.0
2025-03-28 11:07:00+09:00,49700.0,49800.0,49650.0,49650.0,1521,0.0,0.0
2025-03-28 11:08:00+09:00,49700.0,49750.0,49700.0,49750.0,142,0.0,0.0
2025-03-28 11:09:00+09:00,49700.0,49750.0,49700.0,49700.0,40,0.0,0.0
2025-03-28 11:10:00+09:00,49700.0,49750.0,49700.0,49750.0,202,0.0,0.0
2025-03-28 11:11:00+09:00,49700.0,49750.0,49650.0,49650.0,524,0.0,0.0
2025-03-28 11:12:00+09:00,49650.0,49650.0,49650.0,49650.0,12,0.0,0.0
2025-03-28 11:13:00+09:00,49700.0,49800.0,49700.0,49750.0,77,0.0,0.0
2025-03-28 11:14:00+09:00,49750.0,49800.0,49750.0,49750.0,989,0.0,0.0
2025-03-28 11:15:00+09:00,49750.0,49800.0,49650.0,49750.0,0,0.0,0.0
2025-03-28 11:16:00+09:00,49700.0,49850.0,49700.0,49750.0,494,0.0,0.0
2025-03-28 11:17:00+09:00,49800.0,49850.0,49800.0,49800.0,60,0.0,0.0
2025-03-28 11:18:00+09:00,49800.0,49850.0,49700.0,49750.0,581,0.0,0.0
2025-03-28 11:19:00+09:00,49750.0,49750.0,49750.0,49750.0,193,0.0,0.0
2025-03-28 11:20:00+09:00,49800.0,49800.0,49750.0,49750.0,0,0.0,0.0
2025-03-28 11:21:00+09:00,49750.0,49800.0,49650.0,49700.0,1683,0.0,0.0
2025-03-28 11:22:00+09:00,49700.0,49750.0,49700.0,49700.0,0,0.0,0.0
2025-03-28 11:23:00+09:00,49750.0,49750.0,49750.0,49750.0,411,0.0,0.0
2025-03-28 11:24:00+09:00,49750.0,49750.0,49700.0,49700.0,207,0.0,0.0
2025-03-28 11:25:00+09:00,49750.0,49800.0,49700.0,49800.0,414,0.0,0.0
2025-03-28 11:26:00+09:00,49800.0,49800.0,49750.0,49750.0,39,0.0,0.0
2025-03-28 11:27:00+09:00,49800.0,49800.0,49750.0,49750.0,48,0.0,0.0
2025-03-28 11:28:00+09:00,49800.0,49800.0,49750.0,49800.0,159,0.0,0.0
2025-03-28 11:29:00+09:00,49750.0,49800.0,49750.0,49800.0,531,0.0,0.0
2025-03-28 11:30:00+09:00,49800.0,49800.0,49750.0,49750.0,580,0.0,0.0
2025-03-28 11:31:00+09:00,49800.0,49800.0,49750.0,49800.0,315,0.0,0.0
2025-03-28 11:32:00+09:00,49800.0,49850.0,49700.0,49850.0,475,0.0,0.0
2025-03-28 11:33:00+09:00,49850.0,49850.0,49800.0,49850.0,77,0.0,0.0
2025-03-28 11:34:00+09:00,49850.0,49850.0,49800.0,49850.0,360,0.0,0.0
2025-03-28 11:35:00+09:00,49800.0,49850.0,49800.0,49800.0,23,0.0,0.0
2025-03-28 11:36:00+09:00,49850.0,49850.0,49750.0,49800.0,439,0.0,0.0
2025-03-28 11:37:00+09:00,49750.0,49800.0,49750.0,49750.0,31,0.0,0.0
2025-03-28 11:38:00+09:00,49800.0,49800.0,49750.0,49800.0,360,0.0,0.0
2025-03-28 11:39:00+09:00,49800.0,49800.0,49750.0,49800.0,388,0.0,0.0
2025-03-28 11:40:00+09:00,49750.0,49800.0,49750.0,49750.0,52,0.0,0.0
2025-03-28 11:41:00+09:00,49800.0,49800.0,49750.0,49800.0,335,0.0,0.0
2025-03-28 11:42:00+09:00,49750.0,49800.0,49750.0,49800.0,109,0.0,0.0
2025-03-28 11:43:00+09:00,49800.0,49800.0,49750.0,49800.0,468,0.0,0.0
2025-03-28 11:44:00+09:00,49800.0,49850.0,49800.0,49800.0,333,0.0,0.0
2025-03-28 11:45:00+09:00,49800.0,49800.0,49750.0,49800.0,44,0.0,0.0
2025-03-28 11:46:00+09:00,49800.0,49800.0,49700.0,49700.0,1269,0.0,0.0
2025-03-28 11:47:00+09:00,49750.0,49750.0,49750.0,49750.0,0,0.0,0.0
2025-03-28 11:48:00+09:00,49700.0,49750.0,49700.0,49750.0,410,0.0,0.0
2025-03-28 11:49:00+09:00,49750.0,49750.0,49650.0,49700.0,990,0.0,0.0
2025-03-28 11:50:00+09:00,49700.0,49700.0,49650.0,49650.0,75,0.0,0.0
2025-03-28 11:51:00+09:00,49700.0,49700.0,49650.0,49700.0,49,0.0,0.0
2025-03-28 11:52:00+09:00,49650.0,49700.0,49650.0,49650.0,55,0.0,0.0
2025-03-28 11:53:00+09:00,49700.0,49700.0,49700.0,49700.0,363,0.0,0.0
2025-03-28 11:54:00+09:00,49700.0,49700.0,49650.0,49650.0,186,0.0,0.0
2025-03-28 11:55:00+09:00,49650.0,49700.0,49650.0,49700.0,46,0.0,0.0
2025-03-28 11:56:00+09:00,49650.0,49700.0,49650.0,49700.0,716,0.0,0.0
2025-03-28 11:57:00+09:00,49700.0,49750.0,49650.0,49650.0,0,0.0,0.0
2025-03-28 11:58:00+09:00,49700.0,49700.0,49650.0,49650.0,409,0.0,0.0
2025-03-28 11:59:00+09:00,49700.0,49700.0,49650.0,49700.0,3,0.0,0.0
2025-03-28 12:00:00+09:00,49700.0,49700.0,49650.0,49650.0,1477,0.0,0.0
2025-03-28 12:01:00+09:00,49650.0,49700.0,49650.0,49650.0,49,0.0,0.0
2025-03-28 12:02:00+09:00,49700.0,49700.0,49700.0,49700.0,51,0.0,0.0
2025-03-28 12:03:00+09:00,49700.0,49700.0,49650.0,49650.0,233,0.0,0.0
2025-03-28 12:04:00+09:00,49700.0,49700.0,49650.0,49650.0,394,0.0,0.0
2025-03-28 12:05:00+09:00,49700.0,49700.0,49650.0,49650.0,396,0.0,0.0
2025-03-28 12:06:00+09:00,49650.0,49700.0,49650.0,49700.0,276,0.0,0.0
2025-03-28 12:07:00+09:00,49700.0,49700.0,49650.0,49700.0,53,0.0,0.0
2025-03-28 12:08:00+09:00,49650.0,49700.0,49650.0,49700.0,60,0.0,0.0
2025-03-28 12:09:00+09:00,49700.0,49700.0,49650.0,49700.0,528,0.0,0.0
2025-03-28 12:10:00+09:00,49650.0,49700.0,49650.0,49700.0,346,0.0,0.0
2025-03-28 12:11:00+09:00,49700.0,49750.0,49650.0,49700.0,532,0.0,0.0
2025-03-28 12:12:00+09:00,49650.0,49700.0,49650.0,49700.0,292,0.0,0.0
2025-03-28 12:13:00+09:00,49700.0,49700.0,49650.0,49650.0,400,0.0,0.0
2025-03-28 12:14:00+09:00,49650.0,49700.0,49600.0,49650.0,230,0.0,0.0
2025-03-28 12:15:00+09:00,49650.0,49700.0,49650.0,49650.0,51,0.0,0.0
2025-03-28 12:16:00+09:00,49650.0,49700.0,49650.0,49700.0,276,0.0,0.0
2025-03-28 12:17:00+09:00,49650.0,49700.0,49650.0,49700.0,314,0.0,0.0
2025-03-28 12:18:00+09:00,49700.0,49700.0,49650.0,49650.0,47,0.0,0.0
2025-03-28 12:19:00+09:00,49650.0,49650.0,49650.0,49650.0,1262,0.0,0.0
2025-03-28 12:20:00+09:00,49650.0,49700.0,49600.0,49600.0,0,0.0,0.0
2025-03-28 12:21:00+09:00,49650.0,49700.0,49650.0,49700.0,0,0.0,0.0
2025-03-28 12:22:00+09:00,49700.0,49700.0,49650.0,49650.0,292,0.0,0.0
2025-03-28 12:23:00+09:00,49650.0,49700.0,49650.0,49650.0,247,0.0,0.0
2025-03-28 12:24:00+09:00,49650.0,49650.0,49600.0,49600.0,903,0.0,0.0
2025-03-28 12:25:00+09:00,49650.0,49650.0,49600.0,49650.0,247,0.0,0.0
2025-03-28 12:26:00+09:00,49650.0,49650.0,49600.0,49600.0,73,0.0,0.0
2025-03-28 12:27:00+09:00,49600.0,49700.0,49600.0,49700.0,112,0.0,0.0
2025-03-28 12:28:00+09:00,49700.0,49700.0,49600.0,49650.0,803,0.0,0.0
2025-03-28 12:29:00+09:00,49650.0,49650.0,49600.0,49600.0,255,0.0,0.0
2025-03-28 12:30:00+09:00,49600.0,49650.0,49600.0,49650.0,260,0.0,0.0
2025-03-28 12:31:00+09:00,49600.0,49650.0,49600.0,49650.0,50,0.0,0.0
2025-03-28 12:32:00+09:00,49650.0,49650.0,49600.0,49600.0,187,0.0,0.0
2025-03-28 12:33:00+09:00,49650.0,49700.0,49650.0,49650.0,257,0.0,0.0
2025-03-28 12:34:00+09:00,49650.0,49650.0,49600.0,49650.0,62,0.0,0.0
2025-03-28 12:35:00+09:00,49650.0,49650.0,49600.0,49600.0,473,0.0,0.0
2025-03-28 12:36:00+09:00,49650.0,49700.0,49600.0,49650.0,161,0.0,0.0
2025-03-28 12:37:00+09:00,49600.0,49650.0,49600.0,49650.0,592,0.0,0.0
2025-03-28 12:38:00+09:00,49650.0,49650.0,49600.0,49650.0,28,0.0,0.0
2025-03-28 12:39:00+09:00,49650.0,49650.0,49600.0,49600.0,730,0.0,0.0
2025-03-28 12:40:00+09:00,49600.0,49600.0,49550.0,49600.0,200,0.0,0.0
2025-03-28 12:41:00+09:00,49600.0,49600.0,49550.0,49550.0,312,0.0,0.0
2025-03-28 12:42:00+09:00,49600.0,49600.0,49550.0,49550.0,150,0.0,0.0
2025-03-28 12:43:00+09:00,49550.0,49600.0,49550.0,49600.0,429,0.0,0.0
2025-03-28 12:44:00+09:00,49600.0,49600.0,49550.0,49600.0,100,0.0,0.0
2025-03-28 12:45:00+09:00,49600.0,49600.0,49550.0,49600.0,110,0.0,0.0
2025-03-28 12:46:00+09:00,49600.0,49600.0,49550.0,49600.0,491,0.0,0.0
2025-03-28 12:47:00+09:00,49600.0,49600.0,49550.0,49600.0,36,0.0,0.0
2025-03-28 12:48:00+09:00,49600.0,49600.0,49550.0,49550.0,90,0.0,0.0
2025-03-28 12:49:00+09:00,49600.0,49600.0,49550.0,49600.0,725,0.0,0.0
2025-03-28 12:50:00+09:00,49600.0,49650.0,49600.0,49650.0,0,0.0,0.0
2025-03-28 12:51:00+09:00,49650.0,49650.0,49600.0,49600.0,642,0.0,0.0
2025-03-28 12:52:00+09:00,49650.0,49650.0,49600.0,49600.0,93,0.0,0.0
2025-03-28 12:53:00+09:00,49650.0,49650.0,49600.0,49600.0,505,0.0,0.0
2025-03-28 12:54:00+09:00,49650.0,49650.0,49600.0,49650.0,77,0.0,0.0
2025-03-28 12:55:00+09:00,49600.0,49650.0,49550.0,49550.0,475,0.0,0.0
2025-03-28 12:56:00+09:00,49550.0,49650.0,49550.0,49600.0,750,0.0,0.0
2025-03-28 12:57:00+09:00,49650.0,49650.0,49600.0,49600.0,70,0.0,0.0
2025-03-28 12:58:00+09:00,49600.0,49650.0,49600.0,49650.0,309,0.0,0.0
2025-03-28 12:59:00+09:00,49600.0,49650.0,49600.0,49650.0,148,0.0,0.0
2025-03-28 13:00:00+09:00,49650.0,49650.0,49600.0,49600.0,173,0.0,0.0
2025-03-28 13:01:00+09:00,49650.0,49650.0,49600.0,49600.0,35,0.0,0.0
2025-03-28 13:02:00+09:00,49600.0,49650.0,49600.0,49650.0,86,0.0,0.0
2025-03-28 13:03:00+09:00,49650.0,49650.0,49600.0,49600.0,862,0.0,0.0
2025-03-28 13:04:00+09:00,49650.0,49650.0,49600.0,49650.0,457,0.0,0.0
2025-03-28 13:05:00+09:00,49650.0,49650.0,49550.0,49600.0,530,0.0,0.0
2025-03-28 13:06:00+09:00,49600.0,49600.0,49550.0,49550.0,50,0.0,0.0
2025-03-28 13:07:00+09:00,49550.0,49600.0,49550.0,49600.0,58,0.0,0.0
2025-03-28 13:08:00+09:00,49600.0,49600.0,49550.0,49550.0,380,0.0,0.0
2025-03-28 13:09:00+09:00,49600.0,49650.0,49600.0,49600.0,230,0.0,0.0
2025-03-28 13:10:00+09:00,49600.0,49650.0,49600.0,49650.0,161,0.0,0.0
2025-03-28 13:11:00+09:00,49650.0,49650.0,49600.0,49600.0,25,0.0,0.0
2025-03-28 13:12:00+09:00,49650.0,49650.0,49600.0,49600.0,181,0.0,0.0
2025-03-28 13:13:00+09:00,49600.0,49650.0,49600.0,49650.0,46,0.0,0.0
2025-03-28 13:14:00+09:00,49600.0,49650.0,49600.0,49600.0,620,0.0,0.0
2025-03-28 13:15:00+09:00,49650.0,49650.0,49600.0,49600.0,414,0.0,0.0
2025-03-28 13:16:00+09:00,49650.0,49650.0,49600.0,49600.0,163,0.0,0.0
2025-03-28 13:17:00+09:00,49600.0,49650.0,49600.0,49650.0,27,0.0,0.0
2025-03-28 13:18:00+09:00,49650.0,49650.0,49600.0,49650.0,287,0.0,0.0
2025-03-28 13:19:00+09:00,49650.0,49650.0,49600.0,49600.0,64,0.0,0.0
2025-03-28 13:20:00+09:00,49650.0,49650.0,49600.0,49650.0,65,0.0,0.0
2025-03-28 13:21:00+09:00,49650.0,49650.0,49600.0,49600.0,626,0.0,0.0
2025-03-28 13:22:00+09:00,49650.0,49650.0,49600.0,49600.0,245,0.0,0.0
2025-03-28 13:23:00+09:00,49600.0,49650.0,49600.0,49650.0,143,0.0,0.0
2025-03-28 13:24:00+09:00,49650.0,49650.0,49600.0,49600.0,17,0.0,0.0
2025-03-28 13:25:00+09:00,49650.0,49650.0,49600.0,49650.0,93,0.0,0.0
2025-03-28 13:26:00+09:00,49600.0,49650.0,49600.0,49600.0,71,0.0,0.0
2025-03-28 13:27:00+09:00,49600.0,49650.0,49600.0,49650.0,140,0.0,0.0
2025-03-28 13:28:00+09:00,49650.0,49650.0,49600.0,49600.0,52,0.0,0.0
2025-03-28 13:29:00+09:00,49600.0,49650.0,49600.0,49650.0,846,0.0,0.0
2025-03-28 13:30:00+09:00,49650.0,49650.0,49600.0,49650.0,623,0.0,0.0
2025-03-28 13:31:00+09:00,49600.0,49650.0,49600.0,49650.0,0,0.0,0.0
2025-03-28 13:32:00+09:00,49650.0,49650.0,49550.0,49600.0,515,0.0,0.0
2025-03-28 13:33:00+09:00,49600.0,49600.0,49550.0,49600.0,623,0.0,0.0
2025-03-28 13:34:00+09:00,49600.0,49600.0,49550.0,49550.0,262,0.0,0.0
2025-03-28 13:35:00+09:00,49550.0,49600.0,49550.0,49600.0,1027,0.0,0.0
2025-03-28 13:36:00+09:00,49600.0,49600.0,49550.0,49600.0,502,0.0,0.0
2025-03-28 13:37:00+09:00,49600.0,49650.0,49550.0,49650.0,36,0.0,0.0
2025-03-28 13:38:00+09:00,49650.0,49650.0,49550.0,49600.0,242,0.0,0.0
2025-03-28 13:39:00+09:00,49550.0,49600.0,49550.0,49600.0,207,0.0,0.0
2025-03-28 13:40:00+09:00,49600.0,49650.0,49550.0,49600.0,59,0.0,0.0
2025-03-28 13:41:00+09:00,49600.0,49600.0,49550.0,49600.0,296,0.0,0.0
2025-03-28 13:42:00+09:00,49600.0,49650.0,49600.0,49600.0,65,0.0,0.0
2025-03-28 13:43:00+09:00,49650.0,49650.0,49600.0,49600.0,111,0.0,0.0
2025-03-28 13:44:00+09:00,49650.0,49700.0,49600.0,49700.0,815,0.0,0.0
2025-03-28 13:45:00+09:00,49700.0,49700.0,49650.0,49700.0,484,0.0,0.0
2025-03-28 13:46:00+09:00,49650.0,49650.0,49600.0,49650.0,458,0.0,0.0
2025-03-28 13:47:00+09:00,49650.0,49700.0,49650.0,49650.0,742,0.0,0.0
2025-03-28 13:48:00+09:00,49650.0,49650.0,49600.0,49650.0,794,0.0,0.0
2025-03-28 13:49:00+09:00,49650.0,49650.0,49600.0,49650.0,354,0.0,0.0
2025-03-28 13:50:00+09:00,49650.0,49650.0,49600.0,49600.0,612,0.0,0.0
2025-03-28 13:51:00+09:00,49600.0,49650.0,49600.0,49600.0,118,0.0,0.0
2025-03-28 13:52:00+09:00,49650.0,49650.0,49600.0,49600.0,125,0.0,0.0
2025-03-28 13:53:00+09:00,49600.0,49650.0,49600.0,49600.0,306,0.0,0.0
2025-03-28 13:54:00+09:00,49600.0,49650.0,49600.0,49600.0,80,0.0,0.0
2025-03-28 13:55:00+09:00,49650.0,49650.0,49500.0,49550.0,629,0.0,0.0
2025-03-28 13:56:00+09:00,49550.0,49575.0,49500.0,49550.0,1056,0.0,0.0
2025-03-28 13:57:00+09:00,49500.0,49550.0,49500.0,49550.0,573,0.0,0.0
2025-03-28 13:58:00+09:00,49500.0,49600.0,49500.0,49550.0,461,0.0,0.0
2025-03-28 13:59:00+09:00,49550.0,49600.0,49500.0,49550.0,514,0.0,0.0
2025-03-28 14:00:00+09:00,49550.0,49650.0,49550.0,49650.0,733,0.0,0.0
2025-03-28 14:01:00+09:00,49600.0,49650.0,49600.0,49650.0,511,0.0,0.0
2025-03-28 14:02:00+09:00,49650.0,49650.0,49600.0,49600.0,452,0.0,0.0
2025-03-28 14:03:00+09:00,49600.0,49650.0,49550.0,49600.0,219,0.0,0.0
2025-03-28 14:04:00+09:00,49650.0,49650.0,49600.0,49650.0,431,0.0,0.0
2025-03-28 14:05:00+09:00,49650.0,49650.0,49600.0,49650.0,729,0.0,0.0
2025-03-28 14:06:00+09:00,49600.0,49650.0,49600.0,49650.0,229,0.0,0.0
2025-03-28 14:07:00+09:00,49650.0,49650.0,49600.0,49650.0,607,0.0,0.0
2025-03-28 14:08:00+09:00,49650.0,49650.0,49600.0,49650.0,661,0.0,0.0
2025-03-28 14:09:00+09:00,49650.0,49650.0,49600.0,49650.0,601,0.0,0.0
2025-03-28 14:10:00+09:00,49650.0,49700.0,49600.0,49700.0,640,0.0,0.0
2025-03-28 14:11:00+09:00,49700.0,49700.0,49650.0,49650.0,369,0.0,0.0
2025-03-28 14:12:00+09:00,49650.0,49700.0,49650.0,49700.0,500,0.0,0.0
2025-03-28 14:13:00+09:00,49700.0,49700.0,49650.0,49650.0,402,0.0,0.0
2025-03-28 14:14:00+09:00,49650.0,49700.0,49650.0,49700.0,628,0.0,0.0
2025-03-28 14:15:00+09:00,49700.0,49700.0,49650.0,49650.0,813,0.0,0.0
2025-03-28 14:16:00+09:00,49650.0,49700.0,49650.0,49700.0,233,0.0,0.0
2025-03-28 14:17:00+09:00,49700.0,49700.0,49650.0,49700.0,760,0.0,0.0
2025-03-28 14:18:00+09:00,49700.0,49700.0,49650.0,49700.0,136,0.0,0.0
2025-03-28 14:19:00+09:00,49700.0,49700.0,49650.0,49700.0,602,0.0,0.0
2025-03-28 14:20:00+09:00,49700.0,49700.0,49650.0,49700.0,667,0.0,0.0
2025-03-28 14:21:00+09:00,49700.0,49700.0,49650.0,49700.0,468,0.0,0.0
2025-03-28 14:22:00+09:00,49700.0,49700.0,49650.0,49700.0,450,0.0,0.0
2025-03-28 14:23:00+09:00,49700.0,49700.0,49650.0,49700.0,637,0.0,0.0
2025-03-28 14:24:00+09:00,49700.0,49700.0,49650.0,49650.0,112,0.0,0.0
2025-03-28 14:25:00+09:00,49700.0,49700.0,49650.0,49700.0,616,0.0,0.0
2025-03-28 14:26:00+09:00,49700.0,49700.0,49650.0,49700.0,587,0.0,0.0
2025-03-28 14:27:00+09:00,49650.0,49700.0,49650.0,49700.0,625,0.0,0.0
2025-03-28 14:28:00+09:00,49700.0,49700.0,49650.0,49700.0,214,0.0,0.0
2025-03-28 14:29:00+09:00,49700.0,49700.0,49650.0,49650.0,257,0.0,0.0
2025-03-28 14:30:00+09:00,49700.0,49700.0,49650.0,49650.0,383,0.0,0.0
2025-03-28 14:31:00+09:00,49700.0,49700.0,49650.0,49700.0,121,0.0,0.0
2025-03-28 14:32:00+09:00,49650.0,49700.0,49650.0,49650.0,793,0.0,0.0
2025-03-28 14:33:00+09:00,49650.0,49650.0,49600.0,49650.0,198,0.0,0.0
2025-03-28 14:34:00+09:00,49650.0,49650.0,49600.0,49650.0,66,0.0,0.0
2025-03-28 14:35:00+09:00,49650.0,49650.0,49600.0,49650.0,117,0.0,0.0
2025-03-28 14:36:00+09:00,49650.0,49650.0,49600.0,49600.0,36,0.0,0.0
2025-03-28 14:37:00+09:00,49650.0,49700.0,49600.0,49700.0,340,0.0,0.0
2025-03-28 14:38:00+09:00,49700.0,49700.0,49650.0,49700.0,63,0.0,0.0
2025-03-28 14:39:00+09:00,49700.0,49700.0,49650.0,49700.0,61,0.0,0.0
2025-03-28 14:40:00+09:00,49650.0,49700.0,49650.0,49700.0,93,0.0,0.0
2025-03-28 14:41:00+09:00,49700.0,49700.0,49650.0,49700.0,328,0.0,0.0
2025-03-28 14:42:00+09:00,49650.0,49700.0,49650.0,49650.0,140,0.0,0.0
2025-03-28 14:43:00+09:00,49700.0,49700.0,49600.0,49650.0,142,0.0,0.0
2025-03-28 14:44:00+09:00,49650.0,49650.0,49600.0,49600.0,200,0.0,0.0
2025-03-28 14:45:00+09:00,49650.0,49650.0,49600.0,49600.0,69,0.0,0.0
2025-03-28 14:46:00+09:00,49600.0,49700.0,49600.0,49700.0,71,0.0,0.0
2025-03-28 14:47:00+09:00,49700.0,49700.0,49650.0,49650.0,99,0.0,0.0
2025-03-28 14:48:00+09:00,49700.0,49700.0,49600.0,49650.0,56,0.0,0.0
2025-03-28 14:49:00+09:00,49650.0,49650.0,49600.0,49650.0,102,0.0,0.0
2025-03-28 14:50:00+09:00,49650.0,49650.0,49600.0,49600.0,43,0.0,0.0
2025-03-28 14:51:00+09:00,49650.0,49650.0,49650.0,49650.0,59,0.0,0.0
2025-03-28 14:52:00+09:00,49650.0,49650.0,49600.0,49650.0,136,0.0,0.0
2025-03-28 14:53:00+09:00,49650.0,49650.0,49600.0,49650.0,191,0.0,0.0
2025-03-28 14:54:00+09:00,49650.0,49650.0,49600.0,49650.0,55,0.0,0.0
2025-03-28 14:55:00+09:00,49600.0,49700.0,49600.0,49650.0,86,0.0,0.0
2025-03-28 14:56:00+09:00,49700.0,49700.0,49650.0,49650.0,33,0.0,0.0
2025-03-28 14:57:00+09:00,49700.0,49700.0,49650.0,49700.0,102,0.0,0.0
2025-03-28 14:58:00+09:00,49700.0,49700.0,49650.0,49650.0,50,0.0,0.0
2025-03-28 14:59:00+09:00,49650.0,49700.0,49600.0,49650.0,200,0.0,0.0
2025-03-31 09:00:00+09:00,49300.0,49800.0,49300.0,49650.0,2042,0.0,0.0
2025-03-31 09:01:00+09:00,49650.0,49650.0,49350.0,49550.0,636,0.0,0.0
2025-03-31 09:02:00+09:00,49500.0,49500.0,49300.0,49350.0,1366,0.0,0.0
2025-03-31 09:03:00+09:00,49350.0,49450.0,49200.0,49200.0,1006,0.0,0.0
2025-03-31 09:04:00+09:00,49300.0,49300.0,49200.0,49250.0,466,0.0,0.0
2025-03-31 09:05:00+09:00,49250.0,49300.0,49200.0,49250.0,683,0.0,0.0
2025-03-31 09:06:00+09:00,49250.0,49300.0,49000.0,49150.0,7020,0.0,0.0
2025-03-31 09:07:00+09:00,49150.0,49250.0,49100.0,49200.0,512,0.0,0.0
2025-03-31 09:08:00+09:00,49200.0,49250.0,49150.0,49250.0,464,0.0,0.0
2025-03-31 09:09:00+09:00,49200.0,49250.0,49150.0,49200.0,453,0.0,0.0
2025-03-31 09:10:00+09:00,49200.0,49200.0,49100.0,49150.0,629,0.0,0.0
2025-03-31 09:11:00+09:00,49200.0,49200.0,49100.0,49150.0,428,0.0,0.0
2025-03-31 09:12:00+09:00,49150.0,49150.0,49050.0,49100.0,1372,0.0,0.0
2025-03-31 09:13:00+09:00,49100.0,49100.0,48950.0,49000.0,1783,0.0,0.0
2025-03-31 09:14:00+09:00,49050.0,49100.0,49050.0,49100.0,354,0.0,0.0
2025-03-31 09:15:00+09:00,49100.0,49200.0,49075.0,49150.0,591,0.0,0.0
2025-03-31 09:16:00+09:00,49200.0,49200.0,49050.0,49100.0,804,0.0,0.0
2025-03-31 09:17:00+09:00,49100.0,49100.0,49050.0,49100.0,95,0.0,0.0
2025-03-31 09:18:00+09:00,49050.0,49100.0,49050.0,49050.0,88,0.0,0.0
2025-03-31 09:19:00+09:00,49050.0,49050.0,49000.0,49050.0,1173,0.0,0.0
2025-03-31 09:20:00+09:00,49000.0,49050.0,49000.0,49050.0,840,0.0,0.0
2025-03-31 09:21:00+09:00,49000.0,49050.0,49000.0,49050.0,133,0.0,0.0
2025-03-31 09:22:00+09:00,49000.0,49050.0,49000.0,49050.0,372,0.0,0.0
2025-03-31 09:23:00+09:00,49050.0,49050.0,48950.0,49000.0,1434,0.0,0.0
2025-03-31 09:24:00+09:00,49000.0,49000.0,48950.0,49000.0,321,0.0,0.0
2025-03-31 09:25:00+09:00,49000.0,49000.0,49000.0,49000.0,279,0.0,0.0
2025-03-31 09:26:00+09:00,49000.0,49050.0,48900.0,48900.0,1998,0.0,0.0
2025-03-31 09:27:00+09:00,48950.0,48950.0,48950.0,48950.0,522,0.0,0.0
2025-03-31 09:28:00+09:00,48975.0,48975.0,48950.0,48950.0,418,0.0,0.0
2025-03-31 09:29:00+09:00,48950.0,48950.0,48900.0,48950.0,649,0.0,0.0
2025-03-31 09:30:00+09:00,48950.0,48950.0,48950.0,48950.0,277,0.0,0.0
2025-03-31 09:31:00+09:00,48950.0,48950.0,48900.0,48900.0,1077,0.0,0.0
2025-03-31 09:32:00+09:00,48950.0,48950.0,48850.0,48900.0,1137,0.0,0.0
2025-03-31 09:33:00+09:00,48900.0,48900.0,48850.0,48900.0,889,0.0,0.0
2025-03-31 09:34:00+09:00,48900.0,48950.0,48850.0,48950.0,541,0.0,0.0
2025-03-31 09:35:00+09:00,48950.0,48950.0,48900.0,48950.0,296,0.0,0.0
2025-03-31 09:36:00+09:00,48900.0,48900.0,48850.0,48900.0,481,0.0,0.0
2025-03-31 09:37:00+09:00,48900.0,48900.0,48850.0,48900.0,137,0.0,0.0
2025-03-31 09:38:00+09:00,48850.0,48900.0,48850.0,48900.0,300,0.0,0.0
2025-03-31 09:39:00+09:00,48900.0,48900.0,48900.0,48900.0,324,0.0,0.0
2025-03-31 09:40:00+09:00,48900.0,48900.0,48850.0,48900.0,445,0.0,0.0
2025-03-31 09:41:00+09:00,48850.0,48900.0,48850.0,48900.0,574,0.0,0.0
2025-03-31 09:42:00+09:00,48900.0,48950.0,48900.0,48950.0,1923,0.0,0.0
2025-03-31 09:43:00+09:00,48950.0,48950.0,48900.0,48950.0,100,0.0,0.0
2025-03-31 09:44:00+09:00,48900.0,48950.0,48900.0,48950.0,392,0.0,0.0
2025-03-31 09:45:00+09:00,48950.0,49000.0,48950.0,49000.0,416,0.0,0.0
2025-03-31 09:46:00+09:00,49000.0,49000.0,48950.0,48950.0,316,0.0,0.0
2025-03-31 09:47:00+09:00,48950.0,49000.0,48850.0,48900.0,1046,0.0,0.0
2025-03-31 09:48:00+09:00,48900.0,48900.0,48850.0,48900.0,684,0.0,0.0
2025-03-31 09:49:00+09:00,48900.0,48950.0,48850.0,48900.0,988,0.0,0.0
2025-03-31 09:50:00+09:00,48900.0,48900.0,48850.0,48850.0,959,0.0,0.0
2025-03-31 09:51:00+09:00,48900.0,48900.0,48850.0,48900.0,239,0.0,0.0
2025-03-31 09:52:00+09:00,48900.0,48900.0,48850.0,48900.0,99,0.0,0.0
2025-03-31 09:53:00+09:00,48850.0,48900.0,48850.0,48900.0,63,0.0,0.0
2025-03-31 09:54:00+09:00,48900.0,48900.0,48850.0,48900.0,373,0.0,0.0
2025-03-31 09:55:00+09:00,48900.0,48950.0,48900.0,48950.0,102,0.0,0.0
2025-03-31 09:56:00+09:00,48900.0,48950.0,48900.0,48900.0,87,0.0,0.0
2025-03-31 09:58:00+09:00,48900.0,48950.0,48900.0,48950.0,1822,0.0,0.0
2025-03-31 09:59:00+09:00,48900.0,48900.0,48850.0,48850.0,174,0.0,0.0
2025-03-31 10:00:00+09:00,48900.0,48950.0,48900.0,48900.0,766,0.0,0.0
2025-03-31 10:01:00+09:00,48900.0,48950.0,48900.0,48900.0,67,0.0,0.0
2025-03-31 10:02:00+09:00,48900.0,48950.0,48900.0,48950.0,370,0.0,0.0
2025-03-31 10:03:00+09:00,48950.0,48950.0,48925.0,48925.0,297,0.0,0.0
2025-03-31 10:04:00+09:00,48950.0,48950.0,48850.0,48900.0,1189,0.0,0.0
2025-03-31 10:05:00+09:00,48950.0,48950.0,48900.0,48900.0,88,0.0,0.0
2025-03-31 10:06:00+09:00,48950.0,48950.0,48900.0,48950.0,223,0.0,0.0
2025-03-31 10:07:00+09:00,48900.0,48950.0,48900.0,48950.0,66,0.0,0.0
2025-03-31 10:08:00+09:00,48950.0,48950.0,48900.0,48950.0,471,0.0,0.0
2025-03-31 10:09:00+09:00,48950.0,48950.0,48900.0,48900.0,272,0.0,0.0
2025-03-31 10:10:00+09:00,48950.0,48950.0,48900.0,48950.0,530,0.0,0.0
2025-03-31 10:11:00+09:00,48950.0,49000.0,48950.0,48950.0,0,0.0,0.0
2025-03-31 10:12:00+09:00,48950.0,49000.0,48950.0,48950.0,282,0.0,0.0
2025-03-31 10:13:00+09:00,49000.0,49000.0,48950.0,48950.0,334,0.0,0.0
2025-03-31 10:14:00+09:00,48950.0,48950.0,48900.0,48950.0,1572,0.0,0.0
2025-03-31 10:15:00+09:00,48950.0,48950.0,48850.0,48900.0,884,0.0,0.0
2025-03-31 10:16:00+09:00,48900.0,48950.0,48900.0,48950.0,452,0.0,0.0
2025-03-31 10:17:00+09:00,48950.0,48950.0,48900.0,48950.0,188,0.0,0.0
2025-03-31 10:18:00+09:00,48900.0,49000.0,48900.0,48900.0,1303,0.0,0.0
2025-03-31 10:19:00+09:00,48900.0,48950.0,48900.0,48950.0,1015,0.0,0.0
2025-03-31 10:20:00+09:00,48950.0,48950.0,48850.0,48900.0,665,0.0,0.0
2025-03-31 10:21:00+09:00,48900.0,48900.0,48900.0,48900.0,176,0.0,0.0
2025-03-31 10:22:00+09:00,48900.0,48950.0,48900.0,48900.0,92,0.0,0.0
2025-03-31 10:23:00+09:00,48900.0,48950.0,48900.0,48900.0,624,0.0,0.0
2025-03-31 10:24:00+09:00,48900.0,48950.0,48900.0,48950.0,312,0.0,0.0
2025-03-31 10:25:00+09:00,48950.0,48950.0,48900.0,48900.0,721,0.0,0.0
2025-03-31 10:26:00+09:00,48950.0,49000.0,48900.0,49000.0,584,0.0,0.0
2025-03-31 10:27:00+09:00,49000.0,49000.0,48950.0,49000.0,385,0.0,0.0
2025-03-31 10:28:00+09:00,48950.0,49000.0,48950.0,49000.0,0,0.0,0.0
2025-03-31 10:29:00+09:00,49000.0,49000.0,48950.0,48950.0,243,0.0,0.0
2025-03-31 10:30:00+09:00,49000.0,49000.0,48950.0,48950.0,574,0.0,0.0
2025-03-31 10:31:00+09:00,48925.0,48950.0,48900.0,48950.0,65,0.0,0.0
2025-03-31 10:32:00+09:00,48950.0,48950.0,48900.0,48900.0,283,0.0,0.0
2025-03-31 10:33:00+09:00,48900.0,49000.0,48900.0,49000.0,576,0.0,0.0
2025-03-31 10:34:00+09:00,48950.0,49000.0,48950.0,48950.0,169,0.0,0.0
2025-03-31 10:35:00+09:00,48950.0,49000.0,48950.0,48950.0,111,0.0,0.0
2025-03-31 10:36:00+09:00,48950.0,49000.0,48950.0,48950.0,324,0.0,0.0
2025-03-31 10:37:00+09:00,49000.0,49000.0,48950.0,48950.0,367,0.0,0.0
2025-03-31 10:38:00+09:00,49000.0,49025.0,48950.0,49025.0,131,0.0,0.0
2025-03-31 10:39:00+09:00,49050.0,49050.0,49000.0,49000.0,106,0.0,0.0
2025-03-31 10:40:00+09:00,49000.0,49050.0,49000.0,49050.0,55,0.0,0.0
2025-03-31 10:41:00+09:00,49050.0,49050.0,48950.0,49000.0,1322,0.0,0.0
2025-03-31 10:42:00+09:00,49000.0,49000.0,48950.0,49000.0,251,0.0,0.0
2025-03-31 10:43:00+09:00,49000.0,49000.0,48950.0,49000.0,29,0.0,0.0
2025-03-31 10:44:00+09:00,49000.0,49000.0,48950.0,48950.0,288,0.0,0.0
2025-03-31 10:45:00+09:00,49000.0,49000.0,49000.0,49000.0,157,0.0,0.0
2025-03-31 10:46:00+09:00,49000.0,49050.0,49000.0,49050.0,72,0.0,0.0
2025-03-31 10:47:00+09:00,49050.0,49050.0,49000.0,49000.0,475,0.0,0.0
2025-03-31 10:48:00+09:00,49050.0,49100.0,49000.0,49000.0,481,0.0,0.0
2025-03-31 10:49:00+09:00,49050.0,49050.0,49000.0,49050.0,648,0.0,0.0
2025-03-31 10:50:00+09:00,49050.0,49100.0,49050.0,49100.0,433,0.0,0.0
2025-03-31 10:51:00+09:00,49050.0,49100.0,49050.0,49100.0,73,0.0,0.0
2025-03-31 10:52:00+09:00,49100.0,49100.0,49050.0,49100.0,637,0.0,0.0
2025-03-31 10:53:00+09:00,49050.0,49100.0,49000.0,49000.0,279,0.0,0.0
2025-03-31 10:54:00+09:00,49050.0,49050.0,49050.0,49050.0,141,0.0,0.0
2025-03-31 10:55:00+09:00,49050.0,49100.0,48950.0,48950.0,617,0.0,0.0
2025-03-31 10:56:00+09:00,48950.0,49050.0,48950.0,49050.0,130,0.0,0.0
2025-03-31 10:57:00+09:00,49050.0,49050.0,49050.0,49050.0,54,0.0,0.0
2025-03-31 10:58:00+09:00,49050.0,49100.0,49050.0,49050.0,93,0.0,0.0
2025-03-31 10:59:00+09:00,49050.0,49100.0,49050.0,49100.0,65,0.0,0.0
2025-03-31 11:00:00+09:00,49100.0,49100.0,49000.0,49000.0,1315,0.0,0.0
2025-03-31 11:01:00+09:00,49000.0,49000.0,48950.0,49000.0,0,0.0,0.0
2025-03-31 11:02:00+09:00,49000.0,49000.0,48950.0,48950.0,14,0.0,0.0
2025-03-31 11:03:00+09:00,49000.0,49000.0,48950.0,49000.0,248,0.0,0.0
2025-03-31 11:04:00+09:00,49000.0,49000.0,48950.0,48950.0,296,0.0,0.0
2025-03-31 11:05:00+09:00,49000.0,49000.0,48950.0,49000.0,61,0.0,0.0
2025-03-31 11:06:00+09:00,49000.0,49000.0,48950.0,48950.0,746,0.0,0.0
2025-03-31 11:07:00+09:00,49000.0,49000.0,48900.0,48950.0,1675,0.0,0.0
2025-03-31 11:08:00+09:00,48950.0,48950.0,48900.0,48900.0,0,0.0,0.0
2025-03-31 11:09:00+09:00,48900.0,48950.0,48900.0,48900.0,71,0.0,0.0
2025-03-31 11:10:00+09:00,48950.0,48950.0,48900.0,48950.0,47,0.0,0.0
2025-03-31 11:11:00+09:00,48950.0,48950.0,48900.0,48900.0,582,0.0,0.0
2025-03-31 11:12:00+09:00,48950.0,48950.0,48900.0,48900.0,25,0.0,0.0
2025-03-31 11:13:00+09:00,48950.0,49000.0,48900.0,49000.0,514,0.0,0.0
2025-03-31 11:14:00+09:00,48975.0,49000.0,48950.0,48950.0,53,0.0,0.0
2025-03-31 11:15:00+09:00,48950.0,49000.0,48950.0,48950.0,40,0.0,0.0
2025-03-31 11:16:00+09:00,49000.0,49100.0,49000.0,49100.0,940,0.0,0.0
2025-03-31 11:17:00+09:00,49075.0,49100.0,49050.0,49100.0,11,0.0,0.0
2025-03-31 11:18:00+09:00,49100.0,49100.0,49050.0,49050.0,61,0.0,0.0
2025-03-31 11:19:00+09:00,49050.0,49150.0,49050.0,49050.0,1283,0.0,0.0
2025-03-31 11:20:00+09:00,49100.0,49100.0,49050.0,49050.0,415,0.0,0.0
2025-03-31 11:21:00+09:00,49100.0,49100.0,49050.0,49050.0,74,0.0,0.0
2025-03-31 11:22:00+09:00,49050.0,49150.0,49050.0,49050.0,823,0.0,0.0
2025-03-31 11:23:00+09:00,49100.0,49100.0,49050.0,49100.0,21,0.0,0.0
2025-03-31 11:24:00+09:00,49100.0,49150.0,49100.0,49100.0,213,0.0,0.0
2025-03-31 11:25:00+09:00,49100.0,49150.0,49100.0,49150.0,196,0.0,0.0
2025-03-31 11:26:00+09:00,49150.0,49150.0,49100.0,49150.0,482,0.0,0.0
2025-03-31 11:27:00+09:00,49150.0,49150.0,49100.0,49150.0,189,0.0,0.0
2025-03-31 11:28:00+09:00,49150.0,49200.0,49150.0,49200.0,301,0.0,0.0
2025-03-31 11:29:00+09:00,49200.0,49250.0,49200.0,49250.0,221,0.0,0.0
2025-03-31 11:30:00+09:00,49250.0,49250.0,49200.0,49250.0,1143,0.0,0.0
2025-03-31 11:31:00+09:00,49250.0,49250.0,49200.0,49200.0,931,0.0,0.0
2025-03-31 11:32:00+09:00,49250.0,49250.0,49200.0,49200.0,137,0.0,0.0
2025-03-31 11:33:00+09:00,49250.0,49250.0,49200.0,49200.0,607,0.0,0.0
2025-03-31 11:34:00+09:00,49250.0,49300.0,49250.0,49250.0,360,0.0,0.0
2025-03-31 11:35:00+09:00,49300.0,49300.0,49250.0,49300.0,418,0.0,0.0
2025-03-31 11:36:00+09:00,49250.0,49300.0,49250.0,49300.0,64,0.0,0.0
2025-03-31 11:37:00+09:00,49300.0,49350.0,49300.0,49300.0,290,0.0,0.0
2025-03-31 11:38:00+09:00,49300.0,49350.0,49250.0,49250.0,308,0.0,0.0
2025-03-31 11:39:00+09:00,49250.0,49350.0,49250.0,49300.0,52,0.0,0.0
2025-03-31 11:40:00+09:00,49350.0,49400.0,49250.0,49300.0,778,0.0,0.0
2025-03-31 11:41:00+09:00,49300.0,49350.0,49300.0,49300.0,132,0.0,0.0
2025-03-31 11:42:00+09:00,49300.0,49350.0,49300.0,49350.0,115,0.0,0.0
2025-03-31 11:43:00+09:00,49350.0,49350.0,49300.0,49350.0,75,0.0,0.0
2025-03-31 11:44:00+09:00,49350.0,49350.0,49300.0,49300.0,90,0.0,0.0
2025-03-31 11:45:00+09:00,49350.0,49400.0,49350.0,49400.0,738,0.0,0.0
2025-03-31 11:46:00+09:00,49400.0,49450.0,49300.0,49300.0,1113,0.0,0.0
2025-03-31 11:47:00+09:00,49300.0,49450.0,49300.0,49350.0,164,0.0,0.0
2025-03-31 11:48:00+09:00,49400.0,49400.0,49350.0,49350.0,64,0.0,0.0
2025-03-31 11:49:00+09:00,49400.0,49400.0,49350.0,49400.0,854,0.0,0.0
2025-03-31 11:50:00+09:00,49400.0,49400.0,49350.0,49400.0,501,0.0,0.0
2025-03-31 11:51:00+09:00,49350.0,49400.0,49350.0,49350.0,68,0.0,0.0
2025-03-31 11:52:00+09:00,49350.0,49400.0,49350.0,49350.0,746,0.0,0.0
2025-03-31 11:53:00+09:00,49400.0,49400.0,49350.0,49350.0,579,0.0,0.0
2025-03-31 11:54:00+09:00,49400.0,49400.0,49400.0,49400.0,215,0.0,0.0
2025-03-31 11:55:00+09:00,49350.0,49400.0,49350.0,49350.0,42,0.0,0.0
2025-03-31 11:56:00+09:00,49350.0,49400.0,49200.0,49250.0,2049,0.0,0.0
2025-03-31 11:57:00+09:00,49250.0,49250.0,49200.0,49200.0,0,0.0,0.0
2025-03-31 11:58:00+09:00,49250.0,49300.0,49250.0,49250.0,185,0.0,0.0
2025-03-31 11:59:00+09:00,49250.0,49350.0,49250.0,49350.0,322,0.0,0.0
2025-03-31 12:00:00+09:00,49350.0,49350.0,49300.0,49300.0,248,0.0,0.0
2025-03-31 12:01:00+09:00,49350.0,49350.0,49300.0,49350.0,112,0.0,0.0
2025-03-31 12:02:00+09:00,49350.0,49350.0,49300.0,49300.0,298,0.0,0.0
2025-03-31 12:03:00+09:00,49300.0,49300.0,49250.0,49300.0,402,0.0,0.0
2025-03-31 12:04:00+09:00,49250.0,49300.0,49250.0,49300.0,64,0.0,0.0
2025-03-31 12:05:00+09:00,49250.0,49300.0,49250.0,49300.0,177,0.0,0.0
2025-03-31 12:06:00+09:00,49300.0,49300.0,49100.0,49150.0,1371,0.0,0.0
2025-03-31 12:07:00+09:00,49200.0,49200.0,49100.0,49150.0,1635,0.0,0.0
2025-03-31 12:08:00+09:00,49150.0,49200.0,49150.0,49200.0,0,0.0,0.0
2025-03-31 12:09:00+09:00,49200.0,49200.0,49150.0,49200.0,241,0.0,0.0
2025-03-31 12:10:00+09:00,49200.0,49200.0,49150.0,49200.0,393,0.0,0.0
2025-03-31 12:11:00+09:00,49200.0,49200.0,49150.0,49150.0,427,0.0,0.0
2025-03-31 12:12:00+09:00,49150.0,49200.0,49150.0,49150.0,44,0.0,0.0
2025-03-31 12:13:00+09:00,49200.0,49200.0,49150.0,49150.0,215,0.0,0.0
2025-03-31 12:14:00+09:00,49150.0,49200.0,49150.0,49200.0,19,0.0,0.0
2025-03-31 12:15:00+09:00,49150.0,49200.0,49150.0,49150.0,58,0.0,0.0
2025-03-31 12:16:00+09:00,49200.0,49200.0,49150.0,49150.0,567,0.0,0.0
2025-03-31 12:17:00+09:00,49200.0,49200.0,49050.0,49150.0,1029,0.0,0.0
2025-03-31 12:18:00+09:00,49150.0,49150.0,49100.0,49100.0,19,0.0,0.0
2025-03-31 12:19:00+09:00,49100.0,49150.0,49100.0,49100.0,148,0.0,0.0
2025-03-31 12:20:00+09:00,49150.0,49150.0,49100.0,49150.0,646,0.0,0.0
2025-03-31 12:21:00+09:00,49100.0,49150.0,49100.0,49150.0,358,0.0,0.0
2025-03-31 12:22:00+09:00,49150.0,49150.0,49100.0,49150.0,451,0.0,0.0
2025-03-31 12:23:00+09:00,49150.0,49150.0,49050.0,49150.0,631,0.0,0.0
2025-03-31 12:24:00+09:00,49100.0,49150.0,49100.0,49100.0,271,0.0,0.0
2025-03-31 12:25:00+09:00,49100.0,49150.0,49050.0,49150.0,596,0.0,0.0
2025-03-31 12:26:00+09:00,49050.0,49150.0,49050.0,49100.0,75,0.0,0.0
2025-03-31 12:27:00+09:00,49150.0,49150.0,49100.0,49150.0,65,0.0,0.0
2025-03-31 12:28:00+09:00,49150.0,49150.0,49100.0,49100.0,449,0.0,0.0
2025-03-31 12:29:00+09:00,49100.0,49150.0,49100.0,49100.0,485,0.0,0.0
2025-03-31 12:30:00+09:00,49100.0,49150.0,49100.0,49100.0,30,0.0,0.0
2025-03-31 12:31:00+09:00,49100.0,49150.0,49100.0,49100.0,73,0.0,0.0
2025-03-31 12:32:00+09:00,49150.0,49150.0,49100.0,49100.0,49,0.0,0.0
2025-03-31 12:33:00+09:00,49150.0,49150.0,49150.0,49150.0,507,0.0,0.0
2025-03-31 12:34:00+09:00,49150.0,49150.0,49100.0,49150.0,460,0.0,0.0
2025-03-31 12:35:00+09:00,49150.0,49150.0,49050.0,49050.0,802,0.0,0.0
2025-03-31 12:36:00+09:00,49000.0,49050.0,49000.0,49050.0,28,0.0,0.0
2025-03-31 12:37:00+09:00,49100.0,49100.0,49000.0,49000.0,296,0.0,0.0
2025-03-31 12:38:00+09:00,49050.0,49050.0,49000.0,49050.0,72,0.0,0.0
2025-03-31 12:39:00+09:00,49050.0,49050.0,49000.0,49050.0,307,0.0,0.0
2025-03-31 12:40:00+09:00,49000.0,49050.0,49000.0,49000.0,218,0.0,0.0
2025-03-31 12:41:00+09:00,49000.0,49050.0,49000.0,49050.0,685,0.0,0.0
2025-03-31 12:42:00+09:00,49050.0,49050.0,49000.0,49000.0,23,0.0,0.0
2025-03-31 12:43:00+09:00,49050.0,49050.0,49000.0,49000.0,29,0.0,0.0
2025-03-31 12:44:00+09:00,49050.0,49050.0,49000.0,49050.0,235,0.0,0.0
2025-03-31 12:45:00+09:00,49050.0,49050.0,49050.0,49050.0,458,0.0,0.0
2025-03-31 12:46:00+09:00,49050.0,49050.0,49000.0,49050.0,135,0.0,0.0
2025-03-31 12:47:00+09:00,49050.0,49050.0,49000.0,49000.0,685,0.0,0.0
2025-03-31 12:48:00+09:00,49000.0,49050.0,49000.0,49000.0,270,0.0,0.0
2025-03-31 12:49:00+09:00,49050.0,49050.0,49000.0,49050.0,78,0.0,0.0
2025-03-31 12:50:00+09:00,49050.0,49050.0,49000.0,49000.0,626,0.0,0.0
2025-03-31 12:51:00+09:00,49050.0,49050.0,49000.0,49050.0,262,0.0,0.0
2025-03-31 12:52:00+09:00,49050.0,49100.0,49050.0,49100.0,372,0.0,0.0
2025-03-31 12:53:00+09:00,49050.0,49050.0,49050.0,49050.0,28,0.0,0.0
2025-03-31 12:54:00+09:00,49100.0,49100.0,49050.0,49050.0,448,0.0,0.0
2025-03-31 12:55:00+09:00,49050.0,49100.0,49050.0,49050.0,250,0.0,0.0
2025-03-31 12:56:00+09:00,49050.0,49050.0,49050.0,49050.0,3,0.0,0.0
2025-03-31 12:57:00+09:00,49050.0,49100.0,49050.0,49050.0,33,0.0,0.0
2025-03-31 12:58:00+09:00,49100.0,49100.0,49050.0,49100.0,38,0.0,0.0
2025-03-31 12:59:00+09:00,49050.0,49100.0,49050.0,49050.0,248,0.0,0.0
2025-03-31 13:00:00+09:00,49050.0,49100.0,49050.0,49050.0,1536,0.0,0.0
2025-03-31 13:01:00+09:00,49050.0,49050.0,49000.0,49050.0,484,0.0,0.0
2025-03-31 13:02:00+09:00,49050.0,49050.0,49000.0,49050.0,205,0.0,0.0
2025-03-31 13:03:00+09:00,49050.0,49050.0,49000.0,49050.0,216,0.0,0.0
2025-03-31 13:04:00+09:00,49050.0,49050.0,49000.0,49000.0,130,0.0,0.0
2025-03-31 13:05:00+09:00,49050.0,49050.0,49000.0,49000.0,0,0.0,0.0
2025-03-31 13:06:00+09:00,49050.0,49050.0,49000.0,49000.0,1541,0.0,0.0
2025-03-31 13:07:00+09:00,49050.0,49050.0,49000.0,49000.0,51,0.0,0.0
2025-03-31 13:08:00+09:00,49000.0,49000.0,49000.0,49000.0,27,0.0,0.0
2025-03-31 13:09:00+09:00,49000.0,49050.0,49000.0,49000.0,31,0.0,0.0
2025-03-31 13:10:00+09:00,49000.0,49050.0,49000.0,49000.0,1054,0.0,0.0
2025-03-31 13:11:00+09:00,49000.0,49000.0,49000.0,49000.0,13,0.0,0.0
2025-03-31 13:12:00+09:00,49000.0,49050.0,49000.0,49050.0,454,0.0,0.0
2025-03-31 13:13:00+09:00,49100.0,49100.0,49050.0,49100.0,226,0.0,0.0
2025-03-31 13:14:00+09:00,49100.0,49100.0,49050.0,49050.0,744,0.0,0.0
2025-03-31 13:15:00+09:00,49050.0,49100.0,49050.0,49050.0,33,0.0,0.0
2025-03-31 13:16:00+09:00,49050.0,49100.0,49050.0,49050.0,513,0.0,0.0
2025-03-31 13:17:00+09:00,49100.0,49100.0,49050.0,49100.0,572,0.0,0.0
2025-03-31 13:18:00+09:00,49050.0,49100.0,49050.0,49100.0,291,0.0,0.0
2025-03-31 13:19:00+09:00,49100.0,49150.0,49050.0,49050.0,488,0.0,0.0
