Datetime,Open,High,Low,Close,Volume,Dividends,Stock Splits
2025-03-25 13:21:00+09:00,207000.0,207500.0,207000.0,207250.0,0,0.0,0.0
2025-03-25 13:22:00+09:00,207250.0,207500.0,207000.0,207500.0,270,0.0,0.0
2025-03-25 13:23:00+09:00,207000.0,207500.0,207000.0,207000.0,678,0.0,0.0
2025-03-25 13:24:00+09:00,207000.0,207500.0,207000.0,207500.0,525,0.0,0.0
2025-03-25 13:25:00+09:00,207250.0,207500.0,207000.0,207000.0,233,0.0,0.0
2025-03-25 13:26:00+09:00,207000.0,207500.0,207000.0,207000.0,261,0.0,0.0
2025-03-25 13:27:00+09:00,207000.0,207500.0,207000.0,207000.0,504,0.0,0.0
2025-03-25 13:28:00+09:00,207000.0,207500.0,207000.0,207000.0,444,0.0,0.0
2025-03-25 13:29:00+09:00,207000.0,207500.0,207000.0,207000.0,587,0.0,0.0
2025-03-25 13:30:00+09:00,207000.0,207500.0,207000.0,207000.0,676,0.0,0.0
2025-03-25 13:31:00+09:00,207250.0,207500.0,207000.0,207000.0,488,0.0,0.0
2025-03-25 13:32:00+09:00,207000.0,207500.0,207000.0,207250.0,210,0.0,0.0
2025-03-25 13:33:00+09:00,207500.0,207500.0,207000.0,207500.0,282,0.0,0.0
2025-03-25 13:34:00+09:00,207000.0,207500.0,207000.0,207000.0,836,0.0,0.0
2025-03-25 13:35:00+09:00,207000.0,207500.0,206500.0,207250.0,1877,0.0,0.0
2025-03-25 13:36:00+09:00,207500.0,207500.0,207000.0,207250.0,579,0.0,0.0
2025-03-25 13:37:00+09:00,207250.0,207500.0,207000.0,207250.0,503,0.0,0.0
2025-03-25 13:38:00+09:00,207250.0,207500.0,207000.0,207500.0,184,0.0,0.0
2025-03-25 13:39:00+09:00,207500.0,207500.0,207000.0,207250.0,218,0.0,0.0
2025-03-25 13:40:00+09:00,207250.0,207500.0,207000.0,207500.0,387,0.0,0.0
2025-03-25 13:41:00+09:00,207000.0,207500.0,207000.0,207000.0,580,0.0,0.0
2025-03-25 13:42:00+09:00,207000.0,208000.0,207000.0,207500.0,7317,0.0,0.0
2025-03-25 13:43:00+09:00,207500.0,208000.0,207500.0,207500.0,1233,0.0,0.0
2025-03-25 13:44:00+09:00,207750.0,208000.0,207500.0,207750.0,867,0.0,0.0
2025-03-25 13:45:00+09:00,207500.0,208000.0,207500.0,208000.0,267,0.0,0.0
2025-03-25 13:46:00+09:00,208000.0,208000.0,207500.0,207500.0,198,0.0,0.0
2025-03-25 13:47:00+09:00,207500.0,208000.0,207500.0,207750.0,345,0.0,0.0
2025-03-25 13:48:00+09:00,207500.0,208000.0,207500.0,207500.0,455,0.0,0.0
2025-03-25 13:49:00+09:00,207750.0,208000.0,207500.0,207500.0,288,0.0,0.0
2025-03-25 13:50:00+09:00,208000.0,208000.0,207500.0,207500.0,642,0.0,0.0
2025-03-25 13:51:00+09:00,207750.0,208000.0,207500.0,207500.0,356,0.0,0.0
2025-03-25 13:52:00+09:00,207500.0,208000.0,207500.0,207500.0,281,0.0,0.0
2025-03-25 13:53:00+09:00,207500.0,208000.0,207500.0,207500.0,878,0.0,0.0
2025-03-25 13:54:00+09:00,207500.0,208000.0,207500.0,207500.0,333,0.0,0.0
2025-03-25 13:55:00+09:00,207500.0,208000.0,207500.0,207500.0,329,0.0,0.0
2025-03-25 13:56:00+09:00,207500.0,207750.0,207000.0,207500.0,2870,0.0,0.0
2025-03-25 13:57:00+09:00,207000.0,207500.0,207000.0,207250.0,242,0.0,0.0
2025-03-25 13:58:00+09:00,207250.0,207500.0,207000.0,207500.0,262,0.0,0.0
2025-03-25 13:59:00+09:00,207500.0,207500.0,207000.0,207000.0,1139,0.0,0.0
2025-03-25 14:00:00+09:00,207000.0,207500.0,207000.0,207500.0,1181,0.0,0.0
2025-03-25 14:01:00+09:00,207000.0,207500.0,207000.0,207250.0,692,0.0,0.0
2025-03-25 14:02:00+09:00,207250.0,207500.0,207000.0,207000.0,1536,0.0,0.0
2025-03-25 14:03:00+09:00,207250.0,207500.0,207000.0,207250.0,453,0.0,0.0
2025-03-25 14:04:00+09:00,207250.0,207500.0,207000.0,207500.0,467,0.0,0.0
2025-03-25 14:05:00+09:00,207000.0,207500.0,207000.0,207500.0,248,0.0,0.0
2025-03-25 14:06:00+09:00,207000.0,207500.0,207000.0,207000.0,480,0.0,0.0
2025-03-25 14:07:00+09:00,207000.0,207500.0,207000.0,207000.0,1238,0.0,0.0
2025-03-25 14:08:00+09:00,207000.0,208000.0,207000.0,207500.0,855,0.0,0.0
2025-03-25 14:09:00+09:00,207500.0,208000.0,207500.0,207500.0,478,0.0,0.0
2025-03-25 14:10:00+09:00,207750.0,208000.0,207500.0,208000.0,444,0.0,0.0
2025-03-25 14:11:00+09:00,207500.0,208000.0,207500.0,207500.0,406,0.0,0.0
2025-03-25 14:12:00+09:00,207500.0,208000.0,207500.0,208000.0,547,0.0,0.0
2025-03-25 14:13:00+09:00,207500.0,208000.0,207500.0,207500.0,551,0.0,0.0
2025-03-25 14:14:00+09:00,207500.0,208000.0,207500.0,207500.0,330,0.0,0.0
2025-03-25 14:15:00+09:00,207500.0,208000.0,207500.0,207500.0,1046,0.0,0.0
2025-03-25 14:16:00+09:00,207500.0,208000.0,207500.0,207500.0,551,0.0,0.0
2025-03-25 14:17:00+09:00,207500.0,208000.0,207500.0,207500.0,1172,0.0,0.0
2025-03-25 14:18:00+09:00,208000.0,208000.0,207500.0,208000.0,647,0.0,0.0
2025-03-25 14:19:00+09:00,208000.0,208000.0,207500.0,207750.0,718,0.0,0.0
2025-03-25 14:20:00+09:00,208000.0,208000.0,207500.0,207500.0,889,0.0,0.0
2025-03-25 14:21:00+09:00,207500.0,207750.0,207500.0,207500.0,542,0.0,0.0
2025-03-25 14:22:00+09:00,207500.0,207750.0,207500.0,207500.0,609,0.0,0.0
2025-03-25 14:23:00+09:00,207500.0,208000.0,207500.0,207500.0,536,0.0,0.0
2025-03-25 14:24:00+09:00,207500.0,208000.0,207500.0,207500.0,636,0.0,0.0
2025-03-25 14:25:00+09:00,207500.0,208000.0,207000.0,207500.0,2769,0.0,0.0
2025-03-25 14:26:00+09:00,207000.0,207500.0,207000.0,207000.0,632,0.0,0.0
2025-03-25 14:27:00+09:00,207000.0,207500.0,207000.0,207000.0,618,0.0,0.0
2025-03-25 14:28:00+09:00,207250.0,207500.0,207000.0,207250.0,512,0.0,0.0
2025-03-25 14:29:00+09:00,207000.0,207500.0,207000.0,207000.0,695,0.0,0.0
2025-03-25 14:30:00+09:00,207500.0,207500.0,207000.0,207000.0,554,0.0,0.0
2025-03-25 14:31:00+09:00,207000.0,207500.0,207000.0,207500.0,2604,0.0,0.0
2025-03-25 14:32:00+09:00,207000.0,207500.0,207000.0,207000.0,1521,0.0,0.0
2025-03-25 14:33:00+09:00,207000.0,207500.0,207000.0,207500.0,978,0.0,0.0
2025-03-25 14:34:00+09:00,207500.0,208000.0,207000.0,208000.0,1263,0.0,0.0
2025-03-25 14:35:00+09:00,207500.0,208000.0,207500.0,207500.0,597,0.0,0.0
2025-03-25 14:36:00+09:00,207500.0,208000.0,207500.0,207500.0,357,0.0,0.0
2025-03-25 14:37:00+09:00,207500.0,208000.0,207500.0,207500.0,590,0.0,0.0
2025-03-25 14:38:00+09:00,208000.0,208000.0,207500.0,207500.0,797,0.0,0.0
2025-03-25 14:39:00+09:00,207500.0,208000.0,207500.0,207500.0,405,0.0,0.0
2025-03-25 14:40:00+09:00,207500.0,208000.0,207500.0,207500.0,651,0.0,0.0
2025-03-25 14:41:00+09:00,207500.0,208000.0,207500.0,208000.0,535,0.0,0.0
2025-03-25 14:42:00+09:00,207500.0,208000.0,207500.0,207500.0,293,0.0,0.0
2025-03-25 14:43:00+09:00,207500.0,208000.0,207500.0,207500.0,379,0.0,0.0
2025-03-25 14:44:00+09:00,207500.0,208000.0,207500.0,207500.0,732,0.0,0.0
2025-03-25 14:45:00+09:00,207500.0,208000.0,207500.0,207500.0,682,0.0,0.0
2025-03-25 14:46:00+09:00,207500.0,208000.0,207500.0,207500.0,816,0.0,0.0
2025-03-25 14:47:00+09:00,207750.0,208000.0,207500.0,207500.0,682,0.0,0.0
2025-03-25 14:48:00+09:00,207500.0,208000.0,207500.0,207500.0,2353,0.0,0.0
2025-03-25 14:49:00+09:00,207500.0,208000.0,207500.0,207500.0,541,0.0,0.0
2025-03-25 14:50:00+09:00,207500.0,208000.0,207500.0,207500.0,1000,0.0,0.0
2025-03-25 14:51:00+09:00,207500.0,208000.0,207500.0,207500.0,1043,0.0,0.0
2025-03-25 14:52:00+09:00,207500.0,208000.0,207000.0,207500.0,2260,0.0,0.0
2025-03-25 14:53:00+09:00,207500.0,208000.0,207000.0,207000.0,2325,0.0,0.0
2025-03-25 14:54:00+09:00,207000.0,208000.0,207000.0,208000.0,7204,0.0,0.0
2025-03-25 14:55:00+09:00,207500.0,208000.0,207500.0,208000.0,880,0.0,0.0
2025-03-25 14:56:00+09:00,207500.0,208000.0,207500.0,207500.0,288,0.0,0.0
2025-03-25 14:57:00+09:00,207500.0,208000.0,207500.0,208000.0,551,0.0,0.0
2025-03-25 14:58:00+09:00,207750.0,208000.0,207500.0,207500.0,307,0.0,0.0
2025-03-25 14:59:00+09:00,207500.0,208000.0,207500.0,207500.0,468,0.0,0.0
2025-03-26 09:00:00+09:00,207500.0,208000.0,207000.0,208000.0,16952,0.0,0.0
2025-03-26 09:01:00+09:00,207500.0,208500.0,207000.0,207500.0,14859,0.0,0.0
2025-03-26 09:02:00+09:00,208000.0,208500.0,207000.0,207500.0,16022,0.0,0.0
2025-03-26 09:03:00+09:00,207500.0,208500.0,207000.0,207000.0,14206,0.0,0.0
2025-03-26 09:04:00+09:00,207500.0,208000.0,207000.0,207750.0,3349,0.0,0.0
2025-03-26 09:05:00+09:00,208000.0,208000.0,207000.0,207500.0,22099,0.0,0.0
2025-03-26 09:06:00+09:00,208000.0,208000.0,207000.0,207000.0,4030,0.0,0.0
2025-03-26 09:07:00+09:00,207500.0,208000.0,207000.0,208000.0,6280,0.0,0.0
2025-03-26 09:08:00+09:00,207500.0,208000.0,207000.0,207500.0,6760,0.0,0.0
2025-03-26 09:09:00+09:00,207500.0,208000.0,206750.0,207500.0,4468,0.0,0.0
2025-03-26 09:10:00+09:00,207500.0,207500.0,207000.0,207500.0,6761,0.0,0.0
2025-03-26 09:11:00+09:00,207500.0,208000.0,207000.0,207000.0,11527,0.0,0.0
2025-03-26 09:12:00+09:00,207500.0,208000.0,207000.0,207500.0,779,0.0,0.0
2025-03-26 09:13:00+09:00,207500.0,208000.0,207000.0,207500.0,5397,0.0,0.0
2025-03-26 09:14:00+09:00,208000.0,208500.0,206750.0,208500.0,10092,0.0,0.0
2025-03-26 09:15:00+09:00,208000.0,208500.0,207000.0,208000.0,11767,0.0,0.0
2025-03-26 09:16:00+09:00,208000.0,208000.0,206750.0,208000.0,2503,0.0,0.0
2025-03-26 09:17:00+09:00,207500.0,208000.0,207500.0,208000.0,767,0.0,0.0
2025-03-26 09:18:00+09:00,208000.0,208000.0,207000.0,207000.0,4157,0.0,0.0
2025-03-26 09:19:00+09:00,207500.0,208000.0,207500.0,207500.0,494,0.0,0.0
2025-03-26 09:20:00+09:00,207500.0,208000.0,206750.0,207500.0,8483,0.0,0.0
2025-03-26 09:21:00+09:00,207250.0,207250.0,207000.0,207250.0,54,0.0,0.0
2025-03-26 09:22:00+09:00,207250.0,207500.0,206750.0,207000.0,7348,0.0,0.0
2025-03-26 09:23:00+09:00,207500.0,207500.0,207000.0,207000.0,287,0.0,0.0
2025-03-26 09:24:00+09:00,207000.0,207500.0,207000.0,207500.0,261,0.0,0.0
2025-03-26 09:25:00+09:00,207500.0,207500.0,207000.0,207500.0,641,0.0,0.0
2025-03-26 09:26:00+09:00,207000.0,207500.0,207000.0,207000.0,311,0.0,0.0
2025-03-26 09:27:00+09:00,207000.0,207500.0,207000.0,207000.0,506,0.0,0.0
2025-03-26 09:28:00+09:00,207000.0,207500.0,206500.0,206750.0,1752,0.0,0.0
2025-03-26 09:29:00+09:00,207000.0,207000.0,206500.0,206500.0,298,0.0,0.0
2025-03-26 09:30:00+09:00,206500.0,207000.0,206500.0,207000.0,945,0.0,0.0
2025-03-26 09:31:00+09:00,207000.0,207500.0,206500.0,207000.0,2897,0.0,0.0
2025-03-26 09:32:00+09:00,207000.0,207000.0,206500.0,206500.0,555,0.0,0.0
2025-03-26 09:33:00+09:00,207000.0,207000.0,206500.0,207000.0,2502,0.0,0.0
2025-03-26 09:34:00+09:00,206500.0,207000.0,206500.0,207000.0,407,0.0,0.0
2025-03-26 09:35:00+09:00,206500.0,207000.0,206500.0,206500.0,210,0.0,0.0
2025-03-26 09:36:00+09:00,206500.0,207000.0,206500.0,207000.0,646,0.0,0.0
2025-03-26 09:37:00+09:00,207000.0,207000.0,206500.0,206500.0,509,0.0,0.0
2025-03-26 09:38:00+09:00,207000.0,207000.0,206500.0,206500.0,362,0.0,0.0
2025-03-26 09:39:00+09:00,206500.0,207000.0,206500.0,206500.0,2145,0.0,0.0
2025-03-26 09:40:00+09:00,206500.0,207000.0,206500.0,206500.0,0,0.0,0.0
2025-03-26 09:41:00+09:00,207000.0,207000.0,206500.0,206750.0,286,0.0,0.0
2025-03-26 09:42:00+09:00,206500.0,207000.0,206500.0,207000.0,251,0.0,0.0
2025-03-26 09:43:00+09:00,207000.0,207000.0,206500.0,206500.0,200,0.0,0.0
2025-03-26 09:44:00+09:00,206500.0,207000.0,206500.0,206500.0,389,0.0,0.0
2025-03-26 09:45:00+09:00,206500.0,207000.0,206500.0,207000.0,483,0.0,0.0
2025-03-26 09:46:00+09:00,207000.0,207000.0,206500.0,207000.0,376,0.0,0.0
2025-03-26 09:47:00+09:00,207000.0,207000.0,206500.0,207000.0,444,0.0,0.0
2025-03-26 09:48:00+09:00,206500.0,207000.0,206500.0,206500.0,240,0.0,0.0
2025-03-26 09:49:00+09:00,206500.0,207000.0,206500.0,207000.0,366,0.0,0.0
2025-03-26 09:50:00+09:00,206500.0,207000.0,206000.0,206000.0,7030,0.0,0.0
2025-03-26 09:51:00+09:00,206000.0,206500.0,205000.0,205500.0,12208,0.0,0.0
2025-03-26 09:52:00+09:00,205500.0,206000.0,205500.0,205500.0,1000,0.0,0.0
2025-03-26 09:53:00+09:00,205750.0,206000.0,205000.0,205500.0,3447,0.0,0.0
2025-03-26 09:54:00+09:00,205000.0,205500.0,205000.0,205000.0,901,0.0,0.0
2025-03-26 09:55:00+09:00,205000.0,205500.0,205000.0,205250.0,795,0.0,0.0
2025-03-26 09:56:00+09:00,205250.0,205500.0,205000.0,205500.0,3210,0.0,0.0
2025-03-26 09:57:00+09:00,205500.0,205500.0,205000.0,205500.0,1564,0.0,0.0
2025-03-26 09:58:00+09:00,205000.0,205500.0,205000.0,205000.0,943,0.0,0.0
2025-03-26 09:59:00+09:00,205000.0,205500.0,205000.0,205250.0,444,0.0,0.0
2025-03-26 10:00:00+09:00,205500.0,205500.0,205250.0,205500.0,456,0.0,0.0
2025-03-26 10:01:00+09:00,205250.0,205500.0,205000.0,205250.0,2891,0.0,0.0
2025-03-26 10:02:00+09:00,205250.0,205500.0,205000.0,205500.0,592,0.0,0.0
2025-03-26 10:03:00+09:00,205250.0,205500.0,205250.0,205500.0,532,0.0,0.0
2025-03-26 10:04:00+09:00,205500.0,205500.0,205250.0,205500.0,1219,0.0,0.0
2025-03-26 10:05:00+09:00,205500.0,205500.0,205250.0,205500.0,1308,0.0,0.0
2025-03-26 10:06:00+09:00,205500.0,205500.0,205000.0,205500.0,1250,0.0,0.0
2025-03-26 10:07:00+09:00,205250.0,205500.0,205000.0,205500.0,418,0.0,0.0
2025-03-26 10:08:00+09:00,205500.0,205500.0,205000.0,205250.0,1638,0.0,0.0
2025-03-26 10:09:00+09:00,205250.0,205500.0,205000.0,205000.0,476,0.0,0.0
2025-03-26 10:10:00+09:00,205250.0,205250.0,204000.0,204500.0,18023,0.0,0.0
2025-03-26 10:11:00+09:00,204500.0,205000.0,204500.0,204500.0,2330,0.0,0.0
2025-03-26 10:12:00+09:00,205000.0,205000.0,204500.0,204500.0,964,0.0,0.0
2025-03-26 10:13:00+09:00,204500.0,205000.0,204500.0,204500.0,586,0.0,0.0
2025-03-26 10:14:00+09:00,204500.0,205000.0,204500.0,204500.0,702,0.0,0.0
2025-03-26 10:15:00+09:00,204500.0,205000.0,204500.0,204500.0,605,0.0,0.0
2025-03-26 10:16:00+09:00,205000.0,205000.0,204500.0,204500.0,1298,0.0,0.0
2025-03-26 10:17:00+09:00,204500.0,205000.0,204500.0,204500.0,1035,0.0,0.0
2025-03-26 10:18:00+09:00,205000.0,205000.0,204500.0,204750.0,666,0.0,0.0
2025-03-26 10:19:00+09:00,204750.0,205000.0,204500.0,204500.0,665,0.0,0.0
2025-03-26 10:20:00+09:00,204500.0,205000.0,204500.0,205000.0,430,0.0,0.0
2025-03-26 10:21:00+09:00,205000.0,205000.0,204500.0,204500.0,1643,0.0,0.0
2025-03-26 10:22:00+09:00,204500.0,205000.0,204000.0,204000.0,2828,0.0,0.0
2025-03-26 10:23:00+09:00,204000.0,204500.0,204000.0,204500.0,3504,0.0,0.0
2025-03-26 10:24:00+09:00,204500.0,204500.0,204000.0,204500.0,731,0.0,0.0
2025-03-26 10:25:00+09:00,204500.0,204500.0,204000.0,204500.0,1834,0.0,0.0
2025-03-26 10:26:00+09:00,204500.0,204500.0,203500.0,203500.0,4242,0.0,0.0
2025-03-26 10:27:00+09:00,203750.0,204000.0,203500.0,203500.0,871,0.0,0.0
2025-03-26 10:28:00+09:00,203500.0,204000.0,203500.0,203750.0,606,0.0,0.0
2025-03-26 10:29:00+09:00,204000.0,204000.0,203000.0,203000.0,6413,0.0,0.0
2025-03-26 10:30:00+09:00,203500.0,203500.0,203000.0,203000.0,750,0.0,0.0
2025-03-26 10:31:00+09:00,203000.0,203500.0,203000.0,203000.0,1298,0.0,0.0
2025-03-26 10:32:00+09:00,203000.0,203500.0,203000.0,203500.0,1958,0.0,0.0
2025-03-26 10:33:00+09:00,203000.0,203500.0,203000.0,203500.0,629,0.0,0.0
2025-03-26 10:34:00+09:00,203000.0,203500.0,203000.0,203500.0,2594,0.0,0.0
2025-03-26 10:35:00+09:00,203000.0,204000.0,203000.0,203500.0,1276,0.0,0.0
2025-03-26 10:36:00+09:00,203500.0,204000.0,203500.0,203500.0,816,0.0,0.0
2025-03-26 10:37:00+09:00,203500.0,204000.0,203500.0,203500.0,687,0.0,0.0
2025-03-26 10:38:00+09:00,204000.0,204000.0,203500.0,203500.0,907,0.0,0.0
2025-03-26 10:39:00+09:00,203500.0,204000.0,203500.0,203500.0,900,0.0,0.0
2025-03-26 10:40:00+09:00,203500.0,204000.0,203000.0,203500.0,2878,0.0,0.0
2025-03-26 10:41:00+09:00,203500.0,204000.0,203000.0,203500.0,2184,0.0,0.0
2025-03-26 10:42:00+09:00,203500.0,204000.0,203500.0,204000.0,1434,0.0,0.0
2025-03-26 10:43:00+09:00,204000.0,204000.0,203500.0,203750.0,678,0.0,0.0
2025-03-26 10:44:00+09:00,203500.0,203750.0,203500.0,203500.0,540,0.0,0.0
2025-03-26 10:45:00+09:00,203500.0,204000.0,203500.0,204000.0,1231,0.0,0.0
2025-03-26 10:46:00+09:00,203500.0,204000.0,203500.0,203500.0,819,0.0,0.0
2025-03-26 10:47:00+09:00,203500.0,203750.0,203500.0,203500.0,1846,0.0,0.0
2025-03-26 10:48:00+09:00,203500.0,204000.0,203500.0,203500.0,506,0.0,0.0
2025-03-26 10:49:00+09:00,203500.0,204000.0,203500.0,203500.0,392,0.0,0.0
2025-03-26 10:50:00+09:00,203500.0,204000.0,203500.0,203500.0,1394,0.0,0.0
2025-03-26 10:51:00+09:00,203500.0,204000.0,203500.0,203500.0,449,0.0,0.0
2025-03-26 10:52:00+09:00,203500.0,204000.0,203000.0,203250.0,5857,0.0,0.0
2025-03-26 10:53:00+09:00,203000.0,203500.0,203000.0,203500.0,3532,0.0,0.0
2025-03-26 10:54:00+09:00,203250.0,204000.0,203000.0,204000.0,1163,0.0,0.0
2025-03-26 10:55:00+09:00,203500.0,204000.0,203500.0,203500.0,731,0.0,0.0
2025-03-26 10:56:00+09:00,203500.0,203750.0,203500.0,203500.0,629,0.0,0.0
2025-03-26 10:57:00+09:00,203500.0,204000.0,203500.0,203500.0,937,0.0,0.0
2025-03-26 10:58:00+09:00,203500.0,204000.0,203500.0,203500.0,356,0.0,0.0
2025-03-26 10:59:00+09:00,203500.0,204000.0,203500.0,203500.0,870,0.0,0.0
2025-03-26 11:00:00+09:00,203500.0,204000.0,203500.0,204000.0,341,0.0,0.0
2025-03-26 11:01:00+09:00,203500.0,204000.0,203500.0,203500.0,306,0.0,0.0
2025-03-26 11:02:00+09:00,203750.0,204000.0,203500.0,203500.0,800,0.0,0.0
2025-03-26 11:03:00+09:00,203500.0,204000.0,203500.0,203500.0,413,0.0,0.0
2025-03-26 11:04:00+09:00,204000.0,204000.0,203500.0,203500.0,718,0.0,0.0
2025-03-26 11:05:00+09:00,203500.0,204000.0,203500.0,203500.0,1117,0.0,0.0
2025-03-26 11:06:00+09:00,204000.0,204000.0,203500.0,203750.0,735,0.0,0.0
2025-03-26 11:07:00+09:00,203750.0,204000.0,203500.0,203500.0,369,0.0,0.0
2025-03-26 11:08:00+09:00,203500.0,203750.0,203500.0,203500.0,786,0.0,0.0
2025-03-26 11:09:00+09:00,203500.0,204000.0,203500.0,203500.0,1058,0.0,0.0
2025-03-26 11:10:00+09:00,203500.0,203750.0,203500.0,203500.0,887,0.0,0.0
2025-03-26 11:11:00+09:00,203500.0,203750.0,203500.0,203500.0,854,0.0,0.0
2025-03-26 11:12:00+09:00,203500.0,204000.0,203500.0,203500.0,1831,0.0,0.0
2025-03-26 11:13:00+09:00,203500.0,204000.0,203500.0,203500.0,444,0.0,0.0
2025-03-26 11:14:00+09:00,203500.0,204000.0,203500.0,203500.0,1135,0.0,0.0
2025-03-26 11:15:00+09:00,203500.0,204000.0,203500.0,203500.0,660,0.0,0.0
2025-03-26 11:16:00+09:00,204000.0,204000.0,203500.0,204000.0,536,0.0,0.0
2025-03-26 11:17:00+09:00,203500.0,204000.0,203500.0,203500.0,881,0.0,0.0
2025-03-26 11:18:00+09:00,203500.0,204000.0,203500.0,203500.0,280,0.0,0.0
2025-03-26 11:19:00+09:00,203500.0,204000.0,203500.0,203500.0,846,0.0,0.0
2025-03-26 11:20:00+09:00,203500.0,204000.0,203500.0,203500.0,674,0.0,0.0
2025-03-26 11:21:00+09:00,203500.0,204000.0,203500.0,203500.0,423,0.0,0.0
2025-03-26 11:22:00+09:00,204000.0,204000.0,203500.0,204000.0,390,0.0,0.0
2025-03-26 11:23:00+09:00,203500.0,204000.0,203500.0,203500.0,2181,0.0,0.0
2025-03-26 11:24:00+09:00,203500.0,204000.0,203500.0,203500.0,608,0.0,0.0
2025-03-26 11:25:00+09:00,203500.0,204000.0,203500.0,203500.0,589,0.0,0.0
2025-03-26 11:26:00+09:00,203500.0,204000.0,203500.0,204000.0,1086,0.0,0.0
2025-03-26 11:27:00+09:00,204000.0,204000.0,203500.0,203500.0,560,0.0,0.0
2025-03-26 11:28:00+09:00,203500.0,204000.0,203500.0,203500.0,1231,0.0,0.0
2025-03-26 11:29:00+09:00,203500.0,204000.0,203500.0,203500.0,597,0.0,0.0
2025-03-26 11:30:00+09:00,203750.0,204000.0,203500.0,203500.0,480,0.0,0.0
2025-03-26 11:31:00+09:00,203500.0,203750.0,203500.0,203500.0,466,0.0,0.0
2025-03-26 11:32:00+09:00,203500.0,203750.0,203500.0,203500.0,667,0.0,0.0
2025-03-26 11:33:00+09:00,203500.0,203750.0,203000.0,203250.0,7839,0.0,0.0
2025-03-26 11:34:00+09:00,203500.0,204000.0,203000.0,204000.0,1803,0.0,0.0
2025-03-26 11:35:00+09:00,203500.0,204000.0,203000.0,203500.0,567,0.0,0.0
2025-03-26 11:36:00+09:00,203500.0,204000.0,203500.0,203500.0,322,0.0,0.0
2025-03-26 11:37:00+09:00,203500.0,204000.0,203500.0,203750.0,509,0.0,0.0
2025-03-26 11:38:00+09:00,203500.0,204000.0,203500.0,203500.0,795,0.0,0.0
2025-03-26 11:39:00+09:00,203500.0,204000.0,203500.0,203500.0,253,0.0,0.0
2025-03-26 11:40:00+09:00,204000.0,204000.0,203500.0,203500.0,557,0.0,0.0
2025-03-26 11:41:00+09:00,204000.0,204000.0,203500.0,203500.0,657,0.0,0.0
2025-03-26 11:42:00+09:00,203500.0,203750.0,203500.0,203500.0,347,0.0,0.0
2025-03-26 11:43:00+09:00,203500.0,203750.0,203500.0,203500.0,446,0.0,0.0
2025-03-26 11:44:00+09:00,203750.0,203750.0,203500.0,203500.0,501,0.0,0.0
2025-03-26 11:45:00+09:00,203500.0,203750.0,203500.0,203500.0,649,0.0,0.0
2025-03-26 11:46:00+09:00,203750.0,203750.0,203500.0,203500.0,368,0.0,0.0
2025-03-26 11:47:00+09:00,203750.0,203750.0,203500.0,203500.0,685,0.0,0.0
2025-03-26 11:48:00+09:00,203500.0,203750.0,203500.0,203500.0,352,0.0,0.0
2025-03-26 11:49:00+09:00,203500.0,203750.0,203500.0,203500.0,353,0.0,0.0
2025-03-26 11:50:00+09:00,203500.0,203750.0,203500.0,203500.0,697,0.0,0.0
2025-03-26 11:51:00+09:00,203500.0,203750.0,203500.0,203500.0,549,0.0,0.0
2025-03-26 11:52:00+09:00,203500.0,203750.0,203500.0,203500.0,285,0.0,0.0
2025-03-26 11:53:00+09:00,203500.0,203750.0,203500.0,203500.0,902,0.0,0.0
2025-03-26 11:54:00+09:00,203500.0,204000.0,203500.0,203500.0,823,0.0,0.0
2025-03-26 11:55:00+09:00,203500.0,204000.0,203500.0,204000.0,1742,0.0,0.0
2025-03-26 11:56:00+09:00,203500.0,203750.0,203500.0,203500.0,722,0.0,0.0
2025-03-26 11:57:00+09:00,203500.0,203750.0,203500.0,203750.0,316,0.0,0.0
2025-03-26 11:58:00+09:00,203500.0,203750.0,203500.0,203500.0,923,0.0,0.0
2025-03-26 11:59:00+09:00,203750.0,203750.0,203500.0,203500.0,1001,0.0,0.0
2025-03-26 12:00:00+09:00,203500.0,204000.0,203000.0,203500.0,1619,0.0,0.0
2025-03-26 12:01:00+09:00,203500.0,204000.0,203000.0,203000.0,1189,0.0,0.0
2025-03-26 12:02:00+09:00,203000.0,204000.0,203000.0,204000.0,1188,0.0,0.0
2025-03-26 12:03:00+09:00,203000.0,204000.0,203000.0,203500.0,833,0.0,0.0
2025-03-26 12:04:00+09:00,203500.0,204000.0,203000.0,203500.0,632,0.0,0.0
2025-03-26 12:05:00+09:00,203000.0,204000.0,203000.0,203000.0,435,0.0,0.0
2025-03-26 12:06:00+09:00,203000.0,204000.0,203000.0,204000.0,570,0.0,0.0
2025-03-26 12:07:00+09:00,203500.0,204000.0,203000.0,203500.0,507,0.0,0.0
2025-03-26 12:08:00+09:00,203500.0,204000.0,203500.0,203500.0,335,0.0,0.0
2025-03-26 12:09:00+09:00,203500.0,204000.0,203500.0,203500.0,518,0.0,0.0
2025-03-26 12:10:00+09:00,203500.0,204000.0,203000.0,203500.0,3296,0.0,0.0
2025-03-26 12:11:00+09:00,203500.0,204000.0,203000.0,203500.0,516,0.0,0.0
2025-03-26 12:12:00+09:00,203500.0,204000.0,203500.0,203500.0,183,0.0,0.0
2025-03-26 12:13:00+09:00,203500.0,204000.0,203500.0,203500.0,621,0.0,0.0
2025-03-26 12:14:00+09:00,203500.0,204000.0,203500.0,203500.0,402,0.0,0.0
2025-03-26 12:15:00+09:00,203500.0,204000.0,203500.0,203500.0,257,0.0,0.0
2025-03-26 12:16:00+09:00,204000.0,204000.0,203500.0,203500.0,391,0.0,0.0
2025-03-26 12:17:00+09:00,203500.0,204000.0,203500.0,203500.0,445,0.0,0.0
2025-03-26 12:18:00+09:00,203500.0,204000.0,203500.0,203500.0,458,0.0,0.0
2025-03-26 12:19:00+09:00,204000.0,204000.0,203500.0,203500.0,656,0.0,0.0
2025-03-26 12:20:00+09:00,204000.0,204000.0,203500.0,203500.0,448,0.0,0.0
2025-03-26 12:21:00+09:00,203500.0,204000.0,203500.0,203500.0,417,0.0,0.0
2025-03-26 12:22:00+09:00,203500.0,204000.0,203500.0,203500.0,574,0.0,0.0
2025-03-26 12:23:00+09:00,203500.0,204000.0,203500.0,204000.0,2928,0.0,0.0
2025-03-26 12:24:00+09:00,203500.0,204000.0,203500.0,203500.0,604,0.0,0.0
2025-03-26 12:25:00+09:00,203500.0,203750.0,203500.0,203500.0,605,0.0,0.0
2025-03-26 12:26:00+09:00,203500.0,203750.0,203500.0,203500.0,574,0.0,0.0
2025-03-26 12:27:00+09:00,203500.0,203750.0,203500.0,203500.0,456,0.0,0.0
2025-03-26 12:28:00+09:00,203750.0,203750.0,203500.0,203500.0,530,0.0,0.0
2025-03-26 12:29:00+09:00,203500.0,204000.0,203500.0,204000.0,700,0.0,0.0
2025-03-26 12:30:00+09:00,204000.0,204000.0,203500.0,203500.0,363,0.0,0.0
2025-03-26 12:31:00+09:00,203500.0,204000.0,203500.0,203500.0,717,0.0,0.0
2025-03-26 12:32:00+09:00,203500.0,203750.0,203500.0,203500.0,410,0.0,0.0
2025-03-26 12:33:00+09:00,203500.0,204000.0,203500.0,203500.0,355,0.0,0.0
2025-03-26 12:34:00+09:00,203750.0,204000.0,203500.0,204000.0,775,0.0,0.0
2025-03-26 12:35:00+09:00,203500.0,204000.0,203500.0,203500.0,602,0.0,0.0
2025-03-26 12:36:00+09:00,203500.0,204000.0,203500.0,203500.0,470,0.0,0.0
2025-03-26 12:37:00+09:00,204000.0,204000.0,203500.0,203500.0,742,0.0,0.0
2025-03-26 12:38:00+09:00,203500.0,204000.0,203500.0,203500.0,673,0.0,0.0
2025-03-26 12:39:00+09:00,203500.0,204000.0,203500.0,203500.0,692,0.0,0.0
2025-03-26 12:40:00+09:00,203500.0,204000.0,203500.0,204000.0,610,0.0,0.0
2025-03-26 12:41:00+09:00,203500.0,204000.0,203500.0,203500.0,560,0.0,0.0
2025-03-26 12:42:00+09:00,204000.0,204000.0,203500.0,203500.0,355,0.0,0.0
2025-03-26 12:43:00+09:00,203500.0,204000.0,203500.0,204000.0,538,0.0,0.0
2025-03-26 12:44:00+09:00,203500.0,204500.0,203500.0,204000.0,9400,0.0,0.0
2025-03-26 12:45:00+09:00,204000.0,204500.0,204000.0,204000.0,503,0.0,0.0
2025-03-26 12:46:00+09:00,204000.0,204500.0,204000.0,204500.0,691,0.0,0.0
2025-03-26 12:47:00+09:00,204500.0,204500.0,204000.0,204000.0,648,0.0,0.0
2025-03-26 12:48:00+09:00,204000.0,204500.0,204000.0,204000.0,457,0.0,0.0
2025-03-26 12:49:00+09:00,204500.0,204500.0,204000.0,204500.0,398,0.0,0.0
2025-03-26 12:50:00+09:00,204000.0,204500.0,204000.0,204000.0,563,0.0,0.0
2025-03-26 12:51:00+09:00,204000.0,204500.0,204000.0,204000.0,361,0.0,0.0
2025-03-26 12:52:00+09:00,204000.0,204500.0,204000.0,204250.0,544,0.0,0.0
2025-03-26 12:53:00+09:00,204000.0,204250.0,204000.0,204000.0,847,0.0,0.0
2025-03-26 12:54:00+09:00,204000.0,204250.0,204000.0,204000.0,434,0.0,0.0
2025-03-26 12:55:00+09:00,204000.0,204500.0,204000.0,204000.0,640,0.0,0.0
2025-03-26 12:56:00+09:00,204000.0,204500.0,203500.0,204000.0,3251,0.0,0.0
2025-03-26 12:57:00+09:00,203500.0,204500.0,203500.0,203750.0,941,0.0,0.0
2025-03-26 12:58:00+09:00,203750.0,204500.0,203500.0,203500.0,2397,0.0,0.0
2025-03-26 12:59:00+09:00,203500.0,204500.0,203500.0,203500.0,7707,0.0,0.0
2025-03-26 13:00:00+09:00,203500.0,204000.0,203500.0,203500.0,1004,0.0,0.0
2025-03-26 13:01:00+09:00,203500.0,204000.0,203500.0,203500.0,966,0.0,0.0
2025-03-26 13:02:00+09:00,204000.0,204500.0,203500.0,203500.0,938,0.0,0.0
2025-03-26 13:03:00+09:00,203500.0,204000.0,203500.0,204000.0,413,0.0,0.0
2025-03-26 13:04:00+09:00,203500.0,204000.0,203500.0,203500.0,932,0.0,0.0
2025-03-26 13:05:00+09:00,203500.0,204000.0,203500.0,204000.0,614,0.0,0.0
2025-03-26 13:06:00+09:00,203500.0,204000.0,203500.0,203500.0,471,0.0,0.0
2025-03-26 13:07:00+09:00,203500.0,204000.0,203500.0,203500.0,1824,0.0,0.0
2025-03-26 13:08:00+09:00,203500.0,204000.0,203500.0,204000.0,929,0.0,0.0
2025-03-26 13:09:00+09:00,203500.0,204000.0,203500.0,203500.0,531,0.0,0.0
2025-03-26 13:10:00+09:00,203500.0,204000.0,203500.0,203500.0,1052,0.0,0.0
2025-03-26 13:11:00+09:00,203500.0,204000.0,203500.0,204000.0,872,0.0,0.0
2025-03-26 13:12:00+09:00,204000.0,204000.0,203500.0,204000.0,1043,0.0,0.0
2025-03-26 13:13:00+09:00,204000.0,204000.0,203500.0,203500.0,6390,0.0,0.0
2025-03-26 13:14:00+09:00,203500.0,204000.0,203000.0,203500.0,4115,0.0,0.0
2025-03-26 13:15:00+09:00,203000.0,203500.0,203000.0,203000.0,4160,0.0,0.0
2025-03-26 13:16:00+09:00,203000.0,203500.0,203000.0,203250.0,1173,0.0,0.0
2025-03-26 13:17:00+09:00,203000.0,203250.0,203000.0,203000.0,2265,0.0,0.0
2025-03-26 13:18:00+09:00,203000.0,203500.0,203000.0,203000.0,1768,0.0,0.0
2025-03-26 13:19:00+09:00,203000.0,203500.0,203000.0,203500.0,1112,0.0,0.0
2025-03-26 13:20:00+09:00,203000.0,203500.0,203000.0,203000.0,1240,0.0,0.0
2025-03-26 13:21:00+09:00,203000.0,203500.0,203000.0,203250.0,1082,0.0,0.0
2025-03-26 13:22:00+09:00,203250.0,203500.0,203000.0,203000.0,1243,0.0,0.0
2025-03-26 13:23:00+09:00,203000.0,203500.0,203000.0,203000.0,1600,0.0,0.0
2025-03-26 13:24:00+09:00,203000.0,203500.0,203000.0,203000.0,1539,0.0,0.0
2025-03-26 13:25:00+09:00,203000.0,203500.0,203000.0,203000.0,1384,0.0,0.0
2025-03-26 13:26:00+09:00,203000.0,203500.0,203000.0,203000.0,1590,0.0,0.0
2025-03-26 13:27:00+09:00,203000.0,203500.0,203000.0,203000.0,1282,0.0,0.0
2025-03-26 13:28:00+09:00,203500.0,203500.0,203000.0,203000.0,1302,0.0,0.0
2025-03-26 13:29:00+09:00,203000.0,203500.0,203000.0,203000.0,1305,0.0,0.0
2025-03-26 13:30:00+09:00,203000.0,203500.0,203000.0,203500.0,1616,0.0,0.0
2025-03-26 13:31:00+09:00,203000.0,203500.0,203000.0,203000.0,1405,0.0,0.0
2025-03-26 13:32:00+09:00,203500.0,203500.0,203000.0,203000.0,1585,0.0,0.0
2025-03-26 13:33:00+09:00,203000.0,203500.0,203000.0,203000.0,1371,0.0,0.0
2025-03-26 13:34:00+09:00,203000.0,203500.0,203000.0,203000.0,1731,0.0,0.0
2025-03-26 13:35:00+09:00,203000.0,204000.0,203000.0,203500.0,9689,0.0,0.0
2025-03-26 13:36:00+09:00,203750.0,204000.0,203500.0,203500.0,1302,0.0,0.0
2025-03-26 13:37:00+09:00,204000.0,204000.0,203500.0,203750.0,2253,0.0,0.0
2025-03-26 13:38:00+09:00,203750.0,204500.0,203500.0,204000.0,8245,0.0,0.0
2025-03-26 13:39:00+09:00,204000.0,204500.0,204000.0,204000.0,958,0.0,0.0
2025-03-26 13:40:00+09:00,204000.0,205000.0,204000.0,204500.0,7035,0.0,0.0
2025-03-26 13:41:00+09:00,204500.0,205000.0,204500.0,204500.0,1208,0.0,0.0
2025-03-26 13:42:00+09:00,205000.0,205000.0,203500.0,204000.0,13423,0.0,0.0
2025-03-26 13:43:00+09:00,204000.0,205000.0,203500.0,204000.0,3645,0.0,0.0
2025-03-26 13:44:00+09:00,204000.0,204500.0,203500.0,203500.0,4598,0.0,0.0
2025-03-26 13:45:00+09:00,203500.0,204250.0,203500.0,204000.0,699,0.0,0.0
2025-03-26 13:46:00+09:00,204000.0,204500.0,204000.0,204000.0,1268,0.0,0.0
2025-03-26 13:47:00+09:00,204000.0,204500.0,204000.0,204000.0,979,0.0,0.0
2025-03-26 13:48:00+09:00,204000.0,204500.0,204000.0,204000.0,635,0.0,0.0
2025-03-26 13:49:00+09:00,204000.0,204500.0,204000.0,204000.0,647,0.0,0.0
2025-03-26 13:50:00+09:00,204000.0,204250.0,204000.0,204250.0,771,0.0,0.0
2025-03-26 13:51:00+09:00,204000.0,204250.0,204000.0,204000.0,706,0.0,0.0
2025-03-26 13:52:00+09:00,204250.0,204250.0,203750.0,204000.0,1379,0.0,0.0
2025-03-26 13:53:00+09:00,204000.0,204500.0,203500.0,204000.0,1019,0.0,0.0
2025-03-26 13:54:00+09:00,204000.0,204500.0,203500.0,204000.0,704,0.0,0.0
2025-03-26 13:55:00+09:00,204000.0,204500.0,203500.0,204000.0,847,0.0,0.0
2025-03-26 13:56:00+09:00,204250.0,204500.0,203500.0,204000.0,721,0.0,0.0
2025-03-26 13:57:00+09:00,204000.0,204500.0,204000.0,204000.0,803,0.0,0.0
2025-03-26 13:58:00+09:00,204500.0,204500.0,204000.0,204000.0,515,0.0,0.0
2025-03-26 13:59:00+09:00,204000.0,204500.0,203500.0,203500.0,1162,0.0,0.0
2025-03-26 14:00:00+09:00,203500.0,204500.0,203500.0,204000.0,715,0.0,0.0
2025-03-26 14:01:00+09:00,204000.0,204500.0,203500.0,204000.0,756,0.0,0.0
2025-03-26 14:02:00+09:00,204250.0,204500.0,203500.0,204000.0,1325,0.0,0.0
2025-03-26 14:03:00+09:00,204000.0,205000.0,204000.0,204000.0,5167,0.0,0.0
2025-03-26 14:04:00+09:00,204000.0,204500.0,204000.0,204000.0,601,0.0,0.0
2025-03-26 14:05:00+09:00,204000.0,204500.0,204000.0,204000.0,845,0.0,0.0
2025-03-26 14:06:00+09:00,204000.0,204500.0,204000.0,204000.0,626,0.0,0.0
2025-03-26 14:07:00+09:00,204000.0,204500.0,204000.0,204000.0,594,0.0,0.0
2025-03-26 14:08:00+09:00,204000.0,204500.0,204000.0,204500.0,668,0.0,0.0
2025-03-26 14:09:00+09:00,204000.0,204500.0,204000.0,204500.0,615,0.0,0.0
2025-03-26 14:10:00+09:00,204500.0,204500.0,204000.0,204000.0,632,0.0,0.0
2025-03-26 14:11:00+09:00,204000.0,204500.0,204000.0,204000.0,988,0.0,0.0
2025-03-26 14:12:00+09:00,204000.0,204500.0,204000.0,204500.0,772,0.0,0.0
2025-03-26 14:13:00+09:00,204250.0,204500.0,204000.0,204000.0,4194,0.0,0.0
2025-03-26 14:14:00+09:00,204000.0,204500.0,204000.0,204000.0,653,0.0,0.0
2025-03-26 14:15:00+09:00,204000.0,204500.0,204000.0,204500.0,552,0.0,0.0
2025-03-26 14:16:00+09:00,204500.0,204500.0,204000.0,204000.0,621,0.0,0.0
2025-03-26 14:17:00+09:00,204250.0,204500.0,204000.0,204000.0,964,0.0,0.0
2025-03-26 14:18:00+09:00,204000.0,204500.0,204000.0,204000.0,1990,0.0,0.0
2025-03-26 14:19:00+09:00,204000.0,204500.0,204000.0,204500.0,686,0.0,0.0
2025-03-26 14:20:00+09:00,204000.0,204500.0,204000.0,204000.0,686,0.0,0.0
2025-03-26 14:21:00+09:00,204000.0,204500.0,204000.0,204500.0,1431,0.0,0.0
2025-03-26 14:22:00+09:00,204500.0,204500.0,204000.0,204000.0,11120,0.0,0.0
2025-03-26 14:23:00+09:00,204000.0,204500.0,203500.0,204000.0,3438,0.0,0.0
2025-03-26 14:24:00+09:00,204000.0,204500.0,204000.0,204000.0,574,0.0,0.0
2025-03-26 14:25:00+09:00,204000.0,204500.0,204000.0,204000.0,1017,0.0,0.0
2025-03-26 14:26:00+09:00,204000.0,204500.0,204000.0,204000.0,754,0.0,0.0
2025-03-26 14:27:00+09:00,204000.0,204500.0,204000.0,204000.0,701,0.0,0.0
2025-03-26 14:28:00+09:00,204000.0,204500.0,204000.0,204000.0,771,0.0,0.0
2025-03-26 14:29:00+09:00,204000.0,204500.0,204000.0,204000.0,739,0.0,0.0
2025-03-26 14:30:00+09:00,204000.0,204500.0,204000.0,204000.0,721,0.0,0.0
2025-03-26 14:31:00+09:00,204000.0,204500.0,204000.0,204000.0,704,0.0,0.0
2025-03-26 14:32:00+09:00,204000.0,204500.0,204000.0,204000.0,737,0.0,0.0
2025-03-26 14:33:00+09:00,204250.0,204500.0,204000.0,204000.0,908,0.0,0.0
2025-03-26 14:34:00+09:00,204500.0,204500.0,204000.0,204000.0,946,0.0,0.0
2025-03-26 14:35:00+09:00,204000.0,204500.0,204000.0,204000.0,1048,0.0,0.0
2025-03-26 14:36:00+09:00,204000.0,204500.0,204000.0,204000.0,851,0.0,0.0
2025-03-26 14:37:00+09:00,204500.0,204500.0,204000.0,204000.0,723,0.0,0.0
2025-03-26 14:38:00+09:00,204000.0,204500.0,204000.0,204000.0,1161,0.0,0.0
2025-03-26 14:39:00+09:00,204000.0,204500.0,204000.0,204000.0,1496,0.0,0.0
2025-03-26 14:40:00+09:00,204000.0,204500.0,204000.0,204000.0,1102,0.0,0.0
2025-03-26 14:41:00+09:00,204000.0,204500.0,203500.0,203500.0,4647,0.0,0.0
2025-03-26 14:42:00+09:00,203500.0,204500.0,203500.0,204000.0,1189,0.0,0.0
2025-03-26 14:43:00+09:00,204000.0,204500.0,204000.0,204000.0,1382,0.0,0.0
2025-03-26 14:44:00+09:00,204000.0,204500.0,203500.0,203500.0,1613,0.0,0.0
2025-03-26 14:45:00+09:00,203500.0,204500.0,203500.0,204000.0,1248,0.0,0.0
2025-03-26 14:46:00+09:00,204000.0,204500.0,203500.0,204000.0,1344,0.0,0.0
2025-03-26 14:47:00+09:00,204000.0,204500.0,203500.0,204500.0,1351,0.0,0.0
2025-03-26 14:48:00+09:00,204000.0,204500.0,203500.0,203500.0,2153,0.0,0.0
2025-03-26 14:49:00+09:00,203500.0,204000.0,203500.0,204000.0,1067,0.0,0.0
2025-03-26 14:50:00+09:00,204000.0,204000.0,203500.0,203750.0,982,0.0,0.0
2025-03-26 14:51:00+09:00,203750.0,204000.0,203500.0,203500.0,2024,0.0,0.0
2025-03-26 14:52:00+09:00,203500.0,204000.0,203500.0,204000.0,4099,0.0,0.0
2025-03-26 14:53:00+09:00,204000.0,204000.0,203500.0,203500.0,1918,0.0,0.0
2025-03-26 14:54:00+09:00,203500.0,204000.0,203500.0,203500.0,2004,0.0,0.0
2025-03-26 14:55:00+09:00,203500.0,204000.0,203500.0,203500.0,1757,0.0,0.0
2025-03-26 14:56:00+09:00,203500.0,204000.0,203500.0,203500.0,1130,0.0,0.0
2025-03-26 14:57:00+09:00,203500.0,204000.0,203500.0,203500.0,1915,0.0,0.0
2025-03-26 14:58:00+09:00,203500.0,204000.0,203000.0,203500.0,2807,0.0,0.0
2025-03-26 14:59:00+09:00,203500.0,204000.0,203000.0,203500.0,2610,0.0,0.0
2025-03-27 09:00:00+09:00,201000.0,203000.0,201000.0,201500.0,29232,0.0,0.0
2025-03-27 09:01:00+09:00,201500.0,201500.0,201000.0,201000.0,3010,0.0,0.0
2025-03-27 09:02:00+09:00,201500.0,201500.0,201000.0,201000.0,7631,0.0,0.0
2025-03-27 09:03:00+09:00,201000.0,201500.0,200500.0,200500.0,4725,0.0,0.0
2025-03-27 09:04:00+09:00,200500.0,201000.0,200500.0,201000.0,543,0.0,0.0
2025-03-27 09:05:00+09:00,201000.0,201000.0,200500.0,201000.0,802,0.0,0.0
2025-03-27 09:06:00+09:00,201000.0,201000.0,200000.0,200500.0,13730,0.0,0.0
2025-03-27 09:07:00+09:00,200000.0,200500.0,200000.0,200000.0,10987,0.0,0.0
2025-03-27 09:08:00+09:00,200000.0,200500.0,199800.0,199900.0,30467,0.0,0.0
2025-03-27 09:09:00+09:00,199900.0,200000.0,199800.0,199900.0,7769,0.0,0.0
2025-03-27 09:10:00+09:00,199900.0,200500.0,199900.0,200000.0,4713,0.0,0.0
2025-03-27 09:11:00+09:00,200500.0,200500.0,200000.0,200500.0,1313,0.0,0.0
2025-03-27 09:12:00+09:00,200500.0,200500.0,200000.0,200500.0,3654,0.0,0.0
2025-03-27 09:13:00+09:00,200500.0,200500.0,200000.0,200500.0,1694,0.0,0.0
2025-03-27 09:14:00+09:00,200500.0,201000.0,200000.0,200500.0,14301,0.0,0.0
2025-03-27 09:15:00+09:00,200000.0,200500.0,200000.0,200000.0,856,0.0,0.0
2025-03-27 09:16:00+09:00,200000.0,200500.0,200000.0,200250.0,4684,0.0,0.0
2025-03-27 09:17:00+09:00,200000.0,200500.0,199800.0,200000.0,20522,0.0,0.0
2025-03-27 09:18:00+09:00,200000.0,200500.0,199900.0,200500.0,2859,0.0,0.0
2025-03-27 09:19:00+09:00,200500.0,200500.0,200000.0,200500.0,1282,0.0,0.0
2025-03-27 09:20:00+09:00,200000.0,200500.0,200000.0,200500.0,1012,0.0,0.0
2025-03-27 09:21:00+09:00,200500.0,200500.0,200000.0,200000.0,1035,0.0,0.0
2025-03-27 09:22:00+09:00,200000.0,200500.0,200000.0,200500.0,1508,0.0,0.0
2025-03-27 09:23:00+09:00,200000.0,200500.0,200000.0,200250.0,890,0.0,0.0
2025-03-27 09:24:00+09:00,200250.0,200500.0,200000.0,200500.0,1192,0.0,0.0
2025-03-27 09:25:00+09:00,200000.0,200500.0,200000.0,200250.0,699,0.0,0.0
2025-03-27 09:26:00+09:00,200500.0,200500.0,200000.0,200000.0,1709,0.0,0.0
2025-03-27 09:27:00+09:00,200500.0,200500.0,200000.0,200250.0,683,0.0,0.0
2025-03-27 09:28:00+09:00,200250.0,201000.0,200000.0,201000.0,4448,0.0,0.0
2025-03-27 09:29:00+09:00,200500.0,201000.0,200500.0,200500.0,497,0.0,0.0
2025-03-27 09:30:00+09:00,200500.0,201000.0,200000.0,201000.0,4233,0.0,0.0
2025-03-27 09:31:00+09:00,200500.0,201000.0,200500.0,201000.0,1887,0.0,0.0
2025-03-27 09:32:00+09:00,200500.0,201000.0,200500.0,200500.0,208,0.0,0.0
2025-03-27 09:33:00+09:00,200500.0,201000.0,200500.0,200750.0,381,0.0,0.0
2025-03-27 09:34:00+09:00,200500.0,201500.0,200500.0,201000.0,5537,0.0,0.0
2025-03-27 09:35:00+09:00,201000.0,201500.0,200000.0,200500.0,11023,0.0,0.0
2025-03-27 09:36:00+09:00,200500.0,200500.0,200000.0,200500.0,663,0.0,0.0
2025-03-27 09:37:00+09:00,200000.0,200500.0,200000.0,200500.0,6487,0.0,0.0
2025-03-27 09:38:00+09:00,200000.0,200500.0,200000.0,200500.0,630,0.0,0.0
2025-03-27 09:39:00+09:00,200000.0,200500.0,200000.0,200000.0,412,0.0,0.0
2025-03-27 09:40:00+09:00,200000.0,200500.0,200000.0,200000.0,338,0.0,0.0
2025-03-27 09:41:00+09:00,200000.0,200500.0,200000.0,200000.0,399,0.0,0.0
2025-03-27 09:42:00+09:00,200000.0,200500.0,200000.0,200000.0,413,0.0,0.0
2025-03-27 09:43:00+09:00,200000.0,200500.0,199800.0,199900.0,30725,0.0,0.0
2025-03-27 09:44:00+09:00,199900.0,200500.0,199900.0,200000.0,344,0.0,0.0
2025-03-27 09:45:00+09:00,200500.0,201000.0,200000.0,200000.0,8891,0.0,0.0
2025-03-27 09:46:00+09:00,200000.0,200250.0,200000.0,200000.0,0,0.0,0.0
2025-03-27 09:47:00+09:00,200000.0,200250.0,200000.0,200000.0,518,0.0,0.0
2025-03-27 09:48:00+09:00,200250.0,200250.0,200000.0,200000.0,616,0.0,0.0
2025-03-27 09:49:00+09:00,200000.0,201000.0,200000.0,200250.0,3158,0.0,0.0
2025-03-27 09:50:00+09:00,200250.0,200500.0,200250.0,200500.0,3000,0.0,0.0
2025-03-27 09:51:00+09:00,200750.0,201000.0,200500.0,200500.0,597,0.0,0.0
2025-03-27 09:52:00+09:00,200750.0,201000.0,200000.0,200500.0,2149,0.0,0.0
2025-03-27 09:53:00+09:00,200500.0,201000.0,200500.0,200500.0,696,0.0,0.0
2025-03-27 09:54:00+09:00,200500.0,201000.0,200500.0,200500.0,403,0.0,0.0
2025-03-27 09:55:00+09:00,200500.0,200750.0,200500.0,200500.0,358,0.0,0.0
2025-03-27 09:56:00+09:00,200500.0,200750.0,200000.0,200500.0,2662,0.0,0.0
2025-03-27 09:57:00+09:00,200500.0,200500.0,200000.0,200000.0,335,0.0,0.0
2025-03-27 09:58:00+09:00,200000.0,200500.0,200000.0,200000.0,8164,0.0,0.0
2025-03-27 09:59:00+09:00,200000.0,201000.0,200000.0,200750.0,12847,0.0,0.0
2025-03-27 10:00:00+09:00,200500.0,201000.0,200500.0,200500.0,1013,0.0,0.0
2025-03-27 10:01:00+09:00,200500.0,201000.0,200500.0,200500.0,473,0.0,0.0
2025-03-27 10:02:00+09:00,200500.0,201000.0,200500.0,200500.0,785,0.0,0.0
2025-03-27 10:03:00+09:00,201000.0,201000.0,200500.0,200500.0,415,0.0,0.0
2025-03-27 10:04:00+09:00,200500.0,201000.0,200500.0,200500.0,357,0.0,0.0
2025-03-27 10:05:00+09:00,200500.0,200750.0,200500.0,200500.0,1487,0.0,0.0
2025-03-27 10:06:00+09:00,200500.0,200500.0,200500.0,200500.0,1159,0.0,0.0
2025-03-27 10:07:00+09:00,200500.0,200750.0,200500.0,200500.0,642,0.0,0.0
2025-03-27 10:08:00+09:00,200500.0,200500.0,200000.0,200000.0,3313,0.0,0.0
2025-03-27 10:09:00+09:00,200000.0,200250.0,200000.0,200250.0,493,0.0,0.0
2025-03-27 10:10:00+09:00,200000.0,200000.0,199900.0,200000.0,9053,0.0,0.0
2025-03-27 10:11:00+09:00,200000.0,200000.0,199900.0,200000.0,1816,0.0,0.0
2025-03-27 10:12:00+09:00,199900.0,200000.0,199900.0,200000.0,2131,0.0,0.0
2025-03-27 10:13:00+09:00,200000.0,200000.0,199900.0,199950.0,4000,0.0,0.0
2025-03-27 10:14:00+09:00,199900.0,200000.0,199900.0,200000.0,1302,0.0,0.0
2025-03-27 10:15:00+09:00,199900.0,200000.0,199900.0,199900.0,1337,0.0,0.0
2025-03-27 10:16:00+09:00,199900.0,200000.0,199500.0,199600.0,20160,0.0,0.0
2025-03-27 10:17:00+09:00,199500.0,199800.0,199500.0,199800.0,9046,0.0,0.0
2025-03-27 10:18:00+09:00,199800.0,199800.0,199600.0,199600.0,4036,0.0,0.0
2025-03-27 10:19:00+09:00,199600.0,199700.0,199600.0,199700.0,4302,0.0,0.0
2025-03-27 10:20:00+09:00,199700.0,199800.0,199600.0,199700.0,1729,0.0,0.0
2025-03-27 10:21:00+09:00,199700.0,199800.0,199700.0,199800.0,1400,0.0,0.0
2025-03-27 10:22:00+09:00,199700.0,199900.0,199700.0,199800.0,2693,0.0,0.0
2025-03-27 10:23:00+09:00,199800.0,199800.0,199700.0,199800.0,981,0.0,0.0
2025-03-27 10:24:00+09:00,199700.0,199800.0,199600.0,199600.0,3302,0.0,0.0
2025-03-27 10:25:00+09:00,199600.0,199700.0,199600.0,199600.0,3318,0.0,0.0
2025-03-27 10:26:00+09:00,199600.0,199700.0,199100.0,199300.0,26258,0.0,0.0
2025-03-27 10:27:00+09:00,199300.0,199500.0,199100.0,199300.0,3670,0.0,0.0
2025-03-27 10:28:00+09:00,199300.0,199300.0,199200.0,199200.0,2028,0.0,0.0
2025-03-27 10:29:00+09:00,199300.0,199400.0,199200.0,199300.0,2136,0.0,0.0
2025-03-27 10:30:00+09:00,199300.0,199400.0,199200.0,199300.0,1393,0.0,0.0
2025-03-27 10:31:00+09:00,199300.0,199400.0,199300.0,199300.0,1301,0.0,0.0
2025-03-27 10:32:00+09:00,199300.0,199350.0,199200.0,199200.0,3148,0.0,0.0
2025-03-27 10:33:00+09:00,199200.0,199300.0,198600.0,198800.0,16042,0.0,0.0
2025-03-27 10:34:00+09:00,198800.0,198900.0,198600.0,198800.0,4917,0.0,0.0
2025-03-27 10:35:00+09:00,198800.0,198900.0,198700.0,198800.0,2775,0.0,0.0
2025-03-27 10:36:00+09:00,198700.0,198800.0,198600.0,198600.0,5331,0.0,0.0
2025-03-27 10:37:00+09:00,198600.0,198700.0,198500.0,198600.0,3444,0.0,0.0
2025-03-27 10:38:00+09:00,198600.0,198600.0,198400.0,198400.0,3981,0.0,0.0
2025-03-27 10:39:00+09:00,198400.0,198500.0,198200.0,198300.0,3822,0.0,0.0
2025-03-27 10:40:00+09:00,198200.0,198400.0,198100.0,198150.0,6728,0.0,0.0
2025-03-27 10:41:00+09:00,198150.0,198300.0,198100.0,198200.0,2065,0.0,0.0
2025-03-27 10:42:00+09:00,198200.0,198300.0,198100.0,198200.0,2134,0.0,0.0
2025-03-27 10:43:00+09:00,198200.0,198300.0,198100.0,198200.0,2190,0.0,0.0
2025-03-27 10:44:00+09:00,198200.0,198300.0,198100.0,198200.0,1861,0.0,0.0
2025-03-27 10:45:00+09:00,198100.0,198200.0,198100.0,198200.0,2398,0.0,0.0
2025-03-27 10:46:00+09:00,198200.0,198600.0,198100.0,198200.0,8054,0.0,0.0
2025-03-27 10:47:00+09:00,198200.0,198300.0,198000.0,198050.0,4228,0.0,0.0
2025-03-27 10:48:00+09:00,198000.0,198000.0,197600.0,197900.0,20392,0.0,0.0
2025-03-27 10:49:00+09:00,197800.0,198100.0,197800.0,197900.0,4090,0.0,0.0
2025-03-27 10:50:00+09:00,197900.0,197900.0,197800.0,197800.0,694,0.0,0.0
2025-03-27 10:51:00+09:00,197800.0,197900.0,197800.0,197800.0,944,0.0,0.0
2025-03-27 10:52:00+09:00,197850.0,197900.0,197800.0,197800.0,1365,0.0,0.0
2025-03-27 10:53:00+09:00,197900.0,197900.0,197700.0,197700.0,3064,0.0,0.0
2025-03-27 10:54:00+09:00,197700.0,197800.0,197100.0,197100.0,13037,0.0,0.0
2025-03-27 10:55:00+09:00,197100.0,197400.0,197100.0,197400.0,12171,0.0,0.0
2025-03-27 10:56:00+09:00,197300.0,197600.0,197300.0,197500.0,2827,0.0,0.0
2025-03-27 10:57:00+09:00,197500.0,197600.0,197400.0,197500.0,1646,0.0,0.0
2025-03-27 10:58:00+09:00,197600.0,198000.0,197300.0,197300.0,14329,0.0,0.0
2025-03-27 10:59:00+09:00,197300.0,197900.0,197300.0,197700.0,7259,0.0,0.0
2025-03-27 11:00:00+09:00,197700.0,197800.0,197500.0,197550.0,2159,0.0,0.0
2025-03-27 11:01:00+09:00,197550.0,197600.0,197500.0,197500.0,2460,0.0,0.0
2025-03-27 11:02:00+09:00,197600.0,197600.0,197400.0,197400.0,1060,0.0,0.0
2025-03-27 11:03:00+09:00,197400.0,197500.0,197300.0,197400.0,4083,0.0,0.0
2025-03-27 11:04:00+09:00,197300.0,197400.0,197200.0,197300.0,5645,0.0,0.0
2025-03-27 11:05:00+09:00,197300.0,197500.0,197300.0,197500.0,6106,0.0,0.0
2025-03-27 11:06:00+09:00,197500.0,197500.0,197400.0,197400.0,549,0.0,0.0
2025-03-27 11:07:00+09:00,197400.0,197500.0,197400.0,197400.0,1468,0.0,0.0
2025-03-27 11:08:00+09:00,197400.0,197500.0,197400.0,197400.0,1978,0.0,0.0
2025-03-27 11:09:00+09:00,197400.0,197500.0,197300.0,197400.0,1409,0.0,0.0
2025-03-27 11:10:00+09:00,197500.0,197500.0,197300.0,197400.0,1027,0.0,0.0
2025-03-27 11:11:00+09:00,197500.0,197500.0,197300.0,197400.0,1310,0.0,0.0
2025-03-27 11:12:00+09:00,197400.0,197500.0,197400.0,197400.0,744,0.0,0.0
2025-03-27 11:13:00+09:00,197400.0,197500.0,197400.0,197400.0,2289,0.0,0.0
2025-03-27 11:14:00+09:00,197400.0,197500.0,197400.0,197400.0,797,0.0,0.0
2025-03-27 11:15:00+09:00,197400.0,197600.0,197400.0,197500.0,4376,0.0,0.0
2025-03-27 11:16:00+09:00,197400.0,197500.0,197200.0,197200.0,5708,0.0,0.0
2025-03-27 11:17:00+09:00,197200.0,197300.0,196900.0,197000.0,14365,0.0,0.0
2025-03-27 11:18:00+09:00,197000.0,197050.0,196900.0,196900.0,8428,0.0,0.0
2025-03-27 11:19:00+09:00,196900.0,197100.0,196900.0,197000.0,6053,0.0,0.0
2025-03-27 11:20:00+09:00,197000.0,197300.0,197000.0,197100.0,5396,0.0,0.0
2025-03-27 11:21:00+09:00,197100.0,197200.0,197000.0,197000.0,2145,0.0,0.0
2025-03-27 11:22:00+09:00,197000.0,197100.0,196900.0,197000.0,2739,0.0,0.0
2025-03-27 11:23:00+09:00,196900.0,197000.0,196900.0,196900.0,2022,0.0,0.0
2025-03-27 11:24:00+09:00,196900.0,197000.0,196900.0,196900.0,2482,0.0,0.0
2025-03-27 11:25:00+09:00,196900.0,197000.0,196800.0,196800.0,1588,0.0,0.0
2025-03-27 11:26:00+09:00,196800.0,196900.0,196800.0,196800.0,696,0.0,0.0
2025-03-27 11:27:00+09:00,196800.0,196800.0,196600.0,196600.0,5611,0.0,0.0
2025-03-27 11:28:00+09:00,196600.0,196700.0,196600.0,196600.0,3703,0.0,0.0
2025-03-27 11:29:00+09:00,196600.0,196700.0,196500.0,196700.0,4529,0.0,0.0
2025-03-27 11:30:00+09:00,196700.0,196700.0,196600.0,196600.0,7073,0.0,0.0
2025-03-27 11:31:00+09:00,196600.0,196700.0,196500.0,196600.0,2890,0.0,0.0
2025-03-27 11:32:00+09:00,196650.0,196700.0,196550.0,196600.0,1970,0.0,0.0
2025-03-27 11:33:00+09:00,196600.0,196700.0,196500.0,196500.0,2092,0.0,0.0
2025-03-27 11:34:00+09:00,196500.0,196700.0,196500.0,196700.0,12324,0.0,0.0
2025-03-27 11:35:00+09:00,196600.0,196700.0,196600.0,196600.0,1943,0.0,0.0
2025-03-27 11:36:00+09:00,196600.0,196700.0,196600.0,196600.0,1924,0.0,0.0
2025-03-27 11:37:00+09:00,196600.0,196700.0,196500.0,196600.0,4167,0.0,0.0
2025-03-27 11:38:00+09:00,196500.0,196600.0,196500.0,196600.0,740,0.0,0.0
2025-03-27 11:39:00+09:00,196600.0,196600.0,196500.0,196500.0,1105,0.0,0.0
2025-03-27 11:40:00+09:00,196500.0,196600.0,196500.0,196500.0,5818,0.0,0.0
2025-03-27 11:41:00+09:00,196600.0,196600.0,196500.0,196600.0,756,0.0,0.0
2025-03-27 11:42:00+09:00,196500.0,196600.0,196500.0,196500.0,1144,0.0,0.0
2025-03-27 11:43:00+09:00,196500.0,196600.0,196500.0,196500.0,657,0.0,0.0
2025-03-27 11:44:00+09:00,196500.0,196600.0,196500.0,196500.0,1484,0.0,0.0
2025-03-27 11:45:00+09:00,196500.0,196600.0,196500.0,196500.0,860,0.0,0.0
2025-03-27 11:46:00+09:00,196500.0,196600.0,196500.0,196500.0,662,0.0,0.0
2025-03-27 11:47:00+09:00,196500.0,196600.0,196500.0,196550.0,1852,0.0,0.0
2025-03-27 11:48:00+09:00,196500.0,196600.0,196500.0,196550.0,1476,0.0,0.0
2025-03-27 11:49:00+09:00,196500.0,196700.0,196500.0,196700.0,19818,0.0,0.0
2025-03-27 11:50:00+09:00,196650.0,196700.0,196600.0,196700.0,4368,0.0,0.0
2025-03-27 11:51:00+09:00,196700.0,196900.0,196700.0,196800.0,2670,0.0,0.0
2025-03-27 11:52:00+09:00,196800.0,197000.0,196800.0,196900.0,5963,0.0,0.0
2025-03-27 11:53:00+09:00,196900.0,196950.0,196800.0,196800.0,2491,0.0,0.0
2025-03-27 11:54:00+09:00,196800.0,196900.0,196700.0,196800.0,2761,0.0,0.0
2025-03-27 11:55:00+09:00,196800.0,196800.0,196700.0,196700.0,427,0.0,0.0
2025-03-27 11:56:00+09:00,196700.0,196800.0,196700.0,196800.0,921,0.0,0.0
2025-03-27 11:57:00+09:00,196700.0,196800.0,196500.0,196600.0,13670,0.0,0.0
2025-03-27 11:58:00+09:00,196600.0,196600.0,196500.0,196600.0,2081,0.0,0.0
2025-03-27 11:59:00+09:00,196500.0,196800.0,196500.0,196800.0,5974,0.0,0.0
2025-03-27 12:00:00+09:00,196700.0,196800.0,196600.0,196600.0,4941,0.0,0.0
2025-03-27 12:01:00+09:00,196650.0,196700.0,196600.0,196600.0,1063,0.0,0.0
2025-03-27 12:02:00+09:00,196600.0,196700.0,196600.0,196700.0,989,0.0,0.0
2025-03-27 12:03:00+09:00,196600.0,196700.0,196600.0,196600.0,2795,0.0,0.0
2025-03-27 12:04:00+09:00,196600.0,196700.0,196600.0,196700.0,986,0.0,0.0
2025-03-27 12:05:00+09:00,196600.0,196700.0,196600.0,196700.0,1556,0.0,0.0
2025-03-27 12:06:00+09:00,196700.0,196700.0,196600.0,196600.0,1032,0.0,0.0
2025-03-27 12:07:00+09:00,196600.0,196700.0,196600.0,196600.0,3471,0.0,0.0
2025-03-27 12:08:00+09:00,196700.0,196900.0,196600.0,196800.0,6268,0.0,0.0
2025-03-27 12:09:00+09:00,196900.0,196900.0,196800.0,196900.0,1231,0.0,0.0
2025-03-27 12:10:00+09:00,196800.0,196800.0,196600.0,196800.0,2440,0.0,0.0
2025-03-27 12:11:00+09:00,196700.0,196800.0,196700.0,196800.0,3565,0.0,0.0
2025-03-27 12:12:00+09:00,196750.0,196800.0,196700.0,196700.0,1482,0.0,0.0
2025-03-27 12:13:00+09:00,196700.0,196800.0,196700.0,196700.0,654,0.0,0.0
2025-03-27 12:14:00+09:00,196700.0,196800.0,196700.0,196700.0,1949,0.0,0.0
2025-03-27 12:15:00+09:00,196800.0,197000.0,196700.0,196900.0,4205,0.0,0.0
2025-03-27 12:16:00+09:00,197000.0,197200.0,196900.0,197200.0,10854,0.0,0.0
2025-03-27 12:17:00+09:00,197200.0,197200.0,196900.0,197000.0,6865,0.0,0.0
2025-03-27 12:18:00+09:00,196900.0,197000.0,196800.0,196800.0,6077,0.0,0.0
2025-03-27 12:19:00+09:00,196800.0,197000.0,196800.0,196900.0,2392,0.0,0.0
2025-03-27 12:20:00+09:00,196900.0,197100.0,196900.0,197000.0,2923,0.0,0.0
2025-03-27 12:21:00+09:00,197000.0,197100.0,197000.0,197100.0,410,0.0,0.0
2025-03-27 12:22:00+09:00,197000.0,197200.0,197000.0,197100.0,1103,0.0,0.0
2025-03-27 12:23:00+09:00,197100.0,197300.0,197100.0,197200.0,1549,0.0,0.0
2025-03-27 12:24:00+09:00,197300.0,197300.0,197200.0,197200.0,2802,0.0,0.0
2025-03-27 12:25:00+09:00,197200.0,197300.0,197000.0,197100.0,3956,0.0,0.0
2025-03-27 12:26:00+09:00,197000.0,197100.0,197000.0,197000.0,2749,0.0,0.0
2025-03-27 12:27:00+09:00,197000.0,197700.0,197000.0,197600.0,12045,0.0,0.0
2025-03-27 12:28:00+09:00,197700.0,197700.0,197500.0,197600.0,1672,0.0,0.0
2025-03-27 12:29:00+09:00,197500.0,197600.0,197500.0,197500.0,681,0.0,0.0
2025-03-27 12:30:00+09:00,197500.0,197600.0,197100.0,197200.0,9439,0.0,0.0
2025-03-27 12:31:00+09:00,197100.0,197200.0,197100.0,197100.0,2429,0.0,0.0
2025-03-27 12:32:00+09:00,197100.0,197400.0,197100.0,197300.0,6984,0.0,0.0
2025-03-27 12:33:00+09:00,197400.0,197400.0,197300.0,197300.0,880,0.0,0.0
2025-03-27 12:34:00+09:00,197300.0,197400.0,197300.0,197400.0,1191,0.0,0.0
2025-03-27 12:35:00+09:00,197300.0,197400.0,197100.0,197400.0,5396,0.0,0.0
2025-03-27 12:36:00+09:00,197350.0,197700.0,197350.0,197600.0,3392,0.0,0.0
2025-03-27 12:37:00+09:00,197600.0,197700.0,197400.0,197600.0,2050,0.0,0.0
2025-03-27 12:38:00+09:00,197600.0,197600.0,197500.0,197500.0,274,0.0,0.0
2025-03-27 12:39:00+09:00,197550.0,197600.0,197200.0,197400.0,2825,0.0,0.0
2025-03-27 12:40:00+09:00,197400.0,197600.0,197400.0,197500.0,2488,0.0,0.0
2025-03-27 12:41:00+09:00,197500.0,197700.0,197500.0,197500.0,1518,0.0,0.0
2025-03-27 12:42:00+09:00,197500.0,197600.0,197200.0,197200.0,4856,0.0,0.0
2025-03-27 12:43:00+09:00,197300.0,197500.0,196900.0,196900.0,8762,0.0,0.0
2025-03-27 12:44:00+09:00,196900.0,197500.0,196900.0,197500.0,16354,0.0,0.0
2025-03-27 12:45:00+09:00,197400.0,197500.0,197400.0,197500.0,358,0.0,0.0
2025-03-27 12:46:00+09:00,197500.0,197500.0,197400.0,197400.0,499,0.0,0.0
2025-03-27 12:47:00+09:00,197400.0,197500.0,197400.0,197500.0,704,0.0,0.0
2025-03-27 12:48:00+09:00,197500.0,197500.0,197400.0,197500.0,3110,0.0,0.0
2025-03-27 12:49:00+09:00,197450.0,197600.0,197400.0,197600.0,1246,0.0,0.0
2025-03-27 12:50:00+09:00,197600.0,197600.0,197500.0,197500.0,710,0.0,0.0
2025-03-27 12:51:00+09:00,197500.0,197600.0,197400.0,197500.0,1444,0.0,0.0
2025-03-27 12:52:00+09:00,197500.0,197500.0,197400.0,197400.0,381,0.0,0.0
2025-03-27 12:53:00+09:00,197500.0,197500.0,197400.0,197400.0,747,0.0,0.0
2025-03-27 12:54:00+09:00,197400.0,197500.0,197400.0,197400.0,535,0.0,0.0
2025-03-27 12:55:00+09:00,197400.0,197500.0,197250.0,197400.0,3461,0.0,0.0
2025-03-27 12:56:00+09:00,197300.0,197400.0,197300.0,197300.0,1239,0.0,0.0
2025-03-27 12:57:00+09:00,197400.0,197500.0,197300.0,197400.0,3928,0.0,0.0
2025-03-27 12:58:00+09:00,197300.0,197500.0,197300.0,197400.0,1409,0.0,0.0
2025-03-27 12:59:00+09:00,197400.0,197500.0,197400.0,197400.0,2887,0.0,0.0
2025-03-27 13:00:00+09:00,197400.0,197600.0,197400.0,197500.0,2629,0.0,0.0
2025-03-27 13:01:00+09:00,197400.0,197500.0,197400.0,197400.0,567,0.0,0.0
2025-03-27 13:02:00+09:00,197400.0,197500.0,197400.0,197400.0,1048,0.0,0.0
2025-03-27 13:03:00+09:00,197400.0,197600.0,197400.0,197500.0,955,0.0,0.0
2025-03-27 13:04:00+09:00,197500.0,197600.0,197500.0,197500.0,1431,0.0,0.0
2025-03-27 13:05:00+09:00,197500.0,197600.0,197500.0,197500.0,833,0.0,0.0
2025-03-27 13:06:00+09:00,197600.0,197700.0,197500.0,197700.0,2654,0.0,0.0
2025-03-27 13:07:00+09:00,197600.0,197700.0,197600.0,197700.0,649,0.0,0.0
2025-03-27 13:08:00+09:00,197600.0,197600.0,197400.0,197400.0,5322,0.0,0.0
2025-03-27 13:09:00+09:00,197500.0,198000.0,197400.0,197800.0,17699,0.0,0.0
2025-03-27 13:10:00+09:00,197900.0,198000.0,197800.0,197800.0,7017,0.0,0.0
2025-03-27 13:11:00+09:00,197800.0,197900.0,197800.0,197900.0,974,0.0,0.0
2025-03-27 13:12:00+09:00,197850.0,197900.0,197650.0,197800.0,1669,0.0,0.0
2025-03-27 13:13:00+09:00,197800.0,197900.0,197700.0,197800.0,2981,0.0,0.0
2025-03-27 13:14:00+09:00,197800.0,197900.0,197800.0,197800.0,1166,0.0,0.0
2025-03-27 13:15:00+09:00,197800.0,197900.0,197800.0,197900.0,1422,0.0,0.0
2025-03-27 13:16:00+09:00,197800.0,198100.0,197800.0,198100.0,9359,0.0,0.0
2025-03-27 13:17:00+09:00,198000.0,198100.0,198000.0,198000.0,659,0.0,0.0
2025-03-27 13:18:00+09:00,198000.0,198100.0,197800.0,197900.0,4334,0.0,0.0
2025-03-27 13:19:00+09:00,197800.0,197900.0,197700.0,197700.0,2281,0.0,0.0
2025-03-27 13:20:00+09:00,197800.0,197800.0,197600.0,197600.0,1830,0.0,0.0
2025-03-27 13:21:00+09:00,197700.0,197700.0,197600.0,197600.0,2230,0.0,0.0
2025-03-27 13:22:00+09:00,197600.0,197650.0,197600.0,197600.0,581,0.0,0.0
2025-03-27 13:23:00+09:00,197650.0,197900.0,197600.0,197900.0,11968,0.0,0.0
2025-03-27 13:24:00+09:00,197800.0,197900.0,197800.0,197900.0,1210,0.0,0.0
2025-03-27 13:25:00+09:00,197800.0,198000.0,197800.0,198000.0,2094,0.0,0.0
2025-03-27 13:26:00+09:00,198000.0,198000.0,197900.0,197900.0,1282,0.0,0.0
2025-03-27 13:27:00+09:00,197900.0,198000.0,197600.0,197700.0,4428,0.0,0.0
2025-03-27 13:28:00+09:00,197700.0,198000.0,197700.0,197800.0,7629,0.0,0.0
2025-03-27 13:29:00+09:00,197800.0,197900.0,197800.0,197800.0,1178,0.0,0.0
2025-03-27 13:30:00+09:00,197800.0,197900.0,197800.0,197900.0,871,0.0,0.0
2025-03-27 13:31:00+09:00,197800.0,197900.0,197800.0,197800.0,759,0.0,0.0
2025-03-27 13:32:00+09:00,197900.0,197900.0,197800.0,197900.0,1869,0.0,0.0
2025-03-27 13:33:00+09:00,197800.0,198000.0,197800.0,197900.0,3222,0.0,0.0
2025-03-27 13:34:00+09:00,197900.0,198200.0,197900.0,198200.0,4519,0.0,0.0
2025-03-27 13:35:00+09:00,198100.0,198200.0,198100.0,198100.0,568,0.0,0.0
2025-03-27 13:36:00+09:00,198100.0,198300.0,198100.0,198300.0,12437,0.0,0.0
2025-03-27 13:37:00+09:00,198250.0,198300.0,198200.0,198300.0,381,0.0,0.0
2025-03-27 13:38:00+09:00,198200.0,198300.0,198200.0,198200.0,584,0.0,0.0
2025-03-27 13:39:00+09:00,198200.0,198300.0,197900.0,197900.0,6726,0.0,0.0
2025-03-27 13:40:00+09:00,197900.0,198000.0,197900.0,198000.0,2389,0.0,0.0
2025-03-27 13:41:00+09:00,197900.0,198000.0,197900.0,198000.0,3280,0.0,0.0
2025-03-27 13:42:00+09:00,197900.0,198000.0,197900.0,197900.0,2959,0.0,0.0
2025-03-27 13:43:00+09:00,197950.0,198200.0,197900.0,198200.0,7224,0.0,0.0
2025-03-27 13:44:00+09:00,198200.0,198200.0,198100.0,198100.0,757,0.0,0.0
2025-03-27 13:45:00+09:00,198100.0,198300.0,198100.0,198200.0,1976,0.0,0.0
2025-03-27 13:46:00+09:00,198300.0,198300.0,197800.0,197800.0,4075,0.0,0.0
2025-03-27 13:47:00+09:00,197800.0,197900.0,197800.0,197800.0,1518,0.0,0.0
2025-03-27 13:48:00+09:00,197800.0,197900.0,197800.0,197800.0,1127,0.0,0.0
2025-03-27 13:49:00+09:00,197800.0,197900.0,197800.0,197900.0,1375,0.0,0.0
2025-03-27 13:50:00+09:00,197900.0,197900.0,197800.0,197800.0,1849,0.0,0.0
2025-03-27 13:51:00+09:00,197900.0,197900.0,197800.0,197900.0,1418,0.0,0.0
2025-03-27 13:52:00+09:00,197800.0,197900.0,197800.0,197850.0,785,0.0,0.0
2025-03-27 13:53:00+09:00,197900.0,197900.0,197800.0,197900.0,721,0.0,0.0
2025-03-27 13:54:00+09:00,197900.0,197900.0,197800.0,197900.0,862,0.0,0.0
2025-03-27 13:55:00+09:00,197850.0,197900.0,197800.0,197800.0,1863,0.0,0.0
2025-03-27 13:56:00+09:00,197800.0,197900.0,197800.0,197800.0,2561,0.0,0.0
2025-03-27 13:57:00+09:00,197900.0,197900.0,197800.0,197800.0,887,0.0,0.0
2025-03-27 13:58:00+09:00,197900.0,198200.0,197800.0,198000.0,9302,0.0,0.0
2025-03-27 13:59:00+09:00,198000.0,198100.0,197800.0,197900.0,3110,0.0,0.0
2025-03-27 14:00:00+09:00,197900.0,198000.0,197900.0,198000.0,750,0.0,0.0
2025-03-27 14:01:00+09:00,197900.0,198000.0,197600.0,197600.0,8936,0.0,0.0
2025-03-27 14:02:00+09:00,197700.0,197800.0,197600.0,197750.0,2242,0.0,0.0
2025-03-27 14:03:00+09:00,197700.0,197800.0,197700.0,197700.0,595,0.0,0.0
2025-03-27 14:04:00+09:00,197700.0,197800.0,197700.0,197700.0,616,0.0,0.0
2025-03-27 14:05:00+09:00,197800.0,197900.0,197700.0,197800.0,5205,0.0,0.0
2025-03-27 14:06:00+09:00,197700.0,197900.0,197700.0,197800.0,2049,0.0,0.0
2025-03-27 14:07:00+09:00,197900.0,197900.0,197800.0,197900.0,651,0.0,0.0
2025-03-27 14:08:00+09:00,197900.0,197900.0,197800.0,197800.0,464,0.0,0.0
2025-03-27 14:09:00+09:00,197800.0,197900.0,197800.0,197900.0,1861,0.0,0.0
2025-03-27 14:10:00+09:00,197900.0,197900.0,197800.0,197850.0,2709,0.0,0.0
2025-03-27 14:11:00+09:00,197800.0,197900.0,197800.0,197900.0,1624,0.0,0.0
2025-03-27 14:12:00+09:00,197800.0,197900.0,197800.0,197800.0,657,0.0,0.0
2025-03-27 14:13:00+09:00,197800.0,197900.0,197700.0,197700.0,2865,0.0,0.0
2025-03-27 14:14:00+09:00,197800.0,197800.0,197700.0,197700.0,708,0.0,0.0
2025-03-27 14:15:00+09:00,197700.0,197800.0,197700.0,197700.0,1789,0.0,0.0
2025-03-27 14:16:00+09:00,197800.0,197800.0,197700.0,197700.0,1443,0.0,0.0
2025-03-27 14:17:00+09:00,197700.0,197800.0,197700.0,197700.0,2142,0.0,0.0
2025-03-27 14:18:00+09:00,197700.0,197800.0,197700.0,197800.0,2151,0.0,0.0
2025-03-27 14:19:00+09:00,197700.0,197800.0,197600.0,197600.0,2886,0.0,0.0
2025-03-27 14:20:00+09:00,197700.0,197700.0,197600.0,197600.0,2038,0.0,0.0
2025-03-27 14:21:00+09:00,197700.0,197700.0,197400.0,197400.0,6243,0.0,0.0
2025-03-27 14:22:00+09:00,197400.0,197600.0,197400.0,197400.0,9093,0.0,0.0
2025-03-27 14:23:00+09:00,197400.0,197500.0,197400.0,197400.0,1279,0.0,0.0
2025-03-27 14:24:00+09:00,197400.0,197500.0,197300.0,197400.0,2988,0.0,0.0
2025-03-27 14:25:00+09:00,197300.0,197400.0,197300.0,197300.0,3515,0.0,0.0
2025-03-27 14:26:00+09:00,197400.0,197500.0,197300.0,197400.0,1987,0.0,0.0
2025-03-27 14:27:00+09:00,197450.0,197500.0,197300.0,197400.0,5250,0.0,0.0
2025-03-27 14:28:00+09:00,197400.0,197500.0,197100.0,197200.0,4016,0.0,0.0
2025-03-27 14:29:00+09:00,197200.0,197200.0,197100.0,197100.0,1026,0.0,0.0
2025-03-27 14:30:00+09:00,197200.0,197300.0,197100.0,197200.0,3087,0.0,0.0
2025-03-27 14:31:00+09:00,197200.0,197200.0,197100.0,197100.0,1238,0.0,0.0
2025-03-27 14:32:00+09:00,197100.0,197300.0,197100.0,197200.0,3651,0.0,0.0
2025-03-27 14:33:00+09:00,197200.0,197300.0,197200.0,197200.0,1632,0.0,0.0
2025-03-27 14:34:00+09:00,197300.0,197300.0,197100.0,197100.0,2996,0.0,0.0
2025-03-27 14:35:00+09:00,197150.0,197300.0,197100.0,197200.0,4139,0.0,0.0
2025-03-27 14:36:00+09:00,197300.0,197400.0,197100.0,197100.0,3349,0.0,0.0
2025-03-27 14:37:00+09:00,197100.0,197200.0,197100.0,197100.0,1631,0.0,0.0
2025-03-27 14:38:00+09:00,197200.0,197200.0,197000.0,197000.0,4370,0.0,0.0
2025-03-27 14:39:00+09:00,197100.0,197100.0,197000.0,197000.0,1467,0.0,0.0
2025-03-27 14:40:00+09:00,197000.0,197100.0,197000.0,197000.0,1266,0.0,0.0
2025-03-27 14:41:00+09:00,197100.0,197100.0,197000.0,197000.0,1418,0.0,0.0
2025-03-27 14:42:00+09:00,197000.0,197200.0,197000.0,197100.0,5429,0.0,0.0
2025-03-27 14:43:00+09:00,197000.0,197100.0,197000.0,197000.0,1371,0.0,0.0
2025-03-27 14:44:00+09:00,197100.0,197200.0,197000.0,197100.0,2702,0.0,0.0
2025-03-27 14:45:00+09:00,197000.0,197100.0,196900.0,197100.0,9923,0.0,0.0
2025-03-27 14:46:00+09:00,197100.0,197100.0,197000.0,197100.0,1302,0.0,0.0
2025-03-27 14:47:00+09:00,197000.0,197100.0,197000.0,197000.0,1562,0.0,0.0
2025-03-27 14:48:00+09:00,197000.0,197100.0,197000.0,197000.0,1708,0.0,0.0
2025-03-27 14:49:00+09:00,197000.0,197100.0,196900.0,196900.0,5140,0.0,0.0
2025-03-27 14:50:00+09:00,196900.0,197000.0,196900.0,197000.0,3966,0.0,0.0
2025-03-27 14:51:00+09:00,196900.0,197000.0,196900.0,196900.0,3288,0.0,0.0
2025-03-27 14:52:00+09:00,196900.0,197100.0,196900.0,197000.0,7060,0.0,0.0
2025-03-27 14:53:00+09:00,196900.0,197100.0,196900.0,197000.0,8185,0.0,0.0
2025-03-27 14:54:00+09:00,197000.0,197000.0,196900.0,197000.0,1030,0.0,0.0
2025-03-27 14:55:00+09:00,197000.0,197000.0,196900.0,197000.0,2575,0.0,0.0
2025-03-27 14:56:00+09:00,197000.0,197000.0,196900.0,196900.0,1688,0.0,0.0
2025-03-27 14:57:00+09:00,196900.0,197000.0,196900.0,196900.0,1112,0.0,0.0
2025-03-27 14:58:00+09:00,196900.0,197000.0,196900.0,196900.0,10798,0.0,0.0
2025-03-27 14:59:00+09:00,196900.0,197000.0,196900.0,196900.0,1911,0.0,0.0
2025-03-28 09:00:00+09:00,197600.0,197700.0,196600.0,197100.0,12974,0.0,0.0
2025-03-28 09:01:00+09:00,197000.0,197100.0,196500.0,196500.0,5871,0.0,0.0
2025-03-28 09:02:00+09:00,196500.0,197300.0,196500.0,196800.0,2655,0.0,0.0
2025-03-28 09:03:00+09:00,196800.0,196800.0,196000.0,196000.0,6601,0.0,0.0
2025-03-28 09:04:00+09:00,196000.0,196100.0,195200.0,195500.0,11374,0.0,0.0
2025-03-28 09:05:00+09:00,195550.0,195700.0,195400.0,195600.0,5142,0.0,0.0
2025-03-28 09:06:00+09:00,195700.0,195900.0,195600.0,195700.0,3140,0.0,0.0
2025-03-28 09:07:00+09:00,195700.0,195800.0,195600.0,195600.0,2559,0.0,0.0
2025-03-28 09:08:00+09:00,195700.0,195700.0,195400.0,195400.0,5405,0.0,0.0
2025-03-28 09:09:00+09:00,195450.0,195700.0,195400.0,195400.0,2741,0.0,0.0
2025-03-28 09:10:00+09:00,195400.0,195800.0,195400.0,195700.0,6205,0.0,0.0
2025-03-28 09:11:00+09:00,195800.0,195900.0,195400.0,195600.0,4808,0.0,0.0
2025-03-28 09:12:00+09:00,195600.0,195700.0,195500.0,195500.0,1992,0.0,0.0
2025-03-28 09:13:00+09:00,195500.0,195600.0,195400.0,195500.0,1561,0.0,0.0
2025-03-28 09:14:00+09:00,195500.0,195700.0,195400.0,195500.0,1796,0.0,0.0
2025-03-28 09:15:00+09:00,195600.0,195600.0,195400.0,195600.0,6187,0.0,0.0
2025-03-28 09:16:00+09:00,195600.0,195700.0,195400.0,195700.0,4922,0.0,0.0
2025-03-28 09:17:00+09:00,195600.0,195700.0,195450.0,195600.0,1387,0.0,0.0
2025-03-28 09:18:00+09:00,195600.0,195600.0,195400.0,195500.0,1087,0.0,0.0
2025-03-28 09:19:00+09:00,195500.0,195500.0,195400.0,195400.0,2731,0.0,0.0
2025-03-28 09:20:00+09:00,195500.0,195600.0,195400.0,195500.0,2026,0.0,0.0
2025-03-28 09:21:00+09:00,195400.0,195600.0,195400.0,195500.0,3626,0.0,0.0
2025-03-28 09:22:00+09:00,195500.0,195700.0,195500.0,195600.0,3455,0.0,0.0
2025-03-28 09:23:00+09:00,195600.0,195700.0,195500.0,195600.0,1254,0.0,0.0
2025-03-28 09:24:00+09:00,195600.0,195600.0,195500.0,195600.0,803,0.0,0.0
2025-03-28 09:25:00+09:00,195600.0,195700.0,195500.0,195700.0,786,0.0,0.0
2025-03-28 09:26:00+09:00,195700.0,195700.0,195500.0,195600.0,1734,0.0,0.0
2025-03-28 09:27:00+09:00,195600.0,195600.0,195400.0,195500.0,1596,0.0,0.0
2025-03-28 09:28:00+09:00,195500.0,195500.0,195400.0,195500.0,989,0.0,0.0
2025-03-28 09:29:00+09:00,195500.0,195500.0,195400.0,195500.0,823,0.0,0.0
2025-03-28 09:30:00+09:00,195500.0,195500.0,195400.0,195500.0,800,0.0,0.0
2025-03-28 09:31:00+09:00,195400.0,195500.0,195200.0,195300.0,3810,0.0,0.0
2025-03-28 09:32:00+09:00,195200.0,195300.0,195100.0,195100.0,2719,0.0,0.0
2025-03-28 09:33:00+09:00,195100.0,195200.0,195100.0,195100.0,1397,0.0,0.0
2025-03-28 09:34:00+09:00,195100.0,195200.0,195000.0,195000.0,1298,0.0,0.0
2025-03-28 09:35:00+09:00,195100.0,195100.0,194800.0,194800.0,5879,0.0,0.0
2025-03-28 09:36:00+09:00,194800.0,194900.0,194600.0,194600.0,2214,0.0,0.0
2025-03-28 09:37:00+09:00,194600.0,194700.0,194100.0,194300.0,7717,0.0,0.0
2025-03-28 09:38:00+09:00,194300.0,194400.0,194100.0,194100.0,5396,0.0,0.0
2025-03-28 09:39:00+09:00,194100.0,194300.0,193900.0,194100.0,6281,0.0,0.0
2025-03-28 09:40:00+09:00,194100.0,194600.0,194100.0,194200.0,5598,0.0,0.0
2025-03-28 09:41:00+09:00,194200.0,194200.0,194100.0,194200.0,787,0.0,0.0
2025-03-28 09:42:00+09:00,194100.0,194200.0,194100.0,194200.0,377,0.0,0.0
2025-03-28 09:43:00+09:00,194200.0,194200.0,194100.0,194100.0,352,0.0,0.0
2025-03-28 09:44:00+09:00,194150.0,194600.0,194100.0,194500.0,5891,0.0,0.0
2025-03-28 09:45:00+09:00,194500.0,194700.0,194400.0,194600.0,1963,0.0,0.0
2025-03-28 09:46:00+09:00,194600.0,194800.0,194500.0,194600.0,1185,0.0,0.0
2025-03-28 09:47:00+09:00,194700.0,194900.0,194400.0,194800.0,7226,0.0,0.0
2025-03-28 09:48:00+09:00,194900.0,194900.0,194700.0,194800.0,1204,0.0,0.0
2025-03-28 09:49:00+09:00,194800.0,195000.0,194800.0,194800.0,873,0.0,0.0
2025-03-28 09:50:00+09:00,194800.0,194900.0,194700.0,194700.0,1328,0.0,0.0
2025-03-28 09:51:00+09:00,194700.0,194800.0,194500.0,194600.0,1386,0.0,0.0
2025-03-28 09:52:00+09:00,194500.0,194600.0,194500.0,194500.0,890,0.0,0.0
2025-03-28 09:53:00+09:00,194500.0,194600.0,194400.0,194400.0,964,0.0,0.0
2025-03-28 09:54:00+09:00,194400.0,194500.0,194300.0,194300.0,1118,0.0,0.0
2025-03-28 09:55:00+09:00,194400.0,194400.0,194300.0,194300.0,321,0.0,0.0
2025-03-28 09:56:00+09:00,194400.0,194500.0,194300.0,194300.0,2046,0.0,0.0
2025-03-28 09:57:00+09:00,194300.0,194300.0,194200.0,194200.0,2728,0.0,0.0
2025-03-28 09:58:00+09:00,194250.0,194300.0,194200.0,194200.0,1419,0.0,0.0
2025-03-28 09:59:00+09:00,194200.0,194300.0,194100.0,194300.0,2672,0.0,0.0
2025-03-28 10:00:00+09:00,194300.0,194400.0,194200.0,194200.0,340,0.0,0.0
2025-03-28 10:01:00+09:00,194200.0,194300.0,194200.0,194200.0,393,0.0,0.0
2025-03-28 10:02:00+09:00,194300.0,194300.0,194100.0,194100.0,951,0.0,0.0
2025-03-28 10:03:00+09:00,194100.0,194300.0,194100.0,194100.0,1234,0.0,0.0
2025-03-28 10:04:00+09:00,194200.0,194200.0,194100.0,194100.0,584,0.0,0.0
2025-03-28 10:05:00+09:00,194200.0,194400.0,194200.0,194300.0,2293,0.0,0.0
2025-03-28 10:06:00+09:00,194350.0,194400.0,194300.0,194300.0,260,0.0,0.0
2025-03-28 10:07:00+09:00,194300.0,194600.0,194300.0,194500.0,2931,0.0,0.0
2025-03-28 10:08:00+09:00,194400.0,194600.0,194400.0,194600.0,990,0.0,0.0
2025-03-28 10:09:00+09:00,194500.0,194700.0,194500.0,194600.0,534,0.0,0.0
2025-03-28 10:10:00+09:00,194600.0,194800.0,194500.0,194800.0,7156,0.0,0.0
2025-03-28 10:11:00+09:00,194900.0,195000.0,194700.0,194800.0,1018,0.0,0.0
2025-03-28 10:12:00+09:00,194800.0,195100.0,194800.0,195000.0,5748,0.0,0.0
2025-03-28 10:13:00+09:00,195000.0,195200.0,194900.0,195100.0,3720,0.0,0.0
2025-03-28 10:14:00+09:00,195200.0,195300.0,195100.0,195100.0,3384,0.0,0.0
2025-03-28 10:15:00+09:00,195100.0,195200.0,195000.0,195000.0,1025,0.0,0.0
2025-03-28 10:16:00+09:00,195100.0,195500.0,195000.0,195300.0,4245,0.0,0.0
2025-03-28 10:17:00+09:00,195300.0,195700.0,195200.0,195700.0,8487,0.0,0.0
2025-03-28 10:18:00+09:00,195600.0,195600.0,195500.0,195500.0,1026,0.0,0.0
2025-03-28 10:19:00+09:00,195500.0,195600.0,195400.0,195500.0,434,0.0,0.0
2025-03-28 10:20:00+09:00,195400.0,195500.0,195400.0,195500.0,385,0.0,0.0
2025-03-28 10:21:00+09:00,195500.0,195500.0,195300.0,195400.0,2172,0.0,0.0
2025-03-28 10:22:00+09:00,195400.0,195900.0,195300.0,195700.0,7330,0.0,0.0
2025-03-28 10:23:00+09:00,195700.0,195800.0,195600.0,195800.0,413,0.0,0.0
2025-03-28 10:24:00+09:00,195800.0,196000.0,195600.0,196000.0,7102,0.0,0.0
2025-03-28 10:25:00+09:00,196000.0,196000.0,195900.0,195900.0,1041,0.0,0.0
2025-03-28 10:26:00+09:00,196000.0,196000.0,195900.0,196000.0,715,0.0,0.0
2025-03-28 10:27:00+09:00,196000.0,196200.0,195700.0,196000.0,5543,0.0,0.0
2025-03-28 10:28:00+09:00,196000.0,196000.0,195900.0,195900.0,886,0.0,0.0
2025-03-28 10:29:00+09:00,196000.0,196400.0,195900.0,196100.0,6472,0.0,0.0
2025-03-28 10:30:00+09:00,196100.0,196100.0,196000.0,196100.0,861,0.0,0.0
2025-03-28 10:31:00+09:00,196100.0,196100.0,196000.0,196100.0,668,0.0,0.0
2025-03-28 10:32:00+09:00,196100.0,196200.0,196000.0,196200.0,869,0.0,0.0
2025-03-28 10:33:00+09:00,196200.0,196200.0,195800.0,195900.0,2255,0.0,0.0
2025-03-28 10:34:00+09:00,196000.0,196100.0,195900.0,196100.0,783,0.0,0.0
2025-03-28 10:35:00+09:00,196100.0,196200.0,196000.0,196200.0,1051,0.0,0.0
2025-03-28 10:36:00+09:00,196200.0,196300.0,196000.0,196100.0,1419,0.0,0.0
2025-03-28 10:37:00+09:00,196100.0,196200.0,196000.0,196200.0,533,0.0,0.0
2025-03-28 10:38:00+09:00,196200.0,196200.0,196000.0,196100.0,1486,0.0,0.0
2025-03-28 10:39:00+09:00,196200.0,196600.0,196000.0,196100.0,10274,0.0,0.0
2025-03-28 10:40:00+09:00,196100.0,196100.0,195500.0,195700.0,5773,0.0,0.0
2025-03-28 10:41:00+09:00,195700.0,195700.0,195500.0,195700.0,576,0.0,0.0
2025-03-28 10:42:00+09:00,195600.0,195700.0,195400.0,195500.0,1492,0.0,0.0
2025-03-28 10:43:00+09:00,195500.0,195500.0,195400.0,195500.0,772,0.0,0.0
2025-03-28 10:44:00+09:00,195400.0,195700.0,195400.0,195600.0,4237,0.0,0.0
2025-03-28 10:45:00+09:00,195600.0,195900.0,195600.0,195800.0,1807,0.0,0.0
2025-03-28 10:46:00+09:00,195800.0,195800.0,195600.0,195600.0,506,0.0,0.0
2025-03-28 10:47:00+09:00,195600.0,195700.0,195600.0,195700.0,843,0.0,0.0
2025-03-28 10:48:00+09:00,195700.0,195800.0,195700.0,195700.0,478,0.0,0.0
2025-03-28 10:49:00+09:00,195700.0,195800.0,195600.0,195700.0,422,0.0,0.0
2025-03-28 10:50:00+09:00,195700.0,195800.0,195600.0,195600.0,593,0.0,0.0
2025-03-28 10:51:00+09:00,195600.0,195700.0,195600.0,195600.0,382,0.0,0.0
2025-03-28 10:52:00+09:00,195600.0,195700.0,195400.0,195500.0,1112,0.0,0.0
2025-03-28 10:53:00+09:00,195500.0,195900.0,195400.0,195800.0,2174,0.0,0.0
2025-03-28 10:54:00+09:00,195700.0,195800.0,195600.0,195600.0,292,0.0,0.0
2025-03-28 10:55:00+09:00,195600.0,195700.0,195600.0,195600.0,367,0.0,0.0
2025-03-28 10:56:00+09:00,195700.0,195700.0,195500.0,195500.0,1168,0.0,0.0
2025-03-28 10:57:00+09:00,195500.0,195900.0,195400.0,195800.0,1467,0.0,0.0
2025-03-28 10:58:00+09:00,195800.0,195900.0,195700.0,195800.0,401,0.0,0.0
2025-03-28 10:59:00+09:00,195800.0,195900.0,195600.0,195800.0,1624,0.0,0.0
2025-03-28 11:00:00+09:00,195800.0,195900.0,195700.0,195800.0,562,0.0,0.0
2025-03-28 11:01:00+09:00,195800.0,195800.0,195600.0,195600.0,561,0.0,0.0
2025-03-28 11:02:00+09:00,195600.0,195800.0,195500.0,195700.0,487,0.0,0.0
2025-03-28 11:03:00+09:00,195700.0,195800.0,195700.0,195800.0,311,0.0,0.0
2025-03-28 11:04:00+09:00,195700.0,195800.0,195700.0,195700.0,280,0.0,0.0
2025-03-28 11:05:00+09:00,195800.0,195800.0,195700.0,195700.0,681,0.0,0.0
2025-03-28 11:06:00+09:00,195700.0,195800.0,195700.0,195800.0,361,0.0,0.0
2025-03-28 11:07:00+09:00,195800.0,195800.0,195500.0,195600.0,1649,0.0,0.0
2025-03-28 11:08:00+09:00,195700.0,195700.0,195500.0,195600.0,644,0.0,0.0
2025-03-28 11:09:00+09:00,195600.0,195600.0,195500.0,195500.0,405,0.0,0.0
2025-03-28 11:10:00+09:00,195600.0,195600.0,195400.0,195400.0,779,0.0,0.0
2025-03-28 11:11:00+09:00,195400.0,195500.0,195300.0,195400.0,927,0.0,0.0
2025-03-28 11:12:00+09:00,195400.0,195500.0,195200.0,195300.0,1231,0.0,0.0
2025-03-28 11:13:00+09:00,195200.0,195300.0,195200.0,195300.0,325,0.0,0.0
2025-03-28 11:14:00+09:00,195200.0,195300.0,195200.0,195300.0,561,0.0,0.0
2025-03-28 11:15:00+09:00,195300.0,195300.0,195100.0,195300.0,966,0.0,0.0
2025-03-28 11:16:00+09:00,195200.0,195300.0,195100.0,195100.0,1047,0.0,0.0
2025-03-28 11:17:00+09:00,195100.0,195200.0,195100.0,195100.0,676,0.0,0.0
2025-03-28 11:18:00+09:00,195100.0,195200.0,195000.0,195100.0,1581,0.0,0.0
2025-03-28 11:19:00+09:00,195000.0,195100.0,195000.0,195000.0,377,0.0,0.0
2025-03-28 11:20:00+09:00,195100.0,195300.0,195000.0,195200.0,3228,0.0,0.0
2025-03-28 11:21:00+09:00,195200.0,195200.0,195100.0,195150.0,317,0.0,0.0
2025-03-28 11:22:00+09:00,195200.0,195200.0,195100.0,195200.0,852,0.0,0.0
2025-03-28 11:23:00+09:00,195100.0,195200.0,195100.0,195100.0,1191,0.0,0.0
2025-03-28 11:24:00+09:00,195100.0,195200.0,195100.0,195100.0,482,0.0,0.0
2025-03-28 11:25:00+09:00,195100.0,195200.0,195100.0,195100.0,442,0.0,0.0
2025-03-28 11:26:00+09:00,195200.0,195200.0,195100.0,195200.0,292,0.0,0.0
2025-03-28 11:27:00+09:00,195200.0,195200.0,195100.0,195100.0,545,0.0,0.0
2025-03-28 11:28:00+09:00,195100.0,195200.0,195000.0,195200.0,972,0.0,0.0
2025-03-28 11:29:00+09:00,195200.0,195200.0,195100.0,195100.0,789,0.0,0.0
2025-03-28 11:30:00+09:00,195100.0,195200.0,195000.0,195000.0,4454,0.0,0.0
2025-03-28 11:31:00+09:00,195000.0,195100.0,194900.0,194900.0,371,0.0,0.0
2025-03-28 11:32:00+09:00,195000.0,195100.0,194900.0,194900.0,239,0.0,0.0
2025-03-28 11:33:00+09:00,194900.0,195000.0,194900.0,194900.0,336,0.0,0.0
2025-03-28 11:34:00+09:00,194900.0,195000.0,194800.0,194800.0,913,0.0,0.0
2025-03-28 11:35:00+09:00,194800.0,194900.0,194600.0,194600.0,1429,0.0,0.0
2025-03-28 11:36:00+09:00,194600.0,194800.0,194600.0,194800.0,978,0.0,0.0
2025-03-28 11:37:00+09:00,194700.0,194800.0,194700.0,194800.0,326,0.0,0.0
2025-03-28 11:38:00+09:00,194800.0,194900.0,194700.0,194900.0,882,0.0,0.0
2025-03-28 11:39:00+09:00,194900.0,194900.0,194700.0,194800.0,455,0.0,0.0
2025-03-28 11:40:00+09:00,194800.0,194800.0,194700.0,194700.0,472,0.0,0.0
2025-03-28 11:41:00+09:00,194800.0,194800.0,194700.0,194700.0,260,0.0,0.0
2025-03-28 11:42:00+09:00,194800.0,194800.0,194600.0,194600.0,945,0.0,0.0
2025-03-28 11:43:00+09:00,194700.0,194700.0,194600.0,194600.0,330,0.0,0.0
2025-03-28 11:44:00+09:00,194600.0,194700.0,194500.0,194600.0,892,0.0,0.0
2025-03-28 11:45:00+09:00,194600.0,194700.0,194500.0,194700.0,504,0.0,0.0
2025-03-28 11:46:00+09:00,194700.0,194800.0,194600.0,194600.0,2670,0.0,0.0
2025-03-28 11:47:00+09:00,194600.0,194700.0,194600.0,194700.0,321,0.0,0.0
2025-03-28 11:48:00+09:00,194600.0,194700.0,194600.0,194700.0,749,0.0,0.0
2025-03-28 11:49:00+09:00,194700.0,194700.0,194600.0,194600.0,807,0.0,0.0
2025-03-28 11:50:00+09:00,194600.0,194700.0,194500.0,194600.0,1779,0.0,0.0
2025-03-28 11:51:00+09:00,194500.0,194600.0,194500.0,194500.0,422,0.0,0.0
2025-03-28 11:52:00+09:00,194600.0,194700.0,194500.0,194700.0,964,0.0,0.0
2025-03-28 11:53:00+09:00,194700.0,194700.0,194600.0,194700.0,860,0.0,0.0
2025-03-28 11:54:00+09:00,194700.0,194700.0,194600.0,194600.0,917,0.0,0.0
2025-03-28 11:55:00+09:00,194600.0,194700.0,194600.0,194600.0,222,0.0,0.0
2025-03-28 11:56:00+09:00,194600.0,194700.0,194500.0,194600.0,515,0.0,0.0
2025-03-28 11:57:00+09:00,194600.0,194700.0,194500.0,194600.0,600,0.0,0.0
2025-03-28 11:58:00+09:00,194500.0,194600.0,194500.0,194500.0,987,0.0,0.0
2025-03-28 11:59:00+09:00,194400.0,194600.0,194400.0,194600.0,691,0.0,0.0
2025-03-28 12:00:00+09:00,194500.0,194600.0,194500.0,194600.0,411,0.0,0.0
2025-03-28 12:01:00+09:00,194600.0,194700.0,194500.0,194500.0,1072,0.0,0.0
2025-03-28 12:02:00+09:00,194600.0,194600.0,194500.0,194500.0,212,0.0,0.0
2025-03-28 12:03:00+09:00,194600.0,194600.0,194400.0,194500.0,1385,0.0,0.0
2025-03-28 12:04:00+09:00,194400.0,194600.0,194400.0,194500.0,442,0.0,0.0
2025-03-28 12:05:00+09:00,194600.0,194700.0,194500.0,194700.0,750,0.0,0.0
2025-03-28 12:06:00+09:00,194700.0,194700.0,194600.0,194700.0,174,0.0,0.0
2025-03-28 12:07:00+09:00,194700.0,194700.0,194600.0,194700.0,410,0.0,0.0
2025-03-28 12:08:00+09:00,194700.0,194700.0,194600.0,194700.0,330,0.0,0.0
2025-03-28 12:09:00+09:00,194600.0,194700.0,194500.0,194600.0,681,0.0,0.0
2025-03-28 12:10:00+09:00,194700.0,194700.0,194600.0,194700.0,226,0.0,0.0
2025-03-28 12:11:00+09:00,194700.0,194700.0,194600.0,194700.0,166,0.0,0.0
2025-03-28 12:12:00+09:00,194700.0,194700.0,194600.0,194700.0,456,0.0,0.0
2025-03-28 12:13:00+09:00,194700.0,194700.0,194600.0,194600.0,239,0.0,0.0
2025-03-28 12:14:00+09:00,194600.0,194700.0,194600.0,194600.0,723,0.0,0.0
2025-03-28 12:15:00+09:00,194700.0,194700.0,194600.0,194600.0,624,0.0,0.0
2025-03-28 12:16:00+09:00,194700.0,194800.0,194600.0,194800.0,923,0.0,0.0
2025-03-28 12:17:00+09:00,194700.0,194800.0,194700.0,194800.0,385,0.0,0.0
2025-03-28 12:18:00+09:00,194700.0,194800.0,194600.0,194600.0,739,0.0,0.0
2025-03-28 12:19:00+09:00,194700.0,194700.0,194700.0,194700.0,124,0.0,0.0
2025-03-28 12:20:00+09:00,194700.0,194800.0,194700.0,194700.0,1877,0.0,0.0
2025-03-28 12:21:00+09:00,194800.0,194800.0,194600.0,194600.0,3032,0.0,0.0
2025-03-28 12:22:00+09:00,194500.0,194800.0,194500.0,194800.0,333,0.0,0.0
2025-03-28 12:23:00+09:00,194700.0,194900.0,194700.0,194700.0,666,0.0,0.0
2025-03-28 12:24:00+09:00,194700.0,194800.0,194700.0,194800.0,276,0.0,0.0
2025-03-28 12:25:00+09:00,194800.0,194900.0,194700.0,194800.0,371,0.0,0.0
2025-03-28 12:26:00+09:00,194700.0,194800.0,194700.0,194800.0,135,0.0,0.0
2025-03-28 12:27:00+09:00,194800.0,194900.0,194750.0,194800.0,1211,0.0,0.0
2025-03-28 12:28:00+09:00,194900.0,195000.0,194800.0,194900.0,1101,0.0,0.0
2025-03-28 12:29:00+09:00,195000.0,195000.0,194900.0,194900.0,745,0.0,0.0
2025-03-28 12:30:00+09:00,195000.0,195100.0,194900.0,195100.0,1009,0.0,0.0
2025-03-28 12:31:00+09:00,195000.0,195100.0,195000.0,195100.0,91,0.0,0.0
2025-03-28 12:32:00+09:00,195100.0,195100.0,195000.0,195000.0,669,0.0,0.0
2025-03-28 12:33:00+09:00,195000.0,195100.0,195000.0,195000.0,463,0.0,0.0
2025-03-28 12:34:00+09:00,195000.0,195100.0,195000.0,195100.0,319,0.0,0.0
2025-03-28 12:35:00+09:00,195100.0,195100.0,195000.0,195100.0,706,0.0,0.0
2025-03-28 12:36:00+09:00,195000.0,195100.0,195000.0,195000.0,214,0.0,0.0
2025-03-28 12:37:00+09:00,195100.0,195100.0,194800.0,194900.0,3403,0.0,0.0
2025-03-28 12:38:00+09:00,194900.0,195000.0,194800.0,194900.0,371,0.0,0.0
2025-03-28 12:39:00+09:00,194900.0,195000.0,194900.0,195000.0,1398,0.0,0.0
2025-03-28 12:40:00+09:00,195000.0,195300.0,195000.0,195100.0,2078,0.0,0.0
2025-03-28 12:41:00+09:00,195200.0,195200.0,195100.0,195200.0,247,0.0,0.0
2025-03-28 12:42:00+09:00,195100.0,195200.0,195100.0,195200.0,135,0.0,0.0
2025-03-28 12:43:00+09:00,195200.0,195200.0,195100.0,195200.0,931,0.0,0.0
2025-03-28 12:44:00+09:00,195100.0,195200.0,195100.0,195100.0,411,0.0,0.0
2025-03-28 12:45:00+09:00,195200.0,195200.0,195100.0,195200.0,746,0.0,0.0
2025-03-28 12:46:00+09:00,195200.0,195200.0,195000.0,195000.0,742,0.0,0.0
2025-03-28 12:47:00+09:00,195100.0,195100.0,195000.0,195100.0,433,0.0,0.0
2025-03-28 12:48:00+09:00,195100.0,195300.0,195000.0,195200.0,6753,0.0,0.0
2025-03-28 12:49:00+09:00,195200.0,195300.0,195200.0,195300.0,550,0.0,0.0
2025-03-28 12:50:00+09:00,195300.0,195400.0,195200.0,195400.0,1714,0.0,0.0
2025-03-28 12:51:00+09:00,195400.0,195400.0,195300.0,195400.0,183,0.0,0.0
2025-03-28 12:52:00+09:00,195400.0,195400.0,195300.0,195300.0,279,0.0,0.0
2025-03-28 12:53:00+09:00,195400.0,195400.0,195300.0,195300.0,196,0.0,0.0
2025-03-28 12:54:00+09:00,195400.0,195400.0,195200.0,195200.0,1044,0.0,0.0
2025-03-28 12:55:00+09:00,195200.0,195300.0,195000.0,195100.0,1418,0.0,0.0
2025-03-28 12:56:00+09:00,195000.0,195200.0,195000.0,195100.0,1094,0.0,0.0
2025-03-28 12:57:00+09:00,195200.0,195200.0,194900.0,195000.0,3118,0.0,0.0
2025-03-28 12:58:00+09:00,195000.0,195000.0,194900.0,194900.0,2033,0.0,0.0
2025-03-28 12:59:00+09:00,194900.0,195000.0,194900.0,194900.0,585,0.0,0.0
2025-03-28 13:00:00+09:00,195000.0,195000.0,194900.0,194900.0,243,0.0,0.0
2025-03-28 13:01:00+09:00,194900.0,195000.0,194900.0,195000.0,294,0.0,0.0
2025-03-28 13:02:00+09:00,195000.0,195000.0,194900.0,194900.0,955,0.0,0.0
2025-03-28 13:03:00+09:00,194900.0,195000.0,194900.0,194900.0,591,0.0,0.0
2025-03-28 13:04:00+09:00,195000.0,195000.0,194800.0,194800.0,2550,0.0,0.0
2025-03-28 13:05:00+09:00,194800.0,195000.0,194800.0,194900.0,3742,0.0,0.0
2025-03-28 13:06:00+09:00,195000.0,195000.0,194900.0,195000.0,394,0.0,0.0
2025-03-28 13:07:00+09:00,194900.0,195000.0,194900.0,194900.0,316,0.0,0.0
2025-03-28 13:08:00+09:00,194900.0,195000.0,194900.0,194900.0,129,0.0,0.0
2025-03-28 13:09:00+09:00,194900.0,195000.0,194900.0,195000.0,382,0.0,0.0
2025-03-28 13:10:00+09:00,195000.0,195000.0,194900.0,194900.0,206,0.0,0.0
2025-03-28 13:11:00+09:00,194900.0,195000.0,194900.0,195000.0,294,0.0,0.0
2025-03-28 13:12:00+09:00,195000.0,195000.0,194900.0,195000.0,123,0.0,0.0
2025-03-28 13:13:00+09:00,195000.0,195000.0,194900.0,194900.0,356,0.0,0.0
2025-03-28 13:14:00+09:00,194900.0,195000.0,194900.0,194900.0,438,0.0,0.0
2025-03-28 13:15:00+09:00,194900.0,195000.0,194700.0,194800.0,1872,0.0,0.0
2025-03-28 13:16:00+09:00,194700.0,194800.0,194700.0,194800.0,271,0.0,0.0
2025-03-28 13:17:00+09:00,194800.0,194900.0,194700.0,194900.0,1384,0.0,0.0
2025-03-28 13:18:00+09:00,194900.0,194900.0,194800.0,194900.0,272,0.0,0.0
2025-03-28 13:19:00+09:00,194900.0,194900.0,194800.0,194800.0,362,0.0,0.0
2025-03-28 13:20:00+09:00,194900.0,194900.0,194800.0,194900.0,249,0.0,0.0
2025-03-28 13:21:00+09:00,194800.0,195100.0,194800.0,195100.0,3482,0.0,0.0
2025-03-28 13:22:00+09:00,195100.0,195100.0,195000.0,195000.0,707,0.0,0.0
2025-03-28 13:23:00+09:00,195000.0,195100.0,195000.0,195100.0,418,0.0,0.0
2025-03-28 13:24:00+09:00,195100.0,195100.0,194700.0,194700.0,2392,0.0,0.0
2025-03-28 13:25:00+09:00,194800.0,194800.0,194600.0,194600.0,1000,0.0,0.0
2025-03-28 13:26:00+09:00,194700.0,194700.0,194600.0,194600.0,2202,0.0,0.0
2025-03-28 13:27:00+09:00,194600.0,194600.0,194500.0,194600.0,723,0.0,0.0
2025-03-28 13:28:00+09:00,194600.0,194900.0,194600.0,194800.0,3321,0.0,0.0
2025-03-28 13:29:00+09:00,194800.0,194900.0,194700.0,194800.0,798,0.0,0.0
2025-03-28 13:30:00+09:00,194800.0,194800.0,194700.0,194800.0,345,0.0,0.0
2025-03-28 13:31:00+09:00,194700.0,194800.0,194700.0,194800.0,528,0.0,0.0
2025-03-28 13:32:00+09:00,194700.0,194800.0,194700.0,194800.0,598,0.0,0.0
2025-03-28 13:33:00+09:00,194800.0,194800.0,194700.0,194700.0,316,0.0,0.0
2025-03-28 13:34:00+09:00,194700.0,194800.0,194700.0,194800.0,441,0.0,0.0
2025-03-28 13:35:00+09:00,194800.0,194800.0,194700.0,194700.0,564,0.0,0.0
2025-03-28 13:36:00+09:00,194700.0,194800.0,194700.0,194700.0,192,0.0,0.0
2025-03-28 13:37:00+09:00,194800.0,194800.0,194700.0,194800.0,280,0.0,0.0
2025-03-28 13:38:00+09:00,194800.0,194800.0,194600.0,194600.0,1747,0.0,0.0
2025-03-28 13:39:00+09:00,194700.0,194700.0,194600.0,194600.0,227,0.0,0.0
2025-03-28 13:40:00+09:00,194700.0,194700.0,194500.0,194600.0,4357,0.0,0.0
2025-03-28 13:41:00+09:00,194500.0,194600.0,194400.0,194400.0,1148,0.0,0.0
2025-03-28 13:42:00+09:00,194500.0,194600.0,194400.0,194500.0,1638,0.0,0.0
2025-03-28 13:43:00+09:00,194500.0,194600.0,194400.0,194500.0,1423,0.0,0.0
2025-03-28 13:44:00+09:00,194500.0,194600.0,194500.0,194600.0,239,0.0,0.0
2025-03-28 13:45:00+09:00,194500.0,194600.0,194500.0,194600.0,278,0.0,0.0
2025-03-28 13:46:00+09:00,194600.0,194600.0,194500.0,194600.0,660,0.0,0.0
2025-03-28 13:47:00+09:00,194500.0,194600.0,194500.0,194600.0,562,0.0,0.0
2025-03-28 13:48:00+09:00,194600.0,194600.0,194500.0,194500.0,711,0.0,0.0
2025-03-28 13:49:00+09:00,194500.0,194600.0,194400.0,194400.0,1314,0.0,0.0
2025-03-28 13:50:00+09:00,194500.0,194500.0,194400.0,194400.0,791,0.0,0.0
2025-03-28 13:51:00+09:00,194400.0,194700.0,194400.0,194600.0,2363,0.0,0.0
2025-03-28 13:52:00+09:00,194700.0,194700.0,194400.0,194400.0,2772,0.0,0.0
2025-03-28 13:53:00+09:00,194500.0,194500.0,194400.0,194400.0,382,0.0,0.0
2025-03-28 13:54:00+09:00,194400.0,194500.0,194300.0,194300.0,3960,0.0,0.0
2025-03-28 13:55:00+09:00,194400.0,194400.0,194200.0,194300.0,1203,0.0,0.0
2025-03-28 13:56:00+09:00,194200.0,194600.0,194200.0,194500.0,3513,0.0,0.0
2025-03-28 13:57:00+09:00,194500.0,194600.0,194500.0,194500.0,325,0.0,0.0
2025-03-28 13:58:00+09:00,194500.0,194600.0,194400.0,194400.0,1523,0.0,0.0
2025-03-28 13:59:00+09:00,194400.0,194500.0,194400.0,194400.0,752,0.0,0.0
2025-03-28 14:00:00+09:00,194400.0,194600.0,194400.0,194500.0,5513,0.0,0.0
2025-03-28 14:01:00+09:00,194500.0,194600.0,194400.0,194500.0,1422,0.0,0.0
2025-03-28 14:02:00+09:00,194500.0,194600.0,194500.0,194600.0,451,0.0,0.0
2025-03-28 14:03:00+09:00,194600.0,194600.0,194500.0,194500.0,441,0.0,0.0
2025-03-28 14:04:00+09:00,194500.0,194600.0,194500.0,194500.0,1378,0.0,0.0
2025-03-28 14:05:00+09:00,194600.0,194600.0,194500.0,194600.0,2034,0.0,0.0
2025-03-28 14:06:00+09:00,194600.0,194600.0,194500.0,194500.0,552,0.0,0.0
2025-03-28 14:07:00+09:00,194600.0,194600.0,194500.0,194600.0,290,0.0,0.0
2025-03-28 14:08:00+09:00,194500.0,194600.0,194400.0,194500.0,1632,0.0,0.0
2025-03-28 14:09:00+09:00,194500.0,194500.0,194400.0,194400.0,559,0.0,0.0
2025-03-28 14:10:00+09:00,194500.0,194500.0,194400.0,194400.0,463,0.0,0.0
2025-03-28 14:11:00+09:00,194500.0,194500.0,194400.0,194400.0,367,0.0,0.0
2025-03-28 14:12:00+09:00,194400.0,194500.0,194400.0,194400.0,667,0.0,0.0
2025-03-28 14:13:00+09:00,194500.0,194500.0,194100.0,194300.0,8481,0.0,0.0
2025-03-28 14:14:00+09:00,194300.0,194300.0,194200.0,194300.0,312,0.0,0.0
2025-03-28 14:15:00+09:00,194300.0,194300.0,194100.0,194200.0,2511,0.0,0.0
2025-03-28 14:16:00+09:00,194200.0,194200.0,194100.0,194100.0,815,0.0,0.0
2025-03-28 14:17:00+09:00,194200.0,194200.0,194100.0,194100.0,1338,0.0,0.0
2025-03-28 14:18:00+09:00,194200.0,194200.0,194100.0,194200.0,503,0.0,0.0
2025-03-28 14:19:00+09:00,194200.0,194200.0,194100.0,194100.0,494,0.0,0.0
2025-03-28 14:20:00+09:00,194100.0,194200.0,194100.0,194100.0,1143,0.0,0.0
2025-03-28 14:21:00+09:00,194200.0,194200.0,194100.0,194200.0,964,0.0,0.0
2025-03-28 14:22:00+09:00,194200.0,194200.0,193900.0,194000.0,11336,0.0,0.0
2025-03-28 14:23:00+09:00,194000.0,194300.0,194000.0,194000.0,10348,0.0,0.0
2025-03-28 14:24:00+09:00,194000.0,194100.0,194000.0,194000.0,3338,0.0,0.0
2025-03-28 14:25:00+09:00,194100.0,194100.0,194000.0,194100.0,721,0.0,0.0
2025-03-28 14:26:00+09:00,194000.0,194100.0,194000.0,194000.0,992,0.0,0.0
2025-03-28 14:27:00+09:00,194100.0,194100.0,194000.0,194100.0,887,0.0,0.0
2025-03-28 14:28:00+09:00,194100.0,194200.0,194000.0,194200.0,1940,0.0,0.0
2025-03-28 14:29:00+09:00,194200.0,194200.0,194000.0,194000.0,812,0.0,0.0
2025-03-28 14:30:00+09:00,194100.0,194100.0,193900.0,193900.0,2926,0.0,0.0
2025-03-28 14:31:00+09:00,194000.0,194000.0,193900.0,193900.0,1918,0.0,0.0
2025-03-28 14:32:00+09:00,194000.0,194000.0,193900.0,193900.0,2439,0.0,0.0
2025-03-28 14:33:00+09:00,193900.0,194000.0,193900.0,194000.0,1997,0.0,0.0
2025-03-28 14:34:00+09:00,193900.0,194000.0,193900.0,194000.0,825,0.0,0.0
2025-03-28 14:35:00+09:00,194000.0,194200.0,194000.0,194100.0,2369,0.0,0.0
2025-03-28 14:36:00+09:00,194100.0,194200.0,194100.0,194100.0,920,0.0,0.0
2025-03-28 14:37:00+09:00,194100.0,194300.0,194100.0,194300.0,1720,0.0,0.0
2025-03-28 14:38:00+09:00,194200.0,194300.0,194200.0,194300.0,902,0.0,0.0
2025-03-28 14:39:00+09:00,194300.0,194300.0,194200.0,194300.0,336,0.0,0.0
2025-03-28 14:40:00+09:00,194300.0,194300.0,194200.0,194300.0,659,0.0,0.0
2025-03-28 14:41:00+09:00,194200.0,194300.0,194200.0,194300.0,564,0.0,0.0
2025-03-28 14:42:00+09:00,194300.0,194300.0,194200.0,194300.0,1761,0.0,0.0
2025-03-28 14:43:00+09:00,194300.0,194400.0,194200.0,194200.0,1343,0.0,0.0
2025-03-28 14:44:00+09:00,194200.0,194300.0,194200.0,194200.0,589,0.0,0.0
2025-03-28 14:45:00+09:00,194300.0,194300.0,194200.0,194300.0,690,0.0,0.0
2025-03-28 14:46:00+09:00,194300.0,194300.0,194200.0,194300.0,732,0.0,0.0
2025-03-28 14:47:00+09:00,194300.0,194300.0,194200.0,194200.0,525,0.0,0.0
2025-03-28 14:48:00+09:00,194300.0,194400.0,194200.0,194400.0,3612,0.0,0.0
2025-03-28 14:49:00+09:00,194400.0,194400.0,194200.0,194200.0,2248,0.0,0.0
2025-03-28 14:50:00+09:00,194200.0,194300.0,194200.0,194300.0,819,0.0,0.0
2025-03-28 14:51:00+09:00,194300.0,194300.0,194200.0,194250.0,1113,0.0,0.0
2025-03-28 14:52:00+09:00,194250.0,194250.0,194100.0,194200.0,1031,0.0,0.0
2025-03-28 14:53:00+09:00,194200.0,194200.0,194100.0,194200.0,573,0.0,0.0
2025-03-28 14:54:00+09:00,194200.0,194200.0,194100.0,194100.0,826,0.0,0.0
2025-03-28 14:55:00+09:00,194200.0,194200.0,194100.0,194100.0,671,0.0,0.0
2025-03-28 14:56:00+09:00,194200.0,194300.0,194100.0,194200.0,3760,0.0,0.0
2025-03-28 14:57:00+09:00,194200.0,194300.0,194100.0,194100.0,2672,0.0,0.0
2025-03-28 14:58:00+09:00,194100.0,194200.0,194100.0,194200.0,524,0.0,0.0
2025-03-28 14:59:00+09:00,194150.0,194200.0,194100.0,194100.0,708,0.0,0.0
2025-03-31 09:00:00+09:00,191400.0,191700.0,191100.0,191500.0,19487,0.0,0.0
2025-03-31 09:01:00+09:00,191500.0,191500.0,191100.0,191200.0,7952,0.0,0.0
2025-03-31 09:02:00+09:00,191200.0,191700.0,191200.0,191300.0,3234,0.0,0.0
2025-03-31 09:03:00+09:00,191400.0,191450.0,191100.0,191300.0,3468,0.0,0.0
2025-03-31 09:04:00+09:00,191200.0,191200.0,190800.0,191000.0,8031,0.0,0.0
2025-03-31 09:05:00+09:00,190900.0,191000.0,190100.0,190200.0,6258,0.0,0.0
2025-03-31 09:06:00+09:00,190300.0,190400.0,189900.0,190300.0,8115,0.0,0.0
2025-03-31 09:07:00+09:00,190200.0,190700.0,190200.0,190400.0,8882,0.0,0.0
2025-03-31 09:08:00+09:00,190400.0,190400.0,190000.0,190100.0,4649,0.0,0.0
2025-03-31 09:09:00+09:00,190100.0,190200.0,189800.0,190100.0,4575,0.0,0.0
2025-03-31 09:10:00+09:00,190100.0,190200.0,190000.0,190100.0,1647,0.0,0.0
2025-03-31 09:11:00+09:00,190100.0,190300.0,190000.0,190100.0,4879,0.0,0.0
2025-03-31 09:12:00+09:00,190100.0,190200.0,189900.0,190200.0,1925,0.0,0.0
2025-03-31 09:13:00+09:00,190100.0,190200.0,190000.0,190200.0,3250,0.0,0.0
2025-03-31 09:14:00+09:00,190200.0,190400.0,190100.0,190400.0,2493,0.0,0.0
2025-03-31 09:15:00+09:00,190300.0,190400.0,190100.0,190200.0,1502,0.0,0.0
2025-03-31 09:16:00+09:00,190100.0,190200.0,189800.0,189900.0,4432,0.0,0.0
2025-03-31 09:17:00+09:00,189900.0,190200.0,189800.0,190200.0,2310,0.0,0.0
2025-03-31 09:18:00+09:00,190100.0,190300.0,190000.0,190000.0,3186,0.0,0.0
2025-03-31 09:19:00+09:00,190100.0,190100.0,190000.0,190100.0,751,0.0,0.0
2025-03-31 09:20:00+09:00,190050.0,190100.0,189700.0,189800.0,4533,0.0,0.0
2025-03-31 09:21:00+09:00,189800.0,189800.0,189600.0,189700.0,1729,0.0,0.0
2025-03-31 09:22:00+09:00,189600.0,189700.0,189500.0,189600.0,2173,0.0,0.0
2025-03-31 09:23:00+09:00,189600.0,189600.0,189300.0,189500.0,2826,0.0,0.0
2025-03-31 09:24:00+09:00,189500.0,189600.0,189200.0,189400.0,2528,0.0,0.0
2025-03-31 09:25:00+09:00,189500.0,189700.0,189400.0,189600.0,2533,0.0,0.0
2025-03-31 09:26:00+09:00,189700.0,190200.0,189600.0,190000.0,2865,0.0,0.0
2025-03-31 09:27:00+09:00,190100.0,190400.0,190000.0,190300.0,1089,0.0,0.0
2025-03-31 09:28:00+09:00,190300.0,190400.0,190300.0,190400.0,1184,0.0,0.0
2025-03-31 09:29:00+09:00,190400.0,190400.0,190300.0,190300.0,601,0.0,0.0
2025-03-31 09:30:00+09:00,190300.0,190400.0,190200.0,190400.0,121,0.0,0.0
2025-03-31 09:31:00+09:00,190400.0,190400.0,189900.0,190300.0,2460,0.0,0.0
2025-03-31 09:32:00+09:00,190300.0,190300.0,189900.0,189900.0,1321,0.0,0.0
2025-03-31 09:33:00+09:00,190000.0,190200.0,189700.0,190000.0,5115,0.0,0.0
2025-03-31 09:34:00+09:00,190200.0,190200.0,189900.0,189900.0,741,0.0,0.0
2025-03-31 09:35:00+09:00,190000.0,190000.0,189800.0,189800.0,1436,0.0,0.0
2025-03-31 09:36:00+09:00,189900.0,189900.0,189700.0,189900.0,1803,0.0,0.0
2025-03-31 09:37:00+09:00,189900.0,190000.0,189600.0,189700.0,2133,0.0,0.0
2025-03-31 09:38:00+09:00,189700.0,189700.0,189600.0,189700.0,368,0.0,0.0
2025-03-31 09:39:00+09:00,189700.0,189900.0,189700.0,189900.0,2187,0.0,0.0
2025-03-31 09:40:00+09:00,189900.0,189900.0,189800.0,189800.0,457,0.0,0.0
2025-03-31 09:41:00+09:00,189900.0,189900.0,189700.0,189800.0,920,0.0,0.0
2025-03-31 09:42:00+09:00,189800.0,189800.0,189500.0,189600.0,2405,0.0,0.0
2025-03-31 09:43:00+09:00,189600.0,189600.0,189500.0,189600.0,1134,0.0,0.0
2025-03-31 09:44:00+09:00,189600.0,189800.0,189600.0,189700.0,1197,0.0,0.0
2025-03-31 09:45:00+09:00,189700.0,189700.0,189500.0,189600.0,1144,0.0,0.0
2025-03-31 09:46:00+09:00,189600.0,189600.0,189500.0,189600.0,504,0.0,0.0
2025-03-31 09:47:00+09:00,189600.0,189600.0,189500.0,189500.0,760,0.0,0.0
2025-03-31 09:48:00+09:00,189600.0,189600.0,189400.0,189500.0,3900,0.0,0.0
2025-03-31 09:49:00+09:00,189600.0,189600.0,189300.0,189500.0,2202,0.0,0.0
2025-03-31 09:50:00+09:00,189600.0,189600.0,189300.0,189500.0,1226,0.0,0.0
2025-03-31 09:51:00+09:00,189500.0,189900.0,189400.0,189700.0,5326,0.0,0.0
2025-03-31 09:52:00+09:00,189700.0,190000.0,189700.0,189800.0,1040,0.0,0.0
2025-03-31 09:53:00+09:00,189900.0,190000.0,189700.0,189800.0,709,0.0,0.0
2025-03-31 09:54:00+09:00,189900.0,189900.0,189700.0,189800.0,652,0.0,0.0
2025-03-31 09:55:00+09:00,189800.0,189900.0,189700.0,189900.0,608,0.0,0.0
2025-03-31 09:56:00+09:00,189900.0,189900.0,189800.0,189800.0,249,0.0,0.0
2025-03-31 09:57:00+09:00,189800.0,189900.0,189800.0,189900.0,14,0.0,0.0
2025-03-31 09:58:00+09:00,189900.0,190000.0,189800.0,190000.0,1499,0.0,0.0
2025-03-31 09:59:00+09:00,189900.0,190000.0,189900.0,190000.0,760,0.0,0.0
2025-03-31 10:00:00+09:00,190000.0,190200.0,189900.0,190200.0,2675,0.0,0.0
2025-03-31 10:01:00+09:00,190150.0,190300.0,190100.0,190200.0,666,0.0,0.0
2025-03-31 10:02:00+09:00,190300.0,190300.0,190100.0,190300.0,669,0.0,0.0
2025-03-31 10:03:00+09:00,190200.0,190800.0,190200.0,190500.0,5415,0.0,0.0
2025-03-31 10:04:00+09:00,190500.0,190600.0,190400.0,190600.0,1000,0.0,0.0
2025-03-31 10:05:00+09:00,190600.0,190700.0,190500.0,190700.0,1446,0.0,0.0
2025-03-31 10:06:00+09:00,190700.0,190900.0,190700.0,190900.0,871,0.0,0.0
2025-03-31 10:07:00+09:00,190900.0,190900.0,190500.0,190700.0,1545,0.0,0.0
2025-03-31 10:08:00+09:00,190700.0,190800.0,190700.0,190800.0,481,0.0,0.0
2025-03-31 10:09:00+09:00,190700.0,190800.0,190600.0,190700.0,959,0.0,0.0
2025-03-31 10:10:00+09:00,190700.0,191500.0,190700.0,191400.0,3996,0.0,0.0
2025-03-31 10:11:00+09:00,191400.0,191500.0,191300.0,191300.0,2439,0.0,0.0
2025-03-31 10:12:00+09:00,191300.0,191300.0,191200.0,191200.0,457,0.0,0.0
2025-03-31 10:13:00+09:00,191200.0,191300.0,191100.0,191200.0,1326,0.0,0.0
2025-03-31 10:14:00+09:00,191200.0,191200.0,191000.0,191200.0,1119,0.0,0.0
2025-03-31 10:15:00+09:00,191200.0,191200.0,191000.0,191000.0,1335,0.0,0.0
2025-03-31 10:16:00+09:00,191000.0,191000.0,190900.0,190950.0,363,0.0,0.0
2025-03-31 10:17:00+09:00,190950.0,190950.0,190800.0,190800.0,1162,0.0,0.0
2025-03-31 10:18:00+09:00,190700.0,191000.0,190700.0,190900.0,1277,0.0,0.0
2025-03-31 10:19:00+09:00,190900.0,190900.0,190800.0,190800.0,729,0.0,0.0
2025-03-31 10:20:00+09:00,190850.0,190900.0,190600.0,190800.0,1828,0.0,0.0
2025-03-31 10:21:00+09:00,190700.0,190900.0,190700.0,190800.0,688,0.0,0.0
2025-03-31 10:22:00+09:00,190800.0,190900.0,190800.0,190900.0,370,0.0,0.0
2025-03-31 10:23:00+09:00,190900.0,190900.0,190600.0,190700.0,950,0.0,0.0
2025-03-31 10:24:00+09:00,190700.0,191100.0,190700.0,190800.0,5159,0.0,0.0
2025-03-31 10:25:00+09:00,190800.0,191000.0,190800.0,191000.0,1192,0.0,0.0
2025-03-31 10:26:00+09:00,190800.0,190900.0,190700.0,190800.0,876,0.0,0.0
2025-03-31 10:27:00+09:00,190800.0,190900.0,190700.0,190800.0,541,0.0,0.0
2025-03-31 10:28:00+09:00,190800.0,190900.0,190800.0,190900.0,262,0.0,0.0
2025-03-31 10:29:00+09:00,190800.0,190900.0,190800.0,190900.0,956,0.0,0.0
2025-03-31 10:30:00+09:00,190800.0,190900.0,190700.0,190800.0,1106,0.0,0.0
2025-03-31 10:31:00+09:00,190800.0,190900.0,190600.0,190800.0,1848,0.0,0.0
2025-03-31 10:32:00+09:00,190800.0,190800.0,190400.0,190400.0,1708,0.0,0.0
2025-03-31 10:33:00+09:00,190400.0,190600.0,190300.0,190500.0,1227,0.0,0.0
2025-03-31 10:34:00+09:00,190600.0,190600.0,190500.0,190500.0,518,0.0,0.0
2025-03-31 10:35:00+09:00,190600.0,190600.0,190500.0,190600.0,238,0.0,0.0
2025-03-31 10:36:00+09:00,190600.0,190600.0,190500.0,190600.0,416,0.0,0.0
2025-03-31 10:37:00+09:00,190500.0,190600.0,190200.0,190200.0,1227,0.0,0.0
2025-03-31 10:38:00+09:00,190300.0,190400.0,190300.0,190400.0,273,0.0,0.0
2025-03-31 10:39:00+09:00,190400.0,190400.0,190300.0,190400.0,151,0.0,0.0
2025-03-31 10:40:00+09:00,190400.0,190400.0,190200.0,190200.0,1062,0.0,0.0
2025-03-31 10:41:00+09:00,190300.0,190300.0,190200.0,190200.0,636,0.0,0.0
2025-03-31 10:42:00+09:00,190200.0,190300.0,190200.0,190300.0,224,0.0,0.0
2025-03-31 10:43:00+09:00,190200.0,190300.0,190200.0,190300.0,343,0.0,0.0
2025-03-31 10:44:00+09:00,190300.0,190300.0,190100.0,190100.0,1259,0.0,0.0
2025-03-31 10:45:00+09:00,190200.0,190200.0,190000.0,190100.0,2504,0.0,0.0
2025-03-31 10:46:00+09:00,190100.0,190300.0,190100.0,190200.0,2076,0.0,0.0
2025-03-31 10:47:00+09:00,190200.0,190200.0,190100.0,190200.0,828,0.0,0.0
2025-03-31 10:48:00+09:00,190100.0,190200.0,190100.0,190200.0,121,0.0,0.0
2025-03-31 10:49:00+09:00,190100.0,190200.0,190100.0,190100.0,337,0.0,0.0
2025-03-31 10:50:00+09:00,190200.0,190300.0,190100.0,190200.0,989,0.0,0.0
2025-03-31 10:51:00+09:00,190200.0,190300.0,190200.0,190200.0,329,0.0,0.0
2025-03-31 10:52:00+09:00,190300.0,190300.0,190100.0,190200.0,1024,0.0,0.0
2025-03-31 10:53:00+09:00,190100.0,190200.0,190100.0,190200.0,258,0.0,0.0
2025-03-31 10:54:00+09:00,190100.0,190200.0,190100.0,190100.0,1630,0.0,0.0
2025-03-31 10:55:00+09:00,190100.0,190200.0,190000.0,190100.0,739,0.0,0.0
2025-03-31 10:56:00+09:00,190100.0,190200.0,190100.0,190100.0,734,0.0,0.0
2025-03-31 10:57:00+09:00,190100.0,190400.0,190100.0,190300.0,2844,0.0,0.0
2025-03-31 10:58:00+09:00,190300.0,190400.0,190300.0,190300.0,426,0.0,0.0
2025-03-31 10:59:00+09:00,190300.0,190300.0,190200.0,190200.0,327,0.0,0.0
2025-03-31 11:00:00+09:00,190300.0,190300.0,190200.0,190300.0,164,0.0,0.0
2025-03-31 11:01:00+09:00,190300.0,190300.0,190100.0,190200.0,1371,0.0,0.0
2025-03-31 11:02:00+09:00,190200.0,190200.0,190100.0,190200.0,273,0.0,0.0
2025-03-31 11:03:00+09:00,190100.0,190200.0,190100.0,190100.0,342,0.0,0.0
2025-03-31 11:04:00+09:00,190200.0,190200.0,190100.0,190200.0,408,0.0,0.0
2025-03-31 11:05:00+09:00,190200.0,190200.0,190100.0,190100.0,388,0.0,0.0
2025-03-31 11:06:00+09:00,190150.0,190200.0,190100.0,190100.0,400,0.0,0.0
2025-03-31 11:07:00+09:00,190100.0,190200.0,190000.0,190100.0,1803,0.0,0.0
2025-03-31 11:08:00+09:00,190000.0,190100.0,190000.0,190100.0,952,0.0,0.0
2025-03-31 11:09:00+09:00,190000.0,190100.0,190000.0,190100.0,294,0.0,0.0
2025-03-31 11:10:00+09:00,190000.0,190100.0,190000.0,190100.0,242,0.0,0.0
2025-03-31 11:11:00+09:00,190100.0,190100.0,190000.0,190000.0,757,0.0,0.0
2025-03-31 11:12:00+09:00,190000.0,190100.0,190000.0,190000.0,2374,0.0,0.0
2025-03-31 11:13:00+09:00,190000.0,190000.0,189900.0,189900.0,261,0.0,0.0
2025-03-31 11:14:00+09:00,189900.0,190000.0,189900.0,190000.0,545,0.0,0.0
2025-03-31 11:15:00+09:00,189900.0,190000.0,189900.0,189900.0,455,0.0,0.0
2025-03-31 11:16:00+09:00,190000.0,190000.0,189900.0,189900.0,514,0.0,0.0
2025-03-31 11:17:00+09:00,189900.0,190000.0,189900.0,189900.0,290,0.0,0.0
2025-03-31 11:18:00+09:00,189900.0,190000.0,189800.0,189900.0,4304,0.0,0.0
2025-03-31 11:19:00+09:00,189900.0,190000.0,189900.0,189900.0,435,0.0,0.0
2025-03-31 11:20:00+09:00,190000.0,190000.0,189900.0,189900.0,358,0.0,0.0
2025-03-31 11:21:00+09:00,190000.0,190000.0,189900.0,190000.0,331,0.0,0.0
2025-03-31 11:22:00+09:00,189900.0,190000.0,189900.0,189900.0,159,0.0,0.0
2025-03-31 11:23:00+09:00,189900.0,190000.0,189900.0,190000.0,218,0.0,0.0
2025-03-31 11:24:00+09:00,190000.0,190000.0,189900.0,189900.0,264,0.0,0.0
2025-03-31 11:25:00+09:00,189900.0,190000.0,189700.0,189800.0,2257,0.0,0.0
2025-03-31 11:26:00+09:00,189800.0,189800.0,189700.0,189700.0,650,0.0,0.0
2025-03-31 11:27:00+09:00,189800.0,189800.0,189700.0,189700.0,565,0.0,0.0
2025-03-31 11:28:00+09:00,189700.0,189800.0,189600.0,189800.0,2035,0.0,0.0
2025-03-31 11:29:00+09:00,189800.0,189800.0,189600.0,189800.0,361,0.0,0.0
2025-03-31 11:30:00+09:00,189800.0,190000.0,189800.0,189900.0,3676,0.0,0.0
2025-03-31 11:31:00+09:00,190000.0,190100.0,189900.0,189900.0,2011,0.0,0.0
2025-03-31 11:32:00+09:00,189900.0,190000.0,189900.0,190000.0,235,0.0,0.0
2025-03-31 11:33:00+09:00,189900.0,190000.0,189900.0,190000.0,592,0.0,0.0
2025-03-31 11:34:00+09:00,190000.0,190000.0,189900.0,190000.0,307,0.0,0.0
2025-03-31 11:35:00+09:00,190000.0,190000.0,189900.0,190000.0,332,0.0,0.0
2025-03-31 11:36:00+09:00,190000.0,190000.0,189900.0,190000.0,233,0.0,0.0
2025-03-31 11:37:00+09:00,190000.0,190000.0,189900.0,190000.0,564,0.0,0.0
2025-03-31 11:38:00+09:00,189900.0,190000.0,189900.0,190000.0,336,0.0,0.0
2025-03-31 11:39:00+09:00,190000.0,190000.0,189900.0,189900.0,119,0.0,0.0
2025-03-31 11:40:00+09:00,190000.0,190000.0,189900.0,190000.0,487,0.0,0.0
2025-03-31 11:41:00+09:00,189900.0,190000.0,189900.0,190000.0,275,0.0,0.0
2025-03-31 11:42:00+09:00,189900.0,190000.0,189900.0,189900.0,412,0.0,0.0
2025-03-31 11:43:00+09:00,189900.0,190000.0,189900.0,189900.0,342,0.0,0.0
2025-03-31 11:44:00+09:00,189900.0,190000.0,189900.0,190000.0,331,0.0,0.0
2025-03-31 11:45:00+09:00,190000.0,190300.0,190000.0,190200.0,3863,0.0,0.0
2025-03-31 11:46:00+09:00,190300.0,190300.0,190100.0,190200.0,775,0.0,0.0
2025-03-31 11:47:00+09:00,190200.0,190300.0,190100.0,190200.0,355,0.0,0.0
2025-03-31 11:48:00+09:00,190200.0,190300.0,190100.0,190100.0,507,0.0,0.0
2025-03-31 11:49:00+09:00,190100.0,190200.0,190100.0,190200.0,512,0.0,0.0
2025-03-31 11:50:00+09:00,190200.0,190200.0,190000.0,190100.0,545,0.0,0.0
2025-03-31 11:51:00+09:00,190000.0,190100.0,190000.0,190000.0,288,0.0,0.0
2025-03-31 11:52:00+09:00,190000.0,190100.0,190000.0,190100.0,338,0.0,0.0
2025-03-31 11:53:00+09:00,190000.0,190100.0,190000.0,190100.0,408,0.0,0.0
2025-03-31 11:54:00+09:00,190100.0,190100.0,190000.0,190100.0,517,0.0,0.0
2025-03-31 11:55:00+09:00,190100.0,190100.0,190000.0,190000.0,477,0.0,0.0
2025-03-31 11:56:00+09:00,190100.0,190200.0,190000.0,190200.0,612,0.0,0.0
2025-03-31 11:57:00+09:00,190200.0,190200.0,190100.0,190100.0,326,0.0,0.0
2025-03-31 11:58:00+09:00,190100.0,190200.0,190100.0,190100.0,233,0.0,0.0
2025-03-31 11:59:00+09:00,190100.0,190200.0,190100.0,190100.0,360,0.0,0.0
2025-03-31 12:00:00+09:00,190200.0,190200.0,190100.0,190100.0,236,0.0,0.0
2025-03-31 12:01:00+09:00,190100.0,190200.0,190100.0,190100.0,307,0.0,0.0
2025-03-31 12:02:00+09:00,190100.0,190200.0,190100.0,190200.0,614,0.0,0.0
2025-03-31 12:03:00+09:00,190100.0,190200.0,190100.0,190200.0,653,0.0,0.0
2025-03-31 12:04:00+09:00,190200.0,190300.0,190100.0,190300.0,1064,0.0,0.0
2025-03-31 12:05:00+09:00,190200.0,190300.0,190200.0,190200.0,371,0.0,0.0
2025-03-31 12:06:00+09:00,190300.0,190300.0,190200.0,190200.0,347,0.0,0.0
2025-03-31 12:07:00+09:00,190300.0,190300.0,190000.0,190100.0,3407,0.0,0.0
2025-03-31 12:08:00+09:00,190100.0,190100.0,190000.0,190100.0,383,0.0,0.0
2025-03-31 12:09:00+09:00,190100.0,190100.0,190000.0,190100.0,484,0.0,0.0
2025-03-31 12:10:00+09:00,190000.0,190100.0,190000.0,190000.0,258,0.0,0.0
2025-03-31 12:11:00+09:00,190100.0,190100.0,190000.0,190100.0,402,0.0,0.0
2025-03-31 12:12:00+09:00,190100.0,190100.0,190000.0,190100.0,342,0.0,0.0
2025-03-31 12:13:00+09:00,190100.0,190100.0,190000.0,190100.0,189,0.0,0.0
2025-03-31 12:14:00+09:00,190000.0,190100.0,190000.0,190100.0,326,0.0,0.0
2025-03-31 12:15:00+09:00,190100.0,190100.0,190000.0,190000.0,265,0.0,0.0
2025-03-31 12:16:00+09:00,190000.0,190100.0,189900.0,190000.0,1226,0.0,0.0
2025-03-31 12:17:00+09:00,190000.0,190000.0,189900.0,189900.0,255,0.0,0.0
2025-03-31 12:18:00+09:00,190000.0,190000.0,189900.0,189900.0,620,0.0,0.0
2025-03-31 12:19:00+09:00,190000.0,190000.0,189900.0,190000.0,361,0.0,0.0
2025-03-31 12:20:00+09:00,189900.0,190000.0,189900.0,190000.0,276,0.0,0.0
2025-03-31 12:21:00+09:00,190000.0,190000.0,189900.0,190000.0,440,0.0,0.0
2025-03-31 12:22:00+09:00,190000.0,190100.0,189900.0,190100.0,2666,0.0,0.0
2025-03-31 12:23:00+09:00,190100.0,190100.0,189900.0,189900.0,1023,0.0,0.0
2025-03-31 12:24:00+09:00,190000.0,190000.0,189900.0,190000.0,1607,0.0,0.0
2025-03-31 12:25:00+09:00,190000.0,190000.0,189900.0,189900.0,256,0.0,0.0
2025-03-31 12:26:00+09:00,189900.0,190000.0,189900.0,190000.0,145,0.0,0.0
2025-03-31 12:27:00+09:00,190000.0,190000.0,189900.0,190000.0,942,0.0,0.0
2025-03-31 12:28:00+09:00,190000.0,190000.0,189900.0,189900.0,292,0.0,0.0
2025-03-31 12:29:00+09:00,190000.0,190000.0,189900.0,190000.0,487,0.0,0.0
2025-03-31 12:30:00+09:00,190000.0,190000.0,189900.0,189900.0,2452,0.0,0.0
2025-03-31 12:31:00+09:00,189900.0,190200.0,189900.0,190200.0,2979,0.0,0.0
2025-03-31 12:32:00+09:00,190200.0,190200.0,190100.0,190200.0,1568,0.0,0.0
2025-03-31 12:33:00+09:00,190100.0,190300.0,190100.0,190200.0,1559,0.0,0.0
2025-03-31 12:34:00+09:00,190200.0,190300.0,190200.0,190300.0,1470,0.0,0.0
2025-03-31 12:35:00+09:00,190200.0,190400.0,190200.0,190400.0,448,0.0,0.0
2025-03-31 12:36:00+09:00,190300.0,190300.0,190000.0,190100.0,1616,0.0,0.0
2025-03-31 12:37:00+09:00,190100.0,190200.0,190000.0,190200.0,3081,0.0,0.0
2025-03-31 12:38:00+09:00,190100.0,190200.0,190000.0,190100.0,309,0.0,0.0
2025-03-31 12:39:00+09:00,190100.0,190100.0,190000.0,190000.0,1042,0.0,0.0
2025-03-31 12:40:00+09:00,190000.0,190100.0,190000.0,190000.0,1908,0.0,0.0
2025-03-31 12:41:00+09:00,190000.0,190100.0,190000.0,190000.0,155,0.0,0.0
2025-03-31 12:42:00+09:00,190000.0,190200.0,190000.0,190100.0,678,0.0,0.0
2025-03-31 12:43:00+09:00,190100.0,190200.0,190000.0,190100.0,1161,0.0,0.0
2025-03-31 12:44:00+09:00,190100.0,190200.0,190100.0,190100.0,164,0.0,0.0
2025-03-31 12:45:00+09:00,190200.0,190300.0,190100.0,190200.0,969,0.0,0.0
2025-03-31 12:46:00+09:00,190200.0,190300.0,190200.0,190200.0,659,0.0,0.0
2025-03-31 12:47:00+09:00,190200.0,190300.0,190100.0,190200.0,1266,0.0,0.0
2025-03-31 12:48:00+09:00,190200.0,190200.0,190000.0,190100.0,744,0.0,0.0
2025-03-31 12:49:00+09:00,190000.0,190200.0,190000.0,190100.0,1061,0.0,0.0
2025-03-31 12:50:00+09:00,190100.0,190200.0,190000.0,190000.0,428,0.0,0.0
2025-03-31 12:51:00+09:00,190100.0,190200.0,190000.0,190100.0,1380,0.0,0.0
2025-03-31 12:52:00+09:00,190000.0,190200.0,190000.0,190000.0,1917,0.0,0.0
2025-03-31 12:53:00+09:00,190100.0,190200.0,190000.0,190100.0,784,0.0,0.0
2025-03-31 12:54:00+09:00,190100.0,190200.0,190000.0,190000.0,227,0.0,0.0
2025-03-31 12:55:00+09:00,190100.0,190200.0,190000.0,190200.0,1260,0.0,0.0
2025-03-31 12:56:00+09:00,190100.0,190200.0,190100.0,190100.0,610,0.0,0.0
2025-03-31 12:57:00+09:00,190100.0,190200.0,190000.0,190200.0,822,0.0,0.0
2025-03-31 12:58:00+09:00,190200.0,190200.0,190100.0,190100.0,357,0.0,0.0
2025-03-31 12:59:00+09:00,190100.0,190100.0,190000.0,190000.0,1348,0.0,0.0
2025-03-31 13:00:00+09:00,190100.0,190100.0,190000.0,190000.0,1430,0.0,0.0
2025-03-31 13:01:00+09:00,190000.0,190200.0,190000.0,190100.0,3021,0.0,0.0
2025-03-31 13:02:00+09:00,190200.0,190300.0,190100.0,190300.0,1736,0.0,0.0
2025-03-31 13:03:00+09:00,190300.0,190300.0,190200.0,190200.0,708,0.0,0.0
2025-03-31 13:04:00+09:00,190200.0,190300.0,190200.0,190300.0,398,0.0,0.0
2025-03-31 13:05:00+09:00,190200.0,190500.0,190200.0,190500.0,4743,0.0,0.0
2025-03-31 13:06:00+09:00,190400.0,190700.0,190400.0,190700.0,2852,0.0,0.0
2025-03-31 13:07:00+09:00,190700.0,190900.0,190700.0,190800.0,1518,0.0,0.0
2025-03-31 13:08:00+09:00,190800.0,190900.0,190700.0,190700.0,417,0.0,0.0
2025-03-31 13:09:00+09:00,190800.0,190800.0,190600.0,190800.0,2479,0.0,0.0
2025-03-31 13:10:00+09:00,190800.0,190800.0,190600.0,190700.0,612,0.0,0.0
2025-03-31 13:11:00+09:00,190800.0,191000.0,190700.0,190900.0,1379,0.0,0.0
2025-03-31 13:12:00+09:00,191000.0,191000.0,190900.0,191000.0,417,0.0,0.0
2025-03-31 13:13:00+09:00,191000.0,191000.0,190800.0,191000.0,2586,0.0,0.0
2025-03-31 13:14:00+09:00,191000.0,191000.0,190900.0,191000.0,452,0.0,0.0
2025-03-31 13:15:00+09:00,191000.0,191000.0,190900.0,191000.0,708,0.0,0.0
2025-03-31 13:16:00+09:00,190900.0,191000.0,190900.0,191000.0,487,0.0,0.0
2025-03-31 13:17:00+09:00,190900.0,191100.0,190900.0,191000.0,1747,0.0,0.0
2025-03-31 13:18:00+09:00,191000.0,191100.0,190900.0,191100.0,942,0.0,0.0
2025-03-31 13:19:00+09:00,191000.0,191100.0,190900.0,190900.0,675,0.0,0.0
