Date,Open,High,Low,Close,Volume,Dividends,Stock Splits
2020-04-01 00:00:00+09:00,31058.169487126248,31555.89656224045,29863.62450685216,29963.169921875,3971475,0.0,0.0
2020-04-02 00:00:00+09:00,30261.805632961783,31257.259765625,29664.533153363853,31257.259765625,5218950,0.0,0.0
2020-04-03 00:00:00+09:00,31555.8955109127,31655.440922619047,30859.077628968254,31356.8046875,2728745,0.0,0.0
2020-04-06 00:00:00+09:00,31555.89839490849,32053.625498929126,31356.807553300234,31954.080078125,4039025,0.0,0.0
2020-04-07 00:00:00+09:00,32551.34912109375,32750.43994140625,31555.89501953125,31854.53125,4603990,0.0,0.0
2020-04-08 00:00:00+09:00,31655.4404296875,31954.07666015625,31456.349609375,31456.349609375,3691515,0.0,0.0
2020-04-09 00:00:00+09:00,32053.6220703125,32053.6220703125,31356.80419921875,31456.349609375,3634600,0.0,0.0
2020-04-10 00:00:00+09:00,31555.894058132762,32153.16650087345,31257.257836762423,32053.62109375,3766615,0.0,0.0
2020-04-13 00:00:00+09:00,32053.622569444444,32053.622569444444,31257.25927579365,31356.8046875,2351255,0.0,0.0
2020-04-14 00:00:00+09:00,31754.984375,31954.075186128528,31456.34815830721,31754.984375,2153795,0.0,0.0
2020-04-16 00:00:00+09:00,31655.44089879154,33248.167484894264,31555.895487160124,32949.53125,5027665,0.0,0.0
2020-04-17 00:00:00+09:00,33646.3486328125,34343.16650390625,33347.71240234375,34243.62109375,4738970,0.0,0.0
2020-04-20 00:00:00+09:00,34343.16746651786,35637.25783482143,34243.62205357143,34840.89453125,4296515,0.0,0.0
2020-04-21 00:00:00+09:00,35139.53224047365,35338.623074697294,33546.805566684474,34940.44140625,6160630,0.0,0.0
2020-04-22 00:00:00+09:00,34641.80177436441,35239.07421875,34144.07473737642,35239.07421875,3430730,0.0,0.0
2020-04-23 00:00:00+09:00,36134.98436447103,37130.438479194745,35935.89354152628,36931.34765625,7548995,0.0,0.0
2020-04-24 00:00:00+09:00,36732.25733222336,37528.62063481899,36234.530268101094,36433.62109375,5368420,0.0,0.0
2020-04-27 00:00:00+09:00,36433.62400220788,37229.98736837636,36134.9877398947,36632.71484375,3609815,0.0,0.0
2020-04-28 00:00:00+09:00,36931.35402238176,37130.44487964527,36134.990593327704,36831.80859375,3343190,0.0,0.0
2020-04-29 00:00:00+09:00,36632.71484375,37130.4419476053,36334.07858143682,36632.71484375,3297560,0.0,0.0
2020-05-04 00:00:00+09:00,36134.98721305295,37827.25934148794,35836.35095509383,37130.44140625,5097045,0.0,0.0
2020-05-06 00:00:00+09:00,37628.16365131579,39818.16259398496,37429.07283834586,39718.6171875,10179735,0.0,0.0
2020-05-07 00:00:00+09:00,39718.61676084648,41311.34324749697,39519.52595001517,41012.70703125,13148545,0.0,0.0
2020-05-08 00:00:00+09:00,41112.25243666566,41809.07027457524,40614.52540958738,41012.70703125,7027020,0.0,0.0
2020-05-11 00:00:00+09:00,41211.80224021085,42107.71098456326,41112.25682417169,41311.34765625,5242065,0.0,0.0
2020-05-12 00:00:00+09:00,41609.98096955128,43103.16210482226,41012.70851544289,42704.98046875,7815475,0.0,0.0
2020-05-13 00:00:00+09:00,42107.713743143766,43103.16796875,42107.713743143766,43103.16796875,5568040,0.0,0.0
2020-05-14 00:00:00+09:00,43003.61625,45392.706041666665,42605.43461805556,44795.43359375,7299065,0.0,0.0
2020-05-15 00:00:00+09:00,45492.25294511851,46089.5254126693,43003.617663656885,44098.6171875,7620415,0.0,0.0
2020-05-18 00:00:00+09:00,44098.61572044683,44894.978984021494,43501.34327276584,43999.0703125,3722665,0.0,0.0
2020-05-19 00:00:00+09:00,44098.61669921875,44297.70751953125,42605.435546875,43799.98046875,6544515,0.0,0.0
2020-05-20 00:00:00+09:00,44496.80069688175,46686.7998363256,44198.164450593955,46089.52734375,8869800,0.0,0.0
2020-05-21 00:00:00+09:00,47284.07421875,47781.801315789475,46686.80170230263,47284.07421875,7043685,0.0,0.0
2020-05-22 00:00:00+09:00,47284.070763221156,49474.06983014929,46786.34370255567,49175.43359375,9435320,0.0,0.0
2020-05-25 00:00:00+09:00,49971.79955690298,53754.52541977612,49573.617887126864,53356.34375,13268880,0.0,0.0
2020-05-26 00:00:00+09:00,54451.34133391204,55645.88629918981,51962.70598958334,53754.5234375,16371465,0.0,0.0
2020-05-27 00:00:00+09:00,52161.79639515355,53157.25052483205,51166.34226547505,51863.16015625,10079870,0.0,0.0
2020-05-28 00:00:00+09:00,51265.883405021064,53754.51852176966,50270.42935832163,53157.24609375,12475240,0.0,0.0
2020-05-29 00:00:00+09:00,52460.43359375,53256.796912061196,51265.888616283206,52460.43359375,8229110,0.0,0.0
2020-06-01 00:00:00+09:00,52460.43115234375,52958.158203125,51664.06787109375,52559.9765625,5418490,0.0,0.0
2020-06-02 00:00:00+09:00,52261.33885025289,52360.8842575867,51166.33936958092,51664.06640625,4894230,0.0,0.0
2020-06-03 00:00:00+09:00,51664.072441758515,52062.25411761022,49274.98238664829,49673.1640625,11511955,0.0,0.0
2020-06-04 00:00:00+09:00,49274.97612420029,51166.3388441191,49175.43071788878,50569.06640625,6144750,0.0,0.0
2020-06-05 00:00:00+09:00,50369.974586030876,50469.519990351095,49274.97513850847,49971.79296875,5036320,0.0,0.0
2020-06-08 00:00:00+09:00,50270.43357090643,51365.433114035084,49474.070266812865,51066.796875,7085390,0.0,0.0
2020-06-09 00:00:00+09:00,50867.70409964391,51664.06737321955,50270.43164446218,50668.61328125,4174310,0.0,0.0
2020-06-10 00:00:00+09:00,51066.79732228053,52460.43311665076,51066.79732228053,52161.796875,7877260,0.0,0.0
2020-06-11 00:00:00+09:00,52559.97558962264,53356.338856132075,51962.703139740566,52759.06640625,8622755,0.0,0.0
2020-06-12 00:00:00+09:00,51066.79729352679,53356.34181156015,50967.25187969925,52958.16015625,8444875,0.0,0.0
2020-06-15 00:00:00+09:00,52958.15974628713,53953.61387685644,49772.70652846535,50270.43359375,7746150,0.0,0.0
2020-06-16 00:00:00+09:00,51863.159658685836,52360.88671875,51365.43259862167,52360.88671875,4577280,0.0,0.0
2020-06-17 00:00:00+09:00,52062.250482711504,53356.34083887833,51365.43259862167,52360.88671875,5811020,0.0,0.0
2020-06-18 00:00:00+09:00,52659.5244233278,53157.2514972723,51863.1611050166,52460.43359375,4905720,0.0,0.0
2020-06-19 00:00:00+09:00,53256.796912061196,53654.978571216794,52161.797349383305,52460.43359375,4600630,0.0,0.0
2020-06-22 00:00:00+09:00,52460.43303062272,54949.06837363139,51863.16054830064,54550.88671875,10043280,0.0,0.0
2020-06-23 00:00:00+09:00,55546.34322269094,57537.25158192717,55148.161550843695,56044.0703125,10831335,0.0,0.0
2020-06-24 00:00:00+09:00,56044.06543141593,56541.79247787611,54749.975110619474,56243.15625,5406165,0.0,0.0
2020-06-25 00:00:00+09:00,55446.79296163479,56143.610826502736,54451.338868966304,54650.4296875,4501290,0.0,0.0
2020-06-26 00:00:00+09:00,55645.883780168486,55745.42918943534,53356.33936703097,54650.4296875,4063630,0.0,0.0
2020-06-29 00:00:00+09:00,53555.429191004674,54451.33785776869,52958.156746495326,53256.79296875,3894090,0.0,0.0
2020-06-30 00:00:00+09:00,54152.701635514015,54351.79245035047,53256.79296875,53256.79296875,3120445,0.0,0.0
2020-07-01 00:00:00+09:00,54053.15820674861,54749.976084183676,53256.79491825139,53654.9765625,2890115,0.0,0.0
2020-07-02 00:00:00+09:00,54451.339823226794,56840.4296875,54351.79441221541,56840.4296875,6892725,0.0,0.0
2020-07-03 00:00:00+09:00,57636.79440369898,59129.975605867345,56541.794855442175,58532.703125,8022465,0.0,0.0
2020-07-06 00:00:00+09:00,59329.06590578203,61220.428745060315,59129.97508059484,59826.79296875,6724255,0.0,0.0
2020-07-07 00:00:00+09:00,61021.33594379026,63310.88035929952,60523.60889694042,61817.69921875,7764100,0.0,0.0
2020-07-08 00:00:00+09:00,62116.3359375,65301.7890625,60722.7001953125,65301.7890625,9348315,0.0,0.0
2020-07-09 00:00:00+09:00,66695.42710530943,70776.7890625,66098.15462376934,70776.7890625,12317515,0.0,0.0
2020-07-10 00:00:00+09:00,69880.88034018988,73265.42440225036,68785.88079069972,70776.7890625,12834675,0.0,0.0
2020-07-13 00:00:00+09:00,71473.59652432529,71871.77812056108,68686.32535067471,70079.9609375,6958720,0.0,0.0
2020-07-14 00:00:00+09:00,67790.43691918731,68984.98206313775,67690.89149052478,68288.1640625,6062595,0.0,0.0
2020-07-15 00:00:00+09:00,68487.2387037037,69582.23815972221,66098.14898148148,67193.1484375,7437085,0.0,0.0
2020-07-16 00:00:00+09:00,66098.15032996895,66794.96817983307,63509.96974475931,64107.2421875,9707540,0.0,0.0
2020-07-17 00:00:00+09:00,63509.97072115385,65102.69725961539,62514.516634615386,64704.515625,6342935,0.0,0.0
2020-07-20 00:00:00+09:00,64704.518649193546,64704.518649193546,61718.15625,61718.15625,7672110,0.0,0.0
2020-07-21 00:00:00+09:00,64405.88037109375,64903.607421875,62016.79052734375,62912.69921875,8383150,0.0,0.0
2020-07-22 00:00:00+09:00,61817.69779997052,64007.69675584709,60921.78913620283,63310.87890625,5796490,0.0,0.0
2020-07-23 00:00:00+09:00,63012.2488500569,65600.4296875,62713.6125995827,65600.4296875,6302175,0.0,0.0
2020-07-24 00:00:00+09:00,64704.514156394456,66297.2406587057,64107.24171802773,64604.96875,4538215,0.0,0.0
2020-07-27 00:00:00+09:00,63908.15284025651,65600.424800201,63808.60743084801,65003.15234375,3016610,0.0,0.0
2020-07-28 00:00:00+09:00,66098.15677162368,66894.52010622155,65401.33885385053,65600.4296875,4365315,0.0,0.0
2020-07-29 00:00:00+09:00,65500.89005938914,66297.25346436651,64704.52665441176,65998.6171875,3092175,0.0,0.0
2020-07-30 00:00:00+09:00,66894.51957831325,67093.61041039157,65998.61083396085,66098.15625,3079360,0.0,0.0
2020-07-31 00:00:00+09:00,66894.52183406113,68487.24854439592,66794.97641466522,68387.703125,5394185,0.0,0.0
2020-08-03 00:00:00+09:00,69184.06191299521,72867.2421875,69084.51650017076,72867.2421875,8184015,0.0,0.0
2020-08-04 00:00:00+09:00,75355.88947423987,76450.8891891892,71871.79947212838,73663.6171875,8573210,0.0,0.0
2020-08-05 00:00:00+09:00,72867.2397520243,73862.6938469973,72170.42188554318,73763.1484375,5379395,0.0,0.0
2020-08-06 00:00:00+09:00,71374.05523480425,74161.32656893886,71174.96442522321,72469.0546875,9244490,0.0,0.0
2020-08-07 00:00:00+09:00,73265.42492917847,73663.60658640227,69781.33542847025,70279.0625,9495555,0.0,0.0
2020-08-10 00:00:00+09:00,68885.42762464887,71374.06301571277,67989.51888386587,70876.3359375,5431955,0.0,0.0
2020-08-11 00:00:00+09:00,69980.41701019503,71075.41642287234,69184.05380097518,70179.5078125,3751425,0.0,0.0
2020-08-12 00:00:00+09:00,69383.14895612642,70975.875474488,69184.05814133122,70478.1484375,3647170,0.0,0.0
2020-08-13 00:00:00+09:00,71473.6059509362,72668.1508971914,70975.87888999653,71772.2421875,5589295,0.0,0.0
2020-08-14 00:00:00+09:00,71871.77786637931,72867.23185344828,71274.50547413793,72170.4140625,4129010,0.0,0.0
2020-08-18 00:00:00+09:00,73962.23782655424,77545.87249917327,73165.87456597222,75256.328125,15160185,0.0,0.0
2020-08-19 00:00:00+09:00,76550.42988462815,76649.9753071049,74061.79432270916,74957.703125,6796330,0.0,0.0
2020-08-20 00:00:00+09:00,74858.15397805213,76251.7898233882,71573.15519975995,72568.609375,8433700,0.0,0.0
2020-08-21 00:00:00+09:00,73663.6171875,74360.4351879223,72070.8903293919,73663.6171875,5107300,0.0,0.0
2020-08-24 00:00:00+09:00,74559.51605674342,76152.24270148027,73165.88024259868,75654.515625,4848240,0.0,0.0
2020-08-25 00:00:00+09:00,76550.42730889107,76649.97272801837,75057.24602198163,75853.609375,4438665,0.0,0.0
2020-08-26 00:00:00+09:00,75754.05712890625,78441.783203125,75256.330078125,78043.6015625,6755145,0.0,0.0
2020-08-27 00:00:00+09:00,78939.50978227772,82224.50829780755,78839.9643727162,81726.78125,9909200,0.0,0.0
2020-08-28 00:00:00+09:00,82324.04673050246,82821.77373612823,79636.3209001233,80731.3203125,7534980,0.0,0.0
2020-08-31 00:00:00+09:00,81726.78666308353,83717.69498617935,79835.42375614251,81029.96875,8148755,0.0,0.0
2020-09-01 00:00:00+09:00,82324.0587250934,82821.78580323786,79636.33250311333,79934.96875,5503680,0.0,0.0
2020-09-02 00:00:00+09:00,80731.32379209647,82124.95946791566,79934.96054877124,82025.4140625,4608275,0.0,0.0
2020-09-03 00:00:00+09:00,82722.24177782012,82821.78719512194,80432.69717987804,81627.2421875,3696075,0.0,0.0
2020-09-04 00:00:00+09:00,77645.41802705225,80532.23485113496,77545.87261932525,80034.5078125,5842645,0.0,0.0
2020-09-07 00:00:00+09:00,79934.96435546875,79934.96435546875,77844.5107421875,78043.6015625,4644695,0.0,0.0
2020-09-08 00:00:00+09:00,78342.2397636218,79337.69389022436,75754.05903445513,77645.421875,5102695,0.0,0.0
2020-09-09 00:00:00+09:00,75953.14794921875,77247.23828125,75455.4208984375,76450.875,4677865,0.0,0.0
2020-09-10 00:00:00+09:00,78043.59808690014,78939.50673840792,76450.87159533074,76749.5078125,4683540,0.0,0.0
2020-09-11 00:00:00+09:00,76052.68646932718,76450.86807387864,74758.59625453496,75455.4140625,3964200,0.0,0.0
2020-09-14 00:00:00+09:00,75057.23975066934,75256.33057228915,73464.51317771085,74360.421875,4151155,0.0,0.0
2020-09-15 00:00:00+09:00,73862.70099245406,76649.97272801837,73464.51931594488,75853.609375,4300190,0.0,0.0
2020-09-16 00:00:00+09:00,76450.87798408489,76550.42339812666,75057.2421875,75057.2421875,2428715,0.0,0.0
2020-09-17 00:00:00+09:00,74360.42236986186,74459.96778133423,73464.51366661051,73862.6953125,3088510,0.0,0.0
2020-09-18 00:00:00+09:00,73464.51945794236,75057.24616705764,72867.24694202413,74260.8828125,2476355,0.0,0.0
2020-09-21 00:00:00+09:00,73962.24522033607,74459.97230795611,72469.063957476,72568.609375,2651275,0.0,0.0
2020-09-22 00:00:00+09:00,71871.78912889518,73464.51575779037,69880.8808427762,70279.0625,4401590,0.0,0.0
2020-09-23 00:00:00+09:00,71374.05956096102,73066.33154497264,70279.06004189467,72767.6953125,4651970,0.0,0.0
2020-09-24 00:00:00+09:00,71871.77812056108,71971.32351962003,69880.87013938211,70079.9609375,3818190,0.0,0.0
2020-09-25 00:00:00+09:00,70876.33054765292,71274.51217994309,68984.96779427453,69980.421875,2248505,0.0,0.0
2020-09-28 00:00:00+09:00,70975.8802718496,74061.7881097561,70478.15320121951,73464.515625,3373525,0.0,0.0
2020-09-29 00:00:00+09:00,74559.51772548011,74659.06314300411,72469.063957476,72568.609375,3060270,0.0,0.0
2020-10-05 00:00:00+09:00,71772.24024755397,73763.1484375,71274.51320006748,73763.1484375,2611140,0.0,0.0
2020-10-06 00:00:00+09:00,74360.42951343382,76351.33793414154,73663.61156618611,75953.15625,3826695,0.0,0.0
2020-10-07 00:00:00+09:00,75256.32765275953,75953.1455013962,74858.14602496715,75754.0546875,1991425,0.0,0.0
2020-10-08 00:00:00+09:00,76351.32267274076,77048.14048070581,75455.4140625,75455.4140625,3123290,0.0,0.0
2020-10-12 00:00:00+09:00,76251.79475100942,76251.79475100942,73862.70457604306,73962.25,2358120,0.0,0.0
2020-10-13 00:00:00+09:00,74459.96286962366,75057.23529905915,73962.23584509408,74061.78125,1511585,0.0,0.0
2020-10-14 00:00:00+09:00,73663.60498643148,74659.05910786975,72867.24168928087,73364.96875,1665040,0.0,0.0
2020-10-15 00:00:00+09:00,73265.41988950277,73364.96529696132,71672.69337016575,72070.875,2112830,0.0,0.0
2020-10-16 00:00:00+09:00,71871.78662587413,72070.87744755246,70677.2416958042,71174.96875,2002025,0.0,0.0
2020-10-19 00:00:00+09:00,71274.51664305948,72170.42537181303,70079.9716713881,70279.0625,1812010,0.0,0.0
2020-10-20 00:00:00+09:00,69283.59920212766,70279.05321365249,67690.87278368794,70179.5078125,3799865,0.0,0.0
2020-10-21 00:00:00+09:00,69880.87453589108,71871.78264232673,69880.87453589108,70378.6015625,2581410,0.0,0.0
2020-10-22 00:00:00+09:00,69980.42235628581,70079.96776504298,68785.87745119985,69482.6953125,1881900,0.0,0.0
2020-10-23 00:00:00+09:00,69383.146875,69681.78308823529,67690.875,67690.875,3112960,0.0,0.0
2020-10-26 00:00:00+09:00,67093.61093987101,67889.97427446888,65301.79343702579,65600.4296875,3573610,0.0,0.0
2020-10-27 00:00:00+09:00,64604.973088978295,68387.6987860217,64604.973088978295,66496.3359375,4063050,0.0,0.0
2020-10-28 00:00:00+09:00,66794.97730654762,68984.9765625,66695.43188582252,68984.9765625,3147835,0.0,0.0
2020-10-29 00:00:00+09:00,68089.07320517492,68785.89120581267,67392.25520453717,68288.1640625,2457730,0.0,0.0
2020-10-30 00:00:00+09:00,68288.15745738636,68487.24829545454,65699.9765625,65699.9765625,2768740,0.0,0.0
2020-11-02 00:00:00+09:00,65799.51949037744,66794.97364303065,65301.792414050826,66595.8828125,1599280,0.0,0.0
2020-11-03 00:00:00+09:00,66595.88085066865,67491.78956166419,66098.15378900446,66994.0625,2018930,0.0,0.0
2020-11-04 00:00:00+09:00,67790.43032858137,71871.79250695411,67690.88490959666,71573.15625,7155130,0.0,0.0
2020-11-05 00:00:00+09:00,71473.60545798898,73364.96827651515,70279.06051997245,72269.96875,5306835,0.0,0.0
2020-11-06 00:00:00+09:00,73066.33057101889,75754.05662744601,72767.69434252699,73763.1484375,6577860,0.0,0.0
2020-11-09 00:00:00+09:00,74659.06796769852,74858.15881561238,73165.88660834455,73962.25,2968675,0.0,0.0
2020-11-10 00:00:00+09:00,71174.97218442766,71971.33550956812,70478.15427492978,70876.3359375,5525500,0.0,0.0
2020-11-11 00:00:00+09:00,69980.42575377988,71374.06154404009,69184.06244505977,70776.7890625,3569215,0.0,0.0
2020-11-12 00:00:00+09:00,71672.69580419581,72568.60450174825,70677.2416958042,71174.96875,2776395,0.0,0.0
2020-11-13 00:00:00+09:00,70677.24168519152,72867.24072332421,70677.24168519152,72767.6953125,2691030,0.0,0.0
2020-11-16 00:00:00+09:00,73862.69233425414,73962.23774171271,71573.14796270718,72070.875,2789935,0.0,0.0
2020-11-17 00:00:00+09:00,71274.5117403315,72668.14744475139,70876.33011049723,72070.875,2261375,0.0,0.0
2020-11-18 00:00:00+09:00,71672.69579343365,73364.96777744529,71573.15038260944,72767.6953125,2422465,0.0,0.0
2020-11-19 00:00:00+09:00,73165.87695579686,73962.24024239056,72767.6953125,72767.6953125,2150600,0.0,0.0
2020-11-20 00:00:00+09:00,72966.78613414842,73265.42236662107,72070.8774367305,72767.6953125,1336330,0.0,0.0
2020-11-23 00:00:00+09:00,73364.95649906335,73464.50189458446,72668.13873041554,73066.3203125,1815980,0.0,0.0
2020-11-24 00:00:00+09:00,72966.79236134383,75057.24616705764,72966.79236134383,74260.8828125,3248775,0.0,0.0
2020-11-25 00:00:00+09:00,75156.77361844346,75156.77361844346,72867.22952145776,73066.3203125,3516395,0.0,0.0
2020-11-26 00:00:00+09:00,73165.8707073028,74559.50633982287,72966.77990265709,74459.9609375,2697850,0.0,0.0
2020-11-27 00:00:00+09:00,74758.60990909852,75156.79158637735,73862.70113522118,74260.8828125,1679180,0.0,0.0
2020-11-30 00:00:00+09:00,74260.8838952106,74459.97473675272,73265.4296875,73265.4296875,2724950,0.0,0.0
2020-12-01 00:00:00+09:00,73564.06147780374,74659.06103971963,73464.51606308411,74559.515625,2263615,0.0,0.0
2020-12-02 00:00:00+09:00,74758.60990909852,74758.60990909852,73862.70113522118,74260.8828125,2202500,0.0,0.0
2020-12-03 00:00:00+09:00,74260.87013285428,74459.9609375,73464.50691427139,74459.9609375,2321855,0.0,0.0
2020-12-04 00:00:00+09:00,74459.9672657253,78143.14746469833,73862.69480102696,77545.875,7808725,0.0,0.0
2020-12-07 00:00:00+09:00,78640.88504464286,78640.88504464286,75754.0677455357,76649.9765625,4473715,0.0,0.0
2020-12-08 00:00:00+09:00,77147.69640771027,77247.2418224299,74459.97021028037,74559.515625,3843000,0.0,0.0
2020-12-09 00:00:00+09:00,74659.0625,75256.33499999999,74260.88083333333,74659.0625,2899525,0.0,0.0
2020-12-10 00:00:00+09:00,73862.6938469973,75256.3295799595,73165.8759805162,73763.1484375,4092785,0.0,0.0
2020-12-11 00:00:00+09:00,74459.97021028037,75654.51518691589,74260.87938084113,74559.515625,2192025,0.0,0.0
2020-12-14 00:00:00+09:00,74957.69433985943,75853.6030371486,74161.33105338019,74360.421875,2401440,0.0,0.0
2020-12-15 00:00:00+09:00,74360.42236986186,74758.60401575135,73464.51366661051,73862.6953125,1965785,0.0,0.0
2020-12-16 00:00:00+09:00,74360.41746471774,74659.05367943548,73862.69044018818,74061.78125,1346265,0.0,0.0
2020-12-17 00:00:00+09:00,74459.96976626017,74459.96976626017,73364.97021087399,73464.515625,2275655,0.0,0.0
2020-12-18 00:00:00+09:00,73464.50189458446,73564.04729010559,72767.68412593665,73066.3203125,2137165,0.0,0.0
2020-12-21 00:00:00+09:00,73066.33341567853,75654.51416337286,73066.33341567853,75554.96875,4099395,0.0,0.0
2020-12-22 00:00:00+09:00,75654.51171875,77545.87451171875,74758.60302734375,74858.1484375,4382580,0.0,0.0
2020-12-23 00:00:00+09:00,75853.59908940397,76749.50774006623,75057.23584437087,75156.78125,3149760,0.0,0.0
2020-12-24 00:00:00+09:00,75355.86955840576,75654.50576537433,74061.77932820856,74459.9609375,2325660,0.0,0.0
2020-12-28 00:00:00+09:00,74559.51907045912,75057.24616705764,73564.06487726206,74260.8828125,3232320,0.0,0.0
2020-12-29 00:00:00+09:00,75884.12052990898,76780.38967002601,75286.60776983095,76581.21875,4287020,30.0,0.0
2020-12-30 00:00:00+09:00,76581.21575136392,78473.33941752247,76382.04483913671,77577.0703125,4065710,0.0,0.0
2021-01-04 00:00:00+09:00,78075.00378787878,78971.27296401515,76780.39275568182,78871.6875,4268700,0.0,0.0
2021-01-05 00:00:00+09:00,78274.1640625,78772.09131480598,77079.13865696565,78274.1640625,3742795,0.0,0.0
2021-01-06 00:00:00+09:00,78672.51609908344,81660.08000158028,78572.93063566688,78772.1015625,7178575,0.0,0.0
2021-01-07 00:00:00+09:00,80066.71141304348,80365.46779891304,78274.17309782609,80166.296875,3875955,0.0,0.0
2021-01-08 00:00:00+09:00,82257.59778225806,86838.52937788019,80564.64480126728,86440.1875,12333575,0.0,0.0
2021-01-11 00:00:00+09:00,87834.37856995034,92216.13895212472,85444.32745240067,90224.4296875,15788735,0.0,0.0
2021-01-12 00:00:00+09:00,88830.22213114754,91618.61475409835,86241.00040983607,91120.6875,7889360,0.0,0.0
2021-01-13 00:00:00+09:00,91319.87121837185,92016.9694719472,89527.33285203521,90523.1875,4032010,0.0,0.0
2021-01-14 00:00:00+09:00,90423.59918327795,92216.13749307863,89626.91549003322,89925.671875,4010380,0.0,0.0
2021-01-15 00:00:00+09:00,90025.25971428571,91419.45621428572,86938.11032142857,87137.28125,4978630,0.0,0.0
2021-01-18 00:00:00+09:00,86340.59586074561,87933.96325840644,85045.9848501462,85145.5703125,4199920,0.0,0.0
2021-01-19 00:00:00+09:00,85245.15213068182,88531.47224786931,85245.15213068182,87635.203125,2919985,0.0,0.0
2021-01-20 00:00:00+09:00,89228.57432432432,89626.91617398648,87037.69415118243,88431.890625,2981700,0.0,0.0
2021-01-21 00:00:00+09:00,90124.83738298458,91817.79012940529,90025.25192731277,90423.59375,3395465,0.0,0.0
2021-01-22 00:00:00+09:00,90821.94411447084,94805.36271598272,90124.84585920625,92216.140625,5811975,0.0,0.0
2021-01-25 00:00:00+09:00,94008.68109820486,94705.7793690602,91618.62988384372,94307.4375,3600850,0.0,0.0
2021-01-26 00:00:00+09:00,95402.87354257051,95402.87354257051,91718.21141201194,91817.796875,4061330,0.0,0.0
2021-01-27 00:00:00+09:00,92216.14250672043,95004.53558467742,91817.80063844087,92614.484375,3599070,0.0,0.0
2021-01-28 00:00:00+09:00,90423.5975709607,93311.57590747817,90025.25573144105,91220.28125,4609060,0.0,0.0
2021-01-29 00:00:00+09:00,91618.6224489796,91718.20790816327,86838.52040816327,87834.375,5350465,0.0,0.0
2021-02-01 00:00:00+09:00,86838.52088052095,88232.7173166761,84647.64076656285,87933.9609375,4550505,0.0,0.0
2021-02-02 00:00:00+09:00,89626.90972222222,91021.10609567902,88332.29880401235,88730.640625,3314525,0.0,0.0
2021-02-03 00:00:00+09:00,89726.49545961851,92016.9609375,89029.39727069806,92016.9609375,3790485,0.0,0.0
2021-02-04 00:00:00+09:00,92216.14040154015,92216.14040154015,89427.74738723872,90523.1875,2584185,0.0,0.0
2021-02-05 00:00:00+09:00,91021.11529876373,91817.79902129121,89128.99145776099,90622.7734375,2042080,0.0,0.0
2021-02-08 00:00:00+09:00,90622.7597613512,92016.956065372,89626.90525847922,91021.1015625,2580575,0.0,0.0
2021-02-09 00:00:00+09:00,91618.62594902386,93112.40789384491,90124.84400420282,91817.796875,3677825,0.0,0.0
2021-02-10 00:00:00+09:00,92813.64750383043,97693.33497989019,92813.64750383043,97494.1640625,9072415,0.0,0.0
2021-02-15 00:00:00+09:00,99386.28414467131,100581.30960532869,97992.08777390438,99983.796875,5262740,0.0,0.0
2021-02-16 00:00:00+09:00,100382.1423881323,103369.70614968384,99485.87325966683,102373.8515625,5380240,0.0,0.0
2021-02-17 00:00:00+09:00,102573.01763568271,102573.01763568271,100182.9667393173,101377.9921875,2812860,0.0,0.0
2021-02-18 00:00:00+09:00,100780.48743138723,102971.36759293913,99784.6328125,99784.6328125,2334610,0.0,0.0
2021-02-19 00:00:00+09:00,98987.94422743056,100780.48245287698,97593.74782986111,100382.140625,3478320,0.0,0.0
2021-02-22 00:00:00+09:00,100581.31426796636,101577.1688646789,97593.75047782874,97693.3359375,3204965,0.0,0.0
2021-02-23 00:00:00+09:00,95900.79435639117,98091.67439360883,95004.52525025667,96996.234375,3327085,0.0,0.0
2021-02-24 00:00:00+09:00,96996.2451161563,98091.68525607181,94108.26656546991,94307.4375,3336045,0.0,0.0
2021-02-25 00:00:00+09:00,95203.70149638802,96498.3125,94307.43234004127,96498.3125,2812745,0.0,0.0
2021-02-26 00:00:00+09:00,99087.53790183146,99983.8070888832,95701.63208408044,97195.4140625,8086380,0.0,0.0
2021-03-02 00:00:00+09:00,99386.28972215157,100382.14432858596,97593.75143056968,97892.5078125,4610170,0.0,0.0
2021-03-03 00:00:00+09:00,97693.33878704406,98589.60795022796,97195.41147416412,98290.8515625,2641605,0.0,0.0
2021-03-04 00:00:00+09:00,97095.81496369294,97593.74221991701,95801.20409751037,96000.375,3474450,0.0,0.0
2021-03-05 00:00:00+09:00,93411.15039477176,94407.00487659236,92216.12501658704,93809.4921875,3563165,0.0,0.0
2021-03-08 00:00:00+09:00,94008.67015418502,94506.59743254405,90423.59375,90423.59375,3407620,0.0,0.0
2021-03-09 00:00:00+09:00,89328.1568877551,89925.66964285714,86539.76403061225,87834.375,5343350,0.0,0.0
2021-03-10 00:00:00+09:00,90124.85075577446,92514.90204653532,89427.75246263586,91618.6328125,4498345,0.0,0.0
2021-03-11 00:00:00+09:00,91718.2053023878,96498.30720739823,91021.1071079071,95402.8671875,4640455,0.0,0.0
2021-03-12 00:00:00+09:00,97394.57827117984,97593.74918788981,95004.52727066008,95801.2109375,2175315,0.0,0.0
2021-03-15 00:00:00+09:00,95602.03810020877,96000.37992562632,94008.67079853863,95402.8671875,1729905,0.0,0.0
2021-03-16 00:00:00+09:00,95801.20901291755,96597.89266375262,95203.69627479123,95402.8671875,1354265,0.0,0.0
2021-03-17 00:00:00+09:00,95402.8806056701,97792.9318943299,95203.70966494846,96597.90625,2019765,0.0,0.0
2021-03-18 00:00:00+09:00,97294.9934660517,100382.14269578314,96797.06617093374,99187.1171875,3858485,0.0,0.0
2021-03-19 00:00:00+09:00,97294.98824555839,98987.94095812184,96398.71916243655,98091.671875,2584905,0.0,0.0
2021-03-22 00:00:00+09:00,98191.25877720142,98888.35696324646,97195.40422570851,98390.4296875,1575175,0.0,0.0
2021-03-23 00:00:00+09:00,98788.77599388378,100182.97242928133,96697.48134078746,97693.3359375,1899820,0.0,0.0
2021-03-24 00:00:00+09:00,96896.64595242632,97992.0859375,96000.37687372968,97992.0859375,1442815,0.0,0.0
2021-03-25 00:00:00+09:00,97593.76095360825,97792.9318943299,96000.39342783505,96597.90625,1942655,0.0,0.0
2021-03-26 00:00:00+09:00,97195.41287878787,98589.609375,96797.07102272728,98589.609375,1922735,0.0,0.0
2021-03-29 00:00:00+09:00,98788.77307692307,98888.35853365384,96597.89302884616,97095.8203125,1745565,0.0,0.0
2021-03-30 00:00:00+09:00,97593.75332446808,98987.9498005319,97494.1678618921,98290.8515625,1555365,0.0,0.0
2021-03-31 00:00:00+09:00,98390.43351531125,100581.31361383032,97792.92076116968,99187.1171875,2515180,0.0,0.0
2021-04-01 00:00:00+09:00,99585.45998246493,100382.14366232466,97992.09262274549,99386.2890625,2062115,0.0,0.0
2021-04-02 00:00:00+09:00,101178.82927894212,101178.82927894212,99386.29096494512,99784.6328125,1493205,0.0,0.0
2021-04-05 00:00:00+09:00,100182.96778510956,100581.30960532869,99585.45505478088,99983.796875,1552000,0.0,0.0
2021-04-06 00:00:00+09:00,100780.4818761489,108548.14747529871,100581.31096335019,108348.9765625,8624790,0.0,0.0
2021-04-07 00:00:00+09:00,108348.98247232471,108348.98247232471,104763.90584640221,107950.640625,4104480,0.0,0.0
2021-04-08 00:00:00+09:00,107353.12578410127,111734.88602018704,106357.27118499087,109145.6640625,4562570,0.0,0.0
2021-04-09 00:00:00+09:00,110340.69130824372,111734.8877688172,109743.17853942653,111137.375,3944195,0.0,0.0
2021-04-12 00:00:00+09:00,111137.375,111137.375,111137.375,111137.375,0,0.0,0.0
2021-04-13 00:00:00+09:00,111137.375,111137.375,111137.375,111137.375,0,0.0,0.0
2021-04-14 00:00:00+09:00,111137.375,111137.375,111137.375,111137.375,0,0.0,0.0
2021-04-15 00:00:00+09:00,120000.4765625,131950.7314898859,117510.8401192946,120000.4765625,17115015,0.0,5.0
2021-04-16 00:00:00+09:00,115021.21185661765,120000.48509716387,115021.21185661765,118506.703125,13709555,0.0,0.0
2021-04-19 00:00:00+09:00,119502.55777310925,121494.26706932773,117012.92115283613,118506.703125,5441693,0.0,0.0
2021-04-20 00:00:00+09:00,118506.68991893304,120498.39899320083,117510.83538179916,119004.6171875,2952174,0.0,0.0
2021-04-21 00:00:00+09:00,119004.63357388772,119004.63357388772,116514.99688824153,117510.8515625,4461636,0.0,0.0
2021-04-22 00:00:00+09:00,117510.84135638298,119004.62323803191,117012.9140625,117012.9140625,2279180,0.0,0.0
2021-04-23 00:00:00+09:00,116017.05947473405,118008.76865026596,114025.35029920212,117012.9140625,2473720,0.0,0.0
2021-04-26 00:00:00+09:00,117510.8515625,117510.8515625,117012.92422537076,117510.8515625,1729458,0.0,0.0
2021-04-27 00:00:00+09:00,118008.76446759258,123983.8917824074,118008.76446759258,120996.328125,5332544,0.0,0.0
2021-04-28 00:00:00+09:00,120996.32626176778,121494.25353033472,118506.68991893304,119004.6171875,2276272,0.0,0.0
2021-04-29 00:00:00+09:00,119502.5560897436,120000.48340678419,115021.2102363782,116514.9921875,3445462,0.0,0.0
2021-04-30 00:00:00+09:00,116514.99118942732,116514.99118942732,112531.57268722467,113029.5,4405688,0.0,0.0
2021-05-03 00:00:00+09:00,112033.63468886462,115519.12554585152,109543.99836244542,114025.34375,2832622,0.0,0.0
2021-05-04 00:00:00+09:00,113029.49397997836,115519.13041125542,111535.71212121213,115021.203125,2228466,0.0,0.0
2021-05-06 00:00:00+09:00,114523.28125,117012.91779891304,113029.49932065218,114523.28125,3234424,0.0,0.0
2021-05-07 00:00:00+09:00,115021.19828056768,116514.98007641922,113527.41648471616,114025.34375,2040844,0.0,0.0
2021-05-10 00:00:00+09:00,115021.2055158944,116017.06010910562,114025.3509226832,115519.1328125,1898994,0.0,0.0
2021-05-11 00:00:00+09:00,114523.27101528384,116514.98007641922,114025.34375,114025.34375,1875600,0.0,0.0
2021-05-12 00:00:00+09:00,114523.27952157079,115021.2068238385,111535.7157079646,112531.5703125,2558482,0.0,0.0
2021-05-13 00:00:00+09:00,108548.15082762556,110539.86001712328,107552.2962328767,109046.078125,4201490,0.0,0.0
2021-05-14 00:00:00+09:00,109046.07572391054,111037.78486955275,107552.2938646789,108548.1484375,2276082,0.0,0.0
2021-05-17 00:00:00+09:00,108548.15554298642,110539.86481900452,108548.15554298642,110041.9375,1656454,0.0,0.0
2021-05-18 00:00:00+09:00,111037.7884056969,114025.3522193031,110539.8611034292,112531.5703125,1585701,0.0,0.0
2021-05-20 00:00:00+09:00,112033.64537444935,115021.20925110133,111535.71806167401,113029.5,2135101,0.0,0.0
2021-05-21 00:00:00+09:00,115519.1375534188,118506.70145566239,114025.355602297,116514.9921875,3018548,0.0,0.0
2021-05-24 00:00:00+09:00,116017.0546875,117510.83650751073,115021.20014082619,116017.0546875,1715308,0.0,0.0
2021-05-25 00:00:00+09:00,116514.99688824153,117510.8515625,115519.14221398305,117510.8515625,1777001,0.0,0.0
2021-05-26 00:00:00+09:00,118008.7626503661,119502.54445606694,117012.90811323222,119004.6171875,2308405,0.0,0.0
2021-05-27 00:00:00+09:00,119502.555,124481.828125,119004.6276875,124481.828125,7398732,0.0,0.0
2021-05-28 00:00:00+09:00,124481.82953381147,124979.75685194672,120000.48367059426,121494.265625,3685820,0.0,0.0
2021-05-31 00:00:00+09:00,121494.27032520325,122490.125,120000.48831300813,122490.125,2299358,0.0,0.0
2021-06-01 00:00:00+09:00,122988.04023129921,126473.53125,122490.11294291339,126473.53125,3573808,0.0,0.0
2021-06-02 00:00:00+09:00,127469.38582677166,128963.16769192913,125477.67667322834,126473.53125,2597446,0.0,0.0
2021-06-03 00:00:00+09:00,126971.45612030633,127967.31067811266,125477.67428359685,125975.6015625,1737466,0.0,0.0
2021-06-04 00:00:00+09:00,125477.68586189517,125477.68586189517,122490.12191280242,123485.9765625,2668254,0.0,0.0
2021-06-07 00:00:00+09:00,124481.82508680555,126473.53428819444,124481.82508680555,125477.6796875,1905198,0.0,0.0
2021-06-08 00:00:00+09:00,126473.53064202335,127967.3125,125975.60335603113,127967.3125,2248373,0.0,0.0
2021-06-09 00:00:00+09:00,127967.31489219962,129461.09677810078,127967.31489219962,128465.2421875,1936747,0.0,0.0
2021-06-10 00:00:00+09:00,129461.10252808989,134440.3757022472,128963.17521067415,132946.59375,5564011,0.0,0.0
2021-06-11 00:00:00+09:00,133942.4422855166,135934.15146448338,131452.80581180812,134938.296875,3674400,0.0,0.0
2021-06-14 00:00:00+09:00,135436.22631578948,142407.20855263158,135436.22631578948,141909.28125,6240394,0.0,0.0
2021-06-15 00:00:00+09:00,142905.14532871972,143901.0,139917.5813148789,143901.0,4950329,0.0,0.0
2021-06-16 00:00:00+09:00,143403.0576923077,145394.76682692306,141909.27584134616,142407.203125,4996272,0.0,0.0
2021-06-17 00:00:00+09:00,141411.37162162163,148880.28209459462,139917.58952702704,147386.5,5408889,0.0,0.0
2021-06-18 00:00:00+09:00,149378.1804435484,156847.08946572582,148880.25317540322,154357.453125,7706345,0.0,0.0
2021-06-21 00:00:00+09:00,154855.38039314517,158838.79853830647,151369.88951612904,154357.453125,8324948,0.0,0.0
2021-06-22 00:00:00+09:00,157345.03596698114,158340.890625,154855.39932193398,158340.890625,4662042,0.0,0.0
2021-06-23 00:00:00+09:00,161826.3919616519,169295.30235988201,160332.6098820059,168797.375,9078797,0.0,0.0
2021-06-24 00:00:00+09:00,171286.99084394905,172282.84544187898,154855.38997810512,156349.171875,18408195,0.0,0.0
2021-06-25 00:00:00+09:00,154357.4585355987,158838.80410598707,149876.11296521037,153859.53125,12271446,0.0,0.0
2021-06-28 00:00:00+09:00,153859.52585685483,156847.08946572582,153361.5985887097,154357.453125,5141409,0.0,0.0
2021-06-29 00:00:00+09:00,155353.33742088606,157345.046875,153859.55533030062,157345.046875,3938542,0.0,0.0
2021-06-30 00:00:00+09:00,158340.89378834356,164316.0218558282,156847.11177147238,162324.3125,7305590,0.0,0.0
2021-07-01 00:00:00+09:00,163320.152734375,164813.9346191406,158838.8070800781,159336.734375,4630280,0.0,0.0
2021-07-02 00:00:00+09:00,157842.95787617555,160830.52174764892,155353.32131661443,158838.8125,4407703,0.0,0.0
2021-07-05 00:00:00+09:00,159834.6629677548,161328.4448646497,155851.24457603504,156349.171875,4506967,0.0,0.0
2021-07-06 00:00:00+09:00,156847.09375,158340.8755952381,156349.16646825397,156847.09375,2045164,0.0,0.0
2021-07-07 00:00:00+09:00,157842.95720108695,162822.23029891303,157842.95720108695,160332.59375,4413394,0.0,0.0
2021-07-08 00:00:00+09:00,160830.53048312882,163818.09451687118,160332.60314417176,162324.3125,4121257,0.0,0.0
2021-07-09 00:00:00+09:00,160830.51080607477,161328.43808411216,157842.94713785048,159834.65625,3795528,0.0,0.0
2021-07-12 00:00:00+09:00,160332.58294753087,161826.36477623458,157345.01929012345,161328.4375,3248064,0.0,0.0
2021-07-13 00:00:00+09:00,161826.3756793478,162822.23029891303,159834.66644021738,160332.59375,3859736,0.0,0.0
2021-07-14 00:00:00+09:00,160830.51022376542,163818.07388117284,160332.58294753087,161328.4375,3352019,0.0,0.0
2021-07-15 00:00:00+09:00,161328.44905956113,161328.44905956113,157842.95787617555,158838.8125,3821843,0.0,0.0
2021-07-16 00:00:00+09:00,157842.9537718949,158838.80836982484,156349.171875,156349.171875,3423188,0.0,0.0
2021-07-19 00:00:00+09:00,154855.4070616883,154855.4070616883,153361.625,153361.625,3475792,0.0,0.0
2021-07-20 00:00:00+09:00,150871.9789268092,152365.76089638157,148382.34231085525,151369.90625,6652856,0.0,0.0
2021-07-21 00:00:00+09:00,152365.74245689655,154855.37877155174,143900.978987069,144398.90625,10409836,0.0,0.0
2021-07-22 00:00:00+09:00,143900.99851694916,147386.48983050848,141909.28919491527,146888.5625,5759268,0.0,0.0
2021-07-23 00:00:00+09:00,147884.41100543478,152863.68410326086,146888.55638586957,148880.265625,5249906,0.0,0.0
2021-07-26 00:00:00+09:00,150871.9811440678,152365.76313559324,145892.70783898307,146888.5625,4071898,0.0,0.0
2021-07-27 00:00:00+09:00,146888.57263513515,148382.35472972973,144896.86317567568,147386.5,3357695,0.0,0.0
2021-07-28 00:00:00+09:00,146390.64527027027,148880.28209459462,145892.7179054054,147386.5,2716816,0.0,0.0
2021-07-29 00:00:00+09:00,147884.421875,148382.34922138046,146888.56718223906,147884.421875,1766172,0.0,0.0
2021-07-30 00:00:00+09:00,148382.31834608843,148880.24558886056,146390.609375,146390.609375,2057332,0.0,0.0
2021-08-02 00:00:00+09:00,146390.62018407535,147884.40202268836,144398.91106592465,145394.765625,2172117,0.0,0.0
2021-08-03 00:00:00+09:00,145394.77170138888,145892.6990017361,142407.20789930556,143403.0625,2697098,0.0,0.0
2021-08-04 00:00:00+09:00,143900.99252717392,149378.1929347826,143403.0652173913,148880.265625,3136752,0.0,0.0
2021-08-05 00:00:00+09:00,149378.1826761745,150871.96450293623,147884.40084941275,148382.328125,2254087,0.0,0.0
2021-08-06 00:00:00+09:00,148880.2621348797,148880.2621348797,144398.91645189002,144896.84375,4155669,0.0,0.0
2021-08-09 00:00:00+09:00,144896.86317567568,148382.35472972973,143403.0810810811,147386.5,3017396,0.0,0.0
2021-08-10 00:00:00+09:00,147386.48506825938,147884.41238267918,143900.99386732082,145892.703125,2074409,0.0,0.0
2021-08-11 00:00:00+09:00,144896.84440104166,146888.55360243056,143403.0625,143403.0625,1754472,0.0,0.0
2021-08-12 00:00:00+09:00,145394.7805084746,147386.48983050848,143403.07118644068,146888.5625,2950088,0.0,0.0
2021-08-13 00:00:00+09:00,146888.547463613,146888.547463613,143900.983786387,145394.765625,2285992,0.0,0.0
2021-08-17 00:00:00+09:00,145394.7618838028,146888.54368397887,140415.4892165493,141411.34375,3322347,0.0,0.0
2021-08-18 00:00:00+09:00,141411.35266323024,145892.69834621993,140913.42536512026,144896.84375,2720552,0.0,0.0
2021-08-19 00:00:00+09:00,143403.06655290103,148382.33969709897,143403.06655290103,145892.703125,2813914,0.0,0.0
2021-08-20 00:00:00+09:00,145892.6990017361,148382.33550347222,142407.20789930556,143403.0625,2776813,0.0,0.0
2021-08-23 00:00:00+09:00,145394.78514309763,147884.421875,143901.00310395623,147884.421875,2678395,0.0,0.0
2021-08-24 00:00:00+09:00,149378.1826761745,149876.10995176175,147386.4735738255,148382.328125,2032632,0.0,0.0
2021-08-25 00:00:00+09:00,148382.32222682118,152863.6675289735,147884.3949710265,150374.03125,2900928,0.0,0.0
2021-08-26 00:00:00+09:00,150871.97486413043,151867.82948369565,146888.55638586957,148880.265625,2360164,0.0,0.0
2021-08-27 00:00:00+09:00,148382.34843749998,149378.203125,146390.6390625,149378.203125,1430634,0.0,0.0
2021-08-30 00:00:00+09:00,151369.89603960395,152365.75061881187,149876.11417079208,150871.96875,1628144,0.0,0.0
2021-08-31 00:00:00+09:00,151867.8167842742,154357.453125,150374.0349798387,154357.453125,3078357,0.0,0.0
2021-09-01 00:00:00+09:00,154357.4797077922,155353.3344155844,153361.625,153361.625,2011434,0.0,0.0
2021-09-02 00:00:00+09:00,153859.52585685483,155353.30766129034,152863.67132056452,154357.453125,1649156,0.0,0.0
2021-09-03 00:00:00+09:00,154855.37984225238,156847.08890774762,153859.5253095048,155851.234375,1934669,0.0,0.0
2021-09-06 00:00:00+09:00,155353.317926045,155851.24522709002,151867.8268187299,154855.390625,1883428,0.0,0.0
2021-09-07 00:00:00+09:00,154855.4070616883,155353.3344155844,152863.6976461039,153361.625,1072249,0.0,0.0
2021-09-08 00:00:00+09:00,150871.96891922381,150871.96891922381,135934.15021435017,137925.859375,16920382,0.0,0.0
2021-09-09 00:00:00+09:00,133444.5126459144,133942.4399319066,127469.38521400778,127967.3125,14534253,0.0,0.0
2021-09-10 00:00:00+09:00,126473.53004807692,132946.5847355769,125477.67548076923,129461.09375,9918050,0.0,0.0
2021-09-13 00:00:00+09:00,125975.59971134538,129461.0906124498,121992.18153865461,123983.890625,8675498,0.0,0.0
2021-09-14 00:00:00+09:00,121992.19458795362,125477.68586189517,117510.84866431452,123485.9765625,18895148,0.0,0.0
2021-09-15 00:00:00+09:00,122988.03421556123,126971.45232780612,121494.2524234694,121992.1796875,9078817,0.0,0.0
2021-09-16 00:00:00+09:00,122490.10995370371,124481.81905864198,120498.40084876544,120996.328125,4770936,0.0,0.0
2021-09-17 00:00:00+09:00,120996.32626176778,120996.32626176778,117510.83538179916,119004.6171875,4807631,0.0,0.0
2021-09-23 00:00:00+09:00,116017.06317934782,117510.84510869565,113527.42663043478,114523.28125,6314773,0.0,0.0
2021-09-24 00:00:00+09:00,115519.12630753138,120498.39899320083,115519.12630753138,119004.6171875,5327603,0.0,0.0
2021-09-27 00:00:00+09:00,119502.5546875,121992.19124348958,119004.62737630209,119502.5546875,3635942,0.0,0.0
2021-09-28 00:00:00+09:00,120000.47782579788,120996.33241356384,117012.9140625,117012.9140625,3445583,0.0,0.0
2021-09-29 00:00:00+09:00,114523.27286748927,117012.90923417383,114025.34559415237,116017.0546875,3172350,0.0,0.0
2021-09-30 00:00:00+09:00,114523.28753972458,120000.4882481462,114025.36020259534,117510.8515625,4649917,0.0,0.0
2021-10-01 00:00:00+09:00,117510.83650751073,119502.54560085837,115519.1274141631,116017.0546875,2329103,0.0,0.0
2021-10-05 00:00:00+09:00,114025.35043637388,115519.13231981982,110041.93208051802,110539.859375,4885065,0.0,0.0
2021-10-06 00:00:00+09:00,112033.64301023229,115519.13412610619,111535.7157079646,112531.5703125,4610915,0.0,0.0
2021-10-07 00:00:00+09:00,114523.27177039748,119004.6171875,114523.27177039748,119004.6171875,5146917,0.0,0.0
2021-10-08 00:00:00+09:00,120996.33241356384,120996.33241356384,117012.9140625,117012.9140625,3930836,0.0,0.0
2021-10-12 00:00:00+09:00,116514.99118942732,118008.77312775332,112531.57268722467,113029.5,3810466,0.0,0.0
2021-10-13 00:00:00+09:00,113527.4282852564,118008.7741386218,113527.4282852564,116514.9921875,2731883,0.0,0.0
2021-10-14 00:00:00+09:00,118008.76446759258,121494.25540123456,118008.76446759258,120996.328125,3891958,0.0,0.0
2021-10-15 00:00:00+09:00,122490.12026127048,122988.04757940573,119502.55635245901,121494.265625,2331425,0.0,0.0
2021-10-18 00:00:00+09:00,122490.10995370371,122490.10995370371,120000.47357253086,120996.328125,1831322,0.0,0.0
2021-10-19 00:00:00+09:00,122490.10772058823,126971.453125,120996.32591911765,126971.453125,4075027,0.0,0.0
2021-10-20 00:00:00+09:00,128963.17254638672,129959.02716064453,126473.53601074219,127469.390625,4959740,0.0,0.0
2021-10-21 00:00:00+09:00,127967.3179321289,129461.09985351562,126971.4633178711,127469.390625,2297507,0.0,0.0
2021-10-22 00:00:00+09:00,127469.38039215686,128963.16219362745,124979.74405637255,126971.453125,1985417,0.0,0.0
2021-10-25 00:00:00+09:00,125975.60698784722,126971.46158854166,122988.04318576389,125477.6796875,2309608,0.0,0.0
2021-10-26 00:00:00+09:00,125477.67132352942,127469.38039215686,125477.67132352942,126971.453125,1265299,0.0,0.0
2021-10-27 00:00:00+09:00,127469.38521400778,128465.23978599222,125975.60335603113,127967.3125,1449071,0.0,0.0
2021-10-28 00:00:00+09:00,128465.24103585657,129461.09561752988,124481.82270916335,124979.75,1783396,0.0,0.0
2021-10-29 00:00:00+09:00,124979.75,125975.60458167331,122490.11354581673,124979.75,1891355,0.0,0.0
2021-11-01 00:00:00+09:00,125477.67729083665,126473.53187250996,124481.82270916335,124979.75,1081519,0.0,0.0
2021-11-02 00:00:00+09:00,125477.68139648438,127967.3179321289,125477.68139648438,127469.390625,1642378,0.0,0.0
2021-11-03 00:00:00+09:00,127469.38152610441,127967.30879769076,122988.0360818273,123983.890625,2937805,0.0,0.0
2021-11-04 00:00:00+09:00,125477.67548076923,129959.02103365384,124979.74819711538,129461.09375,6001098,0.0,0.0
2021-11-05 00:00:00+09:00,130456.94892996109,130456.94892996109,125975.60335603113,127967.3125,2810726,0.0,0.0
2021-11-08 00:00:00+09:00,127967.3193125,127967.3193125,122490.118875,124481.828125,4026899,0.0,0.0
2021-11-09 00:00:00+09:00,123983.89541832669,126473.53187250996,123983.89541832669,124979.75,1990889,0.0,0.0
2021-11-10 00:00:00+09:00,124979.75853704636,126971.46783644153,122988.04923765121,123485.9765625,1598893,0.0,0.0
2021-11-11 00:00:00+09:00,122490.11354581673,124979.75,120996.33167330678,124979.75,1955371,0.0,0.0
2021-11-12 00:00:00+09:00,125477.67667322834,127469.38582677166,123983.89480807087,126473.53125,2100660,0.0,0.0
2021-11-15 00:00:00+09:00,126473.53300629844,128963.16948280038,126473.53300629844,128465.2421875,1714170,0.0,0.0
2021-11-16 00:00:00+09:00,128465.23492647058,129461.08946078432,126473.52585784314,126971.453125,1591390,0.0,0.0
2021-11-17 00:00:00+09:00,127469.39199999999,128465.246625,124481.828125,124481.828125,1675657,0.0,0.0
2021-11-18 00:00:00+09:00,124481.81789658635,125477.67243975903,122490.10881024096,123983.890625,1543924,0.0,0.0
2021-11-19 00:00:00+09:00,124481.8220964567,126971.45853838584,123983.89480807087,126473.53125,1512294,0.0,0.0
2021-11-22 00:00:00+09:00,126473.53064202335,128465.23978599222,124979.7487840467,127967.3125,2213290,0.0,0.0
2021-11-23 00:00:00+09:00,126971.45425451807,127469.38152610441,123485.96335341365,123983.890625,1981200,0.0,0.0
2021-11-24 00:00:00+09:00,123983.890625,124979.74516817268,122988.0360818273,123983.890625,1589036,0.0,0.0
2021-11-25 00:00:00+09:00,124481.82678222656,127967.3179321289,123983.89947509766,127469.390625,2906344,0.0,0.0
2021-11-26 00:00:00+09:00,126971.45916334662,127967.31374501991,124481.82270916335,124979.75,1679040,0.0,0.0
2021-11-29 00:00:00+09:00,122490.125,124979.76168699187,121494.27032520325,122490.125,2031484,0.0,0.0
2021-11-30 00:00:00+09:00,123485.97489754097,123983.90221567622,120996.33830686475,121494.265625,3807209,0.0,0.0
2021-12-01 00:00:00+09:00,120996.32515943878,122988.03421556123,120498.39789540817,121992.1796875,1482581,0.0,0.0
2021-12-02 00:00:00+09:00,120996.32515943878,122490.10695153062,119502.54336734694,121992.1796875,2028101,0.0,0.0
2021-12-03 00:00:00+09:00,121494.25721153845,123485.96634615384,120996.32992788461,122988.0390625,1488902,0.0,0.0
2021-12-06 00:00:00+09:00,121992.19605501034,121992.19605501034,120000.48673166323,120498.4140625,1477396,0.0,0.0
2021-12-07 00:00:00+09:00,120996.33113978215,121494.25842842323,119502.54927385892,120000.4765625,1218740,0.0,0.0
2021-12-08 00:00:00+09:00,120996.34139333678,122988.0507166839,120000.48673166323,120498.4140625,2288195,0.0,0.0
2021-12-09 00:00:00+09:00,120000.47063137755,121992.1796875,119502.54336734694,121992.1796875,2338843,0.0,0.0
2021-12-10 00:00:00+09:00,121494.2524234694,121992.1796875,120498.39789540817,121992.1796875,974383,0.0,0.0
2021-12-13 00:00:00+09:00,122490.1185546875,122490.1185546875,119502.5546875,119502.5546875,1405089,0.0,0.0
2021-12-14 00:00:00+09:00,118008.765625,118506.69290611814,116514.98378164557,118008.765625,1718411,0.0,0.0
2021-12-15 00:00:00+09:00,117012.91106276371,118506.69290611814,116514.98378164557,118008.765625,1070223,0.0,0.0
2021-12-16 00:00:00+09:00,119004.6171875,120000.47172463388,118008.7626503661,119004.6171875,1168717,0.0,0.0
2021-12-17 00:00:00+09:00,117510.84135638298,118506.69594414895,117012.9140625,117012.9140625,1265074,0.0,0.0
2021-12-20 00:00:00+09:00,116017.0614283739,116514.98873064159,112531.5703125,112531.5703125,2989796,0.0,0.0
2021-12-21 00:00:00+09:00,112033.63468886462,114523.27101528384,112033.63468886462,114025.34375,1366889,0.0,0.0
2021-12-22 00:00:00+09:00,114523.27101528384,115021.19828056768,113029.48921943232,114025.34375,1036505,0.0,0.0
2021-12-23 00:00:00+09:00,114025.3522193031,114523.27952157079,112531.5703125,112531.5703125,1113550,0.0,0.0
2021-12-24 00:00:00+09:00,112531.56195414848,114523.27101528384,112033.63468886462,114025.34375,1484508,0.0,0.0
2021-12-27 00:00:00+09:00,113527.4249170354,114025.3522193031,112531.5703125,112531.5703125,1116701,0.0,0.0
2021-12-28 00:00:00+09:00,112531.57268722467,113527.42731277534,112531.57268722467,113029.5,2370856,0.0,0.0
2021-12-29 00:00:00+09:00,115074.94068667763,117067.58035224781,113580.4609375,113580.4609375,1791503,53.0,0.0
2021-12-30 00:00:00+09:00,113580.45624999999,114078.61614583332,112085.9765625,112085.9765625,1223078,0.0,0.0
2022-01-04 00:00:00+09:00,113580.45571748879,114078.61561098656,110591.49635650225,111089.65625,2396207,0.0,0.0
2022-01-05 00:00:00+09:00,110591.50125888626,110591.50125888626,104613.58227191943,105111.7421875,5108428,0.0,0.0
2022-01-06 00:00:00+09:00,102122.78398437501,102620.94390625,99532.352390625,99631.984375,7120428,0.0,0.0
2022-01-07 00:00:00+09:00,99631.984375,101126.464140625,99432.72040625001,99631.984375,3962672,0.0,0.0
2022-01-10 00:00:00+09:00,99631.97949016563,100130.13938761647,94849.64447463768,96244.4921875,5377749,0.0,0.0
2022-01-11 00:00:00+09:00,95646.71052631579,96842.29440789475,94152.2306743421,94650.390625,4382380,0.0,0.0
2022-01-12 00:00:00+09:00,95746.33723154578,98237.13684735082,95746.33723154578,96842.2890625,3354459,0.0,0.0
2022-01-13 00:00:00+09:00,97141.18871994571,97838.61263896071,95845.97287034644,96344.1328125,2519096,0.0,0.0
2022-01-14 00:00:00+09:00,94849.65335463258,94949.28534345048,93255.54153354632,93554.4375,2685014,0.0,0.0
2022-01-17 00:00:00+09:00,92558.1171875,93952.96502455598,91661.42929224973,92558.1171875,2589273,0.0,0.0
2022-01-18 00:00:00+09:00,92558.11758661685,94052.59741847827,91661.4296875,91661.4296875,1650829,0.0,0.0
2022-01-19 00:00:00+09:00,88074.66520326327,90067.3046875,86978.71348693308,90067.3046875,4587643,0.0,0.0
2022-01-20 00:00:00+09:00,90465.84056744311,92358.84824451516,88473.20090736728,91960.3203125,3004684,0.0,0.0
2022-01-21 00:00:00+09:00,90764.74015352668,93753.69976341231,90266.58021854574,91462.1640625,2954607,0.0,0.0
2022-01-24 00:00:00+09:00,90565.4690625,91761.0528125,89369.8853125,89668.78125,2021697,0.0,0.0
2022-01-25 00:00:00+09:00,89967.68073095035,90366.20866331336,87177.98520440925,87277.6171875,2844579,0.0,0.0
2022-01-26 00:00:00+09:00,87277.6171875,87277.6171875,87277.6171875,87277.6171875,0,0.0,0.0
2022-01-27 00:00:00+09:00,86679.8309813862,87177.99092955509,82296.0234375,82296.0234375,3793749,0.0,0.0
2022-01-28 00:00:00+09:00,82495.2838235294,85284.9794117647,81897.49191176471,84687.1875,2958280,0.0,0.0
2022-02-03 00:00:00+09:00,86779.45204171563,87975.035766745,84786.8125,84786.8125,3118696,0.0,0.0
2022-02-04 00:00:00+09:00,84786.81355840986,87177.98103831802,84189.02168843283,86779.453125,1870626,0.0,0.0
2022-02-07 00:00:00+09:00,86978.72452947444,87676.1484375,84687.18883167613,87676.1484375,2224116,0.0,0.0
2022-02-08 00:00:00+09:00,87676.1484375,87676.1484375,87676.1484375,87676.1484375,0,0.0,0.0
2022-02-09 00:00:00+09:00,87676.1484375,87676.1484375,87676.1484375,87676.1484375,0,0.0,0.0
2022-02-10 00:00:00+09:00,86580.1908290378,89070.99033505155,85683.50300687285,86978.71875,3401352,0.0,0.0
2022-02-11 00:00:00+09:00,86978.72386177754,93255.53898582334,84986.08413985824,91362.53125,7012496,0.0,0.0
2022-02-14 00:00:00+09:00,89967.6829075169,90465.84283502253,87177.98731348537,88473.203125,4002853,0.0,0.0
2022-02-15 00:00:00+09:00,88871.7268898641,90665.1025445923,87576.51113922708,87975.0390625,2250253,0.0,0.0
2022-02-16 00:00:00+09:00,89868.05308079434,91761.0608507889,89270.26115342764,91561.796875,2468864,0.0,0.0
2022-02-17 00:00:00+09:00,91561.79392591059,91761.05789528145,88871.73033940398,90266.578125,2851978,0.0,0.0
2022-02-18 00:00:00+09:00,88871.7215536105,92159.57672319475,88373.56167943108,91063.625,2232912,0.0,0.0
2022-02-21 00:00:00+09:00,91063.625,91063.625,91063.625,91063.625,0,0.0,0.0
2022-02-22 00:00:00+09:00,91063.625,91063.625,91063.625,91063.625,0,0.0,0.0
2022-02-23 00:00:00+09:00,91063.625,91063.625,91063.625,91063.625,0,0.0,0.0
2022-02-24 00:00:00+09:00,90764.73302083333,91462.156875,88971.35739583333,89668.78125,2176721,0.0,0.0
2022-02-25 00:00:00+09:00,91761.05047503972,94650.37779727225,91462.15454515361,94052.5859375,3690345,0.0,0.0
2022-02-28 00:00:00+09:00,94052.5859375,94052.5859375,94052.5859375,94052.5859375,0,0.0,0.0
2022-03-02 00:00:00+09:00,94052.59338929696,95347.80918809024,93554.43346668416,94949.28125,2173330,0.0,0.0
2022-03-03 00:00:00+09:00,95746.33229004918,96941.91604393117,94949.27645412784,96244.4921875,1738057,0.0,0.0
2022-03-04 00:00:00+09:00,96244.4921875,96244.4921875,96244.4921875,96244.4921875,0,0.0,0.0
2022-03-07 00:00:00+09:00,93056.27417098799,93155.90615618177,91262.8984375,91262.8984375,1950179,0.0,0.0
2022-03-08 00:00:00+09:00,89668.77544788274,93654.05435667753,89270.24755700325,91761.046875,1774311,0.0,0.0
2022-03-10 00:00:00+09:00,91761.046875,91761.046875,91761.046875,91761.046875,0,0.0,0.0
2022-03-11 00:00:00+09:00,91761.046875,91761.046875,91761.046875,91761.046875,0,0.0,0.0
2022-03-14 00:00:00+09:00,102122.7740036232,104613.57336956522,101624.61413043478,103119.09375,3656814,0.0,0.0
2022-03-15 00:00:00+09:00,103119.09375,103119.09375,103119.09375,103119.09375,0,0.0,0.0
2022-03-16 00:00:00+09:00,103119.09375,103119.09375,103119.09375,103119.09375,0,0.0,0.0
2022-03-17 00:00:00+09:00,103119.09375,103119.09375,103119.09375,103119.09375,0,0.0,0.0
2022-03-18 00:00:00+09:00,107104.38328052995,108598.86304723502,105609.90351382489,108100.703125,2993197,0.0,0.0
2022-03-21 00:00:00+09:00,108100.703125,108100.703125,108100.703125,108100.703125,0,0.0,0.0
2022-03-22 00:00:00+09:00,104115.4228286385,107602.54225352113,104115.4228286385,106108.0625,2052237,0.0,0.0
2022-03-23 00:00:00+09:00,107104.38233568076,108100.70217136151,104115.4228286385,106108.0625,2310401,0.0,0.0
2022-03-24 00:00:00+09:00,104613.5859375,105111.74587053571,102620.94620535713,104613.5859375,2071398,0.0,0.0
2022-03-25 00:00:00+09:00,105609.90580357143,106606.22566964285,103617.26607142857,104613.5859375,1944089,0.0,0.0
2022-03-28 00:00:00+09:00,104613.5859375,105111.74587053571,102122.78627232142,104613.5859375,1534357,0.0,0.0
2022-03-29 00:00:00+09:00,105609.90210308057,106108.06201866113,104115.42235633887,105111.7421875,1318977,0.0,0.0
2022-03-30 00:00:00+09:00,106606.22241784038,107602.54225352113,105609.90258215963,106108.0625,1115413,0.0,0.0
2022-03-31 00:00:00+09:00,105609.90258215963,107104.38233568076,105111.74266431926,106108.0625,1065806,0.0,0.0
2022-04-01 00:00:00+09:00,105111.74631485848,106108.0661851415,104613.58637971697,105609.90625,1163804,0.0,0.0
2022-04-04 00:00:00+09:00,105111.7421875,105609.90210308057,103617.26244075829,105111.7421875,1276251,0.0,0.0
2022-04-05 00:00:00+09:00,106108.06297238372,107602.54273255814,105609.90305232558,107104.3828125,1617662,0.0,0.0
2022-04-06 00:00:00+09:00,105111.74587053571,106108.06573660714,103617.26607142857,104613.5859375,1529617,0.0,0.0
2022-04-07 00:00:00+09:00,102620.94305242742,103119.10297015765,99532.3515625,99532.3515625,2885845,0.0,0.0
2022-04-08 00:00:00+09:00,99631.98341836734,100130.14333545919,96144.86399872448,97639.34375,2929790,0.0,0.0
2022-04-11 00:00:00+09:00,96742.65528062565,96742.65528062565,94251.85571109358,94750.015625,2061220,0.0,0.0
2022-04-12 00:00:00+09:00,93056.27143663655,94750.01513516206,91761.05566717588,93753.6953125,1909946,0.0,0.0
2022-04-13 00:00:00+09:00,94650.38165448852,95845.96542275575,94251.85373173277,95447.4375,1403239,0.0,0.0
2022-04-14 00:00:00+09:00,96045.23188735692,96144.86387064256,94152.22420492976,95746.3359375,1299995,0.0,0.0
2022-04-15 00:00:00+09:00,94650.37834119497,96344.12195361636,93355.16263757861,95048.90625,1080260,0.0,0.0
2022-04-18 00:00:00+09:00,94152.2179141287,94550.74582064354,93654.05803098518,94052.5859375,774064,0.0,0.0
2022-04-19 00:00:00+09:00,94650.38364221872,96144.86338393796,94550.75165943743,94750.015625,836819,0.0,0.0
2022-04-20 00:00:00+09:00,95746.33545281283,95845.96743559411,94251.85571109358,94750.015625,880905,0.0,0.0
2022-04-21 00:00:00+09:00,94750.01885516827,94750.01885516827,92757.37913161058,93255.5390625,1809576,0.0,0.0
2022-04-22 00:00:00+09:00,91860.69366508152,92059.95764266305,91063.63775475544,91661.4296875,1553904,0.0,0.0
2022-04-25 00:00:00+09:00,90067.3145206243,91262.89834169454,89270.25863991081,89369.890625,1511408,0.0,0.0
2022-04-26 00:00:00+09:00,89469.51895094235,91362.52659021619,89369.88696992795,89868.046875,1368258,0.0,0.0
2022-04-27 00:00:00+09:00,87277.6160209276,88572.83178379525,87277.6160209276,88074.671875,1390581,0.0,0.0
2022-04-28 00:00:00+09:00,89369.8873005319,89469.5192819149,87775.77559840425,88971.359375,1216554,0.0,0.0
2022-04-29 00:00:00+09:00,88971.36432842046,90067.31618464961,88373.57240684093,89569.15625,1110597,0.0,0.0
2022-05-02 00:00:00+09:00,88074.67053264605,88572.83043384881,86679.82280927835,86978.71875,1726505,0.0,0.0
2022-05-03 00:00:00+09:00,86978.72089512712,88871.72856638419,86679.8249470339,88174.3046875,1435047,0.0,0.0
2022-05-04 00:00:00+09:00,88273.93302317416,91561.78831636236,87975.03708742978,88672.4609375,1865993,0.0,0.0
2022-05-06 00:00:00+09:00,86181.6693542408,86281.30134193356,83790.50164961447,83989.765625,3592237,0.0,0.0
2022-05-10 00:00:00+09:00,81698.23190789473,83989.76768092105,81598.59991776316,83292.34375,2390050,0.0,0.0
2022-05-11 00:00:00+09:00,83491.59925717213,85085.7109375,82993.43935706967,85085.7109375,1367542,0.0,0.0
2022-05-12 00:00:00+09:00,83391.95910780669,83690.85501858736,80303.36802973978,80403.0,2971934,0.0,0.0
2022-05-13 00:00:00+09:00,80403.00914005194,81598.59291908618,80004.48121370721,81498.9609375,1528530,0.0,0.0
2022-05-16 00:00:00+09:00,82993.44486634264,83989.76473268529,81797.86102673147,81997.125,1598561,0.0,0.9927
2022-05-17 00:00:00+09:00,81997.12462439903,83093.07647235577,81797.86065204327,82893.8125,1218935,0.0,0.0
2022-05-18 00:00:00+09:00,83391.97532347155,83690.87129237289,82196.39144786622,82296.0234375,1208755,0.0,0.0
2022-05-19 00:00:00+09:00,80203.74917405161,80701.9091068097,79705.58924129354,80104.1171875,1519533,0.0,0.0
2022-05-20 00:00:00+09:00,80502.64322289157,82993.44282756024,80104.11528614459,82694.546875,1561541,0.0,0.0
2022-05-23 00:00:00+09:00,82395.65009612485,83192.70596162546,82096.75414656212,82594.9140625,933750,0.0,0.0
2022-05-24 00:00:00+09:00,82196.39059592121,82296.02258452233,80303.3828125,80303.3828125,1154150,0.0,0.0
2022-05-25 00:00:00+09:00,80701.90508481051,81698.22490067237,80004.48121370721,81498.9609375,1365261,0.0,0.0
2022-05-26 00:00:00+09:00,81598.59826495398,82993.44609854295,80701.9103719325,81200.0703125,1338305,0.0,0.0
2022-05-27 00:00:00+09:00,82096.74410954713,82694.53593558751,81200.05637048653,81399.3203125,1038755,0.0,0.0
2022-05-30 00:00:00+09:00,82495.28255363528,83690.86635876042,82296.01858611441,83591.234375,2091429,0.0,0.0
2022-05-31 00:00:00+09:00,83790.49963235293,84687.1875,82594.91580882353,84687.1875,2170810,0.0,0.0
2022-06-02 00:00:00+09:00,83690.86469534051,83890.12865890084,82594.91289575867,83391.96875,1147185,0.0,0.0
2022-06-03 00:00:00+09:00,84487.9215285881,87078.35308488914,84388.28954565343,85384.609375,2371620,0.0,0.0
2022-06-07 00:00:00+09:00,84189.02529761905,84487.92124542125,81299.6978021978,81598.59375,2373935,0.0,0.0
2022-06-08 00:00:00+09:00,82395.65416986195,82495.28615797545,80901.1743481595,81200.0703125,1317967,0.0,0.0
2022-06-09 00:00:00+09:00,80801.54071532903,81498.96461792743,80004.48482664514,81000.8046875,1732196,0.0,0.0
2022-06-10 00:00:00+09:00,80104.11470037453,80701.9066011236,79705.58676654182,79805.21875,1430382,0.0,0.0
2022-06-13 00:00:00+09:00,77513.67661356209,77912.20451388888,75819.93303717319,76218.4609375,2176053,0.0,0.0
2022-06-14 00:00:00+09:00,74624.35779414164,76616.99752162206,73926.9338895235,76318.1015625,2342617,0.0,0.0
2022-06-15 00:00:00+09:00,75819.93243853164,76218.46033571183,71834.65346672971,72432.4453125,2844798,0.0,0.0
2022-06-16 00:00:00+09:00,74126.1934647303,74923.24930843707,71635.39395314662,72033.921875,2053257,0.0,0.0
2022-06-17 00:00:00+09:00,69941.65707236843,72731.35279605264,69941.65707236843,71934.296875,3044377,0.0,0.0
2022-06-20 00:00:00+09:00,72033.92288523707,72631.71477640086,68447.1715382543,69343.859375,2436471,0.0,0.0
2022-06-21 00:00:00+09:00,69343.85904255319,70439.81083776595,68945.33111702127,70240.546875,1525415,0.0,0.0
2022-06-22 00:00:00+09:00,70639.07376824817,70738.70574817518,68247.90625,68247.90625,1908000,0.0,0.0
2022-06-23 00:00:00+09:00,68048.63837788749,69044.95811987705,66454.52679070417,66853.0546875,2005224,0.0,0.0
2022-06-24 00:00:00+09:00,67151.95592220279,71236.8671875,67151.95592220279,71236.8671875,2331632,0.0,0.0
2022-06-27 00:00:00+09:00,72133.55753830084,72631.71746605153,70340.18179839833,71535.765625,1470633,0.0,0.0
2022-06-28 00:00:00+09:00,71336.5,72033.92388268157,70340.18016759776,71336.5,1082711,0.0,0.0
2022-06-29 00:00:00+09:00,69842.02141816738,71037.60523702331,69443.49347854873,70539.4453125,1185471,0.0,0.0
2022-06-30 00:00:00+09:00,70140.91773962804,70838.3416376073,69642.7578125,69642.7578125,1339031,0.0,0.0
2022-07-01 00:00:00+09:00,69742.39180906389,70041.28777395988,66354.90420690936,67052.328125,1817276,0.0,0.0
2022-07-04 00:00:00+09:00,67052.32692042952,68746.0706910793,65956.3750688326,67849.3828125,1019171,0.0,0.0
2022-07-05 00:00:00+09:00,68447.16819661458,72233.18332248264,68048.64028862848,71735.0234375,2125688,0.0,0.0
2022-07-06 00:00:00+09:00,71037.60417729591,74723.9875637755,70937.97219387755,73229.5078125,2724220,0.0,0.0
2022-07-07 00:00:00+09:00,74225.8234160959,74624.3513270548,72432.44781678083,72731.34375,1603464,0.0,0.0
2022-07-08 00:00:00+09:00,73628.03732155293,73628.03732155293,71535.765625,71535.765625,1418763,0.0,0.0
2022-07-11 00:00:00+09:00,71635.39344100631,72532.08125876577,70838.3376029979,71037.6015625,979002,0.0,0.0
2022-07-12 00:00:00+09:00,70439.80916607397,70738.70510312944,69144.59343883357,70041.28125,1082539,0.0,0.0
2022-07-13 00:00:00+09:00,69842.022676895,71934.29439760084,69842.022676895,71635.3984375,1156844,0.0,0.0
2022-07-14 00:00:00+09:00,70738.71218359917,73129.8799193828,70140.92024965325,71834.6640625,1597400,0.0,0.0
2022-07-15 00:00:00+09:00,71834.66319320614,71934.29518099144,69144.59952300285,69842.0234375,1605289,0.0,0.0
2022-07-18 00:00:00+09:00,70838.34217247595,72930.61388221153,70340.18224158653,72532.0859375,1690739,0.0,0.0
2022-07-19 00:00:00+09:00,71735.03004807692,72930.61388221153,71336.50210336538,72532.0859375,949001,0.0,0.0
2022-07-20 00:00:00+09:00,74425.08281888624,75321.77056369209,72830.97127256471,73129.8671875,1758524,0.0,0.0
2022-07-21 00:00:00+09:00,73628.02957513569,74723.98130088195,73229.50167486431,73428.765625,1244024,0.0,0.0
2022-07-22 00:00:00+09:00,73229.51190837378,73329.14389736477,71336.50411754508,71834.6640625,1601677,0.0,0.0
2022-07-25 00:00:00+09:00,71336.49606164383,72830.97572773973,71137.23210616439,72731.34375,1038303,0.0,0.0
2022-07-26 00:00:00+09:00,72332.81081664364,72631.70672910911,71535.75505006906,72133.546875,696076,0.0,0.0
2022-07-27 00:00:00+09:00,72233.19035770166,72332.82234440195,70937.97453059805,71635.3984375,924477,0.0,0.0
2022-07-28 00:00:00+09:00,72731.33869993094,73926.92234979282,71834.65096253454,72133.546875,1226484,0.0,0.0
2022-07-29 00:00:00+09:00,72930.60711898396,75122.51061163102,72930.60711898396,74524.71875,2164565,0.0,0.0
2022-08-01 00:00:00+09:00,74524.72778716216,74923.25574324325,73727.671875,73727.671875,907903,0.0,0.0
2022-08-02 00:00:00+09:00,73528.40533600279,73528.40533600279,71336.50165389973,71535.765625,1786920,0.0,0.0
2022-08-03 00:00:00+09:00,71635.40090460527,75819.94449013159,71236.87294407895,75720.3125,2893725,0.0,0.0
2022-08-04 00:00:00+09:00,76716.6176751836,81399.3203125,76517.35373317014,81399.3203125,5803458,0.0,0.0
2022-08-05 00:00:00+09:00,81698.22775554187,82794.17959128694,80403.01194966133,80901.171875,2511627,0.0,0.0
2022-08-08 00:00:00+09:00,80303.37879192072,81698.2265625,79805.2188738567,81698.2265625,1674063,0.0,0.0
2022-08-09 00:00:00+09:00,81498.96469350961,83491.60441706731,81200.06873497595,82893.8125,1541966,0.0,0.0
2022-08-10 00:00:00+09:00,81997.12408546077,82495.28401307596,80004.484375,80004.484375,1428961,0.0,0.0
2022-08-11 00:00:00+09:00,82296.01695041817,83989.76064068101,82096.75298685783,83391.96875,1918391,0.0,0.0
2022-08-12 00:00:00+09:00,82694.55056818182,82893.81454545454,81399.33471590909,82196.390625,1069578,0.0,0.0
2022-08-16 00:00:00+09:00,82694.53531598512,82893.79925650558,80203.73605947955,80403.0,1798225,0.0,0.0
2022-08-17 00:00:00+09:00,80502.64263420724,80901.17056803995,79307.05883270911,79805.21875,1041971,0.0,0.0
2022-08-18 00:00:00+09:00,79107.79521780302,79307.05918560606,77214.78752367424,78908.53125,1640906,0.0,0.0
2022-08-19 00:00:00+09:00,78011.83819874511,78509.99808507171,76118.83063070405,76417.7265625,1804047,0.0,0.0
2022-08-22 00:00:00+09:00,75321.784125,76019.20805208334,74325.46422916667,74723.9921875,1250643,0.0,0.0
2022-08-23 00:00:00+09:00,74524.71875,75521.03851938502,73926.92688836898,74524.71875,1327312,0.0,0.0
2022-08-24 00:00:00+09:00,74624.359375,75222.15130590787,73926.93545560748,74624.359375,936191,0.0,0.0
2022-08-25 00:00:00+09:00,75122.51363337714,76517.36136662286,74723.98570959264,75819.9375,1252757,0.0,0.0
2022-08-26 00:00:00+09:00,76417.73643092105,76915.89638157895,75222.1525493421,75720.3125,993727,0.0,0.0
2022-08-29 00:00:00+09:00,72532.08881578948,73129.88075657895,71535.7689144737,71934.296875,1632297,0.0,0.0
2022-08-30 00:00:00+09:00,72233.19325264686,73229.51315957992,72233.19325264686,72930.6171875,802825,0.0,0.0
2022-08-31 00:00:00+09:00,72033.91549940394,73428.76310243529,71535.75564117848,73129.8671875,1348480,0.0,0.0
2022-09-01 00:00:00+09:00,72033.9222032563,72233.18616509104,70937.97041316527,71137.234375,1275977,0.0,0.0
2022-09-02 00:00:00+09:00,71834.66404024216,71934.29602920228,69742.39227207977,69941.65625,1201760,0.0,0.0
2022-09-05 00:00:00+09:00,69543.11886160714,70539.43861607142,69144.59095982142,69742.3828125,865940,0.0,0.0
2022-09-06 00:00:00+09:00,69742.3881366571,70340.1800349713,69244.22822139527,69443.4921875,744418,0.0,0.0
2022-09-07 00:00:00+09:00,68845.69760416666,68945.32958333332,66753.42604166667,67251.5859375,1793068,0.0,0.0
2022-09-08 00:00:00+09:00,68247.90992647059,68945.3338235294,67351.22205882352,67749.75,1169203,0.0,0.0
2022-09-13 00:00:00+09:00,68845.69503348214,70539.43861607142,68845.69503348214,69742.3828125,2103796,0.0,0.0
2022-09-14 00:00:00+09:00,66753.43096090309,68247.91075853525,66255.27102835903,67849.3828125,1827706,0.0,0.0
2022-09-15 00:00:00+09:00,68347.5368601632,68746.06477188427,67151.953125,67151.953125,984996,0.0,0.0
2022-09-16 00:00:00+09:00,66454.5329082586,67450.85274196562,66056.00497477579,66653.796875,922538,0.0,0.0
2022-09-19 00:00:00+09:00,66853.0560970948,67052.32004969419,65159.3125,65159.3125,1132357,0.0,0.0
2022-09-20 00:00:00+09:00,66155.63538476263,66354.89934676494,65059.68359375,65059.68359375,854697,0.0,0.0
2022-09-21 00:00:00+09:00,64661.15659179688,65059.68452148437,63365.9408203125,63764.46875,1056852,0.0,0.0
2022-09-22 00:00:00+09:00,62469.254027324634,62568.88601141925,60875.14228181077,61074.40625,1743099,0.0,0.0
2022-09-23 00:00:00+09:00,61074.407678022544,61572.567610143444,60675.87973232582,60775.51171875,1660303,0.0,0.0
2022-09-26 00:00:00+09:00,59878.82089483878,60775.50872853852,58982.13306113903,59480.29296875,1983320,0.0,0.0
2022-09-27 00:00:00+09:00,59281.02959000843,60078.08545004216,57587.28588743677,59081.765625,1807942,0.0,0.0
2022-09-28 00:00:00+09:00,58384.34134721002,58583.60531085238,55893.54180168058,56690.59765625,2387527,0.0,0.0
2022-09-29 00:00:00+09:00,57487.65300061494,58782.86875279517,55594.64536281306,55694.27734375,2212133,0.0,0.0
2022-09-30 00:00:00+09:00,54996.85179509633,57786.54717600701,54797.58783931699,56889.859375,1882206,0.0,0.0
2022-10-04 00:00:00+09:00,57487.65300061494,57886.1809243627,54897.221496254475,55694.27734375,2220578,0.0,0.0
2022-10-05 00:00:00+09:00,56491.33327121559,56889.86119552752,54100.165725344035,54299.4296875,2107661,0.0,0.0
2022-10-06 00:00:00+09:00,54399.06415374088,55495.01599566606,53701.64025433394,54598.328125,2123384,0.0,0.0
2022-10-07 00:00:00+09:00,54100.16296506631,54598.32284503929,50314.147877271615,50712.67578125,4265238,0.0,0.0
2022-10-11 00:00:00+09:00,49168.38510479042,50214.52095808383,48620.40918163672,49915.625,2430880,0.0,0.0
2022-10-12 00:00:00+09:00,49666.54296875,50114.88688722417,48819.67112274323,49666.54296875,2106857,0.0,0.0
2022-10-13 00:00:00+09:00,49218.20140724102,49317.83339389535,47125.9296875,47125.9296875,2538948,0.0,0.0
2022-10-14 00:00:00+09:00,48869.48448899562,51310.4679140321,48869.48448899562,51210.8359375,3872919,0.0,0.0
2022-10-17 00:00:00+09:00,47823.3544467425,48969.122313695705,46328.8746202818,48172.06640625,9711382,0.0,0.0
2022-10-18 00:00:00+09:00,48720.03930762905,50015.25507654352,48221.8793965081,49218.19921875,6284583,0.0,0.0
2022-10-19 00:00:00+09:00,49616.7265625,52007.894107680724,49218.19863830321,49616.7265625,4540597,0.0,0.0
2022-10-20 00:00:00+09:00,49616.72508180628,49616.72508180628,47125.92562990838,47574.26953125,4240904,0.0,0.0
2022-10-21 00:00:00+09:00,47474.64269607216,49467.282473451894,46876.850762858245,48670.2265625,3354625,0.0,0.0
2022-10-24 00:00:00+09:00,49815.99103457172,50413.78292698658,48122.24733939629,48271.6953125,2848346,0.0,0.0
2022-10-25 00:00:00+09:00,48620.40625,49367.64610015369,48371.32629994877,48620.40625,1910362,0.0,0.0
2022-10-26 00:00:00+09:00,48769.85284001572,48769.85284001572,47474.63713639937,47524.453125,2149830,0.0,0.0
2022-10-27 00:00:00+09:00,47524.4540625,48670.22182291666,47026.29416666667,48570.58984375,2442155,0.0,0.0
2022-10-28 00:00:00+09:00,48022.61395833333,49268.013697916664,47624.08604166666,48570.58984375,1867478,0.0,0.0
2022-10-31 00:00:00+09:00,49417.462278106505,50513.4140625,48520.77445451183,50513.4140625,3130880,0.0,0.0
2022-11-01 00:00:00+09:00,50214.51812130177,50613.046042899405,49467.27826830621,50513.4140625,1653708,0.0,0.0
2022-11-02 00:00:00+09:00,49915.62370787524,52904.58321134082,49517.095774079826,52107.52734375,4937758,0.0,0.0
2022-11-03 00:00:00+09:00,50613.04890219561,51011.576846307384,49517.097055888225,49915.625,3572826,0.0,0.0
2022-11-04 00:00:00+09:00,49317.83086636431,50413.78266339463,48769.854967849154,50114.88671875,3242294,0.0,0.0
2022-11-07 00:00:00+09:00,50314.15085099047,50513.41481475677,49517.094995925276,49666.54296875,2527175,0.0,0.0
2022-11-08 00:00:00+09:00,50015.256841626215,51410.10464199029,49815.99287014563,51310.47265625,4457042,0.0,0.0
2022-11-09 00:00:00+09:00,51808.62973848369,53602.00538327735,51509.73379768474,51908.26171875,4005676,0.0,0.0
2022-11-10 00:00:00+09:00,51111.20678518701,51609.36669537402,50513.4148929626,50613.046875,2284351,0.0,0.0
2022-11-11 00:00:00+09:00,54299.433094655025,60775.51227108177,53402.74520868825,58483.9765625,17375821,0.0,0.0
2022-11-14 00:00:00+09:00,59081.76681356838,59978.4546741453,57786.551014957266,58284.7109375,5392366,0.0,0.0
2022-11-15 00:00:00+09:00,58284.71258784072,58683.24053715928,57089.128739885,58483.9765625,2373778,0.0,0.0
2022-11-16 00:00:00+09:00,59480.29161556101,59679.5555740721,57587.28400970563,58384.33984375,2451864,0.0,0.0
2022-11-17 00:00:00+09:00,57786.548223350255,58982.131979695434,57388.02030456853,58882.5,1744238,0.0,0.0
2022-11-18 00:00:00+09:00,58683.24008882149,58982.13604852687,57388.024263431544,57487.65625,1742383,0.0,0.0
2022-11-21 00:00:00+09:00,57288.39243589032,58085.448330650535,55793.91263321492,56092.80859375,1765878,0.0,0.0
2022-11-22 00:00:00+09:00,55694.27973210175,55893.543702520714,53900.90399833103,54100.16796875,1793196,0.0,0.0
2022-11-23 00:00:00+09:00,56092.80753478456,57487.65532428187,55196.11967010772,55495.015625,2551968,0.0,0.0
2022-11-24 00:00:00+09:00,55993.17402547909,57786.54970601045,55793.910060975606,57188.7578125,1816392,0.0,0.0
2022-11-25 00:00:00+09:00,55993.17495265152,57089.126775568184,55395.383049242424,55893.54296875,1322780,0.0,0.0
2022-11-28 00:00:00+09:00,55594.646291208795,55594.646291208795,54299.43051739927,54399.0625,1365592,0.0,0.0
2022-11-29 00:00:00+09:00,54000.533667822005,55993.17328656082,53900.90168688507,55694.27734375,1358761,0.0,0.0
2022-11-30 00:00:00+09:00,55395.38164893617,56192.4375,54897.22174202128,56192.4375,1825885,0.0,0.0
2022-12-01 00:00:00+09:00,58982.133743523314,59380.6616742228,57487.65400340026,57686.91796875,2895695,0.0,0.0
2022-12-02 00:00:00+09:00,57686.91747446178,58085.44540174649,56690.59765625,56690.59765625,1165966,0.0,0.0
2022-12-05 00:00:00+09:00,56989.49105603448,58782.86664870689,56989.49105603448,57786.546875,2050445,0.0,0.0
2022-12-06 00:00:00+09:00,57089.12592773437,57686.91782226563,55793.91015625,55793.91015625,1380887,0.0,0.0
2022-12-07 00:00:00+09:00,55495.01396396397,56391.701801801806,55196.11801801802,55295.75,1014142,0.0,0.0
2022-12-08 00:00:00+09:00,55694.27792792793,55893.541891891895,54697.95810810811,55295.75,1376893,0.0,0.0
2022-12-09 00:00:00+09:00,55893.54011133821,57985.811666308095,55793.90813253012,57886.1796875,2404261,0.0,0.0
2022-12-12 00:00:00+09:00,57487.65177226764,58483.97156034854,56790.22792061102,57886.1796875,1402888,0.0,0.0
2022-12-13 00:00:00+09:00,58782.872301868556,59480.29621053479,57487.6564714884,57985.81640625,1532110,0.0,0.0
2022-12-14 00:00:00+09:00,58583.60854982964,59281.03246113714,58085.44861318143,58483.9765625,1550967,0.0,0.0
2022-12-15 00:00:00+09:00,57686.91991834313,57786.55190438517,55096.48828125,55096.48828125,3034680,0.0,0.0
2022-12-16 00:00:00+09:00,53303.10905905331,54697.95677274816,52904.58114085478,54199.796875,2477820,0.0,0.0
2022-12-19 00:00:00+09:00,53701.64069500448,56192.44035618279,53701.64069500448,55594.6484375,1364858,0.0,0.0
2022-12-20 00:00:00+09:00,55096.48782084484,55495.01576168278,53701.64002791206,54100.16796875,1390754,0.0,0.0
2022-12-21 00:00:00+09:00,54697.96299873155,54996.85897140222,53502.379108048895,54000.5390625,980179,0.0,0.0
2022-12-22 00:00:00+09:00,54797.5906732078,55495.01455450318,53900.90282582804,54897.22265625,1228266,0.0,0.0
2022-12-23 00:00:00+09:00,53801.268433988764,54100.164369733146,52904.58062675562,53203.4765625,1339673,0.0,0.0
2022-12-26 00:00:00+09:00,53203.47822411381,53602.0061508862,52506.05435226213,53402.7421875,988777,0.0,0.0
2022-12-27 00:00:00+09:00,53701.63697725184,54498.6928136489,53402.741038602944,54199.796875,1226474,0.0,0.0
2022-12-28 00:00:00+09:00,53760.93300343983,54558.868929279386,52763.51309614039,53461.70703125,1268005,60.0,0.0
2022-12-29 00:00:00+09:00,53361.96404925847,55157.31984904661,52763.51211599576,52962.99609375,1319611,0.0,0.0
2023-01-02 00:00:00+09:00,53461.70920303605,53661.19319259962,52264.80526565465,52564.03125,887667,0.0,0.0
2023-01-03 00:00:00+09:00,52264.802562148216,53361.96444799484,51267.382665924015,53162.48046875,1420569,0.0,0.0
2023-01-04 00:00:00+09:00,53062.73928411131,55855.51503590665,52962.997292975764,55556.2890625,2241411,0.0,0.0
2023-01-05 00:00:00+09:00,55656.0310739818,58049.83886211005,55556.289082809795,57551.12890625,3046064,0.0,0.0
2023-01-06 00:00:00+09:00,57052.421875,57850.35784527972,56354.227901005244,57052.421875,1420345,0.0,0.0
2023-01-09 00:00:00+09:00,58548.547725296645,61042.097458060554,58149.57976805442,60942.35546875,3482961,0.0,0.0
2023-01-10 00:00:00+09:00,60543.390625,61540.81056939869,60244.1646416804,60543.390625,2178323,0.0,0.0
2023-01-11 00:00:00+09:00,61540.80509137722,62338.740975868335,60643.127221324714,61740.2890625,2544430,0.0,0.0
2023-01-12 00:00:00+09:00,62837.4540777439,63236.42204014228,60942.35625635163,61341.32421875,2197974,0.0,0.0
2023-01-13 00:00:00+09:00,61939.7771484375,62837.455078125,61341.3251953125,61840.03515625,2248562,0.0,0.0
2023-01-16 00:00:00+09:00,62139.26207606589,64832.295906007756,61840.036094961244,64333.5859375,2989321,0.0,0.0
2023-01-17 00:00:00+09:00,64333.584553246365,64333.584553246365,61241.58281502832,61640.55078125,3194397,0.0,0.0
2023-01-18 00:00:00+09:00,61341.32441533076,62338.74432452313,60942.35645165382,61441.06640625,1650067,0.0,0.0
2023-01-19 00:00:00+09:00,60942.354871247946,61241.580836245885,60044.67697625411,60643.12890625,1687361,0.0,0.0
2023-01-20 00:00:00+09:00,60343.90372880923,61740.29158369076,60343.90372880923,61042.09765625,1376217,0.0,0.0
2023-01-25 00:00:00+09:00,62338.742387180515,63635.388228833865,61939.77443590256,62438.484375,13273,0.0,0.0
2023-01-26 00:00:00+09:00,62637.96835063898,63535.64624101438,61540.806484624605,62438.484375,17163,0.0,0.0
2023-01-27 00:00:00+09:00,63834.87635239567,65331.00626690495,63236.42438659196,64533.0703125,10914,0.0,0.0
2023-01-30 00:00:00+09:00,64632.80953791469,65231.26147808057,63036.93769747236,63136.6796875,13479,0.0,0.0
2023-01-31 00:00:00+09:00,62538.22494699111,63336.16083148223,61042.09516357027,61740.2890625,15943,0.0,0.0
2023-02-01 00:00:00+09:00,61840.03554561897,62737.7134809586,61241.58358872589,62039.51953125,9913,0.0,0.0
2023-02-02 00:00:00+09:00,64233.84394379845,65031.77989341086,63535.6499878876,64333.5859375,45027,0.0,0.0
2023-02-03 00:00:00+09:00,64732.55142066592,67325.84315708705,64333.58346121651,67026.6171875,33471,0.0,0.0
2023-02-06 00:00:00+09:00,66328.42321103335,66926.87514977953,65031.77734375,65031.77734375,15674,0.0,0.0
2023-02-07 00:00:00+09:00,65131.5220139395,68622.49180029155,64732.554038356415,68423.0078125,49709,0.0,0.0
2023-02-08 00:00:00+09:00,68323.25903355645,69719.64680942474,68024.03308158465,68921.7109375,17041,0.0,0.0
2023-02-09 00:00:00+09:00,67724.80712961288,71116.03458529305,66926.87125768814,68921.7109375,26142,0.0,0.0
2023-02-10 00:00:00+09:00,69021.45779400888,70018.87770432692,66128.94005408653,67425.5859375,39929,0.0,0.0
2023-02-13 00:00:00+09:00,66527.9053448192,66627.64733184292,64034.35566922628,64134.09765625,35598,0.0,0.0
2023-02-14 00:00:00+09:00,65231.26092548077,66228.68081730769,64632.80899038461,64832.29296875,18061,0.0,0.0
2023-02-15 00:00:00+09:00,64433.3261595912,64533.068150550316,62438.4863404088,63435.90625,12426,0.0,0.0
2023-02-16 00:00:00+09:00,64233.8433605919,65031.7793029595,63336.16542542835,64034.359375,21062,0.0,0.0
2023-02-17 00:00:00+09:00,62837.45371741706,64233.84157780411,62239.001777251186,63136.6796875,15022,0.0,0.0
2023-02-20 00:00:00+09:00,63236.42343263239,64333.58535338785,62637.9714758567,64034.359375,11681,0.0,0.0
2023-02-21 00:00:00+09:00,64333.58316412441,64533.067142927895,62837.45332309826,62937.1953125,14467,0.0,0.0
2023-02-22 00:00:00+09:00,61740.29355280346,62837.45547377411,61341.3255815414,62039.51953125,13029,0.0,0.0
2023-02-23 00:00:00+09:00,62438.4880875,63036.940050000005,62039.5201125,62338.74609375,14051,0.0,0.0
2023-02-24 00:00:00+09:00,62338.74472213795,62737.71268835963,61441.06679813916,61640.55078125,13400,0.0,0.0
2023-02-27 00:00:00+09:00,61241.57913469305,62039.51501918417,60842.6111924475,61740.2890625,1407458,0.0,0.0
2023-02-28 00:00:00+09:00,61840.032051282054,63236.419871794875,61740.29006410256,62239.0,1870108,0.0,0.0
2023-03-02 00:00:00+09:00,62039.517552593956,62239.00153186274,60643.129697712415,61042.09765625,1842975,0.0,0.0
2023-03-03 00:00:00+09:00,61441.06521516394,62039.51714907787,60742.871292264346,60842.61328125,1250945,0.0,0.0
2023-03-06 00:00:00+09:00,61042.09846698113,63635.39023191824,60942.35647602201,63435.90625,2768767,0.0,0.0
2023-03-07 00:00:00+09:00,62837.4540777439,62937.196068343495,61241.58222815041,61341.32421875,2322926,0.0,0.0
2023-03-08 00:00:00+09:00,61042.097398477155,61042.097398477155,58847.7736357868,58947.515625,2935338,0.0,0.0
2023-03-09 00:00:00+09:00,59545.967359639835,60443.6452595339,58748.03144862288,58847.7734375,1949722,0.0,0.0
2023-03-10 00:00:00+09:00,57750.60977839931,58249.31970740103,57351.64183519794,57950.09375,2009728,0.0,0.0
2023-03-13 00:00:00+09:00,60144.41896458676,62239.00071957237,58648.28913959704,60643.12890625,5720123,0.0,0.0
2023-03-14 00:00:00+09:00,60443.64607007576,60942.356021149,59047.25820707071,59246.7421875,2192551,0.0,0.0
2023-03-15 00:00:00+09:00,60443.64586846543,60643.12984822934,58648.290050590214,59147.0,1885060,0.0,0.0
2023-03-16 00:00:00+09:00,58249.31943864775,60144.4171601106,57950.09348262729,59745.44921875,1976894,0.0,0.0
2023-03-17 00:00:00+09:00,60443.64765884551,61042.099615863786,59645.71171615448,60044.6796875,1658486,0.0,0.0
2023-03-20 00:00:00+09:00,60044.677369364756,61840.03317110656,60044.677369364756,60842.61328125,2051491,0.0,0.0
2023-03-21 00:00:00+09:00,61241.58103704844,61540.8070030275,60343.903139111244,60742.87109375,1093952,0.0,0.0
2023-03-22 00:00:00+09:00,61540.81052506978,62737.71445748604,61141.842547597684,62538.23046875,2243729,0.0,0.0
2023-03-23 00:00:00+09:00,61640.55038808847,61840.03436992695,60643.130478896106,61441.06640625,1685484,0.0,0.0
2023-03-24 00:00:00+09:00,61441.06601180782,61740.29198264454,60742.87207985546,61241.58203125,1323550,0.0,0.0
2023-03-27 00:00:00+09:00,61341.32658051895,61640.55256383855,59645.71267504119,60543.390625,1490567,0.0,0.0
2023-03-28 00:00:00+09:00,60443.648630560136,60842.61660831961,59745.454669481056,60543.390625,1326335,0.0,0.0
2023-03-29 00:00:00+09:00,60643.12810430463,61241.58002638659,59944.934195209025,60244.16015625,1144119,0.0,0.0
2023-03-30 00:00:00+09:00,60643.12749584027,60742.869481853166,59745.44962172421,59944.93359375,1707493,0.0,0.0
2023-03-31 00:00:00+09:00,60443.64552219722,61042.097458060554,59845.19358633388,60942.35546875,1745559,0.0,0.0
2023-04-03 00:00:00+09:00,61241.58360153654,61441.0675872093,59745.45370899086,60044.6796875,1683150,0.0,0.0
2023-04-04 00:00:00+09:00,60044.680652800664,60643.13261943987,59645.71267504119,60543.390625,1380518,0.0,0.0
2023-04-05 00:00:00+09:00,60343.90625,61042.10020661157,60044.680268595046,60343.90625,1227329,0.0,0.0
2023-04-06 00:00:00+09:00,59944.93450031996,59944.93450031996,58349.06269997867,58448.8046875,2659408,0.0,0.0
2023-04-07 00:00:00+09:00,58448.8046875,59047.256612627985,57950.094749893346,58448.8046875,1650319,0.0,0.0
2023-04-10 00:00:00+09:00,58149.57772160069,58249.31970740103,56952.67389199656,57950.09375,2103339,0.0,0.0
2023-04-11 00:00:00+09:00,57950.09612141652,59845.19392917369,57351.644182124786,59147.0,2184527,0.0,0.0
2023-04-12 00:00:00+09:00,59047.26075383305,59147.00274834966,58349.06679221678,58548.55078125,1486194,0.0,0.0
2023-04-13 00:00:00+09:00,58349.064469537814,59446.226365546216,58249.32247899159,59346.484375,1591961,0.0,0.0
2023-04-14 00:00:00+09:00,59944.93827479339,60842.61621900827,59246.744318181816,60343.90625,2464952,0.0,0.0
2023-04-17 00:00:00+09:00,60044.675579762894,60543.38550982737,59446.22366368552,59944.93359375,1450046,0.0,0.0
2023-04-18 00:00:00+09:00,60044.67730402543,60643.129237288136,58748.03144862288,58847.7734375,1731564,0.0,0.0
2023-04-19 00:00:00+09:00,58847.77263758532,58947.514625106654,58349.06269997867,58448.8046875,1086274,0.0,0.0
2023-04-20 00:00:00+09:00,58349.06128562176,58548.54525582901,57650.86738989637,57750.609375,1342600,0.0,0.0
2023-04-21 00:00:00+09:00,57551.12540479274,58049.83533031088,57052.41547927461,57750.609375,1212125,0.0,0.0
2023-04-24 00:00:00+09:00,57152.16387128497,57650.873852709796,56952.67987871504,57052.421875,961915,0.0,0.0
2023-04-25 00:00:00+09:00,56852.935546875,57750.613476562496,55556.289648437494,55855.515625,1791028,0.0,0.0
2023-04-26 00:00:00+09:00,55456.54861725664,57052.4205199115,55456.54861725664,56354.2265625,1452179,0.0,0.0
2023-04-27 00:00:00+09:00,56054.99921594982,56154.74120743728,55157.32129256272,55656.03125,1311670,0.0,0.0
2023-04-28 00:00:00+09:00,56254.479991394146,58947.51360800344,56154.738005593805,57950.09375,3124682,0.0,0.0
2023-05-02 00:00:00+09:00,58049.84042467949,58448.808400106835,57551.1304553953,58349.06640625,1124552,0.0,0.0
2023-05-03 00:00:00+09:00,57850.35605167238,58748.03399040523,57650.87206528731,58149.58203125,1047114,0.0,0.0
2023-05-04 00:00:00+09:00,57052.421875,57351.6478638549,55855.51791958042,57052.421875,2288474,0.0,0.0
2023-05-08 00:00:00+09:00,57351.64492390598,58049.83886211005,56952.67695921794,57551.12890625,1821528,0.0,0.0
2023-05-09 00:00:00+09:00,57650.87050271739,58548.548417119564,57152.16055027174,57351.64453125,1412568,0.0,0.0
2023-05-10 00:00:00+09:00,56952.67852599558,57152.16251382743,56154.74257466814,56354.2265625,1364811,0.0,0.0
2023-05-11 00:00:00+09:00,56254.483593749996,56952.6775390625,55855.515625,55855.515625,1190339,0.0,0.0
2023-05-12 00:00:00+09:00,56054.996894324206,57052.41676788869,55456.54497018551,56453.96484375,1236080,0.0,0.0
2023-05-15 00:00:00+09:00,56354.22325456646,56852.933194872356,55955.25530232174,56653.44921875,879909,0.0,0.0
2023-05-16 00:00:00+09:00,56553.7097677139,57251.90371546346,55855.51581996435,55955.2578125,922948,0.0,0.0
2023-05-17 00:00:00+09:00,55755.773065153815,58648.29080914212,55456.54709163778,57551.12890625,2035175,0.0,0.0
2023-05-18 00:00:00+09:00,58049.84183784965,58249.325830419584,56653.453889860146,57052.421875,1112295,0.0,0.0
2023-05-19 00:00:00+09:00,57251.89944948186,58049.83533031088,57052.41547927461,57750.609375,1375866,0.0,0.0
2023-05-22 00:00:00+09:00,57750.609375,57950.09334520725,57451.38341968912,57750.609375,985462,0.0,0.0
2023-05-23 00:00:00+09:00,57950.0974609375,58049.839453124994,57451.3875,57850.35546875,1015317,0.0,0.0
2023-05-24 00:00:00+09:00,57351.64313517826,57451.38512323944,56553.70723068882,56653.44921875,1258754,0.0,0.0
2023-05-25 00:00:00+09:00,56453.96894290123,56852.93692129629,56154.74295910494,56553.7109375,1177829,0.0,0.0
2023-05-26 00:00:00+09:00,56254.4808690371,56852.932793175794,56254.4808690371,56453.96484375,709988,0.0,0.0
2023-05-30 00:00:00+09:00,56852.933194872356,56952.67518293354,56254.48126650528,56653.44921875,1155964,0.0,0.0
2023-05-31 00:00:00+09:00,56354.225978647686,56753.193950177934,55955.25800711744,56055.0,1992398,0.0,0.0
2023-06-01 00:00:00+09:00,56154.7417975713,56453.96777517825,55855.51581996435,55955.2578125,1004709,0.0,0.0
2023-06-02 00:00:00+09:00,56154.74390843532,57351.6478638549,55855.51791958042,57052.421875,1677624,0.0,0.0
2023-06-05 00:00:00+09:00,57451.3857267951,57750.611694122155,56852.93379214098,56952.67578125,1035494,0.0,0.0
2023-06-07 00:00:00+09:00,57551.12831418772,57850.354284625435,57152.16035360409,57251.90234375,1012086,0.0,0.0
2023-06-08 00:00:00+09:00,56852.93653207965,56852.93653207965,56154.74257466814,56354.2265625,1734613,0.0,0.0
2023-06-09 00:00:00+09:00,56653.44841533688,57052.41636192376,56154.73848210328,56254.48046875,1732451,0.0,0.0
2023-06-12 00:00:00+09:00,56753.190805819344,57052.41676788869,56254.4808690371,56453.96484375,867990,0.0,0.0
2023-06-13 00:00:00+09:00,56852.93238863032,56952.67437527704,56054.99649545656,56254.48046875,1101921,0.0,0.0
2023-06-14 00:00:00+09:00,56254.48300044883,56453.96698271993,55157.321097957814,55556.2890625,2051297,0.0,0.0
2023-06-15 00:00:00+09:00,55556.2854099026,55955.25334821429,53561.445718344155,53760.9296875,2719928,0.0,0.0
2023-06-16 00:00:00+09:00,54159.90096635961,54459.12693854944,53262.22304979011,53461.70703125,1745708,0.0,0.0
2023-06-19 00:00:00+09:00,53262.22482142857,53262.22482142857,51865.836904761905,52364.546875,2131119,0.0,0.0
2023-06-20 00:00:00+09:00,52264.80331237911,52763.513267649905,51367.125392891685,51566.609375,1767021,0.0,0.0
2023-06-21 00:00:00+09:00,51566.610960705446,51865.836943069306,50170.22304300743,50369.70703125,2027881,0.0,0.0
2023-06-22 00:00:00+09:00,50070.480662897615,50968.15860306908,49970.73866954523,50170.22265625,1336297,0.0,0.0
2023-06-23 00:00:00+09:00,50070.47554074447,50369.701490191146,49422.152650276665,49571.765625,1755166,0.0,0.0
2023-06-26 00:00:00+09:00,48873.576171875,50170.2220703125,48474.608203125,49870.99609375,1872956,0.0,0.0
2023-06-27 00:00:00+09:00,49870.99876519757,49970.74076272796,49222.67578125,49222.67578125,1333727,0.0,0.0
2023-06-28 00:00:00+09:00,49571.772098214286,49621.64309630102,48374.86814413265,48873.578125,1659730,0.0,0.0
2023-06-29 00:00:00+09:00,48873.578125,49671.514094387756,48574.35213647959,48873.578125,1287518,0.0,0.0
2023-06-30 00:00:00+09:00,48723.96143473141,49571.7683378946,48275.12248599796,48973.31640625,1268925,0.0,0.0
2023-07-03 00:00:00+09:00,49172.804036458336,50868.41796875,49172.804036458336,50868.41796875,1691513,0.0,0.0
2023-07-04 00:00:00+09:00,50768.673923923925,50868.41591591592,49771.254004004004,49821.125,1445459,0.0,0.0
2023-07-05 00:00:00+09:00,49821.126795195756,50269.965775332654,48674.09384595701,48723.96484375,2700066,0.0,0.0
2023-07-06 00:00:00+09:00,48723.961121684675,51367.12380279961,48574.34813973477,50768.671875,3139685,0.0,0.0
2023-07-07 00:00:00+09:00,50469.4477494985,51067.89969909729,49621.6408209002,49721.3828125,1974639,0.0,0.0
2023-07-10 00:00:00+09:00,49721.3828125,50170.221774699094,49322.4148461008,49721.3828125,1068139,0.0,0.0
2023-07-11 00:00:00+09:00,49970.73557692308,50868.41346153846,49870.993589743586,50569.1875,1212718,0.0,0.0
2023-07-12 00:00:00+09:00,50569.189271438954,51666.3511688469,50070.4793180717,51466.8671875,1658795,0.0,0.0
2023-07-13 00:00:00+09:00,51865.83182803469,52464.28373374278,51566.605875180634,51766.08984375,1955527,0.0,0.0
2023-07-14 00:00:00+09:00,52165.0595925071,52663.76953125,51466.865678267044,52663.76953125,1900674,0.0,0.0
2023-07-17 00:00:00+09:00,52264.80526565465,53062.74122390892,52065.32127609108,52564.03125,1411212,0.0,0.0
2023-07-18 00:00:00+09:00,52564.02948540058,52564.02948540058,51267.383596766405,51666.3515625,1486148,0.0,0.0
2023-07-19 00:00:00+09:00,51666.348741319445,51666.348741319445,49970.73497953869,50269.9609375,1674191,0.0,0.0
2023-07-20 00:00:00+09:00,49970.73905476485,50968.15899597772,49970.73905476485,50369.70703125,1150775,0.0,0.0
2023-07-21 00:00:00+09:00,49870.993391798416,50668.92928606719,49621.638424839424,50469.4453125,1203404,0.0,0.0
2023-07-24 00:00:00+09:00,49970.737791499494,50170.221774699094,49272.5438503009,49721.3828125,1943708,0.0,0.0
2023-07-25 00:00:00+09:00,49472.02981064483,49671.513801816785,48674.09384595701,48723.96484375,1788062,0.0,0.0
2023-07-26 00:00:00+09:00,48674.09178870293,48674.09178870293,46529.63897424163,47676.671875,3798977,0.0,0.0
2023-07-27 00:00:00+09:00,47377.443722208496,50469.4453125,47377.443722208496,50469.4453125,2861543,0.0,0.0
2023-07-28 00:00:00+09:00,50070.47736536561,51267.381206768776,49472.02544466403,50469.4453125,1539813,0.0,0.0
2023-07-31 00:00:00+09:00,50768.67266691033,51666.350572612086,49870.994761208574,51167.640625,2204300,0.0,0.0
2023-08-01 00:00:00+09:00,51666.34992600182,55157.31951559654,51666.34992600182,54758.3515625,7074120,0.0,0.0
2023-08-02 00:00:00+09:00,54957.840122767855,54957.840122767855,52165.064218162595,53062.7421875,2936126,0.0,0.0
2023-08-03 00:00:00+09:00,52663.770520637896,53661.1904168621,52165.06057252579,53162.48046875,2146867,0.0,0.0
2023-08-04 00:00:00+09:00,53661.19139116795,54858.09528836873,50868.41563103282,51666.3515625,3173204,0.0,0.0
2023-08-07 00:00:00+09:00,51566.611302182166,53860.67718216319,51067.90132827325,52564.03125,2755342,0.0,0.0
2023-08-08 00:00:00+09:00,53361.96541686776,53461.707408301154,51666.3515625,51666.3515625,1512333,0.0,0.0
2023-08-09 00:00:00+09:00,51965.57561700994,53062.737482244316,51965.57561700994,52663.76953125,1095062,0.0,0.0
2023-08-10 00:00:00+09:00,52165.059195282796,52962.99509119534,51766.09124732652,52464.28515625,1645198,0.0,0.0
2023-08-11 00:00:00+09:00,51267.3832061531,52364.545103561046,50469.447280765504,51466.8671875,1591602,0.0,0.0
2023-08-14 00:00:00+09:00,51566.607371794875,51865.833333333336,50469.445512820515,50569.1875,1062345,0.0,0.0
2023-08-16 00:00:00+09:00,50170.22265625,50968.15860306908,49721.38368616426,50170.22265625,1125125,0.0,0.0
2023-08-17 00:00:00+09:00,49870.994606598986,49970.73659581218,49023.1876982868,49122.9296875,1640558,0.0,0.0
2023-08-18 00:00:00+09:00,48524.48008175309,49172.80304276315,48075.64110874613,48324.99609375,1384622,0.0,0.0
2023-08-21 00:00:00+09:00,48374.863079480885,49322.41194392433,48125.508115153665,48275.12109375,1010367,0.0,0.0
2023-08-22 00:00:00+09:00,48424.73847395298,49272.545429727645,48275.12548175745,48524.48046875,1131155,0.0,0.0
2023-08-23 00:00:00+09:00,48574.34805566206,49571.76793360174,48324.99308617715,48773.83203125,1344907,0.0,0.0
2023-08-24 00:00:00+09:00,49322.413366376015,49970.736292324334,48773.83242903513,48973.31640625,1735760,0.0,0.0
2023-08-25 00:00:00+09:00,47876.156444906446,48424.737404171,47477.188474532224,47975.8984375,1330506,0.0,0.0
2023-08-28 00:00:00+09:00,48424.73720703125,48524.479199218746,47676.672265625,47876.15625,974367,0.0,0.0
2023-08-29 00:00:00+09:00,47876.15354938272,48574.34745531121,47876.15354938272,48474.60546875,864728,0.0,0.0
2023-08-30 00:00:00+09:00,49023.1911192602,49272.546109693874,48624.223134566324,48873.578125,888093,0.0,0.0
2023-08-31 00:00:00+09:00,48873.576370842,48973.31836343555,47975.8984375,47975.8984375,1699582,0.0,0.0
2023-09-01 00:00:00+09:00,47826.28324502043,49172.80008299285,47826.28324502043,48823.703125,1371351,0.0,0.0
2023-09-04 00:00:00+09:00,48773.83242903513,49322.413366376015,48275.12248599796,48973.31640625,1020561,0.0,0.0
2023-09-05 00:00:00+09:00,48973.31600683794,49222.67097632285,48723.961037353016,48773.83203125,676829,0.0,0.0
2023-09-06 00:00:00+09:00,48873.57431829766,49073.05829510704,48374.864376274214,48923.4453125,830228,0.0,0.0
2023-09-07 00:00:00+09:00,48574.34775641026,49472.02564102564,48474.605769230766,48624.21875,925935,0.0,0.0
2023-09-08 00:00:00+09:00,48524.475752914506,48624.21773801813,47876.15284974093,48125.5078125,1116295,0.0,0.0
2023-09-11 00:00:00+09:00,48125.5078125,48225.249797603625,47776.410864637306,48125.5078125,1017094,0.0,0.0
2023-09-12 00:00:00+09:00,48075.63712228822,48624.218043808105,48025.76612942278,48275.12109375,1383694,0.0,0.0
2023-09-13 00:00:00+09:00,47975.89784911088,48025.768844796024,47177.96191814853,47676.671875,1898035,0.0,0.0
2023-09-14 00:00:00+09:00,47726.54384219721,48175.3828125,47327.57586859472,48175.3828125,1687973,0.0,0.0
2023-09-15 00:00:00+09:00,47975.89987685517,48773.83584154299,47975.89987685517,48723.96484375,1695681,0.0,0.0
2023-09-18 00:00:00+09:00,48424.73447546939,49073.05738811728,48324.99248890818,48474.60546875,876697,0.0,0.0
2023-09-19 00:00:00+09:00,48474.60790556426,48574.3498971395,47676.67197296238,47726.54296875,991657,0.0,0.0
2023-09-20 00:00:00+09:00,47726.541475915605,47826.283464371016,46928.605568272294,46978.4765625,1245851,0.0,0.0
2023-09-21 00:00:00+09:00,46679.25164293538,47028.34861035049,45482.347754654984,45532.21875,2463267,0.0,0.0
2023-09-22 00:00:00+09:00,44983.636619034405,45532.21755341287,44684.41065482797,44933.765625,1395423,0.0,0.0
2023-09-25 00:00:00+09:00,44784.15605817523,45133.25304303851,44534.801068987166,44684.4140625,1141723,0.0,0.0
2023-09-26 00:00:00+09:00,44534.799013392854,44684.412,43288.024124999996,43637.12109375,1875514,0.0,0.0
2023-09-27 00:00:00+09:00,43038.66953302759,44085.96044866325,43038.66953302759,43836.60546875,1134533,0.0,0.0
2023-10-04 00:00:00+09:00,42938.92682823768,42988.79782339242,41492.66796875,41492.66796875,2511805,0.0,0.0
2023-10-05 00:00:00+09:00,41642.27944270196,42290.60235618115,40594.98858246634,40744.6015625,1859309,0.0,0.0
2023-10-06 00:00:00+09:00,40495.24892241379,41991.378808709866,40495.24892241379,41941.5078125,1130815,0.0,0.0
2023-10-10 00:00:00+09:00,41991.377519248184,42240.732492640396,41093.69961503623,41293.18359375,1273485,0.0,0.0
2023-10-11 00:00:00+09:00,41791.895973769046,43088.54191090269,41791.895973769046,42539.9609375,1343809,0.0,0.0
2023-10-12 00:00:00+09:00,42589.8299953465,43886.47587342497,42490.08800472508,43537.37890625,1373599,0.0,0.0
2023-10-13 00:00:00+09:00,43138.4100567853,43537.3780110677,42938.926079644094,43088.5390625,589597,0.0,0.0
2023-10-16 00:00:00+09:00,43138.41387239282,43786.73685544612,42290.60689455389,43038.671875,941701,0.0,0.0
2023-10-17 00:00:00+09:00,43288.02619377921,43936.349166727516,42689.57421875,42689.57421875,1063385,0.0,0.0
2023-10-18 00:00:00+09:00,42290.60429126794,42839.18524315939,41692.15234375,41692.15234375,1389354,0.0,0.0
2023-10-19 00:00:00+09:00,40894.21778549383,41293.18576388888,40345.63681520062,40395.5078125,1699061,0.0,0.0
2023-10-20 00:00:00+09:00,39647.44000580186,40046.40795554578,38749.76211887804,38949.24609375,2483524,0.0,0.0
2023-10-23 00:00:00+09:00,38101.44091732543,38799.63486083663,37752.34394556983,37852.0859375,2585077,0.0,0.0
2023-10-24 00:00:00+09:00,38201.1822522096,39597.57011521465,37752.343296243685,39497.828125,2739742,0.0,0.0
2023-10-25 00:00:00+09:00,39497.83079268293,39547.701791158535,38749.76581554878,38849.5078125,1422352,0.0,0.0
2023-10-26 00:00:00+09:00,38151.31131723108,38400.66629316069,37303.504399070385,37552.859375,2073618,0.0,0.0
2023-10-27 00:00:00+09:00,37552.85957160596,37951.82753518212,37203.76260347682,37652.6015625,1323041,0.0,0.0
2023-10-30 00:00:00+09:00,37552.860058593746,38300.924999999996,37502.9890625,37901.95703125,1290753,0.0,0.0
2023-10-31 00:00:00+09:00,38151.311616443454,38849.505554522155,37353.375687210646,37702.47265625,1791726,0.0,0.0
2023-11-01 00:00:00+09:00,37901.95624168883,38201.18221201795,37353.37529608544,37502.98828125,1272093,0.0,0.0
2023-11-02 00:00:00+09:00,37901.95423962387,38500.40614867056,37802.21225478275,38450.53515625,1529650,0.0,0.0
2023-11-03 00:00:00+09:00,39148.73063426907,41442.7963784428,38799.633673199154,41193.44140625,3675484,0.0,0.0
2023-11-06 00:00:00+09:00,42889.0541981264,44584.66796875,42190.860292575504,44584.66796875,4871031,0.0,0.0
2023-11-07 00:00:00+09:00,44584.67000892857,44634.541004464285,42739.443174107146,43637.12109375,2026104,0.0,0.0
2023-11-08 00:00:00+09:00,44235.57343661121,44883.89638438567,43736.863476784696,43836.60546875,1515109,0.0,0.0
2023-11-09 00:00:00+09:00,43337.894861054,46380.02557051809,43337.894861054,45482.34765625,3198261,0.0,0.0
2023-11-10 00:00:00+09:00,45681.83173603505,45981.057708105145,44883.89581051478,45532.21875,1978790,0.0,0.0
2023-11-13 00:00:00+09:00,45681.83440972222,46330.15738715278,44784.15644097222,44883.8984375,1288632,0.0,0.0
2023-11-14 00:00:00+09:00,46030.930075175296,46828.86602447411,45382.60711637001,46230.4140625,1718239,0.0,0.0
2023-11-15 00:00:00+09:00,47078.22088509317,48324.99580260093,46679.25291149069,48175.3828125,2792797,0.0,0.0
2023-11-16 00:00:00+09:00,47277.70083960062,48125.507711196835,46729.11992268542,48075.63671875,1565115,0.0,0.0
2023-11-17 00:00:00+09:00,48025.76824835526,48025.76824835526,47078.219342105265,47377.4453125,1144308,0.0,0.0
2023-11-20 00:00:00+09:00,47128.09092246339,48025.768844796024,46878.73594403765,47676.671875,929546,0.0,0.0
2023-11-21 00:00:00+09:00,48175.38078997462,49472.02664974619,48175.38078997462,49122.9296875,2483017,0.0,0.0
2023-11-22 00:00:00+09:00,48624.22175928802,50868.416609716696,48125.51179252609,50170.22265625,2467921,0.0,0.0
2023-11-23 00:00:00+09:00,50269.964649602385,50469.448636307156,49472.0287027833,50170.22265625,1394573,0.0,0.0
2023-11-24 00:00:00+09:00,50269.96503712871,50768.675007735146,49870.99706064356,50369.70703125,1011208,0.0,0.0
2023-11-27 00:00:00+09:00,50668.931732698096,50868.41571589769,49172.8018587011,49721.3828125,1480318,0.0,0.0
2023-11-28 00:00:00+09:00,49870.994373776906,51067.89823874755,49671.510396281796,50968.15625,1423510,0.0,0.0
2023-11-29 00:00:00+09:00,50668.93301361386,51167.64298422029,49970.73905476485,50369.70703125,1284120,0.0,0.0
2023-11-30 00:00:00+09:00,50070.48104888614,50768.675007735146,49870.99706064356,50369.70703125,1613598,0.0,0.0
2023-12-01 00:00:00+09:00,50269.95950704226,50269.95950704226,49521.89463342555,49571.765625,1105367,0.0,0.0
2023-12-04 00:00:00+09:00,49671.50981176181,51167.6396253691,49621.638817974905,50668.9296875,1785113,0.0,0.0
2023-12-05 00:00:00+09:00,50569.18769992618,51067.89763779528,50070.47776205709,50668.9296875,1142447,0.0,0.0
2023-12-06 00:00:00+09:00,50569.19101949257,50968.15899597772,50070.48104888614,50369.70703125,1039034,0.0,0.0
2023-12-07 00:00:00+09:00,50070.48104888614,50668.93301361386,49870.99706064356,50369.70703125,723544,0.0,0.0
2023-12-08 00:00:00+09:00,51267.38340183753,51865.83534816247,50569.18946445842,51566.609375,1481560,0.0,0.0
2023-12-11 00:00:00+09:00,51865.83613243762,53062.740043186175,51766.09413987524,51965.578125,1538081,0.0,0.0
2023-12-12 00:00:00+09:00,52364.54550253378,52564.02948540058,51666.3515625,51666.3515625,966939,0.0,0.0
2023-12-13 00:00:00+09:00,51666.34976669941,51865.83374263261,50569.1878990668,50768.671875,886654,0.0,0.0
2023-12-14 00:00:00+09:00,52264.80447168508,54758.35430334944,52165.062478418506,54159.90234375,4990407,0.0,0.0
2023-12-15 00:00:00+09:00,54259.641621129325,54858.09355077413,53860.67366803278,54758.3515625,2212939,0.0,0.0
2023-12-18 00:00:00+09:00,54858.091517857145,54858.091517857145,53561.445718344155,53760.9296875,1357544,0.0,0.0
2023-12-19 00:00:00+09:00,53361.965431865705,54259.64335501858,53062.73945748141,53661.19140625,933314,0.0,0.0
2023-12-20 00:00:00+09:00,54060.15917423185,54060.15917423185,52863.25528107542,53561.44921875,1132733,0.0,0.0
2023-12-21 00:00:00+09:00,52763.51151899858,53461.70543323863,51865.83362926136,52663.76953125,1536311,0.0,0.0
2023-12-22 00:00:00+09:00,53162.4794699929,53561.44742098721,52464.28555575284,52663.76953125,1215421,0.0,0.0
2023-12-26 00:00:00+09:00,51965.57482257872,53262.22064348759,51965.57482257872,52264.80078125,957793,0.0,0.0
2023-12-27 00:00:00+09:00,52264.80275632023,53361.96464624298,51965.57678634129,53262.22265625,940418,0.0,0.0
2023-12-28 00:00:00+09:00,53561.45038415055,54159.90234375,53162.48241108425,54159.90234375,979793,0.0,0.0
2024-01-02 00:00:00+09:00,54159.89791126943,57750.609375,53860.67195595855,57750.609375,3726752,0.0,0.0
2024-01-03 00:00:00+09:00,56952.67478053224,57451.38471731448,55855.512919611305,56453.96484375,1917854,0.0,0.0
2024-01-04 00:00:00+09:00,55656.03392701049,57650.873852709796,55456.54993444056,57052.421875,1884358,0.0,0.0
2024-01-05 00:00:00+09:00,57251.90311379928,57351.645105286734,55356.805275537634,55656.03125,1316579,0.0,0.0
2024-01-08 00:00:00+09:00,55656.03392701049,58648.293815559446,55656.03392701049,57052.421875,2497737,0.0,0.0
2024-01-09 00:00:00+09:00,58349.06679221678,59047.26075383305,58149.582803183555,58548.55078125,2166853,0.0,0.0
2024-01-10 00:00:00+09:00,58748.03573031039,59845.19768792229,58448.80974187078,59047.26171875,2729859,0.0,0.0
2024-01-11 00:00:00+09:00,60144.41896458676,61740.290777909126,59246.74106959293,60643.12890625,4601300,0.0,0.0
2024-01-12 00:00:00+09:00,60742.87009131829,61042.09605235927,58947.514325072436,60244.16015625,2014084,0.0,0.0
2024-01-15 00:00:00+09:00,60343.90353288666,61042.097458060554,59645.709607712764,60942.35546875,397232,0.0,0.0
2024-01-16 00:00:00+09:00,60443.64647126678,61540.808370910236,59246.74258074664,59446.2265625,1918777,0.0,0.0
2024-01-17 00:00:00+09:00,59446.22633152174,59745.452302989135,56453.96661684783,57351.64453125,3326071,0.0,0.0
2024-01-18 00:00:00+09:00,57052.41717099472,57750.61108742298,55755.771326199385,56653.44921875,2237185,0.0,0.0
2024-01-19 00:00:00+09:00,57950.09667290582,58648.29060872396,56952.67676459419,57451.38671875,1736180,0.0,0.0
2024-01-22 00:00:00+09:00,58149.578215037676,58748.030134918,55656.02854886968,56254.48046875,1934438,0.0,0.0
2024-01-23 00:00:00+09:00,56553.7089945299,57850.35487976603,56453.96700335789,57551.12890625,1100723,0.0,0.0
2024-01-24 00:00:00+09:00,57351.64689429012,57351.64689429012,56154.74295910494,56553.7109375,927568,0.0,0.0
2024-01-25 00:00:00+09:00,56154.7416015625,56553.709570312494,54558.869726562494,55855.515625,1817363,0.0,0.0
2024-01-26 00:00:00+09:00,55556.28695754196,57251.90074260159,55456.54497018551,56453.96484375,904913,0.0,0.0
2024-01-29 00:00:00+09:00,56453.96617879747,57052.41811708861,55057.57832278481,55157.3203125,1329616,0.0,0.0
2024-01-30 00:00:00+09:00,55755.77423601519,55855.51622928176,53461.70839088398,54159.90234375,2011521,0.0,0.0
2024-01-31 00:00:00+09:00,53561.450803571424,53760.93479166667,52065.32089285714,52364.546875,1794783,0.0,0.0
2024-02-01 00:00:00+09:00,51766.09529174573,52962.999229127134,51367.1273126186,52564.03125,1422821,0.0,0.0
2024-02-02 00:00:00+09:00,53661.19235679396,56453.96816718473,53561.450363565724,56154.7421875,2428683,0.0,0.0
2024-02-05 00:00:00+09:00,56852.93352272727,57251.901477272724,54459.12579545454,54858.09375,1564624,0.0,0.0
2024-02-06 00:00:00+09:00,54359.3857421875,54858.095703125,53661.191796875,53860.67578125,982600,0.0,0.0
2024-02-07 00:00:00+09:00,54259.64335501858,55556.28924401719,53461.707423327134,53661.19140625,1256600,0.0,0.0
2024-02-08 00:00:00+09:00,54359.3857421875,54558.869726562494,53561.449804687494,53860.67578125,1532750,0.0,0.0
2024-02-13 00:00:00+09:00,53860.6771309415,55157.323061871575,53860.6771309415,54558.87109375,957145,0.0,0.0
2024-02-14 00:00:00+09:00,53760.93167975865,54758.3515625,53062.73776183971,54758.3515625,886156,0.0,0.0
2024-02-15 00:00:00+09:00,56653.450252951094,61241.58178752108,56553.70826306914,59147.0,10199107,0.0,0.0
2024-02-16 00:00:00+09:00,59346.4821677012,59545.96614137415,58149.57832566353,58249.3203125,2310632,0.0,0.0
2024-02-19 00:00:00+09:00,58648.291800902065,58947.51777947809,57950.097850891325,58049.83984375,1409033,0.0,0.0
2024-02-20 00:00:00+09:00,57750.61482511712,59845.19670996592,57650.87283060051,58548.55078125,1943466,0.0,0.0
2024-02-21 00:00:00+09:00,58648.29140625,58748.033398437496,57850.35546875,57850.35546875,844219,0.0,0.0
2024-02-22 00:00:00+09:00,58448.80327072539,58748.02922603627,57551.12540479274,57750.609375,972001,0.0,0.0
2024-02-23 00:00:00+09:00,57950.0956723402,58049.837661449215,56453.965835704905,56952.67578125,1330016,0.0,0.0
2024-02-26 00:00:00+09:00,57351.64373768608,57850.35368323117,56852.93379214098,56952.67578125,871467,0.0,0.0
2024-02-27 00:00:00+09:00,57052.41717099472,57551.127111300615,56154.7392784441,56653.44921875,1022628,0.0,0.0
2024-02-28 00:00:00+09:00,56714.35864433453,57313.4539821268,55116.771076888486,55516.16796875,1463434,61.0,0.0
2024-02-29 00:00:00+09:00,55016.92276178471,55216.62121101079,52920.089044910885,53219.63671875,3056344,0.0,0.0
2024-03-04 00:00:00+09:00,53519.18361581921,54817.223516949154,52820.23905367232,53019.9375,1830422,0.0,0.0
2024-03-05 00:00:00+09:00,52520.69383160058,52820.24151505077,51522.20155343327,51622.05078125,1737655,0.0,0.0
2024-03-06 00:00:00+09:00,51322.49998494702,52221.14298079239,51322.49998494702,51821.74609375,902578,0.0,0.0
2024-03-07 00:00:00+09:00,52121.29372932419,53619.032054879484,51921.595285916825,52820.23828125,1425978,0.0,0.0
2024-03-08 00:00:00+09:00,53519.18597274436,54118.2813381109,52920.09060737782,53119.7890625,1466862,0.0,0.0
2024-03-11 00:00:00+09:00,53119.786658653844,54717.37422733516,52620.54054344093,54517.67578125,1047193,0.0,0.0
2024-03-12 00:00:00+09:00,54917.07339269713,55915.565636200714,54717.374943996416,55715.8671875,1388337,0.0,0.0
2024-03-13 00:00:00+09:00,55815.71568080357,55915.56490384615,54018.42966603709,54517.67578125,1088171,0.0,0.0
2024-03-14 00:00:00+09:00,54517.674991461754,55715.86565061475,54517.674991461754,54817.22265625,1792414,0.0,0.0
2024-03-15 00:00:00+09:00,54917.07269524029,54917.07269524029,53818.73124133549,54018.4296875,926038,0.0,0.0
2024-03-18 00:00:00+09:00,54118.28055719339,54218.12978331368,52620.54216538915,52920.08984375,1168724,0.0,0.0
2024-03-19 00:00:00+09:00,52620.542240084134,52720.391466346155,51622.04997746394,51921.59765625,1116159,0.0,0.0
2024-03-20 00:00:00+09:00,52320.99217273157,53119.78594636106,52221.14295102788,52820.23828125,869967,0.0,0.0
2024-03-21 00:00:00+09:00,53818.731263118,54118.278932486006,52720.389808768654,53519.18359375,1359646,0.0,0.0
2024-03-22 00:00:00+09:00,53519.18359375,54218.128155608676,53219.635924382,53519.18359375,881388,0.0,0.0
2024-03-25 00:00:00+09:00,53319.4859142658,54417.82738440985,53019.93824059015,53718.8828125,717693,0.0,0.0
2024-03-26 00:00:00+09:00,54118.278105077414,55116.77032103825,53818.73044028917,54817.22265625,1170288,0.0,0.0
2024-03-27 00:00:00+09:00,54118.27965328467,55116.77189781022,53818.731979927004,54717.375,779339,0.0,0.0
2024-03-28 00:00:00+09:00,54717.37344898897,55616.01644358916,54317.9765625,54317.9765625,955506,0.0,0.0
2024-03-29 00:00:00+09:00,54417.828976082405,54817.2258859986,53419.336701291904,53619.03515625,870563,0.0,0.0
2024-04-01 00:00:00+09:00,54018.430486175654,54417.82738440985,53519.1843633829,53718.8828125,775737,0.0,0.0
2024-04-02 00:00:00+09:00,53119.78924560547,53119.78924560547,50923.10623168945,51122.8046875,2856932,0.0,0.0
2024-04-03 00:00:00+09:00,51122.80392156863,51921.59773284314,50923.10546875,50923.10546875,1332410,0.0,0.0
2024-04-04 00:00:00+09:00,51122.8032454361,51422.35092070233,49025.969518572514,49225.66796875,2658438,0.0,0.0
2024-04-05 00:00:00+09:00,48327.02381410257,49025.96837339744,48127.32536858974,48676.49609375,1559612,0.0,0.0
2024-04-08 00:00:00+09:00,48776.34685354146,49674.98988666709,48227.17611107579,49075.89453125,1006988,0.0,0.0
2024-04-09 00:00:00+09:00,49025.9683534264,50024.46058058376,48776.34529663705,49175.7421875,775713,0.0,0.0
2024-04-11 00:00:00+09:00,48376.947666005464,48726.419940166496,47628.07850708897,47977.55078125,2005085,0.0,0.0
2024-04-12 00:00:00+09:00,47977.55392420977,48376.95083512931,47578.157013290234,47777.85546875,946914,0.0,0.0
2024-04-15 00:00:00+09:00,47028.983957787954,47927.62696335078,46779.36090068717,47678.00390625,801117,0.0,0.0
2024-04-16 00:00:00+09:00,47128.83322192514,47328.53166778075,46529.73788435829,46679.51171875,1144123,0.0,0.0
2024-04-17 00:00:00+09:00,46629.586712086886,47927.62659914712,46629.586712086886,46829.28515625,1043806,0.0,0.0
2024-04-18 00:00:00+09:00,47278.60733834012,50124.31020875764,46829.285832484726,49025.96875,2262675,0.0,0.0
2024-04-19 00:00:00+09:00,48277.09959731867,49525.21489197531,47628.079644097226,48526.72265625,1184289,0.0,0.0
2024-04-22 00:00:00+09:00,49375.442613998726,49625.06568080357,48376.95034677934,48926.12109375,641194,0.0,0.0
2024-04-23 00:00:00+09:00,48626.57353618421,48676.49814967105,46979.06129111842,47428.3828125,1782455,0.0,0.0
2024-04-24 00:00:00+09:00,47927.62733887734,48327.024233367985,47777.853503443344,48027.4765625,725443,0.0,0.0
2024-04-25 00:00:00+09:00,47428.38047204641,47827.77736023207,47028.98358386076,47328.53125,847788,0.0,0.0
2024-04-26 00:00:00+09:00,47777.854333212206,47827.77894589059,47078.90975571485,47228.68359375,656101,0.0,0.0
2024-04-29 00:00:00+09:00,47578.15657216495,48526.72422680412,47528.23195876289,48426.875,950410,0.0,0.0
2024-04-30 00:00:00+09:00,48277.09959731867,48776.34571518133,48227.17498553241,48526.72265625,1015126,0.0,0.0
2024-05-02 00:00:00+09:00,48077.40194342003,48476.79884429995,47977.55271820005,48227.17578125,889047,0.0,0.9956
2024-05-03 00:00:00+09:00,48926.11796557419,50224.15782996697,48926.11796557419,49125.81640625,1373246,0.0,0.0
2024-05-07 00:00:00+09:00,49824.760940643864,50423.85626257545,49325.51483903421,49625.0625,1465976,0.0,0.0
2024-05-08 00:00:00+09:00,49674.98944998745,50024.4617375753,49275.59254988705,49724.9140625,737154,0.0,0.0
2024-05-09 00:00:00+09:00,50124.31023341049,50523.70712770062,48327.02420910494,48526.72265625,2000421,0.0,0.0
2024-05-10 00:00:00+09:00,48926.12039095188,48976.04500359571,47578.15584956852,47727.9296875,1407165,0.0,0.0
2024-05-13 00:00:00+09:00,47628.08130817819,47678.00592170878,46929.13671875,46929.13671875,995194,0.0,0.0
2024-05-14 00:00:00+09:00,47128.83480707395,47328.5332596463,46579.6640625,46579.6640625,1185101,0.0,0.0
2024-05-16 00:00:00+09:00,46979.060563568375,47628.080528846156,46679.51288728633,46729.4375,1445556,0.0,0.0
2024-05-17 00:00:00+09:00,46529.73868070506,47028.98480388859,46330.040231431645,46379.96484375,923404,0.0,0.0
2024-05-20 00:00:00+09:00,46729.435565960914,46729.435565960914,45930.641795602605,45980.56640625,947656,0.0,0.0
2024-05-21 00:00:00+09:00,45581.17107589771,46180.26642410229,45281.62340179543,45880.71875,1159453,0.0,0.0
2024-05-22 00:00:00+09:00,45730.9453125,46130.342214792574,45431.397635780566,45730.9453125,1200115,0.0,0.0
2024-05-23 00:00:00+09:00,45730.94494293179,45880.71878008113,45181.77420671754,45381.47265625,894733,0.0,0.0
2024-05-24 00:00:00+09:00,44982.07581815945,45181.7742679626,44333.055856299216,44382.98046875,1280352,0.0,0.0
2024-05-27 00:00:00+09:00,44532.755742230096,46529.740304661944,44482.8311281693,45780.87109375,1500538,0.0,0.0
2024-05-28 00:00:00+09:00,45930.64301552107,45980.567627494456,45032.0,45032.0,734989,0.0,0.0
2024-05-29 00:00:00+09:00,44582.67816517857,44882.22583482142,43634.110544642856,43684.03515625,1439203,0.0,0.0
2024-05-30 00:00:00+09:00,43234.71520618557,43983.5844072165,43035.01675257732,43584.1875,798465,0.0,0.0
2024-05-31 00:00:00+09:00,43983.58403850318,44283.131716404445,42935.16716584873,43234.71484375,2172503,0.0,0.0
2024-06-03 00:00:00+09:00,43284.63938611033,45081.92545058549,43234.71477320824,44233.20703125,904573,0.0,0.0
2024-06-04 00:00:00+09:00,43833.80933821468,44882.226190267655,43783.88472621216,44532.75390625,710096,0.0,0.0
2024-06-05 00:00:00+09:00,44832.30039983165,44882.225010521885,44083.431239478115,44482.828125,652883,0.0,0.0
2024-06-07 00:00:00+09:00,44532.753531073446,45081.92425847457,44083.432026836155,44183.28125,922538,0.0,0.0
2024-06-10 00:00:00+09:00,43634.110970127615,43733.96019431554,42885.2417887181,43035.015625,913040,0.0,0.0
2024-06-11 00:00:00+09:00,43284.6398600449,43783.88599453215,42935.16756590382,43084.94140625,707905,0.0,0.0
2024-06-12 00:00:00+09:00,43084.93906522213,43534.26056184669,42685.54217933363,42985.08984375,1047526,0.0,0.0
2024-06-13 00:00:00+09:00,43284.63981958763,44033.509020618556,43084.94136597938,43584.1875,2477617,0.0,0.0
2024-06-14 00:00:00+09:00,43184.78864874004,44133.356260677676,42985.09020412158,43833.80859375,1154685,0.0,0.0
2024-06-17 00:00:00+09:00,43434.41175928655,43684.034815374405,42086.447256412146,42336.0703125,1321022,0.0,0.0
2024-06-18 00:00:00+09:00,42435.921108525414,42935.16723921395,42136.3734301123,42236.22265625,871491,0.0,0.0
2024-06-19 00:00:00+09:00,42435.9210718458,42735.46875,41736.97648948598,42735.46875,1430015,0.0,0.0
2024-06-20 00:00:00+09:00,42485.84414615271,42735.467202240565,42136.371867629714,42336.0703125,783732,0.0,0.0
2024-06-21 00:00:00+09:00,42385.99681796784,43084.94140625,42336.072204519114,43084.94140625,2111727,0.0,0.0
2024-06-24 00:00:00+09:00,42735.466817776454,42885.240650081745,41986.59765625,41986.59765625,891039,0.0,0.0
2024-06-25 00:00:00+09:00,42186.29894721799,42236.22356135671,40938.18359375,40938.18359375,1607274,0.0,0.0
2024-06-26 00:00:00+09:00,40588.70971210186,42036.52346567007,40438.93587552584,41537.27734375,1244850,0.0,0.0
2024-06-27 00:00:00+09:00,41038.03049582302,41237.72894105817,40339.0859375,40339.0859375,1203554,0.0,0.0
2024-06-28 00:00:00+09:00,40588.7109375,41187.80630189114,40289.163255304426,40588.7109375,936191,0.0,0.0
2024-07-01 00:00:00+09:00,40239.23899580793,41087.95743616616,40189.31438166921,40938.18359375,714241,0.0,0.0
2024-07-02 00:00:00+09:00,40538.78677734375,40738.485234375,39889.76679199219,39939.69140625,1130668,0.0,0.0
2024-07-03 00:00:00+09:00,40039.5390625,40938.18208385287,39939.689837905236,40039.5390625,1173859,0.0,0.0
2024-07-04 00:00:00+09:00,40039.539828241315,40588.710574015204,39939.69060173698,40239.23828125,861325,0.0,0.0
2024-07-05 00:00:00+09:00,40239.23894954819,41736.97737198795,40039.54049322289,41437.4296875,1530900,0.0,0.0
2024-07-08 00:00:00+09:00,41437.42731058373,43035.01486954599,41137.8796432783,42336.0703125,1595728,0.0,0.0
2024-07-09 00:00:00+09:00,42286.1468685586,43084.94067008981,41936.674580388695,42385.99609375,1123272,0.0,0.0
2024-07-10 00:00:00+09:00,41936.67379385965,42835.31680372807,41537.276900584795,42685.54296875,1285909,0.0,0.0
2024-07-11 00:00:00+09:00,43084.93828862898,43184.78750830136,42036.52148206907,42286.14453125,1381961,0.0,0.0
2024-07-12 00:00:00+09:00,42286.14609837278,43933.658284023666,41886.74920488166,42186.296875,1870201,0.0,0.0
2024-07-15 00:00:00+09:00,42485.84416486426,42835.316443541175,41836.82421875,41836.82421875,1108465,0.0,0.0
2024-07-16 00:00:00+09:00,41886.74886823808,42086.44731337867,40738.482808679706,40838.33203125,1196676,0.0,0.0
2024-07-17 00:00:00+09:00,40888.25585463441,41387.5019578656,40488.85897204946,41137.87890625,1538706,0.0,0.0
2024-07-18 00:00:00+09:00,40738.48473572297,41087.95703125,40239.23859925577,41087.95703125,936043,0.0,0.0
2024-07-19 00:00:00+09:00,40838.330855123946,42036.5214914601,40588.70780588724,41287.65234375,1145416,0.0,0.0
2024-07-22 00:00:00+09:00,41287.65313356425,41537.27618757613,40788.4070255405,40988.10546875,880598,0.0,0.0
2024-07-23 00:00:00+09:00,40438.93400096525,41387.50158864221,38641.6480453668,38791.421875,4258210,0.0,0.0
2024-07-24 00:00:00+09:00,38441.95035951328,40588.708626343236,38042.55347266119,39490.3671875,2560151,0.0,0.0
2024-07-25 00:00:00+09:00,39290.66871532059,40638.63320745993,38991.12105040074,40488.859375,1532071,0.0,0.0
2024-07-26 00:00:00+09:00,40488.86138701319,40538.78600031407,39739.9921875,39739.9921875,950430,0.0,0.0
2024-07-29 00:00:00+09:00,39789.916399405505,40089.46407618899,39440.444109824784,39889.765625,655444,0.0,0.0
2024-07-30 00:00:00+09:00,39540.29181338028,40089.46253301056,38891.27187199904,38991.12109375,1029339,0.0,0.0
2024-07-31 00:00:00+09:00,39190.81914162149,39340.59297273597,38691.573037906564,39140.89453125,1137172,0.0,0.0
2024-08-01 00:00:00+09:00,39290.67066779208,40089.464480606155,39240.7460544912,39739.9921875,877795,0.0,0.0
2024-08-02 00:00:00+09:00,39440.442576643494,40089.46251777813,39190.81952236094,39490.3671875,1041566,0.0,0.0
2024-08-05 00:00:00+09:00,39490.3694204115,39540.29403409091,35296.701871341254,36245.26953125,2685140,0.0,0.0
2024-08-06 00:00:00+09:00,36694.59166837994,38941.19932154605,36694.59166837994,37942.70703125,1744154,0.0,0.0
2024-08-07 00:00:00+09:00,37243.76163715731,38691.57542734171,37243.76163715731,38242.25390625,1361364,0.0,0.0
2024-08-08 00:00:00+09:00,38891.27347305754,39041.047311849805,37443.45969806567,38392.02734375,1878038,0.0,0.0
2024-08-09 00:00:00+09:00,38841.350200591216,39041.04865920608,36544.81792652027,36944.21484375,3189269,0.0,0.0
2024-08-12 00:00:00+09:00,37044.0625,37643.157850404314,36744.51482479784,37044.0625,1342896,0.0,0.0
2024-08-13 00:00:00+09:00,36894.2879142342,37044.06174879808,36145.41874141483,36345.1171875,1205169,0.0,0.0
2024-08-14 00:00:00+09:00,36594.74178413723,36844.36485224185,36245.269488790764,36744.515625,1074501,0.0,0.0
2024-08-16 00:00:00+09:00,37243.75978967168,37293.6844006498,36494.890625,36494.890625,1170171,0.0,0.0
2024-08-19 00:00:00+09:00,36594.7421875,37343.611400068214,36295.19450247272,36594.7421875,1211287,0.0,0.0
2024-08-20 00:00:00+09:00,36844.36171875,36944.2109375,36345.115625,36444.96484375,950218,0.0,0.0
2024-08-21 00:00:00+09:00,36444.96718109631,36744.514856557376,36345.117955942624,36544.81640625,669506,0.0,0.0
2024-08-22 00:00:00+09:00,36844.362870339544,37643.156645306255,36694.58903753329,37493.3828125,1653724,0.0,0.0
2024-08-23 00:00:00+09:00,37393.53515625,37743.00744742991,37044.0628650701,37393.53515625,872362,0.0,0.0
2024-08-26 00:00:00+09:00,37493.38239865956,38841.34687903747,37093.98551558462,38641.6484375,1753855,0.0,0.0
2024-08-27 00:00:00+09:00,38591.72701994244,38841.35009251645,37942.70703125,37942.70703125,1148870,0.0,0.0
2024-08-28 00:00:00+09:00,37942.70672106326,38092.480563383244,36944.214438930016,37093.98828125,1183525,0.0,0.0
2024-08-29 00:00:00+09:00,36944.21484375,37343.61176097973,36694.59177048142,36944.21484375,820801,0.0,0.0
2024-08-30 00:00:00+09:00,37193.83476667507,37693.08087092574,37093.98554582494,37143.91015625,1353912,0.0,0.0
2024-09-02 00:00:00+09:00,37293.68478467988,37293.68478467988,36694.589446773374,36844.36328125,734047,0.0,0.0
2024-09-03 00:00:00+09:00,36844.362515107045,37343.60861964779,36145.41796875,36145.41796875,1238880,0.0,0.0
2024-09-04 00:00:00+09:00,35346.6270818082,35446.47631085286,33898.81326066069,34098.51171875,3028343,0.0,0.0
2024-09-05 00:00:00+09:00,34198.360140375546,35097.0031805606,34198.360140375546,34398.05859375,1313025,0.0,0.0
2024-09-06 00:00:00+09:00,34398.055859375,34647.67890625,33798.960546875,33948.734375,1105965,0.0,0.0
2024-09-09 00:00:00+09:00,33000.166796875,34048.58359375,32850.39296875,33948.734375,962302,0.0,0.0
2024-09-10 00:00:00+09:00,34198.35860063326,34447.98165611234,33749.037100770925,33998.66015625,1017498,0.0,0.0
2024-09-11 00:00:00+09:00,34048.5863003447,35047.07856721698,34048.5863003447,34398.05859375,975995,0.0,0.0
2024-09-12 00:00:00+09:00,34747.52850954739,35346.62382867751,34348.1316301273,35296.69921875,2063865,0.0,0.0
2024-09-13 00:00:00+09:00,35346.625768082864,35746.022669417136,35196.851930082514,35546.32421875,712365,0.0,0.0
2024-09-19 00:00:00+09:00,36345.1188473796,36395.04346118095,34847.38043333923,35246.77734375,973775,0.0,0.0
2024-09-20 00:00:00+09:00,35596.24808045308,36245.268031429085,34847.37890625,34847.37890625,1194728,0.0,0.0
2024-09-23 00:00:00+09:00,34947.2265625,35546.321875,34747.528125,35446.47265625,788030,0.0,0.0
2024-09-24 00:00:00+09:00,35446.47496104571,36045.5703125,35146.92728531856,36045.5703125,864475,0.0,0.0
2024-09-25 00:00:00+09:00,36395.04063153765,36644.66368113668,35746.020702580194,35795.9453125,957615,0.0,0.0
2024-09-26 00:00:00+09:00,35895.796051232996,36694.58984375,35845.87143920068,36694.58984375,956351,0.0,0.0
2024-09-27 00:00:00+09:00,36694.59141584243,36844.36525835607,36195.34527413028,36594.7421875,764657,0.0,0.0
2024-09-30 00:00:00+09:00,36994.139150025934,37493.38529240145,36095.49609375,36095.49609375,1575319,0.0,0.0
2024-10-02 00:00:00+09:00,35646.17109375,36494.889453125,35446.47265625,35945.71875,1085080,0.0,0.0
2024-10-04 00:00:00+09:00,35945.71951634877,36994.13633557561,35895.7949059094,36644.6640625,1058670,0.0,0.0
2024-10-07 00:00:00+09:00,36644.665231717685,37044.06212797619,36095.49449936225,36694.58984375,1092340,0.0,0.0
2024-10-08 00:00:00+09:00,36494.89331186655,37044.06407305743,36295.19485325169,36944.21484375,1017162,0.0,0.0
2024-10-10 00:00:00+09:00,37044.06054426037,37493.3820333417,36844.362104668675,37293.68359375,1900499,0.0,0.0
2024-10-11 00:00:00+09:00,37293.6847635361,37443.458597927805,36844.363260360966,37343.609375,866028,0.0,0.0
2024-10-14 00:00:00+09:00,37343.609375,37443.458597927805,36195.343311330216,37343.609375,1085483,0.0,0.0
2024-10-15 00:00:00+09:00,36494.89286603586,37593.234375,36494.89286603586,37593.234375,1486111,0.0,0.0
2024-10-16 00:00:00+09:00,37193.83630630818,37743.00704371675,37044.062468833115,37543.30859375,1084146,0.0,0.0
2024-10-17 00:00:00+09:00,37493.3820333417,37743.005082831325,37243.75898385207,37293.68359375,774171,0.0,0.0
2024-10-18 00:00:00+09:00,37343.611607142855,38641.651582792205,37343.611607142855,38441.953125,1975410,0.0,0.0
2024-10-21 00:00:00+09:00,38691.57380234772,39739.99064086295,38541.799968274114,39340.59375,1774111,0.0,0.0
2024-10-22 00:00:00+09:00,39240.743379769076,39290.667989667,37243.75898385207,37293.68359375,1787402,0.0,0.0
2024-10-23 00:00:00+09:00,37693.080860411144,37942.703912466844,36994.136314655174,37643.15625,811188,0.0,0.0
2024-10-24 00:00:00+09:00,37443.4597692757,37593.233608352806,36994.138252044395,37393.53515625,637040,0.0,0.0
2024-10-25 00:00:00+09:00,37393.532421875,37643.15546875,36045.56796875,36444.96484375,852346,0.0,0.0
2024-10-28 00:00:00+09:00,36395.04289573598,37393.53515625,36195.34444363318,37393.53515625,686130,0.0,0.0
2024-10-29 00:00:00+09:00,37193.83437395415,37743.005082831325,36994.13593436245,37293.68359375,450611,0.0,0.0
2024-10-30 00:00:00+09:00,37293.68359375,37992.62813232095,37093.9851541583,37293.68359375,847115,0.0,0.0
2024-10-31 00:00:00+09:00,37093.98751480041,37643.15825862652,36395.04293174898,36894.2890625,1258900,0.0,0.0
2024-11-01 00:00:00+09:00,36494.89300765042,36744.516078838176,36095.49609375,36095.49609375,689940,0.0,0.0
2024-11-04 00:00:00+09:00,36195.34217599565,37393.53281354585,36195.34217599565,37293.68359375,873319,0.0,0.0
2024-11-05 00:00:00+09:00,36894.28823985927,37892.78047909768,36744.51440397351,37693.08203125,740056,0.0,0.0
2024-11-06 00:00:00+09:00,37693.08128847469,37693.08128847469,36195.342959131325,36494.890625,981949,0.0,0.0
2024-11-07 00:00:00+09:00,36494.890625,36844.362901846784,36045.56912619699,36494.890625,745736,0.0,0.0
2024-11-08 00:00:00+09:00,36894.286328125,37193.833984375,34747.528125,34947.2265625,2225394,0.0,0.0
2024-11-11 00:00:00+09:00,34997.15198442137,35047.07659495549,33649.1875,33649.1875,1507751,0.0,0.0
2024-11-12 00:00:00+09:00,33349.64102443609,34248.284046052635,33149.94257518797,33199.8671875,1444893,0.0,0.0
2024-11-13 00:00:00+09:00,32950.243731287424,33449.489848428144,32800.46989614521,33349.640625,1190150,0.0,0.0
2024-11-14 00:00:00+09:00,33349.64025581174,34298.20786787824,32500.921866068027,32750.544921875,1837035,0.0,0.0
2024-11-15 00:00:00+09:00,33050.092545429514,34497.90626720815,32900.31871214207,33998.66015625,1328815,0.0,0.0
2024-11-18 00:00:00+09:00,33749.038194444445,35146.92735042735,33749.038194444445,35047.078125,1298626,0.0,0.0
2024-11-19 00:00:00+09:00,34747.53,36195.34375,34747.53,36195.34375,1485633,0.0,0.0
2024-11-20 00:00:00+09:00,35895.794140625,35945.71875,35196.849609375,35446.47265625,1012884,0.0,0.0
2024-11-21 00:00:00+09:00,34797.45621999467,35795.94850751245,34797.45621999467,35097.00390625,1106598,0.0,0.0
2024-11-22 00:00:00+09:00,35146.926144244106,36395.041419252775,35097.00153324376,35995.64453125,1095476,0.0,0.0
2024-11-25 00:00:00+09:00,36345.11916493776,36395.043779175314,35795.948408324686,36095.49609375,1189187,0.0,0.0
2024-11-26 00:00:00+09:00,35795.948706714524,37044.06407305743,35795.948706714524,36944.21484375,1228125,0.0,0.0
2024-11-27 00:00:00+09:00,37044.060534142765,38342.10039113429,36944.21131437419,38292.17578125,2268347,0.0,0.0
2024-11-28 00:00:00+09:00,38441.95000613547,38641.64844772578,37693.08085017179,38142.40234375,1210453,0.0,0.0
2024-11-29 00:00:00+09:00,38092.47918290212,40838.33285925811,37942.70534600998,40039.5390625,5364138,0.0,0.0
2024-12-02 00:00:00+09:00,40488.861585298044,42435.92151356761,40089.46467693505,42086.44921875,5583827,0.0,0.0
2024-12-03 00:00:00+09:00,42385.996061917926,42935.16680005821,41986.599161452265,42885.2421875,3152958,0.0,0.0
2024-12-04 00:00:00+09:00,42136.372434951714,47028.98440014753,41537.27709227468,46529.73828125,13795722,0.0,0.0
2024-12-05 00:00:00+09:00,45631.095397534016,46080.41690582483,43534.26169217687,44033.5078125,5207632,0.0,0.0
2024-12-06 00:00:00+09:00,44333.05702247191,45581.17236657303,42785.393995786515,44432.90625,6696783,0.0,0.0
2024-12-09 00:00:00+09:00,42985.0918522828,45032.00098810579,41986.59959090573,42236.22265625,4184554,0.0,0.0
2024-12-10 00:00:00+09:00,42935.164445553026,43933.656641961235,42885.23983573262,43783.8828125,2629946,0.0,0.0
2024-12-11 00:00:00+09:00,44183.281622232345,45231.69847428532,43833.80933821468,44532.75390625,2218036,0.0,0.0
2024-12-12 00:00:00+09:00,44932.149241990846,45181.77229333524,42435.91872854691,43634.109375,3811891,0.0,0.0
2024-12-13 00:00:00+09:00,43634.11008135894,46379.96369059777,43334.562414896514,45830.79296875,4615083,0.0,0.0
2024-12-16 00:00:00+09:00,46929.13573663254,46979.06034911832,43484.33747511377,43883.734375,4206177,0.0,0.0
2024-12-17 00:00:00+09:00,43584.18438229288,44183.279700262545,42635.61679550759,42785.390625,2019873,0.0,0.0
2024-12-18 00:00:00+09:00,42935.16561059908,43684.0347782258,42735.46716589862,43334.5625,1516552,0.0,0.0
2024-12-19 00:00:00+09:00,41986.59728174302,42635.61721594357,40788.40663398817,41137.87890625,2407758,0.0,0.0
2024-12-20 00:00:00+09:00,40738.484375,41437.428959865196,40289.16285615809,40738.484375,1973168,0.0,0.0
2024-12-23 00:00:00+09:00,40938.1804943325,40938.1804943325,39140.894521410584,39640.140625,2132239,0.0,0.0
2024-12-24 00:00:00+09:00,39690.0683840981,40089.465298655065,39440.4453125,39440.4453125,1110417,0.0,0.0
2024-12-26 00:00:00+09:00,39590.21643968872,39789.91488326848,38342.10116731517,38491.875,1921654,0.0,0.0
2024-12-27 00:00:00+09:00,38491.87421573359,39340.59258365508,38292.17577622265,38791.421875,1236769,0.0,0.0
2024-12-30 00:00:00+09:00,38741.49766852094,39090.96994130399,38042.55312295484,38142.40234375,1110508,0.0,0.0
2025-01-02 00:00:00+09:00,38441.95202978972,38541.80125584112,36944.21363901869,37393.53515625,1391090,0.0,0.0
2025-01-03 00:00:00+09:00,37393.53357527102,39190.81956820795,37393.53357527102,37992.62890625,1971546,0.0,0.0
2025-01-06 00:00:00+09:00,37743.00808189655,39190.82188397989,37743.00808189655,39090.97265625,1459048,0.0,0.0
2025-01-07 00:00:00+09:00,39340.595771345405,39839.84191057568,38491.877334653946,38591.7265625,1438838,0.0,0.0
2025-01-08 00:00:00+09:00,38242.25238135027,38941.19694184492,37143.91092914439,37343.609375,2887696,0.0,0.0
2025-01-09 00:00:00+09:00,37393.53320837534,37792.930091775874,37143.91015625,37143.91015625,2219066,0.0,0.0
2025-01-10 00:00:00+09:00,37143.91056771546,37343.60901162791,36345.116792065666,36494.890625,2240282,0.0,0.0
2025-01-13 00:00:00+09:00,36145.4171875,36844.36171875,36145.4171875,36444.96484375,1170255,0.0,0.0
2025-01-14 00:00:00+09:00,36594.739060379914,36894.286719810036,36295.19140094979,36794.4375,1087274,0.0,0.0
2025-01-15 00:00:00+09:00,36894.29022909628,38092.48098078547,36444.96869721284,36944.21484375,2186274,0.0,0.0
2025-01-16 00:00:00+09:00,37343.60939617208,37792.93089960196,36644.66483528116,36844.36328125,1271977,0.0,0.0
2025-01-17 00:00:00+09:00,36894.2879142342,36894.2879142342,36345.1171875,36345.1171875,1135029,0.0,0.0
2025-01-20 00:00:00+09:00,36345.11835562414,36644.66603437928,35746.022998113855,36395.04296875,1356111,0.0,0.0
2025-01-21 00:00:00+09:00,36395.04296875,36944.21371313443,36095.495289994855,36395.04296875,1166887,0.0,0.0
2025-01-22 00:00:00+09:00,36744.51566804408,36994.13873644111,36095.49569021178,36245.26953125,1154547,0.0,0.0
2025-01-23 00:00:00+09:00,36395.042225743004,36444.96683784965,35696.09765625,35696.09765625,1220022,0.0,0.0
2025-01-24 00:00:00+09:00,35845.87149256993,36295.19300152972,35646.173044143354,35696.09765625,1076274,0.0,0.0
2025-01-31 00:00:00+09:00,36045.56833645698,38941.19570974576,36045.56833645698,38292.17578125,6846406,0.0,0.0
2025-02-03 00:00:00+09:00,38292.17825770036,42385.9965329695,37693.0829003439,41736.9765625,14720792,0.0,0.0
2025-02-04 00:00:00+09:00,42535.76881494499,43084.9395390816,40139.38747325794,40838.33203125,12331280,0.0,0.0
2025-02-05 00:00:00+09:00,41237.728090639466,43484.33555320457,40938.18042896412,43134.86328125,10732661,0.0,0.0
2025-02-06 00:00:00+09:00,43933.659285320085,45431.39767004691,43434.41315707781,45231.69921875,9121099,0.0,0.0
2025-02-07 00:00:00+09:00,45131.85084269663,45181.77545646067,43484.338588483144,44432.90625,5102434,0.0,0.0
2025-02-10 00:00:00+09:00,44432.906433823526,45930.64485294117,42236.22341911765,42435.921875,6162748,0.0,0.0
2025-02-11 00:00:00+09:00,43134.86289381563,43384.48594296966,42186.29530703034,42785.390625,3387582,0.0,0.0
2025-02-12 00:00:00+09:00,42685.54499162947,42685.54499162947,41337.58041294643,41936.67578125,2941517,0.0,0.0
2025-02-13 00:00:00+09:00,42286.14496365827,43035.01411885883,39640.14061528296,40139.38671875,8123275,0.0,0.0
2025-02-14 00:00:00+09:00,40488.860246975804,40538.78485887097,38342.10193548387,38691.57421875,6091721,0.0,0.0
2025-02-17 00:00:00+09:00,39041.04570462548,39290.66875900288,38741.4980393726,38991.12109375,3131805,0.0,0.0
2025-02-18 00:00:00+09:00,38891.2734375,39290.67034058087,38541.801147304235,38891.2734375,2601628,0.0,0.0
2025-02-19 00:00:00+09:00,39090.972253697524,39590.218387205794,38791.42457359256,39240.74609375,2977884,0.0,0.0
2025-02-20 00:00:00+09:00,39540.29257075472,40688.55864288522,39490.36795892296,39690.06640625,4599415,0.0,0.0
2025-02-21 00:00:00+09:00,39939.689066416046,40189.312123081145,39540.29217575188,39839.83984375,2460853,0.0,0.0
2025-02-24 00:00:00+09:00,39590.216409213026,39939.688685208595,39140.89491150442,39490.3671875,1834667,0.0,0.0
2025-02-25 00:00:00+09:00,39140.89567610063,39739.99101808176,39041.046452437105,39690.06640625,1505555,0.0,0.0
2025-02-26 00:00:00+09:00,40089.46356331651,42336.0711104513,39989.6143389994,42036.5234375,7598359,0.0,0.0
2025-02-27 00:00:00+09:00,42835.317482775594,44382.98046875,42735.46825787402,44382.98046875,10185706,0.0,0.0
2025-02-28 00:00:00+09:00,43634.112154185976,44632.60442316048,42585.69527176274,43084.94140625,6591090,0.0,0.0
2025-03-04 00:00:00+09:00,42935.165666020286,43384.48716717632,41287.65349511486,41836.82421875,3387888,0.0,0.0
2025-03-05 00:00:00+09:00,42485.84489196636,43434.41252175174,42385.99566777842,43035.015625,2525062,0.0,0.0
2025-03-06 00:00:00+09:00,43434.412416851446,45331.54767184036,42485.84478935698,45032.0,6180767,0.0,0.0
2025-03-07 00:00:00+09:00,44450.0,44825.0,43450.0,43750.0,3099161,68.0,0.0
2025-03-10 00:00:00+09:00,43500.0,45950.0,43150.0,45400.0,4010592,0.0,0.0
2025-03-11 00:00:00+09:00,43900.0,44700.0,43550.0,44100.0,2486551,0.0,0.0
2025-03-12 00:00:00+09:00,44250.0,44650.0,43450.0,44100.0,1976354,0.0,0.0
2025-03-13 00:00:00+09:00,44150.0,44750.0,42350.0,43150.0,3269454,0.0,0.0
2025-03-14 00:00:00+09:00,43100.0,44050.0,43100.0,43450.0,1733603,0.0,0.0
2025-03-17 00:00:00+09:00,43500.0,43850.0,42300.0,43500.0,1693348,0.0,0.0
2025-03-18 00:00:00+09:00,43700.0,45050.0,43500.0,44000.0,2475410,0.0,0.0
2025-03-19 00:00:00+09:00,44000.0,44375.0,43100.0,43300.0,1642570,0.0,0.0
2025-03-20 00:00:00+09:00,43500.0,43950.0,42650.0,42650.0,1761461,0.0,0.0
2025-03-21 00:00:00+09:00,42650.0,43600.0,41900.0,43600.0,1900729,0.0,0.0
2025-03-24 00:00:00+09:00,43350.0,43500.0,41550.0,41900.0,1792693,0.0,0.0
2025-03-25 00:00:00+09:00,42100.0,42400.0,41750.0,42200.0,827099,0.0,0.0
2025-03-26 00:00:00+09:00,42350.0,43050.0,41400.0,42900.0,1180900,0.0,0.0
2025-03-27 00:00:00+09:00,42300.0,42350.0,41200.0,41600.0,1360153,0.0,0.0
2025-03-28 00:00:00+09:00,41600.0,41650.0,40500.0,41150.0,728635,0.0,0.0
2025-03-31 00:00:00+09:00,40250.0,40700.0,39100.0,39100.0,1711143,0.0,0.0
