Datetime,Open,High,Low,Close,Volume,Dividends,Stock Splits
2025-03-25 13:21:00+09:00,261500.0,261500.0,261000.0,261500.0,0,0.0,0.0
2025-03-25 13:22:00+09:00,261500.0,262000.0,261000.0,261000.0,456,0.0,0.0
2025-03-25 13:23:00+09:00,261500.0,261500.0,261000.0,261500.0,137,0.0,0.0
2025-03-25 13:24:00+09:00,261500.0,262000.0,261000.0,261500.0,232,0.0,0.0
2025-03-25 13:25:00+09:00,261000.0,261500.0,261000.0,261000.0,165,0.0,0.0
2025-03-25 13:26:00+09:00,261000.0,261500.0,261000.0,261500.0,92,0.0,0.0
2025-03-25 13:27:00+09:00,261500.0,261500.0,261000.0,261500.0,145,0.0,0.0
2025-03-25 13:28:00+09:00,261000.0,261500.0,261000.0,261000.0,236,0.0,0.0
2025-03-25 13:29:00+09:00,261500.0,261500.0,261000.0,261000.0,101,0.0,0.0
2025-03-25 13:30:00+09:00,261000.0,262000.0,261000.0,262000.0,1672,0.0,0.0
2025-03-25 13:31:00+09:00,262000.0,262000.0,261500.0,262000.0,1117,0.0,0.0
2025-03-25 13:32:00+09:00,262000.0,262000.0,261500.0,261500.0,113,0.0,0.0
2025-03-25 13:33:00+09:00,262000.0,262000.0,261000.0,261000.0,553,0.0,0.0
2025-03-25 13:34:00+09:00,261500.0,262000.0,261000.0,262000.0,298,0.0,0.0
2025-03-25 13:35:00+09:00,262000.0,262000.0,261500.0,262000.0,127,0.0,0.0
2025-03-25 13:36:00+09:00,262000.0,262000.0,261000.0,261000.0,443,0.0,0.0
2025-03-25 13:37:00+09:00,261250.0,261250.0,261000.0,261000.0,202,0.0,0.0
2025-03-25 13:38:00+09:00,261000.0,261500.0,260500.0,260500.0,1776,0.0,0.0
2025-03-25 13:39:00+09:00,261000.0,261500.0,260500.0,261000.0,352,0.0,0.0
2025-03-25 13:40:00+09:00,261000.0,261000.0,260500.0,261000.0,68,0.0,0.0
2025-03-25 13:41:00+09:00,260500.0,261000.0,260500.0,261000.0,109,0.0,0.0
2025-03-25 13:42:00+09:00,261000.0,261000.0,260500.0,261000.0,427,0.0,0.0
2025-03-25 13:43:00+09:00,260500.0,261000.0,260500.0,261000.0,981,0.0,0.0
2025-03-25 13:44:00+09:00,260500.0,260500.0,260000.0,260500.0,252,0.0,0.0
2025-03-25 13:45:00+09:00,260500.0,260500.0,260000.0,260500.0,127,0.0,0.0
2025-03-25 13:46:00+09:00,260500.0,260500.0,260000.0,260000.0,159,0.0,0.0
2025-03-25 13:47:00+09:00,260500.0,260500.0,260000.0,260500.0,284,0.0,0.0
2025-03-25 13:48:00+09:00,260500.0,261000.0,260000.0,261000.0,510,0.0,0.0
2025-03-25 13:49:00+09:00,261000.0,261000.0,260500.0,261000.0,84,0.0,0.0
2025-03-25 13:50:00+09:00,260500.0,261000.0,260500.0,260500.0,637,0.0,0.0
2025-03-25 13:51:00+09:00,260500.0,261000.0,260000.0,260500.0,859,0.0,0.0
2025-03-25 13:52:00+09:00,261000.0,261000.0,260000.0,260500.0,484,0.0,0.0
2025-03-25 13:53:00+09:00,260500.0,260500.0,260000.0,260000.0,1048,0.0,0.0
2025-03-25 13:54:00+09:00,260500.0,260500.0,260000.0,260500.0,461,0.0,0.0
2025-03-25 13:55:00+09:00,260000.0,260500.0,260000.0,260000.0,919,0.0,0.0
2025-03-25 13:56:00+09:00,259500.0,260000.0,259500.0,260000.0,740,0.0,0.0
2025-03-25 13:57:00+09:00,260000.0,260000.0,259500.0,259500.0,274,0.0,0.0
2025-03-25 13:58:00+09:00,259500.0,260000.0,259000.0,259000.0,825,0.0,0.0
2025-03-25 13:59:00+09:00,260000.0,260000.0,259500.0,260000.0,616,0.0,0.0
2025-03-25 14:00:00+09:00,259500.0,260000.0,259500.0,259500.0,983,0.0,0.0
2025-03-25 14:01:00+09:00,259500.0,260000.0,259500.0,260000.0,367,0.0,0.0
2025-03-25 14:02:00+09:00,259500.0,260500.0,259500.0,260500.0,2210,0.0,0.0
2025-03-25 14:03:00+09:00,260500.0,260500.0,260000.0,260500.0,310,0.0,0.0
2025-03-25 14:04:00+09:00,260000.0,260500.0,260000.0,260000.0,108,0.0,0.0
2025-03-25 14:05:00+09:00,260000.0,260500.0,260000.0,260500.0,1472,0.0,0.0
2025-03-25 14:06:00+09:00,260000.0,260500.0,260000.0,260500.0,1002,0.0,0.0
2025-03-25 14:07:00+09:00,260000.0,260500.0,260000.0,260500.0,291,0.0,0.0
2025-03-25 14:08:00+09:00,260000.0,260500.0,260000.0,260500.0,364,0.0,0.0
2025-03-25 14:09:00+09:00,260000.0,260500.0,260000.0,260500.0,170,0.0,0.0
2025-03-25 14:10:00+09:00,260000.0,260500.0,260000.0,260000.0,175,0.0,0.0
2025-03-25 14:11:00+09:00,260000.0,260500.0,260000.0,260000.0,201,0.0,0.0
2025-03-25 14:12:00+09:00,260000.0,260500.0,259500.0,260500.0,430,0.0,0.0
2025-03-25 14:13:00+09:00,260000.0,260500.0,259500.0,260000.0,405,0.0,0.0
2025-03-25 14:14:00+09:00,260000.0,260500.0,260000.0,260500.0,286,0.0,0.0
2025-03-25 14:15:00+09:00,260500.0,260500.0,260000.0,260500.0,569,0.0,0.0
2025-03-25 14:16:00+09:00,260000.0,260500.0,260000.0,260000.0,136,0.0,0.0
2025-03-25 14:17:00+09:00,260500.0,260500.0,260000.0,260000.0,105,0.0,0.0
2025-03-25 14:18:00+09:00,260000.0,260500.0,259500.0,260000.0,672,0.0,0.0
2025-03-25 14:19:00+09:00,260500.0,260500.0,259500.0,260000.0,375,0.0,0.0
2025-03-25 14:20:00+09:00,260500.0,260500.0,259500.0,259500.0,354,0.0,0.0
2025-03-25 14:21:00+09:00,260000.0,260500.0,259500.0,260000.0,925,0.0,0.0
2025-03-25 14:22:00+09:00,260000.0,260500.0,260000.0,260500.0,162,0.0,0.0
2025-03-25 14:23:00+09:00,260500.0,260500.0,260000.0,260000.0,133,0.0,0.0
2025-03-25 14:24:00+09:00,260000.0,260500.0,260000.0,260000.0,323,0.0,0.0
2025-03-25 14:25:00+09:00,260000.0,260500.0,260000.0,260500.0,328,0.0,0.0
2025-03-25 14:26:00+09:00,260000.0,260500.0,260000.0,260000.0,192,0.0,0.0
2025-03-25 14:27:00+09:00,260000.0,260500.0,260000.0,260500.0,347,0.0,0.0
2025-03-25 14:28:00+09:00,260500.0,260500.0,260000.0,260000.0,344,0.0,0.0
2025-03-25 14:29:00+09:00,260500.0,260500.0,260000.0,260500.0,1195,0.0,0.0
2025-03-25 14:30:00+09:00,260500.0,261000.0,260500.0,260500.0,1390,0.0,0.0
2025-03-25 14:31:00+09:00,260500.0,261000.0,260500.0,260500.0,363,0.0,0.0
2025-03-25 14:32:00+09:00,261000.0,261000.0,260000.0,260500.0,129,0.0,0.0
2025-03-25 14:33:00+09:00,260500.0,261000.0,260500.0,261000.0,190,0.0,0.0
2025-03-25 14:34:00+09:00,261000.0,261000.0,260500.0,260500.0,147,0.0,0.0
2025-03-25 14:35:00+09:00,260500.0,261000.0,260500.0,260500.0,99,0.0,0.0
2025-03-25 14:36:00+09:00,261000.0,261000.0,260500.0,260500.0,862,0.0,0.0
2025-03-25 14:37:00+09:00,260500.0,261000.0,260500.0,261000.0,214,0.0,0.0
2025-03-25 14:38:00+09:00,261000.0,261000.0,260500.0,260500.0,334,0.0,0.0
2025-03-25 14:39:00+09:00,261000.0,261000.0,260500.0,261000.0,431,0.0,0.0
2025-03-25 14:40:00+09:00,260500.0,261000.0,260500.0,260500.0,166,0.0,0.0
2025-03-25 14:41:00+09:00,260500.0,261000.0,260500.0,261000.0,143,0.0,0.0
2025-03-25 14:42:00+09:00,261000.0,261000.0,260500.0,261000.0,243,0.0,0.0
2025-03-25 14:43:00+09:00,261000.0,261000.0,260500.0,261000.0,341,0.0,0.0
2025-03-25 14:44:00+09:00,261000.0,261000.0,260500.0,261000.0,421,0.0,0.0
2025-03-25 14:45:00+09:00,261000.0,261000.0,260500.0,261000.0,741,0.0,0.0
2025-03-25 14:46:00+09:00,260500.0,261000.0,260500.0,260500.0,173,0.0,0.0
2025-03-25 14:47:00+09:00,261000.0,261000.0,260500.0,261000.0,149,0.0,0.0
2025-03-25 14:48:00+09:00,261000.0,261000.0,260500.0,260500.0,446,0.0,0.0
2025-03-25 14:49:00+09:00,261000.0,261000.0,260500.0,261000.0,229,0.0,0.0
2025-03-25 14:50:00+09:00,261000.0,261000.0,260500.0,260500.0,387,0.0,0.0
2025-03-25 14:51:00+09:00,260500.0,261000.0,260000.0,260500.0,1970,0.0,0.0
2025-03-25 14:52:00+09:00,260000.0,260500.0,260000.0,260000.0,396,0.0,0.0
2025-03-25 14:53:00+09:00,260000.0,260500.0,260000.0,260000.0,904,0.0,0.0
2025-03-25 14:54:00+09:00,260000.0,260500.0,259500.0,260500.0,750,0.0,0.0
2025-03-25 14:55:00+09:00,260000.0,260500.0,260000.0,260000.0,403,0.0,0.0
2025-03-25 14:56:00+09:00,260000.0,260500.0,260000.0,260500.0,347,0.0,0.0
2025-03-25 14:57:00+09:00,260500.0,260500.0,259500.0,259500.0,999,0.0,0.0
2025-03-25 14:58:00+09:00,259500.0,260000.0,259500.0,260000.0,307,0.0,0.0
2025-03-25 14:59:00+09:00,259500.0,260000.0,259500.0,260000.0,1282,0.0,0.0
2025-03-26 09:00:00+09:00,262000.0,264000.0,261000.0,262500.0,6403,0.0,0.0
2025-03-26 09:01:00+09:00,262000.0,263500.0,261000.0,262500.0,2642,0.0,0.0
2025-03-26 09:02:00+09:00,262500.0,263500.0,261500.0,262500.0,2051,0.0,0.0
2025-03-26 09:03:00+09:00,262500.0,265000.0,262000.0,264000.0,3992,0.0,0.0
2025-03-26 09:04:00+09:00,264500.0,264500.0,263500.0,264000.0,1607,0.0,0.0
2025-03-26 09:05:00+09:00,264000.0,265000.0,263500.0,265000.0,2749,0.0,0.0
2025-03-26 09:06:00+09:00,265000.0,266500.0,265000.0,266500.0,3355,0.0,0.0
2025-03-26 09:07:00+09:00,266000.0,267500.0,266000.0,267000.0,7143,0.0,0.0
2025-03-26 09:08:00+09:00,267000.0,268500.0,266500.0,268000.0,3163,0.0,0.0
2025-03-26 09:09:00+09:00,268000.0,269000.0,268000.0,268500.0,3236,0.0,0.0
2025-03-26 09:10:00+09:00,268500.0,269500.0,268500.0,269500.0,2576,0.0,0.0
2025-03-26 09:11:00+09:00,269000.0,270000.0,269000.0,269500.0,5829,0.0,0.0
2025-03-26 09:12:00+09:00,269500.0,270500.0,269000.0,270000.0,5191,0.0,0.0
2025-03-26 09:13:00+09:00,269500.0,270500.0,268500.0,268500.0,4031,0.0,0.0
2025-03-26 09:14:00+09:00,269500.0,270000.0,268500.0,269500.0,3096,0.0,0.0
2025-03-26 09:15:00+09:00,269500.0,269500.0,268000.0,268500.0,1013,0.0,0.0
2025-03-26 09:16:00+09:00,269000.0,269000.0,266000.0,266500.0,4324,0.0,0.0
2025-03-26 09:17:00+09:00,267000.0,267000.0,266000.0,266500.0,2846,0.0,0.0
2025-03-26 09:18:00+09:00,266000.0,266500.0,265500.0,265500.0,1776,0.0,0.0
2025-03-26 09:19:00+09:00,266000.0,266500.0,265500.0,266000.0,1746,0.0,0.0
2025-03-26 09:20:00+09:00,265500.0,266500.0,265500.0,266000.0,746,0.0,0.0
2025-03-26 09:21:00+09:00,266500.0,266500.0,265500.0,266000.0,1498,0.0,0.0
2025-03-26 09:22:00+09:00,266000.0,266500.0,265500.0,266000.0,827,0.0,0.0
2025-03-26 09:23:00+09:00,266000.0,266000.0,265500.0,265500.0,457,0.0,0.0
2025-03-26 09:24:00+09:00,265500.0,266500.0,265500.0,266000.0,1023,0.0,0.0
2025-03-26 09:25:00+09:00,266000.0,267500.0,266000.0,267500.0,6603,0.0,0.0
2025-03-26 09:26:00+09:00,267000.0,269000.0,266500.0,268500.0,4054,0.0,0.0
2025-03-26 09:27:00+09:00,269000.0,269000.0,267500.0,267500.0,1524,0.0,0.0
2025-03-26 09:28:00+09:00,267500.0,268000.0,267500.0,267500.0,380,0.0,0.0
2025-03-26 09:29:00+09:00,267500.0,268000.0,267000.0,267500.0,2600,0.0,0.0
2025-03-26 09:30:00+09:00,267500.0,268000.0,267000.0,267500.0,661,0.0,0.0
2025-03-26 09:31:00+09:00,267750.0,268000.0,267500.0,267500.0,484,0.0,0.0
2025-03-26 09:32:00+09:00,267500.0,267750.0,267000.0,267500.0,1171,0.0,0.0
2025-03-26 09:33:00+09:00,267000.0,267500.0,267000.0,267250.0,624,0.0,0.0
2025-03-26 09:34:00+09:00,267500.0,268500.0,267500.0,268000.0,2647,0.0,0.0
2025-03-26 09:35:00+09:00,268000.0,268500.0,266500.0,267500.0,2358,0.0,0.0
2025-03-26 09:36:00+09:00,267500.0,268000.0,267500.0,267500.0,262,0.0,0.0
2025-03-26 09:37:00+09:00,267500.0,268000.0,267500.0,268000.0,418,0.0,0.0
2025-03-26 09:38:00+09:00,267500.0,268000.0,267500.0,267500.0,248,0.0,0.0
2025-03-26 09:39:00+09:00,268000.0,268000.0,267500.0,267500.0,581,0.0,0.0
2025-03-26 09:40:00+09:00,268000.0,268500.0,267500.0,268500.0,1050,0.0,0.0
2025-03-26 09:41:00+09:00,268000.0,268500.0,268000.0,268000.0,1591,0.0,0.0
2025-03-26 09:42:00+09:00,268000.0,268500.0,268000.0,268500.0,325,0.0,0.0
2025-03-26 09:43:00+09:00,268500.0,269000.0,268000.0,268500.0,1660,0.0,0.0
2025-03-26 09:44:00+09:00,268500.0,269000.0,268500.0,268500.0,618,0.0,0.0
2025-03-26 09:45:00+09:00,268500.0,268500.0,268000.0,268000.0,320,0.0,0.0
2025-03-26 09:46:00+09:00,268000.0,269000.0,268000.0,268000.0,887,0.0,0.0
2025-03-26 09:47:00+09:00,268500.0,268500.0,268000.0,268500.0,657,0.0,0.0
2025-03-26 09:48:00+09:00,268500.0,268500.0,268000.0,268000.0,948,0.0,0.0
2025-03-26 09:49:00+09:00,268000.0,268500.0,268000.0,268000.0,535,0.0,0.0
2025-03-26 09:50:00+09:00,268250.0,268250.0,267500.0,267500.0,984,0.0,0.0
2025-03-26 09:51:00+09:00,268000.0,268000.0,267500.0,268000.0,620,0.0,0.0
2025-03-26 09:52:00+09:00,267500.0,268000.0,267500.0,267500.0,306,0.0,0.0
2025-03-26 09:53:00+09:00,267500.0,268000.0,267000.0,267000.0,686,0.0,0.0
2025-03-26 09:54:00+09:00,267000.0,267500.0,266500.0,266500.0,695,0.0,0.0
2025-03-26 09:55:00+09:00,267000.0,267000.0,266500.0,266500.0,131,0.0,0.0
2025-03-26 09:56:00+09:00,267000.0,267000.0,266500.0,266500.0,554,0.0,0.0
2025-03-26 09:57:00+09:00,266500.0,267000.0,266500.0,267000.0,158,0.0,0.0
2025-03-26 09:58:00+09:00,266500.0,267000.0,266500.0,267000.0,338,0.0,0.0
2025-03-26 09:59:00+09:00,266500.0,267000.0,266500.0,266500.0,1120,0.0,0.0
2025-03-26 10:00:00+09:00,266500.0,266500.0,266000.0,266500.0,243,0.0,0.0
2025-03-26 10:01:00+09:00,266000.0,266500.0,266000.0,266000.0,354,0.0,0.0
2025-03-26 10:02:00+09:00,266000.0,266500.0,266000.0,266500.0,475,0.0,0.0
2025-03-26 10:03:00+09:00,266000.0,266500.0,266000.0,266000.0,1327,0.0,0.0
2025-03-26 10:04:00+09:00,266000.0,266500.0,265500.0,266000.0,4955,0.0,0.0
2025-03-26 10:05:00+09:00,266000.0,266500.0,265500.0,266000.0,1549,0.0,0.0
2025-03-26 10:06:00+09:00,266000.0,266500.0,266000.0,266500.0,176,0.0,0.0
2025-03-26 10:07:00+09:00,266500.0,266500.0,266000.0,266000.0,351,0.0,0.0
2025-03-26 10:08:00+09:00,266000.0,266500.0,265500.0,266500.0,856,0.0,0.0
2025-03-26 10:09:00+09:00,266500.0,266500.0,266000.0,266500.0,165,0.0,0.0
2025-03-26 10:10:00+09:00,266000.0,266500.0,266000.0,266000.0,186,0.0,0.0
2025-03-26 10:11:00+09:00,266500.0,266500.0,266000.0,266000.0,238,0.0,0.0
2025-03-26 10:12:00+09:00,266000.0,266500.0,266000.0,266000.0,509,0.0,0.0
2025-03-26 10:13:00+09:00,266500.0,267000.0,266000.0,267000.0,1256,0.0,0.0
2025-03-26 10:14:00+09:00,267000.0,267000.0,266500.0,267000.0,194,0.0,0.0
2025-03-26 10:15:00+09:00,267000.0,267000.0,266500.0,267000.0,425,0.0,0.0
2025-03-26 10:16:00+09:00,266500.0,267000.0,266500.0,266500.0,571,0.0,0.0
2025-03-26 10:17:00+09:00,266500.0,267000.0,266000.0,267000.0,503,0.0,0.0
2025-03-26 10:18:00+09:00,266500.0,267000.0,266000.0,266000.0,519,0.0,0.0
2025-03-26 10:19:00+09:00,266000.0,266500.0,266000.0,266000.0,271,0.0,0.0
2025-03-26 10:20:00+09:00,266250.0,266500.0,266000.0,266500.0,133,0.0,0.0
2025-03-26 10:21:00+09:00,266000.0,266000.0,265000.0,266000.0,2328,0.0,0.0
2025-03-26 10:22:00+09:00,266000.0,266000.0,265500.0,265500.0,252,0.0,0.0
2025-03-26 10:23:00+09:00,265500.0,266000.0,265000.0,265000.0,1062,0.0,0.0
2025-03-26 10:24:00+09:00,265000.0,265500.0,265000.0,265000.0,128,0.0,0.0
2025-03-26 10:25:00+09:00,265000.0,266000.0,264500.0,265500.0,2146,0.0,0.0
2025-03-26 10:26:00+09:00,266000.0,266000.0,265500.0,265750.0,25,0.0,0.0
2025-03-26 10:27:00+09:00,266000.0,266500.0,265500.0,266000.0,375,0.0,0.0
2025-03-26 10:28:00+09:00,266500.0,266500.0,265500.0,265500.0,315,0.0,0.0
2025-03-26 10:29:00+09:00,266000.0,266000.0,265500.0,266000.0,148,0.0,0.0
2025-03-26 10:30:00+09:00,266000.0,266000.0,265500.0,265500.0,125,0.0,0.0
2025-03-26 10:31:00+09:00,266000.0,266000.0,265500.0,265500.0,118,0.0,0.0
2025-03-26 10:32:00+09:00,265500.0,265500.0,264500.0,265500.0,1782,0.0,0.0
2025-03-26 10:33:00+09:00,265000.0,265500.0,265000.0,265500.0,372,0.0,0.0
2025-03-26 10:34:00+09:00,265000.0,265500.0,265000.0,265250.0,213,0.0,0.0
2025-03-26 10:35:00+09:00,265250.0,265500.0,264500.0,264500.0,1148,0.0,0.0
2025-03-26 10:36:00+09:00,265000.0,265000.0,264500.0,264500.0,188,0.0,0.0
2025-03-26 10:37:00+09:00,265000.0,265000.0,264500.0,265000.0,153,0.0,0.0
2025-03-26 10:38:00+09:00,265000.0,265500.0,264500.0,265000.0,1216,0.0,0.0
2025-03-26 10:39:00+09:00,265500.0,265500.0,265000.0,265500.0,274,0.0,0.0
2025-03-26 10:40:00+09:00,265500.0,266000.0,265000.0,266000.0,1278,0.0,0.0
2025-03-26 10:41:00+09:00,265500.0,266000.0,265000.0,265000.0,630,0.0,0.0
2025-03-26 10:42:00+09:00,265000.0,265500.0,265000.0,265000.0,373,0.0,0.0
2025-03-26 10:43:00+09:00,265000.0,266000.0,265000.0,265250.0,283,0.0,0.0
2025-03-26 10:44:00+09:00,265500.0,266000.0,264500.0,265000.0,1510,0.0,0.0
2025-03-26 10:45:00+09:00,265000.0,265500.0,264500.0,265500.0,392,0.0,0.0
2025-03-26 10:46:00+09:00,264500.0,265500.0,264500.0,265000.0,555,0.0,0.0
2025-03-26 10:47:00+09:00,264500.0,265500.0,264500.0,265000.0,450,0.0,0.0
2025-03-26 10:48:00+09:00,265000.0,266000.0,264500.0,265500.0,3398,0.0,0.0
2025-03-26 10:49:00+09:00,265500.0,266000.0,264500.0,264500.0,1164,0.0,0.0
2025-03-26 10:50:00+09:00,265000.0,265500.0,264500.0,265000.0,205,0.0,0.0
2025-03-26 10:51:00+09:00,265500.0,265500.0,264500.0,264500.0,332,0.0,0.0
2025-03-26 10:52:00+09:00,265000.0,265000.0,264000.0,264500.0,528,0.0,0.0
2025-03-26 10:53:00+09:00,264500.0,265000.0,264500.0,265000.0,392,0.0,0.0
2025-03-26 10:54:00+09:00,265000.0,265000.0,264500.0,264500.0,0,0.0,0.0
2025-03-26 10:55:00+09:00,265000.0,265500.0,264500.0,265000.0,262,0.0,0.0
2025-03-26 10:56:00+09:00,265500.0,265500.0,264000.0,265000.0,662,0.0,0.0
2025-03-26 10:57:00+09:00,265000.0,265000.0,264000.0,264000.0,1876,0.0,0.0
2025-03-26 10:58:00+09:00,264500.0,264500.0,263750.0,264000.0,871,0.0,0.0
2025-03-26 10:59:00+09:00,264000.0,264500.0,263500.0,264000.0,344,0.0,0.0
2025-03-26 11:00:00+09:00,264500.0,264500.0,264000.0,264000.0,163,0.0,0.0
2025-03-26 11:01:00+09:00,264000.0,264500.0,264000.0,264500.0,214,0.0,0.0
2025-03-26 11:02:00+09:00,264500.0,264500.0,264000.0,264500.0,0,0.0,0.0
2025-03-26 11:03:00+09:00,264500.0,264500.0,264000.0,264000.0,190,0.0,0.0
2025-03-26 11:04:00+09:00,264500.0,264500.0,264000.0,264500.0,207,0.0,0.0
2025-03-26 11:05:00+09:00,264500.0,264500.0,264000.0,264000.0,178,0.0,0.0
2025-03-26 11:06:00+09:00,264500.0,265000.0,264000.0,264500.0,925,0.0,0.0
2025-03-26 11:07:00+09:00,265000.0,265000.0,264000.0,264500.0,148,0.0,0.0
2025-03-26 11:08:00+09:00,264500.0,265000.0,264000.0,264500.0,488,0.0,0.0
2025-03-26 11:09:00+09:00,265000.0,265000.0,264500.0,265000.0,435,0.0,0.0
2025-03-26 11:10:00+09:00,265000.0,265000.0,264500.0,264500.0,224,0.0,0.0
2025-03-26 11:11:00+09:00,264500.0,265500.0,264500.0,265000.0,321,0.0,0.0
2025-03-26 11:12:00+09:00,265500.0,265500.0,265000.0,265000.0,219,0.0,0.0
2025-03-26 11:13:00+09:00,265500.0,265500.0,265000.0,265000.0,349,0.0,0.0
2025-03-26 11:14:00+09:00,265500.0,266000.0,265000.0,265750.0,170,0.0,0.0
2025-03-26 11:15:00+09:00,265500.0,266000.0,265500.0,266000.0,33,0.0,0.0
2025-03-26 11:16:00+09:00,266000.0,266500.0,265500.0,266000.0,1094,0.0,0.0
2025-03-26 11:17:00+09:00,266000.0,266500.0,266000.0,266000.0,176,0.0,0.0
2025-03-26 11:18:00+09:00,266000.0,266500.0,266000.0,266500.0,514,0.0,0.0
2025-03-26 11:19:00+09:00,266000.0,266500.0,266000.0,266500.0,294,0.0,0.0
2025-03-26 11:20:00+09:00,266500.0,266500.0,266000.0,266500.0,136,0.0,0.0
2025-03-26 11:21:00+09:00,266500.0,267000.0,266500.0,266500.0,862,0.0,0.0
2025-03-26 11:22:00+09:00,266500.0,267000.0,266500.0,266500.0,68,0.0,0.0
2025-03-26 11:23:00+09:00,267000.0,267000.0,266500.0,267000.0,723,0.0,0.0
2025-03-26 11:24:00+09:00,267000.0,268000.0,267000.0,267000.0,678,0.0,0.0
2025-03-26 11:25:00+09:00,267500.0,267500.0,267000.0,267000.0,637,0.0,0.0
2025-03-26 11:26:00+09:00,267000.0,267500.0,267000.0,267500.0,136,0.0,0.0
2025-03-26 11:27:00+09:00,267500.0,267500.0,266500.0,267000.0,681,0.0,0.0
2025-03-26 11:28:00+09:00,267500.0,267500.0,267000.0,267000.0,96,0.0,0.0
2025-03-26 11:29:00+09:00,267500.0,267500.0,267000.0,267500.0,50,0.0,0.0
2025-03-26 11:30:00+09:00,267500.0,267500.0,267000.0,267500.0,45,0.0,0.0
2025-03-26 11:31:00+09:00,267500.0,267500.0,267000.0,267000.0,164,0.0,0.0
2025-03-26 11:32:00+09:00,267000.0,267500.0,267000.0,267500.0,470,0.0,0.0
2025-03-26 11:33:00+09:00,267000.0,267500.0,267000.0,267500.0,329,0.0,0.0
2025-03-26 11:34:00+09:00,267500.0,267500.0,267000.0,267500.0,68,0.0,0.0
2025-03-26 11:35:00+09:00,267000.0,267500.0,267000.0,267000.0,343,0.0,0.0
2025-03-26 11:36:00+09:00,267500.0,267500.0,267000.0,267000.0,185,0.0,0.0
2025-03-26 11:37:00+09:00,267500.0,267500.0,267000.0,267000.0,421,0.0,0.0
2025-03-26 11:38:00+09:00,267000.0,267500.0,266500.0,267000.0,279,0.0,0.0
2025-03-26 11:39:00+09:00,266500.0,267500.0,266500.0,267000.0,332,0.0,0.0
2025-03-26 11:40:00+09:00,267000.0,267500.0,266500.0,266500.0,180,0.0,0.0
2025-03-26 11:41:00+09:00,267000.0,267500.0,267000.0,267000.0,369,0.0,0.0
2025-03-26 11:42:00+09:00,267250.0,267500.0,267000.0,267500.0,55,0.0,0.0
2025-03-26 11:43:00+09:00,267000.0,267500.0,266500.0,266500.0,632,0.0,0.0
2025-03-26 11:44:00+09:00,267000.0,267500.0,266500.0,267500.0,280,0.0,0.0
2025-03-26 11:45:00+09:00,266500.0,267000.0,266500.0,266500.0,69,0.0,0.0
2025-03-26 11:46:00+09:00,267000.0,267000.0,266500.0,267000.0,31,0.0,0.0
2025-03-26 11:47:00+09:00,267000.0,267000.0,266500.0,267000.0,515,0.0,0.0
2025-03-26 11:48:00+09:00,267000.0,267000.0,266500.0,266750.0,139,0.0,0.0
2025-03-26 11:49:00+09:00,266500.0,267000.0,266500.0,266500.0,86,0.0,0.0
2025-03-26 11:50:00+09:00,266500.0,267000.0,266500.0,267000.0,236,0.0,0.0
2025-03-26 11:51:00+09:00,267000.0,267000.0,266500.0,267000.0,412,0.0,0.0
2025-03-26 11:52:00+09:00,267000.0,267500.0,266500.0,266500.0,508,0.0,0.0
2025-03-26 11:53:00+09:00,267000.0,267000.0,266500.0,266500.0,127,0.0,0.0
2025-03-26 11:54:00+09:00,266500.0,267500.0,266500.0,266500.0,318,0.0,0.0
2025-03-26 11:55:00+09:00,267000.0,267000.0,266500.0,267000.0,100,0.0,0.0
2025-03-26 11:56:00+09:00,267000.0,267000.0,266500.0,267000.0,89,0.0,0.0
2025-03-26 11:57:00+09:00,266500.0,267000.0,266500.0,267000.0,243,0.0,0.0
2025-03-26 11:58:00+09:00,267000.0,267000.0,266500.0,267000.0,127,0.0,0.0
2025-03-26 11:59:00+09:00,267000.0,267000.0,266500.0,266500.0,38,0.0,0.0
2025-03-26 12:00:00+09:00,267000.0,267000.0,266500.0,267000.0,79,0.0,0.0
2025-03-26 12:01:00+09:00,266500.0,267500.0,266500.0,267500.0,3088,0.0,0.0
2025-03-26 12:02:00+09:00,267000.0,267500.0,267000.0,267250.0,409,0.0,0.0
2025-03-26 12:03:00+09:00,267500.0,267500.0,267000.0,267000.0,169,0.0,0.0
2025-03-26 12:04:00+09:00,267000.0,267500.0,267000.0,267500.0,487,0.0,0.0
2025-03-26 12:05:00+09:00,267000.0,267500.0,267000.0,267250.0,83,0.0,0.0
2025-03-26 12:06:00+09:00,267000.0,268000.0,267000.0,268000.0,992,0.0,0.0
2025-03-26 12:07:00+09:00,267000.0,267500.0,267000.0,267250.0,0,0.0,0.0
2025-03-26 12:08:00+09:00,267250.0,267500.0,267250.0,267500.0,225,0.0,0.0
2025-03-26 12:09:00+09:00,267500.0,268000.0,267000.0,268000.0,304,0.0,0.0
2025-03-26 12:10:00+09:00,268000.0,268000.0,267500.0,268000.0,27,0.0,0.0
2025-03-26 12:11:00+09:00,267500.0,268000.0,267500.0,268000.0,688,0.0,0.0
2025-03-26 12:12:00+09:00,267500.0,268000.0,267500.0,268000.0,209,0.0,0.0
2025-03-26 12:13:00+09:00,267750.0,268000.0,267500.0,267500.0,220,0.0,0.0
2025-03-26 12:14:00+09:00,267500.0,268000.0,267500.0,268000.0,34,0.0,0.0
2025-03-26 12:15:00+09:00,268000.0,268000.0,267500.0,268000.0,322,0.0,0.0
2025-03-26 12:16:00+09:00,268000.0,268000.0,267500.0,268000.0,460,0.0,0.0
2025-03-26 12:17:00+09:00,268000.0,268000.0,267500.0,268000.0,18,0.0,0.0
2025-03-26 12:18:00+09:00,267500.0,268500.0,267500.0,268500.0,1172,0.0,0.0
2025-03-26 12:19:00+09:00,268500.0,268500.0,267500.0,268000.0,328,0.0,0.0
2025-03-26 12:20:00+09:00,268000.0,268000.0,267500.0,267750.0,211,0.0,0.0
2025-03-26 12:21:00+09:00,267750.0,268000.0,267500.0,268000.0,165,0.0,0.0
2025-03-26 12:22:00+09:00,267500.0,268000.0,267500.0,268000.0,106,0.0,0.0
2025-03-26 12:23:00+09:00,267500.0,268000.0,267500.0,267500.0,616,0.0,0.0
2025-03-26 12:24:00+09:00,268000.0,268000.0,267500.0,268000.0,138,0.0,0.0
2025-03-26 12:25:00+09:00,267500.0,268000.0,267500.0,268000.0,60,0.0,0.0
2025-03-26 12:26:00+09:00,268000.0,268000.0,267500.0,267500.0,219,0.0,0.0
2025-03-26 12:27:00+09:00,268000.0,268500.0,267500.0,268500.0,1138,0.0,0.0
2025-03-26 12:28:00+09:00,268000.0,268500.0,268000.0,268000.0,628,0.0,0.0
2025-03-26 12:29:00+09:00,268500.0,268500.0,268000.0,268000.0,387,0.0,0.0
2025-03-26 12:30:00+09:00,268000.0,268500.0,268000.0,268000.0,138,0.0,0.0
2025-03-26 12:31:00+09:00,268000.0,268500.0,268000.0,268000.0,217,0.0,0.0
2025-03-26 12:32:00+09:00,268000.0,268500.0,268000.0,268500.0,304,0.0,0.0
2025-03-26 12:33:00+09:00,268500.0,268500.0,268000.0,268500.0,59,0.0,0.0
2025-03-26 12:34:00+09:00,268500.0,268500.0,268000.0,268000.0,163,0.0,0.0
2025-03-26 12:35:00+09:00,268500.0,268500.0,268000.0,268500.0,116,0.0,0.0
2025-03-26 12:36:00+09:00,268000.0,268500.0,268000.0,268000.0,153,0.0,0.0
2025-03-26 12:37:00+09:00,268500.0,268500.0,268000.0,268500.0,335,0.0,0.0
2025-03-26 12:38:00+09:00,268500.0,268500.0,268000.0,268500.0,213,0.0,0.0
2025-03-26 12:39:00+09:00,268000.0,268500.0,268000.0,268500.0,284,0.0,0.0
2025-03-26 12:40:00+09:00,268500.0,268500.0,268000.0,268500.0,336,0.0,0.0
2025-03-26 12:41:00+09:00,268500.0,268500.0,268000.0,268500.0,583,0.0,0.0
2025-03-26 12:42:00+09:00,268500.0,268500.0,268000.0,268000.0,689,0.0,0.0
2025-03-26 12:43:00+09:00,268000.0,268500.0,268000.0,268500.0,451,0.0,0.0
2025-03-26 12:44:00+09:00,268500.0,268500.0,268000.0,268500.0,484,0.0,0.0
2025-03-26 12:45:00+09:00,268500.0,268500.0,268000.0,268500.0,454,0.0,0.0
2025-03-26 12:46:00+09:00,268000.0,268500.0,268000.0,268250.0,254,0.0,0.0
2025-03-26 12:47:00+09:00,268250.0,268500.0,268000.0,268000.0,349,0.0,0.0
2025-03-26 12:48:00+09:00,268500.0,268500.0,268000.0,268500.0,264,0.0,0.0
2025-03-26 12:49:00+09:00,268500.0,268500.0,268000.0,268500.0,351,0.0,0.0
2025-03-26 12:50:00+09:00,268500.0,268500.0,268000.0,268500.0,330,0.0,0.0
2025-03-26 12:51:00+09:00,268500.0,268500.0,268000.0,268000.0,458,0.0,0.0
2025-03-26 12:52:00+09:00,268000.0,269000.0,268000.0,268500.0,949,0.0,0.0
2025-03-26 12:53:00+09:00,268000.0,268500.0,268000.0,268500.0,425,0.0,0.0
2025-03-26 12:54:00+09:00,268000.0,268500.0,268000.0,268000.0,174,0.0,0.0
2025-03-26 12:55:00+09:00,268500.0,268500.0,268000.0,268500.0,345,0.0,0.0
2025-03-26 12:56:00+09:00,268000.0,268500.0,268000.0,268500.0,289,0.0,0.0
2025-03-26 12:57:00+09:00,268500.0,268500.0,268000.0,268000.0,445,0.0,0.0
2025-03-26 12:58:00+09:00,268500.0,269000.0,268000.0,269000.0,755,0.0,0.0
2025-03-26 12:59:00+09:00,268500.0,269000.0,268000.0,268500.0,1023,0.0,0.0
2025-03-26 13:00:00+09:00,268500.0,269500.0,268500.0,269500.0,4273,0.0,0.0
2025-03-26 13:01:00+09:00,269500.0,269500.0,269000.0,269500.0,530,0.0,0.0
2025-03-26 13:02:00+09:00,269000.0,269500.0,269000.0,269500.0,749,0.0,0.0
2025-03-26 13:03:00+09:00,269500.0,269500.0,269000.0,269000.0,1259,0.0,0.0
2025-03-26 13:04:00+09:00,269250.0,269500.0,269000.0,269500.0,926,0.0,0.0
2025-03-26 13:05:00+09:00,269500.0,269500.0,269000.0,269500.0,671,0.0,0.0
2025-03-26 13:06:00+09:00,269500.0,269500.0,269000.0,269000.0,756,0.0,0.0
2025-03-26 13:07:00+09:00,269000.0,269500.0,269000.0,269500.0,616,0.0,0.0
2025-03-26 13:08:00+09:00,269500.0,270500.0,269500.0,270000.0,9225,0.0,0.0
2025-03-26 13:09:00+09:00,270000.0,271000.0,269500.0,270500.0,2951,0.0,0.0
2025-03-26 13:10:00+09:00,270500.0,271000.0,270000.0,270000.0,1827,0.0,0.0
2025-03-26 13:11:00+09:00,271000.0,271000.0,270000.0,271000.0,1650,0.0,0.0
2025-03-26 13:12:00+09:00,271000.0,271500.0,270500.0,271500.0,3724,0.0,0.0
2025-03-26 13:13:00+09:00,271000.0,272000.0,271000.0,271500.0,2852,0.0,0.0
2025-03-26 13:14:00+09:00,271500.0,272000.0,271000.0,271500.0,692,0.0,0.0
2025-03-26 13:15:00+09:00,271500.0,272000.0,271500.0,271500.0,1263,0.0,0.0
2025-03-26 13:16:00+09:00,272000.0,273000.0,271500.0,272500.0,6067,0.0,0.0
2025-03-26 13:17:00+09:00,272500.0,273000.0,272000.0,273000.0,2927,0.0,0.0
2025-03-26 13:18:00+09:00,273000.0,273500.0,272500.0,273500.0,4714,0.0,0.0
2025-03-26 13:19:00+09:00,273500.0,273500.0,273000.0,273000.0,2447,0.0,0.0
2025-03-26 13:20:00+09:00,273000.0,273500.0,272500.0,273000.0,2340,0.0,0.0
2025-03-26 13:21:00+09:00,273500.0,273500.0,272500.0,273000.0,1605,0.0,0.0
2025-03-26 13:22:00+09:00,273000.0,274000.0,272500.0,273500.0,2222,0.0,0.0
2025-03-26 13:23:00+09:00,273500.0,273500.0,273000.0,273500.0,996,0.0,0.0
2025-03-26 13:24:00+09:00,273500.0,274000.0,272500.0,273000.0,2948,0.0,0.0
2025-03-26 13:25:00+09:00,273000.0,273500.0,272500.0,273000.0,1527,0.0,0.0
2025-03-26 13:26:00+09:00,273000.0,273500.0,272500.0,273000.0,842,0.0,0.0
2025-03-26 13:27:00+09:00,272500.0,273500.0,272500.0,272500.0,1172,0.0,0.0
2025-03-26 13:28:00+09:00,273000.0,273000.0,272000.0,272500.0,1554,0.0,0.0
2025-03-26 13:29:00+09:00,272000.0,272500.0,271500.0,271500.0,1883,0.0,0.0
2025-03-26 13:30:00+09:00,271500.0,272000.0,271000.0,271750.0,797,0.0,0.0
2025-03-26 13:31:00+09:00,271500.0,273000.0,271500.0,272500.0,1882,0.0,0.0
2025-03-26 13:32:00+09:00,272000.0,273000.0,272000.0,272500.0,1571,0.0,0.0
2025-03-26 13:33:00+09:00,273000.0,273500.0,272500.0,273500.0,2508,0.0,0.0
2025-03-26 13:34:00+09:00,273500.0,273500.0,273000.0,273500.0,1318,0.0,0.0
2025-03-26 13:35:00+09:00,273500.0,273500.0,273000.0,273000.0,1231,0.0,0.0
2025-03-26 13:36:00+09:00,273000.0,273500.0,272500.0,273500.0,1190,0.0,0.0
2025-03-26 13:37:00+09:00,273500.0,273500.0,272000.0,273500.0,2432,0.0,0.0
2025-03-26 13:38:00+09:00,273500.0,273500.0,272000.0,272500.0,1919,0.0,0.0
2025-03-26 13:39:00+09:00,272500.0,272500.0,272000.0,272500.0,885,0.0,0.0
2025-03-26 13:40:00+09:00,272500.0,272500.0,271500.0,272000.0,1336,0.0,0.0
2025-03-26 13:41:00+09:00,271500.0,272000.0,271500.0,271500.0,742,0.0,0.0
2025-03-26 13:42:00+09:00,272000.0,272500.0,271500.0,272000.0,885,0.0,0.0
2025-03-26 13:43:00+09:00,272000.0,272500.0,271500.0,271500.0,835,0.0,0.0
2025-03-26 13:44:00+09:00,272000.0,272000.0,270500.0,271000.0,2448,0.0,0.0
2025-03-26 13:45:00+09:00,271000.0,271000.0,270000.0,270500.0,2375,0.0,0.0
2025-03-26 13:46:00+09:00,270500.0,271500.0,270000.0,270500.0,762,0.0,0.0
2025-03-26 13:47:00+09:00,270500.0,271000.0,270500.0,271000.0,1120,0.0,0.0
2025-03-26 13:48:00+09:00,271000.0,271000.0,270500.0,271000.0,1397,0.0,0.0
2025-03-26 13:49:00+09:00,270500.0,271000.0,270000.0,270500.0,1614,0.0,0.0
2025-03-26 13:50:00+09:00,270500.0,271500.0,270000.0,271000.0,1982,0.0,0.0
2025-03-26 13:51:00+09:00,271500.0,271500.0,271000.0,271500.0,494,0.0,0.0
2025-03-26 13:52:00+09:00,271500.0,272000.0,271000.0,272000.0,1182,0.0,0.0
2025-03-26 13:53:00+09:00,271750.0,272000.0,271000.0,272000.0,790,0.0,0.0
2025-03-26 13:54:00+09:00,272000.0,272000.0,271000.0,271500.0,682,0.0,0.0
2025-03-26 13:55:00+09:00,271500.0,272000.0,271000.0,271000.0,771,0.0,0.0
2025-03-26 13:56:00+09:00,271500.0,271500.0,271000.0,271000.0,2107,0.0,0.0
2025-03-26 13:57:00+09:00,271500.0,272000.0,271000.0,271500.0,2519,0.0,0.0
2025-03-26 13:58:00+09:00,271500.0,271500.0,270500.0,271000.0,1017,0.0,0.0
2025-03-26 13:59:00+09:00,271000.0,271000.0,270500.0,270500.0,1022,0.0,0.0
2025-03-26 14:00:00+09:00,271000.0,271500.0,270500.0,271000.0,1816,0.0,0.0
2025-03-26 14:01:00+09:00,270500.0,271000.0,270000.0,271000.0,1082,0.0,0.0
2025-03-26 14:02:00+09:00,270750.0,271000.0,270500.0,270500.0,1024,0.0,0.0
2025-03-26 14:03:00+09:00,271000.0,271000.0,270500.0,271000.0,834,0.0,0.0
2025-03-26 14:04:00+09:00,271000.0,271500.0,270500.0,271000.0,556,0.0,0.0
2025-03-26 14:05:00+09:00,271000.0,271500.0,271000.0,271500.0,723,0.0,0.0
2025-03-26 14:06:00+09:00,271500.0,271500.0,270000.0,270500.0,2419,0.0,0.0
2025-03-26 14:07:00+09:00,271000.0,271500.0,270500.0,271000.0,1505,0.0,0.0
2025-03-26 14:08:00+09:00,271000.0,271500.0,270500.0,271500.0,547,0.0,0.0
2025-03-26 14:09:00+09:00,271500.0,271500.0,271000.0,271000.0,590,0.0,0.0
2025-03-26 14:10:00+09:00,271250.0,271500.0,271000.0,271000.0,730,0.0,0.0
2025-03-26 14:11:00+09:00,271000.0,272000.0,271000.0,271000.0,907,0.0,0.0
2025-03-26 14:12:00+09:00,271500.0,271500.0,271000.0,271500.0,920,0.0,0.0
2025-03-26 14:13:00+09:00,271500.0,272000.0,271000.0,271500.0,810,0.0,0.0
2025-03-26 14:14:00+09:00,271000.0,272000.0,271000.0,271000.0,1059,0.0,0.0
2025-03-26 14:15:00+09:00,271000.0,272500.0,271000.0,271500.0,1308,0.0,0.0
2025-03-26 14:16:00+09:00,271500.0,272500.0,271500.0,271500.0,1013,0.0,0.0
2025-03-26 14:17:00+09:00,271500.0,272500.0,271500.0,272000.0,815,0.0,0.0
2025-03-26 14:18:00+09:00,272000.0,272500.0,271500.0,272250.0,1396,0.0,0.0
2025-03-26 14:19:00+09:00,272500.0,273000.0,272000.0,272000.0,856,0.0,0.0
2025-03-26 14:20:00+09:00,272500.0,273000.0,272000.0,272500.0,742,0.0,0.0
2025-03-26 14:21:00+09:00,272000.0,272500.0,271500.0,272000.0,1130,0.0,0.0
2025-03-26 14:22:00+09:00,272500.0,272500.0,272000.0,272500.0,697,0.0,0.0
2025-03-26 14:23:00+09:00,272500.0,272500.0,272000.0,272000.0,701,0.0,0.0
2025-03-26 14:24:00+09:00,272500.0,273000.0,272000.0,273000.0,990,0.0,0.0
2025-03-26 14:25:00+09:00,273000.0,273000.0,272500.0,273000.0,799,0.0,0.0
2025-03-26 14:26:00+09:00,273000.0,273000.0,272500.0,272500.0,1274,0.0,0.0
2025-03-26 14:27:00+09:00,272500.0,273000.0,272500.0,273000.0,652,0.0,0.0
2025-03-26 14:28:00+09:00,273000.0,273000.0,272500.0,273000.0,783,0.0,0.0
2025-03-26 14:29:00+09:00,273000.0,273000.0,272500.0,272500.0,795,0.0,0.0
2025-03-26 14:30:00+09:00,273000.0,273000.0,272500.0,273000.0,960,0.0,0.0
2025-03-26 14:31:00+09:00,273000.0,273000.0,272500.0,272500.0,850,0.0,0.0
2025-03-26 14:32:00+09:00,273000.0,273000.0,272500.0,272500.0,664,0.0,0.0
2025-03-26 14:33:00+09:00,273000.0,273500.0,272500.0,273500.0,951,0.0,0.0
2025-03-26 14:34:00+09:00,273500.0,273500.0,272500.0,273500.0,1356,0.0,0.0
2025-03-26 14:35:00+09:00,273500.0,273500.0,272500.0,273000.0,1501,0.0,0.0
2025-03-26 14:36:00+09:00,273000.0,273500.0,272500.0,273000.0,932,0.0,0.0
2025-03-26 14:37:00+09:00,273000.0,273500.0,272500.0,273000.0,693,0.0,0.0
2025-03-26 14:38:00+09:00,273000.0,273500.0,272500.0,273000.0,990,0.0,0.0
2025-03-26 14:39:00+09:00,273500.0,273500.0,272500.0,272500.0,854,0.0,0.0
2025-03-26 14:40:00+09:00,273000.0,273500.0,272500.0,272500.0,854,0.0,0.0
2025-03-26 14:41:00+09:00,273000.0,273500.0,272500.0,273000.0,815,0.0,0.0
2025-03-26 14:42:00+09:00,273000.0,273500.0,272500.0,273000.0,957,0.0,0.0
2025-03-26 14:43:00+09:00,273000.0,273500.0,272500.0,273500.0,781,0.0,0.0
2025-03-26 14:44:00+09:00,273500.0,273500.0,273000.0,273500.0,869,0.0,0.0
2025-03-26 14:45:00+09:00,273000.0,273500.0,273000.0,273500.0,916,0.0,0.0
2025-03-26 14:46:00+09:00,273500.0,273500.0,273000.0,273500.0,812,0.0,0.0
2025-03-26 14:47:00+09:00,273500.0,274000.0,273000.0,273500.0,1127,0.0,0.0
2025-03-26 14:48:00+09:00,273000.0,274000.0,273000.0,273500.0,1958,0.0,0.0
2025-03-26 14:49:00+09:00,273750.0,274000.0,273000.0,273000.0,1075,0.0,0.0
2025-03-26 14:50:00+09:00,273500.0,274000.0,273000.0,273500.0,1169,0.0,0.0
2025-03-26 14:51:00+09:00,273500.0,273500.0,273000.0,273500.0,701,0.0,0.0
2025-03-26 14:52:00+09:00,273500.0,274000.0,273000.0,273500.0,849,0.0,0.0
2025-03-26 14:53:00+09:00,273500.0,274000.0,273000.0,273000.0,951,0.0,0.0
2025-03-26 14:54:00+09:00,273500.0,274000.0,273000.0,274000.0,956,0.0,0.0
2025-03-26 14:55:00+09:00,274000.0,274000.0,273500.0,273500.0,1043,0.0,0.0
2025-03-26 14:56:00+09:00,273500.0,274000.0,273000.0,273500.0,758,0.0,0.0
2025-03-26 14:57:00+09:00,273500.0,273500.0,273000.0,273000.0,978,0.0,0.0
2025-03-26 14:58:00+09:00,273500.0,273500.0,273000.0,273500.0,1852,0.0,0.0
2025-03-26 14:59:00+09:00,273500.0,273500.0,273000.0,273500.0,1157,0.0,0.0
2025-03-27 09:00:00+09:00,267000.0,268750.0,267000.0,268500.0,6018,0.0,0.0
2025-03-27 09:01:00+09:00,268500.0,269000.0,267000.0,268500.0,1958,0.0,0.0
2025-03-27 09:02:00+09:00,268500.0,269000.0,268000.0,268500.0,2328,0.0,0.0
2025-03-27 09:03:00+09:00,268500.0,269500.0,268500.0,269500.0,1621,0.0,0.0
2025-03-27 09:04:00+09:00,269500.0,270000.0,268500.0,269500.0,1293,0.0,0.0
2025-03-27 09:05:00+09:00,270000.0,270500.0,269500.0,270000.0,2257,0.0,0.0
2025-03-27 09:06:00+09:00,270000.0,270500.0,269500.0,270000.0,1103,0.0,0.0
2025-03-27 09:07:00+09:00,270000.0,270000.0,269000.0,269500.0,3021,0.0,0.0
2025-03-27 09:08:00+09:00,269500.0,270000.0,269500.0,269500.0,952,0.0,0.0
2025-03-27 09:09:00+09:00,269500.0,271000.0,269500.0,271000.0,1115,0.0,0.0
2025-03-27 09:10:00+09:00,271000.0,271500.0,271000.0,271500.0,1098,0.0,0.0
2025-03-27 09:11:00+09:00,271500.0,271750.0,270500.0,271500.0,946,0.0,0.0
2025-03-27 09:12:00+09:00,271500.0,271500.0,271000.0,271500.0,520,0.0,0.0
2025-03-27 09:13:00+09:00,271500.0,271500.0,270500.0,271000.0,727,0.0,0.0
2025-03-27 09:14:00+09:00,270500.0,271500.0,270000.0,271000.0,857,0.0,0.0
2025-03-27 09:15:00+09:00,271000.0,271500.0,271000.0,271500.0,686,0.0,0.0
2025-03-27 09:16:00+09:00,271500.0,271500.0,270000.0,270500.0,1446,0.0,0.0
2025-03-27 09:17:00+09:00,271000.0,271000.0,269500.0,270000.0,988,0.0,0.0
2025-03-27 09:18:00+09:00,270000.0,271000.0,269500.0,269500.0,2025,0.0,0.0
2025-03-27 09:19:00+09:00,269500.0,270000.0,269000.0,270000.0,1637,0.0,0.0
2025-03-27 09:20:00+09:00,269500.0,269500.0,268000.0,268500.0,1339,0.0,0.0
2025-03-27 09:21:00+09:00,268500.0,269000.0,268000.0,268500.0,780,0.0,0.0
2025-03-27 09:22:00+09:00,268500.0,270000.0,268000.0,270000.0,1076,0.0,0.0
2025-03-27 09:23:00+09:00,269500.0,270000.0,269500.0,270000.0,283,0.0,0.0
2025-03-27 09:24:00+09:00,270000.0,270000.0,269500.0,269500.0,161,0.0,0.0
2025-03-27 09:25:00+09:00,269500.0,270000.0,269500.0,270000.0,241,0.0,0.0
2025-03-27 09:26:00+09:00,270000.0,270000.0,269500.0,270000.0,440,0.0,0.0
2025-03-27 09:27:00+09:00,270000.0,270000.0,269500.0,270000.0,875,0.0,0.0
2025-03-27 09:28:00+09:00,270000.0,270500.0,269500.0,270500.0,273,0.0,0.0
2025-03-27 09:29:00+09:00,270000.0,270500.0,270000.0,270500.0,520,0.0,0.0
2025-03-27 09:30:00+09:00,270500.0,271000.0,270000.0,270500.0,661,0.0,0.0
2025-03-27 09:31:00+09:00,271000.0,271500.0,270500.0,270500.0,686,0.0,0.0
2025-03-27 09:32:00+09:00,270500.0,271000.0,270000.0,271000.0,440,0.0,0.0
2025-03-27 09:33:00+09:00,271000.0,271000.0,270000.0,271000.0,102,0.0,0.0
2025-03-27 09:34:00+09:00,271000.0,271000.0,270000.0,270000.0,1523,0.0,0.0
2025-03-27 09:35:00+09:00,270500.0,270500.0,270500.0,270500.0,357,0.0,0.0
2025-03-27 09:36:00+09:00,270500.0,270500.0,270000.0,270500.0,387,0.0,0.0
2025-03-27 09:37:00+09:00,270500.0,271000.0,269500.0,270000.0,1187,0.0,0.0
2025-03-27 09:38:00+09:00,270250.0,270500.0,270000.0,270500.0,228,0.0,0.0
2025-03-27 09:39:00+09:00,270000.0,270500.0,269500.0,270500.0,511,0.0,0.0
2025-03-27 09:40:00+09:00,270000.0,270500.0,270000.0,270000.0,86,0.0,0.0
2025-03-27 09:41:00+09:00,270000.0,270500.0,269500.0,270000.0,325,0.0,0.0
2025-03-27 09:42:00+09:00,269500.0,270000.0,269500.0,270000.0,94,0.0,0.0
2025-03-27 09:43:00+09:00,270000.0,270000.0,269500.0,270000.0,87,0.0,0.0
2025-03-27 09:44:00+09:00,269500.0,270000.0,269000.0,269500.0,734,0.0,0.0
2025-03-27 09:45:00+09:00,269500.0,270000.0,269500.0,270000.0,356,0.0,0.0
2025-03-27 09:46:00+09:00,270000.0,270000.0,269000.0,269500.0,941,0.0,0.0
2025-03-27 09:47:00+09:00,269500.0,269500.0,269000.0,269500.0,377,0.0,0.0
2025-03-27 09:48:00+09:00,269500.0,269500.0,269000.0,269500.0,237,0.0,0.0
2025-03-27 09:49:00+09:00,269000.0,270000.0,269000.0,270000.0,630,0.0,0.0
2025-03-27 09:50:00+09:00,269500.0,270000.0,269500.0,269500.0,538,0.0,0.0
2025-03-27 09:51:00+09:00,269500.0,270000.0,269000.0,270000.0,984,0.0,0.0
2025-03-27 09:52:00+09:00,270000.0,270000.0,269500.0,269500.0,25,0.0,0.0
2025-03-27 09:53:00+09:00,269500.0,270000.0,269500.0,270000.0,208,0.0,0.0
2025-03-27 09:54:00+09:00,270000.0,270500.0,270000.0,270000.0,226,0.0,0.0
2025-03-27 09:55:00+09:00,270500.0,270500.0,270000.0,270000.0,65,0.0,0.0
2025-03-27 09:56:00+09:00,270500.0,270500.0,270000.0,270500.0,56,0.0,0.0
2025-03-27 09:57:00+09:00,270500.0,270500.0,270500.0,270500.0,99,0.0,0.0
2025-03-27 09:58:00+09:00,270500.0,271000.0,270000.0,271000.0,785,0.0,0.0
2025-03-27 09:59:00+09:00,270500.0,271000.0,270000.0,270000.0,48,0.0,0.0
2025-03-27 10:00:00+09:00,270500.0,271500.0,270000.0,270500.0,1029,0.0,0.0
2025-03-27 10:01:00+09:00,270500.0,271000.0,270500.0,270500.0,32,0.0,0.0
2025-03-27 10:02:00+09:00,271000.0,272000.0,271000.0,272000.0,463,0.0,0.0
2025-03-27 10:03:00+09:00,271500.0,272000.0,271000.0,271500.0,449,0.0,0.0
2025-03-27 10:04:00+09:00,272000.0,272500.0,271500.0,272000.0,936,0.0,0.0
2025-03-27 10:05:00+09:00,272000.0,273000.0,272000.0,272500.0,1774,0.0,0.0
2025-03-27 10:06:00+09:00,272500.0,273000.0,272000.0,272500.0,719,0.0,0.0
2025-03-27 10:07:00+09:00,272500.0,273000.0,272000.0,272500.0,1184,0.0,0.0
2025-03-27 10:08:00+09:00,273000.0,273000.0,272500.0,273000.0,438,0.0,0.0
2025-03-27 10:09:00+09:00,272500.0,273000.0,272000.0,272500.0,982,0.0,0.0
2025-03-27 10:10:00+09:00,272500.0,273000.0,272000.0,272500.0,578,0.0,0.0
2025-03-27 10:11:00+09:00,272500.0,273500.0,272250.0,273000.0,937,0.0,0.0
2025-03-27 10:12:00+09:00,273000.0,273500.0,272500.0,272500.0,1069,0.0,0.0
2025-03-27 10:13:00+09:00,273000.0,273000.0,272500.0,273000.0,415,0.0,0.0
2025-03-27 10:14:00+09:00,273000.0,273000.0,272000.0,272500.0,631,0.0,0.0
2025-03-27 10:15:00+09:00,272500.0,272500.0,271500.0,272000.0,1724,0.0,0.0
2025-03-27 10:16:00+09:00,272500.0,272500.0,272000.0,272250.0,564,0.0,0.0
2025-03-27 10:17:00+09:00,272250.0,272250.0,271500.0,271500.0,447,0.0,0.0
2025-03-27 10:18:00+09:00,272000.0,272500.0,271500.0,272000.0,440,0.0,0.0
2025-03-27 10:19:00+09:00,272000.0,272000.0,271500.0,272000.0,313,0.0,0.0
2025-03-27 10:20:00+09:00,272000.0,272500.0,271500.0,272000.0,449,0.0,0.0
2025-03-27 10:21:00+09:00,272000.0,272000.0,271500.0,272000.0,216,0.0,0.0
2025-03-27 10:22:00+09:00,272000.0,272000.0,271500.0,272000.0,264,0.0,0.0
2025-03-27 10:23:00+09:00,271500.0,272500.0,271500.0,272000.0,486,0.0,0.0
2025-03-27 10:24:00+09:00,271500.0,272500.0,271500.0,272000.0,767,0.0,0.0
2025-03-27 10:25:00+09:00,272000.0,272000.0,271500.0,272000.0,323,0.0,0.0
2025-03-27 10:26:00+09:00,272000.0,272500.0,271500.0,272500.0,257,0.0,0.0
2025-03-27 10:27:00+09:00,272500.0,273500.0,272500.0,273500.0,936,0.0,0.0
2025-03-27 10:28:00+09:00,273500.0,274000.0,273000.0,274000.0,2165,0.0,0.0
2025-03-27 10:29:00+09:00,274000.0,275000.0,274000.0,275000.0,4272,0.0,0.0
2025-03-27 10:30:00+09:00,275000.0,275000.0,274500.0,275000.0,600,0.0,0.0
2025-03-27 10:31:00+09:00,275000.0,275500.0,274500.0,275000.0,1663,0.0,0.0
2025-03-27 10:32:00+09:00,275500.0,276000.0,275000.0,275500.0,2592,0.0,0.0
2025-03-27 10:33:00+09:00,275500.0,275500.0,275000.0,275500.0,957,0.0,0.0
2025-03-27 10:34:00+09:00,275500.0,276000.0,275500.0,276000.0,683,0.0,0.0
2025-03-27 10:35:00+09:00,276000.0,276000.0,275000.0,275000.0,1901,0.0,0.0
2025-03-27 10:36:00+09:00,275000.0,275500.0,274500.0,275250.0,685,0.0,0.0
2025-03-27 10:37:00+09:00,275500.0,275500.0,274500.0,274500.0,1409,0.0,0.0
2025-03-27 10:38:00+09:00,274250.0,275000.0,273500.0,274000.0,2762,0.0,0.0
2025-03-27 10:39:00+09:00,274000.0,274000.0,273500.0,273500.0,330,0.0,0.0
2025-03-27 10:40:00+09:00,274000.0,275000.0,273500.0,274500.0,778,0.0,0.0
2025-03-27 10:41:00+09:00,275000.0,275000.0,274500.0,275000.0,195,0.0,0.0
2025-03-27 10:42:00+09:00,275000.0,275000.0,274500.0,275000.0,324,0.0,0.0
2025-03-27 10:43:00+09:00,275000.0,275500.0,274500.0,274500.0,1462,0.0,0.0
2025-03-27 10:44:00+09:00,274500.0,274500.0,274000.0,274500.0,1676,0.0,0.0
2025-03-27 10:45:00+09:00,274000.0,274500.0,273500.0,274000.0,506,0.0,0.0
2025-03-27 10:46:00+09:00,273500.0,274000.0,273000.0,273500.0,2777,0.0,0.0
2025-03-27 10:47:00+09:00,274000.0,274000.0,273000.0,273500.0,0,0.0,0.0
2025-03-27 10:48:00+09:00,273500.0,273500.0,273000.0,273500.0,371,0.0,0.0
2025-03-27 10:49:00+09:00,273000.0,273500.0,273000.0,273000.0,309,0.0,0.0
2025-03-27 10:50:00+09:00,273500.0,273500.0,273000.0,273500.0,479,0.0,0.0
2025-03-27 10:51:00+09:00,273500.0,274000.0,273000.0,273000.0,1716,0.0,0.0
2025-03-27 10:52:00+09:00,273500.0,274000.0,273000.0,273500.0,832,0.0,0.0
2025-03-27 10:53:00+09:00,273500.0,273500.0,273000.0,273500.0,1084,0.0,0.0
2025-03-27 10:54:00+09:00,273000.0,273500.0,273000.0,273000.0,1198,0.0,0.0
2025-03-27 10:55:00+09:00,273500.0,273500.0,273000.0,273500.0,439,0.0,0.0
2025-03-27 10:56:00+09:00,273500.0,273500.0,272500.0,272500.0,582,0.0,0.0
2025-03-27 10:57:00+09:00,272500.0,272500.0,271500.0,272000.0,1677,0.0,0.0
2025-03-27 10:58:00+09:00,271500.0,272500.0,271500.0,272000.0,741,0.0,0.0
2025-03-27 10:59:00+09:00,272500.0,272500.0,272000.0,272500.0,366,0.0,0.0
2025-03-27 11:00:00+09:00,272000.0,272500.0,271000.0,272000.0,1750,0.0,0.0
2025-03-27 11:01:00+09:00,272000.0,272000.0,271000.0,272000.0,1375,0.0,0.0
2025-03-27 11:02:00+09:00,272000.0,272000.0,271500.0,272000.0,303,0.0,0.0
2025-03-27 11:03:00+09:00,272000.0,272000.0,271500.0,271500.0,266,0.0,0.0
2025-03-27 11:04:00+09:00,271500.0,271500.0,271000.0,271500.0,3487,0.0,0.0
2025-03-27 11:05:00+09:00,271500.0,272000.0,271500.0,272000.0,0,0.0,0.0
2025-03-27 11:06:00+09:00,272000.0,272000.0,270500.0,271000.0,1211,0.0,0.0
2025-03-27 11:07:00+09:00,271500.0,271500.0,270500.0,271000.0,327,0.0,0.0
2025-03-27 11:08:00+09:00,271500.0,271500.0,271000.0,271500.0,323,0.0,0.0
2025-03-27 11:09:00+09:00,271500.0,271500.0,271000.0,271000.0,264,0.0,0.0
2025-03-27 11:10:00+09:00,271500.0,272000.0,271000.0,271500.0,733,0.0,0.0
2025-03-27 11:11:00+09:00,272000.0,272000.0,271500.0,272000.0,703,0.0,0.0
2025-03-27 11:12:00+09:00,272000.0,272500.0,271500.0,272000.0,575,0.0,0.0
2025-03-27 11:13:00+09:00,272000.0,272500.0,271500.0,271500.0,423,0.0,0.0
2025-03-27 11:14:00+09:00,272000.0,273000.0,271500.0,272000.0,1129,0.0,0.0
2025-03-27 11:15:00+09:00,271500.0,272500.0,271500.0,272500.0,434,0.0,0.0
2025-03-27 11:16:00+09:00,272500.0,272500.0,272000.0,272000.0,220,0.0,0.0
2025-03-27 11:17:00+09:00,272500.0,273000.0,272500.0,273000.0,481,0.0,0.0
2025-03-27 11:18:00+09:00,273000.0,273500.0,272500.0,273500.0,481,0.0,0.0
2025-03-27 11:19:00+09:00,273000.0,274000.0,273000.0,274000.0,424,0.0,0.0
2025-03-27 11:20:00+09:00,274000.0,274000.0,273000.0,274000.0,360,0.0,0.0
2025-03-27 11:21:00+09:00,274000.0,274000.0,273000.0,273500.0,406,0.0,0.0
2025-03-27 11:22:00+09:00,273500.0,274000.0,273000.0,273000.0,610,0.0,0.0
2025-03-27 11:23:00+09:00,273000.0,273000.0,272500.0,273000.0,399,0.0,0.0
2025-03-27 11:24:00+09:00,273000.0,274000.0,273000.0,273500.0,466,0.0,0.0
2025-03-27 11:25:00+09:00,273500.0,274500.0,273000.0,274500.0,311,0.0,0.0
2025-03-27 11:26:00+09:00,273500.0,274500.0,273500.0,274500.0,409,0.0,0.0
2025-03-27 11:27:00+09:00,274500.0,274500.0,273500.0,274000.0,388,0.0,0.0
2025-03-27 11:28:00+09:00,274000.0,274500.0,273500.0,274000.0,364,0.0,0.0
2025-03-27 11:29:00+09:00,274500.0,275000.0,274000.0,275000.0,763,0.0,0.0
2025-03-27 11:30:00+09:00,274500.0,275000.0,274000.0,274500.0,231,0.0,0.0
2025-03-27 11:31:00+09:00,274500.0,275000.0,274000.0,274500.0,652,0.0,0.0
2025-03-27 11:32:00+09:00,275000.0,275000.0,274500.0,275000.0,415,0.0,0.0
2025-03-27 11:33:00+09:00,275000.0,275000.0,274500.0,275000.0,444,0.0,0.0
2025-03-27 11:34:00+09:00,275000.0,275500.0,274500.0,275000.0,1468,0.0,0.0
2025-03-27 11:35:00+09:00,275000.0,275000.0,274500.0,275000.0,385,0.0,0.0
2025-03-27 11:36:00+09:00,275000.0,275000.0,274500.0,275000.0,305,0.0,0.0
2025-03-27 11:37:00+09:00,275000.0,275000.0,274500.0,275000.0,326,0.0,0.0
2025-03-27 11:38:00+09:00,275000.0,275000.0,274500.0,275000.0,265,0.0,0.0
2025-03-27 11:39:00+09:00,275000.0,275000.0,274500.0,275000.0,669,0.0,0.0
2025-03-27 11:40:00+09:00,275000.0,275250.0,274500.0,275000.0,527,0.0,0.0
2025-03-27 11:41:00+09:00,275000.0,275500.0,274500.0,275500.0,389,0.0,0.0
2025-03-27 11:42:00+09:00,275000.0,275500.0,274500.0,275000.0,395,0.0,0.0
2025-03-27 11:43:00+09:00,275000.0,275500.0,274500.0,275500.0,383,0.0,0.0
2025-03-27 11:44:00+09:00,275500.0,275500.0,275000.0,275500.0,270,0.0,0.0
2025-03-27 11:45:00+09:00,275500.0,275500.0,275000.0,275000.0,252,0.0,0.0
2025-03-27 11:46:00+09:00,275500.0,275500.0,275000.0,275500.0,457,0.0,0.0
2025-03-27 11:47:00+09:00,275500.0,275500.0,275000.0,275500.0,835,0.0,0.0
2025-03-27 11:48:00+09:00,275500.0,276000.0,275000.0,275500.0,200,0.0,0.0
2025-03-27 11:49:00+09:00,275500.0,276000.0,275000.0,275500.0,588,0.0,0.0
2025-03-27 11:50:00+09:00,275000.0,276000.0,275000.0,275500.0,748,0.0,0.0
2025-03-27 11:51:00+09:00,276000.0,276000.0,275500.0,275500.0,262,0.0,0.0
2025-03-27 11:52:00+09:00,275500.0,276000.0,275500.0,275750.0,150,0.0,0.0
2025-03-27 11:53:00+09:00,275750.0,276000.0,275500.0,276000.0,236,0.0,0.0
2025-03-27 11:54:00+09:00,276000.0,276000.0,275500.0,276000.0,427,0.0,0.0
2025-03-27 11:55:00+09:00,276000.0,276000.0,275500.0,275500.0,395,0.0,0.0
2025-03-27 11:56:00+09:00,276000.0,276000.0,275000.0,275000.0,2748,0.0,0.0
2025-03-27 11:57:00+09:00,275000.0,275500.0,275000.0,275500.0,738,0.0,0.0
2025-03-27 11:58:00+09:00,275000.0,275500.0,275000.0,275500.0,369,0.0,0.0
2025-03-27 11:59:00+09:00,275500.0,275500.0,275000.0,275500.0,265,0.0,0.0
2025-03-27 12:00:00+09:00,275500.0,275500.0,275000.0,275000.0,160,0.0,0.0
2025-03-27 12:01:00+09:00,275000.0,275500.0,275000.0,275500.0,181,0.0,0.0
2025-03-27 12:02:00+09:00,275500.0,275500.0,275000.0,275500.0,157,0.0,0.0
2025-03-27 12:03:00+09:00,275000.0,275500.0,275000.0,275000.0,193,0.0,0.0
2025-03-27 12:04:00+09:00,275000.0,275500.0,275000.0,275500.0,181,0.0,0.0
2025-03-27 12:05:00+09:00,275000.0,275000.0,274500.0,274500.0,1570,0.0,0.0
2025-03-27 12:06:00+09:00,274500.0,275000.0,274000.0,274500.0,697,0.0,0.0
2025-03-27 12:07:00+09:00,274500.0,274500.0,274000.0,274000.0,77,0.0,0.0
2025-03-27 12:08:00+09:00,274500.0,274500.0,273500.0,274000.0,2989,0.0,0.0
2025-03-27 12:09:00+09:00,274000.0,274000.0,273500.0,274000.0,152,0.0,0.0
2025-03-27 12:10:00+09:00,273500.0,274000.0,273500.0,274000.0,252,0.0,0.0
2025-03-27 12:11:00+09:00,273500.0,274500.0,273500.0,274000.0,741,0.0,0.0
2025-03-27 12:12:00+09:00,274500.0,274500.0,274000.0,274500.0,185,0.0,0.0
2025-03-27 12:13:00+09:00,274500.0,274500.0,274000.0,274000.0,107,0.0,0.0
2025-03-27 12:14:00+09:00,274500.0,275000.0,274000.0,275000.0,384,0.0,0.0
2025-03-27 12:15:00+09:00,274500.0,274500.0,274000.0,274500.0,127,0.0,0.0
2025-03-27 12:16:00+09:00,274500.0,274500.0,274000.0,274250.0,282,0.0,0.0
2025-03-27 12:17:00+09:00,274500.0,274500.0,274000.0,274000.0,305,0.0,0.0
2025-03-27 12:18:00+09:00,274500.0,274500.0,274000.0,274000.0,1560,0.0,0.0
2025-03-27 12:19:00+09:00,274000.0,274000.0,273500.0,274000.0,250,0.0,0.0
2025-03-27 12:20:00+09:00,273500.0,274000.0,273500.0,274000.0,190,0.0,0.0
2025-03-27 12:21:00+09:00,274000.0,274000.0,273500.0,274000.0,314,0.0,0.0
2025-03-27 12:22:00+09:00,273500.0,274000.0,273500.0,274000.0,139,0.0,0.0
2025-03-27 12:23:00+09:00,274000.0,274000.0,273500.0,274000.0,94,0.0,0.0
2025-03-27 12:24:00+09:00,274000.0,274000.0,273500.0,273500.0,100,0.0,0.0
2025-03-27 12:25:00+09:00,273500.0,274000.0,273000.0,273000.0,2399,0.0,0.0
2025-03-27 12:26:00+09:00,273500.0,273500.0,273000.0,273000.0,254,0.0,0.0
2025-03-27 12:27:00+09:00,273000.0,273500.0,273000.0,273000.0,166,0.0,0.0
2025-03-27 12:28:00+09:00,273000.0,273500.0,273000.0,273500.0,116,0.0,0.0
2025-03-27 12:29:00+09:00,273500.0,273500.0,273000.0,273500.0,174,0.0,0.0
2025-03-27 12:30:00+09:00,273500.0,273500.0,273000.0,273000.0,535,0.0,0.0
2025-03-27 12:31:00+09:00,273500.0,273500.0,272500.0,272500.0,1189,0.0,0.0
2025-03-27 12:32:00+09:00,273000.0,273000.0,272500.0,273000.0,793,0.0,0.0
2025-03-27 12:33:00+09:00,273000.0,273500.0,272500.0,273000.0,888,0.0,0.0
2025-03-27 12:34:00+09:00,273000.0,273000.0,272500.0,273000.0,144,0.0,0.0
2025-03-27 12:35:00+09:00,273000.0,273000.0,272500.0,273000.0,509,0.0,0.0
2025-03-27 12:36:00+09:00,273000.0,273000.0,272500.0,273000.0,226,0.0,0.0
2025-03-27 12:37:00+09:00,273000.0,273500.0,273000.0,273500.0,514,0.0,0.0
2025-03-27 12:38:00+09:00,273500.0,273500.0,273000.0,273500.0,248,0.0,0.0
2025-03-27 12:39:00+09:00,273500.0,273500.0,273000.0,273500.0,62,0.0,0.0
2025-03-27 12:40:00+09:00,273500.0,273500.0,273000.0,273500.0,507,0.0,0.0
2025-03-27 12:41:00+09:00,273000.0,273500.0,273000.0,273500.0,91,0.0,0.0
2025-03-27 12:42:00+09:00,273000.0,273500.0,273000.0,273500.0,706,0.0,0.0
2025-03-27 12:43:00+09:00,273500.0,273500.0,273000.0,273000.0,116,0.0,0.0
2025-03-27 12:44:00+09:00,273500.0,273500.0,273000.0,273000.0,158,0.0,0.0
2025-03-27 12:45:00+09:00,273000.0,273500.0,273000.0,273250.0,146,0.0,0.0
2025-03-27 12:46:00+09:00,273500.0,273500.0,273250.0,273500.0,92,0.0,0.0
2025-03-27 12:47:00+09:00,273250.0,273500.0,273000.0,273000.0,179,0.0,0.0
2025-03-27 12:48:00+09:00,273500.0,273500.0,273000.0,273500.0,130,0.0,0.0
2025-03-27 12:49:00+09:00,273000.0,273500.0,273000.0,273000.0,306,0.0,0.0
2025-03-27 12:50:00+09:00,273000.0,273500.0,273000.0,273500.0,463,0.0,0.0
2025-03-27 12:51:00+09:00,273500.0,274000.0,273000.0,274000.0,903,0.0,0.0
2025-03-27 12:52:00+09:00,273500.0,274000.0,273500.0,274000.0,231,0.0,0.0
2025-03-27 12:53:00+09:00,274000.0,274000.0,273500.0,273500.0,952,0.0,0.0
2025-03-27 12:54:00+09:00,273000.0,274000.0,273000.0,273500.0,336,0.0,0.0
2025-03-27 12:55:00+09:00,273500.0,274000.0,273500.0,274000.0,359,0.0,0.0
2025-03-27 12:56:00+09:00,274000.0,274500.0,273500.0,274500.0,393,0.0,0.0
2025-03-27 12:57:00+09:00,273500.0,274000.0,273500.0,274000.0,283,0.0,0.0
2025-03-27 12:58:00+09:00,274000.0,274000.0,273500.0,274000.0,384,0.0,0.0
2025-03-27 12:59:00+09:00,274000.0,274000.0,273500.0,274000.0,404,0.0,0.0
2025-03-27 13:00:00+09:00,274000.0,274000.0,273000.0,273000.0,452,0.0,0.0
2025-03-27 13:01:00+09:00,273000.0,273000.0,272500.0,273000.0,1175,0.0,0.0
2025-03-27 13:02:00+09:00,273000.0,273000.0,272500.0,273000.0,152,0.0,0.0
2025-03-27 13:03:00+09:00,273000.0,273000.0,272500.0,273000.0,434,0.0,0.0
2025-03-27 13:04:00+09:00,273000.0,273000.0,272500.0,272500.0,765,0.0,0.0
2025-03-27 13:05:00+09:00,273000.0,273000.0,272500.0,273000.0,234,0.0,0.0
2025-03-27 13:06:00+09:00,273000.0,273000.0,272500.0,272500.0,723,0.0,0.0
2025-03-27 13:07:00+09:00,273000.0,273500.0,272500.0,273500.0,755,0.0,0.0
2025-03-27 13:08:00+09:00,273000.0,273500.0,272500.0,273000.0,383,0.0,0.0
2025-03-27 13:09:00+09:00,273000.0,273500.0,272500.0,273000.0,566,0.0,0.0
2025-03-27 13:10:00+09:00,273500.0,273500.0,272500.0,273500.0,257,0.0,0.0
2025-03-27 13:11:00+09:00,273000.0,273500.0,273000.0,273500.0,380,0.0,0.0
2025-03-27 13:12:00+09:00,273500.0,273500.0,272500.0,273000.0,936,0.0,0.0
2025-03-27 13:13:00+09:00,273000.0,273000.0,272500.0,273000.0,184,0.0,0.0
2025-03-27 13:14:00+09:00,273000.0,273000.0,272500.0,273000.0,332,0.0,0.0
2025-03-27 13:15:00+09:00,273000.0,273000.0,272500.0,273000.0,288,0.0,0.0
2025-03-27 13:16:00+09:00,273000.0,273000.0,272750.0,273000.0,202,0.0,0.0
2025-03-27 13:17:00+09:00,273000.0,273000.0,272500.0,273000.0,322,0.0,0.0
2025-03-27 13:18:00+09:00,273000.0,273000.0,272500.0,273000.0,346,0.0,0.0
2025-03-27 13:19:00+09:00,273000.0,273000.0,272500.0,273000.0,502,0.0,0.0
2025-03-27 13:20:00+09:00,272500.0,273000.0,272500.0,273000.0,385,0.0,0.0
2025-03-27 13:21:00+09:00,273000.0,273000.0,272500.0,273000.0,223,0.0,0.0
2025-03-27 13:22:00+09:00,273000.0,273000.0,272500.0,273000.0,313,0.0,0.0
2025-03-27 13:23:00+09:00,273000.0,273500.0,272500.0,273000.0,482,0.0,0.0
2025-03-27 13:24:00+09:00,272500.0,273000.0,272500.0,273000.0,336,0.0,0.0
2025-03-27 13:25:00+09:00,273000.0,273000.0,272500.0,273000.0,474,0.0,0.0
2025-03-27 13:26:00+09:00,273000.0,274000.0,273000.0,273500.0,639,0.0,0.0
2025-03-27 13:27:00+09:00,273500.0,273500.0,272500.0,273500.0,574,0.0,0.0
2025-03-27 13:28:00+09:00,273500.0,273500.0,272000.0,272000.0,3604,0.0,0.0
2025-03-27 13:29:00+09:00,272000.0,273000.0,272000.0,272500.0,277,0.0,0.0
2025-03-27 13:30:00+09:00,272500.0,272500.0,272000.0,272500.0,161,0.0,0.0
2025-03-27 13:31:00+09:00,272500.0,272500.0,271500.0,271500.0,1256,0.0,0.0
2025-03-27 13:32:00+09:00,272500.0,272500.0,271500.0,272500.0,507,0.0,0.0
2025-03-27 13:33:00+09:00,272000.0,272500.0,272000.0,272500.0,153,0.0,0.0
2025-03-27 13:34:00+09:00,272000.0,272500.0,272000.0,272000.0,231,0.0,0.0
2025-03-27 13:35:00+09:00,272000.0,272500.0,272000.0,272500.0,272,0.0,0.0
2025-03-27 13:36:00+09:00,272500.0,272500.0,272000.0,272000.0,372,0.0,0.0
2025-03-27 13:37:00+09:00,272000.0,272500.0,272000.0,272500.0,355,0.0,0.0
2025-03-27 13:38:00+09:00,272500.0,272500.0,272000.0,272000.0,366,0.0,0.0
2025-03-27 13:39:00+09:00,272000.0,272500.0,272000.0,272000.0,428,0.0,0.0
2025-03-27 13:40:00+09:00,272500.0,273000.0,272000.0,273000.0,676,0.0,0.0
2025-03-27 13:41:00+09:00,273000.0,273000.0,272500.0,273000.0,180,0.0,0.0
2025-03-27 13:42:00+09:00,273000.0,273000.0,272500.0,273000.0,186,0.0,0.0
2025-03-27 13:43:00+09:00,273000.0,273000.0,272500.0,273000.0,902,0.0,0.0
2025-03-27 13:44:00+09:00,273000.0,273500.0,272500.0,273500.0,360,0.0,0.0
2025-03-27 13:45:00+09:00,273500.0,273500.0,273000.0,273000.0,621,0.0,0.0
2025-03-27 13:46:00+09:00,273000.0,273000.0,272500.0,273000.0,100,0.0,0.0
2025-03-27 13:47:00+09:00,273000.0,273500.0,272500.0,273500.0,561,0.0,0.0
2025-03-27 13:48:00+09:00,273500.0,273500.0,273000.0,273500.0,206,0.0,0.0
2025-03-27 13:49:00+09:00,273500.0,273500.0,273000.0,273000.0,228,0.0,0.0
2025-03-27 13:50:00+09:00,273000.0,273500.0,272500.0,272500.0,1380,0.0,0.0
2025-03-27 13:51:00+09:00,272500.0,273000.0,272000.0,272500.0,1232,0.0,0.0
2025-03-27 13:52:00+09:00,272500.0,273000.0,272000.0,272500.0,659,0.0,0.0
2025-03-27 13:53:00+09:00,273000.0,273000.0,272000.0,272500.0,292,0.0,0.0
2025-03-27 13:54:00+09:00,272500.0,272500.0,272000.0,272500.0,773,0.0,0.0
2025-03-27 13:55:00+09:00,272500.0,272500.0,272000.0,272500.0,16,0.0,0.0
2025-03-27 13:56:00+09:00,272500.0,273000.0,272250.0,273000.0,139,0.0,0.0
2025-03-27 13:57:00+09:00,273000.0,273000.0,272500.0,273000.0,152,0.0,0.0
2025-03-27 13:58:00+09:00,273000.0,273000.0,272500.0,272500.0,236,0.0,0.0
2025-03-27 13:59:00+09:00,272500.0,273000.0,272500.0,273000.0,185,0.0,0.0
2025-03-27 14:00:00+09:00,273000.0,273000.0,272000.0,272000.0,1145,0.0,0.0
2025-03-27 14:01:00+09:00,272500.0,272500.0,272000.0,272000.0,281,0.0,0.0
2025-03-27 14:02:00+09:00,272500.0,272500.0,272000.0,272500.0,221,0.0,0.0
2025-03-27 14:03:00+09:00,272500.0,272500.0,271500.0,271500.0,1932,0.0,0.0
2025-03-27 14:04:00+09:00,272000.0,272000.0,271500.0,271500.0,297,0.0,0.0
2025-03-27 14:05:00+09:00,272000.0,272500.0,271500.0,272500.0,1650,0.0,0.0
2025-03-27 14:06:00+09:00,272500.0,272500.0,272000.0,272500.0,818,0.0,0.0
2025-03-27 14:07:00+09:00,272500.0,272500.0,272000.0,272500.0,353,0.0,0.0
2025-03-27 14:08:00+09:00,272500.0,272500.0,272000.0,272250.0,239,0.0,0.0
2025-03-27 14:09:00+09:00,272000.0,272500.0,272000.0,272000.0,115,0.0,0.0
2025-03-27 14:10:00+09:00,272500.0,272500.0,272000.0,272500.0,235,0.0,0.0
2025-03-27 14:11:00+09:00,272500.0,272500.0,272000.0,272000.0,343,0.0,0.0
2025-03-27 14:12:00+09:00,272000.0,272500.0,272000.0,272000.0,315,0.0,0.0
2025-03-27 14:13:00+09:00,272000.0,272500.0,272000.0,272000.0,282,0.0,0.0
2025-03-27 14:14:00+09:00,272500.0,272500.0,272000.0,272000.0,794,0.0,0.0
2025-03-27 14:15:00+09:00,272500.0,272500.0,272000.0,272000.0,318,0.0,0.0
2025-03-27 14:16:00+09:00,272500.0,272500.0,272000.0,272500.0,409,0.0,0.0
2025-03-27 14:17:00+09:00,272500.0,272500.0,271500.0,271500.0,1776,0.0,0.0
2025-03-27 14:18:00+09:00,272000.0,272000.0,271500.0,271500.0,208,0.0,0.0
2025-03-27 14:19:00+09:00,271500.0,272000.0,271500.0,271500.0,565,0.0,0.0
2025-03-27 14:20:00+09:00,272000.0,272000.0,271500.0,271500.0,998,0.0,0.0
2025-03-27 14:21:00+09:00,271500.0,272000.0,271500.0,272000.0,314,0.0,0.0
2025-03-27 14:22:00+09:00,272000.0,272000.0,271000.0,271000.0,2223,0.0,0.0
2025-03-27 14:23:00+09:00,271500.0,271500.0,271000.0,271000.0,517,0.0,0.0
2025-03-27 14:24:00+09:00,271500.0,271500.0,271000.0,271000.0,311,0.0,0.0
2025-03-27 14:25:00+09:00,271500.0,271500.0,271000.0,271000.0,366,0.0,0.0
2025-03-27 14:26:00+09:00,271500.0,271500.0,271000.0,271500.0,551,0.0,0.0
2025-03-27 14:27:00+09:00,271500.0,271500.0,271000.0,271000.0,424,0.0,0.0
2025-03-27 14:28:00+09:00,271500.0,271500.0,271000.0,271500.0,289,0.0,0.0
2025-03-27 14:29:00+09:00,271500.0,271500.0,271000.0,271000.0,260,0.0,0.0
2025-03-27 14:30:00+09:00,271000.0,271500.0,270500.0,271000.0,2587,0.0,0.0
2025-03-27 14:31:00+09:00,270500.0,271000.0,270500.0,270500.0,286,0.0,0.0
2025-03-27 14:32:00+09:00,271000.0,271000.0,270500.0,270500.0,1238,0.0,0.0
2025-03-27 14:33:00+09:00,270500.0,271000.0,270500.0,271000.0,287,0.0,0.0
2025-03-27 14:34:00+09:00,271000.0,271500.0,270500.0,271000.0,818,0.0,0.0
2025-03-27 14:35:00+09:00,271000.0,271500.0,271000.0,271000.0,526,0.0,0.0
2025-03-27 14:36:00+09:00,271500.0,271500.0,271000.0,271000.0,112,0.0,0.0
2025-03-27 14:37:00+09:00,271000.0,271500.0,271000.0,271000.0,290,0.0,0.0
2025-03-27 14:38:00+09:00,271000.0,271500.0,271000.0,271000.0,228,0.0,0.0
2025-03-27 14:39:00+09:00,271000.0,271500.0,271000.0,271000.0,413,0.0,0.0
2025-03-27 14:40:00+09:00,271500.0,271500.0,271000.0,271500.0,329,0.0,0.0
2025-03-27 14:41:00+09:00,271500.0,271500.0,271000.0,271500.0,308,0.0,0.0
2025-03-27 14:42:00+09:00,271500.0,271500.0,271000.0,271000.0,756,0.0,0.0
2025-03-27 14:43:00+09:00,271500.0,271500.0,271000.0,271500.0,187,0.0,0.0
2025-03-27 14:44:00+09:00,271500.0,271500.0,271000.0,271500.0,2087,0.0,0.0
2025-03-27 14:45:00+09:00,271500.0,271500.0,271000.0,271500.0,200,0.0,0.0
2025-03-27 14:46:00+09:00,271500.0,271500.0,271000.0,271500.0,758,0.0,0.0
2025-03-27 14:47:00+09:00,271500.0,271500.0,271000.0,271500.0,520,0.0,0.0
2025-03-27 14:48:00+09:00,271500.0,271500.0,271000.0,271250.0,481,0.0,0.0
2025-03-27 14:49:00+09:00,271000.0,271500.0,271000.0,271500.0,416,0.0,0.0
2025-03-27 14:50:00+09:00,271500.0,271500.0,271000.0,271500.0,386,0.0,0.0
2025-03-27 14:51:00+09:00,271500.0,271500.0,271000.0,271500.0,573,0.0,0.0
2025-03-27 14:52:00+09:00,271000.0,271500.0,270500.0,270500.0,1405,0.0,0.0
2025-03-27 14:53:00+09:00,271000.0,271000.0,270500.0,270500.0,494,0.0,0.0
2025-03-27 14:54:00+09:00,270500.0,271500.0,270500.0,271500.0,437,0.0,0.0
2025-03-27 14:55:00+09:00,271500.0,271500.0,270500.0,271000.0,592,0.0,0.0
2025-03-27 14:56:00+09:00,271500.0,271500.0,271000.0,271500.0,335,0.0,0.0
2025-03-27 14:57:00+09:00,271500.0,271500.0,270500.0,271000.0,1254,0.0,0.0
2025-03-27 14:58:00+09:00,270500.0,271000.0,270500.0,271000.0,928,0.0,0.0
2025-03-27 14:59:00+09:00,271000.0,271000.0,270500.0,270500.0,559,0.0,0.0
2025-03-28 09:00:00+09:00,271500.0,272500.0,269500.0,270000.0,5139,1000.0,0.0
2025-03-28 09:01:00+09:00,270000.0,270000.0,267000.0,267000.0,7807,0.0,0.0
2025-03-28 09:02:00+09:00,267250.0,267250.0,264000.0,265000.0,6560,0.0,0.0
2025-03-28 09:03:00+09:00,265000.0,265000.0,262500.0,262500.0,2934,0.0,0.0
2025-03-28 09:04:00+09:00,262500.0,262500.0,261000.0,261500.0,3294,0.0,0.0
2025-03-28 09:05:00+09:00,261500.0,263000.0,261500.0,262000.0,1325,0.0,0.0
2025-03-28 09:06:00+09:00,261500.0,263500.0,261500.0,263000.0,1547,0.0,0.0
2025-03-28 09:07:00+09:00,263000.0,263500.0,262000.0,263500.0,2165,0.0,0.0
2025-03-28 09:08:00+09:00,263250.0,264000.0,262500.0,263000.0,1617,0.0,0.0
2025-03-28 09:09:00+09:00,263500.0,264500.0,263500.0,264500.0,1717,0.0,0.0
2025-03-28 09:10:00+09:00,264000.0,265250.0,264000.0,265000.0,1033,0.0,0.0
2025-03-28 09:11:00+09:00,265000.0,266000.0,265000.0,265500.0,1067,0.0,0.0
2025-03-28 09:12:00+09:00,265500.0,266000.0,265500.0,266000.0,401,0.0,0.0
2025-03-28 09:13:00+09:00,265500.0,267000.0,265000.0,266500.0,1883,0.0,0.0
2025-03-28 09:14:00+09:00,266500.0,267500.0,266000.0,267000.0,829,0.0,0.0
2025-03-28 09:15:00+09:00,266500.0,267000.0,266000.0,266000.0,961,0.0,0.0
2025-03-28 09:16:00+09:00,266500.0,266500.0,265500.0,265500.0,610,0.0,0.0
2025-03-28 09:17:00+09:00,265500.0,266000.0,265500.0,265500.0,385,0.0,0.0
2025-03-28 09:18:00+09:00,265500.0,265500.0,265000.0,265000.0,899,0.0,0.0
2025-03-28 09:19:00+09:00,265000.0,265500.0,265000.0,265000.0,451,0.0,0.0
2025-03-28 09:20:00+09:00,265500.0,266000.0,265000.0,265000.0,803,0.0,0.0
2025-03-28 09:21:00+09:00,265500.0,265500.0,264500.0,265000.0,765,0.0,0.0
2025-03-28 09:22:00+09:00,265000.0,265000.0,263500.0,263500.0,831,0.0,0.0
2025-03-28 09:23:00+09:00,264000.0,264000.0,263000.0,263000.0,598,0.0,0.0
2025-03-28 09:24:00+09:00,263000.0,263500.0,262500.0,263000.0,1254,0.0,0.0
2025-03-28 09:25:00+09:00,263500.0,263500.0,263000.0,263000.0,99,0.0,0.0
2025-03-28 09:26:00+09:00,263000.0,263500.0,262000.0,262500.0,1317,0.0,0.0
2025-03-28 09:27:00+09:00,262500.0,262500.0,261500.0,262500.0,1216,0.0,0.0
2025-03-28 09:28:00+09:00,262500.0,263000.0,262000.0,262500.0,315,0.0,0.0
2025-03-28 09:29:00+09:00,262500.0,262500.0,261500.0,261500.0,838,0.0,0.0
2025-03-28 09:30:00+09:00,261500.0,262500.0,261500.0,262500.0,597,0.0,0.0
2025-03-28 09:31:00+09:00,262500.0,262500.0,262000.0,262000.0,458,0.0,0.0
2025-03-28 09:32:00+09:00,262000.0,263000.0,262000.0,262500.0,188,0.0,0.0
2025-03-28 09:33:00+09:00,262000.0,262500.0,262000.0,262000.0,739,0.0,0.0
2025-03-28 09:34:00+09:00,262500.0,262500.0,262000.0,262500.0,95,0.0,0.0
2025-03-28 09:35:00+09:00,262500.0,263000.0,262000.0,263000.0,216,0.0,0.0
2025-03-28 09:36:00+09:00,262500.0,263000.0,262500.0,262500.0,159,0.0,0.0
2025-03-28 09:37:00+09:00,262500.0,263000.0,262000.0,262000.0,751,0.0,0.0
2025-03-28 09:38:00+09:00,262500.0,262500.0,262000.0,262500.0,104,0.0,0.0
2025-03-28 09:39:00+09:00,262000.0,262500.0,261500.0,261500.0,658,0.0,0.0
2025-03-28 09:40:00+09:00,262000.0,262500.0,261500.0,262000.0,506,0.0,0.0
2025-03-28 09:41:00+09:00,262000.0,262000.0,261500.0,262000.0,412,0.0,0.0
2025-03-28 09:42:00+09:00,262000.0,262000.0,260500.0,261000.0,2095,0.0,0.0
2025-03-28 09:43:00+09:00,261500.0,261500.0,260500.0,261500.0,418,0.0,0.0
2025-03-28 09:44:00+09:00,261000.0,261500.0,260500.0,261000.0,504,0.0,0.0
2025-03-28 09:45:00+09:00,261000.0,261000.0,260000.0,260500.0,1432,0.0,0.0
2025-03-28 09:46:00+09:00,260500.0,260500.0,260000.0,260000.0,2305,0.0,0.0
2025-03-28 09:47:00+09:00,260000.0,260500.0,259000.0,259500.0,2081,0.0,0.0
2025-03-28 09:48:00+09:00,259000.0,259500.0,258500.0,258500.0,1244,0.0,0.0
2025-03-28 09:49:00+09:00,258500.0,259000.0,258000.0,258500.0,2306,0.0,0.0
2025-03-28 09:50:00+09:00,259000.0,259000.0,258000.0,258000.0,2157,0.0,0.0
2025-03-28 09:51:00+09:00,258000.0,259000.0,258000.0,258500.0,2672,0.0,0.0
2025-03-28 09:52:00+09:00,259000.0,260000.0,258500.0,259500.0,1894,0.0,0.0
2025-03-28 09:53:00+09:00,259500.0,260000.0,259000.0,259000.0,1618,0.0,0.0
2025-03-28 09:54:00+09:00,259000.0,259500.0,258500.0,259500.0,1534,0.0,0.0
2025-03-28 09:55:00+09:00,259500.0,260500.0,259000.0,260000.0,1382,0.0,0.0
2025-03-28 09:56:00+09:00,260500.0,260500.0,259500.0,260000.0,1002,0.0,0.0
2025-03-28 09:57:00+09:00,259500.0,260000.0,259500.0,260000.0,360,0.0,0.0
2025-03-28 09:58:00+09:00,259500.0,260000.0,259500.0,259500.0,419,0.0,0.0
2025-03-28 09:59:00+09:00,259500.0,260500.0,259500.0,260000.0,960,0.0,0.0
2025-03-28 10:00:00+09:00,260000.0,260500.0,259500.0,260000.0,1553,0.0,0.0
2025-03-28 10:01:00+09:00,260000.0,260500.0,260000.0,260500.0,70,0.0,0.0
2025-03-28 10:02:00+09:00,260000.0,261000.0,260000.0,260500.0,622,0.0,0.0
2025-03-28 10:03:00+09:00,260500.0,260500.0,260000.0,260500.0,359,0.0,0.0
2025-03-28 10:04:00+09:00,260500.0,262000.0,260500.0,261500.0,926,0.0,0.0
2025-03-28 10:05:00+09:00,262000.0,263000.0,262000.0,263000.0,1425,0.0,0.0
2025-03-28 10:06:00+09:00,263000.0,263000.0,262000.0,262000.0,265,0.0,0.0
2025-03-28 10:07:00+09:00,262000.0,263000.0,262000.0,262000.0,501,0.0,0.0
2025-03-28 10:08:00+09:00,262000.0,263000.0,262000.0,262500.0,264,0.0,0.0
2025-03-28 10:09:00+09:00,263000.0,263000.0,262500.0,263000.0,686,0.0,0.0
2025-03-28 10:10:00+09:00,263000.0,263500.0,262500.0,263250.0,284,0.0,0.0
2025-03-28 10:11:00+09:00,263250.0,263500.0,262500.0,263000.0,930,0.0,0.0
2025-03-28 10:12:00+09:00,263000.0,263500.0,263000.0,263500.0,227,0.0,0.0
2025-03-28 10:13:00+09:00,263000.0,264000.0,263000.0,263500.0,1358,0.0,0.0
2025-03-28 10:14:00+09:00,264000.0,264000.0,263500.0,264000.0,239,0.0,0.0
2025-03-28 10:15:00+09:00,264000.0,264500.0,263500.0,264250.0,1891,0.0,0.0
2025-03-28 10:16:00+09:00,264500.0,265000.0,264000.0,264000.0,1837,0.0,0.0
2025-03-28 10:17:00+09:00,264500.0,265000.0,264000.0,265000.0,707,0.0,0.0
2025-03-28 10:18:00+09:00,265000.0,265000.0,264500.0,265000.0,181,0.0,0.0
2025-03-28 10:19:00+09:00,264750.0,265500.0,264500.0,265000.0,1381,0.0,0.0
2025-03-28 10:20:00+09:00,265000.0,265500.0,264500.0,265250.0,811,0.0,0.0
2025-03-28 10:21:00+09:00,265500.0,265500.0,263500.0,264500.0,3415,0.0,0.0
2025-03-28 10:22:00+09:00,264000.0,264500.0,263500.0,263500.0,204,0.0,0.0
2025-03-28 10:23:00+09:00,264000.0,264000.0,263500.0,263500.0,1120,0.0,0.0
2025-03-28 10:24:00+09:00,263500.0,264000.0,263500.0,263500.0,323,0.0,0.0
2025-03-28 10:25:00+09:00,263500.0,264000.0,263500.0,263500.0,53,0.0,0.0
2025-03-28 10:26:00+09:00,264000.0,264000.0,263000.0,263000.0,435,0.0,0.0
2025-03-28 10:27:00+09:00,263000.0,263000.0,262500.0,263000.0,167,0.0,0.0
2025-03-28 10:28:00+09:00,263000.0,263500.0,263000.0,263000.0,159,0.0,0.0
2025-03-28 10:29:00+09:00,263000.0,263500.0,262500.0,263500.0,251,0.0,0.0
2025-03-28 10:30:00+09:00,263000.0,263000.0,262500.0,263000.0,264,0.0,0.0
2025-03-28 10:31:00+09:00,262500.0,263000.0,262000.0,263000.0,286,0.0,0.0
2025-03-28 10:32:00+09:00,263000.0,263000.0,262500.0,262500.0,429,0.0,0.0
2025-03-28 10:33:00+09:00,262500.0,262500.0,262000.0,262500.0,286,0.0,0.0
2025-03-28 10:34:00+09:00,262000.0,262500.0,262000.0,262000.0,92,0.0,0.0
2025-03-28 10:35:00+09:00,262000.0,262500.0,261500.0,262000.0,298,0.0,0.0
2025-03-28 10:36:00+09:00,261500.0,262000.0,261500.0,261500.0,313,0.0,0.0
2025-03-28 10:37:00+09:00,261500.0,262000.0,261500.0,261500.0,498,0.0,0.0
2025-03-28 10:38:00+09:00,262000.0,262000.0,261000.0,261500.0,0,0.0,0.0
2025-03-28 10:39:00+09:00,261500.0,262000.0,261000.0,261500.0,160,0.0,0.0
2025-03-28 10:40:00+09:00,261000.0,262000.0,261000.0,261500.0,201,0.0,0.0
2025-03-28 10:41:00+09:00,262000.0,262500.0,261500.0,261500.0,121,0.0,0.0
2025-03-28 10:42:00+09:00,262000.0,262000.0,261000.0,262000.0,505,0.0,0.0
2025-03-28 10:43:00+09:00,262000.0,262000.0,261500.0,262000.0,263,0.0,0.0
2025-03-28 10:44:00+09:00,261500.0,262500.0,261500.0,262500.0,473,0.0,0.0
2025-03-28 10:45:00+09:00,262500.0,263000.0,262000.0,263000.0,359,0.0,0.0
2025-03-28 10:46:00+09:00,263000.0,263000.0,261500.0,262000.0,439,0.0,0.0
2025-03-28 10:47:00+09:00,262000.0,262500.0,261000.0,261500.0,1083,0.0,0.0
2025-03-28 10:48:00+09:00,262000.0,262000.0,261000.0,261500.0,69,0.0,0.0
2025-03-28 10:49:00+09:00,261500.0,261500.0,260500.0,261000.0,627,0.0,0.0
2025-03-28 10:50:00+09:00,261000.0,261000.0,260000.0,261000.0,913,0.0,0.0
2025-03-28 10:51:00+09:00,260500.0,261000.0,260500.0,260500.0,91,0.0,0.0
2025-03-28 10:52:00+09:00,260500.0,261000.0,260500.0,260500.0,270,0.0,0.0
2025-03-28 10:53:00+09:00,260500.0,261000.0,260500.0,261000.0,260,0.0,0.0
2025-03-28 10:54:00+09:00,260500.0,261000.0,260000.0,260500.0,139,0.0,0.0
2025-03-28 10:55:00+09:00,260500.0,260500.0,260000.0,260500.0,142,0.0,0.0
2025-03-28 10:56:00+09:00,260500.0,260500.0,260000.0,260500.0,151,0.0,0.0
2025-03-28 10:57:00+09:00,260000.0,260500.0,260000.0,260500.0,2393,0.0,0.0
2025-03-28 10:58:00+09:00,260500.0,261000.0,260500.0,261000.0,466,0.0,0.0
2025-03-28 10:59:00+09:00,260500.0,261000.0,260000.0,260500.0,180,0.0,0.0
2025-03-28 11:00:00+09:00,260500.0,261000.0,260500.0,261000.0,289,0.0,0.0
2025-03-28 11:01:00+09:00,261000.0,261000.0,260500.0,261000.0,111,0.0,0.0
2025-03-28 11:02:00+09:00,260750.0,261000.0,260500.0,260500.0,153,0.0,0.0
2025-03-28 11:03:00+09:00,260500.0,261000.0,260500.0,261000.0,557,0.0,0.0
2025-03-28 11:04:00+09:00,260500.0,260500.0,260000.0,260500.0,650,0.0,0.0
2025-03-28 11:05:00+09:00,260500.0,260500.0,260000.0,260000.0,161,0.0,0.0
2025-03-28 11:06:00+09:00,260500.0,260500.0,260000.0,260500.0,198,0.0,0.0
2025-03-28 11:07:00+09:00,260500.0,260500.0,260000.0,260000.0,126,0.0,0.0
2025-03-28 11:08:00+09:00,260500.0,260500.0,260000.0,260000.0,866,0.0,0.0
2025-03-28 11:09:00+09:00,260500.0,260500.0,260000.0,260000.0,126,0.0,0.0
2025-03-28 11:10:00+09:00,260500.0,260500.0,259500.0,260000.0,795,0.0,0.0
2025-03-28 11:11:00+09:00,260500.0,260500.0,259500.0,259500.0,79,0.0,0.0
2025-03-28 11:12:00+09:00,260000.0,260500.0,260000.0,260500.0,127,0.0,0.0
2025-03-28 11:13:00+09:00,260500.0,260500.0,259500.0,260000.0,554,0.0,0.0
2025-03-28 11:14:00+09:00,259500.0,260000.0,259500.0,260000.0,202,0.0,0.0
2025-03-28 11:15:00+09:00,259500.0,260000.0,259500.0,259500.0,156,0.0,0.0
2025-03-28 11:16:00+09:00,260000.0,260000.0,259500.0,260000.0,47,0.0,0.0
2025-03-28 11:17:00+09:00,260000.0,260000.0,259500.0,260000.0,1328,0.0,0.0
2025-03-28 11:18:00+09:00,260000.0,260000.0,259500.0,260000.0,220,0.0,0.0
2025-03-28 11:19:00+09:00,259500.0,260500.0,259500.0,260500.0,121,0.0,0.0
2025-03-28 11:20:00+09:00,260000.0,260500.0,260000.0,260500.0,39,0.0,0.0
2025-03-28 11:21:00+09:00,260500.0,260500.0,260000.0,260000.0,813,0.0,0.0
2025-03-28 11:22:00+09:00,260000.0,260000.0,259500.0,260000.0,65,0.0,0.0
2025-03-28 11:23:00+09:00,260000.0,260000.0,259500.0,259500.0,243,0.0,0.0
2025-03-28 11:24:00+09:00,259500.0,260000.0,259000.0,259500.0,1420,0.0,0.0
2025-03-28 11:25:00+09:00,259500.0,259500.0,259500.0,259500.0,212,0.0,0.0
2025-03-28 11:26:00+09:00,259500.0,260000.0,259500.0,259500.0,448,0.0,0.0
2025-03-28 11:27:00+09:00,259000.0,259500.0,259000.0,259500.0,389,0.0,0.0
2025-03-28 11:28:00+09:00,259000.0,260000.0,259000.0,259500.0,49,0.0,0.0
2025-03-28 11:29:00+09:00,260000.0,260000.0,259500.0,259500.0,179,0.0,0.0
2025-03-28 11:30:00+09:00,260000.0,260000.0,259500.0,260000.0,77,0.0,0.0
2025-03-28 11:31:00+09:00,260000.0,260000.0,259500.0,259500.0,119,0.0,0.0
2025-03-28 11:32:00+09:00,259500.0,260000.0,259500.0,259500.0,251,0.0,0.0
2025-03-28 11:33:00+09:00,260000.0,260000.0,259500.0,259500.0,124,0.0,0.0
2025-03-28 11:34:00+09:00,259500.0,260000.0,259500.0,260000.0,158,0.0,0.0
2025-03-28 11:35:00+09:00,259500.0,260000.0,259500.0,260000.0,43,0.0,0.0
2025-03-28 11:36:00+09:00,260000.0,260000.0,259500.0,260000.0,175,0.0,0.0
2025-03-28 11:37:00+09:00,260000.0,260000.0,259500.0,260000.0,44,0.0,0.0
2025-03-28 11:38:00+09:00,260000.0,260000.0,259500.0,259500.0,107,0.0,0.0
2025-03-28 11:39:00+09:00,260000.0,260000.0,259500.0,260000.0,154,0.0,0.0
2025-03-28 11:40:00+09:00,259500.0,260000.0,259500.0,260000.0,195,0.0,0.0
2025-03-28 11:41:00+09:00,260000.0,260000.0,259000.0,259500.0,725,0.0,0.0
2025-03-28 11:42:00+09:00,259500.0,259500.0,259500.0,259500.0,125,0.0,0.0
2025-03-28 11:43:00+09:00,259500.0,259500.0,259000.0,259000.0,160,0.0,0.0
2025-03-28 11:44:00+09:00,259500.0,259500.0,259000.0,259500.0,102,0.0,0.0
2025-03-28 11:45:00+09:00,259500.0,260000.0,259000.0,259500.0,170,0.0,0.0
2025-03-28 11:46:00+09:00,259000.0,260000.0,259000.0,259500.0,213,0.0,0.0
2025-03-28 11:47:00+09:00,259500.0,260000.0,259500.0,260000.0,44,0.0,0.0
2025-03-28 11:48:00+09:00,259500.0,260000.0,259000.0,259500.0,417,0.0,0.0
2025-03-28 11:49:00+09:00,259500.0,259500.0,259000.0,259500.0,496,0.0,0.0
2025-03-28 11:50:00+09:00,259000.0,259500.0,259000.0,259000.0,119,0.0,0.0
2025-03-28 11:51:00+09:00,259500.0,259500.0,259000.0,259500.0,216,0.0,0.0
2025-03-28 11:52:00+09:00,259000.0,259500.0,259000.0,259000.0,1535,0.0,0.0
2025-03-28 11:53:00+09:00,259000.0,259500.0,258500.0,259500.0,1247,0.0,0.0
2025-03-28 11:54:00+09:00,259000.0,259500.0,259000.0,259000.0,228,0.0,0.0
2025-03-28 11:55:00+09:00,259500.0,259500.0,259000.0,259000.0,78,0.0,0.0
2025-03-28 11:56:00+09:00,259500.0,259500.0,259000.0,259500.0,142,0.0,0.0
2025-03-28 11:57:00+09:00,259000.0,259500.0,259000.0,259500.0,608,0.0,0.0
2025-03-28 11:58:00+09:00,259500.0,259500.0,258500.0,258500.0,125,0.0,0.0
2025-03-28 11:59:00+09:00,259000.0,259000.0,258500.0,259000.0,201,0.0,0.0
2025-03-28 12:00:00+09:00,258500.0,259500.0,258500.0,259000.0,87,0.0,0.0
2025-03-28 12:01:00+09:00,259500.0,259500.0,259000.0,259000.0,35,0.0,0.0
2025-03-28 12:02:00+09:00,259000.0,259500.0,259000.0,259000.0,154,0.0,0.0
2025-03-28 12:03:00+09:00,259500.0,259500.0,259000.0,259000.0,291,0.0,0.0
2025-03-28 12:04:00+09:00,259000.0,259000.0,258500.0,259000.0,318,0.0,0.0
2025-03-28 12:05:00+09:00,259000.0,259000.0,258500.0,259000.0,251,0.0,0.0
2025-03-28 12:06:00+09:00,259000.0,259000.0,258750.0,258750.0,142,0.0,0.0
2025-03-28 12:07:00+09:00,259000.0,259000.0,258750.0,259000.0,124,0.0,0.0
2025-03-28 12:08:00+09:00,259000.0,259500.0,258500.0,258500.0,259,0.0,0.0
2025-03-28 12:09:00+09:00,258500.0,259000.0,258500.0,259000.0,104,0.0,0.0
2025-03-28 12:10:00+09:00,259000.0,259000.0,258500.0,259000.0,69,0.0,0.0
2025-03-28 12:11:00+09:00,259000.0,259000.0,258500.0,259000.0,174,0.0,0.0
2025-03-28 12:12:00+09:00,258750.0,259000.0,258500.0,259000.0,281,0.0,0.0
2025-03-28 12:13:00+09:00,258750.0,259000.0,258500.0,259000.0,93,0.0,0.0
2025-03-28 12:14:00+09:00,259000.0,259000.0,258500.0,259000.0,168,0.0,0.0
2025-03-28 12:15:00+09:00,259000.0,259000.0,258500.0,259000.0,619,0.0,0.0
2025-03-28 12:16:00+09:00,258500.0,259000.0,258500.0,258500.0,227,0.0,0.0
2025-03-28 12:17:00+09:00,259000.0,259000.0,258500.0,259000.0,164,0.0,0.0
2025-03-28 12:18:00+09:00,259000.0,259000.0,258000.0,258500.0,1423,0.0,0.0
2025-03-28 12:20:00+09:00,258500.0,258500.0,258000.0,258000.0,2732,0.0,0.0
2025-03-28 12:21:00+09:00,258000.0,258250.0,258000.0,258000.0,411,0.0,0.0
2025-03-28 12:22:00+09:00,258250.0,258250.0,258000.0,258250.0,59,0.0,0.0
2025-03-28 12:23:00+09:00,258250.0,258500.0,258000.0,258250.0,98,0.0,0.0
2025-03-28 12:24:00+09:00,258250.0,258500.0,258000.0,258500.0,494,0.0,0.0
2025-03-28 12:25:00+09:00,258500.0,259500.0,258000.0,259000.0,1521,0.0,0.0
2025-03-28 12:26:00+09:00,258500.0,259000.0,258500.0,259000.0,12,0.0,0.0
2025-03-28 12:27:00+09:00,259000.0,259000.0,258500.0,258500.0,116,0.0,0.0
2025-03-28 12:28:00+09:00,258500.0,259000.0,258500.0,258500.0,424,0.0,0.0
2025-03-28 12:29:00+09:00,258500.0,259000.0,258500.0,258500.0,64,0.0,0.0
2025-03-28 12:30:00+09:00,258500.0,259000.0,258500.0,258500.0,310,0.0,0.0
2025-03-28 12:31:00+09:00,259000.0,259000.0,258500.0,258500.0,52,0.0,0.0
2025-03-28 12:32:00+09:00,258500.0,259000.0,258500.0,259000.0,114,0.0,0.0
2025-03-28 12:33:00+09:00,258500.0,259000.0,258500.0,259000.0,86,0.0,0.0
2025-03-28 12:34:00+09:00,259000.0,259000.0,258500.0,259000.0,752,0.0,0.0
2025-03-28 12:35:00+09:00,259500.0,259500.0,258000.0,258500.0,858,0.0,0.0
2025-03-28 12:36:00+09:00,258500.0,259000.0,258000.0,259000.0,222,0.0,0.0
2025-03-28 12:37:00+09:00,259000.0,259000.0,258500.0,258500.0,144,0.0,0.0
2025-03-28 12:38:00+09:00,259000.0,259000.0,258500.0,259000.0,93,0.0,0.0
2025-03-28 12:39:00+09:00,259000.0,259000.0,258500.0,258500.0,63,0.0,0.0
2025-03-28 12:40:00+09:00,259000.0,259000.0,258500.0,258500.0,183,0.0,0.0
2025-03-28 12:41:00+09:00,258500.0,259000.0,258500.0,258500.0,101,0.0,0.0
2025-03-28 12:42:00+09:00,258500.0,259000.0,258500.0,258500.0,171,0.0,0.0
2025-03-28 12:43:00+09:00,259000.0,259500.0,258500.0,259000.0,452,0.0,0.0
2025-03-28 12:44:00+09:00,259000.0,259000.0,258500.0,258500.0,205,0.0,0.0
2025-03-28 12:45:00+09:00,258500.0,259000.0,258500.0,259000.0,788,0.0,0.0
2025-03-28 12:46:00+09:00,259000.0,259000.0,258500.0,259000.0,17,0.0,0.0
2025-03-28 12:47:00+09:00,258500.0,259000.0,258500.0,258500.0,223,0.0,0.0
2025-03-28 12:48:00+09:00,259000.0,259000.0,258500.0,258500.0,65,0.0,0.0
2025-03-28 12:49:00+09:00,258500.0,259000.0,258500.0,258500.0,102,0.0,0.0
2025-03-28 12:50:00+09:00,259000.0,259000.0,258500.0,258500.0,139,0.0,0.0
2025-03-28 12:51:00+09:00,259000.0,259000.0,258500.0,259000.0,238,0.0,0.0
2025-03-28 12:52:00+09:00,259000.0,259000.0,258500.0,258500.0,161,0.0,0.0
2025-03-28 12:53:00+09:00,259000.0,259000.0,258000.0,258500.0,575,0.0,0.0
2025-03-28 12:54:00+09:00,258500.0,258500.0,258000.0,258500.0,128,0.0,0.0
2025-03-28 12:55:00+09:00,258500.0,258500.0,258000.0,258500.0,202,0.0,0.0
2025-03-28 12:56:00+09:00,258500.0,259000.0,258000.0,259000.0,198,0.0,0.0
2025-03-28 12:57:00+09:00,258500.0,259000.0,258500.0,259000.0,331,0.0,0.0
2025-03-28 12:58:00+09:00,259000.0,259500.0,259000.0,259000.0,228,0.0,0.0
2025-03-28 12:59:00+09:00,259500.0,260000.0,259000.0,260000.0,129,0.0,0.0
2025-03-28 13:00:00+09:00,259500.0,260000.0,259500.0,259500.0,663,0.0,0.0
2025-03-28 13:01:00+09:00,260000.0,260500.0,259500.0,260000.0,445,0.0,0.0
2025-03-28 13:02:00+09:00,260000.0,260000.0,259500.0,260000.0,45,0.0,0.0
2025-03-28 13:03:00+09:00,260000.0,260000.0,259500.0,260000.0,573,0.0,0.0
2025-03-28 13:04:00+09:00,259500.0,260000.0,259000.0,260000.0,1389,0.0,0.0
2025-03-28 13:05:00+09:00,260000.0,260500.0,259500.0,260500.0,248,0.0,0.0
2025-03-28 13:06:00+09:00,260500.0,261000.0,260000.0,261000.0,1308,0.0,0.0
2025-03-28 13:07:00+09:00,260750.0,260750.0,259500.0,260000.0,1580,0.0,0.0
2025-03-28 13:08:00+09:00,260500.0,260500.0,260000.0,260500.0,357,0.0,0.0
2025-03-28 13:09:00+09:00,260500.0,261000.0,260000.0,261000.0,532,0.0,0.0
2025-03-28 13:10:00+09:00,260500.0,261000.0,260000.0,260500.0,1002,0.0,0.0
2025-03-28 13:11:00+09:00,260500.0,260500.0,260000.0,260000.0,41,0.0,0.0
2025-03-28 13:12:00+09:00,260500.0,260500.0,260000.0,260500.0,122,0.0,0.0
2025-03-28 13:13:00+09:00,260000.0,260500.0,260000.0,260500.0,88,0.0,0.0
2025-03-28 13:14:00+09:00,260500.0,260500.0,260000.0,260500.0,85,0.0,0.0
2025-03-28 13:15:00+09:00,260000.0,260500.0,259500.0,260000.0,1069,0.0,0.0
2025-03-28 13:16:00+09:00,259500.0,260000.0,259000.0,260000.0,979,0.0,0.0
2025-03-28 13:17:00+09:00,259500.0,260000.0,259000.0,259500.0,209,0.0,0.0
2025-03-28 13:18:00+09:00,259500.0,259500.0,259000.0,259500.0,88,0.0,0.0
2025-03-28 13:19:00+09:00,259500.0,260000.0,259000.0,259500.0,106,0.0,0.0
2025-03-28 13:20:00+09:00,259500.0,260000.0,259000.0,260000.0,105,0.0,0.0
2025-03-28 13:21:00+09:00,260000.0,260000.0,259500.0,260000.0,330,0.0,0.0
2025-03-28 13:22:00+09:00,260000.0,260000.0,259500.0,259500.0,165,0.0,0.0
2025-03-28 13:23:00+09:00,260000.0,260000.0,259500.0,260000.0,116,0.0,0.0
2025-03-28 13:24:00+09:00,260000.0,260500.0,259500.0,260000.0,296,0.0,0.0
2025-03-28 13:25:00+09:00,260000.0,260500.0,260000.0,260500.0,284,0.0,0.0
2025-03-28 13:26:00+09:00,260000.0,260500.0,260000.0,260500.0,285,0.0,0.0
2025-03-28 13:27:00+09:00,260000.0,260500.0,260000.0,260500.0,196,0.0,0.0
2025-03-28 13:28:00+09:00,260500.0,260500.0,260000.0,260500.0,154,0.0,0.0
2025-03-28 13:29:00+09:00,260500.0,260500.0,260000.0,260500.0,697,0.0,0.0
2025-03-28 13:30:00+09:00,260500.0,261000.0,260000.0,260500.0,407,0.0,0.0
2025-03-28 13:31:00+09:00,260500.0,261000.0,260500.0,261000.0,169,0.0,0.0
2025-03-28 13:32:00+09:00,261000.0,261000.0,260000.0,260500.0,247,0.0,0.0
2025-03-28 13:33:00+09:00,260500.0,260500.0,260000.0,260500.0,242,0.0,0.0
2025-03-28 13:34:00+09:00,260500.0,260500.0,260000.0,260500.0,229,0.0,0.0
2025-03-28 13:35:00+09:00,260500.0,260500.0,260000.0,260500.0,109,0.0,0.0
2025-03-28 13:36:00+09:00,260500.0,260500.0,260000.0,260500.0,326,0.0,0.0
2025-03-28 13:37:00+09:00,260500.0,261000.0,260000.0,260500.0,233,0.0,0.0
2025-03-28 13:38:00+09:00,260500.0,261000.0,260500.0,261000.0,217,0.0,0.0
2025-03-28 13:39:00+09:00,261000.0,261000.0,260500.0,261000.0,134,0.0,0.0
2025-03-28 13:40:00+09:00,260500.0,261000.0,260500.0,261000.0,205,0.0,0.0
2025-03-28 13:41:00+09:00,261000.0,261000.0,260500.0,261000.0,145,0.0,0.0
2025-03-28 13:42:00+09:00,261000.0,261000.0,260500.0,260500.0,231,0.0,0.0
2025-03-28 13:43:00+09:00,261000.0,261000.0,260500.0,260500.0,118,0.0,0.0
2025-03-28 13:44:00+09:00,260500.0,261000.0,260000.0,260000.0,532,0.0,0.0
2025-03-28 13:45:00+09:00,260000.0,260500.0,260000.0,260500.0,152,0.0,0.0
2025-03-28 13:46:00+09:00,260000.0,260500.0,259500.0,259500.0,960,0.0,0.0
2025-03-28 13:47:00+09:00,259500.0,260500.0,259500.0,260000.0,333,0.0,0.0
2025-03-28 13:48:00+09:00,260000.0,260500.0,259500.0,260000.0,381,0.0,0.0
2025-03-28 13:49:00+09:00,260000.0,260000.0,259500.0,259500.0,203,0.0,0.0
2025-03-28 13:50:00+09:00,259500.0,259500.0,259000.0,259500.0,450,0.0,0.0
2025-03-28 13:51:00+09:00,260000.0,260000.0,259500.0,259500.0,147,0.0,0.0
2025-03-28 13:52:00+09:00,260000.0,260000.0,259000.0,259000.0,285,0.0,0.0
2025-03-28 13:53:00+09:00,259500.0,259500.0,259000.0,259000.0,125,0.0,0.0
2025-03-28 13:54:00+09:00,259000.0,259500.0,259000.0,259000.0,289,0.0,0.0
2025-03-28 13:55:00+09:00,259000.0,259500.0,259000.0,259000.0,124,0.0,0.0
2025-03-28 13:56:00+09:00,259500.0,259500.0,259000.0,259000.0,329,0.0,0.0
2025-03-28 13:57:00+09:00,259000.0,259500.0,259000.0,259000.0,668,0.0,0.0
2025-03-28 13:58:00+09:00,259000.0,259500.0,258500.0,259000.0,1728,0.0,0.0
2025-03-28 13:59:00+09:00,259000.0,259500.0,259000.0,259000.0,927,0.0,0.0
2025-03-28 14:00:00+09:00,259000.0,259500.0,259000.0,259000.0,229,0.0,0.0
2025-03-28 14:01:00+09:00,259000.0,260000.0,259000.0,259500.0,1195,0.0,0.0
2025-03-28 14:02:00+09:00,260000.0,260500.0,259500.0,260000.0,849,0.0,0.0
2025-03-28 14:03:00+09:00,260000.0,260000.0,259500.0,259500.0,163,0.0,0.0
2025-03-28 14:04:00+09:00,260000.0,260000.0,259500.0,259500.0,144,0.0,0.0
2025-03-28 14:05:00+09:00,260000.0,260000.0,259500.0,259500.0,458,0.0,0.0
2025-03-28 14:06:00+09:00,259500.0,260000.0,259000.0,259500.0,719,0.0,0.0
2025-03-28 14:07:00+09:00,259500.0,260500.0,259500.0,260500.0,482,0.0,0.0
2025-03-28 14:08:00+09:00,260500.0,260500.0,260000.0,260000.0,294,0.0,0.0
2025-03-28 14:09:00+09:00,260000.0,260500.0,260000.0,260000.0,367,0.0,0.0
2025-03-28 14:10:00+09:00,260000.0,260500.0,260000.0,260000.0,1192,0.0,0.0
2025-03-28 14:11:00+09:00,260000.0,260500.0,260000.0,260500.0,227,0.0,0.0
2025-03-28 14:12:00+09:00,260500.0,260500.0,260000.0,260000.0,246,0.0,0.0
2025-03-28 14:13:00+09:00,260500.0,261000.0,260000.0,261000.0,626,0.0,0.0
2025-03-28 14:14:00+09:00,260500.0,260500.0,259000.0,260000.0,661,0.0,0.0
2025-03-28 14:15:00+09:00,260500.0,261000.0,260000.0,260000.0,249,0.0,0.0
2025-03-28 14:16:00+09:00,260500.0,261000.0,260000.0,260000.0,245,0.0,0.0
2025-03-28 14:17:00+09:00,261000.0,261000.0,260000.0,260000.0,288,0.0,0.0
2025-03-28 14:18:00+09:00,260500.0,261000.0,259500.0,260500.0,613,0.0,0.0
2025-03-28 14:19:00+09:00,260000.0,260500.0,260000.0,260000.0,113,0.0,0.0
2025-03-28 14:20:00+09:00,260000.0,261000.0,260000.0,260500.0,529,0.0,0.0
2025-03-28 14:21:00+09:00,260500.0,261000.0,260500.0,260500.0,1439,0.0,0.0
2025-03-28 14:22:00+09:00,261000.0,261000.0,260000.0,260500.0,2008,0.0,0.0
2025-03-28 14:23:00+09:00,260500.0,260500.0,260000.0,260000.0,248,0.0,0.0
2025-03-28 14:24:00+09:00,260000.0,260500.0,260000.0,260500.0,441,0.0,0.0
2025-03-28 14:25:00+09:00,260000.0,260500.0,260000.0,260500.0,655,0.0,0.0
2025-03-28 14:26:00+09:00,260000.0,260500.0,260000.0,260500.0,164,0.0,0.0
2025-03-28 14:27:00+09:00,260000.0,260500.0,259000.0,259250.0,2596,0.0,0.0
2025-03-28 14:28:00+09:00,259250.0,260000.0,259000.0,259500.0,593,0.0,0.0
2025-03-28 14:29:00+09:00,259500.0,260000.0,259500.0,259500.0,140,0.0,0.0
2025-03-28 14:30:00+09:00,259500.0,260000.0,259500.0,260000.0,647,0.0,0.0
2025-03-28 14:31:00+09:00,260000.0,260000.0,259500.0,260000.0,207,0.0,0.0
2025-03-28 14:32:00+09:00,260000.0,260000.0,259500.0,260000.0,129,0.0,0.0
2025-03-28 14:33:00+09:00,260000.0,260000.0,259500.0,259500.0,336,0.0,0.0
2025-03-28 14:34:00+09:00,259500.0,260000.0,259000.0,259000.0,758,0.0,0.0
2025-03-28 14:35:00+09:00,259500.0,259500.0,259000.0,259500.0,261,0.0,0.0
2025-03-28 14:36:00+09:00,259500.0,259500.0,259000.0,259500.0,834,0.0,0.0
2025-03-28 14:37:00+09:00,259500.0,259500.0,259000.0,259500.0,296,0.0,0.0
2025-03-28 14:38:00+09:00,259500.0,260000.0,259000.0,260000.0,1311,0.0,0.0
2025-03-28 14:39:00+09:00,260000.0,260000.0,259000.0,259500.0,1427,0.0,0.0
2025-03-28 14:40:00+09:00,259000.0,260000.0,259000.0,260000.0,800,0.0,0.0
2025-03-28 14:41:00+09:00,260000.0,260000.0,259500.0,260000.0,364,0.0,0.0
2025-03-28 14:42:00+09:00,260000.0,260000.0,259500.0,260000.0,428,0.0,0.0
2025-03-28 14:43:00+09:00,259500.0,260000.0,259000.0,259500.0,424,0.0,0.0
2025-03-28 14:44:00+09:00,259000.0,260000.0,259000.0,260000.0,898,0.0,0.0
2025-03-28 14:45:00+09:00,259500.0,260000.0,259000.0,259500.0,252,0.0,0.0
2025-03-28 14:46:00+09:00,259000.0,260000.0,259000.0,260000.0,541,0.0,0.0
2025-03-28 14:47:00+09:00,259500.0,260000.0,259500.0,260000.0,925,0.0,0.0
2025-03-28 14:48:00+09:00,260000.0,260000.0,259500.0,260000.0,482,0.0,0.0
2025-03-28 14:49:00+09:00,259500.0,260000.0,259500.0,260000.0,1679,0.0,0.0
2025-03-28 14:50:00+09:00,260000.0,260000.0,259500.0,259500.0,491,0.0,0.0
2025-03-28 14:51:00+09:00,260000.0,260000.0,259500.0,260000.0,501,0.0,0.0
2025-03-28 14:52:00+09:00,259500.0,260000.0,259500.0,259500.0,702,0.0,0.0
2025-03-28 14:53:00+09:00,259500.0,260000.0,259500.0,260000.0,487,0.0,0.0
2025-03-28 14:54:00+09:00,259500.0,260000.0,259500.0,259500.0,713,0.0,0.0
2025-03-28 14:55:00+09:00,260000.0,260500.0,259500.0,260500.0,1414,0.0,0.0
2025-03-28 14:56:00+09:00,260500.0,261000.0,260000.0,260500.0,1635,0.0,0.0
2025-03-28 14:57:00+09:00,260500.0,260500.0,260000.0,260500.0,306,0.0,0.0
2025-03-28 14:58:00+09:00,260000.0,260500.0,260000.0,260500.0,762,0.0,0.0
2025-03-28 14:59:00+09:00,260500.0,260500.0,259500.0,260000.0,769,0.0,0.0
2025-03-31 09:00:00+09:00,251500.0,253000.0,251000.0,252500.0,6682,0.0,0.0
2025-03-31 09:01:00+09:00,252500.0,253000.0,251000.0,251000.0,1862,0.0,0.0
2025-03-31 09:02:00+09:00,251000.0,251500.0,249000.0,250000.0,3178,0.0,0.0
2025-03-31 09:03:00+09:00,250000.0,250500.0,249500.0,250000.0,3879,0.0,0.0
2025-03-31 09:04:00+09:00,250000.0,250500.0,249500.0,249500.0,2515,0.0,0.0
2025-03-31 09:05:00+09:00,249500.0,251000.0,249000.0,250000.0,4315,0.0,0.0
2025-03-31 09:06:00+09:00,250000.0,252500.0,249500.0,252500.0,3275,0.0,0.0
2025-03-31 09:07:00+09:00,252500.0,253000.0,251500.0,253000.0,2573,0.0,0.0
2025-03-31 09:08:00+09:00,253000.0,253500.0,252500.0,253000.0,2596,0.0,0.0
2025-03-31 09:09:00+09:00,252500.0,253500.0,252000.0,252500.0,1915,0.0,0.0
2025-03-31 09:10:00+09:00,253000.0,253000.0,250500.0,251500.0,1423,0.0,0.0
2025-03-31 09:11:00+09:00,251500.0,252000.0,251000.0,251500.0,1439,0.0,0.0
2025-03-31 09:12:00+09:00,251500.0,252000.0,251000.0,251500.0,1898,0.0,0.0
2025-03-31 09:13:00+09:00,251500.0,251500.0,250500.0,250500.0,275,0.0,0.0
2025-03-31 09:14:00+09:00,250500.0,251000.0,250500.0,250500.0,117,0.0,0.0
2025-03-31 09:15:00+09:00,251000.0,251000.0,250000.0,250250.0,1366,0.0,0.0
2025-03-31 09:16:00+09:00,250000.0,250500.0,249500.0,250000.0,991,0.0,0.0
2025-03-31 09:17:00+09:00,250000.0,250000.0,249500.0,249750.0,647,0.0,0.0
2025-03-31 09:18:00+09:00,249750.0,250000.0,249500.0,249500.0,954,0.0,0.0
2025-03-31 09:19:00+09:00,249500.0,250000.0,249500.0,249500.0,117,0.0,0.0
2025-03-31 09:20:00+09:00,249500.0,250000.0,249500.0,249500.0,521,0.0,0.0
2025-03-31 09:21:00+09:00,250000.0,250500.0,249500.0,250500.0,554,0.0,0.0
2025-03-31 09:22:00+09:00,250000.0,250500.0,250000.0,250500.0,637,0.0,0.0
2025-03-31 09:23:00+09:00,250000.0,250500.0,249500.0,250000.0,1483,0.0,0.0
2025-03-31 09:24:00+09:00,250000.0,250500.0,250000.0,250000.0,550,0.0,0.0
2025-03-31 09:25:00+09:00,250500.0,251000.0,250500.0,251000.0,2418,0.0,0.0
2025-03-31 09:26:00+09:00,251000.0,252000.0,251000.0,252000.0,122,0.0,0.0
2025-03-31 09:27:00+09:00,252000.0,253000.0,251500.0,253000.0,803,0.0,0.0
2025-03-31 09:28:00+09:00,253000.0,253000.0,252500.0,253000.0,795,0.0,0.0
2025-03-31 09:29:00+09:00,253000.0,253000.0,252000.0,253000.0,832,0.0,0.0
2025-03-31 09:30:00+09:00,253000.0,253000.0,252500.0,253000.0,582,0.0,0.0
2025-03-31 09:31:00+09:00,252500.0,253000.0,252000.0,252000.0,619,0.0,0.0
2025-03-31 09:32:00+09:00,252000.0,252500.0,252000.0,252500.0,199,0.0,0.0
2025-03-31 09:33:00+09:00,252000.0,252000.0,251000.0,251500.0,885,0.0,0.0
2025-03-31 09:34:00+09:00,251000.0,251500.0,250500.0,251000.0,614,0.0,0.0
2025-03-31 09:35:00+09:00,250500.0,251000.0,250500.0,250500.0,476,0.0,0.0
2025-03-31 09:36:00+09:00,250500.0,251000.0,250500.0,251000.0,722,0.0,0.0
2025-03-31 09:37:00+09:00,251000.0,251000.0,250500.0,250500.0,806,0.0,0.0
2025-03-31 09:38:00+09:00,250500.0,250500.0,250000.0,250000.0,441,0.0,0.0
2025-03-31 09:39:00+09:00,250000.0,250500.0,249500.0,250000.0,3401,0.0,0.0
2025-03-31 09:40:00+09:00,250000.0,250500.0,249500.0,250000.0,306,0.0,0.0
2025-03-31 09:41:00+09:00,250000.0,250500.0,249500.0,250000.0,967,0.0,0.0
2025-03-31 09:42:00+09:00,250000.0,250500.0,249000.0,249500.0,2492,0.0,0.0
2025-03-31 09:43:00+09:00,249500.0,250000.0,249000.0,250000.0,532,0.0,0.0
2025-03-31 09:44:00+09:00,249500.0,250000.0,249500.0,250000.0,87,0.0,0.0
2025-03-31 09:45:00+09:00,249500.0,249500.0,249000.0,249500.0,1109,0.0,0.0
2025-03-31 09:46:00+09:00,249000.0,250000.0,249000.0,249500.0,520,0.0,0.0
2025-03-31 09:47:00+09:00,250000.0,250500.0,249500.0,250000.0,630,0.0,0.0
2025-03-31 09:48:00+09:00,250500.0,250500.0,250000.0,250000.0,586,0.0,0.0
2025-03-31 09:49:00+09:00,250500.0,250500.0,250000.0,250000.0,115,0.0,0.0
2025-03-31 09:50:00+09:00,250000.0,250500.0,249500.0,250000.0,1776,0.0,0.0
2025-03-31 09:51:00+09:00,250000.0,250500.0,249500.0,250000.0,581,0.0,0.0
2025-03-31 09:52:00+09:00,250000.0,250500.0,250000.0,250000.0,583,0.0,0.0
2025-03-31 09:53:00+09:00,250500.0,251000.0,250500.0,251000.0,310,0.0,0.0
2025-03-31 09:54:00+09:00,250500.0,251500.0,250500.0,251000.0,464,0.0,0.0
2025-03-31 09:55:00+09:00,251000.0,251500.0,251000.0,251500.0,951,0.0,0.0
2025-03-31 09:56:00+09:00,251500.0,252000.0,251500.0,251500.0,197,0.0,0.0
2025-03-31 09:58:00+09:00,251000.0,251500.0,251000.0,251500.0,1461,0.0,0.0
2025-03-31 09:59:00+09:00,251000.0,251000.0,250500.0,250500.0,596,0.0,0.0
2025-03-31 10:00:00+09:00,251000.0,251000.0,250500.0,251000.0,330,0.0,0.0
2025-03-31 10:01:00+09:00,251000.0,251500.0,250500.0,251000.0,863,0.0,0.0
2025-03-31 10:02:00+09:00,250500.0,251000.0,250500.0,250500.0,59,0.0,0.0
2025-03-31 10:03:00+09:00,250500.0,251000.0,250500.0,251000.0,309,0.0,0.0
2025-03-31 10:04:00+09:00,251000.0,251500.0,250500.0,251000.0,676,0.0,0.0
2025-03-31 10:05:00+09:00,250500.0,251000.0,250500.0,251000.0,297,0.0,0.0
2025-03-31 10:06:00+09:00,251000.0,251000.0,250000.0,250500.0,923,0.0,0.0
2025-03-31 10:07:00+09:00,250500.0,251000.0,250000.0,250500.0,382,0.0,0.0
2025-03-31 10:08:00+09:00,250250.0,251000.0,250000.0,250000.0,1045,0.0,0.0
2025-03-31 10:09:00+09:00,250000.0,250000.0,249000.0,249500.0,1474,0.0,0.0
2025-03-31 10:10:00+09:00,249500.0,249500.0,249000.0,249500.0,969,0.0,0.0
2025-03-31 10:11:00+09:00,249000.0,249500.0,249000.0,249500.0,198,0.0,0.0
2025-03-31 10:12:00+09:00,249500.0,249500.0,249000.0,249000.0,263,0.0,0.0
2025-03-31 10:13:00+09:00,249500.0,249500.0,248500.0,249000.0,2053,0.0,0.0
2025-03-31 10:14:00+09:00,249500.0,249500.0,248500.0,249000.0,1490,0.0,0.0
2025-03-31 10:15:00+09:00,248750.0,249500.0,248750.0,249500.0,458,0.0,0.0
2025-03-31 10:16:00+09:00,249000.0,249500.0,249000.0,249000.0,589,0.0,0.0
2025-03-31 10:17:00+09:00,249000.0,249500.0,248500.0,248500.0,358,0.0,0.0
2025-03-31 10:18:00+09:00,248500.0,248500.0,248000.0,248000.0,1398,0.0,0.0
2025-03-31 10:19:00+09:00,248500.0,248500.0,248000.0,248000.0,476,0.0,0.0
2025-03-31 10:20:00+09:00,248500.0,248500.0,248000.0,248000.0,2307,0.0,0.0
2025-03-31 10:21:00+09:00,248000.0,248500.0,247500.0,248500.0,444,0.0,0.0
2025-03-31 10:22:00+09:00,248000.0,248500.0,248000.0,248000.0,507,0.0,0.0
2025-03-31 10:23:00+09:00,248500.0,248500.0,248000.0,248500.0,1504,0.0,0.0
2025-03-31 10:24:00+09:00,249000.0,249000.0,248500.0,248500.0,375,0.0,0.0
2025-03-31 10:25:00+09:00,248500.0,249000.0,248500.0,248500.0,140,0.0,0.0
2025-03-31 10:26:00+09:00,248500.0,249000.0,248500.0,248500.0,448,0.0,0.0
2025-03-31 10:27:00+09:00,248500.0,249000.0,248500.0,248500.0,183,0.0,0.0
2025-03-31 10:28:00+09:00,248500.0,249000.0,248500.0,248500.0,235,0.0,0.0
2025-03-31 10:29:00+09:00,248500.0,249000.0,248000.0,248000.0,1076,0.0,0.0
2025-03-31 10:30:00+09:00,248000.0,248500.0,248000.0,248000.0,540,0.0,0.0
2025-03-31 10:31:00+09:00,248500.0,248500.0,248000.0,248500.0,721,0.0,0.0
2025-03-31 10:32:00+09:00,248000.0,248500.0,248000.0,248000.0,579,0.0,0.0
2025-03-31 10:33:00+09:00,248000.0,248500.0,247500.0,248000.0,728,0.0,0.0
2025-03-31 10:34:00+09:00,248000.0,248000.0,247500.0,247500.0,425,0.0,0.0
2025-03-31 10:35:00+09:00,247500.0,248000.0,247500.0,247500.0,1281,0.0,0.0
2025-03-31 10:36:00+09:00,247500.0,248000.0,247000.0,248000.0,1274,0.0,0.0
2025-03-31 10:37:00+09:00,248000.0,248000.0,247000.0,247500.0,1332,0.0,0.0
2025-03-31 10:38:00+09:00,247500.0,248000.0,247500.0,247500.0,283,0.0,0.0
2025-03-31 10:39:00+09:00,247500.0,248000.0,247500.0,247500.0,273,0.0,0.0
2025-03-31 10:40:00+09:00,247500.0,248000.0,247000.0,247000.0,1367,0.0,0.0
2025-03-31 10:41:00+09:00,247500.0,247500.0,247000.0,247000.0,927,0.0,0.0
2025-03-31 10:42:00+09:00,247000.0,248500.0,247000.0,248000.0,1257,0.0,0.0
2025-03-31 10:43:00+09:00,248000.0,248000.0,247500.0,248000.0,425,0.0,0.0
2025-03-31 10:44:00+09:00,247500.0,248000.0,247500.0,247500.0,117,0.0,0.0
2025-03-31 10:45:00+09:00,247500.0,248000.0,247000.0,247000.0,1011,0.0,0.0
2025-03-31 10:46:00+09:00,247000.0,247500.0,247000.0,247000.0,1005,0.0,0.0
2025-03-31 10:47:00+09:00,247000.0,247500.0,247000.0,247000.0,940,0.0,0.0
2025-03-31 10:48:00+09:00,247000.0,247500.0,247000.0,247000.0,260,0.0,0.0
2025-03-31 10:49:00+09:00,247500.0,247500.0,247000.0,247000.0,274,0.0,0.0
2025-03-31 10:50:00+09:00,247000.0,247500.0,247000.0,247000.0,208,0.0,0.0
2025-03-31 10:51:00+09:00,247000.0,247500.0,247000.0,247500.0,205,0.0,0.0
2025-03-31 10:52:00+09:00,247000.0,247500.0,246500.0,246500.0,2350,0.0,0.0
2025-03-31 10:53:00+09:00,246500.0,247000.0,246500.0,247000.0,234,0.0,0.0
2025-03-31 10:54:00+09:00,246500.0,247000.0,246500.0,246500.0,1086,0.0,0.0
2025-03-31 10:55:00+09:00,246500.0,247000.0,246500.0,246500.0,667,0.0,0.0
2025-03-31 10:56:00+09:00,246500.0,247000.0,246500.0,247000.0,85,0.0,0.0
2025-03-31 10:57:00+09:00,246500.0,247000.0,246500.0,246500.0,327,0.0,0.0
2025-03-31 10:58:00+09:00,246500.0,247000.0,246500.0,246500.0,467,0.0,0.0
2025-03-31 10:59:00+09:00,246500.0,247000.0,246500.0,246500.0,593,0.0,0.0
2025-03-31 11:00:00+09:00,246500.0,247000.0,246000.0,246000.0,487,0.0,0.0
2025-03-31 11:01:00+09:00,246000.0,246500.0,246000.0,246000.0,1478,0.0,0.0
2025-03-31 11:02:00+09:00,246000.0,246500.0,246000.0,246000.0,0,0.0,0.0
2025-03-31 11:03:00+09:00,246000.0,247000.0,246000.0,247000.0,3005,0.0,0.0
2025-03-31 11:04:00+09:00,246500.0,247000.0,246500.0,247000.0,55,0.0,0.0
2025-03-31 11:05:00+09:00,246500.0,247000.0,246500.0,246500.0,36,0.0,0.0
2025-03-31 11:06:00+09:00,247000.0,247000.0,246000.0,246000.0,1232,0.0,0.0
2025-03-31 11:07:00+09:00,246000.0,246500.0,246000.0,246000.0,171,0.0,0.0
2025-03-31 11:08:00+09:00,246000.0,246500.0,246000.0,246000.0,20,0.0,0.0
2025-03-31 11:09:00+09:00,246000.0,246500.0,246000.0,246500.0,474,0.0,0.0
2025-03-31 11:10:00+09:00,246500.0,246500.0,246000.0,246000.0,189,0.0,0.0
2025-03-31 11:11:00+09:00,246500.0,246500.0,246000.0,246000.0,249,0.0,0.0
2025-03-31 11:12:00+09:00,246000.0,246500.0,246000.0,246000.0,926,0.0,0.0
2025-03-31 11:13:00+09:00,246500.0,246500.0,246000.0,246000.0,220,0.0,0.0
2025-03-31 11:14:00+09:00,246000.0,246500.0,246000.0,246000.0,247,0.0,0.0
2025-03-31 11:15:00+09:00,246000.0,246500.0,246000.0,246000.0,107,0.0,0.0
2025-03-31 11:16:00+09:00,246500.0,246500.0,246000.0,246000.0,138,0.0,0.0
2025-03-31 11:17:00+09:00,246000.0,246500.0,246000.0,246500.0,239,0.0,0.0
2025-03-31 11:18:00+09:00,246500.0,246500.0,246000.0,246500.0,274,0.0,0.0
2025-03-31 11:19:00+09:00,246500.0,246500.0,246000.0,246000.0,413,0.0,0.0
2025-03-31 11:20:00+09:00,246000.0,246500.0,246000.0,246000.0,107,0.0,0.0
2025-03-31 11:21:00+09:00,246000.0,246500.0,246000.0,246000.0,1447,0.0,0.0
2025-03-31 11:22:00+09:00,246500.0,246500.0,245500.0,246500.0,2066,0.0,0.0
2025-03-31 11:23:00+09:00,246500.0,246500.0,246000.0,246500.0,216,0.0,0.0
2025-03-31 11:24:00+09:00,246000.0,246500.0,246000.0,246500.0,63,0.0,0.0
2025-03-31 11:25:00+09:00,246000.0,246500.0,246000.0,246500.0,44,0.0,0.0
2025-03-31 11:26:00+09:00,246500.0,246500.0,246000.0,246000.0,122,0.0,0.0
2025-03-31 11:27:00+09:00,246500.0,246500.0,246000.0,246500.0,72,0.0,0.0
2025-03-31 11:28:00+09:00,246000.0,246500.0,246000.0,246000.0,82,0.0,0.0
2025-03-31 11:29:00+09:00,246500.0,247000.0,246000.0,247000.0,1548,0.0,0.0
2025-03-31 11:30:00+09:00,247000.0,247000.0,246500.0,246500.0,542,0.0,0.0
2025-03-31 11:31:00+09:00,247000.0,247000.0,246500.0,247000.0,126,0.0,0.0
2025-03-31 11:32:00+09:00,247000.0,247000.0,246500.0,247000.0,124,0.0,0.0
2025-03-31 11:33:00+09:00,246500.0,247000.0,246500.0,246500.0,136,0.0,0.0
2025-03-31 11:34:00+09:00,246500.0,247000.0,246500.0,246500.0,133,0.0,0.0
2025-03-31 11:35:00+09:00,246500.0,247000.0,246500.0,246500.0,68,0.0,0.0
2025-03-31 11:36:00+09:00,246500.0,247000.0,246500.0,247000.0,115,0.0,0.0
2025-03-31 11:37:00+09:00,247000.0,247000.0,246500.0,246500.0,91,0.0,0.0
2025-03-31 11:38:00+09:00,246500.0,247000.0,246500.0,247000.0,204,0.0,0.0
2025-03-31 11:39:00+09:00,247000.0,247000.0,246500.0,246500.0,98,0.0,0.0
2025-03-31 11:40:00+09:00,246500.0,247000.0,246500.0,246500.0,222,0.0,0.0
2025-03-31 11:41:00+09:00,247000.0,247000.0,246500.0,246500.0,60,0.0,0.0
2025-03-31 11:42:00+09:00,247000.0,247000.0,246500.0,247000.0,366,0.0,0.0
2025-03-31 11:43:00+09:00,246500.0,247000.0,246500.0,246500.0,350,0.0,0.0
2025-03-31 11:44:00+09:00,246500.0,247000.0,246500.0,247000.0,75,0.0,0.0
2025-03-31 11:45:00+09:00,247000.0,247000.0,246500.0,247000.0,1319,0.0,0.0
2025-03-31 11:46:00+09:00,246500.0,247000.0,246500.0,247000.0,81,0.0,0.0
2025-03-31 11:47:00+09:00,246500.0,247000.0,246500.0,246500.0,129,0.0,0.0
2025-03-31 11:48:00+09:00,246500.0,247000.0,246500.0,247000.0,129,0.0,0.0
2025-03-31 11:49:00+09:00,246500.0,247000.0,246500.0,246500.0,66,0.0,0.0
2025-03-31 11:50:00+09:00,246500.0,247000.0,246500.0,246500.0,452,0.0,0.0
2025-03-31 11:51:00+09:00,246500.0,247000.0,246500.0,246500.0,47,0.0,0.0
2025-03-31 11:52:00+09:00,246500.0,247000.0,246500.0,246500.0,33,0.0,0.0
2025-03-31 11:53:00+09:00,247000.0,247000.0,246500.0,246500.0,56,0.0,0.0
2025-03-31 11:54:00+09:00,246500.0,247000.0,246500.0,247000.0,48,0.0,0.0
2025-03-31 11:55:00+09:00,247000.0,247000.0,246500.0,246500.0,56,0.0,0.0
2025-03-31 11:56:00+09:00,246500.0,247000.0,246500.0,247000.0,940,0.0,0.0
2025-03-31 11:57:00+09:00,246500.0,247000.0,246500.0,247000.0,2522,0.0,0.0
2025-03-31 11:58:00+09:00,247000.0,247500.0,247000.0,247000.0,450,0.0,0.0
2025-03-31 11:59:00+09:00,247000.0,247000.0,246500.0,247000.0,735,0.0,0.0
2025-03-31 12:00:00+09:00,246500.0,247000.0,246500.0,247000.0,162,0.0,0.0
2025-03-31 12:01:00+09:00,246750.0,247000.0,246750.0,247000.0,627,0.0,0.0
2025-03-31 12:02:00+09:00,247000.0,247000.0,246500.0,246500.0,237,0.0,0.0
2025-03-31 12:03:00+09:00,246500.0,247000.0,246500.0,246500.0,25,0.0,0.0
2025-03-31 12:04:00+09:00,247000.0,247000.0,246500.0,246500.0,503,0.0,0.0
2025-03-31 12:05:00+09:00,246500.0,247000.0,246500.0,246500.0,139,0.0,0.0
2025-03-31 12:06:00+09:00,246500.0,247000.0,246000.0,246000.0,575,0.0,0.0
2025-03-31 12:07:00+09:00,246500.0,246500.0,246000.0,246000.0,202,0.0,0.0
2025-03-31 12:08:00+09:00,246500.0,246500.0,246000.0,246500.0,161,0.0,0.0
2025-03-31 12:09:00+09:00,246000.0,246500.0,246000.0,246000.0,694,0.0,0.0
2025-03-31 12:10:00+09:00,246500.0,246500.0,246000.0,246000.0,130,0.0,0.0
2025-03-31 12:11:00+09:00,246000.0,246500.0,246000.0,246500.0,299,0.0,0.0
2025-03-31 12:12:00+09:00,246500.0,246500.0,246000.0,246000.0,155,0.0,0.0
2025-03-31 12:13:00+09:00,246000.0,246500.0,245500.0,246000.0,993,0.0,0.0
2025-03-31 12:14:00+09:00,245500.0,246000.0,245500.0,246000.0,167,0.0,0.0
2025-03-31 12:15:00+09:00,245500.0,246000.0,245500.0,246000.0,278,0.0,0.0
2025-03-31 12:16:00+09:00,246000.0,246000.0,245500.0,245500.0,223,0.0,0.0
2025-03-31 12:17:00+09:00,245500.0,246000.0,245500.0,245500.0,145,0.0,0.0
2025-03-31 12:18:00+09:00,245500.0,246000.0,245500.0,245500.0,330,0.0,0.0
2025-03-31 12:19:00+09:00,245500.0,246000.0,245500.0,245500.0,123,0.0,0.0
2025-03-31 12:20:00+09:00,245500.0,246000.0,245500.0,245500.0,178,0.0,0.0
2025-03-31 12:21:00+09:00,246000.0,246000.0,245000.0,245000.0,1822,0.0,0.0
2025-03-31 12:22:00+09:00,245500.0,245500.0,245000.0,245500.0,811,0.0,0.0
2025-03-31 12:23:00+09:00,245500.0,245500.0,245000.0,245000.0,220,0.0,0.0
2025-03-31 12:24:00+09:00,245500.0,245500.0,245000.0,245500.0,183,0.0,0.0
2025-03-31 12:25:00+09:00,245000.0,245500.0,245000.0,245000.0,237,0.0,0.0
2025-03-31 12:26:00+09:00,245000.0,245500.0,245000.0,245000.0,222,0.0,0.0
2025-03-31 12:27:00+09:00,245000.0,245500.0,245000.0,245500.0,571,0.0,0.0
2025-03-31 12:28:00+09:00,245500.0,245500.0,245000.0,245000.0,392,0.0,0.0
2025-03-31 12:29:00+09:00,245500.0,246000.0,245000.0,245500.0,1961,0.0,0.0
2025-03-31 12:30:00+09:00,246000.0,246000.0,245500.0,246000.0,83,0.0,0.0
2025-03-31 12:31:00+09:00,245500.0,246000.0,245500.0,246000.0,173,0.0,0.0
2025-03-31 12:32:00+09:00,246000.0,246000.0,245500.0,246000.0,59,0.0,0.0
2025-03-31 12:33:00+09:00,246000.0,246000.0,245500.0,245500.0,146,0.0,0.0
2025-03-31 12:34:00+09:00,245500.0,246000.0,245500.0,246000.0,104,0.0,0.0
2025-03-31 12:35:00+09:00,245500.0,246500.0,245500.0,246500.0,1214,0.0,0.0
2025-03-31 12:36:00+09:00,246000.0,247000.0,246000.0,246500.0,342,0.0,0.0
2025-03-31 12:37:00+09:00,247000.0,247000.0,246000.0,246500.0,830,0.0,0.0
2025-03-31 12:38:00+09:00,246500.0,246500.0,246000.0,246000.0,88,0.0,0.0
2025-03-31 12:39:00+09:00,246000.0,246500.0,245500.0,245500.0,815,0.0,0.0
2025-03-31 12:40:00+09:00,246000.0,246000.0,245500.0,246000.0,657,0.0,0.0
2025-03-31 12:41:00+09:00,246000.0,246000.0,245500.0,245500.0,70,0.0,0.0
2025-03-31 12:42:00+09:00,246000.0,246000.0,245500.0,245500.0,1715,0.0,0.0
2025-03-31 12:43:00+09:00,246000.0,246000.0,245500.0,245500.0,441,0.0,0.0
2025-03-31 12:44:00+09:00,246000.0,247000.0,246000.0,247000.0,1821,0.0,0.0
2025-03-31 12:45:00+09:00,247000.0,247000.0,246000.0,246500.0,1720,0.0,0.0
2025-03-31 12:46:00+09:00,246000.0,246500.0,246000.0,246500.0,106,0.0,0.0
2025-03-31 12:47:00+09:00,246500.0,246500.0,246000.0,246500.0,64,0.0,0.0
2025-03-31 12:48:00+09:00,246500.0,246500.0,246000.0,246000.0,347,0.0,0.0
2025-03-31 12:49:00+09:00,246000.0,246000.0,245500.0,245500.0,67,0.0,0.0
2025-03-31 12:50:00+09:00,246000.0,246000.0,245500.0,245500.0,292,0.0,0.0
2025-03-31 12:51:00+09:00,246000.0,246000.0,245500.0,245500.0,112,0.0,0.0
2025-03-31 12:52:00+09:00,245500.0,246000.0,245500.0,245500.0,213,0.0,0.0
2025-03-31 12:53:00+09:00,245500.0,246000.0,245500.0,245500.0,185,0.0,0.0
2025-03-31 12:54:00+09:00,245500.0,246000.0,245500.0,245500.0,308,0.0,0.0
2025-03-31 12:55:00+09:00,245500.0,246000.0,245000.0,245500.0,232,0.0,0.0
2025-03-31 12:56:00+09:00,245500.0,245500.0,245000.0,245000.0,1355,0.0,0.0
2025-03-31 12:57:00+09:00,245500.0,245500.0,245000.0,245000.0,393,0.0,0.0
2025-03-31 12:58:00+09:00,245500.0,245500.0,245000.0,245000.0,80,0.0,0.0
2025-03-31 12:59:00+09:00,245000.0,245250.0,244000.0,244000.0,4610,0.0,0.0
2025-03-31 13:00:00+09:00,244250.0,245000.0,244000.0,244500.0,2430,0.0,0.0
2025-03-31 13:01:00+09:00,245000.0,245500.0,244500.0,245500.0,1199,0.0,0.0
2025-03-31 13:02:00+09:00,245500.0,245500.0,245000.0,245000.0,678,0.0,0.0
2025-03-31 13:03:00+09:00,245000.0,245500.0,244500.0,244500.0,613,0.0,0.0
2025-03-31 13:04:00+09:00,244500.0,245000.0,244500.0,244500.0,121,0.0,0.0
2025-03-31 13:05:00+09:00,244500.0,245000.0,244500.0,244500.0,39,0.0,0.0
2025-03-31 13:06:00+09:00,245000.0,245000.0,244500.0,244500.0,258,0.0,0.0
2025-03-31 13:07:00+09:00,244500.0,245000.0,244500.0,245000.0,213,0.0,0.0
2025-03-31 13:08:00+09:00,244500.0,245000.0,244500.0,244500.0,150,0.0,0.0
2025-03-31 13:09:00+09:00,244500.0,245000.0,244500.0,244500.0,1593,0.0,0.0
2025-03-31 13:10:00+09:00,244500.0,245000.0,244500.0,244500.0,1138,0.0,0.0
2025-03-31 13:11:00+09:00,244500.0,245000.0,244500.0,244500.0,298,0.0,0.0
2025-03-31 13:12:00+09:00,244500.0,245000.0,244000.0,244000.0,1094,0.0,0.0
2025-03-31 13:13:00+09:00,244000.0,244500.0,244000.0,244000.0,169,0.0,0.0
2025-03-31 13:14:00+09:00,244500.0,245000.0,244000.0,244500.0,1902,0.0,0.0
2025-03-31 13:15:00+09:00,244500.0,245000.0,244000.0,244000.0,501,0.0,0.0
2025-03-31 13:16:00+09:00,244000.0,245000.0,244000.0,244000.0,887,0.0,0.0
2025-03-31 13:17:00+09:00,244000.0,245500.0,244000.0,245000.0,587,0.0,0.0
2025-03-31 13:18:00+09:00,245000.0,245000.0,244000.0,244500.0,2776,0.0,0.0
2025-03-31 13:19:00+09:00,244500.0,245000.0,244500.0,244500.0,326,0.0,0.0
