Date,Open,High,Low,Close,Volume,Dividends,Stock Splits
2020-02-21 00:00:00+09:00,27863.756889353965,27902.618474973704,27475.141033156557,27708.310546875,1481281,0.0,0.0
2020-02-24 00:00:00+09:00,27008.80070944393,27203.10862821691,26348.153785615807,26425.876953125,2434887,0.0,0.0
2020-02-25 00:00:00+09:00,25920.677271792763,26775.63214432566,25920.677271792763,26581.32421875,2156551,0.0,0.0
2020-02-26 00:00:00+09:00,25959.542928715226,27008.80589140282,25920.681337504575,26542.466796875,2480717,0.0,0.0
2020-02-27 00:00:00+09:00,26387.019939365673,26464.74312033582,26037.265625,26037.265625,2489863,0.0,0.0
2020-02-28 00:00:00+09:00,25260.03229005418,25454.340230746904,25026.86276122291,25104.5859375,3505067,0.0,0.0
2020-03-02 00:00:00+09:00,25143.45001031153,25415.481154163434,24793.69568250194,25026.865234375,2163670,0.0,0.0
2020-03-03 00:00:00+09:00,25104.581342628706,25454.335571860374,24910.2734375,24910.2734375,1761429,0.0,0.0
2020-03-04 00:00:00+09:00,24949.140978506788,25920.680736236805,24910.27938819759,25765.234375,2272463,0.0,0.0
2020-03-05 00:00:00+09:00,25765.23254413168,25804.09413167939,25182.308730916033,25454.33984375,2369004,0.0,0.0
2020-03-06 00:00:00+09:00,25026.86288940047,25221.170831088362,24677.108594362264,24793.693359375,1990965,0.0,0.0
2020-03-09 00:00:00+09:00,24793.693359375,24793.693359375,24793.693359375,24793.693359375,0,0.0,0.0
2020-03-10 00:00:00+09:00,22889.47107237251,23666.70268773321,22850.60949160448,23433.533203125,2142638,0.0,0.0
2020-03-11 00:00:00+09:00,23355.812908643948,24482.79888926071,23355.812908643948,23588.982421875,2667358,0.0,0.0
2020-03-12 00:00:00+09:00,23588.982421875,23588.982421875,23588.982421875,23588.982421875,0,0.0,0.0
2020-03-13 00:00:00+09:00,21723.625348011366,21840.21009943182,20402.331498579548,21373.87109375,4971131,0.0,0.0
2020-03-16 00:00:00+09:00,21917.934978428173,22034.519738951727,20829.810546875,20829.810546875,2154315,0.0,0.0
2020-03-17 00:00:00+09:00,19430.791945684527,20130.300455729168,19353.068777901786,19586.23828125,3565928,0.0,0.0
2020-03-18 00:00:00+09:00,19353.072954021518,20091.443207287397,18964.45703125,18964.45703125,2406967,0.0,0.0
2020-03-19 00:00:00+09:00,18886.728084980514,19197.62072835468,17332.264868109687,17448.849609375,3227344,0.0,0.0
2020-03-20 00:00:00+09:00,17798.604718168903,18964.45218879132,16982.511488733213,18809.005859375,3288066,0.0,0.0
2020-03-23 00:00:00+09:00,17409.991272522522,18031.776675112615,17099.098571227478,17254.544921875,2185885,0.0,0.0
2020-03-24 00:00:00+09:00,17565.43826657098,19119.901829984345,17293.407142973643,18614.701171875,2261390,0.0,0.0
2020-03-25 00:00:00+09:00,20441.195698126143,21373.87382883912,19586.240744972576,21257.2890625,3088695,0.0,0.0
2020-03-26 00:00:00+09:00,21257.2890625,22617.444669789762,21024.119529821754,21257.2890625,3837880,0.0,0.0
2020-03-27 00:00:00+09:00,22772.889407735474,22928.33575181558,21296.14913897447,22073.380859375,3397588,0.0,0.0
2020-03-30 00:00:00+09:00,21062.978423295455,21684.76376420455,20518.916250000002,21373.87109375,2380561,0.0,0.0
2020-03-31 00:00:00+09:00,21879.07383631993,22811.751939466783,21412.734784746503,22228.828125,3312454,0.0,0.0
2020-04-01 00:00:00+09:00,22151.10269421729,22345.410612587617,20790.947265625,20790.947265625,2216202,0.0,0.0
2020-04-02 00:00:00+09:00,21179.563102365653,21218.424686039718,20091.438759491823,20790.947265625,2900222,0.0,0.0
2020-04-03 00:00:00+09:00,20402.330508474577,21101.838983050846,20402.330508474577,20635.5,1925601,0.0,0.0
2020-04-06 00:00:00+09:00,20790.94999714351,21373.87382883912,20635.50364202468,21257.2890625,2180878,0.0,0.0
2020-04-07 00:00:00+09:00,22034.518760279607,22151.103515625,21529.318153782897,22151.103515625,2830469,0.0,0.0
2020-04-08 00:00:00+09:00,22151.104935760774,22267.689698580565,21607.042709268404,21645.904296875,2368197,0.0,0.0
2020-04-09 00:00:00+09:00,22073.380449288255,22151.103619884343,21684.76459630783,21840.2109375,1761149,0.0,0.0
2020-04-10 00:00:00+09:00,22151.104574548193,22928.336314006025,22034.51981362952,22578.58203125,2806027,0.0,0.0
2020-04-13 00:00:00+09:00,22617.44253700658,22811.750462582237,22073.380345394737,22151.103515625,1725434,0.0,0.0
2020-04-14 00:00:00+09:00,22423.135683358432,22578.58203125,22073.381400602408,22578.58203125,1524629,0.0,0.0
2020-04-16 00:00:00+09:00,21801.3515625,22112.244276403744,21684.766794786097,21801.3515625,2608005,0.0,0.0
2020-04-17 00:00:00+09:00,21995.657175164473,22578.580951891447,21995.657175164473,22151.103515625,2377650,0.0,0.0
2020-04-20 00:00:00+09:00,22423.13419076906,22500.857359541224,21879.072009363917,21917.93359375,1979063,0.0,0.0
2020-04-21 00:00:00+09:00,21762.489846570395,21879.074613605593,21140.70442238267,21529.3203125,2552022,0.0,0.0
2020-04-22 00:00:00+09:00,21257.28970646513,21451.59765625,20868.673806895382,21451.59765625,1498460,0.0,0.0
2020-04-23 00:00:00+09:00,21296.147926136364,21568.17901278409,21140.70159090909,21373.87109375,2055080,0.0,0.0
2020-04-24 00:00:00+09:00,21140.701427255983,21335.00934478591,20907.531926220072,21101.83984375,1759625,0.0,0.0
2020-04-27 00:00:00+09:00,21529.32005208333,23511.261067708332,21451.596875,23316.953125,5258451,0.0,0.0
2020-04-28 00:00:00+09:00,23899.88041164867,24443.942729962626,23006.063745847176,23394.6796875,3284884,0.0,0.0
2020-04-29 00:00:00+09:00,23472.3966474018,24016.458821348202,23316.950311988545,23744.427734375,2223561,0.0,0.0
2020-05-04 00:00:00+09:00,23239.229033399748,23588.983316511116,22928.336337300756,23161.505859375,2946737,0.0,0.0
2020-05-06 00:00:00+09:00,23200.368879337377,23433.538415813127,22734.02980638587,23239.23046875,2262364,0.0,0.0
2020-05-07 00:00:00+09:00,22928.33506655574,23744.42834858569,22850.611896838604,23355.8125,1969529,0.0,0.0
2020-05-08 00:00:00+09:00,23783.289933444263,23938.736272878537,23355.8125,23355.8125,1488251,0.0,0.0
2020-05-11 00:00:00+09:00,23433.53629639911,23627.844225888322,22967.197265625,22967.197265625,1445854,0.0,0.0
2020-05-12 00:00:00+09:00,22734.027188310985,22928.335112997407,22384.272923875433,22461.99609375,1825245,0.0,0.0
2020-05-13 00:00:00+09:00,21879.071486364603,22889.47265625,21879.071486364603,22889.47265625,1617461,0.0,0.0
2020-05-14 00:00:00+09:00,22656.304018436418,22695.1656033737,22228.8265841263,22461.99609375,1665449,0.0,0.0
2020-05-15 00:00:00+09:00,22850.615497231684,23044.923452140116,22500.861178396506,22811.75390625,1743880,0.0,0.0
2020-05-18 00:00:00+09:00,22617.442175356216,22850.611682318653,22267.687914912563,22500.857421875,1441040,0.0,0.0
2020-05-19 00:00:00+09:00,23394.675915948275,23861.01497075123,23394.675915948275,23666.70703125,2602771,0.0,0.0
2020-05-20 00:00:00+09:00,23316.951947236183,23550.121466708544,23200.3671875,23200.3671875,1626202,0.0,0.0
2020-05-21 00:00:00+09:00,23472.396408106964,23511.257991564093,22850.61107279287,22889.47265625,2434220,0.0,0.0
2020-05-22 00:00:00+09:00,22928.336314006025,23044.9210749247,22384.274096385543,22578.58203125,1821607,0.0,0.0
2020-05-25 00:00:00+09:00,22695.162109375,22695.162109375,22345.407898785317,22695.162109375,1101720,0.0,0.0
2020-05-26 00:00:00+09:00,22500.86128866793,23355.816294454966,22461.999697495794,23083.78515625,2120032,0.0,0.0
2020-05-27 00:00:00+09:00,23394.673667279414,23666.704756433825,23083.780993960085,23122.642578125,2389784,0.0,0.0
2020-05-28 00:00:00+09:00,23744.429283961777,24288.491493414258,23394.67500645661,23511.259765625,4274477,0.0,0.0
2020-05-29 00:00:00+09:00,23355.81004158893,23899.872172341416,23122.64055698072,23433.533203125,3659314,0.0,0.0
2020-06-01 00:00:00+09:00,23550.122913273615,24016.46198086319,23550.122913273615,23861.015625,1491022,0.0,0.0
2020-06-02 00:00:00+09:00,23899.881958007812,25026.868261718748,23744.43557128906,24871.421875,3416978,0.0,0.0
2020-06-03 00:00:00+09:00,25648.64783653846,28058.066269667834,25493.201486013986,27786.03515625,7122912,0.0,0.0
2020-06-04 00:00:00+09:00,28485.543574697873,29418.221672641597,26775.633728467714,26931.080078125,5239661,0.0,0.0
2020-06-05 00:00:00+09:00,26775.637709263392,27436.284793526786,26425.883370535714,27203.115234375,2397235,0.0,0.0
2020-06-08 00:00:00+09:00,27980.34037769784,28058.063545413668,26931.077613534173,27008.80078125,2167980,0.0,0.0
2020-06-09 00:00:00+09:00,26814.493883411724,27397.417663485892,26348.154859352388,26853.35546875,2215013,0.0,0.0
2020-06-10 00:00:00+09:00,26736.773861069276,26775.635450983624,25804.095703125,25804.095703125,3567491,0.0,0.0
2020-06-11 00:00:00+09:00,25337.754423076924,25532.06235576923,24871.415384615386,25260.03125,3142543,0.0,0.0
2020-06-12 00:00:00+09:00,23783.29205959069,24405.077472913323,23783.29205959069,24210.76953125,2612741,0.0,0.0
2020-06-15 00:00:00+09:00,23588.98491459216,24560.52465572034,22928.337890625,22928.337890625,2915712,0.0,0.0
2020-06-16 00:00:00+09:00,23355.819604492186,24988.00666503906,23355.819604492186,24871.421875,2692975,0.0,0.0
2020-06-17 00:00:00+09:00,24249.62993951613,24366.214698840726,23627.844556451615,24094.18359375,3674507,0.0,0.0
2020-06-18 00:00:00+09:00,23511.257224974594,24210.765704395326,23472.39564278455,23899.873046875,2559738,0.0,0.0
2020-06-19 00:00:00+09:00,24327.354162439122,24327.354162439122,23550.122400060878,23938.73828125,3816952,0.0,0.0
2020-06-22 00:00:00+09:00,23550.120424292847,23861.0131031614,23355.8125,23355.8125,1835595,0.0,0.0
2020-06-23 00:00:00+09:00,23588.983316511116,23666.706490535864,22811.751576263632,23161.505859375,2110173,0.0,0.0
2020-06-24 00:00:00+09:00,23316.95209023179,23588.98319795116,23200.367329780627,23472.3984375,1606503,0.0,0.0
2020-06-25 00:00:00+09:00,23083.77937020051,23083.77937020051,22772.88671875,22772.88671875,1754512,0.0,0.0
2020-06-26 00:00:00+09:00,23239.231520938552,23278.09311211069,22928.338791561448,23083.78515625,1435162,0.0,0.0
2020-06-29 00:00:00+09:00,22578.580334051727,22695.165086206896,22345.41082974138,22539.71875,1720011,0.0,0.0
2020-06-30 00:00:00+09:00,22734.02995923913,22889.476317934783,22345.4140625,22345.4140625,1616827,0.0,0.0
2020-07-01 00:00:00+09:00,22617.446062184346,23316.95470328283,22578.584471012207,23083.78515625,1553814,0.0,0.0
2020-07-02 00:00:00+09:00,23006.06093227425,23394.676826400504,22928.337753448995,23239.23046875,1348055,0.0,0.0
2020-07-03 00:00:00+09:00,23394.67408485857,23666.705178868553,23083.78140599002,23355.8125,1038768,0.0,0.0
2020-07-06 00:00:00+09:00,23239.232260726072,23550.125,22850.616336633662,23550.125,1494743,0.0,0.0
2020-07-07 00:00:00+09:00,23783.287430037315,23783.287430037315,23278.086880052862,23433.533203125,1604570,0.0,0.0
2020-07-08 00:00:00+09:00,23472.399479166666,23511.261067708332,23239.229947916665,23316.953125,1143131,0.0,0.0
2020-07-09 00:00:00+09:00,23316.952207424496,23472.398555473992,23122.644272362624,23161.505859375,2614486,0.0,0.0
2020-07-10 00:00:00+09:00,22967.196174568966,23083.78092672414,22461.995581896554,22539.71875,1721373,0.0,0.0
2020-07-13 00:00:00+09:00,22889.469950907936,23161.50100295608,22539.715741131757,23006.0546875,1498269,0.0,0.0
2020-07-14 00:00:00+09:00,22889.47095556973,23006.055697278913,22578.578311011905,22850.609375,1493337,0.0,0.0
2020-07-15 00:00:00+09:00,23083.782685350252,23394.675381449244,22928.336337300756,23161.505859375,1810430,0.0,0.0
2020-07-16 00:00:00+09:00,23355.8125,23588.982009151416,23200.366160565725,23355.8125,1622128,0.0,0.0
2020-07-17 00:00:00+09:00,23355.8120831145,23394.673667279414,23006.057825630254,23122.642578125,1027988,0.0,0.0
2020-07-20 00:00:00+09:00,23122.64480064655,23705.568619150246,22928.33686114532,23666.70703125,1742844,0.0,0.0
2020-07-21 00:00:00+09:00,23588.98411479749,23899.876821417558,23239.229819849916,23627.845703125,1730397,0.0,0.0
2020-07-22 00:00:00+09:00,23938.73814655172,24482.80037715517,23627.845443349754,23666.70703125,2739196,0.0,0.0
2020-07-23 00:00:00+09:00,23899.876296746927,24016.46105917008,23394.675659579916,23705.568359375,1496348,0.0,0.0
2020-07-24 00:00:00+09:00,23472.39883452869,23822.153121798154,23355.81407210553,23705.568359375,1214228,0.0,0.0
2020-07-27 00:00:00+09:00,23472.39883452869,23977.599471695696,23472.39883452869,23705.568359375,1240217,0.0,0.0
2020-07-28 00:00:00+09:00,23744.42671811484,24055.31937563516,23666.703553734755,23899.873046875,1723733,0.0,0.0
2020-07-29 00:00:00+09:00,23744.42906161936,24249.62967995169,23627.84430354267,24133.044921875,1461720,0.0,0.0
2020-07-30 00:00:00+09:00,24327.349423212843,24599.380487050686,23938.733617730213,24055.318359375,1905955,0.0,0.0
2020-07-31 00:00:00+09:00,23938.742005813954,24171.91157080565,23355.818093334718,23394.6796875,2110091,0.0,0.0
2020-08-03 00:00:00+09:00,23394.676826400504,23433.538415813127,23161.50728992475,23239.23046875,1649493,0.0,0.0
2020-08-04 00:00:00+09:00,23161.505742963574,23627.84478476821,23161.505742963574,23472.3984375,1274251,0.0,0.0
2020-08-05 00:00:00+09:00,23472.399479166666,23550.122656249998,23239.229947916665,23316.953125,1295186,0.0,0.0
2020-08-06 00:00:00+09:00,23316.953379478826,24249.63151465798,23316.953379478826,23861.015625,2473278,0.0,0.0
2020-08-07 00:00:00+09:00,23938.737479304637,23938.737479304637,23355.81367704884,23472.3984375,1604496,0.0,0.0
2020-08-10 00:00:00+09:00,23627.843395461914,24016.45924078201,23472.397057333874,23977.59765625,2038273,0.0,0.0
2020-08-11 00:00:00+09:00,24327.355171470703,25532.064453125,24249.631992009134,25532.064453125,5025552,0.0,0.0
2020-08-12 00:00:00+09:00,25920.67737322023,26464.739566960983,25104.584082609097,26270.431640625,4929263,0.0,0.0
2020-08-13 00:00:00+09:00,26114.985299556214,26387.016396426592,25726.369446884248,26270.431640625,3437220,0.0,0.0
2020-08-14 00:00:00+09:00,26192.710274512614,26231.571862456993,25337.75533973624,25415.478515625,2294223,0.0,0.0
2020-08-18 00:00:00+09:00,25337.755191851265,25376.616779568827,24094.18438488924,24560.5234375,2923648,0.0,0.0
2020-08-19 00:00:00+09:00,24715.97083996815,24871.41719745223,24327.35494625796,24405.078125,1456392,0.0,0.0
2020-08-20 00:00:00+09:00,24133.045147856406,24405.076252582643,23472.398179235537,23511.259765625,1790921,0.0,0.0
2020-08-21 00:00:00+09:00,23588.980389354674,24171.904122205284,23588.980389354674,23899.873046875,1344811,0.0,0.0
2020-08-24 00:00:00+09:00,23899.877213965796,24016.46198086319,23394.67655741042,23861.015625,1091079,0.0,0.0
2020-08-25 00:00:00+09:00,24210.770178144903,24482.80130374204,23938.739052547768,24405.078125,1377196,0.0,0.0
2020-08-26 00:00:00+09:00,24249.63151465798,24327.354692589575,23705.569269136806,23861.015625,1469718,0.0,0.0
2020-08-27 00:00:00+09:00,23783.2921875,23822.153776041665,23316.953125,23316.953125,2229578,0.0,0.0
2020-08-28 00:00:00+09:00,23627.848184818482,24016.46410891089,23472.401815181518,23550.125,2354079,0.0,0.0
2020-08-31 00:00:00+09:00,23588.980113037524,23861.011185181284,22967.194805280356,23044.91796875,3547431,0.0,0.0
2020-09-01 00:00:00+09:00,23006.05823627288,23472.39725457571,22967.19665141431,23355.8125,1751652,0.0,0.0
2020-09-02 00:00:00+09:00,23316.95209023179,23472.3984375,23200.367329780627,23472.3984375,1293580,0.0,0.0
2020-09-03 00:00:00+09:00,23627.845833333333,23627.845833333333,23278.09153645833,23316.953125,1618528,0.0,0.0
2020-09-04 00:00:00+09:00,23006.05638701518,23083.779550484825,22850.610060075887,23044.91796875,2284285,0.0,0.0
2020-09-07 00:00:00+09:00,22967.197638128222,23006.059224656357,22539.72018631873,22617.443359375,3761770,0.0,0.0
2020-09-08 00:00:00+09:00,22617.44361822289,22811.75155308735,22539.720444277107,22578.58203125,2761485,0.0,0.0
2020-09-09 00:00:00+09:00,22151.104031415052,22267.68878947513,21995.657687334948,22073.380859375,4212332,0.0,0.0
2020-09-10 00:00:00+09:00,22189.965100740133,22345.41144120066,22112.24193050987,22151.103515625,1994874,0.0,0.0
2020-09-11 00:00:00+09:00,21840.209159435413,22228.82498077768,21840.209159435413,22112.240234375,1732675,0.0,0.0
2020-09-14 00:00:00+09:00,22151.106114130434,22578.58360054348,22073.38293478261,22345.4140625,2004641,0.0,0.0
2020-09-15 00:00:00+09:00,22345.4140625,22500.86042119565,22228.829293478262,22345.4140625,1471145,0.0,0.0
2020-09-16 00:00:00+09:00,22189.96407815222,22384.271994773517,22151.10249482796,22306.548828125,1244882,0.0,0.0
2020-09-17 00:00:00+09:00,22306.551561131786,22384.274737302974,22112.243620703808,22189.966796875,1612471,0.0,0.0
2020-09-18 00:00:00+09:00,22034.51953125,22112.242704199736,21879.07318535053,22034.51953125,2219918,0.0,0.0
2020-09-21 00:00:00+09:00,21840.21263043961,22151.105336922737,21840.21263043961,21879.07421875,1366916,0.0,0.0
2020-09-22 00:00:00+09:00,21607.0440160779,21723.628785948826,21373.874476336052,21451.59765625,2362160,0.0,0.0
2020-09-23 00:00:00+09:00,21451.59765625,21607.0440160779,21218.428116508152,21451.59765625,1771865,0.0,0.0
2020-09-24 00:00:00+09:00,21257.287884880516,21296.149471507353,21062.97995174632,21140.703125,1870808,0.0,0.0
2020-09-25 00:00:00+09:00,21218.427473720294,21335.012240059415,21140.70429616088,21257.2890625,1927889,0.0,0.0
2020-09-28 00:00:00+09:00,21373.87109375,21490.455845170454,21257.286342329546,21373.87109375,1193407,0.0,0.0
2020-09-29 00:00:00+09:00,21529.32083616395,21645.905606034874,21412.736066293026,21451.59765625,1715571,0.0,0.0
2020-10-05 00:00:00+09:00,21257.28868282071,22228.828384960594,21218.427094735114,22189.966796875,3155972,0.0,0.0
2020-10-06 00:00:00+09:00,22189.965877149472,22384.27380952381,21917.9347718254,22034.51953125,2128923,0.0,0.0
2020-10-07 00:00:00+09:00,21956.795590049343,22228.826685855263,21762.487664473687,22151.103515625,1520212,0.0,0.0
2020-10-08 00:00:00+09:00,22267.68905009921,22306.550636574077,22034.51953125,22034.51953125,2335648,0.0,0.0
2020-10-12 00:00:00+09:00,21917.932323703866,22189.963398643453,21840.209159435413,22112.240234375,2396584,0.0,0.0
2020-10-13 00:00:00+09:00,22189.965877149472,22267.68905009921,21879.07318535053,22034.51953125,1886424,0.0,0.0
2020-10-14 00:00:00+09:00,21917.934886516097,21956.796473194318,21684.76536644678,21723.626953125,2222501,0.0,0.0
2020-10-15 00:00:00+09:00,21645.90520554813,21917.936330213903,21607.04361631016,21801.3515625,1332326,0.0,0.0
2020-10-16 00:00:00+09:00,21840.21171315966,21956.796473194318,21723.626953125,21723.626953125,1591701,0.0,0.0
2020-10-19 00:00:00+09:00,21840.210237068968,22539.71875,21801.34865301724,22539.71875,3804406,0.0,0.0
2020-10-20 00:00:00+09:00,22500.857165948277,22695.165086206896,22228.826077586207,22539.71875,3020408,0.0,0.0
2020-10-21 00:00:00+09:00,22306.546319830908,22811.746846238228,22306.546319830908,22695.162109375,3384480,0.0,0.0
2020-10-22 00:00:00+09:00,22617.443527524832,23511.260024317053,22423.13559343957,23472.3984375,4540090,0.0,0.0
2020-10-23 00:00:00+09:00,23705.564069976077,24560.518839712917,23588.979328648325,24366.2109375,6673095,0.0,0.0
2020-10-26 00:00:00+09:00,24521.657325954162,24638.242067598952,23977.595198278475,24055.318359375,3771465,0.0,0.0
2020-10-27 00:00:00+09:00,23705.567958402316,23783.291132036422,23161.505742963574,23472.3984375,4310484,0.0,0.0
2020-10-28 00:00:00+09:00,23316.949404761905,24560.52003968254,23239.226240079366,24482.796875,4419345,0.0,0.0
2020-10-29 00:00:00+09:00,23977.60230152027,24560.526182432433,23899.87911739865,24443.94140625,3103420,0.0,0.0
2020-10-30 00:00:00+09:00,24405.075718183693,24871.4147446458,23588.982421875,23588.982421875,4189440,0.0,0.0
2020-11-02 00:00:00+09:00,23783.28905019685,24832.551802411417,23705.56588336614,24677.10546875,3894347,0.0,0.0
2020-11-03 00:00:00+09:00,25026.868261718748,25337.76103515625,24638.252294921873,24871.421875,3435765,0.0,0.0
2020-11-04 00:00:00+09:00,25337.755592897272,25376.617181229936,23938.73841292135,24210.76953125,4538264,0.0,0.0
2020-11-05 00:00:00+09:00,24366.21212797619,24715.96636904762,23938.734722222223,24482.796875,3089844,0.0,0.0
2020-11-06 00:00:00+09:00,24599.38502521756,24677.10820065269,24405.077086629746,24560.5234375,1947300,0.0,0.0
2020-11-09 00:00:00+09:00,24793.69021899606,24832.551802411417,24366.212801427162,24677.10546875,2496771,0.0,0.0
2020-11-10 00:00:00+09:00,25648.65261048938,25842.96058481127,25143.451877252468,25609.791015625,7202607,0.0,0.0
2020-11-11 00:00:00+09:00,25687.508619288634,26425.878761144133,25648.647032875186,26153.84765625,5100704,0.0,0.0
2020-11-12 00:00:00+09:00,26192.709209963905,26309.2939690587,25493.200655395136,25570.923828125,4474654,0.0,0.0
2020-11-13 00:00:00+09:00,25221.16703306686,25415.47494549419,24949.135955668607,25065.720703125,3283510,0.0,0.0
2020-11-16 00:00:00+09:00,25376.618214067206,26153.850012354105,25221.171854409826,25804.095703125,3843520,0.0,0.0
2020-11-17 00:00:00+09:00,26076.126042447526,26348.157163605698,25687.51015507871,25920.6796875,3167675,0.0,0.0
2020-11-18 00:00:00+09:00,25842.957672574626,26037.265625,25726.3729011194,26037.265625,2167201,0.0,0.0
2020-11-19 00:00:00+09:00,25881.81862077068,25920.680210291353,25454.341136043233,25842.95703125,2483717,0.0,0.0
2020-11-20 00:00:00+09:00,25765.23449160448,26037.265625,25648.649720149253,26037.265625,1708598,0.0,0.0
2020-11-23 00:00:00+09:00,26037.259440583577,26503.598415638808,25881.813115565168,26387.013671875,2678253,0.0,0.0
2020-11-24 00:00:00+09:00,26620.185388435657,26620.185388435657,26192.70795884034,26348.154296875,2528769,0.0,0.0
2020-11-25 00:00:00+09:00,26814.495315882035,27203.111190025254,26503.602616567463,26931.080078125,4045356,0.0,0.0
2020-11-26 00:00:00+09:00,26659.05442026019,26969.947183178672,26503.608038800943,26697.916015625,2071269,0.0,0.0
2020-11-27 00:00:00+09:00,26503.605732608296,26775.63687649137,26270.43618070852,26464.744140625,1791934,0.0,0.0
2020-11-30 00:00:00+09:00,26464.7441375922,26659.052097486412,25026.865234375,25026.865234375,5779670,0.0,0.0
2020-12-01 00:00:00+09:00,25376.618471907994,25920.680736236805,25337.756881598794,25765.234375,3135125,0.0,0.0
2020-12-02 00:00:00+09:00,26153.846782483553,26581.32421875,26037.26202713816,26581.32421875,3300022,0.0,0.0
2020-12-03 00:00:00+09:00,26620.190508558186,26697.91369252478,26231.57458872522,26464.744140625,2624925,0.0,0.0
2020-12-04 00:00:00+09:00,26581.326047687864,27125.388276734106,26425.879696531792,26892.21875,3381475,0.0,0.0
2020-12-07 00:00:00+09:00,26892.22165244126,26892.22165244126,26153.85140475863,26464.744140625,3017643,0.0,0.0
2020-12-08 00:00:00+09:00,26425.877981693786,26425.877981693786,26037.26212902182,26270.431640625,2532074,0.0,0.0
2020-12-09 00:00:00+09:00,26231.57458872522,26659.052100541485,26076.128220792034,26464.744140625,2263922,0.0,0.0
2020-12-10 00:00:00+09:00,26464.745033074818,26620.19140625,26114.990693430656,26620.19140625,4462333,0.0,0.0
2020-12-11 00:00:00+09:00,26892.21705408828,26969.940224764836,26736.770712735168,26853.35546875,2038764,0.0,0.0
2020-12-14 00:00:00+09:00,26659.04987055535,27008.804169148643,26503.603515625,26503.603515625,3055544,0.0,0.0
2020-12-15 00:00:00+09:00,26425.88126397168,26464.74285406576,25765.23423237239,26076.126953125,4323684,0.0,0.0
2020-12-16 00:00:00+09:00,26231.568614382417,26348.153363779675,25998.39911558791,26192.70703125,1936781,0.0,0.0
2020-12-17 00:00:00+09:00,26037.264978853385,26076.12656837406,25493.20272556391,25842.95703125,3221816,0.0,0.0
2020-12-18 00:00:00+09:00,25920.6796875,26037.264453710643,25804.094921289354,25920.6796875,2827742,0.0,0.0
2020-12-21 00:00:00+09:00,26037.265625,26076.127215485074,25687.511310634327,26037.265625,1854239,0.0,0.0
2020-12-22 00:00:00+09:00,26037.265507164404,26114.988687782807,25765.234375,25765.234375,1832455,0.0,0.0
2020-12-23 00:00:00+09:00,25648.64922231735,25765.233991509704,25337.756504471083,25532.064453125,2122454,0.0,0.0
2020-12-24 00:00:00+09:00,25726.372002862237,25959.541537631383,25609.787235477666,25881.818359375,2853145,0.0,0.0
2020-12-28 00:00:00+09:00,25998.404034514926,26153.850396455222,25881.8192630597,26037.265625,3722780,0.0,0.0
2020-12-29 00:00:00+09:00,26362.7314453125,26362.7314453125,25915.215942382812,26037.265625,3583691,1500.0,0.0
2020-12-30 00:00:00+09:00,26037.264040561622,26199.996940815134,25630.431789927847,26077.947265625,2308628,0.0,0.0
2021-01-04 00:00:00+09:00,26077.94947256339,26077.94947256339,25630.43395899366,25671.1171875,2983516,0.0,0.0
2021-01-05 00:00:00+09:00,25630.43406834112,26240.682498539718,25386.33469626168,26118.6328125,3411233,0.0,0.0
2021-01-06 00:00:00+09:00,26199.999505690586,26688.198254243827,25996.58336046007,26362.732421875,4751214,0.0,0.0
2021-01-07 00:00:00+09:00,27257.763541666667,27583.229375000003,27095.030625,27461.1796875,6546753,0.0,0.0
2021-01-08 00:00:00+09:00,27827.326023867015,27868.009249048107,27054.344745426264,27379.810546875,4748235,0.0,0.0
2021-01-11 00:00:00+09:00,27420.49211032485,27745.957892049773,26322.04509700323,26769.560546875,7289269,0.0,0.0
2021-01-12 00:00:00+09:00,26891.611696917487,27461.176846322698,26566.145897257364,26932.294921875,5467907,0.0,0.0
2021-01-13 00:00:00+09:00,27420.49584247076,28071.427494517542,27217.07970120614,27827.328125,6524854,0.0,0.0
2021-01-14 00:00:00+09:00,27908.695444429148,27949.378673939977,27623.91283785334,27705.279296875,3917487,0.0,0.0
2021-01-15 00:00:00+09:00,27990.060672788604,28071.427128232757,27135.712890625,27135.712890625,4230745,0.0,0.0
2021-01-18 00:00:00+09:00,27176.39649635736,27217.079724645322,26403.41515888612,26525.46484375,3685653,0.0,0.0
2021-01-19 00:00:00+09:00,26769.563599186837,27013.66296331316,26444.097780351738,26891.61328125,2207325,0.0,0.0
2021-01-20 00:00:00+09:00,27054.344596747545,27217.077496577607,26688.19557212991,26932.294921875,2813270,0.0,0.0
2021-01-21 00:00:00+09:00,26810.247068848388,27217.079346069153,26728.880613404235,27135.712890625,2342174,0.0,0.0
2021-01-22 00:00:00+09:00,26932.29896784627,27054.34866105403,26728.8828125,26728.8828125,2484931,0.0,0.0
2021-01-25 00:00:00+09:00,26850.927363903644,26972.977033739568,26566.14480095315,26810.244140625,1810352,0.0,0.0
2021-01-26 00:00:00+09:00,26810.243591214257,26810.243591214257,26322.044921875,26322.044921875,2463663,0.0,0.0
2021-01-27 00:00:00+09:00,26484.777811654752,26647.510701434505,26322.044921875,26322.044921875,1903597,0.0,0.0
2021-01-28 00:00:00+09:00,25996.579975009703,26281.36254124612,25874.53030376553,26199.99609375,2050545,0.0,0.0
2021-01-29 00:00:00+09:00,26403.416611439643,26484.783072491846,24938.8203125,24938.8203125,3554121,0.0,0.0
2021-02-01 00:00:00+09:00,24816.76868044515,25874.532591414943,24776.08545310016,25589.75,2051787,0.0,0.0
2021-02-02 00:00:00+09:00,25630.434914172536,26037.267214397496,25467.70199408255,25996.583984375,1755951,0.0,0.0
2021-02-03 00:00:00+09:00,26281.36227101293,26281.36227101293,25589.74747440733,25955.896484375,2215433,0.0,0.0
2021-02-04 00:00:00+09:00,26037.264752791067,26077.947978967302,25304.96668161882,25508.3828125,1939058,0.0,0.0
2021-02-05 00:00:00+09:00,25630.431898584906,26199.997051886792,25427.015772405663,25874.53125,3030139,0.0,0.0
2021-02-08 00:00:00+09:00,26281.361874287613,27095.026328599924,26118.62898342515,26769.560546875,4001479,0.0,0.0
2021-02-09 00:00:00+09:00,26932.2971266296,27176.39649635736,26362.73193059816,26525.46484375,2866955,0.0,0.0
2021-02-10 00:00:00+09:00,26769.56091734636,26850.927363903644,26484.778354395865,26810.244140625,1730292,0.0,0.0
2021-02-15 00:00:00+09:00,27054.34433355564,27095.02755811738,26606.828863376526,26688.1953125,1640605,0.0,0.0
2021-02-16 00:00:00+09:00,26566.149888222983,26850.932505707762,26444.10019501522,26728.8828125,1132192,0.0,0.0
2021-02-17 00:00:00+09:00,26891.610215021847,27257.759219462387,26688.19410144377,26769.560546875,2361643,0.0,0.0
2021-02-18 00:00:00+09:00,26850.93005087209,26891.6132782219,26240.681640625,26240.681640625,1374986,0.0,0.0
2021-02-19 00:00:00+09:00,26281.365835566616,26647.514895195254,25996.58323363323,26566.1484375,1580642,0.0,0.0
2021-02-22 00:00:00+09:00,26728.88024639423,26850.929927884616,26403.414429086537,26444.09765625,1303415,0.0,0.0
2021-02-23 00:00:00+09:00,26647.512087938263,26891.611435308692,26444.095965129574,26688.1953125,1438244,0.0,0.0
2021-02-24 00:00:00+09:00,26932.293339932126,27542.541678450223,26769.560449660632,26972.9765625,4263157,0.0,0.0
2021-02-25 00:00:00+09:00,27339.12866568915,27745.9609375,27217.078984145897,27745.9609375,4020164,0.0,0.0
2021-02-26 00:00:00+09:00,27379.809266525986,27705.27505275512,26688.194470789076,26810.244140625,4124995,0.0,0.0
2021-03-02 00:00:00+09:00,27176.39538298872,27420.494742716168,26891.612796640038,27054.345703125,2839084,0.0,0.0
2021-03-03 00:00:00+09:00,27095.027970607356,27420.493772056092,26810.245394339712,27379.810546875,2377698,0.0,0.0
2021-03-04 00:00:00+09:00,27379.813460788362,27908.695444429148,27217.080542745043,27705.279296875,3512450,0.0,0.0
2021-03-05 00:00:00+09:00,27745.958243336398,28396.889815027575,27623.9085736443,27664.591796875,4464423,0.0,0.0
2021-03-08 00:00:00+09:00,28193.47320478723,28722.355097517728,27990.057092198578,28681.671875,5130046,0.0,0.0
2021-03-09 00:00:00+09:00,29210.556640625,29658.07213233374,28763.04114891626,29210.556640625,5756996,0.0,0.0
2021-03-10 00:00:00+09:00,29007.140257417486,29047.82348358497,28356.20863873771,28966.45703125,2564721,0.0,0.0
2021-03-11 00:00:00+09:00,29007.13877670374,29576.703913974223,28803.72265625,28803.72265625,3253770,0.0,0.0
2021-03-12 00:00:00+09:00,28640.990343347643,28681.673568267168,28152.791644313307,28437.57421875,2204205,0.0,0.0
2021-03-15 00:00:00+09:00,28722.356313344593,28925.772434543916,28356.20729518581,28600.306640625,1986955,0.0,0.0
2021-03-16 00:00:00+09:00,28478.255393288353,28803.721169211647,28437.57217129794,28640.98828125,1380687,0.0,0.0
2021-03-17 00:00:00+09:00,28722.356943221832,28925.773068882045,28478.257592429578,28885.08984375,1650097,0.0,0.0
2021-03-18 00:00:00+09:00,28640.99049295775,29291.922095070426,28274.84146676937,28885.08984375,2974612,0.0,0.0
2021-03-19 00:00:00+09:00,29373.292147831453,29454.65860807475,28559.62754539845,28844.41015625,3265386,0.0,0.0
2021-03-22 00:00:00+09:00,28885.090578915027,29210.556388254914,28681.674448077596,28966.45703125,2058874,0.0,0.0
2021-03-23 00:00:00+09:00,29047.823734549096,29454.655999738858,28966.457281511142,29210.556640625,2132689,0.0,0.0
2021-03-24 00:00:00+09:00,29088.50694444444,29210.55662393162,28478.258547008547,28559.625,1842963,0.0,0.0
2021-03-25 00:00:00+09:00,28600.313627745814,29454.66154550209,28478.263925209205,29169.87890625,2361439,0.0,0.0
2021-03-26 00:00:00+09:00,29495.338149794803,29861.4871751026,29454.6549247606,29739.4375,2905443,0.0,0.0
2021-03-29 00:00:00+09:00,29820.808453484926,30024.224609375,29413.976141704778,30024.224609375,1997146,0.0,0.0
2021-03-30 00:00:00+09:00,30064.903449292455,30512.418926886792,29861.487323113208,30186.953125,2178506,0.0,0.0
2021-03-31 00:00:00+09:00,30268.318257676903,30634.46726885848,29820.80279956609,30471.734375,2421330,0.0,0.0
2021-04-01 00:00:00+09:00,30512.420654296875,30593.787109375,29861.489013671875,29942.85546875,1588977,0.0,0.0
2021-04-02 00:00:00+09:00,29780.12120658528,30064.903786429677,29373.28894966472,29576.705078125,1296321,0.0,0.0
2021-04-05 00:00:00+09:00,29454.65434966216,30186.952385979726,29413.971125422297,30105.5859375,1026596,0.0,0.0
2021-04-06 00:00:00+09:00,30105.58704155451,30227.63671875,29780.121235699866,30227.63671875,1046670,0.0,0.0
2021-04-07 00:00:00+09:00,30308.997521033656,30756.512920673078,30227.631084735578,30675.146484375,1684809,0.0,0.0
2021-04-08 00:00:00+09:00,30756.52051303476,30756.52051303476,30390.371459308157,30431.0546875,1578096,0.0,0.0
2021-04-09 00:00:00+09:00,30878.56833045929,30878.56833045929,30186.953493018173,30227.63671875,1381576,0.0,0.0
2021-04-12 00:00:00+09:00,30227.638546540777,30593.78760026738,30105.588861965243,30431.0546875,1039153,0.0,0.0
2021-04-13 00:00:00+09:00,30512.41610738255,30593.78255033557,30064.90067114094,30309.0,1254276,0.0,0.0
2021-04-14 00:00:00+09:00,30105.586674528302,30268.319575471698,29983.536998820757,30186.953125,1200458,0.0,0.0
2021-04-15 00:00:00+09:00,30268.318257676903,30756.51693925234,30105.585363818427,30471.734375,1775446,0.0,0.0
2021-04-16 00:00:00+09:00,30512.42338351118,30512.42338351118,29942.85814701897,30024.224609375,1830637,0.0,0.0
2021-04-19 00:00:00+09:00,30024.221923828125,30227.638061523438,29902.172241210938,29942.85546875,909708,0.0,0.0
2021-04-20 00:00:00+09:00,29902.1676953125,30512.416015625,29861.48447395833,30512.416015625,1420417,0.0,0.0
2021-04-21 00:00:00+09:00,30064.902819409013,30227.635716943027,29698.753799957485,29902.169921875,1865091,0.0,0.0
2021-04-22 00:00:00+09:00,29942.85063844086,30390.366069178428,29902.16741746472,30268.31640625,1463398,0.0,0.0
2021-04-23 00:00:00+09:00,30146.268587283044,31000.616280040056,29983.53569342457,30471.734375,3010796,0.0,0.0
2021-04-26 00:00:00+09:00,31041.29762050654,31366.763388480394,30797.198294526144,31122.6640625,2813536,0.0,0.0
2021-04-27 00:00:00+09:00,31326.07604667468,31732.908203125,31122.65996844952,31732.908203125,2013900,0.0,0.0
2021-04-28 00:00:00+09:00,31936.326470646334,32424.525091853666,31895.64325221239,32180.42578125,2598813,0.0,0.0
2021-04-29 00:00:00+09:00,32383.84936708861,32465.215822784812,31854.967405063293,32139.75,1435607,0.0,0.0
2021-04-30 00:00:00+09:00,32139.743969726565,32912.7251538086,31977.011088867188,32546.576171875,2465742,0.0,0.0
2021-05-03 00:00:00+09:00,32668.62656800176,32709.309789132523,31448.129934078905,31773.595703125,1697898,0.0,0.0
2021-05-04 00:00:00+09:00,31773.603015525478,32139.75208996815,31366.77071058917,31936.3359375,1214423,0.0,0.0
2021-05-06 00:00:00+09:00,32465.218902439025,33400.93323170732,32343.169207317074,33360.25,2721258,0.0,0.0
2021-05-07 00:00:00+09:00,33767.0703125,34092.53605045181,33522.97100903615,33767.0703125,2359121,0.0,0.0
2021-05-10 00:00:00+09:00,33848.445906432746,34906.20984100877,33522.980080409354,34784.16015625,2254903,0.0,0.0
2021-05-11 00:00:00+09:00,34784.159055897886,35150.30809859155,34051.86097051056,34662.109375,1869108,0.0,0.0
2021-05-12 00:00:00+09:00,34336.64240361077,34418.00885480416,32953.41273332314,33238.1953125,2328363,0.0,0.0
2021-05-13 00:00:00+09:00,32994.08918486446,34011.16961596386,32831.35631588856,33767.0703125,1816303,0.0,0.0
2021-05-14 00:00:00+09:00,33929.80484868022,33970.48806792324,33116.140463819786,33522.97265625,1058721,0.0,0.0
2021-05-17 00:00:00+09:00,33400.9296875,33482.29614228076,33034.7806409866,33400.9296875,1512128,0.0,0.0
2021-05-18 00:00:00+09:00,33726.39342463681,34011.175998789346,33482.2940753632,33604.34375,1396877,0.0,0.0
2021-05-20 00:00:00+09:00,33441.61646341463,33929.81524390244,33034.784146341466,33360.25,1516444,0.0,0.0
2021-05-21 00:00:00+09:00,33075.46226543114,33360.244843362285,32627.94678582506,32790.6796875,1430247,0.0,0.0
2021-05-24 00:00:00+09:00,32953.41768292683,33563.66615853659,32627.951829268295,33360.25,1325257,0.0,0.0
2021-05-25 00:00:00+09:00,33278.878458755964,34092.54296875,33278.878458755964,34092.54296875,1495483,0.0,0.0
2021-05-26 00:00:00+09:00,33970.4921875,34092.54186002994,33726.39284244012,33970.4921875,1124493,0.0,0.0
2021-05-27 00:00:00+09:00,34173.90248493976,34458.68500564759,33604.3374435241,33767.0703125,2651483,0.0,0.0
2021-05-28 00:00:00+09:00,34092.53777736686,34580.736409023666,33848.43846153846,34377.3203125,1400797,0.0,0.0
2021-05-31 00:00:00+09:00,34458.688245362195,34784.15401391343,34051.85603467315,34540.0546875,1332780,0.0,0.0
2021-06-01 00:00:00+09:00,34540.05487827035,34987.5703125,34458.688435683136,34987.5703125,1428088,0.0,0.0
2021-06-02 00:00:00+09:00,34987.57311114352,35190.989233882734,34743.47376385648,34865.5234375,1227975,0.0,0.0
2021-06-03 00:00:00+09:00,34906.20873679578,35068.94164465963,34580.74292106808,34662.109375,1089598,0.0,0.0
2021-06-04 00:00:00+09:00,34458.688245362195,34987.57011925795,34418.005024293285,34540.0546875,1174125,0.0,0.0
2021-06-07 00:00:00+09:00,34621.42445640297,34906.20703125,34336.641881555945,34906.20703125,1042746,0.0,0.0
2021-06-08 00:00:00+09:00,34784.16015625,34906.20984100877,34499.37755847953,34784.16015625,1149730,0.0,0.0
2021-06-09 00:00:00+09:00,34702.78926175118,34784.15570785142,34295.95703125,34295.95703125,971029,0.0,0.0
2021-06-10 00:00:00+09:00,34295.95536108658,34540.0546875,34133.22247681096,34540.0546875,1772449,0.0,0.0
2021-06-11 00:00:00+09:00,34295.96592420213,34540.06532579787,34092.54975620568,34418.015625,1103443,0.0,0.0
2021-06-14 00:00:00+09:00,34173.903781895504,34418.00309462333,33360.23940613609,33482.2890625,1726142,0.0,0.0
2021-06-15 00:00:00+09:00,33278.87334079187,33726.38875246511,33116.140463819786,33522.97265625,976490,0.0,0.0
2021-06-16 00:00:00+09:00,33522.97853422619,34255.276609002976,33482.2953078497,34173.91015625,1414227,0.0,0.0
2021-06-17 00:00:00+09:00,34540.05657262905,34743.472689075636,33889.125,33889.125,1506485,0.0,0.0
2021-06-18 00:00:00+09:00,33604.34619259428,33767.079103938566,33400.93005341393,33441.61328125,1829873,0.0,0.0
2021-06-21 00:00:00+09:00,32790.68189089981,32912.731575357255,32302.483153070036,32383.849609375,2602606,0.0,0.0
2021-06-22 00:00:00+09:00,32831.3545916411,33197.50352760736,32790.67137653374,33156.8203125,1337117,0.0,0.0
2021-06-23 00:00:00+09:00,33156.82871626861,33197.51194168734,32587.26356040633,32790.6796875,992252,0.0,0.0
2021-06-24 00:00:00+09:00,32587.255300996934,33319.553172929445,32546.572085889573,33156.8203125,1037611,0.0,0.0
2021-06-25 00:00:00+09:00,33645.02566026411,33889.125,33482.29276710685,33889.125,1468806,0.0,0.0
2021-06-28 00:00:00+09:00,33970.496458208734,34255.27906324761,33685.71385316986,34011.1796875,1330340,0.0,0.0
2021-06-29 00:00:00+09:00,34011.18104370416,34052.158370262834,33519.453125,33519.453125,1189105,300.0,0.0
2021-06-30 00:00:00+09:00,33191.63129233375,33437.495227832515,33109.676647167485,33273.5859375,1358961,0.0,0.0
2021-07-01 00:00:00+09:00,33314.56700533821,33355.54433252805,32781.861751870325,32863.81640625,1188744,0.0,0.0
2021-07-02 00:00:00+09:00,32945.764868012426,33232.60610442547,32822.83290954969,32986.7421875,963814,0.0,0.0
2021-07-05 00:00:00+09:00,32986.74710221027,32986.74710221027,32576.97384628219,32617.951171875,1117185,0.0,0.0
2021-07-06 00:00:00+09:00,32781.85894423559,32863.813591596176,32617.949649514412,32699.904296875,759485,0.0,0.0
2021-07-07 00:00:00+09:00,32249.15267010124,32576.971248704558,31880.35676917251,32126.220703125,1978541,0.0,0.0
2021-07-08 00:00:00+09:00,31962.30935093068,32372.082547737482,31798.400072207958,31921.33203125,1488835,0.0,0.0
2021-07-09 00:00:00+09:00,31511.5663346695,31716.452981839004,31060.815710896597,31306.6796875,2538205,0.0,0.0
2021-07-12 00:00:00+09:00,31880.361405451786,32372.089344867498,31798.406748882502,32085.248046875,1164432,0.0,0.0
2021-07-13 00:00:00+09:00,32290.12034616603,32617.938826837766,32249.143036082063,32331.09765625,861142,0.0,0.0
2021-07-14 00:00:00+09:00,31839.386658031086,31962.31865284974,31593.52266839378,31634.5,1522194,0.0,0.0
2021-07-15 00:00:00+09:00,31552.534091367896,31798.397993378552,31347.64750635901,31716.443359375,1129349,0.0,0.0
2021-07-16 00:00:00+09:00,31593.514543850808,31757.423828125,31347.650617439518,31757.423828125,1483749,0.0,0.0
2021-07-19 00:00:00+09:00,31347.6570169339,31511.5663346695,31224.725028632198,31306.6796875,846332,0.0,0.0
2021-07-20 00:00:00+09:00,30610.057519661284,30937.876074088716,30610.057519661284,30773.966796875,2095357,0.0,0.0
2021-07-21 00:00:00+09:00,30978.853393392143,31101.78535130243,30732.98947757157,30773.966796875,1108446,0.0,0.0
2021-07-22 00:00:00+09:00,31183.743904421328,31757.426446684007,31142.76657997399,31511.5625,1726773,0.0,0.0
2021-07-23 00:00:00+09:00,31552.53547200945,31634.490109599086,31183.739602856094,31429.603515625,1005931,0.0,0.0
2021-07-26 00:00:00+09:00,31757.422260993084,31757.422260993084,31060.80783720356,31101.78515625,745243,0.0,0.0
2021-07-27 00:00:00+09:00,31265.69542948405,31634.49131266276,31142.76346842448,31470.58203125,1094252,0.0,0.0
2021-07-28 00:00:00+09:00,31470.58186397985,32535.9921875,31265.695263302896,32535.9921875,2001130,0.0,0.0
2021-07-29 00:00:00+09:00,32617.94543929463,32945.76398642322,32454.036165730337,32822.83203125,1998360,0.0,0.0
2021-07-30 00:00:00+09:00,32986.74926913713,32986.74926913713,31798.406748882502,32085.248046875,1854747,0.0,0.0
2021-08-02 00:00:00+09:00,32126.22797927461,32208.182642487045,31306.681347150257,31634.5,1552716,0.0,0.0
2021-08-03 00:00:00+09:00,31347.650617439518,31757.423828125,31306.67329637097,31757.423828125,1055373,0.0,0.0
2021-08-04 00:00:00+09:00,31880.35514864757,32249.151030829868,31757.423187920136,32003.287109375,1142319,0.0,0.0
2021-08-05 00:00:00+09:00,31798.397993378552,32126.216529392765,31634.488725371448,31716.443359375,1072144,0.0,0.0
2021-08-06 00:00:00+09:00,31839.378470262098,32290.129002016132,31552.53722278226,31757.423828125,1436351,0.0,0.0
2021-08-09 00:00:00+09:00,31880.358281050194,32208.17687519981,31798.40363251279,32044.267578125,1370557,0.0,0.0
2021-08-10 00:00:00+09:00,32167.204596119856,32331.113918902633,31593.52196638014,31880.36328125,1053076,0.0,0.0
2021-08-11 00:00:00+09:00,32003.288736148756,32290.129992426657,31757.424802196267,32126.220703125,1682307,0.0,0.0
2021-08-12 00:00:00+09:00,32372.082348912005,32576.96894605702,32208.173071195997,32249.150390625,1499688,0.0,0.0
2021-08-13 00:00:00+09:00,32536.000572381105,32536.000572381105,31511.567304988752,31880.36328125,1344029,0.0,0.0
2021-08-17 00:00:00+09:00,31798.407436454312,32003.294082307755,31552.54346143018,31839.384765625,1378827,0.0,0.0
2021-08-18 00:00:00+09:00,31880.350060096156,31962.304687500004,31593.508864182695,31962.3046875,836600,0.0,0.0
2021-08-19 00:00:00+09:00,31798.399779460717,31839.377098764147,30487.125561751,30773.966796875,1827166,0.0,0.0
2021-08-20 00:00:00+09:00,30651.03776743598,30855.92438352847,30159.309888814016,30405.173828125,1491054,0.0,0.0
2021-08-23 00:00:00+09:00,30773.966356183246,31101.78490591622,30487.12512516689,30692.01171875,1113380,0.0,0.0
2021-08-24 00:00:00+09:00,31019.829709229463,31675.466796875,30937.87507327377,31675.466796875,1262833,0.0,0.0
2021-08-25 00:00:00+09:00,31429.604195081833,31921.33203125,31306.672236039794,31921.33203125,1114072,0.0,0.0
2021-08-26 00:00:00+09:00,32085.24111290899,32454.03698777001,31634.49059918996,32249.150390625,1812491,0.0,0.0
2021-08-27 00:00:00+09:00,32208.178498208596,32208.178498208596,31839.38256120621,32167.201171875,1098653,0.0,0.0
2021-08-30 00:00:00+09:00,32208.173348767952,32249.150668550097,31183.740354214264,31388.626953125,1135687,0.0,0.0
2021-08-31 00:00:00+09:00,31224.724828064675,31839.384765625,30773.9742071871,31839.384765625,2096211,0.0,0.0
2021-09-01 00:00:00+09:00,32044.269192874202,32249.155824542195,31757.42790853901,32167.201171875,957200,0.0,0.0
2021-09-02 00:00:00+09:00,31716.44964662532,32372.08684862274,31675.47232150048,31798.404296875,1220637,0.0,0.0
2021-09-03 00:00:00+09:00,31716.443359375,31921.329944383884,31593.51140836967,31716.443359375,784107,0.0,0.0
2021-09-06 00:00:00+09:00,31675.4690721388,31757.423713981334,31265.69586292614,31552.537109375,945777,0.0,0.0
2021-09-07 00:00:00+09:00,31347.6484375,31552.53502859477,31142.761846405232,31347.6484375,800282,0.0,0.0
2021-09-08 00:00:00+09:00,31142.772020725388,31634.5,31142.772020725388,31634.5,1447777,0.0,0.0
2021-09-09 00:00:00+09:00,31552.53722278226,31757.423828125,31183.741333165322,31757.423828125,1858340,0.0,0.0
2021-09-10 00:00:00+09:00,31552.53502859477,31593.512346813728,31101.784528186276,31347.6484375,1107488,0.0,0.0
2021-09-13 00:00:00+09:00,31224.72122886866,31634.494473342005,31142.76657997399,31511.5625,776036,0.0,0.0
2021-09-14 00:00:00+09:00,31675.474764028575,32208.180031728927,31675.474764028575,32085.248046875,1345832,0.0,0.0
2021-09-15 00:00:00+09:00,31716.452778112936,32085.248740649135,31675.47544894225,31839.384765625,1023417,0.0,0.0
2021-09-16 00:00:00+09:00,31839.378470262098,31962.310433467745,31429.605259576616,31757.423828125,765677,0.0,0.0
2021-09-17 00:00:00+09:00,31470.579457364343,31716.443359375,31388.624823360788,31716.443359375,1079349,0.0,0.0
2021-09-23 00:00:00+09:00,31347.649555720473,31921.33203125,31224.71759667843,31921.33203125,1693260,0.0,0.0
2021-09-24 00:00:00+09:00,32085.242414092056,32699.902230453972,32003.287771910465,32495.015625,1802862,0.0,0.0
2021-09-27 00:00:00+09:00,31962.308094974716,32535.990547961443,31962.308094974716,32413.05859375,991297,0.0,0.0
2021-09-28 00:00:00+09:00,32576.974358849628,33191.63425241283,32495.019706374536,32904.79296875,2097479,0.0,0.0
2021-09-29 00:00:00+09:00,32995.522271016314,33242.988688048936,32541.833839789837,32871.7890625,1504973,260.0,0.0
2021-09-30 00:00:00+09:00,32954.28081006343,33407.96928179146,32706.814370939046,33325.48046875,1784894,0.0,0.0
2021-10-01 00:00:00+09:00,33119.25825035422,33325.48028180101,32748.05859375,32748.05859375,1377173,0.0,0.0
2021-10-05 00:00:00+09:00,32335.61417354061,32954.28026104457,32005.658926871827,32500.591796875,1971682,0.0,0.0
2021-10-06 00:00:00+09:00,32706.814899055327,32954.28134217554,32294.3708271883,32335.615234375,1532607,0.0,0.0
2021-10-07 00:00:00+09:00,32583.084318074747,32995.528423366835,32583.084318074747,32830.55078125,1090876,0.0,0.0
2021-10-08 00:00:00+09:00,32583.08616228421,32706.819400875163,32211.88644651135,32253.130859375,1292331,0.0,0.0
2021-10-12 00:00:00+09:00,31840.680479925228,32046.902503758938,31345.747622724317,31716.947265625,2149559,0.0,0.0
2021-10-13 00:00:00+09:00,31675.702963917527,32253.124632530606,31469.480939412853,32005.658203125,1707777,0.0,0.0
2021-10-14 00:00:00+09:00,32046.91378384078,32253.135880261892,31799.447268135445,32088.158203125,1085931,0.0,0.0
2021-10-15 00:00:00+09:00,32088.142062299677,32335.608453525638,31964.408866686696,32170.630859375,1141181,0.0,0.0
2021-10-18 00:00:00+09:00,32294.37003156766,32583.080874761752,32005.65918837357,32459.34765625,1233543,0.0,0.0
2021-10-19 00:00:00+09:00,32459.34987774332,32665.57192270992,32253.127832776714,32418.10546875,778409,0.0,0.0
2021-10-20 00:00:00+09:00,32418.106675957915,32995.528423366835,32418.106675957915,32830.55078125,1076886,0.0,0.0
2021-10-21 00:00:00+09:00,32830.54977927509,33284.23828125,32706.816551463755,33284.23828125,1715891,0.0,0.0
2021-10-22 00:00:00+09:00,32995.525124843945,33284.23596968633,32830.54749921972,33036.76953125,954085,0.0,0.0
2021-10-25 00:00:00+09:00,33078.01350308642,33655.43518518518,32913.03587962963,33407.96875,1490069,0.0,0.0
2021-10-26 00:00:00+09:00,33655.44195331696,33737.930781633906,33284.242225890666,33572.953125,1308228,0.0,0.0
2021-10-27 00:00:00+09:00,33572.943519871995,33614.187922230565,32583.077863266433,32624.322265625,1582472,0.0,0.0
2021-10-28 00:00:00+09:00,32583.07895482513,32665.567762305698,31840.6796875,31840.6796875,1626400,0.0,0.0
2021-10-29 00:00:00+09:00,32129.39238919526,32253.12560763889,31428.237484681373,31551.970703125,1492252,0.0,0.0
2021-11-01 00:00:00+09:00,31716.94806115372,31840.68127855744,31428.237220545037,31593.21484375,1317581,0.0,0.0
2021-11-02 00:00:00+09:00,31634.463703574937,31923.174584833116,31510.730468750004,31510.73046875,1178985,0.0,0.0
2021-11-03 00:00:00+09:00,31758.18893452774,31758.18893452774,31015.78971268164,31222.01171875,1307517,0.0,0.0
2021-11-04 00:00:00+09:00,31593.214745965084,31840.681180006588,31263.259500576416,31304.50390625,1061339,0.0,0.0
2021-11-05 00:00:00+09:00,31263.261370719745,31428.23900328291,30644.59524860788,31015.794921875,1762415,0.0,0.0
2021-11-08 00:00:00+09:00,30850.819501081893,31098.28596766811,30562.108623397973,30974.552734375,833236,0.0,0.0
2021-11-09 00:00:00+09:00,30974.55131842457,31469.484228971964,30809.573681575435,30892.0625,1051994,0.0,0.0
2021-11-10 00:00:00+09:00,30727.084863150867,31263.26218291055,30727.084863150867,30892.0625,788060,0.0,0.0
2021-11-11 00:00:00+09:00,30974.54452600671,31015.788926174497,30603.344924496643,30727.078125,1074161,0.0,0.0
2021-11-12 00:00:00+09:00,30727.086267788785,31139.530378765816,30727.086267788785,30974.552734375,706892,0.0,0.0
2021-11-15 00:00:00+09:00,31015.79580026455,31180.7734375,30892.062572337964,31180.7734375,735022,0.0,0.0
2021-11-16 00:00:00+09:00,31139.528041476533,31634.4609375,30892.0615934648,31634.4609375,1113970,0.0,0.0
2021-11-17 00:00:00+09:00,31386.9954105474,31510.728638184246,30850.818090787718,30892.0625,1236600,0.0,0.0
2021-11-18 00:00:00+09:00,30809.577265414704,30850.821679424633,30520.866367345225,30644.599609375,1106297,0.0,0.0
2021-11-19 00:00:00+09:00,30644.590751024934,30892.057163550035,30562.1019468499,30809.568359375,1050586,0.0,0.0
2021-11-22 00:00:00+09:00,30562.1019468499,30974.54596772507,30520.857544762384,30809.568359375,885209,0.0,0.0
2021-11-23 00:00:00+09:00,30974.550163371314,31386.99424011394,30768.328125,30768.328125,1356943,0.0,0.0
2021-11-24 00:00:00+09:00,30974.55165821606,31634.46221285182,30933.307248551326,31139.529296875,1362972,0.0,0.0
2021-11-25 00:00:00+09:00,31386.989988600235,31386.989988600235,30809.568359375,30809.568359375,815872,0.0,0.0
2021-11-26 00:00:00+09:00,30644.596168788317,30768.32939692609,30149.663256237225,30273.396484375,1484622,0.0,0.0
2021-11-29 00:00:00+09:00,29613.48419744318,30273.394708806816,29489.750976562496,29943.439453125,1267034,0.0,0.0
2021-11-30 00:00:00+09:00,29695.976055194806,29902.198111133657,28582.376953125,28582.376953125,3653594,0.0,0.0
2021-12-01 00:00:00+09:00,28829.84020113032,29283.528673537232,28788.595794547873,29077.306640625,1593912,0.0,0.0
2021-12-02 00:00:00+09:00,28706.108789062502,29695.974609375,28499.886743164065,29695.974609375,1432693,0.0,0.0
2021-12-03 00:00:00+09:00,29943.439366143724,30562.10546875,29572.23970457996,30562.10546875,1446972,0.0,0.0
2021-12-06 00:00:00+09:00,30520.86106190958,30768.327502952092,30108.416993505398,30562.10546875,1008767,0.0,0.0
2021-12-07 00:00:00+09:00,30603.348027030414,30850.814453124996,30438.370409634023,30850.814453125,995132,0.0,0.0
2021-12-08 00:00:00+09:00,30933.3083232773,31263.263612058923,30768.330678886487,30974.552734375,1354958,0.0,0.0
2021-12-09 00:00:00+09:00,30850.82090388446,31098.28738172311,30809.576490911353,31057.04296875,1866503,0.0,0.0
2021-12-10 00:00:00+09:00,30974.550163371314,31057.03897871984,30644.594901977212,30768.328125,800785,0.0,0.0
2021-12-13 00:00:00+09:00,30768.325271647573,31098.28050244272,30520.858848551212,30603.34765625,1042775,0.0,0.0
2021-12-14 00:00:00+09:00,30273.393832955306,30685.837890624996,29943.438586819553,30685.837890625,1500371,0.0,0.0
2021-12-15 00:00:00+09:00,30438.370040852424,30768.325271647573,30273.39242545485,30603.34765625,795570,0.0,0.0
2021-12-16 00:00:00+09:00,30603.353034495674,30974.552734375004,30562.108623397973,30974.552734375,902427,0.0,0.0
2021-12-17 00:00:00+09:00,31098.287206013996,31675.708984374996,30892.065142313637,31675.708984375,1949630,0.0,0.0
2021-12-20 00:00:00+09:00,31386.99690540485,31469.48572775808,31180.77484952177,31263.263671875,941564,0.0,0.0
2021-12-21 00:00:00+09:00,31469.478126032038,31593.211329673053,31222.011718750004,31222.01171875,1189164,0.0,0.0
2021-12-22 00:00:00+09:00,31345.747518864828,31510.725137385172,31222.014304974575,31428.236328125,893619,0.0,0.0
2021-12-23 00:00:00+09:00,31469.477341180096,31469.477341180096,31222.0109400699,31345.744140625,628736,0.0,0.0
2021-12-24 00:00:00+09:00,31304.508083051616,31428.241316581465,31222.019260698384,31263.263671875,829745,0.0,0.0
2021-12-27 00:00:00+09:00,31345.752494228233,31386.99690540485,31139.530438345155,31263.263671875,1110251,0.0,0.0
2021-12-28 00:00:00+09:00,31345.743365006554,31469.476562500004,31098.276970019662,31469.4765625,2101338,0.0,0.0
2021-12-29 00:00:00+09:00,31469.485532699095,31897.641798450102,31341.03865297379,31854.826171875,1831621,1400.0,0.0
2021-12-30 00:00:00+09:00,31640.74962052055,31897.64339281165,31512.302734375,31512.302734375,1306746,0.0,0.0
2022-01-04 00:00:00+09:00,31940.45586249169,32197.349609375,31854.824613530585,32197.349609375,1128934,0.0,0.0
2022-01-05 00:00:00+09:00,32368.612500000003,32497.059375,31940.456250000003,32111.71875,1473096,0.0,0.0
2022-01-06 00:00:00+09:00,32240.164442128855,32411.426935845342,31812.008207837636,31940.455078125,1232985,0.0,0.0
2022-01-07 00:00:00+09:00,31940.45663699369,32240.166015625,31597.931632843625,32240.166015625,1126929,0.0,0.0
2022-01-10 00:00:00+09:00,32368.609435797665,33053.65937094682,32282.97819390402,33010.84375,2619613,0.0,0.0
2022-01-11 00:00:00+09:00,33053.654767628206,33567.4421474359,32968.02353766026,33396.1796875,2213546,0.0,0.0
2022-01-12 00:00:00+09:00,33353.375702633646,34038.42578125,33353.375702633646,34038.42578125,3023937,0.0,0.0
2022-01-13 00:00:00+09:00,34081.24065272497,34124.056281685684,33567.45310519645,33781.53125,1595426,0.0,0.0
2022-01-14 00:00:00+09:00,33610.25860269561,33909.96791507633,33310.549290314884,33653.07421875,1393257,0.0,0.0
2022-01-17 00:00:00+09:00,33738.71408462033,33781.52971163127,32882.401544401546,33267.7421875,1121258,0.0,0.0
2022-01-18 00:00:00+09:00,33353.37031049165,33653.07967143317,33010.84532655848,33310.5546875,1205039,0.0,0.0
2022-01-19 00:00:00+09:00,33310.55625,34124.053125,33182.109375,33824.34375,1881044,0.0,0.0
2022-01-20 00:00:00+09:00,33824.34056862113,33824.34056862113,33182.106254027065,33224.921875,1295859,0.0,0.0
2022-01-21 00:00:00+09:00,32925.215625000004,33610.265625,32711.1375,33610.265625,1271940,0.0,0.0
2022-01-24 00:00:00+09:00,33439.00073846969,33738.710092079535,32497.057055695896,32839.58203125,1097636,0.0,0.0
2022-01-25 00:00:00+09:00,32411.427340641578,32839.583580280174,31769.19298118369,32282.98046875,1305908,0.0,0.0
2022-01-26 00:00:00+09:00,32282.98046875,32282.98046875,32282.98046875,32282.98046875,0,0.0,0.0
2022-01-27 00:00:00+09:00,32968.0328289042,32968.0328289042,31983.273406742126,32625.5078125,3454717,0.0,0.0
2022-01-28 00:00:00+09:00,32839.576914216086,32882.39252948886,32325.789530942824,32668.314453125,1398673,0.0,0.0
2022-02-03 00:00:00+09:00,32539.876538212437,33182.11094357189,32497.060911188473,33053.6640625,1502176,0.0,0.0
2022-02-04 00:00:00+09:00,33053.66555766793,33781.53125,32968.03429974652,33781.53125,1518372,0.0,0.0
2022-02-07 00:00:00+09:00,33867.158596701825,33995.60546875,33567.44922858942,33995.60546875,1277055,0.0,0.0
2022-02-08 00:00:00+09:00,33995.60546875,33995.60546875,33995.60546875,33995.60546875,0,0.0,0.0
2022-02-09 00:00:00+09:00,33995.60546875,33995.60546875,33995.60546875,33995.60546875,0,0.0,0.0
2022-02-10 00:00:00+09:00,34980.361684992284,35237.2554060571,34338.12738233025,34680.65234375,2078068,0.0,0.0
2022-02-11 00:00:00+09:00,34423.76020757299,35194.44140625,34124.05085253193,35194.44140625,2151781,0.0,0.0
2022-02-14 00:00:00+09:00,34894.736739054766,34937.552366955446,34295.317948445234,34595.02734375,1584007,0.0,0.0
2022-02-15 00:00:00+09:00,34680.6554677843,34980.36483602441,34338.13047550989,34637.83984375,1253631,0.0,0.0
2022-02-16 00:00:00+09:00,34937.547673357665,35194.44140625,34637.83831831661,35194.44140625,1407902,0.0,0.0
2022-02-17 00:00:00+09:00,35365.71016098485,35579.788309659096,34980.36949337121,35322.89453125,1472245,0.0,0.0
2022-02-18 00:00:00+09:00,34937.55386363636,35451.34142045455,34809.10697443182,35322.89453125,1080409,0.0,0.0
2022-02-21 00:00:00+09:00,35322.89453125,35322.89453125,35322.89453125,35322.89453125,0,0.0,0.0
2022-02-22 00:00:00+09:00,35322.89453125,35322.89453125,35322.89453125,35322.89453125,0,0.0,0.0
2022-02-23 00:00:00+09:00,35322.89453125,35322.89453125,35322.89453125,35322.89453125,0,0.0,0.0
2022-02-24 00:00:00+09:00,34851.91555433417,34851.91555433417,33824.34064855528,34081.234375,1758982,0.0,0.0
2022-02-25 00:00:00+09:00,33738.70775834403,33867.15461529204,33010.842235638636,33353.3671875,1680980,0.0,0.0
2022-02-28 00:00:00+09:00,33353.3671875,33353.3671875,33353.3671875,33353.3671875,0,0.0,0.0
2022-03-02 00:00:00+09:00,32882.39528795812,33096.47338228076,32582.685955906414,32711.1328125,1603611,0.0,0.0
2022-03-03 00:00:00+09:00,32839.581266212714,33139.290612840465,32796.765645265885,33010.84375,1034752,0.0,0.0
2022-03-04 00:00:00+09:00,33010.84375,33010.84375,33010.84375,33010.84375,0,0.0,0.0
2022-03-07 00:00:00+09:00,32282.982437626008,32368.61369077621,31597.932412424394,31854.826171875,1461888,0.0,0.0
2022-03-08 00:00:00+09:00,31169.775390625,31555.116020454156,31084.144139551856,31169.775390625,1303236,0.0,0.0
2022-03-10 00:00:00+09:00,31169.775390625,31169.775390625,31169.775390625,31169.775390625,0,0.0,0.0
2022-03-11 00:00:00+09:00,31640.742624142404,32026.083197372824,31426.664527903282,31983.267578125,1507994,0.0,0.0
2022-03-14 00:00:00+09:00,31726.3785093999,32325.797266662517,31555.116007324865,32240.166015625,1392866,0.0,0.0
2022-03-15 00:00:00+09:00,32240.166015625,32240.166015625,32240.166015625,32240.166015625,0,0.0,0.0
2022-03-16 00:00:00+09:00,32454.240234375,32625.502715822888,32111.71527147922,32454.240234375,1223813,0.0,0.0
2022-03-17 00:00:00+09:00,32454.240234375,32454.240234375,32454.240234375,32454.240234375,0,0.0,0.0
2022-03-18 00:00:00+09:00,32668.317193635474,32711.132812500004,32282.976623854713,32711.1328125,1570197,0.0,0.0
2022-03-21 00:00:00+09:00,32796.76405022906,32839.57966909359,32539.870337041888,32711.1328125,860733,0.0,0.0
2022-03-22 00:00:00+09:00,32753.9523528343,33267.7398407219,32753.9523528343,33139.29296875,1011346,0.0,0.0
2022-03-23 00:00:00+09:00,33396.18673252519,34124.052340798175,33310.555484493074,33995.60546875,1657155,0.0,0.0
2022-03-24 00:00:00+09:00,33524.63130103643,34595.021827889446,33481.81567996231,34081.234375,1995003,0.0,0.0
2022-03-25 00:00:00+09:00,34338.1328125,34595.02657418953,34124.05467775873,34338.1328125,1436013,0.0,0.0
2022-03-28 00:00:00+09:00,33995.60398608576,35237.25702839872,33995.60398608576,35194.44140625,1806851,0.0,0.0
2022-03-29 00:00:00+09:00,35237.26015341253,35751.04766476241,35194.44452746671,35365.70703125,1650617,0.0,0.0
2022-03-30 00:00:00+09:00,35495.40630688713,35927.749867263345,35106.297102548546,35625.109375,1333623,400.0,0.0
2022-03-31 00:00:00+09:00,35625.109487951806,36014.2186935241,35495.40641942771,35884.515625,1206052,0.0,0.0
2022-04-01 00:00:00+09:00,35192.765907720146,35884.51560615199,35149.53155156816,35841.28125,1069020,0.0,0.0
2022-04-04 00:00:00+09:00,35798.0469126506,35927.7499811747,35581.87513177711,35884.515625,727972,0.0,0.0
2022-04-05 00:00:00+09:00,35754.816130685336,35798.05049118193,34673.957118270424,34933.36328125,1281139,0.0,0.0
2022-04-06 00:00:00+09:00,34501.01596966912,35495.406154258584,34501.01596966912,35279.234375,1649947,0.0,0.0
2022-04-07 00:00:00+09:00,34587.48836848635,35365.706856777295,34587.48836848635,34846.89453125,1234355,0.0,0.0
2022-04-08 00:00:00+09:00,34760.42579580745,35019.83195846273,34587.48835403727,34803.66015625,877310,0.0,0.0
2022-04-11 00:00:00+09:00,34846.89859887606,35581.8828125,34803.66423336877,35581.8828125,1032854,0.0,0.0
2022-04-12 00:00:00+09:00,35538.64448832418,35884.51937385531,35322.472684867214,35408.94140625,1039504,0.0,0.0
2022-04-13 00:00:00+09:00,35322.46859548826,35322.46859548826,34803.65632725587,34976.59375,1148657,0.0,0.0
2022-04-14 00:00:00+09:00,34890.132889187116,35538.648370398776,34803.6641583589,35236.0078125,1293920,0.0,0.0
2022-04-15 00:00:00+09:00,34890.12889171061,35279.23813585608,34717.19144986817,34846.89453125,618344,0.0,0.0
2022-04-18 00:00:00+09:00,34630.718788916565,34933.359277708594,34501.015722291406,34717.1875,336238,0.0,0.0
2022-04-19 00:00:00+09:00,34890.12899273524,35279.23823800738,34803.660271563655,35149.53515625,853181,0.0,0.0
2022-04-20 00:00:00+09:00,34846.89471726191,35798.05065247253,34803.660356570515,35408.94140625,1669191,0.0,0.0
2022-04-21 00:00:00+09:00,35711.57814389359,35884.51556831923,35408.93765114873,35754.8125,1206275,0.0,0.0
2022-04-22 00:00:00+09:00,35322.46923190985,36446.5625,35279.23487544484,36446.5625,1821179,0.0,0.0
2022-04-25 00:00:00+09:00,36187.16021198722,37138.31615543252,35927.75404559304,36360.09765625,2682884,0.0,0.0
2022-04-26 00:00:00+09:00,36576.26540017986,36576.26540017986,35970.984412470025,36057.453125,1118892,0.0,0.0
2022-04-27 00:00:00+09:00,35538.64066292476,35754.81244311286,35106.297102548546,35625.109375,1376465,0.0,0.0
2022-04-28 00:00:00+09:00,35452.179954358064,36705.9765625,35106.305027974086,36705.9765625,1563980,0.0,0.0
2022-04-29 00:00:00+09:00,36057.45329181495,36662.73428232503,36014.21893534994,36446.5625,1069064,0.0,0.0
2022-05-02 00:00:00+09:00,36014.218768735016,36230.39055005995,35625.109562350124,36057.453125,715653,0.0,0.0
2022-05-03 00:00:00+09:00,35668.34390006002,36403.32795618247,35668.34390006002,36014.21875,669404,0.0,0.0
2022-05-04 00:00:00+09:00,36316.859558823526,36749.203125,36014.2190625,36749.203125,967234,0.0,0.0
2022-05-06 00:00:00+09:00,36705.96475129438,36835.66780695266,36014.21512111686,36533.02734375,1142986,0.0,0.0
2022-05-10 00:00:00+09:00,36576.26918909671,36576.26918909671,35452.175809762775,35538.64453125,1259712,0.0,0.0
2022-05-11 00:00:00+09:00,35322.46859548826,35322.46859548826,34760.42197156984,34976.59375,1149131,0.0,0.0
2022-05-12 00:00:00+09:00,34630.71911204268,35884.51543445122,34630.71911204268,35452.171875,1311998,0.0,0.0
2022-05-13 00:00:00+09:00,35798.051030585106,36662.7382535461,35322.47305795656,36576.26953125,1243781,0.0,0.0
2022-05-16 00:00:00+09:00,36360.097739263576,36705.972628578806,36273.62901693477,36619.50390625,877622,0.0,0.0
2022-05-17 00:00:00+09:00,36619.49611678213,36878.90222858933,36360.09000497494,36662.73046875,924490,0.0,0.0
2022-05-18 00:00:00+09:00,36662.738183709866,36835.67562797265,36360.09765625,36360.09765625,975421,0.0,0.0
2022-05-19 00:00:00+09:00,35538.63652679668,35798.0426328317,35149.527367744166,35192.76171875,1732281,0.0,0.0
2022-05-20 00:00:00+09:00,35192.76599970024,36316.85926258993,35192.76599970024,36057.453125,1283629,0.0,0.0
2022-05-23 00:00:00+09:00,36316.867112379805,36316.867112379805,35625.117262620195,35970.9921875,907576,0.0,0.0
2022-05-24 00:00:00+09:00,36187.156305803575,36878.906008184524,36187.156305803575,36316.859375,1276688,0.0,0.0
2022-05-25 00:00:00+09:00,36878.910073236424,36878.910073236424,36316.86337809917,36619.50390625,1281111,0.0,0.0
2022-05-26 00:00:00+09:00,36403.33210042798,36878.910073236424,36187.160294605965,36619.50390625,901178,0.0,0.0
2022-05-27 00:00:00+09:00,36835.6758631993,37138.31639259178,36489.80097246503,37095.08203125,1202202,0.0,0.0
2022-05-30 00:00:00+09:00,37181.54694733796,37570.65615957755,37095.078233506945,37354.484375,981376,0.0,0.0
2022-05-31 00:00:00+09:00,37354.484320557494,37570.65610481998,36792.43768147503,37224.78125,3465092,0.0,0.0
2022-06-02 00:00:00+09:00,37570.65985186688,37570.65985186688,36360.097739263576,36619.50390625,1351812,0.0,0.0
2022-06-03 00:00:00+09:00,36403.33600191402,37138.320220479975,36403.33600191402,36705.9765625,862082,0.0,0.0
2022-06-07 00:00:00+09:00,36489.79668764988,36533.03104391487,35927.75005620503,36057.453125,1178687,0.0,0.0
2022-06-08 00:00:00+09:00,36057.46095619019,36489.80461273924,35927.75785922548,36143.9296875,659863,0.0,0.0
2022-06-09 00:00:00+09:00,36100.68777573529,36749.203125,35970.98470588235,36749.203125,2049638,0.0,0.0
2022-06-10 00:00:00+09:00,36230.390736078196,36576.26558797393,35711.578458234595,36489.796875,1924516,0.0,0.0
2022-06-13 00:00:00+09:00,35625.10912453761,36014.218326140566,35019.828144266336,35063.0625,1147270,0.0,0.0
2022-06-14 00:00:00+09:00,35408.94140625,35408.94140625,34371.316749656595,35408.94140625,1477611,0.0,0.0
2022-06-15 00:00:00+09:00,35106.30471625767,35668.35146664111,34803.6641583589,35236.0078125,1068620,0.0,0.0
2022-06-16 00:00:00+09:00,35884.51525893958,35970.9839704069,35019.828144266336,35063.0625,1238928,0.0,0.0
2022-06-17 00:00:00+09:00,34760.4218164794,35149.5310159176,34241.60955056179,34630.71875,1485752,0.0,0.0
2022-06-20 00:00:00+09:00,34414.546855345914,34933.359119496854,34025.43765723271,34371.3125,995976,0.0,0.0
2022-06-21 00:00:00+09:00,34803.65599352904,34803.65599352904,33982.203243371216,34241.609375,991921,0.0,0.0
2022-06-22 00:00:00+09:00,34284.84350992317,34284.84350992317,32685.17237516005,33766.03125,2298999,0.0,0.0
2022-06-23 00:00:00+09:00,33160.757688327816,33938.97625206954,32555.476583195363,32641.9453125,2335187,0.0,0.0
2022-06-24 00:00:00+09:00,32123.129375605622,33506.628891109496,32079.895015746126,33463.39453125,1292676,0.0,0.0
2022-06-27 00:00:00+09:00,33117.51959212662,33593.09754971591,32641.94163453734,33290.45703125,1384979,0.0,0.0
2022-06-28 00:00:00+09:00,33203.984615384616,33722.796875,32814.875420673074,33722.796875,1762663,0.0,0.0
2022-06-29 00:00:00+09:00,33591.751073315725,33722.79821664465,32936.51535667107,33067.5625,1319026,400.0,0.0
2022-06-30 00:00:00+09:00,32718.103581519907,33111.24501307355,32281.279768682525,32368.64453125,2161589,0.0,0.0
2022-07-01 00:00:00+09:00,32718.104649365105,33417.02277271603,32412.327970399074,33111.24609375,1334004,0.0,0.0
2022-07-04 00:00:00+09:00,32805.46929530201,33111.245973154364,32062.86879194631,32543.375,1275013,0.0,0.0
2022-07-05 00:00:00+09:00,32936.51766714142,33023.88243548928,32193.91713618465,32587.05859375,1190411,0.0,0.0
2022-07-06 00:00:00+09:00,31888.142630465445,32324.966502115658,30883.447725669957,30970.8125,2127220,0.0,0.0
2022-07-07 00:00:00+09:00,30665.031991128744,31189.22057217368,30184.52579183755,30621.349609375,2023903,0.0,0.0
2022-07-08 00:00:00+09:00,30621.355072737068,31800.77959051724,30402.943124999998,31669.732421875,1698774,0.0,0.0
2022-07-11 00:00:00+09:00,31363.94995968445,31800.773775278944,31145.538051887204,31320.267578125,1153210,0.0,0.0
2022-07-12 00:00:00+09:00,31014.494601474722,31276.588922050563,30752.400280898877,31101.859375,1215464,0.0,0.0
2022-07-13 00:00:00+09:00,31494.996054235908,31494.996054235908,30228.20703125,30228.20703125,1661660,0.0,0.0
2022-07-14 00:00:00+09:00,30184.523744829963,30315.570881204043,29616.65282054228,29704.017578125,1855853,0.0,0.0
2022-07-15 00:00:00+09:00,29179.83203125,29529.291097492514,28393.549132204338,29179.83203125,1783607,0.0,0.0
2022-07-18 00:00:00+09:00,29747.70396205357,30577.669270833332,29572.974423363095,30271.892578125,1372194,0.0,0.0
2022-07-19 00:00:00+09:00,30184.524651147036,30752.395592485547,30009.795130735187,30228.20703125,818629,0.0,0.0
2022-07-20 00:00:00+09:00,30752.395218002814,31451.313291139242,30621.348079289735,31058.171875,1712917,0.0,0.0
2022-07-21 00:00:00+09:00,30665.031854733264,31451.31472280335,30402.93756537657,31320.267578125,1127718,0.0,0.0
2022-07-22 00:00:00+09:00,30708.713306999474,31276.584250087657,30665.03092676192,31145.537109375,1188819,0.0,0.0
2022-07-25 00:00:00+09:00,31232.906426323785,31975.506998697918,31101.859266493055,31451.318359375,1708877,0.0,0.0
2022-07-26 00:00:00+09:00,31276.584724650347,31451.314248251747,31101.85520104895,31232.90234375,1000911,0.0,0.0
2022-07-27 00:00:00+09:00,30839.76044771213,31363.949010562763,30796.078067474577,31145.537109375,969971,0.0,0.0
2022-07-28 00:00:00+09:00,31058.17550223214,31582.36411830357,30927.128348214283,31189.22265625,922485,0.0,0.0
2022-07-29 00:00:00+09:00,31538.68173363095,31582.36411830357,31145.540271577378,31189.22265625,1178067,0.0,0.0
2022-08-01 00:00:00+09:00,31189.22057217368,31232.902953927423,30446.62008236002,30621.349609375,1387853,0.0,0.0
2022-08-02 00:00:00+09:00,30839.761991020627,30927.12675586771,30490.302931632294,30708.71484375,932751,0.0,0.0
2022-08-03 00:00:00+09:00,30577.668162677306,30796.080078125,30533.985779587765,30796.080078125,644795,0.0,0.0
2022-08-04 00:00:00+09:00,30796.082951339915,30970.8125,30665.035789844853,30970.8125,803106,0.0,0.0
2022-08-05 00:00:00+09:00,31101.855670327757,31713.409012160042,30970.80852564941,31320.267578125,1255780,0.0,0.0
2022-08-08 00:00:00+09:00,31101.854202885952,31407.630859375,30927.12468489221,31407.630859375,1891553,0.0,0.0
2022-08-09 00:00:00+09:00,31495.000461942425,31757.094779240146,31363.95330329357,31582.365234375,941358,0.0,0.0
2022-08-10 00:00:00+09:00,31320.266364241445,31582.36064344012,30839.760185710544,31276.583984375,1391996,0.0,0.0
2022-08-11 00:00:00+09:00,31582.364951898246,31757.09449520059,31363.953022770318,31713.412109375,2699201,0.0,0.0
2022-08-12 00:00:00+09:00,31800.76807046399,32193.909433972472,31451.30908067867,31538.673828125,1182064,0.0,0.0
2022-08-16 00:00:00+09:00,31844.455676354894,31888.138057255244,31145.5375819493,31232.90234375,1171074,0.0,0.0
2022-08-17 00:00:00+09:00,31363.952843273233,31713.411927877947,31320.270457697643,31495.0,841880,0.0,0.0
2022-08-18 00:00:00+09:00,31276.584518045773,31494.99642110475,31014.490234375,31014.490234375,894130,0.0,0.0
2022-08-19 00:00:00+09:00,31058.17550223214,31276.587425595237,30883.445963541664,31189.22265625,751550,0.0,0.0
2022-08-22 00:00:00+09:00,31014.494887165023,31058.177274330043,30402.941466854725,30970.8125,908503,0.0,0.0
2022-08-23 00:00:00+09:00,30708.712627810728,30970.80690343927,30665.030248539304,30839.759765625,1069037,0.0,0.0
2022-08-24 00:00:00+09:00,31014.48534344702,31669.720949294493,30883.438222277528,31538.673828125,1166890,0.0,0.0
2022-08-25 00:00:00+09:00,31626.04511745542,32019.186562285664,31538.680351937583,31844.45703125,946515,0.0,0.0
2022-08-26 00:00:00+09:00,31844.45656110299,31975.50370744498,31582.362268419016,31757.091796875,826015,0.0,0.0
2022-08-29 00:00:00+09:00,31276.584518045773,31363.949279269364,30839.760711927815,31014.490234375,680488,0.0,0.0
2022-08-30 00:00:00+09:00,31189.220433446655,31494.9971043628,30927.12614408996,31320.267578125,603005,0.0,0.0
2022-08-31 00:00:00+09:00,30927.124839907785,31975.501953125,30752.39532103825,31975.501953125,1964776,0.0,0.0
2022-09-01 00:00:00+09:00,31363.95037719377,31800.774198603154,30490.302734375,30490.302734375,1620842,0.0,0.0
2022-09-02 00:00:00+09:00,30533.983691970734,30621.348452176662,30053.477510838147,30228.20703125,1127496,0.0,0.0
2022-09-05 00:00:00+09:00,30402.93628597122,30796.07770346223,30184.524387365105,30359.25390625,838630,0.0,0.0
2022-09-06 00:00:00+09:00,30402.939732142855,30533.986886160714,30053.480654761905,30271.892578125,644104,0.0,0.0
2022-09-07 00:00:00+09:00,30009.796404539233,30097.16116845347,29529.29020301095,29922.431640625,1356817,0.0,0.0
2022-09-08 00:00:00+09:00,30315.572937098786,30621.349609375,29922.431501315084,30621.349609375,1569347,0.0,0.0
2022-09-13 00:00:00+09:00,30839.764946831598,31538.683132595488,30839.764946831598,31451.318359375,1650675,0.0,0.0
2022-09-14 00:00:00+09:00,30621.352208024364,31276.58798993644,30621.352208024364,30927.12890625,851551,0.0,0.0
2022-09-15 00:00:00+09:00,30927.124945443436,31626.043023306564,30752.395425977655,31276.583984375,891670,0.0,0.0
2022-09-16 00:00:00+09:00,31058.17062097406,31407.629643432276,30927.123487552228,31363.947265625,1193852,0.0,0.0
2022-09-19 00:00:00+09:00,31407.626706955503,31582.356201848164,31232.897212062846,31538.673828125,850578,0.0,0.0
2022-09-20 00:00:00+09:00,31582.365130172708,32062.871376966483,31538.682744100548,31931.82421875,1504218,0.0,0.0
2022-09-21 00:00:00+09:00,31626.047620591286,32062.871482754148,31495.000461942425,31582.365234375,858614,0.0,0.0
2022-09-22 00:00:00+09:00,31451.317614424413,31538.68238557559,31014.493758668516,31495.0,1021262,0.0,0.0
2022-09-23 00:00:00+09:00,31713.40834848613,32281.279296874996,31363.949303323745,32281.279296875,1306358,0.0,0.0
2022-09-26 00:00:00+09:00,32106.54799659653,32150.230374823193,30796.076649796676,30883.44140625,1722086,0.0,0.0
2022-09-27 00:00:00+09:00,31145.542578124998,31320.272129755434,29791.38855298913,30140.84765625,1746434,0.0,0.0
2022-09-28 00:00:00+09:00,29878.749258667885,30097.16116845347,28917.736855611314,29922.431640625,1485322,0.0,0.0
2022-09-29 00:00:00+09:00,30276.022130671463,31027.39786238156,30231.82355821793,30320.220703125,1264930,400.0,0.0
2022-09-30 00:00:00+09:00,30585.409526585823,30673.806663945896,29613.041015625,29613.041015625,1565312,0.0,0.0
2022-10-04 00:00:00+09:00,29878.23559782609,30806.40563858696,29789.83845108696,30497.015625,1243250,0.0,0.0
2022-10-05 00:00:00+09:00,30850.599609375,31248.38671035548,30497.01107517013,30850.599609375,1503501,0.0,0.0
2022-10-06 00:00:00+09:00,30850.59895082853,31027.39321415706,30585.407555835733,30673.8046875,808942,0.0,0.0
2022-10-07 00:00:00+09:00,30452.81568174806,31513.58139490039,30408.617110366715,31336.787109375,1326992,0.0,0.0
2022-10-11 00:00:00+09:00,31027.39848823052,31248.391354955806,30364.419888054654,30629.611328125,1039952,0.0,0.0
2022-10-12 00:00:00+09:00,30452.817001408264,31027.39845426502,30364.419854814914,30894.802734375,961871,0.0,0.0
2022-10-13 00:00:00+09:00,30762.202475823782,31380.982410682307,30718.003909048173,30850.599609375,1458407,0.0,0.0
2022-10-14 00:00:00+09:00,31336.784505208332,32043.961588541664,31292.585937499996,31557.77734375,1159668,0.0,0.0
2022-10-17 00:00:00+09:00,31734.56644941298,32220.750615072513,31646.169328383978,31999.7578125,1235983,0.0,0.0
2022-10-18 00:00:00+09:00,32530.14387755102,32662.739572704082,32088.158227040818,32485.9453125,972695,0.0,0.0
2022-10-19 00:00:00+09:00,32751.140625,33281.523469129555,32662.74348431174,32751.140625,1229432,0.0,0.0
2022-10-20 00:00:00+09:00,32618.548226957933,32662.74680179121,32088.165328958617,32309.158203125,1691794,0.0,0.0
2022-10-21 00:00:00+09:00,32043.960290040406,32353.350251461485,31557.776064950136,32132.357421875,1474389,0.0,0.0
2022-10-24 00:00:00+09:00,32088.160156249996,32441.748697916664,31292.585937499996,31557.77734375,1346347,0.0,0.0
2022-10-25 00:00:00+09:00,31734.572265625,32088.160814545612,31380.983716704384,31734.572265625,1254987,0.0,0.0
2022-10-26 00:00:00+09:00,31646.176462765958,31999.765026595745,30938.999335106382,31159.9921875,1582430,0.0,0.0
2022-10-27 00:00:00+09:00,31469.379563630042,31822.96809805285,31336.783863221488,31778.76953125,1176758,0.0,0.0
2022-10-28 00:00:00+09:00,31822.966828893444,32397.548174415133,31557.775438652665,32353.349609375,1227753,0.0,0.0
2022-10-31 00:00:00+09:00,32574.350349195076,32751.14465231147,31911.37171250861,32088.166015625,1287062,0.0,0.0
2022-11-01 00:00:00+09:00,32441.750664437583,32795.33922753772,32088.162101337446,32220.7578125,961430,0.0,0.0
2022-11-02 00:00:00+09:00,31867.171229383683,32043.965521918406,31646.17836371528,31822.97265625,1462432,0.0,0.0
2022-11-03 00:00:00+09:00,31292.583992616037,31646.172512306613,30718.002648118847,31425.1796875,1708995,0.0,0.0
2022-11-04 00:00:00+09:00,31425.182288024476,31822.969405594406,31248.38801354895,31601.9765625,1173946,0.0,0.0
2022-11-07 00:00:00+09:00,32088.158219134224,32353.349609375,31646.172568732924,32353.349609375,1114681,0.0,0.0
2022-11-08 00:00:00+09:00,32662.74680179121,32706.945376624488,31867.172454792235,32309.158203125,1105671,0.0,0.0
2022-11-09 00:00:00+09:00,32618.541684074196,33237.32160762032,32353.350288268713,33060.52734375,1671055,0.0,0.0
2022-11-10 00:00:00+09:00,32706.936896637817,33193.12109375,32662.73833326398,33193.12109375,1606428,0.0,0.0
2022-11-11 00:00:00+09:00,33635.11402154738,33767.70974042339,32795.34113533266,32883.73828125,1577911,0.0,0.0
2022-11-14 00:00:00+09:00,32795.33399748322,33148.92250419463,32706.936870805366,32927.9296875,1085388,0.0,0.0
2022-11-15 00:00:00+09:00,33104.73185132897,33104.73185132897,32309.15752112347,32530.150390625,900979,0.0,0.0
2022-11-16 00:00:00+09:00,32441.75326142565,32706.944704979534,31999.767522169168,32397.5546875,1220113,0.0,0.0
2022-11-17 00:00:00+09:00,32530.143828451884,32530.143828451884,31690.37109375,31690.37109375,990634,0.0,0.0
2022-11-18 00:00:00+09:00,31734.57740939222,32397.556046078687,31425.187378938535,32088.166015625,1006998,0.0,0.0
2022-11-21 00:00:00+09:00,32132.35353702911,32397.54490047089,31911.360734160957,32264.94921875,481017,0.0,0.0
2022-11-22 00:00:00+09:00,31999.764960562414,32309.154953275032,31955.566390174896,32220.7578125,553472,0.0,0.0
2022-11-23 00:00:00+09:00,32220.757163246908,32353.352871737636,31867.168607271633,32176.55859375,843129,0.0,0.0
2022-11-24 00:00:00+09:00,32176.559210526317,32751.140625,32132.36064018219,32751.140625,844448,0.0,0.0
2022-11-25 00:00:00+09:00,32883.73967595759,32972.13682562415,32264.959628291723,32309.158203125,719528,0.0,0.0
2022-11-28 00:00:00+09:00,32220.761742962295,32309.15889452049,31867.173136729514,32088.166015625,646740,0.0,0.0
2022-11-29 00:00:00+09:00,32220.75395331325,33148.923820281125,31999.76112784471,33016.328125,966400,0.0,0.0
2022-11-30 00:00:00+09:00,33016.330078125,33679.30859375,32795.33723958333,33679.30859375,1933239,0.0,0.0
2022-12-01 00:00:00+09:00,33856.10611554759,34032.900403357235,33590.914683833114,33900.3046875,1095794,0.0,0.0
2022-12-02 00:00:00+09:00,33546.712890625,33900.301432291664,33369.918619791664,33679.30859375,1483486,0.0,0.0
2022-12-05 00:00:00+09:00,33502.51173920157,33900.29881789922,33237.32035340314,33767.703125,940467,0.0,0.0
2022-12-06 00:00:00+09:00,33679.30597584103,34032.894490023085,33458.31315447724,33502.51171875,1030282,0.0,0.0
2022-12-07 00:00:00+09:00,33502.51101090604,33502.51101090604,32883.73112416107,32927.9296875,1102976,0.0,0.0
2022-12-08 00:00:00+09:00,33104.72590971758,33369.91730552306,32706.938816009355,33060.52734375,2489635,0.0,0.0
2022-12-09 00:00:00+09:00,33325.718760279604,34165.49151418586,33237.32162828947,33590.91015625,2078940,0.0,0.0
2022-12-12 00:00:00+09:00,33590.912743506495,34253.891284496756,33458.31703530844,34032.8984375,994927,0.0,0.0
2022-12-13 00:00:00+09:00,33988.701831404825,34165.49611921448,33546.716111880705,33900.3046875,987143,0.0,0.0
2022-12-14 00:00:00+09:00,34121.29757309461,34121.29757309461,33458.31899330651,33635.11328125,980637,0.0,0.0
2022-12-15 00:00:00+09:00,33458.31444794429,33590.91014588859,33060.52735411141,33325.71875,694546,0.0,0.0
2022-12-16 00:00:00+09:00,32972.13475258678,33237.32618491322,32883.737608477975,33104.73046875,881055,0.0,0.0
2022-12-19 00:00:00+09:00,32972.131510416664,33502.514322916664,32972.131510416664,33148.92578125,767843,0.0,0.0
2022-12-20 00:00:00+09:00,33325.72005208333,33679.30859375,33193.12434895833,33414.1171875,579403,0.0,0.0
2022-12-21 00:00:00+09:00,33679.310554594864,33811.90626543972,33369.92056262352,33546.71484375,538059,0.0,0.0
2022-12-22 00:00:00+09:00,33458.31315447724,33502.51171875,33016.327511749674,33502.51171875,932697,0.0,0.0
2022-12-23 00:00:00+09:00,33502.51103736684,33679.30529086218,33104.723967002334,33193.12109375,628655,0.0,0.0
2022-12-26 00:00:00+09:00,33193.12829196068,33281.52543787802,32839.539708291326,32883.73828125,665781,0.0,0.0
2022-12-27 00:00:00+09:00,33148.927079870344,33369.91992706948,32839.53709379156,33237.32421875,1464084,0.0,0.0
2022-12-28 00:00:00+09:00,33205.65516734854,33205.65516734854,32346.108235223714,32481.826171875,1262904,865.0,0.0
2022-12-29 00:00:00+09:00,32119.90850275213,32481.82296475497,31848.47265625,31848.47265625,1032343,0.0,0.0
2023-01-02 00:00:00+09:00,32119.911454537174,32165.15076644497,31034.16796875,31034.16796875,660649,0.0,0.0
2023-01-03 00:00:00+09:00,31396.081713169646,31893.714132254467,30898.44929408482,31667.517578125,863125,0.0,0.0
2023-01-04 00:00:00+09:00,31577.043151184753,32979.46197308551,31531.803834349244,32934.22265625,1087924,0.0,0.0
2023-01-05 00:00:00+09:00,33477.09749287072,35920.02082343156,33477.09749287072,35693.82421875,3871736,0.0,0.0
2023-01-06 00:00:00+09:00,36010.49517010468,36915.28148091133,35377.14475254003,36734.32421875,2806312,0.0,0.0
2023-01-09 00:00:00+09:00,37096.232090303594,37141.47139773079,35920.010097196406,36508.12109375,1983917,0.0,0.0
2023-01-10 00:00:00+09:00,36327.164286942236,37096.2325221577,35920.01051535758,37005.75390625,1940122,0.0,0.0
2023-01-11 00:00:00+09:00,37005.7608203125,37005.7608203125,35829.53859375,36191.453125,1389565,0.0,0.0
2023-01-12 00:00:00+09:00,36281.93072136392,36553.36661204744,36055.73414579432,36236.69140625,1231244,0.0,0.0
2023-01-13 00:00:00+09:00,36236.69028813946,37412.912444808164,35739.05783724117,37141.4765625,1631414,0.0,0.0
2023-01-16 00:00:00+09:00,37639.10702054795,39720.11534139555,37458.14977525685,39629.63671875,3988771,0.0,0.0
2023-01-17 00:00:00+09:00,39358.203350534066,39720.1178641022,39132.00677955399,39177.24609375,2079236,0.0,0.0
2023-01-18 00:00:00+09:00,39041.52883489461,39041.52883489461,38136.742535128804,38634.375,2108358,0.0,0.0
2023-01-19 00:00:00+09:00,38498.654404998524,38634.37234062132,38181.97922187868,38408.17578125,1198094,0.0,0.0
2023-01-20 00:00:00+09:00,38634.37432339781,39267.72472214203,38408.17775241772,39177.24609375,1382953,0.0,0.0
2023-01-25 00:00:00+09:00,39810.59662315551,39946.31456618899,39312.96416536606,39855.8359375,1261,0.0,0.0
2023-01-26 00:00:00+09:00,39855.83786887528,40624.90625,39584.40196965479,40624.90625,756,0.0,0.0
2023-01-27 00:00:00+09:00,39946.314917320626,40489.18669422645,39810.596973094165,40353.46875,606,0.0,0.0
2023-01-30 00:00:00+09:00,40036.79434357542,40082.03365921788,39041.52939944134,40489.1875,2360,0.0,0.0
2023-01-31 00:00:00+09:00,38770.08941925578,39132.00390625,37322.4314712789,39132.00390625,2986,0.0,0.0
2023-02-01 00:00:00+09:00,37639.107479387516,38408.17578125,37639.107479387516,38408.17578125,671,0.0,0.0
2023-02-02 00:00:00+09:00,38136.742060122284,38181.9813745471,37186.71645720109,37458.15234375,4383,0.0,0.0
2023-02-03 00:00:00+09:00,37367.67349008414,38272.45977313702,37005.758976862984,37639.109375,896,0.0,0.0
2023-02-06 00:00:00+09:00,36870.040023822025,37503.39040459934,36598.604146346035,37684.34765625,763,0.0,0.0
2023-02-07 00:00:00+09:00,36824.798722809435,37322.43113798254,36508.12354951746,36915.27734375,5820,0.0,0.0
2023-02-08 00:00:00+09:00,37322.43520137636,38679.61466324459,37141.47793979393,37593.87109375,2542,0.0,0.0
2023-02-09 00:00:00+09:00,37277.19588598075,37955.785616914865,36055.73437029934,37593.87109375,12685,0.0,0.0
2023-02-10 00:00:00+09:00,36462.8868567296,37231.95518993605,36327.168915575516,37141.4765625,939,0.0,0.0
2023-02-13 00:00:00+09:00,37231.95251704197,37684.34562174479,36779.55941233916,36915.27734375,2446,0.0,0.0
2023-02-14 00:00:00+09:00,37096.24316777567,37277.20045152091,35648.58489781369,35693.82421875,5445,0.0,0.0
2023-02-15 00:00:00+09:00,35558.10404689553,35603.343365021356,34246.163821246715,34427.12109375,3213,0.0,0.0
2023-02-16 00:00:00+09:00,34517.594997114116,34653.31293288258,33884.24463019459,34291.3984375,4359,0.0,0.0
2023-02-17 00:00:00+09:00,34291.39699111799,35241.42250142601,34155.679061073984,34698.55078125,2711,0.0,0.0
2023-02-20 00:00:00+09:00,34789.031838957795,35241.424970803804,34427.117333480994,35105.70703125,1683,0.0,0.0
2023-02-21 00:00:00+09:00,35105.713548335465,35648.58540733034,34924.75626200384,35331.91015625,321,0.0,0.0
2023-02-22 00:00:00+09:00,35241.42354765013,35467.62010443864,34653.3125,34653.3125,2146,0.0,0.0
2023-02-23 00:00:00+09:00,34879.51355312096,35467.62467658473,34698.55628436287,34969.9921875,632,0.0,0.0
2023-02-24 00:00:00+09:00,34743.7935483871,35512.86189516129,34698.554233870964,35060.46875,317,0.0,0.0
2023-02-27 00:00:00+09:00,34969.9884996749,35331.90299902471,34562.834687906376,34789.03125,1084391,0.0,0.0
2023-02-28 00:00:00+09:00,34743.79150579151,35286.6632480695,34743.79150579151,35150.9453125,1507797,0.0,0.0
2023-03-02 00:00:00+09:00,34834.266412466844,35150.94156167108,34019.95888594164,34110.4375,2032494,0.0,0.0
2023-03-03 00:00:00+09:00,34110.44311951754,34427.118320892376,33522.33203125,33522.33203125,1495245,0.0,0.0
2023-03-06 00:00:00+09:00,33612.810660214236,33839.007232624834,33115.17820091093,33522.33203125,1613174,0.0,0.0
2023-03-07 00:00:00+09:00,33386.61535113791,33658.05124830163,33024.70082158628,33296.13671875,1493635,0.0,0.0
2023-03-08 00:00:00+09:00,33567.56889301571,34019.962004781424,33069.93647007343,33115.17578125,1721848,0.0,0.0
2023-03-09 00:00:00+09:00,33115.17992359203,33658.051725618134,32934.22265625,32934.22265625,2498303,0.0,0.0
2023-03-10 00:00:00+09:00,32572.304905726254,32617.54421809532,32029.433157297484,32391.34765625,1933663,0.0,0.0
2023-03-13 00:00:00+09:00,32300.869728458736,32708.02354856536,31757.997968316573,32617.544921875,1243036,0.0,0.0
2023-03-14 00:00:00+09:00,32074.673241074608,32481.82706218839,31667.519419960827,31757.998046875,1581214,0.0,0.0
2023-03-15 00:00:00+09:00,32165.150498060648,32617.54361336389,31757.99669428773,32074.671875,1361596,0.0,0.0
2023-03-16 00:00:00+09:00,31667.51717842888,31803.235109193578,31079.4061451152,31169.884765625,2049117,0.0,0.0
2023-03-17 00:00:00+09:00,31350.845819012302,31712.760345061506,31034.170608719247,31260.3671875,2886686,0.0,0.0
2023-03-20 00:00:00+09:00,30898.44960712356,31803.235832807997,30627.013739418227,31396.08203125,1474283,0.0,0.0
2023-03-21 00:00:00+09:00,31305.60797791488,31938.95842833512,31215.129342140557,31622.283203125,1645690,0.0,0.0
2023-03-22 00:00:00+09:00,32300.868432651623,32436.586367242595,31893.7146288787,32074.671875,1548154,0.0,0.0
2023-03-23 00:00:00+09:00,31712.75515187937,32527.062702141608,31667.515843531466,32346.10546875,1471917,0.0,0.0
2023-03-24 00:00:00+09:00,31893.717608086106,31893.717608086106,31260.3671875,31260.3671875,1856734,0.0,0.0
2023-03-27 00:00:00+09:00,31350.845473345587,31712.759995404413,31169.888212316175,31531.802734375,1092755,0.0,0.0
2023-03-28 00:00:00+09:00,32391.346520775383,32708.021696257823,31984.19272372653,32527.064453125,1523706,0.0,0.0
2023-03-29 00:00:00+09:00,32572.30252935083,32798.499074693544,32346.105984008114,32753.259765625,1045362,0.0,0.0
2023-03-30 00:00:00+09:00,33005.741569845086,33051.64663461538,32087.640274439105,32225.35546875,1547328,525.0,0.0
2023-03-31 00:00:00+09:00,31904.01624104933,32546.687071804277,31720.39600369077,32454.876953125,1636843,0.0,0.0
2023-04-03 00:00:00+09:00,32271.25919184153,32363.06931756512,31720.3984375,31720.3984375,1571580,0.0,0.0
2023-04-04 00:00:00+09:00,31904.023117998753,32271.263671875,31766.307910295163,32271.263671875,975943,0.0,0.0
2023-04-05 00:00:00+09:00,32317.1604850214,32454.875657542798,31995.82508247147,32179.4453125,728126,0.0,0.0
2023-04-06 00:00:00+09:00,32133.543925382655,32317.164176384842,31490.873046875,31490.873046875,1246435,0.0,0.0
2023-04-07 00:00:00+09:00,31536.77675333542,32133.542543427648,31490.871692559096,32041.732421875,799714,0.0,0.0
2023-04-10 00:00:00+09:00,31766.30350036179,32179.449066117944,31674.493374638205,31720.3984375,928680,0.0,0.0
2023-04-11 00:00:00+09:00,31766.303920905484,31995.829238253067,31582.683667027417,31812.208984375,917570,0.0,0.0
2023-04-12 00:00:00+09:00,31812.208218885087,32133.543655439484,31674.493031790345,31858.11328125,1045551,0.0,0.0
2023-04-13 00:00:00+09:00,31674.491935664395,32041.732421875,31490.871692559096,32041.732421875,1634225,0.0,0.0
2023-04-14 00:00:00+09:00,32133.541537747526,32730.307309162836,32087.636478407883,32454.876953125,1510047,0.0,0.0
2023-04-17 00:00:00+09:00,32776.212032350355,33005.73732669454,32408.97156139965,32592.591796875,1005738,0.0,0.0
2023-04-18 00:00:00+09:00,32684.403789893615,32684.403789893615,32179.44811336436,32363.068359375,963786,0.0,0.0
2023-04-19 00:00:00+09:00,32408.97316576087,32959.83389945652,32363.068104619564,32730.30859375,1074675,0.0,0.0
2023-04-20 00:00:00+09:00,32546.690361681758,32959.8359375,32408.97516974234,32959.8359375,902869,0.0,0.0
2023-04-21 00:00:00+09:00,32868.02462517434,32959.83474982566,32592.594251220362,32913.9296875,853429,0.0,0.0
2023-04-24 00:00:00+09:00,32913.927546521394,33051.64272454031,32363.06683444572,32454.876953125,1125144,0.0,0.0
2023-04-25 00:00:00+09:00,32638.498471467392,33143.454144021736,32454.878226902176,32730.30859375,950942,0.0,0.0
2023-04-26 00:00:00+09:00,32546.687071804277,32638.49719048356,31949.921300388967,32454.876953125,885126,0.0,0.0
2023-04-27 00:00:00+09:00,32133.542543427648,32363.067847309274,31720.396996440722,32041.732421875,1092393,0.0,0.0
2023-04-28 00:00:00+09:00,32087.638671874996,32684.404484084404,31949.923484442057,32087.638671875,2038028,0.0,0.0
2023-05-02 00:00:00+09:00,32041.73376344323,32546.689453125,31995.828700744885,32546.689453125,874115,0.0,0.0
2023-05-03 00:00:00+09:00,32225.35146722561,32271.256526295732,31949.921112804877,31995.826171875,671463,0.0,0.0
2023-05-04 00:00:00+09:00,31766.299794935807,32271.255427514265,31720.394737428673,32179.4453125,698652,0.0,0.0
2023-05-08 00:00:00+09:00,32408.97165646853,33051.64248251748,32408.97165646853,32822.1171875,956097,0.0,0.0
2023-05-09 00:00:00+09:00,32546.689873417723,32776.215189873416,32363.069620253165,32638.5,782621,0.0,0.0
2023-05-10 00:00:00+09:00,32408.976439026577,32546.691636359552,31766.305518139365,31949.92578125,1284505,0.0,0.0
2023-05-11 00:00:00+09:00,32133.542293732295,32913.928320865794,32087.63723331268,32408.97265625,1275037,0.0,0.0
2023-05-12 00:00:00+09:00,32225.35455560065,32454.879872948233,31720.398857435965,31812.208984375,2120930,0.0,0.0
2023-05-15 00:00:00+09:00,31949.918727517983,31949.918727517983,31582.678282374098,31904.013671875,1242138,0.0,0.0
2023-05-16 00:00:00+09:00,31904.018688947177,32225.35412897974,31674.493374638205,31720.3984375,1351786,0.0,0.0
2023-05-17 00:00:00+09:00,31674.496505825507,31995.831977623737,31582.686371026015,31766.306640625,1446523,0.0,0.0
2023-05-18 00:00:00+09:00,31995.827361098673,32179.447604203975,31858.112178769697,32041.732421875,1022660,0.0,0.0
2023-05-19 00:00:00+09:00,31995.82862437855,32363.06912508878,31949.923561789776,32317.1640625,1025813,0.0,0.0
2023-05-22 00:00:00+09:00,32271.257474991147,32684.403018767705,32271.257474991147,32408.97265625,1045023,0.0,0.0
2023-05-23 00:00:00+09:00,32592.593666888297,32684.403789893615,32363.068359375,32363.068359375,755032,0.0,0.0
2023-05-24 00:00:00+09:00,32363.073854608054,32546.694131797318,32225.358646716104,32500.7890625,744767,0.0,0.0
2023-05-25 00:00:00+09:00,32225.355050223214,32408.97530691964,32041.734793526783,32133.544921875,1042892,0.0,0.0
2023-05-26 00:00:00+09:00,31995.830847027657,32317.166307471263,31949.92578125,31949.92578125,955710,0.0,0.0
2023-05-30 00:00:00+09:00,32087.63874955611,32546.689375443893,31904.018499200996,32317.1640625,1499363,0.0,0.0
2023-05-31 00:00:00+09:00,32179.4453125,32776.211060092726,32179.4453125,32179.4453125,5709393,0.0,0.0
2023-06-01 00:00:00+09:00,32317.163904899135,32454.879091993877,31858.11328125,31858.11328125,973040,0.0,0.0
2023-06-02 00:00:00+09:00,32041.73360939735,32271.258921785586,31949.923484442057,32087.638671875,880864,0.0,0.0
2023-06-05 00:00:00+09:00,32408.973420877657,32684.403789893615,32363.068359375,32363.068359375,993366,0.0,0.0
2023-06-07 00:00:00+09:00,32776.21468838779,32776.21468838779,32317.1640625,32317.1640625,1198792,0.0,0.0
2023-06-08 00:00:00+09:00,32363.067595830384,32500.782777089236,32179.447354151915,32408.97265625,1325381,0.0,0.0
2023-06-09 00:00:00+09:00,32500.780593487394,32822.11599483543,32454.87553615196,32776.2109375,1058322,0.0,0.0
2023-06-12 00:00:00+09:00,32822.118974401594,32913.929097406915,32271.25823636968,32363.068359375,851429,0.0,0.0
2023-06-13 00:00:00+09:00,32408.970600035664,32454.875657542798,32087.635197485735,32179.4453125,1160114,0.0,0.0
2023-06-14 00:00:00+09:00,32087.64097858297,32133.54604436063,31766.305518139365,31949.92578125,1023378,0.0,0.0
2023-06-15 00:00:00+09:00,32041.735912805314,32133.54604436063,31858.115649694682,31949.92578125,966209,0.0,0.0
2023-06-16 00:00:00+09:00,32179.45111013829,32363.07137324892,31858.115649694682,31949.92578125,1931552,0.0,0.0
2023-06-19 00:00:00+09:00,31949.923751808972,32041.73387753256,31674.493374638205,31720.3984375,847961,0.0,0.0
2023-06-20 00:00:00+09:00,31720.401573225256,31949.92691022399,31674.496505825507,31766.306640625,588962,0.0,0.0
2023-06-21 00:00:00+09:00,31812.211236884123,31812.211236884123,31444.970703124996,31444.970703125,803220,0.0,0.0
2023-06-22 00:00:00+09:00,31582.678282374098,31904.013671875,31399.058059802155,31904.013671875,747096,0.0,0.0
2023-06-23 00:00:00+09:00,31674.495679278705,31858.11594408612,31536.780480673144,31582.685546875,659800,0.0,0.0
2023-06-26 00:00:00+09:00,31582.683667027417,31995.829238253067,31444.968476618866,31812.208984375,711437,0.0,0.0
2023-06-27 00:00:00+09:00,31858.114047844516,31949.924174783548,31490.87354008838,31812.208984375,825040,0.0,0.0
2023-06-28 00:00:00+09:00,31858.11328125,32041.733530709655,31720.39809415526,31858.11328125,1090326,0.0,0.0
2023-06-29 00:00:00+09:00,32021.247109259602,32161.07788266248,31555.14453125,31555.14453125,990007,525.0,0.0
2023-06-30 00:00:00+09:00,31881.41760110294,32114.468899356616,31601.75604319853,31694.9765625,745183,0.0,0.0
2023-07-03 00:00:00+09:00,31788.19799026268,32161.080078125,31788.19799026268,32161.080078125,736995,0.0,0.0
2023-07-04 00:00:00+09:00,32021.248565226357,32161.07934498717,31788.197265625,31788.197265625,628623,0.0,0.0
2023-07-05 00:00:00+09:00,31834.81181712963,32114.47341435185,31368.709155092594,31461.9296875,1032890,0.0,0.0
2023-07-06 00:00:00+09:00,31461.928467166224,31461.928467166224,30716.164236833396,30809.384765625,1322547,0.0,0.0
2023-07-07 00:00:00+09:00,30669.55003605769,30716.160294471152,30203.447451923075,30296.66796875,1190725,0.0,0.0
2023-07-10 00:00:00+09:00,30855.99540089832,30949.2159308104,30296.67222142584,30483.11328125,1186474,0.0,0.0
2023-07-11 00:00:00+09:00,31135.654824189292,31275.485609327865,30716.162468773568,30902.603515625,850131,0.0,0.0
2023-07-12 00:00:00+09:00,31042.436609820088,31182.26740535982,30576.333958020987,31089.046875,956132,0.0,0.0
2023-07-13 00:00:00+09:00,31322.09820089955,31601.75979197901,31089.046875,31089.046875,1362474,0.0,0.0
2023-07-14 00:00:00+09:00,31322.09466642229,32021.248565226357,31322.09466642229,31788.197265625,1164100,0.0,0.0
2023-07-17 00:00:00+09:00,31741.58984375,31974.64116418869,31555.148787399045,31741.58984375,608058,0.0,0.0
2023-07-18 00:00:00+09:00,32114.470147995722,32114.470147995722,31322.095703125,31322.095703125,563437,0.0,0.0
2023-07-19 00:00:00+09:00,31648.364477575447,31834.80550542567,31135.651650987333,31275.482421875,698015,0.0,0.0
2023-07-20 00:00:00+09:00,31322.09800295858,31648.369857156064,31228.87747318787,31508.5390625,709354,0.0,0.0
2023-07-21 00:00:00+09:00,31974.637040914946,32114.467815146352,31415.31394398932,31648.365234375,912094,0.0,0.0
2023-07-24 00:00:00+09:00,31508.540165165166,31648.370964714715,30995.827233483484,31042.4375,982741,0.0,0.0
2023-07-25 00:00:00+09:00,31089.046351999812,31275.487409583016,30669.553972437596,30809.384765625,1005611,0.0,0.0
2023-07-26 00:00:00+09:00,30669.551687640345,31368.70560149233,30250.059339329153,31135.654296875,1714233,0.0,0.0
2023-07-27 00:00:00+09:00,31182.261071412697,32767.009765625,31182.261071412697,32767.009765625,2264210,0.0,0.0
2023-07-28 00:00:00+09:00,32300.91351965437,32673.79563820738,32021.251930739614,32533.96484375,1414357,0.0,0.0
2023-07-31 00:00:00+09:00,32533.966075249642,32767.017408166903,32300.91474233238,32673.796875,1144977,0.0,0.0
2023-08-01 00:00:00+09:00,32627.182393080668,33559.387604311545,32533.961871957577,33512.77734375,1693468,0.0,0.0
2023-08-02 00:00:00+09:00,33372.94886762641,33559.38992275281,32906.84622981039,33186.5078125,1338210,0.0,0.0
2023-08-03 00:00:00+09:00,33186.51361319742,33279.73415705472,32487.359534267704,32580.580078125,1154574,0.0,0.0
2023-08-04 00:00:00+09:00,32580.573509281516,33046.67613459312,32487.352984219193,32720.404296875,1204526,0.0,0.0
2023-08-07 00:00:00+09:00,32720.40605221519,33326.339497626584,32580.575257120254,33139.8984375,1394643,0.0,0.0
2023-08-08 00:00:00+09:00,33372.94797510519,33372.94797510519,33000.065874824686,33233.1171875,1141287,0.0,0.0
2023-08-09 00:00:00+09:00,33093.286397124284,33279.72744724893,32720.404296875,32720.404296875,896240,0.0,0.0
2023-08-10 00:00:00+09:00,32533.968587239586,33046.6815592448,32440.748046875,32440.748046875,992061,0.0,0.0
2023-08-11 00:00:00+09:00,32440.748046875,33233.12263997396,32394.13777669271,32440.748046875,966885,0.0,0.0
2023-08-14 00:00:00+09:00,32440.749262339054,32767.021165839593,32347.528718481757,32580.580078125,610387,0.0,0.0
2023-08-16 00:00:00+09:00,32254.301668777134,32347.522193831403,32067.860618668597,32207.69140625,748667,0.0,0.0
2023-08-17 00:00:00+09:00,31974.636589478418,32673.79045076439,31974.636589478418,32394.12890625,857443,0.0,0.0
2023-08-18 00:00:00+09:00,32161.08642578125,32906.85074869792,32161.08642578125,32440.748046875,938684,0.0,0.0
2023-08-21 00:00:00+09:00,32767.01455940616,32953.45560953081,32533.963246750354,32720.404296875,864600,0.0,0.0
2023-08-22 00:00:00+09:00,32580.580078125,32813.631437768236,32487.359534267704,32580.580078125,712316,0.0,0.0
2023-08-23 00:00:00+09:00,32440.74554208274,32906.84820791726,32440.74554208274,32673.796875,659929,0.0,0.0
2023-08-24 00:00:00+09:00,32673.796875,32953.45847450071,32673.796875,32673.796875,558688,0.0,0.0
2023-08-25 00:00:00+09:00,32487.349293101917,33000.06212269176,32487.349293101917,32813.62109375,654534,0.0,0.0
2023-08-28 00:00:00+09:00,33233.11896756329,33372.94976265823,32953.457377373416,33139.8984375,503942,0.0,0.0
2023-08-29 00:00:00+09:00,33139.8975487184,33372.94886762641,33139.8975487184,33186.5078125,482222,0.0,0.0
2023-08-30 00:00:00+09:00,33512.77930239231,33605.999828963635,33000.06640625,33000.06640625,560438,0.0,0.0
2023-08-31 00:00:00+09:00,33326.339497626584,33559.39082278481,33046.67790743671,33139.8984375,1828015,0.0,0.0
2023-09-01 00:00:00+09:00,33466.17209538082,33559.392630465445,33000.06941995768,33046.6796875,535859,0.0,0.0
2023-09-04 00:00:00+09:00,33326.33291207108,33326.33291207108,33046.67137714461,33279.72265625,389267,0.0,0.0
2023-09-05 00:00:00+09:00,33139.8984375,33466.17029272152,33093.288172468354,33139.8984375,415747,0.0,0.0
2023-09-06 00:00:00+09:00,33093.281632965685,33512.77393535539,33000.06112132353,33279.72265625,618296,0.0,0.0
2023-09-07 00:00:00+09:00,33000.06112132353,33419.55342371324,33000.06112132353,33279.72265625,507682,0.0,0.0
2023-09-08 00:00:00+09:00,33279.72177666084,33419.55254042832,33093.280758304194,33326.33203125,388661,0.0,0.0
2023-09-11 00:00:00+09:00,33419.5557966821,34025.48916538066,33326.33527842078,33978.87890625,1091526,0.0,0.0
2023-09-12 00:00:00+09:00,34118.71380208333,34165.32406684027,33233.11877170139,33559.390625,617219,0.0,0.0
2023-09-13 00:00:00+09:00,33466.172321428574,34258.546875,33466.172321428574,34258.546875,1148345,0.0,0.0
2023-09-14 00:00:00+09:00,34584.816603427695,34584.816603427695,33978.88315889325,34165.32421875,1083316,0.0,0.0
2023-09-15 00:00:00+09:00,34444.98523334704,35610.241837993424,34211.933912417764,35423.80078125,2449194,0.0,0.0
2023-09-18 00:00:00+09:00,35050.916196949605,35423.7982841512,34351.76228344662,35144.13671875,1212208,0.0,0.0
2023-09-19 00:00:00+09:00,35050.91457496653,35283.965868683066,34724.64276376339,34817.86328125,628425,0.0,0.0
2023-09-20 00:00:00+09:00,34771.25288318453,35283.965727306546,34631.42210751488,35237.35546875,710593,0.0,0.0
2023-09-21 00:00:00+09:00,35283.96319270833,35283.96319270833,34724.64013020833,34957.69140625,955576,0.0,0.0
2023-09-22 00:00:00+09:00,34678.03462950601,35004.3064606976,34584.81410630841,34911.0859375,663062,0.0,0.0
2023-09-25 00:00:00+09:00,34911.08825913915,34957.6985238376,34351.765082757745,34584.81640625,961489,0.0,0.0
2023-09-26 00:00:00+09:00,34561.174036604636,34703.01196014747,33568.30857180478,33662.8671875,1330083,525.0,0.0
2023-09-27 00:00:00+09:00,33331.91203256672,33899.26372673806,33190.07410902388,33662.8671875,749827,0.0,0.0
2023-10-04 00:00:00+09:00,33142.796875,33426.47273983595,32811.84169935806,33142.796875,1350546,0.0,0.0
2023-10-05 00:00:00+09:00,33190.07440096574,33379.19163401968,32339.046852223033,32433.60546875,1010803,0.0,0.0
2023-10-06 00:00:00+09:00,32622.72437455799,33662.869209688826,32480.886442494695,33426.47265625,872192,0.0,0.0
2023-10-10 00:00:00+09:00,34277.50019229079,34372.0588135109,33473.75191191983,33615.58984375,873990,0.0,0.0
2023-10-11 00:00:00+09:00,33662.86720950704,33851.98444102113,33284.63274647887,33568.30859375,693178,0.0,0.0
2023-10-12 00:00:00+09:00,33568.31053313994,33757.42777558017,33142.796737649434,33615.58984375,925994,0.0,0.0
2023-10-13 00:00:00+09:00,33237.35343860035,33993.82236465669,33237.35343860035,33568.30859375,435133,0.0,0.0
2023-10-16 00:00:00+09:00,33379.19136223591,33993.82236465669,33379.19136223591,33568.30859375,640050,0.0,0.0
2023-10-17 00:00:00+09:00,34041.097733711045,34041.097733711045,33379.1875,33379.1875,468140,0.0,0.0
2023-10-18 00:00:00+09:00,33615.58389315762,34561.16993797218,33426.46668419471,34419.33203125,1277864,0.0,0.0
2023-10-19 00:00:00+09:00,34088.378922548676,34230.216837621694,33851.98239742698,33993.8203125,640177,0.0,0.0
2023-10-20 00:00:00+09:00,33993.8203125,34088.378922548676,33615.58587230528,33993.8203125,664066,0.0,0.0
2023-10-23 00:00:00+09:00,33993.822454816596,33993.822454816596,33095.51560274217,33190.07421875,821028,0.0,0.0
2023-10-24 00:00:00+09:00,33521.02939732143,33568.30870535714,32859.119084821425,33095.515625,486029,0.0,0.0
2023-10-25 00:00:00+09:00,33000.95886006011,33568.310588313296,33000.95886006011,33426.47265625,521887,0.0,0.0
2023-10-26 00:00:00+09:00,33568.31067225392,33568.31067225392,33095.51756419401,33142.796875,616954,0.0,0.0
2023-10-27 00:00:00+09:00,33615.58801339286,33851.98455357143,33000.95700892857,33095.515625,748852,0.0,0.0
2023-10-30 00:00:00+09:00,33000.95521558834,33190.072437454175,31818.972578926867,32244.486328125,1396810,0.0,0.0
2023-10-31 00:00:00+09:00,32528.162050359715,32953.675798111515,32244.48621852518,32859.1171875,1164286,0.0,0.0
2023-11-01 00:00:00+09:00,32859.119084821425,33190.07424107143,32575.44323660714,33095.515625,742924,0.0,0.0
2023-11-02 00:00:00+09:00,33142.79504642211,33568.30882019928,32480.88473165761,32622.72265625,1219824,0.0,0.0
2023-11-03 00:00:00+09:00,33048.24025116404,33142.79887849212,32811.843682843835,33000.9609375,805662,0.0,0.0
2023-11-06 00:00:00+09:00,33095.51538694598,34135.66015625,32859.1188484678,34135.66015625,1117837,0.0,0.0
2023-11-07 00:00:00+09:00,33473.75205064194,33710.1486046719,32859.12101016405,33142.796875,1178490,0.0,0.0
2023-11-08 00:00:00+09:00,33426.47476047636,33521.03338780444,32811.843682843835,33000.9609375,765310,0.0,0.0
2023-11-09 00:00:00+09:00,32859.123030037714,33237.35753973599,32859.123030037714,32906.40234375,816083,0.0,0.0
2023-11-10 00:00:00+09:00,32859.11517351275,33473.746104815866,32859.11517351275,33379.1875,886013,0.0,0.0
2023-11-13 00:00:00+09:00,33662.87115995763,33662.87115995763,33237.357339115464,33473.75390625,472602,0.0,0.0
2023-11-14 00:00:00+09:00,33804.705089066876,34041.101628151264,33521.02924216562,33757.42578125,764704,0.0,0.0
2023-11-15 00:00:00+09:00,34372.05665138602,34419.33595902204,33899.26357502583,34324.77734375,1201910,0.0,0.0
2023-11-16 00:00:00+09:00,34419.33399243466,34608.45121217331,34088.37885789202,34372.0546875,611301,0.0,0.0
2023-11-17 00:00:00+09:00,34324.77738703255,34513.894617815095,33993.82223316309,34135.66015625,502726,0.0,0.0
2023-11-20 00:00:00+09:00,34041.10149793389,34513.89457429408,33899.26357502583,34324.77734375,506681,0.0,0.0
2023-11-21 00:00:00+09:00,34561.171811569686,34986.685554803786,34372.05459235453,34939.40625,969640,0.0,0.0
2023-11-22 00:00:00+09:00,34561.17570174695,34986.689492876525,34561.17570174695,34844.8515625,474085,0.0,0.0
2023-11-23 00:00:00+09:00,34703.00972598106,35317.64068843031,34703.00972598106,34939.40625,609988,0.0,0.0
2023-11-24 00:00:00+09:00,35033.968829719386,35081.248139880954,34750.29296875,34750.29296875,404462,0.0,0.0
2023-11-27 00:00:00+09:00,34513.896417942175,34986.689519557825,34466.617107780614,34750.29296875,601759,0.0,0.0
2023-11-28 00:00:00+09:00,35033.96680743243,35081.246114864865,34608.45304054054,34986.6875,742029,0.0,0.0
2023-11-29 00:00:00+09:00,34608.45318956612,34939.40834301825,34230.218728477965,34324.77734375,726167,0.0,0.0
2023-11-30 00:00:00+09:00,34230.21860179539,34892.12890625,34088.380679412265,34892.12890625,1461987,0.0,0.0
2023-12-01 00:00:00+09:00,34892.12505365728,34939.404355898005,34324.773426768545,34419.33203125,627672,0.0,0.0
2023-12-04 00:00:00+09:00,34466.617107780614,34750.29296875,34372.058487457485,34750.29296875,640431,0.0,0.0
2023-12-05 00:00:00+09:00,34561.173796193805,34844.8496413062,34324.77725860014,34703.01171875,654857,0.0,0.0
2023-12-06 00:00:00+09:00,34513.89448867507,34986.6875638624,34513.89448867507,34703.01171875,640850,0.0,0.0
2023-12-07 00:00:00+09:00,34419.33399243466,34703.00982204264,34230.21677269601,34372.0546875,575611,0.0,0.0
2023-12-08 00:00:00+09:00,34655.734375,34797.57230559345,34277.49989341746,34655.734375,536975,0.0,0.0
2023-12-11 00:00:00+09:00,34939.412221439554,34939.412221439554,34513.89840548156,34608.45703125,576909,0.0,0.0
2023-12-12 00:00:00+09:00,34892.13079365747,35128.52734375,34608.45493354643,35128.52734375,873099,0.0,0.0
2023-12-13 00:00:00+09:00,34986.689439946014,35317.644610323885,34939.410129892036,35033.96875,583277,0.0,0.0
2023-12-14 00:00:00+09:00,35790.43943766491,35837.71875,35033.970440303434,35837.71875,1779177,0.0,0.0
2023-12-15 00:00:00+09:00,35932.27325674807,36783.30078125,35884.993949831296,36783.30078125,1485313,0.0,0.0
2023-12-18 00:00:00+09:00,36452.34567284399,36594.18359375,36215.949138000644,36594.18359375,664887,0.0,0.0
2023-12-19 00:00:00+09:00,36121.388633777635,36641.460983216835,36074.10932928316,36357.78515625,648480,0.0,0.0
2023-12-20 00:00:00+09:00,36736.025227038386,37303.37696799651,36452.34935655932,37256.09765625,930194,0.0,0.0
2023-12-21 00:00:00+09:00,36783.30070173346,37256.09376987913,36783.30070173346,37161.53515625,621640,0.0,0.0
2023-12-22 00:00:00+09:00,37208.818525491304,37350.656461420745,36688.74609375,36688.74609375,387597,0.0,0.0
2023-12-26 00:00:00+09:00,37066.98049872123,37161.53912244245,36452.34944453325,36972.421875,746864,0.0,0.0
2023-12-27 00:00:00+09:00,36830.580068108975,36877.859375,36405.06630608974,36877.859375,525252,0.0,0.0
2023-12-28 00:00:00+09:00,36972.41586239103,37965.28125,36546.90212484433,37965.28125,1045017,0.0,0.0
2024-01-02 00:00:00+09:00,37539.767630241426,37634.326238881826,36310.50571791614,37208.8125,924555,0.0,0.0
2024-01-03 00:00:00+09:00,36688.74637203167,37066.9808707124,35837.71875,35837.71875,931521,0.0,0.0
2024-01-04 00:00:00+09:00,35884.99825108914,35932.27756367292,35033.970624581096,35270.3671875,887191,0.0,0.0
2024-01-05 00:00:00+09:00,35081.24811312755,35270.36535362958,34655.73432199797,34844.8515625,671689,0.0,0.0
2024-01-08 00:00:00+09:00,35081.244164411364,35317.64068843031,34750.28903078484,34939.40625,356649,0.0,0.0
2024-01-09 00:00:00+09:00,35412.203177432886,35459.482487416106,34797.57214765101,35223.0859375,388703,0.0,0.0
2024-01-10 00:00:00+09:00,35175.80676020408,35506.76193133504,34703.01365858843,34750.29296875,385732,0.0,0.0
2024-01-11 00:00:00+09:00,35175.8046875,35790.43568338374,34844.84953587029,35175.8046875,955636,0.0,0.0
2024-01-12 00:00:00+09:00,35175.806787175985,35223.0860973738,34561.17575460437,34655.734375,527547,0.0,0.0
2024-01-15 00:00:00+09:00,34844.84953587029,35270.363302251346,34750.29092111895,35175.8046875,66787,0.0,0.0
2024-01-16 00:00:00+09:00,34797.57225237449,35081.24811312755,34561.17570174695,34844.8515625,443148,0.0,0.0
2024-01-17 00:00:00+09:00,35175.80283857729,35554.03727770178,34561.171875,34561.171875,817498,0.0,0.0
2024-01-18 00:00:00+09:00,34561.17190723865,34608.45121217331,34135.65816282669,34372.0546875,673440,0.0,0.0
2024-01-19 00:00:00+09:00,34655.73239003057,35081.24615743886,34419.33585258152,34797.5703125,752717,0.0,0.0
2024-01-22 00:00:00+09:00,35033.968723712984,35317.644583824025,34797.57217362046,35128.52734375,538586,0.0,0.0
2024-01-23 00:00:00+09:00,35932.273237179485,36877.859375,35554.038782051284,36877.859375,1624286,0.0,0.0
2024-01-24 00:00:00+09:00,36783.30245396379,38248.96103503433,36641.46452676342,37870.7265625,2481575,0.0,0.0
2024-01-25 00:00:00+09:00,37539.76758551387,37728.88480256936,37303.371064194514,37492.48828125,6962512,0.0,0.0
2024-01-26 00:00:00+09:00,37161.535058103014,37870.72465844849,37161.535058103014,37634.328125,1209949,0.0,0.0
2024-01-29 00:00:00+09:00,37728.89045138889,38769.03530092593,37397.93527199074,38296.2421875,1670283,0.0,0.0
2024-01-30 00:00:00+09:00,38059.83988775031,38390.79501720901,37728.88475829161,37776.1640625,1366062,0.0,0.0
2024-01-31 00:00:00+09:00,37350.650196985924,38721.750014343634,37256.09158889229,38627.19140625,1681181,0.0,0.0
2024-02-01 00:00:00+09:00,38910.87267463235,40187.4140625,38769.03474264706,40187.4140625,5403853,0.0,0.0
2024-02-02 00:00:00+09:00,40991.161604925495,42976.89261692881,39241.8271419702,42835.0546875,5600729,0.0,0.0
2024-02-05 00:00:00+09:00,41984.02781030445,41984.02781030445,38863.593310889926,40376.53125,10298785,0.0,0.0
2024-02-06 00:00:00+09:00,40234.69149892497,40943.88112581554,39572.781180493774,39856.45703125,1953833,0.0,0.0
2024-02-07 00:00:00+09:00,39525.505524358225,40802.04697071908,39289.10896021733,40518.37109375,1531667,0.0,0.0
2024-02-08 00:00:00+09:00,40140.13243647367,41936.7461379884,39951.01520473528,41747.62890625,4172976,0.0,0.0
2024-02-13 00:00:00+09:00,42125.861336903086,43260.564672577246,41700.34758602528,42078.58203125,3719401,0.0,0.0
2024-02-14 00:00:00+09:00,41605.78909817352,42031.30285031393,40991.15812285959,41416.671875,1743330,0.0,0.0
2024-02-15 00:00:00+09:00,41794.90844075898,42078.5842899044,40565.64642779548,40802.04296875,1718579,0.0,0.0
2024-02-16 00:00:00+09:00,41132.9959181882,42078.58203125,40754.76147296348,42078.58203125,1903016,0.0,0.0
2024-02-19 00:00:00+09:00,42551.38084420089,43024.17396469201,42031.308411660655,42598.66015625,2427758,0.0,0.0
2024-02-20 00:00:00+09:00,42645.93189125723,42693.21119490607,40234.68740516619,40896.59765625,2202279,0.0,0.0
2024-02-21 00:00:00+09:00,41132.994201872825,41274.83211291376,39903.73230618467,40707.48046875,1887056,0.0,0.0
2024-02-22 00:00:00+09:00,41066.45141945423,41114.3144164466,39774.15050066021,40779.2734375,1831382,525.0,0.0
2024-02-23 00:00:00+09:00,40779.28119587182,41736.541317840645,40587.82917147806,41449.36328125,1911413,0.0,0.0
2024-02-26 00:00:00+09:00,40635.689181529626,40683.55218409916,38146.81304791415,39582.703125,2427411,0.0,0.0
2024-02-27 00:00:00+09:00,39391.247009858635,40779.27393973214,39104.06902436756,40204.91796875,2181272,0.0,0.0
2024-02-28 00:00:00+09:00,39822.018939393936,41162.18303831585,39822.018939393936,41066.45703125,1443410,0.0,0.0
2024-02-29 00:00:00+09:00,40683.55652626292,41927.99472588978,40396.37848019518,41688.6796875,3407564,0.0,0.0
2024-03-04 00:00:00+09:00,42837.383607890275,42837.383607890275,41257.90465921946,42310.890625,3749034,0.0,0.0
2024-03-05 00:00:00+09:00,42741.660710485245,43411.74273730136,42167.3046875,42167.3046875,3116406,0.0,0.0
2024-03-06 00:00:00+09:00,42263.035293311405,43698.92550712719,42263.035293311405,43651.0625,2459149,0.0,0.0
2024-03-07 00:00:00+09:00,42885.24944933921,43986.098486543226,42454.482434781115,43459.60546875,12779531,0.0,0.0
2024-03-08 00:00:00+09:00,43842.50893342392,44464.7279466712,43220.289920176634,44033.9609375,3311443,0.0,0.0
2024-03-11 00:00:00+09:00,43316.01812517095,44177.55218732905,43076.70310790481,43746.78515625,1828210,0.0,0.0
2024-03-12 00:00:00+09:00,43459.60212912088,44943.355065247255,43220.28713942308,43555.328125,2089979,0.0,0.0
2024-03-13 00:00:00+09:00,43555.33203125,45565.578125,43507.46902901786,45565.578125,3301027,0.0,0.0
2024-03-14 00:00:00+09:00,45613.44319250607,49298.89453125,45565.5801881068,49298.89453125,4153381,0.0,0.0
2024-03-15 00:00:00+09:00,48054.45367628528,48437.35768964214,47288.64564957157,47480.09765625,4184819,0.0,0.0
2024-03-18 00:00:00+09:00,47432.23888374617,47575.82790155771,45326.266622510215,46857.8828125,2344805,0.0,0.0
2024-03-19 00:00:00+09:00,46092.0725533895,46427.113579218916,45613.44251649034,45804.89453125,2119868,0.0,0.0
2024-03-20 00:00:00+09:00,46522.837058145495,47719.41208536117,46522.837058145495,46714.2890625,1218353,0.0,0.0
2024-03-21 00:00:00+09:00,47288.64891331041,48820.26507244597,47097.19689341846,48724.5390625,1756875,0.0,0.0
2024-03-22 00:00:00+09:00,48150.177471899704,48820.25946455039,47767.273476099304,48437.35546875,1595917,0.0,0.0
2024-03-25 00:00:00+09:00,48054.4514729496,48820.25946455039,47575.82147819911,48437.35546875,1399704,0.0,0.0
2024-03-26 00:00:00+09:00,47767.27650753769,49203.16658291457,47527.96149497487,47623.6875,1569695,0.0,0.0
2024-03-27 00:00:00+09:00,45900.61970994016,46283.52373254654,44895.496650598405,44991.22265625,23699462,0.0,0.0
2024-03-28 00:00:00+09:00,45756.247434454446,46095.18260063559,45562.57019663665,45707.828125,2311059,540.0,0.0
2024-03-29 00:00:00+09:00,45707.82907608696,45998.344938858696,44448.92700407609,44545.765625,1377596,0.0,0.0
2024-04-01 00:00:00+09:00,44836.281850301864,45029.9590937157,43916.31494408617,44109.9921875,1127773,0.0,0.0
2024-04-02 00:00:00+09:00,43577.3776795657,44013.15145636136,43093.184594237195,43480.5390625,1929406,0.0,0.0
2024-04-03 00:00:00+09:00,43480.54149604885,43674.218741020115,41931.123536278734,42124.80078125,2844036,0.0,0.0
2024-04-04 00:00:00+09:00,42657.41236584596,43722.63719223485,42608.993055555555,43141.60546875,1610074,0.0,0.0
2024-04-05 00:00:00+09:00,42512.15478847789,43335.28307025936,42512.15478847789,42705.83203125,1379480,0.0,0.0
2024-04-08 00:00:00+09:00,43141.60558752112,43577.37938133446,42851.08972497888,42996.34765625,1516111,0.0,0.0
2024-04-09 00:00:00+09:00,43141.603573860375,43383.7001146789,42027.959486095184,42221.63671875,1385474,0.0,0.0
2024-04-11 00:00:00+09:00,40284.86600928074,42366.89634389501,40284.86600928074,41737.4453125,3381296,0.0,0.0
2024-04-12 00:00:00+09:00,41301.669868204895,41737.4436417264,39994.34854764038,40526.9609375,2560050,0.0,0.0
2024-04-15 00:00:00+09:00,40478.54528099051,41059.57703143535,39413.32040517497,40817.48046875,1200212,0.0,0.0
2024-04-16 00:00:00+09:00,40623.80548683008,40720.6441173112,39413.32260581607,39752.2578125,1445005,0.0,0.0
2024-04-17 00:00:00+09:00,39945.928902396736,40139.606133438654,39171.21997822904,39268.05859375,1171591,0.0,0.0
2024-04-18 00:00:00+09:00,39606.996587858,41059.575924821,39316.48072046539,40575.3828125,1838520,0.0,0.0
2024-04-19 00:00:00+09:00,40042.77437780688,40526.967538360776,39607.00053330838,40430.12890625,1652874,0.0,0.0
2024-04-22 00:00:00+09:00,41689.025086413654,43238.44297580417,41689.025086413654,42899.5078125,2377699,0.0,0.0
2024-04-23 00:00:00+09:00,42463.73693764237,43722.639058940775,42173.22106349658,42512.15625,2305670,0.0,0.0
2024-04-24 00:00:00+09:00,43141.607823325634,43771.058891454966,41834.286374133946,41931.125,1697154,0.0,0.0
2024-04-25 00:00:00+09:00,41446.93042385058,42802.67113864943,41204.833867636495,42124.80078125,1229092,0.0,0.0
2024-04-26 00:00:00+09:00,42657.41195688503,46288.86019385027,42560.57333723262,45272.0546875,3657539,0.0,0.0
2024-04-29 00:00:00+09:00,45368.89453125,45853.087642576036,44691.02417539354,45368.89453125,1873235,0.0,0.0
2024-04-30 00:00:00+09:00,45707.827237406214,46046.76239700562,44691.02175860798,45175.21484375,2276490,0.0,0.0
2024-05-02 00:00:00+09:00,44352.08984375,45126.79883665393,43771.058099072055,44352.08984375,1685667,0.0,0.0
2024-05-03 00:00:00+09:00,44933.11975242196,45562.570783436495,44497.34596171959,44981.5390625,827456,0.0,0.0
2024-05-07 00:00:00+09:00,45465.73364442567,45901.50744932432,43916.31567145271,44787.86328125,1833197,0.0,0.0
2024-05-08 00:00:00+09:00,45029.95899676269,46240.44176549287,44981.53968601348,45804.66796875,1592494,0.0,0.0
2024-05-09 00:00:00+09:00,45368.89612735215,46046.766507056454,44884.70299899193,45029.9609375,1320150,0.0,0.0
2024-05-10 00:00:00+09:00,45707.8289921466,46821.47313072644,45514.15175065445,46240.44140625,1308651,0.0,0.0
2024-05-13 00:00:00+09:00,46288.860716623036,47741.44002781414,46095.18347513089,46240.44140625,1281335,0.0,0.0
2024-05-14 00:00:00+09:00,46773.052697368425,46821.47200657895,45853.085822368426,45998.34375,1049266,0.0,0.0
2024-05-16 00:00:00+09:00,46482.538940809965,47644.60241433022,46240.44238382659,46627.796875,2673336,0.0,0.0
2024-05-17 00:00:00+09:00,46192.0234375,46676.216555293504,46095.1848139413,46192.0234375,985756,0.0,0.0
2024-05-20 00:00:00+09:00,46966.732661033166,48612.98926977041,46773.05541294643,47450.92578125,1394788,0.0,0.0
2024-05-21 00:00:00+09:00,46966.731451303676,47838.2790452454,46773.05420820552,47354.0859375,944210,0.0,0.0
2024-05-22 00:00:00+09:00,47547.764041274815,47547.764041274815,46240.442626698015,46337.28125,942514,0.0,0.0
2024-05-23 00:00:00+09:00,45514.15319400631,46482.53943217666,45320.47594637224,46046.765625,1203687,0.0,0.0
2024-05-24 00:00:00+09:00,45368.89538007648,46337.28162084652,44981.54088376846,45901.5078125,1046047,0.0,0.0
2024-05-27 00:00:00+09:00,45804.66820977394,46530.95787483378,45320.475099734045,45514.15234375,763379,0.0,0.0
2024-05-28 00:00:00+09:00,45078.37890625,45417.31408599624,44836.2823492884,45078.37890625,787954,0.0,0.0
2024-05-29 00:00:00+09:00,44545.7653887689,45514.15159287257,44303.66883774298,44836.28125,1116005,0.0,0.0
2024-05-30 00:00:00+09:00,44448.92700407609,45707.82907608696,44448.92700407609,44545.765625,1196258,0.0,0.0
2024-05-31 00:00:00+09:00,44981.539803983294,46821.47361727863,44884.701182230914,45659.41015625,2926485,0.0,0.0
2024-06-03 00:00:00+09:00,46579.377185837766,46724.635118849736,45465.733032746015,45514.15234375,784501,0.0,0.0
2024-06-04 00:00:00+09:00,45078.378527670706,45610.990948513216,43867.895753028635,43964.734375,1266371,0.0,0.0
2024-06-05 00:00:00+09:00,44061.57287664654,44448.927363474206,42947.92872701701,44109.9921875,1212947,0.0,0.0
2024-06-07 00:00:00+09:00,45417.31493829618,46676.217058121016,44787.86387838376,45610.9921875,1914676,0.0,0.0
2024-06-10 00:00:00+09:00,45126.79981737013,45804.670200892855,44448.9294338474,44739.4453125,872301,0.0,0.0
2024-06-11 00:00:00+09:00,45029.96119115259,45514.15432224026,44739.4453125,44739.4453125,956400,0.0,0.0
2024-06-12 00:00:00+09:00,44497.34869818907,46288.86328125,44061.57488068776,46288.86328125,1580910,0.0,0.0
2024-06-13 00:00:00+09:00,46240.44337393504,46918.313748003195,45465.734375,45465.734375,1772266,0.0,0.0
2024-06-14 00:00:00+09:00,45272.05712526624,46143.60474906816,45175.218500399365,45465.734375,1584339,0.0,0.0
2024-06-17 00:00:00+09:00,45029.96119115259,45417.31569602273,44352.090807629866,44739.4453125,878203,0.0,0.0
2024-06-18 00:00:00+09:00,45029.95897155361,45272.05552516411,44206.8306892779,44255.25,740437,0.0,0.0
2024-06-19 00:00:00+09:00,44739.445186084144,44933.12243797195,44255.25205636462,44884.703125,843205,0.0,0.0
2024-06-20 00:00:00+09:00,44884.699526167366,46288.85948976915,44884.699526167366,46143.6015625,871052,0.0,0.0
2024-06-21 00:00:00+09:00,46482.53807773109,46676.21531972164,45901.50635175945,46095.18359375,1059661,0.0,0.0
2024-06-24 00:00:00+09:00,45707.830078125,46482.5390625,45707.830078125,46482.5390625,728944,0.0,0.0
2024-06-25 00:00:00+09:00,46918.311993710486,46918.311993710486,45853.08716000395,45949.92578125,839962,0.0,0.0
2024-06-26 00:00:00+09:00,45368.892617064535,46434.1174170383,44981.5381443468,46143.6015625,1027364,0.0,0.0
2024-06-27 00:00:00+09:00,45937.909663308594,46231.75556733828,45252.26922057264,46182.78125,948915,540.0,0.0
2024-06-28 00:00:00+09:00,46966.372253861635,47603.03840537383,46231.757463655245,47162.26953125,1207957,0.0,0.0
2024-07-01 00:00:00+09:00,46672.52849480799,47162.27171091301,46525.60552997649,46868.42578125,841977,0.0,0.0
2024-07-02 00:00:00+09:00,46525.60527146464,49464.064551767675,46525.60527146464,48484.578125,2635828,0.0,0.0
2024-07-03 00:00:00+09:00,48582.52433953033,51423.03483518836,48337.65274507705,50051.75390625,3366585,0.0,0.0
2024-07-04 00:00:00+09:00,50051.75421875,52108.675625,49757.90830357143,51423.03515625,1628825,0.0,0.0
2024-07-05 00:00:00+09:00,52304.574795560744,53088.16393107476,51814.831585864486,52402.5234375,1785928,0.0,0.0
2024-07-08 00:00:00+09:00,51912.779371995195,52892.26577524038,50737.395688100965,50933.29296875,1034352,0.0,0.0
2024-07-09 00:00:00+09:00,50443.546875,51129.187317961165,49072.26598907767,50443.546875,1254471,0.0,0.0
2024-07-10 00:00:00+09:00,49953.8046875,50345.59923406863,49562.01014093137,49953.8046875,988357,0.0,0.0
2024-07-11 00:00:00+09:00,50541.49840745192,51423.036170372594,50443.549767127406,50933.29296875,1504253,0.0,0.0
2024-07-12 00:00:00+09:00,51031.24002564408,51814.82912392652,50443.54820193225,51325.0859375,895581,0.0,0.0
2024-07-15 00:00:00+09:00,51520.98363597973,51618.93227407095,50443.548616976346,50737.39453125,955712,0.0,0.0
2024-07-16 00:00:00+09:00,51129.18981701521,52206.62485147338,50737.39525903042,51520.984375,1030734,0.0,0.0
2024-07-17 00:00:00+09:00,51520.98353276023,52892.26446328997,50737.394429600376,52696.3671875,1609621,0.0,0.0
2024-07-18 00:00:00+09:00,51423.033926104974,53186.109375,51325.08529005525,53186.109375,1772040,0.0,0.0
2024-07-19 00:00:00+09:00,52206.62167895599,52598.41621313202,51129.18670997191,52304.5703125,1566852,0.0,0.0
2024-07-22 00:00:00+09:00,52500.46909090909,54361.49318181818,52206.623181818184,53871.75,1883148,0.0,0.0
2024-07-23 00:00:00+09:00,53969.69921875,54851.236955535394,53871.750581329405,53969.69921875,1574201,0.0,0.0
2024-07-24 00:00:00+09:00,53577.90682738367,54753.29052377965,53284.06090328467,53675.85546875,1727556,0.0,0.0
2024-07-25 00:00:00+09:00,53382.0078125,54557.39147075688,52892.26462155963,53382.0078125,1514707,0.0,0.0
2024-07-26 00:00:00+09:00,53088.162634698274,57202.00549568966,53088.162634698274,56810.2109375,3558607,0.0,0.0
2024-07-29 00:00:00+09:00,57202.00175041186,62883.022472199336,56908.15585100906,59454.8203125,4871313,0.0,0.0
2024-07-30 00:00:00+09:00,58573.28340336135,59160.975210084034,57985.59159663865,58279.4375,1805546,0.0,0.0
2024-07-31 00:00:00+09:00,58279.4392440949,59356.874255330265,57495.85014501463,58573.28515625,1535091,0.0,0.0
2024-08-01 00:00:00+09:00,58573.282614291595,59846.61484503707,58377.38534802306,59454.8203125,1124108,0.0,0.0
2024-08-02 00:00:00+09:00,58279.43916922066,58769.182355516634,55145.08277692644,55928.671875,1894909,0.0,0.0
2024-08-05 00:00:00+09:00,52696.3652491714,53382.00568921638,50541.495294744316,51716.87890625,2897784,0.0,0.0
2024-08-06 00:00:00+09:00,53577.9053615484,54557.391748414004,52108.67578125,52108.67578125,2300982,0.0,0.0
2024-08-07 00:00:00+09:00,51325.08569017691,53577.90433688315,50933.291142923656,52598.41796875,2228993,0.0,0.0
2024-08-08 00:00:00+09:00,52108.677640682654,53382.009989045204,51618.93442977398,53088.1640625,1860065,0.0,0.0
2024-08-09 00:00:00+09:00,52598.415820312504,53382.0048828125,51716.878125,52892.26171875,1661725,0.0,0.0
2024-08-12 00:00:00+09:00,53284.060767097966,53577.90669044593,52500.47163817006,52990.21484375,843671,0.0,0.0
2024-08-13 00:00:00+09:00,52892.26266891892,54655.33809121622,52696.365399774775,54361.4921875,1331914,0.0,0.0
2024-08-14 00:00:00+09:00,54557.39045454546,54851.236363636366,53382.00681818182,53871.75,729272,0.0,0.0
2024-08-16 00:00:00+09:00,54557.389456644145,55536.87580236486,54067.64628378378,54361.4921875,1283301,0.0,0.0
2024-08-19 00:00:00+09:00,54753.28879616477,56908.158838232084,54263.54560478584,56026.62109375,1086839,0.0,0.0
2024-08-20 00:00:00+09:00,56026.62026434075,57495.849816727314,56026.62026434075,57202.00390625,920358,0.0,0.0
2024-08-21 00:00:00+09:00,57397.903499681124,57985.59534438776,56320.4684510523,57593.80078125,1457620,0.0,0.0
2024-08-22 00:00:00+09:00,57202.00793147208,57887.6484375,55830.72691941624,57887.6484375,1645440,0.0,0.0
2024-08-23 00:00:00+09:00,58671.234954427084,58769.18359375,56908.15944661458,58769.18359375,1156046,0.0,0.0
2024-08-26 00:00:00+09:00,58573.286606779315,63274.82131769136,58279.44068734731,60140.46484375,2376336,0.0,0.0
2024-08-27 00:00:00+09:00,60532.26134579146,60532.26134579146,58279.44255784129,58475.33984375,1054127,0.0,0.0
2024-08-28 00:00:00+09:00,58181.489501953125,58671.23267957899,55732.77361382378,56418.4140625,1250707,0.0,0.0
2024-08-29 00:00:00+09:00,55928.671875,57397.90143388791,55243.031414185636,55928.671875,835722,0.0,0.0
2024-08-30 00:00:00+09:00,56712.25900317513,56810.20763703209,54949.18359375,54949.18359375,1566812,0.0,0.0
2024-09-02 00:00:00+09:00,55340.983223246,55536.880508992006,54165.599508769985,55145.0859375,1087907,0.0,0.0
2024-09-03 00:00:00+09:00,55145.08334926792,56124.56973202579,54949.186072716344,56026.62109375,858085,0.0,0.0
2024-09-04 00:00:00+09:00,55732.77307150901,55830.72170608108,54263.54355292793,54361.4921875,998414,0.0,0.0
2024-09-05 00:00:00+09:00,54851.23554270463,55438.92735209075,54165.59509842082,55047.1328125,982448,0.0,0.0
2024-09-06 00:00:00+09:00,55536.87732596322,56320.46642403678,55145.08277692644,55928.671875,1189794,0.0,0.0
2024-09-09 00:00:00+09:00,54851.234959893045,55145.0808614639,53675.85135360963,54949.18359375,1225919,0.0,0.0
2024-09-10 00:00:00+09:00,54949.186492380744,55536.87832652385,54263.54601921378,55438.9296875,926984,0.0,0.0
2024-09-11 00:00:00+09:00,56418.41525423729,56418.41525423729,51814.82928731167,52010.7265625,1907871,0.0,0.0
2024-09-12 00:00:00+09:00,52402.51797309833,52794.3125,51814.82618274583,52794.3125,1798591,0.0,0.0
2024-09-13 00:00:00+09:00,53382.0081199687,54753.2890625,53382.0081199687,54753.2890625,1280946,0.0,0.0
2024-09-19 00:00:00+09:00,54949.18820710677,55830.7259858304,54557.39363878515,55732.77734375,1107349,0.0,0.0
2024-09-20 00:00:00+09:00,55928.67034065315,56124.5676097973,54361.4921875,54361.4921875,2181203,0.0,0.0
2024-09-23 00:00:00+09:00,54655.33984375,55536.877583165326,54361.49393061156,54655.33984375,885060,0.0,0.0
2024-09-24 00:00:00+09:00,55145.08261303191,55438.92852393617,53871.750332446805,55243.03125,1991667,0.0,0.0
2024-09-25 00:00:00+09:00,55830.72590537383,56320.46911507009,52108.67751168224,52402.5234375,2379852,0.0,0.0
2024-09-26 00:00:00+09:00,53479.95538651316,55830.72265625,53382.00675027412,55830.72265625,1949328,0.0,0.0
2024-09-27 00:00:00+09:00,55771.391987322066,57254.67368911255,55573.62109375,55573.62109375,1171368,540.0,0.0
2024-09-30 00:00:00+09:00,55969.16176801802,56166.93265765766,54683.650985360364,54881.421875,1399941,0.0,0.0
2024-10-02 00:00:00+09:00,54386.99582122093,56463.59020712209,54090.33948037791,55276.96484375,1298666,0.0,0.0
2024-10-04 00:00:00+09:00,54881.42204576503,55276.963826275045,53497.02581397996,54288.109375,1540085,0.0,0.0
2024-10-07 00:00:00+09:00,54881.421875,55178.07820945946,53991.45287162162,54881.421875,1149097,0.0,0.0
2024-10-08 00:00:00+09:00,54288.111814643504,54881.4245120713,53694.799117215705,54782.5390625,1151924,0.0,0.0
2024-10-10 00:00:00+09:00,56265.81904021787,56661.36082608935,54980.30823613556,56166.93359375,1368461,0.0,0.0
2024-10-11 00:00:00+09:00,56958.01826086957,57353.56005434783,56166.93467391305,56859.1328125,817372,0.0,0.0
2024-10-14 00:00:00+09:00,56463.59101902174,58737.95633152174,56265.82012228261,56859.1328125,1649486,0.0,0.0
2024-10-15 00:00:00+09:00,57452.445407115054,57650.216303525085,56463.59092506488,57155.7890625,653219,0.0,0.0
2024-10-16 00:00:00+09:00,55771.390625,56760.24506870568,54782.53618129433,55771.390625,1581232,0.0,0.0
2024-10-17 00:00:00+09:00,56760.24627255722,57056.90261196083,55474.735468474915,56166.93359375,646408,0.0,0.0
2024-10-18 00:00:00+09:00,56166.93368362832,56364.70457688053,55375.850110619474,55870.27734375,808927,0.0,0.0
2024-10-21 00:00:00+09:00,56364.703461021505,56364.703461021505,55079.19268033154,55178.078125,723091,0.0,0.0
2024-10-22 00:00:00+09:00,55079.19521484375,55573.6224609375,54584.76796875,55375.8515625,842648,0.0,0.0
2024-10-23 00:00:00+09:00,55870.27871059059,57155.7895481794,55079.19511822824,55672.5078125,1030106,0.0,0.0
2024-10-24 00:00:00+09:00,55969.161597593586,56068.0470421123,54881.421707887705,55474.734375,613508,0.0,0.0
2024-10-25 00:00:00+09:00,55870.27690598061,59232.38206492457,55870.27690598061,57353.55859375,2223554,0.0,0.0
2024-10-28 00:00:00+09:00,56760.2478515625,56958.01875,54881.42431640625,55375.8515625,1428755,0.0,0.0
2024-10-29 00:00:00+09:00,55276.96332120811,56265.817763447965,54980.306988536155,56068.046875,1236712,0.0,0.0
2024-10-30 00:00:00+09:00,54881.42481364679,54980.310263761465,53398.1430619266,53892.5703125,1985314,0.0,0.0
2024-10-31 00:00:00+09:00,53200.370553118904,53595.91234161793,50728.234375,50728.234375,2550815,0.0,0.0
2024-11-01 00:00:00+09:00,51321.54626736111,53694.79696180556,51222.66082175926,53398.140625,1685978,0.0,0.0
2024-11-04 00:00:00+09:00,53497.02851204128,54189.226662844034,53002.60126146789,53892.5703125,1429421,0.0,0.0
2024-11-05 00:00:00+09:00,53497.028612200185,54090.34131399908,52903.7159104013,53595.9140625,700806,0.0,0.0
2024-11-06 00:00:00+09:00,53793.684375,55969.1642578125,53398.142578125,55375.8515625,1171696,0.0,0.0
2024-11-07 00:00:00+09:00,56265.817680921056,56760.24490131579,55375.84868421053,56364.703125,1436247,0.0,0.0
2024-11-08 00:00:00+09:00,56364.70448668574,56661.36082608935,55474.735468474915,56166.93359375,895159,0.0,0.0
2024-11-11 00:00:00+09:00,55474.73555724558,56068.048237002215,55178.07921736726,55870.27734375,641009,0.0,0.0
2024-11-12 00:00:00+09:00,55870.27623767921,56859.130684363794,55079.19268033154,55178.078125,914641,0.0,0.0
2024-11-13 00:00:00+09:00,55178.0806640625,55969.1642578125,54386.9970703125,55375.8515625,1041076,0.0,0.0
2024-11-14 00:00:00+09:00,56265.81913025443,56562.47547013275,55178.07921736726,55870.27734375,1426298,0.0,0.0
2024-11-15 00:00:00+09:00,56166.933193668534,56265.81863943203,53101.484375,53101.484375,1390496,0.0,0.0
2024-11-18 00:00:00+09:00,52607.05849883177,53694.7984301986,52508.1730505257,52903.71484375,1519841,0.0,0.0
2024-11-19 00:00:00+09:00,52705.942591946,53694.79704958101,52508.171700419,53101.484375,1269187,0.0,0.0
2024-11-20 00:00:00+09:00,53497.028122194795,55276.966211288156,53497.028122194795,55079.1953125,1024579,0.0,0.0
2024-11-21 00:00:00+09:00,54782.53643018018,55474.73454391892,54189.223761261266,54881.421875,811010,0.0,0.0
2024-11-22 00:00:00+09:00,55375.85166068223,56166.93525583483,54980.309863105926,55079.1953125,837388,0.0,0.0
2024-11-25 00:00:00+09:00,54881.421625664894,56265.817846852835,54782.53618129433,55771.390625,2070220,0.0,0.0
2024-11-26 00:00:00+09:00,54782.53677486188,55178.07855662984,53595.911429558015,53694.796875,1299722,0.0,0.0
2024-11-27 00:00:00+09:00,53892.57011399728,55276.966410503635,53892.57011399728,54485.8828125,1443643,0.0,0.0
2024-11-28 00:00:00+09:00,54288.11112003504,54386.99656834112,52508.1730505257,52903.71484375,2004331,0.0,0.0
2024-11-29 00:00:00+09:00,52903.71237470519,53200.3687057783,51618.2016067217,52409.28515625,1783890,0.0,0.0
2024-12-02 00:00:00+09:00,53299.25390625,53793.68112244898,52409.28491709184,53299.25390625,1217342,0.0,0.0
2024-12-03 00:00:00+09:00,54090.33807070035,55969.161513741135,53991.45262632979,55771.390625,1655612,0.0,0.0
2024-12-04 00:00:00+09:00,54683.650446216794,54881.421333906546,51321.54535549099,52112.62890625,2898181,0.0,0.0
2024-12-05 00:00:00+09:00,51420.43298192771,51618.20387801205,49047.18222891566,49244.953125,2698547,0.0,0.0
2024-12-06 00:00:00+09:00,50233.807139376215,51717.08884624756,49640.494456627675,50728.234375,2179168,0.0,0.0
2024-12-09 00:00:00+09:00,49442.72374260355,50926.005454881655,49442.72374260355,50134.921875,1971765,0.0,0.0
2024-12-10 00:00:00+09:00,49640.49486986987,50134.92210960961,49244.95307807808,49393.28125,1891657,0.0,0.0
2024-12-11 00:00:00+09:00,50134.921968005954,50431.57831101191,49442.7238343254,49838.265625,1332116,0.0,0.0
2024-12-12 00:00:00+09:00,49937.149711277176,50629.34782608696,49541.60793138587,50036.03515625,2480548,0.0,0.0
2024-12-13 00:00:00+09:00,49838.265909090915,50134.92225378788,48750.525978535356,48948.296875,2268368,0.0,0.0
2024-12-16 00:00:00+09:00,49393.28139204546,49838.265909090915,48701.083254419194,48948.296875,1544004,0.0,0.0
2024-12-17 00:00:00+09:00,48849.4103770555,49096.623992324,47959.4413620889,48107.76953125,1626674,0.0,0.0
2024-12-18 00:00:00+09:00,48305.54003515625,49739.3789921875,48305.54003515625,49442.72265625,1283410,0.0,0.0
2024-12-19 00:00:00+09:00,48157.210897517914,48701.08083578557,47761.66912423234,48305.5390625,1448266,0.0,0.0
2024-12-20 00:00:00+09:00,48008.88289345855,48305.539224417094,47267.24206606217,47712.2265625,1330773,0.0,0.0
2024-12-23 00:00:00+09:00,47811.11172825811,48898.85160211714,47761.669006719065,48750.5234375,829898,0.0,0.0
2024-12-24 00:00:00+09:00,48651.639264929145,48849.41015625,48206.65475945723,48849.41015625,594327,0.0,0.0
2024-12-26 00:00:00+09:00,48948.29706671779,48948.29706671779,47959.44258052147,48354.984375,1011341,0.0,0.0
2024-12-27 00:00:00+09:00,47909.99872754007,48354.9832358454,47465.01421923475,47811.11328125,898979,0.0,0.0
2024-12-30 00:00:00+09:00,48305.53939041186,48799.96661037513,47118.9140625,47118.9140625,843682,0.0,0.0
2025-01-02 00:00:00+09:00,47020.0298879254,48008.88435454843,47020.0298879254,47217.80078125,594123,0.0,0.0
2025-01-03 00:00:00+09:00,47316.68609391208,48552.75417369035,47316.68609391208,47662.78515625,1054730,0.0,0.0
2025-01-06 00:00:00+09:00,47712.227659761236,48404.42578125,47465.01404494382,48404.42578125,983822,0.0,0.0
2025-01-07 00:00:00+09:00,48404.42578125,49294.39479459269,48256.09761235955,48404.42578125,1204267,0.0,0.0
2025-01-08 00:00:00+09:00,47959.43993196846,49146.06524987284,47959.43993196846,48602.1953125,821327,0.0,0.0
2025-01-09 00:00:00+09:00,48305.5414614899,49442.72411616162,48256.09873737374,48948.296875,1083039,0.0,0.0
2025-01-10 00:00:00+09:00,48651.639136158476,49739.37903554414,48552.75369075978,49294.39453125,995783,0.0,0.0
2025-01-13 00:00:00+09:00,48651.63909375,49739.3789921875,48651.63909375,49442.72265625,969835,0.0,0.0
2025-01-14 00:00:00+09:00,49640.49501262626,49739.380460858585,48651.64053030303,48948.296875,800945,0.0,0.0
2025-01-15 00:00:00+09:00,49541.608015966696,50827.11880280815,49195.508957970924,49739.37890625,1577800,0.0,0.0
2025-01-16 00:00:00+09:00,50332.6915770999,50431.57702224155,49442.72257082505,49739.37890625,818752,0.0,0.0
2025-01-17 00:00:00+09:00,50233.8050429727,50530.46137196663,48453.8670690091,48898.8515625,1345174,0.0,0.0
2025-01-20 00:00:00+09:00,49047.18218218218,49937.15121371371,49047.18218218218,49393.28125,783496,0.0,0.0
2025-01-21 00:00:00+09:00,49541.610796168345,49838.26714824121,48997.740817368096,49195.51171875,740714,0.0,0.0
2025-01-22 00:00:00+09:00,49640.493546875,50036.035328125,49442.72265625,49442.72265625,932267,0.0,0.0
2025-01-23 00:00:00+09:00,49838.26435139165,50728.2333576665,49442.72257082505,49739.37890625,1215307,0.0,0.0
2025-01-24 00:00:00+09:00,49937.1498828125,50036.035328125,49146.0663203125,49442.72265625,1098318,0.0,0.0
2025-01-31 00:00:00+09:00,50431.57939395792,51321.5484420866,50134.9230445817,50530.46484375,1386966,0.0,0.0
2025-02-03 00:00:00+09:00,50728.23604799552,50827.12149838147,49244.954292206174,49640.49609375,1136445,0.0,0.0
2025-02-04 00:00:00+09:00,49739.37999387255,50728.23446691177,49541.60909926471,50431.578125,1082282,0.0,0.0
2025-02-05 00:00:00+09:00,50629.34911242603,51420.432692307695,50036.036427514795,50134.921875,1164141,0.0,0.0
2025-02-06 00:00:00+09:00,49838.2644375,50036.035328125,48453.868203125,49442.72265625,1632445,0.0,0.0
2025-02-07 00:00:00+09:00,49343.83742861675,49739.379211611675,48602.19658550127,48701.08203125,1097705,0.0,0.0
2025-02-10 00:00:00+09:00,48354.98292794787,49294.39466172191,48256.09748228745,48849.41015625,1068542,0.0,0.0
2025-02-11 00:00:00+09:00,48898.85296668152,49195.509304194245,48305.54029165606,48552.75390625,812888,0.0,0.0
2025-02-12 00:00:00+09:00,48206.65629822531,48898.85443994341,48058.328125,48058.328125,1261936,0.0,0.0
2025-02-13 00:00:00+09:00,47910.0,48453.86996904025,47860.557275541796,47910.0,2128957,0.0,0.0
2025-02-14 00:00:00+09:00,46970.58698778439,48008.88417383014,46970.58698778439,47811.11328125,1527922,0.0,0.0
2025-02-17 00:00:00+09:00,47761.67182662539,48206.65634674922,47415.572755417954,47910.0,880421,0.0,0.0
2025-02-18 00:00:00+09:00,47811.11455108359,48256.09907120743,47712.229102167184,47910.0,1384205,0.0,0.0
2025-02-19 00:00:00+09:00,48107.770897832816,48503.312693498454,47910.0,47910.0,1930383,0.0,0.0
