Datetime,Open,High,Low,Close,Volume,Dividends,Stock Splits
2025-03-25 13:21:00+09:00,48900.0,48900.0,48850.0,48900.0,0,0.0,0.0
2025-03-25 13:22:00+09:00,48900.0,48900.0,48850.0,48850.0,2233,0.0,0.0
2025-03-25 13:23:00+09:00,48850.0,48900.0,48800.0,48850.0,7624,0.0,0.0
2025-03-25 13:24:00+09:00,48850.0,48850.0,48800.0,48850.0,2060,0.0,0.0
2025-03-25 13:25:00+09:00,48800.0,48900.0,48800.0,48900.0,3878,0.0,0.0
2025-03-25 13:26:00+09:00,48900.0,48900.0,48850.0,48850.0,924,0.0,0.0
2025-03-25 13:27:00+09:00,48900.0,48900.0,48800.0,48850.0,1555,0.0,0.0
2025-03-25 13:28:00+09:00,48850.0,48900.0,48800.0,48800.0,4110,0.0,0.0
2025-03-25 13:29:00+09:00,48800.0,48850.0,48750.0,48800.0,1356,0.0,0.0
2025-03-25 13:30:00+09:00,48850.0,48850.0,48750.0,48800.0,1645,0.0,0.0
2025-03-25 13:31:00+09:00,48750.0,48800.0,48750.0,48750.0,1023,0.0,0.0
2025-03-25 13:32:00+09:00,48800.0,48800.0,48750.0,48750.0,1080,0.0,0.0
2025-03-25 13:33:00+09:00,48800.0,48800.0,48750.0,48750.0,999,0.0,0.0
2025-03-25 13:34:00+09:00,48750.0,48850.0,48750.0,48750.0,3257,0.0,0.0
2025-03-25 13:35:00+09:00,48800.0,48800.0,48700.0,48750.0,7789,0.0,0.0
2025-03-25 13:36:00+09:00,48750.0,48800.0,48750.0,48800.0,770,0.0,0.0
2025-03-25 13:37:00+09:00,48750.0,48800.0,48700.0,48750.0,1313,0.0,0.0
2025-03-25 13:38:00+09:00,48700.0,48800.0,48700.0,48800.0,1525,0.0,0.0
2025-03-25 13:39:00+09:00,48750.0,48800.0,48750.0,48750.0,819,0.0,0.0
2025-03-25 13:40:00+09:00,48800.0,48800.0,48750.0,48750.0,812,0.0,0.0
2025-03-25 13:41:00+09:00,48800.0,48800.0,48750.0,48750.0,1430,0.0,0.0
2025-03-25 13:42:00+09:00,48800.0,48850.0,48750.0,48850.0,10650,0.0,0.0
2025-03-25 13:43:00+09:00,48850.0,48850.0,48800.0,48850.0,2900,0.0,0.0
2025-03-25 13:44:00+09:00,48850.0,48850.0,48800.0,48800.0,977,0.0,0.0
2025-03-25 13:45:00+09:00,48850.0,48850.0,48800.0,48850.0,1465,0.0,0.0
2025-03-25 13:46:00+09:00,48850.0,48850.0,48800.0,48850.0,1200,0.0,0.0
2025-03-25 13:47:00+09:00,48800.0,48850.0,48800.0,48850.0,1204,0.0,0.0
2025-03-25 13:48:00+09:00,48850.0,48850.0,48750.0,48800.0,3700,0.0,0.0
2025-03-25 13:49:00+09:00,48800.0,48800.0,48750.0,48750.0,3566,0.0,0.0
2025-03-25 13:50:00+09:00,48750.0,48800.0,48750.0,48750.0,2765,0.0,0.0
2025-03-25 13:51:00+09:00,48800.0,48850.0,48750.0,48800.0,2559,0.0,0.0
2025-03-25 13:52:00+09:00,48800.0,48800.0,48750.0,48800.0,1156,0.0,0.0
2025-03-25 13:53:00+09:00,48800.0,48800.0,48750.0,48750.0,860,0.0,0.0
2025-03-25 13:54:00+09:00,48750.0,48800.0,48750.0,48750.0,976,0.0,0.0
2025-03-25 13:55:00+09:00,48800.0,48800.0,48750.0,48750.0,1250,0.0,0.0
2025-03-25 13:56:00+09:00,48750.0,48800.0,48750.0,48800.0,1833,0.0,0.0
2025-03-25 13:57:00+09:00,48800.0,48800.0,48750.0,48750.0,3305,0.0,0.0
2025-03-25 13:58:00+09:00,48750.0,48800.0,48750.0,48750.0,1266,0.0,0.0
2025-03-25 13:59:00+09:00,48800.0,48800.0,48750.0,48800.0,849,0.0,0.0
2025-03-25 14:00:00+09:00,48800.0,48800.0,48750.0,48750.0,2019,0.0,0.0
2025-03-25 14:01:00+09:00,48800.0,48850.0,48750.0,48800.0,6769,0.0,0.0
2025-03-25 14:02:00+09:00,48800.0,48850.0,48750.0,48750.0,2951,0.0,0.0
2025-03-25 14:03:00+09:00,48800.0,48800.0,48750.0,48750.0,557,0.0,0.0
2025-03-25 14:04:00+09:00,48800.0,48800.0,48700.0,48750.0,5274,0.0,0.0
2025-03-25 14:05:00+09:00,48750.0,48750.0,48700.0,48700.0,1408,0.0,0.0
2025-03-25 14:06:00+09:00,48700.0,48750.0,48700.0,48700.0,1824,0.0,0.0
2025-03-25 14:07:00+09:00,48750.0,48800.0,48700.0,48750.0,10808,0.0,0.0
2025-03-25 14:08:00+09:00,48750.0,48800.0,48700.0,48750.0,2361,0.0,0.0
2025-03-25 14:09:00+09:00,48700.0,48750.0,48700.0,48700.0,608,0.0,0.0
2025-03-25 14:10:00+09:00,48750.0,48800.0,48700.0,48750.0,1667,0.0,0.0
2025-03-25 14:11:00+09:00,48750.0,48800.0,48750.0,48750.0,769,0.0,0.0
2025-03-25 14:12:00+09:00,48800.0,48800.0,48750.0,48750.0,1237,0.0,0.0
2025-03-25 14:13:00+09:00,48750.0,48800.0,48750.0,48750.0,737,0.0,0.0
2025-03-25 14:14:00+09:00,48800.0,48800.0,48750.0,48800.0,535,0.0,0.0
2025-03-25 14:15:00+09:00,48750.0,48800.0,48750.0,48750.0,1257,0.0,0.0
2025-03-25 14:16:00+09:00,48800.0,48800.0,48750.0,48800.0,905,0.0,0.0
2025-03-25 14:17:00+09:00,48750.0,48800.0,48750.0,48750.0,737,0.0,0.0
2025-03-25 14:18:00+09:00,48750.0,48800.0,48700.0,48750.0,5417,0.0,0.0
2025-03-25 14:19:00+09:00,48700.0,48750.0,48700.0,48700.0,917,0.0,0.0
2025-03-25 14:20:00+09:00,48750.0,48750.0,48700.0,48750.0,4909,0.0,0.0
2025-03-25 14:21:00+09:00,48700.0,48800.0,48700.0,48750.0,10246,0.0,0.0
2025-03-25 14:22:00+09:00,48800.0,48800.0,48750.0,48750.0,1213,0.0,0.0
2025-03-25 14:23:00+09:00,48750.0,48800.0,48750.0,48750.0,1078,0.0,0.0
2025-03-25 14:24:00+09:00,48750.0,48800.0,48750.0,48800.0,1179,0.0,0.0
2025-03-25 14:25:00+09:00,48750.0,48800.0,48750.0,48750.0,3765,0.0,0.0
2025-03-25 14:26:00+09:00,48750.0,48800.0,48750.0,48750.0,868,0.0,0.0
2025-03-25 14:27:00+09:00,48800.0,48800.0,48750.0,48750.0,1566,0.0,0.0
2025-03-25 14:28:00+09:00,48800.0,48850.0,48750.0,48800.0,1770,0.0,0.0
2025-03-25 14:29:00+09:00,48750.0,48800.0,48700.0,48700.0,7495,0.0,0.0
2025-03-25 14:30:00+09:00,48700.0,48750.0,48700.0,48750.0,1119,0.0,0.0
2025-03-25 14:31:00+09:00,48700.0,48800.0,48700.0,48750.0,2972,0.0,0.0
2025-03-25 14:32:00+09:00,48700.0,48750.0,48700.0,48750.0,667,0.0,0.0
2025-03-25 14:33:00+09:00,48700.0,48750.0,48700.0,48750.0,2411,0.0,0.0
2025-03-25 14:34:00+09:00,48750.0,48800.0,48700.0,48700.0,753,0.0,0.0
2025-03-25 14:35:00+09:00,48700.0,48750.0,48700.0,48700.0,978,0.0,0.0
2025-03-25 14:36:00+09:00,48750.0,48750.0,48700.0,48700.0,1475,0.0,0.0
2025-03-25 14:37:00+09:00,48700.0,48800.0,48700.0,48750.0,2471,0.0,0.0
2025-03-25 14:38:00+09:00,48750.0,48800.0,48750.0,48750.0,1511,0.0,0.0
2025-03-25 14:39:00+09:00,48750.0,48800.0,48750.0,48750.0,1570,0.0,0.0
2025-03-25 14:40:00+09:00,48750.0,48800.0,48750.0,48750.0,4182,0.0,0.0
2025-03-25 14:41:00+09:00,48750.0,48800.0,48750.0,48800.0,2624,0.0,0.0
2025-03-25 14:42:00+09:00,48800.0,48800.0,48750.0,48750.0,1225,0.0,0.0
2025-03-25 14:43:00+09:00,48750.0,48800.0,48750.0,48750.0,2524,0.0,0.0
2025-03-25 14:44:00+09:00,48750.0,48800.0,48700.0,48700.0,942,0.0,0.0
2025-03-25 14:45:00+09:00,48750.0,48800.0,48750.0,48750.0,792,0.0,0.0
2025-03-25 14:46:00+09:00,48750.0,48800.0,48750.0,48750.0,1626,0.0,0.0
2025-03-25 14:47:00+09:00,48750.0,48800.0,48750.0,48750.0,1349,0.0,0.0
2025-03-25 14:48:00+09:00,48800.0,48800.0,48750.0,48750.0,896,0.0,0.0
2025-03-25 14:49:00+09:00,48750.0,48800.0,48750.0,48750.0,2150,0.0,0.0
2025-03-25 14:50:00+09:00,48800.0,48800.0,48750.0,48750.0,668,0.0,0.0
2025-03-25 14:51:00+09:00,48800.0,48800.0,48750.0,48800.0,580,0.0,0.0
2025-03-25 14:52:00+09:00,48750.0,48800.0,48750.0,48800.0,907,0.0,0.0
2025-03-25 14:53:00+09:00,48800.0,48800.0,48750.0,48800.0,1664,0.0,0.0
2025-03-25 14:54:00+09:00,48750.0,48800.0,48750.0,48800.0,689,0.0,0.0
2025-03-25 14:55:00+09:00,48800.0,48800.0,48750.0,48800.0,442,0.0,0.0
2025-03-25 14:56:00+09:00,48800.0,48800.0,48750.0,48750.0,986,0.0,0.0
2025-03-25 14:57:00+09:00,48750.0,48800.0,48750.0,48800.0,2446,0.0,0.0
2025-03-25 14:58:00+09:00,48750.0,48800.0,48750.0,48800.0,965,0.0,0.0
2025-03-25 14:59:00+09:00,48800.0,48900.0,48800.0,48900.0,12197,0.0,0.0
2025-03-26 09:00:00+09:00,49000.0,49050.0,48700.0,48800.0,29570,0.0,0.0
2025-03-26 09:01:00+09:00,48800.0,48850.0,48750.0,48750.0,3785,0.0,0.0
2025-03-26 09:02:00+09:00,48800.0,48950.0,48750.0,48950.0,9060,0.0,0.0
2025-03-26 09:03:00+09:00,48950.0,49050.0,48900.0,48950.0,5328,0.0,0.0
2025-03-26 09:04:00+09:00,49000.0,49000.0,48900.0,48900.0,3448,0.0,0.0
2025-03-26 09:05:00+09:00,48900.0,48950.0,48900.0,48900.0,2354,0.0,0.0
2025-03-26 09:06:00+09:00,48900.0,48950.0,48750.0,48800.0,4501,0.0,0.0
2025-03-26 09:07:00+09:00,48850.0,48950.0,48800.0,48900.0,3707,0.0,0.0
2025-03-26 09:08:00+09:00,48950.0,48950.0,48850.0,48900.0,5239,0.0,0.0
2025-03-26 09:09:00+09:00,48900.0,48900.0,48800.0,48850.0,1734,0.0,0.0
2025-03-26 09:10:00+09:00,48900.0,48900.0,48800.0,48850.0,4992,0.0,0.0
2025-03-26 09:11:00+09:00,48850.0,48900.0,48750.0,48750.0,3381,0.0,0.0
2025-03-26 09:12:00+09:00,48800.0,48900.0,48750.0,48900.0,2150,0.0,0.0
2025-03-26 09:13:00+09:00,48850.0,48950.0,48850.0,48950.0,1795,0.0,0.0
2025-03-26 09:14:00+09:00,48900.0,48950.0,48900.0,48900.0,1220,0.0,0.0
2025-03-26 09:15:00+09:00,48900.0,48950.0,48800.0,48850.0,3170,0.0,0.0
2025-03-26 09:16:00+09:00,48900.0,48900.0,48750.0,48800.0,5751,0.0,0.0
2025-03-26 09:17:00+09:00,48750.0,48800.0,48550.0,48600.0,17083,0.0,0.0
2025-03-26 09:18:00+09:00,48600.0,48700.0,48600.0,48700.0,5913,0.0,0.0
2025-03-26 09:19:00+09:00,48700.0,48750.0,48650.0,48650.0,2277,0.0,0.0
2025-03-26 09:20:00+09:00,48700.0,48700.0,48550.0,48650.0,4936,0.0,0.0
2025-03-26 09:21:00+09:00,48650.0,48650.0,48550.0,48600.0,2971,0.0,0.0
2025-03-26 09:22:00+09:00,48650.0,48650.0,48550.0,48650.0,3329,0.0,0.0
2025-03-26 09:23:00+09:00,48650.0,48650.0,48600.0,48600.0,1284,0.0,0.0
2025-03-26 09:24:00+09:00,48650.0,48650.0,48550.0,48600.0,2427,0.0,0.0
2025-03-26 09:25:00+09:00,48600.0,48700.0,48550.0,48600.0,7083,0.0,0.0
2025-03-26 09:26:00+09:00,48600.0,48600.0,48500.0,48500.0,9921,0.0,0.0
2025-03-26 09:27:00+09:00,48500.0,48700.0,48500.0,48600.0,3110,0.0,0.0
2025-03-26 09:28:00+09:00,48650.0,48750.0,48600.0,48650.0,3902,0.0,0.0
2025-03-26 09:29:00+09:00,48650.0,48700.0,48550.0,48600.0,1977,0.0,0.0
2025-03-26 09:30:00+09:00,48550.0,48650.0,48550.0,48650.0,1348,0.0,0.0
2025-03-26 09:31:00+09:00,48650.0,48700.0,48600.0,48650.0,2793,0.0,0.0
2025-03-26 09:32:00+09:00,48700.0,48700.0,48600.0,48650.0,2930,0.0,0.0
2025-03-26 09:33:00+09:00,48650.0,48700.0,48650.0,48650.0,1450,0.0,0.0
2025-03-26 09:34:00+09:00,48700.0,48750.0,48650.0,48700.0,1349,0.0,0.0
2025-03-26 09:35:00+09:00,48750.0,48750.0,48700.0,48700.0,1043,0.0,0.0
2025-03-26 09:36:00+09:00,48750.0,48750.0,48550.0,48600.0,6146,0.0,0.0
2025-03-26 09:37:00+09:00,48550.0,48600.0,48550.0,48600.0,908,0.0,0.0
2025-03-26 09:38:00+09:00,48575.0,48650.0,48550.0,48550.0,1596,0.0,0.0
2025-03-26 09:39:00+09:00,48650.0,48650.0,48600.0,48650.0,1042,0.0,0.0
2025-03-26 09:40:00+09:00,48600.0,48750.0,48600.0,48650.0,2951,0.0,0.0
2025-03-26 09:41:00+09:00,48600.0,48700.0,48600.0,48700.0,1988,0.0,0.0
2025-03-26 09:42:00+09:00,48700.0,48750.0,48650.0,48650.0,1052,0.0,0.0
2025-03-26 09:43:00+09:00,48700.0,48700.0,48550.0,48550.0,5443,0.0,0.0
2025-03-26 09:44:00+09:00,48550.0,48600.0,48500.0,48550.0,7389,0.0,0.0
2025-03-26 09:45:00+09:00,48500.0,48600.0,48450.0,48500.0,15915,0.0,0.0
2025-03-26 09:46:00+09:00,48450.0,48550.0,48450.0,48450.0,1772,0.0,0.0
2025-03-26 09:47:00+09:00,48450.0,48500.0,48450.0,48450.0,930,0.0,0.0
2025-03-26 09:48:00+09:00,48500.0,48550.0,48450.0,48500.0,1568,0.0,0.0
2025-03-26 09:49:00+09:00,48500.0,48550.0,48500.0,48500.0,1557,0.0,0.0
2025-03-26 09:50:00+09:00,48500.0,48550.0,48450.0,48500.0,1315,0.0,0.0
2025-03-26 09:51:00+09:00,48450.0,48550.0,48450.0,48550.0,3168,0.0,0.0
2025-03-26 09:52:00+09:00,48500.0,48600.0,48500.0,48550.0,1520,0.0,0.0
2025-03-26 09:53:00+09:00,48550.0,48650.0,48550.0,48650.0,1079,0.0,0.0
2025-03-26 09:54:00+09:00,48650.0,48650.0,48550.0,48550.0,2125,0.0,0.0
2025-03-26 09:55:00+09:00,48550.0,48650.0,48550.0,48650.0,1112,0.0,0.0
2025-03-26 09:56:00+09:00,48600.0,48650.0,48550.0,48550.0,2237,0.0,0.0
2025-03-26 09:57:00+09:00,48550.0,48650.0,48550.0,48650.0,492,0.0,0.0
2025-03-26 09:58:00+09:00,48550.0,48600.0,48550.0,48600.0,1431,0.0,0.0
2025-03-26 09:59:00+09:00,48550.0,48600.0,48550.0,48550.0,780,0.0,0.0
2025-03-26 10:00:00+09:00,48550.0,48600.0,48550.0,48600.0,1162,0.0,0.0
2025-03-26 10:01:00+09:00,48550.0,48700.0,48550.0,48700.0,2704,0.0,0.0
2025-03-26 10:02:00+09:00,48700.0,48750.0,48650.0,48700.0,1899,0.0,0.0
2025-03-26 10:03:00+09:00,48725.0,48750.0,48650.0,48650.0,1636,0.0,0.0
2025-03-26 10:04:00+09:00,48700.0,48800.0,48700.0,48800.0,3393,0.0,0.0
2025-03-26 10:05:00+09:00,48800.0,48850.0,48750.0,48800.0,2692,0.0,0.0
2025-03-26 10:06:00+09:00,48800.0,48800.0,48750.0,48800.0,1110,0.0,0.0
2025-03-26 10:07:00+09:00,48800.0,48800.0,48750.0,48750.0,1145,0.0,0.0
2025-03-26 10:08:00+09:00,48750.0,48850.0,48750.0,48800.0,1665,0.0,0.0
2025-03-26 10:09:00+09:00,48800.0,48850.0,48700.0,48750.0,2270,0.0,0.0
2025-03-26 10:10:00+09:00,48800.0,48850.0,48750.0,48800.0,1640,0.0,0.0
2025-03-26 10:11:00+09:00,48800.0,48850.0,48800.0,48850.0,1878,0.0,0.0
2025-03-26 10:12:00+09:00,48850.0,48900.0,48800.0,48850.0,1262,0.0,0.0
2025-03-26 10:13:00+09:00,48850.0,48900.0,48800.0,48850.0,2302,0.0,0.0
2025-03-26 10:14:00+09:00,48800.0,48900.0,48800.0,48850.0,1626,0.0,0.0
2025-03-26 10:15:00+09:00,48850.0,48950.0,48850.0,48950.0,3089,0.0,0.0
2025-03-26 10:16:00+09:00,48950.0,48950.0,48800.0,48900.0,4289,0.0,0.0
2025-03-26 10:17:00+09:00,48850.0,48950.0,48800.0,48900.0,3451,0.0,0.0
2025-03-26 10:18:00+09:00,48900.0,48950.0,48900.0,48950.0,2441,0.0,0.0
2025-03-26 10:19:00+09:00,48900.0,48950.0,48850.0,48850.0,4391,0.0,0.0
2025-03-26 10:20:00+09:00,48900.0,48950.0,48850.0,48950.0,2609,0.0,0.0
2025-03-26 10:21:00+09:00,48950.0,49000.0,48900.0,48950.0,1905,0.0,0.0
2025-03-26 10:22:00+09:00,48900.0,48950.0,48900.0,48950.0,965,0.0,0.0
2025-03-26 10:23:00+09:00,48950.0,49000.0,48900.0,49000.0,4135,0.0,0.0
2025-03-26 10:24:00+09:00,49000.0,49000.0,48900.0,48950.0,3057,0.0,0.0
2025-03-26 10:25:00+09:00,49000.0,49000.0,48750.0,48800.0,9298,0.0,0.0
2025-03-26 10:26:00+09:00,48850.0,48900.0,48750.0,48800.0,2203,0.0,0.0
2025-03-26 10:27:00+09:00,48850.0,48900.0,48800.0,48850.0,2512,0.0,0.0
2025-03-26 10:28:00+09:00,48900.0,48900.0,48800.0,48850.0,967,0.0,0.0
2025-03-26 10:29:00+09:00,48850.0,48900.0,48800.0,48850.0,2929,0.0,0.0
2025-03-26 10:30:00+09:00,48850.0,48950.0,48800.0,48900.0,992,0.0,0.0
2025-03-26 10:31:00+09:00,48850.0,48950.0,48850.0,48850.0,1890,0.0,0.0
2025-03-26 10:32:00+09:00,48850.0,48900.0,48850.0,48900.0,683,0.0,0.0
2025-03-26 10:33:00+09:00,48850.0,48950.0,48850.0,48900.0,939,0.0,0.0
2025-03-26 10:34:00+09:00,48950.0,48950.0,48900.0,48950.0,1748,0.0,0.0
2025-03-26 10:35:00+09:00,48950.0,48950.0,48850.0,48850.0,2967,0.0,0.0
2025-03-26 10:36:00+09:00,48900.0,48950.0,48850.0,48950.0,1866,0.0,0.0
2025-03-26 10:37:00+09:00,48850.0,48950.0,48850.0,48900.0,774,0.0,0.0
2025-03-26 10:38:00+09:00,48900.0,48900.0,48800.0,48800.0,3647,0.0,0.0
2025-03-26 10:39:00+09:00,48800.0,48800.0,48650.0,48700.0,11885,0.0,0.0
2025-03-26 10:40:00+09:00,48750.0,48800.0,48700.0,48800.0,2127,0.0,0.0
2025-03-26 10:41:00+09:00,48800.0,48800.0,48700.0,48750.0,3910,0.0,0.0
2025-03-26 10:42:00+09:00,48750.0,48800.0,48750.0,48750.0,297,0.0,0.0
2025-03-26 10:43:00+09:00,48800.0,48800.0,48750.0,48775.0,910,0.0,0.0
2025-03-26 10:44:00+09:00,48750.0,48800.0,48750.0,48750.0,951,0.0,0.0
2025-03-26 10:45:00+09:00,48800.0,48850.0,48750.0,48800.0,2304,0.0,0.0
2025-03-26 10:46:00+09:00,48800.0,48850.0,48750.0,48850.0,2625,0.0,0.0
2025-03-26 10:47:00+09:00,48800.0,48850.0,48800.0,48800.0,1019,0.0,0.0
2025-03-26 10:48:00+09:00,48850.0,48850.0,48750.0,48800.0,2238,0.0,0.0
2025-03-26 10:49:00+09:00,48800.0,48850.0,48750.0,48800.0,983,0.0,0.0
2025-03-26 10:50:00+09:00,48750.0,48850.0,48700.0,48800.0,4160,0.0,0.0
2025-03-26 10:51:00+09:00,48800.0,48800.0,48750.0,48750.0,553,0.0,0.0
2025-03-26 10:52:00+09:00,48750.0,48800.0,48750.0,48800.0,1056,0.0,0.0
2025-03-26 10:53:00+09:00,48800.0,48800.0,48700.0,48750.0,1260,0.0,0.0
2025-03-26 10:54:00+09:00,48700.0,48800.0,48700.0,48750.0,2707,0.0,0.0
2025-03-26 10:55:00+09:00,48750.0,48800.0,48750.0,48750.0,531,0.0,0.0
2025-03-26 10:56:00+09:00,48800.0,48800.0,48700.0,48750.0,1455,0.0,0.0
2025-03-26 10:57:00+09:00,48750.0,48800.0,48700.0,48700.0,1833,0.0,0.0
2025-03-26 10:58:00+09:00,48750.0,48750.0,48700.0,48700.0,998,0.0,0.0
2025-03-26 10:59:00+09:00,48750.0,48750.0,48700.0,48700.0,2535,0.0,0.0
2025-03-26 11:00:00+09:00,48700.0,48750.0,48700.0,48750.0,1096,0.0,0.0
2025-03-26 11:01:00+09:00,48700.0,48750.0,48700.0,48750.0,701,0.0,0.0
2025-03-26 11:02:00+09:00,48750.0,48750.0,48700.0,48700.0,1925,0.0,0.0
2025-03-26 11:03:00+09:00,48700.0,48750.0,48700.0,48700.0,1094,0.0,0.0
2025-03-26 11:04:00+09:00,48750.0,48800.0,48700.0,48800.0,2375,0.0,0.0
2025-03-26 11:05:00+09:00,48800.0,48800.0,48750.0,48800.0,1422,0.0,0.0
2025-03-26 11:06:00+09:00,48800.0,48800.0,48750.0,48800.0,859,0.0,0.0
2025-03-26 11:07:00+09:00,48800.0,48800.0,48700.0,48700.0,4519,0.0,0.0
2025-03-26 11:08:00+09:00,48750.0,48800.0,48700.0,48750.0,2568,0.0,0.0
2025-03-26 11:09:00+09:00,48750.0,48800.0,48750.0,48800.0,960,0.0,0.0
2025-03-26 11:10:00+09:00,48800.0,48800.0,48750.0,48800.0,872,0.0,0.0
2025-03-26 11:11:00+09:00,48800.0,48800.0,48750.0,48800.0,1698,0.0,0.0
2025-03-26 11:12:00+09:00,48800.0,48850.0,48750.0,48850.0,1210,0.0,0.0
2025-03-26 11:13:00+09:00,48800.0,48800.0,48750.0,48750.0,4851,0.0,0.0
2025-03-26 11:14:00+09:00,48700.0,48750.0,48700.0,48750.0,680,0.0,0.0
2025-03-26 11:15:00+09:00,48750.0,48750.0,48700.0,48750.0,634,0.0,0.0
2025-03-26 11:16:00+09:00,48750.0,48750.0,48700.0,48700.0,647,0.0,0.0
2025-03-26 11:17:00+09:00,48750.0,48750.0,48700.0,48750.0,2113,0.0,0.0
2025-03-26 11:18:00+09:00,48750.0,48800.0,48700.0,48750.0,1657,0.0,0.0
2025-03-26 11:19:00+09:00,48750.0,48850.0,48700.0,48750.0,3514,0.0,0.0
2025-03-26 11:20:00+09:00,48800.0,48850.0,48750.0,48850.0,881,0.0,0.0
2025-03-26 11:21:00+09:00,48800.0,48850.0,48800.0,48850.0,841,0.0,0.0
2025-03-26 11:22:00+09:00,48850.0,48850.0,48800.0,48850.0,933,0.0,0.0
2025-03-26 11:23:00+09:00,48800.0,48850.0,48800.0,48850.0,1027,0.0,0.0
2025-03-26 11:24:00+09:00,48800.0,48850.0,48800.0,48800.0,776,0.0,0.0
2025-03-26 11:25:00+09:00,48825.0,48850.0,48700.0,48750.0,5836,0.0,0.0
2025-03-26 11:26:00+09:00,48750.0,48800.0,48700.0,48800.0,524,0.0,0.0
2025-03-26 11:27:00+09:00,48800.0,48800.0,48750.0,48800.0,493,0.0,0.0
2025-03-26 11:28:00+09:00,48750.0,48800.0,48750.0,48800.0,860,0.0,0.0
2025-03-26 11:29:00+09:00,48800.0,48800.0,48750.0,48800.0,593,0.0,0.0
2025-03-26 11:30:00+09:00,48800.0,48850.0,48800.0,48850.0,3026,0.0,0.0
2025-03-26 11:31:00+09:00,48750.0,48850.0,48750.0,48750.0,1949,0.0,0.0
2025-03-26 11:32:00+09:00,48800.0,48800.0,48750.0,48800.0,836,0.0,0.0
2025-03-26 11:33:00+09:00,48750.0,48800.0,48750.0,48750.0,1351,0.0,0.0
2025-03-26 11:34:00+09:00,48800.0,48850.0,48750.0,48800.0,2063,0.0,0.0
2025-03-26 11:35:00+09:00,48800.0,48850.0,48750.0,48750.0,1050,0.0,0.0
2025-03-26 11:36:00+09:00,48750.0,48850.0,48750.0,48800.0,2691,0.0,0.0
2025-03-26 11:37:00+09:00,48850.0,48900.0,48800.0,48850.0,872,0.0,0.0
2025-03-26 11:38:00+09:00,48850.0,48850.0,48750.0,48800.0,3862,0.0,0.0
2025-03-26 11:39:00+09:00,48750.0,48800.0,48750.0,48750.0,371,0.0,0.0
2025-03-26 11:40:00+09:00,48750.0,48800.0,48750.0,48800.0,793,0.0,0.0
2025-03-26 11:41:00+09:00,48750.0,48800.0,48750.0,48750.0,1023,0.0,0.0
2025-03-26 11:42:00+09:00,48800.0,48850.0,48750.0,48850.0,1467,0.0,0.0
2025-03-26 11:43:00+09:00,48800.0,48850.0,48750.0,48800.0,4128,0.0,0.0
2025-03-26 11:44:00+09:00,48800.0,48850.0,48750.0,48800.0,910,0.0,0.0
2025-03-26 11:45:00+09:00,48850.0,48850.0,48800.0,48800.0,630,0.0,0.0
2025-03-26 11:46:00+09:00,48850.0,48850.0,48800.0,48800.0,505,0.0,0.0
2025-03-26 11:47:00+09:00,48800.0,48850.0,48750.0,48800.0,7445,0.0,0.0
2025-03-26 11:48:00+09:00,48800.0,48800.0,48750.0,48800.0,423,0.0,0.0
2025-03-26 11:49:00+09:00,48800.0,48800.0,48750.0,48800.0,751,0.0,0.0
2025-03-26 11:50:00+09:00,48800.0,48800.0,48750.0,48800.0,1243,0.0,0.0
2025-03-26 11:51:00+09:00,48750.0,48800.0,48750.0,48750.0,556,0.0,0.0
2025-03-26 11:52:00+09:00,48800.0,48850.0,48750.0,48800.0,4609,0.0,0.0
2025-03-26 11:53:00+09:00,48750.0,48800.0,48750.0,48800.0,808,0.0,0.0
2025-03-26 11:54:00+09:00,48750.0,48800.0,48750.0,48800.0,446,0.0,0.0
2025-03-26 11:55:00+09:00,48750.0,48850.0,48750.0,48800.0,1183,0.0,0.0
2025-03-26 11:56:00+09:00,48800.0,48800.0,48750.0,48750.0,656,0.0,0.0
2025-03-26 11:57:00+09:00,48800.0,48800.0,48750.0,48800.0,730,0.0,0.0
2025-03-26 11:58:00+09:00,48800.0,48800.0,48750.0,48800.0,817,0.0,0.0
2025-03-26 11:59:00+09:00,48800.0,48800.0,48750.0,48750.0,950,0.0,0.0
2025-03-26 12:00:00+09:00,48750.0,48850.0,48750.0,48750.0,2069,0.0,0.0
2025-03-26 12:01:00+09:00,48750.0,48850.0,48750.0,48850.0,1791,0.0,0.0
2025-03-26 12:02:00+09:00,48800.0,48850.0,48750.0,48800.0,751,0.0,0.0
2025-03-26 12:03:00+09:00,48800.0,48800.0,48750.0,48800.0,1107,0.0,0.0
2025-03-26 12:04:00+09:00,48750.0,48800.0,48750.0,48800.0,570,0.0,0.0
2025-03-26 12:05:00+09:00,48800.0,48800.0,48750.0,48750.0,1200,0.0,0.0
2025-03-26 12:06:00+09:00,48750.0,48800.0,48750.0,48800.0,1065,0.0,0.0
2025-03-26 12:07:00+09:00,48800.0,48800.0,48750.0,48750.0,1212,0.0,0.0
2025-03-26 12:08:00+09:00,48750.0,48800.0,48650.0,48700.0,16661,0.0,0.0
2025-03-26 12:09:00+09:00,48700.0,48700.0,48650.0,48700.0,1533,0.0,0.0
2025-03-26 12:10:00+09:00,48650.0,48750.0,48650.0,48700.0,1428,0.0,0.0
2025-03-26 12:11:00+09:00,48750.0,48750.0,48700.0,48750.0,1426,0.0,0.0
2025-03-26 12:12:00+09:00,48750.0,48800.0,48650.0,48650.0,2483,0.0,0.0
2025-03-26 12:13:00+09:00,48700.0,48750.0,48650.0,48650.0,1022,0.0,0.0
2025-03-26 12:14:00+09:00,48700.0,48750.0,48650.0,48650.0,1164,0.0,0.0
2025-03-26 12:15:00+09:00,48700.0,48700.0,48650.0,48650.0,1195,0.0,0.0
2025-03-26 12:16:00+09:00,48700.0,48750.0,48650.0,48750.0,1975,0.0,0.0
2025-03-26 12:17:00+09:00,48650.0,48700.0,48600.0,48650.0,6275,0.0,0.0
2025-03-26 12:18:00+09:00,48650.0,48650.0,48600.0,48650.0,1072,0.0,0.0
2025-03-26 12:19:00+09:00,48600.0,48650.0,48600.0,48650.0,1720,0.0,0.0
2025-03-26 12:20:00+09:00,48700.0,48700.0,48650.0,48650.0,673,0.0,0.0
2025-03-26 12:21:00+09:00,48650.0,48700.0,48600.0,48600.0,4080,0.0,0.0
2025-03-26 12:22:00+09:00,48600.0,48650.0,48600.0,48625.0,553,0.0,0.0
2025-03-26 12:23:00+09:00,48600.0,48650.0,48550.0,48650.0,4907,0.0,0.0
2025-03-26 12:24:00+09:00,48650.0,48650.0,48600.0,48650.0,809,0.0,0.0
2025-03-26 12:25:00+09:00,48650.0,48650.0,48600.0,48650.0,1218,0.0,0.0
2025-03-26 12:26:00+09:00,48650.0,48650.0,48600.0,48650.0,2107,0.0,0.0
2025-03-26 12:27:00+09:00,48700.0,48700.0,48600.0,48600.0,1723,0.0,0.0
2025-03-26 12:28:00+09:00,48600.0,48700.0,48600.0,48700.0,858,0.0,0.0
2025-03-26 12:29:00+09:00,48700.0,48700.0,48650.0,48700.0,1109,0.0,0.0
2025-03-26 12:30:00+09:00,48700.0,48700.0,48600.0,48600.0,2617,0.0,0.0
2025-03-26 12:31:00+09:00,48650.0,48700.0,48600.0,48600.0,2053,0.0,0.0
2025-03-26 12:32:00+09:00,48650.0,48700.0,48600.0,48650.0,1397,0.0,0.0
2025-03-26 12:33:00+09:00,48650.0,48650.0,48600.0,48650.0,4743,0.0,0.0
2025-03-26 12:34:00+09:00,48650.0,48650.0,48600.0,48600.0,746,0.0,0.0
2025-03-26 12:35:00+09:00,48650.0,48650.0,48600.0,48650.0,629,0.0,0.0
2025-03-26 12:36:00+09:00,48650.0,48650.0,48600.0,48650.0,1337,0.0,0.0
2025-03-26 12:37:00+09:00,48600.0,48650.0,48600.0,48600.0,1565,0.0,0.0
2025-03-26 12:38:00+09:00,48650.0,48650.0,48600.0,48650.0,804,0.0,0.0
2025-03-26 12:39:00+09:00,48650.0,48650.0,48600.0,48650.0,427,0.0,0.0
2025-03-26 12:40:00+09:00,48600.0,48650.0,48600.0,48650.0,727,0.0,0.0
2025-03-26 12:41:00+09:00,48650.0,48650.0,48600.0,48600.0,509,0.0,0.0
2025-03-26 12:42:00+09:00,48650.0,48650.0,48600.0,48600.0,688,0.0,0.0
2025-03-26 12:43:00+09:00,48650.0,48650.0,48600.0,48650.0,701,0.0,0.0
2025-03-26 12:44:00+09:00,48650.0,48650.0,48600.0,48650.0,4499,0.0,0.0
2025-03-26 12:45:00+09:00,48600.0,48650.0,48600.0,48650.0,515,0.0,0.0
2025-03-26 12:46:00+09:00,48600.0,48650.0,48600.0,48600.0,1444,0.0,0.0
2025-03-26 12:47:00+09:00,48600.0,48700.0,48600.0,48650.0,1170,0.0,0.0
2025-03-26 12:48:00+09:00,48700.0,48700.0,48650.0,48650.0,968,0.0,0.0
2025-03-26 12:49:00+09:00,48650.0,48700.0,48650.0,48650.0,708,0.0,0.0
2025-03-26 12:50:00+09:00,48700.0,48700.0,48650.0,48700.0,1158,0.0,0.0
2025-03-26 12:51:00+09:00,48650.0,48700.0,48650.0,48700.0,956,0.0,0.0
2025-03-26 12:52:00+09:00,48700.0,48700.0,48650.0,48700.0,514,0.0,0.0
2025-03-26 12:53:00+09:00,48650.0,48700.0,48650.0,48650.0,529,0.0,0.0
2025-03-26 12:54:00+09:00,48675.0,48700.0,48650.0,48650.0,885,0.0,0.0
2025-03-26 12:55:00+09:00,48650.0,48700.0,48650.0,48700.0,562,0.0,0.0
2025-03-26 12:56:00+09:00,48700.0,48700.0,48650.0,48650.0,831,0.0,0.0
2025-03-26 12:57:00+09:00,48650.0,48700.0,48650.0,48650.0,716,0.0,0.0
2025-03-26 12:58:00+09:00,48700.0,48700.0,48650.0,48700.0,1545,0.0,0.0
2025-03-26 12:59:00+09:00,48650.0,48700.0,48600.0,48600.0,5149,0.0,0.0
2025-03-26 13:00:00+09:00,48600.0,48650.0,48600.0,48650.0,633,0.0,0.0
2025-03-26 13:01:00+09:00,48600.0,48650.0,48600.0,48650.0,508,0.0,0.0
2025-03-26 13:02:00+09:00,48650.0,48650.0,48600.0,48600.0,898,0.0,0.0
2025-03-26 13:03:00+09:00,48600.0,48650.0,48600.0,48625.0,742,0.0,0.0
2025-03-26 13:04:00+09:00,48650.0,48650.0,48600.0,48650.0,603,0.0,0.0
2025-03-26 13:05:00+09:00,48650.0,48650.0,48600.0,48650.0,501,0.0,0.0
2025-03-26 13:06:00+09:00,48600.0,48650.0,48600.0,48650.0,1253,0.0,0.0
2025-03-26 13:07:00+09:00,48650.0,48650.0,48600.0,48650.0,486,0.0,0.0
2025-03-26 13:08:00+09:00,48650.0,48650.0,48600.0,48650.0,1470,0.0,0.0
2025-03-26 13:09:00+09:00,48650.0,48650.0,48600.0,48650.0,1901,0.0,0.0
2025-03-26 13:10:00+09:00,48650.0,48700.0,48600.0,48600.0,3622,0.0,0.0
2025-03-26 13:11:00+09:00,48650.0,48650.0,48600.0,48650.0,378,0.0,0.0
2025-03-26 13:12:00+09:00,48650.0,48650.0,48600.0,48650.0,2158,0.0,0.0
2025-03-26 13:13:00+09:00,48600.0,48650.0,48600.0,48650.0,0,0.0,0.0
2025-03-26 13:14:00+09:00,48650.0,48700.0,48600.0,48650.0,1500,0.0,0.0
2025-03-26 13:15:00+09:00,48650.0,48650.0,48600.0,48600.0,675,0.0,0.0
2025-03-26 13:16:00+09:00,48650.0,48650.0,48600.0,48650.0,1115,0.0,0.0
2025-03-26 13:17:00+09:00,48650.0,48650.0,48600.0,48600.0,1487,0.0,0.0
2025-03-26 13:18:00+09:00,48650.0,48700.0,48600.0,48650.0,2455,0.0,0.0
2025-03-26 13:19:00+09:00,48600.0,48650.0,48600.0,48600.0,777,0.0,0.0
2025-03-26 13:20:00+09:00,48650.0,48700.0,48600.0,48600.0,2482,0.0,0.0
2025-03-26 13:21:00+09:00,48600.0,48650.0,48600.0,48600.0,1190,0.0,0.0
2025-03-26 13:22:00+09:00,48600.0,48700.0,48600.0,48650.0,1526,0.0,0.0
2025-03-26 13:23:00+09:00,48650.0,48700.0,48600.0,48650.0,1435,0.0,0.0
2025-03-26 13:24:00+09:00,48700.0,48750.0,48650.0,48750.0,3359,0.0,0.0
2025-03-26 13:25:00+09:00,48700.0,48750.0,48700.0,48750.0,1826,0.0,0.0
2025-03-26 13:26:00+09:00,48750.0,48750.0,48700.0,48700.0,2320,0.0,0.0
2025-03-26 13:27:00+09:00,48750.0,48800.0,48700.0,48750.0,2464,0.0,0.0
2025-03-26 13:28:00+09:00,48800.0,48800.0,48750.0,48800.0,1698,0.0,0.0
2025-03-26 13:29:00+09:00,48800.0,48800.0,48750.0,48750.0,1130,0.0,0.0
2025-03-26 13:30:00+09:00,48750.0,48850.0,48750.0,48750.0,3971,0.0,0.0
2025-03-26 13:31:00+09:00,48750.0,48850.0,48750.0,48800.0,2038,0.0,0.0
2025-03-26 13:32:00+09:00,48800.0,48850.0,48750.0,48750.0,2038,0.0,0.0
2025-03-26 13:33:00+09:00,48750.0,48850.0,48750.0,48850.0,2819,0.0,0.0
2025-03-26 13:34:00+09:00,48800.0,48850.0,48750.0,48850.0,1373,0.0,0.0
2025-03-26 13:35:00+09:00,48850.0,48850.0,48750.0,48750.0,2484,0.0,0.0
2025-03-26 13:36:00+09:00,48800.0,48850.0,48750.0,48850.0,2706,0.0,0.0
2025-03-26 13:37:00+09:00,48800.0,48850.0,48750.0,48850.0,2612,0.0,0.0
2025-03-26 13:38:00+09:00,48850.0,48850.0,48750.0,48850.0,2242,0.0,0.0
2025-03-26 13:39:00+09:00,48850.0,48900.0,48750.0,48900.0,2927,0.0,0.0
2025-03-26 13:40:00+09:00,48900.0,48900.0,48750.0,48800.0,2076,0.0,0.0
2025-03-26 13:41:00+09:00,48800.0,48900.0,48800.0,48900.0,1725,0.0,0.0
2025-03-26 13:42:00+09:00,48900.0,48900.0,48750.0,48850.0,2665,0.0,0.0
2025-03-26 13:43:00+09:00,48800.0,48900.0,48750.0,48800.0,1929,0.0,0.0
2025-03-26 13:44:00+09:00,48800.0,48900.0,48800.0,48850.0,4037,0.0,0.0
2025-03-26 13:45:00+09:00,48850.0,48900.0,48850.0,48850.0,2476,0.0,0.0
2025-03-26 13:46:00+09:00,48900.0,48900.0,48800.0,48800.0,1812,0.0,0.0
2025-03-26 13:47:00+09:00,48800.0,48900.0,48800.0,48900.0,2639,0.0,0.0
2025-03-26 13:48:00+09:00,48900.0,48950.0,48850.0,48900.0,2950,0.0,0.0
2025-03-26 13:49:00+09:00,48850.0,48900.0,48800.0,48800.0,1807,0.0,0.0
2025-03-26 13:50:00+09:00,48850.0,48900.0,48800.0,48850.0,5875,0.0,0.0
2025-03-26 13:51:00+09:00,48850.0,48900.0,48800.0,48850.0,1976,0.0,0.0
2025-03-26 13:52:00+09:00,48850.0,48850.0,48800.0,48850.0,2141,0.0,0.0
2025-03-26 13:53:00+09:00,48850.0,48850.0,48800.0,48800.0,2243,0.0,0.0
2025-03-26 13:54:00+09:00,48850.0,48850.0,48800.0,48850.0,4849,0.0,0.0
2025-03-26 13:55:00+09:00,48850.0,48850.0,48750.0,48850.0,1715,0.0,0.0
2025-03-26 13:56:00+09:00,48850.0,48850.0,48750.0,48800.0,2776,0.0,0.0
2025-03-26 13:57:00+09:00,48800.0,48850.0,48750.0,48850.0,2707,0.0,0.0
2025-03-26 13:58:00+09:00,48850.0,48850.0,48750.0,48800.0,1822,0.0,0.0
2025-03-26 13:59:00+09:00,48800.0,48900.0,48750.0,48850.0,2715,0.0,0.0
2025-03-26 14:00:00+09:00,48850.0,48850.0,48750.0,48750.0,5784,0.0,0.0
2025-03-26 14:01:00+09:00,48700.0,48850.0,48700.0,48700.0,10905,0.0,0.0
2025-03-26 14:02:00+09:00,48725.0,48800.0,48700.0,48750.0,1444,0.0,0.0
2025-03-26 14:03:00+09:00,48750.0,48800.0,48700.0,48700.0,2244,0.0,0.0
2025-03-26 14:04:00+09:00,48750.0,48800.0,48700.0,48700.0,944,0.0,0.0
2025-03-26 14:05:00+09:00,48750.0,48800.0,48700.0,48700.0,2040,0.0,0.0
2025-03-26 14:06:00+09:00,48750.0,48800.0,48700.0,48700.0,3595,0.0,0.0
2025-03-26 14:07:00+09:00,48750.0,48750.0,48700.0,48750.0,1943,0.0,0.0
2025-03-26 14:08:00+09:00,48750.0,48750.0,48650.0,48650.0,1093,0.0,0.0
2025-03-26 14:09:00+09:00,48700.0,48700.0,48650.0,48650.0,1299,0.0,0.0
2025-03-26 14:10:00+09:00,48700.0,48700.0,48650.0,48650.0,1795,0.0,0.0
2025-03-26 14:11:00+09:00,48700.0,48700.0,48600.0,48600.0,4953,0.0,0.0
2025-03-26 14:12:00+09:00,48650.0,48700.0,48600.0,48700.0,3651,0.0,0.0
2025-03-26 14:13:00+09:00,48750.0,48750.0,48650.0,48700.0,1536,0.0,0.0
2025-03-26 14:14:00+09:00,48700.0,48750.0,48650.0,48700.0,1399,0.0,0.0
2025-03-26 14:15:00+09:00,48700.0,48750.0,48600.0,48650.0,7875,0.0,0.0
2025-03-26 14:16:00+09:00,48650.0,48800.0,48600.0,48700.0,3393,0.0,0.0
2025-03-26 14:17:00+09:00,48650.0,48700.0,48650.0,48700.0,1676,0.0,0.0
2025-03-26 14:18:00+09:00,48650.0,48700.0,48650.0,48700.0,1252,0.0,0.0
2025-03-26 14:19:00+09:00,48700.0,48750.0,48650.0,48750.0,1136,0.0,0.0
2025-03-26 14:20:00+09:00,48700.0,48750.0,48700.0,48700.0,1149,0.0,0.0
2025-03-26 14:21:00+09:00,48750.0,48750.0,48700.0,48750.0,1223,0.0,0.0
2025-03-26 14:22:00+09:00,48750.0,48750.0,48700.0,48700.0,2133,0.0,0.0
2025-03-26 14:23:00+09:00,48700.0,48800.0,48700.0,48750.0,2050,0.0,0.0
2025-03-26 14:24:00+09:00,48800.0,48800.0,48750.0,48800.0,1198,0.0,0.0
2025-03-26 14:25:00+09:00,48750.0,48800.0,48700.0,48750.0,2440,0.0,0.0
2025-03-26 14:26:00+09:00,48750.0,48750.0,48700.0,48700.0,1192,0.0,0.0
2025-03-26 14:27:00+09:00,48750.0,48750.0,48700.0,48750.0,1878,0.0,0.0
2025-03-26 14:28:00+09:00,48750.0,48750.0,48700.0,48750.0,1331,0.0,0.0
2025-03-26 14:29:00+09:00,48750.0,48750.0,48700.0,48700.0,2002,0.0,0.0
2025-03-26 14:30:00+09:00,48750.0,48750.0,48700.0,48700.0,939,0.0,0.0
2025-03-26 14:31:00+09:00,48750.0,48750.0,48700.0,48750.0,1469,0.0,0.0
2025-03-26 14:32:00+09:00,48750.0,48750.0,48700.0,48700.0,1274,0.0,0.0
2025-03-26 14:33:00+09:00,48700.0,48750.0,48700.0,48750.0,1022,0.0,0.0
2025-03-26 14:34:00+09:00,48750.0,48750.0,48700.0,48750.0,897,0.0,0.0
2025-03-26 14:35:00+09:00,48700.0,48750.0,48650.0,48650.0,4557,0.0,0.0
2025-03-26 14:36:00+09:00,48700.0,48700.0,48650.0,48700.0,885,0.0,0.0
2025-03-26 14:37:00+09:00,48700.0,48700.0,48650.0,48650.0,1077,0.0,0.0
2025-03-26 14:38:00+09:00,48700.0,48700.0,48650.0,48650.0,945,0.0,0.0
2025-03-26 14:39:00+09:00,48700.0,48700.0,48650.0,48650.0,966,0.0,0.0
2025-03-26 14:40:00+09:00,48700.0,48700.0,48650.0,48650.0,1035,0.0,0.0
2025-03-26 14:41:00+09:00,48700.0,48700.0,48650.0,48650.0,2428,0.0,0.0
2025-03-26 14:42:00+09:00,48700.0,48700.0,48650.0,48650.0,1142,0.0,0.0
2025-03-26 14:43:00+09:00,48675.0,48750.0,48675.0,48750.0,2365,0.0,0.0
2025-03-26 14:44:00+09:00,48700.0,48750.0,48700.0,48750.0,1083,0.0,0.0
2025-03-26 14:45:00+09:00,48750.0,48750.0,48700.0,48750.0,723,0.0,0.0
2025-03-26 14:46:00+09:00,48750.0,48750.0,48700.0,48750.0,2254,0.0,0.0
2025-03-26 14:47:00+09:00,48700.0,48750.0,48700.0,48750.0,683,0.0,0.0
2025-03-26 14:48:00+09:00,48700.0,48750.0,48700.0,48700.0,2018,0.0,0.0
2025-03-26 14:49:00+09:00,48700.0,48750.0,48700.0,48750.0,1044,0.0,0.0
2025-03-26 14:50:00+09:00,48750.0,48750.0,48700.0,48750.0,1649,0.0,0.0
2025-03-26 14:51:00+09:00,48700.0,48750.0,48700.0,48750.0,1059,0.0,0.0
2025-03-26 14:52:00+09:00,48700.0,48750.0,48700.0,48750.0,670,0.0,0.0
2025-03-26 14:53:00+09:00,48700.0,48750.0,48700.0,48700.0,541,0.0,0.0
2025-03-26 14:54:00+09:00,48700.0,48750.0,48700.0,48750.0,2100,0.0,0.0
2025-03-26 14:55:00+09:00,48750.0,48750.0,48700.0,48750.0,937,0.0,0.0
2025-03-26 14:56:00+09:00,48750.0,48750.0,48700.0,48750.0,1025,0.0,0.0
2025-03-26 14:57:00+09:00,48700.0,48750.0,48700.0,48700.0,1289,0.0,0.0
2025-03-26 14:58:00+09:00,48700.0,48750.0,48700.0,48750.0,1602,0.0,0.0
2025-03-26 14:59:00+09:00,48700.0,48750.0,48700.0,48750.0,1460,0.0,0.0
2025-03-27 09:00:00+09:00,48350.0,48650.0,48350.0,48600.0,21364,0.0,0.0
2025-03-27 09:01:00+09:00,48600.0,48650.0,48350.0,48350.0,6031,0.0,0.0
2025-03-27 09:02:00+09:00,48350.0,48400.0,48200.0,48250.0,17212,0.0,0.0
2025-03-27 09:03:00+09:00,48300.0,48300.0,48200.0,48250.0,2816,0.0,0.0
2025-03-27 09:04:00+09:00,48300.0,48350.0,48250.0,48300.0,3656,0.0,0.0
2025-03-27 09:05:00+09:00,48300.0,48300.0,48100.0,48100.0,12097,0.0,0.0
2025-03-27 09:06:00+09:00,48250.0,48250.0,48150.0,48200.0,2709,0.0,0.0
2025-03-27 09:07:00+09:00,48200.0,48250.0,48100.0,48100.0,7275,0.0,0.0
2025-03-27 09:08:00+09:00,48100.0,48200.0,48100.0,48150.0,1791,0.0,0.0
2025-03-27 09:09:00+09:00,48150.0,48300.0,48150.0,48250.0,6318,0.0,0.0
2025-03-27 09:10:00+09:00,48250.0,48300.0,48200.0,48300.0,1864,0.0,0.0
2025-03-27 09:11:00+09:00,48300.0,48350.0,48250.0,48300.0,4999,0.0,0.0
2025-03-27 09:12:00+09:00,48350.0,48350.0,48250.0,48300.0,2339,0.0,0.0
2025-03-27 09:13:00+09:00,48300.0,48300.0,48250.0,48300.0,587,0.0,0.0
2025-03-27 09:14:00+09:00,48250.0,48350.0,48250.0,48300.0,3012,0.0,0.0
2025-03-27 09:15:00+09:00,48300.0,48400.0,48250.0,48350.0,4122,0.0,0.0
2025-03-27 09:16:00+09:00,48350.0,48400.0,48300.0,48350.0,2937,0.0,0.0
2025-03-27 09:17:00+09:00,48350.0,48350.0,48300.0,48350.0,2270,0.0,0.0
2025-03-27 09:18:00+09:00,48300.0,48350.0,48250.0,48250.0,8443,0.0,0.0
2025-03-27 09:19:00+09:00,48250.0,48250.0,48200.0,48250.0,3124,0.0,0.0
2025-03-27 09:20:00+09:00,48250.0,48250.0,48100.0,48150.0,5678,0.0,0.0
2025-03-27 09:21:00+09:00,48100.0,48150.0,48000.0,48050.0,9763,0.0,0.0
2025-03-27 09:22:00+09:00,48000.0,48150.0,48000.0,48050.0,5538,0.0,0.0
2025-03-27 09:23:00+09:00,48100.0,48100.0,48050.0,48050.0,2276,0.0,0.0
2025-03-27 09:24:00+09:00,48050.0,48150.0,47950.0,48100.0,21864,0.0,0.0
2025-03-27 09:25:00+09:00,48100.0,48200.0,48100.0,48100.0,2803,0.0,0.0
2025-03-27 09:26:00+09:00,48200.0,48250.0,48150.0,48200.0,1958,0.0,0.0
2025-03-27 09:27:00+09:00,48200.0,48300.0,48200.0,48250.0,1563,0.0,0.0
2025-03-27 09:28:00+09:00,48300.0,48300.0,48200.0,48200.0,3652,0.0,0.0
2025-03-27 09:29:00+09:00,48200.0,48300.0,48200.0,48300.0,1726,0.0,0.0
2025-03-27 09:30:00+09:00,48300.0,48350.0,48250.0,48350.0,3686,0.0,0.0
2025-03-27 09:31:00+09:00,48300.0,48350.0,48250.0,48350.0,1243,0.0,0.0
2025-03-27 09:32:00+09:00,48350.0,48350.0,48250.0,48300.0,1604,0.0,0.0
2025-03-27 09:33:00+09:00,48300.0,48300.0,48250.0,48300.0,468,0.0,0.0
2025-03-27 09:34:00+09:00,48300.0,48350.0,48300.0,48350.0,507,0.0,0.0
2025-03-27 09:35:00+09:00,48350.0,48350.0,48300.0,48300.0,4243,0.0,0.0
2025-03-27 09:36:00+09:00,48300.0,48350.0,48300.0,48350.0,1841,0.0,0.0
2025-03-27 09:37:00+09:00,48350.0,48350.0,48300.0,48350.0,337,0.0,0.0
2025-03-27 09:38:00+09:00,48350.0,48350.0,48300.0,48300.0,402,0.0,0.0
2025-03-27 09:39:00+09:00,48300.0,48350.0,48250.0,48300.0,6487,0.0,0.0
2025-03-27 09:40:00+09:00,48300.0,48350.0,48300.0,48350.0,1565,0.0,0.0
2025-03-27 09:41:00+09:00,48350.0,48350.0,48250.0,48300.0,657,0.0,0.0
2025-03-27 09:42:00+09:00,48250.0,48300.0,48250.0,48300.0,424,0.0,0.0
2025-03-27 09:43:00+09:00,48300.0,48300.0,48250.0,48300.0,2247,0.0,0.0
2025-03-27 09:44:00+09:00,48250.0,48300.0,48250.0,48300.0,257,0.0,0.0
2025-03-27 09:45:00+09:00,48250.0,48300.0,48150.0,48150.0,7209,0.0,0.0
2025-03-27 09:46:00+09:00,48200.0,48200.0,48150.0,48200.0,565,0.0,0.0
2025-03-27 09:47:00+09:00,48200.0,48200.0,48100.0,48150.0,2055,0.0,0.0
2025-03-27 09:48:00+09:00,48150.0,48200.0,48100.0,48100.0,4056,0.0,0.0
2025-03-27 09:49:00+09:00,48100.0,48150.0,48100.0,48150.0,705,0.0,0.0
2025-03-27 09:50:00+09:00,48150.0,48250.0,48150.0,48250.0,2263,0.0,0.0
2025-03-27 09:51:00+09:00,48250.0,48250.0,48200.0,48200.0,201,0.0,0.0
2025-03-27 09:52:00+09:00,48250.0,48250.0,48200.0,48250.0,3231,0.0,0.0
2025-03-27 09:53:00+09:00,48200.0,48250.0,48200.0,48250.0,2040,0.0,0.0
2025-03-27 09:54:00+09:00,48200.0,48250.0,48150.0,48200.0,2030,0.0,0.0
2025-03-27 09:55:00+09:00,48150.0,48200.0,48150.0,48200.0,370,0.0,0.0
2025-03-27 09:56:00+09:00,48200.0,48250.0,48150.0,48200.0,3197,0.0,0.0
2025-03-27 09:57:00+09:00,48200.0,48250.0,48200.0,48250.0,156,0.0,0.0
2025-03-27 09:58:00+09:00,48200.0,48250.0,48200.0,48200.0,2326,0.0,0.0
2025-03-27 09:59:00+09:00,48250.0,48250.0,48150.0,48200.0,1095,0.0,0.0
2025-03-27 10:00:00+09:00,48200.0,48250.0,48150.0,48200.0,3043,0.0,0.0
2025-03-27 10:01:00+09:00,48250.0,48300.0,48200.0,48250.0,1724,0.0,0.0
2025-03-27 10:02:00+09:00,48250.0,48250.0,48150.0,48200.0,4048,0.0,0.0
2025-03-27 10:03:00+09:00,48200.0,48250.0,48200.0,48250.0,3432,0.0,0.0
2025-03-27 10:04:00+09:00,48250.0,48300.0,48250.0,48300.0,742,0.0,0.0
2025-03-27 10:05:00+09:00,48300.0,48300.0,48200.0,48200.0,3608,0.0,0.0
2025-03-27 10:06:00+09:00,48200.0,48250.0,48150.0,48150.0,6745,0.0,0.0
2025-03-27 10:07:00+09:00,48175.0,48250.0,48150.0,48250.0,2767,0.0,0.0
2025-03-27 10:08:00+09:00,48200.0,48250.0,48200.0,48200.0,383,0.0,0.0
2025-03-27 10:09:00+09:00,48200.0,48250.0,48200.0,48200.0,267,0.0,0.0
2025-03-27 10:10:00+09:00,48250.0,48300.0,48200.0,48250.0,2651,0.0,0.0
2025-03-27 10:11:00+09:00,48300.0,48300.0,48250.0,48250.0,491,0.0,0.0
2025-03-27 10:12:00+09:00,48300.0,48300.0,48250.0,48300.0,456,0.0,0.0
2025-03-27 10:13:00+09:00,48300.0,48300.0,48250.0,48300.0,260,0.0,0.0
2025-03-27 10:14:00+09:00,48300.0,48300.0,48250.0,48250.0,357,0.0,0.0
2025-03-27 10:15:00+09:00,48250.0,48300.0,48200.0,48300.0,10109,0.0,0.0
2025-03-27 10:16:00+09:00,48250.0,48300.0,48250.0,48300.0,422,0.0,0.0
2025-03-27 10:17:00+09:00,48300.0,48300.0,48250.0,48250.0,367,0.0,0.0
2025-03-27 10:18:00+09:00,48250.0,48300.0,48200.0,48250.0,1708,0.0,0.0
2025-03-27 10:19:00+09:00,48250.0,48300.0,48250.0,48300.0,2116,0.0,0.0
2025-03-27 10:20:00+09:00,48300.0,48350.0,48250.0,48300.0,791,0.0,0.0
2025-03-27 10:21:00+09:00,48350.0,48350.0,48300.0,48350.0,427,0.0,0.0
2025-03-27 10:22:00+09:00,48300.0,48350.0,48300.0,48300.0,636,0.0,0.0
2025-03-27 10:23:00+09:00,48300.0,48350.0,48250.0,48250.0,4433,0.0,0.0
2025-03-27 10:24:00+09:00,48250.0,48300.0,48250.0,48300.0,376,0.0,0.0
2025-03-27 10:25:00+09:00,48300.0,48300.0,48250.0,48250.0,465,0.0,0.0
2025-03-27 10:26:00+09:00,48300.0,48300.0,48250.0,48250.0,431,0.0,0.0
2025-03-27 10:27:00+09:00,48300.0,48300.0,48250.0,48300.0,505,0.0,0.0
2025-03-27 10:28:00+09:00,48300.0,48300.0,48250.0,48250.0,326,0.0,0.0
2025-03-27 10:29:00+09:00,48300.0,48300.0,48200.0,48250.0,3681,0.0,0.0
2025-03-27 10:30:00+09:00,48200.0,48300.0,48200.0,48300.0,4222,0.0,0.0
2025-03-27 10:31:00+09:00,48300.0,48300.0,48250.0,48300.0,2314,0.0,0.0
2025-03-27 10:32:00+09:00,48300.0,48350.0,48300.0,48300.0,337,0.0,0.0
2025-03-27 10:33:00+09:00,48300.0,48350.0,48300.0,48350.0,1740,0.0,0.0
2025-03-27 10:34:00+09:00,48350.0,48350.0,48300.0,48300.0,311,0.0,0.0
2025-03-27 10:35:00+09:00,48300.0,48350.0,48200.0,48250.0,7516,0.0,0.0
2025-03-27 10:36:00+09:00,48250.0,48300.0,48200.0,48300.0,2476,0.0,0.0
2025-03-27 10:37:00+09:00,48300.0,48300.0,48250.0,48300.0,369,0.0,0.0
2025-03-27 10:38:00+09:00,48300.0,48300.0,48250.0,48300.0,485,0.0,0.0
2025-03-27 10:39:00+09:00,48300.0,48300.0,48250.0,48300.0,281,0.0,0.0
2025-03-27 10:40:00+09:00,48300.0,48350.0,48250.0,48350.0,2510,0.0,0.0
2025-03-27 10:41:00+09:00,48300.0,48350.0,48300.0,48350.0,98,0.0,0.0
2025-03-27 10:42:00+09:00,48300.0,48350.0,48300.0,48300.0,573,0.0,0.0
2025-03-27 10:43:00+09:00,48350.0,48350.0,48300.0,48300.0,2274,0.0,0.0
2025-03-27 10:44:00+09:00,48300.0,48300.0,48200.0,48300.0,14636,0.0,0.0
2025-03-27 10:45:00+09:00,48300.0,48300.0,48250.0,48300.0,550,0.0,0.0
2025-03-27 10:46:00+09:00,48300.0,48350.0,48250.0,48300.0,4171,0.0,0.0
2025-03-27 10:47:00+09:00,48350.0,48350.0,48300.0,48300.0,1306,0.0,0.0
2025-03-27 10:48:00+09:00,48300.0,48350.0,48250.0,48350.0,1432,0.0,0.0
2025-03-27 10:49:00+09:00,48350.0,48350.0,48300.0,48350.0,994,0.0,0.0
2025-03-27 10:50:00+09:00,48300.0,48350.0,48300.0,48300.0,536,0.0,0.0
2025-03-27 10:51:00+09:00,48350.0,48350.0,48300.0,48350.0,1070,0.0,0.0
2025-03-27 10:52:00+09:00,48300.0,48350.0,48300.0,48300.0,1193,0.0,0.0
2025-03-27 10:53:00+09:00,48350.0,48350.0,48300.0,48350.0,592,0.0,0.0
2025-03-27 10:54:00+09:00,48300.0,48350.0,48300.0,48300.0,324,0.0,0.0
2025-03-27 10:55:00+09:00,48350.0,48350.0,48300.0,48350.0,1148,0.0,0.0
2025-03-27 10:56:00+09:00,48350.0,48350.0,48300.0,48350.0,637,0.0,0.0
2025-03-27 10:57:00+09:00,48300.0,48350.0,48300.0,48300.0,1122,0.0,0.0
2025-03-27 10:58:00+09:00,48300.0,48400.0,48300.0,48300.0,1850,0.0,0.0
2025-03-27 10:59:00+09:00,48300.0,48400.0,48300.0,48400.0,962,0.0,0.0
2025-03-27 11:00:00+09:00,48400.0,48400.0,48350.0,48400.0,473,0.0,0.0
2025-03-27 11:01:00+09:00,48350.0,48400.0,48300.0,48350.0,2370,0.0,0.0
2025-03-27 11:02:00+09:00,48400.0,48400.0,48350.0,48400.0,341,0.0,0.0
2025-03-27 11:03:00+09:00,48400.0,48400.0,48350.0,48350.0,713,0.0,0.0
2025-03-27 11:04:00+09:00,48400.0,48450.0,48350.0,48450.0,5984,0.0,0.0
2025-03-27 11:05:00+09:00,48450.0,48450.0,48400.0,48400.0,1666,0.0,0.0
2025-03-27 11:06:00+09:00,48450.0,48500.0,48400.0,48450.0,2532,0.0,0.0
2025-03-27 11:07:00+09:00,48400.0,48450.0,48400.0,48450.0,1985,0.0,0.0
2025-03-27 11:08:00+09:00,48450.0,48500.0,48400.0,48400.0,911,0.0,0.0
2025-03-27 11:09:00+09:00,48450.0,48450.0,48400.0,48450.0,1026,0.0,0.0
2025-03-27 11:10:00+09:00,48450.0,48500.0,48400.0,48400.0,287,0.0,0.0
2025-03-27 11:11:00+09:00,48450.0,48450.0,48400.0,48450.0,907,0.0,0.0
2025-03-27 11:12:00+09:00,48450.0,48450.0,48400.0,48400.0,269,0.0,0.0
2025-03-27 11:13:00+09:00,48400.0,48450.0,48400.0,48400.0,651,0.0,0.0
2025-03-27 11:14:00+09:00,48400.0,48450.0,48400.0,48450.0,2603,0.0,0.0
2025-03-27 11:15:00+09:00,48450.0,48450.0,48350.0,48350.0,4898,0.0,0.0
2025-03-27 11:16:00+09:00,48350.0,48400.0,48350.0,48400.0,692,0.0,0.0
2025-03-27 11:17:00+09:00,48400.0,48450.0,48350.0,48350.0,622,0.0,0.0
2025-03-27 11:18:00+09:00,48400.0,48400.0,48350.0,48350.0,484,0.0,0.0
2025-03-27 11:19:00+09:00,48350.0,48400.0,48350.0,48350.0,475,0.0,0.0
2025-03-27 11:20:00+09:00,48400.0,48400.0,48350.0,48400.0,797,0.0,0.0
2025-03-27 11:21:00+09:00,48350.0,48400.0,48350.0,48400.0,377,0.0,0.0
2025-03-27 11:22:00+09:00,48350.0,48400.0,48350.0,48400.0,730,0.0,0.0
2025-03-27 11:23:00+09:00,48400.0,48400.0,48350.0,48400.0,272,0.0,0.0
2025-03-27 11:24:00+09:00,48350.0,48400.0,48350.0,48400.0,404,0.0,0.0
2025-03-27 11:25:00+09:00,48400.0,48400.0,48350.0,48400.0,288,0.0,0.0
2025-03-27 11:26:00+09:00,48400.0,48400.0,48350.0,48400.0,432,0.0,0.0
2025-03-27 11:27:00+09:00,48350.0,48400.0,48350.0,48350.0,345,0.0,0.0
2025-03-27 11:28:00+09:00,48400.0,48400.0,48300.0,48300.0,2213,0.0,0.0
2025-03-27 11:29:00+09:00,48300.0,48350.0,48300.0,48350.0,391,0.0,0.0
2025-03-27 11:30:00+09:00,48350.0,48350.0,48250.0,48250.0,3027,0.0,0.0
2025-03-27 11:31:00+09:00,48300.0,48300.0,48250.0,48300.0,735,0.0,0.0
2025-03-27 11:32:00+09:00,48300.0,48300.0,48250.0,48300.0,355,0.0,0.0
2025-03-27 11:33:00+09:00,48300.0,48400.0,48250.0,48350.0,6389,0.0,0.0
2025-03-27 11:34:00+09:00,48300.0,48400.0,48300.0,48350.0,1054,0.0,0.0
2025-03-27 11:35:00+09:00,48300.0,48350.0,48300.0,48350.0,261,0.0,0.0
2025-03-27 11:36:00+09:00,48350.0,48400.0,48300.0,48400.0,3844,0.0,0.0
2025-03-27 11:37:00+09:00,48400.0,48400.0,48300.0,48400.0,819,0.0,0.0
2025-03-27 11:38:00+09:00,48350.0,48400.0,48350.0,48400.0,412,0.0,0.0
2025-03-27 11:39:00+09:00,48350.0,48400.0,48350.0,48400.0,336,0.0,0.0
2025-03-27 11:40:00+09:00,48400.0,48400.0,48350.0,48350.0,153,0.0,0.0
2025-03-27 11:41:00+09:00,48350.0,48400.0,48300.0,48400.0,2853,0.0,0.0
2025-03-27 11:42:00+09:00,48400.0,48400.0,48300.0,48400.0,547,0.0,0.0
2025-03-27 11:43:00+09:00,48350.0,48400.0,48300.0,48400.0,423,0.0,0.0
2025-03-27 11:44:00+09:00,48400.0,48450.0,48300.0,48400.0,1363,0.0,0.0
2025-03-27 11:45:00+09:00,48400.0,48400.0,48350.0,48350.0,292,0.0,0.0
2025-03-27 11:46:00+09:00,48400.0,48400.0,48350.0,48400.0,365,0.0,0.0
2025-03-27 11:47:00+09:00,48400.0,48400.0,48350.0,48350.0,584,0.0,0.0
2025-03-27 11:48:00+09:00,48300.0,48450.0,48300.0,48350.0,859,0.0,0.0
2025-03-27 11:49:00+09:00,48450.0,48450.0,48350.0,48400.0,361,0.0,0.0
2025-03-27 11:50:00+09:00,48350.0,48400.0,48350.0,48350.0,389,0.0,0.0
2025-03-27 11:51:00+09:00,48400.0,48400.0,48350.0,48400.0,873,0.0,0.0
2025-03-27 11:52:00+09:00,48400.0,48400.0,48350.0,48400.0,330,0.0,0.0
2025-03-27 11:53:00+09:00,48400.0,48400.0,48350.0,48400.0,434,0.0,0.0
2025-03-27 11:54:00+09:00,48350.0,48400.0,48350.0,48400.0,480,0.0,0.0
2025-03-27 11:55:00+09:00,48400.0,48400.0,48350.0,48400.0,597,0.0,0.0
2025-03-27 11:56:00+09:00,48400.0,48400.0,48350.0,48400.0,600,0.0,0.0
2025-03-27 11:57:00+09:00,48350.0,48450.0,48350.0,48400.0,774,0.0,0.0
2025-03-27 11:58:00+09:00,48400.0,48450.0,48400.0,48450.0,404,0.0,0.0
2025-03-27 11:59:00+09:00,48450.0,48450.0,48400.0,48400.0,527,0.0,0.0
2025-03-27 12:00:00+09:00,48450.0,48450.0,48350.0,48400.0,699,0.0,0.0
2025-03-27 12:01:00+09:00,48400.0,48500.0,48400.0,48450.0,2073,0.0,0.0
2025-03-27 12:02:00+09:00,48400.0,48500.0,48400.0,48500.0,637,0.0,0.0
2025-03-27 12:03:00+09:00,48500.0,48500.0,48400.0,48500.0,853,0.0,0.0
2025-03-27 12:04:00+09:00,48500.0,48500.0,48350.0,48400.0,796,0.0,0.0
2025-03-27 12:05:00+09:00,48450.0,48450.0,48400.0,48450.0,732,0.0,0.0
2025-03-27 12:06:00+09:00,48450.0,48450.0,48350.0,48400.0,357,0.0,0.0
2025-03-27 12:07:00+09:00,48450.0,48450.0,48400.0,48450.0,510,0.0,0.0
2025-03-27 12:08:00+09:00,48450.0,48450.0,48350.0,48450.0,1749,0.0,0.0
2025-03-27 12:09:00+09:00,48450.0,48450.0,48400.0,48400.0,1055,0.0,0.0
2025-03-27 12:10:00+09:00,48450.0,48500.0,48450.0,48500.0,1556,0.0,0.0
2025-03-27 12:11:00+09:00,48500.0,48550.0,48450.0,48550.0,3260,0.0,0.0
2025-03-27 12:12:00+09:00,48550.0,48550.0,48500.0,48550.0,772,0.0,0.0
2025-03-27 12:13:00+09:00,48550.0,48550.0,48500.0,48500.0,720,0.0,0.0
2025-03-27 12:14:00+09:00,48550.0,48600.0,48500.0,48550.0,3800,0.0,0.0
2025-03-27 12:15:00+09:00,48550.0,48600.0,48500.0,48550.0,8981,0.0,0.0
2025-03-27 12:16:00+09:00,48600.0,48600.0,48500.0,48500.0,770,0.0,0.0
2025-03-27 12:17:00+09:00,48550.0,48550.0,48500.0,48500.0,1210,0.0,0.0
2025-03-27 12:18:00+09:00,48550.0,48650.0,48500.0,48550.0,3443,0.0,0.0
2025-03-27 12:19:00+09:00,48650.0,48650.0,48550.0,48550.0,830,0.0,0.0
2025-03-27 12:20:00+09:00,48650.0,48650.0,48500.0,48600.0,2261,0.0,0.0
2025-03-27 12:21:00+09:00,48550.0,48600.0,48500.0,48500.0,2868,0.0,0.0
2025-03-27 12:22:00+09:00,48550.0,48650.0,48500.0,48600.0,2265,0.0,0.0
2025-03-27 12:23:00+09:00,48500.0,48600.0,48500.0,48550.0,883,0.0,0.0
2025-03-27 12:24:00+09:00,48550.0,48600.0,48500.0,48550.0,948,0.0,0.0
2025-03-27 12:25:00+09:00,48500.0,48650.0,48450.0,48650.0,6903,0.0,0.0
2025-03-27 12:26:00+09:00,48500.0,48600.0,48500.0,48550.0,809,0.0,0.0
2025-03-27 12:27:00+09:00,48550.0,48600.0,48500.0,48600.0,3067,0.0,0.0
2025-03-27 12:28:00+09:00,48600.0,48600.0,48550.0,48550.0,488,0.0,0.0
2025-03-27 12:29:00+09:00,48550.0,48600.0,48500.0,48550.0,7001,0.0,0.0
2025-03-27 12:30:00+09:00,48600.0,48600.0,48550.0,48600.0,1097,0.0,0.0
2025-03-27 12:31:00+09:00,48600.0,48600.0,48550.0,48600.0,919,0.0,0.0
2025-03-27 12:32:00+09:00,48600.0,48600.0,48550.0,48600.0,584,0.0,0.0
2025-03-27 12:33:00+09:00,48600.0,48600.0,48500.0,48550.0,2221,0.0,0.0
2025-03-27 12:34:00+09:00,48500.0,48600.0,48500.0,48550.0,2447,0.0,0.0
2025-03-27 12:35:00+09:00,48600.0,48600.0,48500.0,48500.0,1846,0.0,0.0
2025-03-27 12:36:00+09:00,48500.0,48600.0,48500.0,48600.0,3311,0.0,0.0
2025-03-27 12:37:00+09:00,48600.0,48600.0,48550.0,48550.0,715,0.0,0.0
2025-03-27 12:38:00+09:00,48600.0,48650.0,48550.0,48650.0,2407,0.0,0.0
2025-03-27 12:39:00+09:00,48650.0,48650.0,48550.0,48650.0,3195,0.0,0.0
2025-03-27 12:40:00+09:00,48650.0,48650.0,48550.0,48600.0,699,0.0,0.0
2025-03-27 12:41:00+09:00,48600.0,48600.0,48550.0,48600.0,583,0.0,0.0
2025-03-27 12:42:00+09:00,48600.0,48600.0,48550.0,48600.0,877,0.0,0.0
2025-03-27 12:43:00+09:00,48550.0,48600.0,48550.0,48600.0,774,0.0,0.0
2025-03-27 12:44:00+09:00,48600.0,48650.0,48550.0,48550.0,3616,0.0,0.0
2025-03-27 12:45:00+09:00,48600.0,48650.0,48550.0,48600.0,2511,0.0,0.0
2025-03-27 12:46:00+09:00,48550.0,48650.0,48550.0,48650.0,1560,0.0,0.0
2025-03-27 12:47:00+09:00,48650.0,48650.0,48600.0,48650.0,698,0.0,0.0
2025-03-27 12:48:00+09:00,48600.0,48700.0,48600.0,48650.0,3905,0.0,0.0
2025-03-27 12:49:00+09:00,48600.0,48650.0,48600.0,48650.0,913,0.0,0.0
2025-03-27 12:50:00+09:00,48650.0,48650.0,48500.0,48500.0,13550,0.0,0.0
2025-03-27 12:51:00+09:00,48500.0,48650.0,48450.0,48500.0,10717,0.0,0.0
2025-03-27 12:52:00+09:00,48550.0,48650.0,48500.0,48600.0,5877,0.0,0.0
2025-03-27 12:53:00+09:00,48600.0,48650.0,48450.0,48450.0,3906,0.0,0.0
2025-03-27 12:54:00+09:00,48500.0,48600.0,48450.0,48550.0,1637,0.0,0.0
2025-03-27 12:55:00+09:00,48500.0,48600.0,48500.0,48550.0,1032,0.0,0.0
2025-03-27 12:56:00+09:00,48550.0,48650.0,48500.0,48550.0,1550,0.0,0.0
2025-03-27 12:57:00+09:00,48550.0,48650.0,48500.0,48550.0,5085,0.0,0.0
2025-03-27 12:58:00+09:00,48600.0,48600.0,48550.0,48550.0,2156,0.0,0.0
2025-03-27 12:59:00+09:00,48550.0,48550.0,48500.0,48550.0,1139,0.0,0.0
2025-03-27 13:00:00+09:00,48550.0,48550.0,48500.0,48550.0,2111,0.0,0.0
2025-03-27 13:01:00+09:00,48550.0,48600.0,48550.0,48550.0,2583,0.0,0.0
2025-03-27 13:02:00+09:00,48550.0,48650.0,48500.0,48600.0,2915,0.0,0.0
2025-03-27 13:03:00+09:00,48600.0,48600.0,48550.0,48600.0,669,0.0,0.0
2025-03-27 13:04:00+09:00,48600.0,48650.0,48550.0,48600.0,1023,0.0,0.0
2025-03-27 13:05:00+09:00,48550.0,48600.0,48550.0,48600.0,599,0.0,0.0
2025-03-27 13:06:00+09:00,48600.0,48600.0,48550.0,48600.0,2567,0.0,0.0
2025-03-27 13:07:00+09:00,48600.0,48650.0,48550.0,48550.0,1066,0.0,0.0
2025-03-27 13:08:00+09:00,48550.0,48650.0,48500.0,48600.0,2061,0.0,0.0
2025-03-27 13:09:00+09:00,48550.0,48550.0,48500.0,48550.0,846,0.0,0.0
2025-03-27 13:10:00+09:00,48550.0,48600.0,48500.0,48600.0,1153,0.0,0.0
2025-03-27 13:11:00+09:00,48600.0,48600.0,48500.0,48550.0,1084,0.0,0.0
2025-03-27 13:12:00+09:00,48500.0,48600.0,48450.0,48450.0,2433,0.0,0.0
2025-03-27 13:13:00+09:00,48500.0,48600.0,48450.0,48500.0,3080,0.0,0.0
2025-03-27 13:14:00+09:00,48450.0,48650.0,48450.0,48550.0,1085,0.0,0.0
2025-03-27 13:15:00+09:00,48550.0,48600.0,48500.0,48600.0,817,0.0,0.0
2025-03-27 13:16:00+09:00,48600.0,48650.0,48500.0,48550.0,802,0.0,0.0
2025-03-27 13:17:00+09:00,48550.0,48550.0,48500.0,48550.0,747,0.0,0.0
2025-03-27 13:18:00+09:00,48550.0,48600.0,48500.0,48550.0,991,0.0,0.0
2025-03-27 13:19:00+09:00,48550.0,48600.0,48500.0,48550.0,824,0.0,0.0
2025-03-27 13:20:00+09:00,48550.0,48650.0,48500.0,48650.0,1089,0.0,0.0
2025-03-27 13:21:00+09:00,48650.0,48650.0,48550.0,48600.0,661,0.0,0.0
2025-03-27 13:22:00+09:00,48600.0,48650.0,48550.0,48550.0,714,0.0,0.0
2025-03-27 13:23:00+09:00,48600.0,48600.0,48550.0,48600.0,678,0.0,0.0
2025-03-27 13:24:00+09:00,48600.0,48650.0,48500.0,48600.0,2390,0.0,0.0
2025-03-27 13:25:00+09:00,48600.0,48650.0,48550.0,48600.0,927,0.0,0.0
2025-03-27 13:26:00+09:00,48600.0,48650.0,48550.0,48650.0,1353,0.0,0.0
2025-03-27 13:27:00+09:00,48650.0,48650.0,48600.0,48650.0,1436,0.0,0.0
2025-03-27 13:28:00+09:00,48650.0,48650.0,48600.0,48650.0,616,0.0,0.0
2025-03-27 13:29:00+09:00,48650.0,48650.0,48600.0,48600.0,3119,0.0,0.0
2025-03-27 13:30:00+09:00,48600.0,48700.0,48550.0,48550.0,1664,0.0,0.0
2025-03-27 13:31:00+09:00,48550.0,48700.0,48550.0,48600.0,1345,0.0,0.0
2025-03-27 13:32:00+09:00,48600.0,48650.0,48550.0,48600.0,1005,0.0,0.0
2025-03-27 13:33:00+09:00,48600.0,48650.0,48500.0,48550.0,1927,0.0,0.0
2025-03-27 13:34:00+09:00,48550.0,48650.0,48500.0,48650.0,1460,0.0,0.0
2025-03-27 13:35:00+09:00,48650.0,48650.0,48500.0,48650.0,998,0.0,0.0
2025-03-27 13:36:00+09:00,48650.0,48650.0,48500.0,48550.0,1040,0.0,0.0
2025-03-27 13:37:00+09:00,48550.0,48600.0,48500.0,48600.0,1384,0.0,0.0
2025-03-27 13:38:00+09:00,48600.0,48650.0,48500.0,48550.0,1072,0.0,0.0
2025-03-27 13:39:00+09:00,48550.0,48650.0,48500.0,48500.0,1159,0.0,0.0
2025-03-27 13:40:00+09:00,48650.0,48650.0,48500.0,48600.0,966,0.0,0.0
2025-03-27 13:41:00+09:00,48550.0,48600.0,48500.0,48550.0,1210,0.0,0.0
2025-03-27 13:42:00+09:00,48550.0,48650.0,48500.0,48550.0,1140,0.0,0.0
2025-03-27 13:43:00+09:00,48500.0,48600.0,48500.0,48550.0,1591,0.0,0.0
2025-03-27 13:44:00+09:00,48550.0,48600.0,48500.0,48600.0,1426,0.0,0.0
2025-03-27 13:45:00+09:00,48650.0,48650.0,48500.0,48600.0,2593,0.0,0.0
2025-03-27 13:46:00+09:00,48650.0,48700.0,48550.0,48650.0,3257,0.0,0.0
2025-03-27 13:47:00+09:00,48600.0,48750.0,48600.0,48700.0,7458,0.0,0.0
2025-03-27 13:48:00+09:00,48700.0,48750.0,48650.0,48700.0,2668,0.0,0.0
2025-03-27 13:49:00+09:00,48700.0,48750.0,48700.0,48700.0,2025,0.0,0.0
2025-03-27 13:50:00+09:00,48750.0,48750.0,48600.0,48700.0,3336,0.0,0.0
2025-03-27 13:51:00+09:00,48750.0,48750.0,48600.0,48700.0,2770,0.0,0.0
2025-03-27 13:52:00+09:00,48650.0,48750.0,48600.0,48750.0,3110,0.0,0.0
2025-03-27 13:53:00+09:00,48700.0,48700.0,48550.0,48650.0,3204,0.0,0.0
2025-03-27 13:54:00+09:00,48650.0,48700.0,48600.0,48650.0,2482,0.0,0.0
2025-03-27 13:55:00+09:00,48650.0,48700.0,48600.0,48650.0,2988,0.0,0.0
2025-03-27 13:56:00+09:00,48700.0,48750.0,48600.0,48650.0,2161,0.0,0.0
2025-03-27 13:57:00+09:00,48650.0,48700.0,48600.0,48650.0,2843,0.0,0.0
2025-03-27 13:58:00+09:00,48700.0,48700.0,48600.0,48650.0,2534,0.0,0.0
2025-03-27 13:59:00+09:00,48625.0,48700.0,48600.0,48650.0,2944,0.0,0.0
2025-03-27 14:00:00+09:00,48650.0,48700.0,48600.0,48600.0,2466,0.0,0.0
2025-03-27 14:01:00+09:00,48650.0,48700.0,48600.0,48650.0,2792,0.0,0.0
2025-03-27 14:02:00+09:00,48650.0,48700.0,48600.0,48700.0,2509,0.0,0.0
2025-03-27 14:03:00+09:00,48700.0,48700.0,48650.0,48650.0,2438,0.0,0.0
2025-03-27 14:04:00+09:00,48700.0,48700.0,48600.0,48650.0,2555,0.0,0.0
2025-03-27 14:05:00+09:00,48650.0,48750.0,48650.0,48700.0,2415,0.0,0.0
2025-03-27 14:06:00+09:00,48700.0,48700.0,48650.0,48650.0,2808,0.0,0.0
2025-03-27 14:07:00+09:00,48600.0,48750.0,48600.0,48650.0,2823,0.0,0.0
2025-03-27 14:08:00+09:00,48650.0,48700.0,48550.0,48600.0,2269,0.0,0.0
2025-03-27 14:09:00+09:00,48700.0,48700.0,48550.0,48600.0,2950,0.0,0.0
2025-03-27 14:10:00+09:00,48700.0,48700.0,48600.0,48650.0,2600,0.0,0.0
2025-03-27 14:11:00+09:00,48650.0,48700.0,48550.0,48600.0,2637,0.0,0.0
2025-03-27 14:12:00+09:00,48600.0,48700.0,48600.0,48650.0,2370,0.0,0.0
2025-03-27 14:13:00+09:00,48650.0,48750.0,48550.0,48650.0,2718,0.0,0.0
2025-03-27 14:14:00+09:00,48650.0,48750.0,48550.0,48550.0,2976,0.0,0.0
2025-03-27 14:15:00+09:00,48550.0,48600.0,48550.0,48600.0,2162,0.0,0.0
2025-03-27 14:16:00+09:00,48600.0,48600.0,48550.0,48600.0,3738,0.0,0.0
2025-03-27 14:17:00+09:00,48600.0,48600.0,48550.0,48600.0,3104,0.0,0.0
2025-03-27 14:18:00+09:00,48600.0,48600.0,48550.0,48600.0,2878,0.0,0.0
2025-03-27 14:19:00+09:00,48600.0,48600.0,48500.0,48500.0,3463,0.0,0.0
2025-03-27 14:20:00+09:00,48500.0,48600.0,48500.0,48600.0,2716,0.0,0.0
2025-03-27 14:21:00+09:00,48550.0,48600.0,48550.0,48550.0,2425,0.0,0.0
2025-03-27 14:22:00+09:00,48600.0,48600.0,48500.0,48600.0,3299,0.0,0.0
2025-03-27 14:23:00+09:00,48600.0,48650.0,48500.0,48550.0,3719,0.0,0.0
2025-03-27 14:24:00+09:00,48550.0,48600.0,48450.0,48550.0,4053,0.0,0.0
2025-03-27 14:25:00+09:00,48550.0,48600.0,48450.0,48550.0,3803,0.0,0.0
2025-03-27 14:26:00+09:00,48550.0,48600.0,48500.0,48600.0,2186,0.0,0.0
2025-03-27 14:27:00+09:00,48550.0,48600.0,48500.0,48550.0,2521,0.0,0.0
2025-03-27 14:28:00+09:00,48550.0,48600.0,48500.0,48550.0,3064,0.0,0.0
2025-03-27 14:29:00+09:00,48550.0,48600.0,48500.0,48550.0,2597,0.0,0.0
2025-03-27 14:30:00+09:00,48500.0,48600.0,48450.0,48550.0,3270,0.0,0.0
2025-03-27 14:31:00+09:00,48500.0,48600.0,48450.0,48500.0,2504,0.0,0.0
2025-03-27 14:32:00+09:00,48500.0,48600.0,48450.0,48550.0,2595,0.0,0.0
2025-03-27 14:33:00+09:00,48500.0,48550.0,48450.0,48500.0,2425,0.0,0.0
2025-03-27 14:34:00+09:00,48500.0,48600.0,48450.0,48500.0,2780,0.0,0.0
2025-03-27 14:35:00+09:00,48550.0,48550.0,48450.0,48450.0,4296,0.0,0.0
2025-03-27 14:36:00+09:00,48450.0,48550.0,48450.0,48500.0,2846,0.0,0.0
2025-03-27 14:37:00+09:00,48500.0,48550.0,48400.0,48500.0,2364,0.0,0.0
2025-03-27 14:38:00+09:00,48450.0,48550.0,48400.0,48450.0,2457,0.0,0.0
2025-03-27 14:39:00+09:00,48450.0,48550.0,48450.0,48500.0,2550,0.0,0.0
2025-03-27 14:40:00+09:00,48500.0,48550.0,48450.0,48450.0,2389,0.0,0.0
2025-03-27 14:41:00+09:00,48500.0,48550.0,48450.0,48500.0,2553,0.0,0.0
2025-03-27 14:42:00+09:00,48500.0,48550.0,48450.0,48550.0,3130,0.0,0.0
2025-03-27 14:43:00+09:00,48500.0,48550.0,48450.0,48450.0,1840,0.0,0.0
2025-03-27 14:44:00+09:00,48550.0,48600.0,48450.0,48500.0,2642,0.0,0.0
2025-03-27 14:45:00+09:00,48500.0,48600.0,48450.0,48550.0,3080,0.0,0.0
2025-03-27 14:46:00+09:00,48500.0,48550.0,48450.0,48500.0,2953,0.0,0.0
2025-03-27 14:47:00+09:00,48500.0,48550.0,48450.0,48500.0,2105,0.0,0.0
2025-03-27 14:48:00+09:00,48500.0,48500.0,48400.0,48450.0,3750,0.0,0.0
2025-03-27 14:49:00+09:00,48450.0,48500.0,48400.0,48400.0,3593,0.0,0.0
2025-03-27 14:50:00+09:00,48400.0,48500.0,48350.0,48500.0,1754,0.0,0.0
2025-03-27 14:51:00+09:00,48500.0,48550.0,48400.0,48500.0,2475,0.0,0.0
2025-03-27 14:52:00+09:00,48500.0,48500.0,48400.0,48450.0,2775,0.0,0.0
2025-03-27 14:53:00+09:00,48500.0,48550.0,48400.0,48500.0,2169,0.0,0.0
2025-03-27 14:54:00+09:00,48500.0,48550.0,48400.0,48550.0,2001,0.0,0.0
2025-03-27 14:55:00+09:00,48500.0,48550.0,48450.0,48500.0,2114,0.0,0.0
2025-03-27 14:56:00+09:00,48500.0,48550.0,48450.0,48500.0,2386,0.0,0.0
2025-03-27 14:57:00+09:00,48450.0,48500.0,48400.0,48450.0,1878,0.0,0.0
2025-03-27 14:58:00+09:00,48500.0,48550.0,48400.0,48450.0,2594,0.0,0.0
2025-03-27 14:59:00+09:00,48500.0,48550.0,48400.0,48550.0,2849,0.0,0.0
2025-03-28 09:00:00+09:00,47500.0,48000.0,47400.0,47450.0,73877,0.0,0.0
2025-03-28 09:01:00+09:00,47400.0,47600.0,47400.0,47450.0,27944,0.0,0.0
2025-03-28 09:02:00+09:00,47500.0,47550.0,47450.0,47550.0,8751,0.0,0.0
2025-03-28 09:03:00+09:00,47550.0,47550.0,47350.0,47450.0,19424,0.0,0.0
2025-03-28 09:04:00+09:00,47450.0,47450.0,47350.0,47400.0,7606,0.0,0.0
2025-03-28 09:05:00+09:00,47400.0,47550.0,47350.0,47450.0,19000,0.0,0.0
2025-03-28 09:06:00+09:00,47400.0,47550.0,47400.0,47500.0,20068,0.0,0.0
2025-03-28 09:07:00+09:00,47500.0,47550.0,47450.0,47500.0,1618,0.0,0.0
2025-03-28 09:08:00+09:00,47475.0,47500.0,47350.0,47400.0,9742,0.0,0.0
2025-03-28 09:09:00+09:00,47400.0,47400.0,47300.0,47400.0,7731,0.0,0.0
2025-03-28 09:10:00+09:00,47400.0,47400.0,47300.0,47300.0,8941,0.0,0.0
2025-03-28 09:11:00+09:00,47350.0,47350.0,47250.0,47300.0,3494,0.0,0.0
2025-03-28 09:12:00+09:00,47300.0,47350.0,47200.0,47250.0,7380,0.0,0.0
2025-03-28 09:13:00+09:00,47200.0,47300.0,47150.0,47200.0,6749,0.0,0.0
2025-03-28 09:14:00+09:00,47200.0,47300.0,47150.0,47250.0,3444,0.0,0.0
2025-03-28 09:15:00+09:00,47250.0,47250.0,47100.0,47150.0,10996,0.0,0.0
2025-03-28 09:16:00+09:00,47200.0,47250.0,47150.0,47200.0,3797,0.0,0.0
2025-03-28 09:17:00+09:00,47200.0,47250.0,47150.0,47250.0,885,0.0,0.0
2025-03-28 09:18:00+09:00,47250.0,47300.0,47100.0,47150.0,7703,0.0,0.0
2025-03-28 09:19:00+09:00,47150.0,47150.0,47100.0,47150.0,2045,0.0,0.0
2025-03-28 09:20:00+09:00,47150.0,47200.0,47100.0,47200.0,5073,0.0,0.0
2025-03-28 09:21:00+09:00,47200.0,47250.0,47150.0,47250.0,2613,0.0,0.0
2025-03-28 09:22:00+09:00,47250.0,47250.0,47150.0,47200.0,3738,0.0,0.0
2025-03-28 09:23:00+09:00,47200.0,47250.0,47150.0,47200.0,4278,0.0,0.0
2025-03-28 09:24:00+09:00,47200.0,47200.0,47100.0,47150.0,3550,0.0,0.0
2025-03-28 09:25:00+09:00,47100.0,47150.0,47100.0,47150.0,542,0.0,0.0
2025-03-28 09:26:00+09:00,47150.0,47150.0,47100.0,47150.0,1103,0.0,0.0
2025-03-28 09:27:00+09:00,47150.0,47150.0,46900.0,46950.0,18584,0.0,0.0
2025-03-28 09:28:00+09:00,46950.0,47000.0,46900.0,46950.0,19310,0.0,0.0
2025-03-28 09:29:00+09:00,46950.0,47050.0,46900.0,47000.0,3822,0.0,0.0
2025-03-28 09:30:00+09:00,47050.0,47150.0,47000.0,47000.0,3325,0.0,0.0
2025-03-28 09:31:00+09:00,47000.0,47050.0,47000.0,47050.0,737,0.0,0.0
2025-03-28 09:32:00+09:00,47000.0,47050.0,46900.0,47000.0,3767,0.0,0.0
2025-03-28 09:33:00+09:00,47000.0,47050.0,46950.0,47050.0,5778,0.0,0.0
2025-03-28 09:34:00+09:00,47100.0,47100.0,47050.0,47050.0,785,0.0,0.0
2025-03-28 09:35:00+09:00,47100.0,47100.0,47050.0,47100.0,3013,0.0,0.0
2025-03-28 09:36:00+09:00,47100.0,47100.0,47050.0,47100.0,788,0.0,0.0
2025-03-28 09:37:00+09:00,47100.0,47100.0,46950.0,46950.0,9521,0.0,0.0
2025-03-28 09:38:00+09:00,47000.0,47000.0,46900.0,46950.0,9069,0.0,0.0
2025-03-28 09:39:00+09:00,46950.0,47100.0,46950.0,47050.0,3001,0.0,0.0
2025-03-28 09:40:00+09:00,47100.0,47100.0,47000.0,47050.0,1095,0.0,0.0
2025-03-28 09:41:00+09:00,47050.0,47050.0,46900.0,46950.0,3741,0.0,0.0
2025-03-28 09:42:00+09:00,46900.0,46950.0,46900.0,46950.0,1514,0.0,0.0
2025-03-28 09:43:00+09:00,46950.0,46950.0,46900.0,46950.0,2514,0.0,0.0
2025-03-28 09:44:00+09:00,46950.0,46950.0,46900.0,46900.0,4360,0.0,0.0
2025-03-28 09:45:00+09:00,46900.0,46900.0,46850.0,46900.0,2345,0.0,0.0
2025-03-28 09:46:00+09:00,46900.0,46950.0,46850.0,46900.0,1556,0.0,0.0
2025-03-28 09:47:00+09:00,46950.0,46950.0,46900.0,46950.0,1587,0.0,0.0
2025-03-28 09:48:00+09:00,47000.0,47000.0,46950.0,47000.0,294,0.0,0.0
2025-03-28 09:49:00+09:00,47000.0,47000.0,46950.0,47000.0,383,0.0,0.0
2025-03-28 09:50:00+09:00,47000.0,47050.0,46950.0,47025.0,1307,0.0,0.0
2025-03-28 09:51:00+09:00,47000.0,47100.0,47000.0,47050.0,1244,0.0,0.0
2025-03-28 09:52:00+09:00,47100.0,47100.0,47000.0,47050.0,1412,0.0,0.0
2025-03-28 09:53:00+09:00,47050.0,47050.0,47000.0,47000.0,6421,0.0,0.0
2025-03-28 09:54:00+09:00,47050.0,47050.0,47000.0,47000.0,900,0.0,0.0
2025-03-28 09:55:00+09:00,47050.0,47150.0,47000.0,47100.0,3715,0.0,0.0
2025-03-28 09:56:00+09:00,47150.0,47150.0,47100.0,47100.0,1424,0.0,0.0
2025-03-28 09:57:00+09:00,47100.0,47150.0,47050.0,47100.0,2751,0.0,0.0
2025-03-28 09:58:00+09:00,47100.0,47150.0,47050.0,47100.0,5076,0.0,0.0
2025-03-28 09:59:00+09:00,47100.0,47100.0,47000.0,47100.0,5746,0.0,0.0
2025-03-28 10:00:00+09:00,47050.0,47150.0,47050.0,47150.0,2171,0.0,0.0
2025-03-28 10:01:00+09:00,47150.0,47150.0,47100.0,47100.0,368,0.0,0.0
2025-03-28 10:02:00+09:00,47150.0,47150.0,47100.0,47150.0,1333,0.0,0.0
2025-03-28 10:03:00+09:00,47150.0,47200.0,47100.0,47200.0,626,0.0,0.0
2025-03-28 10:04:00+09:00,47200.0,47200.0,47150.0,47200.0,835,0.0,0.0
2025-03-28 10:05:00+09:00,47200.0,47250.0,47150.0,47250.0,1121,0.0,0.0
2025-03-28 10:06:00+09:00,47250.0,47250.0,47225.0,47250.0,924,0.0,0.0
2025-03-28 10:07:00+09:00,47225.0,47250.0,47200.0,47200.0,829,0.0,0.0
2025-03-28 10:08:00+09:00,47250.0,47250.0,47200.0,47250.0,1591,0.0,0.0
2025-03-28 10:09:00+09:00,47250.0,47250.0,47200.0,47250.0,764,0.0,0.0
2025-03-28 10:10:00+09:00,47250.0,47300.0,47200.0,47250.0,4189,0.0,0.0
2025-03-28 10:11:00+09:00,47250.0,47250.0,47200.0,47250.0,2800,0.0,0.0
2025-03-28 10:12:00+09:00,47250.0,47300.0,47250.0,47250.0,645,0.0,0.0
2025-03-28 10:13:00+09:00,47300.0,47300.0,47250.0,47300.0,3661,0.0,0.0
2025-03-28 10:14:00+09:00,47300.0,47350.0,47300.0,47350.0,1748,0.0,0.0
2025-03-28 10:15:00+09:00,47300.0,47350.0,47300.0,47350.0,2646,0.0,0.0
2025-03-28 10:16:00+09:00,47300.0,47400.0,47300.0,47400.0,2953,0.0,0.0
2025-03-28 10:17:00+09:00,47400.0,47400.0,47350.0,47400.0,1928,0.0,0.0
2025-03-28 10:18:00+09:00,47400.0,47400.0,47350.0,47400.0,554,0.0,0.0
2025-03-28 10:19:00+09:00,47375.0,47400.0,47350.0,47350.0,3952,0.0,0.0
2025-03-28 10:20:00+09:00,47350.0,47350.0,47250.0,47300.0,2988,0.0,0.0
2025-03-28 10:21:00+09:00,47300.0,47400.0,47250.0,47350.0,5380,0.0,0.0
2025-03-28 10:22:00+09:00,47300.0,47350.0,47250.0,47250.0,2544,0.0,0.0
2025-03-28 10:23:00+09:00,47300.0,47400.0,47300.0,47400.0,9327,0.0,0.0
2025-03-28 10:24:00+09:00,47400.0,47450.0,47350.0,47450.0,1933,0.0,0.0
2025-03-28 10:25:00+09:00,47450.0,47450.0,47400.0,47450.0,520,0.0,0.0
2025-03-28 10:26:00+09:00,47450.0,47450.0,47400.0,47400.0,1434,0.0,0.0
2025-03-28 10:27:00+09:00,47450.0,47500.0,47400.0,47500.0,2750,0.0,0.0
2025-03-28 10:28:00+09:00,47450.0,47500.0,47450.0,47500.0,1100,0.0,0.0
2025-03-28 10:29:00+09:00,47450.0,47500.0,47450.0,47500.0,1085,0.0,0.0
2025-03-28 10:30:00+09:00,47500.0,47500.0,47450.0,47500.0,1314,0.0,0.0
2025-03-28 10:31:00+09:00,47500.0,47500.0,47450.0,47500.0,1138,0.0,0.0
2025-03-28 10:32:00+09:00,47500.0,47500.0,47400.0,47450.0,6466,0.0,0.0
2025-03-28 10:33:00+09:00,47400.0,47450.0,47350.0,47400.0,5814,0.0,0.0
2025-03-28 10:34:00+09:00,47400.0,47500.0,47350.0,47450.0,6986,0.0,0.0
2025-03-28 10:35:00+09:00,47450.0,47500.0,47300.0,47450.0,5807,0.0,0.0
2025-03-28 10:36:00+09:00,47500.0,47500.0,47400.0,47400.0,2799,0.0,0.0
2025-03-28 10:37:00+09:00,47450.0,47450.0,47400.0,47450.0,1536,0.0,0.0
2025-03-28 10:38:00+09:00,47500.0,47500.0,47450.0,47500.0,1402,0.0,0.0
2025-03-28 10:39:00+09:00,47500.0,47500.0,47450.0,47500.0,952,0.0,0.0
2025-03-28 10:40:00+09:00,47500.0,47500.0,47450.0,47500.0,486,0.0,0.0
2025-03-28 10:41:00+09:00,47500.0,47500.0,47350.0,47350.0,3427,0.0,0.0
2025-03-28 10:42:00+09:00,47400.0,47500.0,47350.0,47450.0,1812,0.0,0.0
2025-03-28 10:43:00+09:00,47450.0,47450.0,47400.0,47400.0,842,0.0,0.0
2025-03-28 10:44:00+09:00,47400.0,47500.0,47400.0,47500.0,960,0.0,0.0
2025-03-28 10:45:00+09:00,47500.0,47500.0,47450.0,47500.0,1097,0.0,0.0
2025-03-28 10:46:00+09:00,47450.0,47450.0,47400.0,47450.0,566,0.0,0.0
2025-03-28 10:47:00+09:00,47450.0,47500.0,47400.0,47500.0,2080,0.0,0.0
2025-03-28 10:48:00+09:00,47500.0,47500.0,47400.0,47400.0,5546,0.0,0.0
2025-03-28 10:49:00+09:00,47400.0,47500.0,47400.0,47500.0,10593,0.0,0.0
2025-03-28 10:50:00+09:00,47500.0,47500.0,47450.0,47450.0,2184,0.0,0.0
2025-03-28 10:51:00+09:00,47500.0,47500.0,47450.0,47500.0,1424,0.0,0.0
2025-03-28 10:52:00+09:00,47450.0,47500.0,47450.0,47450.0,1079,0.0,0.0
2025-03-28 10:53:00+09:00,47500.0,47600.0,47450.0,47600.0,19512,0.0,0.0
2025-03-28 10:54:00+09:00,47550.0,47600.0,47550.0,47550.0,1279,0.0,0.0
2025-03-28 10:55:00+09:00,47550.0,47600.0,47500.0,47550.0,1587,0.0,0.0
2025-03-28 10:56:00+09:00,47550.0,47600.0,47500.0,47600.0,2424,0.0,0.0
2025-03-28 10:57:00+09:00,47550.0,47600.0,47550.0,47550.0,3556,0.0,0.0
2025-03-28 10:58:00+09:00,47600.0,47600.0,47550.0,47600.0,997,0.0,0.0
2025-03-28 10:59:00+09:00,47600.0,47600.0,47550.0,47600.0,1979,0.0,0.0
2025-03-28 11:00:00+09:00,47550.0,47650.0,47550.0,47650.0,1413,0.0,0.0
2025-03-28 11:01:00+09:00,47650.0,47700.0,47600.0,47700.0,3329,0.0,0.0
2025-03-28 11:02:00+09:00,47700.0,47700.0,47650.0,47700.0,592,0.0,0.0
2025-03-28 11:03:00+09:00,47700.0,47700.0,47600.0,47650.0,1869,0.0,0.0
2025-03-28 11:04:00+09:00,47650.0,47700.0,47600.0,47600.0,4025,0.0,0.0
2025-03-28 11:05:00+09:00,47650.0,47700.0,47550.0,47600.0,1675,0.0,0.0
2025-03-28 11:06:00+09:00,47650.0,47650.0,47550.0,47650.0,2834,0.0,0.0
2025-03-28 11:07:00+09:00,47650.0,47650.0,47500.0,47550.0,1274,0.0,0.0
2025-03-28 11:08:00+09:00,47550.0,47650.0,47500.0,47600.0,3244,0.0,0.0
2025-03-28 11:09:00+09:00,47600.0,47650.0,47550.0,47650.0,1463,0.0,0.0
2025-03-28 11:10:00+09:00,47650.0,47700.0,47600.0,47650.0,748,0.0,0.0
2025-03-28 11:11:00+09:00,47650.0,47700.0,47600.0,47600.0,1422,0.0,0.0
2025-03-28 11:12:00+09:00,47650.0,47700.0,47600.0,47650.0,2477,0.0,0.0
2025-03-28 11:13:00+09:00,47650.0,47650.0,47600.0,47650.0,2092,0.0,0.0
2025-03-28 11:14:00+09:00,47650.0,47700.0,47600.0,47700.0,2427,0.0,0.0
2025-03-28 11:15:00+09:00,47700.0,47700.0,47650.0,47700.0,863,0.0,0.0
2025-03-28 11:16:00+09:00,47700.0,47750.0,47600.0,47750.0,9365,0.0,0.0
2025-03-28 11:17:00+09:00,47750.0,47750.0,47700.0,47750.0,6400,0.0,0.0
2025-03-28 11:18:00+09:00,47750.0,47750.0,47700.0,47700.0,1224,0.0,0.0
2025-03-28 11:19:00+09:00,47750.0,47750.0,47700.0,47750.0,997,0.0,0.0
2025-03-28 11:20:00+09:00,47750.0,47750.0,47700.0,47750.0,1267,0.0,0.0
2025-03-28 11:21:00+09:00,47750.0,47750.0,47700.0,47700.0,4648,0.0,0.0
2025-03-28 11:22:00+09:00,47700.0,47750.0,47700.0,47750.0,1764,0.0,0.0
2025-03-28 11:23:00+09:00,47700.0,47750.0,47700.0,47750.0,2554,0.0,0.0
2025-03-28 11:24:00+09:00,47700.0,47850.0,47700.0,47800.0,9734,0.0,0.0
2025-03-28 11:25:00+09:00,47800.0,47850.0,47750.0,47800.0,2431,0.0,0.0
2025-03-28 11:26:00+09:00,47800.0,47800.0,47750.0,47800.0,2022,0.0,0.0
2025-03-28 11:27:00+09:00,47800.0,47850.0,47750.0,47850.0,1220,0.0,0.0
2025-03-28 11:28:00+09:00,47850.0,47850.0,47800.0,47850.0,716,0.0,0.0
2025-03-28 11:29:00+09:00,47800.0,47850.0,47750.0,47800.0,2835,0.0,0.0
2025-03-28 11:30:00+09:00,47800.0,47800.0,47750.0,47800.0,667,0.0,0.0
2025-03-28 11:31:00+09:00,47800.0,47800.0,47750.0,47800.0,1134,0.0,0.0
2025-03-28 11:32:00+09:00,47800.0,47850.0,47750.0,47800.0,933,0.0,0.0
2025-03-28 11:33:00+09:00,47800.0,47850.0,47700.0,47750.0,1727,0.0,0.0
2025-03-28 11:34:00+09:00,47850.0,47850.0,47750.0,47800.0,546,0.0,0.0
2025-03-28 11:35:00+09:00,47800.0,47850.0,47750.0,47800.0,1415,0.0,0.0
2025-03-28 11:36:00+09:00,47800.0,47850.0,47700.0,47750.0,1043,0.0,0.0
2025-03-28 11:37:00+09:00,47750.0,47800.0,47650.0,47650.0,3019,0.0,0.0
2025-03-28 11:38:00+09:00,47700.0,47750.0,47650.0,47750.0,2529,0.0,0.0
2025-03-28 11:39:00+09:00,47750.0,47750.0,47700.0,47750.0,770,0.0,0.0
2025-03-28 11:40:00+09:00,47750.0,47750.0,47700.0,47750.0,927,0.0,0.0
2025-03-28 11:41:00+09:00,47750.0,47750.0,47700.0,47750.0,959,0.0,0.0
2025-03-28 11:42:00+09:00,47750.0,47800.0,47700.0,47800.0,1021,0.0,0.0
2025-03-28 11:43:00+09:00,47750.0,47800.0,47700.0,47750.0,1792,0.0,0.0
2025-03-28 11:44:00+09:00,47750.0,47800.0,47700.0,47800.0,1222,0.0,0.0
2025-03-28 11:45:00+09:00,47800.0,47800.0,47750.0,47800.0,743,0.0,0.0
2025-03-28 11:46:00+09:00,47800.0,47800.0,47650.0,47750.0,1729,0.0,0.0
2025-03-28 11:47:00+09:00,47800.0,47800.0,47700.0,47750.0,1114,0.0,0.0
2025-03-28 11:48:00+09:00,47700.0,47800.0,47650.0,47750.0,2295,0.0,0.0
2025-03-28 11:49:00+09:00,47750.0,47800.0,47700.0,47700.0,940,0.0,0.0
2025-03-28 11:50:00+09:00,47700.0,47750.0,47600.0,47700.0,3098,0.0,0.0
2025-03-28 11:51:00+09:00,47700.0,47700.0,47650.0,47700.0,998,0.0,0.0
2025-03-28 11:52:00+09:00,47700.0,47700.0,47650.0,47700.0,785,0.0,0.0
2025-03-28 11:53:00+09:00,47700.0,47700.0,47650.0,47700.0,1144,0.0,0.0
2025-03-28 11:54:00+09:00,47700.0,47700.0,47650.0,47700.0,833,0.0,0.0
2025-03-28 11:55:00+09:00,47650.0,47700.0,47650.0,47700.0,1224,0.0,0.0
2025-03-28 11:56:00+09:00,47700.0,47700.0,47650.0,47700.0,465,0.0,0.0
2025-03-28 11:57:00+09:00,47700.0,47700.0,47600.0,47650.0,2197,0.0,0.0
2025-03-28 11:58:00+09:00,47650.0,47650.0,47600.0,47650.0,2073,0.0,0.0
2025-03-28 11:59:00+09:00,47600.0,47650.0,47550.0,47650.0,790,0.0,0.0
2025-03-28 12:00:00+09:00,47650.0,47650.0,47600.0,47650.0,749,0.0,0.0
2025-03-28 12:01:00+09:00,47650.0,47650.0,47550.0,47550.0,940,0.0,0.0
2025-03-28 12:02:00+09:00,47600.0,47650.0,47550.0,47600.0,995,0.0,0.0
2025-03-28 12:03:00+09:00,47600.0,47650.0,47550.0,47650.0,952,0.0,0.0
2025-03-28 12:04:00+09:00,47650.0,47700.0,47550.0,47650.0,1721,0.0,0.0
2025-03-28 12:05:00+09:00,47600.0,47600.0,47550.0,47600.0,477,0.0,0.0
2025-03-28 12:06:00+09:00,47600.0,47700.0,47550.0,47700.0,1093,0.0,0.0
2025-03-28 12:07:00+09:00,47700.0,47700.0,47600.0,47650.0,1192,0.0,0.0
2025-03-28 12:08:00+09:00,47600.0,47700.0,47550.0,47650.0,917,0.0,0.0
2025-03-28 12:09:00+09:00,47650.0,47700.0,47600.0,47650.0,787,0.0,0.0
2025-03-28 12:10:00+09:00,47650.0,47700.0,47600.0,47700.0,1360,0.0,0.0
2025-03-28 12:11:00+09:00,47650.0,47700.0,47600.0,47650.0,937,0.0,0.0
2025-03-28 12:12:00+09:00,47650.0,47700.0,47600.0,47650.0,862,0.0,0.0
2025-03-28 12:13:00+09:00,47650.0,47700.0,47600.0,47650.0,1070,0.0,0.0
2025-03-28 12:14:00+09:00,47650.0,47700.0,47600.0,47650.0,1341,0.0,0.0
2025-03-28 12:15:00+09:00,47650.0,47750.0,47600.0,47750.0,1216,0.0,0.0
2025-03-28 12:16:00+09:00,47650.0,47750.0,47650.0,47700.0,799,0.0,0.0
2025-03-28 12:17:00+09:00,47700.0,47700.0,47650.0,47700.0,1115,0.0,0.0
2025-03-28 12:18:00+09:00,47700.0,47700.0,47650.0,47650.0,325,0.0,0.0
2025-03-28 12:19:00+09:00,47650.0,47700.0,47650.0,47700.0,1470,0.0,0.0
2025-03-28 12:20:00+09:00,47700.0,47700.0,47650.0,47700.0,1992,0.0,0.0
2025-03-28 12:21:00+09:00,47700.0,47700.0,47600.0,47700.0,1204,0.0,0.0
2025-03-28 12:22:00+09:00,47650.0,47650.0,47600.0,47650.0,1029,0.0,0.0
2025-03-28 12:23:00+09:00,47650.0,47650.0,47600.0,47650.0,1147,0.0,0.0
2025-03-28 12:24:00+09:00,47650.0,47700.0,47600.0,47650.0,1358,0.0,0.0
2025-03-28 12:25:00+09:00,47650.0,47700.0,47600.0,47650.0,1005,0.0,0.0
2025-03-28 12:26:00+09:00,47650.0,47700.0,47600.0,47650.0,1195,0.0,0.0
2025-03-28 12:27:00+09:00,47650.0,47700.0,47600.0,47650.0,818,0.0,0.0
2025-03-28 12:28:00+09:00,47700.0,47700.0,47600.0,47650.0,1012,0.0,0.0
2025-03-28 12:29:00+09:00,47650.0,47650.0,47550.0,47600.0,1397,0.0,0.0
2025-03-28 12:30:00+09:00,47600.0,47650.0,47550.0,47600.0,1088,0.0,0.0
2025-03-28 12:31:00+09:00,47550.0,47600.0,47550.0,47600.0,1147,0.0,0.0
2025-03-28 12:32:00+09:00,47600.0,47600.0,47550.0,47600.0,648,0.0,0.0
2025-03-28 12:33:00+09:00,47600.0,47650.0,47550.0,47600.0,1271,0.0,0.0
2025-03-28 12:34:00+09:00,47600.0,47650.0,47550.0,47600.0,2189,0.0,0.0
2025-03-28 12:35:00+09:00,47600.0,47600.0,47550.0,47600.0,944,0.0,0.0
2025-03-28 12:36:00+09:00,47600.0,47650.0,47500.0,47550.0,2520,0.0,0.0
2025-03-28 12:37:00+09:00,47550.0,47600.0,47500.0,47550.0,1093,0.0,0.0
2025-03-28 12:38:00+09:00,47600.0,47600.0,47500.0,47550.0,1005,0.0,0.0
2025-03-28 12:39:00+09:00,47550.0,47550.0,47500.0,47550.0,823,0.0,0.0
2025-03-28 12:40:00+09:00,47550.0,47550.0,47500.0,47550.0,1024,0.0,0.0
2025-03-28 12:41:00+09:00,47550.0,47600.0,47500.0,47550.0,799,0.0,0.0
2025-03-28 12:42:00+09:00,47550.0,47550.0,47500.0,47550.0,587,0.0,0.0
2025-03-28 12:43:00+09:00,47550.0,47600.0,47500.0,47550.0,1481,0.0,0.0
2025-03-28 12:44:00+09:00,47500.0,47550.0,47500.0,47550.0,1260,0.0,0.0
2025-03-28 12:45:00+09:00,47550.0,47550.0,47500.0,47550.0,601,0.0,0.0
2025-03-28 12:46:00+09:00,47550.0,47550.0,47500.0,47550.0,1229,0.0,0.0
2025-03-28 12:47:00+09:00,47550.0,47600.0,47500.0,47600.0,6138,0.0,0.0
2025-03-28 12:48:00+09:00,47600.0,47650.0,47500.0,47600.0,3043,0.0,0.0
2025-03-28 12:49:00+09:00,47600.0,47700.0,47550.0,47700.0,6137,0.0,0.0
2025-03-28 12:50:00+09:00,47600.0,47700.0,47600.0,47650.0,5036,0.0,0.0
2025-03-28 12:51:00+09:00,47650.0,47700.0,47600.0,47700.0,4736,0.0,0.0
2025-03-28 12:52:00+09:00,47650.0,47700.0,47550.0,47600.0,8248,0.0,0.0
2025-03-28 12:53:00+09:00,47600.0,47650.0,47500.0,47550.0,2701,0.0,0.0
2025-03-28 12:54:00+09:00,47550.0,47600.0,47500.0,47550.0,1136,0.0,0.0
2025-03-28 12:55:00+09:00,47500.0,47650.0,47500.0,47650.0,808,0.0,0.0
2025-03-28 12:56:00+09:00,47550.0,47650.0,47550.0,47600.0,2313,0.0,0.0
2025-03-28 12:57:00+09:00,47600.0,47650.0,47550.0,47600.0,890,0.0,0.0
2025-03-28 12:58:00+09:00,47600.0,47700.0,47600.0,47600.0,3053,0.0,0.0
2025-03-28 12:59:00+09:00,47600.0,47650.0,47550.0,47600.0,1265,0.0,0.0
2025-03-28 13:00:00+09:00,47550.0,47650.0,47550.0,47650.0,1049,0.0,0.0
2025-03-28 13:01:00+09:00,47600.0,47650.0,47550.0,47600.0,988,0.0,0.0
2025-03-28 13:02:00+09:00,47600.0,47650.0,47550.0,47650.0,1182,0.0,0.0
2025-03-28 13:03:00+09:00,47650.0,47650.0,47500.0,47500.0,12015,0.0,0.0
2025-03-28 13:04:00+09:00,47500.0,47700.0,47500.0,47550.0,6844,0.0,0.0
2025-03-28 13:05:00+09:00,47550.0,47650.0,47550.0,47650.0,2199,0.0,0.0
2025-03-28 13:06:00+09:00,47600.0,47650.0,47550.0,47650.0,1320,0.0,0.0
2025-03-28 13:07:00+09:00,47550.0,47600.0,47550.0,47600.0,1413,0.0,0.0
2025-03-28 13:08:00+09:00,47600.0,47600.0,47550.0,47600.0,1320,0.0,0.0
2025-03-28 13:09:00+09:00,47600.0,47650.0,47600.0,47600.0,1217,0.0,0.0
2025-03-28 13:10:00+09:00,47600.0,47650.0,47600.0,47650.0,1387,0.0,0.0
2025-03-28 13:11:00+09:00,47600.0,47650.0,47550.0,47600.0,1713,0.0,0.0
2025-03-28 13:12:00+09:00,47650.0,47700.0,47550.0,47700.0,1412,0.0,0.0
2025-03-28 13:13:00+09:00,47700.0,47700.0,47550.0,47650.0,2528,0.0,0.0
2025-03-28 13:14:00+09:00,47650.0,47700.0,47650.0,47650.0,2259,0.0,0.0
2025-03-28 13:15:00+09:00,47650.0,47700.0,47600.0,47650.0,1228,0.0,0.0
2025-03-28 13:16:00+09:00,47650.0,47700.0,47600.0,47650.0,1666,0.0,0.0
2025-03-28 13:17:00+09:00,47650.0,47700.0,47600.0,47600.0,2071,0.0,0.0
2025-03-28 13:18:00+09:00,47600.0,47700.0,47600.0,47650.0,4585,0.0,0.0
2025-03-28 13:19:00+09:00,47650.0,47750.0,47600.0,47700.0,3967,0.0,0.0
2025-03-28 13:20:00+09:00,47700.0,47750.0,47650.0,47700.0,2729,0.0,0.0
2025-03-28 13:21:00+09:00,47700.0,47700.0,47650.0,47700.0,1308,0.0,0.0
2025-03-28 13:22:00+09:00,47700.0,47750.0,47650.0,47700.0,2971,0.0,0.0
2025-03-28 13:23:00+09:00,47700.0,47750.0,47650.0,47700.0,1744,0.0,0.0
2025-03-28 13:24:00+09:00,47700.0,47750.0,47700.0,47750.0,1209,0.0,0.0
2025-03-28 13:25:00+09:00,47750.0,47800.0,47700.0,47800.0,5709,0.0,0.0
2025-03-28 13:26:00+09:00,47800.0,47800.0,47750.0,47750.0,1376,0.0,0.0
2025-03-28 13:27:00+09:00,47800.0,47800.0,47750.0,47800.0,3015,0.0,0.0
2025-03-28 13:28:00+09:00,47800.0,47800.0,47750.0,47750.0,1876,0.0,0.0
2025-03-28 13:29:00+09:00,47800.0,47800.0,47700.0,47750.0,9644,0.0,0.0
2025-03-28 13:30:00+09:00,47750.0,47800.0,47750.0,47800.0,2891,0.0,0.0
2025-03-28 13:31:00+09:00,47800.0,47800.0,47750.0,47800.0,2591,0.0,0.0
2025-03-28 13:32:00+09:00,47750.0,47850.0,47750.0,47750.0,3236,0.0,0.0
2025-03-28 13:33:00+09:00,47750.0,47800.0,47700.0,47750.0,1804,0.0,0.0
2025-03-28 13:34:00+09:00,47750.0,47800.0,47700.0,47800.0,1158,0.0,0.0
2025-03-28 13:35:00+09:00,47750.0,47800.0,47700.0,47700.0,1543,0.0,0.0
2025-03-28 13:36:00+09:00,47750.0,47800.0,47700.0,47750.0,1419,0.0,0.0
2025-03-28 13:37:00+09:00,47750.0,47800.0,47750.0,47800.0,913,0.0,0.0
2025-03-28 13:38:00+09:00,47750.0,47850.0,47700.0,47850.0,1632,0.0,0.0
2025-03-28 13:39:00+09:00,47750.0,47850.0,47750.0,47850.0,1256,0.0,0.0
2025-03-28 13:40:00+09:00,47800.0,47850.0,47750.0,47800.0,1066,0.0,0.0
2025-03-28 13:41:00+09:00,47800.0,47850.0,47750.0,47850.0,1642,0.0,0.0
2025-03-28 13:42:00+09:00,47850.0,47850.0,47750.0,47850.0,1356,0.0,0.0
2025-03-28 13:43:00+09:00,47800.0,47850.0,47750.0,47800.0,6425,0.0,0.0
2025-03-28 13:44:00+09:00,47800.0,47800.0,47750.0,47800.0,1261,0.0,0.0
2025-03-28 13:45:00+09:00,47800.0,47800.0,47750.0,47800.0,1305,0.0,0.0
2025-03-28 13:46:00+09:00,47800.0,47800.0,47750.0,47800.0,1018,0.0,0.0
2025-03-28 13:47:00+09:00,47800.0,47850.0,47750.0,47850.0,1699,0.0,0.0
2025-03-28 13:48:00+09:00,47850.0,47850.0,47800.0,47850.0,1476,0.0,0.0
2025-03-28 13:49:00+09:00,47850.0,47850.0,47800.0,47800.0,383,0.0,0.0
2025-03-28 13:50:00+09:00,47800.0,47850.0,47750.0,47750.0,2172,0.0,0.0
2025-03-28 13:51:00+09:00,47800.0,47850.0,47700.0,47750.0,2687,0.0,0.0
2025-03-28 13:52:00+09:00,47750.0,47750.0,47700.0,47750.0,1070,0.0,0.0
2025-03-28 13:53:00+09:00,47700.0,47750.0,47700.0,47700.0,1355,0.0,0.0
2025-03-28 13:54:00+09:00,47700.0,47750.0,47700.0,47750.0,1005,0.0,0.0
2025-03-28 13:55:00+09:00,47700.0,47750.0,47650.0,47650.0,3806,0.0,0.0
2025-03-28 13:56:00+09:00,47700.0,47700.0,47650.0,47650.0,1330,0.0,0.0
2025-03-28 13:57:00+09:00,47650.0,47700.0,47650.0,47700.0,1866,0.0,0.0
2025-03-28 13:58:00+09:00,47700.0,47750.0,47650.0,47750.0,1232,0.0,0.0
2025-03-28 13:59:00+09:00,47700.0,47750.0,47700.0,47700.0,1603,0.0,0.0
2025-03-28 14:00:00+09:00,47750.0,47750.0,47700.0,47750.0,1637,0.0,0.0
2025-03-28 14:01:00+09:00,47750.0,47750.0,47700.0,47750.0,1469,0.0,0.0
2025-03-28 14:02:00+09:00,47800.0,47800.0,47750.0,47750.0,609,0.0,0.0
2025-03-28 14:03:00+09:00,47750.0,47750.0,47650.0,47650.0,2401,0.0,0.0
2025-03-28 14:04:00+09:00,47700.0,47750.0,47700.0,47700.0,1074,0.0,0.0
2025-03-28 14:05:00+09:00,47700.0,47750.0,47650.0,47700.0,2102,0.0,0.0
2025-03-28 14:06:00+09:00,47650.0,47700.0,47600.0,47700.0,2988,0.0,0.0
2025-03-28 14:07:00+09:00,47700.0,47700.0,47600.0,47650.0,1095,0.0,0.0
2025-03-28 14:08:00+09:00,47650.0,47700.0,47600.0,47650.0,2496,0.0,0.0
2025-03-28 14:09:00+09:00,47650.0,47700.0,47650.0,47650.0,1397,0.0,0.0
2025-03-28 14:10:00+09:00,47650.0,47700.0,47600.0,47650.0,2747,0.0,0.0
2025-03-28 14:11:00+09:00,47650.0,47700.0,47600.0,47650.0,1010,0.0,0.0
2025-03-28 14:12:00+09:00,47650.0,47700.0,47600.0,47650.0,1962,0.0,0.0
2025-03-28 14:13:00+09:00,47650.0,47700.0,47600.0,47650.0,991,0.0,0.0
2025-03-28 14:14:00+09:00,47600.0,47700.0,47600.0,47650.0,1562,0.0,0.0
2025-03-28 14:15:00+09:00,47650.0,47700.0,47600.0,47650.0,1390,0.0,0.0
2025-03-28 14:16:00+09:00,47650.0,47750.0,47650.0,47700.0,2184,0.0,0.0
2025-03-28 14:17:00+09:00,47700.0,47700.0,47650.0,47700.0,2130,0.0,0.0
2025-03-28 14:18:00+09:00,47700.0,47750.0,47700.0,47700.0,1089,0.0,0.0
2025-03-28 14:19:00+09:00,47700.0,47750.0,47650.0,47700.0,1123,0.0,0.0
2025-03-28 14:20:00+09:00,47700.0,47700.0,47650.0,47700.0,4294,0.0,0.0
2025-03-28 14:21:00+09:00,47700.0,47750.0,47650.0,47750.0,1545,0.0,0.0
2025-03-28 14:22:00+09:00,47750.0,47750.0,47650.0,47700.0,983,0.0,0.0
2025-03-28 14:23:00+09:00,47750.0,47750.0,47700.0,47700.0,2143,0.0,0.0
2025-03-28 14:24:00+09:00,47700.0,47750.0,47650.0,47700.0,1647,0.0,0.0
2025-03-28 14:25:00+09:00,47700.0,47750.0,47600.0,47650.0,1521,0.0,0.0
2025-03-28 14:26:00+09:00,47650.0,47700.0,47600.0,47650.0,1847,0.0,0.0
2025-03-28 14:27:00+09:00,47650.0,47700.0,47650.0,47650.0,1255,0.0,0.0
2025-03-28 14:28:00+09:00,47600.0,47750.0,47600.0,47700.0,2259,0.0,0.0
2025-03-28 14:29:00+09:00,47700.0,47750.0,47650.0,47700.0,1434,0.0,0.0
2025-03-28 14:30:00+09:00,47700.0,47700.0,47650.0,47700.0,1539,0.0,0.0
2025-03-28 14:31:00+09:00,47700.0,47750.0,47600.0,47650.0,2621,0.0,0.0
2025-03-28 14:32:00+09:00,47650.0,47700.0,47600.0,47700.0,2312,0.0,0.0
2025-03-28 14:33:00+09:00,47700.0,47700.0,47600.0,47650.0,2299,0.0,0.0
2025-03-28 14:34:00+09:00,47650.0,47750.0,47600.0,47700.0,1734,0.0,0.0
2025-03-28 14:35:00+09:00,47650.0,47750.0,47650.0,47700.0,2403,0.0,0.0
2025-03-28 14:36:00+09:00,47700.0,47750.0,47700.0,47750.0,1801,0.0,0.0
2025-03-28 14:37:00+09:00,47750.0,47800.0,47650.0,47750.0,1447,0.0,0.0
2025-03-28 14:38:00+09:00,47750.0,47800.0,47650.0,47700.0,1615,0.0,0.0
2025-03-28 14:39:00+09:00,47700.0,47800.0,47650.0,47700.0,1529,0.0,0.0
2025-03-28 14:40:00+09:00,47700.0,47800.0,47700.0,47700.0,1105,0.0,0.0
2025-03-28 14:41:00+09:00,47700.0,47800.0,47700.0,47750.0,1909,0.0,0.0
2025-03-28 14:42:00+09:00,47700.0,47800.0,47700.0,47750.0,1980,0.0,0.0
2025-03-28 14:43:00+09:00,47700.0,47750.0,47600.0,47700.0,4865,0.0,0.0
2025-03-28 14:44:00+09:00,47700.0,47800.0,47650.0,47750.0,1565,0.0,0.0
2025-03-28 14:45:00+09:00,47750.0,47800.0,47700.0,47750.0,1734,0.0,0.0
2025-03-28 14:46:00+09:00,47750.0,47750.0,47700.0,47750.0,1563,0.0,0.0
2025-03-28 14:47:00+09:00,47750.0,47750.0,47700.0,47750.0,1575,0.0,0.0
2025-03-28 14:48:00+09:00,47750.0,47800.0,47700.0,47750.0,1805,0.0,0.0
2025-03-28 14:49:00+09:00,47750.0,47800.0,47700.0,47750.0,1418,0.0,0.0
2025-03-28 14:50:00+09:00,47750.0,47800.0,47700.0,47750.0,1538,0.0,0.0
2025-03-28 14:51:00+09:00,47700.0,47800.0,47700.0,47750.0,1403,0.0,0.0
2025-03-28 14:52:00+09:00,47750.0,47800.0,47700.0,47750.0,1013,0.0,0.0
2025-03-28 14:53:00+09:00,47750.0,47800.0,47750.0,47750.0,1483,0.0,0.0
2025-03-28 14:54:00+09:00,47750.0,47750.0,47700.0,47750.0,585,0.0,0.0
2025-03-28 14:55:00+09:00,47750.0,47750.0,47650.0,47700.0,759,0.0,0.0
2025-03-28 14:56:00+09:00,47700.0,47750.0,47650.0,47750.0,866,0.0,0.0
2025-03-28 14:57:00+09:00,47700.0,47800.0,47700.0,47750.0,835,0.0,0.0
2025-03-28 14:58:00+09:00,47750.0,47800.0,47750.0,47800.0,577,0.0,0.0
2025-03-28 14:59:00+09:00,47800.0,47800.0,47700.0,47750.0,866,0.0,0.0
2025-03-31 09:00:00+09:00,47000.0,47250.0,47000.0,47200.0,13242,0.0,0.0
2025-03-31 09:01:00+09:00,47250.0,47300.0,47050.0,47100.0,5756,0.0,0.0
2025-03-31 09:02:00+09:00,47100.0,47200.0,47100.0,47150.0,2525,0.0,0.0
2025-03-31 09:03:00+09:00,47150.0,47200.0,47100.0,47150.0,2037,0.0,0.0
2025-03-31 09:04:00+09:00,47150.0,47250.0,47100.0,47200.0,2660,0.0,0.0
2025-03-31 09:05:00+09:00,47200.0,47300.0,47150.0,47250.0,4691,0.0,0.0
2025-03-31 09:06:00+09:00,47300.0,47300.0,47200.0,47250.0,977,0.0,0.0
2025-03-31 09:07:00+09:00,47200.0,47250.0,47050.0,47150.0,4797,0.0,0.0
2025-03-31 09:08:00+09:00,47150.0,47150.0,47100.0,47100.0,1739,0.0,0.0
2025-03-31 09:09:00+09:00,47100.0,47150.0,47000.0,47100.0,2722,0.0,0.0
2025-03-31 09:10:00+09:00,47050.0,47150.0,47050.0,47100.0,1694,0.0,0.0
2025-03-31 09:11:00+09:00,47100.0,47150.0,46950.0,47000.0,4248,0.0,0.0
2025-03-31 09:12:00+09:00,47000.0,47050.0,47000.0,47000.0,1656,0.0,0.0
2025-03-31 09:13:00+09:00,47050.0,47050.0,46900.0,47050.0,6354,0.0,0.0
2025-03-31 09:14:00+09:00,47050.0,47150.0,47050.0,47150.0,3628,0.0,0.0
2025-03-31 09:15:00+09:00,47100.0,47100.0,46950.0,47000.0,3177,0.0,0.0
2025-03-31 09:16:00+09:00,47000.0,47050.0,46950.0,47050.0,2777,0.0,0.0
2025-03-31 09:17:00+09:00,47050.0,47050.0,46950.0,47000.0,1699,0.0,0.0
2025-03-31 09:18:00+09:00,47000.0,47050.0,46900.0,46950.0,7691,0.0,0.0
2025-03-31 09:19:00+09:00,46950.0,47000.0,46950.0,47000.0,686,0.0,0.0
2025-03-31 09:20:00+09:00,47000.0,47050.0,46950.0,46950.0,4463,0.0,0.0
2025-03-31 09:21:00+09:00,47000.0,47000.0,46950.0,47000.0,862,0.0,0.0
2025-03-31 09:22:00+09:00,46950.0,47000.0,46950.0,47000.0,2608,0.0,0.0
2025-03-31 09:23:00+09:00,46950.0,47000.0,46750.0,46850.0,23573,0.0,0.0
2025-03-31 09:24:00+09:00,46850.0,46850.0,46800.0,46850.0,2549,0.0,0.0
2025-03-31 09:25:00+09:00,46850.0,46900.0,46850.0,46900.0,1277,0.0,0.0
2025-03-31 09:26:00+09:00,46850.0,46900.0,46850.0,46900.0,1580,0.0,0.0
2025-03-31 09:27:00+09:00,46900.0,46900.0,46850.0,46900.0,703,0.0,0.0
2025-03-31 09:28:00+09:00,46900.0,47050.0,46850.0,47000.0,8913,0.0,0.0
2025-03-31 09:29:00+09:00,47000.0,47000.0,46900.0,46900.0,1718,0.0,0.0
2025-03-31 09:30:00+09:00,46900.0,46900.0,46750.0,46800.0,4946,0.0,0.0
2025-03-31 09:31:00+09:00,46800.0,46800.0,46750.0,46800.0,1114,0.0,0.0
2025-03-31 09:32:00+09:00,46800.0,46800.0,46600.0,46650.0,10710,0.0,0.0
2025-03-31 09:33:00+09:00,46700.0,46700.0,46600.0,46700.0,3487,0.0,0.0
2025-03-31 09:34:00+09:00,46650.0,46700.0,46650.0,46700.0,555,0.0,0.0
2025-03-31 09:35:00+09:00,46700.0,46750.0,46650.0,46750.0,1628,0.0,0.0
2025-03-31 09:36:00+09:00,46750.0,46750.0,46650.0,46700.0,4328,0.0,0.0
2025-03-31 09:37:00+09:00,46700.0,46700.0,46600.0,46650.0,2534,0.0,0.0
2025-03-31 09:38:00+09:00,46600.0,46650.0,46550.0,46600.0,13653,0.0,0.0
2025-03-31 09:39:00+09:00,46650.0,46700.0,46650.0,46700.0,488,0.0,0.0
2025-03-31 09:40:00+09:00,46700.0,46700.0,46650.0,46650.0,2041,0.0,0.0
2025-03-31 09:41:00+09:00,46650.0,46650.0,46600.0,46650.0,649,0.0,0.0
2025-03-31 09:42:00+09:00,46650.0,46650.0,46650.0,46650.0,841,0.0,0.0
2025-03-31 09:43:00+09:00,46650.0,46650.0,46600.0,46650.0,844,0.0,0.0
2025-03-31 09:44:00+09:00,46600.0,46650.0,46600.0,46650.0,1096,0.0,0.0
2025-03-31 09:45:00+09:00,46650.0,46800.0,46600.0,46750.0,4896,0.0,0.0
2025-03-31 09:46:00+09:00,46750.0,46800.0,46700.0,46750.0,1602,0.0,0.0
2025-03-31 09:47:00+09:00,46800.0,46800.0,46750.0,46750.0,795,0.0,0.0
2025-03-31 09:48:00+09:00,46750.0,46800.0,46650.0,46700.0,4416,0.0,0.0
2025-03-31 09:49:00+09:00,46650.0,46700.0,46650.0,46650.0,2813,0.0,0.0
2025-03-31 09:50:00+09:00,46700.0,46700.0,46650.0,46700.0,2258,0.0,0.0
2025-03-31 09:51:00+09:00,46700.0,46700.0,46650.0,46700.0,980,0.0,0.0
2025-03-31 09:52:00+09:00,46700.0,46700.0,46650.0,46700.0,673,0.0,0.0
2025-03-31 09:53:00+09:00,46700.0,46700.0,46650.0,46700.0,582,0.0,0.0
2025-03-31 09:54:00+09:00,46700.0,46800.0,46650.0,46800.0,5896,0.0,0.0
2025-03-31 09:55:00+09:00,46800.0,46800.0,46750.0,46800.0,758,0.0,0.0
2025-03-31 09:56:00+09:00,46800.0,46850.0,46750.0,46850.0,1528,0.0,0.0
2025-03-31 09:57:00+09:00,46850.0,46850.0,46850.0,46850.0,10,0.0,0.0
2025-03-31 09:58:00+09:00,46900.0,46950.0,46850.0,46950.0,7069,0.0,0.0
2025-03-31 09:59:00+09:00,46950.0,46950.0,46850.0,46900.0,1744,0.0,0.0
2025-03-31 10:00:00+09:00,46900.0,46900.0,46850.0,46900.0,3193,0.0,0.0
2025-03-31 10:01:00+09:00,46900.0,46950.0,46850.0,46950.0,3530,0.0,0.0
2025-03-31 10:02:00+09:00,46950.0,46950.0,46850.0,46900.0,1781,0.0,0.0
2025-03-31 10:03:00+09:00,46900.0,46900.0,46850.0,46900.0,703,0.0,0.0
2025-03-31 10:04:00+09:00,46900.0,47050.0,46850.0,46950.0,7346,0.0,0.0
2025-03-31 10:05:00+09:00,46950.0,47000.0,46950.0,47000.0,653,0.0,0.0
2025-03-31 10:06:00+09:00,47000.0,47050.0,46950.0,47050.0,1198,0.0,0.0
2025-03-31 10:07:00+09:00,47000.0,47050.0,46950.0,46950.0,1834,0.0,0.0
2025-03-31 10:08:00+09:00,47000.0,47000.0,46950.0,47000.0,1212,0.0,0.0
2025-03-31 10:09:00+09:00,47000.0,47000.0,46900.0,46950.0,4060,0.0,0.0
2025-03-31 10:10:00+09:00,46950.0,46950.0,46900.0,46950.0,323,0.0,0.0
2025-03-31 10:11:00+09:00,46950.0,47000.0,46900.0,47000.0,4585,0.0,0.0
2025-03-31 10:12:00+09:00,47000.0,47000.0,46950.0,47000.0,839,0.0,0.0
2025-03-31 10:13:00+09:00,47000.0,47050.0,46950.0,47050.0,1151,0.0,0.0
2025-03-31 10:14:00+09:00,47050.0,47050.0,47050.0,47050.0,625,0.0,0.0
2025-03-31 10:15:00+09:00,47050.0,47050.0,47000.0,47050.0,2943,0.0,0.0
2025-03-31 10:16:00+09:00,47050.0,47100.0,47000.0,47100.0,1880,0.0,0.0
2025-03-31 10:17:00+09:00,47100.0,47150.0,47050.0,47050.0,7045,0.0,0.0
2025-03-31 10:18:00+09:00,47050.0,47050.0,47000.0,47050.0,1481,0.0,0.0
2025-03-31 10:19:00+09:00,47050.0,47100.0,47050.0,47100.0,3971,0.0,0.0
2025-03-31 10:20:00+09:00,47100.0,47100.0,47000.0,47000.0,2430,0.0,0.0
2025-03-31 10:21:00+09:00,47050.0,47050.0,47000.0,47050.0,857,0.0,0.0
2025-03-31 10:22:00+09:00,47050.0,47100.0,47050.0,47075.0,1491,0.0,0.0
2025-03-31 10:23:00+09:00,47075.0,47100.0,47000.0,47050.0,1081,0.0,0.0
2025-03-31 10:24:00+09:00,47050.0,47100.0,47000.0,47100.0,2184,0.0,0.0
2025-03-31 10:25:00+09:00,47050.0,47100.0,47050.0,47100.0,744,0.0,0.0
2025-03-31 10:26:00+09:00,47100.0,47100.0,47050.0,47100.0,535,0.0,0.0
2025-03-31 10:27:00+09:00,47100.0,47100.0,47050.0,47100.0,853,0.0,0.0
2025-03-31 10:28:00+09:00,47100.0,47100.0,47050.0,47050.0,892,0.0,0.0
2025-03-31 10:29:00+09:00,47100.0,47150.0,47100.0,47150.0,2186,0.0,0.0
2025-03-31 10:30:00+09:00,47150.0,47150.0,47050.0,47100.0,1515,0.0,0.0
2025-03-31 10:31:00+09:00,47100.0,47100.0,47050.0,47100.0,917,0.0,0.0
2025-03-31 10:32:00+09:00,47100.0,47100.0,47050.0,47050.0,315,0.0,0.0
2025-03-31 10:33:00+09:00,47100.0,47150.0,47050.0,47100.0,4500,0.0,0.0
2025-03-31 10:34:00+09:00,47150.0,47200.0,47100.0,47200.0,1257,0.0,0.0
2025-03-31 10:35:00+09:00,47200.0,47200.0,47150.0,47200.0,584,0.0,0.0
2025-03-31 10:36:00+09:00,47200.0,47200.0,47150.0,47150.0,472,0.0,0.0
2025-03-31 10:37:00+09:00,47200.0,47200.0,47150.0,47200.0,1282,0.0,0.0
2025-03-31 10:38:00+09:00,47200.0,47200.0,47150.0,47200.0,603,0.0,0.0
2025-03-31 10:39:00+09:00,47200.0,47200.0,47150.0,47200.0,376,0.0,0.0
2025-03-31 10:40:00+09:00,47150.0,47200.0,47150.0,47200.0,597,0.0,0.0
2025-03-31 10:41:00+09:00,47200.0,47200.0,47150.0,47200.0,1144,0.0,0.0
2025-03-31 10:42:00+09:00,47200.0,47200.0,47150.0,47200.0,949,0.0,0.0
2025-03-31 10:43:00+09:00,47200.0,47200.0,47150.0,47200.0,1213,0.0,0.0
2025-03-31 10:44:00+09:00,47200.0,47200.0,47150.0,47200.0,829,0.0,0.0
2025-03-31 10:45:00+09:00,47200.0,47200.0,47150.0,47200.0,1868,0.0,0.0
2025-03-31 10:46:00+09:00,47200.0,47200.0,47150.0,47200.0,1044,0.0,0.0
2025-03-31 10:47:00+09:00,47200.0,47200.0,47150.0,47200.0,1319,0.0,0.0
2025-03-31 10:48:00+09:00,47200.0,47200.0,47150.0,47200.0,470,0.0,0.0
2025-03-31 10:49:00+09:00,47200.0,47200.0,47150.0,47200.0,2855,0.0,0.0
2025-03-31 10:50:00+09:00,47200.0,47200.0,47150.0,47200.0,412,0.0,0.0
2025-03-31 10:51:00+09:00,47200.0,47350.0,47200.0,47300.0,8094,0.0,0.0
2025-03-31 10:52:00+09:00,47300.0,47300.0,47150.0,47200.0,8276,0.0,0.0
2025-03-31 10:53:00+09:00,47200.0,47200.0,47150.0,47200.0,889,0.0,0.0
2025-03-31 10:54:00+09:00,47200.0,47300.0,47200.0,47250.0,2376,0.0,0.0
2025-03-31 10:55:00+09:00,47300.0,47300.0,47250.0,47250.0,580,0.0,0.0
2025-03-31 10:56:00+09:00,47300.0,47300.0,47250.0,47300.0,869,0.0,0.0
2025-03-31 10:57:00+09:00,47300.0,47300.0,47250.0,47300.0,3483,0.0,0.0
2025-03-31 10:58:00+09:00,47350.0,47350.0,47300.0,47350.0,513,0.0,0.0
2025-03-31 10:59:00+09:00,47350.0,47350.0,47300.0,47350.0,975,0.0,0.0
2025-03-31 11:00:00+09:00,47350.0,47400.0,47300.0,47350.0,3879,0.0,0.0
2025-03-31 11:01:00+09:00,47300.0,47350.0,47300.0,47300.0,1321,0.0,0.0
2025-03-31 11:02:00+09:00,47350.0,47350.0,47300.0,47350.0,498,0.0,0.0
2025-03-31 11:03:00+09:00,47350.0,47350.0,47300.0,47350.0,1730,0.0,0.0
2025-03-31 11:04:00+09:00,47350.0,47350.0,47300.0,47350.0,1149,0.0,0.0
2025-03-31 11:05:00+09:00,47350.0,47400.0,47350.0,47350.0,3381,0.0,0.0
2025-03-31 11:06:00+09:00,47400.0,47400.0,47350.0,47400.0,1244,0.0,0.0
2025-03-31 11:07:00+09:00,47350.0,47400.0,47300.0,47350.0,9024,0.0,0.0
2025-03-31 11:08:00+09:00,47350.0,47350.0,47300.0,47300.0,1762,0.0,0.0
2025-03-31 11:09:00+09:00,47350.0,47350.0,47300.0,47350.0,1030,0.0,0.0
2025-03-31 11:10:00+09:00,47300.0,47350.0,47300.0,47350.0,978,0.0,0.0
2025-03-31 11:11:00+09:00,47350.0,47350.0,47300.0,47350.0,622,0.0,0.0
2025-03-31 11:12:00+09:00,47350.0,47350.0,47300.0,47350.0,864,0.0,0.0
2025-03-31 11:13:00+09:00,47350.0,47350.0,47300.0,47350.0,1293,0.0,0.0
2025-03-31 11:14:00+09:00,47350.0,47450.0,47300.0,47450.0,12879,0.0,0.0
2025-03-31 11:15:00+09:00,47400.0,47450.0,47400.0,47400.0,905,0.0,0.0
2025-03-31 11:16:00+09:00,47450.0,47450.0,47400.0,47450.0,1534,0.0,0.0
2025-03-31 11:17:00+09:00,47400.0,47450.0,47400.0,47450.0,1116,0.0,0.0
2025-03-31 11:18:00+09:00,47450.0,47450.0,47400.0,47450.0,2451,0.0,0.0
2025-03-31 11:19:00+09:00,47400.0,47450.0,47400.0,47450.0,1474,0.0,0.0
2025-03-31 11:20:00+09:00,47450.0,47450.0,47400.0,47450.0,900,0.0,0.0
2025-03-31 11:21:00+09:00,47450.0,47450.0,47400.0,47450.0,1443,0.0,0.0
2025-03-31 11:22:00+09:00,47450.0,47450.0,47400.0,47400.0,4587,0.0,0.0
2025-03-31 11:23:00+09:00,47450.0,47450.0,47400.0,47450.0,1638,0.0,0.0
2025-03-31 11:24:00+09:00,47400.0,47450.0,47300.0,47300.0,5786,0.0,0.0
2025-03-31 11:25:00+09:00,47300.0,47350.0,47250.0,47250.0,1989,0.0,0.0
2025-03-31 11:26:00+09:00,47250.0,47400.0,47250.0,47350.0,6046,0.0,0.0
2025-03-31 11:27:00+09:00,47350.0,47350.0,47300.0,47350.0,587,0.0,0.0
2025-03-31 11:28:00+09:00,47350.0,47400.0,47300.0,47350.0,5299,0.0,0.0
2025-03-31 11:29:00+09:00,47350.0,47350.0,47250.0,47300.0,3139,0.0,0.0
2025-03-31 11:30:00+09:00,47300.0,47300.0,47250.0,47300.0,1349,0.0,0.0
2025-03-31 11:31:00+09:00,47300.0,47300.0,47250.0,47250.0,1177,0.0,0.0
2025-03-31 11:32:00+09:00,47300.0,47300.0,47250.0,47300.0,781,0.0,0.0
2025-03-31 11:33:00+09:00,47300.0,47350.0,47250.0,47350.0,984,0.0,0.0
2025-03-31 11:34:00+09:00,47350.0,47350.0,47300.0,47350.0,1102,0.0,0.0
2025-03-31 11:35:00+09:00,47350.0,47350.0,47300.0,47350.0,780,0.0,0.0
2025-03-31 11:36:00+09:00,47350.0,47350.0,47300.0,47350.0,590,0.0,0.0
2025-03-31 11:37:00+09:00,47350.0,47350.0,47300.0,47350.0,472,0.0,0.0
2025-03-31 11:38:00+09:00,47350.0,47350.0,47300.0,47350.0,1376,0.0,0.0
2025-03-31 11:39:00+09:00,47300.0,47350.0,47300.0,47350.0,861,0.0,0.0
2025-03-31 11:40:00+09:00,47350.0,47350.0,47300.0,47350.0,1427,0.0,0.0
2025-03-31 11:41:00+09:00,47350.0,47350.0,47300.0,47350.0,1010,0.0,0.0
2025-03-31 11:42:00+09:00,47350.0,47350.0,47300.0,47350.0,1603,0.0,0.0
2025-03-31 11:43:00+09:00,47350.0,47400.0,47300.0,47400.0,2044,0.0,0.0
2025-03-31 11:44:00+09:00,47400.0,47400.0,47350.0,47350.0,588,0.0,0.0
2025-03-31 11:45:00+09:00,47400.0,47400.0,47350.0,47400.0,1319,0.0,0.0
2025-03-31 11:46:00+09:00,47350.0,47400.0,47350.0,47400.0,1025,0.0,0.0
2025-03-31 11:47:00+09:00,47400.0,47400.0,47350.0,47400.0,962,0.0,0.0
2025-03-31 11:48:00+09:00,47400.0,47400.0,47350.0,47400.0,765,0.0,0.0
2025-03-31 11:49:00+09:00,47400.0,47400.0,47350.0,47400.0,1522,0.0,0.0
2025-03-31 11:50:00+09:00,47350.0,47400.0,47350.0,47350.0,2355,0.0,0.0
2025-03-31 11:51:00+09:00,47400.0,47400.0,47350.0,47350.0,1409,0.0,0.0
2025-03-31 11:52:00+09:00,47350.0,47400.0,47350.0,47400.0,687,0.0,0.0
2025-03-31 11:53:00+09:00,47350.0,47400.0,47350.0,47400.0,963,0.0,0.0
2025-03-31 11:54:00+09:00,47400.0,47400.0,47350.0,47350.0,1110,0.0,0.0
2025-03-31 11:55:00+09:00,47350.0,47400.0,47350.0,47400.0,1605,0.0,0.0
2025-03-31 11:56:00+09:00,47350.0,47400.0,47350.0,47400.0,966,0.0,0.0
2025-03-31 11:57:00+09:00,47400.0,47400.0,47350.0,47400.0,2167,0.0,0.0
2025-03-31 11:58:00+09:00,47400.0,47400.0,47350.0,47400.0,1459,0.0,0.0
2025-03-31 11:59:00+09:00,47350.0,47400.0,47350.0,47400.0,1383,0.0,0.0
2025-03-31 12:00:00+09:00,47400.0,47400.0,47350.0,47400.0,2394,0.0,0.0
2025-03-31 12:01:00+09:00,47400.0,47400.0,47350.0,47350.0,1048,0.0,0.0
2025-03-31 12:02:00+09:00,47400.0,47400.0,47350.0,47400.0,1440,0.0,0.0
2025-03-31 12:03:00+09:00,47400.0,47400.0,47350.0,47400.0,458,0.0,0.0
2025-03-31 12:04:00+09:00,47400.0,47450.0,47350.0,47425.0,9488,0.0,0.0
2025-03-31 12:05:00+09:00,47425.0,47450.0,47400.0,47450.0,713,0.0,0.0
2025-03-31 12:06:00+09:00,47450.0,47450.0,47400.0,47450.0,1187,0.0,0.0
2025-03-31 12:07:00+09:00,47450.0,47450.0,47400.0,47450.0,2709,0.0,0.0
2025-03-31 12:08:00+09:00,47400.0,47450.0,47350.0,47400.0,3393,0.0,0.0
2025-03-31 12:09:00+09:00,47400.0,47400.0,47350.0,47400.0,1352,0.0,0.0
2025-03-31 12:10:00+09:00,47400.0,47400.0,47350.0,47400.0,1354,0.0,0.0
2025-03-31 12:11:00+09:00,47350.0,47350.0,47250.0,47300.0,11785,0.0,0.0
2025-03-31 12:12:00+09:00,47300.0,47300.0,47250.0,47300.0,502,0.0,0.0
2025-03-31 12:13:00+09:00,47300.0,47300.0,47250.0,47300.0,797,0.0,0.0
2025-03-31 12:14:00+09:00,47300.0,47300.0,47250.0,47300.0,1257,0.0,0.0
2025-03-31 12:15:00+09:00,47250.0,47300.0,47250.0,47300.0,664,0.0,0.0
2025-03-31 12:16:00+09:00,47300.0,47300.0,47250.0,47300.0,850,0.0,0.0
2025-03-31 12:17:00+09:00,47300.0,47300.0,47250.0,47300.0,622,0.0,0.0
2025-03-31 12:18:00+09:00,47300.0,47300.0,47250.0,47300.0,2934,0.0,0.0
2025-03-31 12:19:00+09:00,47300.0,47300.0,47250.0,47300.0,1198,0.0,0.0
2025-03-31 12:20:00+09:00,47300.0,47300.0,47250.0,47250.0,327,0.0,0.0
2025-03-31 12:21:00+09:00,47300.0,47300.0,47250.0,47300.0,1940,0.0,0.0
2025-03-31 12:22:00+09:00,47300.0,47300.0,47250.0,47250.0,551,0.0,0.0
2025-03-31 12:23:00+09:00,47300.0,47300.0,47250.0,47300.0,954,0.0,0.0
2025-03-31 12:24:00+09:00,47300.0,47300.0,47250.0,47300.0,1331,0.0,0.0
2025-03-31 12:25:00+09:00,47300.0,47300.0,47250.0,47300.0,1412,0.0,0.0
2025-03-31 12:26:00+09:00,47300.0,47300.0,47250.0,47300.0,590,0.0,0.0
2025-03-31 12:27:00+09:00,47250.0,47300.0,47250.0,47300.0,843,0.0,0.0
2025-03-31 12:28:00+09:00,47300.0,47300.0,47250.0,47300.0,1721,0.0,0.0
2025-03-31 12:29:00+09:00,47300.0,47300.0,47250.0,47300.0,1524,0.0,0.0
2025-03-31 12:30:00+09:00,47300.0,47300.0,47250.0,47250.0,624,0.0,0.0
2025-03-31 12:31:00+09:00,47275.0,47300.0,47250.0,47300.0,4263,0.0,0.0
2025-03-31 12:32:00+09:00,47300.0,47300.0,47250.0,47300.0,728,0.0,0.0
2025-03-31 12:33:00+09:00,47250.0,47300.0,47250.0,47300.0,777,0.0,0.0
2025-03-31 12:34:00+09:00,47300.0,47300.0,47250.0,47250.0,7531,0.0,0.0
2025-03-31 12:35:00+09:00,47250.0,47250.0,47150.0,47200.0,5577,0.0,0.0
2025-03-31 12:36:00+09:00,47150.0,47200.0,47150.0,47200.0,1082,0.0,0.0
2025-03-31 12:37:00+09:00,47200.0,47200.0,47150.0,47200.0,641,0.0,0.0
2025-03-31 12:38:00+09:00,47200.0,47200.0,47150.0,47200.0,832,0.0,0.0
2025-03-31 12:39:00+09:00,47200.0,47200.0,47150.0,47200.0,2045,0.0,0.0
2025-03-31 12:40:00+09:00,47150.0,47200.0,47150.0,47200.0,839,0.0,0.0
2025-03-31 12:41:00+09:00,47200.0,47200.0,47150.0,47150.0,2301,0.0,0.0
2025-03-31 12:42:00+09:00,47150.0,47200.0,47100.0,47150.0,5590,0.0,0.0
2025-03-31 12:43:00+09:00,47150.0,47150.0,47100.0,47150.0,807,0.0,0.0
2025-03-31 12:44:00+09:00,47150.0,47150.0,47100.0,47150.0,975,0.0,0.0
2025-03-31 12:45:00+09:00,47100.0,47150.0,47100.0,47150.0,743,0.0,0.0
2025-03-31 12:46:00+09:00,47150.0,47150.0,47100.0,47150.0,593,0.0,0.0
2025-03-31 12:47:00+09:00,47100.0,47150.0,47000.0,47050.0,6958,0.0,0.0
2025-03-31 12:48:00+09:00,47050.0,47050.0,47000.0,47050.0,1257,0.0,0.0
2025-03-31 12:49:00+09:00,47050.0,47050.0,47000.0,47050.0,906,0.0,0.0
2025-03-31 12:50:00+09:00,47050.0,47100.0,47000.0,47100.0,3267,0.0,0.0
2025-03-31 12:51:00+09:00,47100.0,47100.0,47050.0,47100.0,1473,0.0,0.0
2025-03-31 12:52:00+09:00,47100.0,47100.0,47050.0,47100.0,1218,0.0,0.0
2025-03-31 12:53:00+09:00,47100.0,47100.0,47050.0,47100.0,683,0.0,0.0
2025-03-31 12:54:00+09:00,47100.0,47100.0,47050.0,47100.0,455,0.0,0.0
2025-03-31 12:55:00+09:00,47100.0,47150.0,47050.0,47150.0,2919,0.0,0.0
2025-03-31 12:56:00+09:00,47150.0,47150.0,47100.0,47100.0,134,0.0,0.0
2025-03-31 12:57:00+09:00,47150.0,47150.0,47100.0,47100.0,389,0.0,0.0
2025-03-31 12:58:00+09:00,47150.0,47150.0,47100.0,47150.0,532,0.0,0.0
2025-03-31 12:59:00+09:00,47150.0,47150.0,47100.0,47150.0,1086,0.0,0.0
2025-03-31 13:00:00+09:00,47150.0,47150.0,47100.0,47150.0,1022,0.0,0.0
2025-03-31 13:01:00+09:00,47150.0,47150.0,47100.0,47150.0,940,0.0,0.0
2025-03-31 13:02:00+09:00,47150.0,47150.0,47100.0,47150.0,642,0.0,0.0
2025-03-31 13:03:00+09:00,47150.0,47150.0,47100.0,47150.0,1781,0.0,0.0
2025-03-31 13:04:00+09:00,47150.0,47150.0,47100.0,47150.0,1237,0.0,0.0
2025-03-31 13:05:00+09:00,47150.0,47150.0,47100.0,47150.0,761,0.0,0.0
2025-03-31 13:06:00+09:00,47150.0,47150.0,47100.0,47150.0,640,0.0,0.0
2025-03-31 13:07:00+09:00,47100.0,47150.0,47100.0,47150.0,1462,0.0,0.0
2025-03-31 13:08:00+09:00,47150.0,47150.0,47000.0,47000.0,16302,0.0,0.0
2025-03-31 13:09:00+09:00,47000.0,47050.0,47000.0,47000.0,3028,0.0,0.0
2025-03-31 13:10:00+09:00,47000.0,47050.0,47000.0,47050.0,1221,0.0,0.0
2025-03-31 13:11:00+09:00,47050.0,47050.0,47000.0,47050.0,1058,0.0,0.0
2025-03-31 13:12:00+09:00,47000.0,47050.0,47000.0,47050.0,473,0.0,0.0
2025-03-31 13:13:00+09:00,47000.0,47100.0,47000.0,47100.0,6355,0.0,0.0
2025-03-31 13:14:00+09:00,47100.0,47150.0,47050.0,47150.0,1951,0.0,0.0
2025-03-31 13:15:00+09:00,47100.0,47150.0,47100.0,47150.0,1658,0.0,0.0
2025-03-31 13:16:00+09:00,47150.0,47150.0,47100.0,47100.0,720,0.0,0.0
2025-03-31 13:17:00+09:00,47100.0,47150.0,47100.0,47100.0,1275,0.0,0.0
2025-03-31 13:18:00+09:00,47150.0,47150.0,47100.0,47150.0,676,0.0,0.0
2025-03-31 13:19:00+09:00,47150.0,47150.0,47100.0,47150.0,1735,0.0,0.0
