Datetime,Open,High,Low,Close,Volume,Dividends,Stock Splits
2025-02-13 13:21:00+09:00,79300.0,79400.0,79300.0,79300.0,0,0.0,0.0
2025-02-13 13:22:00+09:00,79300.0,79400.0,79300.0,79300.0,691,0.0,0.0
2025-02-13 13:23:00+09:00,79300.0,79400.0,79300.0,79300.0,457,0.0,0.0
2025-02-13 13:24:00+09:00,79300.0,79400.0,79300.0,79300.0,806,0.0,0.0
2025-02-13 13:25:00+09:00,79300.0,79400.0,79300.0,79400.0,381,0.0,0.0
2025-02-13 13:26:00+09:00,79300.0,79400.0,79300.0,79300.0,1391,0.0,0.0
2025-02-13 13:27:00+09:00,79300.0,79400.0,79200.0,79300.0,2902,0.0,0.0
2025-02-13 13:28:00+09:00,79300.0,79400.0,79300.0,79300.0,599,0.0,0.0
2025-02-13 13:29:00+09:00,79300.0,79400.0,79300.0,79400.0,1009,0.0,0.0
2025-02-13 13:30:00+09:00,79300.0,79400.0,79200.0,79300.0,608,0.0,0.0
2025-02-13 13:31:00+09:00,79300.0,79400.0,79300.0,79400.0,447,0.0,0.0
2025-02-13 13:32:00+09:00,79300.0,79400.0,79300.0,79300.0,546,0.0,0.0
2025-02-13 13:33:00+09:00,79300.0,79500.0,79300.0,79400.0,2712,0.0,0.0
2025-02-13 13:34:00+09:00,79400.0,79500.0,79400.0,79400.0,1241,0.0,0.0
2025-02-13 13:35:00+09:00,79400.0,79500.0,79400.0,79400.0,546,0.0,0.0
2025-02-13 13:36:00+09:00,79400.0,79500.0,79300.0,79300.0,657,0.0,0.0
2025-02-13 13:37:00+09:00,79400.0,79400.0,79300.0,79300.0,600,0.0,0.0
2025-02-13 13:38:00+09:00,79300.0,79400.0,79300.0,79300.0,607,0.0,0.0
2025-02-13 13:39:00+09:00,79300.0,79400.0,79300.0,79300.0,359,0.0,0.0
2025-02-13 13:40:00+09:00,79400.0,79400.0,79300.0,79300.0,912,0.0,0.0
2025-02-13 13:41:00+09:00,79300.0,79400.0,79300.0,79300.0,440,0.0,0.0
2025-02-13 13:42:00+09:00,79300.0,79400.0,79300.0,79300.0,763,0.0,0.0
2025-02-13 13:43:00+09:00,79400.0,79400.0,79300.0,79400.0,639,0.0,0.0
2025-02-13 13:44:00+09:00,79300.0,79400.0,79300.0,79400.0,1367,0.0,0.0
2025-02-13 13:45:00+09:00,79300.0,79400.0,79300.0,79300.0,479,0.0,0.0
2025-02-13 13:46:00+09:00,79300.0,79400.0,79300.0,79400.0,546,0.0,0.0
2025-02-13 13:47:00+09:00,79300.0,79400.0,79300.0,79300.0,1394,0.0,0.0
2025-02-13 13:48:00+09:00,79300.0,79400.0,79200.0,79300.0,671,0.0,0.0
2025-02-13 13:49:00+09:00,79400.0,79400.0,79300.0,79400.0,1186,0.0,0.0
2025-02-13 13:50:00+09:00,79300.0,79400.0,79300.0,79400.0,577,0.0,0.0
2025-02-13 13:51:00+09:00,79300.0,79400.0,79300.0,79300.0,949,0.0,0.0
2025-02-13 13:52:00+09:00,79300.0,79400.0,79300.0,79300.0,1022,0.0,0.0
2025-02-13 13:53:00+09:00,79300.0,79400.0,79300.0,79300.0,616,0.0,0.0
2025-02-13 13:54:00+09:00,79300.0,79400.0,79300.0,79300.0,363,0.0,0.0
2025-02-13 13:55:00+09:00,79400.0,79400.0,79300.0,79300.0,441,0.0,0.0
2025-02-13 13:56:00+09:00,79300.0,79400.0,79300.0,79400.0,470,0.0,0.0
2025-02-13 13:57:00+09:00,79300.0,79400.0,79300.0,79300.0,791,0.0,0.0
2025-02-13 13:58:00+09:00,79300.0,79500.0,79300.0,79400.0,3072,0.0,0.0
2025-02-13 13:59:00+09:00,79400.0,79500.0,79400.0,79500.0,793,0.0,0.0
2025-02-13 14:00:00+09:00,79500.0,79500.0,79300.0,79300.0,1561,0.0,0.0
2025-02-13 14:01:00+09:00,79300.0,79500.0,79300.0,79400.0,1436,0.0,0.0
2025-02-13 14:02:00+09:00,79400.0,79500.0,79300.0,79500.0,1248,0.0,0.0
2025-02-13 14:03:00+09:00,79400.0,79500.0,79400.0,79400.0,833,0.0,0.0
2025-02-13 14:04:00+09:00,79500.0,79500.0,79400.0,79400.0,1065,0.0,0.0
2025-02-13 14:05:00+09:00,79400.0,79500.0,79300.0,79400.0,1370,0.0,0.0
2025-02-13 14:06:00+09:00,79300.0,79400.0,79300.0,79400.0,668,0.0,0.0
2025-02-13 14:07:00+09:00,79400.0,79400.0,79300.0,79300.0,635,0.0,0.0
2025-02-13 14:08:00+09:00,79300.0,79400.0,79300.0,79300.0,445,0.0,0.0
2025-02-13 14:09:00+09:00,79300.0,79400.0,79300.0,79400.0,642,0.0,0.0
2025-02-13 14:10:00+09:00,79400.0,79400.0,79300.0,79300.0,536,0.0,0.0
2025-02-13 14:11:00+09:00,79300.0,79500.0,79300.0,79400.0,4204,0.0,0.0
2025-02-13 14:12:00+09:00,79400.0,79500.0,79400.0,79500.0,453,0.0,0.0
2025-02-13 14:13:00+09:00,79400.0,79500.0,79400.0,79400.0,881,0.0,0.0
2025-02-13 14:14:00+09:00,79400.0,79500.0,79400.0,79500.0,650,0.0,0.0
2025-02-13 14:15:00+09:00,79400.0,79500.0,79400.0,79400.0,541,0.0,0.0
2025-02-13 14:16:00+09:00,79400.0,79500.0,79400.0,79400.0,1724,0.0,0.0
2025-02-13 14:17:00+09:00,79400.0,79500.0,79300.0,79400.0,5212,0.0,0.0
2025-02-13 14:18:00+09:00,79300.0,79500.0,79300.0,79500.0,814,0.0,0.0
2025-02-13 14:19:00+09:00,79400.0,79500.0,79300.0,79300.0,841,0.0,0.0
2025-02-13 14:20:00+09:00,79300.0,79500.0,79300.0,79500.0,3301,0.0,0.0
2025-02-13 14:21:00+09:00,79500.0,79500.0,79400.0,79400.0,1156,0.0,0.0
2025-02-13 14:22:00+09:00,79400.0,79500.0,79400.0,79400.0,2098,0.0,0.0
2025-02-13 14:23:00+09:00,79400.0,79500.0,79300.0,79400.0,1338,0.0,0.0
2025-02-13 14:24:00+09:00,79400.0,79500.0,79300.0,79400.0,1588,0.0,0.0
2025-02-13 14:25:00+09:00,79300.0,79400.0,79300.0,79400.0,700,0.0,0.0
2025-02-13 14:26:00+09:00,79300.0,79400.0,79300.0,79300.0,657,0.0,0.0
2025-02-13 14:27:00+09:00,79400.0,79400.0,79300.0,79400.0,468,0.0,0.0
2025-02-13 14:28:00+09:00,79300.0,79400.0,79300.0,79400.0,1188,0.0,0.0
2025-02-13 14:29:00+09:00,79300.0,79400.0,79300.0,79400.0,765,0.0,0.0
2025-02-13 14:30:00+09:00,79300.0,79400.0,79300.0,79400.0,533,0.0,0.0
2025-02-13 14:31:00+09:00,79400.0,79400.0,79300.0,79300.0,828,0.0,0.0
2025-02-13 14:32:00+09:00,79300.0,79400.0,79300.0,79300.0,1785,0.0,0.0
2025-02-13 14:33:00+09:00,79300.0,79400.0,79300.0,79300.0,571,0.0,0.0
2025-02-13 14:34:00+09:00,79300.0,79400.0,79300.0,79400.0,739,0.0,0.0
2025-02-13 14:35:00+09:00,79300.0,79400.0,79300.0,79400.0,3277,0.0,0.0
2025-02-13 14:36:00+09:00,79300.0,79400.0,79300.0,79400.0,983,0.0,0.0
2025-02-13 14:37:00+09:00,79300.0,79400.0,79300.0,79400.0,1361,0.0,0.0
2025-02-13 14:38:00+09:00,79300.0,79400.0,79300.0,79300.0,760,0.0,0.0
2025-02-13 14:39:00+09:00,79300.0,79400.0,79300.0,79400.0,2070,0.0,0.0
2025-02-13 14:40:00+09:00,79400.0,79400.0,79300.0,79400.0,1272,0.0,0.0
2025-02-13 14:41:00+09:00,79300.0,79400.0,79300.0,79300.0,1089,0.0,0.0
2025-02-13 14:42:00+09:00,79300.0,79400.0,79300.0,79300.0,4267,0.0,0.0
2025-02-13 14:43:00+09:00,79300.0,79400.0,79300.0,79300.0,973,0.0,0.0
2025-02-13 14:44:00+09:00,79300.0,79400.0,79300.0,79300.0,668,0.0,0.0
2025-02-13 14:45:00+09:00,79300.0,79400.0,79300.0,79400.0,1222,0.0,0.0
2025-02-13 14:46:00+09:00,79300.0,79400.0,79300.0,79300.0,953,0.0,0.0
2025-02-13 14:47:00+09:00,79300.0,79400.0,79300.0,79400.0,1459,0.0,0.0
2025-02-13 14:48:00+09:00,79300.0,79400.0,79300.0,79300.0,1796,0.0,0.0
2025-02-13 14:49:00+09:00,79300.0,79400.0,79300.0,79300.0,1553,0.0,0.0
2025-02-13 14:50:00+09:00,79300.0,79400.0,79300.0,79300.0,3374,0.0,0.0
2025-02-13 14:51:00+09:00,79400.0,79400.0,79300.0,79300.0,1885,0.0,0.0
2025-02-13 14:52:00+09:00,79300.0,79400.0,79300.0,79400.0,2494,0.0,0.0
2025-02-13 14:53:00+09:00,79300.0,79400.0,79200.0,79200.0,3108,0.0,0.0
2025-02-13 14:54:00+09:00,79200.0,79300.0,79200.0,79200.0,1793,0.0,0.0
2025-02-13 14:55:00+09:00,79200.0,79300.0,79200.0,79200.0,1412,0.0,0.0
2025-02-13 14:56:00+09:00,79200.0,79300.0,79200.0,79200.0,2107,0.0,0.0
2025-02-13 14:57:00+09:00,79300.0,79300.0,79200.0,79200.0,1775,0.0,0.0
2025-02-13 14:58:00+09:00,79200.0,79300.0,79200.0,79200.0,1536,0.0,0.0
2025-02-13 14:59:00+09:00,79200.0,79300.0,79200.0,79200.0,2701,0.0,0.0
2025-02-14 09:00:00+09:00,79700.0,79800.0,79100.0,79300.0,19413,0.0,0.0
2025-02-14 09:01:00+09:00,79200.0,79300.0,79000.0,79100.0,12555,0.0,0.0
2025-02-14 09:02:00+09:00,79100.0,79100.0,78900.0,79000.0,11239,0.0,0.0
2025-02-14 09:03:00+09:00,79100.0,79400.0,79000.0,79300.0,3806,0.0,0.0
2025-02-14 09:04:00+09:00,79200.0,79300.0,79100.0,79300.0,1778,0.0,0.0
2025-02-14 09:05:00+09:00,79300.0,79300.0,79100.0,79200.0,5255,0.0,0.0
2025-02-14 09:06:00+09:00,79200.0,79300.0,79100.0,79300.0,2790,0.0,0.0
2025-02-14 09:07:00+09:00,79300.0,79400.0,79200.0,79300.0,2212,0.0,0.0
2025-02-14 09:08:00+09:00,79200.0,79300.0,79200.0,79200.0,469,0.0,0.0
2025-02-14 09:09:00+09:00,79200.0,79300.0,79200.0,79200.0,346,0.0,0.0
2025-02-14 09:10:00+09:00,79200.0,79300.0,79100.0,79100.0,5150,0.0,0.0
2025-02-14 09:11:00+09:00,79100.0,79200.0,79100.0,79200.0,2488,0.0,0.0
2025-02-14 09:12:00+09:00,79200.0,79200.0,79100.0,79100.0,862,0.0,0.0
2025-02-14 09:13:00+09:00,79100.0,79200.0,79100.0,79200.0,4843,0.0,0.0
2025-02-14 09:14:00+09:00,79200.0,79200.0,79100.0,79200.0,2193,0.0,0.0
2025-02-14 09:15:00+09:00,79100.0,79200.0,79100.0,79100.0,489,0.0,0.0
2025-02-14 09:16:00+09:00,79100.0,79400.0,79100.0,79300.0,4727,0.0,0.0
2025-02-14 09:17:00+09:00,79400.0,79400.0,79200.0,79300.0,2165,0.0,0.0
2025-02-14 09:18:00+09:00,79300.0,79400.0,79200.0,79400.0,1287,0.0,0.0
2025-02-14 09:19:00+09:00,79300.0,79400.0,79300.0,79300.0,571,0.0,0.0
2025-02-14 09:20:00+09:00,79300.0,79400.0,79300.0,79300.0,876,0.0,0.0
2025-02-14 09:21:00+09:00,79300.0,79500.0,79300.0,79500.0,2926,0.0,0.0
2025-02-14 09:22:00+09:00,79400.0,79600.0,79400.0,79500.0,4108,0.0,0.0
2025-02-14 09:23:00+09:00,79600.0,79600.0,79500.0,79600.0,2437,0.0,0.0
2025-02-14 09:24:00+09:00,79600.0,79700.0,79500.0,79700.0,4768,0.0,0.0
2025-02-14 09:25:00+09:00,79700.0,79700.0,79500.0,79500.0,2751,0.0,0.0
2025-02-14 09:26:00+09:00,79600.0,79600.0,79500.0,79600.0,1874,0.0,0.0
2025-02-14 09:27:00+09:00,79600.0,79600.0,79500.0,79600.0,561,0.0,0.0
2025-02-14 09:28:00+09:00,79600.0,80000.0,79600.0,79900.0,17257,0.0,0.0
2025-02-14 09:29:00+09:00,79900.0,80000.0,79800.0,79800.0,3313,0.0,0.0
2025-02-14 09:30:00+09:00,79800.0,80100.0,79800.0,80100.0,15102,0.0,0.0
2025-02-14 09:31:00+09:00,80100.0,80200.0,80100.0,80100.0,3850,0.0,0.0
2025-02-14 09:32:00+09:00,80200.0,80200.0,79700.0,79700.0,11911,0.0,0.0
2025-02-14 09:33:00+09:00,79700.0,79800.0,79300.0,79300.0,18534,0.0,0.0
2025-02-14 09:34:00+09:00,79400.0,79500.0,79300.0,79500.0,2181,0.0,0.0
2025-02-14 09:35:00+09:00,79500.0,79500.0,79400.0,79400.0,1075,0.0,0.0
2025-02-14 09:36:00+09:00,79500.0,79500.0,79400.0,79400.0,1034,0.0,0.0
2025-02-14 09:37:00+09:00,79400.0,79500.0,79400.0,79400.0,508,0.0,0.0
2025-02-14 09:38:00+09:00,79400.0,79500.0,79200.0,79200.0,12186,0.0,0.0
2025-02-14 09:39:00+09:00,79200.0,79400.0,79200.0,79400.0,5737,0.0,0.0
2025-02-14 09:40:00+09:00,79400.0,79400.0,79300.0,79400.0,2516,0.0,0.0
2025-02-14 09:41:00+09:00,79400.0,79500.0,79400.0,79400.0,2121,0.0,0.0
2025-02-14 09:42:00+09:00,79400.0,79500.0,79300.0,79400.0,785,0.0,0.0
2025-02-14 09:43:00+09:00,79400.0,79500.0,79300.0,79500.0,1240,0.0,0.0
2025-02-14 09:44:00+09:00,79500.0,79500.0,79300.0,79400.0,1202,0.0,0.0
2025-02-14 09:45:00+09:00,79400.0,79500.0,79400.0,79400.0,530,0.0,0.0
2025-02-14 09:46:00+09:00,79400.0,79500.0,79400.0,79400.0,765,0.0,0.0
2025-02-14 09:47:00+09:00,79500.0,79600.0,79400.0,79500.0,3044,0.0,0.0
2025-02-14 09:48:00+09:00,79500.0,79600.0,79500.0,79600.0,782,0.0,0.0
2025-02-14 09:49:00+09:00,79500.0,79600.0,79500.0,79500.0,1241,0.0,0.0
2025-02-14 09:50:00+09:00,79500.0,79600.0,79500.0,79500.0,750,0.0,0.0
2025-02-14 09:51:00+09:00,79500.0,79600.0,79500.0,79500.0,490,0.0,0.0
2025-02-14 09:52:00+09:00,79600.0,79600.0,79500.0,79600.0,732,0.0,0.0
2025-02-14 09:53:00+09:00,79600.0,79800.0,79600.0,79800.0,7421,0.0,0.0
2025-02-14 09:54:00+09:00,79700.0,79800.0,79700.0,79700.0,1120,0.0,0.0
2025-02-14 09:55:00+09:00,79700.0,79800.0,79700.0,79700.0,584,0.0,0.0
2025-02-14 09:56:00+09:00,79700.0,79700.0,79600.0,79700.0,632,0.0,0.0
2025-02-14 09:57:00+09:00,79700.0,79700.0,79600.0,79600.0,978,0.0,0.0
2025-02-14 09:58:00+09:00,79700.0,79700.0,79600.0,79600.0,1882,0.0,0.0
2025-02-14 09:59:00+09:00,79600.0,79600.0,79500.0,79600.0,1322,0.0,0.0
2025-02-14 10:00:00+09:00,79600.0,79800.0,79600.0,79700.0,4892,0.0,0.0
2025-02-14 10:01:00+09:00,79700.0,79800.0,79700.0,79800.0,682,0.0,0.0
2025-02-14 10:02:00+09:00,79700.0,79800.0,79700.0,79800.0,846,0.0,0.0
2025-02-14 10:03:00+09:00,79800.0,79900.0,79700.0,79900.0,3929,0.0,0.0
2025-02-14 10:04:00+09:00,79900.0,79900.0,79800.0,79900.0,1012,0.0,0.0
2025-02-14 10:05:00+09:00,79800.0,79900.0,79800.0,79800.0,2797,0.0,0.0
2025-02-14 10:06:00+09:00,79800.0,79800.0,79700.0,79700.0,1332,0.0,0.0
2025-02-14 10:07:00+09:00,79800.0,79800.0,79700.0,79700.0,350,0.0,0.0
2025-02-14 10:08:00+09:00,79700.0,79800.0,79700.0,79700.0,436,0.0,0.0
2025-02-14 10:09:00+09:00,79800.0,79800.0,79700.0,79800.0,625,0.0,0.0
2025-02-14 10:10:00+09:00,79700.0,79800.0,79700.0,79700.0,979,0.0,0.0
2025-02-14 10:11:00+09:00,79700.0,79800.0,79700.0,79700.0,1100,0.0,0.0
2025-02-14 10:12:00+09:00,79700.0,79800.0,79700.0,79800.0,2459,0.0,0.0
2025-02-14 10:13:00+09:00,79700.0,79800.0,79700.0,79700.0,764,0.0,0.0
2025-02-14 10:14:00+09:00,79700.0,79800.0,79700.0,79700.0,1288,0.0,0.0
2025-02-14 10:15:00+09:00,79700.0,79700.0,79600.0,79700.0,490,0.0,0.0
2025-02-14 10:16:00+09:00,79700.0,79800.0,79600.0,79700.0,3300,0.0,0.0
2025-02-14 10:17:00+09:00,79800.0,79800.0,79700.0,79800.0,739,0.0,0.0
2025-02-14 10:18:00+09:00,79700.0,79800.0,79700.0,79700.0,721,0.0,0.0
2025-02-14 10:19:00+09:00,79700.0,79900.0,79700.0,79900.0,5945,0.0,0.0
2025-02-14 10:20:00+09:00,79900.0,79900.0,79800.0,79900.0,1128,0.0,0.0
2025-02-14 10:21:00+09:00,79800.0,79900.0,79800.0,79900.0,230,0.0,0.0
2025-02-14 10:22:00+09:00,79900.0,79900.0,79800.0,79900.0,3194,0.0,0.0
2025-02-14 10:23:00+09:00,79900.0,80000.0,79900.0,79900.0,6106,0.0,0.0
2025-02-14 10:24:00+09:00,79800.0,79900.0,79800.0,79900.0,1141,0.0,0.0
2025-02-14 10:25:00+09:00,79900.0,79900.0,79800.0,79900.0,222,0.0,0.0
2025-02-14 10:26:00+09:00,79800.0,79900.0,79800.0,79800.0,61,0.0,0.0
2025-02-14 10:27:00+09:00,79800.0,79900.0,79800.0,79900.0,233,0.0,0.0
2025-02-14 10:28:00+09:00,79800.0,79900.0,79800.0,79900.0,134,0.0,0.0
2025-02-14 10:29:00+09:00,79800.0,79900.0,79800.0,79900.0,1446,0.0,0.0
2025-02-14 10:30:00+09:00,79800.0,79900.0,79700.0,79700.0,1651,0.0,0.0
2025-02-14 10:31:00+09:00,79700.0,79800.0,79700.0,79800.0,162,0.0,0.0
2025-02-14 10:32:00+09:00,79800.0,79800.0,79700.0,79700.0,2621,0.0,0.0
2025-02-14 10:33:00+09:00,79800.0,79800.0,79700.0,79700.0,714,0.0,0.0
2025-02-14 10:34:00+09:00,79700.0,79800.0,79700.0,79800.0,274,0.0,0.0
2025-02-14 10:35:00+09:00,79700.0,79800.0,79700.0,79800.0,1076,0.0,0.0
2025-02-14 10:36:00+09:00,79800.0,79800.0,79700.0,79700.0,525,0.0,0.0
2025-02-14 10:37:00+09:00,79800.0,79800.0,79700.0,79800.0,397,0.0,0.0
2025-02-14 10:38:00+09:00,79700.0,79800.0,79700.0,79700.0,819,0.0,0.0
2025-02-14 10:39:00+09:00,79700.0,79800.0,79700.0,79800.0,877,0.0,0.0
2025-02-14 10:40:00+09:00,79700.0,79800.0,79700.0,79700.0,373,0.0,0.0
2025-02-14 10:41:00+09:00,79700.0,79800.0,79700.0,79700.0,898,0.0,0.0
2025-02-14 10:42:00+09:00,79700.0,79800.0,79700.0,79800.0,1855,0.0,0.0
2025-02-14 10:43:00+09:00,79700.0,79800.0,79700.0,79700.0,1221,0.0,0.0
2025-02-14 10:44:00+09:00,79700.0,79800.0,79700.0,79700.0,742,0.0,0.0
2025-02-14 10:45:00+09:00,79700.0,79800.0,79700.0,79700.0,887,0.0,0.0
2025-02-14 10:46:00+09:00,79700.0,79800.0,79600.0,79700.0,1145,0.0,0.0
2025-02-14 10:47:00+09:00,79700.0,79800.0,79700.0,79800.0,423,0.0,0.0
2025-02-14 10:48:00+09:00,79700.0,79800.0,79700.0,79700.0,699,0.0,0.0
2025-02-14 10:49:00+09:00,79700.0,79800.0,79700.0,79800.0,813,0.0,0.0
2025-02-14 10:50:00+09:00,79700.0,79800.0,79700.0,79700.0,418,0.0,0.0
2025-02-14 10:51:00+09:00,79800.0,79900.0,79700.0,79800.0,11749,0.0,0.0
2025-02-14 10:52:00+09:00,79900.0,79900.0,79800.0,79900.0,1268,0.0,0.0
2025-02-14 10:53:00+09:00,79900.0,79900.0,79800.0,79800.0,2204,0.0,0.0
2025-02-14 10:54:00+09:00,79800.0,79900.0,79800.0,79900.0,494,0.0,0.0
2025-02-14 10:55:00+09:00,79900.0,79900.0,79800.0,79900.0,394,0.0,0.0
2025-02-14 10:56:00+09:00,79900.0,79900.0,79800.0,79800.0,516,0.0,0.0
2025-02-14 10:57:00+09:00,79900.0,79900.0,79800.0,79900.0,593,0.0,0.0
2025-02-14 10:58:00+09:00,79800.0,79900.0,79800.0,79800.0,638,0.0,0.0
2025-02-14 10:59:00+09:00,79900.0,79900.0,79800.0,79900.0,42,0.0,0.0
2025-02-14 11:00:00+09:00,79900.0,79900.0,79800.0,79800.0,472,0.0,0.0
2025-02-14 11:01:00+09:00,79800.0,79900.0,79800.0,79800.0,824,0.0,0.0
2025-02-14 11:02:00+09:00,79800.0,79900.0,79800.0,79900.0,710,0.0,0.0
2025-02-14 11:03:00+09:00,79800.0,79900.0,79800.0,79800.0,294,0.0,0.0
2025-02-14 11:04:00+09:00,79800.0,79900.0,79800.0,79800.0,6199,0.0,0.0
2025-02-14 11:05:00+09:00,79700.0,80000.0,79700.0,80000.0,11808,0.0,0.0
2025-02-14 11:06:00+09:00,79900.0,80000.0,79900.0,79900.0,243,0.0,0.0
2025-02-14 11:07:00+09:00,79900.0,80000.0,79900.0,79900.0,1188,0.0,0.0
2025-02-14 11:08:00+09:00,79900.0,80000.0,79900.0,79900.0,930,0.0,0.0
2025-02-14 11:09:00+09:00,79900.0,79900.0,79800.0,79800.0,2564,0.0,0.0
2025-02-14 11:10:00+09:00,79900.0,79900.0,79800.0,79800.0,294,0.0,0.0
2025-02-14 11:11:00+09:00,79800.0,79800.0,79800.0,79800.0,531,0.0,0.0
2025-02-14 11:12:00+09:00,79800.0,79900.0,79800.0,79800.0,1135,0.0,0.0
2025-02-14 11:13:00+09:00,79800.0,79900.0,79800.0,79800.0,930,0.0,0.0
2025-02-14 11:14:00+09:00,79800.0,79900.0,79800.0,79800.0,764,0.0,0.0
2025-02-14 11:15:00+09:00,79800.0,79900.0,79800.0,79800.0,478,0.0,0.0
2025-02-14 11:16:00+09:00,79800.0,79800.0,79800.0,79800.0,84,0.0,0.0
2025-02-14 11:17:00+09:00,79900.0,79900.0,79800.0,79800.0,330,0.0,0.0
2025-02-14 11:18:00+09:00,79800.0,79900.0,79800.0,79800.0,3173,0.0,0.0
2025-02-14 11:19:00+09:00,79800.0,79900.0,79800.0,79800.0,487,0.0,0.0
2025-02-14 11:20:00+09:00,79800.0,79800.0,79800.0,79800.0,311,0.0,0.0
2025-02-14 11:21:00+09:00,79800.0,79900.0,79800.0,79800.0,347,0.0,0.0
2025-02-14 11:22:00+09:00,79800.0,79900.0,79800.0,79800.0,303,0.0,0.0
2025-02-14 11:23:00+09:00,79800.0,79900.0,79800.0,79800.0,2048,0.0,0.0
2025-02-14 11:24:00+09:00,79800.0,79800.0,79800.0,79800.0,181,0.0,0.0
2025-02-14 11:25:00+09:00,79800.0,79900.0,79800.0,79900.0,1691,0.0,0.0
2025-02-14 11:26:00+09:00,79900.0,79900.0,79800.0,79900.0,571,0.0,0.0
2025-02-14 11:27:00+09:00,79900.0,79900.0,79800.0,79800.0,209,0.0,0.0
2025-02-14 11:28:00+09:00,79800.0,79900.0,79800.0,79900.0,164,0.0,0.0
2025-02-14 11:29:00+09:00,79800.0,79900.0,79800.0,79900.0,5373,0.0,0.0
2025-02-14 11:30:00+09:00,79800.0,79800.0,79800.0,79800.0,745,0.0,0.0
2025-02-14 11:31:00+09:00,79800.0,79800.0,79800.0,79800.0,1644,0.0,0.0
2025-02-14 11:32:00+09:00,79800.0,79900.0,79800.0,79900.0,406,0.0,0.0
2025-02-14 11:33:00+09:00,79900.0,79900.0,79800.0,79900.0,204,0.0,0.0
2025-02-14 11:34:00+09:00,79800.0,80000.0,79800.0,79900.0,6928,0.0,0.0
2025-02-14 11:35:00+09:00,79900.0,80000.0,79900.0,80000.0,12832,0.0,0.0
2025-02-14 11:36:00+09:00,80000.0,80100.0,80000.0,80000.0,275,0.0,0.0
2025-02-14 11:37:00+09:00,80000.0,80100.0,80000.0,80000.0,4434,0.0,0.0
2025-02-14 11:38:00+09:00,80000.0,80000.0,80000.0,80000.0,558,0.0,0.0
2025-02-14 11:39:00+09:00,80000.0,80100.0,80000.0,80000.0,2417,0.0,0.0
2025-02-14 11:40:00+09:00,80000.0,80200.0,80000.0,80100.0,19233,0.0,0.0
2025-02-14 11:41:00+09:00,80200.0,80200.0,80100.0,80200.0,3276,0.0,0.0
2025-02-14 11:42:00+09:00,80200.0,80200.0,80100.0,80200.0,358,0.0,0.0
2025-02-14 11:43:00+09:00,80100.0,80200.0,80100.0,80200.0,105,0.0,0.0
2025-02-14 11:44:00+09:00,80200.0,80200.0,80100.0,80100.0,2113,0.0,0.0
2025-02-14 11:45:00+09:00,80100.0,80100.0,80000.0,80100.0,279,0.0,0.0
2025-02-14 11:46:00+09:00,80100.0,80100.0,80000.0,80100.0,564,0.0,0.0
2025-02-14 11:47:00+09:00,80000.0,80100.0,80000.0,80100.0,684,0.0,0.0
2025-02-14 11:48:00+09:00,80100.0,80100.0,80000.0,80100.0,357,0.0,0.0
2025-02-14 11:49:00+09:00,80100.0,80100.0,80000.0,80000.0,449,0.0,0.0
2025-02-14 11:50:00+09:00,80100.0,80100.0,80000.0,80000.0,766,0.0,0.0
2025-02-14 11:51:00+09:00,80000.0,80100.0,80000.0,80100.0,566,0.0,0.0
2025-02-14 11:52:00+09:00,80100.0,80100.0,80000.0,80100.0,753,0.0,0.0
2025-02-14 11:53:00+09:00,80000.0,80200.0,80000.0,80100.0,9107,0.0,0.0
2025-02-14 11:54:00+09:00,80200.0,80200.0,80100.0,80100.0,969,0.0,0.0
2025-02-14 11:55:00+09:00,80100.0,80200.0,80000.0,80200.0,1803,0.0,0.0
2025-02-14 11:56:00+09:00,80100.0,80200.0,80100.0,80200.0,50,0.0,0.0
2025-02-14 11:57:00+09:00,80200.0,80200.0,80100.0,80200.0,235,0.0,0.0
2025-02-14 11:58:00+09:00,80200.0,80200.0,80100.0,80100.0,801,0.0,0.0
2025-02-14 11:59:00+09:00,80100.0,80200.0,80100.0,80200.0,510,0.0,0.0
2025-02-14 12:00:00+09:00,80200.0,80200.0,80100.0,80100.0,457,0.0,0.0
2025-02-14 12:01:00+09:00,80200.0,80200.0,80100.0,80100.0,1763,0.0,0.0
2025-02-14 12:02:00+09:00,80100.0,80200.0,80000.0,80100.0,2156,0.0,0.0
2025-02-14 12:03:00+09:00,80100.0,80100.0,80000.0,80100.0,286,0.0,0.0
2025-02-14 12:04:00+09:00,80100.0,80100.0,80000.0,80100.0,131,0.0,0.0
2025-02-14 12:05:00+09:00,80100.0,80100.0,80000.0,80000.0,383,0.0,0.0
2025-02-14 12:06:00+09:00,80000.0,80100.0,80000.0,80000.0,419,0.0,0.0
2025-02-14 12:07:00+09:00,80100.0,80100.0,80000.0,80000.0,2360,0.0,0.0
2025-02-14 12:08:00+09:00,80000.0,80100.0,80000.0,80000.0,201,0.0,0.0
2025-02-14 12:09:00+09:00,80000.0,80100.0,80000.0,80100.0,365,0.0,0.0
2025-02-14 12:10:00+09:00,80100.0,80100.0,80000.0,80000.0,560,0.0,0.0
2025-02-14 12:11:00+09:00,80000.0,80100.0,80000.0,80100.0,615,0.0,0.0
2025-02-14 12:12:00+09:00,80100.0,80100.0,80000.0,80100.0,260,0.0,0.0
2025-02-14 12:13:00+09:00,80100.0,80100.0,80000.0,80100.0,1844,0.0,0.0
2025-02-14 12:14:00+09:00,80100.0,80100.0,80000.0,80100.0,0,0.0,0.0
2025-02-14 12:15:00+09:00,80000.0,80100.0,80000.0,80000.0,780,0.0,0.0
2025-02-14 12:16:00+09:00,80000.0,80100.0,80000.0,80000.0,1317,0.0,0.0
2025-02-14 12:17:00+09:00,80000.0,80100.0,79900.0,80000.0,5940,0.0,0.0
2025-02-14 12:18:00+09:00,80000.0,80000.0,79900.0,80000.0,347,0.0,0.0
2025-02-14 12:19:00+09:00,80000.0,80000.0,79900.0,80000.0,291,0.0,0.0
2025-02-14 12:20:00+09:00,80000.0,80000.0,79900.0,80000.0,449,0.0,0.0
2025-02-14 12:21:00+09:00,80000.0,80000.0,79900.0,80000.0,660,0.0,0.0
2025-02-14 12:22:00+09:00,79900.0,80000.0,79900.0,80000.0,1995,0.0,0.0
2025-02-14 12:23:00+09:00,79900.0,80000.0,79900.0,79900.0,357,0.0,0.0
2025-02-14 12:24:00+09:00,79900.0,80000.0,79900.0,80000.0,443,0.0,0.0
2025-02-14 12:25:00+09:00,80000.0,80000.0,79900.0,80000.0,2144,0.0,0.0
2025-02-14 12:26:00+09:00,80000.0,80000.0,79900.0,79900.0,294,0.0,0.0
2025-02-14 12:27:00+09:00,79900.0,80000.0,79900.0,80000.0,2688,0.0,0.0
2025-02-14 12:28:00+09:00,80000.0,80000.0,79900.0,79900.0,338,0.0,0.0
2025-02-14 12:29:00+09:00,79900.0,80000.0,79900.0,80000.0,1980,0.0,0.0
2025-02-14 12:30:00+09:00,79900.0,80000.0,79900.0,80000.0,1497,0.0,0.0
2025-02-14 12:31:00+09:00,80000.0,80000.0,79900.0,80000.0,347,0.0,0.0
2025-02-14 12:32:00+09:00,79900.0,80000.0,79900.0,79900.0,3181,0.0,0.0
2025-02-14 12:33:00+09:00,80000.0,80000.0,79900.0,80000.0,657,0.0,0.0
2025-02-14 12:34:00+09:00,80000.0,80000.0,79900.0,80000.0,298,0.0,0.0
2025-02-14 12:35:00+09:00,80000.0,80000.0,79900.0,79900.0,238,0.0,0.0
2025-02-14 12:36:00+09:00,80000.0,80000.0,79900.0,79900.0,462,0.0,0.0
2025-02-14 12:37:00+09:00,80000.0,80000.0,79900.0,80000.0,292,0.0,0.0
2025-02-14 12:38:00+09:00,80000.0,80100.0,80000.0,80000.0,9087,0.0,0.0
2025-02-14 12:39:00+09:00,80100.0,80100.0,80000.0,80100.0,342,0.0,0.0
2025-02-14 12:40:00+09:00,80100.0,80100.0,80000.0,80100.0,70,0.0,0.0
2025-02-14 12:41:00+09:00,80000.0,80100.0,80000.0,80100.0,2358,0.0,0.0
2025-02-14 12:42:00+09:00,80100.0,80100.0,80000.0,80100.0,304,0.0,0.0
2025-02-14 12:43:00+09:00,80100.0,80100.0,80000.0,80000.0,2453,0.0,0.0
2025-02-14 12:44:00+09:00,80000.0,80100.0,80000.0,80000.0,1471,0.0,0.0
2025-02-14 12:45:00+09:00,80100.0,80100.0,80000.0,80100.0,158,0.0,0.0
2025-02-14 12:46:00+09:00,80000.0,80100.0,80000.0,80000.0,134,0.0,0.0
2025-02-14 12:47:00+09:00,80100.0,80100.0,80000.0,80100.0,280,0.0,0.0
2025-02-14 12:48:00+09:00,80100.0,80100.0,80000.0,80000.0,49,0.0,0.0
2025-02-14 12:49:00+09:00,80100.0,80100.0,80100.0,80100.0,57,0.0,0.0
2025-02-14 12:50:00+09:00,80000.0,80100.0,80000.0,80100.0,195,0.0,0.0
2025-02-14 12:51:00+09:00,80100.0,80100.0,80000.0,80000.0,552,0.0,0.0
2025-02-14 12:52:00+09:00,80000.0,80100.0,80000.0,80100.0,47,0.0,0.0
2025-02-14 12:53:00+09:00,80100.0,80100.0,80000.0,80000.0,1580,0.0,0.0
2025-02-14 12:54:00+09:00,80100.0,80100.0,80000.0,80100.0,916,0.0,0.0
2025-02-14 12:55:00+09:00,80100.0,80100.0,80000.0,80100.0,1520,0.0,0.0
2025-02-14 12:56:00+09:00,80100.0,80100.0,80000.0,80100.0,343,0.0,0.0
2025-02-14 12:57:00+09:00,80100.0,80100.0,80000.0,80100.0,879,0.0,0.0
2025-02-14 12:58:00+09:00,80100.0,80100.0,80000.0,80100.0,1149,0.0,0.0
2025-02-14 12:59:00+09:00,80000.0,80100.0,80000.0,80100.0,509,0.0,0.0
2025-02-14 13:00:00+09:00,80100.0,80100.0,80000.0,80000.0,1663,0.0,0.0
2025-02-14 13:01:00+09:00,80100.0,80100.0,80000.0,80100.0,1084,0.0,0.0
2025-02-14 13:02:00+09:00,80100.0,80100.0,80000.0,80100.0,321,0.0,0.0
2025-02-14 13:03:00+09:00,80100.0,80100.0,80000.0,80100.0,723,0.0,0.0
2025-02-14 13:04:00+09:00,80100.0,80100.0,80000.0,80000.0,396,0.0,0.0
2025-02-14 13:05:00+09:00,80100.0,80100.0,80000.0,80100.0,1913,0.0,0.0
2025-02-14 13:06:00+09:00,80100.0,80100.0,80000.0,80000.0,1177,0.0,0.0
2025-02-14 13:07:00+09:00,80000.0,80100.0,80000.0,80000.0,747,0.0,0.0
2025-02-14 13:08:00+09:00,80000.0,80100.0,80000.0,80000.0,1675,0.0,0.0
2025-02-14 13:09:00+09:00,80000.0,80100.0,80000.0,80100.0,508,0.0,0.0
2025-02-14 13:10:00+09:00,80000.0,80100.0,80000.0,80000.0,596,0.0,0.0
2025-02-14 13:11:00+09:00,80100.0,80100.0,80000.0,80000.0,653,0.0,0.0
2025-02-14 13:12:00+09:00,80100.0,80100.0,80000.0,80000.0,351,0.0,0.0
2025-02-14 13:13:00+09:00,80000.0,80100.0,80000.0,80000.0,835,0.0,0.0
2025-02-14 13:14:00+09:00,80100.0,80100.0,80000.0,80100.0,593,0.0,0.0
2025-02-14 13:15:00+09:00,80100.0,80100.0,80000.0,80000.0,1204,0.0,0.0
2025-02-14 13:16:00+09:00,80100.0,80100.0,80000.0,80000.0,1189,0.0,0.0
2025-02-14 13:17:00+09:00,80000.0,80100.0,80000.0,80000.0,621,0.0,0.0
2025-02-14 13:18:00+09:00,80100.0,80100.0,80000.0,80000.0,303,0.0,0.0
2025-02-14 13:19:00+09:00,80100.0,80100.0,80000.0,80000.0,2132,0.0,0.0
2025-02-14 13:20:00+09:00,80000.0,80100.0,79900.0,80000.0,2445,0.0,0.0
2025-02-14 13:21:00+09:00,80000.0,80100.0,80000.0,80000.0,503,0.0,0.0
2025-02-14 13:22:00+09:00,80100.0,80100.0,79900.0,80100.0,3091,0.0,0.0
2025-02-14 13:23:00+09:00,80100.0,80100.0,79900.0,80000.0,1547,0.0,0.0
2025-02-14 13:24:00+09:00,80000.0,80000.0,79900.0,80000.0,226,0.0,0.0
2025-02-14 13:25:00+09:00,79900.0,80000.0,79900.0,79900.0,462,0.0,0.0
2025-02-14 13:26:00+09:00,80000.0,80000.0,79900.0,79900.0,295,0.0,0.0
2025-02-14 13:27:00+09:00,79900.0,80000.0,79900.0,79900.0,3058,0.0,0.0
2025-02-14 13:28:00+09:00,79900.0,80000.0,79900.0,79900.0,1024,0.0,0.0
2025-02-14 13:29:00+09:00,80000.0,80000.0,79900.0,80000.0,819,0.0,0.0
2025-02-14 13:30:00+09:00,80000.0,80000.0,79900.0,79900.0,409,0.0,0.0
2025-02-14 13:31:00+09:00,80000.0,80000.0,79900.0,79900.0,1967,0.0,0.0
2025-02-14 13:32:00+09:00,79900.0,80000.0,79900.0,79900.0,1704,0.0,0.0
2025-02-14 13:33:00+09:00,79900.0,80000.0,79900.0,80000.0,834,0.0,0.0
2025-02-14 13:34:00+09:00,79900.0,80000.0,79900.0,79900.0,474,0.0,0.0
2025-02-14 13:35:00+09:00,80000.0,80000.0,79900.0,79900.0,563,0.0,0.0
2025-02-14 13:36:00+09:00,79900.0,80000.0,79800.0,79900.0,3821,0.0,0.0
2025-02-14 13:37:00+09:00,79900.0,80000.0,79800.0,79900.0,1432,0.0,0.0
2025-02-14 13:38:00+09:00,79900.0,80000.0,79800.0,80000.0,1042,0.0,0.0
2025-02-14 13:39:00+09:00,80000.0,80000.0,79800.0,80000.0,474,0.0,0.0
2025-02-14 13:40:00+09:00,79900.0,80000.0,79900.0,79900.0,356,0.0,0.0
2025-02-14 13:41:00+09:00,79900.0,80000.0,79900.0,80000.0,434,0.0,0.0
2025-02-14 13:42:00+09:00,79900.0,80000.0,79900.0,79900.0,315,0.0,0.0
2025-02-14 13:43:00+09:00,80000.0,80000.0,79900.0,80000.0,2761,0.0,0.0
2025-02-14 13:44:00+09:00,79900.0,80000.0,79900.0,80000.0,866,0.0,0.0
2025-02-14 13:45:00+09:00,80000.0,80000.0,79900.0,79900.0,734,0.0,0.0
2025-02-14 13:46:00+09:00,80000.0,80000.0,79900.0,79900.0,445,0.0,0.0
2025-02-14 13:47:00+09:00,80000.0,80000.0,79900.0,80000.0,433,0.0,0.0
2025-02-14 13:48:00+09:00,80000.0,80000.0,79900.0,80000.0,475,0.0,0.0
2025-02-14 13:49:00+09:00,79900.0,80000.0,79900.0,79900.0,409,0.0,0.0
2025-02-14 13:50:00+09:00,80000.0,80000.0,79900.0,79900.0,1023,0.0,0.0
2025-02-14 13:51:00+09:00,79900.0,80000.0,79900.0,79900.0,576,0.0,0.0
2025-02-14 13:52:00+09:00,80000.0,80000.0,79900.0,79900.0,1897,0.0,0.0
2025-02-14 13:53:00+09:00,79900.0,80000.0,79900.0,80000.0,4287,0.0,0.0
2025-02-14 13:54:00+09:00,79900.0,80000.0,79900.0,80000.0,1350,0.0,0.0
2025-02-14 13:55:00+09:00,79900.0,80000.0,79900.0,79900.0,872,0.0,0.0
2025-02-14 13:56:00+09:00,79900.0,80000.0,79900.0,79900.0,1193,0.0,0.0
2025-02-14 13:57:00+09:00,80000.0,80000.0,79800.0,79900.0,3710,0.0,0.0
2025-02-14 13:58:00+09:00,79900.0,79900.0,79700.0,79700.0,7164,0.0,0.0
2025-02-14 13:59:00+09:00,79700.0,79800.0,79700.0,79700.0,2313,0.0,0.0
2025-02-14 14:00:00+09:00,79800.0,79800.0,79700.0,79700.0,1685,0.0,0.0
2025-02-14 14:01:00+09:00,79700.0,79800.0,79700.0,79800.0,1474,0.0,0.0
2025-02-14 14:02:00+09:00,79700.0,79800.0,79700.0,79800.0,500,0.0,0.0
2025-02-14 14:03:00+09:00,79700.0,79800.0,79700.0,79800.0,559,0.0,0.0
2025-02-14 14:04:00+09:00,79700.0,79800.0,79700.0,79800.0,1451,0.0,0.0
2025-02-14 14:05:00+09:00,79700.0,79800.0,79700.0,79800.0,716,0.0,0.0
2025-02-14 14:06:00+09:00,79700.0,79900.0,79700.0,79900.0,7695,0.0,0.0
2025-02-14 14:07:00+09:00,79900.0,79900.0,79800.0,79800.0,400,0.0,0.0
2025-02-14 14:08:00+09:00,79800.0,79900.0,79800.0,79900.0,627,0.0,0.0
2025-02-14 14:09:00+09:00,79900.0,79900.0,79800.0,79900.0,513,0.0,0.0
2025-02-14 14:10:00+09:00,79900.0,79900.0,79800.0,79800.0,547,0.0,0.0
2025-02-14 14:11:00+09:00,79800.0,79900.0,79800.0,79800.0,484,0.0,0.0
2025-02-14 14:12:00+09:00,79900.0,79900.0,79800.0,79800.0,432,0.0,0.0
2025-02-14 14:13:00+09:00,79800.0,79900.0,79800.0,79800.0,1257,0.0,0.0
2025-02-14 14:14:00+09:00,79800.0,79900.0,79800.0,79800.0,209,0.0,0.0
2025-02-14 14:15:00+09:00,79800.0,79900.0,79800.0,79800.0,529,0.0,0.0
2025-02-14 14:16:00+09:00,79900.0,79900.0,79800.0,79900.0,1283,0.0,0.0
2025-02-14 14:17:00+09:00,79800.0,79900.0,79800.0,79800.0,1783,0.0,0.0
2025-02-14 14:18:00+09:00,79900.0,79900.0,79800.0,79800.0,1205,0.0,0.0
2025-02-14 14:19:00+09:00,79800.0,79900.0,79800.0,79900.0,1684,0.0,0.0
2025-02-14 14:20:00+09:00,79800.0,79900.0,79800.0,79900.0,1682,0.0,0.0
2025-02-14 14:21:00+09:00,79900.0,79900.0,79800.0,79800.0,1032,0.0,0.0
2025-02-14 14:22:00+09:00,79900.0,79900.0,79800.0,79800.0,1559,0.0,0.0
2025-02-14 14:23:00+09:00,79800.0,79900.0,79800.0,79800.0,2238,0.0,0.0
2025-02-14 14:24:00+09:00,79800.0,79900.0,79800.0,79900.0,2280,0.0,0.0
2025-02-14 14:25:00+09:00,79900.0,79900.0,79700.0,79700.0,3929,0.0,0.0
2025-02-14 14:26:00+09:00,79700.0,79800.0,79700.0,79700.0,1573,0.0,0.0
2025-02-14 14:27:00+09:00,79700.0,79800.0,79700.0,79800.0,3453,0.0,0.0
2025-02-14 14:28:00+09:00,79800.0,79800.0,79600.0,79700.0,4639,0.0,0.0
2025-02-14 14:29:00+09:00,79600.0,79800.0,79600.0,79700.0,1903,0.0,0.0
2025-02-14 14:30:00+09:00,79800.0,79800.0,79600.0,79600.0,1115,0.0,0.0
2025-02-14 14:31:00+09:00,79600.0,79700.0,79600.0,79600.0,2538,0.0,0.0
2025-02-14 14:32:00+09:00,79600.0,79700.0,79600.0,79700.0,1027,0.0,0.0
2025-02-14 14:33:00+09:00,79700.0,79700.0,79600.0,79600.0,1540,0.0,0.0
2025-02-14 14:34:00+09:00,79700.0,79700.0,79600.0,79600.0,574,0.0,0.0
2025-02-14 14:35:00+09:00,79700.0,79700.0,79600.0,79700.0,585,0.0,0.0
2025-02-14 14:36:00+09:00,79600.0,79700.0,79600.0,79700.0,1740,0.0,0.0
2025-02-14 14:37:00+09:00,79700.0,79700.0,79600.0,79600.0,1574,0.0,0.0
2025-02-14 14:38:00+09:00,79600.0,79700.0,79600.0,79600.0,1556,0.0,0.0
2025-02-14 14:39:00+09:00,79600.0,79700.0,79600.0,79600.0,480,0.0,0.0
2025-02-14 14:40:00+09:00,79600.0,79700.0,79600.0,79600.0,1008,0.0,0.0
2025-02-14 14:41:00+09:00,79600.0,79700.0,79600.0,79600.0,2021,0.0,0.0
2025-02-14 14:42:00+09:00,79700.0,79700.0,79600.0,79600.0,971,0.0,0.0
2025-02-14 14:43:00+09:00,79600.0,79700.0,79600.0,79600.0,784,0.0,0.0
2025-02-14 14:44:00+09:00,79600.0,79700.0,79600.0,79600.0,3892,0.0,0.0
2025-02-14 14:45:00+09:00,79700.0,79700.0,79600.0,79600.0,894,0.0,0.0
2025-02-14 14:46:00+09:00,79600.0,79700.0,79600.0,79600.0,2080,0.0,0.0
2025-02-14 14:47:00+09:00,79600.0,79700.0,79600.0,79600.0,8242,0.0,0.0
2025-02-14 14:48:00+09:00,79600.0,79700.0,79600.0,79600.0,2535,0.0,0.0
2025-02-14 14:49:00+09:00,79700.0,79700.0,79600.0,79600.0,438,0.0,0.0
2025-02-14 14:50:00+09:00,79600.0,79700.0,79600.0,79600.0,1581,0.0,0.0
2025-02-14 14:51:00+09:00,79700.0,79700.0,79600.0,79600.0,810,0.0,0.0
2025-02-14 14:52:00+09:00,79600.0,79700.0,79600.0,79600.0,371,0.0,0.0
2025-02-14 14:53:00+09:00,79700.0,79700.0,79500.0,79500.0,4418,0.0,0.0
2025-02-14 14:54:00+09:00,79500.0,79600.0,79500.0,79500.0,257,0.0,0.0
2025-02-14 14:55:00+09:00,79500.0,79700.0,79500.0,79600.0,2251,0.0,0.0
2025-02-14 14:56:00+09:00,79600.0,79700.0,79500.0,79600.0,2213,0.0,0.0
2025-02-14 14:57:00+09:00,79600.0,79600.0,79500.0,79600.0,1840,0.0,0.0
2025-02-14 14:58:00+09:00,79600.0,79600.0,79500.0,79500.0,653,0.0,0.0
2025-02-14 14:59:00+09:00,79500.0,79600.0,79500.0,79500.0,833,0.0,0.0
2025-02-17 09:00:00+09:00,79500.0,79800.0,79500.0,79700.0,0,0.0,0.0
2025-02-17 09:01:00+09:00,79600.0,79900.0,79600.0,79700.0,2650,0.0,0.0
2025-02-17 09:02:00+09:00,79800.0,80000.0,79700.0,79900.0,2403,0.0,0.0
2025-02-17 09:03:00+09:00,79900.0,79900.0,79700.0,79700.0,3792,0.0,0.0
2025-02-17 09:04:00+09:00,79800.0,79800.0,79700.0,79700.0,3116,0.0,0.0
2025-02-17 09:05:00+09:00,79700.0,79800.0,79600.0,79800.0,4799,0.0,0.0
2025-02-17 09:06:00+09:00,79700.0,79700.0,79500.0,79600.0,2917,0.0,0.0
2025-02-17 09:07:00+09:00,79500.0,79600.0,79500.0,79600.0,2571,0.0,0.0
2025-02-17 09:08:00+09:00,79600.0,79600.0,79500.0,79600.0,931,0.0,0.0
2025-02-17 09:09:00+09:00,79600.0,79600.0,79500.0,79500.0,1979,0.0,0.0
2025-02-17 09:10:00+09:00,79400.0,79500.0,79400.0,79400.0,1358,0.0,0.0
2025-02-17 09:11:00+09:00,79500.0,79500.0,79400.0,79400.0,2335,0.0,0.0
2025-02-17 09:12:00+09:00,79400.0,79500.0,79300.0,79300.0,4285,0.0,0.0
2025-02-17 09:13:00+09:00,79400.0,79500.0,79300.0,79500.0,1261,0.0,0.0
2025-02-17 09:14:00+09:00,79400.0,79500.0,79400.0,79400.0,273,0.0,0.0
2025-02-17 09:15:00+09:00,79400.0,79500.0,79400.0,79500.0,1610,0.0,0.0
2025-02-17 09:16:00+09:00,79400.0,79500.0,79300.0,79500.0,5302,0.0,0.0
2025-02-17 09:17:00+09:00,79400.0,79500.0,79300.0,79300.0,1657,0.0,0.0
2025-02-17 09:18:00+09:00,79400.0,79400.0,79300.0,79400.0,340,0.0,0.0
2025-02-17 09:19:00+09:00,79400.0,79600.0,79300.0,79500.0,9497,0.0,0.0
2025-02-17 09:20:00+09:00,79600.0,79600.0,79400.0,79600.0,1968,0.0,0.0
2025-02-17 09:21:00+09:00,79600.0,79600.0,79400.0,79500.0,346,0.0,0.0
2025-02-17 09:22:00+09:00,79500.0,79500.0,79400.0,79400.0,509,0.0,0.0
2025-02-17 09:23:00+09:00,79400.0,79500.0,79400.0,79400.0,1594,0.0,0.0
2025-02-17 09:24:00+09:00,79400.0,79500.0,79300.0,79400.0,1024,0.0,0.0
2025-02-17 09:25:00+09:00,79400.0,79400.0,79400.0,79400.0,321,0.0,0.0
2025-02-17 09:26:00+09:00,79400.0,79400.0,79300.0,79400.0,356,0.0,0.0
2025-02-17 09:27:00+09:00,79400.0,79400.0,79300.0,79400.0,271,0.0,0.0
2025-02-17 09:28:00+09:00,79300.0,79400.0,79300.0,79400.0,388,0.0,0.0
2025-02-17 09:29:00+09:00,79400.0,79500.0,79300.0,79500.0,2682,0.0,0.0
2025-02-17 09:30:00+09:00,79500.0,79600.0,79400.0,79600.0,7533,0.0,0.0
2025-02-17 09:31:00+09:00,79600.0,79600.0,79500.0,79600.0,568,0.0,0.0
2025-02-17 09:32:00+09:00,79500.0,79600.0,79500.0,79500.0,619,0.0,0.0
2025-02-17 09:33:00+09:00,79600.0,79600.0,79500.0,79500.0,585,0.0,0.0
2025-02-17 09:34:00+09:00,79500.0,79500.0,79400.0,79400.0,1446,0.0,0.0
2025-02-17 09:35:00+09:00,79400.0,79500.0,79400.0,79400.0,851,0.0,0.0
2025-02-17 09:36:00+09:00,79400.0,79500.0,79400.0,79400.0,465,0.0,0.0
2025-02-17 09:37:00+09:00,79500.0,79500.0,79400.0,79500.0,394,0.0,0.0
2025-02-17 09:38:00+09:00,79500.0,79500.0,79400.0,79500.0,499,0.0,0.0
2025-02-17 09:39:00+09:00,79500.0,79500.0,79400.0,79500.0,413,0.0,0.0
2025-02-17 09:40:00+09:00,79400.0,79500.0,79400.0,79400.0,320,0.0,0.0
2025-02-17 09:41:00+09:00,79400.0,79500.0,79400.0,79400.0,744,0.0,0.0
2025-02-17 09:42:00+09:00,79400.0,79500.0,79400.0,79400.0,5188,0.0,0.0
2025-02-17 09:43:00+09:00,79500.0,79600.0,79400.0,79500.0,9575,0.0,0.0
2025-02-17 09:44:00+09:00,79500.0,79500.0,79400.0,79500.0,7031,0.0,0.0
2025-02-17 09:45:00+09:00,79500.0,79700.0,79400.0,79700.0,9425,0.0,0.0
2025-02-17 09:46:00+09:00,79700.0,79700.0,79600.0,79600.0,1130,0.0,0.0
2025-02-17 09:47:00+09:00,79600.0,79700.0,79600.0,79700.0,3174,0.0,0.0
2025-02-17 09:48:00+09:00,79600.0,79700.0,79600.0,79700.0,943,0.0,0.0
2025-02-17 09:49:00+09:00,79600.0,79700.0,79600.0,79700.0,448,0.0,0.0
2025-02-17 09:50:00+09:00,79700.0,79700.0,79600.0,79700.0,223,0.0,0.0
2025-02-17 09:51:00+09:00,79700.0,79700.0,79600.0,79700.0,615,0.0,0.0
2025-02-17 09:52:00+09:00,79700.0,79700.0,79600.0,79700.0,744,0.0,0.0
2025-02-17 09:53:00+09:00,79600.0,79700.0,79600.0,79600.0,720,0.0,0.0
2025-02-17 09:54:00+09:00,79600.0,79700.0,79600.0,79600.0,318,0.0,0.0
2025-02-17 09:55:00+09:00,79600.0,79700.0,79600.0,79700.0,304,0.0,0.0
2025-02-17 09:56:00+09:00,79600.0,79700.0,79500.0,79500.0,2005,0.0,0.0
2025-02-17 09:57:00+09:00,79500.0,79600.0,79500.0,79600.0,1213,0.0,0.0
2025-02-17 09:58:00+09:00,79500.0,79600.0,79500.0,79500.0,4205,0.0,0.0
2025-02-17 09:59:00+09:00,79500.0,79500.0,79500.0,79500.0,1107,0.0,0.0
2025-02-17 10:00:00+09:00,79500.0,79600.0,79500.0,79500.0,448,0.0,0.0
2025-02-17 10:01:00+09:00,79500.0,79600.0,79500.0,79600.0,818,0.0,0.0
2025-02-17 10:02:00+09:00,79500.0,79600.0,79400.0,79500.0,1931,0.0,0.0
2025-02-17 10:03:00+09:00,79500.0,79600.0,79400.0,79600.0,11959,0.0,0.0
2025-02-17 10:04:00+09:00,79600.0,79700.0,79600.0,79700.0,597,0.0,0.0
2025-02-17 10:05:00+09:00,79600.0,79700.0,79600.0,79600.0,462,0.0,0.0
2025-02-17 10:06:00+09:00,79700.0,79700.0,79600.0,79600.0,194,0.0,0.0
2025-02-17 10:07:00+09:00,79600.0,79700.0,79600.0,79700.0,785,0.0,0.0
2025-02-17 10:08:00+09:00,79700.0,79700.0,79600.0,79600.0,1770,0.0,0.0
2025-02-17 10:09:00+09:00,79600.0,79700.0,79500.0,79600.0,1389,0.0,0.0
2025-02-17 10:10:00+09:00,79700.0,79700.0,79600.0,79600.0,622,0.0,0.0
2025-02-17 10:11:00+09:00,79600.0,79700.0,79600.0,79600.0,1930,0.0,0.0
2025-02-17 10:12:00+09:00,79600.0,79700.0,79500.0,79600.0,223,0.0,0.0
2025-02-17 10:13:00+09:00,79600.0,79700.0,79600.0,79700.0,2313,0.0,0.0
2025-02-17 10:14:00+09:00,79700.0,79800.0,79600.0,79800.0,5620,0.0,0.0
2025-02-17 10:15:00+09:00,79800.0,79800.0,79700.0,79700.0,179,0.0,0.0
2025-02-17 10:16:00+09:00,79800.0,79800.0,79700.0,79800.0,373,0.0,0.0
2025-02-17 10:17:00+09:00,79700.0,79800.0,79700.0,79700.0,430,0.0,0.0
2025-02-17 10:18:00+09:00,79700.0,79800.0,79700.0,79700.0,145,0.0,0.0
2025-02-17 10:19:00+09:00,79700.0,79800.0,79700.0,79800.0,544,0.0,0.0
2025-02-17 10:20:00+09:00,79700.0,79800.0,79700.0,79700.0,443,0.0,0.0
2025-02-17 10:21:00+09:00,79800.0,79800.0,79700.0,79700.0,292,0.0,0.0
2025-02-17 10:22:00+09:00,79700.0,79900.0,79700.0,79900.0,14349,0.0,0.0
2025-02-17 10:23:00+09:00,79900.0,79900.0,79800.0,79900.0,933,0.0,0.0
2025-02-17 10:24:00+09:00,79900.0,80000.0,79800.0,79900.0,2509,0.0,0.0
2025-02-17 10:25:00+09:00,79800.0,80000.0,79800.0,79900.0,2586,0.0,0.0
2025-02-17 10:26:00+09:00,79900.0,79900.0,79800.0,79800.0,828,0.0,0.0
2025-02-17 10:27:00+09:00,79900.0,79900.0,79800.0,79800.0,309,0.0,0.0
2025-02-17 10:28:00+09:00,79800.0,79900.0,79800.0,79800.0,477,0.0,0.0
2025-02-17 10:29:00+09:00,79900.0,79900.0,79800.0,79900.0,478,0.0,0.0
2025-02-17 10:30:00+09:00,79900.0,79900.0,79800.0,79800.0,195,0.0,0.0
2025-02-17 10:31:00+09:00,79800.0,79900.0,79800.0,79900.0,242,0.0,0.0
2025-02-17 10:32:00+09:00,79900.0,79900.0,79800.0,79900.0,2748,0.0,0.0
2025-02-17 10:33:00+09:00,79900.0,80000.0,79800.0,80000.0,594,0.0,0.0
2025-02-17 10:34:00+09:00,80000.0,80000.0,79900.0,79900.0,456,0.0,0.0
2025-02-17 10:35:00+09:00,80000.0,80000.0,79800.0,79900.0,1660,0.0,0.0
2025-02-17 10:36:00+09:00,79900.0,79900.0,79900.0,79900.0,478,0.0,0.0
2025-02-17 10:37:00+09:00,79900.0,79900.0,79800.0,79800.0,2343,0.0,0.0
2025-02-17 10:38:00+09:00,79800.0,79900.0,79700.0,79800.0,1589,0.0,0.0
2025-02-17 10:39:00+09:00,79800.0,79800.0,79700.0,79800.0,715,0.0,0.0
2025-02-17 10:40:00+09:00,79800.0,79800.0,79700.0,79700.0,542,0.0,0.0
2025-02-17 10:41:00+09:00,79700.0,79800.0,79700.0,79800.0,529,0.0,0.0
2025-02-17 10:42:00+09:00,79800.0,79800.0,79700.0,79800.0,43,0.0,0.0
2025-02-17 10:43:00+09:00,79700.0,79800.0,79700.0,79800.0,1901,0.0,0.0
2025-02-17 10:44:00+09:00,79800.0,79800.0,79700.0,79800.0,668,0.0,0.0
2025-02-17 10:45:00+09:00,79700.0,79800.0,79700.0,79700.0,411,0.0,0.0
2025-02-17 10:46:00+09:00,79700.0,79800.0,79700.0,79800.0,535,0.0,0.0
2025-02-17 10:47:00+09:00,79700.0,79800.0,79700.0,79800.0,1712,0.0,0.0
2025-02-17 10:48:00+09:00,79800.0,79800.0,79700.0,79800.0,502,0.0,0.0
2025-02-17 10:49:00+09:00,79700.0,79800.0,79700.0,79800.0,418,0.0,0.0
2025-02-17 10:50:00+09:00,79800.0,79800.0,79700.0,79800.0,311,0.0,0.0
2025-02-17 10:51:00+09:00,79700.0,79800.0,79700.0,79700.0,766,0.0,0.0
2025-02-17 10:52:00+09:00,79800.0,79800.0,79700.0,79700.0,639,0.0,0.0
2025-02-17 10:53:00+09:00,79700.0,79800.0,79700.0,79700.0,381,0.0,0.0
2025-02-17 10:54:00+09:00,79800.0,79800.0,79700.0,79800.0,2293,0.0,0.0
2025-02-17 10:55:00+09:00,79700.0,79900.0,79700.0,79900.0,4298,0.0,0.0
2025-02-17 10:56:00+09:00,79900.0,79900.0,79800.0,79800.0,210,0.0,0.0
2025-02-17 10:57:00+09:00,79800.0,79900.0,79800.0,79900.0,503,0.0,0.0
2025-02-17 10:58:00+09:00,79800.0,79900.0,79800.0,79800.0,237,0.0,0.0
2025-02-17 10:59:00+09:00,79800.0,79900.0,79800.0,79900.0,511,0.0,0.0
2025-02-17 11:00:00+09:00,79900.0,79900.0,79800.0,79900.0,363,0.0,0.0
2025-02-17 11:01:00+09:00,79800.0,79900.0,79800.0,79900.0,7190,0.0,0.0
2025-02-17 11:02:00+09:00,79900.0,80000.0,79800.0,79900.0,705,0.0,0.0
2025-02-17 11:03:00+09:00,79900.0,80000.0,79900.0,80000.0,599,0.0,0.0
2025-02-17 11:04:00+09:00,80000.0,80000.0,79800.0,79900.0,712,0.0,0.0
2025-02-17 11:05:00+09:00,79800.0,79900.0,79700.0,79800.0,1909,0.0,0.0
2025-02-17 11:06:00+09:00,79700.0,79800.0,79700.0,79800.0,869,0.0,0.0
2025-02-17 11:07:00+09:00,79800.0,79800.0,79700.0,79800.0,2409,0.0,0.0
2025-02-17 11:08:00+09:00,79800.0,79800.0,79700.0,79700.0,320,0.0,0.0
2025-02-17 11:09:00+09:00,79700.0,79800.0,79700.0,79700.0,271,0.0,0.0
2025-02-17 11:10:00+09:00,79700.0,79800.0,79700.0,79700.0,511,0.0,0.0
2025-02-17 11:11:00+09:00,79800.0,79800.0,79700.0,79800.0,502,0.0,0.0
2025-02-17 11:12:00+09:00,79800.0,79800.0,79700.0,79800.0,396,0.0,0.0
2025-02-17 11:13:00+09:00,79700.0,79800.0,79700.0,79800.0,288,0.0,0.0
2025-02-17 11:14:00+09:00,79700.0,79800.0,79700.0,79800.0,708,0.0,0.0
2025-02-17 11:15:00+09:00,79800.0,79800.0,79700.0,79800.0,1058,0.0,0.0
2025-02-17 11:16:00+09:00,79800.0,79800.0,79700.0,79800.0,1946,0.0,0.0
2025-02-17 11:17:00+09:00,79700.0,79800.0,79700.0,79700.0,1283,0.0,0.0
2025-02-17 11:18:00+09:00,79800.0,79800.0,79700.0,79700.0,208,0.0,0.0
2025-02-17 11:19:00+09:00,79700.0,79800.0,79700.0,79800.0,246,0.0,0.0
2025-02-17 11:20:00+09:00,79800.0,79800.0,79700.0,79800.0,596,0.0,0.0
2025-02-17 11:21:00+09:00,79800.0,79800.0,79700.0,79800.0,406,0.0,0.0
2025-02-17 11:22:00+09:00,79700.0,79800.0,79700.0,79800.0,1315,0.0,0.0
2025-02-17 11:23:00+09:00,79800.0,79800.0,79700.0,79700.0,594,0.0,0.0
2025-02-17 11:24:00+09:00,79800.0,79800.0,79700.0,79800.0,609,0.0,0.0
2025-02-17 11:25:00+09:00,79700.0,79800.0,79700.0,79700.0,317,0.0,0.0
2025-02-17 11:26:00+09:00,79800.0,79800.0,79700.0,79700.0,1401,0.0,0.0
2025-02-17 11:27:00+09:00,79700.0,79800.0,79700.0,79800.0,847,0.0,0.0
2025-02-17 11:28:00+09:00,79700.0,79800.0,79700.0,79700.0,466,0.0,0.0
2025-02-17 11:29:00+09:00,79700.0,79800.0,79700.0,79700.0,1060,0.0,0.0
2025-02-17 11:30:00+09:00,79800.0,79800.0,79700.0,79800.0,382,0.0,0.0
2025-02-17 11:31:00+09:00,79800.0,79800.0,79700.0,79700.0,914,0.0,0.0
2025-02-17 11:32:00+09:00,79800.0,79800.0,79700.0,79800.0,496,0.0,0.0
2025-02-17 11:33:00+09:00,79700.0,79800.0,79700.0,79700.0,389,0.0,0.0
2025-02-17 11:34:00+09:00,79700.0,79800.0,79700.0,79800.0,492,0.0,0.0
2025-02-17 11:35:00+09:00,79700.0,79800.0,79700.0,79800.0,318,0.0,0.0
2025-02-17 11:36:00+09:00,79800.0,79800.0,79700.0,79800.0,386,0.0,0.0
2025-02-17 11:37:00+09:00,79800.0,79800.0,79700.0,79800.0,818,0.0,0.0
2025-02-17 11:38:00+09:00,79700.0,79800.0,79700.0,79700.0,446,0.0,0.0
2025-02-17 11:39:00+09:00,79800.0,79800.0,79700.0,79700.0,637,0.0,0.0
2025-02-17 11:40:00+09:00,79700.0,79900.0,79700.0,79900.0,10468,0.0,0.0
2025-02-17 11:41:00+09:00,79900.0,79900.0,79700.0,79700.0,792,0.0,0.0
2025-02-17 11:42:00+09:00,79800.0,79800.0,79700.0,79800.0,127,0.0,0.0
2025-02-17 11:43:00+09:00,79700.0,79800.0,79700.0,79700.0,946,0.0,0.0
2025-02-17 11:44:00+09:00,79800.0,79800.0,79700.0,79700.0,730,0.0,0.0
2025-02-17 11:45:00+09:00,79800.0,79800.0,79700.0,79700.0,322,0.0,0.0
2025-02-17 11:46:00+09:00,79800.0,79800.0,79700.0,79800.0,181,0.0,0.0
2025-02-17 11:47:00+09:00,79700.0,79800.0,79700.0,79800.0,375,0.0,0.0
2025-02-17 11:48:00+09:00,79800.0,79800.0,79700.0,79800.0,2334,0.0,0.0
2025-02-17 11:49:00+09:00,79700.0,79800.0,79600.0,79700.0,1667,0.0,0.0
2025-02-17 11:50:00+09:00,79800.0,79800.0,79700.0,79700.0,154,0.0,0.0
2025-02-17 11:51:00+09:00,79700.0,79800.0,79700.0,79700.0,763,0.0,0.0
2025-02-17 11:52:00+09:00,79800.0,79800.0,79600.0,79700.0,798,0.0,0.0
2025-02-17 11:53:00+09:00,79700.0,79800.0,79700.0,79800.0,499,0.0,0.0
2025-02-17 11:54:00+09:00,79800.0,79800.0,79700.0,79800.0,262,0.0,0.0
2025-02-17 11:55:00+09:00,79800.0,79800.0,79700.0,79800.0,472,0.0,0.0
2025-02-17 11:56:00+09:00,79800.0,79800.0,79700.0,79700.0,1162,0.0,0.0
2025-02-17 11:57:00+09:00,79600.0,79800.0,79600.0,79600.0,381,0.0,0.0
2025-02-17 11:58:00+09:00,79800.0,79800.0,79700.0,79800.0,193,0.0,0.0
2025-02-17 11:59:00+09:00,79800.0,79800.0,79700.0,79700.0,437,0.0,0.0
2025-02-17 12:00:00+09:00,79700.0,79800.0,79700.0,79800.0,526,0.0,0.0
2025-02-17 12:01:00+09:00,79700.0,79800.0,79700.0,79800.0,429,0.0,0.0
2025-02-17 12:02:00+09:00,79800.0,79800.0,79700.0,79700.0,527,0.0,0.0
2025-02-17 12:03:00+09:00,79700.0,79800.0,79700.0,79700.0,211,0.0,0.0
2025-02-17 12:04:00+09:00,79800.0,79800.0,79700.0,79700.0,441,0.0,0.0
2025-02-17 12:05:00+09:00,79700.0,79800.0,79700.0,79700.0,2590,0.0,0.0
2025-02-17 12:06:00+09:00,79800.0,79800.0,79700.0,79800.0,585,0.0,0.0
2025-02-17 12:07:00+09:00,79700.0,79800.0,79700.0,79800.0,280,0.0,0.0
2025-02-17 12:08:00+09:00,79800.0,79800.0,79700.0,79700.0,332,0.0,0.0
2025-02-17 12:09:00+09:00,79700.0,79800.0,79700.0,79700.0,562,0.0,0.0
2025-02-17 12:10:00+09:00,79800.0,79900.0,79700.0,79800.0,3228,0.0,0.0
2025-02-17 12:11:00+09:00,79800.0,79900.0,79800.0,79900.0,447,0.0,0.0
2025-02-17 12:12:00+09:00,79900.0,79900.0,79800.0,79800.0,196,0.0,0.0
2025-02-17 12:13:00+09:00,79900.0,79900.0,79800.0,79900.0,444,0.0,0.0
2025-02-17 12:14:00+09:00,79900.0,79900.0,79800.0,79800.0,349,0.0,0.0
2025-02-17 12:15:00+09:00,79900.0,79900.0,79800.0,79900.0,538,0.0,0.0
2025-02-17 12:16:00+09:00,79900.0,79900.0,79800.0,79800.0,456,0.0,0.0
2025-02-17 12:17:00+09:00,79800.0,79900.0,79800.0,79800.0,558,0.0,0.0
2025-02-17 12:18:00+09:00,79800.0,79900.0,79800.0,79800.0,181,0.0,0.0
2025-02-17 12:19:00+09:00,79900.0,79900.0,79800.0,79900.0,539,0.0,0.0
2025-02-17 12:20:00+09:00,79800.0,79900.0,79800.0,79800.0,298,0.0,0.0
2025-02-17 12:21:00+09:00,79800.0,79900.0,79800.0,79900.0,439,0.0,0.0
2025-02-17 12:22:00+09:00,79800.0,79900.0,79800.0,79800.0,480,0.0,0.0
2025-02-17 12:23:00+09:00,79800.0,79900.0,79800.0,79800.0,247,0.0,0.0
2025-02-17 12:24:00+09:00,79900.0,79900.0,79800.0,79800.0,1301,0.0,0.0
2025-02-17 12:25:00+09:00,79800.0,79900.0,79800.0,79800.0,524,0.0,0.0
2025-02-17 12:26:00+09:00,79800.0,79900.0,79800.0,79800.0,910,0.0,0.0
2025-02-17 12:27:00+09:00,79700.0,79800.0,79700.0,79700.0,503,0.0,0.0
2025-02-17 12:28:00+09:00,79700.0,79800.0,79700.0,79700.0,320,0.0,0.0
2025-02-17 12:29:00+09:00,79700.0,79800.0,79700.0,79800.0,484,0.0,0.0
2025-02-17 12:30:00+09:00,79800.0,79800.0,79700.0,79700.0,427,0.0,0.0
2025-02-17 12:31:00+09:00,79700.0,79800.0,79600.0,79700.0,3809,0.0,0.0
2025-02-17 12:32:00+09:00,79800.0,79800.0,79600.0,79700.0,3849,0.0,0.0
2025-02-17 12:33:00+09:00,79700.0,79700.0,79600.0,79600.0,57,0.0,0.0
2025-02-17 12:34:00+09:00,79600.0,79700.0,79600.0,79600.0,1252,0.0,0.0
2025-02-17 12:35:00+09:00,79600.0,79700.0,79600.0,79700.0,445,0.0,0.0
2025-02-17 12:36:00+09:00,79700.0,79700.0,79600.0,79700.0,860,0.0,0.0
2025-02-17 12:37:00+09:00,79700.0,79700.0,79600.0,79700.0,1167,0.0,0.0
2025-02-17 12:38:00+09:00,79700.0,79700.0,79600.0,79600.0,365,0.0,0.0
2025-02-17 12:39:00+09:00,79600.0,79700.0,79600.0,79700.0,519,0.0,0.0
2025-02-17 12:40:00+09:00,79700.0,79700.0,79600.0,79600.0,1310,0.0,0.0
2025-02-17 12:41:00+09:00,79700.0,79700.0,79600.0,79700.0,985,0.0,0.0
2025-02-17 12:42:00+09:00,79600.0,79700.0,79600.0,79600.0,266,0.0,0.0
2025-02-17 12:43:00+09:00,79600.0,79700.0,79600.0,79700.0,414,0.0,0.0
2025-02-17 12:44:00+09:00,79700.0,79700.0,79600.0,79600.0,351,0.0,0.0
2025-02-17 12:45:00+09:00,79600.0,79700.0,79600.0,79700.0,1447,0.0,0.0
2025-02-17 12:46:00+09:00,79700.0,79700.0,79600.0,79600.0,114,0.0,0.0
2025-02-17 12:47:00+09:00,79700.0,79700.0,79600.0,79700.0,709,0.0,0.0
2025-02-17 12:48:00+09:00,79700.0,79700.0,79600.0,79600.0,492,0.0,0.0
2025-02-17 12:49:00+09:00,79600.0,79700.0,79600.0,79700.0,990,0.0,0.0
2025-02-17 12:50:00+09:00,79700.0,79700.0,79600.0,79700.0,540,0.0,0.0
2025-02-17 12:51:00+09:00,79600.0,79700.0,79600.0,79600.0,494,0.0,0.0
2025-02-17 12:52:00+09:00,79700.0,79700.0,79600.0,79700.0,509,0.0,0.0
2025-02-17 12:53:00+09:00,79700.0,79700.0,79600.0,79700.0,368,0.0,0.0
2025-02-17 12:54:00+09:00,79700.0,79800.0,79600.0,79700.0,6245,0.0,0.0
2025-02-17 12:55:00+09:00,79800.0,79800.0,79700.0,79700.0,247,0.0,0.0
2025-02-17 12:56:00+09:00,79700.0,79800.0,79700.0,79800.0,871,0.0,0.0
2025-02-17 12:57:00+09:00,79700.0,79800.0,79700.0,79700.0,372,0.0,0.0
2025-02-17 12:58:00+09:00,79700.0,79800.0,79700.0,79700.0,741,0.0,0.0
2025-02-17 12:59:00+09:00,79700.0,79800.0,79700.0,79700.0,296,0.0,0.0
2025-02-17 13:00:00+09:00,79700.0,79800.0,79700.0,79700.0,807,0.0,0.0
2025-02-17 13:01:00+09:00,79700.0,79800.0,79700.0,79700.0,408,0.0,0.0
2025-02-17 13:02:00+09:00,79800.0,79800.0,79700.0,79700.0,1011,0.0,0.0
2025-02-17 13:03:00+09:00,79700.0,79800.0,79700.0,79700.0,844,0.0,0.0
2025-02-17 13:04:00+09:00,79800.0,79800.0,79700.0,79700.0,990,0.0,0.0
2025-02-17 13:05:00+09:00,79700.0,79700.0,79600.0,79600.0,966,0.0,0.0
2025-02-17 13:06:00+09:00,79600.0,79700.0,79600.0,79700.0,231,0.0,0.0
2025-02-17 13:07:00+09:00,79700.0,79700.0,79600.0,79600.0,201,0.0,0.0
2025-02-17 13:08:00+09:00,79700.0,79700.0,79600.0,79700.0,270,0.0,0.0
2025-02-17 13:09:00+09:00,79700.0,79700.0,79600.0,79600.0,483,0.0,0.0
2025-02-17 13:10:00+09:00,79600.0,79700.0,79600.0,79700.0,595,0.0,0.0
2025-02-17 13:11:00+09:00,79600.0,79700.0,79600.0,79600.0,394,0.0,0.0
2025-02-17 13:12:00+09:00,79700.0,79700.0,79600.0,79600.0,1368,0.0,0.0
2025-02-17 13:13:00+09:00,79600.0,79700.0,79600.0,79700.0,1176,0.0,0.0
2025-02-17 13:14:00+09:00,79600.0,79700.0,79600.0,79700.0,369,0.0,0.0
2025-02-17 13:15:00+09:00,79700.0,79700.0,79600.0,79700.0,483,0.0,0.0
2025-02-17 13:16:00+09:00,79600.0,79700.0,79600.0,79600.0,841,0.0,0.0
2025-02-17 13:17:00+09:00,79700.0,79700.0,79600.0,79600.0,504,0.0,0.0
2025-02-17 13:18:00+09:00,79600.0,79700.0,79600.0,79600.0,215,0.0,0.0
2025-02-17 13:19:00+09:00,79700.0,79700.0,79600.0,79600.0,298,0.0,0.0
2025-02-17 13:20:00+09:00,79700.0,79700.0,79600.0,79600.0,598,0.0,0.0
2025-02-17 13:21:00+09:00,79600.0,79700.0,79600.0,79700.0,462,0.0,0.0
2025-02-17 13:22:00+09:00,79700.0,79700.0,79600.0,79600.0,1026,0.0,0.0
2025-02-17 13:23:00+09:00,79600.0,79700.0,79600.0,79600.0,593,0.0,0.0
2025-02-17 13:24:00+09:00,79600.0,79700.0,79600.0,79600.0,644,0.0,0.0
2025-02-17 13:25:00+09:00,79600.0,79700.0,79600.0,79600.0,525,0.0,0.0
2025-02-17 13:26:00+09:00,79600.0,79700.0,79600.0,79600.0,956,0.0,0.0
2025-02-17 13:27:00+09:00,79600.0,79700.0,79600.0,79700.0,615,0.0,0.0
2025-02-17 13:28:00+09:00,79700.0,79700.0,79600.0,79600.0,642,0.0,0.0
2025-02-17 13:29:00+09:00,79600.0,79700.0,79600.0,79600.0,712,0.0,0.0
2025-02-17 13:30:00+09:00,79600.0,79700.0,79600.0,79600.0,829,0.0,0.0
2025-02-17 13:31:00+09:00,79700.0,79700.0,79600.0,79600.0,635,0.0,0.0
2025-02-17 13:32:00+09:00,79700.0,79700.0,79600.0,79600.0,848,0.0,0.0
2025-02-17 13:33:00+09:00,79600.0,79700.0,79600.0,79600.0,575,0.0,0.0
2025-02-17 13:34:00+09:00,79600.0,79700.0,79600.0,79600.0,516,0.0,0.0
2025-02-17 13:35:00+09:00,79600.0,79700.0,79600.0,79600.0,802,0.0,0.0
2025-02-17 13:36:00+09:00,79700.0,79700.0,79600.0,79700.0,1150,0.0,0.0
2025-02-17 13:37:00+09:00,79600.0,79700.0,79500.0,79500.0,5960,0.0,0.0
2025-02-17 13:38:00+09:00,79600.0,79700.0,79500.0,79600.0,368,0.0,0.0
2025-02-17 13:39:00+09:00,79600.0,79700.0,79600.0,79600.0,251,0.0,0.0
2025-02-17 13:40:00+09:00,79700.0,79700.0,79600.0,79600.0,1138,0.0,0.0
2025-02-17 13:41:00+09:00,79600.0,79700.0,79600.0,79600.0,662,0.0,0.0
2025-02-17 13:42:00+09:00,79600.0,79700.0,79600.0,79600.0,1612,0.0,0.0
2025-02-17 13:43:00+09:00,79600.0,79700.0,79500.0,79500.0,1338,0.0,0.0
2025-02-17 13:44:00+09:00,79600.0,79600.0,79500.0,79600.0,412,0.0,0.0
2025-02-17 13:45:00+09:00,79600.0,79600.0,79500.0,79500.0,570,0.0,0.0
2025-02-17 13:46:00+09:00,79600.0,79600.0,79500.0,79600.0,2360,0.0,0.0
2025-02-17 13:47:00+09:00,79500.0,79600.0,79500.0,79600.0,1120,0.0,0.0
2025-02-17 13:48:00+09:00,79600.0,79700.0,79500.0,79700.0,623,0.0,0.0
2025-02-17 13:49:00+09:00,79700.0,79700.0,79600.0,79600.0,494,0.0,0.0
2025-02-17 13:50:00+09:00,79600.0,79700.0,79600.0,79700.0,839,0.0,0.0
2025-02-17 13:51:00+09:00,79600.0,79700.0,79600.0,79600.0,882,0.0,0.0
2025-02-17 13:52:00+09:00,79600.0,79700.0,79600.0,79600.0,247,0.0,0.0
2025-02-17 13:53:00+09:00,79600.0,79700.0,79600.0,79600.0,546,0.0,0.0
2025-02-17 13:54:00+09:00,79600.0,79700.0,79600.0,79600.0,1406,0.0,0.0
2025-02-17 13:55:00+09:00,79600.0,79700.0,79500.0,79500.0,573,0.0,0.0
2025-02-17 13:56:00+09:00,79600.0,79600.0,79500.0,79600.0,200,0.0,0.0
2025-02-17 13:57:00+09:00,79600.0,79600.0,79500.0,79600.0,1657,0.0,0.0
2025-02-17 13:58:00+09:00,79500.0,79600.0,79500.0,79500.0,533,0.0,0.0
2025-02-17 13:59:00+09:00,79500.0,79600.0,79500.0,79500.0,919,0.0,0.0
2025-02-17 14:00:00+09:00,79600.0,79600.0,79500.0,79500.0,1426,0.0,0.0
2025-02-17 14:01:00+09:00,79500.0,79600.0,79500.0,79600.0,5470,0.0,0.0
2025-02-17 14:02:00+09:00,79500.0,79600.0,79400.0,79400.0,7236,0.0,0.0
2025-02-17 14:03:00+09:00,79400.0,79500.0,79400.0,79400.0,942,0.0,0.0
2025-02-17 14:04:00+09:00,79500.0,79500.0,79400.0,79500.0,1105,0.0,0.0
2025-02-17 14:05:00+09:00,79500.0,79500.0,79400.0,79400.0,192,0.0,0.0
2025-02-17 14:06:00+09:00,79400.0,79500.0,79400.0,79400.0,527,0.0,0.0
2025-02-17 14:07:00+09:00,79400.0,79500.0,79400.0,79400.0,1645,0.0,0.0
2025-02-17 14:08:00+09:00,79500.0,79500.0,79400.0,79400.0,757,0.0,0.0
2025-02-17 14:09:00+09:00,79400.0,79500.0,79400.0,79500.0,868,0.0,0.0
2025-02-17 14:10:00+09:00,79400.0,79500.0,79400.0,79500.0,1732,0.0,0.0
2025-02-17 14:11:00+09:00,79500.0,79500.0,79400.0,79400.0,752,0.0,0.0
2025-02-17 14:12:00+09:00,79500.0,79500.0,79300.0,79400.0,13359,0.0,0.0
2025-02-17 14:13:00+09:00,79400.0,79500.0,79300.0,79300.0,4549,0.0,0.0
2025-02-17 14:14:00+09:00,79300.0,79400.0,79300.0,79300.0,1114,0.0,0.0
2025-02-17 14:15:00+09:00,79400.0,79400.0,79300.0,79300.0,1075,0.0,0.0
2025-02-17 14:16:00+09:00,79400.0,79400.0,79300.0,79300.0,1244,0.0,0.0
2025-02-17 14:17:00+09:00,79400.0,79400.0,79300.0,79300.0,1628,0.0,0.0
2025-02-17 14:18:00+09:00,79300.0,79400.0,79300.0,79300.0,712,0.0,0.0
2025-02-17 14:19:00+09:00,79400.0,79400.0,79300.0,79300.0,1073,0.0,0.0
2025-02-17 14:20:00+09:00,79300.0,79400.0,79300.0,79300.0,2039,0.0,0.0
2025-02-17 14:21:00+09:00,79300.0,79400.0,79300.0,79400.0,698,0.0,0.0
2025-02-17 14:22:00+09:00,79300.0,79500.0,79300.0,79500.0,9545,0.0,0.0
2025-02-17 14:23:00+09:00,79400.0,79500.0,79400.0,79400.0,463,0.0,0.0
2025-02-17 14:24:00+09:00,79400.0,79500.0,79400.0,79500.0,480,0.0,0.0
2025-02-17 14:25:00+09:00,79500.0,79500.0,79400.0,79400.0,440,0.0,0.0
2025-02-17 14:26:00+09:00,79500.0,79500.0,79400.0,79400.0,443,0.0,0.0
2025-02-17 14:27:00+09:00,79400.0,79500.0,79400.0,79500.0,533,0.0,0.0
2025-02-17 14:28:00+09:00,79500.0,79500.0,79400.0,79500.0,325,0.0,0.0
2025-02-17 14:29:00+09:00,79400.0,79500.0,79400.0,79400.0,650,0.0,0.0
2025-02-17 14:30:00+09:00,79500.0,79500.0,79400.0,79400.0,570,0.0,0.0
2025-02-17 14:31:00+09:00,79500.0,79500.0,79400.0,79500.0,492,0.0,0.0
2025-02-17 14:32:00+09:00,79500.0,79500.0,79400.0,79400.0,382,0.0,0.0
2025-02-17 14:33:00+09:00,79400.0,79500.0,79400.0,79400.0,470,0.0,0.0
2025-02-17 14:34:00+09:00,79400.0,79500.0,79400.0,79500.0,410,0.0,0.0
2025-02-17 14:35:00+09:00,79500.0,79500.0,79400.0,79400.0,588,0.0,0.0
2025-02-17 14:36:00+09:00,79500.0,79500.0,79400.0,79400.0,976,0.0,0.0
2025-02-17 14:37:00+09:00,79400.0,79500.0,79400.0,79400.0,1275,0.0,0.0
2025-02-17 14:38:00+09:00,79400.0,79500.0,79400.0,79400.0,704,0.0,0.0
2025-02-17 14:39:00+09:00,79400.0,79500.0,79400.0,79400.0,1364,0.0,0.0
2025-02-17 14:40:00+09:00,79500.0,79500.0,79400.0,79400.0,768,0.0,0.0
2025-02-17 14:41:00+09:00,79400.0,79500.0,79400.0,79400.0,548,0.0,0.0
2025-02-17 14:42:00+09:00,79400.0,79500.0,79400.0,79400.0,625,0.0,0.0
2025-02-17 14:43:00+09:00,79400.0,79500.0,79400.0,79400.0,880,0.0,0.0
2025-02-17 14:44:00+09:00,79500.0,79500.0,79400.0,79400.0,323,0.0,0.0
2025-02-17 14:45:00+09:00,79500.0,79500.0,79400.0,79400.0,689,0.0,0.0
2025-02-17 14:46:00+09:00,79500.0,79500.0,79300.0,79400.0,4369,0.0,0.0
2025-02-17 14:47:00+09:00,79400.0,79400.0,79300.0,79300.0,353,0.0,0.0
2025-02-17 14:48:00+09:00,79300.0,79400.0,79300.0,79300.0,1563,0.0,0.0
2025-02-17 14:49:00+09:00,79300.0,79400.0,79300.0,79300.0,383,0.0,0.0
2025-02-17 14:50:00+09:00,79400.0,79400.0,79300.0,79400.0,991,0.0,0.0
2025-02-17 14:51:00+09:00,79300.0,79400.0,79300.0,79400.0,560,0.0,0.0
2025-02-17 14:52:00+09:00,79300.0,79400.0,79300.0,79300.0,1981,0.0,0.0
2025-02-17 14:53:00+09:00,79300.0,79400.0,79300.0,79400.0,416,0.0,0.0
2025-02-17 14:54:00+09:00,79300.0,79400.0,79300.0,79300.0,889,0.0,0.0
2025-02-17 14:55:00+09:00,79400.0,79400.0,79300.0,79300.0,7634,0.0,0.0
2025-02-17 14:56:00+09:00,79400.0,79400.0,79300.0,79300.0,1722,0.0,0.0
2025-02-17 14:57:00+09:00,79300.0,79400.0,79200.0,79200.0,2939,0.0,0.0
2025-02-17 14:58:00+09:00,79300.0,79300.0,79200.0,79200.0,1911,0.0,0.0
2025-02-17 14:59:00+09:00,79300.0,79300.0,79200.0,79200.0,649,0.0,0.0
2025-02-18 09:00:00+09:00,79500.0,79600.0,79100.0,79100.0,16845,0.0,0.0
2025-02-18 09:01:00+09:00,79100.0,79300.0,79100.0,79100.0,3917,0.0,0.0
2025-02-18 09:02:00+09:00,79100.0,79200.0,79100.0,79200.0,1941,0.0,0.0
2025-02-18 09:03:00+09:00,79200.0,79200.0,79000.0,79000.0,5837,0.0,0.0
2025-02-18 09:04:00+09:00,79100.0,79200.0,79100.0,79200.0,4416,0.0,0.0
2025-02-18 09:05:00+09:00,79100.0,79200.0,79100.0,79200.0,2158,0.0,0.0
2025-02-18 09:06:00+09:00,79100.0,79200.0,79000.0,79100.0,1874,0.0,0.0
2025-02-18 09:07:00+09:00,79100.0,79300.0,79100.0,79300.0,3513,0.0,0.0
2025-02-18 09:08:00+09:00,79300.0,79300.0,79200.0,79200.0,631,0.0,0.0
2025-02-18 09:09:00+09:00,79200.0,79300.0,79200.0,79200.0,995,0.0,0.0
2025-02-18 09:10:00+09:00,79200.0,79300.0,79100.0,79200.0,2532,0.0,0.0
2025-02-18 09:11:00+09:00,79300.0,79300.0,79100.0,79100.0,1691,0.0,0.0
2025-02-18 09:12:00+09:00,79300.0,79300.0,79200.0,79200.0,519,0.0,0.0
2025-02-18 09:13:00+09:00,79200.0,79300.0,79200.0,79300.0,1536,0.0,0.0
2025-02-18 09:14:00+09:00,79300.0,79300.0,79200.0,79300.0,774,0.0,0.0
2025-02-18 09:15:00+09:00,79300.0,79400.0,79300.0,79300.0,2253,0.0,0.0
2025-02-18 09:16:00+09:00,79300.0,79300.0,79200.0,79300.0,730,0.0,0.0
2025-02-18 09:17:00+09:00,79300.0,79300.0,79200.0,79300.0,325,0.0,0.0
2025-02-18 09:18:00+09:00,79300.0,79300.0,79200.0,79200.0,1002,0.0,0.0
2025-02-18 09:19:00+09:00,79200.0,79400.0,79200.0,79300.0,3344,0.0,0.0
2025-02-18 09:20:00+09:00,79400.0,79400.0,79300.0,79300.0,520,0.0,0.0
2025-02-18 09:21:00+09:00,79300.0,79400.0,79300.0,79300.0,488,0.0,0.0
2025-02-18 09:22:00+09:00,79300.0,79400.0,79300.0,79300.0,2814,0.0,0.0
2025-02-18 09:23:00+09:00,79300.0,79300.0,79200.0,79200.0,607,0.0,0.0
2025-02-18 09:24:00+09:00,79200.0,79400.0,79200.0,79300.0,2392,0.0,0.0
2025-02-18 09:25:00+09:00,79300.0,79400.0,79200.0,79200.0,2587,0.0,0.0
2025-02-18 09:26:00+09:00,79300.0,79300.0,79200.0,79200.0,410,0.0,0.0
2025-02-18 09:27:00+09:00,79200.0,79300.0,79200.0,79300.0,743,0.0,0.0
2025-02-18 09:28:00+09:00,79200.0,79300.0,79200.0,79300.0,1451,0.0,0.0
2025-02-18 09:29:00+09:00,79300.0,79300.0,79200.0,79300.0,495,0.0,0.0
2025-02-18 09:30:00+09:00,79200.0,79400.0,79200.0,79300.0,6367,0.0,0.0
2025-02-18 09:31:00+09:00,79300.0,79400.0,79300.0,79300.0,537,0.0,0.0
2025-02-18 09:32:00+09:00,79300.0,79400.0,79300.0,79300.0,872,0.0,0.0
2025-02-18 09:33:00+09:00,79300.0,79400.0,79300.0,79300.0,364,0.0,0.0
2025-02-18 09:34:00+09:00,79400.0,79500.0,79300.0,79500.0,4029,0.0,0.0
2025-02-18 09:35:00+09:00,79500.0,79500.0,79400.0,79500.0,546,0.0,0.0
2025-02-18 09:36:00+09:00,79500.0,79500.0,79400.0,79500.0,401,0.0,0.0
2025-02-18 09:37:00+09:00,79400.0,79500.0,79400.0,79500.0,1440,0.0,0.0
2025-02-18 09:38:00+09:00,79400.0,79500.0,79400.0,79400.0,516,0.0,0.0
2025-02-18 09:39:00+09:00,79400.0,79400.0,79300.0,79300.0,212,0.0,0.0
2025-02-18 09:40:00+09:00,79300.0,79400.0,79300.0,79400.0,1162,0.0,0.0
2025-02-18 09:41:00+09:00,79400.0,79400.0,79300.0,79400.0,177,0.0,0.0
2025-02-18 09:42:00+09:00,79400.0,79400.0,79300.0,79300.0,384,0.0,0.0
2025-02-18 09:43:00+09:00,79400.0,79500.0,79400.0,79500.0,5014,0.0,0.0
2025-02-18 09:44:00+09:00,79500.0,79500.0,79400.0,79500.0,351,0.0,0.0
2025-02-18 09:45:00+09:00,79500.0,79500.0,79400.0,79500.0,394,0.0,0.0
2025-02-18 09:46:00+09:00,79500.0,79500.0,79300.0,79400.0,1028,0.0,0.0
2025-02-18 09:47:00+09:00,79400.0,79400.0,79300.0,79300.0,480,0.0,0.0
2025-02-18 09:48:00+09:00,79400.0,79400.0,79300.0,79400.0,799,0.0,0.0
2025-02-18 09:49:00+09:00,79400.0,79400.0,79300.0,79400.0,347,0.0,0.0
2025-02-18 09:50:00+09:00,79300.0,79400.0,79300.0,79400.0,842,0.0,0.0
2025-02-18 09:51:00+09:00,79300.0,79400.0,79300.0,79400.0,814,0.0,0.0
2025-02-18 09:52:00+09:00,79400.0,79400.0,79300.0,79300.0,262,0.0,0.0
2025-02-18 09:53:00+09:00,79300.0,79400.0,79300.0,79400.0,485,0.0,0.0
2025-02-18 09:54:00+09:00,79400.0,79400.0,79300.0,79300.0,1490,0.0,0.0
2025-02-18 09:55:00+09:00,79300.0,79400.0,79200.0,79200.0,379,0.0,0.0
2025-02-18 09:56:00+09:00,79200.0,79300.0,79100.0,79200.0,3054,0.0,0.0
2025-02-18 09:57:00+09:00,79200.0,79200.0,79100.0,79200.0,3231,0.0,0.0
2025-02-18 09:58:00+09:00,79200.0,79200.0,79100.0,79200.0,233,0.0,0.0
2025-02-18 09:59:00+09:00,79100.0,79200.0,79100.0,79200.0,682,0.0,0.0
2025-02-18 10:00:00+09:00,79200.0,79300.0,79200.0,79200.0,1287,0.0,0.0
2025-02-18 10:01:00+09:00,79200.0,79300.0,79200.0,79200.0,63,0.0,0.0
2025-02-18 10:02:00+09:00,79300.0,79300.0,79200.0,79200.0,1425,0.0,0.0
2025-02-18 10:03:00+09:00,79200.0,79300.0,79200.0,79200.0,985,0.0,0.0
2025-02-18 10:04:00+09:00,79200.0,79200.0,79100.0,79200.0,840,0.0,0.0
2025-02-18 10:05:00+09:00,79200.0,79200.0,79100.0,79200.0,490,0.0,0.0
2025-02-18 10:06:00+09:00,79200.0,79200.0,79100.0,79200.0,210,0.0,0.0
2025-02-18 10:07:00+09:00,79200.0,79200.0,79100.0,79200.0,459,0.0,0.0
2025-02-18 10:08:00+09:00,79200.0,79200.0,79100.0,79200.0,210,0.0,0.0
2025-02-18 10:09:00+09:00,79200.0,79200.0,79100.0,79100.0,397,0.0,0.0
2025-02-18 10:10:00+09:00,79100.0,79200.0,79100.0,79100.0,514,0.0,0.0
2025-02-18 10:11:00+09:00,79200.0,79200.0,79100.0,79200.0,480,0.0,0.0
2025-02-18 10:12:00+09:00,79200.0,79300.0,79100.0,79300.0,2787,0.0,0.0
2025-02-18 10:13:00+09:00,79300.0,79300.0,79200.0,79200.0,514,0.0,0.0
2025-02-18 10:14:00+09:00,79200.0,79300.0,79200.0,79300.0,191,0.0,0.0
2025-02-18 10:15:00+09:00,79200.0,79300.0,79200.0,79200.0,334,0.0,0.0
2025-02-18 10:16:00+09:00,79300.0,79300.0,79200.0,79200.0,391,0.0,0.0
2025-02-18 10:17:00+09:00,79200.0,79300.0,79100.0,79100.0,4997,0.0,0.0
2025-02-18 10:18:00+09:00,79200.0,79200.0,79100.0,79100.0,204,0.0,0.0
2025-02-18 10:19:00+09:00,79200.0,79200.0,79100.0,79100.0,262,0.0,0.0
2025-02-18 10:20:00+09:00,79100.0,79200.0,79100.0,79100.0,470,0.0,0.0
2025-02-18 10:21:00+09:00,79100.0,79200.0,79100.0,79100.0,418,0.0,0.0
2025-02-18 10:22:00+09:00,79200.0,79200.0,79100.0,79200.0,435,0.0,0.0
2025-02-18 10:23:00+09:00,79200.0,79200.0,79100.0,79100.0,320,0.0,0.0
2025-02-18 10:24:00+09:00,79100.0,79200.0,79100.0,79100.0,216,0.0,0.0
2025-02-18 10:25:00+09:00,79200.0,79200.0,79100.0,79200.0,570,0.0,0.0
2025-02-18 10:26:00+09:00,79100.0,79200.0,79100.0,79200.0,261,0.0,0.0
2025-02-18 10:27:00+09:00,79200.0,79200.0,79100.0,79100.0,539,0.0,0.0
2025-02-18 10:28:00+09:00,79100.0,79200.0,79000.0,79100.0,12892,0.0,0.0
2025-02-18 10:29:00+09:00,79100.0,79100.0,79000.0,79000.0,158,0.0,0.0
2025-02-18 10:30:00+09:00,79000.0,79100.0,79000.0,79000.0,378,0.0,0.0
2025-02-18 10:31:00+09:00,79000.0,79100.0,78900.0,78900.0,32033,0.0,0.0
2025-02-18 10:32:00+09:00,79000.0,79000.0,78800.0,78900.0,7199,0.0,0.0
2025-02-18 10:33:00+09:00,78900.0,79000.0,78900.0,78900.0,826,0.0,0.0
2025-02-18 10:34:00+09:00,78900.0,79000.0,78900.0,78900.0,535,0.0,0.0
2025-02-18 10:35:00+09:00,79000.0,79000.0,78800.0,78900.0,2515,0.0,0.0
2025-02-18 10:36:00+09:00,78900.0,79000.0,78800.0,78900.0,2359,0.0,0.0
2025-02-18 10:37:00+09:00,78900.0,78900.0,78700.0,78700.0,14836,0.0,0.0
2025-02-18 10:38:00+09:00,78700.0,78800.0,78700.0,78800.0,1037,0.0,0.0
2025-02-18 10:39:00+09:00,78700.0,78800.0,78700.0,78800.0,4872,0.0,0.0
2025-02-18 10:40:00+09:00,78900.0,78900.0,78800.0,78900.0,602,0.0,0.0
2025-02-18 10:41:00+09:00,78800.0,78900.0,78800.0,78800.0,1019,0.0,0.0
2025-02-18 10:42:00+09:00,78800.0,78900.0,78700.0,78800.0,3873,0.0,0.0
2025-02-18 10:43:00+09:00,78800.0,78900.0,78800.0,78800.0,2437,0.0,0.0
2025-02-18 10:44:00+09:00,78700.0,78800.0,78700.0,78800.0,1301,0.0,0.0
2025-02-18 10:45:00+09:00,78800.0,78800.0,78700.0,78700.0,859,0.0,0.0
2025-02-18 10:46:00+09:00,78700.0,78800.0,78700.0,78800.0,1156,0.0,0.0
2025-02-18 10:47:00+09:00,78700.0,78800.0,78600.0,78600.0,12407,0.0,0.0
2025-02-18 10:48:00+09:00,78600.0,78700.0,78600.0,78600.0,9493,0.0,0.0
2025-02-18 10:49:00+09:00,78600.0,78600.0,78500.0,78500.0,3079,0.0,0.0
2025-02-18 10:50:00+09:00,78600.0,78700.0,78500.0,78600.0,3615,0.0,0.0
2025-02-18 10:51:00+09:00,78600.0,78700.0,78500.0,78600.0,1152,0.0,0.0
2025-02-18 10:52:00+09:00,78600.0,78700.0,78600.0,78700.0,2408,0.0,0.0
2025-02-18 10:53:00+09:00,78700.0,78700.0,78600.0,78700.0,518,0.0,0.0
2025-02-18 10:54:00+09:00,78700.0,78700.0,78600.0,78700.0,1332,0.0,0.0
2025-02-18 10:55:00+09:00,78600.0,78700.0,78600.0,78600.0,523,0.0,0.0
2025-02-18 10:56:00+09:00,78600.0,78700.0,78600.0,78700.0,1194,0.0,0.0
2025-02-18 10:57:00+09:00,78700.0,78700.0,78600.0,78700.0,695,0.0,0.0
2025-02-18 10:58:00+09:00,78700.0,78700.0,78600.0,78700.0,505,0.0,0.0
2025-02-18 10:59:00+09:00,78700.0,78700.0,78600.0,78600.0,504,0.0,0.0
2025-02-18 11:00:00+09:00,78600.0,78700.0,78600.0,78600.0,494,0.0,0.0
2025-02-18 11:01:00+09:00,78700.0,78700.0,78600.0,78700.0,963,0.0,0.0
2025-02-18 11:02:00+09:00,78600.0,78700.0,78600.0,78600.0,373,0.0,0.0
2025-02-18 11:03:00+09:00,78700.0,78700.0,78600.0,78600.0,451,0.0,0.0
2025-02-18 11:04:00+09:00,78600.0,78700.0,78600.0,78700.0,424,0.0,0.0
2025-02-18 11:05:00+09:00,78600.0,78700.0,78600.0,78600.0,663,0.0,0.0
2025-02-18 11:06:00+09:00,78600.0,78700.0,78600.0,78600.0,2588,0.0,0.0
2025-02-18 11:07:00+09:00,78600.0,78700.0,78600.0,78600.0,462,0.0,0.0
2025-02-18 11:08:00+09:00,78600.0,78700.0,78600.0,78600.0,993,0.0,0.0
2025-02-18 11:09:00+09:00,78700.0,78700.0,78600.0,78700.0,764,0.0,0.0
2025-02-18 11:10:00+09:00,78600.0,78700.0,78600.0,78700.0,2216,0.0,0.0
2025-02-18 11:11:00+09:00,78700.0,78800.0,78600.0,78800.0,2421,0.0,0.0
2025-02-18 11:12:00+09:00,78700.0,78800.0,78700.0,78700.0,642,0.0,0.0
2025-02-18 11:13:00+09:00,78700.0,78800.0,78700.0,78700.0,880,0.0,0.0
2025-02-18 11:14:00+09:00,78800.0,78900.0,78700.0,78800.0,2913,0.0,0.0
2025-02-18 11:15:00+09:00,78800.0,78800.0,78700.0,78700.0,551,0.0,0.0
2025-02-18 11:16:00+09:00,78800.0,78800.0,78700.0,78800.0,1124,0.0,0.0
2025-02-18 11:17:00+09:00,78700.0,78900.0,78700.0,78800.0,2533,0.0,0.0
2025-02-18 11:18:00+09:00,78900.0,78900.0,78800.0,78800.0,1946,0.0,0.0
2025-02-18 11:19:00+09:00,78800.0,78900.0,78800.0,78800.0,731,0.0,0.0
2025-02-18 11:20:00+09:00,78900.0,78900.0,78700.0,78800.0,3954,0.0,0.0
2025-02-18 11:21:00+09:00,78800.0,78800.0,78700.0,78700.0,1112,0.0,0.0
2025-02-18 11:22:00+09:00,78800.0,78800.0,78700.0,78800.0,1007,0.0,0.0
2025-02-18 11:23:00+09:00,78800.0,78800.0,78700.0,78800.0,784,0.0,0.0
2025-02-18 11:24:00+09:00,78800.0,78900.0,78700.0,78800.0,522,0.0,0.0
2025-02-18 11:25:00+09:00,78900.0,78900.0,78800.0,78900.0,675,0.0,0.0
2025-02-18 11:26:00+09:00,78800.0,78900.0,78800.0,78800.0,488,0.0,0.0
2025-02-18 11:27:00+09:00,78900.0,78900.0,78800.0,78900.0,783,0.0,0.0
2025-02-18 11:28:00+09:00,78800.0,79000.0,78800.0,78900.0,5405,0.0,0.0
2025-02-18 11:29:00+09:00,79000.0,79000.0,78900.0,79000.0,528,0.0,0.0
2025-02-18 11:30:00+09:00,78900.0,79000.0,78900.0,79000.0,916,0.0,0.0
2025-02-18 11:31:00+09:00,79000.0,79000.0,78900.0,79000.0,497,0.0,0.0
2025-02-18 11:32:00+09:00,78900.0,79000.0,78900.0,78900.0,706,0.0,0.0
2025-02-18 11:33:00+09:00,78900.0,79000.0,78900.0,79000.0,1207,0.0,0.0
2025-02-18 11:34:00+09:00,78900.0,79000.0,78900.0,79000.0,931,0.0,0.0
2025-02-18 11:35:00+09:00,78900.0,79100.0,78900.0,79100.0,7040,0.0,0.0
2025-02-18 11:36:00+09:00,79200.0,79200.0,79100.0,79100.0,776,0.0,0.0
2025-02-18 11:37:00+09:00,79100.0,79200.0,79100.0,79100.0,1877,0.0,0.0
2025-02-18 11:38:00+09:00,79100.0,79200.0,79100.0,79100.0,645,0.0,0.0
2025-02-18 11:39:00+09:00,79100.0,79200.0,79100.0,79100.0,1285,0.0,0.0
2025-02-18 11:40:00+09:00,79100.0,79200.0,79100.0,79200.0,553,0.0,0.0
2025-02-18 11:41:00+09:00,79100.0,79200.0,79000.0,79100.0,3875,0.0,0.0
2025-02-18 11:42:00+09:00,79000.0,79200.0,79000.0,79200.0,2193,0.0,0.0
2025-02-18 11:43:00+09:00,79100.0,79300.0,79100.0,79300.0,4193,0.0,0.0
2025-02-18 11:44:00+09:00,79300.0,79300.0,79200.0,79200.0,637,0.0,0.0
2025-02-18 11:45:00+09:00,79200.0,79300.0,79100.0,79200.0,1153,0.0,0.0
2025-02-18 11:46:00+09:00,79300.0,79300.0,79200.0,79200.0,6854,0.0,0.0
2025-02-18 11:47:00+09:00,79200.0,79300.0,79200.0,79200.0,485,0.0,0.0
2025-02-18 11:48:00+09:00,79200.0,79300.0,79200.0,79200.0,629,0.0,0.0
2025-02-18 11:49:00+09:00,79200.0,79300.0,79200.0,79200.0,906,0.0,0.0
2025-02-18 11:50:00+09:00,79200.0,79300.0,79100.0,79200.0,882,0.0,0.0
2025-02-18 11:51:00+09:00,79200.0,79200.0,79100.0,79100.0,438,0.0,0.0
2025-02-18 11:52:00+09:00,79100.0,79200.0,79100.0,79100.0,2583,0.0,0.0
2025-02-18 11:53:00+09:00,79100.0,79200.0,79100.0,79200.0,1672,0.0,0.0
2025-02-18 11:54:00+09:00,79200.0,79200.0,79100.0,79200.0,555,0.0,0.0
2025-02-18 11:55:00+09:00,79100.0,79200.0,79100.0,79100.0,384,0.0,0.0
2025-02-18 11:56:00+09:00,79100.0,79200.0,79100.0,79100.0,342,0.0,0.0
2025-02-18 11:57:00+09:00,79200.0,79200.0,79000.0,79100.0,4232,0.0,0.0
2025-02-18 11:58:00+09:00,79000.0,79100.0,79000.0,79000.0,360,0.0,0.0
2025-02-18 11:59:00+09:00,79000.0,79100.0,79000.0,79100.0,817,0.0,0.0
2025-02-18 12:00:00+09:00,79000.0,79200.0,79000.0,79100.0,1516,0.0,0.0
2025-02-18 12:01:00+09:00,79200.0,79200.0,79100.0,79200.0,258,0.0,0.0
2025-02-18 12:02:00+09:00,79200.0,79200.0,79100.0,79100.0,403,0.0,0.0
2025-02-18 12:03:00+09:00,79200.0,79200.0,79100.0,79200.0,631,0.0,0.0
2025-02-18 12:04:00+09:00,79100.0,79200.0,79100.0,79100.0,416,0.0,0.0
2025-02-18 12:05:00+09:00,79200.0,79200.0,79100.0,79200.0,778,0.0,0.0
2025-02-18 12:06:00+09:00,79200.0,79300.0,79100.0,79300.0,403,0.0,0.0
2025-02-18 12:07:00+09:00,79300.0,79300.0,79200.0,79300.0,922,0.0,0.0
2025-02-18 12:08:00+09:00,79200.0,79300.0,79200.0,79200.0,407,0.0,0.0
2025-02-18 12:09:00+09:00,79300.0,79300.0,79100.0,79100.0,611,0.0,0.0
2025-02-18 12:10:00+09:00,79300.0,79300.0,79100.0,79200.0,160,0.0,0.0
2025-02-18 12:11:00+09:00,79200.0,79300.0,79100.0,79100.0,1059,0.0,0.0
2025-02-18 12:12:00+09:00,79200.0,79200.0,79100.0,79200.0,262,0.0,0.0
2025-02-18 12:13:00+09:00,79100.0,79200.0,79100.0,79100.0,543,0.0,0.0
2025-02-18 12:14:00+09:00,79100.0,79200.0,79100.0,79100.0,2094,0.0,0.0
2025-02-18 12:15:00+09:00,79200.0,79200.0,79100.0,79100.0,265,0.0,0.0
2025-02-18 12:16:00+09:00,79200.0,79200.0,79100.0,79100.0,586,0.0,0.0
2025-02-18 12:17:00+09:00,79100.0,79200.0,79000.0,79100.0,2401,0.0,0.0
2025-02-18 12:18:00+09:00,79100.0,79200.0,79000.0,79000.0,1945,0.0,0.0
2025-02-18 12:19:00+09:00,79000.0,79100.0,79000.0,79000.0,485,0.0,0.0
2025-02-18 12:20:00+09:00,79100.0,79100.0,79000.0,79100.0,406,0.0,0.0
2025-02-18 12:21:00+09:00,79000.0,79100.0,79000.0,79100.0,491,0.0,0.0
2025-02-18 12:22:00+09:00,79100.0,79100.0,79000.0,79100.0,509,0.0,0.0
2025-02-18 12:23:00+09:00,79000.0,79200.0,79000.0,79100.0,1218,0.0,0.0
2025-02-18 12:24:00+09:00,79100.0,79200.0,79100.0,79100.0,512,0.0,0.0
2025-02-18 12:25:00+09:00,79200.0,79200.0,79100.0,79100.0,599,0.0,0.0
2025-02-18 12:26:00+09:00,79100.0,79200.0,79100.0,79200.0,462,0.0,0.0
2025-02-18 12:27:00+09:00,79200.0,79200.0,79100.0,79200.0,512,0.0,0.0
2025-02-18 12:28:00+09:00,79200.0,79200.0,79100.0,79100.0,450,0.0,0.0
2025-02-18 12:29:00+09:00,79200.0,79200.0,79100.0,79100.0,361,0.0,0.0
2025-02-18 12:30:00+09:00,79100.0,79200.0,79100.0,79100.0,421,0.0,0.0
2025-02-18 12:31:00+09:00,79200.0,79200.0,79000.0,79100.0,3939,0.0,0.0
2025-02-18 12:32:00+09:00,79100.0,79200.0,79100.0,79100.0,386,0.0,0.0
2025-02-18 12:33:00+09:00,79200.0,79200.0,79100.0,79200.0,288,0.0,0.0
2025-02-18 12:34:00+09:00,79100.0,79200.0,79100.0,79200.0,591,0.0,0.0
2025-02-18 12:35:00+09:00,79200.0,79200.0,79100.0,79100.0,2488,0.0,0.0
2025-02-18 12:36:00+09:00,79100.0,79200.0,79100.0,79100.0,282,0.0,0.0
2025-02-18 12:37:00+09:00,79100.0,79200.0,79100.0,79100.0,543,0.0,0.0
2025-02-18 12:38:00+09:00,79100.0,79200.0,79100.0,79100.0,673,0.0,0.0
2025-02-18 12:39:00+09:00,79100.0,79200.0,79100.0,79100.0,629,0.0,0.0
2025-02-18 12:40:00+09:00,79200.0,79200.0,79100.0,79100.0,365,0.0,0.0
2025-02-18 12:41:00+09:00,79100.0,79200.0,79100.0,79100.0,555,0.0,0.0
2025-02-18 12:42:00+09:00,79100.0,79200.0,79100.0,79200.0,570,0.0,0.0
2025-02-18 12:43:00+09:00,79100.0,79200.0,79100.0,79100.0,834,0.0,0.0
2025-02-18 12:44:00+09:00,79200.0,79200.0,79100.0,79100.0,1008,0.0,0.0
2025-02-18 12:45:00+09:00,79100.0,79200.0,79100.0,79200.0,775,0.0,0.0
2025-02-18 12:46:00+09:00,79200.0,79200.0,79100.0,79100.0,924,0.0,0.0
2025-02-18 12:47:00+09:00,79100.0,79200.0,79100.0,79100.0,715,0.0,0.0
2025-02-18 12:48:00+09:00,79100.0,79200.0,79100.0,79200.0,176,0.0,0.0
2025-02-18 12:49:00+09:00,79100.0,79200.0,79100.0,79200.0,413,0.0,0.0
2025-02-18 12:50:00+09:00,79100.0,79200.0,79100.0,79100.0,189,0.0,0.0
2025-02-18 12:51:00+09:00,79200.0,79200.0,79100.0,79100.0,655,0.0,0.0
2025-02-18 12:52:00+09:00,79100.0,79200.0,79100.0,79200.0,269,0.0,0.0
2025-02-18 12:53:00+09:00,79200.0,79200.0,79100.0,79100.0,626,0.0,0.0
2025-02-18 12:54:00+09:00,79100.0,79200.0,79100.0,79200.0,512,0.0,0.0
2025-02-18 12:55:00+09:00,79100.0,79200.0,79100.0,79200.0,1292,0.0,0.0
2025-02-18 12:56:00+09:00,79200.0,79200.0,79100.0,79200.0,481,0.0,0.0
2025-02-18 12:57:00+09:00,79200.0,79200.0,79100.0,79100.0,2357,0.0,0.0
2025-02-18 12:58:00+09:00,79200.0,79200.0,79100.0,79200.0,5589,0.0,0.0
2025-02-18 12:59:00+09:00,79100.0,79300.0,79100.0,79200.0,3210,0.0,0.0
2025-02-18 13:00:00+09:00,79300.0,79300.0,79200.0,79200.0,1199,0.0,0.0
2025-02-18 13:01:00+09:00,79200.0,79300.0,79200.0,79300.0,621,0.0,0.0
2025-02-18 13:02:00+09:00,79200.0,79300.0,79200.0,79200.0,352,0.0,0.0
2025-02-18 13:03:00+09:00,79200.0,79300.0,79200.0,79300.0,521,0.0,0.0
2025-02-18 13:04:00+09:00,79200.0,79300.0,79200.0,79200.0,420,0.0,0.0
2025-02-18 13:05:00+09:00,79200.0,79300.0,79200.0,79200.0,581,0.0,0.0
2025-02-18 13:06:00+09:00,79200.0,79300.0,79200.0,79300.0,663,0.0,0.0
2025-02-18 13:07:00+09:00,79300.0,79400.0,79300.0,79400.0,14306,0.0,0.0
2025-02-18 13:08:00+09:00,79400.0,79500.0,79300.0,79400.0,7869,0.0,0.0
2025-02-18 13:09:00+09:00,79400.0,79500.0,79300.0,79400.0,350,0.0,0.0
2025-02-18 13:10:00+09:00,79400.0,79500.0,79300.0,79300.0,314,0.0,0.0
2025-02-18 13:11:00+09:00,79400.0,79400.0,79300.0,79300.0,459,0.0,0.0
2025-02-18 13:12:00+09:00,79400.0,79400.0,79300.0,79300.0,410,0.0,0.0
2025-02-18 13:13:00+09:00,79400.0,79400.0,79300.0,79300.0,614,0.0,0.0
2025-02-18 13:14:00+09:00,79400.0,79400.0,79300.0,79400.0,474,0.0,0.0
2025-02-18 13:15:00+09:00,79300.0,79400.0,79300.0,79400.0,178,0.0,0.0
2025-02-18 13:16:00+09:00,79300.0,79400.0,79300.0,79400.0,565,0.0,0.0
2025-02-18 13:17:00+09:00,79300.0,79400.0,79300.0,79300.0,336,0.0,0.0
2025-02-18 13:18:00+09:00,79300.0,79400.0,79300.0,79400.0,426,0.0,0.0
2025-02-18 13:19:00+09:00,79300.0,79400.0,79300.0,79400.0,1942,0.0,0.0
2025-02-18 13:20:00+09:00,79400.0,79500.0,79300.0,79400.0,3550,0.0,0.0
2025-02-18 13:21:00+09:00,79500.0,79500.0,79400.0,79500.0,350,0.0,0.0
2025-02-18 13:22:00+09:00,79400.0,79500.0,79400.0,79500.0,696,0.0,0.0
2025-02-18 13:23:00+09:00,79400.0,79500.0,79400.0,79500.0,283,0.0,0.0
2025-02-18 13:24:00+09:00,79400.0,79500.0,79400.0,79500.0,2065,0.0,0.0
2025-02-18 13:25:00+09:00,79500.0,79500.0,79400.0,79500.0,863,0.0,0.0
2025-02-18 13:26:00+09:00,79500.0,79500.0,79400.0,79500.0,642,0.0,0.0
2025-02-18 13:27:00+09:00,79400.0,79500.0,79400.0,79400.0,532,0.0,0.0
2025-02-18 13:28:00+09:00,79400.0,79600.0,79400.0,79500.0,10463,0.0,0.0
2025-02-18 13:29:00+09:00,79500.0,79600.0,79400.0,79500.0,3377,0.0,0.0
2025-02-18 13:30:00+09:00,79600.0,79600.0,79500.0,79600.0,2242,0.0,0.0
2025-02-18 13:31:00+09:00,79600.0,79600.0,79400.0,79500.0,9527,0.0,0.0
2025-02-18 13:32:00+09:00,79500.0,79600.0,79500.0,79500.0,578,0.0,0.0
2025-02-18 13:33:00+09:00,79500.0,79600.0,79400.0,79400.0,655,0.0,0.0
2025-02-18 13:34:00+09:00,79400.0,79500.0,79400.0,79400.0,750,0.0,0.0
2025-02-18 13:35:00+09:00,79500.0,79500.0,79400.0,79400.0,2384,0.0,0.0
2025-02-18 13:36:00+09:00,79400.0,79500.0,79400.0,79400.0,1048,0.0,0.0
2025-02-18 13:37:00+09:00,79400.0,79500.0,79400.0,79400.0,439,0.0,0.0
2025-02-18 13:38:00+09:00,79500.0,79500.0,79400.0,79400.0,397,0.0,0.0
2025-02-18 13:39:00+09:00,79400.0,79500.0,79400.0,79400.0,696,0.0,0.0
2025-02-18 13:40:00+09:00,79400.0,79500.0,79400.0,79400.0,660,0.0,0.0
2025-02-18 13:41:00+09:00,79500.0,79500.0,79400.0,79400.0,264,0.0,0.0
2025-02-18 13:42:00+09:00,79400.0,79500.0,79400.0,79400.0,608,0.0,0.0
2025-02-18 13:43:00+09:00,79500.0,79500.0,79400.0,79500.0,1751,0.0,0.0
2025-02-18 13:44:00+09:00,79400.0,79500.0,79400.0,79400.0,744,0.0,0.0
2025-02-18 13:45:00+09:00,79500.0,79500.0,79400.0,79400.0,929,0.0,0.0
2025-02-18 13:46:00+09:00,79400.0,79500.0,79400.0,79500.0,454,0.0,0.0
2025-02-18 13:47:00+09:00,79400.0,79500.0,79400.0,79400.0,1256,0.0,0.0
2025-02-18 13:48:00+09:00,79400.0,79500.0,79400.0,79500.0,1072,0.0,0.0
2025-02-18 13:49:00+09:00,79500.0,79600.0,79400.0,79500.0,5092,0.0,0.0
2025-02-18 13:50:00+09:00,79400.0,79600.0,79400.0,79500.0,5580,0.0,0.0
2025-02-18 13:51:00+09:00,79500.0,79500.0,79400.0,79500.0,491,0.0,0.0
2025-02-18 13:52:00+09:00,79500.0,79500.0,79400.0,79500.0,711,0.0,0.0
2025-02-18 13:53:00+09:00,79500.0,79500.0,79400.0,79400.0,352,0.0,0.0
2025-02-18 13:54:00+09:00,79500.0,79500.0,79400.0,79500.0,845,0.0,0.0
2025-02-18 13:55:00+09:00,79500.0,79500.0,79400.0,79400.0,711,0.0,0.0
2025-02-18 13:56:00+09:00,79400.0,79500.0,79400.0,79400.0,1802,0.0,0.0
2025-02-18 13:57:00+09:00,79400.0,79500.0,79400.0,79400.0,342,0.0,0.0
2025-02-18 13:58:00+09:00,79400.0,79500.0,79400.0,79400.0,585,0.0,0.0
2025-02-18 13:59:00+09:00,79500.0,79500.0,79200.0,79400.0,14448,0.0,0.0
2025-02-18 14:00:00+09:00,79400.0,79400.0,79300.0,79300.0,632,0.0,0.0
2025-02-18 14:01:00+09:00,79300.0,79400.0,79300.0,79300.0,405,0.0,0.0
2025-02-18 14:02:00+09:00,79300.0,79500.0,79300.0,79400.0,2143,0.0,0.0
2025-02-18 14:03:00+09:00,79400.0,79500.0,79400.0,79400.0,654,0.0,0.0
2025-02-18 14:04:00+09:00,79400.0,79500.0,79400.0,79500.0,548,0.0,0.0
2025-02-18 14:05:00+09:00,79500.0,79500.0,79400.0,79500.0,2234,0.0,0.0
2025-02-18 14:06:00+09:00,79400.0,79500.0,79400.0,79400.0,0,0.0,0.0
2025-02-18 14:07:00+09:00,79500.0,79500.0,79400.0,79400.0,442,0.0,0.0
2025-02-18 14:08:00+09:00,79400.0,79500.0,79400.0,79500.0,262,0.0,0.0
2025-02-18 14:09:00+09:00,79500.0,79500.0,79400.0,79400.0,521,0.0,0.0
2025-02-18 14:10:00+09:00,79500.0,79500.0,79400.0,79500.0,351,0.0,0.0
2025-02-18 14:11:00+09:00,79500.0,79500.0,79400.0,79400.0,493,0.0,0.0
2025-02-18 14:12:00+09:00,79400.0,79500.0,79400.0,79400.0,512,0.0,0.0
2025-02-18 14:13:00+09:00,79500.0,79500.0,79400.0,79400.0,268,0.0,0.0
2025-02-18 14:14:00+09:00,79400.0,79500.0,79400.0,79400.0,623,0.0,0.0
2025-02-18 14:15:00+09:00,79400.0,79500.0,79400.0,79400.0,2621,0.0,0.0
2025-02-18 14:16:00+09:00,79400.0,79500.0,79400.0,79400.0,536,0.0,0.0
2025-02-18 14:17:00+09:00,79500.0,79500.0,79400.0,79500.0,419,0.0,0.0
2025-02-18 14:18:00+09:00,79400.0,79500.0,79400.0,79500.0,1510,0.0,0.0
2025-02-18 14:19:00+09:00,79500.0,79500.0,79400.0,79400.0,232,0.0,0.0
2025-02-18 14:20:00+09:00,79500.0,79500.0,79400.0,79400.0,366,0.0,0.0
2025-02-18 14:21:00+09:00,79500.0,79500.0,79400.0,79500.0,793,0.0,0.0
2025-02-18 14:22:00+09:00,79400.0,79500.0,79400.0,79400.0,537,0.0,0.0
2025-02-18 14:23:00+09:00,79400.0,79500.0,79400.0,79400.0,1176,0.0,0.0
2025-02-18 14:24:00+09:00,79400.0,79500.0,79400.0,79500.0,382,0.0,0.0
2025-02-18 14:25:00+09:00,79500.0,79500.0,79400.0,79400.0,756,0.0,0.0
2025-02-18 14:26:00+09:00,79400.0,79500.0,79400.0,79400.0,407,0.0,0.0
2025-02-18 14:27:00+09:00,79500.0,79500.0,79400.0,79400.0,487,0.0,0.0
2025-02-18 14:28:00+09:00,79500.0,79500.0,79400.0,79500.0,1103,0.0,0.0
2025-02-18 14:29:00+09:00,79500.0,79500.0,79400.0,79400.0,476,0.0,0.0
2025-02-18 14:30:00+09:00,79500.0,79500.0,79400.0,79500.0,2670,0.0,0.0
2025-02-18 14:31:00+09:00,79500.0,79500.0,79400.0,79400.0,873,0.0,0.0
2025-02-18 14:32:00+09:00,79400.0,79500.0,79400.0,79500.0,1760,0.0,0.0
2025-02-18 14:33:00+09:00,79500.0,79500.0,79400.0,79400.0,476,0.0,0.0
2025-02-18 14:34:00+09:00,79400.0,79500.0,79400.0,79400.0,1139,0.0,0.0
2025-02-18 14:35:00+09:00,79500.0,79500.0,79400.0,79400.0,450,0.0,0.0
2025-02-18 14:36:00+09:00,79500.0,79500.0,79400.0,79400.0,447,0.0,0.0
2025-02-18 14:37:00+09:00,79500.0,79600.0,79400.0,79500.0,12522,0.0,0.0
2025-02-18 14:38:00+09:00,79500.0,79600.0,79500.0,79500.0,8675,0.0,0.0
2025-02-18 14:39:00+09:00,79500.0,79600.0,79400.0,79500.0,1322,0.0,0.0
2025-02-18 14:40:00+09:00,79500.0,79600.0,79400.0,79500.0,1404,0.0,0.0
2025-02-18 14:41:00+09:00,79500.0,79700.0,79400.0,79600.0,10132,0.0,0.0
2025-02-18 14:42:00+09:00,79600.0,79700.0,79600.0,79600.0,2244,0.0,0.0
2025-02-18 14:43:00+09:00,79600.0,79800.0,79600.0,79700.0,2918,0.0,0.0
2025-02-18 14:44:00+09:00,79700.0,79700.0,79600.0,79600.0,652,0.0,0.0
2025-02-18 14:45:00+09:00,79600.0,79700.0,79600.0,79600.0,987,0.0,0.0
2025-02-18 14:46:00+09:00,79700.0,79700.0,79600.0,79600.0,455,0.0,0.0
2025-02-18 14:47:00+09:00,79600.0,79700.0,79600.0,79600.0,970,0.0,0.0
2025-02-18 14:48:00+09:00,79600.0,79700.0,79600.0,79600.0,1512,0.0,0.0
2025-02-18 14:49:00+09:00,79600.0,79700.0,79600.0,79600.0,296,0.0,0.0
2025-02-18 14:50:00+09:00,79600.0,79700.0,79600.0,79600.0,678,0.0,0.0
2025-02-18 14:51:00+09:00,79600.0,79700.0,79600.0,79700.0,551,0.0,0.0
2025-02-18 14:52:00+09:00,79600.0,79700.0,79500.0,79600.0,3161,0.0,0.0
2025-02-18 14:53:00+09:00,79600.0,79600.0,79500.0,79500.0,1197,0.0,0.0
2025-02-18 14:54:00+09:00,79500.0,79600.0,79500.0,79600.0,905,0.0,0.0
2025-02-18 14:55:00+09:00,79600.0,79600.0,79500.0,79500.0,438,0.0,0.0
2025-02-18 14:56:00+09:00,79600.0,79600.0,79500.0,79600.0,2041,0.0,0.0
2025-02-18 14:57:00+09:00,79600.0,79700.0,79600.0,79600.0,516,0.0,0.0
2025-02-18 14:58:00+09:00,79600.0,79700.0,79600.0,79700.0,664,0.0,0.0
2025-02-18 14:59:00+09:00,79700.0,79700.0,79500.0,79600.0,964,0.0,0.0
2025-02-19 09:00:00+09:00,79900.0,80300.0,79900.0,80100.0,23738,0.0,0.0
2025-02-19 09:01:00+09:00,80100.0,80500.0,80100.0,80300.0,9209,0.0,0.0
2025-02-19 09:02:00+09:00,80300.0,80800.0,80200.0,80800.0,30493,0.0,0.0
2025-02-19 09:03:00+09:00,80800.0,81200.0,80800.0,81100.0,23517,0.0,0.0
2025-02-19 09:04:00+09:00,81200.0,81300.0,81100.0,81200.0,22873,0.0,0.0
2025-02-19 09:05:00+09:00,81100.0,81300.0,81100.0,81200.0,12216,0.0,0.0
2025-02-19 09:06:00+09:00,81200.0,81300.0,81100.0,81100.0,10325,0.0,0.0
2025-02-19 09:07:00+09:00,81100.0,81200.0,81000.0,81000.0,12551,0.0,0.0
2025-02-19 09:08:00+09:00,81000.0,81300.0,81000.0,81300.0,20925,0.0,0.0
2025-02-19 09:09:00+09:00,81300.0,81500.0,81200.0,81300.0,10575,0.0,0.0
2025-02-19 09:10:00+09:00,81300.0,81500.0,81300.0,81400.0,4396,0.0,0.0
2025-02-19 09:11:00+09:00,81400.0,81800.0,81400.0,81700.0,19237,0.0,0.0
2025-02-19 09:12:00+09:00,81700.0,81700.0,81600.0,81600.0,8057,0.0,0.0
2025-02-19 09:13:00+09:00,81600.0,81700.0,81400.0,81500.0,8266,0.0,0.0
2025-02-19 09:14:00+09:00,81400.0,81600.0,81300.0,81500.0,9525,0.0,0.0
2025-02-19 09:15:00+09:00,81500.0,81600.0,81200.0,81200.0,10694,0.0,0.0
2025-02-19 09:16:00+09:00,81300.0,81600.0,81300.0,81500.0,11586,0.0,0.0
2025-02-19 09:17:00+09:00,81500.0,81600.0,81500.0,81500.0,5047,0.0,0.0
2025-02-19 09:18:00+09:00,81500.0,81600.0,81500.0,81500.0,4297,0.0,0.0
2025-02-19 09:19:00+09:00,81500.0,81600.0,81500.0,81500.0,2228,0.0,0.0
2025-02-19 09:20:00+09:00,81500.0,81600.0,81400.0,81500.0,8365,0.0,0.0
2025-02-19 09:21:00+09:00,81500.0,81700.0,81400.0,81600.0,7543,0.0,0.0
2025-02-19 09:22:00+09:00,81600.0,81700.0,81500.0,81600.0,5575,0.0,0.0
2025-02-19 09:23:00+09:00,81600.0,81700.0,81400.0,81600.0,15955,0.0,0.0
2025-02-19 09:24:00+09:00,81700.0,81700.0,81600.0,81600.0,3248,0.0,0.0
2025-02-19 09:25:00+09:00,81700.0,81700.0,81500.0,81600.0,3846,0.0,0.0
2025-02-19 09:26:00+09:00,81500.0,81700.0,81500.0,81600.0,9585,0.0,0.0
2025-02-19 09:27:00+09:00,81700.0,81700.0,81600.0,81600.0,2664,0.0,0.0
2025-02-19 09:28:00+09:00,81600.0,82000.0,81500.0,82000.0,38838,0.0,0.0
2025-02-19 09:29:00+09:00,82000.0,82000.0,81800.0,81800.0,6869,0.0,0.0
2025-02-19 09:30:00+09:00,81900.0,81900.0,81800.0,81800.0,1752,0.0,0.0
2025-02-19 09:31:00+09:00,81800.0,81900.0,81600.0,81700.0,5599,0.0,0.0
2025-02-19 09:32:00+09:00,81800.0,81800.0,81700.0,81800.0,7196,0.0,0.0
2025-02-19 09:33:00+09:00,81800.0,81900.0,81700.0,81700.0,1278,0.0,0.0
2025-02-19 09:34:00+09:00,81800.0,81800.0,81600.0,81600.0,3609,0.0,0.0
2025-02-19 09:35:00+09:00,81700.0,81800.0,81600.0,81700.0,1574,0.0,0.0
2025-02-19 09:36:00+09:00,81700.0,81800.0,81700.0,81700.0,1951,0.0,0.0
2025-02-19 09:37:00+09:00,81700.0,81800.0,81700.0,81700.0,1367,0.0,0.0
2025-02-19 09:38:00+09:00,81800.0,81800.0,81700.0,81700.0,1337,0.0,0.0
2025-02-19 09:39:00+09:00,81700.0,81800.0,81600.0,81800.0,2423,0.0,0.0
2025-02-19 09:40:00+09:00,81800.0,81800.0,81600.0,81600.0,1783,0.0,0.0
2025-02-19 09:41:00+09:00,81600.0,81800.0,81600.0,81700.0,1695,0.0,0.0
2025-02-19 09:42:00+09:00,81700.0,81800.0,81600.0,81700.0,1327,0.0,0.0
2025-02-19 09:43:00+09:00,81800.0,81800.0,81700.0,81800.0,4763,0.0,0.0
2025-02-19 09:44:00+09:00,81700.0,81900.0,81700.0,81800.0,4363,0.0,0.0
2025-02-19 09:45:00+09:00,81800.0,81900.0,81800.0,81800.0,2033,0.0,0.0
2025-02-19 09:46:00+09:00,81900.0,81900.0,81700.0,81800.0,5165,0.0,0.0
2025-02-19 09:47:00+09:00,81800.0,81800.0,81700.0,81800.0,2098,0.0,0.0
2025-02-19 09:48:00+09:00,81700.0,81800.0,81700.0,81800.0,2674,0.0,0.0
2025-02-19 09:49:00+09:00,81700.0,81800.0,81600.0,81600.0,2871,0.0,0.0
2025-02-19 09:50:00+09:00,81600.0,81800.0,81600.0,81700.0,2056,0.0,0.0
2025-02-19 09:51:00+09:00,81700.0,81800.0,81600.0,81700.0,1867,0.0,0.0
2025-02-19 09:52:00+09:00,81700.0,81700.0,81600.0,81600.0,1283,0.0,0.0
2025-02-19 09:53:00+09:00,81600.0,81700.0,81500.0,81600.0,2158,0.0,0.0
2025-02-19 09:54:00+09:00,81600.0,81600.0,81500.0,81500.0,2150,0.0,0.0
2025-02-19 09:55:00+09:00,81600.0,81600.0,81500.0,81500.0,2637,0.0,0.0
2025-02-19 09:56:00+09:00,81500.0,81600.0,81500.0,81500.0,1838,0.0,0.0
2025-02-19 09:57:00+09:00,81500.0,81600.0,81400.0,81400.0,3408,0.0,0.0
2025-02-19 09:58:00+09:00,81400.0,81500.0,81400.0,81500.0,1428,0.0,0.0
2025-02-19 09:59:00+09:00,81400.0,81500.0,81400.0,81500.0,1972,0.0,0.0
2025-02-19 10:00:00+09:00,81500.0,81500.0,81400.0,81400.0,1769,0.0,0.0
2025-02-19 10:01:00+09:00,81400.0,81500.0,81400.0,81400.0,2247,0.0,0.0
2025-02-19 10:02:00+09:00,81400.0,81500.0,81300.0,81400.0,1444,0.0,0.0
2025-02-19 10:03:00+09:00,81400.0,81500.0,81300.0,81400.0,1144,0.0,0.0
2025-02-19 10:04:00+09:00,81400.0,81500.0,81400.0,81500.0,2196,0.0,0.0
2025-02-19 10:05:00+09:00,81500.0,81600.0,81500.0,81600.0,1905,0.0,0.0
2025-02-19 10:06:00+09:00,81600.0,81600.0,81500.0,81600.0,856,0.0,0.0
2025-02-19 10:07:00+09:00,81600.0,81600.0,81500.0,81500.0,373,0.0,0.0
2025-02-19 10:08:00+09:00,81500.0,81600.0,81500.0,81600.0,1012,0.0,0.0
2025-02-19 10:09:00+09:00,81500.0,81600.0,81500.0,81500.0,657,0.0,0.0
2025-02-19 10:10:00+09:00,81500.0,81600.0,81400.0,81500.0,2278,0.0,0.0
2025-02-19 10:11:00+09:00,81400.0,81500.0,81400.0,81500.0,1549,0.0,0.0
2025-02-19 10:12:00+09:00,81400.0,81500.0,81400.0,81500.0,1590,0.0,0.0
2025-02-19 10:13:00+09:00,81400.0,81500.0,81400.0,81400.0,1027,0.0,0.0
2025-02-19 10:14:00+09:00,81400.0,81500.0,81400.0,81500.0,984,0.0,0.0
2025-02-19 10:15:00+09:00,81500.0,81500.0,81400.0,81400.0,1015,0.0,0.0
2025-02-19 10:16:00+09:00,81500.0,81500.0,81400.0,81400.0,626,0.0,0.0
2025-02-19 10:17:00+09:00,81400.0,81500.0,81300.0,81400.0,1870,0.0,0.0
2025-02-19 10:18:00+09:00,81400.0,81500.0,81400.0,81400.0,864,0.0,0.0
2025-02-19 10:19:00+09:00,81500.0,81500.0,81400.0,81400.0,1263,0.0,0.0
2025-02-19 10:20:00+09:00,81500.0,81600.0,81400.0,81500.0,2433,0.0,0.0
2025-02-19 10:21:00+09:00,81500.0,81600.0,81500.0,81500.0,801,0.0,0.0
2025-02-19 10:22:00+09:00,81500.0,81600.0,81400.0,81500.0,2921,0.0,0.0
2025-02-19 10:23:00+09:00,81500.0,81600.0,81500.0,81500.0,2123,0.0,0.0
2025-02-19 10:24:00+09:00,81500.0,81500.0,81400.0,81500.0,1605,0.0,0.0
2025-02-19 10:25:00+09:00,81500.0,81600.0,81400.0,81500.0,3951,0.0,0.0
2025-02-19 10:26:00+09:00,81500.0,81600.0,81500.0,81500.0,803,0.0,0.0
2025-02-19 10:27:00+09:00,81500.0,81600.0,81500.0,81600.0,270,0.0,0.0
2025-02-19 10:28:00+09:00,81500.0,81700.0,81500.0,81700.0,9283,0.0,0.0
2025-02-19 10:29:00+09:00,81700.0,81800.0,81600.0,81800.0,1634,0.0,0.0
2025-02-19 10:30:00+09:00,81800.0,81800.0,81700.0,81700.0,8156,0.0,0.0
2025-02-19 10:31:00+09:00,81800.0,81800.0,81700.0,81800.0,3233,0.0,0.0
2025-02-19 10:32:00+09:00,81800.0,81800.0,81700.0,81700.0,2120,0.0,0.0
2025-02-19 10:33:00+09:00,81700.0,81800.0,81700.0,81700.0,711,0.0,0.0
2025-02-19 10:34:00+09:00,81700.0,81800.0,81700.0,81700.0,931,0.0,0.0
2025-02-19 10:35:00+09:00,81700.0,81800.0,81700.0,81800.0,1196,0.0,0.0
2025-02-19 10:36:00+09:00,81800.0,81800.0,81700.0,81700.0,1318,0.0,0.0
2025-02-19 10:37:00+09:00,81700.0,81800.0,81700.0,81700.0,1063,0.0,0.0
2025-02-19 10:38:00+09:00,81700.0,81800.0,81700.0,81700.0,768,0.0,0.0
2025-02-19 10:39:00+09:00,81800.0,81800.0,81700.0,81800.0,633,0.0,0.0
2025-02-19 10:40:00+09:00,81800.0,81800.0,81700.0,81700.0,1364,0.0,0.0
2025-02-19 10:41:00+09:00,81700.0,81800.0,81700.0,81700.0,414,0.0,0.0
2025-02-19 10:42:00+09:00,81800.0,81800.0,81700.0,81800.0,5361,0.0,0.0
2025-02-19 10:43:00+09:00,81800.0,81900.0,81800.0,81800.0,3086,0.0,0.0
2025-02-19 10:44:00+09:00,81900.0,81900.0,81800.0,81900.0,1139,0.0,0.0
2025-02-19 10:45:00+09:00,81900.0,82000.0,81900.0,81900.0,15150,0.0,0.0
2025-02-19 10:46:00+09:00,82000.0,82000.0,81900.0,81900.0,7724,0.0,0.0
2025-02-19 10:47:00+09:00,82000.0,82000.0,81900.0,82000.0,3531,0.0,0.0
2025-02-19 10:48:00+09:00,82000.0,82000.0,81900.0,81900.0,1236,0.0,0.0
2025-02-19 10:49:00+09:00,81900.0,82000.0,81900.0,82000.0,9159,0.0,0.0
2025-02-19 10:50:00+09:00,82000.0,82100.0,81900.0,82100.0,21698,0.0,0.0
2025-02-19 10:51:00+09:00,82100.0,82200.0,82000.0,82200.0,8070,0.0,0.0
2025-02-19 10:52:00+09:00,82200.0,82200.0,82100.0,82100.0,3396,0.0,0.0
2025-02-19 10:53:00+09:00,82200.0,82300.0,82100.0,82300.0,6022,0.0,0.0
2025-02-19 10:54:00+09:00,82200.0,82300.0,82000.0,82200.0,9376,0.0,0.0
2025-02-19 10:55:00+09:00,82200.0,82200.0,82100.0,82200.0,2980,0.0,0.0
2025-02-19 10:56:00+09:00,82200.0,82300.0,82100.0,82300.0,1705,0.0,0.0
2025-02-19 10:57:00+09:00,82200.0,82300.0,82100.0,82300.0,3054,0.0,0.0
2025-02-19 10:58:00+09:00,82200.0,82300.0,82100.0,82200.0,1315,0.0,0.0
2025-02-19 10:59:00+09:00,82100.0,82200.0,82100.0,82200.0,3814,0.0,0.0
2025-02-19 11:00:00+09:00,82200.0,82200.0,82100.0,82200.0,1438,0.0,0.0
2025-02-19 11:01:00+09:00,82100.0,82300.0,82100.0,82200.0,3929,0.0,0.0
2025-02-19 11:02:00+09:00,82300.0,82300.0,82200.0,82300.0,2913,0.0,0.0
2025-02-19 11:03:00+09:00,82300.0,82300.0,82100.0,82100.0,1950,0.0,0.0
2025-02-19 11:04:00+09:00,82100.0,82300.0,82100.0,82300.0,2653,0.0,0.0
2025-02-19 11:05:00+09:00,82300.0,82300.0,82100.0,82300.0,2072,0.0,0.0
2025-02-19 11:06:00+09:00,82200.0,82300.0,82100.0,82200.0,1935,0.0,0.0
2025-02-19 11:07:00+09:00,82200.0,82300.0,82100.0,82300.0,1839,0.0,0.0
2025-02-19 11:08:00+09:00,82300.0,82300.0,82200.0,82200.0,826,0.0,0.0
2025-02-19 11:09:00+09:00,82200.0,82300.0,82200.0,82200.0,1629,0.0,0.0
2025-02-19 11:10:00+09:00,82200.0,82300.0,82200.0,82200.0,1840,0.0,0.0
2025-02-19 11:11:00+09:00,82300.0,82300.0,82200.0,82200.0,1796,0.0,0.0
2025-02-19 11:12:00+09:00,82300.0,82400.0,82200.0,82300.0,5993,0.0,0.0
2025-02-19 11:13:00+09:00,82400.0,82400.0,82300.0,82300.0,1171,0.0,0.0
2025-02-19 11:14:00+09:00,82300.0,82400.0,82300.0,82400.0,6844,0.0,0.0
2025-02-19 11:15:00+09:00,82400.0,82400.0,82200.0,82300.0,2412,0.0,0.0
2025-02-19 11:16:00+09:00,82300.0,82300.0,82200.0,82300.0,891,0.0,0.0
2025-02-19 11:17:00+09:00,82300.0,82400.0,82200.0,82300.0,2447,0.0,0.0
2025-02-19 11:18:00+09:00,82400.0,82400.0,82300.0,82400.0,1560,0.0,0.0
2025-02-19 11:19:00+09:00,82400.0,82400.0,82300.0,82300.0,1641,0.0,0.0
2025-02-19 11:20:00+09:00,82400.0,82500.0,82300.0,82500.0,4105,0.0,0.0
2025-02-19 11:21:00+09:00,82400.0,82500.0,82400.0,82400.0,1352,0.0,0.0
2025-02-19 11:22:00+09:00,82400.0,82500.0,82300.0,82400.0,2652,0.0,0.0
2025-02-19 11:23:00+09:00,82400.0,82500.0,82300.0,82400.0,2813,0.0,0.0
2025-02-19 11:24:00+09:00,82400.0,82500.0,82400.0,82500.0,1862,0.0,0.0
2025-02-19 11:25:00+09:00,82500.0,82500.0,82400.0,82500.0,2097,0.0,0.0
2025-02-19 11:26:00+09:00,82500.0,82500.0,82300.0,82300.0,1930,0.0,0.0
2025-02-19 11:27:00+09:00,82400.0,82400.0,82300.0,82400.0,1436,0.0,0.0
2025-02-19 11:28:00+09:00,82400.0,82400.0,82300.0,82400.0,3812,0.0,0.0
2025-02-19 11:29:00+09:00,82400.0,82400.0,82200.0,82300.0,2388,0.0,0.0
2025-02-19 11:30:00+09:00,82400.0,82400.0,82300.0,82300.0,497,0.0,0.0
2025-02-19 11:31:00+09:00,82300.0,82400.0,82100.0,82200.0,1851,0.0,0.0
2025-02-19 11:32:00+09:00,82200.0,82300.0,82200.0,82300.0,977,0.0,0.0
2025-02-19 11:33:00+09:00,82300.0,82300.0,82200.0,82300.0,587,0.0,0.0
2025-02-19 11:34:00+09:00,82300.0,82300.0,82200.0,82300.0,965,0.0,0.0
2025-02-19 11:35:00+09:00,82300.0,82300.0,82200.0,82300.0,1113,0.0,0.0
2025-02-19 11:36:00+09:00,82300.0,82300.0,82200.0,82300.0,2360,0.0,0.0
2025-02-19 11:37:00+09:00,82300.0,82300.0,82200.0,82200.0,1174,0.0,0.0
2025-02-19 11:38:00+09:00,82300.0,82300.0,82200.0,82200.0,676,0.0,0.0
2025-02-19 11:39:00+09:00,82300.0,82300.0,82200.0,82300.0,676,0.0,0.0
2025-02-19 11:40:00+09:00,82300.0,82300.0,82200.0,82300.0,873,0.0,0.0
2025-02-19 11:41:00+09:00,82300.0,82300.0,82200.0,82300.0,1380,0.0,0.0
2025-02-19 11:42:00+09:00,82300.0,82300.0,82200.0,82200.0,741,0.0,0.0
2025-02-19 11:43:00+09:00,82300.0,82300.0,82200.0,82200.0,2702,0.0,0.0
2025-02-19 11:44:00+09:00,82200.0,82300.0,82100.0,82200.0,704,0.0,0.0
2025-02-19 11:45:00+09:00,82200.0,82200.0,82100.0,82200.0,1410,0.0,0.0
2025-02-19 11:46:00+09:00,82200.0,82300.0,82100.0,82300.0,1192,0.0,0.0
2025-02-19 11:47:00+09:00,82200.0,82300.0,82200.0,82300.0,854,0.0,0.0
2025-02-19 11:48:00+09:00,82300.0,82300.0,82200.0,82300.0,1508,0.0,0.0
2025-02-19 11:49:00+09:00,82300.0,82300.0,82200.0,82200.0,905,0.0,0.0
2025-02-19 11:50:00+09:00,82200.0,82300.0,82200.0,82300.0,709,0.0,0.0
2025-02-19 11:51:00+09:00,82300.0,82300.0,82200.0,82300.0,1214,0.0,0.0
2025-02-19 11:52:00+09:00,82300.0,82300.0,82200.0,82300.0,875,0.0,0.0
2025-02-19 11:53:00+09:00,82300.0,82300.0,82200.0,82300.0,833,0.0,0.0
2025-02-19 11:54:00+09:00,82200.0,82300.0,82100.0,82200.0,3429,0.0,0.0
2025-02-19 11:55:00+09:00,82200.0,82300.0,82100.0,82200.0,2545,0.0,0.0
2025-02-19 11:56:00+09:00,82300.0,82300.0,82200.0,82300.0,847,0.0,0.0
2025-02-19 11:57:00+09:00,82300.0,82300.0,82200.0,82300.0,1111,0.0,0.0
2025-02-19 11:58:00+09:00,82300.0,82300.0,82200.0,82300.0,765,0.0,0.0
2025-02-19 11:59:00+09:00,82300.0,82300.0,82200.0,82300.0,829,0.0,0.0
2025-02-19 12:00:00+09:00,82300.0,82300.0,82200.0,82300.0,1418,0.0,0.0
2025-02-19 12:01:00+09:00,82300.0,82300.0,82200.0,82300.0,741,0.0,0.0
2025-02-19 12:02:00+09:00,82300.0,82400.0,82200.0,82400.0,2917,0.0,0.0
2025-02-19 12:03:00+09:00,82400.0,82400.0,82300.0,82400.0,907,0.0,0.0
2025-02-19 12:04:00+09:00,82400.0,82400.0,82300.0,82400.0,278,0.0,0.0
2025-02-19 12:05:00+09:00,82400.0,82400.0,82300.0,82300.0,1348,0.0,0.0
2025-02-19 12:06:00+09:00,82300.0,82400.0,82200.0,82300.0,871,0.0,0.0
2025-02-19 12:07:00+09:00,82300.0,82400.0,82200.0,82300.0,1524,0.0,0.0
2025-02-19 12:08:00+09:00,82200.0,82300.0,82200.0,82300.0,609,0.0,0.0
2025-02-19 12:09:00+09:00,82300.0,82300.0,82200.0,82300.0,616,0.0,0.0
2025-02-19 12:10:00+09:00,82300.0,82300.0,82200.0,82300.0,861,0.0,0.0
2025-02-19 12:11:00+09:00,82300.0,82300.0,82200.0,82300.0,976,0.0,0.0
2025-02-19 12:12:00+09:00,82300.0,82300.0,82200.0,82300.0,807,0.0,0.0
2025-02-19 12:13:00+09:00,82200.0,82300.0,82200.0,82200.0,766,0.0,0.0
2025-02-19 12:14:00+09:00,82300.0,82300.0,82200.0,82200.0,1248,0.0,0.0
2025-02-19 12:15:00+09:00,82300.0,82300.0,82200.0,82200.0,1170,0.0,0.0
2025-02-19 12:16:00+09:00,82300.0,82300.0,82200.0,82200.0,661,0.0,0.0
2025-02-19 12:17:00+09:00,82200.0,82300.0,82200.0,82300.0,686,0.0,0.0
2025-02-19 12:18:00+09:00,82300.0,82300.0,82200.0,82300.0,810,0.0,0.0
2025-02-19 12:19:00+09:00,82200.0,82300.0,82200.0,82300.0,1806,0.0,0.0
2025-02-19 12:20:00+09:00,82300.0,82300.0,82200.0,82300.0,1470,0.0,0.0
2025-02-19 12:21:00+09:00,82300.0,82300.0,82200.0,82300.0,2886,0.0,0.0
2025-02-19 12:22:00+09:00,82200.0,82400.0,82200.0,82400.0,4197,0.0,0.0
2025-02-19 12:23:00+09:00,82300.0,82400.0,82300.0,82400.0,1145,0.0,0.0
2025-02-19 12:24:00+09:00,82400.0,82400.0,82300.0,82400.0,360,0.0,0.0
2025-02-19 12:25:00+09:00,82400.0,82400.0,82300.0,82400.0,787,0.0,0.0
2025-02-19 12:26:00+09:00,82300.0,82400.0,82300.0,82400.0,921,0.0,0.0
2025-02-19 12:27:00+09:00,82400.0,82400.0,82300.0,82400.0,1589,0.0,0.0
2025-02-19 12:28:00+09:00,82300.0,82400.0,82300.0,82300.0,1367,0.0,0.0
2025-02-19 12:29:00+09:00,82400.0,82400.0,82300.0,82400.0,980,0.0,0.0
2025-02-19 12:30:00+09:00,82400.0,82400.0,82300.0,82300.0,1088,0.0,0.0
2025-02-19 12:31:00+09:00,82400.0,82400.0,82300.0,82400.0,2088,0.0,0.0
2025-02-19 12:32:00+09:00,82400.0,82400.0,82300.0,82300.0,1325,0.0,0.0
2025-02-19 12:33:00+09:00,82400.0,82400.0,82300.0,82400.0,546,0.0,0.0
2025-02-19 12:34:00+09:00,82400.0,82400.0,82300.0,82400.0,1199,0.0,0.0
2025-02-19 12:35:00+09:00,82400.0,82400.0,82300.0,82400.0,2842,0.0,0.0
2025-02-19 12:36:00+09:00,82400.0,82400.0,82300.0,82400.0,1044,0.0,0.0
2025-02-19 12:37:00+09:00,82400.0,82500.0,82400.0,82500.0,1397,0.0,0.0
2025-02-19 12:38:00+09:00,82400.0,82500.0,82400.0,82500.0,898,0.0,0.0
2025-02-19 12:39:00+09:00,82500.0,82500.0,82400.0,82500.0,744,0.0,0.0
2025-02-19 12:40:00+09:00,82500.0,82500.0,82400.0,82500.0,1135,0.0,0.0
2025-02-19 12:41:00+09:00,82500.0,82500.0,82400.0,82500.0,1070,0.0,0.0
2025-02-19 12:42:00+09:00,82500.0,82500.0,82400.0,82500.0,1215,0.0,0.0
2025-02-19 12:43:00+09:00,82400.0,82500.0,82400.0,82400.0,1033,0.0,0.0
2025-02-19 12:44:00+09:00,82400.0,82500.0,82400.0,82500.0,582,0.0,0.0
2025-02-19 12:45:00+09:00,82500.0,82500.0,82400.0,82500.0,1722,0.0,0.0
2025-02-19 12:46:00+09:00,82500.0,82500.0,82400.0,82400.0,1815,0.0,0.0
2025-02-19 12:47:00+09:00,82500.0,82500.0,82300.0,82400.0,1458,0.0,0.0
2025-02-19 12:48:00+09:00,82400.0,82400.0,82300.0,82400.0,893,0.0,0.0
2025-02-19 12:49:00+09:00,82400.0,82400.0,82300.0,82400.0,912,0.0,0.0
2025-02-19 12:50:00+09:00,82400.0,82400.0,82300.0,82400.0,788,0.0,0.0
2025-02-19 12:51:00+09:00,82400.0,82400.0,82300.0,82400.0,627,0.0,0.0
2025-02-19 12:52:00+09:00,82400.0,82400.0,82300.0,82400.0,1366,0.0,0.0
2025-02-19 12:53:00+09:00,82300.0,82400.0,82300.0,82400.0,1010,0.0,0.0
2025-02-19 12:54:00+09:00,82400.0,82400.0,82300.0,82400.0,824,0.0,0.0
2025-02-19 12:55:00+09:00,82400.0,82400.0,82300.0,82400.0,1357,0.0,0.0
2025-02-19 12:56:00+09:00,82400.0,82400.0,82300.0,82300.0,850,0.0,0.0
2025-02-19 12:57:00+09:00,82400.0,82400.0,82300.0,82300.0,1112,0.0,0.0
2025-02-19 12:58:00+09:00,82400.0,82400.0,82300.0,82400.0,744,0.0,0.0
2025-02-19 12:59:00+09:00,82400.0,82400.0,82300.0,82400.0,1104,0.0,0.0
2025-02-19 13:00:00+09:00,82400.0,82400.0,82300.0,82400.0,1316,0.0,0.0
2025-02-19 13:01:00+09:00,82400.0,82400.0,82300.0,82400.0,776,0.0,0.0
2025-02-19 13:02:00+09:00,82400.0,82400.0,82200.0,82200.0,3099,0.0,0.0
2025-02-19 13:03:00+09:00,82300.0,82300.0,82200.0,82300.0,1132,0.0,0.0
2025-02-19 13:04:00+09:00,82300.0,82300.0,82200.0,82300.0,1059,0.0,0.0
2025-02-19 13:05:00+09:00,82300.0,82300.0,82200.0,82200.0,520,0.0,0.0
2025-02-19 13:06:00+09:00,82200.0,82300.0,82200.0,82200.0,1494,0.0,0.0
2025-02-19 13:07:00+09:00,82200.0,82300.0,82200.0,82200.0,927,0.0,0.0
2025-02-19 13:08:00+09:00,82300.0,82300.0,82200.0,82200.0,1369,0.0,0.0
2025-02-19 13:09:00+09:00,82300.0,82300.0,82200.0,82200.0,848,0.0,0.0
2025-02-19 13:10:00+09:00,82200.0,82300.0,82100.0,82100.0,1655,0.0,0.0
2025-02-19 13:11:00+09:00,82200.0,82300.0,82100.0,82100.0,1986,0.0,0.0
2025-02-19 13:12:00+09:00,82300.0,82300.0,82100.0,82200.0,840,0.0,0.0
2025-02-19 13:13:00+09:00,82200.0,82300.0,82100.0,82300.0,1787,0.0,0.0
2025-02-19 13:14:00+09:00,82300.0,82300.0,82100.0,82300.0,863,0.0,0.0
2025-02-19 13:15:00+09:00,82300.0,82300.0,82100.0,82200.0,886,0.0,0.0
2025-02-19 13:16:00+09:00,82200.0,82300.0,82100.0,82300.0,1117,0.0,0.0
2025-02-19 13:17:00+09:00,82300.0,82300.0,82200.0,82200.0,3806,0.0,0.0
2025-02-19 13:18:00+09:00,82200.0,82300.0,82200.0,82200.0,328,0.0,0.0
2025-02-19 13:19:00+09:00,82300.0,82300.0,82200.0,82200.0,1259,0.0,0.0
