Date,Open,High,Low,Close,Volume,Dividends,Stock Splits
2020-02-21 00:00:00+09:00,63651.69475699697,64616.11437452723,63458.81083349092,63748.13671875,531902,0.0,0.0
2020-02-24 00:00:00+09:00,62494.39114336493,62687.275066646915,60854.877795468004,61047.76171875,874557,0.0,0.0
2020-02-25 00:00:00+09:00,59986.89792906746,61240.64338417658,59890.45597098214,60758.43359375,956415,0.0,0.0
2020-02-26 00:00:00+09:00,59890.458179058056,61433.52956531398,59311.806409212084,61047.76171875,607215,0.0,0.0
2020-02-27 00:00:00+09:00,60758.43299278846,61337.08473557693,59794.01342147436,60179.78125,524379,0.0,0.0
2020-02-28 00:00:00+09:00,59215.36493687914,59504.69082419288,57865.17746274835,58250.9453125,932828,0.0,0.0
2020-03-02 00:00:00+09:00,58154.50502417845,59022.48271110649,57479.411267678865,57961.62109375,711979,0.0,0.0
2020-03-03 00:00:00+09:00,59311.80404511005,59504.68796070391,57865.174678156145,58058.05859375,587763,0.0,0.0
2020-03-04 00:00:00+09:00,57961.61832198845,59022.47988861386,57961.61832198845,58443.828125,520867,0.0,0.0
2020-03-05 00:00:00+09:00,59118.92466336382,59697.57645452236,58636.71483739837,59311.80859375,573595,0.0,0.0
2020-03-06 00:00:00+09:00,58733.15174129353,58926.03565505804,58058.058043117744,58154.5,542438,0.0,0.0
2020-03-09 00:00:00+09:00,58154.5,58154.5,58154.5,58154.5,0,0.0,0.0
2020-03-10 00:00:00+09:00,56707.8684375,59215.35921875,56322.100625,57865.171875,1500440,0.0,0.0
2020-03-11 00:00:00+09:00,57865.173463983054,58829.5930217161,56032.77630429026,56900.75390625,938290,0.0,0.0
2020-03-12 00:00:00+09:00,56900.75390625,56900.75390625,56900.75390625,56900.75390625,0,0.0,0.0
2020-03-13 00:00:00+09:00,49281.83994791667,52560.86648065476,48799.630163690475,50632.02734375,1968749,0.0,0.0
2020-03-16 00:00:00+09:00,51210.68303571429,52271.544642857145,48606.75,48606.75,948845,0.0,0.0
2020-03-17 00:00:00+09:00,46292.13852376137,50149.816734074826,46292.13852376137,47690.546875,1004008,0.0,0.0
2020-03-18 00:00:00+09:00,48413.86373697916,48992.51549479167,46002.81474609375,46292.140625,886739,0.0,0.0
2020-03-19 00:00:00+09:00,47160.1211608677,47835.214919816724,42096.91796875,42096.91796875,1601945,0.0,0.0
2020-03-20 00:00:00+09:00,43013.11055293792,44073.9720239745,42000.47005785754,43495.3203125,1539670,0.0,0.0
2020-03-23 00:00:00+09:00,40843.16679267473,41325.376554099465,40119.852150537634,40360.95703125,1186795,0.0,0.0
2020-03-24 00:00:00+09:00,41180.71713999155,42868.4514490076,40698.50733741554,42820.23046875,1316623,0.0,0.0
2020-03-25 00:00:00+09:00,46677.909600515464,47111.89842944588,45134.838208762885,46774.3515625,1506779,0.0,0.0
2020-03-26 00:00:00+09:00,47690.55133928572,49474.72767857143,46870.794642857145,47256.5625,1377158,0.0,0.0
2020-03-27 00:00:00+09:00,49474.729417067305,49667.6133524165,46292.14448380567,47642.33203125,1110394,0.0,0.0
2020-03-30 00:00:00+09:00,46677.909600515464,47449.44529639175,45424.16409471649,46774.3515625,937027,0.0,0.0
2020-03-31 00:00:00+09:00,47352.997074364626,47738.76487130446,45906.36783584025,46485.01953125,1106424,0.0,0.0
2020-04-01 00:00:00+09:00,46533.24496897739,48992.51491034304,46147.47713503768,46388.58203125,1298461,0.0,0.0
2020-04-02 00:00:00+09:00,47352.998906566936,48220.976483265724,46774.34718876775,47545.8828125,1071663,0.0,0.0
2020-04-03 00:00:00+09:00,48317.421302971416,49378.28284854564,47449.443674774324,48076.31640625,963015,0.0,0.0
2020-04-06 00:00:00+09:00,48606.74614726027,49281.83984375,48124.53636405333,49281.83984375,868309,0.0,0.0
2020-04-07 00:00:00+09:00,50632.03178755734,53621.732712155965,49088.96034260321,52560.87109375,2123508,0.0,0.0
2020-04-08 00:00:00+09:00,52850.19183864915,52850.19183864915,51403.5625,51403.5625,1593974,0.0,0.0
2020-04-09 00:00:00+09:00,52271.5390625,52367.98101648985,51403.56147659133,52271.5390625,926771,0.0,0.0
2020-04-10 00:00:00+09:00,52175.099311686805,52175.099311686805,51403.56364718866,51885.7734375,687486,0.0,0.0
2020-04-13 00:00:00+09:00,51885.77283540883,52175.09870623825,50921.35326597744,51307.12109375,626957,0.0,0.0
2020-04-14 00:00:00+09:00,51692.890625,51982.2165053638,51114.23886427239,51692.890625,922591,0.0,0.0
2020-04-16 00:00:00+09:00,51210.677497079436,51692.88726635514,50632.0257739486,51596.4453125,788724,0.0,0.0
2020-04-17 00:00:00+09:00,52367.98716313073,53911.05860808486,51982.219301892204,52560.87109375,1414373,0.0,0.0
2020-04-20 00:00:00+09:00,52753.751060060415,52850.19301812268,51596.4475633132,51885.7734375,809110,0.0,0.0
2020-04-21 00:00:00+09:00,51500.00836204848,51596.45032527329,49860.49498722671,50728.47265625,1029388,0.0,0.0
2020-04-22 00:00:00+09:00,50149.818105916034,50535.5859375,49474.72440064409,50535.5859375,727548,0.0,0.0
2020-04-23 00:00:00+09:00,50824.910764540335,51596.44641181989,50632.026852720446,51403.5625,702412,0.0,0.0
2020-04-24 00:00:00+09:00,50921.35658269962,51307.12443559886,50439.14676657557,50728.47265625,529035,0.0,0.0
2020-04-27 00:00:00+09:00,50921.356039325845,51885.77566128277,50824.91407713015,51500.0078125,561740,0.0,0.0
2020-04-28 00:00:00+09:00,51885.77454524254,52560.86826609142,51210.680824393654,51692.890625,712240,0.0,0.0
2020-04-29 00:00:00+09:00,51982.21710638661,53139.52064122268,51692.8912226776,52946.63671875,1017067,0.0,0.0
2020-05-04 00:00:00+09:00,52078.661260190216,53814.61663552989,51500.009468410324,53235.96484375,1119161,0.0,0.0
2020-05-06 00:00:00+09:00,54296.8247606982,54393.26672297297,53235.96317567567,53525.2890625,805783,0.0,0.0
2020-05-07 00:00:00+09:00,53139.52175931216,53139.52175931216,52175.10212665677,52753.75390625,754248,0.0,0.0
2020-05-08 00:00:00+09:00,53043.0809131567,53525.290739639946,52946.638947860054,53235.96484375,632501,0.0,0.0
2020-05-11 00:00:00+09:00,53428.8487815367,53718.1746774656,52367.98716313073,52560.87109375,536547,0.0,0.0
2020-05-12 00:00:00+09:00,52657.313059059634,53428.8487815367,52078.66126720183,52560.87109375,707739,0.0,0.0
2020-05-13 00:00:00+09:00,51885.77842329545,53043.08203125,51692.89448863636,53043.08203125,577061,0.0,0.0
2020-05-14 00:00:00+09:00,52560.86492446956,52946.63274042897,51982.213200530445,52271.5390625,593689,0.0,0.0
2020-05-15 00:00:00+09:00,52271.54964671416,52560.875567267925,51500.013858570775,52464.43359375,504474,0.0,0.0
2020-05-18 00:00:00+09:00,52850.19805518617,54393.26953125,52464.43018617021,54393.26953125,1005066,0.0,0.0
2020-05-19 00:00:00+09:00,55743.45480294244,56514.99050955756,55164.8030229811,56129.22265625,1138915,0.0,0.0
2020-05-20 00:00:00+09:00,55647.01394800647,55936.33984375,55068.3621565194,55936.33984375,552137,0.0,0.0
2020-05-21 00:00:00+09:00,55936.33645651224,56225.66233473558,54971.91686243444,55164.80078125,709139,0.0,0.0
2020-05-22 00:00:00+09:00,55164.79790186501,55261.2398562389,53911.052495004435,54296.8203125,518452,0.0,0.0
2020-05-25 00:00:00+09:00,54586.151222705,54586.151222705,53428.84766321302,54103.94140625,478311,0.0,0.0
2020-05-26 00:00:00+09:00,54296.82369198774,55743.45309763573,54200.38173161121,55068.359375,674912,0.0,0.0
2020-05-27 00:00:00+09:00,55454.12568933824,57865.17463235294,55357.683731617646,57382.96484375,1707086,0.0,0.0
2020-05-28 00:00:00+09:00,57575.85040064103,57672.29236111111,55357.68530982906,56418.546875,1094166,0.0,0.0
2020-05-29 00:00:00+09:00,55839.89078309444,57190.078125,55454.12297112142,57190.078125,900113,0.0,0.0
2020-06-01 00:00:00+09:00,56900.75281091638,57382.962580500425,56418.54304133235,57093.63671875,550906,0.0,0.0
2020-06-02 00:00:00+09:00,57093.63625,58829.59140625,57093.63625,57865.171875,846026,0.0,0.0
2020-06-03 00:00:00+09:00,58347.38567456723,60179.78291062802,58347.38567456723,59890.45703125,1433963,0.0,0.0
2020-06-04 00:00:00+09:00,60565.550190916394,60854.876067624595,59022.47884847267,59986.8984375,934862,0.0,0.0
2020-06-05 00:00:00+09:00,59986.89792906746,60758.43359375,59504.68813864087,60758.43359375,860924,0.0,0.0
2020-06-08 00:00:00+09:00,62205.06527709961,62205.06527709961,60758.43585205078,61722.85546875,975466,0.0,0.0
2020-06-09 00:00:00+09:00,62494.38471283784,64712.549602336716,62205.05885768581,64230.33984375,1897513,0.0,0.0
2020-06-10 00:00:00+09:00,65001.87963623395,67895.13837375179,64230.34397289586,67605.8125,2744224,0.0,0.0
2020-06-11 00:00:00+09:00,67027.16293025362,68280.90842391305,65098.32370923913,66544.953125,1942350,0.0,0.0
2020-06-12 00:00:00+09:00,62976.60697824484,66448.51792957228,62880.165007374635,65387.65625,1689624,0.0,0.0
2020-06-15 00:00:00+09:00,64616.116665838636,64712.558631011525,60565.55412857711,60661.99609375,1545344,0.0,0.0
2020-06-16 00:00:00+09:00,62783.71039230253,63748.12990677722,62108.616732170245,62880.15234375,1220699,0.0,0.0
2020-06-17 00:00:00+09:00,62397.94559888197,65869.85601860337,62301.503642778596,65773.4140625,1576915,0.0,0.0
2020-06-18 00:00:00+09:00,65580.54019174042,66737.84384218289,64519.678512168146,65387.65625,946224,0.0,0.0
2020-06-19 00:00:00+09:00,66062.73664607559,66352.0625,63555.245912063954,66352.0625,861053,0.0,0.0
2020-06-22 00:00:00+09:00,65484.09206597222,66062.74383680556,64905.44029513889,65098.32421875,632910,0.0,0.0
2020-06-23 00:00:00+09:00,65676.96911951013,65676.96911951013,62687.26861627252,64230.33984375,849668,0.0,0.0
2020-06-24 00:00:00+09:00,64037.46152052239,65580.53288246269,63844.57760027985,64616.11328125,622511,0.0,0.0
2020-06-25 00:00:00+09:00,63265.926874034005,63651.6947208269,62301.50725705178,62397.94921875,798688,0.0,0.0
2020-06-26 00:00:00+09:00,63169.48491233578,63169.48491233578,62205.065295353554,62397.94921875,528872,0.0,0.0
2020-06-29 00:00:00+09:00,61529.9704109252,61722.854330708666,60276.224932332676,61240.64453125,756841,0.0,0.0
2020-06-30 00:00:00+09:00,61722.85205696202,62205.06183865704,60951.31640625,60951.31640625,648411,0.0,0.0
2020-07-01 00:00:00+09:00,61722.85326086956,63073.04067595109,61337.08542798913,62108.62109375,564319,0.0,0.0
2020-07-02 00:00:00+09:00,62205.06194973878,62880.15564531734,61722.85216718267,62301.50390625,451291,0.0,0.0
2020-07-03 00:00:00+09:00,62687.2734375,63073.04127403846,61819.295805288464,62687.2734375,494161,0.0,0.0
2020-07-06 00:00:00+09:00,63169.47801945668,66352.0624082232,62687.26826358296,65676.96875,1461414,0.0,0.0
2020-07-07 00:00:00+09:00,66930.71671040077,67027.15866531488,62301.50287452291,63169.48046875,1720050,0.0,0.0
2020-07-08 00:00:00+09:00,63844.57701901356,65484.09032614835,63265.92526355422,64037.4609375,1111546,0.0,0.0
2020-07-09 00:00:00+09:00,65098.327005631465,65966.30469903989,64712.55914189439,65291.2109375,984866,0.0,0.0
2020-07-10 00:00:00+09:00,65676.97210639663,66159.18188691349,64133.90080874267,65773.4140625,781290,0.0,0.0
2020-07-13 00:00:00+09:00,66737.83590328466,66930.7198220803,65773.41630930657,66062.7421875,569857,0.0,0.0
2020-07-14 00:00:00+09:00,66255.63271318856,68666.68193855933,66159.19074417373,68280.9140625,1780194,0.0,0.0
2020-07-15 00:00:00+09:00,69148.88839285714,72331.47321428571,69052.44642857143,72235.03125,2504840,0.0,0.0
2020-07-16 00:00:00+09:00,72427.91742869127,73295.89513422818,70402.6361157718,71849.265625,1184023,0.0,0.0
2020-07-17 00:00:00+09:00,72427.91850024769,73970.98999958718,71559.94078186923,73006.5703125,1266762,0.0,0.0
2020-07-20 00:00:00+09:00,72910.12277960527,73488.77454769737,71849.26120476973,73295.890625,901831,0.0,0.0
2020-07-21 00:00:00+09:00,73488.77678571429,73585.21875,71945.70535714286,72235.03125,912127,0.0,0.0
2020-07-22 00:00:00+09:00,72331.4765625,73585.22215624999,71849.26671874999,72331.4765625,801570,0.0,0.0
2020-07-23 00:00:00+09:00,72138.57801956816,72138.57801956816,70499.06488275979,71463.484375,759138,0.0,0.0
2020-07-24 00:00:00+09:00,70788.39073043186,72524.34581646424,70402.62293353576,71463.484375,698830,0.0,0.0
2020-07-27 00:00:00+09:00,71077.7153851053,72620.78654679008,70691.94759468411,70981.2734375,568984,0.0,0.0
2020-07-28 00:00:00+09:00,71367.05129310345,71559.93521551724,69534.65403017242,69920.421875,975596,0.0,0.0
2020-07-29 00:00:00+09:00,69920.42073567708,70788.39837239584,69148.88505859375,69438.2109375,804210,0.0,0.0
2020-07-30 00:00:00+09:00,70113.30015820042,70884.83578580097,69245.3225771498,69534.6484375,735701,0.0,0.0
2020-07-31 00:00:00+09:00,69631.09023603253,69920.41609573904,68088.01898426449,68184.4609375,851076,0.0,0.0
2020-08-03 00:00:00+09:00,68763.11408361487,71849.25665118243,68473.7882179054,71367.046875,1183563,0.0,0.0
2020-08-04 00:00:00+09:00,72235.0301769095,75321.17298820603,71367.05251123235,75128.2890625,1738014,0.0,0.0
2020-08-05 00:00:00+09:00,76092.70644755747,76092.70644755747,73778.09940732758,75514.0546875,1197933,0.0,0.0
2020-08-06 00:00:00+09:00,75514.05690374029,76092.70868078044,74163.86942397992,74453.1953125,899941,0.0,0.0
2020-08-07 00:00:00+09:00,75031.84708954016,75514.05690374029,73585.21764693977,74453.1953125,759800,0.0,0.0
2020-08-10 00:00:00+09:00,74356.74944391774,83132.96760137107,73778.09769727246,82650.7578125,3706582,0.0,0.0
2020-08-11 00:00:00+09:00,83229.40473456324,83229.40473456324,80046.8203125,80046.8203125,1684857,0.0,0.0
2020-08-12 00:00:00+09:00,79950.38945267755,85736.90738652635,78407.3180036512,84193.8359375,2704977,0.0,0.0
2020-08-13 00:00:00+09:00,84579.60155352011,87087.09259159483,81975.66855244253,83904.5078125,1950559,0.0,0.0
2020-08-14 00:00:00+09:00,84290.27018742955,86797.76106257047,82843.6408363867,85544.015625,1669303,0.0,0.0
2020-08-18 00:00:00+09:00,85158.24625186012,86026.22384672619,79564.61286272321,81011.2421875,1462971,0.0,0.0
2020-08-19 00:00:00+09:00,81011.24448529411,84868.92279411765,80625.47665441176,81975.6640625,1316003,0.0,0.0
2020-08-20 00:00:00+09:00,81686.34263655772,84193.83367380743,81011.24889575972,81879.2265625,1424255,0.0,0.0
2020-08-21 00:00:00+09:00,83711.625,87762.1875,83615.18303571429,87087.09375,2978055,0.0,0.0
2020-08-24 00:00:00+09:00,86797.76231374172,88340.83364376379,85929.7846906043,87376.4140625,1265081,0.0,0.0
2020-08-25 00:00:00+09:00,87279.97767857143,89112.375,86412.0,87087.09375,1161120,0.0,0.0
2020-08-26 00:00:00+09:00,86990.64147824232,86990.64147824232,83711.61508105803,84772.4765625,1571474,0.0,0.0
2020-08-27 00:00:00+09:00,84579.59813660092,85544.01772766821,82457.8750362529,83132.96875,1330067,0.0,0.0
2020-08-28 00:00:00+09:00,84000.94410288126,84772.4797548021,82168.54692956927,82843.640625,954228,0.0,0.0
2020-08-31 00:00:00+09:00,83036.5221199525,84193.82556413302,81204.125,81204.125,1388783,0.0,0.0
2020-09-01 00:00:00+09:00,82072.1181050456,84772.49331884264,81686.35021736032,84579.609375,1133236,0.0,0.0
2020-09-02 00:00:00+09:00,86122.67180274567,86508.43964956648,82264.99333453758,83422.296875,1170481,0.0,0.0
2020-09-03 00:00:00+09:00,83422.2934746937,84193.8291368874,82554.31585472579,82650.7578125,764553,0.0,0.0
2020-09-04 00:00:00+09:00,80046.82263764882,81589.89391741072,80046.82263764882,81011.2421875,974597,0.0,0.0
2020-09-07 00:00:00+09:00,80721.91741870524,82264.98871942124,79950.38176834724,80818.359375,629528,0.0,0.0
2020-09-08 00:00:00+09:00,81300.56602381993,84097.3826486014,80143.26259287588,82747.1953125,1367597,0.0,0.0
2020-09-09 00:00:00+09:00,84097.3820676275,88726.59575942351,81589.89131790466,86990.640625,3555936,0.0,0.0
2020-09-10 00:00:00+09:00,87858.62510059013,91619.86152092274,87279.97334361587,89883.90625,2880767,0.0,0.0
2020-09-11 00:00:00+09:00,89883.90283414502,90558.99652495941,86508.43438007304,89112.3671875,1507008,0.0,0.0
2020-09-14 00:00:00+09:00,90173.2264098127,91523.41375712541,88051.50343546417,88823.0390625,1226790,0.0,0.0
2020-09-15 00:00:00+09:00,88726.60266884531,89787.46422249456,87472.85719635076,88533.71875,952767,0.0,0.0
2020-09-16 00:00:00+09:00,87955.06581125828,89980.34693191225,87087.08818812086,87376.4140625,815205,0.0,0.0
2020-09-17 00:00:00+09:00,87762.18189500552,87955.06581125828,85736.90077435154,87376.4140625,870174,0.0,0.0
2020-09-18 00:00:00+09:00,87472.85597712736,87665.7398932842,85544.01681555895,86701.3203125,931059,0.0,0.0
2020-09-21 00:00:00+09:00,86894.20650268151,89208.81355713696,86219.11277846535,87665.7421875,1050515,0.0,0.0
2020-09-22 00:00:00+09:00,87183.53571428571,88147.95535714286,84868.92857142858,85736.90625,1054942,0.0,0.0
2020-09-23 00:00:00+09:00,86315.55694044681,88244.39620168586,84868.92749451754,87955.0703125,1121711,0.0,0.0
2020-09-24 00:00:00+09:00,86411.99664804469,88244.39389839386,86315.5546875,86315.5546875,1150871,0.0,0.0
2020-09-25 00:00:00+09:00,87762.18094052745,90366.11378162002,86990.64528390743,89594.578125,1625943,0.0,0.0
2020-09-28 00:00:00+09:00,90462.5625,91137.65625,88244.39732142858,88437.28125,905918,0.0,0.0
2020-09-29 00:00:00+09:00,89401.70089285714,90076.79464285714,88244.39732142858,88437.28125,808542,0.0,0.0
2020-10-05 00:00:00+09:00,87762.17757532574,90173.2264098127,87665.73562194625,88823.0390625,1007727,0.0,0.0
2020-10-06 00:00:00+09:00,90173.22555283368,94995.32317597988,89883.89969544491,91041.203125,2733167,0.0,0.0
2020-10-07 00:00:00+09:00,91041.20551508846,92873.6026599896,89498.13423517169,92680.71875,1263545,0.0,0.0
2020-10-08 00:00:00+09:00,93548.70419681136,95381.10149551179,89401.69978396302,89980.3515625,2181852,0.0,0.0
2020-10-12 00:00:00+09:00,90269.66947769314,90462.55338683352,87762.17865886833,88630.15625,1139080,0.0,0.0
2020-10-13 00:00:00+09:00,89208.81696428571,90462.5625,88051.51339285714,88437.28125,1015570,0.0,0.0
2020-10-14 00:00:00+09:00,89401.69070534738,89498.13265864333,87376.40968613239,88147.9453125,847948,0.0,0.0
2020-10-15 00:00:00+09:00,88244.38726579596,89112.36484545952,87858.61945261215,88147.9453125,678538,0.0,0.0
2020-10-16 00:00:00+09:00,88340.83359983315,88919.48534830367,86026.22660595106,86701.3203125,749853,0.0,0.0
2020-10-19 00:00:00+09:00,87279.97654496353,87376.41850799664,85544.02121036757,85929.7890625,487840,0.0,0.0
2020-10-20 00:00:00+09:00,84483.1510129548,87472.8515625,84483.1510129548,87472.8515625,498432,0.0,0.0
2020-10-21 00:00:00+09:00,88147.95084347345,88147.95084347345,86604.87949391593,87183.53125,502901,0.0,0.0
2020-10-22 00:00:00+09:00,87087.0926099406,87087.0926099406,84386.7176452913,85254.6953125,598631,0.0,0.0
2020-10-23 00:00:00+09:00,85833.34045410156,86508.4341430664,85447.57263183594,86411.9921875,453141,0.0,0.0
2020-10-26 00:00:00+09:00,86219.11495159933,86604.88280373176,85447.57924733446,85929.7890625,397433,0.0,0.0
2020-10-27 00:00:00+09:00,85640.45763422818,87376.41285654363,85447.57372063758,86219.109375,523862,0.0,0.0
2020-10-28 00:00:00+09:00,85736.90404513889,86990.64954861111,85640.46208333333,86797.765625,375683,0.0,0.0
2020-10-29 00:00:00+09:00,85736.9039743406,86026.22985951835,83711.62277809634,84097.390625,786668,0.0,0.0
2020-10-30 00:00:00+09:00,84193.82670200893,84290.26865699406,80432.5904575893,81011.2421875,981485,0.0,0.0
2020-11-02 00:00:00+09:00,82264.99108187134,83229.41067251463,81397.0134502924,82457.875,510392,0.0,0.0
2020-11-03 00:00:00+09:00,82747.21201477405,84000.95765136153,82650.77004272885,83229.421875,409909,0.0,0.0
2020-11-04 00:00:00+09:00,84965.37053571429,84965.37053571429,82940.08928571429,83036.53125,602908,0.0,0.0
2020-11-05 00:00:00+09:00,83518.7388367052,84000.94864523121,82843.64510476879,83422.296875,754241,0.0,0.0
2020-11-06 00:00:00+09:00,83615.1774809845,84097.38727037887,83036.52573371124,84000.9453125,707090,0.0,0.0
2020-11-09 00:00:00+09:00,84772.48773088488,85158.25559314147,84000.9520063717,84193.8359375,586050,0.0,0.0
2020-11-10 00:00:00+09:00,84676.037798312,84676.037798312,82457.87279903959,82843.640625,898189,0.0,0.0
2020-11-11 00:00:00+09:00,82940.08928571429,84097.39285714286,82747.20535714286,83711.625,960361,0.0,0.0
2020-11-12 00:00:00+09:00,84000.95089285714,84097.39285714286,82650.76339285714,83036.53125,781666,0.0,0.0
2020-11-13 00:00:00+09:00,82843.63836156542,83325.84813084111,82168.54468457944,82554.3125,592333,0.0,0.0
2020-11-16 00:00:00+09:00,83422.296875,84386.71649205203,83229.4129515896,83422.296875,807027,0.0,0.0
2020-11-17 00:00:00+09:00,83518.73538602941,84000.94517463235,81782.78014705882,81975.6640625,1066813,0.0,0.0
2020-11-18 00:00:00+09:00,82361.4342799831,86315.55466110642,82072.1083984375,85640.4609375,2116015,0.0,0.0
2020-11-19 00:00:00+09:00,87087.09261889731,87472.86047102974,85351.13728430135,85929.7890625,1219430,0.0,0.0
2020-11-20 00:00:00+09:00,86508.4351923619,86990.64497604284,84676.0380143743,85544.015625,588066,0.0,0.0
2020-11-23 00:00:00+09:00,85929.79240821188,86701.32814251682,84579.60487317825,86026.234375,746317,0.0,0.0
2020-11-24 00:00:00+09:00,86219.10593608917,86315.5478890378,84868.91859480813,85447.5703125,871390,0.0,0.0
2020-11-25 00:00:00+09:00,85929.79017857143,86315.55803571429,83518.74107142858,84386.71875,1022025,0.0,0.0
2020-11-26 00:00:00+09:00,84386.71762751437,85158.25333153736,83229.41407147989,83904.5078125,741023,0.0,0.0
2020-11-27 00:00:00+09:00,83904.51114037585,84868.93080865603,83711.62720671982,84676.046875,750504,0.0,0.0
2020-11-30 00:00:00+09:00,84676.04005847953,84772.48201754387,82457.875,82457.875,1428395,0.0,0.0
2020-12-01 00:00:00+09:00,83036.53571947674,83422.30359738372,82457.88390261628,82940.09375,693134,0.0,0.0
2020-12-02 00:00:00+09:00,83229.40845096041,83229.40845096041,82457.87279903959,82843.640625,818536,0.0,0.0
2020-12-03 00:00:00+09:00,83711.625,87087.09375,83518.74107142858,87087.09375,2391369,0.0,0.0
2020-12-04 00:00:00+09:00,86797.76674723758,88244.39619302486,85929.78907976519,87279.9765625,1763876,0.0,0.0
2020-12-07 00:00:00+09:00,88726.60944506727,88919.4933786435,85833.35044142377,86026.234375,1278901,0.0,0.0
2020-12-08 00:00:00+09:00,87762.17360197369,93066.48079769737,87665.73165296052,91619.8515625,4702429,0.0,0.0
2020-12-09 00:00:00+09:00,93355.81581340957,94513.11931522869,91619.86056068087,92777.1640625,2114941,0.0,0.0
2020-12-10 00:00:00+09:00,91716.29913522012,92391.3928197065,90462.553721174,92005.625,1691356,0.0,0.0
2020-12-11 00:00:00+09:00,92680.7164829071,93645.13600926408,91523.4130512787,92391.390625,1013826,0.0,0.0
2020-12-14 00:00:00+09:00,92005.61935855263,92294.9452055921,90655.43207236842,91619.8515625,1013069,0.0,0.0
2020-12-15 00:00:00+09:00,91137.65060392131,91523.41843716543,89691.02122925589,90076.7890625,1094196,0.0,0.0
2020-12-16 00:00:00+09:00,90848.33035714286,94030.91517857143,90848.33035714286,93838.03125,1785477,0.0,0.0
2020-12-17 00:00:00+09:00,93548.69977102683,94320.23543924149,92584.28018575851,93452.2578125,1038351,0.0,0.0
2020-12-18 00:00:00+09:00,93838.01991453549,93934.46186717118,92294.94867236429,92391.390625,835663,0.0,0.0
2020-12-21 00:00:00+09:00,92391.39953240253,92487.84149433614,90269.67636986301,91523.421875,946927,0.0,0.0
2020-12-22 00:00:00+09:00,91234.09134354664,91330.53330056941,88533.7165469089,88919.484375,943385,0.0,0.0
2020-12-23 00:00:00+09:00,89401.7017586297,115248.1484375,87858.63031511506,115248.1484375,16565841,0.0,0.0
2020-12-24 00:00:00+09:00,120552.45535714286,123927.92410714286,106568.37053571429,108015.0,11918248,0.0,0.0
2020-12-28 00:00:00+09:00,110426.04602786145,131643.27757906626,108979.41660391566,120070.2421875,21982050,0.0,0.0
2020-12-29 00:00:00+09:00,124160.22264139733,130976.86231582699,121725.70847195816,128055.4453125,7476122,1200.0,0.0
2020-12-30 00:00:00+09:00,124647.12592592592,132437.5712962963,124647.12592592592,131463.765625,1533422,0.0,0.0
2021-01-04 00:00:00+09:00,132924.47502200704,140228.0176056338,132924.47502200704,138280.40625,1868234,0.0,0.0
2021-01-05 00:00:00+09:00,135358.99118303572,136332.796875,133411.37979910715,136332.796875,1602818,0.0,0.0
2021-01-06 00:00:00+09:00,144610.16062500002,146557.7722159091,133411.39397727273,133898.296875,5283488,0.0,0.0
2021-01-07 00:00:00+09:00,135845.89921874998,150939.8880208333,133411.38489583333,146070.859375,9782722,0.0,0.0
2021-01-08 00:00:00+09:00,141201.81408898305,147044.64777542374,136819.68882415254,143636.328125,9472733,0.0,0.0
2021-01-11 00:00:00+09:00,144610.14315580987,148018.463028169,134385.1835387324,138280.40625,6584433,0.0,0.0
2021-01-12 00:00:00+09:00,136819.70521209386,143636.3453294224,131463.77369133572,134872.09375,4585235,0.0,0.0
2021-01-13 00:00:00+09:00,137306.60256696428,139741.116796875,133411.37979910715,136332.796875,2589622,0.0,0.0
2021-01-14 00:00:00+09:00,134872.07435161565,146557.74144345237,134872.07435161565,143149.421875,5618859,0.0,0.0
2021-01-15 00:00:00+09:00,141688.72818080356,142175.6310267857,135845.89402901786,136332.796875,3051738,0.0,0.0
2021-01-18 00:00:00+09:00,137793.49848246403,141201.81823291368,134872.0815535072,135358.984375,2469549,0.0,0.0
2021-01-19 00:00:00+09:00,136332.78927364864,145583.94283150337,135358.98363597973,144123.234375,4114713,0.0,0.0
2021-01-20 00:00:00+09:00,144610.1419816617,162625.546875,142662.53064184132,162625.546875,10340439,0.0,0.0
2021-01-21 00:00:00+09:00,164086.26773648648,187457.60557432432,159217.23902027027,180154.0625,16304954,0.0,0.0
2021-01-22 00:00:00+09:00,178206.4309859155,187944.48732394367,172850.5,172850.5,7015098,0.0,0.0
2021-01-25 00:00:00+09:00,172850.50342345505,176258.82320926967,169929.08646418538,173337.40625,2710809,0.0,0.0
2021-01-26 00:00:00+09:00,174311.20358455883,176745.71760110292,164573.14751838235,165546.953125,3706727,0.0,0.0
2021-01-27 00:00:00+09:00,165546.96388473056,170902.89506923655,162138.64404004492,162625.546875,3244402,0.0,0.0
2021-01-28 00:00:00+09:00,159217.24111892097,162625.56126519755,157269.6296067629,160191.046875,2465978,0.0,0.0
2021-01-29 00:00:00+09:00,162138.65900735295,162138.65900735295,146557.7668504902,148992.28125,5396272,0.0,0.0
2021-02-01 00:00:00+09:00,149479.17133109175,154835.10255142403,146070.8514636076,153861.296875,3617362,0.0,0.0
2021-02-02 00:00:00+09:00,155808.9082278481,159704.1309335443,151913.68552215188,153861.296875,2620315,0.0,0.0
2021-02-03 00:00:00+09:00,156295.81193181817,161651.7431818182,154835.10340909092,160677.9375,3179393,0.0,0.0
2021-02-04 00:00:00+09:00,158730.32172619048,158730.32172619048,151913.68214285714,153374.390625,2660265,0.0,0.0
2021-02-05 00:00:00+09:00,154835.10255142403,156295.81106606012,150452.97700751582,153861.296875,1914947,0.0,0.0
2021-02-08 00:00:00+09:00,153861.30573248406,159217.23726114648,152887.5,152887.5,1895740,0.0,0.0
2021-02-09 00:00:00+09:00,154348.20448369565,163599.3586956522,152887.49592391305,156782.71875,3866170,0.0,0.0
2021-02-10 00:00:00+09:00,159217.23036380598,164086.25881529853,156782.7161380597,163112.453125,3256875,0.0,0.0
2021-02-15 00:00:00+09:00,166033.86875,166520.7715909091,160677.9375,160677.9375,2113807,0.0,0.0
2021-02-16 00:00:00+09:00,162625.55298913043,169442.19293478262,161651.7472826087,167981.484375,3199701,0.0,0.0
2021-02-17 00:00:00+09:00,167494.58948863635,172363.6182528409,164573.17223011365,171389.8125,2965260,0.0,0.0
2021-02-18 00:00:00+09:00,170415.9882127193,171876.69668311402,164086.25150767542,166520.765625,2499314,0.0,0.0
2021-02-19 00:00:00+09:00,166033.85779389882,167981.46902901784,159704.1212797619,163599.34375,2236161,0.0,0.0
2021-02-22 00:00:00+09:00,167981.4709619729,169929.082219503,160191.0259318524,161651.734375,2511075,0.0,0.0
2021-02-23 00:00:00+09:00,156782.71041666667,157756.51607142857,152887.48779761905,153374.390625,2897046,0.0,0.0
2021-02-24 00:00:00+09:00,153374.40234375,154835.1109375,145097.05364583334,146070.859375,3061646,0.0,0.0
2021-02-25 00:00:00+09:00,149479.1908482143,150452.9966517857,147044.6763392857,149966.09375,1755139,0.0,0.0
2021-02-26 00:00:00+09:00,144123.23976109215,146557.75394624574,142175.6284129693,142662.53125,2453529,0.0,0.0
2021-03-02 00:00:00+09:00,146557.77118288592,148505.38276006712,143149.4509228188,145097.0625,1552321,0.0,0.0
2021-03-03 00:00:00+09:00,145097.0415282392,148018.4584717608,144123.2358803987,146557.75,1033609,0.0,0.0
2021-03-04 00:00:00+09:00,144123.23630136988,144610.13912671234,141201.81934931508,142175.625,1342531,0.0,0.0
2021-03-05 00:00:00+09:00,138767.30666035353,145583.9462857744,138280.40382996632,144610.140625,1479199,0.0,0.0
2021-03-08 00:00:00+09:00,145583.93963068182,146070.8424388112,138280.39750874127,139254.203125,1165677,0.0,0.0
2021-03-09 00:00:00+09:00,139741.11618728374,142175.6304065744,138280.40765570934,140714.921875,1530784,0.0,0.0
2021-03-10 00:00:00+09:00,144610.14671052631,145097.04956140352,138280.4096491228,138767.3125,1143711,0.0,0.0
2021-03-11 00:00:00+09:00,139741.10566737287,145097.03654661018,139741.10566737287,143636.328125,1651447,0.0,0.0
2021-03-12 00:00:00+09:00,145583.9424692623,150452.97064549182,145583.9424692623,148505.359375,1567260,0.0,0.0
2021-03-15 00:00:00+09:00,148505.36819306933,149479.17388613863,146557.7568069307,147531.5625,819248,0.0,0.0
2021-03-16 00:00:00+09:00,149479.17133109175,155322.00538963606,148992.26849287975,153861.296875,1996472,0.0,0.0
2021-03-17 00:00:00+09:00,153861.296875,156782.71390427215,150939.87984572785,153861.296875,1543163,0.0,0.0
2021-03-18 00:00:00+09:00,156295.80958601285,156782.71241961414,151426.78125,151426.78125,1400789,0.0,0.0
2021-03-19 00:00:00+09:00,147531.57261029413,149966.08700980392,147531.57261029413,148992.28125,1195480,0.0,0.0
2021-03-22 00:00:00+09:00,149966.06935483872,152887.4862903226,148505.36088709676,150939.875,962272,0.0,0.0
2021-03-23 00:00:00+09:00,150939.88885309277,151426.7917203608,141688.734375,141688.734375,2053555,0.0,0.0
2021-03-24 00:00:00+09:00,139741.1142278157,143149.43408703074,139741.1142278157,142662.53125,1127948,0.0,0.0
2021-03-25 00:00:00+09:00,142175.62309966216,146557.7484691723,141201.81746199325,144123.234375,1138392,0.0,0.0
2021-03-26 00:00:00+09:00,143149.42559003498,143149.42559003498,136819.68908435316,139254.203125,1993831,0.0,0.0
2021-03-29 00:00:00+09:00,139254.21741548044,139741.12027357653,136332.8002669039,136819.703125,1212152,0.0,0.0
2021-03-30 00:00:00+09:00,140228.0230263158,148992.27446546053,139741.12016858553,148018.46875,3244882,0.0,0.0
2021-03-31 00:00:00+09:00,149966.08229166665,151913.69375,145583.95651041667,146070.859375,2039038,0.0,0.0
2021-04-01 00:00:00+09:00,150452.96845518867,156295.80218160377,146557.74597091193,154835.09375,3574578,0.0,0.0
2021-04-02 00:00:00+09:00,155321.99309936908,155808.89589905363,150939.8679022082,154348.1875,1761019,0.0,0.0
2021-04-05 00:00:00+09:00,158730.31654530743,160677.92779126213,148992.260315534,150452.96875,3827492,0.0,0.0
2021-04-06 00:00:00+09:00,153861.294921875,158243.42041015625,152400.58642578125,155808.90625,3084796,0.0,0.0
2021-04-07 00:00:00+09:00,155808.89589905363,159217.21549684543,153861.28470031545,154348.1875,2655588,0.0,0.0
2021-04-08 00:00:00+09:00,155808.89776357828,156295.80056908945,151913.6753194888,152400.578125,1735278,0.0,0.0
2021-04-09 00:00:00+09:00,153374.38190063092,158243.40989747635,152887.47910094637,154348.1875,1764047,0.0,0.0
2021-04-12 00:00:00+09:00,154835.0921525559,156782.70337460062,151913.6753194888,152400.578125,1005281,0.0,0.0
2021-04-13 00:00:00+09:00,152400.5849702381,154348.1962797619,150939.87648809524,153374.390625,1114768,0.0,0.0
2021-04-14 00:00:00+09:00,159217.23645510836,160677.94504643962,154835.11068111454,157269.625,2454760,0.0,0.0
2021-04-15 00:00:00+09:00,157756.53597383722,167494.59375,156782.73019622092,167494.59375,5009228,0.0,0.0
2021-04-16 00:00:00+09:00,168468.39141320475,168955.29427856082,162138.65416357567,164086.265625,2328661,0.0,0.0
2021-04-19 00:00:00+09:00,166033.86280153508,169929.08538925438,164573.15433114034,166520.765625,2281804,0.0,0.0
2021-04-20 00:00:00+09:00,166033.8850835756,167494.59375,164086.273528343,167494.59375,1209405,0.0,0.0
2021-04-21 00:00:00+09:00,165546.95689006025,165546.95689006025,161164.8315606175,161651.734375,2042543,0.0,0.0
2021-04-22 00:00:00+09:00,163112.45723432722,164086.26294915902,158730.3315175841,159217.234375,1321558,0.0,0.0
2021-04-23 00:00:00+09:00,157269.6229453364,162138.6515194954,155808.9143730887,159217.234375,1125379,0.0,0.0
2021-04-26 00:00:00+09:00,160677.95215707965,165546.9810103245,159217.2435011062,165060.078125,1892283,0.0,0.0
2021-04-27 00:00:00+09:00,165546.96388473056,166033.86671968564,162138.64404004492,162625.546875,1027920,0.0,0.0
2021-04-28 00:00:00+09:00,163112.44474085368,164086.25038109758,158730.3193597561,159704.125,1095517,0.0,0.0
2021-04-29 00:00:00+09:00,160677.9325810185,161164.8354070216,155808.90432098767,157756.515625,1192074,0.0,0.0
2021-04-30 00:00:00+09:00,159704.12738095238,161164.83586309524,152887.48779761905,153374.390625,1601686,0.0,0.0
2021-05-03 00:00:00+09:00,152400.58346774193,154348.19475806452,148992.2637096774,150939.875,1410927,0.0,0.0
2021-05-04 00:00:00+09:00,150939.8715614887,152400.5799959547,148505.3575040453,150452.96875,1063073,0.0,0.0
2021-05-06 00:00:00+09:00,149966.07673267327,150452.97957920792,145583.9511138614,147531.5625,1825692,0.0,0.0
2021-05-07 00:00:00+09:00,148505.37837009804,150939.89276960786,148018.47549019608,148992.28125,949811,0.0,0.0
2021-05-10 00:00:00+09:00,150452.97755496742,150939.88039495115,148992.2690350163,149479.171875,1183390,0.0,0.0
2021-05-11 00:00:00+09:00,147531.57697147652,148505.38276006712,144610.1596057047,145097.0625,1632384,0.0,0.0
2021-05-12 00:00:00+09:00,144610.1302614796,146070.83864795917,141201.81069302722,143149.421875,1308616,0.0,0.0
2021-05-13 00:00:00+09:00,140714.9146431588,146070.84565033784,140228.01182432432,144123.234375,1541542,0.0,0.0
2021-05-14 00:00:00+09:00,145097.0434553872,146070.8491161616,142662.52930345119,144610.140625,634322,0.0,0.0
2021-05-17 00:00:00+09:00,147044.64777542374,147044.64777542374,142175.61970338985,143636.328125,553776,0.0,0.0
2021-05-18 00:00:00+09:00,144123.24791666667,146557.76223958333,143149.44218749998,146070.859375,551940,0.0,0.0
2021-05-20 00:00:00+09:00,146070.85597826086,147531.5645380435,144123.2445652174,145583.953125,589695,0.0,0.0
2021-05-21 00:00:00+09:00,147531.5645380435,148018.46739130435,145583.953125,145583.953125,686324,0.0,0.0
2021-05-24 00:00:00+09:00,145583.953125,146557.75883152173,143636.3417119565,145583.953125,537981,0.0,0.0
2021-05-25 00:00:00+09:00,147531.56051506515,149966.07471498373,146557.75483509773,149479.171875,894261,0.0,0.0
2021-05-26 00:00:00+09:00,149479.1773231908,150939.88589638157,147044.66303453947,148018.46875,698912,0.0,0.0
2021-05-27 00:00:00+09:00,148018.46739130435,149479.17595108695,144123.2445652174,145583.953125,1163137,0.0,0.0
2021-05-28 00:00:00+09:00,146557.7568069307,148992.27103960398,145583.9511138614,147531.5625,612753,0.0,0.0
2021-05-31 00:00:00+09:00,148992.27446546053,150452.98303865132,147044.66303453947,148018.46875,530955,0.0,0.0
2021-06-01 00:00:00+09:00,147531.5625,148992.27103960398,146070.85396039605,147531.5625,656695,0.0,0.0
2021-06-02 00:00:00+09:00,148018.46534653465,148992.27103960398,147044.65965346535,147531.5625,448035,0.0,0.0
2021-06-03 00:00:00+09:00,148018.45469255664,151913.677184466,148018.45469255664,150452.96875,1156086,0.0,0.0
2021-06-04 00:00:00+09:00,149479.171875,150452.97755496742,148018.46335504885,149479.171875,558204,0.0,0.0
2021-06-07 00:00:00+09:00,150939.875,153861.29193548387,149966.06935483872,150939.875,988186,0.0,0.0
2021-06-08 00:00:00+09:00,150939.87346311475,151913.67909836068,148505.359375,148505.359375,633240,0.0,0.0
2021-06-09 00:00:00+09:00,148992.26411960134,149479.1669435216,146557.75,146557.75,561497,0.0,0.0
2021-06-10 00:00:00+09:00,147044.66510416666,148018.47083333333,145097.05364583334,146070.859375,954307,0.0,0.0
2021-06-11 00:00:00+09:00,147044.65965346535,148992.27103960398,146557.7568069307,147531.5625,413298,0.0,0.0
2021-06-14 00:00:00+09:00,148018.45952380952,154348.1962797619,147531.55669642857,153374.390625,1741300,0.0,0.0
2021-06-15 00:00:00+09:00,154835.09029968455,156295.79869873816,152400.57630126184,154348.1875,1021245,0.0,0.0
2021-06-16 00:00:00+09:00,153374.390625,154835.09910714286,152400.5849702381,153374.390625,674520,0.0,0.0
2021-06-17 00:00:00+09:00,151913.677184466,152400.5799959547,148992.260315534,150452.96875,1115514,0.0,0.0
2021-06-18 00:00:00+09:00,150939.88853503185,153861.30573248406,150452.9856687898,152887.5,978143,0.0,0.0
2021-06-21 00:00:00+09:00,150939.89632009345,159217.24547313084,150452.99342873832,156295.828125,1975315,0.0,0.0
2021-06-22 00:00:00+09:00,158730.31623427672,160191.02466588048,154835.09375,154835.09375,1111298,0.0,0.0
2021-06-23 00:00:00+09:00,155322.0019345238,157756.51607142857,151426.7793154762,153374.390625,1185360,0.0,0.0
2021-06-24 00:00:00+09:00,154348.19397865856,160191.02782012196,152400.58269817074,159704.125,2156462,0.0,0.0
2021-06-25 00:00:00+09:00,161164.8458046636,162625.5543769113,157756.5258027523,159217.234375,1132098,0.0,0.0
2021-06-28 00:00:00+09:00,160677.9429472477,161651.7486620795,156295.8172305046,159217.234375,946236,0.0,0.0
2021-06-29 00:00:00+09:00,160191.03872282608,160677.94157608695,155808.91304347827,156782.71875,903807,0.0,0.0
2021-06-30 00:00:00+09:00,158243.4286601682,161651.7486620795,157756.5258027523,159217.234375,1118470,0.0,0.0
2021-07-01 00:00:00+09:00,159704.12692901236,160191.02975501545,156295.80714699073,157756.515625,779316,0.0,0.0
2021-07-02 00:00:00+09:00,159217.234375,162138.6515194954,158730.3315175841,159217.234375,873575,0.0,0.0
2021-07-05 00:00:00+09:00,160191.03270022455,162625.546875,159217.2270303144,162625.546875,1045443,0.0,0.0
2021-07-06 00:00:00+09:00,164086.24471507352,167494.5643382353,162138.63350183822,165546.953125,1902339,0.0,0.0
2021-07-07 00:00:00+09:00,166520.7715909091,166520.7715909091,159217.22897727272,160677.9375,2371947,0.0,0.0
2021-07-08 00:00:00+09:00,161164.83740234375,161164.83740234375,155808.90625,155808.90625,1861927,0.0,0.0
2021-07-09 00:00:00+09:00,153861.2881289308,157269.60780267295,152887.48250786163,154835.09375,1408620,0.0,0.0
2021-07-12 00:00:00+09:00,156295.79869873816,156782.7014984227,153861.28470031545,154348.1875,781657,0.0,0.0
2021-07-13 00:00:00+09:00,153861.30294342508,159217.234375,153374.40008600918,159217.234375,1105815,0.0,0.0
2021-07-14 00:00:00+09:00,157756.52445652173,157756.52445652173,154835.1073369565,156782.71875,689838,0.0,0.0
2021-07-15 00:00:00+09:00,156782.71875,157756.52445652173,155322.0101902174,156782.71875,648066,0.0,0.0
2021-07-16 00:00:00+09:00,155322.0223422897,157269.6339077103,155322.0223422897,156295.828125,523298,0.0,0.0
2021-07-19 00:00:00+09:00,154835.09910714286,154835.09910714286,152887.48779761905,153374.390625,598680,0.0,0.0
2021-07-20 00:00:00+09:00,152400.58783653847,159217.22754807692,151913.685,158243.421875,1343210,0.0,0.0
2021-07-21 00:00:00+09:00,158730.328125,160191.0366660276,157269.61958397238,158730.328125,829143,0.0,0.0
2021-07-22 00:00:00+09:00,159217.22217987807,160191.02782012196,157756.5137195122,159704.125,806953,0.0,0.0
2021-07-23 00:00:00+09:00,160191.0293262012,163112.4462743994,159704.1265015015,162138.640625,1191816,0.0,0.0
2021-07-26 00:00:00+09:00,163112.45374808283,163599.35659509202,158730.328125,158730.328125,849316,0.0,0.0
2021-07-27 00:00:00+09:00,160191.0366660276,160191.0366660276,157756.5224309816,158730.328125,428806,0.0,0.0
2021-07-28 00:00:00+09:00,158243.41653963414,161164.83346036586,156782.7080792683,159704.125,676883,0.0,0.0
2021-07-29 00:00:00+09:00,161164.8349756006,162625.5434496997,159704.1265015015,162138.640625,770794,0.0,0.0
2021-07-30 00:00:00+09:00,160677.9330357143,161164.83586309524,153374.390625,153374.390625,2178044,0.0,0.0
2021-08-02 00:00:00+09:00,153374.38373602237,154348.1893470447,150939.86970846646,152400.578125,809541,0.0,0.0
2021-08-03 00:00:00+09:00,152887.48093051117,153861.28654153354,151426.77251397763,152400.578125,716492,0.0,0.0
2021-08-04 00:00:00+09:00,153861.294921875,156295.80908203125,152887.4892578125,155808.90625,691765,0.0,0.0
2021-08-05 00:00:00+09:00,155322.00538963606,155808.9082278481,153861.296875,153861.296875,560669,0.0,0.0
2021-08-06 00:00:00+09:00,154348.2085987261,154835.11146496815,152400.59713375795,152887.5,413308,0.0,0.0
2021-08-09 00:00:00+09:00,153374.39877717392,157756.52445652173,152887.49592391305,156782.71875,1152308,0.0,0.0
2021-08-10 00:00:00+09:00,157756.51607142857,157756.51607142857,152887.48779761905,153374.390625,859174,0.0,0.0
2021-08-11 00:00:00+09:00,153374.39603365384,154348.2017227564,151426.78465544872,151913.6875,536980,0.0,0.0
2021-08-12 00:00:00+09:00,151913.69852941178,153374.40716911765,148992.28125,148992.28125,981866,0.0,0.0
2021-08-13 00:00:00+09:00,149479.1669435216,149966.06976744186,144123.2358803987,146557.75,916837,0.0,0.0
2021-08-17 00:00:00+09:00,146557.75341473508,149479.1704263245,146070.8505794702,147044.65625,779899,0.0,0.0
2021-08-18 00:00:00+09:00,146557.75483509773,149966.07471498373,146070.851995114,149479.171875,652995,0.0,0.0
2021-08-19 00:00:00+09:00,147531.5541068412,148992.2625633446,144123.234375,144123.234375,737444,0.0,0.0
2021-08-20 00:00:00+09:00,144610.14259812288,146557.75394624574,142175.6284129693,142662.53125,802093,0.0,0.0
2021-08-23 00:00:00+09:00,141688.73170596085,142175.63456405693,134385.18883451956,136819.703125,1780072,0.0,0.0
2021-08-24 00:00:00+09:00,137306.6005721831,140714.92044454225,134872.08637764084,138280.40625,1375732,0.0,0.0
2021-08-25 00:00:00+09:00,138767.30908890846,140714.92044454225,135845.89205545775,138280.40625,806947,0.0,0.0
2021-08-26 00:00:00+09:00,138280.41850706714,141201.83579946996,136819.70986086573,137793.515625,806681,0.0,0.0
2021-08-27 00:00:00+09:00,137306.6059830961,137306.6059830961,135358.99455071174,136819.703125,593281,0.0,0.0
2021-08-30 00:00:00+09:00,137793.50196012546,138280.4047939068,135358.98779121865,135845.890625,740133,0.0,0.0
2021-08-31 00:00:00+09:00,135845.89205545775,138280.40625,134385.1835387324,138280.40625,1035617,0.0,0.0
2021-09-01 00:00:00+09:00,139254.20500886525,139254.20500886525,136332.7881205674,137306.59375,758432,0.0,0.0
2021-09-02 00:00:00+09:00,136819.69629256273,137306.59912634408,135358.98779121865,135845.890625,667898,0.0,0.0
2021-09-03 00:00:00+09:00,138280.4065553746,150452.97755496742,136819.69803542347,149479.171875,4043334,0.0,0.0
2021-09-06 00:00:00+09:00,147044.65128800675,147531.5541068412,142662.52591849663,144123.234375,1611682,0.0,0.0
2021-09-07 00:00:00+09:00,145097.03654661018,146557.74496822036,143636.328125,143636.328125,757429,0.0,0.0
2021-09-08 00:00:00+09:00,142662.52978515625,143149.4326171875,139254.2099609375,140228.015625,1296091,0.0,0.0
2021-09-09 00:00:00+09:00,140228.0300353357,141688.7386815371,137793.515625,137793.515625,955728,0.0,0.0
2021-09-10 00:00:00+09:00,139254.211390785,147044.65678327644,139254.211390785,142662.53125,1851877,0.0,0.0
2021-09-13 00:00:00+09:00,140228.00874125876,140714.9115493881,137793.4947006119,139254.203125,808784,0.0,0.0
2021-09-14 00:00:00+09:00,139741.11820175438,141201.82675438595,138767.3125,138767.3125,573492,0.0,0.0
2021-09-15 00:00:00+09:00,139741.11476672534,139741.11476672534,136819.69773327466,138280.40625,763228,0.0,0.0
2021-09-16 00:00:00+09:00,138767.30219414894,139741.10782358158,136332.7881205674,137306.59375,639525,0.0,0.0
2021-09-17 00:00:00+09:00,136819.69629256273,137306.59912634408,135358.98779121865,135845.890625,799115,0.0,0.0
2021-09-23 00:00:00+09:00,134872.09169261565,137306.6059830961,132924.48026023133,136819.703125,1090853,0.0,0.0
2021-09-24 00:00:00+09:00,138280.4047939068,138767.30762768816,135358.98779121865,135845.890625,865310,0.0,0.0
2021-09-27 00:00:00+09:00,135358.99661552347,135845.89948104692,134385.19088447653,134872.09375,526452,0.0,0.0
2021-09-28 00:00:00+09:00,134385.18926886792,134872.09212853774,129029.2578125,129029.2578125,1667863,0.0,0.0
2021-09-29 00:00:00+09:00,125620.93309604247,127568.54446187257,124647.12741312741,126107.8359375,1435656,0.0,0.0
2021-09-30 00:00:00+09:00,125134.03226102941,125620.93511029411,121725.71231617648,124160.2265625,1505941,0.0,0.0
2021-10-01 00:00:00+09:00,122212.6171875,124160.22861678287,121238.81147285856,122212.6171875,1099392,0.0,0.0
2021-10-05 00:00:00+09:00,119778.10494686235,122212.61927505062,117830.49348431175,120265.0078125,1158497,0.0,0.0
2021-10-06 00:00:00+09:00,122212.60266927083,122699.50546875,115882.86627604166,116856.671875,1599552,0.0,0.0
2021-10-07 00:00:00+09:00,117830.48916330645,121725.71194556452,116856.68346774194,120751.90625,907601,0.0,0.0
2021-10-08 00:00:00+09:00,121725.69986979166,122212.60266927083,115882.86627604166,116856.671875,1407749,0.0,0.0
2021-10-12 00:00:00+09:00,117830.48916330645,122212.61479334677,115882.87777217742,120751.90625,1793542,0.0,0.0
2021-10-13 00:00:00+09:00,119291.19188652665,119778.09471055328,116369.77494236681,118804.2890625,943291,0.0,0.0
2021-10-14 00:00:00+09:00,120265.0078125,122212.61927505062,119291.2020812247,120265.0078125,950533,0.0,0.0
2021-10-15 00:00:00+09:00,121725.70559535573,123673.31688488142,121725.70559535573,123186.4140625,743492,0.0,0.0
2021-10-18 00:00:00+09:00,124160.23073760122,124160.23073760122,120265.0078125,120265.0078125,716291,0.0,0.0
2021-10-19 00:00:00+09:00,121238.8027729743,123673.31688488142,120264.99712821146,123186.4140625,600501,0.0,0.0
2021-10-20 00:00:00+09:00,123186.41946875,124160.22515625,121725.7109375,121725.7109375,579159,0.0,0.0
2021-10-21 00:00:00+09:00,122699.52004482072,124160.22861678287,121725.71433017928,122212.6171875,571147,0.0,0.0
2021-10-22 00:00:00+09:00,121725.7109375,122699.51662499999,119778.09956249999,121725.7109375,360096,0.0,0.0
2021-10-25 00:00:00+09:00,120264.99902735943,122699.51317771085,119291.19336721888,121238.8046875,554539,0.0,0.0
2021-10-26 00:00:00+09:00,121725.71433017928,122699.52004482072,121238.81147285856,122212.6171875,706443,0.0,0.0
2021-10-27 00:00:00+09:00,122212.60883068648,122699.51165471312,118317.38623847337,118804.2890625,912547,0.0,0.0
2021-10-28 00:00:00+09:00,118804.2890625,120751.90035860657,117830.48341444673,118804.2890625,842870,0.0,0.0
2021-10-29 00:00:00+09:00,120751.90586099586,125620.93432313278,116369.78024507262,117343.5859375,2301006,0.0,0.0
2021-11-01 00:00:00+09:00,117830.48878371369,118804.29447614108,116369.78024507262,117343.5859375,761704,0.0,0.0
2021-11-02 00:00:00+09:00,117830.49015497968,121238.81011814025,117343.5873030996,119778.1015625,915388,0.0,0.0
2021-11-03 00:00:00+09:00,120264.99753457992,120751.90035860657,117830.48341444673,118804.2890625,503633,0.0,0.0
2021-11-04 00:00:00+09:00,120751.9038265306,122699.51517857143,118804.29247448979,119291.1953125,769589,0.0,0.0
2021-11-05 00:00:00+09:00,120265.00441438008,121238.81011814025,118317.39300685975,119778.1015625,470484,0.0,0.0
2021-11-08 00:00:00+09:00,119778.0981505102,120265.0009885204,117343.58396045917,119291.1953125,478858,0.0,0.0
2021-11-09 00:00:00+09:00,119778.1015625,121725.71297002032,118804.29585873985,119778.1015625,497844,0.0,0.0
2021-11-10 00:00:00+09:00,118804.29550209205,119778.10120292887,115882.87839958159,116369.78125,707984,0.0,0.0
2021-11-11 00:00:00+09:00,115882.87253989362,116369.7753656915,112474.55275930851,114422.1640625,1137785,0.0,0.0
2021-11-12 00:00:00+09:00,114909.0664702869,118804.2890625,114909.0664702869,118804.2890625,734937,0.0,0.0
2021-11-15 00:00:00+09:00,119291.19336721888,121725.70751757028,119291.19336721888,121238.8046875,521720,0.0,0.0
2021-11-16 00:00:00+09:00,121238.80909778226,122212.61479334677,119778.10055443548,120751.90625,565313,0.0,0.0
2021-11-17 00:00:00+09:00,121238.81011814025,121725.71297002032,118804.29585873985,119778.1015625,524897,0.0,0.0
2021-11-18 00:00:00+09:00,120265.0009885204,120751.9038265306,118804.29247448979,119291.1953125,480336,0.0,0.0
2021-11-19 00:00:00+09:00,124647.12359550562,133898.27729985956,124160.22076896067,130003.0546875,4928339,0.0,0.0
2021-11-22 00:00:00+09:00,130003.05809818096,132437.57229477612,128055.44674090485,130489.9609375,1670033,0.0,0.0
2021-11-23 00:00:00+09:00,129029.25048828125,129516.1533203125,123673.3193359375,124647.125,1329955,0.0,0.0
2021-11-24 00:00:00+09:00,123673.31499270428,126594.73188229572,122699.50936284047,125134.0234375,988988,0.0,0.0
2021-11-25 00:00:00+09:00,125134.03433142431,125620.93718874503,121725.71433017928,122212.6171875,675145,0.0,0.0
2021-11-26 00:00:00+09:00,122212.60883068648,123186.41447873977,118317.38623847337,118804.2890625,872482,0.0,0.0
2021-11-29 00:00:00+09:00,114909.07269874477,118804.29550209205,114909.07269874477,116369.78125,933062,0.0,0.0
2021-11-30 00:00:00+09:00,117343.58302895022,118804.29153138529,111987.65185335498,112474.5546875,1809765,0.0,0.0
2021-12-01 00:00:00+09:00,113448.35227864583,116856.671875,112474.5466796875,116856.671875,851165,0.0,0.0
2021-12-02 00:00:00+09:00,114909.0664702869,118804.2890625,114909.0664702869,118804.2890625,725845,0.0,0.0
2021-12-03 00:00:00+09:00,118804.2890625,119778.09471055328,115882.87211834016,118804.2890625,780951,0.0,0.0
2021-12-06 00:00:00+09:00,118317.39201108871,121725.71194556452,117343.5863155242,120751.90625,819472,0.0,0.0
2021-12-07 00:00:00+09:00,120751.90861553785,122699.52004482072,118317.39432893427,122212.6171875,720765,0.0,0.0
2021-12-08 00:00:00+09:00,124160.23073760122,124647.13360323886,119291.2020812247,120265.0078125,1043122,0.0,0.0
2021-12-09 00:00:00+09:00,119291.19871061992,121725.71297002032,118804.29585873985,119778.1015625,1151051,0.0,0.0
2021-12-10 00:00:00+09:00,118804.29290674604,122699.515625,118317.39006696429,122699.515625,671405,0.0,0.0
2021-12-13 00:00:00+09:00,126107.83538362873,131950.66945545707,125620.9325443097,130489.9609375,2612253,0.0,0.0
2021-12-14 00:00:00+09:00,129029.24595695526,130003.05158681907,124647.1206225681,125134.0234375,1506380,0.0,0.0
2021-12-15 00:00:00+09:00,125134.03025458494,127081.64162041504,123673.32173021235,126107.8359375,855372,0.0,0.0
2021-12-16 00:00:00+09:00,128055.4428485577,129029.24849759616,125620.92872596154,126594.734375,705254,0.0,0.0
2021-12-17 00:00:00+09:00,124647.12741312741,128055.4473033301,124160.22457166988,126107.8359375,944383,0.0,0.0
2021-12-20 00:00:00+09:00,125134.03433142431,125620.93718874503,122212.6171875,122212.6171875,864094,0.0,0.0
2021-12-21 00:00:00+09:00,123673.32076149425,127568.54346264368,123186.41792385057,127081.640625,993693,0.0,0.0
2021-12-22 00:00:00+09:00,128542.35014478763,129029.25298624516,125620.93309604247,126107.8359375,703187,0.0,0.0
2021-12-23 00:00:00+09:00,127081.638229927,135358.9863138686,125134.02691605838,133411.375,2564334,0.0,0.0
2021-12-24 00:00:00+09:00,133411.37156593407,134385.1771978022,130489.95467032967,132924.46875,1170212,0.0,0.0
2021-12-27 00:00:00+09:00,132924.4789402174,136332.7989130435,131950.67323369565,134385.1875,958151,0.0,0.0
2021-12-28 00:00:00+09:00,135358.99320652173,135845.89605978262,133411.38179347827,134385.1875,1186045,0.0,0.0
2021-12-29 00:00:00+09:00,135707.97431049822,138647.4972197509,135218.05382562277,137667.65625,1104635,850.0,0.0
2021-12-30 00:00:00+09:00,137177.7287137681,137667.64917346014,135218.046875,135218.046875,703821,0.0,0.0
2022-01-04 00:00:00+09:00,140117.2471390845,142076.92891725354,137177.724471831,139137.40625,1419997,0.0,0.0
2022-01-05 00:00:00+09:00,139137.4280234657,139137.4280234657,134728.14333258124,135707.984375,965541,0.0,0.0
2022-01-06 00:00:00+09:00,133258.3722222222,136197.89513888888,131788.6107638889,132278.53125,1038777,0.0,0.0
2022-01-07 00:00:00+09:00,133748.29960227272,135218.06113636363,132278.5380681818,134728.140625,808243,0.0,0.0
2022-01-10 00:00:00+09:00,132768.44540264423,133258.3658653846,126399.47938701922,127379.3203125,1784965,0.0,0.0
2022-01-11 00:00:00+09:00,126889.40125119731,128849.08312380269,124929.71937859195,127869.2421875,985952,0.0,0.0
2022-01-12 00:00:00+09:00,128849.07818202554,135707.96447308394,128359.15773266423,134238.203125,1757579,0.0,0.0
2022-01-13 00:00:00+09:00,136197.89314862544,146976.14368556702,136197.89314862544,142566.859375,5019347,0.0,0.0
2022-01-14 00:00:00+09:00,142566.8451947774,147466.04949700343,140607.163473887,143056.765625,2850564,0.0,0.0
2022-01-17 00:00:00+09:00,142076.940613879,142566.86109875445,136687.8152802491,137667.65625,1727769,0.0,0.0
2022-01-18 00:00:00+09:00,137667.64917346014,139137.41055253622,134728.12641530795,135218.046875,1340867,0.0,0.0
2022-01-19 00:00:00+09:00,133258.36222627736,136687.80537180655,132768.44177691606,134238.203125,1329933,0.0,0.0
2022-01-20 00:00:00+09:00,134728.13197544642,137177.734375,133258.3705357143,137177.734375,1103779,0.0,0.0
2022-01-21 00:00:00+09:00,134728.12134246255,135218.04178370786,128359.15560627342,130808.7578125,1954318,0.0,0.0
2022-01-24 00:00:00+09:00,129339.00559701493,133258.3694029851,127379.32369402985,131298.6875,1502530,0.0,0.0
2022-01-25 00:00:00+09:00,131788.59935591603,132768.44024332063,127379.31536259543,128359.15625,1448593,0.0,0.0
2022-01-26 00:00:00+09:00,128359.15625,128359.15625,128359.15625,128359.15625,0,0.0,0.0
2022-01-27 00:00:00+09:00,126889.4066280242,127869.24760584677,120030.51978326612,121500.28125,1588541,0.0,0.0
2022-01-28 00:00:00+09:00,122480.11642156863,124929.71875,121500.27549019607,124929.71875,1048524,0.0,0.0
2022-02-03 00:00:00+09:00,127379.32477678572,127869.24525669643,123459.9609375,123459.9609375,1236485,0.0,0.0
2022-02-04 00:00:00+09:00,123459.95874023438,125419.640625,122480.11779785156,125419.640625,715127,0.0,0.0
2022-02-07 00:00:00+09:00,124929.71953125,124929.71953125,121500.27625,122480.1171875,907137,0.0,0.0
2022-02-08 00:00:00+09:00,122480.1171875,122480.1171875,122480.1171875,122480.1171875,0,0.0,0.0
2022-02-09 00:00:00+09:00,122480.1171875,122480.1171875,122480.1171875,122480.1171875,0,0.0,0.0
2022-02-10 00:00:00+09:00,128359.15691877432,128849.07736502918,123459.95245622568,125909.5546875,1304496,0.0,0.0
2022-02-11 00:00:00+09:00,123949.875,125909.55681818181,123459.95454545454,123949.875,640135,0.0,0.0
2022-02-14 00:00:00+09:00,121500.27845528456,123459.96036585365,119050.67606707317,120520.4375,982772,0.0,0.0
2022-02-15 00:00:00+09:00,121010.35514856558,121990.19608094262,118070.83235143442,119540.59375,828330,0.0,0.0
2022-02-16 00:00:00+09:00,121990.19893292683,122480.11941056911,120030.51702235773,120520.4375,679538,0.0,0.0
2022-02-17 00:00:00+09:00,120520.44027217741,123459.96320564515,120030.51978326612,121500.28125,1006830,0.0,0.0
2022-02-18 00:00:00+09:00,119540.59792510122,121500.27985829959,118560.75695850202,121010.359375,684818,0.0,0.0
2022-02-21 00:00:00+09:00,121010.359375,121010.359375,121010.359375,121010.359375,0,0.0,0.0
2022-02-22 00:00:00+09:00,121010.359375,121010.359375,121010.359375,121010.359375,0,0.0,0.0
2022-02-23 00:00:00+09:00,121010.359375,121010.359375,121010.359375,121010.359375,0,0.0,0.0
2022-02-24 00:00:00+09:00,121990.20173891129,124929.72467237903,120520.44027217741,121500.28125,1218895,0.0,0.0
2022-02-25 00:00:00+09:00,123459.96320564515,123949.88369455645,120520.44027217741,121500.28125,714011,0.0,0.0
2022-02-28 00:00:00+09:00,121500.28125,121500.28125,121500.28125,121500.28125,0,0.0,0.0
2022-03-02 00:00:00+09:00,120520.43889170041,122480.12082489878,119540.59792510122,121010.359375,678583,0.0,0.0
2022-03-03 00:00:00+09:00,122480.11642156863,125419.63921568627,121990.19595588236,124929.71875,799782,0.0,0.0
2022-03-04 00:00:00+09:00,124929.71875,124929.71875,124929.71875,124929.71875,0,0.0,0.0
2022-03-07 00:00:00+09:00,119050.67689963694,119540.5973807054,116601.0744942946,118070.8359375,957534,0.0,0.0
2022-03-08 00:00:00+09:00,115621.2265625,117580.90836864406,114641.38565942796,115621.2265625,866699,0.0,0.0
2022-03-10 00:00:00+09:00,115621.2265625,115621.2265625,115621.2265625,115621.2265625,0,0.0,0.0
2022-03-11 00:00:00+09:00,117580.9118852459,120030.51421618852,117090.99141905738,119540.59375,648403,0.0,0.0
2022-03-14 00:00:00+09:00,119050.67328381147,121500.2756147541,118560.75281762295,119540.59375,842386,0.0,0.0
2022-03-15 00:00:00+09:00,119540.59375,119540.59375,119540.59375,119540.59375,0,0.0,0.0
2022-03-16 00:00:00+09:00,121990.19671875,122480.1171875,119050.67390625,122480.1171875,805188,0.0,0.0
2022-03-17 00:00:00+09:00,122480.1171875,122480.1171875,122480.1171875,122480.1171875,0,0.0,0.0
2022-03-18 00:00:00+09:00,123949.88227479756,123949.88227479756,121010.359375,121010.359375,959017,0.0,0.0
2022-03-21 00:00:00+09:00,121500.27845528456,121990.19893292683,119540.59654471544,120520.4375,578097,0.0,0.0
2022-03-22 00:00:00+09:00,120030.51978326612,121990.20173891129,119540.59929435483,121500.28125,628292,0.0,0.0
2022-03-23 00:00:00+09:00,121990.19893292683,122480.11941056911,120030.51702235773,120520.4375,755327,0.0,0.0
2022-03-24 00:00:00+09:00,119540.59878615703,120030.51927298555,117580.91683884298,118560.7578125,742512,0.0,0.0
2022-03-25 00:00:00+09:00,119540.5973807054,120030.51786177387,117090.99497536308,118070.8359375,629103,0.0,0.0
2022-03-28 00:00:00+09:00,117580.90625,118560.74713541668,116601.06536458334,117580.90625,477494,0.0,0.0
2022-03-29 00:00:00+09:00,119050.66757812501,119050.66757812501,117090.98580729167,117580.90625,601558,0.0,0.0
2022-03-30 00:00:00+09:00,118560.7578125,120520.43975981405,118070.8373256715,118560.7578125,750649,0.0,0.0
2022-03-31 00:00:00+09:00,118070.8359375,119050.67689963694,117580.91545643154,118070.8359375,687529,0.0,0.0
2022-04-01 00:00:00+09:00,117090.9864694149,117580.90691489363,114641.38424202129,115131.3046875,1358388,0.0,0.0
2022-04-04 00:00:00+09:00,115131.3110977564,115621.23157051283,113661.54967948719,114641.390625,714473,0.0,0.0
2022-04-05 00:00:00+09:00,116111.14557845745,116601.06602393618,114641.38424202129,115131.3046875,635707,0.0,0.0
2022-04-06 00:00:00+09:00,114151.46953810306,115131.3104783443,111701.8671875,111701.8671875,1301974,0.0,0.0
2022-04-07 00:00:00+09:00,110722.02763373363,114151.47096752183,110232.10715747817,112191.7890625,1626623,0.0,0.0
2022-04-08 00:00:00+09:00,114151.46862192622,120520.43468237705,113661.5481557377,119540.59375,3064268,0.0,0.0
2022-04-11 00:00:00+09:00,121990.19671875,123949.87859375,120520.4353125,122480.1171875,2333625,0.0,0.0
2022-04-12 00:00:00+09:00,120520.43609693878,122970.03845663265,119050.67468112246,120030.515625,1383096,0.0,0.0
2022-04-13 00:00:00+09:00,121010.35365403544,124439.796875,121010.35365403544,124439.796875,1618670,0.0,0.0
2022-04-14 00:00:00+09:00,125419.64285714286,126399.48381696429,122970.04045758929,123459.9609375,1540317,0.0,0.0
2022-04-15 00:00:00+09:00,122970.03409090909,125909.55681818181,121990.19318181818,123949.875,1101269,0.0,0.0
2022-04-18 00:00:00+09:00,122480.11577560242,123459.95670180724,121010.35438629519,121990.1953125,627153,0.0,0.0
2022-04-19 00:00:00+09:00,122970.03623870482,125419.63855421687,121500.2748493976,121990.1953125,710036,0.0,0.0
2022-04-20 00:00:00+09:00,122480.12082489878,122480.12082489878,119540.59792510122,121010.359375,930835,0.0,0.0
2022-04-21 00:00:00+09:00,121500.27625,123459.958125,121010.35578125001,122480.1171875,685827,0.0,0.0
2022-04-22 00:00:00+09:00,120520.4375,121500.27845528456,119540.59654471544,120520.4375,576346,0.0,0.0
2022-04-25 00:00:00+09:00,118070.83170299369,119050.6726299895,116601.0703125,116601.0703125,979122,0.0,0.0
2022-04-26 00:00:00+09:00,117580.91820987655,119540.60018004116,117090.9977173354,119050.6796875,700343,0.0,0.0
2022-04-27 00:00:00+09:00,115621.23077928871,118070.83312630754,115621.23077928871,117090.9921875,595523,0.0,0.0
2022-04-28 00:00:00+09:00,118070.8359375,118070.8359375,116601.0744942946,118070.8359375,594286,0.0,0.0
2022-04-29 00:00:00+09:00,117580.91201716739,118070.83248390559,113171.62781652361,114151.46875,1980893,0.0,0.0
2022-05-02 00:00:00+09:00,112681.70734978541,114151.46875,112191.78688304721,114151.46875,513571,0.0,0.0
2022-05-03 00:00:00+09:00,114641.38636363635,115131.30681818181,113171.625,113171.625,618090,0.0,0.0
2022-05-04 00:00:00+09:00,113661.54545454546,114641.38636363635,112681.70454545454,113171.625,532967,0.0,0.0
2022-05-06 00:00:00+09:00,111701.86997282608,113661.55190217392,111701.86997282608,112681.7109375,471521,0.0,0.0
2022-05-10 00:00:00+09:00,108762.34515134529,110232.10657230942,107292.58373038117,109252.265625,809529,0.0,0.0
2022-05-11 00:00:00+09:00,108762.34597190366,109252.26644925459,105822.82310779816,106802.6640625,1267614,0.0,0.0
2022-05-12 00:00:00+09:00,105822.82252358491,107292.58394752358,103373.22015035377,103863.140625,1191168,0.0,0.0
2022-05-13 00:00:00+09:00,104353.05752180233,106312.73935319767,104353.05752180233,105332.8984375,705097,0.0,0.0
2022-05-16 00:00:00+09:00,106802.65981104651,107292.58026889534,104842.97797965116,105332.8984375,458454,0.0,0.0
2022-05-17 00:00:00+09:00,105332.8984375,106312.73935319767,103863.13706395349,105332.8984375,846435,0.0,0.0
2022-05-18 00:00:00+09:00,106312.7379161799,107292.57881863318,104353.05611127337,104842.9765625,838409,0.0,0.0
2022-05-19 00:00:00+09:00,101903.4618226601,102393.38231219212,98963.93888546799,99453.859375,1986525,0.0,0.0
2022-05-20 00:00:00+09:00,99943.77272727272,103373.2159090909,98963.93181818181,102393.375,1205007,0.0,0.0
2022-05-23 00:00:00+09:00,102883.296875,104353.05825892858,101413.53549107144,102883.296875,688569,0.0,0.0
2022-05-24 00:00:00+09:00,102883.29763719512,102883.29763719512,99943.77484756098,100433.6953125,722885,0.0,0.0
2022-05-25 00:00:00+09:00,100923.61577743903,101413.53624237806,99453.85438262195,100433.6953125,504358,0.0,0.0
2022-05-26 00:00:00+09:00,100923.61435355392,101903.45526960785,98963.93252144607,99943.7734375,677212,0.0,0.0
2022-05-27 00:00:00+09:00,101903.4595410628,102883.3004981884,100433.6981053744,101413.5390625,668914,0.0,0.0
2022-05-30 00:00:00+09:00,102883.29967570755,103863.140625,102393.37920106131,103863.140625,623975,0.0,0.0
2022-05-31 00:00:00+09:00,103863.13779761906,104353.05825892858,102393.37641369048,102883.296875,1819056,0.0,0.0
2022-06-02 00:00:00+09:00,101903.453125,101903.453125,99943.77133413461,101903.453125,660479,0.0,0.0
2022-06-03 00:00:00+09:00,102883.29402043269,103373.21446814903,101413.53267728366,101903.453125,610654,0.0,0.0
2022-06-07 00:00:00+09:00,101413.54133312809,101413.54133312809,99453.859375,99453.859375,664509,0.0,0.0
2022-06-08 00:00:00+09:00,99943.7734375,100923.61435355392,99453.85297947304,99943.7734375,568572,0.0,0.0
2022-06-09 00:00:00+09:00,99943.77484756098,100433.6953125,98963.93391768294,100433.6953125,929702,0.0,0.0
2022-06-10 00:00:00+09:00,98963.93610074627,99943.77705223882,97984.09514925374,98474.015625,595867,0.0,0.0
2022-06-13 00:00:00+09:00,96514.3261616062,96906.26251150105,93182.8671875,93182.8671875,1400191,0.0,0.0
2022-06-14 00:00:00+09:00,90929.24134312697,94358.68471274922,90831.25724685205,93378.84375,1012058,0.0,0.0
2022-06-15 00:00:00+09:00,92594.96504493026,93574.80594487661,90635.28324503756,91321.171875,829525,0.0,0.0
2022-06-16 00:00:00+09:00,92790.92881852489,95632.4672934322,91909.07205045021,92496.9765625,860556,0.0,0.0
2022-06-17 00:00:00+09:00,90929.23551502146,91811.09232497317,90145.36279506437,91321.171875,827209,0.0,0.0
2022-06-20 00:00:00+09:00,91517.13929115854,91615.12338033537,87499.79163490854,88381.6484375,919626,0.0,0.0
2022-06-21 00:00:00+09:00,88479.63479567308,89557.45980425824,88185.68252060439,89165.5234375,516032,0.0,0.0
2022-06-22 00:00:00+09:00,89557.46489750574,89655.44899476776,85344.14871523796,85442.1328125,1196070,0.0,0.0
2022-06-23 00:00:00+09:00,85050.19942667044,87989.72244832956,83874.3902180068,86519.9609375,1418259,0.0,0.0
2022-06-24 00:00:00+09:00,86519.95509129214,88185.68469101124,86519.95509129214,87205.84375,877028,0.0,0.0
2022-06-27 00:00:00+09:00,88381.65485646599,89165.52762681158,87205.8457009476,87891.734375,842826,0.0,0.0
2022-06-28 00:00:00+09:00,87303.82784410112,88283.66878511236,86030.03462078652,87205.84375,727402,0.0,0.0
2022-06-29 00:00:00+09:00,86225.99986218302,89949.39531077728,85638.09531766814,88871.5703125,873866,0.0,0.0
2022-06-30 00:00:00+09:00,89067.54755627124,89067.54755627124,86519.9609375,86519.9609375,790624,0.0,0.0
2022-07-01 00:00:00+09:00,87205.83851849278,91027.21795919078,87009.87034204672,88087.6953125,1390290,0.0,0.0
2022-07-04 00:00:00+09:00,88969.55297256098,89165.52115091463,86813.90301067074,88381.6484375,701722,0.0,0.0
2022-07-05 00:00:00+09:00,89165.52069698954,94064.72513089006,88871.56843095549,93574.8046875,1348997,0.0,0.0
2022-07-06 00:00:00+09:00,92790.93293501611,93182.86929377014,90929.23523093447,91223.1875,1023511,0.0,0.0
2022-07-07 00:00:00+09:00,92105.044479927,94456.6626368613,91615.12403056568,93966.7421875,1090036,0.0,0.0
2022-07-08 00:00:00+09:00,94358.68326256792,96318.36515794837,89949.39899796195,90145.3671875,1494419,0.0,0.0
2022-07-11 00:00:00+09:00,89655.44474774097,90831.25385918675,89165.52428463855,89459.4765625,710884,0.0,0.0
2022-07-12 00:00:00+09:00,88871.56945692755,89067.53763654591,87303.82401998065,88577.6171875,654534,0.0,0.0
2022-07-13 00:00:00+09:00,88087.69870849342,90439.31691650659,88087.69870849342,89263.5078125,676772,0.0,0.0
2022-07-14 00:00:00+09:00,88773.58479420732,89165.52115091463,87695.7598132622,88381.6484375,658582,0.0,0.0
2022-07-15 00:00:00+09:00,89067.5390625,89655.44361076732,87303.82541769803,89067.5390625,604053,0.0,0.0
2022-07-18 00:00:00+09:00,90635.2890625,92496.9868918919,90145.36858108109,90635.2890625,847838,0.0,0.0
2022-07-19 00:00:00+09:00,89851.40968110872,91125.20283907428,89557.4574138859,91027.21875,410666,0.0,0.0
2022-07-20 00:00:00+09:00,93280.84836609989,93378.83245051806,91419.15076215462,92203.0234375,643294,0.0,0.0
2022-07-21 00:00:00+09:00,92203.03153197982,92496.98381104034,91125.20650875795,92301.015625,444578,0.0,0.0
2022-07-22 00:00:00+09:00,91909.07727272727,92790.93409090908,91615.125,91615.125,363025,0.0,0.0
2022-07-25 00:00:00+09:00,91223.1897630458,92790.9352369542,91125.20567092652,92007.0625,351528,0.0,0.0
2022-07-26 00:00:00+09:00,91615.12528378739,92790.93437833867,91419.15710136219,91713.109375,417522,0.0,0.0
2022-07-27 00:00:00+09:00,91909.07953340403,92594.96818663839,91321.17497348887,92399.0,330196,0.0,0.0
2022-07-28 00:00:00+09:00,93182.87074318911,93574.80710803953,91125.20482772436,91713.109375,666622,0.0,0.0
2022-07-29 00:00:00+09:00,92301.00839181674,92888.91290386653,91713.10387976695,92496.9765625,674170,0.0,0.0
2022-08-01 00:00:00+09:00,92888.91290386653,93378.83333057468,91713.10387976695,92496.9765625,485739,0.0,0.0
2022-08-02 00:00:00+09:00,92496.98181818181,93084.88636363635,91321.17272727273,91615.125,474933,0.0,0.0
2022-08-03 00:00:00+09:00,91615.12584954691,92007.06221681769,91125.20539045842,91909.078125,374218,0.0,0.0
2022-08-04 00:00:00+09:00,92496.98111979167,94946.58337402344,92301.01293945312,94064.7265625,1059583,0.0,0.0
2022-08-05 00:00:00+09:00,94456.6626368613,94750.61490647809,93476.82173813868,93966.7421875,447686,0.0,0.0
2022-08-08 00:00:00+09:00,93868.76053856383,93868.76053856383,91713.11050531914,92105.046875,579176,0.0,0.0
2022-08-09 00:00:00+09:00,92105.04108368531,92790.9296875,90929.23204857444,92790.9296875,542364,0.0,0.0
2022-08-10 00:00:00+09:00,92007.06725653286,92594.9718396417,90831.25809031518,90929.2421875,502234,0.0,0.0
2022-08-11 00:00:00+09:00,92007.0666460396,98963.9375,91517.14616336634,98963.9375,2683987,0.0,0.0
2022-08-12 00:00:00+09:00,98474.01701732673,100433.6989480198,97592.16014851486,98963.9375,1151625,0.0,0.0
2022-08-16 00:00:00+09:00,99453.85297947304,100923.61435355392,97984.09160539215,99943.7734375,872610,0.0,0.0
2022-08-17 00:00:00+09:00,100433.6981053744,102883.3004981884,99943.77762681158,101413.5390625,1537894,0.0,0.0
2022-08-18 00:00:00+09:00,99943.7734375,101413.53481158087,98474.01206341911,99943.7734375,768622,0.0,0.0
2022-08-19 00:00:00+09:00,99453.85798267326,100433.6989480198,98474.01701732673,98963.9375,571786,0.0,0.0
2022-08-22 00:00:00+09:00,97690.14146875001,99453.85515625,97200.221,97984.09375,664440,0.0,0.0
2022-08-23 00:00:00+09:00,97102.23968145366,97690.1442607561,96024.41461939918,96220.3828125,588286,0.0,0.0
2022-08-24 00:00:00+09:00,96808.27924311926,97004.24741972476,95926.4224483945,96122.390625,557382,0.0,0.0
2022-08-25 00:00:00+09:00,96906.26619260848,97690.13892217458,96318.3616454339,97102.234375,541955,0.0,0.0
2022-08-26 00:00:00+09:00,97886.11105410448,98474.015625,97004.2541977612,98474.015625,549129,0.0,0.0
2022-08-29 00:00:00+09:00,94848.5998570686,95534.48849239865,93280.85440488566,94260.6953125,852805,0.0,0.0
2022-08-30 00:00:00+09:00,94652.63533653846,95828.44447115385,93476.82620192308,95534.4921875,514506,0.0,0.0
2022-08-31 00:00:00+09:00,94750.6213490099,98963.9375,94260.70086633663,98963.9375,712641,0.0,0.0
2022-09-01 00:00:00+09:00,97102.23826925538,97592.1587448823,95730.4609375,95730.4609375,683659,0.0,0.0
2022-09-02 00:00:00+09:00,96318.3722700411,97886.11790210688,95044.57894398767,95338.53125,464595,0.0,0.0
2022-09-05 00:00:00+09:00,95240.53125,96318.35619212962,94554.64265046296,95240.53125,330235,0.0,0.0
2022-09-06 00:00:00+09:00,95338.52202511622,95534.49021016271,94162.71291483729,94848.6015625,354834,0.0,0.0
2022-09-07 00:00:00+09:00,94260.69009864936,94456.65826933262,91713.10387976695,92496.9765625,654418,0.0,0.0
2022-09-08 00:00:00+09:00,93378.83950226546,93476.82359408315,91615.12584954691,91909.078125,598114,0.0,0.0
2022-09-13 00:00:00+09:00,93770.77958216293,96220.38197459142,93182.87500798008,95926.4296875,703205,0.0,0.0
2022-09-14 00:00:00+09:00,91713.11050531914,92692.95142952127,91713.11050531914,92105.046875,721562,0.0,0.0
2022-09-15 00:00:00+09:00,92692.95365149456,92692.95365149456,90145.3671875,90145.3671875,672520,0.0,0.0
2022-09-16 00:00:00+09:00,89263.5063896937,89361.49048013244,88185.68139486756,88773.5859375,769264,0.0,0.0
2022-09-19 00:00:00+09:00,88381.64900788164,89851.41035501935,88381.64900788164,88577.6171875,455443,0.0,0.0
2022-09-20 00:00:00+09:00,89165.52762681158,89557.4640119844,87597.7820861204,87891.734375,540462,0.0,0.0
2022-09-21 00:00:00+09:00,88185.68980823865,88283.67390802556,85834.07141335227,86226.0078125,669889,0.0,0.0
2022-09-22 00:00:00+09:00,84364.30241610493,84756.23878040738,82796.55695889507,83580.4296875,927127,0.0,0.0
2022-09-23 00:00:00+09:00,83580.4285464517,84854.22171304475,82698.57173881037,83188.4921875,725235,0.0,0.0
2022-09-26 00:00:00+09:00,81816.72185398839,82698.57873624694,79955.02399144255,80150.9921875,981155,0.0,0.0
2022-09-27 00:00:00+09:00,79955.02260147601,80150.99079412669,78387.2770602706,79661.0703125,960659,0.0,0.0
2022-09-28 00:00:00+09:00,79073.16801308322,80150.99310372004,76721.54963351198,77701.390625,1063245,0.0,0.0
2022-09-29 00:00:00+09:00,78877.19611378205,79073.16430288462,76329.60965544872,76427.59375,788884,0.0,0.0
2022-09-30 00:00:00+09:00,75643.71497296437,78289.28531528308,75643.71497296437,77015.4921875,887235,0.0,0.0
2022-10-04 00:00:00+09:00,78191.30721421933,79367.11634526022,78191.30721421933,79073.1640625,764137,0.0,0.0
2022-10-05 00:00:00+09:00,80542.92110558713,80738.8892834596,77015.49390388258,77603.3984375,696257,0.0,0.0
2022-10-06 00:00:00+09:00,78387.26736972705,79759.04454869727,77799.36286445409,78975.171875,582507,0.0,0.0
2022-10-07 00:00:00+09:00,78191.30232558139,80640.90452876377,78093.31823745409,80053.0,676353,0.0,0.0
2022-10-11 00:00:00+09:00,78191.30802429668,78289.29211956522,76133.64202365729,76623.5625,827730,0.0,0.0
2022-10-12 00:00:00+09:00,76819.5274122807,78387.27286967418,76231.62286575814,78191.3046875,594177,0.0,0.0
2022-10-13 00:00:00+09:00,77995.33158610755,79073.15652008643,76525.5703125,76525.5703125,588068,0.0,0.0
2022-10-14 00:00:00+09:00,78387.27540272614,79857.03681652727,78093.32311996592,79073.1640625,462737,0.0,0.0
2022-10-17 00:00:00+09:00,78093.31823745409,80150.9840881273,77701.38188494492,80053.0,394098,0.0,0.0
2022-10-18 00:00:00+09:00,81424.78040081522,81620.74858469203,79661.0667459239,81130.828125,594072,0.0,0.0
2022-10-19 00:00:00+09:00,80346.94905397022,80934.85355924317,78779.20370657567,78975.171875,706403,0.0,0.0
2022-10-20 00:00:00+09:00,78681.22134775246,79759.04629772168,77211.4600523399,79563.078125,594436,0.0,0.0
2022-10-21 00:00:00+09:00,79073.16434289914,79857.03709970607,78485.25977529393,79171.1484375,347557,0.0,0.0
2022-10-24 00:00:00+09:00,80052.99768232385,80640.90219406676,78779.2045735476,79269.125,611218,0.0,0.0
2022-10-25 00:00:00+09:00,79269.13054970349,80248.97147120786,78093.32144389825,78485.2578125,552564,0.0,0.0
2022-10-26 00:00:00+09:00,78485.25915809769,78583.24325192803,75741.70453084834,76231.625,1247943,0.0,0.0
2022-10-27 00:00:00+09:00,76721.54442994077,79073.16265001558,76427.59215243142,78583.2421875,920792,0.0,0.0
2022-10-28 00:00:00+09:00,78191.30497105757,79563.08225125156,77995.33678817272,78289.2890625,641547,0.0,0.0
2022-10-31 00:00:00+09:00,80346.95197610294,80346.95197610294,78877.19065946691,79955.015625,713095,0.0,0.0
2022-11-01 00:00:00+09:00,79857.02666275726,81228.80380788438,79171.13809019371,80934.8515625,611191,0.0,0.0
2022-11-02 00:00:00+09:00,80052.99797453704,82306.63194444444,79857.02980324074,82012.6796875,740355,0.0,0.0
2022-11-03 00:00:00+09:00,80248.97129755435,82012.68495244565,79367.11447010869,81130.828125,643835,0.0,0.0
2022-11-04 00:00:00+09:00,80934.86068002258,88185.68354966141,80444.94021585779,86813.90625,2425215,0.0,0.0
2022-11-07 00:00:00+09:00,87401.80950907592,89361.49133663367,85638.09586427393,89067.5390625,1584070,0.0,0.0
2022-11-08 00:00:00+09:00,89067.54019201807,90733.26976656627,88479.63563629519,89459.4765625,994859,0.0,0.0
2022-11-09 00:00:00+09:00,89753.42643508584,92203.02868495171,89361.4900751073,91321.171875,933729,0.0,0.0
2022-11-10 00:00:00+09:00,90341.327257889,92105.04080522306,90047.375,90047.375,803724,0.0,0.0
2022-11-11 00:00:00+09:00,93476.8255952381,93476.8255952381,91811.09599867725,92594.96875,891240,0.0,0.0
2022-11-14 00:00:00+09:00,92790.93226170242,94946.58221920764,92594.96408374739,93672.7890625,888814,0.0,0.0
2022-11-15 00:00:00+09:00,94162.70458074534,96808.2748447205,93868.75232919255,94652.625,736227,0.0,0.0
2022-11-16 00:00:00+09:00,94946.58221920764,94946.58221920764,92790.93226170242,93672.7890625,589204,0.0,0.0
2022-11-17 00:00:00+09:00,93182.86870963401,93868.75733315393,91027.21875,91027.21875,523307,0.0,0.0
2022-11-18 00:00:00+09:00,91223.19222995924,92692.95365149456,89165.52623980978,90145.3671875,864219,0.0,0.0
2022-11-21 00:00:00+09:00,90635.28219513042,90635.28219513042,87499.79135162321,88283.6640625,659130,0.0,0.0
2022-11-22 00:00:00+09:00,88479.63839036312,88871.57477304469,87303.82924231843,87695.765625,392751,0.0,0.0
2022-11-23 00:00:00+09:00,88773.58479420732,90243.34613185975,88185.68025914635,88381.6484375,454470,0.0,0.0
2022-11-24 00:00:00+09:00,88969.55383287293,89655.4424637431,88381.64929212708,88675.6015625,302045,0.0,0.0
2022-11-25 00:00:00+09:00,89165.52762681158,89165.52762681158,87303.8297972408,87891.734375,309097,0.0,0.0
2022-11-28 00:00:00+09:00,89753.42643508584,93280.8536748927,88871.56962513411,91321.171875,1494873,0.0,0.0
2022-11-29 00:00:00+09:00,91517.14175772922,92105.0463086354,89459.47582955757,91909.078125,623921,0.0,0.0
2022-11-30 00:00:00+09:00,91027.22410508452,96318.36522637038,90733.27182056864,95632.4765625,1734591,0.0,0.0
2022-12-01 00:00:00+09:00,96906.26576305873,97004.24985382018,94162.71122173857,94260.6953125,656245,0.0,0.0
2022-12-02 00:00:00+09:00,94456.65683229813,96514.3225931677,93476.81599378883,94652.625,809770,0.0,0.0
2022-12-05 00:00:00+09:00,95240.53793259298,95730.45839520919,93966.74472979081,94848.6015625,462365,0.0,0.0
2022-12-06 00:00:00+09:00,93966.73813657407,98474.00607638889,93574.80179398147,95240.53125,1145457,0.0,0.0
2022-12-07 00:00:00+09:00,93084.89323781838,93574.81372854374,87695.76783983942,88479.640625,1994747,0.0,0.0
2022-12-08 00:00:00+09:00,87793.75055679287,88871.57561943207,87009.87778396436,87989.71875,922814,0.0,0.0
2022-12-09 00:00:00+09:00,88675.6029790522,89361.49162087913,87891.73024553571,89165.5234375,599973,0.0,0.0
2022-12-12 00:00:00+09:00,87989.71875,89459.48019905345,87695.7664601893,87989.71875,431521,0.0,0.0
2022-12-13 00:00:00+09:00,88381.65029086266,88479.63438209421,85932.04801007378,86323.984375,588048,0.0,0.0
2022-12-14 00:00:00+09:00,87009.87034204672,88283.66348894605,86715.91807737765,88087.6953125,471240,0.0,0.0
2022-12-15 00:00:00+09:00,87695.76337020857,87793.74746335964,86715.92243869786,86911.890625,244911,0.0,0.0
2022-12-16 00:00:00+09:00,85246.16461797591,86128.02149333428,84070.35545083141,85442.1328125,625891,0.0,0.0
2022-12-19 00:00:00+09:00,85442.13197640967,86030.036554229,84364.30691707422,85148.1796875,432162,0.0,0.0
2022-12-20 00:00:00+09:00,84854.22515606853,84952.20924978223,83580.43193779036,84364.3046875,340339,0.0,0.0
2022-12-21 00:00:00+09:00,84952.20868197031,85050.1927750291,83286.4790999709,84168.3359375,255814,0.0,0.0
2022-12-22 00:00:00+09:00,84756.24489548727,89851.41799903101,84756.24489548727,88479.640625,1421236,0.0,0.0
2022-12-23 00:00:00+09:00,86715.9208694307,90341.33225041254,86421.96859529703,89067.5390625,946249,0.0,0.0
2022-12-26 00:00:00+09:00,89067.54125070304,89165.5253444882,86911.8911874297,87107.859375,466302,0.0,0.0
2022-12-27 00:00:00+09:00,87695.7661824136,88577.62304905239,87303.8297972408,87891.734375,553886,0.0,0.0
2022-12-28 00:00:00+09:00,88089.24049217002,89570.56180089485,87496.71196868009,88286.75,490113,700.0,0.0
2022-12-29 00:00:00+09:00,87397.9623825867,88286.75522037572,85422.8671875,85422.8671875,451139,0.0,0.0
2023-01-02 00:00:00+09:00,86114.14742476851,86509.16644965277,85225.35461877893,85324.109375,256377,0.0,0.0
2023-01-03 00:00:00+09:00,85324.1035589265,85916.63205586348,82460.21582373104,84632.8203125,535289,0.0,0.0
2023-01-04 00:00:00+09:00,83842.78736413043,88583.015625,83447.7683423913,88583.015625,582484,0.0,0.0
2023-01-05 00:00:00+09:00,88583.0139304088,89373.05195877363,87891.73065558955,88780.5234375,372671,0.0,0.0
2023-01-06 00:00:00+09:00,87595.46740628446,90459.355292172,87595.46740628446,89570.5625,520258,0.0,0.0
2023-01-09 00:00:00+09:00,90459.34943480547,94310.78461816508,90459.34943480547,93915.765625,1246443,0.0,0.0
2023-01-10 00:00:00+09:00,93718.25612841746,94113.27512158254,92434.4444006309,93915.765625,583121,0.0,0.0
2023-01-11 00:00:00+09:00,94113.28158788239,94607.05536326476,92631.96026173524,93619.5078125,454625,0.0,0.0
2023-01-12 00:00:00+09:00,93817.0149079509,94310.78867062433,91940.6746097919,92533.203125,487521,0.0,0.0
2023-01-13 00:00:00+09:00,92928.22181031051,94113.2788365844,92434.44804936305,93026.9765625,500644,0.0,0.0
2023-01-16 00:00:00+09:00,93520.74862619174,94607.05088056144,91545.65361824683,93224.484375,458632,0.0,0.0
2023-01-17 00:00:00+09:00,93026.9762407603,94014.5237592397,92138.18347412883,93520.75,511231,0.0,0.0
2023-01-18 00:00:00+09:00,93520.7496799501,94409.54244353992,93026.9759224002,94014.5234375,458888,0.0,0.0
2023-01-19 00:00:00+09:00,93026.97829049845,95890.86615719106,92928.22353647456,95100.828125,601293,0.0,0.0
2023-01-20 00:00:00+09:00,95002.07337097611,95495.84714109554,93817.01632268951,95100.828125,391157,0.0,0.0
2023-01-25 00:00:00+09:00,95989.61442158386,96582.1429056677,95002.06694811076,95397.0859375,2772,0.0,0.0
2023-01-26 00:00:00+09:00,95199.58490806946,96680.90625,94607.05637129724,96680.90625,4224,0.0,0.0
2023-01-27 00:00:00+09:00,96878.41576225741,98754.75612870276,96285.88722548519,96680.90625,5807,0.0,0.0
2023-01-30 00:00:00+09:00,98754.75439602447,99939.81144877676,96878.4140625,96878.4140625,8041,0.0,0.0
2023-01-31 00:00:00+09:00,98655.99830638112,101914.90515734266,97964.71503496503,98853.5078125,3354,0.0,0.0
2023-02-01 00:00:00+09:00,98853.51156123992,98853.51156123992,96878.41642515121,97964.71875,3649,0.0,0.0
2023-02-02 00:00:00+09:00,98853.50884229435,100236.07539952923,97767.20654732408,99643.546875,4011,0.0,0.0
2023-02-03 00:00:00+09:00,100038.56589135282,100828.60392405847,98952.26359638256,99643.546875,2138,0.0,0.0
2023-02-06 00:00:00+09:00,99643.55163380456,101618.64680989583,98754.75880456349,99544.796875,2580,0.0,0.0
2023-02-07 00:00:00+09:00,100532.33762918308,101717.3946542815,100038.5638687254,100334.828125,1909,0.0,0.0
2023-02-08 00:00:00+09:00,101223.61720202139,107445.16635687732,100927.35295655204,106260.109375,5726,0.0,0.0
2023-02-09 00:00:00+09:00,105272.56627604166,107445.17083333332,103692.490234375,106655.1328125,6268,0.0,0.0
2023-02-10 00:00:00+09:00,106655.13421112116,110802.83387488697,105568.8319182301,109222.7578125,9459,0.0,0.0
2023-02-13 00:00:00+09:00,108630.22679570896,108630.22679570896,104186.26297224814,105865.09375,3280,0.0,0.0
2023-02-14 00:00:00+09:00,107346.42176467343,112777.93344549868,107346.42176467343,111889.140625,9398,0.0,0.0
2023-02-15 00:00:00+09:00,112185.40525265958,112777.93380152926,111000.34815492021,111395.3671875,4763,0.0,0.0
2023-02-16 00:00:00+09:00,112580.421875,114950.53601973684,111790.38382675438,112580.421875,6019,0.0,0.0
2023-02-17 00:00:00+09:00,111197.85226898595,114061.74011605575,110704.07850224977,112481.6640625,5924,0.0,0.0
2023-02-20 00:00:00+09:00,112580.42392983231,113666.72626599736,111395.36683583408,111889.140625,4327,0.0,0.0
2023-02-21 00:00:00+09:00,111790.38382675438,114654.27175164473,111197.85529057017,112580.421875,4281,0.0,0.0
2023-02-22 00:00:00+09:00,111592.87156840684,112382.90959720971,109617.77649639965,109716.53125,6607,0.0,0.0
2023-02-23 00:00:00+09:00,111000.34377724498,115543.06247275502,110901.58902299477,113271.703125,4751,0.0,0.0
2023-02-24 00:00:00+09:00,113567.96668320106,114259.24995866402,111000.34308862434,111987.890625,2785,0.0,0.0
2023-02-27 00:00:00+09:00,111395.36413043478,112679.17595108695,110012.79755434782,111296.609375,556263,0.0,0.0
2023-02-28 00:00:00+09:00,111987.89370222572,111987.89370222572,109124.00576804181,109815.2890625,666842,0.0,0.0
2023-03-02 00:00:00+09:00,109222.75883640036,111000.34442324955,109222.75883640036,110012.796875,484235,0.0,0.0
2023-03-03 00:00:00+09:00,111099.10434764215,111987.89718242329,108136.46156503836,109420.2734375,475873,0.0,0.0
2023-03-06 00:00:00+09:00,110605.32641921398,114061.7428698144,109716.53361763101,113074.1953125,964347,0.0,0.0
2023-03-07 00:00:00+09:00,112975.4375,113962.9850305944,110802.83293269231,112975.4375,748490,0.0,0.0
2023-03-08 00:00:00+09:00,114753.02413563829,119098.2333111702,114753.02413563829,116036.8359375,1731900,0.0,0.0
2023-03-09 00:00:00+09:00,118110.6861111111,119888.27168803419,115246.7982371795,115543.0625,1144788,0.0,0.0
2023-03-10 00:00:00+09:00,113962.98573898012,116826.87359550562,113172.94770959378,114259.25,858971,0.0,0.0
2023-03-13 00:00:00+09:00,114555.51462765958,117024.38347739361,112185.40053191489,116036.8359375,851620,0.0,0.0
2023-03-14 00:00:00+09:00,115246.80349256484,115839.33204522585,109815.29175983899,110407.8203125,1114429,0.0,0.0
2023-03-15 00:00:00+09:00,113172.9450862436,116333.09713053663,111790.37856686542,115938.078125,1133693,0.0,0.0
2023-03-16 00:00:00+09:00,114555.51462765958,117715.66675531915,114358.00511968085,116036.8359375,916862,0.0,0.0
2023-03-17 00:00:00+09:00,117518.15382474555,118011.9275803117,115444.30405136768,116431.8515625,918172,0.0,0.0
2023-03-20 00:00:00+09:00,116728.11845643108,117024.38271647278,111494.11652902765,112481.6640625,965943,0.0,0.0
2023-03-21 00:00:00+09:00,113074.19771899824,113271.70723466462,111000.34780450133,111889.140625,712657,0.0,0.0
2023-03-22 00:00:00+09:00,114061.7414965521,115049.2890419768,112185.40116024518,112777.9296875,756170,0.0,0.0
2023-03-23 00:00:00+09:00,112284.16072925983,113271.70831702817,108926.49893084749,110407.8203125,1324425,0.0,0.0
2023-03-24 00:00:00+09:00,110506.57267699114,112086.64878318584,109617.77986725663,111592.875,893158,0.0,0.0
2023-03-27 00:00:00+09:00,111592.874655837,113074.19600082599,109617.77952918502,112086.6484375,778173,0.0,0.0
2023-03-28 00:00:00+09:00,111592.877417822,111691.63217659884,107642.68706674865,110407.8203125,1263322,0.0,0.0
2023-03-29 00:00:00+09:00,111494.11821130167,113074.19428869833,111296.60870162709,112284.15625,554609,0.0,0.0
2023-03-30 00:00:00+09:00,113074.19153404067,114160.49381078691,111691.625,111691.625,570965,0.0,0.0
2023-03-31 00:00:00+09:00,112679.17729564181,114259.25340145273,112382.91302580226,113864.234375,855187,0.0,0.0
2023-04-03 00:00:00+09:00,114555.51872803163,114851.78300060413,111790.38551735501,112382.9140625,713112,0.0,0.0
2023-04-04 00:00:00+09:00,112876.68177712467,115740.56959124244,111395.36049396031,114456.7578125,896834,0.0,0.0
2023-04-05 00:00:00+09:00,115246.79993177441,118209.44260354238,114654.27139742082,115345.5546875,1010185,0.0,0.0
2023-04-06 00:00:00+09:00,115938.0804296532,116629.36370308384,112185.3998024583,112481.6640625,891174,0.0,0.0
2023-04-07 00:00:00+09:00,114061.74458661416,114654.27312992126,112382.91371391076,112876.6875,921786,0.0,0.0
2023-04-10 00:00:00+09:00,113567.97013274336,114456.76294247787,111197.85597345133,111592.875,1018183,0.0,0.0
2023-04-11 00:00:00+09:00,112086.64433697824,112777.92760601688,110704.07779890098,111197.8515625,1095649,0.0,0.0
2023-04-12 00:00:00+09:00,111296.60503244982,113469.20956724476,111296.60503244982,113172.9453125,1116912,0.0,0.0
2023-04-13 00:00:00+09:00,114555.51767129228,116036.83902049004,112086.64875596271,113864.234375,1275287,0.0,0.0
2023-04-14 00:00:00+09:00,114654.26934814453,115444.30737982856,113172.94803873698,113765.4765625,795003,0.0,0.0
2023-04-17 00:00:00+09:00,113666.72385388815,113666.72385388815,110309.06215881239,110802.8359375,1014716,0.0,0.0
2023-04-18 00:00:00+09:00,110901.58796062949,111592.87123375897,109617.77616767473,110210.3046875,1014529,0.0,0.0
2023-04-19 00:00:00+09:00,111197.85292570859,112086.64571108282,110407.81489426484,111494.1171875,747852,0.0,0.0
2023-04-20 00:00:00+09:00,111197.85289048371,111889.13616777802,107938.94601181058,109222.7578125,877927,0.0,0.0
2023-04-21 00:00:00+09:00,108926.49385435993,109222.75811688311,105568.83221243042,106457.625,1187692,0.0,0.0
2023-04-24 00:00:00+09:00,105865.09206238361,107148.90381314012,105865.09206238361,106062.6015625,561213,0.0,0.0
2023-04-25 00:00:00+09:00,106358.87261105371,108531.47725120523,104976.30602186639,107543.9296875,1051431,0.0,0.0
2023-04-26 00:00:00+09:00,107642.67693438653,108728.9791786785,106655.12943957566,107050.1484375,603110,0.0,0.0
2023-04-27 00:00:00+09:00,107148.9051981778,107543.92420351671,105568.82917682218,106358.8671875,522016,0.0,0.0
2023-04-28 00:00:00+09:00,108531.48168744282,109124.01024988563,106852.6507605215,107938.953125,808675,0.0,0.0
2023-05-02 00:00:00+09:00,107938.95141980593,108432.7252140411,107346.42286672375,108136.4609375,443845,0.0,0.0
2023-05-03 00:00:00+09:00,107741.44360418573,108037.70788540713,106556.3864793001,107938.953125,371989,0.0,0.0
2023-05-04 00:00:00+09:00,107642.68579727564,108630.23337339744,106655.13822115384,107840.1953125,436200,0.0,0.0
2023-05-08 00:00:00+09:00,108630.23430543188,111197.85802537845,108333.97003005343,110901.59375,821333,0.0,0.0
2023-05-09 00:00:00+09:00,111592.87261226542,112185.40113941018,109617.77752178285,110506.5703125,562232,0.0,0.0
2023-05-10 00:00:00+09:00,110309.05884872715,113962.98470137075,110210.304095953,113469.2109375,1231852,0.0,0.0
2023-05-11 00:00:00+09:00,114061.74016378012,115049.28769766567,112679.17361634035,114753.0234375,904911,0.0,0.0
2023-05-12 00:00:00+09:00,114654.27493990384,114753.02969868068,110407.8203125,110407.8203125,753751,0.0,0.0
2023-05-15 00:00:00+09:00,110012.79992993273,110802.83799047086,108728.98808155829,110111.5546875,485601,0.0,0.0
2023-05-16 00:00:00+09:00,110802.83870192307,111197.8577347285,108926.49829609728,109124.0078125,646552,0.0,0.0
2023-05-17 00:00:00+09:00,108827.73948558982,111099.09883964476,108827.73948558982,110506.5703125,388321,0.0,0.0
2023-05-18 00:00:00+09:00,111296.61073008849,112086.64878318584,110704.08219026549,111592.875,407261,0.0,0.0
2023-05-19 00:00:00+09:00,112185.40013227513,112777.92865410053,111296.60734953704,111987.890625,436895,0.0,0.0
2023-05-22 00:00:00+09:00,111691.63075983085,113864.23542536248,111592.87600230669,112382.9140625,516511,0.0,0.0
2023-05-23 00:00:00+09:00,112975.43919658494,113962.98674200963,112185.40116024518,112777.9296875,430549,0.0,0.0
2023-05-24 00:00:00+09:00,112086.65014066637,112382.91441416593,111296.6120780009,111889.140625,368199,0.0,0.0
2023-05-25 00:00:00+09:00,111790.38007881882,112086.64433697824,110111.54928258214,111197.8515625,475713,0.0,0.0
2023-05-26 00:00:00+09:00,110901.59035326086,112185.40217391304,110605.32608695651,111296.609375,389620,0.0,0.0
2023-05-30 00:00:00+09:00,113074.1931044836,123344.6875,112284.15507405925,123344.6875,3759591,0.0,0.0
2023-05-31 00:00:00+09:00,123640.95796009772,123937.22223635993,120777.06995622964,121270.84375,1976166,0.0,0.0
2023-06-01 00:00:00+09:00,120777.0682609248,122455.89913617886,119690.76592987805,121468.3515625,938784,0.0,0.0
2023-06-02 00:00:00+09:00,122357.139590526,122850.91335804225,119987.02550644802,121567.1015625,923145,0.0,0.0
2023-06-05 00:00:00+09:00,122258.3852446934,127294.8776901533,122060.8757370283,125616.046875,1917032,0.0,0.0
2023-06-07 00:00:00+09:00,126702.35018272673,127097.36920122315,124134.7265625,124134.7265625,872501,0.0,0.0
2023-06-08 00:00:00+09:00,124628.49966702842,125714.8019620659,123739.70688017955,125122.2734375,919226,0.0,0.0
2023-06-09 00:00:00+09:00,125714.80229793978,125912.3118066561,123640.95245641838,124628.5,670364,0.0,0.0
2023-06-12 00:00:00+09:00,126011.06379378981,126208.57329816879,123937.21399781051,124035.96875,482727,0.0,0.0
2023-06-13 00:00:00+09:00,124430.99012761253,124727.25438982113,121468.34750552652,122850.9140625,873521,0.0,0.0
2023-06-14 00:00:00+09:00,123147.1796875,125122.2747907478,122554.65115652567,123147.1796875,786347,0.0,0.0
2023-06-15 00:00:00+09:00,123147.17728559871,123937.21531148868,121270.83697411003,122060.875,634873,0.0,0.0
2023-06-16 00:00:00+09:00,122554.65284889558,122949.671875,121172.08625753011,122949.671875,632413,0.0,0.0
2023-06-19 00:00:00+09:00,123542.1970076061,124233.4802842274,122455.89471577262,123344.6875,592598,0.0,0.0
2023-06-20 00:00:00+09:00,123147.18036959379,123245.93512530315,121270.84001111561,122159.6328125,393495,0.0,0.0
2023-06-21 00:00:00+09:00,122159.63348125,125122.27616875,122060.878725,123443.4453125,830330,0.0,0.0
2023-06-22 00:00:00+09:00,123443.4419233453,124233.4799516547,121764.6111131878,123838.4609375,429073,0.0,0.0
2023-06-23 00:00:00+09:00,124035.9766321979,124035.9766321979,120974.579119779,121764.6171875,442726,0.0,0.0
2023-06-26 00:00:00+09:00,121567.10597165991,122752.16305668016,120777.06791497975,121962.125,390871,0.0,0.0
2023-06-27 00:00:00+09:00,121962.12534933943,121962.12534933943,120184.53971671748,121468.3515625,392796,0.0,0.0
2023-06-28 00:00:00+09:00,122357.14609629479,123344.6936838355,121073.33423249185,121270.84375,430813,0.0,0.0
2023-06-29 00:00:00+09:00,121468.34951636905,126307.33254588293,121270.84000496032,124430.9921875,951939,0.0,0.0
2023-06-30 00:00:00+09:00,125813.55671616022,126504.83999482045,122949.66884742503,125122.2734375,747023,0.0,0.0
2023-07-03 00:00:00+09:00,126603.59132818646,126603.59132818646,124233.47729396145,125517.2890625,579555,0.0,0.0
2023-07-04 00:00:00+09:00,126406.08424336974,130751.29338923556,125813.55572347893,126603.59375,1276606,0.0,0.0
2023-07-05 00:00:00+09:00,127097.36751657566,127887.40554309673,125122.27245027301,126603.59375,598268,0.0,0.0
2023-07-06 00:00:00+09:00,126504.84414280725,126504.84414280725,123147.18239350559,123739.7109375,752592,0.0,0.0
2023-07-07 00:00:00+09:00,123640.9562245935,123739.71098196138,119789.52068724594,121468.3515625,1017692,0.0,0.0
2023-07-10 00:00:00+09:00,121468.34847844463,122357.14127218936,116333.10122569739,116826.875,1234262,0.0,0.0
2023-07-11 00:00:00+09:00,117419.40182621307,117814.42083992616,115543.06151107594,117024.3828125,749754,0.0,0.0
2023-07-12 00:00:00+09:00,116728.12359608985,119295.74729617305,116728.12359608985,118703.21875,803261,0.0,0.0
2023-07-13 00:00:00+09:00,119987.02819321457,122258.38757464991,119888.2734375,119888.2734375,952933,0.0,0.0
2023-07-14 00:00:00+09:00,120085.7803030303,124233.4799516547,119690.7612888756,123838.4609375,887354,0.0,0.0
2023-07-17 00:00:00+09:00,123147.18344860662,123245.93820678514,121567.10731775041,122258.390625,503904,0.0,0.0
2023-07-18 00:00:00+09:00,123344.68712555848,124035.97040008123,120875.81828797725,121567.1015625,507638,0.0,0.0
2023-07-19 00:00:00+09:00,122357.14402834007,123739.71062753037,121863.37024291497,121962.125,528890,0.0,0.0
2023-07-20 00:00:00+09:00,121172.08526178954,122653.40659750823,119196.99014749794,119888.2734375,525660,0.0,0.0
2023-07-21 00:00:00+09:00,118999.48572019867,119493.25951986756,117814.42860099339,119295.75,447735,0.0,0.0
2023-07-24 00:00:00+09:00,119295.74114583332,119295.74114583332,117518.15559895833,118505.703125,700303,0.0,0.0
2023-07-25 00:00:00+09:00,118900.72279411764,118999.4775472689,116431.85396533612,117518.15625,888147,0.0,0.0
2023-07-26 00:00:00+09:00,116925.63112639725,117518.15966251075,113567.96942175408,114851.78125,1191082,0.0,0.0
2023-07-27 00:00:00+09:00,115839.32642952127,118505.70478723403,114950.53364361702,116036.8359375,848072,0.0,0.0
2023-07-28 00:00:00+09:00,116530.60960103977,116530.60960103977,108136.45551960895,109222.7578125,2067990,0.0,0.0
2023-07-31 00:00:00+09:00,109716.5266734894,109914.03617245157,106457.61994061347,107050.1484375,1536570,0.0,0.0
2023-08-01 00:00:00+09:00,107247.66676682692,109025.25240384616,107148.91200921475,107840.1953125,999759,0.0,0.0
2023-08-02 00:00:00+09:00,106358.87160326086,107050.15489130434,104186.26698369565,104482.53125,1205051,0.0,0.0
2023-08-03 00:00:00+09:00,104680.03525334608,105075.0542543021,103198.71399976099,103297.46875,839099,0.0,0.0
2023-08-04 00:00:00+09:00,103889.99788851352,104186.2621410473,102211.16712415541,102309.921875,938988,0.0,0.0
2023-08-07 00:00:00+09:00,102211.16744210718,103494.9792070805,100927.35567713385,101816.1484375,773844,0.0,0.0
2023-08-08 00:00:00+09:00,102803.69799041748,103001.20749664307,101026.1124343872,101124.8671875,687995,0.0,0.0
2023-08-09 00:00:00+09:00,101618.64100555157,103396.2265625,100828.60298024116,103396.2265625,758819,0.0,0.0
2023-08-10 00:00:00+09:00,102211.16980495583,102211.16980495583,100334.82948969578,100631.09375,965050,0.0,0.0
2023-08-11 00:00:00+09:00,101223.62566233141,104285.02312138729,101026.11614884394,102507.4375,820040,0.0,0.0
2023-08-14 00:00:00+09:00,102112.41850369457,102211.17326046797,99939.8138546798,100236.078125,611893,0.0,0.0
2023-08-16 00:00:00+09:00,99248.527155497,99347.28190888555,97668.45110128012,98359.734375,1001720,0.0,0.0
2023-08-17 00:00:00+09:00,97372.18818818819,98952.26426426427,96483.3953953954,98656.0,822444,0.0,0.0
2023-08-18 00:00:00+09:00,97174.684448118,97964.72253306206,96483.40112379196,97075.9296875,651756,0.0,0.0
2023-08-21 00:00:00+09:00,97470.9422540568,99544.7920892495,97273.43274594321,97372.1875,483252,0.0,0.0
2023-08-22 00:00:00+09:00,98557.24764121075,98656.00239836627,97174.68104103344,97470.9453125,493253,0.0,0.0
2023-08-23 00:00:00+09:00,97470.9422540568,98162.22553245437,96483.39471348884,97372.1875,437376,0.0,0.0
2023-08-24 00:00:00+09:00,98655.99896726791,99248.52748959383,97865.9609375,97865.9609375,428094,0.0,0.0
2023-08-25 00:00:00+09:00,96878.42016626398,98260.98681491606,96384.64636317395,97075.9296875,358283,0.0,0.0
2023-08-28 00:00:00+09:00,97470.94159450302,98359.734375,97273.4320877259,98359.734375,286756,0.0,0.0
2023-08-29 00:00:00+09:00,99248.527155497,99248.527155497,98162.2248682229,98359.734375,381781,0.0,0.0
2023-08-30 00:00:00+09:00,99149.77207167832,100334.82910839161,98754.75305944055,98853.5078125,539750,0.0,0.0
2023-08-31 00:00:00+09:00,98853.51364213198,99051.02315989847,96977.17322335026,97273.4375,834956,0.0,0.0
2023-09-01 00:00:00+09:00,97372.18684111445,100137.31993599398,97372.18684111445,98359.734375,715471,0.0,0.0
2023-09-04 00:00:00+09:00,99347.28463414634,101816.15353658538,98853.51085365855,101223.625,838710,0.0,0.0
2023-09-05 00:00:00+09:00,101618.64265839041,101717.39741316046,100137.32133683952,100927.359375,548160,0.0,0.0
2023-09-06 00:00:00+09:00,100532.34309701493,100828.60736940299,98557.24794776119,99248.53125,502812,0.0,0.0
2023-09-07 00:00:00+09:00,98162.23096192384,99051.02379759519,98063.47620240481,98557.25,415020,0.0,0.0
2023-09-08 00:00:00+09:00,98557.25072747975,98557.25072747975,96977.17456351215,97569.703125,514430,0.0,0.0
2023-09-11 00:00:00+09:00,97569.69972278226,97964.71875,97174.68069556452,97964.71875,316499,0.0,0.0
2023-09-12 00:00:00+09:00,98063.47521306817,98754.75852272726,97767.2109375,97767.2109375,443115,0.0,0.0
2023-09-13 00:00:00+09:00,98557.24397192898,103494.98164587333,98458.4892184501,102902.453125,1747152,0.0,0.0
2023-09-14 00:00:00+09:00,103593.73947597077,103692.49423238255,101914.90861697028,103001.2109375,801801,0.0,0.0
2023-09-15 00:00:00+09:00,103593.73281104515,107050.14906308193,103396.22331092876,106062.6015625,1559412,0.0,0.0
2023-09-18 00:00:00+09:00,104778.7910712168,105667.5838324241,103791.24355876422,104087.5078125,500798,0.0,0.0
2023-09-19 00:00:00+09:00,104087.51325802972,105075.06082214766,101816.1538605585,103001.2109375,631804,0.0,0.0
2023-09-20 00:00:00+09:00,101717.39505258705,102211.16881497824,100334.82851789168,102112.4140625,698127,0.0,0.0
2023-09-21 00:00:00+09:00,101618.640625,103988.75469205539,101026.11210823615,101618.640625,562419,0.0,0.0
2023-09-22 00:00:00+09:00,100433.58192137488,102211.16744210718,100137.31766791949,101816.1484375,456213,0.0,0.0
2023-09-25 00:00:00+09:00,101816.14980506529,102309.92356745648,100729.84752780464,102112.4140625,335383,0.0,0.0
2023-09-26 00:00:00+09:00,102211.17222411868,102309.92697989076,98853.51052786743,99446.0390625,734024,0.0,0.0
2023-09-27 00:00:00+09:00,98655.99933411794,100729.84916997027,98359.73507185331,99643.546875,469905,0.0,0.0
2023-10-04 00:00:00+09:00,97668.45381128702,98162.22759193054,96384.6419816139,96680.90625,785602,0.0,0.0
2023-10-05 00:00:00+09:00,97470.9422540568,98458.48979462475,96680.90422160244,97372.1875,381548,0.0,0.0
2023-10-06 00:00:00+09:00,98063.47420761202,98162.2289651222,96483.39808744908,96977.171875,399040,0.0,0.0
2023-10-10 00:00:00+09:00,98359.73094077069,104285.01593720267,97865.95719106802,103791.2421875,1679320,0.0,0.0
2023-10-11 00:00:00+09:00,103494.97701688555,105766.33624530956,102112.41053001877,105272.5625,1566039,0.0,0.0
2023-10-12 00:00:00+09:00,105568.83184699292,106260.11512382075,103988.75578567217,104680.0390625,611354,0.0,0.0
2023-10-13 00:00:00+09:00,103692.48743755947,104482.52543708374,102902.44943803521,103791.2421875,433329,0.0,0.0
2023-10-16 00:00:00+09:00,103099.96332938389,104877.54890402843,102112.4157879147,104186.265625,507581,0.0,0.0
2023-10-17 00:00:00+09:00,105173.81113170905,107050.15142419963,104482.52786605462,104877.546875,540306,0.0,0.0
2023-10-18 00:00:00+09:00,104680.03400562852,106161.35524155722,103988.75076219512,105272.5625,441654,0.0,0.0
2023-10-19 00:00:00+09:00,103692.48984816385,105667.58489289078,103396.22559145482,104877.546875,411350,0.0,0.0
2023-10-20 00:00:00+09:00,104186.26256374526,104778.7910712168,102704.94129506641,104087.5078125,473987,0.0,0.0
2023-10-23 00:00:00+09:00,104087.50845605844,104680.03696719349,102704.94193007663,103099.9609375,326339,0.0,0.0
2023-10-24 00:00:00+09:00,104186.26118726213,104976.29918678639,102013.65668857041,103791.2421875,384139,0.0,0.0
2023-10-25 00:00:00+09:00,104482.52793778802,108136.45377304147,104482.52793778802,107148.90625,1039648,0.0,0.0
2023-10-26 00:00:00+09:00,104778.79585855888,105568.83390461776,103494.9840337132,103988.7578125,581477,0.0,0.0
2023-10-27 00:00:00+09:00,104680.03721702757,104680.03721702757,97767.20457062009,100334.828125,1033993,0.0,0.0
2023-10-30 00:00:00+09:00,100334.82717022308,102902.45070016973,100334.82717022308,101816.1484375,471152,0.0,0.0
2023-10-31 00:00:00+09:00,102803.7014716023,103988.75854908476,98063.47316167252,98458.4921875,715127,0.0,0.0
2023-11-01 00:00:00+09:00,99841.06151078017,100631.09958406033,98754.75916001994,99051.0234375,426695,0.0,0.0
2023-11-02 00:00:00+09:00,100828.60634246489,101717.39915057672,98359.73743104312,98458.4921875,1102768,0.0,0.0
2023-11-03 00:00:00+09:00,99643.5465437007,100433.58457377959,99149.77277490139,100137.3203125,524655,0.0,0.0
2023-11-06 00:00:00+09:00,102606.19123189696,103988.7578125,101421.13416280864,103988.7578125,794809,0.0,0.0
2023-11-07 00:00:00+09:00,103692.49010215185,103692.49010215185,101322.37604267409,102112.4140625,500058,0.0,0.0
2023-11-08 00:00:00+09:00,103297.47625851167,105075.06189202335,101421.13586758269,101519.890625,578249,0.0,0.0
2023-11-09 00:00:00+09:00,101816.15116471794,103593.73673306413,101717.39641092093,102408.6796875,390517,0.0,0.0
2023-11-10 00:00:00+09:00,102013.66067231196,102902.45345648505,100828.60362674783,102408.6796875,315618,0.0,0.0
2023-11-13 00:00:00+09:00,103791.2441157566,103791.2441157566,100828.6015625,100828.6015625,336661,0.0,0.0
2023-11-14 00:00:00+09:00,101816.15454834221,102803.70211913117,101322.38076294772,102013.6640625,293782,0.0,0.0
2023-11-15 00:00:00+09:00,104383.77279317011,105470.075064433,103396.2252738402,105371.3203125,656732,0.0,0.0
2023-11-16 00:00:00+09:00,105272.56294684041,110407.80991985701,105173.80819735932,107050.1484375,1367614,0.0,0.0
2023-11-17 00:00:00+09:00,107741.43502394749,107741.43502394749,104285.01868495742,104383.7734375,558146,0.0,0.0
2023-11-20 00:00:00+09:00,104778.78875469042,106062.6004924953,103988.75076219512,105272.5625,360450,0.0,0.0
2023-11-21 00:00:00+09:00,105568.82719528368,108037.69593231089,105568.82719528368,107050.1484375,553572,0.0,0.0
2023-11-22 00:00:00+09:00,106556.37362046934,106852.63786593867,105272.56189010224,106260.109375,362536,0.0,0.0
2023-11-23 00:00:00+09:00,106556.3793853184,106852.64364681604,103988.75578567217,104680.0390625,536208,0.0,0.0
2023-11-24 00:00:00+09:00,104976.30089668732,105470.0746544328,103494.97962345091,103593.734375,359388,0.0,0.0
2023-11-27 00:00:00+09:00,103988.75231898416,104680.03557276657,102507.43106087897,102803.6953125,418757,0.0,0.0
2023-11-28 00:00:00+09:00,103692.49252392344,104482.53056220095,102408.68071172248,103198.71875,543628,0.0,0.0
2023-11-29 00:00:00+09:00,102902.45208232592,103593.7353496736,101717.39505258705,102112.4140625,536827,0.0,0.0
2023-11-30 00:00:00+09:00,101717.39707582766,102704.94462025317,101223.62330361489,101421.1328125,925212,0.0,0.0
2023-12-01 00:00:00+09:00,101914.90521240234,102507.4337310791,101026.1124343872,101124.8671875,465918,0.0,0.0
2023-12-04 00:00:00+09:00,101816.14940637304,102013.6589105561,100038.5638687254,100334.828125,506453,0.0,0.0
2023-12-05 00:00:00+09:00,100334.8284495549,100927.35696402077,99643.54518267805,99841.0546875,404265,0.0,0.0
2023-12-06 00:00:00+09:00,100038.56966406251,100334.8339375,98656.0030546875,98754.7578125,772580,0.0,0.0
2023-12-07 00:00:00+09:00,97964.7166841553,98260.9809483211,93915.77174055614,94113.28125,2316717,0.0,0.0
2023-12-08 00:00:00+09:00,94903.31341668869,95100.82291391384,92631.95419859937,93421.9921875,1346294,0.0,0.0
2023-12-11 00:00:00+09:00,93817.015625,95199.58217105264,93125.73235197368,93817.015625,1155003,0.0,0.0
2023-12-12 00:00:00+09:00,94804.56049638057,95890.86275206825,94212.03199327819,95495.84375,980503,0.0,0.0
2023-12-13 00:00:00+09:00,95693.35698558194,95989.6212486952,94508.29993312892,94607.0546875,547785,0.0,0.0
2023-12-14 00:00:00+09:00,95890.86582354081,95989.62057722107,94804.56353305785,95594.6015625,1033739,0.0,0.0
2023-12-15 00:00:00+09:00,95693.35293692129,96187.1266878858,95199.57918595678,95989.6171875,925632,0.0,0.0
2023-12-18 00:00:00+09:00,96187.12421956296,96187.12421956296,94903.3125,94903.3125,537938,0.0,0.0
2023-12-19 00:00:00+09:00,93817.02258710579,98063.47729368006,93619.51306586977,97075.9296875,1234344,0.0,0.0
2023-12-20 00:00:00+09:00,97767.20923639114,98260.9830204133,97075.92593876008,97964.71875,570657,0.0,0.0
2023-12-21 00:00:00+09:00,97273.43679334171,99149.77719849246,97273.43679334171,98260.984375,543574,0.0,0.0
2023-12-22 00:00:00+09:00,99149.7754826981,99149.7754826981,97767.2088923019,98458.4921875,319969,0.0,0.0
2023-12-26 00:00:00+09:00,99347.28635937501,99347.28635937501,97964.71975,98754.7578125,313537,0.0,0.0
2023-12-27 00:00:00+09:00,99551.1640625,99551.1640625,98256.9989296875,99551.1640625,306136,800.0,0.0
2023-12-28 00:00:00+09:00,99451.61380310658,101442.63710246807,99053.40914323428,101343.0859375,751858,0.0,0.0
2024-01-02 00:00:00+09:00,101044.43397898176,101343.08747842703,100048.9223141642,100944.8828125,407630,0.0,0.0
2024-01-03 00:00:00+09:00,99949.36670854272,100546.67368090453,98953.85508793971,99053.40625,489206,0.0,0.0
2024-01-04 00:00:00+09:00,98057.89721529909,98256.99954467025,96763.73207438651,97361.0390625,713479,0.0,0.0
2024-01-05 00:00:00+09:00,97161.9355046344,97361.03783148815,96365.52619721937,96664.1796875,472224,0.0,0.0
2024-01-08 00:00:00+09:00,97062.38450744198,99849.81708816852,96564.6286894551,98655.203125,757089,0.0,0.0
2024-01-09 00:00:00+09:00,99650.71506696429,100248.02205038266,97560.140625,97560.140625,540554,0.0,0.0
2024-01-10 00:00:00+09:00,97560.14371141975,98456.10421489198,96564.63204089506,96763.734375,508980,0.0,0.0
2024-01-11 00:00:00+09:00,97062.38856907895,97062.38856907895,94573.609375,94573.609375,1235778,0.0,0.0
2024-01-12 00:00:00+09:00,94573.60661958817,95370.01593848997,93876.7484655491,94274.953125,583157,0.0,0.0
2024-01-15 00:00:00+09:00,94872.25857649843,94971.80973974764,94474.05392350157,94673.15625,59759,0.0,0.0
2024-01-16 00:00:00+09:00,94274.949598639,94971.80772661205,93279.43798724894,94175.3984375,443988,0.0,0.0
2024-01-17 00:00:00+09:00,93578.09231243154,93677.64347446604,90292.903965293,90890.2109375,922101,0.0,0.0
2024-01-18 00:00:00+09:00,90691.1128957648,91985.27806332237,90691.1128957648,90790.6640625,491278,0.0,0.0
2024-01-19 00:00:00+09:00,91786.17340686274,91985.27573529411,90492.00827205883,91387.96875,438001,0.0,0.0
2024-01-22 00:00:00+09:00,92483.03389699836,92483.03389699836,90392.45939555921,90790.6640625,500375,0.0,0.0
2024-01-23 00:00:00+09:00,91587.07122867805,94474.05499566898,90790.66191364605,93378.9921875,513677,0.0,0.0
2024-01-24 00:00:00+09:00,93876.75154752396,94772.71206070288,92781.68869808307,93478.546875,446762,0.0,0.0
2024-01-25 00:00:00+09:00,93478.54258643618,93876.74724069149,92283.92862367022,93578.09375,300281,0.0,0.0
2024-01-26 00:00:00+09:00,93578.09174465241,93677.64290608288,92283.92664605615,93080.3359375,359923,0.0,0.0
2024-01-29 00:00:00+09:00,93179.89183457052,95071.3639978791,93179.89183457052,93876.75,462718,0.0,0.0
2024-01-30 00:00:00+09:00,94573.60739087302,95270.46555059524,94075.8515625,94075.8515625,441305,0.0,0.0
2024-01-31 00:00:00+09:00,93876.74522894385,93976.29639037434,90790.65922459893,93080.3359375,703333,0.0,0.0
2024-02-01 00:00:00+09:00,92184.37716876972,95170.91206624606,92084.8260055205,94673.15625,680461,0.0,0.0
2024-02-02 00:00:00+09:00,95170.91148509763,97460.5882258479,94971.809159815,96863.28125,937733,0.0,0.0
2024-02-05 00:00:00+09:00,97361.03783148815,97560.14015834192,95071.36107266993,96664.1796875,593080,0.0,0.0
2024-02-06 00:00:00+09:00,96365.52419772257,97261.48464997413,96166.421875,96166.421875,418705,0.0,0.0
2024-02-07 00:00:00+09:00,97261.48759005309,98953.85738435289,96365.5271107179,98456.1015625,792315,0.0,0.0
2024-02-08 00:00:00+09:00,99053.40730810845,99352.06079747963,97560.13986125254,97759.2421875,602261,0.0,0.0
2024-02-13 00:00:00+09:00,98555.65470950704,100048.92220510564,98257.00121038733,98953.859375,669368,0.0,0.0
2024-02-14 00:00:00+09:00,97858.79807449495,100048.92376893939,97161.93989898989,98555.65625,506194,0.0,0.0
2024-02-15 00:00:00+09:00,99949.37216488278,99949.37216488278,97361.04181001529,97659.6953125,408053,0.0,0.0
2024-02-16 00:00:00+09:00,98456.10003619084,99053.40701315459,97261.48608226335,98854.3046875,477114,0.0,0.0
2024-02-19 00:00:00+09:00,98953.85784068136,99949.36948897796,98953.85784068136,99352.0625,490299,0.0,0.0
2024-02-20 00:00:00+09:00,99650.7158502684,99750.26701495399,97062.38556844325,97361.0390625,471790,0.0,0.0
2024-02-21 00:00:00+09:00,97361.03983094262,98754.75614754099,97161.9375,97161.9375,300832,0.0,0.0
2024-02-22 00:00:00+09:00,98057.89721529909,98057.89721529909,97161.93673312884,97361.0390625,209279,0.0,0.0
2024-02-23 00:00:00+09:00,98157.45192798774,98754.75893769153,97460.59375,97460.59375,295948,0.0,0.0
2024-02-26 00:00:00+09:00,99949.36777622199,100944.87940745926,97759.2421875,97759.2421875,585114,0.0,0.0
2024-02-27 00:00:00+09:00,98157.45106009365,98257.0022274974,95071.36487057753,95668.671875,469486,0.0,0.0
2024-02-28 00:00:00+09:00,95668.66711208028,95867.76943697534,93578.09270068206,94872.2578125,715424,0.0,0.0
2024-02-29 00:00:00+09:00,95370.01516398841,95768.21982020547,94274.95235939146,94474.0546875,605548,0.0,0.0
2024-03-04 00:00:00+09:00,94673.16089257189,95170.91673322684,93378.99570686901,93478.546875,627925,0.0,0.0
2024-03-05 00:00:00+09:00,93080.34022851981,94075.85188871788,92483.03323240097,92980.7890625,400619,0.0,0.0
2024-03-06 00:00:00+09:00,92881.23681692185,94971.81127903907,92781.68565205914,94274.953125,440556,0.0,0.0
2024-03-07 00:00:00+09:00,94274.95235939146,94872.25934371707,93478.54304695732,94474.0546875,336931,0.0,0.0
2024-03-08 00:00:00+09:00,95170.9140625,95569.11872384937,94374.50473980125,95170.9140625,386803,0.0,0.0
2024-03-11 00:00:00+09:00,95370.01285994764,96465.07563808901,94474.05240510471,95071.359375,430272,0.0,0.0
2024-03-12 00:00:00+09:00,96066.87392158742,98356.55070935583,95668.6692628451,97361.0390625,907451,0.0,0.0
2024-03-13 00:00:00+09:00,98257.00032018442,98555.65381659837,96763.73283811475,97161.9375,369089,0.0,0.0
2024-03-14 00:00:00+09:00,97659.69073357251,98854.3046875,97361.03724509064,98854.3046875,671971,0.0,0.0
2024-03-15 00:00:00+09:00,98655.20389124115,98953.85738435289,97560.14108316481,98456.1015625,616605,0.0,0.0
2024-03-18 00:00:00+09:00,99053.41156672737,99053.41156672737,95569.12070759626,95668.671875,562587,0.0,0.0
2024-03-19 00:00:00+09:00,95569.11642411642,96265.97456470894,94474.05363175676,95768.21875,392220,0.0,0.0
2024-03-20 00:00:00+09:00,96365.52649739583,96962.83347981771,95370.01486002604,95569.1171875,305510,0.0,0.0
2024-03-21 00:00:00+09:00,96564.63213520666,98754.7578125,95867.77396515878,98754.7578125,785161,0.0,0.0
2024-03-22 00:00:00+09:00,97958.3477112676,99750.26870598592,97759.24537852113,98953.859375,575294,0.0,0.0
2024-03-25 00:00:00+09:00,99053.40854872346,99750.2666993175,98157.44806938827,98456.1015625,313812,0.0,0.0
2024-03-26 00:00:00+09:00,99053.41280346074,100248.02682722107,96265.98008135331,96365.53125,1169503,0.0,0.0
2024-03-27 00:00:00+09:00,96265.97930895619,97062.38865173969,96066.87697326031,96564.6328125,394971,0.0,0.0
2024-03-28 00:00:00+09:00,96664.18475594008,96962.83826188016,96066.87774405991,96365.53125,467819,0.0,0.0
2024-03-29 00:00:00+09:00,96763.73067823345,96962.83300473186,94673.15625,94673.15625,632913,0.0,0.0
2024-04-01 00:00:00+09:00,95071.36334196891,96265.97733160622,95071.36334196891,96066.875,315646,0.0,0.0
2024-04-02 00:00:00+09:00,96066.875,96962.83549222798,95668.67033678756,96066.875,489530,0.0,0.0
2024-04-03 00:00:00+09:00,95967.32607827477,96066.87724640575,93478.546875,93478.546875,720922,0.0,0.0
2024-04-04 00:00:00+09:00,94474.05699893956,94872.26166489926,93578.09650053023,93876.75,289992,0.0,0.0
2024-04-05 00:00:00+09:00,93777.20045294578,97161.94017205422,93478.54694831856,95469.5703125,603196,0.0,0.0
2024-04-08 00:00:00+09:00,96166.42604166667,96166.42604166667,93777.19806547619,94075.8515625,444924,0.0,0.0
2024-04-09 00:00:00+09:00,94872.2582835239,96863.28154235966,94673.15595764034,95768.21875,573774,0.0,0.0
2024-04-11 00:00:00+09:00,94772.70636670124,95967.3203125,93777.19474520229,95967.3203125,579703,0.0,0.0
2024-04-12 00:00:00+09:00,95668.66613469251,95668.66613469251,92980.78477606951,93080.3359375,910573,0.0,0.0
2024-04-15 00:00:00+09:00,92383.48162162163,92881.23744932433,91985.27695945946,92084.828125,421493,0.0,0.0
2024-04-16 00:00:00+09:00,91587.07107843137,92084.8268995098,90193.35477941176,91387.96875,651094,0.0,0.0
2024-04-17 00:00:00+09:00,91288.42067307692,92283.9323489011,90591.5625,90591.5625,402786,0.0,0.0
2024-04-18 00:00:00+09:00,90989.76106911448,92781.68196544277,90691.10758639309,92184.375,357081,0.0,0.0
2024-04-19 00:00:00+09:00,91387.9710629112,92084.82923005757,89894.70356188323,90790.6640625,455832,0.0,0.0
2024-04-22 00:00:00+09:00,91985.27496603261,91985.27496603261,90790.66100543478,91587.0703125,347838,0.0,0.0
2024-04-23 00:00:00+09:00,91686.6261954472,92483.03554350755,91387.97268992457,92383.484375,345656,0.0,0.0
2024-04-24 00:00:00+09:00,92881.23466309653,92980.78582565076,91786.171875,91786.171875,487563,0.0,0.0
2024-04-25 00:00:00+09:00,91487.52457574503,92184.38276076158,90093.80820571192,90193.359375,842782,0.0,0.0
2024-04-26 00:00:00+09:00,90591.56327436674,90790.66561123347,90093.80743219989,90392.4609375,723810,0.0,0.0
2024-04-29 00:00:00+09:00,90790.66567887932,92383.484375,90790.66567887932,92383.484375,572860,0.0,0.0
2024-04-30 00:00:00+09:00,92781.6847416577,93080.3382333154,91587.0707750269,92483.03125,590806,0.0,0.0
2024-05-02 00:00:00+09:00,91885.72178961748,92084.82411202186,90890.21017759563,91089.3125,427617,0.0,0.0
2024-05-03 00:00:00+09:00,91786.17111404221,92483.02924614449,91686.61995231331,91985.2734375,540211,0.0,0.0
2024-05-07 00:00:00+09:00,92781.68520122602,93378.9921875,92582.58287246802,93378.9921875,545231,0.0,0.0
2024-05-08 00:00:00+09:00,93378.99570686901,93677.64921126199,93080.34220247604,93478.546875,328371,0.0,0.0
2024-05-09 00:00:00+09:00,93578.09251071811,93578.09251071811,92184.37623928189,92881.234375,464569,0.0,0.0
2024-05-10 00:00:00+09:00,93976.2967948718,97361.03629807693,93876.74563301282,97062.3828125,1642154,0.0,0.0
2024-05-13 00:00:00+09:00,97460.59099641393,97560.14216188525,95967.32351434426,97161.9375,546299,0.0,0.0
2024-05-14 00:00:00+09:00,97161.93870803663,98953.85970879959,96763.73404120041,97858.796875,630411,0.0,0.0
2024-05-16 00:00:00+09:00,98754.75936234818,99352.06637462045,97261.49183166752,98356.5546875,657185,0.0,0.0
2024-05-17 00:00:00+09:00,98555.6566011236,98655.20776940756,97361.04258171604,97460.59375,297028,0.0,0.0
2024-05-20 00:00:00+09:00,98356.54791666666,98456.09907852564,96863.28048878205,97062.3828125,318579,0.0,0.0
2024-05-21 00:00:00+09:00,96564.63082901554,97361.04015544041,95569.11917098446,96066.875,343275,0.0,0.0
2024-05-22 00:00:00+09:00,96265.97408676548,96465.07641166054,94673.15548760493,94872.2578125,385832,0.0,0.0
2024-05-23 00:00:00+09:00,95569.11949685535,96863.2846567086,94971.8125,94971.8125,317313,0.0,0.0
2024-05-24 00:00:00+09:00,94075.85310673487,94374.506608661,93378.99493557386,93677.6484375,297059,0.0,0.0
2024-05-27 00:00:00+09:00,95071.35985315093,96962.83193399897,94274.95055595177,95967.3203125,463903,0.0,0.0
2024-05-28 00:00:00+09:00,96863.28223639067,109008.52420231016,96763.7310727356,108809.421875,6852467,0.0,0.0
2024-05-29 00:00:00+09:00,111995.06239394796,113388.77872596153,108510.77156391402,110004.0390625,4855132,0.0,0.0
2024-05-30 00:00:00+09:00,109008.52797213076,110601.34664569615,105723.33945790217,105822.890625,1667504,0.0,0.0
2024-05-31 00:00:00+09:00,107017.49854633826,109406.72642086116,104329.6171875,104329.6171875,2070778,0.0,0.0
2024-06-03 00:00:00+09:00,105126.02909796314,106718.84772065954,101542.18719689621,102637.25,1699404,0.0,0.0
2024-06-04 00:00:00+09:00,102637.24983772254,103135.00565652818,99750.26608864985,100646.2265625,1245682,0.0,0.0
2024-06-05 00:00:00+09:00,101442.63742086643,101741.29091670805,99152.96061941411,100248.0234375,963661,0.0,0.0
2024-06-07 00:00:00+09:00,100646.22809862214,101343.0862555859,98953.85828885304,100248.0234375,1269757,0.0,0.0
2024-06-10 00:00:00+09:00,99849.81526466203,101840.83850024852,98953.85480864812,100148.46875,973905,0.0,0.0
2024-06-11 00:00:00+09:00,100745.77708121181,100745.77708121181,97659.69102437627,97759.2421875,1238559,0.0,0.0
2024-06-12 00:00:00+09:00,99451.61061754473,100745.77572067594,98555.65016153082,100148.46875,1143396,0.0,0.0
2024-06-13 00:00:00+09:00,100646.22796352583,100646.22796352583,98257.0,98257.0,1290744,0.0,0.0
2024-06-14 00:00:00+09:00,98256.99923375885,98854.3062199823,97460.58991879424,98456.1015625,725460,0.0,0.0
2024-06-17 00:00:00+09:00,98953.8555621265,100447.12300018675,98057.89509929034,99949.3671875,953639,0.0,0.0
2024-06-18 00:00:00+09:00,100447.12545278732,101442.63710246807,99352.06263813851,101343.0859375,843389,0.0,0.0
2024-06-19 00:00:00+09:00,103035.45540364583,108212.11596498842,102836.35307436343,107515.2578125,3453496,0.0,0.0
2024-06-20 00:00:00+09:00,106718.84697878228,108510.76791685885,106221.0911626499,107913.4609375,1257874,0.0,0.0
2024-06-21 00:00:00+09:00,106818.40239063943,108311.66989843028,106221.09538752308,107813.9140625,964295,0.0,0.0
2024-06-24 00:00:00+09:00,108112.56418727314,111198.65027365019,107913.46185911978,109705.3828125,1751043,0.0,0.0
2024-06-25 00:00:00+09:00,110800.44607898289,111497.30423042303,108510.76929567957,110601.34375,914520,0.0,0.0
2024-06-26 00:00:00+09:00,109307.18132854579,111099.10233393178,107515.26032315979,110900.0,1016808,0.0,0.0
2024-06-27 00:00:00+09:00,110700.0,111200.0,108500.0,109200.0,817680,500.0,0.0
2024-06-28 00:00:00+09:00,110100.0,111000.0,108300.0,110900.0,625642,0.0,0.0
2024-07-01 00:00:00+09:00,111000.0,114900.0,108900.0,109600.0,1149549,0.0,0.0
2024-07-02 00:00:00+09:00,109100.0,109500.0,106100.0,107200.0,840689,0.0,0.0
2024-07-03 00:00:00+09:00,108000.0,108300.0,106000.0,107200.0,629442,0.0,0.0
2024-07-04 00:00:00+09:00,107900.0,108900.0,105700.0,107900.0,886576,0.0,0.0
2024-07-05 00:00:00+09:00,108900.0,112700.0,108300.0,110800.0,1771133,0.0,0.0
2024-07-08 00:00:00+09:00,110700.0,111000.0,108200.0,108300.0,837625,0.0,0.0
2024-07-09 00:00:00+09:00,108900.0,109900.0,108300.0,109600.0,628472,0.0,0.0
2024-07-10 00:00:00+09:00,109000.0,110400.0,108300.0,110300.0,574856,0.0,0.0
2024-07-11 00:00:00+09:00,111000.0,111200.0,109800.0,111000.0,926544,0.0,0.0
2024-07-12 00:00:00+09:00,110300.0,110500.0,107800.0,109400.0,649908,0.0,0.0
2024-07-15 00:00:00+09:00,109600.0,110800.0,108900.0,109900.0,472733,0.0,0.0
2024-07-16 00:00:00+09:00,110300.0,112100.0,109100.0,112000.0,983640,0.0,0.0
2024-07-17 00:00:00+09:00,112500.0,115400.0,112100.0,112100.0,1191385,0.0,0.0
2024-07-18 00:00:00+09:00,110900.0,112700.0,110500.0,110900.0,675749,0.0,0.0
2024-07-19 00:00:00+09:00,110600.0,114400.0,110500.0,111800.0,907720,0.0,0.0
2024-07-22 00:00:00+09:00,112400.0,113000.0,110500.0,111000.0,497171,0.0,0.0
2024-07-23 00:00:00+09:00,111700.0,114600.0,111700.0,113900.0,986056,0.0,0.0
2024-07-24 00:00:00+09:00,113500.0,114500.0,111900.0,112500.0,610385,0.0,0.0
2024-07-25 00:00:00+09:00,110800.0,111400.0,109200.0,110200.0,895154,0.0,0.0
2024-07-26 00:00:00+09:00,111000.0,111300.0,106000.0,107100.0,1259536,0.0,0.0
2024-07-29 00:00:00+09:00,107600.0,107700.0,104700.0,104800.0,764725,0.0,0.0
2024-07-30 00:00:00+09:00,103800.0,105600.0,102600.0,103200.0,593505,0.0,0.0
2024-07-31 00:00:00+09:00,103600.0,104500.0,102300.0,104000.0,517504,0.0,0.0
2024-08-01 00:00:00+09:00,104400.0,105100.0,103700.0,103700.0,365094,0.0,0.0
2024-08-02 00:00:00+09:00,101800.0,102300.0,98800.0,99100.0,730066,0.0,0.0
2024-08-05 00:00:00+09:00,97500.0,97500.0,86500.0,89700.0,1343825,0.0,0.0
2024-08-06 00:00:00+09:00,91100.0,92900.0,89100.0,89900.0,1402579,0.0,0.0
2024-08-07 00:00:00+09:00,90200.0,95700.0,90000.0,94700.0,941118,0.0,0.0
2024-08-08 00:00:00+09:00,93500.0,95300.0,92100.0,94100.0,746389,0.0,0.0
2024-08-09 00:00:00+09:00,96500.0,97000.0,94000.0,94200.0,457079,0.0,0.0
2024-08-12 00:00:00+09:00,94400.0,96200.0,94300.0,95600.0,297869,0.0,0.0
2024-08-13 00:00:00+09:00,95500.0,96100.0,94500.0,94800.0,346547,0.0,0.0
2024-08-14 00:00:00+09:00,96000.0,96500.0,94500.0,95600.0,397437,0.0,0.0
2024-08-16 00:00:00+09:00,97300.0,99000.0,96600.0,96600.0,478530,0.0,0.0
2024-08-19 00:00:00+09:00,97300.0,98500.0,96800.0,97400.0,483361,0.0,0.0
2024-08-20 00:00:00+09:00,98200.0,98500.0,96900.0,97400.0,285409,0.0,0.0
2024-08-21 00:00:00+09:00,96700.0,98100.0,96000.0,97600.0,265101,0.0,0.0
2024-08-22 00:00:00+09:00,98200.0,98900.0,97600.0,98100.0,265019,0.0,0.0
2024-08-23 00:00:00+09:00,97700.0,99000.0,97200.0,98700.0,267411,0.0,0.0
2024-08-26 00:00:00+09:00,99300.0,99500.0,98300.0,99200.0,237816,0.0,0.0
2024-08-27 00:00:00+09:00,99400.0,99400.0,98300.0,98600.0,207580,0.0,0.0
2024-08-28 00:00:00+09:00,98900.0,99100.0,97100.0,98300.0,264327,0.0,0.0
2024-08-29 00:00:00+09:00,98300.0,98500.0,97100.0,97300.0,327033,0.0,0.0
2024-08-30 00:00:00+09:00,100000.0,104500.0,99400.0,99400.0,1141903,0.0,0.0
2024-09-02 00:00:00+09:00,99900.0,102400.0,98200.0,101600.0,511432,0.0,0.0
2024-09-03 00:00:00+09:00,102100.0,102900.0,101700.0,102000.0,381699,0.0,0.0
2024-09-04 00:00:00+09:00,99500.0,102600.0,99300.0,100700.0,729415,0.0,0.0
2024-09-05 00:00:00+09:00,102000.0,105500.0,101800.0,104100.0,947316,0.0,0.0
2024-09-06 00:00:00+09:00,104400.0,104400.0,100800.0,100800.0,655369,0.0,0.0
2024-09-09 00:00:00+09:00,99800.0,103700.0,99700.0,103400.0,508309,0.0,0.0
2024-09-10 00:00:00+09:00,104300.0,104800.0,102200.0,102200.0,487322,0.0,0.0
2024-09-11 00:00:00+09:00,103300.0,104500.0,101300.0,102100.0,328650,0.0,0.0
2024-09-12 00:00:00+09:00,103100.0,103600.0,101100.0,102400.0,524435,0.0,0.0
2024-09-13 00:00:00+09:00,102600.0,105300.0,102300.0,104400.0,539926,0.0,0.0
2024-09-19 00:00:00+09:00,107400.0,111000.0,107400.0,109500.0,1336983,0.0,0.0
2024-09-20 00:00:00+09:00,108500.0,110400.0,107700.0,110100.0,719401,0.0,0.0
2024-09-23 00:00:00+09:00,110400.0,112400.0,109200.0,110900.0,462772,0.0,0.0
2024-09-24 00:00:00+09:00,110500.0,113600.0,108800.0,113500.0,704111,0.0,0.0
2024-09-25 00:00:00+09:00,113700.0,113700.0,105500.0,105600.0,1038510,0.0,0.0
2024-09-26 00:00:00+09:00,106600.0,107900.0,106100.0,107900.0,535114,0.0,0.0
2024-09-27 00:00:00+09:00,107700.0,109600.0,106500.0,106500.0,417394,0.0,0.0
2024-09-30 00:00:00+09:00,107400.0,107700.0,104300.0,104300.0,406956,0.0,0.0
2024-10-02 00:00:00+09:00,103300.0,105700.0,102600.0,103000.0,444424,0.0,0.0
2024-10-04 00:00:00+09:00,104100.0,106900.0,103600.0,105900.0,409224,0.0,0.0
2024-10-07 00:00:00+09:00,105800.0,105900.0,103000.0,103700.0,542298,0.0,0.0
2024-10-08 00:00:00+09:00,103900.0,104000.0,98000.0,98000.0,1185008,0.0,0.0
2024-10-10 00:00:00+09:00,98000.0,98400.0,96700.0,97200.0,675353,0.0,0.0
2024-10-11 00:00:00+09:00,98300.0,100200.0,98300.0,98500.0,499239,0.0,0.0
2024-10-14 00:00:00+09:00,99000.0,99400.0,98300.0,98500.0,287959,0.0,0.0
2024-10-15 00:00:00+09:00,98700.0,99400.0,98300.0,98400.0,348089,0.0,0.0
2024-10-16 00:00:00+09:00,97300.0,98000.0,96600.0,97500.0,449341,0.0,0.0
2024-10-17 00:00:00+09:00,98300.0,98700.0,97300.0,97600.0,250163,0.0,0.0
2024-10-18 00:00:00+09:00,98100.0,98100.0,97100.0,97300.0,159454,0.0,0.0
2024-10-21 00:00:00+09:00,98300.0,98900.0,97200.0,97200.0,182074,0.0,0.0
2024-10-22 00:00:00+09:00,97000.0,97400.0,94300.0,96300.0,469583,0.0,0.0
2024-10-23 00:00:00+09:00,97200.0,100300.0,97200.0,99500.0,653627,0.0,0.0
2024-10-24 00:00:00+09:00,99500.0,99500.0,96700.0,97200.0,295597,0.0,0.0
2024-10-25 00:00:00+09:00,97400.0,97400.0,91700.0,92100.0,1000018,0.0,0.0
2024-10-28 00:00:00+09:00,92600.0,92800.0,91500.0,92400.0,490122,0.0,0.0
2024-10-29 00:00:00+09:00,92800.0,92900.0,91200.0,91400.0,473930,0.0,0.0
2024-10-30 00:00:00+09:00,91700.0,92400.0,91500.0,91500.0,295828,0.0,0.0
2024-10-31 00:00:00+09:00,91500.0,91900.0,89500.0,89500.0,774675,0.0,0.0
2024-11-01 00:00:00+09:00,89800.0,91600.0,89200.0,90800.0,393593,0.0,0.0
2024-11-04 00:00:00+09:00,91000.0,92300.0,90400.0,92300.0,282767,0.0,0.0
2024-11-05 00:00:00+09:00,91100.0,92600.0,91000.0,91900.0,238250,0.0,0.0
2024-11-06 00:00:00+09:00,92300.0,93100.0,91300.0,91400.0,310599,0.0,0.0
2024-11-07 00:00:00+09:00,91000.0,92700.0,90500.0,91400.0,281873,0.0,0.0
2024-11-08 00:00:00+09:00,92500.0,92500.0,91000.0,91200.0,231867,0.0,0.0
2024-11-11 00:00:00+09:00,91100.0,91600.0,89600.0,89900.0,329411,0.0,0.0
2024-11-12 00:00:00+09:00,89500.0,89700.0,87700.0,87900.0,397600,0.0,0.0
2024-11-13 00:00:00+09:00,87100.0,89100.0,87100.0,87700.0,337930,0.0,0.0
2024-11-14 00:00:00+09:00,88300.0,89700.0,87400.0,89700.0,392933,0.0,0.0
2024-11-15 00:00:00+09:00,89700.0,89700.0,88100.0,88500.0,270178,0.0,0.0
2024-11-18 00:00:00+09:00,88300.0,90800.0,88200.0,90100.0,295260,0.0,0.0
2024-11-19 00:00:00+09:00,90100.0,91800.0,90100.0,90800.0,266403,0.0,0.0
2024-11-20 00:00:00+09:00,90800.0,93600.0,90800.0,93000.0,420244,0.0,0.0
2024-11-21 00:00:00+09:00,93300.0,93500.0,92200.0,92600.0,289613,0.0,0.0
2024-11-22 00:00:00+09:00,93400.0,93900.0,92600.0,93300.0,273486,0.0,0.0
2024-11-25 00:00:00+09:00,94200.0,96400.0,93500.0,94200.0,677582,0.0,0.0
2024-11-26 00:00:00+09:00,93500.0,95200.0,93300.0,94500.0,224277,0.0,0.0
2024-11-27 00:00:00+09:00,95200.0,95500.0,91700.0,92100.0,391819,0.0,0.0
2024-11-28 00:00:00+09:00,92100.0,92500.0,91300.0,91900.0,234710,0.0,0.0
2024-11-29 00:00:00+09:00,92000.0,92100.0,89500.0,89700.0,538059,0.0,0.0
2024-12-02 00:00:00+09:00,90100.0,90200.0,87700.0,88200.0,556888,0.0,0.0
2024-12-03 00:00:00+09:00,89100.0,89600.0,88200.0,89000.0,354051,0.0,0.0
2024-12-04 00:00:00+09:00,87000.0,88000.0,86600.0,87300.0,544557,0.0,0.0
2024-12-05 00:00:00+09:00,87400.0,87600.0,85800.0,86000.0,397776,0.0,0.0
2024-12-06 00:00:00+09:00,86000.0,86600.0,83300.0,85100.0,455580,0.0,0.0
2024-12-09 00:00:00+09:00,83900.0,84400.0,82300.0,83200.0,567362,0.0,0.0
2024-12-10 00:00:00+09:00,83100.0,85000.0,82900.0,84300.0,965339,0.0,0.0
2024-12-11 00:00:00+09:00,84300.0,86100.0,84000.0,85900.0,273017,0.0,0.0
2024-12-12 00:00:00+09:00,86400.0,88200.0,85900.0,87800.0,634491,0.0,0.0
2024-12-13 00:00:00+09:00,87600.0,88800.0,87600.0,88300.0,272310,0.0,0.0
2024-12-16 00:00:00+09:00,88800.0,88900.0,87400.0,87800.0,276988,0.0,0.0
2024-12-17 00:00:00+09:00,87400.0,88100.0,86700.0,86800.0,371618,0.0,0.0
2024-12-18 00:00:00+09:00,87700.0,92300.0,87700.0,91500.0,795521,0.0,0.0
2024-12-19 00:00:00+09:00,89500.0,90400.0,88000.0,88200.0,455731,0.0,0.0
2024-12-20 00:00:00+09:00,87800.0,88000.0,85600.0,86200.0,427186,0.0,0.0
2024-12-23 00:00:00+09:00,86400.0,87300.0,86300.0,86900.0,259210,0.0,0.0
2024-12-24 00:00:00+09:00,87600.0,87700.0,86700.0,86900.0,151067,0.0,0.0
2024-12-26 00:00:00+09:00,87000.0,87200.0,85300.0,85700.0,255019,0.0,0.0
2024-12-27 00:00:00+09:00,85000.0,85700.0,83700.0,84500.0,292642,0.0,0.0
2024-12-30 00:00:00+09:00,84000.0,84900.0,83500.0,83500.0,261914,0.0,0.0
2025-01-02 00:00:00+09:00,83500.0,84400.0,82700.0,84000.0,257663,0.0,0.0
2025-01-03 00:00:00+09:00,83900.0,85700.0,83900.0,85100.0,252319,0.0,0.0
2025-01-06 00:00:00+09:00,85900.0,85900.0,84400.0,85400.0,438799,0.0,0.0
2025-01-07 00:00:00+09:00,86700.0,88500.0,85600.0,85600.0,753370,0.0,0.0
2025-01-08 00:00:00+09:00,85600.0,88300.0,85500.0,86800.0,447480,0.0,0.0
2025-01-09 00:00:00+09:00,86800.0,87500.0,85500.0,85800.0,573671,0.0,0.0
2025-01-10 00:00:00+09:00,85700.0,86300.0,85600.0,85800.0,344963,0.0,0.0
2025-01-13 00:00:00+09:00,85600.0,85700.0,84000.0,84300.0,464331,0.0,0.0
2025-01-14 00:00:00+09:00,84600.0,84700.0,84100.0,84300.0,253992,0.0,0.0
2025-01-15 00:00:00+09:00,84700.0,85500.0,84200.0,84300.0,320655,0.0,0.0
2025-01-16 00:00:00+09:00,85100.0,85800.0,84900.0,85100.0,301418,0.0,0.0
2025-01-17 00:00:00+09:00,85000.0,85300.0,83500.0,83700.0,390497,0.0,0.0
2025-01-20 00:00:00+09:00,84000.0,84400.0,83800.0,84100.0,236456,0.0,0.0
2025-01-21 00:00:00+09:00,84300.0,84800.0,83900.0,84300.0,352784,0.0,0.0
2025-01-22 00:00:00+09:00,85100.0,89300.0,84400.0,86400.0,1314488,0.0,0.0
2025-01-23 00:00:00+09:00,86700.0,86800.0,84500.0,84500.0,515475,0.0,0.0
2025-01-24 00:00:00+09:00,84900.0,88700.0,84500.0,85100.0,1001032,0.0,0.0
2025-01-31 00:00:00+09:00,84900.0,85000.0,83800.0,84200.0,506930,0.0,0.0
2025-02-03 00:00:00+09:00,83100.0,83200.0,77600.0,78200.0,1326733,0.0,0.0
2025-02-04 00:00:00+09:00,79600.0,79700.0,78100.0,78400.0,629803,0.0,0.0
2025-02-05 00:00:00+09:00,79100.0,80300.0,78900.0,79900.0,434946,0.0,0.0
2025-02-06 00:00:00+09:00,80400.0,80600.0,79500.0,80600.0,401172,0.0,0.0
2025-02-07 00:00:00+09:00,80000.0,80400.0,79500.0,79600.0,328226,0.0,0.0
2025-02-10 00:00:00+09:00,78900.0,79400.0,77700.0,79100.0,588765,0.0,0.0
2025-02-11 00:00:00+09:00,79400.0,79900.0,78200.0,79700.0,426719,0.0,0.0
2025-02-12 00:00:00+09:00,79400.0,79900.0,78800.0,79100.0,440372,0.0,0.0
2025-02-13 00:00:00+09:00,79300.0,79800.0,78800.0,79500.0,749206,0.0,0.0
2025-02-14 00:00:00+09:00,79700.0,80200.0,78900.0,79500.0,771963,0.0,0.0
2025-02-17 00:00:00+09:00,79500.0,80000.0,79200.0,79400.0,539176,0.0,0.0
2025-02-18 00:00:00+09:00,79500.0,79800.0,78500.0,79700.0,690231,0.0,0.0
2025-02-19 00:00:00+09:00,79900.0,82500.0,79900.0,81500.0,1086060,0.0,0.0
