Date,Open,High,Low,Close,Volume,Dividends,Stock Splits
2020-04-01 00:00:00+09:00,203337.70039279637,205075.63763028875,172054.984375,172054.984375,5917114,0.0,0.0
2020-04-02 00:00:00+09:00,161627.39949470226,172489.4565758282,158151.54061171372,169448.078125,9844032,0.0,0.0
2020-04-03 00:00:00+09:00,166406.7073788024,188565.3029991576,166406.7073788024,170317.046875,4717008,0.0,0.0
2020-04-06 00:00:00+09:00,175965.31703075266,184654.9566029975,174227.3798608801,181613.578125,3157256,0.0,0.0
2020-04-07 00:00:00+09:00,181179.12122186625,186392.91798298515,176399.82037893066,182482.578125,2507189,0.0,0.0
2020-04-08 00:00:00+09:00,182482.53843861006,184220.46003054696,179875.640625,179875.640625,1238484,0.0,0.0
2020-04-09 00:00:00+09:00,183785.99210493927,188130.81180534128,181179.09411441576,182917.03125,1532450,0.0,0.0
2020-04-10 00:00:00+09:00,185958.41736039481,186827.37825127973,176399.80128354175,182048.0625,1979076,0.0,0.0
2020-04-13 00:00:00+09:00,182482.55903211562,195951.4991667364,180744.6218183445,187261.859375,4130366,0.0,0.0
2020-04-14 00:00:00+09:00,191172.2028245763,191606.68328068499,184220.4846754237,187696.34375,1447395,0.0,0.0
2020-04-16 00:00:00+09:00,186392.89456211863,188999.77718940686,185523.9182606498,186827.375,880737,0.0,0.0
2020-04-17 00:00:00+09:00,187261.8709403559,188130.83188805557,178572.23061194443,183351.53125,2029661,0.0,0.0
2020-04-20 00:00:00+09:00,182917.02749435333,187696.32752409653,180744.60997590347,184220.46875,1037687,0.0,0.0
2020-04-21 00:00:00+09:00,185089.42958709778,189434.2646239975,179875.6491388057,184220.46875,2035362,0.0,0.0
2020-04-22 00:00:00+09:00,180744.6255516999,188999.78506693387,180744.6255516999,185958.421875,1276868,0.0,0.0
2020-04-23 00:00:00+09:00,187261.86324297165,188130.82415495277,184654.9650813216,185958.421875,721379,0.0,0.0
2020-04-24 00:00:00+09:00,185523.9375572895,188565.31636450381,182917.05465885525,183786.015625,1223206,0.0,0.0
2020-04-27 00:00:00+09:00,185523.9139807163,186827.37068999646,183785.99226928368,184654.953125,552481,0.0,0.0
2020-04-28 00:00:00+09:00,184654.9566029975,185958.41333682844,180744.6172529167,181613.578125,825612,0.0,0.0
2020-04-29 00:00:00+09:00,181613.5745418854,183351.51167746962,179875.6528320069,182917.03125,743566,0.0,0.0
2020-05-04 00:00:00+09:00,180744.62067409666,183351.51876539655,176834.28125,176834.28125,977476,0.0,0.0
2020-05-06 00:00:00+09:00,177703.22320937418,180744.60142096845,174227.36459979566,179875.640625,686199,0.0,0.0
2020-05-07 00:00:00+09:00,179006.70286630548,179875.6637741049,176834.2851711003,177268.765625,457523,0.0,0.0
2020-05-08 00:00:00+09:00,179006.69197706762,185958.40966799314,178137.71569642265,182917.03125,1017652,0.0,0.0
2020-05-11 00:00:00+09:00,186827.37052293238,187261.85095040203,182482.55082253038,182917.03125,789655,0.0,0.0
2020-05-12 00:00:00+09:00,184220.49219769967,188999.79283575527,182917.05077615016,183351.53125,1116711,0.0,0.0
2020-05-13 00:00:00+09:00,183351.51607124295,186827.375,182482.5551954802,186827.375,867286,0.0,0.0
2020-05-14 00:00:00+09:00,186827.37512233653,188565.296875,184220.4770676352,188565.296875,1089913,0.0,0.0
2020-05-15 00:00:00+09:00,190303.25375011397,192475.65616579106,186827.3944593229,188999.796875,940180,0.0,0.0
2020-05-18 00:00:00+09:00,191172.19447114397,192910.11621963876,184220.4766257526,185089.4375,1123601,0.0,0.0
2020-05-19 00:00:00+09:00,185089.4375,186392.89423707718,181613.57857730435,185089.4375,805568,0.0,0.0
2020-05-20 00:00:00+09:00,186392.9064741079,190303.24609064814,185523.93011710455,189868.765625,752085,0.0,0.0
2020-05-21 00:00:00+09:00,189868.765625,191172.2070219444,187261.86740540416,189868.765625,602299,0.0,0.0
2020-05-22 00:00:00+09:00,191172.2028245763,192041.1637367937,185089.4455876411,187696.34375,724169,0.0,0.0
2020-05-25 00:00:00+09:00,187696.33587576274,187696.33587576274,185523.9182606498,186827.375,421536,0.0,0.0
2020-05-26 00:00:00+09:00,187261.86718025146,188130.82811050295,185089.44942891574,186392.90625,548308,0.0,0.0
2020-05-27 00:00:00+09:00,184220.4766257526,185958.41379995347,183351.5157515052,185089.4375,672253,0.0,0.0
2020-05-28 00:00:00+09:00,184654.9726715495,185523.93361924918,179006.71108579426,183351.53125,813981,0.0,0.0
2020-05-29 00:00:00+09:00,184220.4650207395,185958.4020854586,182048.0475462669,185523.90625,750226,0.0,0.0
2020-06-01 00:00:00+09:00,185958.41908701253,202034.2574204724,185089.44276235285,197689.4375,3874447,0.0,0.0
2020-06-02 00:00:00+09:00,199861.8314208361,202034.24900341936,192910.11366741674,195082.53125,1267690,0.0,0.0
2020-06-03 00:00:00+09:00,201165.29652151922,204206.67509356188,195082.53937743395,197689.4375,2060356,0.0,0.0
2020-06-04 00:00:00+09:00,197689.4353286984,215503.21069011537,197254.95488399387,214634.234375,3450826,0.0,0.0
2020-06-05 00:00:00+09:00,212027.36385777796,226365.28105753934,211158.3874928627,222889.421875,3294117,0.0,0.0
2020-06-08 00:00:00+09:00,226365.27688069758,228537.67918863296,219848.03910547754,222454.921875,1439481,0.0,0.0
2020-06-09 00:00:00+09:00,223323.89490753732,229841.11716027017,221585.95766129033,228972.15625,1528822,0.0,0.0
2020-06-10 00:00:00+09:00,228972.14891218004,234620.42549934034,227234.22714733455,233316.96875,1213011,0.0,0.0
2020-06-11 00:00:00+09:00,243310.06339019933,260254.86217597063,238530.76314622615,250261.78125,4470290,0.0,0.0
2020-06-12 00:00:00+09:00,243310.0753442008,263730.7494888612,242441.11442545956,258516.953125,4391976,0.0,0.0
2020-06-15 00:00:00+09:00,258951.4192759703,261558.33273956232,233316.96560959125,238096.28125,3569527,0.0,0.0
2020-06-16 00:00:00+09:00,245916.95819560328,258082.45657670088,245482.47776331828,255041.078125,2318822,0.0,0.0
2020-06-17 00:00:00+09:00,255475.55805863853,258951.4169358401,243744.54013272296,251565.21875,1871262,0.0,0.0
2020-06-18 00:00:00+09:00,252434.21067581399,255910.06976833034,248523.87112494642,249827.3125,890921,0.0,0.0
2020-06-19 00:00:00+09:00,251130.75415511453,254172.13279267144,244179.03596232925,253303.171875,1235854,0.0,0.0
2020-06-22 00:00:00+09:00,253303.15300807948,260689.33568384446,251565.21587647748,258082.453125,1325089,0.0,0.0
2020-06-23 00:00:00+09:00,265468.6353830406,285889.3067628305,262861.75297977746,276765.1875,5095849,0.0,0.0
2020-06-24 00:00:00+09:00,281110.0113813749,287627.24870174483,274158.2936297411,277199.6875,2222492,0.0,0.0
2020-06-25 00:00:00+09:00,274158.3008073612,280675.53829835606,273289.33992208354,274592.78125,1043374,0.0,0.0
2020-06-26 00:00:00+09:00,278068.64345535805,278937.60430255096,267206.5711626242,271551.40625,1054147,0.0,0.0
2020-06-29 00:00:00+09:00,275027.28527889715,283282.47609982255,270248.0,270248.0,1503351,0.0,0.0
2020-06-30 00:00:00+09:00,271116.9208386502,273289.3229166667,259820.36833014325,265903.125,1723643,0.0,0.0
2020-07-01 00:00:00+09:00,267641.07362319675,268510.0653933517,257213.51174688814,258516.953125,1149808,0.0,0.0
2020-07-02 00:00:00+09:00,258951.47190169714,270682.5077433853,258951.47190169714,268075.59375,1288912,0.0,0.0
2020-07-03 00:00:00+09:00,270682.42154118186,271116.90192647727,261123.7913618649,268944.5,864532,0.0,0.0
2020-07-06 00:00:00+09:00,268075.53885817516,271985.8936218498,264599.69538060826,265468.65625,863212,0.0,0.0
2020-07-07 00:00:00+09:00,265468.710608033,274592.83245633583,263296.3079897271,268075.59375,1140498,0.0,0.0
2020-07-08 00:00:00+09:00,271551.4296721435,274592.7928996456,268075.5551321558,270682.46875,806398,0.0,0.0
2020-07-09 00:00:00+09:00,280241.08977362874,285020.4060384061,275896.2848523912,281544.53125,1860423,0.0,0.0
2020-07-10 00:00:00+09:00,285454.8430084544,288061.72556373675,275027.25108450255,281978.96875,1184342,0.0,0.0
2020-07-13 00:00:00+09:00,283716.9724787634,286323.8555042473,278937.6560806259,285889.375,880745,0.0,0.0
2020-07-14 00:00:00+09:00,284151.44505415857,288061.76948327234,279806.609281505,281544.53125,957543,0.0,0.0
2020-07-15 00:00:00+09:00,282413.4600689114,283716.93224824034,272854.85947944474,274592.78125,1105153,0.0,0.0
2020-07-16 00:00:00+09:00,272420.37120953447,279372.0889434291,269813.4886286033,273723.8125,834377,0.0,0.0
2020-07-17 00:00:00+09:00,276330.73525240115,286758.2967792372,273723.82173213264,285020.375,1410022,0.0,0.0
2020-07-20 00:00:00+09:00,292406.56460948224,295013.4471998508,280241.0508182719,280675.53125,1580564,0.0,0.0
2020-07-21 00:00:00+09:00,283716.928977716,287627.2529163895,276330.73068658734,279372.09375,1383676,0.0,0.0
2020-07-22 00:00:00+09:00,280241.05462526076,280675.53506289114,273723.81720939284,279372.09375,850594,0.0,0.0
2020-07-23 00:00:00+09:00,279372.11328199337,283282.4683454672,275461.75821851956,279806.59375,803673,0.0,0.0
2020-07-24 00:00:00+09:00,275896.24620620837,285020.36611416156,275461.73492353276,277199.6875,896747,0.0,0.0
2020-07-27 00:00:00+09:00,278068.66358167556,278937.62449176295,275027.2695449563,275461.75,576428,0.0,0.0
2020-07-28 00:00:00+09:00,281110.0470874086,281544.5275738593,274592.8089392322,275896.28125,756724,0.0,0.0
2020-07-29 00:00:00+09:00,273289.35094047134,275461.75324125163,258951.4340524938,261992.828125,2162491,0.0,0.0
2020-07-30 00:00:00+09:00,260254.86331008238,270247.97513101215,249392.8214607297,260689.34375,3094589,0.0,0.0
2020-07-31 00:00:00+09:00,260689.3633075943,265903.15982917056,257213.51952748655,257648.0,935871,0.0,0.0
2020-08-03 00:00:00+09:00,255475.58603415077,261992.83949648592,246351.4651234382,259820.40625,1728656,0.0,0.0
2020-08-04 00:00:00+09:00,260254.91030670333,266772.14893375756,258082.50771482458,262427.34375,1012832,0.0,0.0
2020-08-05 00:00:00+09:00,264165.2121851742,273723.8125,263730.731755019,273723.8125,1207931,0.0,0.0
2020-08-06 00:00:00+09:00,277634.19900971075,278068.67948961054,268944.5585603008,270248.0,946025,0.0,0.0
2020-08-07 00:00:00+09:00,270247.9806089284,275461.7459936226,267206.5866164438,273289.34375,1094988,0.0,0.0
2020-08-10 00:00:00+09:00,278937.60851327394,281544.49109420506,272420.37120953447,273723.8125,1387475,0.0,0.0
2020-08-11 00:00:00+09:00,274158.31640205893,276765.2300575911,271551.43359794107,272854.875,787785,0.0,0.0
2020-08-12 00:00:00+09:00,271551.46548730874,272420.42652406025,261558.38271324852,262427.34375,1274310,0.0,0.0
2020-08-13 00:00:00+09:00,262861.82746606594,278068.7074970435,261992.86641874362,268075.59375,1993686,0.0,0.0
2020-08-14 00:00:00+09:00,267641.0820614836,271116.95669745095,260689.3636409636,264599.71875,1179224,0.0,0.0
2020-08-18 00:00:00+09:00,266772.1013957153,274592.7801842737,261992.81654523723,264165.21875,1322182,0.0,0.0
2020-08-19 00:00:00+09:00,272854.8584204635,273289.3388614161,263296.2578680949,264165.21875,1000103,0.0,0.0
2020-08-20 00:00:00+09:00,263296.2346395131,275461.71676433104,261558.3130290262,265034.15625,1940913,0.0,0.0
2020-08-21 00:00:00+09:00,267641.0541127718,268075.5345404698,257213.4929966087,261558.328125,1178787,0.0,0.0
2020-08-24 00:00:00+09:00,264599.68456233793,270247.9608338639,261992.8020607463,269379.0,925014,0.0,0.0
2020-08-25 00:00:00+09:00,269813.49943182577,270247.97987937735,264599.7032097936,266337.625,681726,0.0,0.0
2020-08-26 00:00:00+09:00,271116.9413453996,277634.17892381066,268510.05865460035,269813.5,1433911,0.0,0.0
2020-08-27 00:00:00+09:00,269813.5152782437,270247.99575131276,264165.23827693093,264599.71875,821255,0.0,0.0
2020-08-28 00:00:00+09:00,265903.16016920726,267641.0820614836,263730.75780386187,264599.71875,633889,0.0,0.0
2020-08-31 00:00:00+09:00,265034.17079999665,265468.6512264707,257647.97269852593,258082.453125,1226860,0.0,0.0
2020-09-01 00:00:00+09:00,258082.47656811913,262427.3120789377,256344.55470435735,258951.4375,759609,0.0,0.0
2020-09-02 00:00:00+09:00,260254.85165906616,264165.2062946794,258951.41039766543,261123.8125,622202,0.0,0.0
2020-09-03 00:00:00+09:00,261123.8045645264,261992.7962304628,258516.92212094725,260254.84375,565118,0.0,0.0
2020-09-04 00:00:00+09:00,253737.64074403894,258082.46055964773,253737.64074403894,255475.5625,695589,0.0,0.0
2020-09-07 00:00:00+09:00,256344.51734615583,265903.1170552434,252868.6586994772,265034.15625,1154949,0.0,0.0
2020-09-08 00:00:00+09:00,263296.24448131095,279806.56210089795,258082.44860355317,276330.71875,3065396,0.0,0.0
2020-09-09 00:00:00+09:00,273289.34223493224,279806.5797810825,258951.42580368416,259385.90625,2820371,0.0,0.0
2020-09-10 00:00:00+09:00,260254.86714263167,262861.7806719394,255475.5668074511,259385.90625,1416702,0.0,0.0
2020-09-11 00:00:00+09:00,259385.90625,267206.5851350978,257647.98446473666,259385.90625,1161975,0.0,0.0
2020-09-14 00:00:00+09:00,259820.38263716793,261558.3352466922,255910.05868141603,257213.5,577257,0.0,0.0
2020-09-15 00:00:00+09:00,257647.980439528,259820.38263716793,255475.5628161819,257213.5,469317,0.0,0.0
2020-09-16 00:00:00+09:00,258082.453125,263296.2490941003,257213.49227205187,258082.453125,498604,0.0,0.0
2020-09-17 00:00:00+09:00,260254.87464207844,260254.87464207844,252868.69141616428,253303.171875,779289,0.0,0.0
2020-09-18 00:00:00+09:00,259820.39418324272,261558.3468699993,253303.171875,253303.171875,857433,0.0,0.0
2020-09-21 00:00:00+09:00,253303.16280223196,254606.60413205271,240703.16824447297,242006.625,1220508,0.0,0.0
2020-09-22 00:00:00+09:00,240268.68260224012,245482.478660119,229406.62547831607,232882.484375,1520083,0.0,0.0
2020-09-23 00:00:00+09:00,233751.44472614388,237227.28796006256,222889.38834303335,231144.546875,1479689,0.0,0.0
2020-09-24 00:00:00+09:00,225496.2840169792,229841.10374035215,216372.16414046657,217241.125,1501406,0.0,0.0
2020-09-25 00:00:00+09:00,219413.5626891239,229841.12481087612,218979.0822195265,224627.34375,1421668,0.0,0.0
2020-09-28 00:00:00+09:00,234185.9477687979,234185.9477687979,221151.47267875957,221585.953125,1179077,0.0,0.0
2020-09-29 00:00:00+09:00,222889.4140911383,224627.3359088617,218110.09824098545,223758.375,780328,0.0,0.0
2020-10-05 00:00:00+09:00,225061.808122403,226365.2648636747,218110.0902546408,221151.46875,726033,0.0,0.0
2020-10-06 00:00:00+09:00,222020.4416391489,225061.82029905764,221151.48071509122,224192.859375,632495,0.0,0.0
2020-10-07 00:00:00+09:00,225061.8088793444,227234.22650496627,222889.40667942868,226365.265625,559603,0.0,0.0
2020-10-08 00:00:00+09:00,228537.67967502354,235923.8783891376,227668.71875,227668.71875,994089,0.0,0.0
2020-10-12 00:00:00+09:00,231579.04002933297,238530.7577313222,228972.1420346606,237661.796875,880291,0.0,0.0
2020-10-13 00:00:00+09:00,239834.22247802166,239834.22247802166,233316.98456663295,235054.921875,615131,0.0,0.0
2020-10-14 00:00:00+09:00,233751.47607657872,234185.9565390905,227234.23828748823,227668.71875,664975,0.0,0.0
2020-10-15 00:00:00+09:00,226799.74933129788,228537.6711162596,220716.99223251917,221585.953125,712428,0.0,0.0
2020-10-16 00:00:00+09:00,221151.48457087672,228103.2029359554,220717.0041012727,222889.421875,617069,0.0,0.0
2020-10-19 00:00:00+09:00,222889.4138335642,227234.23379855853,221151.47659214246,222020.4375,588249,0.0,0.0
2020-10-20 00:00:00+09:00,218979.08964778282,219848.0506164547,208985.99223093278,213330.8125,1380800,0.0,0.0
2020-10-21 00:00:00+09:00,212027.359375,214199.76167709017,208985.98072636686,212027.359375,710739,0.0,0.0
2020-10-22 00:00:00+09:00,209854.95304788236,213330.8123457647,205075.65229793455,206379.09375,944856,0.0,0.0
2020-10-23 00:00:00+09:00,207248.02730154514,210289.40571306672,202903.20761038814,206813.546875,821757,0.0,0.0
2020-10-26 00:00:00+09:00,211158.36656615697,216372.1625361099,205510.1055953646,206813.546875,1074117,0.0,0.0
2020-10-27 00:00:00+09:00,206379.05876886705,212896.29577594195,203337.68047051845,207682.5,781626,0.0,0.0
2020-10-28 00:00:00+09:00,209420.46484597097,211158.3867180097,207682.52754822513,210723.90625,484584,0.0,0.0
2020-10-29 00:00:00+09:00,208117.0129291938,222454.9139263749,207682.5170574249,219848.03125,1120380,0.0,0.0
2020-10-30 00:00:00+09:00,219848.0464537452,220282.52692985447,209420.46875,209420.46875,937427,0.0,0.0
2020-11-02 00:00:00+09:00,210723.89095341216,216372.1674789401,208551.48877105993,212461.828125,552525,0.0,0.0
2020-11-03 00:00:00+09:00,214634.22059447205,225496.27729180883,214199.74017766322,225061.796875,1154718,0.0,0.0
2020-11-04 00:00:00+09:00,228537.68396361129,235489.40234566494,225930.78571391437,235054.921875,1507285,0.0,0.0
2020-11-05 00:00:00+09:00,237227.33598439224,238096.31239449247,231579.0741601347,236358.375,1097209,0.0,0.0
2020-11-06 00:00:00+09:00,238530.77370574346,246785.93324506457,235054.91462197033,241137.671875,1351680,0.0,0.0
2020-11-09 00:00:00+09:00,245482.4883697135,250261.78875705035,244613.5274675989,247654.890625,1006958,0.0,0.0
2020-11-10 00:00:00+09:00,246351.4605701874,248089.38245412247,239834.22265401622,240268.703125,1188402,0.0,0.0
2020-11-11 00:00:00+09:00,240703.18444343808,261558.35510403587,239399.74302589768,257648.0,3142042,0.0,0.0
2020-11-12 00:00:00+09:00,256344.55446895582,257647.9958655802,251130.75803104416,253737.65625,1164427,0.0,0.0
2020-11-13 00:00:00+09:00,251565.2228857141,255910.0581229242,246351.4421970505,251999.71875,945779,0.0,0.0
2020-11-16 00:00:00+09:00,252868.6832749435,255910.0618145819,250261.78518015257,250696.265625,671037,0.0,0.0
2020-11-17 00:00:00+09:00,248958.33981280943,254606.6009300379,245482.48088462802,248523.859375,1042170,0.0,0.0
2020-11-18 00:00:00+09:00,249827.29347247447,254606.59357603994,247654.8759204689,252868.671875,720156,0.0,0.0
2020-11-19 00:00:00+09:00,259820.38231560882,261558.33492298215,254172.1211830292,255475.5625,1145681,0.0,0.0
2020-11-20 00:00:00+09:00,255041.10173921188,258516.96094502695,254606.6212666984,257648.0,607164,0.0,0.0
2020-11-23 00:00:00+09:00,260689.33641819257,264165.21069118794,259385.89513509863,261558.328125,1114010,0.0,0.0
2020-11-24 00:00:00+09:00,265034.19134609244,265034.19134609244,258951.4340524938,261992.828125,961185,0.0,0.0
2020-11-25 00:00:00+09:00,264165.2067891935,326730.6342648388,263730.72636791324,286758.28125,12186002,0.0,0.0
2020-11-26 00:00:00+09:00,291103.1281803108,293710.01081425545,280675.53594170767,286323.8125,3156980,0.0,0.0
2020-11-27 00:00:00+09:00,286323.8012033612,291972.0775388061,285889.3207815124,290234.125,1508059,0.0,0.0
2020-11-30 00:00:00+09:00,293275.5352687979,308916.8930362787,292841.0548225575,295447.9375,3478808,0.0,0.0
2020-12-01 00:00:00+09:00,300661.734288326,305441.05005763535,293710.01628360915,298923.8125,1412159,0.0,0.0
2020-12-02 00:00:00+09:00,300227.21507705085,302399.6170319661,296316.86070679454,301530.65625,1304890,0.0,0.0
2020-12-03 00:00:00+09:00,299792.796729197,312392.7615267195,298054.874805596,305006.5625,1936353,0.0,0.0
2020-12-04 00:00:00+09:00,309351.37703661894,334985.8470649664,308916.8965853868,330206.53125,5379065,0.0,0.0
2020-12-07 00:00:00+09:00,344544.46134300996,350627.21875,330206.54418775294,350627.21875,3937027,0.0,0.0
2020-12-08 00:00:00+09:00,344109.9467205772,349758.2230986996,301530.67994921026,304137.5625,5227250,0.0,0.0
2020-12-09 00:00:00+09:00,305875.5274218925,316737.56934086775,284151.41273252945,307178.96875,4089313,0.0,0.0
2020-12-10 00:00:00+09:00,299358.2943734706,320213.44848699233,298923.8139243189,312827.25,2336640,0.0,0.0
2020-12-11 00:00:00+09:00,324558.2611020789,324558.2611020789,313261.7382899734,313696.21875,1268215,0.0,0.0
2020-12-14 00:00:00+09:00,318475.5233620167,321951.3981070329,304137.60559808346,310654.84375,1904329,0.0,0.0
2020-12-15 00:00:00+09:00,312827.25,314565.1717966069,296751.3808271472,312827.25,2765457,0.0,0.0
2020-12-16 00:00:00+09:00,316303.0888981652,317172.0497835702,306310.007864595,307178.96875,1438214,0.0,0.0
2020-12-17 00:00:00+09:00,302834.11787661974,309785.8354532822,301096.19619530684,305441.03125,1034557,0.0,0.0
2020-12-18 00:00:00+09:00,306744.49230976973,310654.81634511513,305006.53966486995,309351.375,1047356,0.0,0.0
2020-12-21 00:00:00+09:00,313696.2034834179,323689.28442911257,309785.84868206905,318909.96875,2278770,0.0,0.0
2020-12-22 00:00:00+09:00,319778.92872931244,322385.8422066914,311958.25,311958.25,1543388,0.0,0.0
2020-12-23 00:00:00+09:00,316303.11701526045,318041.0389405594,307613.47653735057,308482.4375,1619326,0.0,0.0
2020-12-24 00:00:00+09:00,308916.90577799303,311089.30809879897,298489.3437867105,301965.1875,2358871,0.0,0.0
2020-12-28 00:00:00+09:00,303703.0920119512,312827.2429410776,281544.49705098127,289799.65625,8288690,0.0,0.0
2020-12-29 00:00:00+09:00,319526.9375,323515.500658989,307561.30972585786,319526.9375,6376739,0.0,1.02
2020-12-30 00:00:00+09:00,321299.639683578,323515.5116081681,311106.70287385606,318197.4375,2347797,0.0,0.0
2021-01-04 00:00:00+09:00,311549.85187941964,314208.90435325116,304015.93671495945,308004.5,2234901,0.0,0.0
2021-01-05 00:00:00+09:00,311549.8537601169,315538.41706923477,305788.62992629514,314208.90625,1398733,0.0,0.0
2021-01-06 00:00:00+09:00,316424.73330786487,318640.60514265933,313322.53125,313322.53125,1088809,0.0,0.0
2021-01-07 00:00:00+09:00,314652.06549978576,318640.6289298884,311106.71349142346,316867.9375,1065441,0.0,0.0
2021-01-08 00:00:00+09:00,318640.63350531785,327947.2405073068,315538.43117132154,325288.21875,1915722,0.0,0.0
2021-01-11 00:00:00+09:00,334151.61526932917,342571.8912157546,325288.1896372904,331492.59375,2923586,0.0,0.0
2021-01-12 00:00:00+09:00,337253.8600506431,343015.084356187,327947.2527025724,340356.0625,2756938,0.0,0.0
2021-01-13 00:00:00+09:00,336810.61472601426,345674.0706288682,332378.9022002924,338140.15625,2320808,0.0,0.0
2021-01-14 00:00:00+09:00,324401.8471229732,331492.61271541216,311106.7079142712,312436.21875,3815520,0.0,0.0
2021-01-15 00:00:00+09:00,309334.00761986687,309777.157318089,288504.9228553793,291607.125,3785141,0.0,0.0
2021-01-18 00:00:00+09:00,290277.5956140165,306674.93553494196,278311.9375,278311.9375,2897299,0.0,0.0
2021-01-19 00:00:00+09:00,272993.9052086779,280971.0006427344,262800.9379340565,276982.4375,3675917,0.0,0.0
2021-01-20 00:00:00+09:00,279641.46994706744,287175.41598832846,272993.9158686217,275652.9375,1554279,0.0,0.0
2021-01-21 00:00:00+09:00,278311.97270786465,281414.17504627403,271664.41830514104,276539.28125,1207320,0.0,0.0
2021-01-22 00:00:00+09:00,276982.4347168879,279641.45621771814,272993.9024656425,274766.59375,930325,0.0,0.0
2021-01-25 00:00:00+09:00,276096.1292099863,285402.7361472108,275652.9486363809,284516.375,1048264,0.0,0.0
2021-01-26 00:00:00+09:00,290277.61926947156,296925.2042243857,284959.5451352575,285845.90625,1399030,0.0,0.0
2021-01-27 00:00:00+09:00,288948.10340501455,295152.50769425597,281857.33801650256,291607.125,1129390,0.0,0.0
2021-01-28 00:00:00+09:00,283186.8311514737,299584.20195113466,280084.6292003391,296482.0,1658418,0.0,0.0
2021-01-29 00:00:00+09:00,296482.0124956437,300470.5448074571,285845.8954793956,287175.40625,1199505,0.0,0.0
2021-02-01 00:00:00+09:00,296038.848533381,339469.7109632934,295152.5182538137,328833.5625,6703758,0.0,0.0
2021-02-02 00:00:00+09:00,327947.20736380754,327947.20736380754,312436.1972614232,315095.21875,2585879,0.0,0.0
2021-02-03 00:00:00+09:00,316867.92597566923,318640.61734108574,299584.22372712486,308004.5,2141317,0.0,0.0
2021-02-04 00:00:00+09:00,305788.63979547436,309777.17238190654,299141.05463333946,302686.4375,1224755,0.0,0.0
2021-02-05 00:00:00+09:00,308004.51179999084,314652.06611071114,296925.2134802376,302686.4375,2224804,0.0,0.0
2021-02-08 00:00:00+09:00,310220.3399101811,311549.8507164272,297811.53125,297811.53125,873872,0.0,0.0
2021-02-09 00:00:00+09:00,297811.51504946913,299141.02578339167,290720.75,290720.75,1096887,0.0,0.0
2021-02-10 00:00:00+09:00,289391.26259830367,294266.15625,287618.5711930128,294266.15625,818522,0.0,0.0
2021-02-15 00:00:00+09:00,301356.90412750037,304459.10619125055,295152.5,295152.5,1323475,0.0,0.0
2021-02-16 00:00:00+09:00,296925.17476084636,297368.3244228307,287618.53823660506,288061.71875,921740,0.0,0.0
2021-02-17 00:00:00+09:00,287618.5527618337,291607.1158809965,279641.45737492037,284959.53125,1059511,0.0,0.0
2021-02-18 00:00:00+09:00,283630.0183016203,289391.24181652983,278755.125,278755.125,747480,0.0,0.0
2021-02-19 00:00:00+09:00,275209.7350778284,282300.5,271221.2029476652,282300.5,952982,0.0,0.0
2021-02-22 00:00:00+09:00,285402.7033573323,285845.88388002076,273437.04520462314,274323.40625,807645,0.0,0.0
2021-02-23 00:00:00+09:00,275652.95179940085,276982.4626840579,262357.78125,262357.78125,1405578,0.0,0.0
2021-02-24 00:00:00+09:00,259255.5594715102,266789.50533894374,249948.953125,249948.953125,1665038,0.0,0.0
2021-02-25 00:00:00+09:00,257482.88043541022,273880.23647875944,253937.49781754756,272993.90625,1535026,0.0,0.0
2021-02-26 00:00:00+09:00,265903.15360250586,269448.53638821194,258812.41888250763,263687.3125,1183373,0.0,0.0
2021-03-02 00:00:00+09:00,268119.0214610624,272107.5538954988,255710.19732633568,258369.234375,1012678,0.0,0.0
2021-03-03 00:00:00+09:00,259255.55023505475,271221.20857670705,257039.69386374005,268562.15625,978040,0.0,0.0
2021-03-04 00:00:00+09:00,268562.1423046925,274766.5768438974,263687.2801369195,271664.375,860352,0.0,0.0
2021-03-05 00:00:00+09:00,270334.82676686166,272107.5178981268,265903.1143644035,267232.625,523253,0.0,0.0
2021-03-08 00:00:00+09:00,269448.5250165493,269448.5250165493,257482.8817583433,257926.046875,663716,0.0,0.0
2021-03-09 00:00:00+09:00,255267.02429056942,258812.40691229972,248619.4395876782,254823.84375,950429,0.0,0.0
2021-03-10 00:00:00+09:00,258369.2145127947,262800.9271608393,251721.63011502218,253051.15625,551240,0.0,0.0
2021-03-11 00:00:00+09:00,253051.19561872972,262800.96804640105,252164.84986608542,259698.765625,735848,0.0,0.0
2021-03-12 00:00:00+09:00,262357.7639012304,266789.5076922523,259698.74230774777,263244.125,464405,0.0,0.0
2021-03-15 00:00:00+09:00,262800.9444083439,263244.1249576574,256153.375,256153.375,528529,0.0,0.0
2021-03-16 00:00:00+09:00,257482.87902798134,264130.44826157816,256153.3682664032,262800.9375,457564,0.0,0.0
2021-03-17 00:00:00+09:00,262800.94345844386,264130.4542501658,257926.0499878548,260141.921875,401582,0.0,0.0
2021-03-18 00:00:00+09:00,261914.62413550823,265459.9761107932,258812.421875,258812.421875,447514,0.0,0.0
2021-03-19 00:00:00+09:00,255267.03318632068,257482.88968926892,251721.65044103801,254380.6875,511261,0.0,0.0
2021-03-22 00:00:00+09:00,257039.70524721395,261028.2530625029,253494.33798123852,256153.375,518755,0.0,0.0
2021-03-23 00:00:00+09:00,260585.10415195778,269448.5300565304,257926.05169945545,259255.5625,799927,0.0,0.0
2021-03-24 00:00:00+09:00,260585.0822449028,267675.8162021693,258812.39104273354,265903.125,631821,0.0,0.0
2021-03-25 00:00:00+09:00,267232.6449590095,272550.71875,265016.8040179889,272550.71875,652172,0.0,0.0
2021-03-26 00:00:00+09:00,276096.09659654554,280527.8092548656,269448.5121833598,278311.9375,908203,0.0,0.0
2021-03-29 00:00:00+09:00,294709.3477208953,296482.0391917906,285402.74063725636,292936.65625,1990016,0.0,0.0
2021-03-30 00:00:00+09:00,291163.9314949228,291607.1120248386,286289.03822008416,286732.21875,684963,0.0,0.0
2021-03-31 00:00:00+09:00,289391.28529431723,292493.48778401833,285845.9330570993,287618.59375,589866,0.0,0.0
2021-04-01 00:00:00+09:00,286732.2634035496,290277.6464921842,281857.3693695313,287618.59375,589102,0.0,0.0
2021-04-02 00:00:00+09:00,287618.570703129,288948.11239339324,281857.34678430704,284073.21875,557422,0.0,0.0
2021-04-05 00:00:00+09:00,281857.33194324415,282743.69302341604,272107.5451698281,272993.90625,798458,0.0,0.0
2021-04-06 00:00:00+09:00,273880.2371486313,277425.61977516545,267675.83297790284,269005.34375,707275,0.0,0.0
2021-04-07 00:00:00+09:00,269448.52741617366,276539.26190006617,268562.166323554,271221.21875,510156,0.0,0.0
2021-04-08 00:00:00+09:00,271664.41188576637,276096.125,268562.1787692471,276096.125,541932,0.0,0.0
2021-04-09 00:00:00+09:00,276982.42768330814,278755.1189226507,273880.22572731157,274323.40625,386607,0.0,0.0
2021-04-12 00:00:00+09:00,274323.3886130189,275652.8992441952,271221.1868564711,275209.71875,381273,0.0,0.0
2021-04-13 00:00:00+09:00,276982.4230953881,282743.677240675,273880.22119077615,280084.625,638806,0.0,0.0
2021-04-14 00:00:00+09:00,280971.03527064255,282743.72679128504,277425.65222935745,279198.34375,454374,0.0,0.0
2021-04-15 00:00:00+09:00,278755.1189226507,279198.29944533913,273880.22572731157,274323.40625,609349,0.0,0.0
2021-04-16 00:00:00+09:00,275209.74724760477,276539.25801645016,271664.3954811546,272993.90625,421186,0.0,0.0
2021-04-19 00:00:00+09:00,272993.89553334593,277868.78872868506,270778.02377131494,274323.40625,634236,0.0,0.0
2021-04-20 00:00:00+09:00,271664.3791199028,272993.8898086771,265459.94448660506,265903.125,1178507,0.0,0.0
2021-04-21 00:00:00+09:00,261914.61907270888,263687.31045179244,257039.7100673757,257482.890625,1118935,0.0,0.0
2021-04-22 00:00:00+09:00,258812.41396838924,261028.25502882255,254380.68557040268,255267.03125,859923,0.0,0.0
2021-04-23 00:00:00+09:00,255267.03125,257926.05286308526,252607.99421120805,255267.03125,580902,0.0,0.0
2021-04-26 00:00:00+09:00,255267.0213102527,255710.18641994178,251721.63872991575,252607.984375,798612,0.0,0.0
2021-04-27 00:00:00+09:00,252607.9900128207,253051.17055810697,242415.03800542015,242858.203125,1497675,0.0,0.0
2021-04-28 00:00:00+09:00,241528.6845024025,249948.94490681437,235767.44558059127,239312.828125,1527896,0.0,0.0
2021-04-29 00:00:00+09:00,239756.0040515076,245517.24323335048,233994.7802953713,237983.328125,1154769,0.0,0.0
2021-04-30 00:00:00+09:00,239312.83578285872,241971.87277625277,234881.1074605353,235767.453125,778412,0.0,0.0
2021-05-03 00:00:00+09:00,234881.10005158302,237540.13696110196,220256.4356134937,221142.78125,2150969,0.0,0.0
2021-05-04 00:00:00+09:00,217597.4166020978,230892.57139185205,216267.90575083453,230449.40625,2036254,0.0,0.0
2021-05-06 00:00:00+09:00,230449.38126192006,231778.89196902185,222472.2861678982,223801.796875,1284362,0.0,0.0
2021-05-07 00:00:00+09:00,224688.1620734012,241085.53421023744,224244.99694097365,236210.640625,1449118,0.0,0.0
2021-05-10 00:00:00+09:00,245074.07307470756,245960.4033069042,238426.48835328867,243744.546875,1070702,0.0,0.0
2021-05-11 00:00:00+09:00,242415.0369833877,245074.07396677535,236210.63278118943,239756.0,768675,0.0,0.0
2021-05-12 00:00:00+09:00,239755.99985916223,243301.38250159653,231778.90433939145,232665.25,859588,0.0,0.0
2021-05-13 00:00:00+09:00,230892.56156525237,239756.00285643674,230449.3964422611,234881.109375,960317,0.0,0.0
2021-05-14 00:00:00+09:00,234881.1065766424,240642.34566112922,231778.9044755433,239756.0,636433,0.0,0.0
2021-05-17 00:00:00+09:00,242858.2040441396,245517.2410488015,238426.4911287429,238869.65625,636288,0.0,0.0
2021-05-18 00:00:00+09:00,234881.11149224892,242415.04205666474,233551.60068558416,241085.53125,489225,0.0,0.0
2021-05-20 00:00:00+09:00,238426.48248889783,241528.6845024025,237983.3173836997,239312.828125,451679,0.0,0.0
2021-05-21 00:00:00+09:00,241085.53027852156,244630.89755724338,237983.328125,237983.328125,505515,0.0,0.0
2021-05-24 00:00:00+09:00,238426.48214300853,238426.48214300853,231778.89759473887,232222.078125,505809,0.0,0.0
2021-05-25 00:00:00+09:00,233108.43555859814,241085.53125,231335.74419924067,241085.53125,596993,0.0,0.0
2021-05-26 00:00:00+09:00,239312.83488228856,241971.87186567625,237540.1435600301,239756.0,317554,0.0,0.0
2021-05-27 00:00:00+09:00,239755.99512681758,241085.52130434118,234881.10180254508,238426.484375,571272,0.0,0.0
2021-05-28 00:00:00+09:00,238869.6640858157,244630.9034053867,237540.15325272508,242415.046875,664084,0.0,0.0
2021-05-31 00:00:00+09:00,243744.5557572476,246403.5928278539,242858.21006704553,243301.390625,482212,0.0,0.0
2021-06-01 00:00:00+09:00,243301.39453388425,244187.74023832637,239312.8465767482,241528.703125,367181,0.0,0.0
2021-06-02 00:00:00+09:00,240642.35365210302,241528.699342665,236210.640625,236210.640625,600475,0.0,0.0
2021-06-03 00:00:00+09:00,235767.46006686558,241085.53421023744,233994.7841114485,236210.640625,569134,0.0,0.0
2021-06-04 00:00:00+09:00,235324.28610191157,237983.32307379472,233108.42967152875,236653.796875,508251,0.0,0.0
2021-06-07 00:00:00+09:00,237540.13954871253,238869.65030510188,233551.5918538384,234437.9375,390913,0.0,0.0
2021-06-08 00:00:00+09:00,234881.10180254508,240199.17566122746,234881.10180254508,238426.484375,607043,0.0,0.0
2021-06-09 00:00:00+09:00,239756.0018355279,240642.3475034428,231778.90625,231778.90625,673710,0.0,0.0
2021-06-10 00:00:00+09:00,233551.58997196052,236653.7919956766,231335.7335872642,235324.28125,621110,0.0,0.0
2021-06-11 00:00:00+09:00,236653.7919956766,240642.33965841238,234437.93561098026,235324.28125,543832,0.0,0.0
2021-06-14 00:00:00+09:00,241528.67934195275,249505.77447072958,238426.47739472904,249062.609375,1696351,0.0,0.0
2021-06-15 00:00:00+09:00,249062.62082241764,249505.78593851594,243744.546875,243744.546875,680105,0.0,0.0
2021-06-16 00:00:00+09:00,243301.38071227018,243301.38071227018,239312.832981718,240642.34375,445110,0.0,0.0
2021-06-17 00:00:00+09:00,239312.83001811372,241085.52130434118,237983.31926629617,238426.484375,431782,0.0,0.0
2021-06-18 00:00:00+09:00,238426.48248889783,241085.51939720436,238426.48248889783,239312.828125,530402,0.0,0.0
2021-06-21 00:00:00+09:00,239312.83133466568,249505.78314798986,237983.32057553396,248619.4375,1120491,0.0,0.0
2021-06-22 00:00:00+09:00,248176.27711419662,248619.44223377644,242415.03800542015,242858.203125,595240,0.0,0.0
2021-06-23 00:00:00+09:00,243744.55755895405,251721.65340403092,242858.2118622003,249505.796875,1063801,0.0,0.0
2021-06-24 00:00:00+09:00,250835.29776443672,252164.82396971987,244187.72844084643,246846.75,613543,0.0,0.0
2021-06-25 00:00:00+09:00,247733.08934486425,249062.61551624682,231335.7335872642,235324.28125,1240665,0.0,0.0
2021-06-28 00:00:00+09:00,237983.3249990149,240199.18144732338,235324.28800562085,235767.453125,576893,0.0,0.0
2021-06-29 00:00:00+09:00,235767.45504668908,237540.14639006727,233551.59858031964,234881.109375,380510,0.0,0.0
2021-06-30 00:00:00+09:00,235324.29109667867,240199.18460241446,234437.94542057157,237983.328125,434178,0.0,0.0
2021-07-01 00:00:00+09:00,239312.8250993876,239312.8250993876,234437.93187531142,237096.96875,524261,0.0,0.0
2021-07-02 00:00:00+09:00,237096.9793345502,237096.9793345502,234437.9423411562,235767.453125,392947,0.0,0.0
2021-07-05 00:00:00+09:00,236653.80096433824,245517.2422647346,236653.80096433824,241971.875,661055,0.0,0.0
2021-07-06 00:00:00+09:00,241085.52516147192,241528.690277266,236653.796875,236653.796875,575445,0.0,0.0
2021-07-07 00:00:00+09:00,237096.98631556198,238426.49713855152,235767.46006686558,236210.640625,344910,0.0,0.0
2021-07-08 00:00:00+09:00,237540.14445392936,238869.65523777317,235767.453125,235767.453125,499239,0.0,0.0
2021-07-09 00:00:00+09:00,233994.7693946327,235324.28013400425,228676.69558573462,232222.078125,739554,0.0,0.0
2021-07-12 00:00:00+09:00,235324.28698182572,237096.97830304285,232665.25,232665.25,336000,0.0,0.0
2021-07-13 00:00:00+09:00,235324.27823127143,237096.9694865709,232665.24134832225,233108.421875,381836,0.0,0.0
2021-07-14 00:00:00+09:00,233108.42565907576,233994.77130111365,230449.3887329621,231335.734375,406525,0.0,0.0
2021-07-15 00:00:00+09:00,232222.09273032457,239312.84282911348,231778.91217219015,236210.640625,510146,0.0,0.0
2021-07-16 00:00:00+09:00,234437.93669384124,241085.52130434118,232665.24540761378,238426.484375,643844,0.0,0.0
2021-07-19 00:00:00+09:00,240642.33657146405,241085.51709814178,233108.421875,233108.421875,515916,0.0,0.0
2021-07-20 00:00:00+09:00,236210.63584088636,244187.73146867246,235767.45529172797,241971.875,1240574,0.0,0.0
2021-07-21 00:00:00+09:00,244630.88342305901,244630.88342305901,237096.96875,237096.96875,585185,0.0,0.0
2021-07-22 00:00:00+09:00,238869.65625,239312.83679696356,236210.63467104457,238869.65625,333618,0.0,0.0
2021-07-23 00:00:00+09:00,238426.49325020023,240642.3497276147,237540.14757409313,237983.328125,276208,0.0,0.0
2021-07-26 00:00:00+09:00,238426.51014383658,239312.85588274544,233994.796875,233994.796875,368920,0.0,0.0
2021-07-27 00:00:00+09:00,236210.630710073,238426.48713061406,232665.24809664232,233551.59375,326958,0.0,0.0
2021-07-28 00:00:00+09:00,233551.59758582988,234881.10837484902,230892.56058208508,231778.90625,371149,0.0,0.0
2021-07-29 00:00:00+09:00,231778.90625,233551.59758582988,231335.74112889578,231778.90625,261511,0.0,0.0
2021-07-30 00:00:00+09:00,231778.89004691638,232222.07056274542,224688.140625,224688.140625,699273,0.0,0.0
2021-08-02 00:00:00+09:00,226460.84394884485,233994.77428953192,226460.84394884485,233551.59375,511454,0.0,0.0
2021-08-03 00:00:00+09:00,233551.59858031964,234881.109375,230892.56156525237,234881.109375,311803,0.0,0.0
2021-08-04 00:00:00+09:00,234881.10845586038,241528.6932546619,234437.9433346033,238869.65625,554455,0.0,0.0
2021-08-05 00:00:00+09:00,239312.83001811372,243744.54280797634,237983.31926629617,238426.484375,458739,0.0,0.0
2021-08-06 00:00:00+09:00,240199.1786358081,241971.86994398822,237096.97655934596,240642.34375,370205,0.0,0.0
2021-08-09 00:00:00+09:00,239756.00090223787,240199.18144732338,234437.9423411562,235767.453125,391821,0.0,0.0
2021-08-10 00:00:00+09:00,236210.6261114953,241085.51939720436,235767.44558059127,239312.828125,512281,0.0,0.0
2021-08-11 00:00:00+09:00,241085.5254831647,253494.33385043126,239755.99928259593,250835.296875,2083976,0.0,0.0
2021-08-12 00:00:00+09:00,255710.20132656937,257926.0578556003,248176.28604272284,249505.796875,1189309,0.0,0.0
2021-08-13 00:00:00+09:00,251721.63343621892,253937.48978947708,243301.3731235556,244187.71875,896873,0.0,0.0
2021-08-17 00:00:00+09:00,242858.203125,250835.2986830885,240199.18155610812,242858.203125,875385,0.0,0.0
2021-08-18 00:00:00+09:00,243744.5487898661,245517.2401195983,239312.83589124202,242858.203125,468633,0.0,0.0
2021-08-19 00:00:00+09:00,240642.3369767183,247733.08658415155,239312.82624585764,240199.171875,557789,0.0,0.0
2021-08-20 00:00:00+09:00,242415.0378956319,245074.07488902594,234881.1074605353,235767.453125,721439,0.0,0.0
2021-08-23 00:00:00+09:00,238426.48670005618,253937.4970415396,238426.48670005618,251721.640625,1510106,0.0,0.0
2021-08-24 00:00:00+09:00,255267.0342063908,255710.19933846866,247733.10355541226,250392.140625,781436,0.0,0.0
2021-08-25 00:00:00+09:00,250392.1336704756,250392.1336704756,244630.89455923796,249948.953125,500679,0.0,0.0
2021-08-26 00:00:00+09:00,249948.95622158278,256153.3759551617,248619.44542009776,252164.828125,674023,0.0,0.0
2021-08-27 00:00:00+09:00,252608.00446557355,263244.1376267977,250392.14788948317,261028.265625,1339777,0.0,0.0
2021-08-30 00:00:00+09:00,263687.3013714809,266346.3229228336,257482.8817583433,257926.046875,866260,0.0,0.0
2021-08-31 00:00:00+09:00,259255.5850358239,260585.12680335224,255267.05228748647,259698.765625,679263,0.0,0.0
2021-09-01 00:00:00+09:00,259698.74713600104,261914.61907270888,256153.37980354077,257482.890625,468972,0.0,0.0
2021-09-02 00:00:00+09:00,255710.19637694533,259255.5636696279,253937.5050177507,255267.03125,470276,0.0,0.0
2021-09-03 00:00:00+09:00,256153.3708258625,257482.88160072497,250835.296875,250835.296875,490585,0.0,0.0
2021-09-06 00:00:00+09:00,250392.1326464799,252607.98908767666,245074.07410246643,246846.75,464098,0.0,0.0
2021-09-07 00:00:00+09:00,247289.92863546286,249948.95017409822,244630.89167112127,247733.09375,384802,0.0,0.0
2021-09-08 00:00:00+09:00,246403.59479997886,248176.286194571,241971.88173920545,242415.046875,518638,0.0,0.0
2021-09-09 00:00:00+09:00,241085.52130434118,244187.72334238622,236653.79308877254,238426.484375,662988,0.0,0.0
2021-09-10 00:00:00+09:00,238869.64457408665,240199.1707242838,235324.27750020762,237096.96875,438950,0.0,0.0
2021-09-13 00:00:00+09:00,236210.6257688206,236653.79087337584,230892.55195992254,232222.078125,563057,0.0,0.0
2021-09-14 00:00:00+09:00,231778.8957206725,234881.09770459367,230892.5500930228,233108.421875,464119,0.0,0.0
2021-09-15 00:00:00+09:00,235767.4637589797,244187.74023832637,235324.29861961218,241528.703125,641875,0.0,0.0
2021-09-16 00:00:00+09:00,244630.8923649432,244630.8923649432,236210.63175920595,236653.796875,394533,0.0,0.0
2021-09-17 00:00:00+09:00,240199.17114385302,244630.88385036934,239312.82551740858,244187.71875,745959,0.0,0.0
2021-09-23 00:00:00+09:00,254380.6846027106,257926.0518819062,250392.13677254887,252164.828125,1373463,0.0,0.0
2021-09-24 00:00:00+09:00,252607.99723356165,253051.1777915161,242858.21006704553,243301.390625,706059,0.0,0.0
2021-09-27 00:00:00+09:00,241085.51634917996,241528.6814487752,236653.78822469903,237096.96875,570740,0.0,0.0
2021-09-28 00:00:00+09:00,234881.10451718338,238869.65224443979,233108.42863617427,233551.59375,574305,0.0,0.0
2021-09-29 00:00:00+09:00,230006.2236247962,234881.1015174455,230006.2236247962,231335.734375,525673,0.0,0.0
2021-09-30 00:00:00+09:00,230449.39950387893,233108.43655427263,229563.05382041435,230006.234375,513924,0.0,0.0
2021-10-01 00:00:00+09:00,228676.7069894627,229119.8875418245,219370.10049834487,219813.265625,1136567,0.0,0.0
2021-10-05 00:00:00+09:00,212722.51139950493,213165.69194307685,191450.26180212508,193222.953125,2690435,0.0,0.0
2021-10-06 00:00:00+09:00,193666.130268526,201643.22629109296,187904.90625,187904.90625,2043136,0.0,0.0
2021-10-07 00:00:00+09:00,190563.91021706545,194552.45785669802,187461.70821131856,188791.234375,1194653,0.0,0.0
2021-10-08 00:00:00+09:00,191007.1004911842,199427.36130410302,191007.1004911842,198541.015625,1105137,0.0,0.0
2021-10-12 00:00:00+09:00,197211.49982764607,197654.66494312746,188791.23922784955,190120.75,867439,0.0,0.0
2021-10-13 00:00:00+09:00,187461.71115871452,193222.9501567004,187461.71115871452,191007.09375,513479,0.0,0.0
2021-10-14 00:00:00+09:00,192336.59999001466,197654.6583262913,191007.0892623719,196768.328125,627950,0.0,0.0
2021-10-15 00:00:00+09:00,198541.0077755368,199427.35341959752,194109.29498093927,194995.640625,476041,0.0,0.0
2021-10-18 00:00:00+09:00,195881.98516289648,195881.98516289648,190563.91132856385,191893.4375,459931,0.0,0.0
2021-10-19 00:00:00+09:00,192336.60746356254,193666.11824286554,189234.40536138462,193222.953125,537503,0.0,0.0
2021-10-20 00:00:00+09:00,194552.4619885016,199870.5359047581,193666.1163357922,194109.296875,582511,0.0,0.0
2021-10-21 00:00:00+09:00,194995.6534176698,195881.99911987912,192779.796875,192779.796875,379320,0.0,0.0
2021-10-22 00:00:00+09:00,192336.61225406945,195438.81443351356,190120.7557581389,194552.46875,326620,0.0,0.0
2021-10-25 00:00:00+09:00,194552.45899146033,194995.63952384103,190563.91132856385,191893.4375,374850,0.0,0.0
2021-10-26 00:00:00+09:00,193222.9522543566,199427.35643075602,192779.78713848794,197211.5,604913,0.0,0.0
2021-10-27 00:00:00+09:00,197211.49894662984,197211.49894662984,193666.1163357922,194109.296875,296790,0.0,0.0
2021-10-28 00:00:00+09:00,194995.64145234314,195438.80656340075,191007.09375,191007.09375,425805,0.0,0.0
2021-10-29 00:00:00+09:00,192336.60192859042,192336.60192859042,177268.75696918173,177711.9375,1671568,0.0,0.0
2021-11-01 00:00:00+09:00,177711.9585949939,184802.7090984283,173723.41047270526,182143.671875,960675,0.0,0.0
2021-11-02 00:00:00+09:00,182586.81945922968,187904.89339423607,181257.3086883312,183030.0,904859,0.0,0.0
2021-11-03 00:00:00+09:00,183473.16614260487,187018.54878579837,180814.1445859161,186132.203125,451252,0.0,0.0
2021-11-04 00:00:00+09:00,186575.36334940002,190563.91100553545,183473.1613308176,184802.6875,475205,0.0,0.0
2021-11-05 00:00:00+09:00,184802.6786652626,185689.02426044262,180370.95068936233,185245.84375,544421,0.0,0.0
2021-11-08 00:00:00+09:00,179041.46312229446,179927.8088318948,171507.53230354525,174609.75,1315504,0.0,0.0
2021-11-09 00:00:00+09:00,175939.26711270833,183916.36335728553,175052.92137156555,182143.671875,783206,0.0,0.0
2021-11-10 00:00:00+09:00,186575.37609380836,195881.9982109693,185245.86525951696,189677.59375,1419848,0.0,0.0
2021-11-11 00:00:00+09:00,186132.19058514107,190563.90316485896,183916.33429528214,188348.046875,758721,0.0,0.0
2021-11-12 00:00:00+09:00,205631.76249932646,206074.94304497947,188791.24113005341,189234.40625,1774193,0.0,0.0
2021-11-15 00:00:00+09:00,201200.05077594818,222472.30059786202,196325.1572994396,206518.109375,4989836,0.0,0.0
2021-11-16 00:00:00+09:00,205631.771689936,208290.80880557912,200313.71288435685,202972.75,1124056,0.0,0.0
2021-11-17 00:00:00+09:00,201643.2117844707,203859.08362909732,193666.1163357922,194109.296875,1021207,0.0,0.0
2021-11-18 00:00:00+09:00,191893.44812001652,196325.16113485335,190563.921875,190563.921875,603359,0.0,0.0
2021-11-19 00:00:00+09:00,191007.10235540717,198097.85243173028,191007.10235540717,197654.671875,720293,0.0,0.0
2021-11-22 00:00:00+09:00,195881.9921185896,201643.2158384698,194109.30077753114,199427.359375,630613,0.0,0.0
2021-11-23 00:00:00+09:00,194109.30366500202,195438.81447771972,183030.00575713647,187461.71875,1588529,0.0,0.0
2021-11-24 00:00:00+09:00,186575.36633627568,190120.74894324545,184802.690458497,187018.546875,748234,0.0,0.0
2021-11-25 00:00:00+09:00,187461.70002509753,189677.57172590023,184802.6786652626,185245.84375,529849,0.0,0.0
2021-11-26 00:00:00+09:00,185245.86525951696,193666.12625287427,184359.51956142034,189677.59375,969873,0.0,0.0
2021-11-29 00:00:00+09:00,195438.7962579718,198984.17866231035,187904.88178731033,188348.046875,1168594,0.0,0.0
2021-11-30 00:00:00+09:00,193222.94256738154,193666.10766103273,182143.64554334088,183473.15625,1280298,0.0,0.0
2021-12-01 00:00:00+09:00,187018.55362099633,193222.95798128797,185689.04280827864,187461.71875,935666,0.0,0.0
2021-12-02 00:00:00+09:00,186132.197473343,189677.58000888568,183029.9954675961,188791.234375,581758,0.0,0.0
2021-12-03 00:00:00+09:00,187018.55555930364,188348.06638580072,183030.00765410546,186575.375,705525,0.0,0.0
2021-12-06 00:00:00+09:00,184359.51077089846,186575.36719763133,181700.48922910154,183030.0,624057,0.0,0.0
2021-12-07 00:00:00+09:00,183029.98994644644,183029.98994644644,178155.09681998068,180370.953125,770421,0.0,0.0
2021-12-08 00:00:00+09:00,181257.3068100511,186132.20015377103,181257.3068100511,183916.34375,699882,0.0,0.0
2021-12-09 00:00:00+09:00,184359.50991977268,188348.05763976058,183029.9991550121,187018.546875,903256,0.0,0.0
2021-12-10 00:00:00+09:00,187018.5526625144,187461.71778924682,183473.16994582853,184359.515625,424192,0.0,0.0
2021-12-13 00:00:00+09:00,186132.2131161702,186575.37825750434,181257.31943295867,181700.5,457587,0.0,0.0
2021-12-14 00:00:00+09:00,181700.48230365402,184802.684267982,181257.30177977536,182586.8125,381565,0.0,0.0
2021-12-15 00:00:00+09:00,182143.6543441656,186575.36719763133,182143.6543441656,183030.0,481987,0.0,0.0
2021-12-16 00:00:00+09:00,184359.50374410333,185245.849366155,181700.48230365402,182586.8125,365535,0.0,0.0
2021-12-17 00:00:00+09:00,181700.4804496897,184802.68238236464,179927.78922367387,183473.15625,583313,0.0,0.0
2021-12-20 00:00:00+09:00,183029.99302387866,187461.7057084313,182143.647401827,182586.8125,610044,0.0,0.0
2021-12-21 00:00:00+09:00,183473.17599104377,183916.3565580851,181257.31943295867,181700.5,395608,0.0,0.0
2021-12-22 00:00:00+09:00,182143.65025394718,182586.81535905952,176825.59186406937,177711.9375,791403,0.0,0.0
2021-12-23 00:00:00+09:00,176382.41803577656,181257.31150578777,172837.05078303616,178155.109375,777769,0.0,0.0
2021-12-24 00:00:00+09:00,178155.109375,180370.96583617604,178155.109375,178155.109375,439329,0.0,0.0
2021-12-27 00:00:00+09:00,177268.7733780985,181700.50196797538,176825.6082319645,180814.15625,1009356,0.0,0.0
2021-12-28 00:00:00+09:00,181257.31345349614,191450.265625,180814.14832678146,191450.265625,2198959,0.0,0.0
2021-12-29 00:00:00+09:00,188294.88827016813,188748.61044479645,181942.77782537168,182396.5,1781169,721.1539,1.02
2021-12-30 00:00:00+09:00,183303.94937147634,183303.94937147634,179674.171875,179674.171875,852730,0.0,0.0
2022-01-04 00:00:00+09:00,178313.01369179593,181035.34694206103,176044.38716662247,176498.109375,719158,0.0,0.0
2022-01-05 00:00:00+09:00,175590.63429988432,175590.63429988432,169692.24662084295,170145.96875,1215969,0.0,0.0
2022-01-06 00:00:00+09:00,166062.48240672788,168784.8153918197,162432.6896099878,164247.59375,1142672,0.0,0.0
2022-01-07 00:00:00+09:00,165155.0434460716,168784.8208774988,164701.32126714318,165608.765625,562852,0.0,0.0
2022-01-10 00:00:00+09:00,166062.48818523815,173775.76524473206,163793.877285387,169692.265625,954806,0.0,0.0
2022-01-11 00:00:00+09:00,172414.59626071638,180127.88869415352,171960.874087178,178313.0,1144042,0.0,0.0
2022-01-12 00:00:00+09:00,179220.4409148492,180127.88524454762,175136.92594792196,178766.71875,488773,0.0,0.0
2022-01-13 00:00:00+09:00,178766.7324063251,179220.454605835,174229.49492794063,176951.828125,523214,0.0,0.0
2022-01-14 00:00:00+09:00,172868.32115475828,173322.04333543708,154265.6962636424,155173.140625,2763537,0.0,0.0
2022-01-17 00:00:00+09:00,150182.19374978406,156988.0263291015,144737.5122030455,145191.234375,2895023,0.0,0.0
2022-01-18 00:00:00+09:00,147913.58638705628,151997.08603119082,143830.07125963678,144737.515625,1700247,0.0,0.0
2022-01-19 00:00:00+09:00,141561.4415715741,154265.676485039,141107.7194490676,151543.34375,1668975,0.0,0.0
2022-01-20 00:00:00+09:00,150182.19091338533,151089.63524015597,146098.6759596331,149728.46875,865261,0.0,0.0
2022-01-21 00:00:00+09:00,152904.5183441793,154265.68478493308,147006.11495096248,148367.296875,817142,0.0,0.0
2022-01-24 00:00:00+09:00,147459.8631885519,151997.084984112,146552.40334615504,151089.640625,675957,0.0,0.0
2022-01-25 00:00:00+09:00,151543.37108204686,151543.37108204686,142922.63371632222,143830.078125,901159,0.0,0.0
2022-01-26 00:00:00+09:00,143830.078125,143830.078125,143830.078125,143830.078125,0,0.0,0.0
2022-01-27 00:00:00+09:00,141561.44832561899,142468.8926139271,133394.44973084595,133848.171875,1169016,0.0,0.0
2022-01-28 00:00:00+09:00,134755.62353020796,138839.12305083364,134755.62353020796,137024.234375,869476,0.0,0.0
2022-02-03 00:00:00+09:00,139292.850936933,145644.961563067,138839.128749352,142468.90625,755186,0.0,0.0
2022-02-04 00:00:00+09:00,142468.91151198331,145644.96694235556,140200.30049028885,143830.078125,390510,0.0,0.0
2022-02-07 00:00:00+09:00,147459.86579667614,147459.86579667614,141561.46187483802,142468.90625,560944,0.0,0.0
2022-02-08 00:00:00+09:00,142468.90625,142468.90625,142468.90625,142468.90625,0,0.0,0.0
2022-02-09 00:00:00+09:00,142468.90625,142468.90625,142468.90625,142468.90625,0,0.0,0.0
2022-02-10 00:00:00+09:00,146098.67528629422,148367.3015760495,145191.2309637058,145644.953125,431782,0.0,0.0
2022-02-11 00:00:00+09:00,147459.87124299683,147459.87124299683,143376.3559206611,143830.078125,410404,0.0,0.0
2022-02-14 00:00:00+09:00,140654.02269462775,147006.13355537225,140200.30049028885,143830.078125,427750,0.0,0.0
2022-02-15 00:00:00+09:00,143376.35931059878,144283.80374073185,137931.69272980042,139292.859375,655724,0.0,0.0
2022-02-16 00:00:00+09:00,142015.17725252747,145644.95457912088,141107.7329208791,143376.34375,527110,0.0,0.0
2022-02-17 00:00:00+09:00,144283.7934423184,147459.86420437467,140200.29379818385,144737.515625,669757,0.0,0.0
2022-02-18 00:00:00+09:00,142468.90282333194,143830.06935333612,140654.01411665973,142922.625,336812,0.0,0.0
2022-02-21 00:00:00+09:00,142922.625,142922.625,142922.625,142922.625,0,0.0,0.0
2022-02-22 00:00:00+09:00,142922.625,142922.625,142922.625,142922.625,0,0.0,0.0
2022-02-23 00:00:00+09:00,142922.625,142922.625,142922.625,142922.625,0,0.0,0.0
2022-02-24 00:00:00+09:00,142468.9004025009,142922.6225714593,136116.79003708318,137024.234375,848870,0.0,0.0
2022-02-25 00:00:00+09:00,139746.5678635006,141107.734375,138385.40135200118,141107.734375,444281,0.0,0.0
2022-02-28 00:00:00+09:00,141107.734375,141107.734375,141107.734375,141107.734375,0,0.0,0.0
2022-03-02 00:00:00+09:00,144737.503394341,147913.5738880119,144283.78125,144283.78125,318110,0.0,0.0
2022-03-03 00:00:00+09:00,144283.79280542381,158349.19588975163,144283.79280542381,155173.140625,1308410,0.0,0.0
2022-03-04 00:00:00+09:00,155173.140625,155173.140625,155173.140625,155173.140625,0,0.0,0.0
2022-03-07 00:00:00+09:00,149274.74658661467,153358.24605708258,147459.85793307336,149728.46875,464673,0.0,0.0
2022-03-08 00:00:00+09:00,148367.3145138298,157895.48073187398,147459.8701121113,154265.703125,749733,0.0,0.0
2022-03-10 00:00:00+09:00,154265.703125,154265.703125,154265.703125,154265.703125,0,0.0,0.0
2022-03-11 00:00:00+09:00,157441.75343617672,163340.15733975932,155173.14250529307,156988.03125,876915,0.0,0.0
2022-03-14 00:00:00+09:00,166516.20804183715,171053.4297782324,161978.97082215722,163793.875,1584802,0.0,0.0
2022-03-15 00:00:00+09:00,163793.875,163793.875,163793.875,163793.875,0,0.0,0.0
2022-03-16 00:00:00+09:00,165155.03807836396,165608.76024254592,162432.6896099878,164247.59375,376911,0.0,0.0
2022-03-17 00:00:00+09:00,164247.59375,164247.59375,164247.59375,164247.59375,0,0.0,0.0
2022-03-18 00:00:00+09:00,171960.88000999513,171960.88000999513,168331.1024966683,169238.546875,520490,0.0,0.0
2022-03-21 00:00:00+09:00,169238.546875,169238.546875,169238.546875,169238.546875,0,0.0,0.0
2022-03-22 00:00:00+09:00,153358.24117287,155173.12976861003,151543.35257713,152450.796875,4311648,0.0,0.0
2022-03-23 00:00:00+09:00,153811.96875,155173.1352448421,152904.52442010527,153811.96875,717685,0.0,0.0
2022-03-24 00:00:00+09:00,153358.24117287,155173.12976861003,149274.74183245495,152450.796875,871508,0.0,0.0
2022-03-25 00:00:00+09:00,153358.25852694866,153358.25852694866,149728.4809247216,150182.203125,736597,0.0,0.0
2022-03-28 00:00:00+09:00,150182.18613032496,153358.24117287,149274.74183245495,152450.796875,442089,0.0,0.0
2022-03-29 00:00:00+09:00,153358.2553027817,155626.86625647888,152904.53311204226,154719.421875,446342,0.0,0.0
2022-03-30 00:00:00+09:00,156080.59552968803,158802.92879765597,154265.70668437608,157895.484375,558705,0.0,0.0
2022-03-31 00:00:00+09:00,158349.19239906102,159256.6367404147,154265.6928629695,155626.859375,409490,0.0,0.0
2022-04-01 00:00:00+09:00,154265.67863264598,154719.40076146895,152904.512246177,153358.234375,319251,0.0,0.0
2022-04-04 00:00:00+09:00,153358.2587232815,155173.1475267185,152904.53652242228,154265.703125,236438,0.0,0.0
2022-04-05 00:00:00+09:00,154719.41503364634,155626.859375,152904.52635093898,155626.859375,238203,0.0,0.0
2022-04-06 00:00:00+09:00,154719.41999085638,156080.58654649864,152450.8090647859,152904.53125,353552,0.0,0.0
2022-04-07 00:00:00+09:00,151997.084984112,154265.69588189208,150635.918445444,151089.640625,398616,0.0,0.0
2022-04-08 00:00:00+09:00,151997.07058093036,152450.79271749186,147913.57135187704,148821.015625,318825,0.0,0.0
2022-04-11 00:00:00+09:00,148367.30701708514,148821.0291950186,144737.51411033276,147006.125,332425,0.0,0.0
2022-04-12 00:00:00+09:00,144737.5054228996,148367.29811178456,144283.78327219942,146098.671875,312238,0.0,0.0
2022-04-13 00:00:00+09:00,146098.67930039292,149274.75,146098.67930039292,149274.75,258629,0.0,0.0
2022-04-14 00:00:00+09:00,148821.015625,149274.7377615615,146098.66732234773,148821.015625,391858,0.0,0.0
2022-04-15 00:00:00+09:00,146552.41135103334,147006.13355537225,142922.63371632222,143830.078125,485013,0.0,0.0
2022-04-18 00:00:00+09:00,142468.9096985637,144283.79849281837,141107.74310287266,142015.1875,299462,0.0,0.0
2022-04-19 00:00:00+09:00,142015.1758346463,146098.67528629422,142015.1758346463,145644.953125,295841,0.0,0.0
2022-04-20 00:00:00+09:00,145191.2378076816,145644.95999036325,143376.34907695514,144737.515625,263971,0.0,0.0
2022-04-21 00:00:00+09:00,146098.68217304486,147459.86420437467,144737.515625,144737.515625,247799,0.0,0.0
2022-04-22 00:00:00+09:00,142922.61481697691,145191.22553868205,142468.89267263588,144283.78125,270854,0.0,0.0
2022-04-25 00:00:00+09:00,142015.17871599962,143376.34522749903,141107.734375,141107.734375,313687,0.0,0.0
2022-04-26 00:00:00+09:00,142922.61626408107,154265.68547074002,142922.61626408107,152450.796875,1047596,0.0,0.0
2022-04-27 00:00:00+09:00,149274.75227617557,159710.36243178806,147913.58573413914,155173.140625,965490,0.0,0.0
2022-04-28 00:00:00+09:00,155173.13765505244,159710.359375,154265.69331106293,159710.359375,506264,0.0,0.0
2022-04-29 00:00:00+09:00,158802.9150310105,161525.24806297902,156988.02634303147,159710.359375,386486,0.0,0.0
2022-05-02 00:00:00+09:00,158349.19780853018,159710.3643670604,156080.58687764654,156988.03125,272734,0.0,0.0
2022-05-03 00:00:00+09:00,156534.300285733,159710.35541086414,156080.578125,156080.578125,249277,0.0,0.0
2022-05-04 00:00:00+09:00,156534.2892767609,157441.73353440687,151997.06798853105,153358.234375,284930,0.0,0.0
2022-05-06 00:00:00+09:00,149728.46926547372,154719.41307989473,149728.46926547372,153811.96875,388990,0.0,0.0
2022-05-10 00:00:00+09:00,148367.30701708514,149728.47355088548,145191.23628826623,147006.125,453414,0.0,0.0
2022-05-11 00:00:00+09:00,145644.95846619966,148367.30701708514,145191.23628826623,147006.125,260232,0.0,0.0
2022-05-12 00:00:00+09:00,145191.24099402834,145644.96318666727,139746.57468236107,140200.296875,653507,0.0,0.0
2022-05-13 00:00:00+09:00,135209.35560076742,137931.68881387878,129310.95923071669,131579.5625,1524523,0.0,0.0
2022-05-16 00:00:00+09:00,132033.28844830437,133848.1770957098,127949.78125,127949.78125,890026,0.0,0.0
2022-05-17 00:00:00+09:00,127949.78658271497,130672.11192564257,127949.78658271497,129310.953125,557806,0.0,0.0
2022-05-18 00:00:00+09:00,129310.953125,131579.55628716593,128857.23094423831,129310.953125,592637,0.0,0.0
2022-05-19 00:00:00+09:00,126134.88486095243,129310.94773555407,126134.88486095243,127949.78125,590048,0.0,0.0
2022-05-20 00:00:00+09:00,129310.95923071669,132487.02238765606,129310.95923071669,131579.5625,478700,0.0,0.0
2022-05-23 00:00:00+09:00,132487.0088136024,135663.06390349392,131125.82686322203,133394.453125,552803,0.0,0.0
2022-05-24 00:00:00+09:00,132033.30018547084,133394.46679202653,131125.84029781478,131579.5625,266698,0.0,0.0
2022-05-25 00:00:00+09:00,133394.45889606126,141561.45805196936,132940.73672073305,138839.125,800581,0.0,0.0
2022-05-26 00:00:00+09:00,139292.85592118368,141107.74473644898,137477.96710591836,139746.578125,360472,0.0,0.0
2022-05-27 00:00:00+09:00,140654.00880592666,144283.78608222006,140200.28664638998,141561.453125,433244,0.0,0.0
2022-05-30 00:00:00+09:00,142468.90625,144283.795000324,140654.017499676,142468.90625,348200,0.0,0.0
2022-05-31 00:00:00+09:00,143376.34231852894,145644.953125,141561.4536733521,145644.953125,583656,0.0,0.0
2022-06-02 00:00:00+09:00,145191.23588334027,145191.23588334027,142468.90282333194,142922.625,334062,0.0,0.0
2022-06-03 00:00:00+09:00,144737.51749581506,147913.5882989239,144737.51749581506,146552.40625,339788,0.0,0.0
2022-06-07 00:00:00+09:00,145644.94768302309,146098.6698273641,142922.61481697691,144283.78125,371033,0.0,0.0
2022-06-08 00:00:00+09:00,144283.79193239933,148821.0291950186,144283.79193239933,147006.125,370414,0.0,0.0
2022-06-09 00:00:00+09:00,146552.41003948738,150182.203125,145644.96563893062,150182.203125,542618,0.0,0.0
2022-06-10 00:00:00+09:00,148367.30856973788,149728.47511778274,144283.7934423184,144737.515625,711562,0.0,0.0
2022-06-13 00:00:00+09:00,141107.74489896663,145191.24473801666,141107.74489896663,143830.078125,441526,0.0,0.0
2022-06-14 00:00:00+09:00,142922.61960361002,144283.78608222006,140200.28664638998,141561.453125,459665,0.0,0.0
2022-06-15 00:00:00+09:00,140654.0047537917,142468.89333965283,137024.22758206943,137931.671875,483307,0.0,0.0
2022-06-16 00:00:00+09:00,139746.57440901152,141107.74098426584,135663.07468324856,136116.796875,411074,0.0,0.0
2022-06-17 00:00:00+09:00,132487.01454540482,139746.56935065644,132487.01454540482,138839.125,516071,0.0,0.0
2022-06-20 00:00:00+09:00,139746.5728096764,142468.9059290292,136116.795317206,138385.40625,378765,0.0,0.0
2022-06-21 00:00:00+09:00,140200.30032881632,140654.02253263266,137477.96710591836,139746.578125,252525,0.0,0.0
2022-06-22 00:00:00+09:00,141107.73096546333,146098.67472036675,139746.5644868533,141561.453125,499819,0.0,0.0
2022-06-23 00:00:00+09:00,142468.89799594053,148821.02373734373,141561.4536733521,145644.953125,851814,0.0,0.0
2022-06-24 00:00:00+09:00,146098.67830750192,156988.0258870305,145644.95613682506,155626.859375,1078566,0.0,0.0
2022-06-27 00:00:00+09:00,157441.73645108644,162886.41758111055,155626.84790217286,159256.625,1008090,0.0,0.0
2022-06-28 00:00:00+09:00,158349.203125,159710.36972923047,152450.814506668,158349.203125,620703,0.0,0.0
2022-06-29 00:00:00+09:00,158349.19285901572,161525.24806297902,156988.02634303147,159710.359375,448107,0.0,0.0
2022-06-30 00:00:00+09:00,159256.635742989,166969.92807947134,159256.635742989,161978.96875,876955,0.0,0.0
2022-07-01 00:00:00+09:00,163793.8694581486,166062.48024958937,157895.46591711848,162432.6875,576079,0.0,0.0
2022-07-04 00:00:00+09:00,162432.6842425271,164701.3104717563,160617.7956457708,162886.421875,461353,0.0,0.0
2022-07-05 00:00:00+09:00,163340.1667264942,166062.5,161071.54018195337,166062.5,494831,0.0,0.0
2022-07-06 00:00:00+09:00,164701.32498334147,172414.60219916096,164701.32498334147,169238.546875,974417,0.0,0.0
2022-07-07 00:00:00+09:00,170599.69087915702,171507.13513747108,167423.63597505784,170145.96875,403110,0.0,0.0
2022-07-08 00:00:00+09:00,169692.26523535562,169692.26523535562,161978.97271028796,165608.765625,825109,0.0,0.0
2022-07-11 00:00:00+09:00,164701.32833930178,170145.99472023273,164701.32833930178,168784.828125,375755,0.0,0.0
2022-07-12 00:00:00+09:00,170145.96875,173775.74578325622,167877.35810421486,170145.96875,462239,0.0,0.0
2022-07-13 00:00:00+09:00,171053.4272492063,175136.92675158745,170145.9829153438,172414.59375,560882,0.0,0.0
2022-07-14 00:00:00+09:00,172414.60062002044,172868.32280503068,169238.54532494888,171507.15625,458820,0.0,0.0
2022-07-15 00:00:00+09:00,171960.88000999513,171960.88000999513,166062.49155083904,169238.546875,425728,0.0,0.0
2022-07-18 00:00:00+09:00,170145.99991025872,170145.99991025872,163340.1667264942,166062.5,400616,0.0,0.0
2022-07-19 00:00:00+09:00,166969.92528524218,169238.53608645298,165608.75880451567,166516.203125,244106,0.0,0.0
2022-07-20 00:00:00+09:00,167877.36617695043,169238.53262987605,166062.47757304957,166969.921875,264736,0.0,0.0
2022-07-21 00:00:00+09:00,166516.2099828568,166969.9321617852,162432.69488921633,165608.765625,349375,0.0,0.0
2022-07-22 00:00:00+09:00,164701.3104717563,167423.64336689076,162886.421875,162886.421875,236243,0.0,0.0
2022-07-25 00:00:00+09:00,163793.8754266086,169238.5415244638,162432.69341886012,167877.375,318122,0.0,0.0
2022-07-26 00:00:00+09:00,168331.10592658908,171507.1613154655,166969.93933135635,168784.828125,263106,0.0,0.0
2022-07-27 00:00:00+09:00,168784.81976837182,173322.04152784063,168784.81976837182,171960.875,389200,0.0,0.0
2022-07-28 00:00:00+09:00,173322.03808386248,173775.7602507937,171507.14941613752,172414.59375,382167,0.0,0.0
2022-07-29 00:00:00+09:00,174229.48241772497,174683.2045846562,171053.4272492063,172414.59375,308407,0.0,0.0
2022-08-01 00:00:00+09:00,172868.30152494216,172868.30152494216,168784.80236252892,170145.96875,263324,0.0,0.0
2022-08-02 00:00:00+09:00,170599.71691864365,172414.6057122873,168331.10592658908,168784.828125,270478,0.0,0.0
2022-08-03 00:00:00+09:00,167877.3837281782,170145.99472023273,167877.3837281782,168784.828125,247609,0.0,0.0
2022-08-04 00:00:00+09:00,169692.2675099591,172868.32280503068,168331.10095492844,171507.15625,367241,0.0,0.0
2022-08-05 00:00:00+09:00,172868.31512367594,180127.88524454762,172414.59295882672,178766.71875,927662,0.0,0.0
2022-08-08 00:00:00+09:00,181035.33200742092,185118.83154594738,178766.721152684,184665.109375,945282,0.0,0.0
2022-08-09 00:00:00+09:00,186479.99042161438,193739.5603427458,183303.9353550561,191924.65625,1141358,0.0,0.0
2022-08-10 00:00:00+09:00,192378.37840236546,194193.28249511129,189656.04548817268,191924.65625,650325,0.0,0.0
2022-08-11 00:00:00+09:00,193739.5692045227,195100.73572387977,190109.77633628587,192832.109375,547004,0.0,0.0
2022-08-12 00:00:00+09:00,192378.38675145354,193739.56875090822,186479.9985147165,188748.609375,472778,0.0,0.0
2022-08-16 00:00:00+09:00,189656.0643351841,192832.1197173619,188294.8977428222,191470.953125,372794,0.0,0.0
2022-08-17 00:00:00+09:00,191470.94626261518,194193.29483305453,190563.50190023036,192378.390625,448504,0.0,0.0
2022-08-18 00:00:00+09:00,191470.9490682959,191470.9490682959,183303.94968715907,183757.671875,542926,0.0,0.0
2022-08-19 00:00:00+09:00,183757.663082261,186479.99607904392,182396.4965838695,182850.21875,317305,0.0,0.0
2022-08-22 00:00:00+09:00,181489.046875,185118.82409651185,181035.32472231102,181489.046875,280530,0.0,0.0
2022-08-23 00:00:00+09:00,178313.00136838615,179674.167899447,175136.93064595945,176044.375,432461,0.0,0.0
2022-08-24 00:00:00+09:00,176951.82280762686,179220.44922029,174229.48969237314,175590.65625,245140,0.0,0.0
2022-08-25 00:00:00+09:00,176044.38227138793,179220.453125,174683.2156841051,179220.453125,281717,0.0,0.0
2022-08-26 00:00:00+09:00,179674.1674743817,180127.88965032858,171507.1528240531,171960.875,504852,0.0,0.0
2022-08-29 00:00:00+09:00,165155.03859087036,169692.26024676985,165155.03859087036,168331.09375,407146,0.0,0.0
2022-08-30 00:00:00+09:00,169692.2554169718,171960.86618035214,167423.64465359147,171053.421875,327274,0.0,0.0
2022-08-31 00:00:00+09:00,168331.09759242495,173322.04152784063,168331.09759242495,171960.875,328036,0.0,0.0
2022-09-01 00:00:00+09:00,170599.71344249757,171053.43563166342,166969.93592917075,169238.546875,345508,0.0,0.0
2022-09-02 00:00:00+09:00,170145.9734755509,171960.86204258483,166516.19634148304,167423.640625,328199,0.0,0.0
2022-09-05 00:00:00+09:00,166062.48586819763,168784.81891003478,162432.69299579677,163793.875,413764,0.0,0.0
2022-09-06 00:00:00+09:00,164247.59375,166062.48240672788,162432.6896099878,164247.59375,207403,0.0,0.0
2022-09-07 00:00:00+09:00,162886.42514157228,163340.14729986043,158802.91023369477,162432.6875,355746,0.0,0.0
2022-09-08 00:00:00+09:00,164701.31112012395,169238.53262987605,164701.31112012395,166969.921875,556723,0.0,0.0
2022-09-13 00:00:00+09:00,170145.9912533317,170599.71344249757,166969.93592917075,169238.546875,442991,0.0,0.0
2022-09-14 00:00:00+09:00,163340.15625,164247.60061629926,159710.36330151802,163340.15625,517217,0.0,0.0
2022-09-15 00:00:00+09:00,163793.8694581486,164247.59161643675,161525.2431834237,162432.6875,362406,0.0,0.0
2022-09-16 00:00:00+09:00,159710.37322031194,160164.09543163996,156988.03995234403,157895.484375,374071,0.0,0.0
2022-09-19 00:00:00+09:00,158802.90762923422,160617.7962326216,156080.57472415315,156534.296875,284681,0.0,0.0
2022-09-20 00:00:00+09:00,158802.90286277162,159710.3471372284,156988.01431385803,159256.625,287310,0.0,0.0
2022-09-21 00:00:00+09:00,157895.45566322983,158802.89992087582,152450.79011735404,153358.234375,421257,0.0,0.0
2022-09-22 00:00:00+09:00,150635.9016020621,154719.40076146895,147913.56882912418,153358.234375,575369,0.0,0.0
2022-09-23 00:00:00+09:00,151997.078125,153358.2446022432,148821.02301143252,151997.078125,399912,0.0,0.0
2022-09-26 00:00:00+09:00,148367.30565247932,153811.97173760345,148367.30565247932,149274.75,426902,0.0,0.0
2022-09-27 00:00:00+09:00,149274.75872444324,151997.09192611353,147913.59212360808,150182.203125,428362,0.0,0.0
2022-09-28 00:00:00+09:00,151089.640625,157441.75113878414,149274.75190677596,151089.640625,700784,0.0,0.0
2022-09-29 00:00:00+09:00,155626.8628056788,158349.19588975163,153811.9740829636,155173.140625,587832,0.0,0.0
2022-09-30 00:00:00+09:00,154265.68149048768,162432.67996059876,153811.9593532593,159256.625,677098,0.0,0.0
2022-10-04 00:00:00+09:00,161978.97529794404,162432.69748412078,156534.30906382325,156988.03125,509432,0.0,0.0
2022-10-05 00:00:00+09:00,158802.91456973786,159256.6367404147,155626.859375,155626.859375,339066,0.0,0.0
2022-10-06 00:00:00+09:00,156988.0363301555,158349.20293273323,149728.48111640752,154265.703125,423388,0.0,0.0
2022-10-07 00:00:00+09:00,153811.96124975948,155626.8498210506,150182.18410717722,150635.90625,391525,0.0,0.0
2022-10-11 00:00:00+09:00,147459.85793307336,151997.0795669266,147006.12028640375,149728.46875,396210,0.0,0.0
2022-10-12 00:00:00+09:00,149274.75,151089.6386950414,147006.12364791363,149274.75,332109,0.0,0.0
2022-10-13 00:00:00+09:00,149274.74658661467,152904.52389369727,148821.02442322936,149728.46875,431135,0.0,0.0
2022-10-14 00:00:00+09:00,151543.37341640814,158349.206586328,151089.65120508015,157895.484375,434104,0.0,0.0
2022-10-17 00:00:00+09:00,155626.85740978946,156988.02390463155,152904.52442010527,153811.96875,334800,0.0,0.0
2022-10-18 00:00:00+09:00,156080.57866429345,161071.52244960147,154719.41217739126,160164.078125,401726,0.0,0.0
2022-10-19 00:00:00+09:00,160617.80325244518,163793.87393046758,155626.859375,155626.859375,434064,0.0,0.0
2022-10-20 00:00:00+09:00,155173.13720432317,158349.19239906102,153358.2485216158,155626.859375,385853,0.0,0.0
2022-10-21 00:00:00+09:00,154719.42889570407,159710.37322031194,154719.42889570407,157895.484375,312586,0.0,0.0
2022-10-24 00:00:00+09:00,161978.97217743582,164247.59854789972,158802.9169353851,161525.25,432002,0.0,0.0
2022-10-25 00:00:00+09:00,161978.95944061462,169238.52919203392,160617.79301533915,167423.640625,710166,0.0,0.0
2022-10-26 00:00:00+09:00,167423.6494188201,169692.26024676985,165608.7607564603,168331.09375,414170,0.0,0.0
2022-10-27 00:00:00+09:00,170599.70508227503,172414.59375,168784.81641455006,172414.59375,415027,0.0,0.0
2022-10-28 00:00:00+09:00,172414.57939578514,174229.46791241324,169692.24662084295,170145.96875,342628,0.0,0.0
2022-10-31 00:00:00+09:00,172414.59568688678,176044.37306311322,171960.87351485848,174229.484375,329438,0.0,0.0
2022-11-01 00:00:00+09:00,172868.32791069822,174229.49450593095,167877.3837281782,168784.828125,406432,0.0,0.0
2022-11-02 00:00:00+09:00,168784.80236252892,171507.13513747108,164701.30320011565,170145.96875,465518,0.0,0.0
2022-11-03 00:00:00+09:00,166062.48630071493,170145.98587410632,164247.59760142988,167877.375,369389,0.0,0.0
2022-11-04 00:00:00+09:00,166516.19972402477,168784.81047890082,166062.47757304957,166969.921875,279679,0.0,0.0
2022-11-07 00:00:00+09:00,167877.38884900388,169238.55548575678,165608.77778774904,166062.5,294260,0.0,0.0
2022-11-08 00:00:00+09:00,166969.9138459008,171053.41300831406,166969.9138459008,170145.96875,356926,0.0,0.0
2022-11-09 00:00:00+09:00,171053.41300831406,171507.13513747108,168784.80236252892,170145.96875,297750,0.0,0.0
2022-11-10 00:00:00+09:00,171960.87652485113,173775.76524473206,169238.54344502976,169692.265625,471548,0.0,0.0
2022-11-11 00:00:00+09:00,173775.7622029717,176044.37306311322,171960.87351485848,174229.484375,519094,0.0,0.0
2022-11-14 00:00:00+09:00,172414.59674821264,174683.207622319,166969.93065035748,167877.375,661221,0.0,0.0
2022-11-15 00:00:00+09:00,169238.53663982282,171507.14744845146,167877.37015464564,170599.703125,439167,0.0,0.0
2022-11-16 00:00:00+09:00,171053.42056040335,172414.58700797058,161978.96209333802,162886.421875,815288,0.0,0.0
2022-11-17 00:00:00+09:00,162886.421875,165608.75477013443,162886.421875,162886.421875,435265,0.0,0.0
2022-11-18 00:00:00+09:00,163793.8763704639,164247.59854789972,161525.25,161525.25,260090,0.0,0.0
2022-11-21 00:00:00+09:00,162432.7012871994,163793.88336088436,159256.64590960045,160617.8125,264435,0.0,0.0
2022-11-22 00:00:00+09:00,159710.35596269928,162432.68893650366,159256.63380039856,160164.078125,290153,0.0,0.0
2022-11-23 00:00:00+09:00,161525.2391314371,161525.2391314371,156988.0176623753,158802.90625,340818,0.0,0.0
2022-11-24 00:00:00+09:00,159710.36468872832,162432.69781127168,159710.36468872832,161071.53125,246601,0.0,0.0
2022-11-25 00:00:00+09:00,161525.2391314371,162432.68342524944,158802.90625,158802.90625,190276,0.0,0.0
2022-11-28 00:00:00+09:00,160164.0865532371,160164.0865532371,156080.58687764654,156988.03125,261686,0.0,0.0
2022-11-29 00:00:00+09:00,155626.8565019927,161071.52244960147,155626.8565019927,160164.078125,224566,0.0,0.0
2022-11-30 00:00:00+09:00,159710.359375,161525.24806297902,158802.9150310105,159710.359375,336469,0.0,0.0
2022-12-01 00:00:00+09:00,162886.4285689548,163793.87290462514,160617.8022464945,161978.96875,263169,0.0,0.0
2022-12-02 00:00:00+09:00,161978.9842769519,161978.9842769519,157895.484375,157895.484375,255282,0.0,0.0
2022-12-05 00:00:00+09:00,158349.19435254842,159256.63870509688,156080.58347117735,157441.75,220257,0.0,0.0
2022-12-06 00:00:00+09:00,156988.02244646603,158802.9110893981,156080.578125,156080.578125,248595,0.0,0.0
2022-12-07 00:00:00+09:00,156534.31431935937,159710.36972923047,154719.42551371877,158349.203125,305964,0.0,0.0
2022-12-08 00:00:00+09:00,159256.63380039856,160617.80028730072,157895.46731349637,160164.078125,521455,0.0,0.0
2022-12-09 00:00:00+09:00,160617.80430123865,163793.875,158802.91560668056,163793.875,473938,0.0,0.0
2022-12-12 00:00:00+09:00,162432.68893650366,163793.8709066901,160164.078125,160164.078125,183603,0.0,0.0
2022-12-13 00:00:00+09:00,161525.2431834237,163340.14729986043,159710.3545502711,162432.6875,195774,0.0,0.0
2022-12-14 00:00:00+09:00,162886.43593325737,166969.9356283941,162886.43593325737,165155.046875,327614,0.0,0.0
2022-12-15 00:00:00+09:00,165155.03262094536,166516.1990685126,162886.421875,162886.421875,210122,0.0,0.0
2022-12-16 00:00:00+09:00,160164.07670855924,162432.6875,160164.07670855924,162432.6875,282966,0.0,0.0
2022-12-19 00:00:00+09:00,162886.42514157228,164701.3137747249,161978.96534171185,162432.6875,266233,0.0,0.0
2022-12-20 00:00:00+09:00,161978.97562418113,161978.97562418113,158349.19812745665,161071.53125,364400,0.0,0.0
2022-12-21 00:00:00+09:00,161978.96209333802,164247.58832256723,161525.23994414895,162886.421875,249463,0.0,0.0
2022-12-22 00:00:00+09:00,163340.14942163607,164701.31591418196,162432.6896099878,164247.59375,249721,0.0,0.0
2022-12-23 00:00:00+09:00,160617.80873941386,162432.69748412078,156988.03125,156988.03125,513592,0.0,0.0
2022-12-26 00:00:00+09:00,157895.45858831482,159256.625,156534.29217662965,159256.625,454994,0.0,0.0
2022-12-27 00:00:00+09:00,159710.3681064003,161525.2568935997,158349.20151600076,160617.8125,714117,0.0,0.0
2022-12-28 00:00:00+09:00,159844.780436035,161263.527793608,155588.569398269,156534.390625,588282,357.14285,1.04
2022-12-29 00:00:00+09:00,155588.54984132736,156061.46039524963,150859.41326715544,151805.234375,454377,0.0,0.0
2023-01-02 00:00:00+09:00,152278.14925974392,155115.62818145065,151332.328125,151332.328125,305392,0.0,0.0
2023-01-03 00:00:00+09:00,151332.33681405013,153223.99470962628,148967.76832394893,150386.515625,328971,0.0,0.0
2023-01-04 00:00:00+09:00,149913.57664183632,152751.07100031912,147549.00835475037,151805.234375,285931,0.0,0.0
2023-01-05 00:00:00+09:00,152278.15464612548,156061.47035387452,151805.24406202574,154169.8125,304727,0.0,0.0
2023-01-06 00:00:00+09:00,152751.09190048688,156061.4817483615,152751.09190048688,154642.734375,242369,0.0,0.0
2023-01-09 00:00:00+09:00,157007.296875,158426.0441931448,155115.63895663226,157007.296875,238730,0.0,0.0
2023-01-10 00:00:00+09:00,157007.30562817547,157953.14239882788,155115.6476043476,156061.484375,251713,0.0,0.0
2023-01-11 00:00:00+09:00,157007.3081159191,158426.05553563894,156534.3974818382,157480.21875,259094,0.0,0.0
2023-01-12 00:00:00+09:00,158426.04252974244,160790.61102350618,157953.13193448487,158898.953125,323992,0.0,0.0
2023-01-13 00:00:00+09:00,159844.78125,162682.27597959514,159371.87063422633,159844.78125,292489,0.0,0.0
2023-01-16 00:00:00+09:00,160790.61102350618,160790.61102350618,158898.953125,158898.953125,162320,0.0,0.0
2023-01-17 00:00:00+09:00,158898.9609776078,159371.8715962361,154169.8237563717,154642.734375,347201,0.0,0.0
2023-01-18 00:00:00+09:00,154642.7300196906,155588.5667477856,153223.99820376252,155115.640625,222294,0.0,0.0
2023-01-19 00:00:00+09:00,153696.90880907187,157007.2985637137,153223.99820376252,155115.640625,205347,0.0,0.0
2023-01-20 00:00:00+09:00,154642.71172371745,155115.6222730762,152751.06952628252,153696.890625,254153,0.0,0.0
2023-01-25 00:00:00+09:00,154169.80117435873,156345.21142587304,154169.80117435873,153696.890625,2472,0.0,0.0
2023-01-26 00:00:00+09:00,155210.2369180029,156345.23169408643,154453.57373394718,156628.96875,3099,0.0,0.0
2023-01-27 00:00:00+09:00,156723.5675852588,158426.05203734743,155683.1517992731,157858.546875,4912,0.0,0.0
2023-01-30 00:00:00+09:00,157953.1380234879,159750.2014582376,154831.90625,154831.90625,3316,0.0,0.0
2023-01-31 00:00:00+09:00,154169.8220806309,155115.64330760692,152372.7586458812,154831.90625,3033,0.0,0.0
2023-02-01 00:00:00+09:00,152940.24240669838,160979.76907976033,152467.33181136695,160601.4375,4470,0.0,0.0
2023-02-02 00:00:00+09:00,162682.27245520495,162682.27245520495,158142.29340018923,160223.109375,3414,0.0,0.0
2023-02-03 00:00:00+09:00,159277.29508156376,160601.44793804822,158331.47382942867,159466.453125,5678,0.0,0.0
2023-02-06 00:00:00+09:00,159655.62242494166,160412.28561344626,157291.0538402339,159939.375,5413,0.0,0.0
2023-02-07 00:00:00+09:00,156912.71529750116,159655.61535499888,156912.71529750116,157291.046875,2412,0.0,0.0
2023-02-08 00:00:00+09:00,157953.140625,159277.2934680707,157480.21448624635,157953.140625,2191,0.0,0.0
2023-02-09 00:00:00+09:00,157196.47310829363,157763.9627347507,156061.47833790316,156723.5625,2988,0.0,0.0
2023-02-10 00:00:00+09:00,155588.56851003072,155683.14752866857,153129.40540311154,156628.96875,4047,0.0,0.0
2023-02-13 00:00:00+09:00,153223.9921594728,153413.1501871443,151332.3342953801,152372.75,5357,0.0,0.0
2023-02-14 00:00:00+09:00,153129.39495339378,153507.72651960386,151710.66321821246,152656.484375,3706,0.0,0.0
2023-02-15 00:00:00+09:00,152467.3207169146,152845.6522691452,148021.93661631102,148116.515625,6006,0.0,0.0
2023-02-16 00:00:00+09:00,148494.85681304568,150008.1831201677,147927.35168913705,148778.609375,6889,0.0,0.0
2023-02-17 00:00:00+09:00,147549.02692695596,147643.6214636268,145941.12153074614,146319.453125,6014,0.0,0.0
2023-02-20 00:00:00+09:00,146035.7118422374,149156.9280076816,144806.13807585608,148494.859375,3858,0.0,0.0
2023-02-21 00:00:00+09:00,149062.35250307145,149156.93152175765,145562.78915439517,146414.046875,7531,0.0,0.0
2023-02-22 00:00:00+09:00,144238.63987494915,144522.39245543748,140455.33937750396,140928.25,12345,0.0,0.0
2023-02-23 00:00:00+09:00,141211.98706301156,142157.82382548045,140455.33937750396,140928.25,7857,0.0,0.0
2023-02-24 00:00:00+09:00,140928.24731738947,141684.91050597056,139414.92094022728,141211.984375,4197,0.0,0.0
2023-02-27 00:00:00+09:00,139793.250009822,140266.16061477517,137334.1024500844,138090.765625,505546,0.0,0.0
2023-02-28 00:00:00+09:00,137996.17804832806,139414.92545220256,136861.19874620083,137334.109375,774746,0.0,0.0
2023-03-02 00:00:00+09:00,137050.35417292462,137901.5963919989,134780.36457707538,135915.359375,604748,0.0,0.0
2023-03-03 00:00:00+09:00,136199.09944354245,146224.86262809756,136199.09944354245,142441.5625,1540577,0.0,0.0
2023-03-06 00:00:00+09:00,144616.96259457406,145657.3783141481,141022.8203598762,143576.546875,830917,0.0,0.0
2023-03-07 00:00:00+09:00,143671.141574519,150102.76289487106,143009.05743243243,146981.53125,1214813,0.0,0.0
2023-03-08 00:00:00+09:00,145468.19880094152,150197.33557647676,143765.7145273409,145941.109375,948897,0.0,0.0
2023-03-09 00:00:00+09:00,147359.8628580391,149629.85233066566,145468.2049641836,148684.015625,803937,0.0,0.0
2023-03-10 00:00:00+09:00,146603.20570005954,148021.95305788066,144900.72128465536,146319.453125,482543,0.0,0.0
2023-03-13 00:00:00+09:00,145846.53651391272,147927.3524380015,143103.63644773743,146981.53125,435156,0.0,0.0
2023-03-14 00:00:00+09:00,145184.46013426542,147738.2023063693,142725.3125,142725.3125,485213,0.0,0.0
2023-03-15 00:00:00+09:00,144522.38886840822,145184.4575164795,141874.06772369385,143009.0625,333855,0.0,0.0
2023-03-16 00:00:00+09:00,141874.06429318397,144144.05379090802,139509.49577909044,143387.390625,357069,0.0,0.0
2023-03-17 00:00:00+09:00,144333.20096436117,148589.42707299642,143481.9588461291,148021.9375,650649,0.0,0.0
2023-03-20 00:00:00+09:00,148400.27259991772,151805.2411541941,148400.27259991772,149346.09375,438938,0.0,0.0
2023-03-21 00:00:00+09:00,149535.25246332196,150764.84168857036,146792.36801192642,147549.015625,350032,0.0,0.0
2023-03-22 00:00:00+09:00,148305.67797262868,148684.00953590585,146697.77270806942,147643.609375,304413,0.0,0.0
2023-03-23 00:00:00+09:00,147454.4339457705,147549.01295600945,145184.44459518534,146130.28125,415612,0.0,0.0
2023-03-24 00:00:00+09:00,145184.45234223845,148211.1049711877,144806.13628109565,145279.046875,385593,0.0,0.0
2023-03-27 00:00:00+09:00,145279.03527849517,150764.83497183875,142819.88797250658,150008.171875,713991,0.0,0.0
2023-03-28 00:00:00+09:00,150481.09980590822,151143.1684539795,142252.3993157959,143009.0625,946132,0.0,0.0
2023-03-29 00:00:00+09:00,143954.87402880174,144806.1316918221,141401.14759216676,142346.96875,548662,0.0,0.0
2023-03-30 00:00:00+09:00,142441.5640939545,143009.05368840313,140171.5746812091,140549.90625,600504,0.0,0.0
2023-03-31 00:00:00+09:00,140928.24308414778,142346.9748820137,140549.91150122165,141684.90625,378523,0.0,0.0
2023-04-03 00:00:00+09:00,143198.2152648647,145941.11532724398,141590.3099370019,141874.0625,708802,0.0,0.0
2023-04-04 00:00:00+09:00,141874.06285364527,150481.09464040984,141306.57324371036,150386.515625,1064680,0.0,0.0
2023-04-05 00:00:00+09:00,150670.24044662795,154169.80339013846,148967.75623747808,150008.171875,749467,0.0,0.0
2023-04-06 00:00:00+09:00,152183.57460503175,154169.8114588171,150575.66931946625,150859.421875,763649,0.0,0.0
2023-04-07 00:00:00+09:00,151710.66402412578,152278.15361771785,149535.2536274928,150859.421875,383073,0.0,0.0
2023-04-10 00:00:00+09:00,150954.00954645575,155966.8992335408,150670.2569746459,155021.0625,732262,0.0,0.0
2023-04-11 00:00:00+09:00,155021.06509402508,162966.01309783693,153696.91226588195,161547.28125,1179931,0.0,0.0
2023-04-12 00:00:00+09:00,162209.34315989717,170059.71181755955,160790.61137105786,169113.890625,1431031,0.0,0.0
2023-04-13 00:00:00+09:00,170438.03468618068,174126.75576958596,168073.46630817023,170059.703125,1159607,0.0,0.0
2023-04-14 00:00:00+09:00,169208.46426781244,171005.52758010785,165708.90113850377,166276.40625,694192,0.0,0.0
2023-04-17 00:00:00+09:00,168262.64569598454,168262.64569598454,165519.74566145547,165992.65625,487692,0.0,0.0
2023-04-18 00:00:00+09:00,164290.1796258154,166370.99562344086,161358.10590793387,161736.4375,677546,0.0,0.0
2023-04-19 00:00:00+09:00,161547.2698500491,164006.41729341238,160223.10159787236,161074.34375,400803,0.0,0.0
2023-04-20 00:00:00+09:00,161736.43312102027,163533.5120140479,158236.86986852772,158804.375,464917,0.0,0.0
2023-04-21 00:00:00+09:00,158426.04075604212,161263.5198132957,158142.28819507404,159088.109375,364579,0.0,0.0
2023-04-24 00:00:00+09:00,158426.05553563894,159844.78743788163,156912.72909259834,157480.21875,329508,0.0,0.0
2023-04-25 00:00:00+09:00,158426.0495014692,160790.6180992886,155493.9757503863,156439.8125,434395,0.0,0.0
2023-04-26 00:00:00+09:00,156439.8116058222,157858.5434459187,155115.643267427,156534.390625,285447,0.0,0.0
2023-04-27 00:00:00+09:00,155588.55808735386,156061.46866633988,152845.65810826438,154358.984375,407296,0.0,0.0
2023-04-28 00:00:00+09:00,154358.9911755253,156628.96515816057,151521.4965416481,151899.828125,491495,0.0,0.0
2023-05-02 00:00:00+09:00,151994.4087909934,152656.4773633451,150481.08259566154,151710.65625,358615,0.0,0.0
2023-05-03 00:00:00+09:00,148589.43674483369,150859.42621952508,145468.20509650203,150386.515625,449007,0.0,0.0
2023-05-04 00:00:00+09:00,149629.8491681767,154737.31761490012,149440.67562405148,154169.8125,453187,0.0,0.0
2023-05-08 00:00:00+09:00,154926.46514929738,157007.28088890025,153507.71797560595,153602.3125,356391,0.0,0.0
2023-05-09 00:00:00+09:00,156912.71464326576,164290.1726149957,156818.13562865433,162493.09375,1184080,0.0,0.0
2023-05-10 00:00:00+09:00,162398.5234031403,162493.1024227997,159371.87063422633,159844.78125,377262,0.0,0.0
2023-05-11 00:00:00+09:00,160790.62149896138,161547.2847076602,158142.3002685155,159466.453125,410060,0.0,0.0
2023-05-12 00:00:00+09:00,158709.8073265844,160601.4498534147,157385.6389368307,157574.8125,316963,0.0,0.0
2023-05-15 00:00:00+09:00,156534.39482939974,161168.9531033108,155588.57357726467,159466.453125,423290,0.0,0.0
2023-05-16 00:00:00+09:00,158898.95223497343,161736.4313081014,158520.6206573913,158993.53125,299843,0.0,0.0
2023-05-17 00:00:00+09:00,158426.04094695146,162587.67276461143,158426.04094695146,162493.09375,343234,0.0,0.0
2023-05-18 00:00:00+09:00,162587.67020627807,165046.81765233455,161358.09648324986,162776.84375,356919,0.0,0.0
2023-05-19 00:00:00+09:00,162776.84381816725,164952.2387082896,161547.2700946241,164479.328125,403137,0.0,0.0
2023-05-22 00:00:00+09:00,164573.9040070748,169681.3723478768,164573.9040070748,168262.640625,537099,0.0,0.0
2023-05-23 00:00:00+09:00,168735.55295423133,170248.87922168616,167884.31080815682,169775.953125,365869,0.0,0.0
2023-05-24 00:00:00+09:00,169397.62588976554,171100.12574292417,167884.31510108954,169303.046875,476934,0.0,0.0
2023-05-25 00:00:00+09:00,168451.80894187227,169303.05113111308,163722.671875,163722.671875,599117,0.0,0.0
2023-05-26 00:00:00+09:00,163722.671875,165708.9088223873,162114.7665136615,163722.671875,302272,0.0,0.0
2023-05-30 00:00:00+09:00,165614.32096091303,165992.65252675777,162966.0,162966.0,311415,0.0,0.0
2023-05-31 00:00:00+09:00,162776.8506721139,163060.5877235495,160317.70312148175,162020.1875,935076,0.0,0.0
2023-06-01 00:00:00+09:00,162020.1833466931,167789.72048931732,160885.18861761727,165898.078125,496455,0.0,0.0
2023-06-02 00:00:00+09:00,166843.90006163454,167127.6526245556,163060.58428094006,164101.0,422518,0.0,0.0
2023-06-05 00:00:00+09:00,165046.8167523491,165235.99029503946,162020.17972658185,162871.421875,269312,0.0,0.0
2023-06-07 00:00:00+09:00,162871.42179601063,163817.24295657754,161168.9375,161168.9375,420244,0.0,0.0
2023-06-08 00:00:00+09:00,161263.5198132957,161736.43040325865,158142.28819507404,159088.109375,553155,0.0,0.0
2023-06-09 00:00:00+09:00,159655.62321068114,161736.43923057124,158709.8019791338,159844.78125,361296,0.0,0.0
2023-06-12 00:00:00+09:00,160412.28826962135,160506.86729038137,157953.140625,157953.140625,314958,0.0,0.0
2023-06-13 00:00:00+09:00,158236.87946429438,159466.45330041327,156061.484375,156061.484375,447759,0.0,0.0
2023-06-14 00:00:00+09:00,156345.2264415714,157385.6266465878,154831.90012430117,155493.96875,393551,0.0,0.0
2023-06-15 00:00:00+09:00,155872.30301209394,156439.80814957575,152845.66584293675,155210.234375,551116,0.0,0.0
2023-06-16 00:00:00+09:00,155966.90277648476,159277.29262538566,155021.0660214583,156345.234375,542379,0.0,0.0
2023-06-19 00:00:00+09:00,156439.80192464942,157007.291522074,154169.8125,154169.8125,276370,0.0,0.0
2023-06-20 00:00:00+09:00,153980.6553051099,155021.05549225418,152278.15546868867,152372.75,338442,0.0,0.0
2023-06-21 00:00:00+09:00,152372.752535986,153223.99470962628,150008.18404588476,150386.515625,394004,0.0,0.0
2023-06-22 00:00:00+09:00,149913.58276447843,153129.3932834568,149913.58276447843,152845.65625,438904,0.0,0.0
2023-06-23 00:00:00+09:00,153223.99908598216,155777.72567984214,151710.6727262979,155021.0625,617426,0.0,0.0
2023-06-26 00:00:00+09:00,154737.33062838472,157101.88374774353,153886.07288444336,156156.0625,456553,0.0,0.0
2023-06-27 00:00:00+09:00,156156.06196584154,157480.21481164833,141306.5815291932,142630.734375,1918140,0.0,0.0
2023-06-28 00:00:00+09:00,143954.8784532564,145941.11535973352,142157.8150946454,143576.546875,843692,0.0,0.0
2023-06-29 00:00:00+09:00,142441.56171634604,146224.86182362947,141211.9725001931,144238.625,414489,0.0,0.0
2023-06-30 00:00:00+09:00,144238.63715564043,145562.78997716066,142630.73175898136,144616.96875,340919,0.0,0.0
2023-07-03 00:00:00+09:00,144711.543406601,144995.2959731855,142252.39587613798,143387.390625,610266,0.0,0.0
2023-07-04 00:00:00+09:00,143387.38971295813,143954.87932504152,141495.73181022034,141779.484375,520090,0.0,0.0
2023-07-05 00:00:00+09:00,142536.13985238055,146035.7029044251,142441.56084171115,144333.203125,589242,0.0,0.0
2023-07-06 00:00:00+09:00,144806.1292132973,144995.28723463614,142346.96631356663,144333.203125,520541,0.0,0.0
2023-07-07 00:00:00+09:00,143671.1378131561,144711.53798922448,140549.90625,140549.90625,550827,0.0,0.0
2023-07-10 00:00:00+09:00,140360.73526455232,141684.9035381875,139414.9140840778,140266.15625,436873,0.0,0.0
2023-07-11 00:00:00+09:00,140266.15530647626,141117.3974666724,136199.10253332756,138658.25,865403,0.0,0.0
2023-07-12 00:00:00+09:00,138374.49354036173,145562.77770992793,136766.58827920814,144238.625,1191586,0.0,0.0
2023-07-13 00:00:00+09:00,145846.53134000266,153413.14712801613,145751.9523280529,147549.015625,1545178,0.0,0.0
2023-07-14 00:00:00+09:00,149629.84375,151805.23856507684,147738.18596462344,149629.84375,715752,0.0,0.0
2023-07-17 00:00:00+09:00,148967.76377020052,149440.67435026934,146224.86378483093,147454.4375,396202,0.0,0.0
2023-07-18 00:00:00+09:00,146224.86789024208,147170.6890769346,141022.82032848155,141874.0625,676258,0.0,0.0
2023-07-19 00:00:00+09:00,141211.97924544069,143009.05813241057,141117.40022967278,141779.484375,387989,0.0,0.0
2023-07-20 00:00:00+09:00,141779.4825958379,142914.47732323775,140928.24042965693,141968.640625,374247,0.0,0.0
2023-07-21 00:00:00+09:00,141779.49047933004,144806.14325402334,141779.49047933004,142819.90625,426848,0.0,0.0
2023-07-24 00:00:00+09:00,142252.40109246605,142346.98011230372,138279.92708451828,139414.921875,703206,0.0,0.0
2023-07-25 00:00:00+09:00,138752.8315566649,139887.82629688462,136293.68404492675,136672.015625,653050,0.0,0.0
2023-07-26 00:00:00+09:00,136104.52858141006,136861.19175583197,131942.88112208972,134685.78125,1344622,0.0,0.0
2023-07-27 00:00:00+09:00,133456.20833625796,137428.6822689921,133456.20833625796,136293.6875,667874,0.0,0.0
2023-07-28 00:00:00+09:00,136482.86363412914,137239.51131028726,134591.20565004236,136009.9375,385762,0.0,0.0
2023-07-31 00:00:00+09:00,136293.68154724367,139982.40274725232,136009.92898801973,138658.25,471505,0.0,0.0
2023-08-01 00:00:00+09:00,139509.50089831004,143860.3065031934,139225.7483213134,142819.90625,730698,0.0,0.0
2023-08-02 00:00:00+09:00,142914.47989457278,143860.30109235214,138469.09543704824,139982.40625,471258,0.0,0.0
2023-08-03 00:00:00+09:00,139131.16756032308,144711.54690572104,138847.43050435383,143009.0625,644087,0.0,0.0
2023-08-04 00:00:00+09:00,143387.3827605892,143671.13531161065,141401.14593838938,142536.140625,274134,0.0,0.0
2023-08-07 00:00:00+09:00,142063.2448044766,144049.48183294144,140928.25,140928.25,394464,0.0,0.0
2023-08-08 00:00:00+09:00,141684.90613046923,142252.39574564164,139509.4956511103,139982.40625,284457,0.0,0.0
2023-08-09 00:00:00+09:00,139509.49834534127,146603.20401810925,139509.49834534127,146508.625,722320,0.0,0.0
2023-08-10 00:00:00+09:00,146508.61468516843,148305.67797262868,144144.0462940548,147643.609375,621127,0.0,0.0
2023-08-11 00:00:00+09:00,147643.60594551076,148778.60060897848,146130.27972755377,148021.9375,389541,0.0,0.0
2023-08-14 00:00:00+09:00,149062.34360935836,149062.34360935836,142441.564416728,145657.375,534018,0.0,0.0
2023-08-16 00:00:00+09:00,141874.0686279106,142252.4002224239,136577.4418222009,137807.015625,893607,0.0,0.0
2023-08-17 00:00:00+09:00,136955.77605540756,138090.77086081513,135537.02866927892,135820.78125,570916,0.0,0.0
2023-08-18 00:00:00+09:00,145089.86963367366,148400.27474168918,140739.06434904726,142252.390625,3064900,0.0,0.0
2023-08-21 00:00:00+09:00,141874.0739523507,142819.91073286883,137239.515625,137239.515625,713116,0.0,0.0
2023-08-22 00:00:00+09:00,137334.10936299598,138469.10418250097,135253.27776849832,135631.609375,563714,0.0,0.0
2023-08-23 00:00:00+09:00,135631.61038110565,136104.53653084862,133834.546875,133834.546875,430080,0.0,0.0
2023-08-24 00:00:00+09:00,134402.0252693097,137807.00946779503,133267.03053648127,136766.59375,524325,0.0,0.0
2023-08-25 00:00:00+09:00,137144.9350030185,138090.77177250775,135631.60858581724,135726.203125,252838,0.0,0.0
2023-08-28 00:00:00+09:00,137050.3480988065,137144.9271150726,134969.53215357222,136577.4375,265316,0.0,0.0
2023-08-29 00:00:00+09:00,137428.68398953514,139698.67355593853,137428.68398953514,139509.5,412938,0.0,0.0
2023-08-30 00:00:00+09:00,140455.33674473964,140455.33674473964,138185.34717833626,139509.5,297008,0.0,0.0
2023-08-31 00:00:00+09:00,139414.92106489514,139982.41069810017,136104.53125,136104.53125,531762,0.0,0.0
2023-09-01 00:00:00+09:00,136104.53125,138185.34726172045,136104.53125,136104.53125,290376,0.0,0.0
2023-09-04 00:00:00+09:00,136104.53287093827,137617.84375,135915.35931263265,137617.84375,284690,0.0,0.0
2023-09-05 00:00:00+09:00,136766.5921342998,139036.58157314002,136766.5921342998,138658.25,303723,0.0,0.0
2023-09-06 00:00:00+09:00,138090.77338475504,139131.1736706202,137334.11016732015,138942.015625,389438,0.0,0.0
2023-09-07 00:00:00+09:00,137901.58862426583,139509.49395138628,137428.67803113788,138469.09375,312877,0.0,0.0
2023-09-08 00:00:00+09:00,138469.0997535058,139887.83159440054,138374.5052167983,139509.5,309879,0.0,0.0
2023-09-11 00:00:00+09:00,139509.4999594308,141590.31596929056,139036.58934593675,141211.984375,350376,0.0,0.0
2023-09-12 00:00:00+09:00,141117.40098556768,141117.40098556768,137617.83772612634,138279.921875,370654,0.0,0.0
2023-09-13 00:00:00+09:00,137807.01127615137,139509.4956389968,136766.59554470362,138279.921875,286524,0.0,0.0
2023-09-14 00:00:00+09:00,138752.83592242046,139604.078125,137807.01470121575,139604.078125,443154,0.0,0.0
2023-09-15 00:00:00+09:00,139698.66660170135,139698.66660170135,138469.09286047716,138563.671875,364833,0.0,0.0
2023-09-18 00:00:00+09:00,137996.16763939624,139982.40454451423,137901.58862426583,138469.09375,195875,0.0,0.0
2023-09-19 00:00:00+09:00,138185.34811684344,139320.3429077536,137239.51136567997,137712.4375,191212,0.0,0.0
2023-09-20 00:00:00+09:00,137712.44008241768,138090.77168648233,136482.86624857687,137428.6875,209631,0.0,0.0
2023-09-21 00:00:00+09:00,137428.680467941,137428.680467941,134780.359375,134780.359375,382035,0.0,0.0
2023-09-22 00:00:00+09:00,133550.782091987,134307.44524150016,131753.71875,131753.71875,457686,0.0,0.0
2023-09-25 00:00:00+09:00,131753.71875,132794.11894247384,130997.05560048683,131753.71875,276893,0.0,0.0
2023-09-26 00:00:00+09:00,131753.72653486754,132415.79519170412,129010.82633518286,129199.984375,351962,0.0,0.0
2023-09-27 00:00:00+09:00,127213.74060832009,132226.63012424257,127213.74060832009,131659.125,273903,0.0,0.0
2023-10-04 00:00:00+09:00,131186.21166235412,131186.21166235412,127970.40108387318,128537.8984375,469725,0.0,0.0
2023-10-05 00:00:00+09:00,128632.48947333854,130524.14738147022,123903.35246174733,124660.015625,522781,0.0,0.0
2023-10-06 00:00:00+09:00,124092.52000636325,130902.48081314466,123997.93323025088,129578.3125,425237,0.0,0.0
2023-10-10 00:00:00+09:00,132226.62157246552,136009.9215803355,132037.4480374609,132604.953125,456747,0.0,0.0
2023-10-11 00:00:00+09:00,133456.2047985555,134874.95210155603,132415.78907519003,133267.03125,236150,0.0,0.0
2023-10-12 00:00:00+09:00,133834.53992592197,136293.6875,133550.78735430486,136293.6875,406254,0.0,0.0
2023-10-13 00:00:00+09:00,134685.78389077267,136861.19443925773,133834.54168222685,136104.53125,258564,0.0,0.0
2023-10-16 00:00:00+09:00,135915.3524648535,137428.67878514648,135631.5999004296,136672.015625,333728,0.0,0.0
2023-10-17 00:00:00+09:00,137239.51652342785,139414.92716713133,136955.77945314432,137144.9375,274344,0.0,0.0
2023-10-18 00:00:00+09:00,137428.68228915843,138185.34546859752,134307.45055334127,134591.203125,258589,0.0,0.0
2023-10-19 00:00:00+09:00,133834.53994556091,137428.68228915843,133361.62933778056,134591.203125,332155,0.0,0.0
2023-10-20 00:00:00+09:00,134023.6988716031,135347.86720315216,132794.12507621926,134496.625,383112,0.0,0.0
2023-10-23 00:00:00+09:00,138090.74931883725,139793.23350262488,130997.0445297563,132983.28125,967604,0.0,0.0
2023-10-24 00:00:00+09:00,134307.44561189564,142346.97220079997,133834.53502151463,141968.640625,1016391,0.0,0.0
2023-10-25 00:00:00+09:00,142346.97220079997,143198.21436698092,140739.06688301908,141968.640625,697186,0.0,0.0
2023-10-26 00:00:00+09:00,140833.66484743502,142630.72823817554,139414.91752423896,141590.3125,561579,0.0,0.0
2023-10-27 00:00:00+09:00,142252.3984476656,142346.97746574483,140077.003444462,141401.15625,438251,0.0,0.0
2023-10-30 00:00:00+09:00,141117.40535579648,142157.8211194646,141022.826336593,141211.984375,431961,0.0,0.0
2023-10-31 00:00:00+09:00,141874.0668578724,142346.97746574483,140455.33503425517,141401.15625,444294,0.0,0.0
2023-11-01 00:00:00+09:00,141590.31518103092,141874.06775453826,141022.8255514927,141306.578125,492266,0.0,0.0
2023-11-02 00:00:00+09:00,141684.90625,141874.06428272504,140928.24308414778,141684.90625,569604,0.0,0.0
2023-11-03 00:00:00+09:00,141590.31082598824,141968.6424065358,141022.82121390488,141779.484375,477042,0.0,0.0
2023-11-06 00:00:00+09:00,143954.87284909544,149346.09375,143292.80425102793,149346.09375,1257545,0.0,0.0
2023-11-07 00:00:00+09:00,151616.08737525952,152751.08209761456,145657.37672100228,147170.6875,1307511,0.0,0.0
2023-11-08 00:00:00+09:00,148211.1024804785,150102.7603417822,147359.86032226073,148967.765625,622146,0.0,0.0
2023-11-09 00:00:00+09:00,149251.51385309576,150859.41910918234,147549.01406858195,149440.671875,736808,0.0,0.0
2023-11-10 00:00:00+09:00,148494.85759435236,150481.09450353167,148116.52601558127,148684.015625,574341,0.0,0.0
2023-11-13 00:00:00+09:00,149156.9296926899,149819.01385032703,147359.86628978373,148305.6875,652018,0.0,0.0
2023-11-14 00:00:00+09:00,149346.0990193702,150859.4253268766,148778.60941279316,150481.09375,368501,0.0,0.0
2023-11-15 00:00:00+09:00,152467.34188846548,156061.484375,151616.09965711218,156061.484375,669825,0.0,0.0
2023-11-16 00:00:00+09:00,157007.2934686775,159088.109375,156156.051303249,159088.109375,542730,0.0,0.0
2023-11-17 00:00:00+09:00,159655.61282149528,160128.5234064955,158047.70752200924,159277.28125,422730,0.0,0.0
2023-11-20 00:00:00+09:00,158804.37336041615,161263.52085813726,158426.04178249938,160696.03125,386512,0.0,0.0
2023-11-21 00:00:00+09:00,160696.0269976509,162871.421875,160317.69542974554,162871.421875,372422,0.0,0.0
2023-11-22 00:00:00+09:00,162587.6684341553,163438.9105779371,160790.60513449935,162966.0,393607,0.0,0.0
2023-11-23 00:00:00+09:00,162209.34730064325,163628.0946431751,161831.0157104665,163533.515625,326882,0.0,0.0
2023-11-24 00:00:00+09:00,163722.6691280838,163817.24814364014,157953.13193448487,158898.953125,540588,0.0,0.0
2023-11-27 00:00:00+09:00,157669.37746950964,158709.79318051395,152845.66152457957,153980.65625,480261,0.0,0.0
2023-11-28 00:00:00+09:00,153980.66830752778,156534.39500158775,153980.66830752778,156061.484375,316224,0.0,0.0
2023-11-29 00:00:00+09:00,155115.62920627347,155966.88685413706,152845.65536439573,152940.234375,311446,0.0,0.0
2023-11-30 00:00:00+09:00,152278.15552408923,154169.81338887016,151899.82395113303,154075.234375,389309,0.0,0.0
2023-12-01 00:00:00+09:00,155115.63277497282,155399.38533078888,153129.39591921112,154264.390625,251921,0.0,0.0
2023-12-04 00:00:00+09:00,155021.05812819875,155872.30030214592,152845.6631856089,153791.484375,239670,0.0,0.0
2023-12-05 00:00:00+09:00,152940.24220105284,154642.72654894716,152940.24220105284,153791.484375,263621,0.0,0.0
2023-12-06 00:00:00+09:00,154169.80614569708,154453.55869145194,151426.90625,151426.90625,291345,0.0,0.0
2023-12-07 00:00:00+09:00,151048.58061315824,151143.15962629064,148967.76473686757,149062.34375,351516,0.0,0.0
2023-12-08 00:00:00+09:00,150102.76572032555,158804.3766766467,149913.59216867885,158615.203125,751009,0.0,0.0
2023-12-11 00:00:00+09:00,160223.10037955438,168262.64229207629,159561.03177597577,168073.46875,1258537,0.0,0.0
2023-12-12 00:00:00+09:00,168924.70875734222,174883.4192189742,167695.13506057454,173464.6875,1395624,0.0,0.0
2023-12-13 00:00:00+09:00,171762.18828686888,173653.84610263238,166654.73546052034,169965.125,913366,0.0,0.0
2023-12-14 00:00:00+09:00,172802.60250508683,174315.92874491317,168073.46576436705,173559.265625,2571631,0.0,0.0
2023-12-15 00:00:00+09:00,173843.024503424,174032.18253155143,160885.1875,160885.1875,1671630,0.0,0.0
2023-12-18 00:00:00+09:00,166465.56777065241,169113.88880579674,164668.5044206256,167600.5625,692227,0.0,0.0
2023-12-19 00:00:00+09:00,167411.38990236915,171573.03726690946,167411.38990236915,170910.953125,448003,0.0,0.0
2023-12-20 00:00:00+09:00,173275.53552607415,179045.0886835743,171289.29845832443,176207.609375,907593,0.0,0.0
2023-12-21 00:00:00+09:00,175072.602470054,179139.65534784744,174788.84990352913,177531.75,593458,0.0,0.0
2023-12-22 00:00:00+09:00,179045.07984918324,180936.72228324448,174788.85333759277,175450.9375,729163,0.0,0.0
2023-12-26 00:00:00+09:00,177153.4245110481,179517.99310598357,177153.4245110481,178572.171875,641126,0.0,0.0
2023-12-27 00:00:00+09:00,179070.1039336037,180682.4928329248,176604.08365163123,180018.5625,529774,500.0,0.0
2023-12-28 00:00:00+09:00,180303.11579330527,192064.0679913649,179449.48436568116,191115.609375,1227206,0.0,0.0
2024-01-02 00:00:00+09:00,193012.53532581482,228579.95002901566,193012.53532581482,219569.53125,6284432,0.0,0.0
2024-01-03 00:00:00+09:00,216724.13994103344,220992.2346848562,212456.04519721065,219569.53125,1991285,0.0,0.0
2024-01-04 00:00:00+09:00,216724.14313345356,217198.37243180923,203445.64497576418,206765.265625,1672727,0.0,0.0
2024-01-05 00:00:00+09:00,203919.8699132141,209136.42320506068,202022.93719961194,203445.640625,1018643,0.0,0.0
2024-01-08 00:00:00+09:00,202022.94445569775,204868.3358479264,193960.99958425883,195383.6875,946878,0.0,0.0
2024-01-09 00:00:00+09:00,200126.0116739632,202971.4186269382,193486.77027901178,195383.6875,648884,0.0,0.0
2024-01-10 00:00:00+09:00,195383.6875,199177.5530634691,194435.2288895059,195383.6875,429944,0.0,0.0
2024-01-11 00:00:00+09:00,196332.16721025165,198229.10004550332,187511.44897726487,194435.234375,1391411,0.0,0.0
2024-01-12 00:00:00+09:00,187985.67430152776,194909.4595521447,184571.19527062643,186752.671875,1816149,0.0,0.0
2024-01-15 00:00:00+09:00,186373.2898728182,188744.45203428774,184950.58635163773,178406.1875,141973,0.0,0.0
2024-01-16 00:00:00+09:00,182484.5751611958,184286.66518865307,176414.4058385039,177837.09375,1221603,0.0,0.0
2024-01-17 00:00:00+09:00,176983.47496096374,177078.33326875677,167973.07165508482,168826.6875,1344213,0.0,0.0
2024-01-18 00:00:00+09:00,168826.68509391238,170249.3729615798,164748.29142155507,165696.75,848142,0.0,0.0
2024-01-19 00:00:00+09:00,166834.90725565478,171577.23120186315,165886.43312996574,166929.75,841233,0.0,0.0
2024-01-22 00:00:00+09:00,168826.6821684043,176698.94113961875,168636.98111955507,174138.078125,1113764,0.0,0.0
2024-01-23 00:00:00+09:00,176509.25116839766,178785.57053297595,171482.3831284739,172241.15625,684301,0.0,0.0
2024-01-24 00:00:00+09:00,173474.1494426857,173663.85049333662,171197.8457600948,171387.53125,311133,0.0,0.0
2024-01-25 00:00:00+09:00,171103.01615696508,174422.63697124014,169775.15538265754,172620.546875,491933,0.0,0.0
2024-01-26 00:00:00+09:00,171482.3737049266,174707.16707457224,169964.84310601445,172810.234375,404656,0.0,0.0
2024-01-29 00:00:00+09:00,174517.4766922991,177837.09744891597,172336.015625,172336.015625,790550,0.0,0.0
2024-01-30 00:00:00+09:00,174612.31361659526,175560.7877730856,170344.234375,170344.234375,461584,0.0,0.0
2024-01-31 00:00:00+09:00,170344.2353770169,171766.923279002,167024.5991508927,170439.078125,479113,0.0,0.0
2024-02-01 00:00:00+09:00,168542.15074339102,170533.92631836722,164748.30065620842,169490.609375,657357,0.0,0.0
2024-02-02 00:00:00+09:00,169490.6009078062,174517.46875,169490.6009078062,174517.46875,570928,0.0,0.0
2024-02-05 00:00:00+09:00,174517.46842929762,174896.85497444047,170249.37368662714,171577.234375,538070,0.0,0.0
2024-02-06 00:00:00+09:00,171861.76833464927,176604.09252643585,171861.76833464927,173569.015625,602640,0.0,0.0
2024-02-07 00:00:00+09:00,174612.30729758748,175940.1679564711,169490.59683227557,169775.140625,787386,0.0,0.0
2024-02-08 00:00:00+09:00,170344.234375,172999.92466738235,169964.8478245531,170344.234375,675792,0.0,0.0
2024-02-13 00:00:00+09:00,172241.15373114013,178595.86686042979,172051.46823390585,177837.09375,979811,0.0,0.0
2024-02-14 00:00:00+09:00,175276.24392013522,176414.40357115178,173284.46842104278,174707.171875,507201,0.0,0.0
2024-02-15 00:00:00+09:00,176509.24869354913,176509.24869354913,173189.628003977,173474.15625,376827,0.0,0.0
2024-02-16 00:00:00+09:00,174896.85256415664,174991.69530894884,172620.53332466993,172810.234375,309986,0.0,0.0
2024-02-19 00:00:00+09:00,172810.2363832113,174327.78256050433,172241.14878635347,172999.921875,309314,0.0,0.0
2024-02-20 00:00:00+09:00,173094.78602674732,173569.01533297883,170439.08012680593,170628.765625,462444,0.0,0.0
2024-02-21 00:00:00+09:00,170628.7674281046,170723.6257389504,167783.37599990075,167878.21875,577774,0.0,0.0
2024-02-22 00:00:00+09:00,168447.30127677257,170344.23402511087,166360.68303397347,167403.984375,540450,0.0,0.0
2024-02-23 00:00:00+09:00,168067.91908348948,174896.86159377007,167688.532523988,170723.625,865659,0.0,0.0
2024-02-26 00:00:00+09:00,172620.54180801238,173758.70148368998,171482.3821323348,172146.3125,509164,0.0,0.0
2024-02-27 00:00:00+09:00,172620.53572508693,181536.11175668135,171956.62094156365,180303.109375,1705946,0.0,0.0
2024-02-28 00:00:00+09:00,180397.95105184359,183433.0278346288,176888.6294198223,180208.25,856951,0.0,0.0
2024-02-29 00:00:00+09:00,179828.86807248928,181441.25703118675,170439.078125,170439.078125,1420918,0.0,0.0
2024-03-04 00:00:00+09:00,171103.0029496023,171956.61877534015,166076.1351793459,167024.59375,962438,0.0,0.0
2024-03-05 00:00:00+09:00,165981.30498679608,170723.62932019713,163420.44175517117,166740.078125,1037884,0.0,0.0
2024-03-06 00:00:00+09:00,166929.7500895769,171577.23129393396,165507.0466806527,171292.6875,692643,0.0,0.0
2024-03-07 00:00:00+09:00,172051.4720125717,173663.86101746035,167593.69156145287,167973.078125,566902,0.0,0.0
2024-03-08 00:00:00+09:00,170533.92693248772,171956.63044577127,168731.85241379178,171008.15625,545370,0.0,0.0
2024-03-11 00:00:00+09:00,171861.76393910922,173189.62463772576,170059.6895063382,170249.375,399743,0.0,0.0
2024-03-12 00:00:00+09:00,171008.15487375596,172620.5438767695,166929.76099092726,172336.015625,443701,0.0,0.0
2024-03-13 00:00:00+09:00,172430.8602234132,172620.5457266256,168542.15180009155,169585.46875,480892,0.0,0.0
2024-03-14 00:00:00+09:00,169490.60090460602,171197.84814122683,169395.7581583343,170154.53125,1925301,0.0,0.0
2024-03-15 00:00:00+09:00,170913.3029662034,172905.07842561018,169585.45784684748,171482.375,1098699,0.0,0.0
2024-03-18 00:00:00+09:00,171577.2350633405,174896.85567609873,171008.1474629702,173094.78125,561692,0.0,0.0
2024-03-19 00:00:00+09:00,171672.08144052053,175276.24592968854,171197.8521373464,174896.859375,645131,0.0,0.0
2024-03-20 00:00:00+09:00,175750.4776744013,175940.17873475407,173569.01662519688,173663.859375,392745,0.0,0.0
2024-03-21 00:00:00+09:00,175465.93002169844,176224.703125,173758.69831964298,176224.703125,625405,0.0,0.0
2024-03-22 00:00:00+09:00,176035.01091372233,179164.94595524613,175940.16816961448,178501.015625,599853,0.0,0.0
2024-03-25 00:00:00+09:00,180397.95552998065,182484.5737875828,179164.953125,179164.953125,678356,0.0,0.0
2024-03-26 00:00:00+09:00,179070.11626398834,181630.96390604018,175940.18099431606,176793.796875,724918,0.0,0.0
2024-03-27 00:00:00+09:00,174991.7001171946,176414.40357115178,171008.1491190097,174707.171875,676542,0.0,0.0
2024-03-28 00:00:00+09:00,173094.77888040492,176698.9432440088,172620.53403300658,174327.78125,941774,0.0,0.0
2024-03-29 00:00:00+09:00,174517.4792016481,182863.96814924415,174517.4792016481,181346.421875,1504133,0.0,0.0
2024-04-01 00:00:00+09:00,183527.8983912041,184096.97046322818,177362.87054708455,178406.1875,708069,0.0,0.0
2024-04-02 00:00:00+09:00,177173.17253066142,178026.78835878527,174327.78125,174327.78125,540815,0.0,0.0
2024-04-03 00:00:00+09:00,172241.14505372025,172905.0753820844,170344.2279339578,171197.84375,501524,0.0,0.0
2024-04-04 00:00:00+09:00,172999.92466738235,173284.46847040407,170344.234375,170344.234375,335225,0.0,0.0
2024-04-05 00:00:00+09:00,168826.6824066741,170059.68476332494,168162.75207588304,168352.453125,351778,0.0,0.0
2024-04-08 00:00:00+09:00,167878.21103869815,181061.88176230146,167024.59520552156,178785.5625,1104765,0.0,0.0
2024-04-09 00:00:00+09:00,180208.25532133036,180872.18568126927,171956.625,171956.625,816363,0.0,0.0
2024-04-11 00:00:00+09:00,168542.14331405988,171387.53464420876,168352.4578203981,170249.375,551894,0.0,0.0
2024-04-12 00:00:00+09:00,170154.52859559885,173853.53568920548,168921.5262310633,172810.234375,502385,0.0,0.0
2024-04-15 00:00:00+09:00,170723.6263743177,171482.3839386822,169300.92287454774,169395.765625,380436,0.0,0.0
2024-04-16 00:00:00+09:00,168162.7586163004,169111.2327772835,162946.20519350492,163135.90625,667515,0.0,0.0
2024-04-17 00:00:00+09:00,164274.05582658382,167878.22041277285,160954.43505425742,162187.4375,720816,0.0,0.0
2024-04-18 00:00:00+09:00,163989.52698812843,168636.9929406475,163894.66867668167,167973.078125,498601,0.0,0.0
2024-04-19 00:00:00+09:00,165981.29105542207,166360.67759268082,162187.42568283452,163989.515625,529305,0.0,0.0
2024-04-22 00:00:00+09:00,166645.2179194264,169490.609375,165696.7592878174,169490.609375,452011,0.0,0.0
2024-04-23 00:00:00+09:00,169585.46227165972,170439.078125,168447.30261362396,170439.078125,315835,0.0,0.0
2024-04-24 00:00:00+09:00,170913.30534930827,171577.23569861654,169869.98845193043,170249.375,293113,0.0,0.0
2024-04-25 00:00:00+09:00,168542.1531929168,169775.1556562271,167024.60691168968,168257.609375,323025,0.0,0.0
2024-04-26 00:00:00+09:00,168352.45953742223,169585.46194103724,167214.2998816054,167498.828125,232234,0.0,0.0
2024-04-29 00:00:00+09:00,169300.9124268819,174327.78018034506,169300.9124268819,174232.921875,674623,0.0,0.0
2024-04-30 00:00:00+09:00,174232.92891832683,181346.41514426676,173569.01411854656,179259.796875,1288472,0.0,0.0
2024-05-02 00:00:00+09:00,178216.4803052149,180872.1861917191,177362.86444616798,177837.09375,551953,0.0,0.0
2024-05-03 00:00:00+09:00,179164.9541265666,179828.86892634686,177552.5651602132,179259.796875,309727,0.0,0.0
2024-05-07 00:00:00+09:00,181156.7221998671,186847.50472236684,181156.7221998671,184381.5,1120528,0.0,0.0
2024-05-08 00:00:00+09:00,185329.960586033,186183.57641763368,183527.88617726398,184571.1875,487208,0.0,0.0
2024-05-09 00:00:00+09:00,184760.88542093057,185899.04503069285,179923.71875,179923.71875,843835,0.0,0.0
2024-05-10 00:00:00+09:00,183338.18341447608,186752.66226976074,182105.18105136525,182958.796875,751046,0.0,0.0
2024-05-13 00:00:00+09:00,183053.6651106865,183338.19336016936,178595.86913983064,180967.03125,465471,0.0,0.0
2024-05-14 00:00:00+09:00,179639.187126236,181820.64818882803,179070.11506317835,181061.890625,291462,0.0,0.0
2024-05-16 00:00:00+09:00,183812.41377263988,185329.95993941108,182389.72591185116,183053.65625,489508,0.0,0.0
2024-05-17 00:00:00+09:00,180397.95075267178,182484.568955016,178785.56183803137,181630.953125,1050234,0.0,0.0
2024-05-20 00:00:00+09:00,183338.18577822793,183527.88683078456,175181.39841544657,177362.859375,556081,0.0,0.0
2024-05-21 00:00:00+09:00,175940.17893985764,178121.63999160513,175465.93406879617,176604.09375,251105,0.0,0.0
2024-05-22 00:00:00+09:00,176888.63900468306,178311.34250799005,174707.17793512516,175276.25,326085,0.0,0.0
2024-05-23 00:00:00+09:00,174327.79381680183,175940.18284410075,174043.25,174043.25,303759,0.0,0.0
2024-05-24 00:00:00+09:00,173189.62877584435,174327.7884472478,170344.2373777089,170628.765625,511577,0.0,0.0
2024-05-27 00:00:00+09:00,171292.69297074425,171861.76501604158,169300.91747108445,170344.234375,421332,0.0,0.0
2024-05-28 00:00:00+09:00,170344.23199347223,172999.92224872625,169300.91510414297,171577.234375,432563,0.0,0.0
2024-05-29 00:00:00+09:00,169964.8563172396,170628.7711431362,167973.08071805612,169680.3125,518324,0.0,0.0
2024-05-30 00:00:00+09:00,168352.46668940145,172051.4740573884,168067.92287317268,168162.765625,375356,0.0,0.0
2024-05-31 00:00:00+09:00,170439.07370427615,172620.53465503725,167024.59481873107,167119.453125,927029,0.0,0.0
2024-06-03 00:00:00+09:00,168067.90899014453,171387.5295158625,167688.52245342717,169775.140625,325306,0.0,0.0
2024-06-04 00:00:00+09:00,168731.8533503627,180113.4192768191,168731.8533503627,178406.1875,1355788,0.0,0.0
2024-06-05 00:00:00+09:00,179639.18102901324,183622.73201744884,178501.0213807822,180492.796875,934641,0.0,0.0
2024-06-07 00:00:00+09:00,181915.50850651265,182674.2816394566,178785.5732233055,181251.578125,518848,0.0,0.0
2024-06-10 00:00:00+09:00,178785.5726174077,182769.12377149003,176983.48254258634,179734.03125,568940,0.0,0.0
2024-06-11 00:00:00+09:00,180208.26079281626,184950.58508323212,178975.25834459774,182674.28125,823421,0.0,0.0
2024-06-12 00:00:00+09:00,184855.73834820546,184950.58109739062,177647.40931669812,177931.953125,965025,0.0,0.0
2024-06-13 00:00:00+09:00,179828.86626398654,181725.7990083024,173189.625,173189.625,1526729,0.0,0.0
2024-06-14 00:00:00+09:00,173284.47586818715,176793.79771945305,170439.08439873412,173948.40625,1056794,0.0,0.0
2024-06-17 00:00:00+09:00,173948.40086916997,174422.63017261814,170439.07912645963,170533.921875,635167,0.0,0.0
2024-06-18 00:00:00+09:00,170533.91470837375,171861.7598143756,169016.36855251697,169869.984375,479684,0.0,0.0
2024-06-19 00:00:00+09:00,171577.24409866467,174043.2490014742,170723.62821390343,173948.40625,491139,0.0,0.0
2024-06-20 00:00:00+09:00,173758.70293279478,173758.70293279478,170818.46875,170818.46875,387651,0.0,0.0
2024-06-21 00:00:00+09:00,170439.08300768305,172051.4720125717,167973.078125,167973.078125,1609749,0.0,0.0
2024-06-24 00:00:00+09:00,168731.83931958635,170913.30023515216,168542.1382708549,169775.140625,394104,0.0,0.0
2024-06-25 00:00:00+09:00,171387.53916336145,171672.082972103,168542.1477581852,169206.078125,381620,0.0,0.0
2024-06-26 00:00:00+09:00,168542.14711220656,169111.23472750848,167498.83019131725,167688.53125,431021,0.0,0.0
2024-06-27 00:00:00+09:00,166360.6868585586,166929.75891576987,164843.140625,164843.140625,522561,0.0,0.0
2024-06-28 00:00:00+09:00,165127.68949536426,166360.6919577372,164558.6018599633,165317.375,347920,0.0,0.0
2024-07-01 00:00:00+09:00,166170.9812574685,174612.3125,166170.9812574685,174612.3125,1103145,0.0,0.0
2024-07-02 00:00:00+09:00,174612.31656814014,176129.86279557954,171482.38136423295,174991.703125,775295,0.0,0.0
2024-07-03 00:00:00+09:00,175465.93633669207,175845.32290199693,171103.01417680638,172430.859375,482119,0.0,0.0
2024-07-04 00:00:00+09:00,173379.31350132567,174896.85972310023,171577.23903352808,173474.15625,412884,0.0,0.0
2024-07-05 00:00:00+09:00,174043.24212356762,177837.09207932928,172430.8531692383,176224.703125,759951,0.0,0.0
2024-07-08 00:00:00+09:00,176035.024586166,177173.18428609657,173569.01968335648,173948.40625,431231,0.0,0.0
2024-07-09 00:00:00+09:00,174043.2408138258,178216.47728983304,174043.2408138258,177552.5625,627469,0.0,0.0
2024-07-10 00:00:00+09:00,177362.86730711386,177552.5683681544,174422.63312733086,175181.40625,505186,0.0,0.0
2024-07-11 00:00:00+09:00,176509.2469289246,176509.2469289246,173663.85557191682,176224.703125,543879,0.0,0.0
2024-07-12 00:00:00+09:00,176035.01697311163,181536.11417116126,175940.17422573915,179070.109375,888839,0.0,0.0
2024-07-15 00:00:00+09:00,181156.72654103988,182105.18513060315,178785.56450638574,178975.25,562212,0.0,0.0
2024-07-16 00:00:00+09:00,180208.25239073063,180303.11069828377,175086.55733419384,178975.25,558978,0.0,0.0
2024-07-17 00:00:00+09:00,179259.80111533526,183338.1950019085,177647.41211084134,182579.421875,1063360,0.0,0.0
2024-07-18 00:00:00+09:00,182105.1927645693,182294.89382688192,178026.79887343402,178216.484375,674334,0.0,0.0
2024-07-19 00:00:00+09:00,176414.4098671365,179354.6440666359,175940.18055247486,178216.484375,420435,0.0,0.0
2024-07-22 00:00:00+09:00,178311.33421465268,184381.50338755996,178026.79041507622,183243.34375,1489355,0.0,0.0
2024-07-23 00:00:00+09:00,182579.41959421168,184381.50963829426,179449.484375,179449.484375,723125,0.0,0.0
2024-07-24 00:00:00+09:00,178595.86440799275,184950.57745002094,176888.63271334223,183433.03125,982475,0.0,0.0
2024-07-25 00:00:00+09:00,184002.11550059984,194435.2220944053,182200.02553074466,188934.125,2269756,0.0,0.0
2024-07-26 00:00:00+09:00,191115.60973799595,193961.00115324146,187890.83176333463,189692.90625,1093713,0.0,0.0
2024-07-29 00:00:00+09:00,192538.2954249775,199177.55235713063,191589.8368178469,198229.09375,1372610,0.0,0.0
2024-07-30 00:00:00+09:00,196332.1609749925,200126.01096426122,193012.54028928909,198229.09375,1095768,0.0,0.0
2024-07-31 00:00:00+09:00,198703.32418412803,199651.78279665508,190167.13442839903,193961.0,1073733,0.0,0.0
2024-08-01 00:00:00+09:00,190641.3804289128,196332.16325940378,189503.2207506653,189692.90625,946547,0.0,0.0
2024-08-02 00:00:00+09:00,187321.74160868328,189028.9888833224,182389.73196377224,183622.734375,1086295,0.0,0.0
2024-08-05 00:00:00+09:00,178595.86283552184,185235.11962178425,164084.36243726857,173094.78125,2084013,0.0,0.0
2024-08-06 00:00:00+09:00,177931.95885073635,181156.73691277427,172241.16030530457,172620.546875,1773463,0.0,0.0
2024-08-07 00:00:00+09:00,171103.01224452,194435.23128466133,171008.15393370503,186847.515625,3810352,0.0,0.0
2024-08-08 00:00:00+09:00,187037.21913766264,189123.837470254,182579.42309705133,185614.515625,1435179,0.0,0.0
2024-08-09 00:00:00+09:00,187795.96401601096,191115.6001342715,184571.18620339752,185899.046875,1169383,0.0,0.0
2024-08-12 00:00:00+09:00,189313.51969058416,193486.7718441583,188365.06107241783,189692.90625,1003572,0.0,0.0
2024-08-13 00:00:00+09:00,188744.4517712875,189692.91041025502,181630.96529679094,182769.125,1034873,0.0,0.0
2024-08-14 00:00:00+09:00,184191.8009569835,185235.11784046533,180967.02312171616,184571.1875,710910,0.0,0.0
2024-08-16 00:00:00+09:00,185329.971426194,190641.3833390955,184950.58486098677,187037.21875,989999,0.0,0.0
2024-08-19 00:00:00+09:00,187321.73537977,189028.98259763888,185424.80267144105,187416.578125,588132,0.0,0.0
2024-08-20 00:00:00+09:00,188649.59744022123,189313.51222244865,185709.3478305504,186088.734375,514906,0.0,0.0
2024-08-21 00:00:00+09:00,187795.97147027965,189692.90424733207,186562.96905538216,189503.21875,856498,0.0,0.0
2024-08-22 00:00:00+09:00,189692.900466136,193960.9952392404,187795.96772689561,192064.0625,836646,0.0,0.0
2024-08-23 00:00:00+09:00,191589.8332053764,193960.9952392404,190641.3746161292,192064.0625,615599,0.0,0.0
2024-08-26 00:00:00+09:00,193961.00505637378,196806.39652887787,192064.0722211221,194435.234375,648895,0.0,0.0
2024-08-27 00:00:00+09:00,194435.2196662543,198229.08504975715,189692.89571724852,190167.125,734187,0.0,0.0
2024-08-28 00:00:00+09:00,191115.609375,193486.77147665864,187606.28759725564,191115.609375,707588,0.0,0.0
2024-08-29 00:00:00+09:00,190641.37019525148,193960.99074138235,188649.59475542384,188744.4375,545924,0.0,0.0
2024-08-30 00:00:00+09:00,189692.90547143298,193961.00035715668,189598.06272215492,192538.296875,795959,0.0,0.0
2024-09-02 00:00:00+09:00,192538.29950942288,193012.54438379497,185424.81312280128,186942.359375,826023,0.0,0.0
2024-09-03 00:00:00+09:00,186752.67287493154,190167.13636336854,186657.83012486307,186847.515625,407535,0.0,0.0
2024-09-04 00:00:00+09:00,180682.49692566248,184191.80303726735,180303.11037836116,180397.953125,808345,0.0,0.0
2024-09-05 00:00:00+09:00,182200.0366020153,183243.35354909065,175655.63778701064,178311.34375,671803,0.0,0.0
2024-09-06 00:00:00+09:00,178406.18763921206,182579.42433263667,175940.18272393872,181346.421875,694246,0.0,0.0
2024-09-09 00:00:00+09:00,177173.17884722145,183433.03366355397,177078.33609865874,182200.03125,419338,0.0,0.0
2024-09-10 00:00:00+09:00,184191.81310286475,186278.4470074241,182484.58132708602,185709.359375,576584,0.0,0.0
2024-09-11 00:00:00+09:00,186752.6713679922,186752.6713679922,178975.25471020472,180872.1875,614881,0.0,0.0
2024-09-12 00:00:00+09:00,181251.57692073483,185899.05843895127,180872.19035678354,185519.671875,693279,0.0,0.0
2024-09-13 00:00:00+09:00,185519.66780562943,185993.89710997965,183812.4205249238,185140.28125,306702,0.0,0.0
2024-09-19 00:00:00+09:00,187890.83140646367,192064.0679913649,187890.83140646367,191115.609375,792837,0.0,0.0
2024-09-20 00:00:00+09:00,191589.83868318243,193012.5421684762,189598.06314021902,191115.609375,779353,0.0,0.0
2024-09-23 00:00:00+09:00,192538.30153974833,200126.01732000822,192538.30153974833,194435.234375,874158,0.0,0.0
2024-09-24 00:00:00+09:00,194909.453125,194909.453125,189692.89978147653,194909.453125,505450,0.0,0.0
2024-09-25 00:00:00+09:00,196806.39256848695,198703.3253655661,189408.3624402515,189692.90625,666120,0.0,0.0
2024-09-26 00:00:00+09:00,189598.05269179985,191589.828125,187795.9627471209,191589.828125,577623,0.0,0.0
2024-09-27 00:00:00+09:00,190641.37432736508,191115.60362127036,184760.890625,184760.890625,981062,0.0,0.0
2024-09-30 00:00:00+09:00,185519.66981023765,187226.90154864424,182769.12114239013,185329.96875,558868,0.0,0.0
2024-10-02 00:00:00+09:00,182294.8940681422,185329.9710224414,181156.734375,181156.734375,492283,0.0,0.0
2024-10-04 00:00:00+09:00,181630.96529679094,185709.35922939668,180872.19216131823,182769.125,498696,0.0,0.0
2024-10-07 00:00:00+09:00,184096.96267294313,185235.12232957553,181156.72856386902,183527.890625,382415,0.0,0.0
2024-10-08 00:00:00+09:00,182389.73882872955,183433.0402217123,181346.421875,181346.421875,512303,0.0,0.0
2024-10-10 00:00:00+09:00,182579.424534217,186373.29022401606,182484.58178215873,184286.671875,739767,0.0,0.0
2024-10-11 00:00:00+09:00,185045.4441605954,188080.52113770752,184191.8127137625,187132.0625,507768,0.0,0.0
2024-10-14 00:00:00+09:00,188839.29427217224,189123.83808778322,185329.9724154596,187132.0625,458237,0.0,0.0
2024-10-15 00:00:00+09:00,185709.34484494332,191589.82840899995,184760.88627944043,190167.125,697350,0.0,0.0
2024-10-16 00:00:00+09:00,189028.99573548255,190641.38475943953,185614.51662317826,185709.359375,655014,0.0,0.0
2024-10-17 00:00:00+09:00,185709.3517022624,186373.28205907744,178311.3372723785,179164.953125,1226774,0.0,0.0
2024-10-18 00:00:00+09:00,179259.79078200422,181156.72348992786,178026.7884120403,178690.71875,619557,0.0,0.0
2024-10-21 00:00:00+09:00,179544.33690671818,182769.11477163454,179544.33690671818,181820.640625,464710,0.0,0.0
2024-10-22 00:00:00+09:00,181441.25824416828,182579.41790981294,177647.40825276572,177837.09375,585527,0.0,0.0
2024-10-23 00:00:00+09:00,178216.47761683224,179828.8665619862,175086.5580344569,176129.859375,591647,0.0,0.0
2024-10-24 00:00:00+09:00,176129.86144265407,177268.02110449094,174707.17353591762,176319.5625,347665,0.0,0.0
2024-10-25 00:00:00+09:00,176414.4103101686,178975.25795222048,173094.78953845397,176793.796875,616796,0.0,0.0
2024-10-28 00:00:00+09:00,177078.33825632362,179259.79930357783,176509.25063652065,178026.796875,363603,0.0,0.0
2024-10-29 00:00:00+09:00,178501.02476283978,180208.25648716022,177362.86509304403,179354.640625,372799,0.0,0.0
2024-10-30 00:00:00+09:00,178785.56999423966,179259.79930357783,177552.5675656618,178026.796875,320537,0.0,0.0
2024-10-31 00:00:00+09:00,177362.86044904747,177837.0897421921,173094.78125,173094.78125,555007,0.0,0.0
2024-11-01 00:00:00+09:00,171672.07912779212,173948.39842525733,170913.30602863707,171766.921875,350520,0.0,0.0
2024-11-04 00:00:00+09:00,171766.92345958969,177742.25,171008.15035343476,177742.25,456888,0.0,0.0
2024-11-05 00:00:00+09:00,176035.01903906564,178026.7945609939,173948.40076865177,174896.859375,284656,0.0,0.0
2024-11-06 00:00:00+09:00,175181.40724931197,175845.3220648748,170913.3123001376,175276.25,500444,0.0,0.0
2024-11-07 00:00:00+09:00,173853.546496693,175181.40724931197,168067.92085427023,175276.25,632329,0.0,0.0
2024-11-08 00:00:00+09:00,172810.2428676652,175181.40496847357,171387.5393828816,172146.3125,452698,0.0,0.0
2024-11-11 00:00:00+09:00,170818.47042076234,171672.08630280202,162187.43772770034,165127.6875,1054992,0.0,0.0
2024-11-12 00:00:00+09:00,163704.9787209457,165127.682185723,157160.580128761,157350.265625,1169492,0.0,0.0
2024-11-13 00:00:00+09:00,156496.64263740677,159531.71936411716,155548.16851720406,156686.328125,686506,0.0,0.0
2024-11-14 00:00:00+09:00,157065.72686915897,160480.2059579436,157065.72686915897,157824.5,627880,0.0,0.0
2024-11-15 00:00:00+09:00,158867.80669982286,159531.72147593336,152038.86452339386,156876.03125,633924,0.0,0.0
2024-11-18 00:00:00+09:00,156591.49792691978,164084.37094132748,155073.95166160984,163704.984375,622472,0.0,0.0
2024-11-19 00:00:00+09:00,163135.91230588214,165317.3733917051,162946.21124234505,163704.984375,412598,0.0,0.0
2024-11-20 00:00:00+09:00,163041.04178220357,164179.2013959395,160859.58085976887,162566.8125,356352,0.0,0.0
2024-11-21 00:00:00+09:00,164084.36651166386,167973.07482135328,163894.66545324796,164748.296875,647679,0.0,0.0
2024-11-22 00:00:00+09:00,165507.05234792942,167403.9851045344,164084.36445103528,164558.59375,365225,0.0,0.0
2024-11-25 00:00:00+09:00,165032.8253536658,169585.46403309586,163799.8229348401,167688.53125,688341,0.0,0.0
2024-11-26 00:00:00+09:00,167688.53469322788,169206.08095086506,165981.3029337594,166550.375,309768,0.0,0.0
2024-11-27 00:00:00+09:00,166076.136871691,169585.45851606491,166076.136871691,168636.984375,391050,0.0,0.0
2024-11-28 00:00:00+09:00,168542.15076047732,177457.71169289493,168067.92144462475,176793.796875,930610,0.0,0.0
2024-11-29 00:00:00+09:00,177457.70212090542,178595.86175400775,175750.47045162483,177362.859375,725114,0.0,0.0
2024-12-02 00:00:00+09:00,179544.3428996646,179734.02839887538,174327.78938166393,175086.5625,519878,0.0,0.0
2024-12-03 00:00:00+09:00,175276.24016853934,178785.561793874,174517.46708410233,177268.015625,424407,0.0,0.0
2024-12-04 00:00:00+09:00,172620.54145019484,176414.40702792266,172430.85595168165,173569.015625,766146,0.0,0.0
2024-12-05 00:00:00+09:00,174422.62670318372,176888.6314806599,171103.00608433087,171672.078125,446545,0.0,0.0
2024-12-06 00:00:00+09:00,171672.08462369052,172999.9298093484,167783.3762562145,170818.46875,631010,0.0,0.0
2024-12-09 00:00:00+09:00,165981.2978769738,170154.5343975876,165696.75407214908,166076.140625,742195,0.0,0.0
2024-12-10 00:00:00+09:00,167688.52289057645,172715.390625,167688.52289057645,172715.390625,461113,0.0,0.0
2024-12-11 00:00:00+09:00,172715.39637590756,175371.08666753344,171766.92221968737,174707.171875,366387,0.0,0.0
2024-12-12 00:00:00+09:00,175276.25099877152,175465.93650122848,174043.24855056126,175371.09375,690319,0.0,0.0
2024-12-13 00:00:00+09:00,176035.01686601696,185993.89435272187,176035.01686601696,183433.03125,1109866,0.0,0.0
2024-12-16 00:00:00+09:00,187795.96604465027,188080.50984317393,184666.0465038734,186088.734375,1147948,0.0,0.0
2024-12-17 00:00:00+09:00,185899.04957097326,185899.04957097326,182105.18411244,183243.34375,1060922,0.0,0.0
2024-12-18 00:00:00+09:00,183243.34241442353,189598.0553405907,183243.34241442353,188934.125,7110605,0.0,0.0
2024-12-19 00:00:00+09:00,184096.96712066414,186373.28648892406,182105.19156362335,182484.578125,714436,0.0,0.0
2024-12-20 00:00:00+09:00,181251.57668328343,183053.66674987777,179828.87318014333,182579.421875,437084,0.0,0.0
2024-12-23 00:00:00+09:00,183338.19362870778,184476.35331054573,182579.42050748246,183907.28125,298654,0.0,0.0
2024-12-24 00:00:00+09:00,183907.27071658263,184666.04379434866,182294.8818165162,184381.5,378425,0.0,0.0
2024-12-26 00:00:00+09:00,184381.501666577,186183.57607200064,180682.49454959237,181630.953125,641421,0.0,0.0
2024-12-27 00:00:00+09:00,183200.0,185800.0,176800.0,180400.0,571954,750.0,1.05
2024-12-30 00:00:00+09:00,180000.0,190200.0,179800.0,187500.0,531670,0.0,0.0
2025-01-02 00:00:00+09:00,187500.0,188300.0,180100.0,180300.0,577872,0.0,0.0
2025-01-03 00:00:00+09:00,180600.0,182200.0,180300.0,180900.0,360452,0.0,0.0
2025-01-06 00:00:00+09:00,181000.0,184700.0,179700.0,183700.0,459671,0.0,0.0
2025-01-07 00:00:00+09:00,184000.0,187500.0,183200.0,183900.0,497029,0.0,0.0
2025-01-08 00:00:00+09:00,183100.0,186800.0,183100.0,184500.0,437144,0.0,0.0
2025-01-09 00:00:00+09:00,185000.0,186300.0,183100.0,185500.0,434143,0.0,0.0
2025-01-10 00:00:00+09:00,185600.0,186700.0,184300.0,185100.0,373255,0.0,0.0
2025-01-13 00:00:00+09:00,184600.0,186900.0,182500.0,183800.0,444673,0.0,0.0
2025-01-14 00:00:00+09:00,185000.0,187800.0,183600.0,184500.0,374473,0.0,0.0
2025-01-15 00:00:00+09:00,184800.0,185500.0,180100.0,180700.0,560704,0.0,0.0
2025-01-16 00:00:00+09:00,182000.0,183700.0,181900.0,182000.0,392924,0.0,0.0
2025-01-17 00:00:00+09:00,181200.0,181900.0,178500.0,180000.0,500327,0.0,0.0
2025-01-20 00:00:00+09:00,179200.0,181400.0,177200.0,180700.0,457324,0.0,0.0
2025-01-21 00:00:00+09:00,180600.0,182800.0,178700.0,179700.0,389726,0.0,0.0
2025-01-22 00:00:00+09:00,180100.0,181900.0,179300.0,180500.0,433481,0.0,0.0
2025-01-23 00:00:00+09:00,180700.0,182400.0,179000.0,179100.0,433404,0.0,0.0
2025-01-24 00:00:00+09:00,179600.0,181300.0,179400.0,180200.0,364070,0.0,0.0
2025-01-31 00:00:00+09:00,182900.0,184000.0,178200.0,179700.0,519162,0.0,0.0
2025-02-03 00:00:00+09:00,176800.0,177000.0,172800.0,176000.0,697428,0.0,0.0
2025-02-04 00:00:00+09:00,176200.0,179500.0,176200.0,177400.0,456206,0.0,0.0
2025-02-05 00:00:00+09:00,177500.0,179300.0,176200.0,178300.0,387834,0.0,0.0
2025-02-06 00:00:00+09:00,179500.0,181700.0,179100.0,181000.0,390088,0.0,0.0
2025-02-07 00:00:00+09:00,179800.0,181200.0,179300.0,179600.0,306726,0.0,0.0
2025-02-10 00:00:00+09:00,178200.0,180300.0,175800.0,179000.0,494889,0.0,0.0
2025-02-11 00:00:00+09:00,179800.0,181700.0,179100.0,179700.0,415262,0.0,0.0
2025-02-12 00:00:00+09:00,179600.0,180400.0,177400.0,178700.0,361474,0.0,0.0
2025-02-13 00:00:00+09:00,179500.0,179700.0,177600.0,177900.0,594759,0.0,0.0
2025-02-14 00:00:00+09:00,178200.0,182700.0,177800.0,180800.0,627006,0.0,0.0
2025-02-17 00:00:00+09:00,181000.0,181500.0,179200.0,181500.0,358741,0.0,0.0
2025-02-18 00:00:00+09:00,181000.0,181100.0,179100.0,180300.0,378893,0.0,0.0
2025-02-19 00:00:00+09:00,180300.0,182500.0,179600.0,180600.0,515521,0.0,0.0
2025-02-20 00:00:00+09:00,180100.0,181400.0,179000.0,180400.0,426244,0.0,0.0
2025-02-21 00:00:00+09:00,180400.0,180700.0,178200.0,178200.0,383460,0.0,0.0
2025-02-24 00:00:00+09:00,178300.0,178700.0,176500.0,178000.0,308620,0.0,0.0
2025-02-25 00:00:00+09:00,177200.0,179200.0,174000.0,174100.0,623431,0.0,0.0
2025-02-26 00:00:00+09:00,176200.0,190900.0,176000.0,189300.0,2169289,0.0,0.0
2025-02-27 00:00:00+09:00,187600.0,189000.0,181500.0,182700.0,926161,0.0,0.0
2025-02-28 00:00:00+09:00,181100.0,186900.0,181000.0,184000.0,1175987,0.0,0.0
2025-03-04 00:00:00+09:00,184000.0,192900.0,183100.0,183500.0,1023169,0.0,0.0
2025-03-05 00:00:00+09:00,183600.0,187200.0,183600.0,184700.0,517242,0.0,0.0
2025-03-06 00:00:00+09:00,185500.0,188800.0,182200.0,188100.0,753880,0.0,0.0
2025-03-07 00:00:00+09:00,187100.0,188500.0,184000.0,184000.0,488043,0.0,0.0
2025-03-10 00:00:00+09:00,183500.0,184900.0,182400.0,183200.0,292376,0.0,0.0
2025-03-11 00:00:00+09:00,180500.0,184900.0,180300.0,183400.0,460822,0.0,0.0
2025-03-12 00:00:00+09:00,183700.0,187200.0,183700.0,186900.0,459108,0.0,0.0
2025-03-13 00:00:00+09:00,186800.0,187400.0,183500.0,184600.0,548392,0.0,0.0
2025-03-14 00:00:00+09:00,186600.0,188700.0,185300.0,186100.0,521580,0.0,0.0
2025-03-17 00:00:00+09:00,187900.0,188200.0,184200.0,187800.0,414566,0.0,0.0
2025-03-18 00:00:00+09:00,188500.0,190700.0,187200.0,187400.0,448355,0.0,0.0
2025-03-19 00:00:00+09:00,187300.0,189000.0,186900.0,187200.0,317459,0.0,0.0
2025-03-20 00:00:00+09:00,187300.0,188100.0,185200.0,186300.0,363506,0.0,0.0
2025-03-21 00:00:00+09:00,185200.0,189100.0,184700.0,186700.0,578281,0.0,0.0
2025-03-24 00:00:00+09:00,185100.0,186400.0,184500.0,185100.0,270912,0.0,0.0
2025-03-25 00:00:00+09:00,184900.0,187300.0,184200.0,186000.0,358795,0.0,0.0
2025-03-26 00:00:00+09:00,187000.0,187000.0,183800.0,185400.0,260396,0.0,0.0
2025-03-27 00:00:00+09:00,184000.0,184300.0,180800.0,181200.0,284648,0.0,0.0
2025-03-28 00:00:00+09:00,181000.0,181300.0,177100.0,177100.0,294474,0.0,0.0
2025-03-31 00:00:00+09:00,174900.0,175800.0,168700.0,169000.0,617453,0.0,0.0
