Datetime,Open,High,Low,Close,Volume,Dividends,Stock Splits
2025-03-25 13:21:00+09:00,62400.0,62400.0,62300.0,62400.0,0,0.0,0.0
2025-03-25 13:22:00+09:00,62400.0,62400.0,62300.0,62400.0,653,0.0,0.0
2025-03-25 13:23:00+09:00,62300.0,62400.0,62300.0,62400.0,78,0.0,0.0
2025-03-25 13:24:00+09:00,62400.0,62400.0,62300.0,62300.0,675,0.0,0.0
2025-03-25 13:25:00+09:00,62300.0,62400.0,62300.0,62300.0,179,0.0,0.0
2025-03-25 13:26:00+09:00,62300.0,62400.0,62300.0,62400.0,628,0.0,0.0
2025-03-25 13:27:00+09:00,62300.0,62300.0,62200.0,62300.0,14337,0.0,0.0
2025-03-25 13:28:00+09:00,62200.0,62300.0,62200.0,62200.0,0,0.0,0.0
2025-03-25 13:29:00+09:00,62200.0,62300.0,62200.0,62200.0,737,0.0,0.0
2025-03-25 13:30:00+09:00,62200.0,62300.0,62200.0,62200.0,77,0.0,0.0
2025-03-25 13:31:00+09:00,62300.0,62300.0,62200.0,62200.0,4411,0.0,0.0
2025-03-25 13:32:00+09:00,62200.0,62300.0,62200.0,62200.0,131,0.0,0.0
2025-03-25 13:33:00+09:00,62200.0,62300.0,62200.0,62300.0,637,0.0,0.0
2025-03-25 13:34:00+09:00,62200.0,62300.0,62200.0,62200.0,1048,0.0,0.0
2025-03-25 13:35:00+09:00,62200.0,62300.0,62200.0,62200.0,133,0.0,0.0
2025-03-25 13:36:00+09:00,62200.0,62300.0,62200.0,62200.0,594,0.0,0.0
2025-03-25 13:37:00+09:00,62200.0,62300.0,62200.0,62200.0,131,0.0,0.0
2025-03-25 13:38:00+09:00,62200.0,62300.0,62200.0,62300.0,1012,0.0,0.0
2025-03-25 13:39:00+09:00,62300.0,62400.0,62200.0,62300.0,303,0.0,0.0
2025-03-25 13:40:00+09:00,62300.0,62400.0,62200.0,62200.0,966,0.0,0.0
2025-03-25 13:41:00+09:00,62300.0,62300.0,62200.0,62200.0,623,0.0,0.0
2025-03-25 13:42:00+09:00,62300.0,62400.0,62200.0,62300.0,1030,0.0,0.0
2025-03-25 13:43:00+09:00,62300.0,62400.0,62300.0,62300.0,919,0.0,0.0
2025-03-25 13:44:00+09:00,62300.0,62400.0,62300.0,62300.0,293,0.0,0.0
2025-03-25 13:45:00+09:00,62400.0,62400.0,62300.0,62400.0,555,0.0,0.0
2025-03-25 13:46:00+09:00,62400.0,62400.0,62300.0,62400.0,294,0.0,0.0
2025-03-25 13:47:00+09:00,62300.0,62400.0,62300.0,62400.0,780,0.0,0.0
2025-03-25 13:48:00+09:00,62400.0,62400.0,62300.0,62400.0,606,0.0,0.0
2025-03-25 13:49:00+09:00,62400.0,62400.0,62300.0,62400.0,104,0.0,0.0
2025-03-25 13:50:00+09:00,62300.0,62400.0,62300.0,62400.0,680,0.0,0.0
2025-03-25 13:51:00+09:00,62300.0,62400.0,62300.0,62400.0,135,0.0,0.0
2025-03-25 13:52:00+09:00,62300.0,62400.0,62300.0,62400.0,925,0.0,0.0
2025-03-25 13:53:00+09:00,62300.0,62400.0,62300.0,62400.0,99,0.0,0.0
2025-03-25 13:54:00+09:00,62300.0,62400.0,62300.0,62400.0,589,0.0,0.0
2025-03-25 13:55:00+09:00,62300.0,62400.0,62300.0,62400.0,634,0.0,0.0
2025-03-25 13:56:00+09:00,62300.0,62400.0,62300.0,62400.0,199,0.0,0.0
2025-03-25 13:57:00+09:00,62300.0,62400.0,62300.0,62400.0,585,0.0,0.0
2025-03-25 13:58:00+09:00,62400.0,62400.0,62200.0,62200.0,1836,0.0,0.0
2025-03-25 13:59:00+09:00,62200.0,62400.0,62200.0,62300.0,1776,0.0,0.0
2025-03-25 14:00:00+09:00,62300.0,62400.0,62200.0,62300.0,884,0.0,0.0
2025-03-25 14:01:00+09:00,62400.0,62400.0,62300.0,62400.0,539,0.0,0.0
2025-03-25 14:02:00+09:00,62300.0,62400.0,62300.0,62300.0,601,0.0,0.0
2025-03-25 14:03:00+09:00,62400.0,62400.0,62300.0,62300.0,394,0.0,0.0
2025-03-25 14:04:00+09:00,62400.0,62400.0,62300.0,62400.0,934,0.0,0.0
2025-03-25 14:05:00+09:00,62300.0,62400.0,62300.0,62400.0,220,0.0,0.0
2025-03-25 14:06:00+09:00,62300.0,62400.0,62300.0,62400.0,850,0.0,0.0
2025-03-25 14:07:00+09:00,62300.0,62500.0,62300.0,62400.0,1945,0.0,0.0
2025-03-25 14:08:00+09:00,62300.0,62400.0,62300.0,62400.0,120,0.0,0.0
2025-03-25 14:09:00+09:00,62300.0,62400.0,62300.0,62400.0,664,0.0,0.0
2025-03-25 14:10:00+09:00,62300.0,62400.0,62300.0,62300.0,216,0.0,0.0
2025-03-25 14:11:00+09:00,62300.0,62400.0,62300.0,62300.0,697,0.0,0.0
2025-03-25 14:12:00+09:00,62400.0,62400.0,62300.0,62300.0,347,0.0,0.0
2025-03-25 14:13:00+09:00,62400.0,62500.0,62300.0,62500.0,1297,0.0,0.0
2025-03-25 14:14:00+09:00,62400.0,62500.0,62400.0,62500.0,753,0.0,0.0
2025-03-25 14:15:00+09:00,62400.0,62500.0,62400.0,62400.0,358,0.0,0.0
2025-03-25 14:16:00+09:00,62400.0,62500.0,62400.0,62500.0,1001,0.0,0.0
2025-03-25 14:17:00+09:00,62400.0,62500.0,62400.0,62400.0,302,0.0,0.0
2025-03-25 14:18:00+09:00,62400.0,62500.0,62400.0,62500.0,1207,0.0,0.0
2025-03-25 14:19:00+09:00,62400.0,62500.0,62300.0,62300.0,2772,0.0,0.0
2025-03-25 14:20:00+09:00,62300.0,62500.0,62300.0,62400.0,1753,0.0,0.0
2025-03-25 14:21:00+09:00,62450.0,62500.0,62300.0,62400.0,2060,0.0,0.0
2025-03-25 14:22:00+09:00,62400.0,62500.0,62400.0,62500.0,145,0.0,0.0
2025-03-25 14:23:00+09:00,62400.0,62500.0,62400.0,62400.0,727,0.0,0.0
2025-03-25 14:24:00+09:00,62500.0,62500.0,62300.0,62400.0,1258,0.0,0.0
2025-03-25 14:25:00+09:00,62300.0,62400.0,62300.0,62400.0,2857,0.0,0.0
2025-03-25 14:26:00+09:00,62300.0,62400.0,62300.0,62300.0,196,0.0,0.0
2025-03-25 14:27:00+09:00,62300.0,62500.0,62300.0,62400.0,1067,0.0,0.0
2025-03-25 14:28:00+09:00,62500.0,62500.0,62400.0,62500.0,1216,0.0,0.0
2025-03-25 14:29:00+09:00,62400.0,62500.0,62400.0,62500.0,747,0.0,0.0
2025-03-25 14:30:00+09:00,62400.0,62500.0,62300.0,62300.0,2102,0.0,0.0
2025-03-25 14:31:00+09:00,62300.0,62400.0,62300.0,62400.0,292,0.0,0.0
2025-03-25 14:32:00+09:00,62300.0,62400.0,62300.0,62400.0,804,0.0,0.0
2025-03-25 14:33:00+09:00,62300.0,62400.0,62300.0,62400.0,311,0.0,0.0
2025-03-25 14:34:00+09:00,62400.0,62400.0,62300.0,62400.0,1597,0.0,0.0
2025-03-25 14:35:00+09:00,62300.0,62500.0,62300.0,62400.0,646,0.0,0.0
2025-03-25 14:36:00+09:00,62400.0,62500.0,62300.0,62500.0,2075,0.0,0.0
2025-03-25 14:37:00+09:00,62400.0,62500.0,62400.0,62500.0,995,0.0,0.0
2025-03-25 14:38:00+09:00,62500.0,62500.0,62400.0,62400.0,254,0.0,0.0
2025-03-25 14:39:00+09:00,62400.0,62500.0,62400.0,62400.0,1354,0.0,0.0
2025-03-25 14:40:00+09:00,62500.0,62500.0,62400.0,62400.0,2446,0.0,0.0
2025-03-25 14:41:00+09:00,62400.0,62500.0,62400.0,62400.0,465,0.0,0.0
2025-03-25 14:42:00+09:00,62400.0,62500.0,62400.0,62500.0,1349,0.0,0.0
2025-03-25 14:43:00+09:00,62400.0,62500.0,62400.0,62500.0,347,0.0,0.0
2025-03-25 14:44:00+09:00,62400.0,62500.0,62400.0,62500.0,818,0.0,0.0
2025-03-25 14:45:00+09:00,62400.0,62500.0,62400.0,62400.0,394,0.0,0.0
2025-03-25 14:46:00+09:00,62400.0,62500.0,62400.0,62400.0,918,0.0,0.0
2025-03-25 14:47:00+09:00,62500.0,62500.0,62400.0,62500.0,1645,0.0,0.0
2025-03-25 14:48:00+09:00,62500.0,62600.0,62500.0,62500.0,767,0.0,0.0
2025-03-25 14:49:00+09:00,62500.0,62600.0,62500.0,62500.0,850,0.0,0.0
2025-03-25 14:50:00+09:00,62500.0,62600.0,62400.0,62600.0,2334,0.0,0.0
2025-03-25 14:51:00+09:00,62500.0,62600.0,62500.0,62600.0,720,0.0,0.0
2025-03-25 14:52:00+09:00,62500.0,62600.0,62500.0,62600.0,662,0.0,0.0
2025-03-25 14:53:00+09:00,62600.0,62600.0,62500.0,62500.0,1449,0.0,0.0
2025-03-25 14:54:00+09:00,62500.0,62600.0,62500.0,62500.0,238,0.0,0.0
2025-03-25 14:55:00+09:00,62500.0,62600.0,62500.0,62500.0,404,0.0,0.0
2025-03-25 14:56:00+09:00,62500.0,62600.0,62500.0,62500.0,629,0.0,0.0
2025-03-25 14:57:00+09:00,62600.0,62600.0,62400.0,62400.0,2139,0.0,0.0
2025-03-25 14:58:00+09:00,62400.0,62500.0,62400.0,62400.0,451,0.0,0.0
2025-03-25 14:59:00+09:00,62400.0,62500.0,62400.0,62500.0,471,0.0,0.0
2025-03-26 09:00:00+09:00,63200.0,63200.0,62600.0,62600.0,22367,0.0,0.0
2025-03-26 09:01:00+09:00,62600.0,62800.0,62500.0,62600.0,3412,0.0,0.0
2025-03-26 09:02:00+09:00,62700.0,62800.0,62600.0,62700.0,1382,0.0,0.0
2025-03-26 09:03:00+09:00,62600.0,62800.0,62600.0,62800.0,2482,0.0,0.0
2025-03-26 09:04:00+09:00,62800.0,62800.0,62600.0,62600.0,2864,0.0,0.0
2025-03-26 09:05:00+09:00,62600.0,62600.0,62400.0,62500.0,3711,0.0,0.0
2025-03-26 09:06:00+09:00,62400.0,62600.0,62300.0,62500.0,4210,0.0,0.0
2025-03-26 09:07:00+09:00,62500.0,62700.0,62500.0,62700.0,1777,0.0,0.0
2025-03-26 09:08:00+09:00,62700.0,62700.0,62500.0,62600.0,712,0.0,0.0
2025-03-26 09:09:00+09:00,62500.0,62600.0,62500.0,62500.0,144,0.0,0.0
2025-03-26 09:10:00+09:00,62500.0,62600.0,62500.0,62500.0,514,0.0,0.0
2025-03-26 09:11:00+09:00,62500.0,62600.0,62400.0,62400.0,2610,0.0,0.0
2025-03-26 09:12:00+09:00,62400.0,62600.0,62400.0,62600.0,2053,0.0,0.0
2025-03-26 09:13:00+09:00,62500.0,62600.0,62500.0,62500.0,435,0.0,0.0
2025-03-26 09:14:00+09:00,62500.0,62600.0,62500.0,62600.0,355,0.0,0.0
2025-03-26 09:15:00+09:00,62500.0,62600.0,62500.0,62600.0,1016,0.0,0.0
2025-03-26 09:16:00+09:00,62500.0,62600.0,62400.0,62500.0,1452,0.0,0.0
2025-03-26 09:17:00+09:00,62450.0,62500.0,62400.0,62500.0,466,0.0,0.0
2025-03-26 09:18:00+09:00,62500.0,62600.0,62400.0,62500.0,2117,0.0,0.0
2025-03-26 09:19:00+09:00,62600.0,62600.0,62500.0,62500.0,1031,0.0,0.0
2025-03-26 09:20:00+09:00,62600.0,62600.0,62500.0,62600.0,1068,0.0,0.0
2025-03-26 09:21:00+09:00,62600.0,62700.0,62400.0,62550.0,11086,0.0,0.0
2025-03-26 09:22:00+09:00,62500.0,62600.0,62500.0,62600.0,1884,0.0,0.0
2025-03-26 09:23:00+09:00,62600.0,62700.0,62500.0,62500.0,234,0.0,0.0
2025-03-26 09:24:00+09:00,62600.0,62600.0,62500.0,62600.0,468,0.0,0.0
2025-03-26 09:25:00+09:00,62600.0,62600.0,62400.0,62400.0,2529,0.0,0.0
2025-03-26 09:26:00+09:00,62400.0,62500.0,62300.0,62300.0,2622,0.0,0.0
2025-03-26 09:27:00+09:00,62300.0,62400.0,62300.0,62300.0,417,0.0,0.0
2025-03-26 09:28:00+09:00,62300.0,62400.0,62300.0,62300.0,480,0.0,0.0
2025-03-26 09:29:00+09:00,62400.0,62400.0,62300.0,62300.0,1105,0.0,0.0
2025-03-26 09:30:00+09:00,62400.0,62500.0,62200.0,62500.0,2934,0.0,0.0
2025-03-26 09:31:00+09:00,62500.0,62500.0,62400.0,62500.0,220,0.0,0.0
2025-03-26 09:32:00+09:00,62500.0,62500.0,62300.0,62300.0,1062,0.0,0.0
2025-03-26 09:33:00+09:00,62400.0,62450.0,62300.0,62400.0,726,0.0,0.0
2025-03-26 09:34:00+09:00,62400.0,62500.0,62300.0,62400.0,289,0.0,0.0
2025-03-26 09:35:00+09:00,62400.0,62500.0,62300.0,62400.0,890,0.0,0.0
2025-03-26 09:36:00+09:00,62400.0,62450.0,62300.0,62400.0,1230,0.0,0.0
2025-03-26 09:37:00+09:00,62400.0,62400.0,62200.0,62200.0,1846,0.0,0.0
2025-03-26 09:38:00+09:00,62300.0,62400.0,62200.0,62300.0,3579,0.0,0.0
2025-03-26 09:39:00+09:00,62300.0,62400.0,62300.0,62300.0,1031,0.0,0.0
2025-03-26 09:40:00+09:00,62400.0,62500.0,62300.0,62400.0,2444,0.0,0.0
2025-03-26 09:41:00+09:00,62300.0,62400.0,62300.0,62300.0,3780,0.0,0.0
2025-03-26 09:42:00+09:00,62300.0,62400.0,62200.0,62250.0,1266,0.0,0.0
2025-03-26 09:43:00+09:00,62250.0,62300.0,62200.0,62300.0,798,0.0,0.0
2025-03-26 09:44:00+09:00,62300.0,62300.0,62200.0,62200.0,234,0.0,0.0
2025-03-26 09:45:00+09:00,62200.0,62300.0,62200.0,62200.0,300,0.0,0.0
2025-03-26 09:46:00+09:00,62200.0,62300.0,62200.0,62200.0,1244,0.0,0.0
2025-03-26 09:47:00+09:00,62200.0,62300.0,62200.0,62200.0,825,0.0,0.0
2025-03-26 09:48:00+09:00,62200.0,62300.0,62200.0,62200.0,319,0.0,0.0
2025-03-26 09:49:00+09:00,62200.0,62300.0,62100.0,62300.0,3060,0.0,0.0
2025-03-26 09:50:00+09:00,62100.0,62300.0,62100.0,62200.0,856,0.0,0.0
2025-03-26 09:51:00+09:00,62200.0,62300.0,62200.0,62200.0,173,0.0,0.0
2025-03-26 09:52:00+09:00,62200.0,62400.0,62200.0,62300.0,281,0.0,0.0
2025-03-26 09:53:00+09:00,62300.0,62400.0,62300.0,62300.0,105,0.0,0.0
2025-03-26 09:54:00+09:00,62400.0,62400.0,62200.0,62200.0,1970,0.0,0.0
2025-03-26 09:55:00+09:00,62200.0,62300.0,62200.0,62200.0,124,0.0,0.0
2025-03-26 09:56:00+09:00,62200.0,62300.0,62200.0,62200.0,563,0.0,0.0
2025-03-26 09:57:00+09:00,62200.0,62400.0,62200.0,62400.0,39,0.0,0.0
2025-03-26 09:58:00+09:00,62300.0,62400.0,62300.0,62300.0,809,0.0,0.0
2025-03-26 09:59:00+09:00,62300.0,62400.0,62300.0,62300.0,249,0.0,0.0
2025-03-26 10:00:00+09:00,62400.0,62500.0,62300.0,62300.0,3259,0.0,0.0
2025-03-26 10:01:00+09:00,62400.0,62500.0,62300.0,62400.0,425,0.0,0.0
2025-03-26 10:02:00+09:00,62500.0,62500.0,62400.0,62400.0,98,0.0,0.0
2025-03-26 10:03:00+09:00,62400.0,62500.0,62400.0,62500.0,195,0.0,0.0
2025-03-26 10:04:00+09:00,62500.0,62500.0,62400.0,62400.0,197,0.0,0.0
2025-03-26 10:05:00+09:00,62500.0,62500.0,62400.0,62400.0,625,0.0,0.0
2025-03-26 10:06:00+09:00,62400.0,62500.0,62400.0,62500.0,264,0.0,0.0
2025-03-26 10:07:00+09:00,62400.0,62500.0,62400.0,62400.0,122,0.0,0.0
2025-03-26 10:08:00+09:00,62500.0,62500.0,62400.0,62500.0,804,0.0,0.0
2025-03-26 10:09:00+09:00,62500.0,62500.0,62400.0,62400.0,199,0.0,0.0
2025-03-26 10:10:00+09:00,62400.0,62500.0,62400.0,62500.0,551,0.0,0.0
2025-03-26 10:11:00+09:00,62500.0,62500.0,62400.0,62400.0,507,0.0,0.0
2025-03-26 10:12:00+09:00,62500.0,62500.0,62400.0,62500.0,793,0.0,0.0
2025-03-26 10:13:00+09:00,62400.0,62500.0,62400.0,62500.0,177,0.0,0.0
2025-03-26 10:14:00+09:00,62500.0,62500.0,62400.0,62500.0,243,0.0,0.0
2025-03-26 10:15:00+09:00,62400.0,62500.0,62400.0,62400.0,732,0.0,0.0
2025-03-26 10:16:00+09:00,62400.0,62500.0,62400.0,62400.0,2443,0.0,0.0
2025-03-26 10:17:00+09:00,62300.0,62500.0,62300.0,62500.0,1542,0.0,0.0
2025-03-26 10:18:00+09:00,62400.0,62500.0,62400.0,62500.0,185,0.0,0.0
2025-03-26 10:19:00+09:00,62500.0,62500.0,62300.0,62400.0,910,0.0,0.0
2025-03-26 10:20:00+09:00,62300.0,62500.0,62300.0,62400.0,371,0.0,0.0
2025-03-26 10:21:00+09:00,62400.0,62500.0,62300.0,62400.0,271,0.0,0.0
2025-03-26 10:22:00+09:00,62300.0,62500.0,62300.0,62400.0,310,0.0,0.0
2025-03-26 10:23:00+09:00,62400.0,62500.0,62300.0,62400.0,1651,0.0,0.0
2025-03-26 10:24:00+09:00,62400.0,62500.0,62300.0,62300.0,506,0.0,0.0
2025-03-26 10:25:00+09:00,62300.0,62400.0,62300.0,62300.0,1477,0.0,0.0
2025-03-26 10:26:00+09:00,62300.0,62400.0,62300.0,62300.0,937,0.0,0.0
2025-03-26 10:27:00+09:00,62300.0,62400.0,62300.0,62300.0,257,0.0,0.0
2025-03-26 10:28:00+09:00,62300.0,62400.0,62300.0,62400.0,282,0.0,0.0
2025-03-26 10:29:00+09:00,62400.0,62400.0,62200.0,62200.0,1298,0.0,0.0
2025-03-26 10:30:00+09:00,62200.0,62300.0,62200.0,62200.0,712,0.0,0.0
2025-03-26 10:31:00+09:00,62300.0,62400.0,62200.0,62400.0,1246,0.0,0.0
2025-03-26 10:32:00+09:00,62400.0,62500.0,62200.0,62300.0,1978,0.0,0.0
2025-03-26 10:33:00+09:00,62300.0,62400.0,62300.0,62400.0,653,0.0,0.0
2025-03-26 10:34:00+09:00,62300.0,62400.0,62300.0,62400.0,60,0.0,0.0
2025-03-26 10:35:00+09:00,62400.0,62400.0,62300.0,62300.0,253,0.0,0.0
2025-03-26 10:36:00+09:00,62300.0,62400.0,62300.0,62400.0,269,0.0,0.0
2025-03-26 10:37:00+09:00,62400.0,62400.0,62300.0,62400.0,785,0.0,0.0
2025-03-26 10:38:00+09:00,62300.0,62400.0,62300.0,62300.0,153,0.0,0.0
2025-03-26 10:39:00+09:00,62300.0,62300.0,62200.0,62200.0,1604,0.0,0.0
2025-03-26 10:40:00+09:00,62300.0,62300.0,62200.0,62200.0,146,0.0,0.0
2025-03-26 10:41:00+09:00,62300.0,62300.0,62100.0,62200.0,2954,0.0,0.0
2025-03-26 10:42:00+09:00,62300.0,62400.0,62200.0,62200.0,214,0.0,0.0
2025-03-26 10:43:00+09:00,62200.0,62400.0,62200.0,62300.0,501,0.0,0.0
2025-03-26 10:44:00+09:00,62200.0,62400.0,62200.0,62400.0,714,0.0,0.0
2025-03-26 10:45:00+09:00,62400.0,62500.0,62300.0,62400.0,1622,0.0,0.0
2025-03-26 10:46:00+09:00,62300.0,62500.0,62300.0,62300.0,8320,0.0,0.0
2025-03-26 10:47:00+09:00,62400.0,62400.0,62250.0,62300.0,7925,0.0,0.0
2025-03-26 10:48:00+09:00,62200.0,62300.0,62200.0,62300.0,0,0.0,0.0
2025-03-26 10:49:00+09:00,62300.0,62300.0,62200.0,62300.0,64,0.0,0.0
2025-03-26 10:50:00+09:00,62300.0,62300.0,62200.0,62200.0,144,0.0,0.0
2025-03-26 10:51:00+09:00,62250.0,62400.0,62150.0,62400.0,11342,0.0,0.0
2025-03-26 10:52:00+09:00,62300.0,62400.0,62300.0,62400.0,156,0.0,0.0
2025-03-26 10:53:00+09:00,62400.0,62400.0,62300.0,62400.0,123,0.0,0.0
2025-03-26 10:54:00+09:00,62400.0,62400.0,62300.0,62400.0,340,0.0,0.0
2025-03-26 10:55:00+09:00,62400.0,62400.0,62300.0,62300.0,789,0.0,0.0
2025-03-26 10:56:00+09:00,62400.0,62400.0,62300.0,62300.0,64,0.0,0.0
2025-03-26 10:57:00+09:00,62300.0,62400.0,62200.0,62200.0,1455,0.0,0.0
2025-03-26 10:58:00+09:00,62300.0,62300.0,62200.0,62200.0,635,0.0,0.0
2025-03-26 10:59:00+09:00,62200.0,62300.0,62200.0,62200.0,174,0.0,0.0
2025-03-26 11:00:00+09:00,62300.0,62300.0,62200.0,62300.0,384,0.0,0.0
2025-03-26 11:01:00+09:00,62200.0,62300.0,62200.0,62300.0,24,0.0,0.0
2025-03-26 11:02:00+09:00,62300.0,62300.0,62200.0,62300.0,763,0.0,0.0
2025-03-26 11:03:00+09:00,62200.0,62300.0,62200.0,62200.0,127,0.0,0.0
2025-03-26 11:04:00+09:00,62300.0,62300.0,62100.0,62200.0,3052,0.0,0.0
2025-03-26 11:05:00+09:00,62200.0,62300.0,62200.0,62300.0,54,0.0,0.0
2025-03-26 11:06:00+09:00,62200.0,62300.0,62100.0,62200.0,909,0.0,0.0
2025-03-26 11:07:00+09:00,62100.0,62200.0,62100.0,62100.0,855,0.0,0.0
2025-03-26 11:08:00+09:00,62100.0,62300.0,62100.0,62300.0,1409,0.0,0.0
2025-03-26 11:09:00+09:00,62200.0,62200.0,62100.0,62200.0,1187,0.0,0.0
2025-03-26 11:10:00+09:00,62100.0,62200.0,62100.0,62200.0,327,0.0,0.0
2025-03-26 11:11:00+09:00,62200.0,62300.0,62100.0,62200.0,781,0.0,0.0
2025-03-26 11:12:00+09:00,62150.0,62200.0,62100.0,62200.0,95,0.0,0.0
2025-03-26 11:13:00+09:00,62200.0,62200.0,62100.0,62200.0,816,0.0,0.0
2025-03-26 11:14:00+09:00,62100.0,62200.0,62100.0,62200.0,252,0.0,0.0
2025-03-26 11:15:00+09:00,62100.0,62200.0,62100.0,62100.0,146,0.0,0.0
2025-03-26 11:16:00+09:00,62200.0,62200.0,62000.0,62000.0,5938,0.0,0.0
2025-03-26 11:17:00+09:00,62100.0,62100.0,62000.0,62000.0,837,0.0,0.0
2025-03-26 11:18:00+09:00,62000.0,62100.0,62000.0,62000.0,319,0.0,0.0
2025-03-26 11:19:00+09:00,62100.0,62200.0,62000.0,62100.0,1450,0.0,0.0
2025-03-26 11:20:00+09:00,62200.0,62200.0,62100.0,62200.0,673,0.0,0.0
2025-03-26 11:21:00+09:00,62200.0,62200.0,62100.0,62100.0,86,0.0,0.0
2025-03-26 11:22:00+09:00,62100.0,62200.0,62100.0,62100.0,144,0.0,0.0
2025-03-26 11:23:00+09:00,62100.0,62200.0,61900.0,62100.0,3794,0.0,0.0
2025-03-26 11:24:00+09:00,62000.0,62100.0,62000.0,62000.0,129,0.0,0.0
2025-03-26 11:25:00+09:00,62050.0,62100.0,62000.0,62100.0,44,0.0,0.0
2025-03-26 11:26:00+09:00,62100.0,62100.0,62000.0,62100.0,283,0.0,0.0
2025-03-26 11:27:00+09:00,62100.0,62100.0,62000.0,62100.0,1289,0.0,0.0
2025-03-26 11:28:00+09:00,62000.0,62100.0,62000.0,62000.0,265,0.0,0.0
2025-03-26 11:29:00+09:00,62100.0,62100.0,62000.0,62100.0,75,0.0,0.0
2025-03-26 11:30:00+09:00,62000.0,62100.0,62000.0,62100.0,170,0.0,0.0
2025-03-26 11:31:00+09:00,62000.0,62200.0,62000.0,62000.0,1167,0.0,0.0
2025-03-26 11:32:00+09:00,62000.0,62100.0,62000.0,62100.0,62,0.0,0.0
2025-03-26 11:33:00+09:00,62100.0,62100.0,62000.0,62100.0,106,0.0,0.0
2025-03-26 11:34:00+09:00,62100.0,62100.0,62000.0,62000.0,612,0.0,0.0
2025-03-26 11:35:00+09:00,62000.0,62100.0,62000.0,62000.0,457,0.0,0.0
2025-03-26 11:36:00+09:00,62100.0,62100.0,62000.0,62000.0,287,0.0,0.0
2025-03-26 11:37:00+09:00,62100.0,62100.0,62000.0,62000.0,232,0.0,0.0
2025-03-26 11:38:00+09:00,62000.0,62100.0,62000.0,62000.0,746,0.0,0.0
2025-03-26 11:39:00+09:00,62100.0,62100.0,62000.0,62100.0,206,0.0,0.0
2025-03-26 11:40:00+09:00,62100.0,62100.0,62000.0,62100.0,290,0.0,0.0
2025-03-26 11:41:00+09:00,62000.0,62100.0,62000.0,62100.0,1398,0.0,0.0
2025-03-26 11:42:00+09:00,62000.0,62100.0,62000.0,62000.0,571,0.0,0.0
2025-03-26 11:43:00+09:00,62000.0,62100.0,61900.0,61900.0,3592,0.0,0.0
2025-03-26 11:44:00+09:00,61900.0,62000.0,61900.0,61900.0,124,0.0,0.0
2025-03-26 11:45:00+09:00,61900.0,62000.0,61900.0,61900.0,711,0.0,0.0
2025-03-26 11:46:00+09:00,61900.0,62000.0,61900.0,61900.0,109,0.0,0.0
2025-03-26 11:47:00+09:00,61900.0,62000.0,61900.0,61900.0,144,0.0,0.0
2025-03-26 11:48:00+09:00,62000.0,62000.0,61900.0,62000.0,1756,0.0,0.0
2025-03-26 11:49:00+09:00,61900.0,62000.0,61900.0,62000.0,200,0.0,0.0
2025-03-26 11:50:00+09:00,61900.0,62000.0,61900.0,62000.0,1895,0.0,0.0
2025-03-26 11:51:00+09:00,62000.0,62000.0,61900.0,62000.0,138,0.0,0.0
2025-03-26 11:52:00+09:00,61900.0,62000.0,61900.0,62000.0,711,0.0,0.0
2025-03-26 11:53:00+09:00,62000.0,62000.0,61900.0,62000.0,376,0.0,0.0
2025-03-26 11:54:00+09:00,61900.0,62000.0,61900.0,62000.0,193,0.0,0.0
2025-03-26 11:55:00+09:00,61900.0,62000.0,61900.0,62000.0,439,0.0,0.0
2025-03-26 11:56:00+09:00,62000.0,62000.0,61900.0,62000.0,799,0.0,0.0
2025-03-26 11:57:00+09:00,62000.0,62000.0,61900.0,62000.0,399,0.0,0.0
2025-03-26 11:58:00+09:00,62000.0,62000.0,61900.0,62000.0,194,0.0,0.0
2025-03-26 11:59:00+09:00,62000.0,62000.0,61900.0,62000.0,751,0.0,0.0
2025-03-26 12:00:00+09:00,62000.0,62000.0,61900.0,61900.0,619,0.0,0.0
2025-03-26 12:01:00+09:00,62000.0,62000.0,61900.0,62000.0,308,0.0,0.0
2025-03-26 12:02:00+09:00,62000.0,62000.0,61900.0,62000.0,269,0.0,0.0
2025-03-26 12:03:00+09:00,61900.0,62000.0,61700.0,61700.0,9636,0.0,0.0
2025-03-26 12:04:00+09:00,61700.0,61800.0,61700.0,61800.0,931,0.0,0.0
2025-03-26 12:05:00+09:00,61800.0,61900.0,61700.0,61800.0,3994,0.0,0.0
2025-03-26 12:06:00+09:00,61800.0,61800.0,61700.0,61700.0,1584,0.0,0.0
2025-03-26 12:07:00+09:00,61700.0,61800.0,61700.0,61700.0,92,0.0,0.0
2025-03-26 12:08:00+09:00,61800.0,61800.0,61700.0,61800.0,196,0.0,0.0
2025-03-26 12:09:00+09:00,61800.0,61900.0,61700.0,61800.0,234,0.0,0.0
2025-03-26 12:10:00+09:00,61900.0,61900.0,61800.0,61900.0,618,0.0,0.0
2025-03-26 12:11:00+09:00,61800.0,61900.0,61800.0,61900.0,204,0.0,0.0
2025-03-26 12:12:00+09:00,61800.0,61900.0,61800.0,61800.0,128,0.0,0.0
2025-03-26 12:13:00+09:00,61800.0,61850.0,61800.0,61800.0,145,0.0,0.0
2025-03-26 12:14:00+09:00,61900.0,61900.0,61800.0,61800.0,595,0.0,0.0
2025-03-26 12:15:00+09:00,61800.0,61900.0,61800.0,61800.0,73,0.0,0.0
2025-03-26 12:16:00+09:00,61900.0,61900.0,61800.0,61800.0,157,0.0,0.0
2025-03-26 12:17:00+09:00,61900.0,61900.0,61800.0,61800.0,560,0.0,0.0
2025-03-26 12:18:00+09:00,61800.0,61900.0,61800.0,61900.0,231,0.0,0.0
2025-03-26 12:19:00+09:00,61800.0,61900.0,61800.0,61800.0,422,0.0,0.0
2025-03-26 12:20:00+09:00,61800.0,61900.0,61800.0,61900.0,154,0.0,0.0
2025-03-26 12:21:00+09:00,61900.0,61900.0,61800.0,61800.0,784,0.0,0.0
2025-03-26 12:22:00+09:00,61800.0,61900.0,61800.0,61800.0,205,0.0,0.0
2025-03-26 12:23:00+09:00,61800.0,61900.0,61800.0,61900.0,535,0.0,0.0
2025-03-26 12:24:00+09:00,61800.0,61900.0,61800.0,61900.0,665,0.0,0.0
2025-03-26 12:25:00+09:00,61800.0,61900.0,61800.0,61800.0,163,0.0,0.0
2025-03-26 12:26:00+09:00,61800.0,61900.0,61800.0,61800.0,578,0.0,0.0
2025-03-26 12:27:00+09:00,61900.0,61900.0,61800.0,61800.0,159,0.0,0.0
2025-03-26 12:28:00+09:00,61800.0,61900.0,61800.0,61800.0,1785,0.0,0.0
2025-03-26 12:29:00+09:00,61800.0,61900.0,61800.0,61800.0,189,0.0,0.0
2025-03-26 12:30:00+09:00,61800.0,61900.0,61800.0,61800.0,137,0.0,0.0
2025-03-26 12:31:00+09:00,61900.0,61900.0,61800.0,61800.0,601,0.0,0.0
2025-03-26 12:32:00+09:00,61800.0,61900.0,61800.0,61900.0,128,0.0,0.0
2025-03-26 12:33:00+09:00,61800.0,61850.0,61800.0,61800.0,62,0.0,0.0
2025-03-26 12:34:00+09:00,61850.0,61900.0,61800.0,61800.0,113,0.0,0.0
2025-03-26 12:35:00+09:00,61800.0,61900.0,61800.0,61800.0,575,0.0,0.0
2025-03-26 12:36:00+09:00,61900.0,61900.0,61800.0,61900.0,79,0.0,0.0
2025-03-26 12:37:00+09:00,61800.0,61900.0,61800.0,61900.0,198,0.0,0.0
2025-03-26 12:38:00+09:00,61800.0,61900.0,61800.0,61800.0,87,0.0,0.0
2025-03-26 12:39:00+09:00,61800.0,61900.0,61800.0,61800.0,613,0.0,0.0
2025-03-26 12:40:00+09:00,61900.0,61900.0,61800.0,61900.0,166,0.0,0.0
2025-03-26 12:41:00+09:00,61900.0,61900.0,61800.0,61900.0,111,0.0,0.0
2025-03-26 12:42:00+09:00,61800.0,61900.0,61800.0,61800.0,564,0.0,0.0
2025-03-26 12:43:00+09:00,61800.0,61900.0,61800.0,61800.0,433,0.0,0.0
2025-03-26 12:44:00+09:00,61900.0,61900.0,61800.0,61800.0,625,0.0,0.0
2025-03-26 12:45:00+09:00,61800.0,61900.0,61800.0,61900.0,7785,0.0,0.0
2025-03-26 12:46:00+09:00,61900.0,62000.0,61800.0,61900.0,931,0.0,0.0
2025-03-26 12:47:00+09:00,61950.0,62000.0,61900.0,61900.0,305,0.0,0.0
2025-03-26 12:48:00+09:00,62000.0,62000.0,61900.0,62000.0,483,0.0,0.0
2025-03-26 12:49:00+09:00,62000.0,62000.0,61900.0,62000.0,576,0.0,0.0
2025-03-26 12:50:00+09:00,61900.0,62000.0,61900.0,61900.0,72,0.0,0.0
2025-03-26 12:51:00+09:00,61900.0,62000.0,61900.0,61900.0,83,0.0,0.0
2025-03-26 12:52:00+09:00,61900.0,62000.0,61900.0,62000.0,133,0.0,0.0
2025-03-26 12:53:00+09:00,61900.0,62000.0,61900.0,61900.0,1109,0.0,0.0
2025-03-26 12:54:00+09:00,61900.0,62000.0,61900.0,62000.0,97,0.0,0.0
2025-03-26 12:55:00+09:00,61900.0,62000.0,61800.0,61800.0,975,0.0,0.0
2025-03-26 12:56:00+09:00,61800.0,61900.0,61800.0,61800.0,673,0.0,0.0
2025-03-26 12:57:00+09:00,61900.0,61900.0,61800.0,61800.0,241,0.0,0.0
2025-03-26 12:58:00+09:00,61900.0,61900.0,61800.0,61900.0,165,0.0,0.0
2025-03-26 12:59:00+09:00,61900.0,61900.0,61800.0,61800.0,193,0.0,0.0
2025-03-26 13:00:00+09:00,61900.0,61900.0,61800.0,61900.0,641,0.0,0.0
2025-03-26 13:01:00+09:00,61900.0,61900.0,61800.0,61900.0,164,0.0,0.0
2025-03-26 13:02:00+09:00,61900.0,61900.0,61800.0,61800.0,99,0.0,0.0
2025-03-26 13:03:00+09:00,61900.0,61900.0,61800.0,61800.0,82,0.0,0.0
2025-03-26 13:04:00+09:00,61800.0,61900.0,61800.0,61800.0,831,0.0,0.0
2025-03-26 13:05:00+09:00,61900.0,61900.0,61800.0,61800.0,152,0.0,0.0
2025-03-26 13:06:00+09:00,61800.0,61900.0,61800.0,61900.0,86,0.0,0.0
2025-03-26 13:07:00+09:00,61800.0,61900.0,61800.0,61800.0,778,0.0,0.0
2025-03-26 13:08:00+09:00,61800.0,61900.0,61800.0,61800.0,543,0.0,0.0
2025-03-26 13:09:00+09:00,61800.0,61900.0,61800.0,61800.0,88,0.0,0.0
2025-03-26 13:10:00+09:00,61900.0,61900.0,61800.0,61800.0,70,0.0,0.0
2025-03-26 13:11:00+09:00,61850.0,61900.0,61800.0,61800.0,732,0.0,0.0
2025-03-26 13:12:00+09:00,61800.0,61900.0,61800.0,61900.0,1010,0.0,0.0
2025-03-26 13:13:00+09:00,61900.0,62000.0,61900.0,61900.0,89,0.0,0.0
2025-03-26 13:14:00+09:00,61900.0,62000.0,61900.0,61900.0,1160,0.0,0.0
2025-03-26 13:15:00+09:00,61900.0,62000.0,61900.0,61900.0,149,0.0,0.0
2025-03-26 13:16:00+09:00,62000.0,62000.0,61900.0,62000.0,113,0.0,0.0
2025-03-26 13:17:00+09:00,62000.0,62000.0,61900.0,61900.0,169,0.0,0.0
2025-03-26 13:18:00+09:00,61950.0,62000.0,61900.0,61900.0,988,0.0,0.0
2025-03-26 13:19:00+09:00,61900.0,62000.0,61900.0,61900.0,109,0.0,0.0
2025-03-26 13:20:00+09:00,61900.0,62000.0,61800.0,61800.0,1120,0.0,0.0
2025-03-26 13:21:00+09:00,61800.0,61900.0,61800.0,61900.0,1184,0.0,0.0
2025-03-26 13:22:00+09:00,61800.0,61900.0,61800.0,61900.0,0,0.0,0.0
2025-03-26 13:23:00+09:00,61900.0,62000.0,61800.0,62000.0,108,0.0,0.0
2025-03-26 13:24:00+09:00,61900.0,62000.0,61900.0,61900.0,480,0.0,0.0
2025-03-26 13:25:00+09:00,61900.0,62000.0,61900.0,61900.0,1406,0.0,0.0
2025-03-26 13:26:00+09:00,61900.0,62000.0,61900.0,61900.0,870,0.0,0.0
2025-03-26 13:27:00+09:00,61900.0,62000.0,61900.0,62000.0,1030,0.0,0.0
2025-03-26 13:28:00+09:00,62000.0,62100.0,62000.0,62000.0,567,0.0,0.0
2025-03-26 13:29:00+09:00,62000.0,62100.0,62000.0,62000.0,581,0.0,0.0
2025-03-26 13:30:00+09:00,62000.0,62100.0,62000.0,62000.0,928,0.0,0.0
2025-03-26 13:31:00+09:00,62000.0,62100.0,62000.0,62000.0,568,0.0,0.0
2025-03-26 13:32:00+09:00,62000.0,62050.0,61900.0,62000.0,1453,0.0,0.0
2025-03-26 13:33:00+09:00,62000.0,62100.0,62000.0,62000.0,557,0.0,0.0
2025-03-26 13:34:00+09:00,62000.0,62100.0,61900.0,61900.0,424,0.0,0.0
2025-03-26 13:35:00+09:00,61950.0,62000.0,61900.0,61900.0,727,0.0,0.0
2025-03-26 13:36:00+09:00,61900.0,62000.0,61900.0,61900.0,1706,0.0,0.0
2025-03-26 13:37:00+09:00,61900.0,62000.0,61900.0,61900.0,438,0.0,0.0
2025-03-26 13:38:00+09:00,61900.0,61950.0,61800.0,61900.0,2475,0.0,0.0
2025-03-26 13:39:00+09:00,61800.0,61900.0,61800.0,61900.0,2234,0.0,0.0
2025-03-26 13:40:00+09:00,61900.0,62000.0,61800.0,61900.0,599,0.0,0.0
2025-03-26 13:41:00+09:00,61800.0,61900.0,61800.0,61900.0,399,0.0,0.0
2025-03-26 13:42:00+09:00,61800.0,61900.0,61800.0,61800.0,495,0.0,0.0
2025-03-26 13:43:00+09:00,61900.0,61900.0,61700.0,61800.0,3394,0.0,0.0
2025-03-26 13:44:00+09:00,61900.0,61900.0,61800.0,61800.0,2541,0.0,0.0
2025-03-26 13:45:00+09:00,61800.0,61900.0,61800.0,61800.0,1137,0.0,0.0
2025-03-26 13:46:00+09:00,61900.0,61900.0,61800.0,61800.0,529,0.0,0.0
2025-03-26 13:47:00+09:00,61800.0,61900.0,61800.0,61800.0,1906,0.0,0.0
2025-03-26 13:48:00+09:00,61800.0,61900.0,61800.0,61800.0,1227,0.0,0.0
2025-03-26 13:49:00+09:00,61900.0,61900.0,61800.0,61800.0,1505,0.0,0.0
2025-03-26 13:50:00+09:00,61800.0,61900.0,61800.0,61800.0,1424,0.0,0.0
2025-03-26 13:51:00+09:00,61800.0,61900.0,61800.0,61850.0,526,0.0,0.0
2025-03-26 13:52:00+09:00,61800.0,61900.0,61700.0,61800.0,904,0.0,0.0
2025-03-26 13:53:00+09:00,61700.0,61800.0,61700.0,61700.0,604,0.0,0.0
2025-03-26 13:54:00+09:00,61700.0,61900.0,61700.0,61800.0,2369,0.0,0.0
2025-03-26 13:55:00+09:00,61800.0,61900.0,61800.0,61800.0,554,0.0,0.0
2025-03-26 13:56:00+09:00,61800.0,61900.0,61800.0,61800.0,886,0.0,0.0
2025-03-26 13:57:00+09:00,61800.0,61900.0,61800.0,61900.0,1491,0.0,0.0
2025-03-26 13:58:00+09:00,61800.0,61900.0,61800.0,61850.0,469,0.0,0.0
2025-03-26 13:59:00+09:00,61800.0,61900.0,61800.0,61800.0,611,0.0,0.0
2025-03-26 14:00:00+09:00,61800.0,61900.0,61800.0,61800.0,460,0.0,0.0
2025-03-26 14:01:00+09:00,61900.0,62000.0,61800.0,61900.0,1428,0.0,0.0
2025-03-26 14:02:00+09:00,61900.0,62000.0,61900.0,61900.0,402,0.0,0.0
2025-03-26 14:03:00+09:00,61950.0,62000.0,61900.0,61900.0,1611,0.0,0.0
2025-03-26 14:04:00+09:00,61900.0,62000.0,61800.0,61900.0,831,0.0,0.0
2025-03-26 14:05:00+09:00,62000.0,62000.0,61800.0,61800.0,1651,0.0,0.0
2025-03-26 14:06:00+09:00,61800.0,61900.0,61800.0,61800.0,825,0.0,0.0
2025-03-26 14:07:00+09:00,61800.0,61900.0,61800.0,61900.0,275,0.0,0.0
2025-03-26 14:08:00+09:00,61850.0,61900.0,61800.0,61800.0,776,0.0,0.0
2025-03-26 14:09:00+09:00,61850.0,61900.0,61800.0,61800.0,293,0.0,0.0
2025-03-26 14:10:00+09:00,61900.0,61900.0,61800.0,61900.0,678,0.0,0.0
2025-03-26 14:11:00+09:00,61800.0,61900.0,61800.0,61900.0,1247,0.0,0.0
2025-03-26 14:12:00+09:00,61900.0,61900.0,61800.0,61900.0,837,0.0,0.0
2025-03-26 14:13:00+09:00,61900.0,61900.0,61800.0,61800.0,894,0.0,0.0
2025-03-26 14:14:00+09:00,61800.0,61900.0,61800.0,61800.0,303,0.0,0.0
2025-03-26 14:15:00+09:00,61800.0,61900.0,61800.0,61800.0,1020,0.0,0.0
2025-03-26 14:16:00+09:00,61900.0,61900.0,61800.0,61800.0,456,0.0,0.0
2025-03-26 14:17:00+09:00,61900.0,61900.0,61800.0,61800.0,1132,0.0,0.0
2025-03-26 14:18:00+09:00,61800.0,61900.0,61700.0,61800.0,2440,0.0,0.0
2025-03-26 14:19:00+09:00,61800.0,61900.0,61700.0,61800.0,812,0.0,0.0
2025-03-26 14:20:00+09:00,61800.0,61900.0,61800.0,61800.0,368,0.0,0.0
2025-03-26 14:21:00+09:00,61900.0,61900.0,61800.0,61800.0,486,0.0,0.0
2025-03-26 14:22:00+09:00,61900.0,61900.0,61800.0,61800.0,1233,0.0,0.0
2025-03-26 14:23:00+09:00,61800.0,62000.0,61800.0,61900.0,1171,0.0,0.0
2025-03-26 14:24:00+09:00,61900.0,62000.0,61800.0,61900.0,370,0.0,0.0
2025-03-26 14:25:00+09:00,61800.0,61900.0,61800.0,61800.0,351,0.0,0.0
2025-03-26 14:26:00+09:00,61850.0,61900.0,61800.0,61800.0,1528,0.0,0.0
2025-03-26 14:27:00+09:00,61800.0,61900.0,61800.0,61800.0,394,0.0,0.0
2025-03-26 14:28:00+09:00,61800.0,61900.0,61800.0,61800.0,328,0.0,0.0
2025-03-26 14:29:00+09:00,61800.0,61900.0,61800.0,61800.0,821,0.0,0.0
2025-03-26 14:30:00+09:00,61800.0,62000.0,61800.0,61800.0,1600,0.0,0.0
2025-03-26 14:31:00+09:00,61900.0,62000.0,61900.0,61900.0,293,0.0,0.0
2025-03-26 14:32:00+09:00,61900.0,62000.0,61800.0,61800.0,462,0.0,0.0
2025-03-26 14:33:00+09:00,61850.0,62000.0,61800.0,61900.0,414,0.0,0.0
2025-03-26 14:34:00+09:00,62000.0,62000.0,61800.0,61800.0,694,0.0,0.0
2025-03-26 14:35:00+09:00,61800.0,61900.0,61800.0,61800.0,349,0.0,0.0
2025-03-26 14:36:00+09:00,61900.0,61900.0,61800.0,61800.0,346,0.0,0.0
2025-03-26 14:37:00+09:00,61800.0,61900.0,61800.0,61900.0,890,0.0,0.0
2025-03-26 14:38:00+09:00,61900.0,61900.0,61800.0,61800.0,1242,0.0,0.0
2025-03-26 14:39:00+09:00,61800.0,61900.0,61800.0,61800.0,756,0.0,0.0
2025-03-26 14:40:00+09:00,61800.0,61900.0,61800.0,61800.0,913,0.0,0.0
2025-03-26 14:41:00+09:00,61900.0,62000.0,61800.0,61900.0,489,0.0,0.0
2025-03-26 14:42:00+09:00,62000.0,62000.0,61900.0,61900.0,561,0.0,0.0
2025-03-26 14:43:00+09:00,61900.0,62000.0,61900.0,62000.0,407,0.0,0.0
2025-03-26 14:44:00+09:00,61900.0,62000.0,61900.0,61900.0,811,0.0,0.0
2025-03-26 14:45:00+09:00,61900.0,62000.0,61900.0,61900.0,370,0.0,0.0
2025-03-26 14:46:00+09:00,61900.0,62000.0,61900.0,61900.0,458,0.0,0.0
2025-03-26 14:47:00+09:00,61900.0,62000.0,61900.0,62000.0,833,0.0,0.0
2025-03-26 14:48:00+09:00,61900.0,62000.0,61900.0,61900.0,1031,0.0,0.0
2025-03-26 14:49:00+09:00,61950.0,62000.0,61800.0,61900.0,900,0.0,0.0
2025-03-26 14:50:00+09:00,61850.0,62000.0,61800.0,61900.0,487,0.0,0.0
2025-03-26 14:51:00+09:00,61900.0,62000.0,61800.0,61900.0,632,0.0,0.0
2025-03-26 14:52:00+09:00,61900.0,62000.0,61900.0,61900.0,593,0.0,0.0
2025-03-26 14:53:00+09:00,61900.0,62000.0,61900.0,61900.0,628,0.0,0.0
2025-03-26 14:54:00+09:00,61900.0,62000.0,61900.0,61900.0,517,0.0,0.0
2025-03-26 14:55:00+09:00,62000.0,62000.0,61900.0,61900.0,622,0.0,0.0
2025-03-26 14:56:00+09:00,61900.0,62000.0,61900.0,61900.0,664,0.0,0.0
2025-03-26 14:57:00+09:00,61900.0,62000.0,61800.0,61800.0,1386,0.0,0.0
2025-03-26 14:58:00+09:00,61800.0,62000.0,61800.0,62000.0,1353,0.0,0.0
2025-03-26 14:59:00+09:00,61900.0,62000.0,61800.0,61900.0,1923,0.0,0.0
2025-03-27 09:00:00+09:00,61500.0,61900.0,61500.0,61800.0,7496,0.0,0.0
2025-03-27 09:01:00+09:00,61700.0,61700.0,61500.0,61600.0,2306,0.0,0.0
2025-03-27 09:02:00+09:00,61600.0,61600.0,61400.0,61400.0,2736,0.0,0.0
2025-03-27 09:03:00+09:00,61600.0,61600.0,61400.0,61500.0,2151,0.0,0.0
2025-03-27 09:04:00+09:00,61600.0,61600.0,61500.0,61500.0,732,0.0,0.0
2025-03-27 09:05:00+09:00,61600.0,61600.0,61500.0,61500.0,2238,0.0,0.0
2025-03-27 09:06:00+09:00,61600.0,61700.0,61500.0,61700.0,982,0.0,0.0
2025-03-27 09:07:00+09:00,61700.0,61700.0,61500.0,61600.0,1332,0.0,0.0
2025-03-27 09:08:00+09:00,61500.0,61600.0,61500.0,61600.0,0,0.0,0.0
2025-03-27 09:09:00+09:00,61600.0,61600.0,61500.0,61500.0,1262,0.0,0.0
2025-03-27 09:10:00+09:00,61600.0,61700.0,61500.0,61700.0,1027,0.0,0.0
2025-03-27 09:11:00+09:00,61600.0,61700.0,61600.0,61700.0,650,0.0,0.0
2025-03-27 09:12:00+09:00,61700.0,61700.0,61600.0,61700.0,840,0.0,0.0
2025-03-27 09:13:00+09:00,61650.0,61700.0,61600.0,61600.0,24,0.0,0.0
2025-03-27 09:14:00+09:00,61600.0,61700.0,61600.0,61600.0,503,0.0,0.0
2025-03-27 09:15:00+09:00,61700.0,61800.0,61700.0,61800.0,406,0.0,0.0
2025-03-27 09:16:00+09:00,61800.0,61800.0,61700.0,61800.0,1551,0.0,0.0
2025-03-27 09:17:00+09:00,61800.0,61800.0,61700.0,61800.0,856,0.0,0.0
2025-03-27 09:18:00+09:00,61800.0,61800.0,61700.0,61800.0,166,0.0,0.0
2025-03-27 09:19:00+09:00,61800.0,61800.0,61800.0,61800.0,10,0.0,0.0
2025-03-27 09:20:00+09:00,61800.0,61800.0,61700.0,61700.0,40,0.0,0.0
2025-03-27 09:21:00+09:00,61800.0,61800.0,61600.0,61700.0,1240,0.0,0.0
2025-03-27 09:22:00+09:00,61700.0,61700.0,61600.0,61700.0,663,0.0,0.0
2025-03-27 09:23:00+09:00,61700.0,61700.0,61500.0,61500.0,181,0.0,0.0
2025-03-27 09:24:00+09:00,61600.0,61600.0,61500.0,61500.0,142,0.0,0.0
2025-03-27 09:25:00+09:00,61600.0,61700.0,61600.0,61600.0,765,0.0,0.0
2025-03-27 09:26:00+09:00,61600.0,61800.0,61600.0,61800.0,1466,0.0,0.0
2025-03-27 09:27:00+09:00,61800.0,61800.0,61700.0,61700.0,117,0.0,0.0
2025-03-27 09:28:00+09:00,61700.0,61800.0,61700.0,61700.0,218,0.0,0.0
2025-03-27 09:29:00+09:00,61700.0,61800.0,61700.0,61700.0,541,0.0,0.0
2025-03-27 09:30:00+09:00,61800.0,61800.0,61700.0,61750.0,1054,0.0,0.0
2025-03-27 09:31:00+09:00,61800.0,61800.0,61700.0,61800.0,97,0.0,0.0
2025-03-27 09:32:00+09:00,61800.0,61800.0,61600.0,61700.0,833,0.0,0.0
2025-03-27 09:33:00+09:00,61700.0,61700.0,61600.0,61600.0,678,0.0,0.0
2025-03-27 09:34:00+09:00,61700.0,61700.0,61600.0,61700.0,103,0.0,0.0
2025-03-27 09:35:00+09:00,61700.0,61700.0,61600.0,61700.0,488,0.0,0.0
2025-03-27 09:36:00+09:00,61700.0,61700.0,61600.0,61700.0,525,0.0,0.0
2025-03-27 09:37:00+09:00,61600.0,61600.0,61600.0,61600.0,38,0.0,0.0
2025-03-27 09:38:00+09:00,61700.0,61700.0,61600.0,61700.0,574,0.0,0.0
2025-03-27 09:39:00+09:00,61600.0,61700.0,61600.0,61600.0,568,0.0,0.0
2025-03-27 09:40:00+09:00,61700.0,61700.0,61600.0,61600.0,624,0.0,0.0
2025-03-27 09:41:00+09:00,61600.0,61700.0,61600.0,61600.0,308,0.0,0.0
2025-03-27 09:42:00+09:00,61600.0,61600.0,61500.0,61600.0,1267,0.0,0.0
2025-03-27 09:43:00+09:00,61600.0,61600.0,61500.0,61500.0,751,0.0,0.0
2025-03-27 09:44:00+09:00,61500.0,61600.0,61500.0,61600.0,80,0.0,0.0
2025-03-27 09:45:00+09:00,61600.0,61600.0,61500.0,61600.0,45,0.0,0.0
2025-03-27 09:46:00+09:00,61500.0,61600.0,61500.0,61600.0,7,0.0,0.0
2025-03-27 09:47:00+09:00,61600.0,61600.0,61500.0,61500.0,1056,0.0,0.0
2025-03-27 09:48:00+09:00,61600.0,61600.0,61500.0,61500.0,28,0.0,0.0
2025-03-27 09:49:00+09:00,61500.0,61500.0,61400.0,61500.0,3146,0.0,0.0
2025-03-27 09:50:00+09:00,61500.0,61600.0,61400.0,61400.0,2761,0.0,0.0
2025-03-27 09:51:00+09:00,61500.0,61500.0,61400.0,61400.0,574,0.0,0.0
2025-03-27 09:52:00+09:00,61500.0,61500.0,61400.0,61500.0,94,0.0,0.0
2025-03-27 09:53:00+09:00,61500.0,61500.0,61400.0,61400.0,2185,0.0,0.0
2025-03-27 09:54:00+09:00,61400.0,61500.0,61400.0,61500.0,617,0.0,0.0
2025-03-27 09:55:00+09:00,61500.0,61500.0,61400.0,61400.0,32,0.0,0.0
2025-03-27 09:56:00+09:00,61500.0,61500.0,61400.0,61400.0,141,0.0,0.0
2025-03-27 09:57:00+09:00,61400.0,61400.0,61400.0,61400.0,1,0.0,0.0
2025-03-27 09:58:00+09:00,61500.0,61500.0,61400.0,61500.0,719,0.0,0.0
2025-03-27 09:59:00+09:00,61500.0,61500.0,61400.0,61500.0,911,0.0,0.0
2025-03-27 10:00:00+09:00,61500.0,61500.0,61400.0,61500.0,31,0.0,0.0
2025-03-27 10:01:00+09:00,61500.0,61500.0,61400.0,61400.0,625,0.0,0.0
2025-03-27 10:02:00+09:00,61500.0,61600.0,61400.0,61600.0,698,0.0,0.0
2025-03-27 10:03:00+09:00,61500.0,61600.0,61400.0,61400.0,1814,0.0,0.0
2025-03-27 10:04:00+09:00,61400.0,61500.0,61400.0,61500.0,127,0.0,0.0
2025-03-27 10:05:00+09:00,61400.0,61500.0,61400.0,61400.0,787,0.0,0.0
2025-03-27 10:06:00+09:00,61400.0,61500.0,61400.0,61400.0,220,0.0,0.0
2025-03-27 10:07:00+09:00,61400.0,61500.0,61400.0,61500.0,95,0.0,0.0
2025-03-27 10:08:00+09:00,61400.0,61500.0,61400.0,61500.0,831,0.0,0.0
2025-03-27 10:09:00+09:00,61400.0,61500.0,61400.0,61400.0,267,0.0,0.0
2025-03-27 10:10:00+09:00,61400.0,61600.0,61400.0,61500.0,1808,0.0,0.0
2025-03-27 10:11:00+09:00,61500.0,61500.0,61500.0,61500.0,241,0.0,0.0
2025-03-27 10:12:00+09:00,61600.0,61600.0,61400.0,61500.0,1221,0.0,0.0
2025-03-27 10:13:00+09:00,61600.0,61600.0,61400.0,61500.0,855,0.0,0.0
2025-03-27 10:14:00+09:00,61500.0,61600.0,61400.0,61400.0,76,0.0,0.0
2025-03-27 10:15:00+09:00,61400.0,61500.0,61400.0,61500.0,1085,0.0,0.0
2025-03-27 10:16:00+09:00,61600.0,61600.0,61400.0,61500.0,187,0.0,0.0
2025-03-27 10:17:00+09:00,61500.0,61500.0,61400.0,61400.0,580,0.0,0.0
2025-03-27 10:18:00+09:00,61400.0,61500.0,61400.0,61500.0,288,0.0,0.0
2025-03-27 10:19:00+09:00,61400.0,61550.0,61400.0,61400.0,802,0.0,0.0
2025-03-27 10:20:00+09:00,61400.0,61500.0,61400.0,61500.0,222,0.0,0.0
2025-03-27 10:21:00+09:00,61500.0,61500.0,61400.0,61500.0,557,0.0,0.0
2025-03-27 10:22:00+09:00,61400.0,61500.0,61400.0,61450.0,98,0.0,0.0
2025-03-27 10:23:00+09:00,61450.0,61500.0,61400.0,61400.0,1167,0.0,0.0
2025-03-27 10:24:00+09:00,61400.0,61500.0,61400.0,61400.0,347,0.0,0.0
2025-03-27 10:25:00+09:00,61500.0,61500.0,61300.0,61300.0,2878,0.0,0.0
2025-03-27 10:26:00+09:00,61300.0,61400.0,61300.0,61400.0,1541,0.0,0.0
2025-03-27 10:27:00+09:00,61400.0,61400.0,61300.0,61300.0,386,0.0,0.0
2025-03-27 10:28:00+09:00,61400.0,61400.0,61300.0,61300.0,188,0.0,0.0
2025-03-27 10:29:00+09:00,61400.0,61400.0,61300.0,61300.0,39,0.0,0.0
2025-03-27 10:30:00+09:00,61300.0,61400.0,61300.0,61400.0,902,0.0,0.0
2025-03-27 10:31:00+09:00,61400.0,61400.0,61300.0,61300.0,215,0.0,0.0
2025-03-27 10:32:00+09:00,61300.0,61400.0,61300.0,61300.0,29,0.0,0.0
2025-03-27 10:33:00+09:00,61300.0,61400.0,61300.0,61400.0,962,0.0,0.0
2025-03-27 10:34:00+09:00,61400.0,61400.0,61300.0,61300.0,372,0.0,0.0
2025-03-27 10:35:00+09:00,61300.0,61400.0,61300.0,61400.0,34,0.0,0.0
2025-03-27 10:36:00+09:00,61400.0,61400.0,61300.0,61400.0,320,0.0,0.0
2025-03-27 10:37:00+09:00,61300.0,61400.0,61300.0,61300.0,756,0.0,0.0
2025-03-27 10:38:00+09:00,61400.0,61400.0,61300.0,61400.0,414,0.0,0.0
2025-03-27 10:39:00+09:00,61400.0,61400.0,61200.0,61300.0,7700,0.0,0.0
2025-03-27 10:40:00+09:00,61300.0,61500.0,61200.0,61400.0,1600,0.0,0.0
2025-03-27 10:41:00+09:00,61500.0,61500.0,61400.0,61400.0,537,0.0,0.0
2025-03-27 10:42:00+09:00,61400.0,61400.0,61300.0,61300.0,349,0.0,0.0
2025-03-27 10:43:00+09:00,61400.0,61400.0,61300.0,61300.0,219,0.0,0.0
2025-03-27 10:44:00+09:00,61300.0,61400.0,61200.0,61400.0,2169,0.0,0.0
2025-03-27 10:45:00+09:00,61300.0,61400.0,61300.0,61400.0,325,0.0,0.0
2025-03-27 10:46:00+09:00,61300.0,61500.0,61200.0,61400.0,1840,0.0,0.0
2025-03-27 10:47:00+09:00,61400.0,61400.0,61300.0,61300.0,54,0.0,0.0
2025-03-27 10:48:00+09:00,61300.0,61400.0,61300.0,61400.0,1483,0.0,0.0
2025-03-27 10:49:00+09:00,61300.0,61400.0,61300.0,61300.0,164,0.0,0.0
2025-03-27 10:50:00+09:00,61300.0,61400.0,61300.0,61400.0,84,0.0,0.0
2025-03-27 10:51:00+09:00,61400.0,61400.0,61300.0,61400.0,874,0.0,0.0
2025-03-27 10:52:00+09:00,61300.0,61400.0,61300.0,61300.0,114,0.0,0.0
2025-03-27 10:53:00+09:00,61300.0,61400.0,61300.0,61400.0,707,0.0,0.0
2025-03-27 10:54:00+09:00,61300.0,61400.0,61300.0,61300.0,421,0.0,0.0
2025-03-27 10:55:00+09:00,61300.0,61400.0,61300.0,61300.0,857,0.0,0.0
2025-03-27 10:56:00+09:00,61300.0,61400.0,61300.0,61400.0,56,0.0,0.0
2025-03-27 10:57:00+09:00,61300.0,61400.0,61300.0,61400.0,440,0.0,0.0
2025-03-27 10:58:00+09:00,61400.0,61400.0,61300.0,61400.0,1563,0.0,0.0
2025-03-27 10:59:00+09:00,61300.0,61500.0,61300.0,61500.0,0,0.0,0.0
2025-03-27 11:00:00+09:00,61500.0,61500.0,61400.0,61400.0,286,0.0,0.0
2025-03-27 11:01:00+09:00,61500.0,61500.0,61400.0,61400.0,219,0.0,0.0
2025-03-27 11:02:00+09:00,61400.0,61500.0,61400.0,61400.0,627,0.0,0.0
2025-03-27 11:03:00+09:00,61500.0,61500.0,61400.0,61400.0,371,0.0,0.0
2025-03-27 11:04:00+09:00,61500.0,61500.0,61400.0,61400.0,87,0.0,0.0
2025-03-27 11:05:00+09:00,61400.0,61500.0,61400.0,61400.0,137,0.0,0.0
2025-03-27 11:06:00+09:00,61500.0,61500.0,61400.0,61400.0,823,0.0,0.0
2025-03-27 11:07:00+09:00,61400.0,61500.0,61400.0,61500.0,315,0.0,0.0
2025-03-27 11:08:00+09:00,61500.0,61500.0,61400.0,61400.0,117,0.0,0.0
2025-03-27 11:09:00+09:00,61400.0,61500.0,61400.0,61400.0,914,0.0,0.0
2025-03-27 11:10:00+09:00,61500.0,61600.0,61400.0,61500.0,3373,0.0,0.0
2025-03-27 11:11:00+09:00,61400.0,61500.0,61400.0,61500.0,169,0.0,0.0
2025-03-27 11:12:00+09:00,61400.0,61600.0,61400.0,61600.0,456,0.0,0.0
2025-03-27 11:13:00+09:00,61400.0,61600.0,61400.0,61400.0,1028,0.0,0.0
2025-03-27 11:14:00+09:00,61400.0,61500.0,61400.0,61400.0,105,0.0,0.0
2025-03-27 11:15:00+09:00,61500.0,61500.0,61400.0,61400.0,710,0.0,0.0
2025-03-27 11:16:00+09:00,61300.0,61400.0,61300.0,61300.0,1095,0.0,0.0
2025-03-27 11:17:00+09:00,61300.0,61400.0,61300.0,61300.0,297,0.0,0.0
2025-03-27 11:18:00+09:00,61300.0,61400.0,61300.0,61350.0,358,0.0,0.0
2025-03-27 11:19:00+09:00,61300.0,61400.0,61300.0,61300.0,359,0.0,0.0
2025-03-27 11:20:00+09:00,61300.0,61500.0,61300.0,61300.0,1797,0.0,0.0
2025-03-27 11:21:00+09:00,61300.0,61400.0,61300.0,61300.0,401,0.0,0.0
2025-03-27 11:22:00+09:00,61300.0,61400.0,61300.0,61400.0,331,0.0,0.0
2025-03-27 11:23:00+09:00,61300.0,61400.0,61300.0,61300.0,828,0.0,0.0
2025-03-27 11:24:00+09:00,61300.0,61400.0,61300.0,61300.0,338,0.0,0.0
2025-03-27 11:25:00+09:00,61400.0,61400.0,61300.0,61300.0,247,0.0,0.0
2025-03-27 11:26:00+09:00,61300.0,61300.0,61200.0,61300.0,1308,0.0,0.0
2025-03-27 11:27:00+09:00,61250.0,61300.0,61200.0,61300.0,1125,0.0,0.0
2025-03-27 11:28:00+09:00,61300.0,61300.0,61200.0,61300.0,444,0.0,0.0
2025-03-27 11:29:00+09:00,61200.0,61300.0,61200.0,61200.0,233,0.0,0.0
2025-03-27 11:30:00+09:00,61200.0,61300.0,61200.0,61300.0,618,0.0,0.0
2025-03-27 11:31:00+09:00,61200.0,61300.0,61200.0,61300.0,1042,0.0,0.0
2025-03-27 11:32:00+09:00,61300.0,61300.0,61200.0,61300.0,373,0.0,0.0
2025-03-27 11:33:00+09:00,61200.0,61300.0,61200.0,61200.0,403,0.0,0.0
2025-03-27 11:34:00+09:00,61300.0,61300.0,61200.0,61300.0,1591,0.0,0.0
2025-03-27 11:35:00+09:00,61300.0,61400.0,61200.0,61200.0,319,0.0,0.0
2025-03-27 11:36:00+09:00,61300.0,61300.0,61200.0,61300.0,309,0.0,0.0
2025-03-27 11:37:00+09:00,61200.0,61400.0,61200.0,61300.0,820,0.0,0.0
2025-03-27 11:38:00+09:00,61300.0,61500.0,61300.0,61300.0,995,0.0,0.0
2025-03-27 11:39:00+09:00,61300.0,61400.0,61300.0,61300.0,465,0.0,0.0
2025-03-27 11:40:00+09:00,61300.0,61400.0,61300.0,61300.0,278,0.0,0.0
2025-03-27 11:41:00+09:00,61300.0,61400.0,61300.0,61300.0,1142,0.0,0.0
2025-03-27 11:42:00+09:00,61300.0,61400.0,61300.0,61300.0,277,0.0,0.0
2025-03-27 11:43:00+09:00,61300.0,61400.0,61300.0,61400.0,448,0.0,0.0
2025-03-27 11:44:00+09:00,61300.0,61400.0,61300.0,61300.0,264,0.0,0.0
2025-03-27 11:45:00+09:00,61400.0,61400.0,61300.0,61400.0,815,0.0,0.0
2025-03-27 11:46:00+09:00,61300.0,61400.0,61300.0,61400.0,257,0.0,0.0
2025-03-27 11:47:00+09:00,61300.0,61400.0,61300.0,61300.0,322,0.0,0.0
2025-03-27 11:48:00+09:00,61300.0,61400.0,61300.0,61300.0,881,0.0,0.0
2025-03-27 11:49:00+09:00,61400.0,61400.0,61300.0,61300.0,369,0.0,0.0
2025-03-27 11:50:00+09:00,61300.0,61400.0,61300.0,61300.0,449,0.0,0.0
2025-03-27 11:51:00+09:00,61300.0,61400.0,61300.0,61400.0,315,0.0,0.0
2025-03-27 11:52:00+09:00,61400.0,61400.0,61300.0,61400.0,1321,0.0,0.0
2025-03-27 11:53:00+09:00,61400.0,61400.0,61300.0,61300.0,314,0.0,0.0
2025-03-27 11:54:00+09:00,61300.0,61400.0,61300.0,61400.0,250,0.0,0.0
2025-03-27 11:55:00+09:00,61300.0,61400.0,61300.0,61300.0,412,0.0,0.0
2025-03-27 11:56:00+09:00,61400.0,61500.0,61300.0,61400.0,919,0.0,0.0
2025-03-27 11:57:00+09:00,61400.0,61500.0,61400.0,61400.0,397,0.0,0.0
2025-03-27 11:58:00+09:00,61400.0,61500.0,61400.0,61500.0,229,0.0,0.0
2025-03-27 11:59:00+09:00,61500.0,61500.0,61400.0,61400.0,908,0.0,0.0
2025-03-27 12:00:00+09:00,61400.0,61500.0,61400.0,61500.0,340,0.0,0.0
2025-03-27 12:01:00+09:00,61500.0,61500.0,61400.0,61400.0,292,0.0,0.0
2025-03-27 12:02:00+09:00,61500.0,61500.0,61400.0,61400.0,203,0.0,0.0
2025-03-27 12:03:00+09:00,61400.0,61500.0,61400.0,61400.0,802,0.0,0.0
2025-03-27 12:04:00+09:00,61400.0,61500.0,61400.0,61400.0,267,0.0,0.0
2025-03-27 12:05:00+09:00,61400.0,61500.0,61400.0,61400.0,245,0.0,0.0
2025-03-27 12:06:00+09:00,61500.0,61500.0,61300.0,61500.0,2111,0.0,0.0
2025-03-27 12:07:00+09:00,61400.0,61500.0,61400.0,61400.0,294,0.0,0.0
2025-03-27 12:08:00+09:00,61400.0,61500.0,61400.0,61400.0,209,0.0,0.0
2025-03-27 12:09:00+09:00,61400.0,61500.0,61400.0,61400.0,438,0.0,0.0
2025-03-27 12:10:00+09:00,61400.0,61500.0,61300.0,61400.0,1078,0.0,0.0
2025-03-27 12:11:00+09:00,61400.0,61500.0,61400.0,61500.0,159,0.0,0.0
2025-03-27 12:12:00+09:00,61400.0,61500.0,61400.0,61400.0,282,0.0,0.0
2025-03-27 12:13:00+09:00,61500.0,61500.0,61400.0,61400.0,434,0.0,0.0
2025-03-27 12:14:00+09:00,61500.0,61500.0,61400.0,61400.0,638,0.0,0.0
2025-03-27 12:15:00+09:00,61400.0,61500.0,61400.0,61400.0,311,0.0,0.0
2025-03-27 12:16:00+09:00,61400.0,61500.0,61400.0,61400.0,395,0.0,0.0
2025-03-27 12:17:00+09:00,61400.0,61500.0,61400.0,61400.0,816,0.0,0.0
2025-03-27 12:18:00+09:00,61400.0,61600.0,61400.0,61500.0,1407,0.0,0.0
2025-03-27 12:19:00+09:00,61500.0,61600.0,61500.0,61500.0,395,0.0,0.0
2025-03-27 12:20:00+09:00,61500.0,61600.0,61500.0,61500.0,259,0.0,0.0
2025-03-27 12:21:00+09:00,61500.0,61600.0,61500.0,61500.0,939,0.0,0.0
2025-03-27 12:22:00+09:00,61500.0,61600.0,61400.0,61400.0,956,0.0,0.0
2025-03-27 12:23:00+09:00,61400.0,61500.0,61400.0,61400.0,311,0.0,0.0
2025-03-27 12:24:00+09:00,61500.0,61500.0,61400.0,61500.0,913,0.0,0.0
2025-03-27 12:25:00+09:00,61400.0,61500.0,61400.0,61400.0,234,0.0,0.0
2025-03-27 12:26:00+09:00,61400.0,61500.0,61400.0,61400.0,364,0.0,0.0
2025-03-27 12:27:00+09:00,61400.0,61500.0,61400.0,61500.0,238,0.0,0.0
2025-03-27 12:28:00+09:00,61450.0,61500.0,61400.0,61400.0,823,0.0,0.0
2025-03-27 12:29:00+09:00,61400.0,61450.0,61400.0,61400.0,376,0.0,0.0
2025-03-27 12:30:00+09:00,61400.0,61500.0,61400.0,61400.0,592,0.0,0.0
2025-03-27 12:31:00+09:00,61500.0,61500.0,61400.0,61400.0,734,0.0,0.0
2025-03-27 12:32:00+09:00,61400.0,61500.0,61400.0,61400.0,797,0.0,0.0
2025-03-27 12:33:00+09:00,61400.0,61500.0,61400.0,61400.0,941,0.0,0.0
2025-03-27 12:34:00+09:00,61400.0,61500.0,61400.0,61400.0,496,0.0,0.0
2025-03-27 12:35:00+09:00,61500.0,61500.0,61400.0,61400.0,1171,0.0,0.0
2025-03-27 12:36:00+09:00,61400.0,61500.0,61400.0,61400.0,719,0.0,0.0
2025-03-27 12:37:00+09:00,61400.0,61500.0,61400.0,61400.0,465,0.0,0.0
2025-03-27 12:38:00+09:00,61400.0,61700.0,61400.0,61600.0,1795,0.0,0.0
2025-03-27 12:39:00+09:00,61700.0,61700.0,61500.0,61600.0,1389,0.0,0.0
2025-03-27 12:40:00+09:00,61600.0,61600.0,61500.0,61500.0,344,0.0,0.0
2025-03-27 12:41:00+09:00,61500.0,61600.0,61500.0,61500.0,584,0.0,0.0
2025-03-27 12:42:00+09:00,61600.0,61600.0,61400.0,61400.0,1170,0.0,0.0
2025-03-27 12:43:00+09:00,61400.0,61500.0,61400.0,61500.0,531,0.0,0.0
2025-03-27 12:44:00+09:00,61400.0,61500.0,61400.0,61400.0,379,0.0,0.0
2025-03-27 12:45:00+09:00,61400.0,61500.0,61400.0,61400.0,608,0.0,0.0
2025-03-27 12:46:00+09:00,61400.0,61550.0,61400.0,61400.0,1028,0.0,0.0
2025-03-27 12:47:00+09:00,61450.0,61500.0,61400.0,61400.0,240,0.0,0.0
2025-03-27 12:48:00+09:00,61400.0,61500.0,61400.0,61400.0,405,0.0,0.0
2025-03-27 12:49:00+09:00,61400.0,61500.0,61400.0,61500.0,813,0.0,0.0
2025-03-27 12:50:00+09:00,61500.0,61600.0,61400.0,61400.0,1235,0.0,0.0
2025-03-27 12:51:00+09:00,61400.0,61500.0,61400.0,61400.0,217,0.0,0.0
2025-03-27 12:52:00+09:00,61400.0,61500.0,61400.0,61400.0,161,0.0,0.0
2025-03-27 12:53:00+09:00,61500.0,61500.0,61400.0,61400.0,874,0.0,0.0
2025-03-27 12:54:00+09:00,61400.0,61500.0,61400.0,61500.0,754,0.0,0.0
2025-03-27 12:55:00+09:00,61500.0,61500.0,61400.0,61400.0,197,0.0,0.0
2025-03-27 12:56:00+09:00,61400.0,61500.0,61400.0,61500.0,867,0.0,0.0
2025-03-27 12:57:00+09:00,61500.0,61600.0,61400.0,61400.0,451,0.0,0.0
2025-03-27 12:58:00+09:00,61500.0,61500.0,61400.0,61400.0,221,0.0,0.0
2025-03-27 12:59:00+09:00,61400.0,61500.0,61400.0,61400.0,644,0.0,0.0
2025-03-27 13:00:00+09:00,61400.0,61600.0,61400.0,61600.0,1282,0.0,0.0
2025-03-27 13:01:00+09:00,61500.0,61500.0,61400.0,61500.0,388,0.0,0.0
2025-03-27 13:02:00+09:00,61500.0,61600.0,61400.0,61600.0,2921,0.0,0.0
2025-03-27 13:03:00+09:00,61600.0,61600.0,61500.0,61500.0,605,0.0,0.0
2025-03-27 13:04:00+09:00,61600.0,61700.0,61500.0,61600.0,723,0.0,0.0
2025-03-27 13:05:00+09:00,61600.0,61600.0,61500.0,61500.0,436,0.0,0.0
2025-03-27 13:06:00+09:00,61600.0,61600.0,61500.0,61600.0,505,0.0,0.0
2025-03-27 13:07:00+09:00,61600.0,61700.0,61500.0,61600.0,513,0.0,0.0
2025-03-27 13:08:00+09:00,61700.0,61700.0,61600.0,61700.0,339,0.0,0.0
2025-03-27 13:09:00+09:00,61700.0,61700.0,61600.0,61600.0,306,0.0,0.0
2025-03-27 13:10:00+09:00,61600.0,61700.0,61500.0,61600.0,490,0.0,0.0
2025-03-27 13:11:00+09:00,61600.0,61700.0,61500.0,61600.0,425,0.0,0.0
2025-03-27 13:12:00+09:00,61650.0,61700.0,61600.0,61600.0,284,0.0,0.0
2025-03-27 13:13:00+09:00,61700.0,61700.0,61600.0,61700.0,127,0.0,0.0
2025-03-27 13:14:00+09:00,61600.0,61700.0,61500.0,61700.0,1041,0.0,0.0
2025-03-27 13:15:00+09:00,61600.0,61600.0,61500.0,61500.0,806,0.0,0.0
2025-03-27 13:16:00+09:00,61600.0,61700.0,61500.0,61700.0,370,0.0,0.0
2025-03-27 13:17:00+09:00,61500.0,61700.0,61500.0,61700.0,478,0.0,0.0
2025-03-27 13:18:00+09:00,61600.0,61700.0,61500.0,61500.0,1032,0.0,0.0
2025-03-27 13:19:00+09:00,61600.0,61600.0,61500.0,61500.0,146,0.0,0.0
2025-03-27 13:20:00+09:00,61600.0,61600.0,61500.0,61500.0,416,0.0,0.0
2025-03-27 13:21:00+09:00,61500.0,61600.0,61500.0,61600.0,2308,0.0,0.0
2025-03-27 13:22:00+09:00,61500.0,61600.0,61500.0,61500.0,0,0.0,0.0
2025-03-27 13:23:00+09:00,61500.0,61600.0,61500.0,61600.0,540,0.0,0.0
2025-03-27 13:24:00+09:00,61500.0,61800.0,61500.0,61700.0,5775,0.0,0.0
2025-03-27 13:25:00+09:00,61800.0,61800.0,61700.0,61800.0,3399,0.0,0.0
2025-03-27 13:26:00+09:00,61800.0,61800.0,61700.0,61800.0,3343,0.0,0.0
2025-03-27 13:27:00+09:00,61700.0,61800.0,61700.0,61700.0,1688,0.0,0.0
2025-03-27 13:28:00+09:00,61700.0,61800.0,61700.0,61700.0,491,0.0,0.0
2025-03-27 13:29:00+09:00,61800.0,61800.0,61700.0,61700.0,915,0.0,0.0
2025-03-27 13:30:00+09:00,61700.0,61700.0,61600.0,61600.0,630,0.0,0.0
2025-03-27 13:31:00+09:00,61700.0,61700.0,61600.0,61700.0,197,0.0,0.0
2025-03-27 13:32:00+09:00,61700.0,61800.0,61600.0,61600.0,1084,0.0,0.0
2025-03-27 13:33:00+09:00,61700.0,61700.0,61600.0,61700.0,534,0.0,0.0
2025-03-27 13:34:00+09:00,61700.0,61700.0,61600.0,61600.0,156,0.0,0.0
2025-03-27 13:35:00+09:00,61600.0,61700.0,61600.0,61700.0,439,0.0,0.0
2025-03-27 13:36:00+09:00,61700.0,61700.0,61600.0,61600.0,1588,0.0,0.0
2025-03-27 13:37:00+09:00,61600.0,61700.0,61600.0,61700.0,552,0.0,0.0
2025-03-27 13:38:00+09:00,61700.0,61700.0,61600.0,61600.0,180,0.0,0.0
2025-03-27 13:39:00+09:00,61700.0,61700.0,61600.0,61700.0,1960,0.0,0.0
2025-03-27 13:40:00+09:00,61700.0,61700.0,61600.0,61600.0,428,0.0,0.0
2025-03-27 13:41:00+09:00,61600.0,61700.0,61600.0,61700.0,1228,0.0,0.0
2025-03-27 13:42:00+09:00,61600.0,61650.0,61600.0,61650.0,445,0.0,0.0
2025-03-27 13:43:00+09:00,61600.0,61700.0,61600.0,61600.0,1379,0.0,0.0
2025-03-27 13:44:00+09:00,61600.0,61800.0,61600.0,61700.0,2686,0.0,0.0
2025-03-27 13:45:00+09:00,61700.0,61800.0,61700.0,61750.0,256,0.0,0.0
2025-03-27 13:46:00+09:00,61700.0,61750.0,61700.0,61700.0,135,0.0,0.0
2025-03-27 13:47:00+09:00,61750.0,61800.0,61700.0,61750.0,920,0.0,0.0
2025-03-27 13:48:00+09:00,61800.0,61800.0,61700.0,61700.0,1534,0.0,0.0
2025-03-27 13:49:00+09:00,61700.0,61750.0,61700.0,61700.0,982,0.0,0.0
2025-03-27 13:50:00+09:00,61700.0,61800.0,61700.0,61700.0,792,0.0,0.0
2025-03-27 13:51:00+09:00,61800.0,61800.0,61700.0,61700.0,539,0.0,0.0
2025-03-27 13:52:00+09:00,61700.0,61800.0,61700.0,61700.0,314,0.0,0.0
2025-03-27 13:53:00+09:00,61700.0,61800.0,61700.0,61700.0,231,0.0,0.0
2025-03-27 13:54:00+09:00,61800.0,61800.0,61700.0,61750.0,784,0.0,0.0
2025-03-27 13:55:00+09:00,61700.0,61750.0,61700.0,61700.0,186,0.0,0.0
2025-03-27 13:56:00+09:00,61700.0,61800.0,61700.0,61700.0,338,0.0,0.0
2025-03-27 13:57:00+09:00,61700.0,61800.0,61700.0,61700.0,974,0.0,0.0
2025-03-27 13:58:00+09:00,61700.0,61800.0,61700.0,61750.0,451,0.0,0.0
2025-03-27 13:59:00+09:00,61700.0,61800.0,61700.0,61800.0,256,0.0,0.0
2025-03-27 14:00:00+09:00,61800.0,61800.0,61700.0,61700.0,635,0.0,0.0
2025-03-27 14:01:00+09:00,61700.0,61800.0,61700.0,61700.0,938,0.0,0.0
2025-03-27 14:02:00+09:00,61700.0,61750.0,61700.0,61700.0,194,0.0,0.0
2025-03-27 14:03:00+09:00,61700.0,61800.0,61700.0,61700.0,418,0.0,0.0
2025-03-27 14:04:00+09:00,61700.0,61800.0,61700.0,61700.0,812,0.0,0.0
2025-03-27 14:05:00+09:00,61800.0,61900.0,61700.0,61700.0,239,0.0,0.0
2025-03-27 14:06:00+09:00,61700.0,61800.0,61700.0,61700.0,306,0.0,0.0
2025-03-27 14:07:00+09:00,61700.0,61750.0,61700.0,61700.0,121,0.0,0.0
2025-03-27 14:08:00+09:00,61750.0,61900.0,61700.0,61700.0,1923,0.0,0.0
2025-03-27 14:09:00+09:00,61700.0,61800.0,61700.0,61700.0,492,0.0,0.0
2025-03-27 14:10:00+09:00,61750.0,61800.0,61700.0,61700.0,462,0.0,0.0
2025-03-27 14:11:00+09:00,61700.0,61750.0,61700.0,61700.0,76,0.0,0.0
2025-03-27 14:12:00+09:00,61700.0,61800.0,61700.0,61700.0,736,0.0,0.0
2025-03-27 14:13:00+09:00,61700.0,61750.0,61700.0,61700.0,166,0.0,0.0
2025-03-27 14:14:00+09:00,61700.0,61750.0,61700.0,61700.0,202,0.0,0.0
2025-03-27 14:15:00+09:00,61700.0,61800.0,61700.0,61700.0,943,0.0,0.0
2025-03-27 14:16:00+09:00,61700.0,61800.0,61700.0,61700.0,317,0.0,0.0
2025-03-27 14:17:00+09:00,61750.0,61750.0,61700.0,61700.0,166,0.0,0.0
2025-03-27 14:18:00+09:00,61700.0,61750.0,61700.0,61750.0,446,0.0,0.0
2025-03-27 14:19:00+09:00,61700.0,61800.0,61600.0,61600.0,1452,0.0,0.0
2025-03-27 14:20:00+09:00,61600.0,61700.0,61600.0,61700.0,428,0.0,0.0
2025-03-27 14:21:00+09:00,61700.0,61800.0,61700.0,61750.0,321,0.0,0.0
2025-03-27 14:22:00+09:00,61700.0,61700.0,61600.0,61600.0,1032,0.0,0.0
2025-03-27 14:23:00+09:00,61600.0,61700.0,61600.0,61700.0,257,0.0,0.0
2025-03-27 14:24:00+09:00,61600.0,61700.0,61600.0,61600.0,255,0.0,0.0
2025-03-27 14:25:00+09:00,61600.0,61700.0,61600.0,61600.0,301,0.0,0.0
2025-03-27 14:26:00+09:00,61600.0,61800.0,61600.0,61800.0,922,0.0,0.0
2025-03-27 14:27:00+09:00,61700.0,61800.0,61600.0,61700.0,378,0.0,0.0
2025-03-27 14:28:00+09:00,61600.0,61700.0,61600.0,61600.0,247,0.0,0.0
2025-03-27 14:29:00+09:00,61600.0,61700.0,61600.0,61600.0,761,0.0,0.0
2025-03-27 14:30:00+09:00,61600.0,61700.0,61600.0,61700.0,611,0.0,0.0
2025-03-27 14:31:00+09:00,61600.0,61700.0,61600.0,61600.0,267,0.0,0.0
2025-03-27 14:32:00+09:00,61600.0,61700.0,61600.0,61600.0,208,0.0,0.0
2025-03-27 14:33:00+09:00,61600.0,61700.0,61600.0,61700.0,1078,0.0,0.0
2025-03-27 14:34:00+09:00,61600.0,61700.0,61600.0,61600.0,298,0.0,0.0
2025-03-27 14:35:00+09:00,61600.0,61700.0,61600.0,61600.0,823,0.0,0.0
2025-03-27 14:36:00+09:00,61600.0,61700.0,61600.0,61600.0,429,0.0,0.0
2025-03-27 14:37:00+09:00,61600.0,61800.0,61600.0,61700.0,332,0.0,0.0
2025-03-27 14:38:00+09:00,61700.0,61800.0,61700.0,61700.0,329,0.0,0.0
2025-03-27 14:39:00+09:00,61700.0,61700.0,61600.0,61600.0,687,0.0,0.0
2025-03-27 14:40:00+09:00,61600.0,61700.0,61600.0,61700.0,1126,0.0,0.0
2025-03-27 14:41:00+09:00,61700.0,61700.0,61600.0,61700.0,323,0.0,0.0
2025-03-27 14:42:00+09:00,61600.0,61700.0,61600.0,61600.0,614,0.0,0.0
2025-03-27 14:43:00+09:00,61600.0,61700.0,61600.0,61600.0,625,0.0,0.0
2025-03-27 14:44:00+09:00,61600.0,61800.0,61600.0,61700.0,922,0.0,0.0
2025-03-27 14:45:00+09:00,61600.0,61700.0,61600.0,61600.0,683,0.0,0.0
2025-03-27 14:46:00+09:00,61600.0,61700.0,61600.0,61700.0,470,0.0,0.0
2025-03-27 14:47:00+09:00,61600.0,61700.0,61600.0,61700.0,1051,0.0,0.0
2025-03-27 14:48:00+09:00,61700.0,61700.0,61600.0,61700.0,823,0.0,0.0
2025-03-27 14:49:00+09:00,61700.0,61700.0,61600.0,61600.0,582,0.0,0.0
2025-03-27 14:50:00+09:00,61600.0,61700.0,61600.0,61600.0,418,0.0,0.0
2025-03-27 14:51:00+09:00,61600.0,61700.0,61600.0,61600.0,1212,0.0,0.0
2025-03-27 14:52:00+09:00,61600.0,61700.0,61500.0,61500.0,1013,0.0,0.0
2025-03-27 14:53:00+09:00,61500.0,61700.0,61500.0,61600.0,654,0.0,0.0
2025-03-27 14:54:00+09:00,61600.0,61700.0,61500.0,61600.0,682,0.0,0.0
2025-03-27 14:55:00+09:00,61700.0,61700.0,61600.0,61600.0,1234,0.0,0.0
2025-03-27 14:56:00+09:00,61700.0,61700.0,61600.0,61600.0,712,0.0,0.0
2025-03-27 14:57:00+09:00,61600.0,61700.0,61600.0,61600.0,675,0.0,0.0
2025-03-27 14:58:00+09:00,61600.0,61700.0,61600.0,61600.0,735,0.0,0.0
2025-03-27 14:59:00+09:00,61600.0,61700.0,61600.0,61600.0,1393,0.0,0.0
2025-03-28 09:00:00+09:00,61500.0,61500.0,61300.0,61400.0,5724,0.0,0.0
2025-03-28 09:01:00+09:00,61400.0,61500.0,61100.0,61400.0,6279,0.0,0.0
2025-03-28 09:02:00+09:00,61400.0,61400.0,61200.0,61200.0,550,0.0,0.0
2025-03-28 09:03:00+09:00,61200.0,61300.0,61000.0,61200.0,1547,0.0,0.0
2025-03-28 09:04:00+09:00,61200.0,61200.0,61000.0,61100.0,616,0.0,0.0
2025-03-28 09:05:00+09:00,61200.0,61200.0,61050.0,61200.0,2111,0.0,0.0
2025-03-28 09:06:00+09:00,61100.0,61200.0,61100.0,61100.0,968,0.0,0.0
2025-03-28 09:07:00+09:00,61100.0,61200.0,61100.0,61100.0,817,0.0,0.0
2025-03-28 09:08:00+09:00,61100.0,61200.0,61100.0,61100.0,147,0.0,0.0
2025-03-28 09:09:00+09:00,61100.0,61100.0,61000.0,61000.0,687,0.0,0.0
2025-03-28 09:10:00+09:00,61000.0,61100.0,61000.0,61000.0,3331,0.0,0.0
2025-03-28 09:11:00+09:00,61100.0,61100.0,61000.0,61000.0,603,0.0,0.0
2025-03-28 09:12:00+09:00,61100.0,61100.0,61000.0,61100.0,137,0.0,0.0
2025-03-28 09:13:00+09:00,61000.0,61100.0,61000.0,61000.0,1172,0.0,0.0
2025-03-28 09:14:00+09:00,61000.0,61100.0,61000.0,61000.0,826,0.0,0.0
2025-03-28 09:15:00+09:00,61000.0,61100.0,60900.0,60900.0,2319,0.0,0.0
2025-03-28 09:16:00+09:00,60900.0,61000.0,60800.0,60900.0,3117,0.0,0.0
2025-03-28 09:17:00+09:00,60900.0,60900.0,60900.0,60900.0,241,0.0,0.0
2025-03-28 09:18:00+09:00,60900.0,61000.0,60900.0,60900.0,0,0.0,0.0
2025-03-28 09:19:00+09:00,60900.0,61100.0,60900.0,61100.0,7334,0.0,0.0
2025-03-28 09:20:00+09:00,61100.0,61200.0,60900.0,61200.0,815,0.0,0.0
2025-03-28 09:21:00+09:00,61200.0,61200.0,61000.0,61100.0,98,0.0,0.0
2025-03-28 09:22:00+09:00,61100.0,61100.0,61100.0,61100.0,142,0.0,0.0
2025-03-28 09:23:00+09:00,61100.0,61100.0,61000.0,61100.0,222,0.0,0.0
2025-03-28 09:24:00+09:00,61100.0,61200.0,61000.0,61200.0,938,0.0,0.0
2025-03-28 09:25:00+09:00,61200.0,61200.0,61100.0,61200.0,552,0.0,0.0
2025-03-28 09:26:00+09:00,61200.0,61200.0,61100.0,61100.0,486,0.0,0.0
2025-03-28 09:27:00+09:00,61100.0,61100.0,61000.0,61000.0,321,0.0,0.0
2025-03-28 09:28:00+09:00,61000.0,61100.0,61000.0,61000.0,1600,0.0,0.0
2025-03-28 09:29:00+09:00,61000.0,61100.0,60900.0,61000.0,103,0.0,0.0
2025-03-28 09:30:00+09:00,61000.0,61100.0,60900.0,61000.0,190,0.0,0.0
2025-03-28 09:31:00+09:00,61000.0,61100.0,61000.0,61100.0,292,0.0,0.0
2025-03-28 09:32:00+09:00,61000.0,61100.0,61000.0,61100.0,533,0.0,0.0
2025-03-28 09:33:00+09:00,61100.0,61100.0,61000.0,61100.0,82,0.0,0.0
2025-03-28 09:34:00+09:00,61000.0,61100.0,61000.0,61000.0,117,0.0,0.0
2025-03-28 09:35:00+09:00,61100.0,61100.0,61000.0,61000.0,18,0.0,0.0
2025-03-28 09:36:00+09:00,61100.0,61100.0,61000.0,61000.0,57,0.0,0.0
2025-03-28 09:37:00+09:00,61000.0,61100.0,61000.0,61100.0,3861,0.0,0.0
2025-03-28 09:38:00+09:00,61100.0,61100.0,61000.0,61100.0,508,0.0,0.0
2025-03-28 09:39:00+09:00,61100.0,61100.0,61000.0,61000.0,130,0.0,0.0
2025-03-28 09:40:00+09:00,61000.0,61000.0,60900.0,60900.0,4262,0.0,0.0
2025-03-28 09:41:00+09:00,60900.0,61000.0,60900.0,61000.0,458,0.0,0.0
2025-03-28 09:42:00+09:00,61000.0,61000.0,60900.0,61000.0,20,0.0,0.0
2025-03-28 09:43:00+09:00,60900.0,61000.0,60900.0,60900.0,66,0.0,0.0
2025-03-28 09:44:00+09:00,61000.0,61000.0,60900.0,61000.0,136,0.0,0.0
2025-03-28 09:45:00+09:00,61000.0,61000.0,60900.0,60900.0,499,0.0,0.0
2025-03-28 09:46:00+09:00,60900.0,61000.0,60900.0,61000.0,137,0.0,0.0
2025-03-28 09:47:00+09:00,60900.0,61000.0,60900.0,61000.0,6013,0.0,0.0
2025-03-28 09:48:00+09:00,61000.0,61100.0,61000.0,61000.0,110,0.0,0.0
2025-03-28 09:49:00+09:00,61000.0,61100.0,61000.0,61000.0,0,0.0,0.0
2025-03-28 09:50:00+09:00,61000.0,61100.0,61000.0,61100.0,422,0.0,0.0
2025-03-28 09:51:00+09:00,61000.0,61100.0,61000.0,61000.0,481,0.0,0.0
2025-03-28 09:52:00+09:00,61000.0,61100.0,61000.0,61100.0,602,0.0,0.0
2025-03-28 09:53:00+09:00,61000.0,61000.0,60900.0,60900.0,974,0.0,0.0
2025-03-28 09:54:00+09:00,60900.0,61000.0,60900.0,60900.0,39,0.0,0.0
2025-03-28 09:55:00+09:00,60900.0,61000.0,60900.0,60900.0,1316,0.0,0.0
2025-03-28 09:56:00+09:00,61000.0,61000.0,60900.0,60900.0,36,0.0,0.0
2025-03-28 09:57:00+09:00,61000.0,61000.0,60900.0,60900.0,95,0.0,0.0
2025-03-28 09:58:00+09:00,60900.0,61000.0,60900.0,60900.0,329,0.0,0.0
2025-03-28 09:59:00+09:00,60900.0,61000.0,60900.0,60900.0,14,0.0,0.0
2025-03-28 10:00:00+09:00,60900.0,61000.0,60900.0,61000.0,452,0.0,0.0
2025-03-28 10:01:00+09:00,60900.0,61000.0,60900.0,61000.0,150,0.0,0.0
2025-03-28 10:02:00+09:00,61000.0,61000.0,60900.0,61000.0,23,0.0,0.0
2025-03-28 10:03:00+09:00,61000.0,61000.0,60900.0,60900.0,30,0.0,0.0
2025-03-28 10:04:00+09:00,61000.0,61000.0,60900.0,61000.0,594,0.0,0.0
2025-03-28 10:05:00+09:00,61000.0,61000.0,60900.0,61000.0,0,0.0,0.0
2025-03-28 10:06:00+09:00,60900.0,61000.0,60900.0,60900.0,314,0.0,0.0
2025-03-28 10:07:00+09:00,60900.0,61100.0,60900.0,61000.0,5133,0.0,0.0
2025-03-28 10:08:00+09:00,60900.0,61000.0,60900.0,60900.0,23,0.0,0.0
2025-03-28 10:09:00+09:00,60900.0,61000.0,60900.0,61000.0,10,0.0,0.0
2025-03-28 10:10:00+09:00,61000.0,61000.0,60900.0,60900.0,116,0.0,0.0
2025-03-28 10:11:00+09:00,60900.0,61000.0,60900.0,60900.0,26,0.0,0.0
2025-03-28 10:12:00+09:00,60900.0,61000.0,60900.0,61000.0,42,0.0,0.0
2025-03-28 10:13:00+09:00,61000.0,61000.0,60900.0,61000.0,1301,0.0,0.0
2025-03-28 10:14:00+09:00,61000.0,61100.0,61000.0,61000.0,88,0.0,0.0
2025-03-28 10:15:00+09:00,61000.0,61100.0,61000.0,61100.0,1214,0.0,0.0
2025-03-28 10:16:00+09:00,61100.0,61100.0,61000.0,61000.0,248,0.0,0.0
2025-03-28 10:17:00+09:00,61000.0,61100.0,61000.0,61000.0,194,0.0,0.0
2025-03-28 10:18:00+09:00,61100.0,61100.0,61000.0,61050.0,91,0.0,0.0
2025-03-28 10:19:00+09:00,61100.0,61100.0,61000.0,61000.0,93,0.0,0.0
2025-03-28 10:20:00+09:00,61100.0,61100.0,61000.0,61000.0,611,0.0,0.0
2025-03-28 10:21:00+09:00,61000.0,61100.0,60900.0,61000.0,1649,0.0,0.0
2025-03-28 10:22:00+09:00,60900.0,61000.0,60800.0,60900.0,1563,0.0,0.0
2025-03-28 10:23:00+09:00,60900.0,61000.0,60800.0,60900.0,391,0.0,0.0
2025-03-28 10:24:00+09:00,60900.0,61000.0,60900.0,61000.0,1106,0.0,0.0
2025-03-28 10:25:00+09:00,61000.0,61000.0,60900.0,61000.0,147,0.0,0.0
2025-03-28 10:26:00+09:00,60900.0,61000.0,60900.0,60900.0,100,0.0,0.0
2025-03-28 10:27:00+09:00,61000.0,61000.0,60900.0,61000.0,31,0.0,0.0
2025-03-28 10:28:00+09:00,60900.0,61000.0,60900.0,60900.0,41,0.0,0.0
2025-03-28 10:29:00+09:00,60900.0,61000.0,60900.0,61000.0,145,0.0,0.0
2025-03-28 10:30:00+09:00,61000.0,61000.0,60900.0,61000.0,111,0.0,0.0
2025-03-28 10:31:00+09:00,61000.0,61000.0,60900.0,61000.0,39,0.0,0.0
2025-03-28 10:32:00+09:00,61000.0,61000.0,60900.0,60900.0,313,0.0,0.0
2025-03-28 10:33:00+09:00,61000.0,61000.0,60900.0,61000.0,73,0.0,0.0
2025-03-28 10:34:00+09:00,60900.0,61000.0,60900.0,60900.0,1140,0.0,0.0
2025-03-28 10:35:00+09:00,60900.0,61000.0,60900.0,61000.0,666,0.0,0.0
2025-03-28 10:36:00+09:00,61100.0,61100.0,60900.0,61100.0,1429,0.0,0.0
2025-03-28 10:37:00+09:00,61000.0,61100.0,61000.0,61100.0,337,0.0,0.0
2025-03-28 10:38:00+09:00,61000.0,61100.0,61000.0,61100.0,424,0.0,0.0
2025-03-28 10:39:00+09:00,61100.0,61100.0,61000.0,61100.0,79,0.0,0.0
2025-03-28 10:40:00+09:00,61000.0,61100.0,61000.0,61100.0,139,0.0,0.0
2025-03-28 10:41:00+09:00,61000.0,61100.0,61000.0,61000.0,153,0.0,0.0
2025-03-28 10:42:00+09:00,61100.0,61100.0,61000.0,61100.0,585,0.0,0.0
2025-03-28 10:43:00+09:00,61100.0,61100.0,61000.0,61100.0,790,0.0,0.0
2025-03-28 10:44:00+09:00,61000.0,61100.0,61000.0,61000.0,176,0.0,0.0
2025-03-28 10:45:00+09:00,61100.0,61100.0,61000.0,61000.0,64,0.0,0.0
2025-03-28 10:46:00+09:00,61000.0,61100.0,61000.0,61000.0,153,0.0,0.0
2025-03-28 10:47:00+09:00,61100.0,61100.0,61000.0,61100.0,328,0.0,0.0
2025-03-28 10:48:00+09:00,61100.0,61100.0,61000.0,61100.0,401,0.0,0.0
2025-03-28 10:49:00+09:00,61100.0,61200.0,61100.0,61100.0,5918,0.0,0.0
2025-03-28 10:50:00+09:00,61100.0,61200.0,61000.0,61100.0,2814,0.0,0.0
2025-03-28 10:51:00+09:00,61000.0,61200.0,61000.0,61200.0,151,0.0,0.0
2025-03-28 10:52:00+09:00,61200.0,61200.0,61000.0,61100.0,675,0.0,0.0
2025-03-28 10:53:00+09:00,61000.0,61200.0,61000.0,61100.0,1412,0.0,0.0
2025-03-28 10:54:00+09:00,61100.0,61100.0,61000.0,61000.0,424,0.0,0.0
2025-03-28 10:55:00+09:00,61000.0,61100.0,61000.0,61100.0,494,0.0,0.0
2025-03-28 10:56:00+09:00,61000.0,61100.0,61000.0,61000.0,0,0.0,0.0
2025-03-28 10:57:00+09:00,61000.0,61100.0,61000.0,61000.0,253,0.0,0.0
2025-03-28 10:58:00+09:00,61000.0,61100.0,61000.0,61000.0,1223,0.0,0.0
2025-03-28 10:59:00+09:00,61000.0,61100.0,61000.0,61000.0,438,0.0,0.0
2025-03-28 11:00:00+09:00,61000.0,61100.0,61000.0,61000.0,353,0.0,0.0
2025-03-28 11:01:00+09:00,61100.0,61100.0,61000.0,61100.0,229,0.0,0.0
2025-03-28 11:02:00+09:00,61000.0,61100.0,61000.0,61000.0,31,0.0,0.0
2025-03-28 11:03:00+09:00,61000.0,61100.0,61000.0,61000.0,221,0.0,0.0
2025-03-28 11:04:00+09:00,61100.0,61100.0,61000.0,61000.0,190,0.0,0.0
2025-03-28 11:05:00+09:00,61000.0,61100.0,61000.0,61000.0,384,0.0,0.0
2025-03-28 11:06:00+09:00,61000.0,61100.0,61000.0,61000.0,147,0.0,0.0
2025-03-28 11:07:00+09:00,61000.0,61100.0,61000.0,61000.0,1151,0.0,0.0
2025-03-28 11:08:00+09:00,61000.0,61000.0,60900.0,61000.0,1065,0.0,0.0
2025-03-28 11:09:00+09:00,61000.0,61000.0,60900.0,61000.0,464,0.0,0.0
2025-03-28 11:10:00+09:00,60900.0,61100.0,60900.0,61000.0,99,0.0,0.0
2025-03-28 11:11:00+09:00,61000.0,61100.0,61000.0,61000.0,146,0.0,0.0
2025-03-28 11:12:00+09:00,61100.0,61200.0,61000.0,61000.0,805,0.0,0.0
2025-03-28 11:13:00+09:00,61100.0,61200.0,61000.0,61100.0,1446,0.0,0.0
2025-03-28 11:14:00+09:00,61000.0,61300.0,61000.0,61200.0,1895,0.0,0.0
2025-03-28 11:15:00+09:00,61000.0,61200.0,61000.0,61200.0,356,0.0,0.0
2025-03-28 11:16:00+09:00,61300.0,61400.0,61200.0,61300.0,8346,0.0,0.0
2025-03-28 11:17:00+09:00,61300.0,61300.0,61200.0,61200.0,418,0.0,0.0
2025-03-28 11:18:00+09:00,61300.0,61300.0,61200.0,61200.0,192,0.0,0.0
2025-03-28 11:19:00+09:00,61200.0,61300.0,61100.0,61100.0,602,0.0,0.0
2025-03-28 11:20:00+09:00,61100.0,61300.0,61100.0,61300.0,325,0.0,0.0
2025-03-28 11:21:00+09:00,61200.0,61300.0,61200.0,61200.0,2012,0.0,0.0
2025-03-28 11:22:00+09:00,61300.0,61300.0,61200.0,61200.0,283,0.0,0.0
2025-03-28 11:23:00+09:00,61200.0,61300.0,61200.0,61200.0,741,0.0,0.0
2025-03-28 11:24:00+09:00,61200.0,61400.0,61200.0,61300.0,783,0.0,0.0
2025-03-28 11:25:00+09:00,61300.0,61400.0,61300.0,61300.0,337,0.0,0.0
2025-03-28 11:26:00+09:00,61400.0,61400.0,61300.0,61300.0,3216,0.0,0.0
2025-03-28 11:27:00+09:00,61400.0,61400.0,61300.0,61300.0,253,0.0,0.0
2025-03-28 11:28:00+09:00,61400.0,61400.0,61300.0,61400.0,972,0.0,0.0
2025-03-28 11:29:00+09:00,61300.0,61400.0,61300.0,61300.0,2921,0.0,0.0
2025-03-28 11:30:00+09:00,61200.0,61300.0,61200.0,61200.0,133,0.0,0.0
2025-03-28 11:31:00+09:00,61300.0,61300.0,61200.0,61200.0,198,0.0,0.0
2025-03-28 11:32:00+09:00,61200.0,61300.0,61200.0,61300.0,308,0.0,0.0
2025-03-28 11:33:00+09:00,61300.0,61300.0,61200.0,61200.0,182,0.0,0.0
2025-03-28 11:34:00+09:00,61300.0,61300.0,61200.0,61300.0,189,0.0,0.0
2025-03-28 11:35:00+09:00,61200.0,61300.0,61200.0,61200.0,131,0.0,0.0
2025-03-28 11:36:00+09:00,61200.0,61300.0,61200.0,61250.0,82,0.0,0.0
2025-03-28 11:37:00+09:00,61200.0,61300.0,61000.0,61000.0,1330,0.0,0.0
2025-03-28 11:38:00+09:00,61000.0,61100.0,61000.0,61100.0,671,0.0,0.0
2025-03-28 11:39:00+09:00,61100.0,61200.0,61100.0,61100.0,58,0.0,0.0
2025-03-28 11:40:00+09:00,61200.0,61200.0,61100.0,61200.0,211,0.0,0.0
2025-03-28 11:41:00+09:00,61200.0,61200.0,61100.0,61200.0,161,0.0,0.0
2025-03-28 11:42:00+09:00,61100.0,61200.0,61100.0,61100.0,85,0.0,0.0
2025-03-28 11:43:00+09:00,61200.0,61200.0,61100.0,61100.0,150,0.0,0.0
2025-03-28 11:44:00+09:00,61200.0,61200.0,61100.0,61100.0,167,0.0,0.0
2025-03-28 11:45:00+09:00,61200.0,61200.0,61100.0,61100.0,97,0.0,0.0
2025-03-28 11:46:00+09:00,61150.0,61200.0,61100.0,61200.0,579,0.0,0.0
2025-03-28 11:47:00+09:00,61100.0,61100.0,61000.0,61000.0,272,0.0,0.0
2025-03-28 11:48:00+09:00,61000.0,61100.0,61000.0,61000.0,462,0.0,0.0
2025-03-28 11:49:00+09:00,61100.0,61100.0,61000.0,61000.0,813,0.0,0.0
2025-03-28 11:50:00+09:00,61000.0,61100.0,61000.0,61050.0,33,0.0,0.0
2025-03-28 11:51:00+09:00,61100.0,61100.0,61050.0,61050.0,74,0.0,0.0
2025-03-28 11:52:00+09:00,61100.0,61100.0,61000.0,61100.0,317,0.0,0.0
2025-03-28 11:53:00+09:00,61000.0,61000.0,61000.0,61000.0,12,0.0,0.0
2025-03-28 11:54:00+09:00,61000.0,61100.0,61000.0,61100.0,246,0.0,0.0
2025-03-28 11:55:00+09:00,61000.0,61100.0,61000.0,61000.0,140,0.0,0.0
2025-03-28 11:56:00+09:00,61000.0,61100.0,61000.0,61000.0,79,0.0,0.0
2025-03-28 11:57:00+09:00,61100.0,61100.0,60900.0,60900.0,704,0.0,0.0
2025-03-28 11:58:00+09:00,60900.0,61000.0,60900.0,61000.0,631,0.0,0.0
2025-03-28 11:59:00+09:00,60900.0,61000.0,60900.0,60950.0,66,0.0,0.0
2025-03-28 12:00:00+09:00,61000.0,61000.0,60900.0,60900.0,661,0.0,0.0
2025-03-28 12:01:00+09:00,60900.0,61000.0,60900.0,60900.0,154,0.0,0.0
2025-03-28 12:02:00+09:00,61000.0,61000.0,60900.0,60900.0,62,0.0,0.0
2025-03-28 12:03:00+09:00,60900.0,61000.0,60900.0,61000.0,472,0.0,0.0
2025-03-28 12:04:00+09:00,60900.0,61000.0,60900.0,60900.0,265,0.0,0.0
2025-03-28 12:05:00+09:00,60900.0,61000.0,60900.0,60900.0,6,0.0,0.0
2025-03-28 12:06:00+09:00,61000.0,61000.0,60900.0,61000.0,135,0.0,0.0
2025-03-28 12:07:00+09:00,60900.0,61000.0,60900.0,60900.0,166,0.0,0.0
2025-03-28 12:08:00+09:00,60900.0,61000.0,60900.0,61000.0,424,0.0,0.0
2025-03-28 12:09:00+09:00,60900.0,61000.0,60900.0,60900.0,56,0.0,0.0
2025-03-28 12:10:00+09:00,60900.0,61000.0,60900.0,60900.0,194,0.0,0.0
2025-03-28 12:11:00+09:00,60900.0,61000.0,60900.0,60900.0,125,0.0,0.0
2025-03-28 12:12:00+09:00,60900.0,61000.0,60900.0,60900.0,52,0.0,0.0
2025-03-28 12:13:00+09:00,60900.0,61000.0,60900.0,60900.0,281,0.0,0.0
2025-03-28 12:14:00+09:00,60900.0,61000.0,60900.0,60900.0,125,0.0,0.0
2025-03-28 12:15:00+09:00,60900.0,60900.0,60900.0,60900.0,48,0.0,0.0
2025-03-28 12:16:00+09:00,60900.0,61000.0,60900.0,60900.0,135,0.0,0.0
2025-03-28 12:17:00+09:00,60900.0,61000.0,60900.0,60900.0,176,0.0,0.0
2025-03-28 12:18:00+09:00,61000.0,61000.0,60900.0,60900.0,44,0.0,0.0
2025-03-28 12:20:00+09:00,60900.0,61000.0,60900.0,60900.0,403,0.0,0.0
2025-03-28 12:21:00+09:00,61000.0,61000.0,60900.0,60900.0,209,0.0,0.0
2025-03-28 12:22:00+09:00,60900.0,61000.0,60900.0,60900.0,83,0.0,0.0
2025-03-28 12:23:00+09:00,61000.0,61000.0,60900.0,60900.0,47,0.0,0.0
2025-03-28 12:24:00+09:00,60900.0,61000.0,60900.0,61000.0,235,0.0,0.0
2025-03-28 12:25:00+09:00,61000.0,61000.0,60900.0,60900.0,163,0.0,0.0
2025-03-28 12:26:00+09:00,60900.0,60900.0,60900.0,60900.0,66,0.0,0.0
2025-03-28 12:27:00+09:00,60900.0,61000.0,60900.0,60900.0,293,0.0,0.0
2025-03-28 12:28:00+09:00,61000.0,61000.0,60900.0,60900.0,344,0.0,0.0
2025-03-28 12:29:00+09:00,60900.0,61000.0,60900.0,60900.0,3,0.0,0.0
2025-03-28 12:30:00+09:00,60900.0,60900.0,60800.0,60900.0,1557,0.0,0.0
2025-03-28 12:31:00+09:00,60900.0,60900.0,60800.0,60900.0,102,0.0,0.0
2025-03-28 12:32:00+09:00,60900.0,61000.0,60800.0,60800.0,824,0.0,0.0
2025-03-28 12:33:00+09:00,60800.0,60900.0,60800.0,60900.0,141,0.0,0.0
2025-03-28 12:34:00+09:00,60800.0,60900.0,60800.0,60800.0,533,0.0,0.0
2025-03-28 12:35:00+09:00,60900.0,60900.0,60800.0,60800.0,440,0.0,0.0
2025-03-28 12:36:00+09:00,60900.0,60950.0,60800.0,60800.0,421,0.0,0.0
2025-03-28 12:37:00+09:00,60800.0,60900.0,60800.0,60900.0,64,0.0,0.0
2025-03-28 12:38:00+09:00,60900.0,60900.0,60800.0,60800.0,152,0.0,0.0
2025-03-28 12:39:00+09:00,60900.0,60900.0,60800.0,60800.0,112,0.0,0.0
2025-03-28 12:40:00+09:00,60900.0,60900.0,60800.0,60800.0,73,0.0,0.0
2025-03-28 12:41:00+09:00,60800.0,60900.0,60800.0,60800.0,217,0.0,0.0
2025-03-28 12:42:00+09:00,60800.0,60900.0,60800.0,60800.0,352,0.0,0.0
2025-03-28 12:43:00+09:00,60800.0,60900.0,60800.0,60800.0,971,0.0,0.0
2025-03-28 12:44:00+09:00,60800.0,60900.0,60800.0,60800.0,234,0.0,0.0
2025-03-28 12:45:00+09:00,60800.0,60900.0,60800.0,60800.0,217,0.0,0.0
2025-03-28 12:46:00+09:00,60900.0,60900.0,60800.0,60900.0,75,0.0,0.0
2025-03-28 12:47:00+09:00,60800.0,60900.0,60800.0,60800.0,80,0.0,0.0
2025-03-28 12:48:00+09:00,60800.0,60900.0,60800.0,60900.0,378,0.0,0.0
2025-03-28 12:49:00+09:00,60900.0,60900.0,60800.0,60900.0,315,0.0,0.0
2025-03-28 12:50:00+09:00,61000.0,61000.0,60900.0,60900.0,0,0.0,0.0
2025-03-28 12:51:00+09:00,60900.0,61000.0,60900.0,60900.0,339,0.0,0.0
2025-03-28 12:52:00+09:00,60900.0,60900.0,60900.0,60900.0,104,0.0,0.0
2025-03-28 12:53:00+09:00,60900.0,61000.0,60900.0,60900.0,157,0.0,0.0
2025-03-28 12:54:00+09:00,60900.0,60900.0,60900.0,60900.0,121,0.0,0.0
2025-03-28 12:55:00+09:00,60900.0,61000.0,60900.0,61000.0,111,0.0,0.0
2025-03-28 12:56:00+09:00,60900.0,60900.0,60900.0,60900.0,56,0.0,0.0
2025-03-28 12:57:00+09:00,61000.0,61000.0,60900.0,60900.0,299,0.0,0.0
2025-03-28 12:58:00+09:00,60900.0,61000.0,60900.0,60900.0,57,0.0,0.0
2025-03-28 12:59:00+09:00,60900.0,61000.0,60900.0,61000.0,263,0.0,0.0
2025-03-28 13:00:00+09:00,60900.0,61000.0,60900.0,60900.0,362,0.0,0.0
2025-03-28 13:01:00+09:00,60900.0,61000.0,60800.0,60900.0,378,0.0,0.0
2025-03-28 13:02:00+09:00,60800.0,60900.0,60800.0,60800.0,117,0.0,0.0
2025-03-28 13:03:00+09:00,60800.0,61000.0,60800.0,60900.0,635,0.0,0.0
2025-03-28 13:04:00+09:00,60800.0,61000.0,60800.0,60800.0,150,0.0,0.0
2025-03-28 13:05:00+09:00,60800.0,60900.0,60800.0,60900.0,110,0.0,0.0
2025-03-28 13:06:00+09:00,60900.0,60900.0,60800.0,60800.0,177,0.0,0.0
2025-03-28 13:07:00+09:00,60800.0,60900.0,60800.0,60900.0,70,0.0,0.0
2025-03-28 13:08:00+09:00,60850.0,60900.0,60800.0,60800.0,349,0.0,0.0
2025-03-28 13:09:00+09:00,60800.0,60900.0,60800.0,60800.0,121,0.0,0.0
2025-03-28 13:10:00+09:00,60900.0,60900.0,60800.0,60800.0,520,0.0,0.0
2025-03-28 13:11:00+09:00,60800.0,60900.0,60800.0,60800.0,119,0.0,0.0
2025-03-28 13:12:00+09:00,60800.0,60900.0,60800.0,60900.0,186,0.0,0.0
2025-03-28 13:13:00+09:00,60800.0,60900.0,60800.0,60800.0,299,0.0,0.0
2025-03-28 13:14:00+09:00,60900.0,60900.0,60800.0,60900.0,353,0.0,0.0
2025-03-28 13:15:00+09:00,60900.0,60900.0,60800.0,60800.0,249,0.0,0.0
2025-03-28 13:16:00+09:00,60900.0,60900.0,60800.0,60800.0,308,0.0,0.0
2025-03-28 13:17:00+09:00,60900.0,60900.0,60800.0,60800.0,258,0.0,0.0
2025-03-28 13:18:00+09:00,60900.0,61000.0,60800.0,60800.0,1679,0.0,0.0
2025-03-28 13:19:00+09:00,60800.0,60900.0,60800.0,60900.0,313,0.0,0.0
2025-03-28 13:20:00+09:00,60900.0,60900.0,60800.0,60900.0,576,0.0,0.0
2025-03-28 13:21:00+09:00,60800.0,60900.0,60800.0,60800.0,126,0.0,0.0
2025-03-28 13:22:00+09:00,60900.0,60900.0,60800.0,60900.0,636,0.0,0.0
2025-03-28 13:23:00+09:00,60900.0,60900.0,60800.0,60900.0,808,0.0,0.0
2025-03-28 13:24:00+09:00,60900.0,61000.0,60800.0,60900.0,387,0.0,0.0
2025-03-28 13:25:00+09:00,60800.0,60900.0,60800.0,60800.0,195,0.0,0.0
2025-03-28 13:26:00+09:00,60900.0,61000.0,60800.0,60800.0,343,0.0,0.0
2025-03-28 13:27:00+09:00,60900.0,61000.0,60800.0,60800.0,328,0.0,0.0
2025-03-28 13:28:00+09:00,60900.0,60900.0,60800.0,60900.0,68,0.0,0.0
2025-03-28 13:29:00+09:00,60900.0,60900.0,60800.0,60800.0,198,0.0,0.0
2025-03-28 13:30:00+09:00,60900.0,60900.0,60800.0,60900.0,374,0.0,0.0
2025-03-28 13:31:00+09:00,60900.0,60900.0,60800.0,60900.0,77,0.0,0.0
2025-03-28 13:32:00+09:00,60900.0,60900.0,60800.0,60900.0,369,0.0,0.0
2025-03-28 13:33:00+09:00,60850.0,60900.0,60850.0,60900.0,583,0.0,0.0
2025-03-28 13:34:00+09:00,60850.0,60900.0,60800.0,60900.0,426,0.0,0.0
2025-03-28 13:35:00+09:00,60900.0,60900.0,60800.0,60900.0,179,0.0,0.0
2025-03-28 13:36:00+09:00,60900.0,61000.0,60800.0,60900.0,475,0.0,0.0
2025-03-28 13:37:00+09:00,60800.0,61000.0,60800.0,60800.0,357,0.0,0.0
2025-03-28 13:38:00+09:00,60800.0,61000.0,60800.0,60900.0,1108,0.0,0.0
2025-03-28 13:39:00+09:00,60800.0,60900.0,60800.0,60900.0,638,0.0,0.0
2025-03-28 13:40:00+09:00,60800.0,60900.0,60800.0,60900.0,347,0.0,0.0
2025-03-28 13:41:00+09:00,60900.0,61000.0,60800.0,60800.0,1403,0.0,0.0
2025-03-28 13:42:00+09:00,60900.0,61000.0,60800.0,60900.0,536,0.0,0.0
2025-03-28 13:43:00+09:00,60800.0,61000.0,60800.0,60800.0,241,0.0,0.0
2025-03-28 13:44:00+09:00,60900.0,60900.0,60800.0,60800.0,566,0.0,0.0
2025-03-28 13:45:00+09:00,60800.0,60900.0,60800.0,60800.0,498,0.0,0.0
2025-03-28 13:46:00+09:00,60800.0,61000.0,60800.0,60900.0,431,0.0,0.0
2025-03-28 13:47:00+09:00,60900.0,60900.0,60800.0,60800.0,621,0.0,0.0
2025-03-28 13:48:00+09:00,60800.0,60900.0,60800.0,60900.0,615,0.0,0.0
2025-03-28 13:49:00+09:00,60900.0,61000.0,60800.0,60800.0,1204,0.0,0.0
2025-03-28 13:50:00+09:00,60900.0,60950.0,60800.0,60800.0,543,0.0,0.0
2025-03-28 13:51:00+09:00,60800.0,61000.0,60700.0,60900.0,1498,0.0,0.0
2025-03-28 13:52:00+09:00,60800.0,60800.0,60700.0,60700.0,446,0.0,0.0
2025-03-28 13:53:00+09:00,60700.0,60900.0,60700.0,60800.0,470,0.0,0.0
2025-03-28 13:54:00+09:00,60700.0,60800.0,60700.0,60700.0,488,0.0,0.0
2025-03-28 13:55:00+09:00,60700.0,60900.0,60700.0,60700.0,1081,0.0,0.0
2025-03-28 13:56:00+09:00,60700.0,60800.0,60700.0,60700.0,517,0.0,0.0
2025-03-28 13:57:00+09:00,60700.0,60800.0,60700.0,60800.0,496,0.0,0.0
2025-03-28 13:58:00+09:00,60800.0,60900.0,60800.0,60800.0,395,0.0,0.0
2025-03-28 13:59:00+09:00,60800.0,60900.0,60800.0,60800.0,244,0.0,0.0
2025-03-28 14:00:00+09:00,60800.0,60900.0,60700.0,60800.0,462,0.0,0.0
2025-03-28 14:01:00+09:00,60800.0,60900.0,60800.0,60900.0,217,0.0,0.0
2025-03-28 14:02:00+09:00,60900.0,60900.0,60800.0,60900.0,496,0.0,0.0
2025-03-28 14:03:00+09:00,60900.0,60900.0,60800.0,60800.0,273,0.0,0.0
2025-03-28 14:04:00+09:00,60800.0,60900.0,60800.0,60800.0,368,0.0,0.0
2025-03-28 14:05:00+09:00,60800.0,60900.0,60800.0,60800.0,468,0.0,0.0
2025-03-28 14:06:00+09:00,60800.0,60900.0,60800.0,60800.0,694,0.0,0.0
2025-03-28 14:07:00+09:00,60800.0,60900.0,60800.0,60800.0,218,0.0,0.0
2025-03-28 14:08:00+09:00,60800.0,60900.0,60800.0,60800.0,448,0.0,0.0
2025-03-28 14:09:00+09:00,60800.0,60900.0,60800.0,60800.0,214,0.0,0.0
2025-03-28 14:10:00+09:00,60800.0,60900.0,60800.0,60900.0,835,0.0,0.0
2025-03-28 14:11:00+09:00,60800.0,60800.0,60800.0,60800.0,344,0.0,0.0
2025-03-28 14:12:00+09:00,60800.0,60900.0,60800.0,60800.0,200,0.0,0.0
2025-03-28 14:13:00+09:00,60800.0,60900.0,60800.0,60800.0,367,0.0,0.0
2025-03-28 14:14:00+09:00,60800.0,60900.0,60700.0,60700.0,767,0.0,0.0
2025-03-28 14:15:00+09:00,60700.0,60800.0,60700.0,60700.0,197,0.0,0.0
2025-03-28 14:16:00+09:00,60800.0,60900.0,60700.0,60800.0,672,0.0,0.0
2025-03-28 14:17:00+09:00,60800.0,60900.0,60800.0,60800.0,174,0.0,0.0
2025-03-28 14:18:00+09:00,60800.0,60900.0,60700.0,60800.0,437,0.0,0.0
2025-03-28 14:19:00+09:00,60800.0,60900.0,60700.0,60800.0,485,0.0,0.0
2025-03-28 14:20:00+09:00,60800.0,60900.0,60800.0,60800.0,409,0.0,0.0
2025-03-28 14:21:00+09:00,60900.0,60900.0,60800.0,60800.0,188,0.0,0.0
2025-03-28 14:22:00+09:00,60800.0,60900.0,60700.0,60700.0,403,0.0,0.0
2025-03-28 14:23:00+09:00,60700.0,60800.0,60700.0,60800.0,250,0.0,0.0
2025-03-28 14:24:00+09:00,60800.0,60900.0,60700.0,60800.0,467,0.0,0.0
2025-03-28 14:25:00+09:00,60700.0,60800.0,60700.0,60700.0,284,0.0,0.0
2025-03-28 14:26:00+09:00,60700.0,60900.0,60700.0,60800.0,357,0.0,0.0
2025-03-28 14:27:00+09:00,60750.0,60900.0,60700.0,60700.0,482,0.0,0.0
2025-03-28 14:28:00+09:00,60750.0,61000.0,60700.0,60900.0,1863,0.0,0.0
2025-03-28 14:29:00+09:00,61000.0,61000.0,60800.0,61000.0,458,0.0,0.0
2025-03-28 14:30:00+09:00,60900.0,61000.0,60800.0,60800.0,853,0.0,0.0
2025-03-28 14:31:00+09:00,60800.0,60900.0,60800.0,60800.0,290,0.0,0.0
2025-03-28 14:32:00+09:00,60900.0,61000.0,60800.0,60800.0,562,0.0,0.0
2025-03-28 14:33:00+09:00,60900.0,60900.0,60800.0,60800.0,459,0.0,0.0
2025-03-28 14:34:00+09:00,60900.0,60900.0,60800.0,60800.0,234,0.0,0.0
2025-03-28 14:35:00+09:00,60800.0,60900.0,60800.0,60800.0,570,0.0,0.0
2025-03-28 14:36:00+09:00,60900.0,60900.0,60800.0,60900.0,707,0.0,0.0
2025-03-28 14:37:00+09:00,60800.0,60900.0,60800.0,60900.0,586,0.0,0.0
2025-03-28 14:38:00+09:00,60800.0,60900.0,60800.0,60800.0,231,0.0,0.0
2025-03-28 14:39:00+09:00,60800.0,60900.0,60800.0,60800.0,466,0.0,0.0
2025-03-28 14:40:00+09:00,60900.0,60900.0,60800.0,60800.0,787,0.0,0.0
2025-03-28 14:41:00+09:00,60800.0,60900.0,60800.0,60900.0,815,0.0,0.0
2025-03-28 14:42:00+09:00,60900.0,61000.0,60800.0,61000.0,517,0.0,0.0
2025-03-28 14:43:00+09:00,60900.0,61000.0,60800.0,60900.0,972,0.0,0.0
2025-03-28 14:44:00+09:00,60900.0,60900.0,60800.0,60900.0,270,0.0,0.0
2025-03-28 14:45:00+09:00,60900.0,60900.0,60800.0,60800.0,419,0.0,0.0
2025-03-28 14:46:00+09:00,60800.0,60900.0,60800.0,60800.0,379,0.0,0.0
2025-03-28 14:47:00+09:00,60800.0,60900.0,60800.0,60900.0,488,0.0,0.0
2025-03-28 14:48:00+09:00,60900.0,60900.0,60800.0,60900.0,445,0.0,0.0
2025-03-28 14:49:00+09:00,60900.0,60900.0,60800.0,60800.0,878,0.0,0.0
2025-03-28 14:50:00+09:00,60900.0,60900.0,60800.0,60800.0,490,0.0,0.0
2025-03-28 14:51:00+09:00,60800.0,60900.0,60800.0,60800.0,379,0.0,0.0
2025-03-28 14:52:00+09:00,60900.0,60900.0,60800.0,60900.0,324,0.0,0.0
2025-03-28 14:53:00+09:00,60800.0,60900.0,60800.0,60900.0,476,0.0,0.0
2025-03-28 14:54:00+09:00,60900.0,60900.0,60800.0,60900.0,964,0.0,0.0
2025-03-28 14:55:00+09:00,60800.0,60900.0,60800.0,60800.0,526,0.0,0.0
2025-03-28 14:56:00+09:00,60800.0,60900.0,60800.0,60800.0,512,0.0,0.0
2025-03-28 14:57:00+09:00,60900.0,61000.0,60800.0,61000.0,1572,0.0,0.0
2025-03-28 14:58:00+09:00,61000.0,61000.0,60900.0,60900.0,207,0.0,0.0
2025-03-28 14:59:00+09:00,60900.0,61000.0,60900.0,60900.0,664,0.0,0.0
2025-03-31 09:00:00+09:00,60200.0,60600.0,60200.0,60400.0,18821,0.0,0.0
2025-03-31 09:01:00+09:00,60300.0,60400.0,60150.0,60150.0,3927,0.0,0.0
2025-03-31 09:02:00+09:00,60150.0,60400.0,60100.0,60300.0,7661,0.0,0.0
2025-03-31 09:03:00+09:00,60300.0,60300.0,60100.0,60200.0,476,0.0,0.0
2025-03-31 09:04:00+09:00,60200.0,60400.0,60100.0,60400.0,6036,0.0,0.0
2025-03-31 09:05:00+09:00,60300.0,60400.0,60300.0,60400.0,2534,0.0,0.0
2025-03-31 09:06:00+09:00,60400.0,60400.0,60300.0,60350.0,165,0.0,0.0
2025-03-31 09:07:00+09:00,60400.0,60400.0,60100.0,60200.0,3059,0.0,0.0
2025-03-31 09:08:00+09:00,60200.0,60200.0,60100.0,60100.0,1088,0.0,0.0
2025-03-31 09:09:00+09:00,60200.0,60200.0,60100.0,60200.0,433,0.0,0.0
2025-03-31 09:10:00+09:00,60200.0,60200.0,60000.0,60100.0,9825,0.0,0.0
2025-03-31 09:11:00+09:00,60200.0,60200.0,60000.0,60100.0,11676,0.0,0.0
2025-03-31 09:12:00+09:00,60100.0,60100.0,59900.0,60100.0,2225,0.0,0.0
2025-03-31 09:13:00+09:00,60100.0,60100.0,59800.0,60000.0,4001,0.0,0.0
2025-03-31 09:14:00+09:00,60000.0,60200.0,59900.0,60100.0,8755,0.0,0.0
2025-03-31 09:15:00+09:00,60100.0,60200.0,59900.0,60000.0,2190,0.0,0.0
2025-03-31 09:16:00+09:00,60000.0,60000.0,59900.0,60000.0,871,0.0,0.0
2025-03-31 09:17:00+09:00,60000.0,60000.0,59900.0,59900.0,1841,0.0,0.0
2025-03-31 09:18:00+09:00,59900.0,60000.0,59800.0,59900.0,1648,0.0,0.0
2025-03-31 09:19:00+09:00,59900.0,59900.0,59800.0,59800.0,489,0.0,0.0
2025-03-31 09:20:00+09:00,59900.0,59900.0,59800.0,59900.0,3232,0.0,0.0
2025-03-31 09:21:00+09:00,59900.0,60000.0,59850.0,60000.0,4912,0.0,0.0
2025-03-31 09:22:00+09:00,60000.0,60000.0,59900.0,60000.0,982,0.0,0.0
2025-03-31 09:23:00+09:00,60000.0,60000.0,59600.0,59700.0,11805,0.0,0.0
2025-03-31 09:24:00+09:00,59700.0,59800.0,59600.0,59800.0,5852,0.0,0.0
2025-03-31 09:25:00+09:00,59800.0,59800.0,59700.0,59800.0,648,0.0,0.0
2025-03-31 09:26:00+09:00,59800.0,59800.0,59700.0,59700.0,500,0.0,0.0
2025-03-31 09:27:00+09:00,59800.0,59800.0,59700.0,59800.0,367,0.0,0.0
2025-03-31 09:28:00+09:00,59800.0,59800.0,59700.0,59800.0,307,0.0,0.0
2025-03-31 09:29:00+09:00,59800.0,59800.0,59700.0,59800.0,710,0.0,0.0
2025-03-31 09:30:00+09:00,59800.0,59800.0,59700.0,59700.0,4794,0.0,0.0
2025-03-31 09:31:00+09:00,59700.0,59700.0,59600.0,59700.0,398,0.0,0.0
2025-03-31 09:32:00+09:00,59700.0,59700.0,59600.0,59600.0,3206,0.0,0.0
2025-03-31 09:33:00+09:00,59700.0,59700.0,59400.0,59500.0,5276,0.0,0.0
2025-03-31 09:34:00+09:00,59500.0,59500.0,59400.0,59500.0,415,0.0,0.0
2025-03-31 09:35:00+09:00,59500.0,59600.0,59450.0,59600.0,9555,0.0,0.0
2025-03-31 09:36:00+09:00,59600.0,59600.0,59400.0,59500.0,3679,0.0,0.0
2025-03-31 09:37:00+09:00,59500.0,59500.0,59400.0,59500.0,966,0.0,0.0
2025-03-31 09:38:00+09:00,59500.0,59500.0,59300.0,59300.0,7621,0.0,0.0
2025-03-31 09:39:00+09:00,59300.0,59500.0,59300.0,59400.0,10025,0.0,0.0
2025-03-31 09:40:00+09:00,59500.0,59500.0,59300.0,59400.0,7663,0.0,0.0
2025-03-31 09:41:00+09:00,59400.0,59500.0,59400.0,59500.0,0,0.0,0.0
2025-03-31 09:42:00+09:00,59400.0,59500.0,59400.0,59400.0,144,0.0,0.0
2025-03-31 09:43:00+09:00,59400.0,59500.0,59400.0,59500.0,427,0.0,0.0
2025-03-31 09:44:00+09:00,59500.0,59500.0,59450.0,59450.0,338,0.0,0.0
2025-03-31 09:45:00+09:00,59500.0,59700.0,59450.0,59650.0,2456,0.0,0.0
2025-03-31 09:46:00+09:00,59700.0,59700.0,59650.0,59700.0,470,0.0,0.0
2025-03-31 09:47:00+09:00,59650.0,59700.0,59500.0,59700.0,2267,0.0,0.0
2025-03-31 09:48:00+09:00,59600.0,59600.0,59500.0,59600.0,1964,0.0,0.0
2025-03-31 09:49:00+09:00,59600.0,59600.0,59500.0,59500.0,815,0.0,0.0
2025-03-31 09:50:00+09:00,59500.0,59600.0,59500.0,59500.0,147,0.0,0.0
2025-03-31 09:51:00+09:00,59500.0,59600.0,59500.0,59600.0,783,0.0,0.0
2025-03-31 09:52:00+09:00,59600.0,59600.0,59500.0,59500.0,220,0.0,0.0
2025-03-31 09:53:00+09:00,59600.0,59600.0,59500.0,59500.0,3453,0.0,0.0
2025-03-31 09:54:00+09:00,59600.0,59650.0,59500.0,59600.0,1220,0.0,0.0
2025-03-31 09:55:00+09:00,59700.0,59700.0,59600.0,59600.0,195,0.0,0.0
2025-03-31 09:56:00+09:00,59600.0,59700.0,59600.0,59700.0,420,0.0,0.0
2025-03-31 09:57:00+09:00,59700.0,59700.0,59700.0,59700.0,0,0.0,0.0
2025-03-31 09:58:00+09:00,59600.0,59700.0,59600.0,59600.0,2537,0.0,0.0
2025-03-31 09:59:00+09:00,59700.0,59700.0,59600.0,59600.0,1357,0.0,0.0
2025-03-31 10:00:00+09:00,59650.0,59700.0,59600.0,59700.0,275,0.0,0.0
2025-03-31 10:01:00+09:00,59700.0,59900.0,59600.0,59800.0,3616,0.0,0.0
2025-03-31 10:02:00+09:00,59800.0,59800.0,59700.0,59800.0,749,0.0,0.0
2025-03-31 10:03:00+09:00,59800.0,59800.0,59700.0,59750.0,113,0.0,0.0
2025-03-31 10:04:00+09:00,59700.0,59800.0,59700.0,59800.0,623,0.0,0.0
2025-03-31 10:05:00+09:00,59800.0,59800.0,59700.0,59700.0,420,0.0,0.0
2025-03-31 10:06:00+09:00,59800.0,60100.0,59700.0,60000.0,4086,0.0,0.0
2025-03-31 10:07:00+09:00,59900.0,60000.0,59800.0,59900.0,715,0.0,0.0
2025-03-31 10:08:00+09:00,59800.0,59900.0,59800.0,59900.0,224,0.0,0.0
2025-03-31 10:09:00+09:00,59800.0,59900.0,59700.0,59800.0,935,0.0,0.0
2025-03-31 10:10:00+09:00,59800.0,59800.0,59700.0,59800.0,824,0.0,0.0
2025-03-31 10:11:00+09:00,59700.0,59800.0,59700.0,59800.0,689,0.0,0.0
2025-03-31 10:12:00+09:00,59800.0,60000.0,59700.0,59900.0,7647,0.0,0.0
2025-03-31 10:13:00+09:00,59800.0,60000.0,59800.0,59900.0,1077,0.0,0.0
2025-03-31 10:14:00+09:00,59900.0,60000.0,59900.0,59900.0,302,0.0,0.0
2025-03-31 10:15:00+09:00,60000.0,60000.0,59900.0,59900.0,1744,0.0,0.0
2025-03-31 10:16:00+09:00,60000.0,60000.0,59900.0,60000.0,273,0.0,0.0
2025-03-31 10:17:00+09:00,60000.0,60100.0,60000.0,60000.0,3388,0.0,0.0
2025-03-31 10:18:00+09:00,60000.0,60100.0,59900.0,60000.0,1420,0.0,0.0
2025-03-31 10:19:00+09:00,59900.0,60000.0,59900.0,60000.0,647,0.0,0.0
2025-03-31 10:20:00+09:00,59900.0,60000.0,59900.0,59900.0,1942,0.0,0.0
2025-03-31 10:21:00+09:00,60000.0,60000.0,59900.0,60000.0,3550,0.0,0.0
2025-03-31 10:22:00+09:00,59900.0,60100.0,59900.0,60000.0,4144,0.0,0.0
2025-03-31 10:23:00+09:00,60050.0,60200.0,60000.0,60000.0,657,0.0,0.0
2025-03-31 10:24:00+09:00,60000.0,60100.0,60000.0,60000.0,312,0.0,0.0
2025-03-31 10:25:00+09:00,60100.0,60100.0,60000.0,60000.0,469,0.0,0.0
2025-03-31 10:26:00+09:00,60000.0,60100.0,60000.0,60100.0,265,0.0,0.0
2025-03-31 10:27:00+09:00,60000.0,60100.0,60000.0,60000.0,572,0.0,0.0
2025-03-31 10:28:00+09:00,60000.0,60100.0,60000.0,60100.0,364,0.0,0.0
2025-03-31 10:29:00+09:00,60100.0,60100.0,60000.0,60100.0,998,0.0,0.0
2025-03-31 10:30:00+09:00,60100.0,60100.0,60000.0,60000.0,1165,0.0,0.0
2025-03-31 10:31:00+09:00,60000.0,60100.0,60000.0,60000.0,896,0.0,0.0
2025-03-31 10:32:00+09:00,60100.0,60100.0,60000.0,60000.0,265,0.0,0.0
2025-03-31 10:33:00+09:00,60100.0,60100.0,60000.0,60000.0,487,0.0,0.0
2025-03-31 10:34:00+09:00,60100.0,60200.0,60000.0,60100.0,6265,0.0,0.0
2025-03-31 10:35:00+09:00,60100.0,60200.0,60100.0,60100.0,218,0.0,0.0
2025-03-31 10:36:00+09:00,60100.0,60200.0,60100.0,60100.0,272,0.0,0.0
2025-03-31 10:37:00+09:00,60100.0,60200.0,60100.0,60100.0,360,0.0,0.0
2025-03-31 10:38:00+09:00,60100.0,60200.0,60100.0,60100.0,415,0.0,0.0
2025-03-31 10:39:00+09:00,60100.0,60200.0,60000.0,60100.0,589,0.0,0.0
2025-03-31 10:40:00+09:00,60100.0,60100.0,60000.0,60100.0,338,0.0,0.0
2025-03-31 10:41:00+09:00,60000.0,60100.0,60000.0,60000.0,221,0.0,0.0
2025-03-31 10:42:00+09:00,60000.0,60100.0,60000.0,60100.0,281,0.0,0.0
2025-03-31 10:43:00+09:00,60100.0,60100.0,60000.0,60000.0,342,0.0,0.0
2025-03-31 10:44:00+09:00,60100.0,60100.0,60000.0,60000.0,195,0.0,0.0
2025-03-31 10:45:00+09:00,60000.0,60100.0,60000.0,60100.0,311,0.0,0.0
2025-03-31 10:46:00+09:00,60000.0,60100.0,60000.0,60000.0,355,0.0,0.0
2025-03-31 10:47:00+09:00,60000.0,60100.0,60000.0,60000.0,224,0.0,0.0
2025-03-31 10:48:00+09:00,60100.0,60100.0,60000.0,60000.0,809,0.0,0.0
2025-03-31 10:49:00+09:00,60100.0,60100.0,60000.0,60100.0,1011,0.0,0.0
2025-03-31 10:50:00+09:00,60000.0,60100.0,60000.0,60000.0,1088,0.0,0.0
2025-03-31 10:51:00+09:00,60100.0,60100.0,60000.0,60000.0,448,0.0,0.0
2025-03-31 10:52:00+09:00,60000.0,60100.0,60000.0,60000.0,331,0.0,0.0
2025-03-31 10:53:00+09:00,60000.0,60100.0,60000.0,60100.0,741,0.0,0.0
2025-03-31 10:54:00+09:00,60000.0,60100.0,60000.0,60000.0,272,0.0,0.0
2025-03-31 10:55:00+09:00,60100.0,60100.0,60000.0,60000.0,219,0.0,0.0
2025-03-31 10:56:00+09:00,60050.0,60100.0,60000.0,60000.0,4378,0.0,0.0
2025-03-31 10:57:00+09:00,60000.0,60200.0,60000.0,60100.0,26843,0.0,0.0
2025-03-31 10:58:00+09:00,60100.0,60200.0,60100.0,60200.0,475,0.0,0.0
2025-03-31 10:59:00+09:00,60100.0,60200.0,60100.0,60100.0,505,0.0,0.0
2025-03-31 11:00:00+09:00,60100.0,60200.0,60100.0,60100.0,1728,0.0,0.0
2025-03-31 11:01:00+09:00,60200.0,60200.0,60100.0,60200.0,153,0.0,0.0
2025-03-31 11:02:00+09:00,60200.0,60200.0,60100.0,60200.0,223,0.0,0.0
2025-03-31 11:03:00+09:00,60100.0,60200.0,60100.0,60100.0,204,0.0,0.0
2025-03-31 11:04:00+09:00,60100.0,60200.0,60100.0,60100.0,202,0.0,0.0
2025-03-31 11:05:00+09:00,60100.0,60200.0,60100.0,60200.0,162,0.0,0.0
2025-03-31 11:06:00+09:00,60100.0,60200.0,60100.0,60100.0,708,0.0,0.0
2025-03-31 11:07:00+09:00,60200.0,60200.0,60000.0,60000.0,2133,0.0,0.0
2025-03-31 11:08:00+09:00,60000.0,60100.0,60000.0,60000.0,164,0.0,0.0
2025-03-31 11:09:00+09:00,60000.0,60100.0,60000.0,60000.0,1732,0.0,0.0
2025-03-31 11:10:00+09:00,60000.0,60100.0,60000.0,60000.0,253,0.0,0.0
2025-03-31 11:11:00+09:00,60100.0,60100.0,60000.0,60000.0,197,0.0,0.0
2025-03-31 11:12:00+09:00,60000.0,60100.0,60000.0,60000.0,367,0.0,0.0
2025-03-31 11:13:00+09:00,60100.0,60100.0,60000.0,60100.0,1648,0.0,0.0
2025-03-31 11:14:00+09:00,60000.0,60100.0,60000.0,60100.0,5058,0.0,0.0
2025-03-31 11:15:00+09:00,60000.0,60200.0,60000.0,60200.0,14960,0.0,0.0
2025-03-31 11:16:00+09:00,60200.0,60200.0,60100.0,60100.0,528,0.0,0.0
2025-03-31 11:17:00+09:00,60100.0,60200.0,60100.0,60200.0,357,0.0,0.0
2025-03-31 11:18:00+09:00,60100.0,60200.0,60100.0,60100.0,486,0.0,0.0
2025-03-31 11:19:00+09:00,60100.0,60200.0,60100.0,60100.0,627,0.0,0.0
2025-03-31 11:20:00+09:00,60100.0,60200.0,60000.0,60000.0,2329,0.0,0.0
2025-03-31 11:21:00+09:00,60000.0,60100.0,60000.0,60050.0,1015,0.0,0.0
2025-03-31 11:22:00+09:00,60050.0,60100.0,60050.0,60050.0,285,0.0,0.0
2025-03-31 11:23:00+09:00,60050.0,60100.0,60000.0,60100.0,257,0.0,0.0
2025-03-31 11:24:00+09:00,60000.0,60100.0,60000.0,60000.0,233,0.0,0.0
2025-03-31 11:25:00+09:00,60000.0,60100.0,60000.0,60000.0,367,0.0,0.0
2025-03-31 11:26:00+09:00,60000.0,60100.0,60000.0,60100.0,417,0.0,0.0
2025-03-31 11:27:00+09:00,60100.0,60100.0,60000.0,60100.0,490,0.0,0.0
2025-03-31 11:28:00+09:00,60100.0,60100.0,60000.0,60000.0,498,0.0,0.0
2025-03-31 11:29:00+09:00,60000.0,60100.0,60000.0,60100.0,388,0.0,0.0
2025-03-31 11:30:00+09:00,60100.0,60100.0,60000.0,60000.0,306,0.0,0.0
2025-03-31 11:31:00+09:00,60100.0,60100.0,60000.0,60000.0,319,0.0,0.0
2025-03-31 11:32:00+09:00,60100.0,60100.0,60000.0,60000.0,305,0.0,0.0
2025-03-31 11:33:00+09:00,60000.0,60100.0,60000.0,60000.0,257,0.0,0.0
2025-03-31 11:34:00+09:00,60000.0,60100.0,60000.0,60100.0,493,0.0,0.0
2025-03-31 11:35:00+09:00,60100.0,60100.0,60000.0,60000.0,502,0.0,0.0
2025-03-31 11:36:00+09:00,60100.0,60100.0,60000.0,60000.0,772,0.0,0.0
2025-03-31 11:37:00+09:00,60100.0,60100.0,60000.0,60000.0,447,0.0,0.0
2025-03-31 11:38:00+09:00,60000.0,60100.0,60000.0,60100.0,264,0.0,0.0
2025-03-31 11:39:00+09:00,60000.0,60100.0,60000.0,60000.0,498,0.0,0.0
2025-03-31 11:40:00+09:00,60000.0,60100.0,60000.0,60100.0,343,0.0,0.0
2025-03-31 11:41:00+09:00,60100.0,60100.0,60000.0,60100.0,424,0.0,0.0
2025-03-31 11:42:00+09:00,60100.0,60100.0,60000.0,60100.0,687,0.0,0.0
2025-03-31 11:43:00+09:00,60000.0,60100.0,60000.0,60000.0,445,0.0,0.0
2025-03-31 11:44:00+09:00,60100.0,60200.0,60100.0,60100.0,17752,0.0,0.0
2025-03-31 11:45:00+09:00,60100.0,60200.0,60100.0,60100.0,383,0.0,0.0
2025-03-31 11:46:00+09:00,60100.0,60200.0,60100.0,60100.0,171,0.0,0.0
2025-03-31 11:47:00+09:00,60100.0,60200.0,60100.0,60100.0,259,0.0,0.0
2025-03-31 11:48:00+09:00,60200.0,60200.0,60100.0,60100.0,299,0.0,0.0
2025-03-31 11:49:00+09:00,60100.0,60200.0,60100.0,60200.0,250,0.0,0.0
2025-03-31 11:50:00+09:00,60200.0,60200.0,60100.0,60100.0,307,0.0,0.0
2025-03-31 11:51:00+09:00,60100.0,60200.0,60100.0,60100.0,242,0.0,0.0
2025-03-31 11:52:00+09:00,60100.0,60200.0,60100.0,60100.0,382,0.0,0.0
2025-03-31 11:53:00+09:00,60200.0,60200.0,60100.0,60100.0,182,0.0,0.0
2025-03-31 11:54:00+09:00,60100.0,60200.0,60100.0,60100.0,235,0.0,0.0
2025-03-31 11:55:00+09:00,60100.0,60200.0,60100.0,60100.0,319,0.0,0.0
2025-03-31 11:56:00+09:00,60200.0,60200.0,60100.0,60200.0,256,0.0,0.0
2025-03-31 11:57:00+09:00,60100.0,60200.0,60100.0,60200.0,349,0.0,0.0
2025-03-31 11:58:00+09:00,60100.0,60200.0,60100.0,60100.0,332,0.0,0.0
2025-03-31 11:59:00+09:00,60100.0,60200.0,60100.0,60100.0,133,0.0,0.0
2025-03-31 12:00:00+09:00,60100.0,60200.0,60100.0,60200.0,449,0.0,0.0
2025-03-31 12:01:00+09:00,60100.0,60200.0,60100.0,60200.0,314,0.0,0.0
2025-03-31 12:02:00+09:00,60100.0,60200.0,60100.0,60100.0,119,0.0,0.0
2025-03-31 12:03:00+09:00,60100.0,60200.0,60100.0,60100.0,229,0.0,0.0
2025-03-31 12:04:00+09:00,60100.0,60200.0,60100.0,60100.0,301,0.0,0.0
2025-03-31 12:05:00+09:00,60100.0,60200.0,60100.0,60100.0,272,0.0,0.0
2025-03-31 12:06:00+09:00,60200.0,60200.0,60100.0,60200.0,241,0.0,0.0
2025-03-31 12:07:00+09:00,60200.0,60200.0,60100.0,60100.0,172,0.0,0.0
2025-03-31 12:08:00+09:00,60100.0,60200.0,60100.0,60100.0,385,0.0,0.0
2025-03-31 12:09:00+09:00,60100.0,60200.0,60100.0,60100.0,83,0.0,0.0
2025-03-31 12:10:00+09:00,60200.0,60200.0,60100.0,60200.0,382,0.0,0.0
2025-03-31 12:11:00+09:00,60200.0,60200.0,60000.0,60100.0,9425,0.0,0.0
2025-03-31 12:12:00+09:00,60100.0,60100.0,60000.0,60100.0,182,0.0,0.0
2025-03-31 12:13:00+09:00,60000.0,60100.0,60000.0,60000.0,999,0.0,0.0
2025-03-31 12:14:00+09:00,60100.0,60100.0,60000.0,60000.0,0,0.0,0.0
2025-03-31 12:15:00+09:00,60000.0,60100.0,60000.0,60000.0,501,0.0,0.0
2025-03-31 12:16:00+09:00,60000.0,60100.0,60000.0,60100.0,138,0.0,0.0
2025-03-31 12:17:00+09:00,60000.0,60100.0,60000.0,60100.0,245,0.0,0.0
2025-03-31 12:18:00+09:00,60050.0,60100.0,60000.0,60000.0,142,0.0,0.0
2025-03-31 12:19:00+09:00,60000.0,60100.0,60000.0,60000.0,217,0.0,0.0
2025-03-31 12:20:00+09:00,60100.0,60100.0,60000.0,60000.0,293,0.0,0.0
2025-03-31 12:21:00+09:00,60000.0,60100.0,60000.0,60100.0,360,0.0,0.0
2025-03-31 12:22:00+09:00,60100.0,60100.0,60000.0,60000.0,401,0.0,0.0
2025-03-31 12:23:00+09:00,60000.0,60100.0,60000.0,60100.0,212,0.0,0.0
2025-03-31 12:24:00+09:00,60100.0,60100.0,60000.0,60100.0,742,0.0,0.0
2025-03-31 12:25:00+09:00,60000.0,60100.0,60000.0,60100.0,310,0.0,0.0
2025-03-31 12:26:00+09:00,60000.0,60100.0,60000.0,60000.0,330,0.0,0.0
2025-03-31 12:27:00+09:00,60100.0,60100.0,60000.0,60000.0,634,0.0,0.0
2025-03-31 12:28:00+09:00,60100.0,60100.0,60000.0,60100.0,268,0.0,0.0
2025-03-31 12:29:00+09:00,60000.0,60100.0,60000.0,60100.0,260,0.0,0.0
2025-03-31 12:30:00+09:00,60100.0,60100.0,60000.0,60000.0,322,0.0,0.0
2025-03-31 12:31:00+09:00,60000.0,60100.0,60000.0,60000.0,514,0.0,0.0
2025-03-31 12:32:00+09:00,60000.0,60100.0,60000.0,60100.0,296,0.0,0.0
2025-03-31 12:33:00+09:00,60100.0,60100.0,60000.0,60100.0,283,0.0,0.0
2025-03-31 12:34:00+09:00,60100.0,60100.0,60000.0,60100.0,281,0.0,0.0
2025-03-31 12:35:00+09:00,60100.0,60100.0,59900.0,60000.0,10873,0.0,0.0
2025-03-31 12:36:00+09:00,60000.0,60000.0,59900.0,60000.0,155,0.0,0.0
2025-03-31 12:37:00+09:00,59900.0,60000.0,59900.0,59900.0,238,0.0,0.0
2025-03-31 12:38:00+09:00,60000.0,60000.0,59900.0,60000.0,173,0.0,0.0
2025-03-31 12:39:00+09:00,60000.0,60000.0,59900.0,59900.0,520,0.0,0.0
2025-03-31 12:40:00+09:00,60000.0,60000.0,59900.0,60000.0,303,0.0,0.0
2025-03-31 12:41:00+09:00,59900.0,60000.0,59900.0,60000.0,259,0.0,0.0
2025-03-31 12:42:00+09:00,59900.0,60000.0,59800.0,59800.0,2677,0.0,0.0
2025-03-31 12:43:00+09:00,59900.0,59900.0,59800.0,59900.0,210,0.0,0.0
2025-03-31 12:44:00+09:00,59800.0,59900.0,59800.0,59800.0,371,0.0,0.0
2025-03-31 12:45:00+09:00,59800.0,59900.0,59800.0,59800.0,162,0.0,0.0
2025-03-31 12:46:00+09:00,59900.0,59900.0,59800.0,59800.0,468,0.0,0.0
2025-03-31 12:47:00+09:00,59900.0,59900.0,59800.0,59800.0,466,0.0,0.0
2025-03-31 12:48:00+09:00,59800.0,59900.0,59800.0,59800.0,441,0.0,0.0
2025-03-31 12:49:00+09:00,59900.0,59900.0,59800.0,59900.0,174,0.0,0.0
2025-03-31 12:50:00+09:00,59800.0,59900.0,59800.0,59800.0,338,0.0,0.0
2025-03-31 12:51:00+09:00,59800.0,59900.0,59800.0,59800.0,246,0.0,0.0
2025-03-31 12:52:00+09:00,59900.0,59900.0,59800.0,59900.0,175,0.0,0.0
2025-03-31 12:53:00+09:00,59800.0,59900.0,59800.0,59800.0,176,0.0,0.0
2025-03-31 12:54:00+09:00,59900.0,59900.0,59800.0,59900.0,140,0.0,0.0
2025-03-31 12:55:00+09:00,59800.0,59900.0,59800.0,59800.0,440,0.0,0.0
2025-03-31 12:56:00+09:00,59800.0,59900.0,59800.0,59800.0,77,0.0,0.0
2025-03-31 12:57:00+09:00,59900.0,59900.0,59800.0,59900.0,404,0.0,0.0
2025-03-31 12:58:00+09:00,59800.0,59900.0,59800.0,59900.0,554,0.0,0.0
2025-03-31 12:59:00+09:00,59800.0,59900.0,59800.0,59800.0,581,0.0,0.0
2025-03-31 13:00:00+09:00,59900.0,59900.0,59800.0,59800.0,865,0.0,0.0
2025-03-31 13:01:00+09:00,59800.0,59900.0,59800.0,59900.0,445,0.0,0.0
2025-03-31 13:02:00+09:00,59800.0,59900.0,59800.0,59800.0,410,0.0,0.0
2025-03-31 13:03:00+09:00,59800.0,59900.0,59800.0,59800.0,326,0.0,0.0
2025-03-31 13:04:00+09:00,59800.0,59900.0,59800.0,59800.0,535,0.0,0.0
2025-03-31 13:05:00+09:00,59800.0,59900.0,59800.0,59800.0,23,0.0,0.0
2025-03-31 13:06:00+09:00,59900.0,59900.0,59800.0,59800.0,294,0.0,0.0
2025-03-31 13:07:00+09:00,59800.0,59900.0,59800.0,59800.0,158,0.0,0.0
2025-03-31 13:08:00+09:00,59900.0,59900.0,59700.0,59700.0,5296,0.0,0.0
2025-03-31 13:09:00+09:00,59800.0,59800.0,59700.0,59800.0,530,0.0,0.0
2025-03-31 13:10:00+09:00,59700.0,59800.0,59600.0,59600.0,3859,0.0,0.0
2025-03-31 13:11:00+09:00,59600.0,59700.0,59600.0,59600.0,438,0.0,0.0
2025-03-31 13:12:00+09:00,59700.0,59700.0,59600.0,59700.0,604,0.0,0.0
2025-03-31 13:13:00+09:00,59600.0,59700.0,59600.0,59600.0,9202,0.0,0.0
2025-03-31 13:14:00+09:00,59600.0,59700.0,59600.0,59700.0,1790,0.0,0.0
2025-03-31 13:15:00+09:00,59700.0,59700.0,59600.0,59700.0,3454,0.0,0.0
2025-03-31 13:16:00+09:00,59600.0,59700.0,59600.0,59600.0,458,0.0,0.0
2025-03-31 13:17:00+09:00,59700.0,59700.0,59600.0,59700.0,269,0.0,0.0
2025-03-31 13:18:00+09:00,59600.0,59700.0,59600.0,59700.0,485,0.0,0.0
2025-03-31 13:19:00+09:00,59700.0,59700.0,59600.0,59600.0,1275,0.0,0.0
