Datetime,Open,High,Low,Close,Volume,Dividends,Stock Splits
2025-02-13 13:21:00+09:00,60800.0,60900.0,60800.0,60800.0,0,0.0,0.0
2025-02-13 13:22:00+09:00,60800.0,60900.0,60800.0,60800.0,397,0.0,0.0
2025-02-13 13:23:00+09:00,60800.0,60900.0,60800.0,60800.0,767,0.0,0.0
2025-02-13 13:24:00+09:00,60800.0,60900.0,60800.0,60800.0,502,0.0,0.0
2025-02-13 13:25:00+09:00,60900.0,60900.0,60700.0,60700.0,8795,0.0,0.0
2025-02-13 13:26:00+09:00,60700.0,60800.0,60700.0,60700.0,1242,0.0,0.0
2025-02-13 13:27:00+09:00,60700.0,60800.0,60700.0,60700.0,573,0.0,0.0
2025-02-13 13:28:00+09:00,60700.0,60800.0,60700.0,60700.0,578,0.0,0.0
2025-02-13 13:29:00+09:00,60700.0,60800.0,60600.0,60700.0,9685,0.0,0.0
2025-02-13 13:30:00+09:00,60700.0,60800.0,60700.0,60700.0,1348,0.0,0.0
2025-02-13 13:31:00+09:00,60700.0,60800.0,60700.0,60800.0,364,0.0,0.0
2025-02-13 13:32:00+09:00,60700.0,60800.0,60700.0,60700.0,403,0.0,0.0
2025-02-13 13:33:00+09:00,60700.0,60800.0,60700.0,60700.0,487,0.0,0.0
2025-02-13 13:34:00+09:00,60700.0,60800.0,60700.0,60800.0,494,0.0,0.0
2025-02-13 13:35:00+09:00,60700.0,60800.0,60700.0,60800.0,459,0.0,0.0
2025-02-13 13:36:00+09:00,60800.0,60800.0,60700.0,60700.0,422,0.0,0.0
2025-02-13 13:37:00+09:00,60700.0,60800.0,60700.0,60700.0,377,0.0,0.0
2025-02-13 13:38:00+09:00,60700.0,60800.0,60700.0,60700.0,1080,0.0,0.0
2025-02-13 13:39:00+09:00,60700.0,60800.0,60700.0,60700.0,1322,0.0,0.0
2025-02-13 13:40:00+09:00,60700.0,60800.0,60700.0,60800.0,601,0.0,0.0
2025-02-13 13:41:00+09:00,60700.0,60800.0,60700.0,60800.0,1759,0.0,0.0
2025-02-13 13:42:00+09:00,60700.0,60800.0,60700.0,60700.0,822,0.0,0.0
2025-02-13 13:43:00+09:00,60800.0,60800.0,60700.0,60700.0,423,0.0,0.0
2025-02-13 13:44:00+09:00,60700.0,60900.0,60700.0,60900.0,8729,0.0,0.0
2025-02-13 13:45:00+09:00,60800.0,60900.0,60800.0,60800.0,700,0.0,0.0
2025-02-13 13:46:00+09:00,60800.0,60900.0,60800.0,60800.0,860,0.0,0.0
2025-02-13 13:47:00+09:00,60800.0,60900.0,60800.0,60900.0,495,0.0,0.0
2025-02-13 13:48:00+09:00,60900.0,60900.0,60800.0,60900.0,1228,0.0,0.0
2025-02-13 13:49:00+09:00,60800.0,60900.0,60800.0,60800.0,504,0.0,0.0
2025-02-13 13:50:00+09:00,60800.0,60900.0,60800.0,60900.0,433,0.0,0.0
2025-02-13 13:51:00+09:00,60800.0,60900.0,60800.0,60800.0,471,0.0,0.0
2025-02-13 13:52:00+09:00,60900.0,60900.0,60700.0,60800.0,6426,0.0,0.0
2025-02-13 13:53:00+09:00,60700.0,60800.0,60700.0,60800.0,1587,0.0,0.0
2025-02-13 13:54:00+09:00,60700.0,60800.0,60700.0,60800.0,1013,0.0,0.0
2025-02-13 13:55:00+09:00,60800.0,60800.0,60700.0,60800.0,1027,0.0,0.0
2025-02-13 13:56:00+09:00,60700.0,60800.0,60700.0,60800.0,1439,0.0,0.0
2025-02-13 13:57:00+09:00,60700.0,60800.0,60700.0,60800.0,1045,0.0,0.0
2025-02-13 13:58:00+09:00,60700.0,60800.0,60700.0,60800.0,537,0.0,0.0
2025-02-13 13:59:00+09:00,60800.0,60800.0,60700.0,60700.0,569,0.0,0.0
2025-02-13 14:00:00+09:00,60700.0,60800.0,60700.0,60700.0,1136,0.0,0.0
2025-02-13 14:01:00+09:00,60800.0,60900.0,60700.0,60800.0,2875,0.0,0.0
2025-02-13 14:02:00+09:00,60900.0,60900.0,60700.0,60800.0,3432,0.0,0.0
2025-02-13 14:03:00+09:00,60800.0,60800.0,60700.0,60800.0,862,0.0,0.0
2025-02-13 14:04:00+09:00,60700.0,60800.0,60700.0,60700.0,505,0.0,0.0
2025-02-13 14:05:00+09:00,60800.0,60900.0,60700.0,60700.0,999,0.0,0.0
2025-02-13 14:06:00+09:00,60700.0,60900.0,60700.0,60700.0,935,0.0,0.0
2025-02-13 14:07:00+09:00,60700.0,60900.0,60700.0,60800.0,769,0.0,0.0
2025-02-13 14:08:00+09:00,60800.0,60900.0,60800.0,60800.0,273,0.0,0.0
2025-02-13 14:09:00+09:00,60800.0,60900.0,60800.0,60800.0,614,0.0,0.0
2025-02-13 14:10:00+09:00,60900.0,60900.0,60800.0,60900.0,2499,0.0,0.0
2025-02-13 14:11:00+09:00,60900.0,61000.0,60800.0,61000.0,12226,0.0,0.0
2025-02-13 14:12:00+09:00,60900.0,61000.0,60800.0,60900.0,2702,0.0,0.0
2025-02-13 14:13:00+09:00,60800.0,60900.0,60800.0,60800.0,745,0.0,0.0
2025-02-13 14:14:00+09:00,60800.0,60900.0,60800.0,60800.0,575,0.0,0.0
2025-02-13 14:15:00+09:00,60800.0,60900.0,60800.0,60900.0,787,0.0,0.0
2025-02-13 14:16:00+09:00,60800.0,60900.0,60800.0,60800.0,646,0.0,0.0
2025-02-13 14:17:00+09:00,60800.0,60900.0,60800.0,60900.0,473,0.0,0.0
2025-02-13 14:18:00+09:00,60800.0,60900.0,60800.0,60800.0,927,0.0,0.0
2025-02-13 14:19:00+09:00,60800.0,60900.0,60800.0,60800.0,1039,0.0,0.0
2025-02-13 14:20:00+09:00,60800.0,60900.0,60800.0,60800.0,2801,0.0,0.0
2025-02-13 14:21:00+09:00,60800.0,60900.0,60800.0,60900.0,4303,0.0,0.0
2025-02-13 14:22:00+09:00,60800.0,60900.0,60800.0,60800.0,595,0.0,0.0
2025-02-13 14:23:00+09:00,60800.0,60900.0,60800.0,60800.0,1127,0.0,0.0
2025-02-13 14:24:00+09:00,60800.0,60900.0,60800.0,60900.0,984,0.0,0.0
2025-02-13 14:25:00+09:00,60800.0,60900.0,60800.0,60800.0,2073,0.0,0.0
2025-02-13 14:26:00+09:00,60800.0,60900.0,60800.0,60900.0,702,0.0,0.0
2025-02-13 14:27:00+09:00,60800.0,60900.0,60800.0,60800.0,6622,0.0,0.0
2025-02-13 14:28:00+09:00,60900.0,60900.0,60800.0,60900.0,584,0.0,0.0
2025-02-13 14:29:00+09:00,60800.0,60900.0,60800.0,60900.0,1031,0.0,0.0
2025-02-13 14:30:00+09:00,60800.0,60900.0,60800.0,60800.0,561,0.0,0.0
2025-02-13 14:31:00+09:00,60900.0,60900.0,60800.0,60900.0,689,0.0,0.0
2025-02-13 14:32:00+09:00,60900.0,60900.0,60800.0,60800.0,958,0.0,0.0
2025-02-13 14:33:00+09:00,60800.0,60900.0,60800.0,60800.0,528,0.0,0.0
2025-02-13 14:34:00+09:00,60900.0,60900.0,60800.0,60900.0,758,0.0,0.0
2025-02-13 14:35:00+09:00,60800.0,60900.0,60800.0,60800.0,3438,0.0,0.0
2025-02-13 14:36:00+09:00,60800.0,60900.0,60800.0,60800.0,399,0.0,0.0
2025-02-13 14:37:00+09:00,60800.0,60900.0,60800.0,60800.0,1088,0.0,0.0
2025-02-13 14:38:00+09:00,60800.0,60900.0,60800.0,60900.0,1144,0.0,0.0
2025-02-13 14:39:00+09:00,60800.0,60900.0,60800.0,60800.0,893,0.0,0.0
2025-02-13 14:40:00+09:00,60900.0,60900.0,60800.0,60800.0,702,0.0,0.0
2025-02-13 14:41:00+09:00,60800.0,60900.0,60800.0,60900.0,710,0.0,0.0
2025-02-13 14:42:00+09:00,60800.0,60900.0,60800.0,60900.0,745,0.0,0.0
2025-02-13 14:43:00+09:00,60900.0,60900.0,60800.0,60800.0,872,0.0,0.0
2025-02-13 14:44:00+09:00,60800.0,60900.0,60800.0,60800.0,1203,0.0,0.0
2025-02-13 14:45:00+09:00,60800.0,60900.0,60700.0,60800.0,5164,0.0,0.0
2025-02-13 14:46:00+09:00,60700.0,60800.0,60700.0,60700.0,693,0.0,0.0
2025-02-13 14:47:00+09:00,60700.0,60800.0,60700.0,60700.0,809,0.0,0.0
2025-02-13 14:48:00+09:00,60700.0,60800.0,60700.0,60800.0,1969,0.0,0.0
2025-02-13 14:49:00+09:00,60700.0,60800.0,60700.0,60700.0,1175,0.0,0.0
2025-02-13 14:50:00+09:00,60700.0,60800.0,60700.0,60700.0,590,0.0,0.0
2025-02-13 14:51:00+09:00,60700.0,60800.0,60700.0,60800.0,897,0.0,0.0
2025-02-13 14:52:00+09:00,60800.0,60800.0,60700.0,60700.0,1341,0.0,0.0
2025-02-13 14:53:00+09:00,60700.0,60800.0,60700.0,60800.0,501,0.0,0.0
2025-02-13 14:54:00+09:00,60800.0,60800.0,60700.0,60800.0,1199,0.0,0.0
2025-02-13 14:55:00+09:00,60700.0,60800.0,60700.0,60700.0,1096,0.0,0.0
2025-02-13 14:56:00+09:00,60700.0,60800.0,60700.0,60800.0,910,0.0,0.0
2025-02-13 14:57:00+09:00,60700.0,60800.0,60700.0,60700.0,762,0.0,0.0
2025-02-13 14:58:00+09:00,60800.0,60800.0,60700.0,60800.0,715,0.0,0.0
2025-02-13 14:59:00+09:00,60700.0,60800.0,60700.0,60700.0,955,0.0,0.0
2025-02-14 09:00:00+09:00,60500.0,60500.0,60300.0,60400.0,7257,0.0,0.0
2025-02-14 09:01:00+09:00,60400.0,60400.0,60300.0,60400.0,2404,0.0,0.0
2025-02-14 09:02:00+09:00,60300.0,60500.0,60300.0,60300.0,2358,0.0,0.0
2025-02-14 09:03:00+09:00,60400.0,60400.0,60200.0,60300.0,3724,0.0,0.0
2025-02-14 09:04:00+09:00,60300.0,60400.0,60200.0,60300.0,726,0.0,0.0
2025-02-14 09:05:00+09:00,60300.0,60400.0,60200.0,60400.0,2213,0.0,0.0
2025-02-14 09:06:00+09:00,60400.0,60400.0,60300.0,60300.0,1161,0.0,0.0
2025-02-14 09:07:00+09:00,60400.0,60400.0,60200.0,60300.0,4506,0.0,0.0
2025-02-14 09:08:00+09:00,60300.0,60400.0,60300.0,60400.0,2826,0.0,0.0
2025-02-14 09:09:00+09:00,60400.0,60400.0,60300.0,60400.0,197,0.0,0.0
2025-02-14 09:10:00+09:00,60400.0,60400.0,60200.0,60300.0,4565,0.0,0.0
2025-02-14 09:11:00+09:00,60300.0,60300.0,60200.0,60300.0,1594,0.0,0.0
2025-02-14 09:12:00+09:00,60300.0,60300.0,60200.0,60300.0,577,0.0,0.0
2025-02-14 09:13:00+09:00,60300.0,60400.0,60200.0,60400.0,1879,0.0,0.0
2025-02-14 09:14:00+09:00,60400.0,60400.0,60300.0,60300.0,1282,0.0,0.0
2025-02-14 09:15:00+09:00,60300.0,60400.0,60200.0,60400.0,884,0.0,0.0
2025-02-14 09:16:00+09:00,60300.0,60400.0,60300.0,60300.0,413,0.0,0.0
2025-02-14 09:17:00+09:00,60300.0,60400.0,60300.0,60300.0,1670,0.0,0.0
2025-02-14 09:18:00+09:00,60300.0,60500.0,60300.0,60300.0,2220,0.0,0.0
2025-02-14 09:19:00+09:00,60300.0,60400.0,60300.0,60400.0,316,0.0,0.0
2025-02-14 09:20:00+09:00,60400.0,60500.0,60300.0,60500.0,1159,0.0,0.0
2025-02-14 09:21:00+09:00,60500.0,60500.0,60400.0,60500.0,339,0.0,0.0
2025-02-14 09:22:00+09:00,60500.0,60500.0,60400.0,60400.0,1336,0.0,0.0
2025-02-14 09:23:00+09:00,60400.0,60500.0,60300.0,60500.0,1839,0.0,0.0
2025-02-14 09:24:00+09:00,60500.0,60500.0,60400.0,60500.0,380,0.0,0.0
2025-02-14 09:25:00+09:00,60500.0,60600.0,60400.0,60500.0,4997,0.0,0.0
2025-02-14 09:26:00+09:00,60500.0,60500.0,60400.0,60500.0,1242,0.0,0.0
2025-02-14 09:27:00+09:00,60500.0,60500.0,60400.0,60400.0,1149,0.0,0.0
2025-02-14 09:28:00+09:00,60500.0,60500.0,60400.0,60500.0,264,0.0,0.0
2025-02-14 09:29:00+09:00,60500.0,60600.0,60400.0,60600.0,2146,0.0,0.0
2025-02-14 09:30:00+09:00,60600.0,60600.0,60400.0,60600.0,3412,0.0,0.0
2025-02-14 09:31:00+09:00,60500.0,60500.0,60300.0,60300.0,5250,0.0,0.0
2025-02-14 09:32:00+09:00,60400.0,60400.0,60300.0,60300.0,229,0.0,0.0
2025-02-14 09:33:00+09:00,60300.0,60400.0,60200.0,60300.0,3979,0.0,0.0
2025-02-14 09:34:00+09:00,60300.0,60300.0,60200.0,60300.0,1261,0.0,0.0
2025-02-14 09:35:00+09:00,60300.0,60300.0,60200.0,60300.0,524,0.0,0.0
2025-02-14 09:36:00+09:00,60300.0,60300.0,60200.0,60200.0,932,0.0,0.0
2025-02-14 09:37:00+09:00,60300.0,60300.0,60200.0,60300.0,1090,0.0,0.0
2025-02-14 09:38:00+09:00,60200.0,60300.0,60200.0,60300.0,805,0.0,0.0
2025-02-14 09:39:00+09:00,60300.0,60300.0,60200.0,60200.0,203,0.0,0.0
2025-02-14 09:40:00+09:00,60300.0,60300.0,60200.0,60200.0,147,0.0,0.0
2025-02-14 09:41:00+09:00,60200.0,60500.0,60200.0,60300.0,7907,0.0,0.0
2025-02-14 09:42:00+09:00,60300.0,60300.0,60200.0,60200.0,1425,0.0,0.0
2025-02-14 09:43:00+09:00,60300.0,60300.0,60200.0,60300.0,371,0.0,0.0
2025-02-14 09:44:00+09:00,60200.0,60400.0,60200.0,60400.0,2103,0.0,0.0
2025-02-14 09:45:00+09:00,60300.0,60400.0,60300.0,60300.0,810,0.0,0.0
2025-02-14 09:46:00+09:00,60400.0,60400.0,60200.0,60200.0,675,0.0,0.0
2025-02-14 09:47:00+09:00,60200.0,60500.0,60200.0,60400.0,1286,0.0,0.0
2025-02-14 09:48:00+09:00,60400.0,60600.0,60400.0,60500.0,3324,0.0,0.0
2025-02-14 09:49:00+09:00,60500.0,60600.0,60500.0,60600.0,412,0.0,0.0
2025-02-14 09:50:00+09:00,60500.0,60800.0,60500.0,60600.0,6333,0.0,0.0
2025-02-14 09:51:00+09:00,60600.0,60700.0,60600.0,60700.0,205,0.0,0.0
2025-02-14 09:52:00+09:00,60600.0,60700.0,60600.0,60600.0,1363,0.0,0.0
2025-02-14 09:53:00+09:00,60600.0,60600.0,60600.0,60600.0,705,0.0,0.0
2025-02-14 09:54:00+09:00,60600.0,60800.0,60600.0,60700.0,3927,0.0,0.0
2025-02-14 09:55:00+09:00,60800.0,60800.0,60700.0,60700.0,1337,0.0,0.0
2025-02-14 09:56:00+09:00,60800.0,60800.0,60600.0,60600.0,3872,0.0,0.0
2025-02-14 09:57:00+09:00,60700.0,60800.0,60600.0,60700.0,1600,0.0,0.0
2025-02-14 09:58:00+09:00,60700.0,60800.0,60700.0,60700.0,335,0.0,0.0
2025-02-14 09:59:00+09:00,60700.0,60800.0,60700.0,60700.0,508,0.0,0.0
2025-02-14 10:00:00+09:00,60700.0,60800.0,60700.0,60700.0,1604,0.0,0.0
2025-02-14 10:01:00+09:00,60700.0,60800.0,60500.0,60500.0,3830,0.0,0.0
2025-02-14 10:02:00+09:00,60500.0,60500.0,60500.0,60500.0,474,0.0,0.0
2025-02-14 10:03:00+09:00,60500.0,60600.0,60500.0,60500.0,494,0.0,0.0
2025-02-14 10:04:00+09:00,60600.0,60600.0,60500.0,60600.0,608,0.0,0.0
2025-02-14 10:05:00+09:00,60500.0,60600.0,60500.0,60500.0,84,0.0,0.0
2025-02-14 10:06:00+09:00,60500.0,60600.0,60500.0,60600.0,807,0.0,0.0
2025-02-14 10:07:00+09:00,60700.0,60700.0,60600.0,60600.0,735,0.0,0.0
2025-02-14 10:08:00+09:00,60600.0,60700.0,60600.0,60600.0,1292,0.0,0.0
2025-02-14 10:09:00+09:00,60700.0,60700.0,60600.0,60600.0,23,0.0,0.0
2025-02-14 10:10:00+09:00,60600.0,60700.0,60600.0,60600.0,198,0.0,0.0
2025-02-14 10:11:00+09:00,60700.0,60700.0,60500.0,60600.0,886,0.0,0.0
2025-02-14 10:12:00+09:00,60500.0,60600.0,60400.0,60500.0,3027,0.0,0.0
2025-02-14 10:13:00+09:00,60500.0,60600.0,60500.0,60500.0,279,0.0,0.0
2025-02-14 10:14:00+09:00,60600.0,60600.0,60400.0,60400.0,836,0.0,0.0
2025-02-14 10:15:00+09:00,60500.0,60500.0,60400.0,60500.0,415,0.0,0.0
2025-02-14 10:16:00+09:00,60500.0,60500.0,60400.0,60400.0,197,0.0,0.0
2025-02-14 10:17:00+09:00,60400.0,60400.0,60400.0,60400.0,202,0.0,0.0
2025-02-14 10:18:00+09:00,60400.0,60500.0,60400.0,60400.0,372,0.0,0.0
2025-02-14 10:19:00+09:00,60400.0,60500.0,60400.0,60400.0,509,0.0,0.0
2025-02-14 10:20:00+09:00,60400.0,60500.0,60400.0,60400.0,254,0.0,0.0
2025-02-14 10:21:00+09:00,60400.0,60500.0,60400.0,60500.0,451,0.0,0.0
2025-02-14 10:22:00+09:00,60400.0,60500.0,60400.0,60500.0,484,0.0,0.0
2025-02-14 10:23:00+09:00,60400.0,60500.0,60400.0,60500.0,1140,0.0,0.0
2025-02-14 10:24:00+09:00,60500.0,60600.0,60400.0,60500.0,710,0.0,0.0
2025-02-14 10:25:00+09:00,60600.0,60600.0,60500.0,60500.0,496,0.0,0.0
2025-02-14 10:26:00+09:00,60600.0,60600.0,60500.0,60600.0,201,0.0,0.0
2025-02-14 10:27:00+09:00,60500.0,60600.0,60400.0,60400.0,1177,0.0,0.0
2025-02-14 10:28:00+09:00,60500.0,60500.0,60400.0,60400.0,114,0.0,0.0
2025-02-14 10:29:00+09:00,60400.0,60500.0,60400.0,60500.0,600,0.0,0.0
2025-02-14 10:30:00+09:00,60500.0,60500.0,60400.0,60500.0,194,0.0,0.0
2025-02-14 10:31:00+09:00,60400.0,60500.0,60400.0,60500.0,227,0.0,0.0
2025-02-14 10:32:00+09:00,60400.0,60500.0,60400.0,60400.0,356,0.0,0.0
2025-02-14 10:33:00+09:00,60400.0,60500.0,60400.0,60400.0,399,0.0,0.0
2025-02-14 10:34:00+09:00,60500.0,60500.0,60400.0,60400.0,382,0.0,0.0
2025-02-14 10:35:00+09:00,60400.0,60500.0,60400.0,60400.0,105,0.0,0.0
2025-02-14 10:36:00+09:00,60500.0,60500.0,60400.0,60500.0,766,0.0,0.0
2025-02-14 10:37:00+09:00,60500.0,60500.0,60400.0,60500.0,237,0.0,0.0
2025-02-14 10:38:00+09:00,60400.0,60500.0,60400.0,60400.0,684,0.0,0.0
2025-02-14 10:39:00+09:00,60400.0,60500.0,60400.0,60500.0,278,0.0,0.0
2025-02-14 10:40:00+09:00,60400.0,60500.0,60400.0,60500.0,446,0.0,0.0
2025-02-14 10:41:00+09:00,60500.0,60500.0,60400.0,60400.0,588,0.0,0.0
2025-02-14 10:42:00+09:00,60500.0,60500.0,60400.0,60500.0,239,0.0,0.0
2025-02-14 10:43:00+09:00,60400.0,60500.0,60400.0,60400.0,1218,0.0,0.0
2025-02-14 10:44:00+09:00,60500.0,60500.0,60300.0,60500.0,9483,0.0,0.0
2025-02-14 10:45:00+09:00,60400.0,60700.0,60400.0,60600.0,5288,0.0,0.0
2025-02-14 10:46:00+09:00,60700.0,60700.0,60600.0,60600.0,285,0.0,0.0
2025-02-14 10:47:00+09:00,60600.0,60700.0,60600.0,60600.0,977,0.0,0.0
2025-02-14 10:48:00+09:00,60600.0,60700.0,60600.0,60600.0,5822,0.0,0.0
2025-02-14 10:49:00+09:00,60600.0,60700.0,60600.0,60600.0,975,0.0,0.0
2025-02-14 10:50:00+09:00,60600.0,60700.0,60600.0,60700.0,507,0.0,0.0
2025-02-14 10:51:00+09:00,60600.0,60700.0,60600.0,60600.0,3472,0.0,0.0
2025-02-14 10:52:00+09:00,60600.0,60800.0,60600.0,60800.0,11970,0.0,0.0
2025-02-14 10:53:00+09:00,60700.0,60800.0,60600.0,60600.0,2254,0.0,0.0
2025-02-14 10:54:00+09:00,60600.0,60800.0,60600.0,60700.0,680,0.0,0.0
2025-02-14 10:55:00+09:00,60700.0,60800.0,60700.0,60700.0,404,0.0,0.0
2025-02-14 10:56:00+09:00,60800.0,60800.0,60600.0,60700.0,350,0.0,0.0
2025-02-14 10:57:00+09:00,60600.0,60800.0,60600.0,60600.0,357,0.0,0.0
2025-02-14 10:58:00+09:00,60700.0,60800.0,60600.0,60600.0,1383,0.0,0.0
2025-02-14 10:59:00+09:00,60600.0,60800.0,60600.0,60700.0,535,0.0,0.0
2025-02-14 11:00:00+09:00,60800.0,60800.0,60700.0,60700.0,77,0.0,0.0
2025-02-14 11:01:00+09:00,60700.0,60800.0,60700.0,60700.0,855,0.0,0.0
2025-02-14 11:02:00+09:00,60700.0,60800.0,60700.0,60700.0,1288,0.0,0.0
2025-02-14 11:03:00+09:00,60700.0,60800.0,60700.0,60700.0,404,0.0,0.0
2025-02-14 11:04:00+09:00,60700.0,60900.0,60700.0,60900.0,3969,0.0,0.0
2025-02-14 11:05:00+09:00,60800.0,60900.0,60700.0,60700.0,1081,0.0,0.0
2025-02-14 11:06:00+09:00,60700.0,60800.0,60700.0,60800.0,1147,0.0,0.0
2025-02-14 11:07:00+09:00,60700.0,60800.0,60700.0,60800.0,221,0.0,0.0
2025-02-14 11:08:00+09:00,60800.0,60800.0,60700.0,60700.0,474,0.0,0.0
2025-02-14 11:09:00+09:00,60700.0,60800.0,60700.0,60700.0,923,0.0,0.0
2025-02-14 11:10:00+09:00,60800.0,60800.0,60700.0,60800.0,551,0.0,0.0
2025-02-14 11:11:00+09:00,60800.0,60800.0,60700.0,60700.0,631,0.0,0.0
2025-02-14 11:12:00+09:00,60700.0,60800.0,60700.0,60700.0,281,0.0,0.0
2025-02-14 11:13:00+09:00,60700.0,60800.0,60700.0,60800.0,528,0.0,0.0
2025-02-14 11:14:00+09:00,60700.0,60800.0,60700.0,60700.0,544,0.0,0.0
2025-02-14 11:15:00+09:00,60700.0,60800.0,60700.0,60700.0,322,0.0,0.0
2025-02-14 11:16:00+09:00,60800.0,60800.0,60700.0,60700.0,6848,0.0,0.0
2025-02-14 11:17:00+09:00,60700.0,60800.0,60700.0,60700.0,471,0.0,0.0
2025-02-14 11:18:00+09:00,60800.0,60800.0,60700.0,60700.0,1022,0.0,0.0
2025-02-14 11:19:00+09:00,60700.0,60800.0,60700.0,60700.0,247,0.0,0.0
2025-02-14 11:20:00+09:00,60700.0,60800.0,60700.0,60700.0,460,0.0,0.0
2025-02-14 11:21:00+09:00,60700.0,60800.0,60700.0,60700.0,362,0.0,0.0
2025-02-14 11:22:00+09:00,60700.0,60700.0,60600.0,60600.0,2651,0.0,0.0
2025-02-14 11:23:00+09:00,60600.0,60700.0,60600.0,60600.0,481,0.0,0.0
2025-02-14 11:24:00+09:00,60600.0,60700.0,60600.0,60600.0,590,0.0,0.0
2025-02-14 11:25:00+09:00,60700.0,60700.0,60600.0,60700.0,508,0.0,0.0
2025-02-14 11:26:00+09:00,60700.0,60700.0,60600.0,60600.0,429,0.0,0.0
2025-02-14 11:27:00+09:00,60600.0,60700.0,60600.0,60700.0,1112,0.0,0.0
2025-02-14 11:28:00+09:00,60700.0,60800.0,60600.0,60600.0,941,0.0,0.0
2025-02-14 11:29:00+09:00,60700.0,60800.0,60700.0,60700.0,227,0.0,0.0
2025-02-14 11:30:00+09:00,60700.0,60800.0,60700.0,60700.0,462,0.0,0.0
2025-02-14 11:31:00+09:00,60700.0,60800.0,60600.0,60600.0,564,0.0,0.0
2025-02-14 11:32:00+09:00,60600.0,60700.0,60600.0,60600.0,369,0.0,0.0
2025-02-14 11:33:00+09:00,60700.0,60700.0,60600.0,60600.0,469,0.0,0.0
2025-02-14 11:34:00+09:00,60600.0,60700.0,60600.0,60700.0,301,0.0,0.0
2025-02-14 11:35:00+09:00,60600.0,60700.0,60600.0,60600.0,1603,0.0,0.0
2025-02-14 11:36:00+09:00,60600.0,60700.0,60600.0,60700.0,378,0.0,0.0
2025-02-14 11:37:00+09:00,60600.0,60800.0,60600.0,60700.0,1917,0.0,0.0
2025-02-14 11:38:00+09:00,60800.0,60800.0,60700.0,60700.0,763,0.0,0.0
2025-02-14 11:39:00+09:00,60800.0,60800.0,60700.0,60800.0,452,0.0,0.0
2025-02-14 11:40:00+09:00,60800.0,60800.0,60700.0,60800.0,440,0.0,0.0
2025-02-14 11:41:00+09:00,60800.0,60800.0,60700.0,60700.0,415,0.0,0.0
2025-02-14 11:42:00+09:00,60700.0,60800.0,60700.0,60700.0,1077,0.0,0.0
2025-02-14 11:43:00+09:00,60700.0,60800.0,60700.0,60800.0,679,0.0,0.0
2025-02-14 11:44:00+09:00,60800.0,60800.0,60700.0,60800.0,4937,0.0,0.0
2025-02-14 11:45:00+09:00,60900.0,60900.0,60800.0,60900.0,765,0.0,0.0
2025-02-14 11:46:00+09:00,60900.0,60900.0,60800.0,60900.0,2288,0.0,0.0
2025-02-14 11:47:00+09:00,60800.0,60900.0,60800.0,60800.0,690,0.0,0.0
2025-02-14 11:48:00+09:00,60800.0,60900.0,60800.0,60800.0,559,0.0,0.0
2025-02-14 11:49:00+09:00,60800.0,60900.0,60800.0,60900.0,940,0.0,0.0
2025-02-14 11:50:00+09:00,60900.0,60900.0,60800.0,60800.0,1124,0.0,0.0
2025-02-14 11:51:00+09:00,60800.0,60900.0,60800.0,60900.0,226,0.0,0.0
2025-02-14 11:52:00+09:00,60900.0,60900.0,60800.0,60800.0,724,0.0,0.0
2025-02-14 11:53:00+09:00,60900.0,60900.0,60800.0,60900.0,2564,0.0,0.0
2025-02-14 11:54:00+09:00,60800.0,60900.0,60800.0,60800.0,927,0.0,0.0
2025-02-14 11:55:00+09:00,60800.0,61000.0,60800.0,61000.0,3205,0.0,0.0
2025-02-14 11:56:00+09:00,61000.0,61100.0,60900.0,61100.0,1833,0.0,0.0
2025-02-14 11:57:00+09:00,61000.0,61100.0,61000.0,61000.0,779,0.0,0.0
2025-02-14 11:58:00+09:00,61100.0,61100.0,61000.0,61100.0,533,0.0,0.0
2025-02-14 11:59:00+09:00,61000.0,61100.0,61000.0,61000.0,1089,0.0,0.0
2025-02-14 12:00:00+09:00,61100.0,61100.0,60900.0,60900.0,1164,0.0,0.0
2025-02-14 12:01:00+09:00,60900.0,61000.0,60900.0,60900.0,492,0.0,0.0
2025-02-14 12:02:00+09:00,61000.0,61000.0,60900.0,60900.0,1031,0.0,0.0
2025-02-14 12:03:00+09:00,60900.0,61000.0,60900.0,60900.0,949,0.0,0.0
2025-02-14 12:04:00+09:00,60900.0,61000.0,60900.0,60900.0,819,0.0,0.0
2025-02-14 12:05:00+09:00,61000.0,61000.0,60900.0,61000.0,569,0.0,0.0
2025-02-14 12:06:00+09:00,61000.0,61000.0,60900.0,60900.0,747,0.0,0.0
2025-02-14 12:07:00+09:00,60900.0,61000.0,60900.0,61000.0,559,0.0,0.0
2025-02-14 12:08:00+09:00,61000.0,61000.0,60900.0,60900.0,535,0.0,0.0
2025-02-14 12:09:00+09:00,61000.0,61000.0,60900.0,60900.0,454,0.0,0.0
2025-02-14 12:10:00+09:00,61000.0,61000.0,60900.0,61000.0,491,0.0,0.0
2025-02-14 12:11:00+09:00,61000.0,61000.0,60900.0,61000.0,615,0.0,0.0
2025-02-14 12:12:00+09:00,61000.0,61000.0,60900.0,60900.0,1167,0.0,0.0
2025-02-14 12:13:00+09:00,60900.0,61100.0,60900.0,61000.0,7072,0.0,0.0
2025-02-14 12:14:00+09:00,61000.0,61000.0,60900.0,60900.0,667,0.0,0.0
2025-02-14 12:15:00+09:00,61000.0,61000.0,60900.0,60900.0,439,0.0,0.0
2025-02-14 12:16:00+09:00,60900.0,61000.0,60900.0,61000.0,470,0.0,0.0
2025-02-14 12:17:00+09:00,61000.0,61000.0,60900.0,60900.0,681,0.0,0.0
2025-02-14 12:18:00+09:00,60900.0,61000.0,60900.0,60900.0,603,0.0,0.0
2025-02-14 12:19:00+09:00,61000.0,61000.0,60900.0,61000.0,318,0.0,0.0
2025-02-14 12:20:00+09:00,60900.0,61000.0,60900.0,61000.0,522,0.0,0.0
2025-02-14 12:21:00+09:00,61000.0,61000.0,60900.0,60900.0,500,0.0,0.0
2025-02-14 12:22:00+09:00,61000.0,61000.0,60900.0,60900.0,690,0.0,0.0
2025-02-14 12:23:00+09:00,61000.0,61000.0,60900.0,60900.0,505,0.0,0.0
2025-02-14 12:24:00+09:00,61000.0,61000.0,60900.0,60900.0,689,0.0,0.0
2025-02-14 12:25:00+09:00,60900.0,61000.0,60900.0,60900.0,989,0.0,0.0
2025-02-14 12:26:00+09:00,61000.0,61000.0,60900.0,61000.0,781,0.0,0.0
2025-02-14 12:27:00+09:00,60900.0,61000.0,60900.0,60900.0,1271,0.0,0.0
2025-02-14 12:28:00+09:00,61000.0,61000.0,60900.0,61000.0,612,0.0,0.0
2025-02-14 12:29:00+09:00,61000.0,61000.0,60900.0,61000.0,841,0.0,0.0
2025-02-14 12:30:00+09:00,60900.0,61000.0,60900.0,61000.0,365,0.0,0.0
2025-02-14 12:31:00+09:00,61000.0,61000.0,60900.0,61000.0,683,0.0,0.0
2025-02-14 12:32:00+09:00,60900.0,61000.0,60900.0,60900.0,629,0.0,0.0
2025-02-14 12:33:00+09:00,60900.0,61000.0,60900.0,60900.0,494,0.0,0.0
2025-02-14 12:34:00+09:00,61000.0,61000.0,60900.0,60900.0,766,0.0,0.0
2025-02-14 12:35:00+09:00,61000.0,61000.0,60900.0,61000.0,403,0.0,0.0
2025-02-14 12:36:00+09:00,61000.0,61000.0,60900.0,61000.0,764,0.0,0.0
2025-02-14 12:37:00+09:00,61000.0,61000.0,60900.0,61000.0,1680,0.0,0.0
2025-02-14 12:38:00+09:00,61000.0,61100.0,60900.0,61000.0,6645,0.0,0.0
2025-02-14 12:39:00+09:00,61000.0,61000.0,60900.0,61000.0,523,0.0,0.0
2025-02-14 12:40:00+09:00,61000.0,61000.0,60900.0,60900.0,526,0.0,0.0
2025-02-14 12:41:00+09:00,61000.0,61000.0,60900.0,60900.0,577,0.0,0.0
2025-02-14 12:42:00+09:00,61000.0,61000.0,60900.0,60900.0,326,0.0,0.0
2025-02-14 12:43:00+09:00,60900.0,61000.0,60900.0,61000.0,710,0.0,0.0
2025-02-14 12:44:00+09:00,60900.0,61000.0,60900.0,61000.0,918,0.0,0.0
2025-02-14 12:45:00+09:00,61000.0,61000.0,60900.0,60900.0,692,0.0,0.0
2025-02-14 12:46:00+09:00,60900.0,61000.0,60900.0,61000.0,630,0.0,0.0
2025-02-14 12:47:00+09:00,60900.0,61000.0,60900.0,60900.0,865,0.0,0.0
2025-02-14 12:48:00+09:00,61000.0,61000.0,60900.0,60900.0,656,0.0,0.0
2025-02-14 12:49:00+09:00,60900.0,61000.0,60900.0,61000.0,252,0.0,0.0
2025-02-14 12:50:00+09:00,60900.0,61000.0,60900.0,61000.0,1369,0.0,0.0
2025-02-14 12:51:00+09:00,61000.0,61000.0,60900.0,60900.0,1094,0.0,0.0
2025-02-14 12:52:00+09:00,60900.0,61000.0,60900.0,61000.0,973,0.0,0.0
2025-02-14 12:53:00+09:00,61000.0,61000.0,60900.0,60900.0,1051,0.0,0.0
2025-02-14 12:54:00+09:00,60900.0,61000.0,60900.0,60900.0,842,0.0,0.0
2025-02-14 12:55:00+09:00,60900.0,61000.0,60900.0,61000.0,1998,0.0,0.0
2025-02-14 12:56:00+09:00,61000.0,61000.0,60900.0,61000.0,1012,0.0,0.0
2025-02-14 12:57:00+09:00,60900.0,61000.0,60900.0,60900.0,884,0.0,0.0
2025-02-14 12:58:00+09:00,61000.0,61000.0,60900.0,61000.0,896,0.0,0.0
2025-02-14 12:59:00+09:00,60900.0,61000.0,60900.0,60900.0,1443,0.0,0.0
2025-02-14 13:00:00+09:00,60900.0,61000.0,60900.0,60900.0,721,0.0,0.0
2025-02-14 13:01:00+09:00,60900.0,61000.0,60900.0,61000.0,2636,0.0,0.0
2025-02-14 13:02:00+09:00,61000.0,61000.0,60900.0,60900.0,1337,0.0,0.0
2025-02-14 13:03:00+09:00,60900.0,61000.0,60800.0,60800.0,1649,0.0,0.0
2025-02-14 13:04:00+09:00,60800.0,60900.0,60800.0,60800.0,882,0.0,0.0
2025-02-14 13:05:00+09:00,60900.0,60900.0,60800.0,60900.0,1024,0.0,0.0
2025-02-14 13:06:00+09:00,60800.0,60900.0,60800.0,60800.0,1403,0.0,0.0
2025-02-14 13:07:00+09:00,60800.0,60900.0,60800.0,60800.0,823,0.0,0.0
2025-02-14 13:08:00+09:00,60800.0,60900.0,60800.0,60800.0,585,0.0,0.0
2025-02-14 13:09:00+09:00,60800.0,61000.0,60800.0,61000.0,3871,0.0,0.0
2025-02-14 13:10:00+09:00,60900.0,61000.0,60800.0,60900.0,2987,0.0,0.0
2025-02-14 13:11:00+09:00,60900.0,61000.0,60900.0,61000.0,1260,0.0,0.0
2025-02-14 13:12:00+09:00,60900.0,61000.0,60900.0,60900.0,2269,0.0,0.0
2025-02-14 13:13:00+09:00,61000.0,61000.0,60900.0,61000.0,2897,0.0,0.0
2025-02-14 13:14:00+09:00,60900.0,61000.0,60800.0,60800.0,1285,0.0,0.0
2025-02-14 13:15:00+09:00,60800.0,60900.0,60800.0,60800.0,890,0.0,0.0
2025-02-14 13:16:00+09:00,60800.0,60900.0,60800.0,60800.0,886,0.0,0.0
2025-02-14 13:17:00+09:00,60800.0,60900.0,60800.0,60800.0,695,0.0,0.0
2025-02-14 13:18:00+09:00,60800.0,60900.0,60800.0,60900.0,1107,0.0,0.0
2025-02-14 13:19:00+09:00,60800.0,60900.0,60800.0,60800.0,548,0.0,0.0
2025-02-14 13:20:00+09:00,60900.0,60900.0,60800.0,60900.0,1212,0.0,0.0
2025-02-14 13:21:00+09:00,60800.0,60900.0,60800.0,60800.0,925,0.0,0.0
2025-02-14 13:22:00+09:00,60800.0,60900.0,60800.0,60900.0,929,0.0,0.0
2025-02-14 13:23:00+09:00,60800.0,60900.0,60800.0,60900.0,557,0.0,0.0
2025-02-14 13:24:00+09:00,60900.0,60900.0,60800.0,60800.0,1133,0.0,0.0
2025-02-14 13:25:00+09:00,60900.0,61000.0,60900.0,60900.0,4573,0.0,0.0
2025-02-14 13:26:00+09:00,61000.0,61000.0,60900.0,60900.0,606,0.0,0.0
2025-02-14 13:27:00+09:00,61000.0,61000.0,60900.0,60900.0,957,0.0,0.0
2025-02-14 13:28:00+09:00,60900.0,61000.0,60900.0,61000.0,694,0.0,0.0
2025-02-14 13:29:00+09:00,61000.0,61000.0,60900.0,60900.0,1975,0.0,0.0
2025-02-14 13:30:00+09:00,60900.0,61000.0,60900.0,60900.0,1260,0.0,0.0
2025-02-14 13:31:00+09:00,60900.0,61000.0,60900.0,60900.0,771,0.0,0.0
2025-02-14 13:32:00+09:00,60900.0,61000.0,60900.0,60900.0,1411,0.0,0.0
2025-02-14 13:33:00+09:00,60900.0,61000.0,60900.0,61000.0,955,0.0,0.0
2025-02-14 13:34:00+09:00,61000.0,61000.0,60900.0,61000.0,1082,0.0,0.0
2025-02-14 13:35:00+09:00,60900.0,61000.0,60900.0,60900.0,1387,0.0,0.0
2025-02-14 13:36:00+09:00,60900.0,61000.0,60900.0,61000.0,1342,0.0,0.0
2025-02-14 13:37:00+09:00,60900.0,61000.0,60900.0,60900.0,1073,0.0,0.0
2025-02-14 13:38:00+09:00,60900.0,61100.0,60900.0,61000.0,7935,0.0,0.0
2025-02-14 13:39:00+09:00,61100.0,61100.0,60900.0,61000.0,1291,0.0,0.0
2025-02-14 13:40:00+09:00,61000.0,61000.0,60900.0,60900.0,681,0.0,0.0
2025-02-14 13:41:00+09:00,60900.0,61000.0,60900.0,60900.0,872,0.0,0.0
2025-02-14 13:42:00+09:00,60900.0,61000.0,60900.0,60900.0,1052,0.0,0.0
2025-02-14 13:43:00+09:00,60900.0,61100.0,60900.0,61000.0,2977,0.0,0.0
2025-02-14 13:44:00+09:00,61000.0,61100.0,61000.0,61000.0,1094,0.0,0.0
2025-02-14 13:45:00+09:00,61100.0,61100.0,61000.0,61100.0,830,0.0,0.0
2025-02-14 13:46:00+09:00,61000.0,61100.0,60900.0,61000.0,1897,0.0,0.0
2025-02-14 13:47:00+09:00,61000.0,61100.0,60900.0,60900.0,745,0.0,0.0
2025-02-14 13:48:00+09:00,60900.0,61100.0,60900.0,61000.0,1335,0.0,0.0
2025-02-14 13:49:00+09:00,60900.0,61100.0,60900.0,61000.0,896,0.0,0.0
2025-02-14 13:50:00+09:00,61000.0,61100.0,60900.0,61000.0,976,0.0,0.0
2025-02-14 13:51:00+09:00,60900.0,61000.0,60900.0,60900.0,1008,0.0,0.0
2025-02-14 13:52:00+09:00,61000.0,61000.0,60800.0,60900.0,1995,0.0,0.0
2025-02-14 13:53:00+09:00,60900.0,61000.0,60800.0,60900.0,1156,0.0,0.0
2025-02-14 13:54:00+09:00,60900.0,61000.0,60900.0,61000.0,968,0.0,0.0
2025-02-14 13:55:00+09:00,61000.0,61000.0,60900.0,60900.0,697,0.0,0.0
2025-02-14 13:56:00+09:00,61000.0,61000.0,60900.0,61000.0,959,0.0,0.0
2025-02-14 13:57:00+09:00,61000.0,61000.0,60900.0,61000.0,863,0.0,0.0
2025-02-14 13:58:00+09:00,60900.0,61000.0,60900.0,60900.0,670,0.0,0.0
2025-02-14 13:59:00+09:00,60900.0,61000.0,60900.0,61000.0,847,0.0,0.0
2025-02-14 14:00:00+09:00,61000.0,61000.0,60900.0,61000.0,1699,0.0,0.0
2025-02-14 14:01:00+09:00,60900.0,61000.0,60900.0,61000.0,2044,0.0,0.0
2025-02-14 14:02:00+09:00,61000.0,61000.0,60900.0,60900.0,784,0.0,0.0
2025-02-14 14:03:00+09:00,60900.0,61000.0,60900.0,60900.0,1298,0.0,0.0
2025-02-14 14:04:00+09:00,61000.0,61000.0,60900.0,60900.0,1080,0.0,0.0
2025-02-14 14:05:00+09:00,61000.0,61000.0,60900.0,60900.0,2371,0.0,0.0
2025-02-14 14:06:00+09:00,60900.0,61000.0,60800.0,60900.0,2752,0.0,0.0
2025-02-14 14:07:00+09:00,60900.0,61000.0,60900.0,61000.0,1002,0.0,0.0
2025-02-14 14:08:00+09:00,60900.0,61000.0,60800.0,60900.0,1220,0.0,0.0
2025-02-14 14:09:00+09:00,60900.0,61000.0,60800.0,60900.0,1039,0.0,0.0
2025-02-14 14:10:00+09:00,60900.0,61000.0,60800.0,60900.0,2011,0.0,0.0
2025-02-14 14:11:00+09:00,61000.0,61000.0,60800.0,60900.0,1187,0.0,0.0
2025-02-14 14:12:00+09:00,60900.0,61000.0,60800.0,60800.0,1498,0.0,0.0
2025-02-14 14:13:00+09:00,60900.0,60900.0,60800.0,60800.0,908,0.0,0.0
2025-02-14 14:14:00+09:00,60800.0,60900.0,60800.0,60800.0,778,0.0,0.0
2025-02-14 14:15:00+09:00,60900.0,60900.0,60800.0,60900.0,1144,0.0,0.0
2025-02-14 14:16:00+09:00,60900.0,60900.0,60800.0,60900.0,868,0.0,0.0
2025-02-14 14:17:00+09:00,60800.0,60900.0,60800.0,60900.0,618,0.0,0.0
2025-02-14 14:18:00+09:00,60900.0,60900.0,60800.0,60900.0,892,0.0,0.0
2025-02-14 14:19:00+09:00,60900.0,60900.0,60800.0,60900.0,1026,0.0,0.0
2025-02-14 14:20:00+09:00,60900.0,60900.0,60800.0,60800.0,817,0.0,0.0
2025-02-14 14:21:00+09:00,60800.0,60900.0,60800.0,60800.0,755,0.0,0.0
2025-02-14 14:22:00+09:00,60900.0,60900.0,60800.0,60900.0,1038,0.0,0.0
2025-02-14 14:23:00+09:00,60800.0,60900.0,60800.0,60800.0,1407,0.0,0.0
2025-02-14 14:24:00+09:00,60800.0,60900.0,60800.0,60800.0,1358,0.0,0.0
2025-02-14 14:25:00+09:00,60900.0,60900.0,60700.0,60800.0,2242,0.0,0.0
2025-02-14 14:26:00+09:00,60900.0,60900.0,60800.0,60800.0,1754,0.0,0.0
2025-02-14 14:27:00+09:00,60800.0,60900.0,60800.0,60800.0,1478,0.0,0.0
2025-02-14 14:28:00+09:00,60800.0,60900.0,60800.0,60800.0,3335,0.0,0.0
2025-02-14 14:29:00+09:00,60900.0,60900.0,60700.0,60700.0,2429,0.0,0.0
2025-02-14 14:30:00+09:00,60800.0,60800.0,60700.0,60800.0,1149,0.0,0.0
2025-02-14 14:31:00+09:00,60800.0,60800.0,60700.0,60800.0,1161,0.0,0.0
2025-02-14 14:32:00+09:00,60700.0,60800.0,60700.0,60800.0,855,0.0,0.0
2025-02-14 14:33:00+09:00,60700.0,60900.0,60700.0,60800.0,3197,0.0,0.0
2025-02-14 14:34:00+09:00,60800.0,60900.0,60800.0,60900.0,753,0.0,0.0
2025-02-14 14:35:00+09:00,60900.0,60900.0,60800.0,60800.0,1197,0.0,0.0
2025-02-14 14:36:00+09:00,60800.0,60900.0,60800.0,60900.0,668,0.0,0.0
2025-02-14 14:37:00+09:00,60800.0,60900.0,60800.0,60900.0,799,0.0,0.0
2025-02-14 14:38:00+09:00,60800.0,60900.0,60800.0,60800.0,1135,0.0,0.0
2025-02-14 14:39:00+09:00,60800.0,60900.0,60800.0,60900.0,733,0.0,0.0
2025-02-14 14:40:00+09:00,60800.0,60900.0,60800.0,60800.0,843,0.0,0.0
2025-02-14 14:41:00+09:00,60900.0,60900.0,60800.0,60900.0,1118,0.0,0.0
2025-02-14 14:42:00+09:00,60800.0,60900.0,60800.0,60800.0,1566,0.0,0.0
2025-02-14 14:43:00+09:00,60800.0,60900.0,60800.0,60800.0,653,0.0,0.0
2025-02-14 14:44:00+09:00,60800.0,60900.0,60800.0,60800.0,1234,0.0,0.0
2025-02-14 14:45:00+09:00,60800.0,60900.0,60800.0,60800.0,1425,0.0,0.0
2025-02-14 14:46:00+09:00,60800.0,60900.0,60700.0,60800.0,2416,0.0,0.0
2025-02-14 14:47:00+09:00,60800.0,60900.0,60700.0,60900.0,1950,0.0,0.0
2025-02-14 14:48:00+09:00,60800.0,60900.0,60800.0,60800.0,1092,0.0,0.0
2025-02-14 14:49:00+09:00,60800.0,60900.0,60800.0,60800.0,1053,0.0,0.0
2025-02-14 14:50:00+09:00,60900.0,60900.0,60800.0,60900.0,6647,0.0,0.0
2025-02-14 14:51:00+09:00,60900.0,60900.0,60800.0,60800.0,1242,0.0,0.0
2025-02-14 14:52:00+09:00,60800.0,60900.0,60800.0,60800.0,1515,0.0,0.0
2025-02-14 14:53:00+09:00,60800.0,60900.0,60800.0,60800.0,817,0.0,0.0
2025-02-14 14:54:00+09:00,60800.0,60900.0,60800.0,60800.0,1059,0.0,0.0
2025-02-14 14:55:00+09:00,60800.0,60900.0,60800.0,60800.0,1032,0.0,0.0
2025-02-14 14:56:00+09:00,60900.0,60900.0,60800.0,60800.0,1440,0.0,0.0
2025-02-14 14:57:00+09:00,60800.0,60900.0,60800.0,60800.0,859,0.0,0.0
2025-02-14 14:58:00+09:00,60900.0,60900.0,60700.0,60900.0,3101,0.0,0.0
2025-02-14 14:59:00+09:00,60800.0,60900.0,60800.0,60900.0,921,0.0,0.0
2025-02-17 09:00:00+09:00,61000.0,61000.0,60700.0,60700.0,0,0.0,0.0
2025-02-17 09:01:00+09:00,60700.0,60800.0,60400.0,60500.0,3239,0.0,0.0
2025-02-17 09:02:00+09:00,60400.0,60500.0,60200.0,60300.0,3251,0.0,0.0
2025-02-17 09:03:00+09:00,60300.0,60500.0,60300.0,60400.0,2530,0.0,0.0
2025-02-17 09:04:00+09:00,60500.0,60500.0,60300.0,60300.0,9085,0.0,0.0
2025-02-17 09:05:00+09:00,60200.0,60400.0,60200.0,60400.0,1287,0.0,0.0
2025-02-17 09:06:00+09:00,60400.0,60500.0,60300.0,60500.0,580,0.0,0.0
2025-02-17 09:07:00+09:00,60500.0,60500.0,60300.0,60400.0,3011,0.0,0.0
2025-02-17 09:08:00+09:00,60500.0,60500.0,60300.0,60300.0,457,0.0,0.0
2025-02-17 09:09:00+09:00,60400.0,60400.0,60300.0,60400.0,887,0.0,0.0
2025-02-17 09:10:00+09:00,60300.0,60400.0,60300.0,60400.0,266,0.0,0.0
2025-02-17 09:11:00+09:00,60300.0,60400.0,60300.0,60400.0,480,0.0,0.0
2025-02-17 09:12:00+09:00,60400.0,60400.0,60300.0,60300.0,895,0.0,0.0
2025-02-17 09:13:00+09:00,60300.0,60400.0,60200.0,60200.0,14412,0.0,0.0
2025-02-17 09:14:00+09:00,60200.0,60300.0,60200.0,60300.0,326,0.0,0.0
2025-02-17 09:15:00+09:00,60200.0,60300.0,60200.0,60200.0,1969,0.0,0.0
2025-02-17 09:16:00+09:00,60200.0,60300.0,60100.0,60200.0,5131,0.0,0.0
2025-02-17 09:17:00+09:00,60100.0,60300.0,60100.0,60200.0,7309,0.0,0.0
2025-02-17 09:18:00+09:00,60100.0,60200.0,60100.0,60200.0,959,0.0,0.0
2025-02-17 09:19:00+09:00,60100.0,60300.0,60100.0,60200.0,3954,0.0,0.0
2025-02-17 09:20:00+09:00,60200.0,60300.0,60200.0,60200.0,711,0.0,0.0
2025-02-17 09:21:00+09:00,60300.0,60300.0,60200.0,60200.0,1344,0.0,0.0
2025-02-17 09:22:00+09:00,60200.0,60300.0,60200.0,60200.0,869,0.0,0.0
2025-02-17 09:23:00+09:00,60200.0,60300.0,60200.0,60200.0,625,0.0,0.0
2025-02-17 09:24:00+09:00,60200.0,60300.0,60100.0,60100.0,3267,0.0,0.0
2025-02-17 09:25:00+09:00,60100.0,60200.0,60100.0,60100.0,858,0.0,0.0
2025-02-17 09:26:00+09:00,60200.0,60200.0,60100.0,60100.0,975,0.0,0.0
2025-02-17 09:27:00+09:00,60100.0,60200.0,60100.0,60100.0,861,0.0,0.0
2025-02-17 09:28:00+09:00,60100.0,60200.0,60100.0,60100.0,1459,0.0,0.0
2025-02-17 09:29:00+09:00,60100.0,60200.0,60100.0,60100.0,1801,0.0,0.0
2025-02-17 09:30:00+09:00,60100.0,60200.0,60100.0,60100.0,1243,0.0,0.0
2025-02-17 09:31:00+09:00,60200.0,60200.0,60100.0,60100.0,1330,0.0,0.0
2025-02-17 09:32:00+09:00,60100.0,60200.0,60100.0,60100.0,1102,0.0,0.0
2025-02-17 09:33:00+09:00,60100.0,60200.0,60100.0,60200.0,1805,0.0,0.0
2025-02-17 09:34:00+09:00,60100.0,60300.0,60100.0,60300.0,4405,0.0,0.0
2025-02-17 09:35:00+09:00,60200.0,60300.0,60200.0,60300.0,600,0.0,0.0
2025-02-17 09:36:00+09:00,60300.0,60300.0,60200.0,60300.0,825,0.0,0.0
2025-02-17 09:37:00+09:00,60200.0,60300.0,60200.0,60300.0,495,0.0,0.0
2025-02-17 09:38:00+09:00,60300.0,60300.0,60200.0,60300.0,647,0.0,0.0
2025-02-17 09:39:00+09:00,60300.0,60400.0,60200.0,60300.0,2624,0.0,0.0
2025-02-17 09:40:00+09:00,60300.0,60400.0,60200.0,60300.0,1200,0.0,0.0
2025-02-17 09:41:00+09:00,60200.0,60300.0,60100.0,60100.0,4904,0.0,0.0
2025-02-17 09:42:00+09:00,60200.0,60200.0,60100.0,60100.0,592,0.0,0.0
2025-02-17 09:43:00+09:00,60100.0,60200.0,60100.0,60200.0,249,0.0,0.0
2025-02-17 09:44:00+09:00,60200.0,60300.0,60100.0,60300.0,663,0.0,0.0
2025-02-17 09:45:00+09:00,60300.0,60400.0,60300.0,60400.0,3412,0.0,0.0
2025-02-17 09:46:00+09:00,60400.0,60400.0,60300.0,60400.0,73,0.0,0.0
2025-02-17 09:47:00+09:00,60400.0,60400.0,60300.0,60400.0,1551,0.0,0.0
2025-02-17 09:48:00+09:00,60400.0,60400.0,60300.0,60300.0,377,0.0,0.0
2025-02-17 09:49:00+09:00,60300.0,60400.0,60300.0,60400.0,864,0.0,0.0
2025-02-17 09:50:00+09:00,60400.0,60500.0,60300.0,60400.0,2028,0.0,0.0
2025-02-17 09:51:00+09:00,60500.0,60500.0,60400.0,60500.0,193,0.0,0.0
2025-02-17 09:52:00+09:00,60400.0,60500.0,60400.0,60400.0,1006,0.0,0.0
2025-02-17 09:53:00+09:00,60500.0,60600.0,60400.0,60500.0,4207,0.0,0.0
2025-02-17 09:54:00+09:00,60600.0,60600.0,60400.0,60400.0,1070,0.0,0.0
2025-02-17 09:55:00+09:00,60500.0,60500.0,60400.0,60500.0,288,0.0,0.0
2025-02-17 09:56:00+09:00,60400.0,60500.0,60400.0,60400.0,180,0.0,0.0
2025-02-17 09:57:00+09:00,60400.0,60500.0,60400.0,60500.0,423,0.0,0.0
2025-02-17 09:58:00+09:00,60400.0,60500.0,60400.0,60400.0,217,0.0,0.0
2025-02-17 09:59:00+09:00,60400.0,60500.0,60400.0,60400.0,354,0.0,0.0
2025-02-17 10:00:00+09:00,60400.0,60500.0,60400.0,60500.0,462,0.0,0.0
2025-02-17 10:01:00+09:00,60500.0,60500.0,60400.0,60400.0,297,0.0,0.0
2025-02-17 10:02:00+09:00,60400.0,60500.0,60400.0,60400.0,922,0.0,0.0
2025-02-17 10:03:00+09:00,60400.0,60500.0,60400.0,60500.0,780,0.0,0.0
2025-02-17 10:04:00+09:00,60500.0,60500.0,60400.0,60500.0,622,0.0,0.0
2025-02-17 10:05:00+09:00,60400.0,60500.0,60400.0,60500.0,1517,0.0,0.0
2025-02-17 10:06:00+09:00,60500.0,60600.0,60500.0,60600.0,4441,0.0,0.0
2025-02-17 10:07:00+09:00,60600.0,60600.0,60500.0,60500.0,296,0.0,0.0
2025-02-17 10:08:00+09:00,60600.0,60600.0,60500.0,60600.0,151,0.0,0.0
2025-02-17 10:09:00+09:00,60600.0,60600.0,60500.0,60600.0,321,0.0,0.0
2025-02-17 10:10:00+09:00,60600.0,60600.0,60500.0,60500.0,186,0.0,0.0
2025-02-17 10:11:00+09:00,60500.0,60600.0,60500.0,60500.0,315,0.0,0.0
2025-02-17 10:12:00+09:00,60600.0,60600.0,60300.0,60400.0,5341,0.0,0.0
2025-02-17 10:13:00+09:00,60400.0,60500.0,60300.0,60500.0,702,0.0,0.0
2025-02-17 10:14:00+09:00,60400.0,60500.0,60400.0,60500.0,1079,0.0,0.0
2025-02-17 10:15:00+09:00,60500.0,60500.0,60400.0,60500.0,485,0.0,0.0
2025-02-17 10:16:00+09:00,60500.0,60500.0,60400.0,60500.0,526,0.0,0.0
2025-02-17 10:17:00+09:00,60400.0,60500.0,60400.0,60500.0,207,0.0,0.0
2025-02-17 10:18:00+09:00,60400.0,60500.0,60400.0,60400.0,523,0.0,0.0
2025-02-17 10:19:00+09:00,60400.0,60600.0,60400.0,60600.0,2588,0.0,0.0
2025-02-17 10:20:00+09:00,60500.0,60600.0,60500.0,60600.0,938,0.0,0.0
2025-02-17 10:21:00+09:00,60600.0,60600.0,60500.0,60600.0,615,0.0,0.0
2025-02-17 10:22:00+09:00,60600.0,60600.0,60500.0,60600.0,458,0.0,0.0
2025-02-17 10:23:00+09:00,60500.0,60600.0,60500.0,60500.0,904,0.0,0.0
2025-02-17 10:24:00+09:00,60500.0,60600.0,60500.0,60500.0,204,0.0,0.0
2025-02-17 10:25:00+09:00,60500.0,60600.0,60500.0,60600.0,506,0.0,0.0
2025-02-17 10:26:00+09:00,60500.0,60600.0,60500.0,60500.0,151,0.0,0.0
2025-02-17 10:27:00+09:00,60600.0,60700.0,60600.0,60700.0,3792,0.0,0.0
2025-02-17 10:28:00+09:00,60600.0,60700.0,60600.0,60700.0,88,0.0,0.0
2025-02-17 10:29:00+09:00,60700.0,60700.0,60600.0,60600.0,780,0.0,0.0
2025-02-17 10:30:00+09:00,60600.0,60700.0,60500.0,60500.0,1243,0.0,0.0
2025-02-17 10:31:00+09:00,60600.0,60600.0,60500.0,60600.0,159,0.0,0.0
2025-02-17 10:32:00+09:00,60500.0,60600.0,60500.0,60500.0,877,0.0,0.0
2025-02-17 10:33:00+09:00,60500.0,60600.0,60500.0,60600.0,115,0.0,0.0
2025-02-17 10:34:00+09:00,60500.0,60600.0,60400.0,60400.0,5785,0.0,0.0
2025-02-17 10:35:00+09:00,60400.0,60500.0,60300.0,60400.0,1424,0.0,0.0
2025-02-17 10:36:00+09:00,60400.0,60400.0,60300.0,60400.0,624,0.0,0.0
2025-02-17 10:37:00+09:00,60300.0,60400.0,60300.0,60400.0,813,0.0,0.0
2025-02-17 10:38:00+09:00,60400.0,60400.0,60300.0,60400.0,402,0.0,0.0
2025-02-17 10:39:00+09:00,60400.0,60400.0,60300.0,60300.0,289,0.0,0.0
2025-02-17 10:40:00+09:00,60300.0,60400.0,60300.0,60400.0,643,0.0,0.0
2025-02-17 10:41:00+09:00,60400.0,60400.0,60300.0,60300.0,119,0.0,0.0
2025-02-17 10:42:00+09:00,60300.0,60400.0,60300.0,60300.0,340,0.0,0.0
2025-02-17 10:43:00+09:00,60300.0,60400.0,60300.0,60300.0,461,0.0,0.0
2025-02-17 10:44:00+09:00,60300.0,60400.0,60300.0,60300.0,1056,0.0,0.0
2025-02-17 10:45:00+09:00,60300.0,60400.0,60300.0,60300.0,621,0.0,0.0
2025-02-17 10:46:00+09:00,60300.0,60400.0,60300.0,60300.0,546,0.0,0.0
2025-02-17 10:47:00+09:00,60300.0,60400.0,60200.0,60200.0,5429,0.0,0.0
2025-02-17 10:48:00+09:00,60200.0,60300.0,60200.0,60200.0,725,0.0,0.0
2025-02-17 10:49:00+09:00,60300.0,60400.0,60200.0,60300.0,3992,0.0,0.0
2025-02-17 10:50:00+09:00,60300.0,60400.0,60300.0,60400.0,243,0.0,0.0
2025-02-17 10:51:00+09:00,60400.0,60400.0,60300.0,60400.0,1688,0.0,0.0
2025-02-17 10:52:00+09:00,60400.0,60400.0,60300.0,60400.0,513,0.0,0.0
2025-02-17 10:53:00+09:00,60300.0,60400.0,60300.0,60400.0,548,0.0,0.0
2025-02-17 10:54:00+09:00,60300.0,60400.0,60300.0,60300.0,818,0.0,0.0
2025-02-17 10:55:00+09:00,60300.0,60400.0,60200.0,60400.0,1735,0.0,0.0
2025-02-17 10:56:00+09:00,60300.0,60400.0,60200.0,60300.0,1691,0.0,0.0
2025-02-17 10:57:00+09:00,60300.0,60400.0,60300.0,60300.0,349,0.0,0.0
2025-02-17 10:58:00+09:00,60400.0,60400.0,60300.0,60300.0,793,0.0,0.0
2025-02-17 10:59:00+09:00,60300.0,60400.0,60200.0,60300.0,1091,0.0,0.0
2025-02-17 11:00:00+09:00,60300.0,60400.0,60200.0,60300.0,996,0.0,0.0
2025-02-17 11:01:00+09:00,60300.0,60400.0,60300.0,60300.0,688,0.0,0.0
2025-02-17 11:02:00+09:00,60300.0,60400.0,60200.0,60200.0,708,0.0,0.0
2025-02-17 11:03:00+09:00,60200.0,60300.0,60200.0,60300.0,1103,0.0,0.0
2025-02-17 11:04:00+09:00,60200.0,60300.0,60200.0,60200.0,772,0.0,0.0
2025-02-17 11:05:00+09:00,60200.0,60300.0,60200.0,60300.0,590,0.0,0.0
2025-02-17 11:06:00+09:00,60200.0,60300.0,60200.0,60300.0,708,0.0,0.0
2025-02-17 11:07:00+09:00,60200.0,60300.0,60200.0,60300.0,848,0.0,0.0
2025-02-17 11:08:00+09:00,60200.0,60300.0,60200.0,60300.0,667,0.0,0.0
2025-02-17 11:09:00+09:00,60300.0,60300.0,60200.0,60200.0,970,0.0,0.0
2025-02-17 11:10:00+09:00,60200.0,60300.0,60200.0,60200.0,763,0.0,0.0
2025-02-17 11:11:00+09:00,60200.0,60300.0,60200.0,60200.0,741,0.0,0.0
2025-02-17 11:12:00+09:00,60300.0,60300.0,60200.0,60300.0,824,0.0,0.0
2025-02-17 11:13:00+09:00,60200.0,60300.0,60200.0,60300.0,646,0.0,0.0
2025-02-17 11:14:00+09:00,60200.0,60300.0,60200.0,60300.0,1335,0.0,0.0
2025-02-17 11:15:00+09:00,60300.0,60300.0,60200.0,60200.0,318,0.0,0.0
2025-02-17 11:16:00+09:00,60200.0,60300.0,60200.0,60200.0,850,0.0,0.0
2025-02-17 11:17:00+09:00,60300.0,60300.0,60200.0,60200.0,866,0.0,0.0
2025-02-17 11:18:00+09:00,60200.0,60300.0,60200.0,60200.0,785,0.0,0.0
2025-02-17 11:19:00+09:00,60300.0,60300.0,60200.0,60300.0,914,0.0,0.0
2025-02-17 11:20:00+09:00,60300.0,60300.0,60200.0,60200.0,783,0.0,0.0
2025-02-17 11:21:00+09:00,60300.0,60300.0,60200.0,60200.0,850,0.0,0.0
2025-02-17 11:22:00+09:00,60200.0,60300.0,60200.0,60200.0,869,0.0,0.0
2025-02-17 11:23:00+09:00,60200.0,60300.0,60200.0,60200.0,713,0.0,0.0
2025-02-17 11:24:00+09:00,60200.0,60300.0,60200.0,60200.0,716,0.0,0.0
2025-02-17 11:25:00+09:00,60200.0,60300.0,60200.0,60300.0,2289,0.0,0.0
2025-02-17 11:26:00+09:00,60200.0,60300.0,60200.0,60200.0,459,0.0,0.0
2025-02-17 11:27:00+09:00,60200.0,60300.0,60100.0,60100.0,3578,0.0,0.0
2025-02-17 11:28:00+09:00,60100.0,60200.0,60100.0,60100.0,842,0.0,0.0
2025-02-17 11:29:00+09:00,60200.0,60200.0,60100.0,60200.0,898,0.0,0.0
2025-02-17 11:30:00+09:00,60200.0,60200.0,60100.0,60200.0,493,0.0,0.0
2025-02-17 11:31:00+09:00,60100.0,60200.0,60100.0,60200.0,976,0.0,0.0
2025-02-17 11:32:00+09:00,60200.0,60200.0,60100.0,60200.0,3783,0.0,0.0
2025-02-17 11:33:00+09:00,60100.0,60200.0,60100.0,60200.0,711,0.0,0.0
2025-02-17 11:34:00+09:00,60100.0,60300.0,60100.0,60200.0,1346,0.0,0.0
2025-02-17 11:35:00+09:00,60200.0,60300.0,60100.0,60100.0,657,0.0,0.0
2025-02-17 11:36:00+09:00,60200.0,60200.0,60100.0,60100.0,930,0.0,0.0
2025-02-17 11:37:00+09:00,60100.0,60300.0,60100.0,60200.0,2025,0.0,0.0
2025-02-17 11:38:00+09:00,60200.0,60300.0,60200.0,60200.0,377,0.0,0.0
2025-02-17 11:39:00+09:00,60200.0,60300.0,60200.0,60200.0,939,0.0,0.0
2025-02-17 11:40:00+09:00,60300.0,60300.0,60200.0,60200.0,825,0.0,0.0
2025-02-17 11:41:00+09:00,60200.0,60300.0,60100.0,60100.0,1069,0.0,0.0
2025-02-17 11:42:00+09:00,60200.0,60300.0,60100.0,60200.0,901,0.0,0.0
2025-02-17 11:43:00+09:00,60200.0,60300.0,60100.0,60100.0,846,0.0,0.0
2025-02-17 11:44:00+09:00,60200.0,60200.0,60100.0,60200.0,703,0.0,0.0
2025-02-17 11:45:00+09:00,60200.0,60200.0,60100.0,60200.0,807,0.0,0.0
2025-02-17 11:46:00+09:00,60200.0,60200.0,60100.0,60100.0,941,0.0,0.0
2025-02-17 11:47:00+09:00,60100.0,60200.0,60100.0,60100.0,740,0.0,0.0
2025-02-17 11:48:00+09:00,60200.0,60200.0,60100.0,60100.0,840,0.0,0.0
2025-02-17 11:49:00+09:00,60100.0,60200.0,60100.0,60200.0,755,0.0,0.0
2025-02-17 11:50:00+09:00,60100.0,60200.0,60100.0,60100.0,724,0.0,0.0
2025-02-17 11:51:00+09:00,60200.0,60200.0,60100.0,60200.0,716,0.0,0.0
2025-02-17 11:52:00+09:00,60200.0,60200.0,60100.0,60200.0,935,0.0,0.0
2025-02-17 11:53:00+09:00,60200.0,60200.0,60100.0,60100.0,758,0.0,0.0
2025-02-17 11:54:00+09:00,60200.0,60200.0,60100.0,60100.0,631,0.0,0.0
2025-02-17 11:55:00+09:00,60100.0,60200.0,60100.0,60200.0,720,0.0,0.0
2025-02-17 11:56:00+09:00,60200.0,60200.0,60100.0,60100.0,893,0.0,0.0
2025-02-17 11:57:00+09:00,60200.0,60200.0,60100.0,60100.0,926,0.0,0.0
2025-02-17 11:58:00+09:00,60100.0,60300.0,60100.0,60200.0,4015,0.0,0.0
2025-02-17 11:59:00+09:00,60100.0,60200.0,60100.0,60200.0,511,0.0,0.0
2025-02-17 12:00:00+09:00,60200.0,60300.0,60100.0,60200.0,1071,0.0,0.0
2025-02-17 12:01:00+09:00,60200.0,60300.0,60200.0,60300.0,918,0.0,0.0
2025-02-17 12:02:00+09:00,60200.0,60300.0,60100.0,60100.0,1641,0.0,0.0
2025-02-17 12:03:00+09:00,60100.0,60200.0,60100.0,60100.0,1081,0.0,0.0
2025-02-17 12:04:00+09:00,60100.0,60200.0,60100.0,60100.0,757,0.0,0.0
2025-02-17 12:05:00+09:00,60100.0,60200.0,60100.0,60100.0,760,0.0,0.0
2025-02-17 12:06:00+09:00,60100.0,60200.0,60100.0,60100.0,1158,0.0,0.0
2025-02-17 12:07:00+09:00,60100.0,60200.0,60100.0,60200.0,574,0.0,0.0
2025-02-17 12:08:00+09:00,60200.0,60200.0,60100.0,60100.0,813,0.0,0.0
2025-02-17 12:09:00+09:00,60100.0,60200.0,60100.0,60100.0,716,0.0,0.0
2025-02-17 12:10:00+09:00,60100.0,60200.0,60100.0,60100.0,315,0.0,0.0
2025-02-17 12:11:00+09:00,60200.0,60200.0,60100.0,60100.0,1311,0.0,0.0
2025-02-17 12:12:00+09:00,60100.0,60200.0,60100.0,60100.0,907,0.0,0.0
2025-02-17 12:13:00+09:00,60200.0,60200.0,60100.0,60200.0,1477,0.0,0.0
2025-02-17 12:14:00+09:00,60200.0,60200.0,60100.0,60200.0,1459,0.0,0.0
2025-02-17 12:15:00+09:00,60100.0,60200.0,60100.0,60200.0,973,0.0,0.0
2025-02-17 12:16:00+09:00,60100.0,60200.0,60100.0,60200.0,841,0.0,0.0
2025-02-17 12:17:00+09:00,60200.0,60200.0,60100.0,60100.0,579,0.0,0.0
2025-02-17 12:18:00+09:00,60200.0,60200.0,60100.0,60200.0,975,0.0,0.0
2025-02-17 12:19:00+09:00,60200.0,60200.0,60100.0,60100.0,976,0.0,0.0
2025-02-17 12:20:00+09:00,60100.0,60200.0,60100.0,60200.0,322,0.0,0.0
2025-02-17 12:21:00+09:00,60200.0,60200.0,60100.0,60100.0,1599,0.0,0.0
2025-02-17 12:22:00+09:00,60100.0,60200.0,60100.0,60200.0,521,0.0,0.0
2025-02-17 12:23:00+09:00,60100.0,60200.0,60100.0,60100.0,1564,0.0,0.0
2025-02-17 12:24:00+09:00,60100.0,60200.0,60100.0,60200.0,726,0.0,0.0
2025-02-17 12:25:00+09:00,60100.0,60200.0,60100.0,60100.0,1235,0.0,0.0
2025-02-17 12:26:00+09:00,60100.0,60200.0,60100.0,60200.0,890,0.0,0.0
2025-02-17 12:27:00+09:00,60100.0,60200.0,60100.0,60100.0,1028,0.0,0.0
2025-02-17 12:28:00+09:00,60200.0,60200.0,60100.0,60100.0,762,0.0,0.0
2025-02-17 12:29:00+09:00,60200.0,60200.0,60100.0,60100.0,804,0.0,0.0
2025-02-17 12:30:00+09:00,60100.0,60200.0,60100.0,60200.0,772,0.0,0.0
2025-02-17 12:31:00+09:00,60100.0,60200.0,60100.0,60100.0,1031,0.0,0.0
2025-02-17 12:32:00+09:00,60200.0,60200.0,60100.0,60200.0,424,0.0,0.0
2025-02-17 12:33:00+09:00,60100.0,60200.0,60100.0,60100.0,639,0.0,0.0
2025-02-17 12:34:00+09:00,60100.0,60200.0,60100.0,60100.0,854,0.0,0.0
2025-02-17 12:35:00+09:00,60100.0,60200.0,60100.0,60100.0,782,0.0,0.0
2025-02-17 12:36:00+09:00,60100.0,60200.0,60100.0,60200.0,809,0.0,0.0
2025-02-17 12:37:00+09:00,60100.0,60200.0,60100.0,60200.0,843,0.0,0.0
2025-02-17 12:38:00+09:00,60200.0,60200.0,60100.0,60100.0,757,0.0,0.0
2025-02-17 12:39:00+09:00,60200.0,60200.0,60100.0,60100.0,2249,0.0,0.0
2025-02-17 12:40:00+09:00,60100.0,60200.0,60100.0,60100.0,983,0.0,0.0
2025-02-17 12:41:00+09:00,60100.0,60200.0,60100.0,60100.0,825,0.0,0.0
2025-02-17 12:42:00+09:00,60200.0,60200.0,60100.0,60200.0,436,0.0,0.0
2025-02-17 12:43:00+09:00,60100.0,60200.0,60100.0,60100.0,816,0.0,0.0
2025-02-17 12:44:00+09:00,60100.0,60200.0,60000.0,60000.0,11092,0.0,0.0
2025-02-17 12:45:00+09:00,60000.0,60100.0,60000.0,60100.0,2032,0.0,0.0
2025-02-17 12:46:00+09:00,60100.0,60100.0,60000.0,60100.0,6126,0.0,0.0
2025-02-17 12:47:00+09:00,60000.0,60100.0,60000.0,60000.0,712,0.0,0.0
2025-02-17 12:48:00+09:00,60100.0,60100.0,60000.0,60100.0,3227,0.0,0.0
2025-02-17 12:49:00+09:00,60100.0,60100.0,60000.0,60000.0,713,0.0,0.0
2025-02-17 12:50:00+09:00,60000.0,60100.0,60000.0,60000.0,839,0.0,0.0
2025-02-17 12:51:00+09:00,60100.0,60100.0,60000.0,60000.0,1368,0.0,0.0
2025-02-17 12:52:00+09:00,60000.0,60100.0,60000.0,60000.0,1044,0.0,0.0
2025-02-17 12:53:00+09:00,60000.0,60100.0,60000.0,60000.0,9820,0.0,0.0
2025-02-17 12:54:00+09:00,60000.0,60100.0,60000.0,60000.0,903,0.0,0.0
2025-02-17 12:55:00+09:00,60000.0,60100.0,60000.0,60000.0,804,0.0,0.0
2025-02-17 12:56:00+09:00,60100.0,60100.0,60000.0,60100.0,832,0.0,0.0
2025-02-17 12:57:00+09:00,60100.0,60100.0,60000.0,60000.0,1221,0.0,0.0
2025-02-17 12:58:00+09:00,60100.0,60100.0,60000.0,60100.0,1723,0.0,0.0
2025-02-17 12:59:00+09:00,60000.0,60100.0,60000.0,60000.0,4156,0.0,0.0
2025-02-17 13:00:00+09:00,60100.0,60100.0,60000.0,60100.0,4028,0.0,0.0
2025-02-17 13:01:00+09:00,60000.0,60100.0,60000.0,60100.0,766,0.0,0.0
2025-02-17 13:02:00+09:00,60000.0,60100.0,60000.0,60000.0,4523,0.0,0.0
2025-02-17 13:03:00+09:00,60000.0,60300.0,60000.0,60200.0,11515,0.0,0.0
2025-02-17 13:04:00+09:00,60200.0,60300.0,60200.0,60200.0,1802,0.0,0.0
2025-02-17 13:05:00+09:00,60200.0,60200.0,60100.0,60100.0,74,0.0,0.0
2025-02-17 13:06:00+09:00,60100.0,60200.0,60100.0,60200.0,1176,0.0,0.0
2025-02-17 13:07:00+09:00,60100.0,60200.0,60100.0,60200.0,852,0.0,0.0
2025-02-17 13:08:00+09:00,60100.0,60200.0,60100.0,60100.0,835,0.0,0.0
2025-02-17 13:09:00+09:00,60100.0,60200.0,60100.0,60200.0,788,0.0,0.0
2025-02-17 13:10:00+09:00,60100.0,60200.0,60100.0,60100.0,1418,0.0,0.0
2025-02-17 13:11:00+09:00,60200.0,60200.0,60100.0,60100.0,738,0.0,0.0
2025-02-17 13:12:00+09:00,60100.0,60200.0,60100.0,60200.0,876,0.0,0.0
2025-02-17 13:13:00+09:00,60200.0,60200.0,60100.0,60100.0,885,0.0,0.0
2025-02-17 13:14:00+09:00,60100.0,60200.0,60100.0,60100.0,734,0.0,0.0
2025-02-17 13:15:00+09:00,60100.0,60200.0,60100.0,60100.0,766,0.0,0.0
2025-02-17 13:16:00+09:00,60100.0,60200.0,60100.0,60100.0,1094,0.0,0.0
2025-02-17 13:17:00+09:00,60100.0,60200.0,60100.0,60100.0,1979,0.0,0.0
2025-02-17 13:18:00+09:00,60200.0,60200.0,60100.0,60100.0,923,0.0,0.0
2025-02-17 13:19:00+09:00,60100.0,60200.0,60100.0,60100.0,1065,0.0,0.0
2025-02-17 13:20:00+09:00,60100.0,60200.0,60100.0,60100.0,2518,0.0,0.0
2025-02-17 13:21:00+09:00,60200.0,60200.0,60100.0,60100.0,1121,0.0,0.0
2025-02-17 13:22:00+09:00,60200.0,60200.0,60100.0,60200.0,857,0.0,0.0
2025-02-17 13:23:00+09:00,60100.0,60200.0,60000.0,60000.0,1232,0.0,0.0
2025-02-17 13:24:00+09:00,60000.0,60100.0,60000.0,60000.0,1156,0.0,0.0
2025-02-17 13:25:00+09:00,60000.0,60100.0,60000.0,60000.0,914,0.0,0.0
2025-02-17 13:26:00+09:00,60000.0,60100.0,60000.0,60000.0,939,0.0,0.0
2025-02-17 13:27:00+09:00,60100.0,60100.0,60000.0,60100.0,950,0.0,0.0
2025-02-17 13:28:00+09:00,60000.0,60100.0,60000.0,60000.0,1025,0.0,0.0
2025-02-17 13:29:00+09:00,60000.0,60100.0,60000.0,60000.0,686,0.0,0.0
2025-02-17 13:30:00+09:00,60000.0,60100.0,60000.0,60000.0,1090,0.0,0.0
2025-02-17 13:31:00+09:00,60000.0,60100.0,60000.0,60000.0,2345,0.0,0.0
2025-02-17 13:32:00+09:00,60000.0,60100.0,60000.0,60100.0,1284,0.0,0.0
2025-02-17 13:33:00+09:00,60000.0,60100.0,60000.0,60100.0,1069,0.0,0.0
2025-02-17 13:34:00+09:00,60100.0,60100.0,60000.0,60100.0,1488,0.0,0.0
2025-02-17 13:35:00+09:00,60000.0,60100.0,60000.0,60100.0,768,0.0,0.0
2025-02-17 13:36:00+09:00,60100.0,60100.0,60000.0,60000.0,1077,0.0,0.0
2025-02-17 13:37:00+09:00,60000.0,60200.0,60000.0,60100.0,6849,0.0,0.0
2025-02-17 13:38:00+09:00,60100.0,60200.0,60100.0,60100.0,1037,0.0,0.0
2025-02-17 13:39:00+09:00,60100.0,60200.0,60000.0,60200.0,2116,0.0,0.0
2025-02-17 13:40:00+09:00,60100.0,60200.0,60100.0,60100.0,1047,0.0,0.0
2025-02-17 13:41:00+09:00,60100.0,60200.0,60100.0,60100.0,1220,0.0,0.0
2025-02-17 13:42:00+09:00,60100.0,60200.0,60100.0,60200.0,1203,0.0,0.0
2025-02-17 13:43:00+09:00,60100.0,60200.0,60000.0,60000.0,1523,0.0,0.0
2025-02-17 13:44:00+09:00,60100.0,60100.0,60000.0,60000.0,1023,0.0,0.0
2025-02-17 13:45:00+09:00,60100.0,60100.0,60000.0,60000.0,1016,0.0,0.0
2025-02-17 13:46:00+09:00,60100.0,60100.0,60000.0,60000.0,987,0.0,0.0
2025-02-17 13:47:00+09:00,60000.0,60100.0,60000.0,60000.0,1009,0.0,0.0
2025-02-17 13:48:00+09:00,60100.0,60100.0,60000.0,60000.0,1038,0.0,0.0
2025-02-17 13:49:00+09:00,60000.0,60200.0,60000.0,60100.0,6359,0.0,0.0
2025-02-17 13:50:00+09:00,60100.0,60200.0,60100.0,60100.0,1016,0.0,0.0
2025-02-17 13:51:00+09:00,60100.0,60200.0,60100.0,60200.0,1309,0.0,0.0
2025-02-17 13:52:00+09:00,60200.0,60200.0,60100.0,60100.0,806,0.0,0.0
2025-02-17 13:53:00+09:00,60100.0,60200.0,60100.0,60200.0,1340,0.0,0.0
2025-02-17 13:54:00+09:00,60100.0,60200.0,60100.0,60200.0,1025,0.0,0.0
2025-02-17 13:55:00+09:00,60200.0,60200.0,60100.0,60100.0,1068,0.0,0.0
2025-02-17 13:56:00+09:00,60100.0,60200.0,60100.0,60100.0,937,0.0,0.0
2025-02-17 13:57:00+09:00,60100.0,60200.0,60100.0,60100.0,659,0.0,0.0
2025-02-17 13:58:00+09:00,60100.0,60200.0,60100.0,60100.0,761,0.0,0.0
2025-02-17 13:59:00+09:00,60100.0,60200.0,60100.0,60100.0,1145,0.0,0.0
2025-02-17 14:00:00+09:00,60100.0,60200.0,60100.0,60100.0,800,0.0,0.0
2025-02-17 14:01:00+09:00,60100.0,60200.0,60100.0,60100.0,1027,0.0,0.0
2025-02-17 14:02:00+09:00,60100.0,60200.0,60100.0,60200.0,897,0.0,0.0
2025-02-17 14:03:00+09:00,60100.0,60200.0,60100.0,60100.0,1044,0.0,0.0
2025-02-17 14:04:00+09:00,60100.0,60200.0,60100.0,60100.0,878,0.0,0.0
2025-02-17 14:05:00+09:00,60100.0,60300.0,60100.0,60200.0,9544,0.0,0.0
2025-02-17 14:06:00+09:00,60200.0,60300.0,60100.0,60100.0,4163,0.0,0.0
2025-02-17 14:07:00+09:00,60200.0,60300.0,60100.0,60200.0,555,0.0,0.0
2025-02-17 14:08:00+09:00,60200.0,60300.0,60200.0,60200.0,947,0.0,0.0
2025-02-17 14:09:00+09:00,60200.0,60300.0,60200.0,60200.0,524,0.0,0.0
2025-02-17 14:10:00+09:00,60200.0,60300.0,60200.0,60200.0,805,0.0,0.0
2025-02-17 14:11:00+09:00,60200.0,60300.0,60200.0,60300.0,2041,0.0,0.0
2025-02-17 14:12:00+09:00,60200.0,60300.0,60200.0,60200.0,1176,0.0,0.0
2025-02-17 14:13:00+09:00,60200.0,60300.0,60200.0,60200.0,1337,0.0,0.0
2025-02-17 14:14:00+09:00,60300.0,60400.0,60100.0,60300.0,6424,0.0,0.0
2025-02-17 14:15:00+09:00,60300.0,60400.0,60200.0,60200.0,691,0.0,0.0
2025-02-17 14:16:00+09:00,60200.0,60300.0,60200.0,60300.0,997,0.0,0.0
2025-02-17 14:17:00+09:00,60300.0,60300.0,60200.0,60200.0,1010,0.0,0.0
2025-02-17 14:18:00+09:00,60200.0,60300.0,60200.0,60200.0,842,0.0,0.0
2025-02-17 14:19:00+09:00,60200.0,60300.0,60200.0,60300.0,854,0.0,0.0
2025-02-17 14:20:00+09:00,60200.0,60300.0,60200.0,60200.0,878,0.0,0.0
2025-02-17 14:21:00+09:00,60300.0,60300.0,60200.0,60200.0,926,0.0,0.0
2025-02-17 14:22:00+09:00,60200.0,60300.0,60200.0,60200.0,1013,0.0,0.0
2025-02-17 14:23:00+09:00,60300.0,60300.0,60200.0,60300.0,975,0.0,0.0
2025-02-17 14:24:00+09:00,60200.0,60300.0,60200.0,60200.0,2149,0.0,0.0
2025-02-17 14:25:00+09:00,60200.0,60300.0,60200.0,60200.0,886,0.0,0.0
2025-02-17 14:26:00+09:00,60300.0,60300.0,60200.0,60200.0,784,0.0,0.0
2025-02-17 14:27:00+09:00,60200.0,60300.0,60200.0,60200.0,1016,0.0,0.0
2025-02-17 14:28:00+09:00,60300.0,60300.0,60200.0,60200.0,1335,0.0,0.0
2025-02-17 14:29:00+09:00,60200.0,60300.0,60100.0,60100.0,5530,0.0,0.0
2025-02-17 14:30:00+09:00,60100.0,60400.0,60100.0,60400.0,4664,0.0,0.0
2025-02-17 14:31:00+09:00,60300.0,60400.0,60300.0,60400.0,552,0.0,0.0
2025-02-17 14:32:00+09:00,60300.0,60400.0,60300.0,60300.0,1180,0.0,0.0
2025-02-17 14:33:00+09:00,60300.0,60400.0,60200.0,60200.0,1154,0.0,0.0
2025-02-17 14:34:00+09:00,60200.0,60300.0,60200.0,60200.0,1084,0.0,0.0
2025-02-17 14:35:00+09:00,60300.0,60300.0,60200.0,60200.0,1082,0.0,0.0
2025-02-17 14:36:00+09:00,60300.0,60300.0,60200.0,60300.0,693,0.0,0.0
2025-02-17 14:37:00+09:00,60200.0,60300.0,60200.0,60300.0,972,0.0,0.0
2025-02-17 14:38:00+09:00,60300.0,60300.0,60200.0,60300.0,1034,0.0,0.0
2025-02-17 14:39:00+09:00,60200.0,60300.0,60200.0,60200.0,853,0.0,0.0
2025-02-17 14:40:00+09:00,60200.0,60300.0,60200.0,60200.0,918,0.0,0.0
2025-02-17 14:41:00+09:00,60200.0,60300.0,60200.0,60200.0,1038,0.0,0.0
2025-02-17 14:42:00+09:00,60200.0,60300.0,60200.0,60200.0,1113,0.0,0.0
2025-02-17 14:43:00+09:00,60200.0,60300.0,60200.0,60200.0,302,0.0,0.0
2025-02-17 14:44:00+09:00,60200.0,60300.0,60200.0,60200.0,972,0.0,0.0
2025-02-17 14:45:00+09:00,60200.0,60300.0,60200.0,60200.0,1008,0.0,0.0
2025-02-17 14:46:00+09:00,60200.0,60300.0,60200.0,60300.0,2145,0.0,0.0
2025-02-17 14:47:00+09:00,60200.0,60300.0,60200.0,60200.0,1094,0.0,0.0
2025-02-17 14:48:00+09:00,60200.0,60300.0,60200.0,60300.0,1387,0.0,0.0
2025-02-17 14:49:00+09:00,60300.0,60500.0,60200.0,60400.0,11195,0.0,0.0
2025-02-17 14:50:00+09:00,60400.0,60500.0,60300.0,60300.0,868,0.0,0.0
2025-02-17 14:51:00+09:00,60300.0,60500.0,60300.0,60400.0,952,0.0,0.0
2025-02-17 14:52:00+09:00,60500.0,60500.0,60300.0,60300.0,1564,0.0,0.0
2025-02-17 14:53:00+09:00,60300.0,60400.0,60300.0,60400.0,477,0.0,0.0
2025-02-17 14:54:00+09:00,60300.0,60400.0,60300.0,60300.0,1156,0.0,0.0
2025-02-17 14:55:00+09:00,60300.0,60400.0,60300.0,60400.0,1175,0.0,0.0
2025-02-17 14:56:00+09:00,60400.0,60400.0,60300.0,60300.0,1000,0.0,0.0
2025-02-17 14:57:00+09:00,60300.0,60400.0,60200.0,60200.0,1835,0.0,0.0
2025-02-17 14:58:00+09:00,60200.0,60300.0,60200.0,60200.0,1183,0.0,0.0
2025-02-17 14:59:00+09:00,60200.0,60300.0,60200.0,60200.0,606,0.0,0.0
2025-02-18 09:00:00+09:00,60100.0,60500.0,60100.0,60300.0,4530,0.0,0.0
2025-02-18 09:01:00+09:00,60300.0,60400.0,60300.0,60400.0,913,0.0,0.0
2025-02-18 09:02:00+09:00,60400.0,60400.0,60300.0,60400.0,332,0.0,0.0
2025-02-18 09:03:00+09:00,60400.0,60600.0,60400.0,60500.0,3566,0.0,0.0
2025-02-18 09:04:00+09:00,60500.0,60600.0,60400.0,60600.0,1420,0.0,0.0
2025-02-18 09:05:00+09:00,60600.0,60600.0,60400.0,60400.0,3405,0.0,0.0
2025-02-18 09:06:00+09:00,60500.0,60500.0,60400.0,60400.0,1697,0.0,0.0
2025-02-18 09:07:00+09:00,60400.0,60500.0,60400.0,60500.0,827,0.0,0.0
2025-02-18 09:08:00+09:00,60400.0,60500.0,60300.0,60400.0,599,0.0,0.0
2025-02-18 09:09:00+09:00,60400.0,60400.0,60200.0,60200.0,1408,0.0,0.0
2025-02-18 09:10:00+09:00,60200.0,60400.0,60200.0,60400.0,1366,0.0,0.0
2025-02-18 09:11:00+09:00,60400.0,60600.0,60300.0,60500.0,4226,0.0,0.0
2025-02-18 09:12:00+09:00,60500.0,60600.0,60400.0,60400.0,3902,0.0,0.0
2025-02-18 09:13:00+09:00,60400.0,60400.0,60300.0,60400.0,801,0.0,0.0
2025-02-18 09:14:00+09:00,60400.0,60500.0,60400.0,60400.0,392,0.0,0.0
2025-02-18 09:15:00+09:00,60400.0,60600.0,60400.0,60500.0,1718,0.0,0.0
2025-02-18 09:16:00+09:00,60600.0,60600.0,60500.0,60500.0,491,0.0,0.0
2025-02-18 09:17:00+09:00,60500.0,60500.0,60500.0,60500.0,94,0.0,0.0
2025-02-18 09:18:00+09:00,60500.0,60600.0,60400.0,60500.0,1208,0.0,0.0
2025-02-18 09:19:00+09:00,60500.0,60600.0,60400.0,60600.0,5277,0.0,0.0
2025-02-18 09:20:00+09:00,60500.0,60700.0,60500.0,60500.0,1882,0.0,0.0
2025-02-18 09:21:00+09:00,60600.0,60600.0,60500.0,60500.0,1796,0.0,0.0
2025-02-18 09:22:00+09:00,60600.0,60600.0,60500.0,60500.0,366,0.0,0.0
2025-02-18 09:23:00+09:00,60500.0,60600.0,60500.0,60500.0,2332,0.0,0.0
2025-02-18 09:24:00+09:00,60500.0,60700.0,60500.0,60600.0,4148,0.0,0.0
2025-02-18 09:25:00+09:00,60600.0,60700.0,60600.0,60600.0,506,0.0,0.0
2025-02-18 09:26:00+09:00,60700.0,60700.0,60600.0,60600.0,333,0.0,0.0
2025-02-18 09:27:00+09:00,60700.0,60700.0,60600.0,60600.0,441,0.0,0.0
2025-02-18 09:28:00+09:00,60600.0,60700.0,60500.0,60500.0,3069,0.0,0.0
2025-02-18 09:29:00+09:00,60600.0,60600.0,60500.0,60500.0,1979,0.0,0.0
2025-02-18 09:30:00+09:00,60500.0,60700.0,60500.0,60700.0,1136,0.0,0.0
2025-02-18 09:31:00+09:00,60700.0,60700.0,60600.0,60700.0,314,0.0,0.0
2025-02-18 09:32:00+09:00,60600.0,60700.0,60600.0,60700.0,5282,0.0,0.0
2025-02-18 09:33:00+09:00,60700.0,60800.0,60600.0,60800.0,552,0.0,0.0
2025-02-18 09:34:00+09:00,60800.0,61000.0,60700.0,61000.0,9043,0.0,0.0
2025-02-18 09:35:00+09:00,61000.0,61100.0,60900.0,61100.0,10373,0.0,0.0
2025-02-18 09:36:00+09:00,61000.0,61100.0,61000.0,61000.0,1642,0.0,0.0
2025-02-18 09:37:00+09:00,61100.0,61100.0,61000.0,61100.0,1553,0.0,0.0
2025-02-18 09:38:00+09:00,61100.0,61100.0,61000.0,61000.0,880,0.0,0.0
2025-02-18 09:39:00+09:00,61000.0,61100.0,61000.0,61100.0,775,0.0,0.0
2025-02-18 09:40:00+09:00,61100.0,61100.0,60900.0,61000.0,3997,0.0,0.0
2025-02-18 09:41:00+09:00,61000.0,61000.0,60900.0,61000.0,649,0.0,0.0
2025-02-18 09:42:00+09:00,61000.0,61000.0,60900.0,60900.0,494,0.0,0.0
2025-02-18 09:43:00+09:00,61000.0,61100.0,60900.0,61100.0,10077,0.0,0.0
2025-02-18 09:44:00+09:00,61100.0,61100.0,61000.0,61100.0,2018,0.0,0.0
2025-02-18 09:45:00+09:00,61100.0,61100.0,61000.0,61100.0,1506,0.0,0.0
2025-02-18 09:46:00+09:00,61000.0,61100.0,61000.0,61000.0,564,0.0,0.0
2025-02-18 09:47:00+09:00,61000.0,61100.0,61000.0,61000.0,5056,0.0,0.0
2025-02-18 09:48:00+09:00,61100.0,61100.0,61000.0,61100.0,477,0.0,0.0
2025-02-18 09:49:00+09:00,61000.0,61100.0,61000.0,61100.0,1033,0.0,0.0
2025-02-18 09:50:00+09:00,61000.0,61100.0,61000.0,61000.0,471,0.0,0.0
2025-02-18 09:51:00+09:00,61100.0,61100.0,61000.0,61100.0,747,0.0,0.0
2025-02-18 09:52:00+09:00,61000.0,61100.0,60900.0,60900.0,5131,0.0,0.0
2025-02-18 09:53:00+09:00,60900.0,61000.0,60900.0,60900.0,750,0.0,0.0
2025-02-18 09:54:00+09:00,61000.0,61200.0,61000.0,61100.0,16477,0.0,0.0
2025-02-18 09:55:00+09:00,61100.0,61200.0,61100.0,61100.0,471,0.0,0.0
2025-02-18 09:56:00+09:00,61100.0,61200.0,61000.0,61100.0,3720,0.0,0.0
2025-02-18 09:57:00+09:00,61000.0,61100.0,61000.0,61000.0,615,0.0,0.0
2025-02-18 09:58:00+09:00,61100.0,61100.0,61000.0,61000.0,4057,0.0,0.0
2025-02-18 09:59:00+09:00,61000.0,61100.0,61000.0,61000.0,224,0.0,0.0
2025-02-18 10:00:00+09:00,61000.0,61100.0,61000.0,61000.0,169,0.0,0.0
2025-02-18 10:01:00+09:00,61000.0,61100.0,61000.0,61000.0,633,0.0,0.0
2025-02-18 10:02:00+09:00,61100.0,61100.0,61000.0,61100.0,627,0.0,0.0
2025-02-18 10:03:00+09:00,61000.0,61100.0,61000.0,61100.0,1768,0.0,0.0
2025-02-18 10:04:00+09:00,61000.0,61100.0,61000.0,61000.0,413,0.0,0.0
2025-02-18 10:05:00+09:00,61100.0,61100.0,61000.0,61000.0,1516,0.0,0.0
2025-02-18 10:06:00+09:00,61000.0,61100.0,61000.0,61100.0,675,0.0,0.0
2025-02-18 10:07:00+09:00,61100.0,61100.0,61000.0,61000.0,401,0.0,0.0
2025-02-18 10:08:00+09:00,61000.0,61100.0,61000.0,61100.0,357,0.0,0.0
2025-02-18 10:09:00+09:00,61000.0,61100.0,61000.0,61000.0,1324,0.0,0.0
2025-02-18 10:10:00+09:00,61000.0,61100.0,60900.0,61000.0,1289,0.0,0.0
2025-02-18 10:11:00+09:00,61100.0,61100.0,61000.0,61000.0,168,0.0,0.0
2025-02-18 10:12:00+09:00,61000.0,61100.0,61000.0,61000.0,420,0.0,0.0
2025-02-18 10:13:00+09:00,61000.0,61100.0,60900.0,60900.0,2602,0.0,0.0
2025-02-18 10:14:00+09:00,60900.0,61000.0,60900.0,61000.0,285,0.0,0.0
2025-02-18 10:15:00+09:00,61000.0,61000.0,60900.0,61000.0,540,0.0,0.0
2025-02-18 10:16:00+09:00,61000.0,61000.0,60900.0,61000.0,3350,0.0,0.0
2025-02-18 10:17:00+09:00,61000.0,61000.0,60800.0,60800.0,2069,0.0,0.0
2025-02-18 10:18:00+09:00,60800.0,60900.0,60800.0,60800.0,523,0.0,0.0
2025-02-18 10:19:00+09:00,60900.0,60900.0,60800.0,60900.0,229,0.0,0.0
2025-02-18 10:20:00+09:00,60800.0,60900.0,60800.0,60800.0,992,0.0,0.0
2025-02-18 10:21:00+09:00,60900.0,60900.0,60800.0,60800.0,157,0.0,0.0
2025-02-18 10:22:00+09:00,60800.0,60900.0,60800.0,60900.0,412,0.0,0.0
2025-02-18 10:23:00+09:00,60900.0,60900.0,60800.0,60900.0,317,0.0,0.0
2025-02-18 10:24:00+09:00,60800.0,60900.0,60800.0,60900.0,3942,0.0,0.0
2025-02-18 10:25:00+09:00,60900.0,60900.0,60800.0,60900.0,179,0.0,0.0
2025-02-18 10:26:00+09:00,60900.0,61000.0,60800.0,60900.0,648,0.0,0.0
2025-02-18 10:27:00+09:00,61000.0,61000.0,60900.0,60900.0,880,0.0,0.0
2025-02-18 10:28:00+09:00,60900.0,61000.0,60900.0,61000.0,547,0.0,0.0
2025-02-18 10:29:00+09:00,60900.0,60900.0,60800.0,60800.0,2100,0.0,0.0
2025-02-18 10:30:00+09:00,60700.0,60900.0,60700.0,60800.0,428,0.0,0.0
2025-02-18 10:31:00+09:00,60800.0,60900.0,60800.0,60900.0,657,0.0,0.0
2025-02-18 10:32:00+09:00,60800.0,60900.0,60800.0,60900.0,355,0.0,0.0
2025-02-18 10:33:00+09:00,60800.0,60900.0,60800.0,60800.0,662,0.0,0.0
2025-02-18 10:34:00+09:00,60800.0,60900.0,60800.0,60900.0,401,0.0,0.0
2025-02-18 10:35:00+09:00,60800.0,60900.0,60700.0,60800.0,690,0.0,0.0
2025-02-18 10:36:00+09:00,60800.0,60900.0,60700.0,60700.0,598,0.0,0.0
2025-02-18 10:37:00+09:00,60700.0,60800.0,60700.0,60700.0,654,0.0,0.0
2025-02-18 10:38:00+09:00,60700.0,60800.0,60700.0,60700.0,678,0.0,0.0
2025-02-18 10:39:00+09:00,60700.0,60800.0,60700.0,60700.0,434,0.0,0.0
2025-02-18 10:40:00+09:00,60700.0,60800.0,60700.0,60800.0,732,0.0,0.0
2025-02-18 10:41:00+09:00,60700.0,60800.0,60700.0,60700.0,1286,0.0,0.0
2025-02-18 10:42:00+09:00,60800.0,60800.0,60600.0,60700.0,1613,0.0,0.0
2025-02-18 10:43:00+09:00,60600.0,60700.0,60600.0,60700.0,590,0.0,0.0
2025-02-18 10:44:00+09:00,60600.0,60700.0,60600.0,60600.0,464,0.0,0.0
2025-02-18 10:45:00+09:00,60600.0,60700.0,60600.0,60700.0,553,0.0,0.0
2025-02-18 10:46:00+09:00,60600.0,60900.0,60600.0,60700.0,12730,0.0,0.0
2025-02-18 10:47:00+09:00,60700.0,60800.0,60700.0,60800.0,526,0.0,0.0
2025-02-18 10:48:00+09:00,60700.0,60900.0,60700.0,60900.0,713,0.0,0.0
2025-02-18 10:49:00+09:00,60800.0,60900.0,60800.0,60900.0,324,0.0,0.0
2025-02-18 10:50:00+09:00,60800.0,60900.0,60800.0,60900.0,580,0.0,0.0
2025-02-18 10:51:00+09:00,60900.0,60900.0,60700.0,60800.0,344,0.0,0.0
2025-02-18 10:52:00+09:00,60900.0,60900.0,60800.0,60900.0,322,0.0,0.0
2025-02-18 10:53:00+09:00,60900.0,60900.0,60700.0,60700.0,785,0.0,0.0
2025-02-18 10:54:00+09:00,60800.0,60900.0,60700.0,60900.0,356,0.0,0.0
2025-02-18 10:55:00+09:00,60900.0,60900.0,60800.0,60800.0,341,0.0,0.0
2025-02-18 10:56:00+09:00,60800.0,60900.0,60800.0,60900.0,553,0.0,0.0
2025-02-18 10:57:00+09:00,60800.0,60900.0,60800.0,60900.0,256,0.0,0.0
2025-02-18 10:58:00+09:00,60800.0,60900.0,60800.0,60900.0,627,0.0,0.0
2025-02-18 10:59:00+09:00,60900.0,60900.0,60700.0,60800.0,273,0.0,0.0
2025-02-18 11:00:00+09:00,60700.0,60900.0,60700.0,60800.0,398,0.0,0.0
2025-02-18 11:01:00+09:00,60900.0,60900.0,60700.0,60800.0,564,0.0,0.0
2025-02-18 11:02:00+09:00,60800.0,60800.0,60700.0,60700.0,1226,0.0,0.0
2025-02-18 11:03:00+09:00,60800.0,60800.0,60700.0,60800.0,258,0.0,0.0
2025-02-18 11:04:00+09:00,60700.0,60800.0,60700.0,60700.0,527,0.0,0.0
2025-02-18 11:05:00+09:00,60800.0,60800.0,60700.0,60800.0,684,0.0,0.0
2025-02-18 11:06:00+09:00,60800.0,60800.0,60700.0,60700.0,429,0.0,0.0
2025-02-18 11:07:00+09:00,60800.0,60800.0,60700.0,60700.0,451,0.0,0.0
2025-02-18 11:08:00+09:00,60800.0,60800.0,60700.0,60800.0,343,0.0,0.0
2025-02-18 11:09:00+09:00,60700.0,60800.0,60700.0,60800.0,592,0.0,0.0
2025-02-18 11:10:00+09:00,60700.0,60900.0,60700.0,60800.0,937,0.0,0.0
2025-02-18 11:11:00+09:00,60800.0,60900.0,60800.0,60800.0,473,0.0,0.0
2025-02-18 11:12:00+09:00,60900.0,60900.0,60800.0,60800.0,466,0.0,0.0
2025-02-18 11:13:00+09:00,60800.0,60900.0,60800.0,60900.0,1493,0.0,0.0
2025-02-18 11:14:00+09:00,60800.0,60900.0,60600.0,60600.0,2753,0.0,0.0
2025-02-18 11:15:00+09:00,60600.0,60800.0,60600.0,60700.0,737,0.0,0.0
2025-02-18 11:16:00+09:00,60800.0,60800.0,60600.0,60600.0,3056,0.0,0.0
2025-02-18 11:17:00+09:00,60600.0,60700.0,60600.0,60700.0,919,0.0,0.0
2025-02-18 11:18:00+09:00,60600.0,60700.0,60600.0,60700.0,426,0.0,0.0
2025-02-18 11:19:00+09:00,60600.0,60700.0,60600.0,60600.0,1051,0.0,0.0
2025-02-18 11:20:00+09:00,60700.0,60700.0,60600.0,60700.0,67,0.0,0.0
2025-02-18 11:21:00+09:00,60700.0,60700.0,60600.0,60700.0,316,0.0,0.0
2025-02-18 11:22:00+09:00,60700.0,60700.0,60600.0,60700.0,444,0.0,0.0
2025-02-18 11:23:00+09:00,60600.0,60700.0,60600.0,60700.0,589,0.0,0.0
2025-02-18 11:24:00+09:00,60700.0,60700.0,60600.0,60600.0,500,0.0,0.0
2025-02-18 11:25:00+09:00,60700.0,60700.0,60600.0,60700.0,288,0.0,0.0
2025-02-18 11:26:00+09:00,60600.0,60900.0,60600.0,60800.0,3747,0.0,0.0
2025-02-18 11:27:00+09:00,60800.0,60900.0,60700.0,60800.0,2067,0.0,0.0
2025-02-18 11:28:00+09:00,60700.0,60800.0,60700.0,60700.0,397,0.0,0.0
2025-02-18 11:29:00+09:00,60700.0,60800.0,60700.0,60700.0,373,0.0,0.0
2025-02-18 11:30:00+09:00,60800.0,60800.0,60700.0,60700.0,402,0.0,0.0
2025-02-18 11:31:00+09:00,60800.0,60800.0,60700.0,60700.0,457,0.0,0.0
2025-02-18 11:32:00+09:00,60700.0,60800.0,60700.0,60700.0,240,0.0,0.0
2025-02-18 11:33:00+09:00,60700.0,60800.0,60700.0,60800.0,517,0.0,0.0
2025-02-18 11:34:00+09:00,60700.0,60800.0,60700.0,60800.0,310,0.0,0.0
2025-02-18 11:35:00+09:00,60700.0,60900.0,60700.0,60800.0,2831,0.0,0.0
2025-02-18 11:36:00+09:00,60800.0,60900.0,60800.0,60800.0,394,0.0,0.0
2025-02-18 11:37:00+09:00,60900.0,61000.0,60800.0,60900.0,3259,0.0,0.0
2025-02-18 11:38:00+09:00,61000.0,61000.0,60900.0,61000.0,285,0.0,0.0
2025-02-18 11:39:00+09:00,60900.0,61000.0,60900.0,61000.0,1423,0.0,0.0
2025-02-18 11:40:00+09:00,60900.0,61000.0,60900.0,61000.0,846,0.0,0.0
2025-02-18 11:41:00+09:00,60900.0,61000.0,60900.0,60900.0,426,0.0,0.0
2025-02-18 11:42:00+09:00,60900.0,61100.0,60900.0,61100.0,6087,0.0,0.0
2025-02-18 11:43:00+09:00,61000.0,61100.0,61000.0,61100.0,594,0.0,0.0
2025-02-18 11:44:00+09:00,61100.0,61100.0,61000.0,61100.0,422,0.0,0.0
2025-02-18 11:45:00+09:00,61000.0,61100.0,61000.0,61100.0,385,0.0,0.0
2025-02-18 11:46:00+09:00,61000.0,61100.0,61000.0,61000.0,1464,0.0,0.0
2025-02-18 11:47:00+09:00,61000.0,61100.0,60900.0,60900.0,3187,0.0,0.0
2025-02-18 11:48:00+09:00,60900.0,61000.0,60900.0,61000.0,329,0.0,0.0
2025-02-18 11:49:00+09:00,60900.0,61100.0,60900.0,61100.0,1028,0.0,0.0
2025-02-18 11:50:00+09:00,61000.0,61100.0,61000.0,61000.0,435,0.0,0.0
2025-02-18 11:51:00+09:00,61100.0,61100.0,61000.0,61000.0,476,0.0,0.0
2025-02-18 11:52:00+09:00,61100.0,61100.0,61000.0,61000.0,1129,0.0,0.0
2025-02-18 11:53:00+09:00,61100.0,61100.0,61000.0,61000.0,941,0.0,0.0
2025-02-18 11:54:00+09:00,61000.0,61100.0,60900.0,61100.0,2053,0.0,0.0
2025-02-18 11:55:00+09:00,61100.0,61100.0,61000.0,61000.0,1294,0.0,0.0
2025-02-18 11:56:00+09:00,61000.0,61100.0,60900.0,61000.0,622,0.0,0.0
2025-02-18 11:57:00+09:00,61000.0,61100.0,60900.0,61000.0,456,0.0,0.0
2025-02-18 11:58:00+09:00,61000.0,61100.0,60900.0,61100.0,583,0.0,0.0
2025-02-18 11:59:00+09:00,61100.0,61100.0,60900.0,60900.0,675,0.0,0.0
2025-02-18 12:00:00+09:00,60900.0,61100.0,60900.0,61000.0,1915,0.0,0.0
2025-02-18 12:01:00+09:00,61000.0,61100.0,61000.0,61100.0,991,0.0,0.0
2025-02-18 12:02:00+09:00,61100.0,61100.0,61000.0,61100.0,650,0.0,0.0
2025-02-18 12:03:00+09:00,61000.0,61100.0,61000.0,61000.0,4381,0.0,0.0
2025-02-18 12:04:00+09:00,61000.0,61100.0,61000.0,61000.0,1428,0.0,0.0
2025-02-18 12:05:00+09:00,61000.0,61100.0,61000.0,61100.0,563,0.0,0.0
2025-02-18 12:06:00+09:00,61100.0,61100.0,61000.0,61000.0,201,0.0,0.0
2025-02-18 12:07:00+09:00,61000.0,61100.0,61000.0,61000.0,379,0.0,0.0
2025-02-18 12:08:00+09:00,61100.0,61100.0,61000.0,61000.0,617,0.0,0.0
2025-02-18 12:09:00+09:00,61100.0,61300.0,61100.0,61300.0,18377,0.0,0.0
2025-02-18 12:10:00+09:00,61200.0,61400.0,61200.0,61300.0,6702,0.0,0.0
2025-02-18 12:11:00+09:00,61300.0,61300.0,61200.0,61300.0,1039,0.0,0.0
2025-02-18 12:12:00+09:00,61300.0,61300.0,61200.0,61300.0,431,0.0,0.0
2025-02-18 12:13:00+09:00,61300.0,61300.0,61200.0,61300.0,780,0.0,0.0
2025-02-18 12:14:00+09:00,61200.0,61300.0,61200.0,61300.0,229,0.0,0.0
2025-02-18 12:15:00+09:00,61200.0,61300.0,61200.0,61300.0,245,0.0,0.0
2025-02-18 12:16:00+09:00,61200.0,61300.0,61200.0,61200.0,2540,0.0,0.0
2025-02-18 12:17:00+09:00,61200.0,61300.0,61200.0,61200.0,0,0.0,0.0
2025-02-18 12:18:00+09:00,61200.0,61300.0,61200.0,61300.0,7812,0.0,0.0
2025-02-18 12:19:00+09:00,61200.0,61300.0,61200.0,61200.0,472,0.0,0.0
2025-02-18 12:20:00+09:00,61300.0,61300.0,61100.0,61200.0,710,0.0,0.0
2025-02-18 12:21:00+09:00,61200.0,61300.0,61200.0,61200.0,391,0.0,0.0
2025-02-18 12:22:00+09:00,61100.0,61200.0,61100.0,61100.0,286,0.0,0.0
2025-02-18 12:23:00+09:00,61100.0,61200.0,61100.0,61200.0,425,0.0,0.0
2025-02-18 12:24:00+09:00,61200.0,61200.0,61100.0,61200.0,364,0.0,0.0
2025-02-18 12:25:00+09:00,61100.0,61200.0,61100.0,61100.0,857,0.0,0.0
2025-02-18 12:26:00+09:00,61100.0,61200.0,61100.0,61200.0,803,0.0,0.0
2025-02-18 12:27:00+09:00,61200.0,61300.0,61100.0,61200.0,865,0.0,0.0
2025-02-18 12:28:00+09:00,61200.0,61300.0,61200.0,61300.0,440,0.0,0.0
2025-02-18 12:29:00+09:00,61200.0,61300.0,61200.0,61200.0,536,0.0,0.0
2025-02-18 12:30:00+09:00,61200.0,61300.0,61200.0,61200.0,273,0.0,0.0
2025-02-18 12:31:00+09:00,61300.0,61300.0,61200.0,61200.0,395,0.0,0.0
2025-02-18 12:32:00+09:00,61200.0,61300.0,61100.0,61100.0,691,0.0,0.0
2025-02-18 12:33:00+09:00,61200.0,61200.0,61100.0,61200.0,427,0.0,0.0
2025-02-18 12:34:00+09:00,61200.0,61300.0,61100.0,61200.0,545,0.0,0.0
2025-02-18 12:35:00+09:00,61200.0,61300.0,61200.0,61300.0,476,0.0,0.0
2025-02-18 12:36:00+09:00,61200.0,61300.0,61200.0,61300.0,181,0.0,0.0
2025-02-18 12:37:00+09:00,61200.0,61300.0,61100.0,61300.0,882,0.0,0.0
2025-02-18 12:38:00+09:00,61300.0,61300.0,61100.0,61300.0,296,0.0,0.0
2025-02-18 12:39:00+09:00,61100.0,61300.0,61100.0,61300.0,3081,0.0,0.0
2025-02-18 12:40:00+09:00,61300.0,61300.0,61200.0,61200.0,148,0.0,0.0
2025-02-18 12:41:00+09:00,61300.0,61300.0,61200.0,61200.0,146,0.0,0.0
2025-02-18 12:42:00+09:00,61200.0,61300.0,61200.0,61200.0,623,0.0,0.0
2025-02-18 12:43:00+09:00,61200.0,61300.0,61100.0,61200.0,457,0.0,0.0
2025-02-18 12:44:00+09:00,61200.0,61300.0,61100.0,61100.0,1119,0.0,0.0
2025-02-18 12:45:00+09:00,61100.0,61300.0,61100.0,61200.0,432,0.0,0.0
2025-02-18 12:46:00+09:00,61100.0,61300.0,61100.0,61200.0,741,0.0,0.0
2025-02-18 12:47:00+09:00,61200.0,61200.0,61100.0,61100.0,288,0.0,0.0
2025-02-18 12:48:00+09:00,61100.0,61300.0,61100.0,61300.0,1099,0.0,0.0
2025-02-18 12:49:00+09:00,61200.0,61300.0,61200.0,61200.0,848,0.0,0.0
2025-02-18 12:50:00+09:00,61300.0,61300.0,61100.0,61200.0,358,0.0,0.0
2025-02-18 12:51:00+09:00,61200.0,61300.0,61100.0,61300.0,352,0.0,0.0
2025-02-18 12:52:00+09:00,61200.0,61300.0,61200.0,61300.0,104,0.0,0.0
2025-02-18 12:53:00+09:00,61300.0,61300.0,61100.0,61100.0,578,0.0,0.0
2025-02-18 12:54:00+09:00,61200.0,61300.0,61100.0,61100.0,249,0.0,0.0
2025-02-18 12:55:00+09:00,61200.0,61300.0,61100.0,61200.0,356,0.0,0.0
2025-02-18 12:56:00+09:00,61100.0,61200.0,61100.0,61100.0,337,0.0,0.0
2025-02-18 12:57:00+09:00,61100.0,61200.0,61100.0,61200.0,237,0.0,0.0
2025-02-18 12:58:00+09:00,61100.0,61300.0,61100.0,61200.0,2290,0.0,0.0
2025-02-18 12:59:00+09:00,61100.0,61200.0,61100.0,61100.0,1241,0.0,0.0
2025-02-18 13:00:00+09:00,61100.0,61200.0,61100.0,61200.0,428,0.0,0.0
2025-02-18 13:01:00+09:00,61100.0,61200.0,61100.0,61200.0,377,0.0,0.0
2025-02-18 13:02:00+09:00,61100.0,61200.0,61100.0,61200.0,309,0.0,0.0
2025-02-18 13:03:00+09:00,61200.0,61200.0,61100.0,61200.0,612,0.0,0.0
2025-02-18 13:04:00+09:00,61200.0,61200.0,61100.0,61100.0,495,0.0,0.0
2025-02-18 13:05:00+09:00,61200.0,61200.0,61100.0,61200.0,353,0.0,0.0
2025-02-18 13:06:00+09:00,61200.0,61200.0,61100.0,61200.0,385,0.0,0.0
2025-02-18 13:07:00+09:00,61200.0,61200.0,61100.0,61100.0,864,0.0,0.0
2025-02-18 13:08:00+09:00,61100.0,61300.0,61100.0,61300.0,1368,0.0,0.0
2025-02-18 13:09:00+09:00,61200.0,61300.0,61200.0,61300.0,348,0.0,0.0
2025-02-18 13:10:00+09:00,61200.0,61300.0,61100.0,61100.0,1626,0.0,0.0
2025-02-18 13:11:00+09:00,61100.0,61200.0,61000.0,61100.0,777,0.0,0.0
2025-02-18 13:12:00+09:00,61200.0,61200.0,61100.0,61100.0,311,0.0,0.0
2025-02-18 13:13:00+09:00,61100.0,61200.0,61100.0,61100.0,647,0.0,0.0
2025-02-18 13:14:00+09:00,61100.0,61200.0,61000.0,61100.0,431,0.0,0.0
2025-02-18 13:15:00+09:00,61000.0,61200.0,61000.0,61100.0,185,0.0,0.0
2025-02-18 13:16:00+09:00,61100.0,61200.0,61000.0,61200.0,667,0.0,0.0
2025-02-18 13:17:00+09:00,61100.0,61200.0,61100.0,61100.0,227,0.0,0.0
2025-02-18 13:18:00+09:00,61100.0,61200.0,61000.0,61000.0,303,0.0,0.0
2025-02-18 13:19:00+09:00,61100.0,61100.0,61000.0,61100.0,384,0.0,0.0
2025-02-18 13:20:00+09:00,61000.0,61100.0,61000.0,61100.0,543,0.0,0.0
2025-02-18 13:21:00+09:00,61100.0,61100.0,61000.0,61100.0,477,0.0,0.0
2025-02-18 13:22:00+09:00,61000.0,61100.0,61000.0,61100.0,634,0.0,0.0
2025-02-18 13:23:00+09:00,61000.0,61200.0,61000.0,61200.0,325,0.0,0.0
2025-02-18 13:24:00+09:00,61200.0,61200.0,61100.0,61200.0,670,0.0,0.0
2025-02-18 13:25:00+09:00,61200.0,61200.0,61100.0,61100.0,275,0.0,0.0
2025-02-18 13:26:00+09:00,61100.0,61200.0,61100.0,61100.0,917,0.0,0.0
2025-02-18 13:27:00+09:00,61100.0,61200.0,61100.0,61100.0,330,0.0,0.0
2025-02-18 13:28:00+09:00,61100.0,61200.0,61100.0,61200.0,653,0.0,0.0
2025-02-18 13:29:00+09:00,61200.0,61200.0,61100.0,61100.0,437,0.0,0.0
2025-02-18 13:30:00+09:00,61200.0,61200.0,61100.0,61200.0,259,0.0,0.0
2025-02-18 13:31:00+09:00,61200.0,61200.0,61100.0,61200.0,407,0.0,0.0
2025-02-18 13:32:00+09:00,61200.0,61300.0,61100.0,61100.0,3810,0.0,0.0
2025-02-18 13:33:00+09:00,61300.0,61300.0,61200.0,61200.0,311,0.0,0.0
2025-02-18 13:34:00+09:00,61300.0,61300.0,61100.0,61100.0,854,0.0,0.0
2025-02-18 13:35:00+09:00,61100.0,61200.0,61100.0,61100.0,630,0.0,0.0
2025-02-18 13:36:00+09:00,61200.0,61300.0,61100.0,61200.0,349,0.0,0.0
2025-02-18 13:37:00+09:00,61300.0,61300.0,61200.0,61200.0,609,0.0,0.0
2025-02-18 13:38:00+09:00,61200.0,61300.0,61200.0,61300.0,309,0.0,0.0
2025-02-18 13:39:00+09:00,61200.0,61300.0,61200.0,61200.0,364,0.0,0.0
2025-02-18 13:40:00+09:00,61300.0,61300.0,61200.0,61300.0,381,0.0,0.0
2025-02-18 13:41:00+09:00,61200.0,61300.0,61200.0,61200.0,286,0.0,0.0
2025-02-18 13:42:00+09:00,61200.0,61300.0,61200.0,61200.0,419,0.0,0.0
2025-02-18 13:43:00+09:00,61200.0,61300.0,61100.0,61200.0,1647,0.0,0.0
2025-02-18 13:44:00+09:00,61100.0,61200.0,61000.0,61100.0,712,0.0,0.0
2025-02-18 13:45:00+09:00,61000.0,61100.0,61000.0,61100.0,881,0.0,0.0
2025-02-18 13:46:00+09:00,61000.0,61300.0,61000.0,61000.0,8256,0.0,0.0
2025-02-18 13:47:00+09:00,61000.0,61200.0,61000.0,61000.0,416,0.0,0.0
2025-02-18 13:48:00+09:00,61100.0,61100.0,61000.0,61000.0,1151,0.0,0.0
2025-02-18 13:49:00+09:00,61000.0,61100.0,61000.0,61000.0,381,0.0,0.0
2025-02-18 13:50:00+09:00,61100.0,61100.0,61000.0,61000.0,604,0.0,0.0
2025-02-18 13:51:00+09:00,61000.0,61100.0,61000.0,61000.0,506,0.0,0.0
2025-02-18 13:52:00+09:00,61000.0,61100.0,60900.0,61000.0,1552,0.0,0.0
2025-02-18 13:53:00+09:00,61100.0,61100.0,61000.0,61000.0,255,0.0,0.0
2025-02-18 13:54:00+09:00,61000.0,61100.0,61000.0,61000.0,1150,0.0,0.0
2025-02-18 13:55:00+09:00,61000.0,61100.0,61000.0,61100.0,882,0.0,0.0
2025-02-18 13:56:00+09:00,61100.0,61100.0,61000.0,61000.0,273,0.0,0.0
2025-02-18 13:57:00+09:00,61000.0,61100.0,61000.0,61000.0,385,0.0,0.0
2025-02-18 13:58:00+09:00,61000.0,61100.0,61000.0,61100.0,699,0.0,0.0
2025-02-18 13:59:00+09:00,61100.0,61100.0,61000.0,61000.0,441,0.0,0.0
2025-02-18 14:00:00+09:00,61000.0,61100.0,61000.0,61000.0,494,0.0,0.0
2025-02-18 14:01:00+09:00,61000.0,61100.0,61000.0,61000.0,751,0.0,0.0
2025-02-18 14:02:00+09:00,61100.0,61100.0,61000.0,61000.0,451,0.0,0.0
2025-02-18 14:03:00+09:00,61100.0,61100.0,60900.0,60900.0,872,0.0,0.0
2025-02-18 14:04:00+09:00,61000.0,61000.0,60900.0,61000.0,469,0.0,0.0
2025-02-18 14:05:00+09:00,61000.0,61000.0,60900.0,61000.0,443,0.0,0.0
2025-02-18 14:06:00+09:00,60900.0,61000.0,60900.0,60900.0,517,0.0,0.0
2025-02-18 14:07:00+09:00,60900.0,61000.0,60900.0,60900.0,301,0.0,0.0
2025-02-18 14:08:00+09:00,60900.0,61000.0,60900.0,61000.0,376,0.0,0.0
2025-02-18 14:09:00+09:00,60900.0,61100.0,60900.0,61000.0,4975,0.0,0.0
2025-02-18 14:10:00+09:00,61000.0,61100.0,61000.0,61000.0,377,0.0,0.0
2025-02-18 14:11:00+09:00,61100.0,61100.0,61000.0,61100.0,371,0.0,0.0
2025-02-18 14:12:00+09:00,61100.0,61100.0,61000.0,61000.0,276,0.0,0.0
2025-02-18 14:13:00+09:00,61000.0,61100.0,61000.0,61000.0,463,0.0,0.0
2025-02-18 14:14:00+09:00,61000.0,61200.0,60900.0,61000.0,2319,0.0,0.0
2025-02-18 14:15:00+09:00,60900.0,61000.0,60900.0,60900.0,771,0.0,0.0
2025-02-18 14:16:00+09:00,61000.0,61100.0,60900.0,60900.0,415,0.0,0.0
2025-02-18 14:17:00+09:00,61000.0,61000.0,60900.0,60900.0,193,0.0,0.0
2025-02-18 14:18:00+09:00,60900.0,61000.0,60900.0,61000.0,482,0.0,0.0
2025-02-18 14:19:00+09:00,60900.0,61000.0,60900.0,60900.0,468,0.0,0.0
2025-02-18 14:20:00+09:00,60900.0,61000.0,60900.0,60900.0,467,0.0,0.0
2025-02-18 14:21:00+09:00,60900.0,61000.0,60900.0,60900.0,383,0.0,0.0
2025-02-18 14:22:00+09:00,60900.0,61000.0,60900.0,60900.0,563,0.0,0.0
2025-02-18 14:23:00+09:00,61000.0,61000.0,60900.0,60900.0,349,0.0,0.0
2025-02-18 14:24:00+09:00,61000.0,61000.0,60900.0,60900.0,467,0.0,0.0
2025-02-18 14:25:00+09:00,61000.0,61000.0,60900.0,61000.0,566,0.0,0.0
2025-02-18 14:26:00+09:00,60900.0,61000.0,60900.0,60900.0,335,0.0,0.0
2025-02-18 14:27:00+09:00,61000.0,61000.0,60900.0,60900.0,621,0.0,0.0
2025-02-18 14:28:00+09:00,60900.0,61000.0,60900.0,60900.0,846,0.0,0.0
2025-02-18 14:29:00+09:00,61000.0,61100.0,60900.0,61000.0,2013,0.0,0.0
2025-02-18 14:30:00+09:00,61100.0,61100.0,61000.0,61000.0,419,0.0,0.0
2025-02-18 14:31:00+09:00,61100.0,61100.0,61000.0,61000.0,515,0.0,0.0
2025-02-18 14:32:00+09:00,61000.0,61100.0,61000.0,61100.0,278,0.0,0.0
2025-02-18 14:33:00+09:00,61100.0,61100.0,61000.0,61000.0,464,0.0,0.0
2025-02-18 14:34:00+09:00,61000.0,61100.0,61000.0,61000.0,963,0.0,0.0
2025-02-18 14:35:00+09:00,61000.0,61100.0,61000.0,61000.0,676,0.0,0.0
2025-02-18 14:36:00+09:00,61000.0,61200.0,61000.0,61200.0,912,0.0,0.0
2025-02-18 14:37:00+09:00,61200.0,61200.0,61100.0,61200.0,315,0.0,0.0
2025-02-18 14:38:00+09:00,61100.0,61200.0,61100.0,61100.0,702,0.0,0.0
2025-02-18 14:39:00+09:00,61100.0,61200.0,61100.0,61100.0,1214,0.0,0.0
2025-02-18 14:40:00+09:00,61200.0,61200.0,61000.0,61100.0,357,0.0,0.0
2025-02-18 14:41:00+09:00,61000.0,61100.0,61000.0,61000.0,604,0.0,0.0
2025-02-18 14:42:00+09:00,61000.0,61200.0,61000.0,61100.0,954,0.0,0.0
2025-02-18 14:43:00+09:00,61100.0,61200.0,61100.0,61100.0,558,0.0,0.0
2025-02-18 14:44:00+09:00,61100.0,61200.0,61100.0,61100.0,730,0.0,0.0
2025-02-18 14:45:00+09:00,61200.0,61200.0,61000.0,61000.0,1731,0.0,0.0
2025-02-18 14:46:00+09:00,61000.0,61200.0,61000.0,61000.0,685,0.0,0.0
2025-02-18 14:47:00+09:00,61000.0,61200.0,61000.0,61000.0,501,0.0,0.0
2025-02-18 14:48:00+09:00,61000.0,61200.0,61000.0,61000.0,1366,0.0,0.0
2025-02-18 14:49:00+09:00,61000.0,61100.0,61000.0,61100.0,600,0.0,0.0
2025-02-18 14:50:00+09:00,61000.0,61100.0,61000.0,61000.0,864,0.0,0.0
2025-02-18 14:51:00+09:00,61000.0,61200.0,61000.0,61100.0,2138,0.0,0.0
2025-02-18 14:52:00+09:00,61100.0,61100.0,61000.0,61100.0,750,0.0,0.0
2025-02-18 14:53:00+09:00,61000.0,61200.0,61000.0,61100.0,688,0.0,0.0
2025-02-18 14:54:00+09:00,61100.0,61200.0,61100.0,61100.0,748,0.0,0.0
2025-02-18 14:55:00+09:00,61100.0,61200.0,61100.0,61100.0,603,0.0,0.0
2025-02-18 14:56:00+09:00,61100.0,61200.0,61100.0,61200.0,870,0.0,0.0
2025-02-18 14:57:00+09:00,61100.0,61200.0,61100.0,61100.0,654,0.0,0.0
2025-02-18 14:58:00+09:00,61200.0,61200.0,61100.0,61100.0,934,0.0,0.0
2025-02-18 14:59:00+09:00,61200.0,61200.0,61100.0,61200.0,555,0.0,0.0
2025-02-19 09:00:00+09:00,61200.0,61500.0,61200.0,61500.0,8246,0.0,0.0
2025-02-19 09:01:00+09:00,61500.0,61800.0,61500.0,61700.0,8572,0.0,0.0
2025-02-19 09:02:00+09:00,61800.0,61900.0,61700.0,61800.0,3775,0.0,0.0
2025-02-19 09:03:00+09:00,61800.0,61800.0,61600.0,61700.0,4159,0.0,0.0
2025-02-19 09:04:00+09:00,61700.0,61800.0,61600.0,61700.0,1571,0.0,0.0
2025-02-19 09:05:00+09:00,61700.0,61800.0,61700.0,61700.0,3284,0.0,0.0
2025-02-19 09:06:00+09:00,61700.0,61800.0,61700.0,61800.0,821,0.0,0.0
2025-02-19 09:07:00+09:00,61800.0,61800.0,61700.0,61800.0,1153,0.0,0.0
2025-02-19 09:08:00+09:00,61800.0,61900.0,61700.0,61900.0,8645,0.0,0.0
2025-02-19 09:09:00+09:00,61900.0,61900.0,61800.0,61900.0,1226,0.0,0.0
2025-02-19 09:10:00+09:00,61800.0,61900.0,61800.0,61900.0,1234,0.0,0.0
2025-02-19 09:11:00+09:00,61900.0,61900.0,61800.0,61900.0,887,0.0,0.0
2025-02-19 09:12:00+09:00,61800.0,61900.0,61800.0,61900.0,1744,0.0,0.0
2025-02-19 09:13:00+09:00,61900.0,61900.0,61800.0,61800.0,5082,0.0,0.0
2025-02-19 09:14:00+09:00,61800.0,61800.0,61700.0,61700.0,719,0.0,0.0
2025-02-19 09:15:00+09:00,61700.0,61900.0,61700.0,61900.0,1855,0.0,0.0
2025-02-19 09:16:00+09:00,61900.0,62300.0,61800.0,62200.0,40709,0.0,0.0
2025-02-19 09:17:00+09:00,62200.0,62300.0,62100.0,62200.0,2110,0.0,0.0
2025-02-19 09:18:00+09:00,62300.0,62300.0,62100.0,62200.0,18275,0.0,0.0
2025-02-19 09:19:00+09:00,62100.0,62200.0,62000.0,62000.0,9396,0.0,0.0
2025-02-19 09:20:00+09:00,62000.0,62100.0,62000.0,62100.0,1739,0.0,0.0
2025-02-19 09:21:00+09:00,62000.0,62100.0,62000.0,62100.0,301,0.0,0.0
2025-02-19 09:22:00+09:00,62100.0,62100.0,62000.0,62000.0,588,0.0,0.0
2025-02-19 09:23:00+09:00,62100.0,62200.0,62000.0,62200.0,2676,0.0,0.0
2025-02-19 09:24:00+09:00,62000.0,62200.0,62000.0,62100.0,1801,0.0,0.0
2025-02-19 09:25:00+09:00,62100.0,62100.0,61900.0,61900.0,4332,0.0,0.0
2025-02-19 09:26:00+09:00,61900.0,62100.0,61900.0,62000.0,2677,0.0,0.0
2025-02-19 09:27:00+09:00,62000.0,62100.0,61900.0,62000.0,951,0.0,0.0
2025-02-19 09:28:00+09:00,61900.0,62100.0,61900.0,61900.0,3227,0.0,0.0
2025-02-19 09:29:00+09:00,61900.0,62000.0,61900.0,61900.0,1776,0.0,0.0
2025-02-19 09:30:00+09:00,61900.0,62100.0,61800.0,62000.0,8007,0.0,0.0
2025-02-19 09:31:00+09:00,62000.0,62000.0,61800.0,61900.0,751,0.0,0.0
2025-02-19 09:32:00+09:00,61900.0,62000.0,61800.0,61800.0,7385,0.0,0.0
2025-02-19 09:33:00+09:00,61800.0,61900.0,61800.0,61900.0,1482,0.0,0.0
2025-02-19 09:34:00+09:00,61900.0,61900.0,61800.0,61900.0,815,0.0,0.0
2025-02-19 09:35:00+09:00,61900.0,62100.0,61900.0,62000.0,2437,0.0,0.0
2025-02-19 09:36:00+09:00,62000.0,62100.0,62000.0,62000.0,704,0.0,0.0
2025-02-19 09:37:00+09:00,62000.0,62100.0,62000.0,62000.0,763,0.0,0.0
2025-02-19 09:38:00+09:00,62000.0,62100.0,62000.0,62000.0,480,0.0,0.0
2025-02-19 09:39:00+09:00,62000.0,62200.0,62000.0,62100.0,6011,0.0,0.0
2025-02-19 09:40:00+09:00,62100.0,62200.0,62000.0,62000.0,1240,0.0,0.0
2025-02-19 09:41:00+09:00,62000.0,62200.0,62000.0,62200.0,1908,0.0,0.0
2025-02-19 09:42:00+09:00,62100.0,62200.0,62100.0,62200.0,554,0.0,0.0
2025-02-19 09:43:00+09:00,62100.0,62200.0,62100.0,62100.0,490,0.0,0.0
2025-02-19 09:44:00+09:00,62100.0,62200.0,62100.0,62100.0,2925,0.0,0.0
2025-02-19 09:45:00+09:00,62200.0,62200.0,62100.0,62100.0,1425,0.0,0.0
2025-02-19 09:46:00+09:00,62100.0,62200.0,62100.0,62100.0,1174,0.0,0.0
2025-02-19 09:47:00+09:00,62100.0,62200.0,62100.0,62100.0,1691,0.0,0.0
2025-02-19 09:48:00+09:00,62100.0,62200.0,62100.0,62200.0,774,0.0,0.0
2025-02-19 09:49:00+09:00,62200.0,62200.0,62100.0,62100.0,852,0.0,0.0
2025-02-19 09:50:00+09:00,62100.0,62200.0,62100.0,62200.0,1216,0.0,0.0
2025-02-19 09:51:00+09:00,62100.0,62200.0,62100.0,62100.0,1090,0.0,0.0
2025-02-19 09:52:00+09:00,62100.0,62200.0,62100.0,62100.0,490,0.0,0.0
2025-02-19 09:53:00+09:00,62200.0,62200.0,62100.0,62100.0,711,0.0,0.0
2025-02-19 09:54:00+09:00,62100.0,62200.0,62100.0,62200.0,1184,0.0,0.0
2025-02-19 09:55:00+09:00,62100.0,62300.0,62100.0,62300.0,11237,0.0,0.0
2025-02-19 09:56:00+09:00,62200.0,62400.0,62200.0,62300.0,6445,0.0,0.0
2025-02-19 09:57:00+09:00,62300.0,62400.0,62300.0,62400.0,3785,0.0,0.0
2025-02-19 09:58:00+09:00,62400.0,62400.0,62300.0,62300.0,426,0.0,0.0
2025-02-19 09:59:00+09:00,62300.0,62400.0,62300.0,62400.0,1216,0.0,0.0
2025-02-19 10:00:00+09:00,62300.0,62400.0,62300.0,62400.0,1089,0.0,0.0
2025-02-19 10:01:00+09:00,62400.0,62400.0,62300.0,62400.0,450,0.0,0.0
2025-02-19 10:02:00+09:00,62300.0,62400.0,62300.0,62300.0,775,0.0,0.0
2025-02-19 10:03:00+09:00,62400.0,62400.0,62200.0,62300.0,8814,0.0,0.0
2025-02-19 10:04:00+09:00,62300.0,62400.0,62200.0,62400.0,5552,0.0,0.0
2025-02-19 10:05:00+09:00,62400.0,62400.0,62300.0,62400.0,0,0.0,0.0
2025-02-19 10:06:00+09:00,62400.0,62400.0,62300.0,62400.0,683,0.0,0.0
2025-02-19 10:07:00+09:00,62300.0,62400.0,62300.0,62300.0,419,0.0,0.0
2025-02-19 10:08:00+09:00,62300.0,62400.0,62300.0,62300.0,763,0.0,0.0
2025-02-19 10:09:00+09:00,62300.0,62400.0,62300.0,62400.0,394,0.0,0.0
2025-02-19 10:10:00+09:00,62400.0,62400.0,62300.0,62400.0,650,0.0,0.0
2025-02-19 10:11:00+09:00,62300.0,62400.0,62300.0,62300.0,2270,0.0,0.0
2025-02-19 10:12:00+09:00,62300.0,62400.0,62300.0,62400.0,529,0.0,0.0
2025-02-19 10:13:00+09:00,62300.0,62400.0,62300.0,62300.0,1025,0.0,0.0
2025-02-19 10:14:00+09:00,62300.0,62400.0,62300.0,62400.0,557,0.0,0.0
2025-02-19 10:15:00+09:00,62400.0,62400.0,62300.0,62300.0,811,0.0,0.0
2025-02-19 10:16:00+09:00,62300.0,62400.0,62300.0,62400.0,1001,0.0,0.0
2025-02-19 10:17:00+09:00,62400.0,62400.0,62300.0,62300.0,589,0.0,0.0
2025-02-19 10:18:00+09:00,62300.0,62400.0,62300.0,62300.0,1392,0.0,0.0
2025-02-19 10:19:00+09:00,62400.0,62400.0,62300.0,62400.0,578,0.0,0.0
2025-02-19 10:20:00+09:00,62300.0,62400.0,62300.0,62300.0,1614,0.0,0.0
2025-02-19 10:21:00+09:00,62300.0,62400.0,62300.0,62300.0,888,0.0,0.0
2025-02-19 10:22:00+09:00,62400.0,62400.0,62300.0,62400.0,595,0.0,0.0
2025-02-19 10:23:00+09:00,62300.0,62400.0,62300.0,62400.0,479,0.0,0.0
2025-02-19 10:24:00+09:00,62300.0,62400.0,62300.0,62300.0,1268,0.0,0.0
2025-02-19 10:25:00+09:00,62400.0,62400.0,62300.0,62300.0,896,0.0,0.0
2025-02-19 10:26:00+09:00,62300.0,62400.0,62300.0,62400.0,634,0.0,0.0
2025-02-19 10:27:00+09:00,62300.0,62400.0,62200.0,62300.0,7540,0.0,0.0
2025-02-19 10:28:00+09:00,62200.0,62300.0,62200.0,62300.0,1969,0.0,0.0
2025-02-19 10:29:00+09:00,62200.0,62400.0,62200.0,62300.0,4490,0.0,0.0
2025-02-19 10:30:00+09:00,62200.0,62300.0,62200.0,62300.0,997,0.0,0.0
2025-02-19 10:31:00+09:00,62300.0,62300.0,62200.0,62200.0,1889,0.0,0.0
2025-02-19 10:32:00+09:00,62200.0,62300.0,62200.0,62300.0,2329,0.0,0.0
2025-02-19 10:33:00+09:00,62400.0,62400.0,62200.0,62300.0,3661,0.0,0.0
2025-02-19 10:34:00+09:00,62300.0,62300.0,62200.0,62300.0,468,0.0,0.0
2025-02-19 10:35:00+09:00,62300.0,62300.0,62200.0,62300.0,460,0.0,0.0
2025-02-19 10:36:00+09:00,62200.0,62400.0,62200.0,62400.0,4937,0.0,0.0
2025-02-19 10:37:00+09:00,62400.0,62400.0,62300.0,62300.0,691,0.0,0.0
2025-02-19 10:38:00+09:00,62400.0,62400.0,62300.0,62400.0,1200,0.0,0.0
2025-02-19 10:39:00+09:00,62300.0,62400.0,62300.0,62400.0,802,0.0,0.0
2025-02-19 10:40:00+09:00,62400.0,62400.0,62300.0,62400.0,1372,0.0,0.0
2025-02-19 10:41:00+09:00,62300.0,62400.0,62300.0,62300.0,1348,0.0,0.0
2025-02-19 10:42:00+09:00,62400.0,62500.0,62300.0,62500.0,36593,0.0,0.0
2025-02-19 10:43:00+09:00,62400.0,62500.0,62400.0,62400.0,1035,0.0,0.0
2025-02-19 10:44:00+09:00,62400.0,62500.0,62400.0,62400.0,663,0.0,0.0
2025-02-19 10:45:00+09:00,62400.0,62500.0,62400.0,62400.0,1949,0.0,0.0
2025-02-19 10:46:00+09:00,62400.0,62500.0,62400.0,62500.0,2033,0.0,0.0
2025-02-19 10:47:00+09:00,62400.0,62500.0,62400.0,62400.0,1388,0.0,0.0
2025-02-19 10:48:00+09:00,62500.0,62500.0,62300.0,62300.0,11138,0.0,0.0
2025-02-19 10:49:00+09:00,62400.0,62500.0,62300.0,62400.0,1705,0.0,0.0
2025-02-19 10:50:00+09:00,62300.0,62500.0,62300.0,62400.0,1144,0.0,0.0
2025-02-19 10:51:00+09:00,62400.0,62400.0,62300.0,62300.0,502,0.0,0.0
2025-02-19 10:52:00+09:00,62300.0,62400.0,62300.0,62300.0,836,0.0,0.0
2025-02-19 10:53:00+09:00,62400.0,62400.0,62300.0,62300.0,715,0.0,0.0
2025-02-19 10:54:00+09:00,62300.0,62500.0,62300.0,62400.0,836,0.0,0.0
2025-02-19 10:55:00+09:00,62400.0,62500.0,62400.0,62400.0,1406,0.0,0.0
2025-02-19 10:56:00+09:00,62500.0,62500.0,62400.0,62400.0,2089,0.0,0.0
2025-02-19 10:57:00+09:00,62500.0,62500.0,62400.0,62400.0,762,0.0,0.0
2025-02-19 10:58:00+09:00,62500.0,62600.0,62400.0,62500.0,20051,0.0,0.0
2025-02-19 10:59:00+09:00,62600.0,62600.0,62500.0,62600.0,2886,0.0,0.0
2025-02-19 11:00:00+09:00,62500.0,62600.0,62500.0,62600.0,1129,0.0,0.0
2025-02-19 11:01:00+09:00,62500.0,62600.0,62500.0,62600.0,1498,0.0,0.0
2025-02-19 11:02:00+09:00,62500.0,62700.0,62500.0,62700.0,4101,0.0,0.0
2025-02-19 11:03:00+09:00,62700.0,62700.0,62600.0,62600.0,824,0.0,0.0
2025-02-19 11:04:00+09:00,62700.0,62700.0,62600.0,62700.0,1694,0.0,0.0
2025-02-19 11:05:00+09:00,62600.0,62700.0,62500.0,62600.0,7742,0.0,0.0
2025-02-19 11:06:00+09:00,62500.0,62600.0,62500.0,62500.0,1309,0.0,0.0
2025-02-19 11:07:00+09:00,62600.0,62600.0,62500.0,62600.0,2258,0.0,0.0
2025-02-19 11:08:00+09:00,62600.0,62600.0,62500.0,62600.0,773,0.0,0.0
2025-02-19 11:09:00+09:00,62500.0,62600.0,62500.0,62500.0,658,0.0,0.0
2025-02-19 11:10:00+09:00,62500.0,62600.0,62500.0,62500.0,2928,0.0,0.0
2025-02-19 11:11:00+09:00,62500.0,62600.0,62400.0,62500.0,16889,0.0,0.0
2025-02-19 11:12:00+09:00,62500.0,62600.0,62500.0,62500.0,196,0.0,0.0
2025-02-19 11:13:00+09:00,62500.0,62600.0,62500.0,62500.0,877,0.0,0.0
2025-02-19 11:14:00+09:00,62500.0,62600.0,62500.0,62500.0,487,0.0,0.0
2025-02-19 11:15:00+09:00,62500.0,62600.0,62400.0,62600.0,1791,0.0,0.0
2025-02-19 11:16:00+09:00,62400.0,62600.0,62400.0,62400.0,624,0.0,0.0
2025-02-19 11:17:00+09:00,62500.0,62600.0,62400.0,62500.0,1442,0.0,0.0
2025-02-19 11:18:00+09:00,62500.0,62500.0,62400.0,62400.0,626,0.0,0.0
2025-02-19 11:19:00+09:00,62400.0,62500.0,62400.0,62400.0,405,0.0,0.0
2025-02-19 11:20:00+09:00,62400.0,62600.0,62400.0,62500.0,6081,0.0,0.0
2025-02-19 11:21:00+09:00,62600.0,62600.0,62500.0,62600.0,615,0.0,0.0
2025-02-19 11:22:00+09:00,62600.0,62600.0,62500.0,62500.0,687,0.0,0.0
2025-02-19 11:23:00+09:00,62500.0,62600.0,62500.0,62500.0,1056,0.0,0.0
2025-02-19 11:24:00+09:00,62600.0,62600.0,62500.0,62500.0,729,0.0,0.0
2025-02-19 11:25:00+09:00,62600.0,62600.0,62500.0,62500.0,986,0.0,0.0
2025-02-19 11:26:00+09:00,62500.0,62600.0,62500.0,62600.0,2760,0.0,0.0
2025-02-19 11:27:00+09:00,62600.0,62600.0,62500.0,62600.0,838,0.0,0.0
2025-02-19 11:28:00+09:00,62500.0,62600.0,62500.0,62600.0,1273,0.0,0.0
2025-02-19 11:29:00+09:00,62500.0,62600.0,62500.0,62500.0,533,0.0,0.0
2025-02-19 11:30:00+09:00,62600.0,62600.0,62500.0,62500.0,2318,0.0,0.0
2025-02-19 11:31:00+09:00,62600.0,62600.0,62500.0,62600.0,1041,0.0,0.0
2025-02-19 11:32:00+09:00,62600.0,62700.0,62500.0,62700.0,4483,0.0,0.0
2025-02-19 11:33:00+09:00,62600.0,62700.0,62600.0,62700.0,1890,0.0,0.0
2025-02-19 11:34:00+09:00,62600.0,62700.0,62600.0,62700.0,597,0.0,0.0
2025-02-19 11:35:00+09:00,62600.0,62700.0,62600.0,62700.0,1300,0.0,0.0
2025-02-19 11:36:00+09:00,62600.0,62700.0,62600.0,62700.0,852,0.0,0.0
2025-02-19 11:37:00+09:00,62700.0,62700.0,62600.0,62600.0,828,0.0,0.0
2025-02-19 11:38:00+09:00,62700.0,62700.0,62600.0,62700.0,551,0.0,0.0
2025-02-19 11:39:00+09:00,62700.0,62700.0,62600.0,62700.0,1532,0.0,0.0
2025-02-19 11:40:00+09:00,62600.0,62700.0,62600.0,62700.0,781,0.0,0.0
2025-02-19 11:41:00+09:00,62700.0,62700.0,62600.0,62600.0,659,0.0,0.0
2025-02-19 11:42:00+09:00,62600.0,62700.0,62600.0,62700.0,1994,0.0,0.0
2025-02-19 11:43:00+09:00,62700.0,62700.0,62600.0,62600.0,1318,0.0,0.0
2025-02-19 11:44:00+09:00,62600.0,62700.0,62600.0,62600.0,597,0.0,0.0
2025-02-19 11:45:00+09:00,62600.0,62700.0,62600.0,62700.0,1354,0.0,0.0
2025-02-19 11:46:00+09:00,62700.0,62700.0,62600.0,62700.0,748,0.0,0.0
2025-02-19 11:47:00+09:00,62600.0,62700.0,62600.0,62700.0,1428,0.0,0.0
2025-02-19 11:48:00+09:00,62700.0,62800.0,62600.0,62800.0,15124,0.0,0.0
2025-02-19 11:49:00+09:00,62700.0,62800.0,62700.0,62700.0,665,0.0,0.0
2025-02-19 11:50:00+09:00,62700.0,62800.0,62700.0,62800.0,807,0.0,0.0
2025-02-19 11:51:00+09:00,62700.0,62800.0,62700.0,62800.0,1217,0.0,0.0
2025-02-19 11:52:00+09:00,62800.0,62800.0,62700.0,62800.0,924,0.0,0.0
2025-02-19 11:53:00+09:00,62700.0,62800.0,62600.0,62700.0,14323,0.0,0.0
2025-02-19 11:54:00+09:00,62600.0,62700.0,62600.0,62600.0,1283,0.0,0.0
2025-02-19 11:55:00+09:00,62700.0,62700.0,62600.0,62700.0,877,0.0,0.0
2025-02-19 11:56:00+09:00,62600.0,62700.0,62600.0,62700.0,398,0.0,0.0
2025-02-19 11:57:00+09:00,62700.0,62700.0,62600.0,62700.0,908,0.0,0.0
2025-02-19 11:58:00+09:00,62700.0,62700.0,62600.0,62700.0,839,0.0,0.0
2025-02-19 11:59:00+09:00,62600.0,62800.0,62600.0,62700.0,2166,0.0,0.0
2025-02-19 12:00:00+09:00,62800.0,62800.0,62700.0,62700.0,1931,0.0,0.0
2025-02-19 12:01:00+09:00,62700.0,62800.0,62700.0,62800.0,1055,0.0,0.0
2025-02-19 12:02:00+09:00,62700.0,62800.0,62700.0,62700.0,1558,0.0,0.0
2025-02-19 12:03:00+09:00,62700.0,62800.0,62700.0,62800.0,3194,0.0,0.0
2025-02-19 12:04:00+09:00,62700.0,62800.0,62700.0,62800.0,422,0.0,0.0
2025-02-19 12:05:00+09:00,62700.0,62800.0,62700.0,62800.0,946,0.0,0.0
2025-02-19 12:06:00+09:00,62700.0,62800.0,62700.0,62800.0,401,0.0,0.0
2025-02-19 12:07:00+09:00,62800.0,62800.0,62700.0,62800.0,1017,0.0,0.0
2025-02-19 12:08:00+09:00,62700.0,62800.0,62700.0,62800.0,954,0.0,0.0
2025-02-19 12:09:00+09:00,62800.0,62800.0,62700.0,62700.0,304,0.0,0.0
2025-02-19 12:10:00+09:00,62700.0,62800.0,62700.0,62700.0,773,0.0,0.0
2025-02-19 12:11:00+09:00,62800.0,62800.0,62700.0,62800.0,842,0.0,0.0
2025-02-19 12:12:00+09:00,62800.0,62800.0,62700.0,62700.0,529,0.0,0.0
2025-02-19 12:13:00+09:00,62700.0,62800.0,62700.0,62800.0,1546,0.0,0.0
2025-02-19 12:14:00+09:00,62700.0,62800.0,62700.0,62800.0,902,0.0,0.0
2025-02-19 12:15:00+09:00,62800.0,62800.0,62700.0,62800.0,453,0.0,0.0
2025-02-19 12:16:00+09:00,62800.0,62800.0,62700.0,62800.0,1318,0.0,0.0
2025-02-19 12:17:00+09:00,62800.0,62800.0,62700.0,62700.0,1149,0.0,0.0
2025-02-19 12:18:00+09:00,62700.0,62800.0,62700.0,62800.0,1824,0.0,0.0
2025-02-19 12:19:00+09:00,62800.0,62800.0,62700.0,62700.0,1002,0.0,0.0
2025-02-19 12:20:00+09:00,62800.0,62800.0,62700.0,62700.0,1572,0.0,0.0
2025-02-19 12:21:00+09:00,62800.0,62800.0,62600.0,62700.0,17375,0.0,0.0
2025-02-19 12:22:00+09:00,62700.0,62800.0,62600.0,62700.0,7114,0.0,0.0
2025-02-19 12:23:00+09:00,62700.0,62700.0,62500.0,62500.0,7910,0.0,0.0
2025-02-19 12:24:00+09:00,62500.0,62600.0,62500.0,62600.0,298,0.0,0.0
2025-02-19 12:25:00+09:00,62600.0,62600.0,62500.0,62600.0,551,0.0,0.0
2025-02-19 12:26:00+09:00,62600.0,62600.0,62500.0,62500.0,554,0.0,0.0
2025-02-19 12:27:00+09:00,62500.0,62600.0,62500.0,62600.0,446,0.0,0.0
2025-02-19 12:28:00+09:00,62500.0,62700.0,62500.0,62600.0,1861,0.0,0.0
2025-02-19 12:29:00+09:00,62600.0,62600.0,62500.0,62600.0,408,0.0,0.0
2025-02-19 12:30:00+09:00,62600.0,62600.0,62500.0,62600.0,836,0.0,0.0
2025-02-19 12:31:00+09:00,62600.0,62600.0,62500.0,62500.0,525,0.0,0.0
2025-02-19 12:32:00+09:00,62600.0,62600.0,62500.0,62500.0,604,0.0,0.0
2025-02-19 12:33:00+09:00,62600.0,62600.0,62500.0,62500.0,1113,0.0,0.0
2025-02-19 12:34:00+09:00,62500.0,62600.0,62500.0,62500.0,1278,0.0,0.0
2025-02-19 12:35:00+09:00,62600.0,62600.0,62500.0,62600.0,2174,0.0,0.0
2025-02-19 12:36:00+09:00,62600.0,62700.0,62500.0,62600.0,1915,0.0,0.0
2025-02-19 12:37:00+09:00,62600.0,62700.0,62600.0,62700.0,791,0.0,0.0
2025-02-19 12:38:00+09:00,62600.0,62700.0,62600.0,62700.0,413,0.0,0.0
2025-02-19 12:39:00+09:00,62700.0,62700.0,62600.0,62600.0,2075,0.0,0.0
2025-02-19 12:40:00+09:00,62600.0,62700.0,62600.0,62700.0,1201,0.0,0.0
2025-02-19 12:41:00+09:00,62700.0,62700.0,62500.0,62600.0,6182,0.0,0.0
2025-02-19 12:42:00+09:00,62600.0,62600.0,62500.0,62500.0,500,0.0,0.0
2025-02-19 12:43:00+09:00,62500.0,62600.0,62500.0,62600.0,1355,0.0,0.0
2025-02-19 12:44:00+09:00,62500.0,62600.0,62500.0,62500.0,365,0.0,0.0
2025-02-19 12:45:00+09:00,62500.0,62600.0,62500.0,62500.0,908,0.0,0.0
2025-02-19 12:46:00+09:00,62600.0,62600.0,62500.0,62500.0,820,0.0,0.0
2025-02-19 12:47:00+09:00,62500.0,62600.0,62500.0,62600.0,1067,0.0,0.0
2025-02-19 12:48:00+09:00,62600.0,62600.0,62400.0,62400.0,5245,0.0,0.0
2025-02-19 12:49:00+09:00,62400.0,62500.0,62400.0,62400.0,1183,0.0,0.0
2025-02-19 12:50:00+09:00,62400.0,62500.0,62400.0,62500.0,718,0.0,0.0
2025-02-19 12:51:00+09:00,62500.0,62500.0,62400.0,62400.0,2372,0.0,0.0
2025-02-19 12:52:00+09:00,62400.0,62500.0,62400.0,62500.0,819,0.0,0.0
2025-02-19 12:53:00+09:00,62400.0,62500.0,62400.0,62500.0,537,0.0,0.0
2025-02-19 12:54:00+09:00,62400.0,62600.0,62400.0,62600.0,2022,0.0,0.0
2025-02-19 12:55:00+09:00,62600.0,62600.0,62500.0,62500.0,246,0.0,0.0
2025-02-19 12:56:00+09:00,62600.0,62600.0,62500.0,62600.0,1811,0.0,0.0
2025-02-19 12:57:00+09:00,62500.0,62600.0,62400.0,62400.0,5969,0.0,0.0
2025-02-19 12:58:00+09:00,62500.0,62500.0,62400.0,62500.0,426,0.0,0.0
2025-02-19 12:59:00+09:00,62400.0,62500.0,62400.0,62500.0,554,0.0,0.0
2025-02-19 13:00:00+09:00,62400.0,62500.0,62400.0,62500.0,641,0.0,0.0
2025-02-19 13:01:00+09:00,62400.0,62600.0,62400.0,62500.0,1788,0.0,0.0
2025-02-19 13:02:00+09:00,62500.0,62600.0,62500.0,62500.0,1134,0.0,0.0
2025-02-19 13:03:00+09:00,62500.0,62600.0,62500.0,62500.0,1700,0.0,0.0
2025-02-19 13:04:00+09:00,62500.0,62600.0,62500.0,62600.0,834,0.0,0.0
2025-02-19 13:05:00+09:00,62500.0,62600.0,62500.0,62600.0,972,0.0,0.0
2025-02-19 13:06:00+09:00,62500.0,62600.0,62500.0,62500.0,538,0.0,0.0
2025-02-19 13:07:00+09:00,62600.0,62600.0,62500.0,62500.0,769,0.0,0.0
2025-02-19 13:08:00+09:00,62500.0,62600.0,62500.0,62600.0,590,0.0,0.0
2025-02-19 13:09:00+09:00,62500.0,62600.0,62500.0,62500.0,805,0.0,0.0
2025-02-19 13:10:00+09:00,62500.0,62600.0,62500.0,62500.0,1964,0.0,0.0
2025-02-19 13:11:00+09:00,62600.0,62600.0,62300.0,62400.0,15348,0.0,0.0
2025-02-19 13:12:00+09:00,62300.0,62400.0,62300.0,62300.0,700,0.0,0.0
2025-02-19 13:13:00+09:00,62300.0,62400.0,62300.0,62300.0,830,0.0,0.0
2025-02-19 13:14:00+09:00,62400.0,62400.0,62300.0,62400.0,984,0.0,0.0
2025-02-19 13:15:00+09:00,62300.0,62400.0,62300.0,62400.0,231,0.0,0.0
2025-02-19 13:16:00+09:00,62300.0,62400.0,62300.0,62300.0,1317,0.0,0.0
2025-02-19 13:17:00+09:00,62400.0,62600.0,62400.0,62600.0,4487,0.0,0.0
2025-02-19 13:18:00+09:00,62500.0,62600.0,62500.0,62600.0,677,0.0,0.0
2025-02-19 13:19:00+09:00,62500.0,62600.0,62500.0,62600.0,437,0.0,0.0
