Date,Open,High,Low,Close,Volume,Dividends,Stock Splits
2020-02-21 00:00:00+09:00,49429.78999292569,51304.37284694882,48985.80984328863,50120.42578125,1781924,0.0,0.0
2020-02-24 00:00:00+09:00,49824.4402183845,51304.37408625731,49183.135542306285,50613.73828125,1209998,0.0,0.0
2020-02-25 00:00:00+09:00,50515.07572815534,51501.69830097088,50021.764441747575,50811.0625,914561,0.0,0.0
2020-02-26 00:00:00+09:00,50317.748828125,64327.788697916665,50219.086575520836,59197.3515625,7891424,0.0,0.0
2020-02-27 00:00:00+09:00,59197.35216346154,67879.63048076924,59197.35216346154,64130.46484375,7972161,0.0,0.0
2020-02-28 00:00:00+09:00,65511.73325892857,70148.85895647321,62847.8525390625,66301.03125,5610871,0.0,0.0
2020-03-02 00:00:00+09:00,67386.31782828752,68274.27809249629,62157.21849461367,66399.6953125,2159754,0.0,0.0
2020-03-03 00:00:00+09:00,66794.33968904703,82382.97435798268,65610.39275216585,79719.09375,9410961,0.0,0.0
2020-03-04 00:00:00+09:00,81889.67135847107,94715.76446280991,80015.08852014462,83566.9296875,6419975,0.0,0.0
2020-03-05 00:00:00+09:00,85244.18288996372,88697.36159499697,80903.04394649334,81593.6796875,4250677,0.0,0.0
2020-03-06 00:00:00+09:00,79423.11146349009,81001.70746773337,67879.6281824611,69754.2109375,5952356,0.0,0.0
2020-03-09 00:00:00+09:00,69754.2109375,69754.2109375,69754.2109375,69754.2109375,0,0.0,0.0
2020-03-10 00:00:00+09:00,62551.86634521485,66498.35633544922,59789.323352050786,63143.83984375,3353037,0.0,0.0
2020-03-11 00:00:00+09:00,63439.82770198816,63735.814456429776,57914.74161907783,58309.390625,1714407,0.0,0.0
2020-03-12 00:00:00+09:00,58112.06827192164,62946.518773320895,57125.445720615666,59493.33984375,3058508,0.0,0.0
2020-03-13 00:00:00+09:00,57421.42870923913,59591.99817934783,51205.707044836956,56730.79296875,2724014,0.0,0.0
2020-03-16 00:00:00+09:00,57224.10642035775,62551.86805259796,55053.536866482114,57914.7421875,2820078,0.0,0.0
2020-03-17 00:00:00+09:00,55448.183123207455,59098.68628256453,51600.35546875,51600.35546875,1544437,0.0,0.0
2020-03-18 00:00:00+09:00,51403.03175373682,55250.85946658851,42079.44921875,42079.44921875,2400703,0.0,0.0
2020-03-19 00:00:00+09:00,42128.778604598054,44348.67911654994,38379.613295523755,40500.8515625,3440801,0.0,0.0
2020-03-20 00:00:00+09:00,40500.8515551712,52586.9765625,39810.2158404667,52586.9765625,6293980,0.0,0.0
2020-03-23 00:00:00+09:00,52586.981078473415,65117.08726415094,52586.981078473415,57520.09375,6514432,0.0,0.0
2020-03-24 00:00:00+09:00,60381.29511443662,62749.18904049296,40796.83910101232,42030.1171875,9170002,0.0,0.0
2020-03-25 00:00:00+09:00,45631.291390728475,48837.81456953642,43411.39072847682,44694.0,3690263,0.0,0.0
2020-03-26 00:00:00+09:00,44694.000824702045,49133.8022311294,42424.76899475029,43460.72265625,4472294,0.0,0.0
2020-03-27 00:00:00+09:00,44398.0137538243,56434.80859375,44250.02037464489,56434.80859375,10585018,0.0,0.0
2020-03-30 00:00:00+09:00,61367.915418909826,73306.046875,60775.94195827725,73306.046875,6733285,0.0,0.0
2020-03-31 00:00:00+09:00,77745.84782974428,90473.27723334455,70050.19284152087,73306.046875,8095939,0.0,0.0
2020-04-01 00:00:00+09:00,78436.48813657407,87809.4018132716,73306.05117669753,79916.421875,7791191,0.0,0.0
2020-04-02 00:00:00+09:00,84060.24589951657,85638.84206664364,70444.85395804558,71431.4765625,2788795,0.0,0.0
2020-04-03 00:00:00+09:00,71530.13694718567,76660.5743558114,65413.07695997807,67484.984375,1790590,0.0,0.0
2020-04-06 00:00:00+09:00,67484.97263948499,72911.39587804006,66399.68799177397,68964.90625,1894645,0.0,0.0
2020-04-07 00:00:00+09:00,69655.54691129501,86132.14228549652,69655.54691129501,84948.1953125,8186102,0.0,0.0
2020-04-08 00:00:00+09:00,87809.40166248432,89683.98439460476,77055.21651505645,78633.8125,3804445,0.0,0.0
2020-04-09 00:00:00+09:00,80508.39740143369,89782.64906287336,80015.08614284647,82580.3046875,6732369,0.0,0.0
2020-04-10 00:00:00+09:00,82777.63050986842,87118.76965460526,81297.69671052632,84356.2265625,3794064,0.0,0.0
2020-04-13 00:00:00+09:00,84652.2108173077,88204.0518306213,80903.04530325445,83369.6015625,2053518,0.0,0.0
2020-04-14 00:00:00+09:00,83270.93568357058,87118.76328032326,82678.9622071471,83172.2734375,2018396,0.0,0.0
2020-04-16 00:00:00+09:00,84356.22532169118,85836.15909926471,82876.29154411764,83862.9140625,892682,0.0,0.0
2020-04-17 00:00:00+09:00,85145.52815353882,109021.79444920091,83764.25654965754,108035.171875,13623107,0.0,0.0
2020-04-20 00:00:00+09:00,108035.16290509258,109515.09664351851,76364.58090277777,79916.421875,6522949,0.0,0.0
2020-04-21 00:00:00+09:00,79324.44961656441,89979.9726993865,74588.6615797546,80409.734375,6713434,0.0,0.0
2020-04-22 00:00:00+09:00,80409.7303746235,86428.12737198795,80113.7436370482,81889.6640625,3532972,0.0,0.0
2020-04-23 00:00:00+09:00,83862.90988116198,85342.84358494719,83073.61190580986,84060.234375,1299906,0.0,0.0
2020-04-24 00:00:00+09:00,84652.21597782258,100635.50151209677,83468.26890120967,91755.8984375,9390503,0.0,0.0
2020-04-27 00:00:00+09:00,92939.83917472376,95209.07091678177,87414.75319406077,89289.3359375,3105448,0.0,0.0
2020-04-28 00:00:00+09:00,89585.32801870749,94617.10305059524,85145.52651998299,87020.109375,3346028,0.0,0.0
2020-04-29 00:00:00+09:00,87316.08997844828,88993.34820402299,83961.57352729885,85836.15625,1561621,0.0,0.0
2020-05-04 00:00:00+09:00,84257.56040281136,86625.45437197703,81593.6796875,81593.6796875,976706,0.0,0.0
2020-05-06 00:00:00+09:00,83566.92836813933,84356.22639286792,81593.68330631785,81791.0078125,586711,0.0,0.0
2020-05-07 00:00:00+09:00,82580.30083092485,89585.32037572254,81593.67835982659,85342.84375,1965513,0.0,0.0
2020-05-08 00:00:00+09:00,86822.7829781106,88796.02804579493,85145.52467057892,85638.8359375,919965,0.0,0.0
2020-05-11 00:00:00+09:00,86526.79769425676,92643.85750844594,86329.47318412163,91262.5859375,1991449,0.0,0.0
2020-05-12 00:00:00+09:00,92249.20598531421,96393.02058572404,87809.40462773223,90275.9609375,1702727,0.0,0.0
2020-05-13 00:00:00+09:00,83862.91170012546,85934.81893036386,78239.16350376411,78633.8125,2353631,0.0,0.0
2020-05-14 00:00:00+09:00,76660.57217920355,82777.63199273072,75180.6383533502,78041.84375,1840681,0.0,0.0
2020-05-15 00:00:00+09:00,77943.17330473856,79028.45799632353,71431.46515522877,75476.6171875,1431425,0.0,0.0
2020-05-18 00:00:00+09:00,75969.9325,76857.89275,73700.70075,73996.6875,425475,0.0,0.0
2020-05-19 00:00:00+09:00,75969.9375,79817.76550324676,74292.6791396104,75969.9375,1175519,0.0,0.0
2020-05-20 00:00:00+09:00,76857.9026107595,78535.16107594936,75969.94224683545,77943.1875,493436,0.0,0.0
2020-05-21 00:00:00+09:00,79521.78370253164,79916.43275316455,77153.88939873417,77943.1875,636659,0.0,0.0
2020-05-22 00:00:00+09:00,78140.49836753731,80409.73001204913,78041.83612212376,79324.4453125,715423,0.0,0.0
2020-05-25 00:00:00+09:00,80113.74551871828,80212.40776689404,77647.18931432423,77745.8515625,337454,0.0,0.0
2020-05-26 00:00:00+09:00,78041.83837673611,96195.69205729166,77943.17612847222,88796.0234375,8007371,0.0,0.0
2020-05-27 00:00:00+09:00,94025.12378258127,97182.31576688621,87316.09081593329,88006.7265625,3064168,0.0,0.0
2020-05-28 00:00:00+09:00,93926.46563504823,96689.00874196141,90769.27351286174,92051.8828125,2697830,0.0,0.0
2020-05-29 00:00:00+09:00,93235.82809784183,95801.04664868192,85145.5234375,85145.5234375,2574010,0.0,0.0
2020-06-01 00:00:00+09:00,88105.39194566412,90571.94827113063,84948.19984906696,89881.3125,1560942,0.0,0.0
2020-06-02 00:00:00+09:00,87612.08174157304,89289.34006320225,86329.47243679775,87809.40625,835088,0.0,0.0
2020-06-03 00:00:00+09:00,87316.09619413408,92742.52025139664,87217.43393854749,88302.71875,1647596,0.0,0.0
2020-06-04 00:00:00+09:00,89387.99762788779,90769.26911441144,88302.71288847635,89683.984375,646593,0.0,0.0
2020-06-05 00:00:00+09:00,90374.62434536935,92150.54491110805,89388.00180884785,89486.6640625,700716,0.0,0.0
2020-06-08 00:00:00+09:00,90769.27591463414,94419.7794025053,89486.6665810578,93038.5078125,1386598,0.0,0.0
2020-06-09 00:00:00+09:00,94025.13033434139,95110.41515456988,90473.28910450268,91755.8984375,720546,0.0,0.0
2020-06-10 00:00:00+09:00,91558.57097118463,93729.1405416222,91262.58421157951,92446.53125,727428,0.0,0.0
2020-06-11 00:00:00+09:00,93137.16161616163,100635.49242424243,92446.52588383839,97675.625,4241916,0.0,0.0
2020-06-12 00:00:00+09:00,93630.48126533534,94222.45480336696,89289.34198643676,90473.2890625,1334421,0.0,0.0
2020-06-15 00:00:00+09:00,89979.97561692126,91163.92266451234,83468.26685517038,83961.578125,817979,0.0,0.0
2020-06-16 00:00:00+09:00,85342.84460435457,89190.67228015784,85342.84460435457,87513.4140625,568194,0.0,0.0
2020-06-17 00:00:00+09:00,86625.45721683082,88006.72874420625,84652.21217772306,85145.5234375,399676,0.0,0.0
2020-06-18 00:00:00+09:00,85244.18808139535,87612.08219476744,82086.99593023256,84849.5390625,598774,0.0,0.0
2020-06-19 00:00:00+09:00,85836.15851873536,86329.46977459016,84158.90024882904,84257.5625,290374,0.0,0.0
2020-06-22 00:00:00+09:00,83764.25419679751,85244.18801652892,83566.9296875,83566.9296875,175597,0.0,0.0
2020-06-23 00:00:00+09:00,84257.56488689776,86921.44574397767,83172.28009327262,83961.578125,370047,0.0,0.0
2020-06-24 00:00:00+09:00,84849.53290831367,85441.50639372053,83665.5859375,83665.5859375,220971,0.0,0.0
2020-06-25 00:00:00+09:00,82974.94858284884,83270.93531976744,80409.73019622093,80607.0546875,313600,0.0,0.0
2020-06-26 00:00:00+09:00,80804.37935805724,86921.43860128013,79916.41914533133,81889.6640625,518324,0.0,0.0
2020-06-29 00:00:00+09:00,80903.0449364144,81889.66743563896,78929.79993796526,79521.7734375,191690,0.0,0.0
2020-06-30 00:00:00+09:00,81001.71575942956,81001.71575942956,78337.83472958229,79127.1328125,203414,0.0,0.0
2020-07-01 00:00:00+09:00,79817.75791184971,87316.08869219653,79620.43341763005,85342.84375,1175743,0.0,0.0
2020-07-02 00:00:00+09:00,87118.76419797687,88006.72442196531,84948.19476156069,85342.84375,419626,0.0,0.0
2020-07-03 00:00:00+09:00,85836.1603618421,86132.14712171053,83764.25304276316,84356.2265625,197714,0.0,0.0
2020-07-06 00:00:00+09:00,85244.18095512083,86329.46566635501,83172.27377912831,85737.4921875,252078,0.0,0.0
2020-07-07 00:00:00+09:00,85934.82076990632,86033.48302107729,84060.23799765809,84257.5625,182192,0.0,0.0
2020-07-08 00:00:00+09:00,84750.87352807971,90670.60858242754,84356.22452445653,88500.0390625,928496,0.0,0.0
2020-07-09 00:00:00+09:00,88796.02705792683,90473.28534679877,88401.37804878049,88993.3515625,301221,0.0,0.0
2020-07-10 00:00:00+09:00,88697.36423841059,90275.96026490067,85836.15894039735,89388.0,411170,0.0,0.0
2020-07-13 00:00:00+09:00,90571.9462224554,96195.69451731375,89683.98596537251,94025.125,987500,0.0,0.0
2020-07-14 00:00:00+09:00,93630.47732685377,95998.37137937694,91558.570030896,95801.046875,510563,0.0,0.0
2020-07-15 00:00:00+09:00,96393.01578282828,97971.61174242424,93137.16161616163,97675.625,523085,0.0,0.0
2020-07-16 00:00:00+09:00,97675.63518672998,98662.25776437372,95011.7542270919,96097.0390625,357118,0.0,0.0
2020-07-17 00:00:00+09:00,95702.3828125,99155.56157377578,95505.05831185567,95702.3828125,489755,0.0,0.0
2020-07-20 00:00:00+09:00,96393.02514310437,96393.02514310437,90571.95197683707,92643.859375,451381,0.0,0.0
2020-07-21 00:00:00+09:00,91755.89462652439,99155.56354801828,91755.89462652439,97083.65625,770077,0.0,0.0
2020-07-22 00:00:00+09:00,97576.95632520053,97576.95632520053,91558.55962566845,92249.1953125,690224,0.0,0.0
2020-07-23 00:00:00+09:00,93235.82386363637,93235.82386363637,86526.79103535354,87908.0625,589245,0.0,0.0
2020-07-24 00:00:00+09:00,89683.9890072691,91163.92281927024,86033.48560433296,86526.796875,442453,0.0,0.0
2020-07-27 00:00:00+09:00,85540.16824421965,87316.08869219653,84257.5590317919,85342.84375,261973,0.0,0.0
2020-07-28 00:00:00+09:00,84948.19959504013,89388.0009676032,83369.60355146216,86033.484375,542820,0.0,0.0
2020-07-29 00:00:00+09:00,85342.85274759335,87809.40918538507,84454.89242998834,84553.5546875,225018,0.0,0.0
2020-07-30 00:00:00+09:00,84454.88574793875,85244.18374558304,83468.26325088339,83764.25,200691,0.0,0.0
2020-07-31 00:00:00+09:00,83369.60030691964,84158.89829799107,82678.96456473214,82876.2890625,183784,0.0,0.0
2020-08-03 00:00:00+09:00,82876.2863372093,83073.61082848837,80311.06795058139,80607.0546875,260261,0.0,0.0
2020-08-04 00:00:00+09:00,80607.05540632566,83665.58504842615,80508.39315980629,81495.015625,220340,0.0,0.0
2020-08-05 00:00:00+09:00,81495.01673288508,81692.34122860635,80409.7320064181,80705.71875,179997,0.0,0.0
2020-08-06 00:00:00+09:00,80705.72601047903,83961.58048278443,80508.40149700598,82382.984375,330293,0.0,0.0
2020-08-07 00:00:00+09:00,87612.07508939214,88302.71081644815,82580.30050655542,82777.625,491836,0.0,0.0
2020-08-10 00:00:00+09:00,81593.68024756986,82777.62724027946,81001.70675121507,81199.03125,176306,0.0,0.0
2020-08-11 00:00:00+09:00,81297.70492424243,82580.31434659091,81001.7181344697,81396.3671875,176227,0.0,0.0
2020-08-12 00:00:00+09:00,81495.01507906627,83862.90897966867,81495.01507906627,81889.6640625,234586,0.0,0.0
2020-08-13 00:00:00+09:00,82876.29325775657,83270.9422732697,81791.00846509547,82678.96875,166287,0.0,0.0
2020-08-14 00:00:00+09:00,83073.61341822853,83172.27566694377,81396.35519006953,81593.6796875,153157,0.0,0.0
2020-08-18 00:00:00+09:00,82580.29941114738,82974.94839280161,78929.79633084577,79324.4453125,210073,0.0,0.0
2020-08-19 00:00:00+09:00,79225.78306708645,80705.71674828981,79127.12082167288,79324.4453125,129453,0.0,0.0
2020-08-20 00:00:00+09:00,79620.43514796087,80311.07089273873,73898.02469123011,74391.3359375,350660,0.0,0.0
2020-08-21 00:00:00+09:00,74489.99875,75081.97224999999,73799.363,73996.6875,152172,0.0,0.0
2020-08-24 00:00:00+09:00,72516.7560868474,74292.6766440763,71530.13355505354,73700.703125,163040,0.0,0.0
2020-08-25 00:00:00+09:00,74489.99887368939,76364.5816268021,73306.05187172347,75279.296875,193795,0.0,0.0
2020-08-26 00:00:00+09:00,75476.62125,75575.28349999999,73602.0385,73996.6875,154705,0.0,0.0
2020-08-27 00:00:00+09:00,74095.34382584952,74194.00606796116,71135.4765625,71135.4765625,204591,0.0,0.0
2020-08-28 00:00:00+09:00,70148.86658653847,77548.53605769231,70050.20432692308,71826.125,366326,0.0,0.0
2020-08-31 00:00:00+09:00,72516.7619812253,75871.27886198946,72319.43745882741,74884.65625,222908,0.0,0.0
2020-09-01 00:00:00+09:00,74983.30522486773,75871.26541832011,74194.00727513227,74588.65625,110898,0.0,0.0
2020-09-02 00:00:00+09:00,75279.29162960866,76857.8875222348,74687.31816987386,76265.9140625,119690,0.0,0.0
2020-09-03 00:00:00+09:00,76759.23005622556,76759.23005622556,74391.33606991525,75673.9453125,99589,0.0,0.0
2020-09-04 00:00:00+09:00,73602.03614707835,74884.64535607569,73602.03614707835,74292.671875,117685,0.0,0.0
2020-09-07 00:00:00+09:00,74292.67170608108,74391.3339527027,72911.40025337838,73010.0625,105379,0.0,0.0
2020-09-08 00:00:00+09:00,73010.07151845637,75575.29024748322,72812.74700083892,73503.3828125,111789,0.0,0.0
2020-09-09 00:00:00+09:00,73404.71444406548,73503.37669466235,72122.10518630627,72319.4296875,100580,0.0,0.0
2020-09-10 00:00:00+09:00,72714.0805091962,73503.37853371935,71924.78248467302,72418.09375,97818,0.0,0.0
2020-09-11 00:00:00+09:00,72122.11177884616,72319.43629807692,71332.81370192308,71826.125,84590,0.0,0.0
2020-09-14 00:00:00+09:00,72220.77521782843,75476.62983830429,71530.13938924263,73602.046875,146872,0.0,0.0
2020-09-15 00:00:00+09:00,74884.64444040698,76660.56486191861,73700.69749273256,76364.578125,185905,0.0,0.0
2020-09-16 00:00:00+09:00,76463.24399967783,78535.15125644329,75871.27049774484,76561.90625,183094,0.0,0.0
2020-09-17 00:00:00+09:00,75969.9375,77351.20909090909,75081.97719155844,75969.9375,103246,0.0,0.0
2020-09-18 00:00:00+09:00,76167.26326466916,80607.06487983771,75180.6406835206,79028.46875,713371,0.0,0.0
2020-09-21 00:00:00+09:00,78929.79632063075,79423.10754763469,73996.68405059133,75081.96875,165282,0.0,0.0
2020-09-22 00:00:00+09:00,74588.66826923077,74785.99278846155,71530.13822115384,71826.125,141939,0.0,0.0
2020-09-23 00:00:00+09:00,71727.45847498256,73010.0677737099,70050.2001612622,70740.8359375,124893,0.0,0.0
2020-09-24 00:00:00+09:00,69951.54144071692,70346.19047564338,66498.36238511029,67090.3359375,198486,0.0,0.0
2020-09-25 00:00:00+09:00,67287.6513425926,69359.55849537037,66498.35337962963,66597.015625,140055,0.0,0.0
2020-09-28 00:00:00+09:00,66597.01743944157,67188.99092779217,66301.03069526628,66695.6796875,89766,0.0,0.0
2020-09-29 00:00:00+09:00,67386.3101539723,67780.95911534257,66794.33671191691,67682.296875,98653,0.0,0.0
2020-10-05 00:00:00+09:00,68964.90599945336,69063.56823979592,67090.32343294461,67682.296875,61897,0.0,0.0
2020-10-06 00:00:00+09:00,67682.2986945051,68175.60990947962,67386.31196552038,67780.9609375,68972,0.0,0.0
2020-10-07 00:00:00+09:00,67682.30707814787,68076.95609901172,66695.68452598828,67386.3203125,75719,0.0,0.0
2020-10-08 00:00:00+09:00,68274.28021694215,73010.06844008264,67682.30668904958,71628.796875,339718,0.0,0.0
2020-10-12 00:00:00+09:00,72122.10945756275,76463.2487409181,70740.83786740423,74687.328125,251717,0.0,0.0
2020-10-13 00:00:00+09:00,74983.31489431969,75476.62617651916,72615.42073976222,74687.328125,117943,0.0,0.0
2020-10-14 00:00:00+09:00,74687.32748788435,75180.63876587567,73700.70493190174,73799.3671875,80987,0.0,0.0
2020-10-15 00:00:00+09:00,73799.36899198932,76660.57447429906,73010.07092790387,73898.03125,140583,0.0,0.0
2020-10-16 00:00:00+09:00,73996.68405059133,76956.55141261498,73996.68405059133,75081.96875,169300,0.0,0.0
2020-10-19 00:00:00+09:00,75081.98132402368,79719.10763444302,75081.98132402368,77055.2265625,268055,0.0,0.0
2020-10-20 00:00:00+09:00,76660.57154132033,78732.47888027494,75575.28674472506,77153.8828125,134209,0.0,0.0
2020-10-21 00:00:00+09:00,78140.49872935197,79028.45894218552,76265.9160578145,77647.1875,106342,0.0,0.0
2020-10-22 00:00:00+09:00,77943.17844347133,78041.8406946656,75871.27116839172,77449.8671875,92234,0.0,0.0
2020-10-23 00:00:00+09:00,77351.21036204744,79620.44229868913,76660.57455524344,79028.46875,154110,0.0,0.0
2020-10-26 00:00:00+09:00,78436.49277022756,79324.45306573957,77351.20796460177,78041.84375,82639,0.0,0.0
2020-10-27 00:00:00+09:00,77449.86300825921,78239.16097522237,76660.56504129607,77647.1875,82948,0.0,0.0
2020-10-28 00:00:00+09:00,76956.55357709392,78140.50055520305,76561.90458439087,77745.8515625,64586,0.0,0.0
2020-10-29 00:00:00+09:00,76167.26019993499,76857.89597894993,74785.98864190507,75871.2734375,140896,0.0,0.0
2020-10-30 00:00:00+09:00,75772.61044176707,75772.61044176707,73010.06735274431,73700.703125,103397,0.0,0.0
2020-11-02 00:00:00+09:00,72319.43852848101,80113.75727848102,72319.43852848101,77943.1875,288218,0.0,0.0
2020-11-03 00:00:00+09:00,78041.84080317982,79028.46331649437,77449.8672951911,78732.4765625,99029,0.0,0.0
2020-11-04 00:00:00+09:00,78929.79651162791,81100.36591569768,76956.5515988372,80607.0546875,221880,0.0,0.0
2020-11-05 00:00:00+09:00,81396.35424344045,84257.55942290684,80508.3940153302,83665.5859375,273549,0.0,0.0
2020-11-06 00:00:00+09:00,83566.9248046875,84652.20954241071,82876.2890625,82876.2890625,142768,0.0,0.0
2020-11-09 00:00:00+09:00,83270.94138418078,87908.06726694915,83270.94138418078,87316.09375,363151,0.0,0.0
2020-11-10 00:00:00+09:00,91755.89088541667,91953.21538194444,87908.063203125,88796.0234375,405570,0.0,0.0
2020-11-11 00:00:00+09:00,89388.00350765306,90275.96380739796,86625.46035289115,87020.109375,314751,0.0,0.0
2020-11-12 00:00:00+09:00,86428.12886939858,89190.67180129717,83073.61245209316,83665.5859375,606210,0.0,0.0
2020-11-13 00:00:00+09:00,78929.79595115682,81297.68982969152,74884.64390866003,76759.2265625,1341803,0.0,0.0
2020-11-16 00:00:00+09:00,72812.73842381386,94222.44606333638,70346.18224414538,81100.3671875,11647662,0.0,0.0
2020-11-17 00:00:00+09:00,80113.75350467289,80409.74027870494,73700.70673397863,73898.03125,1730811,0.0,0.0
2020-11-18 00:00:00+09:00,75081.98079339812,76265.92792811662,72220.77521782843,73602.046875,703425,0.0,0.0
2020-11-19 00:00:00+09:00,72714.0859375,74292.6821043928,71628.8010727612,72714.0859375,493817,0.0,0.0
2020-11-20 00:00:00+09:00,71924.78785405359,75180.64244827001,71332.81429146879,72714.0859375,459993,0.0,0.0
2020-11-23 00:00:00+09:00,75673.94222240473,77449.86263961892,74292.6707867937,75081.96875,800162,0.0,0.0
2020-11-24 00:00:00+09:00,75772.60446780552,76167.25344940867,74194.0085413929,75081.96875,367438,0.0,0.0
2020-11-25 00:00:00+09:00,75476.61810105847,75476.61810105847,72714.07521631384,73404.7109375,329930,0.0,0.0
2020-11-26 00:00:00+09:00,72319.42444061238,74489.99379626515,72319.42444061238,73306.046875,150016,0.0,0.0
2020-11-27 00:00:00+09:00,73207.39185910308,75969.93494812584,72220.76932730924,73700.703125,457205,0.0,0.0
2020-11-30 00:00:00+09:00,73996.6875,75377.959,73306.05175,73996.6875,271698,0.0,0.0
2020-12-01 00:00:00+09:00,73996.69471153847,78732.48317307692,65215.753605769234,71826.125,1727581,0.0,0.0
2020-12-02 00:00:00+09:00,72023.44887408089,72319.43565027573,66399.70012637868,67090.3359375,1069964,0.0,0.0
2020-12-03 00:00:00+09:00,66991.67367876838,73602.04501378676,64525.11721047794,67090.3359375,1493610,0.0,0.0
2020-12-04 00:00:00+09:00,66893.00723973606,68964.9145436217,66893.00723973606,67287.65625,276439,0.0,0.0
2020-12-07 00:00:00+09:00,67090.33165171898,67287.65615657698,65610.397865284,66005.046875,216068,0.0,0.0
2020-12-08 00:00:00+09:00,66005.05107992879,67583.64721935907,65610.40204507121,65807.7265625,198356,0.0,0.0
2020-12-09 00:00:00+09:00,66301.03181137725,66597.01856053519,65511.733813622755,65906.3828125,155364,0.0,0.0
2020-12-10 00:00:00+09:00,66005.0443617223,66103.70661039454,64426.44838296662,65018.421875,388998,0.0,0.0
2020-12-11 00:00:00+09:00,65018.42005841565,66597.0159930661,64426.44658292173,64919.7578125,245934,0.0,0.0
2020-12-14 00:00:00+09:00,65018.42594839541,65018.42594839541,62157.22055764659,62255.8828125,352796,0.0,0.0
2020-12-15 00:00:00+09:00,62157.22073227612,62255.882987406716,59394.6775886194,59493.33984375,385189,0.0,0.0
2020-12-16 00:00:00+09:00,59296.01268246299,61663.906699732725,59296.01268246299,59986.6484375,197576,0.0,0.0
2020-12-17 00:00:00+09:00,60183.97475369458,60578.623768472906,59296.01447044335,60085.3125,97421,0.0,0.0
2020-12-18 00:00:00+09:00,60183.97293893914,60282.635189658715,59591.999434621706,59986.6484375,100874,0.0,0.0
2020-12-21 00:00:00+09:00,59887.986469936055,59887.986469936055,58605.377204517325,59789.32421875,161004,0.0,0.0
2020-12-22 00:00:00+09:00,59789.325078125,59789.325078125,59000.02705729166,59197.3515625,103915,0.0,0.0
2020-12-23 00:00:00+09:00,59000.02289244186,59591.99636627907,58901.36064680233,59394.671875,120423,0.0,0.0
2020-12-24 00:00:00+09:00,58901.366025309915,59887.98857179752,58901.366025309915,59690.6640625,128509,0.0,0.0
2020-12-28 00:00:00+09:00,59690.662825520834,60183.97408854167,58901.3648046875,59197.3515625,143888,0.0,0.0
2020-12-29 00:00:00+09:00,59197.35043174342,59986.6484375,58605.37692742598,59986.6484375,101176,0.0,0.0
2020-12-30 00:00:00+09:00,59986.65095087163,62749.19408676704,59592.001931458006,62255.8828125,238475,0.0,0.0
2021-01-04 00:00:00+09:00,62354.542285313,62354.542285313,60381.29727628411,61466.58203125,149828,0.0,0.0
2021-01-05 00:00:00+09:00,60973.27355881211,66991.67111073369,60183.97551921583,63538.4921875,499010,0.0,0.0
2021-01-06 00:00:00+09:00,64031.79881274606,64031.79881274606,62058.5538570374,62650.52734375,213557,0.0,0.0
2021-01-07 00:00:00+09:00,62453.20465433373,63637.151661998825,62354.54240369497,62749.19140625,131606,0.0,0.0
2021-01-08 00:00:00+09:00,62749.19273222477,65511.73580848624,62255.881468606654,64525.11328125,288199,0.0,0.0
2021-01-11 00:00:00+09:00,64525.10443593058,70050.18983105614,62255.872934361156,66794.3359375,1097795,0.0,0.0
2021-01-12 00:00:00+09:00,66597.01868805067,67583.64118713289,65413.071689151984,67188.9921875,281613,0.0,0.0
2021-01-13 00:00:00+09:00,67780.96441614276,67780.96441614276,66597.01743944157,66695.6796875,146377,0.0,0.0
2021-01-14 00:00:00+09:00,66103.70439814815,68175.61155092593,66005.04215277778,66597.015625,147992,0.0,0.0
2021-01-15 00:00:00+09:00,66794.33964961408,68175.61107516,64623.77026661333,65511.73046875,152916,0.0,0.0
2021-01-18 00:00:00+09:00,65413.07503154114,66005.04856123835,62946.51865780279,63538.4921875,121929,0.0,0.0
2021-01-19 00:00:00+09:00,62749.1892014954,64919.758639282976,62749.1892014954,64327.78515625,92785,0.0,0.0
2021-01-20 00:00:00+09:00,63933.13535334346,65018.42005841565,63143.83738601823,64919.7578125,110983,0.0,0.0
2021-01-21 00:00:00+09:00,64623.77611177885,64919.762872596155,63933.14033653846,64130.46484375,69886,0.0,0.0
2021-01-22 00:00:00+09:00,63637.1510925293,64426.44909057617,62157.217346191406,63143.83984375,122577,0.0,0.0
2021-01-25 00:00:00+09:00,62847.855546875006,64821.100618990386,62847.855546875006,64130.46484375,92006,0.0,0.0
2021-01-26 00:00:00+09:00,63834.472465250394,64426.44593478904,62551.86328125,62551.86328125,102044,0.0,0.0
2021-01-27 00:00:00+09:00,62650.529723348496,63439.82773561116,62354.54296875,62354.54296875,71730,0.0,0.0
2021-01-28 00:00:00+09:00,61663.906816123184,62354.54257246377,61071.93331068841,61269.2578125,82501,0.0,0.0
2021-01-29 00:00:00+09:00,60973.27065829918,61565.24415983607,59197.35015368852,60183.97265625,91661,0.0,0.0
2021-02-01 00:00:00+09:00,59296.0136242378,60973.271913109755,59197.35137195122,60677.28515625,71484,0.0,0.0
2021-02-02 00:00:00+09:00,60677.28524955215,62058.5567836883,60282.636239798965,61959.89453125,73530,0.0,0.0
2021-02-03 00:00:00+09:00,62157.2190361266,62354.543541003186,61170.596511743635,61959.89453125,79152,0.0,0.0
2021-02-04 00:00:00+09:00,61269.259250971765,61663.908263860474,60183.97446552782,60282.63671875,83699,0.0,0.0
2021-02-05 00:00:00+09:00,60381.29897197217,60973.27249130524,59887.98770586129,60282.63671875,51649,0.0,0.0
2021-02-08 00:00:00+09:00,59789.32393606085,60874.60869397615,59789.32393606085,59986.6484375,60244,0.0,0.0
2021-02-09 00:00:00+09:00,59887.98857179752,60282.63759039256,59690.6640625,59690.6640625,64020,0.0,0.0
2021-02-10 00:00:00+09:00,59493.33955320248,60183.9753357438,59296.015043904954,59690.6640625,53257,0.0,0.0
2021-02-15 00:00:00+09:00,59789.32421875,60282.63547468028,59296.01296281972,59789.32421875,64133,0.0,0.0
2021-02-16 00:00:00+09:00,59394.6775886194,60183.97562966418,59296.0153334888,59493.33984375,58536,0.0,0.0
2021-02-17 00:00:00+09:00,59296.01157924107,59296.01157924107,57816.077845982145,58013.40234375,124740,0.0,0.0
2021-02-18 00:00:00+09:00,57816.08042763158,58013.40493421053,56040.159868421055,56237.484375,153078,0.0,0.0
2021-02-19 00:00:00+09:00,55349.52353277439,56730.79506478658,55349.52353277439,56632.1328125,67162,0.0,0.0
2021-02-22 00:00:00+09:00,56730.79338203925,68767.58780396757,55941.4953871587,57816.078125,730360,0.0,0.0
2021-02-23 00:00:00+09:00,58605.37669136598,59000.025692654635,57322.767437177834,57421.4296875,127647,0.0,0.0
2021-02-24 00:00:00+09:00,57224.10475792988,61466.581489983306,56434.80676126878,59098.6875,270419,0.0,0.0
2021-02-25 00:00:00+09:00,59493.334567444945,60874.60601677203,58704.036596400896,60479.95703125,135420,0.0,0.0
2021-02-26 00:00:00+09:00,59296.01296281972,59789.32421875,58605.377204517325,59789.32421875,92606,0.0,0.0
2021-03-02 00:00:00+09:00,59887.98635776771,59887.98635776771,58309.39034174747,58506.71484375,97361,0.0,0.0
2021-03-03 00:00:00+09:00,58408.05065897859,60381.29561367381,58408.05065897859,59887.984375,85352,0.0,0.0
2021-03-04 00:00:00+09:00,59493.3383203125,59690.662825520834,58506.715794270836,59197.3515625,69716,0.0,0.0
2021-03-05 00:00:00+09:00,58506.71599225428,59098.68950988248,57717.41796875,57717.41796875,78206,0.0,0.0
2021-03-08 00:00:00+09:00,57717.41587563993,58309.38937180034,57322.766878199654,57816.078125,48922,0.0,0.0
2021-03-09 00:00:00+09:00,58013.40290560787,60183.97240207619,57520.09165641053,57618.75390625,113264,0.0,0.0
2021-03-10 00:00:00+09:00,58013.40376297578,58408.05276816609,56829.456747404845,57026.78125,56955,0.0,0.0
2021-03-11 00:00:00+09:00,57026.78248284734,58112.06727058319,56632.13346912521,57520.09375,61040,0.0,0.0
2021-03-12 00:00:00+09:00,58013.40206567797,58605.37555614407,57520.09082362288,58210.7265625,37833,0.0,0.0
2021-03-15 00:00:00+09:00,58704.03963092216,59000.02638536379,58112.066122038916,58309.390625,43107,0.0,0.0
2021-03-16 00:00:00+09:00,58802.70405783582,61565.24720149254,58802.70405783582,59493.33984375,127255,0.0,0.0
2021-03-17 00:00:00+09:00,59690.6615677521,59986.64831932773,58506.71456144958,58704.0390625,59972,0.0,0.0
2021-03-18 00:00:00+09:00,59098.689596833196,60183.97438074833,58802.702837583616,59000.02734375,64304,0.0,0.0
2021-03-19 00:00:00+09:00,58704.03836924061,59098.68736668088,57816.078125,57816.078125,101754,0.0,0.0
2021-03-22 00:00:00+09:00,57816.07965036078,58210.72865821307,57520.092894471556,58112.06640625,42513,0.0,0.0
2021-03-23 00:00:00+09:00,57914.73981726695,58506.71330773305,57717.41532044492,58210.7265625,46149,0.0,0.0
2021-03-24 00:00:00+09:00,58112.06698050214,58605.37824519231,57520.093462873934,57717.41796875,47353,0.0,0.0
2021-03-25 00:00:00+09:00,57717.41643846649,57717.41643846649,57026.780686211336,57421.4296875,38611,0.0,0.0
2021-03-26 00:00:00+09:00,57618.75362627986,58506.71387052048,57421.42912755973,57816.078125,57568,0.0,0.0
2021-03-29 00:00:00+09:00,57618.75320652174,57816.07770380435,56533.46847146739,56730.79296875,72357,0.0,0.0
2021-03-30 00:00:00+09:00,56730.79296875,57322.76646059783,56434.80622282609,56730.79296875,40148,0.0,0.0
2021-03-31 00:00:00+09:00,56632.1328125,56928.119569359755,56336.14605564024,56632.1328125,40561,0.0,0.0
2021-04-01 00:00:00+09:00,56730.79506478658,57224.10632621951,56632.1328125,56632.1328125,36164,0.0,0.0
2021-04-02 00:00:00+09:00,56632.1328125,57125.44407393292,56434.808307926825,56632.1328125,52692,0.0,0.0
2021-04-05 00:00:00+09:00,56237.480210302456,56237.480210302456,50712.3944352552,52192.328125,415129,0.0,0.0
2021-04-06 00:00:00+09:00,52192.32936789773,52192.32936789773,48788.48180042614,49923.09765625,323239,0.0,0.0
2021-04-07 00:00:00+09:00,49627.11541262136,51205.711529126216,49429.79089805825,50811.0625,106167,0.0,0.0
2021-04-08 00:00:00+09:00,50811.059379364524,53770.92691602654,50416.41037447626,52981.62890625,160283,0.0,0.0
2021-04-09 00:00:00+09:00,53376.27452216229,53376.27452216229,52093.66533771107,52586.9765625,67008,0.0,0.0
2021-04-12 00:00:00+09:00,52290.997298481314,53474.94440712617,51699.02374415888,52784.30859375,74492,0.0,0.0
2021-04-13 00:00:00+09:00,53178.953515625006,54461.562784090915,53178.953515625006,54264.23828125,98688,0.0,0.0
2021-04-14 00:00:00+09:00,54461.562784090915,54658.88728693182,53573.60252130682,54264.23828125,66847,0.0,0.0
2021-04-15 00:00:00+09:00,54066.916162020105,54757.551952410875,53770.929394709776,53968.25390625,60469,0.0,0.0
2021-04-16 00:00:00+09:00,54066.916162020105,54560.22744087066,53968.25390625,53968.25390625,38225,0.0,0.0
2021-04-19 00:00:00+09:00,53573.599472943475,53968.24845616958,53376.274981330425,53672.26171875,67774,0.0,0.0
2021-04-20 00:00:00+09:00,53376.27611092642,56138.81905197252,53376.27611092642,55645.5078125,154333,0.0,0.0
2021-04-21 00:00:00+09:00,55744.16962166591,55744.16962166591,54264.23591489602,54560.22265625,77315,0.0,0.0
2021-04-22 00:00:00+09:00,54560.225035511365,55250.86079545455,53869.589275568185,54264.23828125,57807,0.0,0.0
2021-04-23 00:00:00+09:00,54658.887574133216,54757.549826072085,53672.26505474453,54066.9140625,48950,0.0,0.0
2021-04-26 00:00:00+09:00,53869.59021543986,55349.52401256732,53376.278949730695,54954.875,99965,0.0,0.0
2021-04-27 00:00:00+09:00,55250.86079545455,55250.86079545455,54066.91377840909,54264.23828125,65882,0.0,0.0
2021-04-28 00:00:00+09:00,54165.57697486535,54954.875,53770.927962298025,54954.875,88342,0.0,0.0
2021-04-29 00:00:00+09:00,54757.546875,55250.85810810811,54461.560135135136,54757.546875,54357,0.0,0.0
2021-04-30 00:00:00+09:00,54461.560135135136,56533.46731418919,54264.23564189189,54757.546875,132644,0.0,0.0
2021-05-03 00:00:00+09:00,54757.547824542984,54954.87232120801,49824.43540791749,49923.09765625,326196,0.0,0.0
2021-05-04 00:00:00+09:00,50021.76287731714,50317.74963990481,48393.83568308492,49232.46484375,164637,0.0,0.0
2021-05-06 00:00:00+09:00,49331.12335205078,51107.04379272461,49281.79222869873,50515.0703125,119429,0.0,0.0
2021-05-07 00:00:00+09:00,50613.73828125,50811.06279696637,50021.76473410088,50613.73828125,92358,0.0,0.0
2021-05-10 00:00:00+09:00,51304.36824324324,55250.85810810811,50613.73251689189,54757.546875,312127,0.0,0.0
2021-05-11 00:00:00+09:00,54954.872893558015,59690.660862841294,54954.872893558015,57816.078125,662805,0.0,0.0
2021-05-12 00:00:00+09:00,57618.75458473862,59986.64860876897,56829.4565767285,58506.71484375,395056,0.0,0.0
2021-05-13 00:00:00+09:00,58506.715794270836,60085.3118359375,57520.09326822917,59197.3515625,243930,0.0,0.0
2021-05-14 00:00:00+09:00,59887.9854966611,59887.9854966611,58408.051752921536,59098.6875,156535,0.0,0.0
2021-05-17 00:00:00+09:00,60282.63561789773,66301.03295454546,59986.648863636365,65117.0859375,1429921,0.0,0.0
2021-05-18 00:00:00+09:00,64623.773158057455,66103.70689450152,64130.4619125761,64821.09765625,307189,0.0,0.0
2021-05-20 00:00:00+09:00,64821.09918323864,65610.39719460228,63143.84090909091,65117.0859375,208273,0.0,0.0
2021-05-21 00:00:00+09:00,64722.439544392524,65215.75082140771,63341.16796875,63341.16796875,166250,0.0,0.0
2021-05-24 00:00:00+09:00,62157.219694368134,63637.15349661499,60973.272652570646,62847.85546875,102887,0.0,0.0
2021-05-25 00:00:00+09:00,62650.52581018519,67780.96256944444,62650.52581018519,66597.015625,601420,0.0,0.0
2021-05-26 00:00:00+09:00,66794.34854694486,67583.646609538,65906.38822652758,66202.375,212754,0.0,0.0
2021-05-27 00:00:00+09:00,67287.6616560219,67583.6484375,66103.71453010949,67583.6484375,256940,0.0,0.0
2021-05-28 00:00:00+09:00,66103.70689450152,66399.69364179033,63637.15066709475,64821.09765625,338953,0.0,0.0
2021-05-31 00:00:00+09:00,64327.791493580065,65511.73857628399,64229.129236688066,65314.4140625,159044,0.0,0.0
2021-06-01 00:00:00+09:00,65610.39381073743,65807.7183034013,64722.43359375,64722.43359375,120028,0.0,0.0
2021-06-02 00:00:00+09:00,66005.0499621077,69556.89121567404,65709.06319097718,69162.2421875,617560,0.0,0.0
2021-06-03 00:00:00+09:00,68570.27043269231,70148.86658653847,67682.31009615384,69260.90625,235901,0.0,0.0
2021-06-04 00:00:00+09:00,68274.28365384616,71332.81370192308,67682.31009615384,70543.515625,282177,0.0,0.0
2021-06-07 00:00:00+09:00,70642.17788461539,71036.82692307692,68570.27043269231,70543.515625,188625,0.0,0.0
2021-06-08 00:00:00+09:00,70148.86005859375,72220.76731770833,70148.86005859375,71036.8203125,206101,0.0,0.0
2021-06-09 00:00:00+09:00,71924.78608978637,74391.3425400534,70938.16350967957,73898.03125,344021,0.0,0.0
2021-06-10 00:00:00+09:00,73898.02062147997,78831.1328125,73108.72267091677,78831.1328125,761888,0.0,0.0
2021-06-11 00:00:00+09:00,77647.20071202533,78929.81012658228,75969.94224683545,77943.1875,317845,0.0,0.0
2021-06-14 00:00:00+09:00,76956.56187080537,77943.18445889262,72615.42248322148,73503.3828125,368225,0.0,0.0
2021-06-15 00:00:00+09:00,72615.41768292683,74095.35146722561,72023.44416920732,72812.7421875,152831,0.0,0.0
2021-06-16 00:00:00+09:00,72122.10632543103,73700.70235991379,71431.47056034482,71530.1328125,177762,0.0,0.0
2021-06-17 00:00:00+09:00,70543.51621849102,72418.09916695442,70247.52943715469,71431.4765625,143434,0.0,0.0
2021-06-18 00:00:00+09:00,70740.8290005388,71530.126953125,68668.921875,68668.921875,422510,0.0,0.0
2021-06-21 00:00:00+09:00,68274.2776268116,68866.25113224637,66301.03260869565,68076.953125,193968,0.0,0.0
2021-06-22 00:00:00+09:00,68471.59663846434,69458.21906841338,67583.63645151019,67780.9609375,124582,0.0,0.0
2021-06-23 00:00:00+09:00,67978.28280788405,68076.94504708271,65610.38906711596,66794.3359375,211119,0.0,0.0
2021-06-24 00:00:00+09:00,66103.7039368411,66301.02842620482,65117.08149002259,65511.73046875,166793,0.0,0.0
2021-06-25 00:00:00+09:00,65314.41352172312,67780.96992360089,65215.75126564801,66991.671875,135133,0.0,0.0
2021-06-28 00:00:00+09:00,66794.34421164772,66794.34421164772,64722.436931818185,65117.0859375,151654,0.0,0.0
2021-06-29 00:00:00+09:00,65511.73857628399,65610.40083317598,64623.77826425604,65314.4140625,88790,0.0,0.0
2021-06-30 00:00:00+09:00,65117.0859375,65610.39719460228,64623.77468039773,65117.0859375,74101,0.0,0.0
2021-07-01 00:00:00+09:00,65610.39381073743,65807.7183034013,64426.44685475419,64722.43359375,98613,0.0,0.0
2021-07-02 00:00:00+09:00,64130.46066190567,65215.74538079946,64031.79841473351,64327.78515625,66518,0.0,0.0
2021-07-05 00:00:00+09:00,64130.46244034508,67879.62793685756,64130.46244034508,67188.9921875,176273,0.0,0.0
2021-07-06 00:00:00+09:00,67188.99819623162,68471.60755974265,66893.01142003677,67090.3359375,108450,0.0,0.0
2021-07-07 00:00:00+09:00,66202.37620192308,66893.01201923077,65314.41586538462,65413.078125,87911,0.0,0.0
2021-07-08 00:00:00+09:00,64722.43682380216,66005.04609012751,63834.4765625,63834.4765625,132818,0.0,0.0
2021-07-09 00:00:00+09:00,63242.50469754823,63242.50469754823,60282.63708299839,61367.921875,199667,0.0,0.0
2021-07-12 00:00:00+09:00,62058.55268094604,65413.06904207826,61466.57920545212,64919.7578125,126977,0.0,0.0
2021-07-13 00:00:00+09:00,65018.42454486812,65511.73580848624,64327.78877580276,64525.11328125,76268,0.0,0.0
2021-07-14 00:00:00+09:00,63637.15444244953,64426.4524820458,63143.84316770186,63538.4921875,55922,0.0,0.0
2021-07-15 00:00:00+09:00,64426.45189525463,64525.114149305555,63341.167100694445,63933.140625,59636,0.0,0.0
2021-07-16 00:00:00+09:00,63341.16830972435,65018.4266606049,62453.208006317,64426.453125,88599,0.0,0.0
2021-07-19 00:00:00+09:00,63637.15566015023,65413.07628322419,63143.84437596302,64031.8046875,68707,0.0,0.0
2021-07-20 00:00:00+09:00,63637.1510925293,64229.12459106446,62749.19084472657,63143.83984375,80174,0.0,0.0
2021-07-21 00:00:00+09:00,63538.489808732615,65018.423577569556,63143.840803709434,63834.4765625,73330,0.0,0.0
2021-07-22 00:00:00+09:00,64426.44906671033,66498.35631081587,64031.800067833086,65906.3828125,162977,0.0,0.0
2021-07-23 00:00:00+09:00,65906.3864272388,66301.03544776118,65117.088386194024,66103.7109375,88161,0.0,0.0
2021-07-26 00:00:00+09:00,66202.37437452795,66498.36114520393,65117.089548716016,65314.4140625,74629,0.0,0.0
2021-07-27 00:00:00+09:00,65709.05831306138,67583.6410577283,65610.39606334206,65906.3828125,94282,0.0,0.0
2021-07-28 00:00:00+09:00,66991.66882197252,66991.66882197252,65413.072796712484,66399.6953125,70875,0.0,0.0
2021-07-29 00:00:00+09:00,66202.371379858,66991.66939928998,66005.046875,66005.046875,54654,0.0,0.0
2021-07-30 00:00:00+09:00,65709.06090144231,65709.06090144231,63538.491322115384,64130.46484375,118833,0.0,0.0
2021-08-02 00:00:00+09:00,65018.425126201924,65215.74963341346,64130.46484375,64130.46484375,56093,0.0,0.0
2021-08-03 00:00:00+09:00,62650.52776702786,64426.448239164085,61861.22977941176,63735.8125,83556,0.0,0.0
2021-08-04 00:00:00+09:00,63242.49884106739,66103.7039368411,63242.49884106739,65511.73046875,123839,0.0,0.0
2021-08-05 00:00:00+09:00,64821.09710074698,66103.70632800681,64722.43485249622,65215.74609375,91940,0.0,0.0
2021-08-06 00:00:00+09:00,66103.7109375,66498.35995802238,65413.07515158582,66103.7109375,69915,0.0,0.0
2021-08-09 00:00:00+09:00,65314.4140625,66103.71211763595,64229.129236688066,65314.4140625,70835,0.0,0.0
2021-08-10 00:00:00+09:00,64426.45083613603,66005.046875,64426.45083613603,66005.046875,71897,0.0,0.0
2021-08-11 00:00:00+09:00,65906.3794474774,66498.35291556852,65215.74373470444,65511.73046875,75552,0.0,0.0
2021-08-12 00:00:00+09:00,66498.35745738637,67287.65546875,64229.12567471591,65117.0859375,150740,0.0,0.0
2021-08-13 00:00:00+09:00,66103.70646284829,66103.70646284829,63341.16350619195,63735.8125,106961,0.0,0.0
2021-08-17 00:00:00+09:00,64130.46565471474,64525.114674128374,62058.558302793186,62255.8828125,99127,0.0,0.0
2021-08-18 00:00:00+09:00,60874.60511755718,63735.81022032729,60874.60511755718,62551.86328125,103796,0.0,0.0
2021-08-19 00:00:00+09:00,61466.58219829358,61959.89345189145,59986.6484375,59986.6484375,125221,0.0,0.0
2021-08-20 00:00:00+09:00,59690.662825520834,60874.60985677083,58901.3648046875,59197.3515625,91610,0.0,0.0
2021-08-23 00:00:00+09:00,59394.67196180556,63538.486284722225,59394.67196180556,62157.21484375,140283,0.0,0.0
2021-08-24 00:00:00+09:00,62354.540894478065,66005.04407975606,62354.540894478065,65215.74609375,146745,0.0,0.0
2021-08-25 00:00:00+09:00,65215.74373470444,67583.6376070689,65117.08149002259,65511.73046875,175346,0.0,0.0
2021-08-26 00:00:00+09:00,65413.06904207826,66399.6915012348,64031.79759925912,64919.7578125,73740,0.0,0.0
2021-08-27 00:00:00+09:00,64919.76143465909,66103.70845170454,64525.11242897728,65117.0859375,74390,0.0,0.0
2021-08-30 00:00:00+09:00,66103.7039368411,67188.9886283415,65511.73046875,65511.73046875,73194,0.0,0.0
2021-08-31 00:00:00+09:00,65215.74637234447,65807.71986437785,64525.11063163885,65018.421875,91346,0.0,0.0
2021-09-01 00:00:00+09:00,64525.114855410444,66597.02221315299,64525.114855410444,66103.7109375,93248,0.0,0.0
2021-09-02 00:00:00+09:00,65807.71802574088,66893.00273081307,64722.433320668686,64919.7578125,75800,0.0,0.0
2021-09-03 00:00:00+09:00,64919.758639282976,65807.71886383244,64327.78515625,64327.78515625,62294,0.0,0.0
2021-09-06 00:00:00+09:00,64327.78877580276,64821.100039420875,63439.82850129014,64525.11328125,60858,0.0,0.0
2021-09-07 00:00:00+09:00,64229.12614210731,64919.76190707621,63143.84136858476,63439.828125,375767,0.0,0.0
2021-09-08 00:00:00+09:00,62650.529723348496,64130.463496340984,62255.880717217166,62354.54296875,89037,0.0,0.0
2021-09-09 00:00:00+09:00,61959.895690524194,62453.206961945565,61170.59765625,61170.59765625,118580,0.0,0.0
2021-09-10 00:00:00+09:00,61565.24552149682,63045.17930807126,61466.58326905852,61959.89453125,90856,0.0,0.0
2021-09-13 00:00:00+09:00,61565.24702852615,62650.531831913635,61170.598009112524,62255.8828125,74340,0.0,0.0
2021-09-14 00:00:00+09:00,62255.88054240726,64919.76132631376,62255.88054240726,63834.4765625,130622,0.0,0.0
2021-09-15 00:00:00+09:00,63341.167677600926,64426.4524820458,62946.51865780279,63538.4921875,84642,0.0,0.0
2021-09-16 00:00:00+09:00,63439.83046750398,64031.80400219298,61861.234375,61861.234375,92601,0.0,0.0
2021-09-17 00:00:00+09:00,61959.893,63045.177749999995,61565.244,61663.90625,141549,0.0,0.0
2021-09-23 00:00:00+09:00,61466.57858709582,63242.49899571175,60578.618382787856,62551.86328125,135968,0.0,0.0
2021-09-24 00:00:00+09:00,63143.83730158731,63439.824038938496,61663.90361483135,62157.21484375,85042,0.0,0.0
2021-09-27 00:00:00+09:00,61466.585351874,63143.84370015949,61466.585351874,61861.234375,63588,0.0,0.0
2021-09-28 00:00:00+09:00,61269.25544621394,61861.228928786055,60775.94421073718,61565.2421875,86614,0.0,0.0
2021-09-29 00:00:00+09:00,61466.57903343024,61565.24127906977,58802.698401162794,59394.671875,157486,0.0,0.0
2021-09-30 00:00:00+09:00,59000.02537785948,60381.296875,59000.02537785948,60381.296875,76003,0.0,0.0
2021-10-01 00:00:00+09:00,59296.01228145938,59986.648031825796,58704.03878114531,58901.36328125,97086,0.0,0.0
2021-10-05 00:00:00+09:00,58901.36509066681,61071.93465849708,58704.04058450042,59000.02734375,107222,0.0,0.0
2021-10-06 00:00:00+09:00,59000.02746710527,59493.338733552635,56237.484375,56237.484375,144830,0.0,0.0
2021-10-07 00:00:00+09:00,57717.41587563993,58408.051621160404,56928.11788075938,57816.078125,73938,0.0,0.0
2021-10-08 00:00:00+09:00,57125.44678849956,57421.433559424426,55941.49970480009,56138.82421875,113183,0.0,0.0
2021-10-12 00:00:00+09:00,57125.447699267315,57520.09673345915,55152.20252830817,55546.8515625,81725,0.0,0.0
2021-10-13 00:00:00+09:00,55546.85067690026,57026.78453152461,55448.18841992531,56138.82421875,83787,0.0,0.0
2021-10-14 00:00:00+09:00,56040.15856871838,58506.71484375,56040.15856871838,58506.71484375,124770,0.0,0.0
2021-10-15 00:00:00+09:00,58013.405381944445,59690.66370081018,58013.405381944445,58605.37890625,84611,0.0,0.0
2021-10-18 00:00:00+09:00,58309.3920705142,59296.014609778395,57026.78276947074,57322.76953125,85344,0.0,0.0
2021-10-19 00:00:00+09:00,57421.42842829289,58408.050909878686,56730.79269118284,56928.1171875,84353,0.0,0.0
2021-10-20 00:00:00+09:00,57026.782401315795,57421.431414473685,55941.49761513158,56237.484375,68041,0.0,0.0
2021-10-21 00:00:00+09:00,55448.1848407187,57322.767602237655,55448.1848407187,55941.49609375,61426,0.0,0.0
2021-10-22 00:00:00+09:00,55448.18512168142,56730.79438606194,55448.18512168142,55744.171875,55450,0.0,0.0
2021-10-25 00:00:00+09:00,55250.859511343806,57224.1044938918,55250.859511343806,56533.46875,57416,0.0,0.0
2021-10-26 00:00:00+09:00,57618.75292461005,57618.75292461005,56237.48145038995,56928.1171875,690985,0.0,0.0
2021-10-27 00:00:00+09:00,56632.13309932256,57125.44436325393,55842.835077032345,56434.80859375,55365,0.0,0.0
2021-10-28 00:00:00+09:00,56632.135503624784,56632.135503624784,55744.175190850176,56138.82421875,54992,0.0,0.0
2021-10-29 00:00:00+09:00,55645.5100935219,56533.47036097172,53573.60280280566,54066.9140625,130967,0.0,0.0
2021-11-01 00:00:00+09:00,54461.560135135136,55941.493834459456,54362.897888513515,54757.546875,58613,0.0,0.0
2021-11-02 00:00:00+09:00,54362.89926919721,57717.41573952879,54362.89926919721,56533.46875,110509,0.0,0.0
2021-11-03 00:00:00+09:00,55645.513821047956,57125.447699267315,54954.878011212255,55546.8515625,62823,0.0,0.0
2021-11-04 00:00:00+09:00,55645.50753643992,57224.10349492049,55645.50753643992,55842.83203125,58146,0.0,0.0
2021-11-05 00:00:00+09:00,56632.13213495575,57026.78113938053,55053.53611725663,55744.171875,58832,0.0,0.0
2021-11-08 00:00:00+09:00,56237.484375,57125.444654605264,55448.18634868421,56237.484375,63186,0.0,0.0
2021-11-09 00:00:00+09:00,55941.4951171875,58013.40234375,55941.4951171875,58013.40234375,88760,0.0,0.0
2021-11-10 00:00:00+09:00,57322.76715673159,58210.727405286816,56829.45590753425,57618.75390625,70248,0.0,0.0
2021-11-11 00:00:00+09:00,56632.130999127396,57520.09124127399,55842.8330061082,56533.46875,67799,0.0,0.0
2021-11-12 00:00:00+09:00,55349.5241745283,57717.41825686106,55349.5241745283,57520.09375,44380,0.0,0.0
2021-11-15 00:00:00+09:00,56829.4576923077,57816.08022168803,56730.79543936966,57717.41796875,48238,0.0,0.0
2021-11-16 00:00:00+09:00,56928.11928304037,57914.741800944015,56730.79477945964,56829.45703125,47678,0.0,0.0
2021-11-17 00:00:00+09:00,55448.188088037634,56336.14839549731,54954.876806115586,55053.5390625,79864,0.0,0.0
2021-11-18 00:00:00+09:00,54560.22532219435,54954.87432994982,53968.25181056113,54066.9140625,58231,0.0,0.0
2021-11-19 00:00:00+09:00,53376.27829892792,54658.887574133216,53277.61604698905,54066.9140625,52605,0.0,0.0
2021-11-22 00:00:00+09:00,53376.274981330425,54560.22193100873,53277.6127355239,53672.26171875,79534,0.0,0.0
2021-11-23 00:00:00+09:00,52882.96581491713,54165.57506042818,52586.97906595304,53573.6015625,73299,0.0,0.0
2021-11-24 00:00:00+09:00,53672.2638121547,54362.89955973757,53178.95256388121,53573.6015625,60495,0.0,0.0
2021-11-25 00:00:00+09:00,53277.61328125,54066.91125578704,52882.96429398148,53277.61328125,54777,0.0,0.0
2021-11-26 00:00:00+09:00,52981.627219289825,53474.938459692894,51205.70675383877,51403.03125,89770,0.0,0.0
2021-11-29 00:00:00+09:00,50317.74625059751,56237.48110360899,49331.123775095606,51600.35546875,119429,0.0,0.0
2021-11-30 00:00:00+09:00,51304.369419642855,53968.25013950893,51304.369419642855,52488.31640625,116087,0.0,0.0
2021-12-01 00:00:00+09:00,51797.679476351346,55152.195861486485,51797.679476351346,54757.546875,120320,0.0,0.0
2021-12-02 00:00:00+09:00,53376.27677792321,56730.7932482548,53376.27677792321,56533.46875,89519,0.0,0.0
2021-12-03 00:00:00+09:00,56533.471215694684,58506.716284305316,56336.14670883362,57520.09375,112287,0.0,0.0
2021-12-06 00:00:00+09:00,58506.71456144958,59789.32381827731,56533.469550945374,58704.0390625,135511,0.0,0.0
2021-12-07 00:00:00+09:00,58901.36108916191,61466.57949505506,58408.049857259386,60479.95703125,146198,0.0,0.0
2021-12-08 00:00:00+09:00,60775.946944224685,62650.529723348496,60578.62244115902,62354.54296875,140046,0.0,0.0
2021-12-09 00:00:00+09:00,62354.54575038285,64426.453125,62354.54575038285,64426.453125,204933,0.0,0.0
2021-12-10 00:00:00+09:00,64229.12556752319,65511.73483384853,63439.82755747682,63834.4765625,126740,0.0,0.0
2021-12-13 00:00:00+09:00,63735.814881415245,64525.11289852255,61565.24533437014,63439.828125,72295,0.0,0.0
2021-12-14 00:00:00+09:00,62551.86870830063,64031.80251054749,62453.206454817504,62847.85546875,54075,0.0,0.0
2021-12-15 00:00:00+09:00,63045.17505580357,63045.17505580357,62058.55259796627,62157.21484375,42636,0.0,0.0
2021-12-16 00:00:00+09:00,61959.89035218254,63735.81077628968,61565.241369047624,62157.21484375,48344,0.0,0.0
2021-12-17 00:00:00+09:00,62157.217346191406,63637.1510925293,61959.892846679686,63143.83984375,61809,0.0,0.0
2021-12-20 00:00:00+09:00,62551.86465845352,62650.526905548875,60578.61971654648,61565.2421875,54924,0.0,0.0
2021-12-21 00:00:00+09:00,61861.234375,63143.84370015949,61663.909863436995,61861.234375,63319,0.0,0.0
2021-12-22 00:00:00+09:00,62058.558886563,62453.207909688994,61466.585351874,61861.234375,36518,0.0,0.0
2021-12-23 00:00:00+09:00,61565.244201030924,61565.244201030924,54264.23767719072,57421.4296875,428170,0.0,0.0
2021-12-24 00:00:00+09:00,56730.79506478658,57914.742092225606,56237.48380335366,56632.1328125,88389,0.0,0.0
2021-12-27 00:00:00+09:00,56632.1312801007,57224.1047778021,55448.1842846979,56336.14453125,80418,0.0,0.0
2021-12-28 00:00:00+09:00,59197.35137195122,61762.56993140244,57421.43083079268,60677.28515625,179563,0.0,0.0
2021-12-29 00:00:00+09:00,61367.92275010146,63143.843344155845,59592.00215604708,60775.94921875,136064,0.0,0.0
2021-12-30 00:00:00+09:00,58506.71385764454,62255.87933250203,58506.71385764454,60578.62109375,77643,0.0,0.0
2022-01-04 00:00:00+09:00,60874.60927152318,61367.920529801326,59296.013245033115,59592.0,61275,0.0,0.0
2022-01-05 00:00:00+09:00,58605.37824519231,59296.01401575855,57520.093462873934,57717.41796875,89604,0.0,0.0
2022-01-06 00:00:00+09:00,58112.06388304188,58605.37512143782,57026.77915857081,57125.44140625,63488,0.0,0.0
2022-01-07 00:00:00+09:00,55349.52215994221,58309.38965512628,55250.859910102736,57618.75390625,54262,0.0,0.0
2022-01-10 00:00:00+09:00,57224.10518685567,58506.71444104381,56632.13168492268,57421.4296875,45976,0.0,0.0
2022-01-11 00:00:00+09:00,56138.82155106707,58112.06659679878,56138.82155106707,56632.1328125,52905,0.0,0.0
2022-01-12 00:00:00+09:00,56434.805672495684,58112.06388304188,56434.805672495684,57125.44140625,57938,0.0,0.0
2022-01-13 00:00:00+09:00,57125.44153091755,58605.375249335106,55448.18331671099,55645.5078125,143635,0.0,0.0
2022-01-14 00:00:00+09:00,56040.159582604894,57224.10661604021,54954.874801955855,56434.80859375,81583,0.0,0.0
2022-01-17 00:00:00+09:00,55645.50753643992,56829.45450530035,55250.858546819785,55842.83203125,59287,0.0,0.0
2022-01-18 00:00:00+09:00,55941.4951171875,56434.806361607145,54560.2236328125,55250.859375,217118,0.0,0.0
2022-01-19 00:00:00+09:00,55250.85882092198,57125.44153091755,54658.885333554965,55645.5078125,87627,0.0,0.0
2022-01-20 00:00:00+09:00,56434.81098967487,56829.4600175747,55744.175190850176,56138.82421875,50516,0.0,0.0
2022-01-21 00:00:00+09:00,55448.18568961675,55941.49695020053,55053.53668114973,55349.5234375,55268,0.0,0.0
2022-01-24 00:00:00+09:00,56138.818894623415,56237.481142241384,53869.58719941016,54362.8984375,77888,0.0,0.0
2022-01-25 00:00:00+09:00,53080.28961844569,54856.21008895131,52685.640625,52685.640625,82799,0.0,0.0
2022-01-26 00:00:00+09:00,52685.640625,52685.640625,52685.640625,52685.640625,0,0.0,0.0
2022-01-27 00:00:00+09:00,55744.168786337206,56040.15552325582,50909.71875,50909.71875,113922,0.0,0.0
2022-01-28 00:00:00+09:00,51008.38349572243,52192.33050142586,50120.42324144487,51896.34375,91437,0.0,0.0
2022-02-03 00:00:00+09:00,51403.029623006565,53474.936767120074,51304.36737804878,52586.9765625,106082,0.0,0.0
2022-02-04 00:00:00+09:00,53770.92467930606,55152.19613895795,52784.30220812613,54560.22265625,234246,0.0,0.0
2022-02-07 00:00:00+09:00,53376.27867145572,55448.185976632376,52784.30515569096,55152.19921875,90960,0.0,0.0
2022-02-08 00:00:00+09:00,55152.19921875,55152.19921875,55152.19921875,55152.19921875,0,0.0,0.0
2022-02-09 00:00:00+09:00,55152.19921875,55152.19921875,55152.19921875,55152.19921875,0,0.0,0.0
2022-02-10 00:00:00+09:00,57026.78182164634,57914.742092225606,56336.14605564024,56632.1328125,103687,0.0,0.0
2022-02-11 00:00:00+09:00,55645.51293387522,56928.12227454965,55546.85067690026,56138.82421875,68278,0.0,0.0
2022-02-14 00:00:00+09:00,57520.0915266528,57520.0915266528,54856.2107869965,56336.14453125,64088,0.0,0.0
2022-02-15 00:00:00+09:00,56138.82105823864,56730.79456676137,53672.26477272728,54264.23828125,315296,0.0,0.0
2022-02-16 00:00:00+09:00,54757.550493716335,55645.51077199282,54264.23922800718,54954.875,74051,0.0,0.0
2022-02-17 00:00:00+09:00,55152.19669996585,55645.50794057377,53376.27623377732,54165.57421875,176470,0.0,0.0
2022-02-18 00:00:00+09:00,54066.91377840909,54560.225035511365,53474.94026988636,54264.23828125,60155,0.0,0.0
2022-02-21 00:00:00+09:00,54264.23828125,54264.23828125,54264.23828125,54264.23828125,0,0.0,0.0
2022-02-22 00:00:00+09:00,54264.23828125,54264.23828125,54264.23828125,54264.23828125,0,0.0,0.0
2022-02-23 00:00:00+09:00,54264.23828125,54264.23828125,54264.23828125,54264.23828125,0,0.0,0.0
2022-02-24 00:00:00+09:00,53573.60029914033,54165.57378310873,52784.302320515795,53080.2890625,89348,0.0,0.0
2022-02-25 00:00:00+09:00,53178.950032246714,53573.59901207786,52093.66533771107,52586.9765625,99980,0.0,0.0
2022-02-28 00:00:00+09:00,52586.9765625,52586.9765625,52586.9765625,52586.9765625,0,0.0,0.0
2022-03-02 00:00:00+09:00,51699.0234375,52389.659246779585,51403.03666209447,51699.0234375,74122,0.0,0.0
2022-03-03 00:00:00+09:00,51403.03249762358,52685.64175380228,51304.37024714829,51896.34375,75247,0.0,0.0
2022-03-04 00:00:00+09:00,51896.34375,51896.34375,51896.34375,51896.34375,0,0.0,0.0
2022-03-07 00:00:00+09:00,51304.37070235756,51995.00646181238,49923.099183447936,50219.0859375,80456,0.0,0.0
2022-03-08 00:00:00+09:00,50021.76441110558,50317.75118276892,49232.466353336655,49528.453125,58634,0.0,0.0
2022-03-10 00:00:00+09:00,49528.453125,49528.453125,49528.453125,49528.453125,0,0.0,0.0
2022-03-11 00:00:00+09:00,49528.453125,49528.453125,49528.453125,49528.453125,0,0.0,0.0
2022-03-14 00:00:00+09:00,52192.32895405115,52784.302439352294,51107.04423099905,51600.35546875,52533,0.0,0.0
2022-03-15 00:00:00+09:00,51600.35546875,51600.35546875,51600.35546875,51600.35546875,0,0.0,0.0
2022-03-16 00:00:00+09:00,51600.35546875,51600.35546875,51600.35546875,51600.35546875,0,0.0,0.0
2022-03-17 00:00:00+09:00,51600.35546875,51600.35546875,51600.35546875,51600.35546875,0,0.0,0.0
2022-03-18 00:00:00+09:00,54658.887491861984,56928.11928304037,53968.25172932943,56829.45703125,175040,0.0,0.0
2022-03-21 00:00:00+09:00,56829.45703125,56829.45703125,56829.45703125,56829.45703125,0,0.0,0.0
2022-03-22 00:00:00+09:00,59296.009629360466,60381.29433139535,59197.34738372093,59394.671875,79860,0.0,0.0
2022-03-23 00:00:00+09:00,59493.3376427665,60183.97340313029,57618.754864636205,58309.390625,129964,0.0,0.0
2022-03-24 00:00:00+09:00,57520.09457953645,62847.85634162045,57421.432324683046,62255.8828125,398342,0.0,0.0
2022-03-25 00:00:00+09:00,62255.87959594727,63933.13784179687,61565.24384765625,63143.83984375,301471,0.0,0.0
2022-03-28 00:00:00+09:00,63045.180338541664,64821.10091145833,57717.418619791664,58605.37890625,624146,0.0,0.0
2022-03-29 00:00:00+09:00,58605.37938292393,62551.86957706023,57816.081344096674,62255.8828125,486158,0.0,0.0
2022-03-30 00:00:00+09:00,61663.90863645498,62749.19342845659,60183.974829180064,61367.921875,207201,0.0,0.0
2022-03-31 00:00:00+09:00,60085.31108011914,61466.58259920234,59098.68856648829,61071.93359375,189034,0.0,0.0
2022-04-01 00:00:00+09:00,59592.00047273089,62847.85480319467,59592.00047273089,61959.89453125,204323,0.0,0.0
2022-04-04 00:00:00+09:00,62354.5438298722,62847.85509434904,61466.58355381389,61762.5703125,86335,0.0,0.0
2022-04-05 00:00:00+09:00,61959.893568840576,62157.218070652176,60381.297554347824,61269.2578125,83694,0.0,0.0
2022-04-06 00:00:00+09:00,61663.90443459535,62354.54016426282,60282.632975260414,61565.2421875,101855,0.0,0.0
2022-04-07 00:00:00+09:00,60578.62347841653,61170.596997749584,59690.66319941694,60282.63671875,87598,0.0,0.0
2022-04-08 00:00:00+09:00,60085.31012561274,61071.93262357026,59197.34987745098,60381.296875,73806,0.0,0.0
2022-04-11 00:00:00+09:00,59789.325078125,60874.60985677083,59000.02705729166,59197.3515625,56363,0.0,0.0
2022-04-12 00:00:00+09:00,59592.00115352349,59690.66340708893,58013.40509647651,58802.703125,51241,0.0,0.0
2022-04-13 00:00:00+09:00,59197.348640856675,59986.64662273476,58112.0639157743,59887.984375,54338,0.0,0.0
2022-04-14 00:00:00+09:00,60085.31203926282,60381.298798076925,55152.199392361115,57717.41796875,659649,0.0,0.0
2022-04-15 00:00:00+09:00,56533.471215694684,58210.729524013725,56336.14670883362,57520.09375,99396,0.0,0.0
2022-04-18 00:00:00+09:00,57026.78125,58210.728265570935,56829.456747404845,57026.78125,72062,0.0,0.0
2022-04-19 00:00:00+09:00,56829.45466321243,57520.09039696675,56632.130167854055,57125.44140625,51887,0.0,0.0
2022-04-20 00:00:00+09:00,57125.44678849956,57125.44678849956,54757.552621100614,56138.82421875,88725,0.0,0.0
2022-04-21 00:00:00+09:00,56632.131963900865,57322.76771955819,56040.15845905172,57224.10546875,56084,0.0,0.0
2022-04-22 00:00:00+09:00,56237.4873723357,57125.447699267315,55448.189303952044,55546.8515625,70002,0.0,0.0
2022-04-25 00:00:00+09:00,54362.89871499316,55053.53445184426,54066.91197062841,54165.57421875,53467,0.0,0.0
2022-04-26 00:00:00+09:00,54165.57409408245,55842.832308289006,54066.91184618794,55645.5078125,58735,0.0,0.0
2022-04-27 00:00:00+09:00,54658.8882405745,55546.84851885099,54165.57697486535,54954.875,56978,0.0,0.0
2022-04-28 00:00:00+09:00,54954.87207723847,56237.48129986702,54560.22308566046,55645.5078125,55824,0.0,0.0
2022-04-29 00:00:00+09:00,54856.21024456522,56730.79296875,54856.21024456522,56730.79296875,61839,0.0,0.0
2022-05-02 00:00:00+09:00,55448.185785060974,57125.44407393292,55448.185785060974,56632.1328125,59559,0.0,0.0
2022-05-03 00:00:00+09:00,56336.146628289476,57520.09366776316,56237.484375,56237.484375,56976,0.0,0.0
2022-05-04 00:00:00+09:00,56040.15680407801,56632.130291445035,55448.18331671099,55645.5078125,35571,0.0,0.0
2022-05-06 00:00:00+09:00,55152.20252830817,55744.17607959591,54560.22897702043,55546.8515625,41782,0.0,0.0
2022-05-10 00:00:00+09:00,55349.523046875,55645.509801136366,52981.62901278409,54264.23828125,67051,0.0,0.0
2022-05-11 00:00:00+09:00,53672.26865008881,55546.8515625,53474.944132992896,55546.8515625,58037,0.0,0.0
2022-05-12 00:00:00+09:00,54658.88969664076,55250.86323126142,53376.28037162934,53968.25390625,66119,0.0,0.0
2022-05-13 00:00:00+09:00,55152.20131888441,55152.20131888441,53770.929729502684,55053.5390625,44024,0.0,0.0
2022-05-16 00:00:00+09:00,55448.182880311935,55546.84512742992,54264.23591489602,54560.22265625,266897,0.0,0.0
2022-05-17 00:00:00+09:00,54560.223358262905,55546.84584213746,54362.89886148799,55448.18359375,55603,0.0,0.0
2022-05-18 00:00:00+09:00,54954.876806115586,55842.83711357527,54461.565524193546,55053.5390625,42478,0.0,0.0
2022-05-19 00:00:00+09:00,53672.265913284136,54264.23943438653,53376.27915273293,53474.94140625,73530,0.0,0.0
2022-05-20 00:00:00+09:00,53869.59198588709,55053.5390625,53474.94296034946,55053.5390625,65868,0.0,0.0
2022-05-23 00:00:00+09:00,54658.88728693182,54954.87404119319,53869.589275568185,54264.23828125,44345,0.0,0.0
2022-05-24 00:00:00+09:00,53376.274981330425,54165.57294778263,53277.6127355239,53672.26171875,39114,0.0,0.0
2022-05-25 00:00:00+09:00,54264.23591489602,55349.52063319394,53376.27569083408,54560.22265625,63101,0.0,0.0
2022-05-26 00:00:00+09:00,53770.9264651963,55744.17147309341,53770.9264651963,54658.88671875,83518,0.0,0.0
2022-05-27 00:00:00+09:00,56040.157504363,57125.442244764396,54658.8860165794,56533.46875,112512,0.0,0.0
2022-05-30 00:00:00+09:00,56040.15834435626,57618.75435405644,55842.833843143744,55941.49609375,51321,0.0,0.0
2022-05-31 00:00:00+09:00,55744.1700603945,56632.130291445035,55250.85882092198,55645.5078125,73517,0.0,0.0
2022-06-02 00:00:00+09:00,54461.56138392857,55645.50837053572,54461.56138392857,55250.859375,82744,0.0,0.0
2022-06-03 00:00:00+09:00,55744.17263362436,58013.40443994889,55744.17263362436,57914.7421875,112161,0.0,0.0
2022-06-07 00:00:00+09:00,58802.70033482143,58802.70033482143,57125.442103794645,58013.40234375,95915,0.0,0.0
2022-06-08 00:00:00+09:00,57717.416557247896,59296.01256565126,57717.416557247896,58704.0390625,76732,0.0,0.0
2022-06-09 00:00:00+09:00,58112.067066001255,59197.35184991639,57816.080306751675,59000.02734375,173706,0.0,0.0
2022-06-10 00:00:00+09:00,58802.70236280488,60677.28515625,58704.04011051829,60677.28515625,135196,0.0,0.0
2022-06-13 00:00:00+09:00,60282.63478198283,61170.59503245394,58506.71428104062,58901.36328125,120995,0.0,0.0
2022-06-14 00:00:00+09:00,59690.6586119186,60578.61882267442,57717.41369912791,59394.671875,122764,0.0,0.0
2022-06-15 00:00:00+09:00,58802.698401162794,60183.96984011628,58704.03615552326,59394.671875,96076,0.0,0.0
2022-06-16 00:00:00+09:00,59690.66399651605,59690.66399651605,58408.0546875,58408.0546875,65321,0.0,0.0
2022-06-17 00:00:00+09:00,57914.74347882231,60085.31308109504,57717.41896952479,59690.6640625,89569,0.0,0.0
2022-06-20 00:00:00+09:00,60578.62194181743,60677.284192537,59197.35043174342,59986.6484375,72304,0.0,0.0
2022-06-21 00:00:00+09:00,60874.60511755718,63834.472465250394,59887.982668326105,62551.86328125,232328,0.0,0.0
2022-06-22 00:00:00+09:00,62354.54315235008,63045.17891511345,60874.609375,60874.609375,94491,0.0,0.0
2022-06-23 00:00:00+09:00,60578.62347841653,62650.53079608224,58309.39165430646,60282.63671875,175876,0.0,0.0
2022-06-24 00:00:00+09:00,60677.284588297654,62058.55610738086,59789.324326029884,61071.93359375,105368,0.0,0.0
2022-06-27 00:00:00+09:00,60677.283343088355,61959.89258448697,60085.309847058226,60578.62109375,73005,0.0,0.0
2022-06-28 00:00:00+09:00,59887.984798493126,61663.90527027711,59887.984798493126,60973.26953125,107451,0.0,0.0
2022-06-29 00:00:00+09:00,60973.27105978261,61466.58231431159,60381.297554347824,61269.2578125,77446,0.0,0.0
2022-06-30 00:00:00+09:00,61269.256276547334,62453.20325773665,60775.94503438511,60973.26953125,67236,0.0,0.0
2022-07-01 00:00:00+09:00,62847.85094438214,62847.85094438214,59098.685581922924,60479.95703125,85244,0.0,0.0
2022-07-04 00:00:00+09:00,60479.95925,61663.90625,59591.998999999996,61663.90625,72368,0.0,0.0
2022-07-05 00:00:00+09:00,62551.86707427536,62551.86707427536,60775.946557971016,61269.2578125,44298,0.0,0.0
2022-07-06 00:00:00+09:00,60085.31134033203,60677.28485107422,56434.80802408855,56829.45703125,202514,0.0,0.0
2022-07-07 00:00:00+09:00,58013.40248024127,59493.33621698212,56533.468743500416,59296.01171875,63720,0.0,0.0
2022-07-08 00:00:00+09:00,58013.405381944445,59493.33919270833,57618.75636574074,58605.37890625,64738,0.0,0.0
2022-07-11 00:00:00+09:00,58506.71541410229,59098.68892588073,57224.10613858234,58112.06640625,67740,0.0,0.0
2022-07-12 00:00:00+09:00,58112.065439755155,58112.065439755155,56336.14493395619,57421.4296875,62202,0.0,0.0
2022-07-13 00:00:00+09:00,58605.37890625,59098.69017650463,57816.08087384259,58605.37890625,50323,0.0,0.0
2022-07-14 00:00:00+09:00,57520.09439664274,59493.33948743666,57520.09439664274,58408.0546875,72530,0.0,0.0
2022-07-15 00:00:00+09:00,59394.67626869658,59493.338521634614,56237.484174679485,57717.41796875,90079,0.0,0.0
2022-07-18 00:00:00+09:00,57520.091937822166,58112.065439755155,56632.13168492268,57421.4296875,64457,0.0,0.0
2022-07-19 00:00:00+09:00,56730.79535210883,57717.417879971596,56040.159582604894,56434.80859375,58641,0.0,0.0
2022-07-20 00:00:00+09:00,56730.792415533244,57224.10365392919,56533.467920174866,57125.44140625,50089,0.0,0.0
2022-07-21 00:00:00+09:00,56434.80774221453,57520.09250648789,56434.80774221453,57026.78125,37717,0.0,0.0
2022-07-22 00:00:00+09:00,56434.80622282609,57618.75320652174,56434.80622282609,56730.79296875,35396,0.0,0.0
2022-07-25 00:00:00+09:00,56533.471215694684,57914.742763722126,56434.80896226415,57520.09375,41378,0.0,0.0
2022-07-26 00:00:00+09:00,56829.45493934142,57520.09067645147,56730.79269118284,56928.1171875,30729,0.0,0.0
2022-07-27 00:00:00+09:00,57421.42940657106,58605.37640464469,56237.48240849743,57618.75390625,47302,0.0,0.0
2022-07-28 00:00:00+09:00,56829.455357142855,58605.37583705357,56829.455357142855,58013.40234375,39609,0.0,0.0
2022-07-29 00:00:00+09:00,58901.3648046875,59493.3383203125,58013.40453125,59197.3515625,62593,0.0,0.0
2022-08-01 00:00:00+09:00,58210.72616350906,60479.95786140857,58210.72616350906,59887.984375,44255,0.0,0.0
2022-08-02 00:00:00+09:00,58802.70115266393,61170.59515881148,58802.70115266393,60183.97265625,69802,0.0,0.0
2022-08-03 00:00:00+09:00,59986.648,62157.2175,59986.648,61663.90625,85603,0.0,0.0
2022-08-04 00:00:00+09:00,61762.5666816907,62058.55342297676,61071.930952023235,61565.2421875,48920,0.0,0.0
2022-08-05 00:00:00+09:00,61663.906699732725,62551.866956208876,59887.98618678043,59986.6484375,67259,0.0,0.0
2022-08-08 00:00:00+09:00,59197.34738372093,60578.61882267442,58802.698401162794,59394.671875,52168,0.0,0.0
2022-08-09 00:00:00+09:00,59296.01296281972,60282.63547468028,59197.35071163366,59789.32421875,26705,0.0,0.0
2022-08-10 00:00:00+09:00,61170.593595551894,61565.24258649094,59296.01088859143,59887.984375,26663,0.0,0.0
2022-08-11 00:00:00+09:00,60085.310405993856,60578.62165727459,59493.33690445697,60183.97265625,46846,0.0,0.0
2022-08-12 00:00:00+09:00,60578.62010914333,60677.28235687809,59493.335384060956,59887.984375,29440,0.0,0.0
2022-08-16 00:00:00+09:00,59887.98618678043,60479.95969109786,59690.66168534128,59986.6484375,25574,0.0,0.0
2022-08-17 00:00:00+09:00,60677.283749999995,61959.893,60085.310249999995,61663.90625,68395,0.0,0.0
2022-08-18 00:00:00+09:00,60973.26953125,62255.87876087176,60677.28278595267,60973.26953125,57767,0.0,0.0
2022-08-19 00:00:00+09:00,60874.60840804304,61466.581909579916,59197.35015368852,60183.97265625,25700,0.0,0.0
2022-08-22 00:00:00+09:00,60085.3118359375,60085.3118359375,58704.040299479166,59197.3515625,32757,0.0,0.0
2022-08-23 00:00:00+09:00,59690.66115287885,59789.32340271832,57618.75390625,57618.75390625,55205,0.0,0.0
2022-08-24 00:00:00+09:00,57618.75390625,58506.71415480522,57322.76715673159,57618.75390625,56717,0.0,0.0
2022-08-25 00:00:00+09:00,57717.416156089464,58704.03865448416,57322.76715673159,57618.75390625,51653,0.0,0.0
2022-08-26 00:00:00+09:00,57618.75469265677,59887.986469936055,57322.767939098594,59789.32421875,10800220,0.0,0.0
2022-08-29 00:00:00+09:00,59197.349330357145,60381.29631696428,58013.40234375,58013.40234375,156543,0.0,0.0
2022-08-30 00:00:00+09:00,58210.72562210648,58210.72562210648,53080.28878761574,53277.61328125,385410,0.0,0.0
2022-08-31 00:00:00+09:00,53672.26396780303,53672.26396780303,51797.68121892756,52093.66796875,203385,0.0,0.0
2022-09-01 00:00:00+09:00,51797.68154649849,52093.66829819277,49084.46965596762,49133.80078125,331342,0.0,0.0
2022-09-02 00:00:00+09:00,49429.790210688596,49627.11472250771,47851.194116135666,47999.1875,169306,0.0,0.0
2022-09-05 00:00:00+09:00,47999.187121035444,48196.51163129664,45581.96187033582,46272.59765625,252630,0.0,0.0
2022-09-06 00:00:00+09:00,46371.256313131315,46420.587436868685,43904.70012626263,43954.03125,279323,0.0,0.0
2022-09-07 00:00:00+09:00,43904.699998099146,43904.699998099146,39563.5611218826,40550.18359375,541703,0.0,0.0
2022-09-08 00:00:00+09:00,40944.832862163814,41734.1308450489,40303.528251069685,40352.859375,222277,0.0,0.0
2022-09-13 00:00:00+09:00,40796.83866246235,42079.44785862199,40796.83866246235,40944.83203125,221158,0.0,0.0
2022-09-14 00:00:00+09:00,39859.54896867246,40155.53571843983,38626.27084464175,39760.88671875,256117,0.0,0.0
2022-09-15 00:00:00+09:00,39810.2153815316,40155.533234903,39119.579674788794,39415.56640625,160715,0.0,0.0
2022-09-16 00:00:00+09:00,38872.92514766922,39415.567503791506,38527.607284682315,38626.26953125,148884,0.0,0.0
2022-09-19 00:00:00+09:00,38626.27463942308,39415.572716346156,38626.27463942308,39119.5859375,139965,0.0,0.0
2022-09-20 00:00:00+09:00,40056.87680436118,40944.83712761056,39415.57212645884,40155.5390625,204598,0.0,0.0
2022-09-21 00:00:00+09:00,39464.89928909953,41684.79987411138,39316.905916765405,41635.46875,232284,0.0,0.0
2022-09-22 00:00:00+09:00,41043.49695121951,41734.132717225606,40303.53005907012,40451.5234375,140067,0.0,0.0
2022-09-23 00:00:00+09:00,40846.17016724246,40895.50129063285,38971.587478407666,39267.57421875,158473,0.0,0.0
2022-09-26 00:00:00+09:00,38626.27043805803,39563.561802455355,38527.608189174105,38675.6015625,176743,0.0,0.0
2022-09-27 00:00:00+09:00,38527.606662987215,40500.8515625,38527.606662987215,40500.8515625,210945,0.0,0.0
2022-09-28 00:00:00+09:00,39958.213647370845,40747.51169472632,38823.59770429735,40106.20703125,145955,0.0,0.0
2022-09-29 00:00:00+09:00,40402.19098964868,40796.839985884566,39218.24400094103,39316.90625,116666,0.0,0.0
2022-09-30 00:00:00+09:00,39662.22577811245,39662.22577811245,36702.358182730924,36850.3515625,204654,0.0,0.0
2022-10-04 00:00:00+09:00,37491.659810126584,39119.587143987344,36998.348496835446,38971.59375,126482,0.0,0.0
2022-10-05 00:00:00+09:00,39267.57866528354,39267.57866528354,34679.783670470264,35666.40625,315241,0.0,0.0
2022-10-06 00:00:00+09:00,36209.04334202557,36998.34128953567,35715.73212483176,36653.0234375,118694,0.0,0.0
2022-10-07 00:00:00+09:00,36159.713386824325,36949.011359797296,35913.05777027027,36505.03125,149722,0.0,0.0
2022-10-11 00:00:00+09:00,35518.40796897038,36702.35490126939,34778.4411362835,34975.765625,123302,0.0,0.0
2022-10-12 00:00:00+09:00,34581.121995192305,35370.42007211538,33989.1484375,35271.7578125,74999,0.0,0.0
2022-10-13 00:00:00+09:00,34926.43778852983,35271.75567626953,33643.82849121094,34729.11328125,87771,0.0,0.0
2022-10-14 00:00:00+09:00,34877.10546875,35469.07897034123,34778.44321848479,34877.10546875,94876,0.0,0.0
2022-10-17 00:00:00+09:00,34630.449843086986,35025.098844147804,33643.82734043493,34877.10546875,50762,0.0,0.0
2022-10-18 00:00:00+09:00,35321.084026377684,36801.01771463374,35321.084026377684,36702.35546875,73716,0.0,0.0
2022-10-19 00:00:00+09:00,37146.33827912126,37146.33827912126,36209.046875,36209.046875,58231,0.0,0.0
2022-10-20 00:00:00+09:00,35715.73738960598,36702.359969429344,35715.73738960598,36307.7109375,89956,0.0,0.0
2022-10-21 00:00:00+09:00,36357.03788006757,36899.680236486485,35814.39552364865,36505.03125,85357,0.0,0.0
2022-10-24 00:00:00+09:00,36899.6854011194,37886.30800542741,35765.069406165196,36357.04296875,107913,0.0,0.0
2022-10-25 00:00:00+09:00,36751.688125,37146.337125,35913.059,36998.34375,61479,0.0,0.0
2022-10-26 00:00:00+09:00,36702.36057692308,38774.268028846156,36702.36057692308,38478.28125,131449,0.0,0.0
2022-10-27 00:00:00+09:00,38872.927354399006,40254.19888475836,38576.94059789343,39810.21875,148735,0.0,0.0
2022-10-28 00:00:00+09:00,39316.90542432787,40352.8590176916,39316.90542432787,39908.87890625,93569,0.0,0.0
2022-10-31 00:00:00+09:00,39662.22320587312,40204.8655631674,39168.911971969224,39267.57421875,45373,0.0,0.0
2022-11-01 00:00:00+09:00,39612.893343866315,40352.86021828474,39020.919844331576,39760.88671875,56704,0.0,0.0
2022-11-02 00:00:00+09:00,39119.58120147516,40056.87255434783,39119.58120147516,39711.5546875,68220,0.0,0.0
2022-11-03 00:00:00+09:00,39267.57512547052,39810.217495294855,38379.61488393977,39316.90625,92014,0.0,0.0
2022-11-04 00:00:00+09:00,39119.58181905864,40944.83342978395,39119.58181905864,39958.2109375,61933,0.0,0.0
2022-11-07 00:00:00+09:00,39563.56283716091,40550.18535180333,39563.56283716091,40007.54296875,65230,0.0,0.0
2022-11-08 00:00:00+09:00,40402.1925982307,40895.503863166356,39810.2190803079,40254.19921875,187475,0.0,0.0
2022-11-09 00:00:00+09:00,40895.502656631565,40895.502656631565,40056.873530982906,40402.19140625,97661,0.0,0.0
2022-11-10 00:00:00+09:00,40796.841271685254,40944.83464993804,39810.21875,39810.21875,92286,0.0,0.0
2022-11-11 00:00:00+09:00,40550.18840647428,41388.817607094796,40451.52614757775,41240.82421875,394603,0.0,0.0
2022-11-14 00:00:00+09:00,41487.47767857143,41635.4710591133,40056.875,40056.875,120320,0.0,0.0
2022-11-15 00:00:00+09:00,40599.51681592988,40796.841320503045,39662.225419207316,40451.5234375,62897,0.0,0.0
2022-11-16 00:00:00+09:00,40747.5096240942,40994.165251358696,39760.88711503623,40846.171875,394770,0.0,0.0
2022-11-17 00:00:00+09:00,40994.1627873782,41635.467379719856,40352.85819503654,40500.8515625,93551,0.0,0.0
2022-11-18 00:00:00+09:00,40056.87409448212,40599.51647753545,39711.556214357275,40007.54296875,75961,0.0,0.0
2022-11-21 00:00:00+09:00,39958.211218594915,40007.542343556146,39020.919844331576,39760.88671875,79571,0.0,0.0
2022-11-22 00:00:00+09:00,40106.20668062579,40106.20668062579,38922.259619943114,39020.921875,53507,0.0,0.0
2022-11-23 00:00:00+09:00,38626.26872051887,39415.56667649371,38478.275353773584,39218.2421875,60070,0.0,0.0
2022-11-24 00:00:00+09:00,39415.572116885145,39859.552278402,38971.59195536829,39514.234375,47392,0.0,0.0
2022-11-25 00:00:00+09:00,39810.2153815316,39810.2153815316,38971.5863090582,39415.56640625,61678,0.0,0.0
2022-11-28 00:00:00+09:00,39119.587143987344,39316.9116693038,37590.32207278481,38971.59375,96746,0.0,0.0
2022-11-29 00:00:00+09:00,38971.58927592418,41191.48993088189,38774.264773261275,39366.23828125,183717,0.0,0.0
2022-11-30 00:00:00+09:00,39168.915600015374,40352.862671048584,38971.59108817651,40106.20703125,96820,0.0,0.0
2022-12-01 00:00:00+09:00,40056.87172965116,40402.189589389534,39810.21611555233,40303.52734375,60495,0.0,0.0
2022-12-02 00:00:00+09:00,40204.871098620635,40402.19561935006,39563.56640625,39563.56640625,53742,0.0,0.0
2022-12-05 00:00:00+09:00,39563.56068359375,40155.53416015625,39070.249453125,39464.8984375,48486,0.0,0.0
2022-12-06 00:00:00+09:00,38922.2584323835,39958.2120788728,38922.2584323835,39168.9140625,3387599,0.0,0.0
2022-12-07 00:00:00+09:00,39464.902022756,41388.81599636536,38872.92849241466,39020.921875,261962,0.0,0.0
2022-12-08 00:00:00+09:00,38823.59375525033,39070.249369959674,36357.03760815692,36702.35546875,306421,0.0,0.0
2022-12-09 00:00:00+09:00,36949.01152496736,37787.640625,36899.68040143603,37787.640625,168757,0.0,0.0
2022-12-12 00:00:00+09:00,38132.96191286132,40747.51169472632,37836.97514510302,40106.20703125,236546,0.0,0.0
2022-12-13 00:00:00+09:00,40648.8448329208,41092.82493425124,39267.57340655941,39859.546875,181732,0.0,0.0
2022-12-14 00:00:00+09:00,39859.547147077115,40451.52061955846,39464.898165422885,39662.22265625,89398,0.0,0.0
2022-12-15 00:00:00+09:00,39711.55303256202,39711.55303256202,38774.26171875,38774.26171875,64716,0.0,0.0
2022-12-16 00:00:00+09:00,38428.94440371948,38675.60001606684,37886.30205655527,38379.61328125,66901,0.0,0.0
2022-12-19 00:00:00+09:00,37935.63442358027,39020.91915351364,37738.30992722874,38872.92578125,35925,0.0,0.0
2022-12-20 00:00:00+09:00,39316.904608169985,39316.904608169985,38132.957668902636,38379.61328125,41681,0.0,0.0
2022-12-21 00:00:00+09:00,38823.59402438538,38872.92514766922,38182.2894216954,38626.26953125,29045,0.0,0.0
2022-12-22 00:00:00+09:00,38478.28125,39464.903846153844,38478.28125,39119.5859375,104112,0.0,0.0
2022-12-23 00:00:00+09:00,38971.588029425766,39316.905898040925,38576.93903672272,38872.92578125,61546,0.0,0.0
2022-12-26 00:00:00+09:00,38872.923962309156,39316.90405832538,38527.606109852095,38774.26171875,67058,0.0,0.0
2022-12-27 00:00:00+09:00,39366.23702212881,39464.89927030457,38478.27678854696,38872.92578125,103812,0.0,0.0
2022-12-28 00:00:00+09:00,38694.56427648579,38991.83365633075,37307.307170542634,38347.75,88570,170.0,0.0
2022-12-29 00:00:00+09:00,38000.93707756175,38446.84116321762,36663.22482059412,37109.12890625,86783,0.0,0.0
2023-01-02 00:00:00+09:00,37109.12599571078,37406.395362832634,35028.240425857846,35375.0546875,70100,0.0,0.0
2023-01-03 00:00:00+09:00,35275.96537739071,36415.497966828894,34086.887892759565,36266.86328125,129737,0.0,0.0
2023-01-04 00:00:00+09:00,35474.14848102368,36068.687282381616,35275.96888057103,35573.23828125,58156,0.0,0.0
2023-01-05 00:00:00+09:00,35573.238149578654,35920.05244908708,35077.7891502809,35275.96875,59055,0.0,0.0
2023-01-06 00:00:00+09:00,34929.1525895979,35771.41584353147,34730.973000437065,35424.6015625,65418,0.0,0.0
2023-01-09 00:00:00+09:00,36068.68594798658,37356.85330327181,35721.87166002517,36910.94921875,133503,0.0,0.0
2023-01-10 00:00:00+09:00,37158.67594615765,37852.304563819256,36811.861637326845,37555.03515625,89316,0.0,0.0
2023-01-11 00:00:00+09:00,38050.48226018397,38100.02715896025,37505.488373644876,37703.66796875,91677,0.0,0.0
2023-01-12 00:00:00+09:00,37852.300416666665,38000.93510416667,37158.671875,37158.671875,84864,0.0,0.0
2023-01-13 00:00:00+09:00,38149.572468709885,38793.65615974005,37703.66837491977,38595.4765625,105599,0.0,0.0
2023-01-16 00:00:00+09:00,38645.023674242424,39388.19720643939,38248.66445707071,39239.5625,68413,0.0,0.0
2023-01-17 00:00:00+09:00,39090.92802588619,40180.91587958644,38694.56880635883,39834.1015625,73042,0.0,0.0
2023-01-18 00:00:00+09:00,39834.09604498164,40577.26947865667,39635.9164626683,40478.1796875,70603,0.0,0.0
2023-01-19 00:00:00+09:00,40081.82430523524,40676.36310827952,39834.09980396679,40280.00390625,65308,0.0,0.0
2023-01-20 00:00:00+09:00,40081.8240874066,40527.728187266504,39635.9199875467,39784.5546875,66995,0.0,0.0
2023-01-25 00:00:00+09:00,39685.46488753113,40428.63838729764,39685.46488753113,39784.5546875,267,0.0,0.0
2023-01-26 00:00:00+09:00,39685.46697048611,40527.73031442901,39635.922067901236,40131.37109375,167,0.0,0.0
2023-01-27 00:00:00+09:00,39883.64321195162,41518.62485914964,39735.008516751805,41221.35546875,354,0.0,0.0
2023-01-30 00:00:00+09:00,41320.445123335354,41667.25941094128,40924.0859375,40924.0859375,90,0.0,0.0
2023-01-31 00:00:00+09:00,41419.536744505494,41667.26124656593,40428.63873626373,40577.2734375,147,0.0,0.0
2023-02-01 00:00:00+09:00,40428.63652537129,40676.36101388459,39834.09775293936,40032.27734375,93,0.0,0.0
2023-02-02 00:00:00+09:00,41072.72261373942,41320.44711683797,40478.1838063029,40973.6328125,38,0.0,0.0
2023-02-03 00:00:00+09:00,40676.36323832418,41221.357142857145,39982.734632554944,40577.2734375,174,0.0,0.0
2023-02-06 00:00:00+09:00,40379.090052589614,41469.07775953068,39735.00640757898,40775.44921875,141,0.0,0.0
2023-02-07 00:00:00+09:00,40676.36502218364,40874.544632523146,40131.37109375,40131.37109375,46,0.0,0.0
2023-02-08 00:00:00+09:00,40180.91222905178,40676.36120844822,39834.09794347426,40428.63671875,90,0.0,0.0
2023-02-09 00:00:00+09:00,40032.277487714986,40874.54075168919,39982.73258983415,40329.546875,340,0.0,0.0
2023-02-10 00:00:00+09:00,39784.55280707196,40329.54668114144,39437.7385235732,39933.1875,205,0.0,0.0
2023-02-13 00:00:00+09:00,39685.461202412145,40527.724423936495,39190.01224857429,40180.91015625,190,0.0,0.0
2023-02-14 00:00:00+09:00,40725.90851814516,42559.06985047043,40428.63911290323,41469.08203125,660,0.0,0.0
2023-02-15 00:00:00+09:00,41865.4406240343,41964.53042432787,40081.82421875,40081.82421875,297,0.0,0.0
2023-02-16 00:00:00+09:00,40280.00235316265,41469.07991340361,40180.9125564759,41122.265625,54,0.0,0.0
2023-02-17 00:00:00+09:00,40478.1796875,41122.26333001836,40131.365418451656,40478.1796875,35,0.0,0.0
2023-02-20 00:00:00+09:00,40379.09387846376,40775.45308217874,39586.375471033796,40676.36328125,60830,0.0,0.0
2023-02-21 00:00:00+09:00,40478.18152035868,40527.72641818042,39933.18764431958,40230.45703125,185,0.0,0.0
2023-02-22 00:00:00+09:00,39933.189119785085,39933.189119785085,39140.470725347666,39190.015625,344,0.0,0.0
2023-02-23 00:00:00+09:00,39140.46999962974,42113.16392365225,39140.46999962974,41815.89453125,178,0.0,0.0
2023-02-24 00:00:00+09:00,41320.442930213,44838.130517797086,41122.2633478139,44194.046875,916,0.0,0.0
2023-02-27 00:00:00+09:00,44045.41265024038,45085.85546875,42608.61066277472,45085.85546875,205761,0.0,0.0
2023-02-28 00:00:00+09:00,44689.49593680246,45234.48978969029,43896.77760532924,44392.2265625,106049,0.0,0.0
2023-03-02 00:00:00+09:00,44441.77151047467,44887.675572452674,43896.77765694599,44491.31640625,123207,0.0,0.0
2023-03-03 00:00:00+09:00,44045.414301480814,44689.497975180755,43599.51021968854,44540.86328125,98645,0.0,0.0
2023-03-06 00:00:00+09:00,45085.85893609551,45085.85893609551,43896.7813377809,44094.9609375,125641,0.0,0.0
2023-03-07 00:00:00+09:00,44094.959199457735,46027.210220557565,43946.32450552697,44540.86328125,182847,0.0,0.0
2023-03-08 00:00:00+09:00,43896.77835616901,46274.9333912662,43748.14366647543,45878.57421875,188420,0.0,0.0
2023-03-09 00:00:00+09:00,46572.20322431144,48504.454209149895,46027.209356792904,46770.3828125,316787,0.0,0.0
2023-03-10 00:00:00+09:00,46770.38576388889,46819.9306640625,44392.23055555556,44590.41015625,189978,0.0,0.0
2023-03-13 00:00:00+09:00,44986.766848251566,48405.3647695394,44986.766848251566,47464.01171875,152462,0.0,0.0
2023-03-14 00:00:00+09:00,46572.20125265111,47364.919571845174,46027.20740820519,46720.8359375,111619,0.0,0.0
2023-03-15 00:00:00+09:00,46770.382612179485,47563.10096153846,45928.11936598558,46374.0234375,102018,0.0,0.0
2023-03-16 00:00:00+09:00,45284.03679938957,46374.02455604883,43946.32455258047,44639.953125,115944,0.0,0.0
2023-03-17 00:00:00+09:00,44788.58762597984,45036.312115061584,43698.599874020154,44243.59375,90139,0.0,0.0
2023-03-20 00:00:00+09:00,44540.860984233914,44937.220147608634,43847.23244832816,43896.77734375,47748,0.0,0.0
2023-03-21 00:00:00+09:00,44045.41186967329,44243.5914506392,43153.6037553267,43599.5078125,57243,0.0,0.0
2023-03-22 00:00:00+09:00,43500.4236051038,43698.603211505186,42559.07047469723,42955.4296875,75070,0.0,0.0
2023-03-23 00:00:00+09:00,43500.41959898844,43500.41959898844,41815.893099710986,42856.3359375,77293,0.0,0.0
2023-03-24 00:00:00+09:00,41964.531414473684,42707.704934210524,41964.531414473684,42360.890625,54954,0.0,0.0
2023-03-27 00:00:00+09:00,42757.24797874274,43104.06227289244,41964.52959211483,42608.61328125,59887,0.0,0.0
2023-03-28 00:00:00+09:00,42113.162627367965,43252.695263167334,42113.162627367965,43153.60546875,53491,0.0,0.0
2023-03-29 00:00:00+09:00,43599.50974118316,44392.22810011376,42905.881177118885,43549.96484375,70921,0.0,0.0
2023-03-30 00:00:00+09:00,43351.78614026718,46572.204539258455,43054.51674959106,45432.671875,145186,0.0,0.0
2023-03-31 00:00:00+09:00,45184.943552774756,46572.20059167573,44392.22524483134,45531.7578125,51470,0.0,0.0
2023-04-03 00:00:00+09:00,44639.95124965431,45531.75937672843,43896.77781042588,44788.5859375,65719,0.0,0.0
2023-04-04 00:00:00+09:00,44986.76935763889,45234.49385850695,43995.871354166666,44590.41015625,39716,0.0,0.0
2023-04-05 00:00:00+09:00,45432.669372558594,45432.669372558594,44392.2265625,44392.2265625,39818,0.0,0.0
2023-04-06 00:00:00+09:00,44392.23002283105,44392.23002283105,43203.15243293379,43401.33203125,79554,0.0,0.0
2023-04-07 00:00:00+09:00,43104.062633775684,43946.325926619575,42856.33813588042,43401.33203125,39571,0.0,0.0
2023-04-10 00:00:00+09:00,42856.33791317841,43748.14610096709,42707.70321521362,42905.8828125,43965,0.0,0.0
2023-04-11 00:00:00+09:00,42707.70317021122,43599.51135706018,42608.61337167245,42806.79296875,57074,0.0,0.0
2023-04-12 00:00:00+09:00,42658.15432406467,43252.69306028857,41617.711535672854,42707.69921875,68025,0.0,0.0
2023-04-13 00:00:00+09:00,42509.5201171875,43599.5078125,42410.43032670455,43599.5078125,56386,0.0,0.0
2023-04-14 00:00:00+09:00,43450.87485200201,44194.048310132035,43153.60546875,43153.60546875,53289,0.0,0.0
2023-04-17 00:00:00+09:00,43054.51348154727,43450.87263902987,42212.25027189675,42707.69921875,48020,0.0,0.0
2023-04-18 00:00:00+09:00,42212.25417751736,43252.69706217448,42113.16437897859,42806.79296875,53788,0.0,0.0
2023-04-19 00:00:00+09:00,43203.15041523483,43500.41979882589,42509.52185352234,43252.6953125,32353,0.0,0.0
2023-04-20 00:00:00+09:00,42955.426122658915,44144.503662386494,42856.336327681616,43649.0546875,51789,0.0,0.0
2023-04-21 00:00:00+09:00,43203.150561717855,44194.048510381115,43153.605664284696,43549.96484375,46033,0.0,0.0
2023-04-24 00:00:00+09:00,43351.78814512311,45928.12298346185,43351.78814512311,45779.48828125,94424,0.0,0.0
2023-04-25 00:00:00+09:00,45333.57958112444,45729.93874686105,44392.2265625,44392.2265625,55116,0.0,0.0
2023-04-26 00:00:00+09:00,43698.5993878866,44243.59325780355,43104.06062070447,43252.6953125,43895,0.0,0.0
2023-04-27 00:00:00+09:00,42707.70388011153,43203.15288104089,39784.554774628254,39982.734375,128663,0.0,0.0
2023-04-28 00:00:00+09:00,40032.27891908976,40280.00341735146,39041.380926042984,39190.015625,74003,0.0,0.0
2023-05-02 00:00:00+09:00,38843.20016686893,41221.35527912621,38843.20016686893,40824.99609375,77011,0.0,0.0
2023-05-03 00:00:00+09:00,40329.54910444377,41221.35731559854,39834.10009824667,40973.6328125,46766,0.0,0.0
2023-05-04 00:00:00+09:00,40032.27776937046,41469.07981802361,39834.09817645278,40924.0859375,55720,0.0,0.0
2023-05-08 00:00:00+09:00,39190.0147673031,41617.71479713604,39140.46986873508,41518.625,52704,0.0,0.0
2023-05-09 00:00:00+09:00,41122.26380052396,42113.161723428144,40874.53931979791,41369.98828125,30866,0.0,0.0
2023-05-10 00:00:00+09:00,40775.45303914835,41617.716346153844,40527.72853708791,40577.2734375,40381,0.0,0.0
2023-05-11 00:00:00+09:00,41023.17771311971,41369.99201745768,40527.72870692261,40973.6328125,37638,0.0,0.0
2023-05-12 00:00:00+09:00,40379.09020657418,41221.35343787696,39883.64124698432,41072.71875,45594,0.0,0.0
2023-05-15 00:00:00+09:00,40230.45938628159,41221.35740072202,40230.45938628159,41171.8125,27871,0.0,0.0
2023-05-16 00:00:00+09:00,40379.09396306818,41419.536875,40329.549062499995,40874.54296875,19496,0.0,0.0
2023-05-17 00:00:00+09:00,40478.1838898917,42014.07581227437,40478.1838898917,41171.8125,28664,0.0,0.0
2023-05-18 00:00:00+09:00,40824.99609375,41023.1756864381,39982.73282482554,40824.99609375,55585,0.0,0.0
2023-05-19 00:00:00+09:00,40329.54791969477,42806.79287790698,40329.54791969477,42608.61328125,67807,0.0,0.0
2023-05-22 00:00:00+09:00,43302.23875420404,44342.68156179933,42608.61021580717,44194.046875,78457,0.0,0.0
2023-05-23 00:00:00+09:00,44590.4060397982,44689.49583099776,43649.05302340246,44194.046875,46054,0.0,0.0
2023-05-24 00:00:00+09:00,43896.78107203872,44144.505570187925,43054.517778331436,43500.421875,41447,0.0,0.0
2023-05-25 00:00:00+09:00,42757.245687905845,43302.23954951299,41865.43755073052,41964.52734375,64579,0.0,0.0
2023-05-26 00:00:00+09:00,41568.170037581454,42311.343518587084,41369.990442646624,41815.89453125,33884,0.0,0.0
2023-05-30 00:00:00+09:00,42559.06638120994,52022.141676682695,41865.437825520836,46374.0234375,1067727,0.0,0.0
2023-05-31 00:00:00+09:00,45432.67220564715,52319.41313976378,45135.40281280758,50337.6171875,1064837,0.0,0.0
2023-06-01 00:00:00+09:00,49544.895398852976,49941.254562043796,46572.201674921795,47513.5546875,376883,0.0,0.0
2023-06-02 00:00:00+09:00,47414.46847718254,47909.91746858466,45878.57660383598,46819.9296875,199069,0.0,0.0
2023-06-05 00:00:00+09:00,46720.8406759684,48851.27137487258,46423.57127612131,48603.546875,118349,0.0,0.0
2023-06-07 00:00:00+09:00,48058.55266772234,49098.995560528696,47711.73837012021,47909.91796875,124138,0.0,0.0
2023-06-08 00:00:00+09:00,47959.46488402062,48900.818017074744,47612.65057184279,48058.5546875,144135,0.0,0.0
2023-06-09 00:00:00+09:00,48306.272741866436,48405.36253210616,45928.11777611302,47018.10546875,140222,0.0,0.0
2023-06-12 00:00:00+09:00,47414.471083344004,48355.82421875,46473.117947938015,48355.82421875,99878,0.0,0.0
2023-06-13 00:00:00+09:00,48554.00166429679,48950.36086155636,47364.92407251809,47909.91796875,103763,0.0,0.0
2023-06-14 00:00:00+09:00,47563.10371517028,48702.63640834623,47265.834316950466,48009.0078125,120355,0.0,0.0
2023-06-15 00:00:00+09:00,48009.007633649846,48554.00152835588,47364.92393990635,47612.6484375,84488,0.0,0.0
2023-06-16 00:00:00+09:00,48405.36736199239,50535.79806472081,47563.104060913705,48801.7265625,646310,0.0,0.0
2023-06-19 00:00:00+09:00,48851.26933953221,49445.808114455525,47563.101993865035,48454.91015625,72451,0.0,0.0
2023-06-20 00:00:00+09:00,48009.006310096156,49247.628763917004,47860.371615637654,48950.359375,70077,0.0,0.0
2023-06-21 00:00:00+09:00,48950.361174821606,49148.54077471967,48157.64277522936,48603.546875,47121,0.0,0.0
2023-06-22 00:00:00+09:00,48554.00184294872,48752.181442307694,47959.463044871794,48306.27734375,44882,0.0,0.0
2023-06-23 00:00:00+09:00,47810.82312077702,47860.3680152027,45680.39266047297,45829.02734375,107281,0.0,0.0
2023-06-26 00:00:00+09:00,45829.0295723157,47117.19689002404,45383.12550080128,46374.0234375,38695,0.0,0.0
2023-06-27 00:00:00+09:00,45878.574810855265,47067.65234375,45829.02991365131,47067.65234375,49992,0.0,0.0
2023-06-28 00:00:00+09:00,47364.92371516825,47414.46861445189,46770.38492376446,47117.19921875,26290,0.0,0.0
2023-06-29 00:00:00+09:00,46720.83735679908,47117.19652843683,45630.84963479528,45680.39453125,53923,0.0,0.0
2023-06-30 00:00:00+09:00,46126.297037586715,46423.56640625,45085.85424726521,46423.56640625,36595,0.0,0.0
2023-07-03 00:00:00+09:00,46473.11178010471,47364.91989528795,46126.297513089004,47315.375,68082,0.0,0.0
2023-07-04 00:00:00+09:00,46770.382510729614,47315.376374731764,46175.84375,46175.84375,49396,0.0,0.0
2023-07-05 00:00:00+09:00,45878.57223817567,46770.380337837836,45779.48244932432,45829.02734375,50938,0.0,0.0
2023-07-06 00:00:00+09:00,45878.57426926185,46274.93344221444,44986.766130118536,45977.6640625,81998,0.0,0.0
2023-07-07 00:00:00+09:00,45085.859288769316,45779.48789321192,44590.41028559602,44887.6796875,50793,0.0,0.0
2023-07-10 00:00:00+09:00,45482.216679216865,45729.94117093374,44590.40850903615,45234.4921875,37775,0.0,0.0
2023-07-11 00:00:00+09:00,45482.21474117888,45878.573911036656,45135.400467553336,45284.03515625,27371,0.0,0.0
2023-07-12 00:00:00+09:00,45333.58174574336,45729.940930405595,44144.50419175665,44739.04296875,40104,0.0,0.0
2023-07-13 00:00:00+09:00,44788.585728236605,45581.30405970982,44342.681666782926,44392.2265625,99676,0.0,0.0
2023-07-14 00:00:00+09:00,44739.041647023165,46126.29875235722,44194.04778421336,45977.6640625,77578,0.0,0.0
2023-07-17 00:00:00+09:00,45531.76204113076,46324.480422695604,44788.58855841372,46225.390625,48698,0.0,0.0
2023-07-18 00:00:00+09:00,46522.65949591795,46522.65949591795,44986.76764887486,45135.40234375,38203,0.0,0.0
2023-07-19 00:00:00+09:00,45184.9468575419,45333.58155115224,43896.77951291899,44342.68359375,46664,0.0,0.0
2023-07-20 00:00:00+09:00,43698.60220497533,46027.212526555646,43698.60220497533,45184.94921875,66245,0.0,0.0
2023-07-21 00:00:00+09:00,45085.859417831685,45779.48802425987,44293.1410104852,45184.94921875,40695,0.0,0.0
2023-07-24 00:00:00+09:00,44739.04223045533,44739.04223045533,42757.24633984823,43252.6953125,71465,0.0,0.0
2023-07-25 00:00:00+09:00,43104.06208736796,43104.06208736796,41617.71511883803,42212.25390625,71730,0.0,0.0
2023-07-26 00:00:00+09:00,41617.71456068841,41716.80435726148,40032.27781551932,41023.17578125,125789,0.0,0.0
2023-07-27 00:00:00+09:00,40775.44982751623,41964.52734375,40379.09065543831,41964.52734375,83534,0.0,0.0
2023-07-28 00:00:00+09:00,41072.720912887824,41865.43928997613,40874.54131861575,41518.625,52801,0.0,0.0
2023-07-31 00:00:00+09:00,41914.98442106427,42459.97830833579,41171.81093842129,42014.07421875,50439,0.0,0.0
2023-08-01 00:00:00+09:00,41518.62366924971,43104.06037261008,41419.533875289686,42757.24609375,48491,0.0,0.0
2023-08-02 00:00:00+09:00,42212.25390625,43104.06208736796,41914.98451254401,42212.25390625,52885,0.0,0.0
2023-08-03 00:00:00+09:00,42212.25386029412,42856.33754595588,41815.894669117646,42113.1640625,68908,0.0,0.0
2023-08-04 00:00:00+09:00,41716.803159560535,42856.33578743452,41716.803159560535,42559.06640625,41484,0.0,0.0
2023-08-07 00:00:00+09:00,42162.709840238764,44491.3201369382,42162.709840238764,44094.9609375,61803,0.0,0.0
2023-08-08 00:00:00+09:00,45383.124793502204,45432.66968956497,43797.68811949339,44986.765625,86530,0.0,0.0
2023-08-09 00:00:00+09:00,44986.76461426299,46869.47062234888,43797.6871354719,46720.8359375,114804,0.0,0.0
2023-08-10 00:00:00+09:00,47067.65506027918,48801.7265625,46274.936659263956,48801.7265625,128367,0.0,0.0
2023-08-11 00:00:00+09:00,48801.726430828654,49148.54073033708,47513.5590326545,48504.45703125,97894,0.0,0.0
2023-08-14 00:00:00+09:00,48504.454564359345,48553.999461769316,46968.56274465031,47464.01171875,42318,0.0,0.0
2023-08-16 00:00:00+09:00,46374.025321543406,46819.92941117363,46027.21102960879,46225.390625,33014,0.0,0.0
2023-08-17 00:00:00+09:00,46225.39121183343,46225.39121183343,42856.33804741256,43203.15234375,112607,0.0,0.0
2023-08-18 00:00:00+09:00,42757.2450038365,44590.4061453683,42559.06542096819,44392.2265625,88660,0.0,0.0
2023-08-21 00:00:00+09:00,43946.32555868459,44342.684751998546,42410.43368459302,42608.61328125,64754,0.0,0.0
2023-08-22 00:00:00+09:00,42658.156299789975,42856.335887710025,42261.79712394989,42757.24609375,43948,0.0,0.0
2023-08-23 00:00:00+09:00,41865.43755073052,43054.51506696429,41766.34775771104,41964.52734375,32547,0.0,0.0
2023-08-24 00:00:00+09:00,42459.9765625,43004.970427362896,41865.43780083139,42459.9765625,31290,0.0,0.0
2023-08-25 00:00:00+09:00,41914.982697637104,42608.61125291715,41518.62352319137,42459.9765625,39297,0.0,0.0
2023-08-28 00:00:00+09:00,43004.97274584289,43549.96664008744,42162.70945473767,43203.15234375,49286,0.0,0.0
2023-08-29 00:00:00+09:00,43450.87870350346,43500.4236051038,42806.794982698964,42955.4296875,27072,0.0,0.0
2023-08-30 00:00:00+09:00,43351.78699712644,43599.511494252874,42806.793103448275,43104.0625,38520,0.0,0.0
2023-08-31 00:00:00+09:00,42905.88141521373,44045.4140625,42905.88141521373,44045.4140625,38529,0.0,0.0
2023-09-01 00:00:00+09:00,43401.32949882767,44045.41315577374,42261.796875,42261.796875,75572,0.0,0.0
2023-09-04 00:00:00+09:00,41914.98289378613,42955.425731575146,41617.713511560694,42856.3359375,51393,0.0,0.0
2023-09-05 00:00:00+09:00,42459.9785383887,43203.152025058276,42162.709143720866,42509.5234375,54929,0.0,0.0
2023-09-06 00:00:00+09:00,42113.16401643573,43203.15179097877,41766.34972453567,42014.07421875,50585,0.0,0.0
2023-09-07 00:00:00+09:00,41667.26001778903,42212.25390625,41518.62532093603,42212.25390625,37675,0.0,0.0
2023-09-08 00:00:00+09:00,42509.5213584408,42608.61115181712,41964.52749487104,42261.796875,32094,0.0,0.0
2023-09-11 00:00:00+09:00,42261.79667159763,42261.79667159763,40924.08446745562,41865.4375,69299,0.0,0.0
2023-09-12 00:00:00+09:00,42311.345216606496,42410.43501805054,40924.08799638989,41171.8125,89793,0.0,0.0
2023-09-13 00:00:00+09:00,40527.72870692261,41270.90221621826,40230.45930320435,40973.6328125,73056,0.0,0.0
2023-09-14 00:00:00+09:00,41320.44622767857,52022.14453125,40725.90743303572,52022.14453125,267282,0.0,0.0
2023-09-15 00:00:00+09:00,44937.22349395396,44937.22349395396,42014.07444638695,42509.5234375,428995,0.0,0.0
2023-09-18 00:00:00+09:00,42162.71089609099,42410.43540194346,41320.44757619258,42063.62109375,91939,0.0,0.0
2023-09-19 00:00:00+09:00,42113.16156513872,42113.16156513872,41023.17385404101,41072.71875,785905,0.0,0.0
2023-09-20 00:00:00+09:00,40824.99609375,40973.63078826608,40428.63690837379,40824.99609375,58310,0.0,0.0
2023-09-21 00:00:00+09:00,40428.63838729764,40478.18328728207,39735.00978751557,39784.5546875,74461,0.0,0.0
2023-09-22 00:00:00+09:00,39635.916149068325,40230.45489130435,39536.82635869565,39883.640625,39710,0.0,0.0
2023-09-25 00:00:00+09:00,40279.99922422605,42757.2439489632,40131.36454074182,42410.4296875,152263,0.0,0.0
2023-09-26 00:00:00+09:00,41419.534578971674,41815.893761545565,39982.73254214132,40230.45703125,119412,0.0,0.0
2023-09-27 00:00:00+09:00,39834.096793831166,42509.521205357145,39834.096793831166,41964.52734375,107323,0.0,0.0
2023-10-04 00:00:00+09:00,41369.98748059006,41766.346642080745,39834.095729813664,39883.640625,94897,0.0,0.0
2023-10-05 00:00:00+09:00,40081.822621169595,40824.99609375,39933.18792665352,40824.99609375,41211,0.0,0.0
2023-10-06 00:00:00+09:00,41122.267514359126,41122.267514359126,39883.64499886638,40973.6328125,73944,0.0,0.0
2023-10-10 00:00:00+09:00,41518.6267193168,41914.985924274486,40626.81850816203,40973.6328125,92971,0.0,0.0
2023-10-11 00:00:00+09:00,41023.17792338709,41716.80653561828,40676.363617271505,41469.08203125,55191,0.0,0.0
2023-10-12 00:00:00+09:00,42212.254087936046,42658.15818041425,41270.90100381541,42608.61328125,124020,0.0,0.0
2023-10-13 00:00:00+09:00,41469.080600472385,42806.79287790698,41419.535701308145,42608.61328125,56887,0.0,0.0
2023-10-16 00:00:00+09:00,42212.25372111967,42311.343518587084,41023.17615151066,41815.89453125,65303,0.0,0.0
2023-10-17 00:00:00+09:00,42212.25319343065,42707.70217457421,40428.63686131387,40725.90625,95845,0.0,0.0
2023-10-18 00:00:00+09:00,40428.63652980878,44441.7732441648,40379.09163210067,44045.4140625,189015,0.0,0.0
2023-10-19 00:00:00+09:00,43995.87185470779,47315.380204105786,42806.79423701298,45779.48828125,227372,0.0,0.0
2023-10-20 00:00:00+09:00,45333.582974137935,45383.12787356322,42658.15840517241,43104.0625,219936,0.0,0.0
2023-10-23 00:00:00+09:00,43500.42023533951,44342.68349729938,42063.61820023148,44144.50390625,163998,0.0,0.0
2023-10-24 00:00:00+09:00,44540.86212265534,44590.407019343496,41469.07852798945,42261.796875,93755,0.0,0.0
2023-10-25 00:00:00+09:00,41964.52959211483,42757.24797874274,41518.62549963663,42608.61328125,47254,0.0,0.0
2023-10-26 00:00:00+09:00,42509.52520428445,42806.79461130742,41716.80678555654,42063.62109375,60923,0.0,0.0
2023-10-27 00:00:00+09:00,42856.33963815789,43104.06414473684,41964.531414473684,42360.890625,39056,0.0,0.0
2023-10-30 00:00:00+09:00,41914.98423549107,43797.69038318453,41419.535249255954,41617.71484375,92765,0.0,0.0
2023-10-31 00:00:00+09:00,41865.437701494724,43302.23970545135,41171.80914786049,42261.796875,70042,0.0,0.0
2023-11-01 00:00:00+09:00,42261.79810946133,45135.40220131216,41964.52872064917,44838.1328125,124311,0.0,0.0
2023-11-02 00:00:00+09:00,45234.49180427815,45581.306089743586,43401.33058110368,44441.7734375,105323,0.0,0.0
2023-11-03 00:00:00+09:00,44788.58686993048,44788.58686993048,41914.982845089806,42757.24609375,108163,0.0,0.0
2023-11-06 00:00:00+09:00,42905.88070529051,46473.11328125,42905.88070529051,46473.11328125,111148,0.0,0.0
2023-11-07 00:00:00+09:00,45482.21900201613,46423.572118615586,45184.94959677419,46076.7578125,64633,0.0,0.0
2023-11-08 00:00:00+09:00,48009.005084788114,48058.54998167644,46274.9336936967,46473.11328125,67107,0.0,0.0
2023-11-09 00:00:00+09:00,46027.20782553441,47662.18937369656,46027.20782553441,47513.5546875,60564,0.0,0.0
2023-11-10 00:00:00+09:00,46869.47078339041,47464.00952482877,46027.20756635274,47018.10546875,32000,0.0,0.0
2023-11-13 00:00:00+09:00,48058.550537109375,48108.095434570314,46175.844433593746,47563.1015625,43075,0.0,0.0
2023-11-14 00:00:00+09:00,48207.187411313214,48256.732311016516,47117.19961784056,48009.0078125,42952,0.0,0.0
2023-11-15 00:00:00+09:00,48554.0008304626,50535.79678272638,48009.00694359006,50337.6171875,105589,0.0,0.0
2023-11-16 00:00:00+09:00,49743.077841481856,50535.79621345766,48801.72477476058,49148.5390625,34066,0.0,0.0
2023-11-17 00:00:00+09:00,48851.2674858223,52517.58979206049,48851.2674858223,52418.5,103506,0.0,0.0
2023-11-20 00:00:00+09:00,51923.05103969754,53013.03875236295,50833.063327032134,52418.5,43846,0.0,0.0
2023-11-21 00:00:00+09:00,53409.39823306075,54003.93698890187,52517.590099299065,53013.0390625,89026,0.0,0.0
2023-11-22 00:00:00+09:00,52418.50421233675,53310.31241254664,51724.875612173506,53112.1328125,33385,0.0,0.0
2023-11-23 00:00:00+09:00,52517.59025034851,53904.84735130111,52121.23107864777,53310.30859375,50733,0.0,0.0
2023-11-24 00:00:00+09:00,53310.31241254664,53904.85121268657,52517.594012360074,53112.1328125,51097,0.0,0.0
2023-11-27 00:00:00+09:00,53607.57781834112,53706.667610981305,52022.14113609813,53013.0390625,41858,0.0,0.0
2023-11-28 00:00:00+09:00,54003.93724681713,54202.11683304398,52913.94952256945,53508.48828125,58347,0.0,0.0
2023-11-29 00:00:00+09:00,52913.949422049256,53409.39838667519,51229.42294232109,53310.30859375,78967,0.0,0.0
2023-11-30 00:00:00+09:00,53310.312543483305,53904.85134508349,52220.32474054963,53409.40234375,77721,0.0,0.0
2023-12-01 00:00:00+09:00,52517.58947777247,53310.30780951243,50733.97323135756,51823.9609375,49945,0.0,0.0
2023-12-04 00:00:00+09:00,52517.589635812736,52814.85901110979,50733.97338403042,52121.23046875,29456,0.0,0.0
2023-12-05 00:00:00+09:00,51724.87468143204,52517.59306735437,50833.066497269414,51031.24609375,44670,0.0,0.0
2023-12-06 00:00:00+09:00,51031.246757075474,53310.31214622642,51031.246757075474,52517.59375,52507,0.0,0.0
2023-12-07 00:00:00+09:00,51526.696012126864,53508.492012593284,51526.696012126864,53112.1328125,56582,0.0,0.0
2023-12-08 00:00:00+09:00,53310.30859375,53607.577972525556,52715.76983619888,53310.30859375,35179,0.0,0.0
2023-12-11 00:00:00+09:00,54003.94114535019,54003.94114535019,52121.234940282935,53409.40234375,33639,0.0,0.0
2023-12-12 00:00:00+09:00,53904.848857644996,56679.363137082604,53409.399879173994,56382.09375,130515,0.0,0.0
2023-12-13 00:00:00+09:00,56382.09365354938,56679.363040123455,54697.56712962963,56183.9140625,56773,0.0,0.0
2023-12-14 00:00:00+09:00,57670.26231617647,58958.4296875,56481.18474264706,58958.4296875,154091,0.0,0.0
2023-12-15 00:00:00+09:00,58462.97708333334,59453.875,57472.07916666667,59453.875,106832,0.0,0.0
2023-12-18 00:00:00+09:00,58760.24759856541,61732.94140625,58462.97821779695,61732.94140625,98056,0.0,0.0
2023-12-19 00:00:00+09:00,60940.223496835446,63021.10917721519,60246.59493670886,62624.75,71868,0.0,0.0
2023-12-20 00:00:00+09:00,62822.93334348886,73821.90116861073,62822.93334348886,71146.4765625,624315,0.0,0.0
2023-12-21 00:00:00+09:00,70452.84033203125,71344.6484375,67678.32622612847,71344.6484375,263899,0.0,0.0
2023-12-22 00:00:00+09:00,70849.20454068792,74317.34742030202,70452.84535444631,73821.8984375,234067,0.0,0.0
2023-12-26 00:00:00+09:00,73821.90004728026,74218.25924216499,68371.96111761527,68768.3203125,151779,0.0,0.0
2023-12-27 00:00:00+09:00,69166.40221297307,71156.80227665576,67176.00214929039,68370.2421875,105794,300.0,0.0
2023-12-28 00:00:00+09:00,69265.91492101649,73445.7546145261,68469.75497939561,72450.5546875,130903,0.0,0.0
2024-01-02 00:00:00+09:00,71057.28057065218,78222.72062819693,71057.28057065218,77824.640625,213926,0.0,0.0
2024-01-03 00:00:00+09:00,77028.48155048078,79118.40159254808,75137.60151241987,77625.6015625,185531,0.0,0.0
2024-01-04 00:00:00+09:00,76530.88,78819.84,76132.8,77128.0,123189,0.0,0.0
2024-01-05 00:00:00+09:00,77227.51824487334,82502.078125,76630.3982584439,82502.078125,256378,0.0,0.0
2024-01-08 00:00:00+09:00,82203.5180118742,83198.71798780488,77327.03812981387,77526.078125,164933,0.0,0.0
2024-01-09 00:00:00+09:00,79516.48061880421,82203.52063971499,78222.72060873607,80312.640625,187230,0.0,0.0
2024-01-10 00:00:00+09:00,80412.15938264059,82601.5993658313,78819.83939486553,81407.359375,130337,0.0,0.0
2024-01-11 00:00:00+09:00,82402.56155873493,83497.28157944277,80909.76153049698,82601.6015625,133793,0.0,0.0
2024-01-12 00:00:00+09:00,82601.60166266026,82999.68167067308,73943.36148838142,77625.6015625,346984,0.0,0.0
2024-01-15 00:00:00+09:00,77526.07755646174,78919.35751254705,76829.43757841906,79317.4375,23800,0.0,0.0
2024-01-16 00:00:00+09:00,78123.1990823722,80113.59905899315,78123.1990823722,79815.0390625,83490,0.0,0.0
2024-01-17 00:00:00+09:00,79118.39869415243,81009.2786629435,75336.6387565703,75734.71875,165056,0.0,0.0
2024-01-18 00:00:00+09:00,77426.55710565476,77526.07710193453,74241.91722470238,75237.1171875,107765,0.0,0.0
2024-01-19 00:00:00+09:00,75734.71678631757,75933.75677787162,73445.75688344594,73644.796875,144750,0.0,0.0
2024-01-22 00:00:00+09:00,74440.95472277557,75734.71463105909,73346.2348003818,74938.5546875,69538,0.0,0.0
2024-01-23 00:00:00+09:00,75635.19968708827,77924.15967761858,74042.87969367589,75535.6796875,136849,0.0,0.0
2024-01-24 00:00:00+09:00,75734.71901865544,76331.83901091815,71355.83907539546,72351.0390625,99290,0.0,0.0
2024-01-25 00:00:00+09:00,72351.03654825622,72948.15651976864,68370.23673817335,72052.4765625,138589,0.0,0.0
2024-01-26 00:00:00+09:00,70659.19623940678,77028.47590042373,70659.19623940678,76331.8359375,115476,0.0,0.0
2024-01-29 00:00:00+09:00,76331.84032346492,76630.4003247301,73246.72031039136,73744.3203125,83949,0.0,0.0
2024-01-30 00:00:00+09:00,75834.24,75834.24,71554.88,72152.0,93160,0.0,0.0
2024-01-31 00:00:00+09:00,71455.36153681506,73147.20157320205,70360.64151327054,72649.6015625,70030,0.0,0.0
2024-02-01 00:00:00+09:00,72749.12030828273,75535.6803200911,72749.12030828273,73744.3203125,133922,0.0,0.0
2024-02-02 00:00:00+09:00,72948.15789850918,76530.87779529816,71952.9579271789,75933.7578125,89564,0.0,0.0
2024-02-05 00:00:00+09:00,75834.23834635416,76630.39832899305,70659.19845920139,71654.3984375,121084,0.0,0.0
2024-02-06 00:00:00+09:00,70659.19636766711,73943.35619884038,70460.15637789904,72948.15625,81108,0.0,0.0
2024-02-07 00:00:00+09:00,72848.63875679347,74341.43873131793,72351.03876528532,73246.71875,114655,0.0,0.0
2024-02-08 00:00:00+09:00,74142.39695669935,76132.796875,72550.07702205882,76132.796875,214020,0.0,0.0
2024-02-13 00:00:00+09:00,79118.39704241071,86980.47674851191,74739.51720610118,75237.1171875,542521,0.0,0.0
2024-02-14 00:00:00+09:00,76132.7982801259,76132.7982801259,68171.19845998201,69166.3984375,342104,0.0,0.0
2024-02-15 00:00:00+09:00,70559.68062676804,71057.28063118811,68370.24060731966,70360.640625,176842,0.0,0.0
2024-02-16 00:00:00+09:00,70858.23529929577,71057.27528609155,68569.27545114436,70659.1953125,168333,0.0,0.0
2024-02-19 00:00:00+09:00,69962.56189385775,72052.48195043103,68768.32186153017,69265.921875,162937,0.0,0.0
2024-02-20 00:00:00+09:00,70161.60189924568,70261.12190193965,68569.28185614225,69265.921875,134494,0.0,0.0
2024-02-21 00:00:00+09:00,70062.07847222222,71952.95843098959,69464.95848524306,71654.3984375,164319,0.0,0.0
2024-02-22 00:00:00+09:00,72351.03936716574,73147.19936020195,71156.79937761142,71455.359375,151038,0.0,0.0
2024-02-23 00:00:00+09:00,71853.44031511871,72948.1603199197,70957.76031119065,71256.3203125,145069,0.0,0.0
2024-02-26 00:00:00+09:00,72052.47877038043,74540.47872792119,71654.3987771739,73246.71875,257523,0.0,0.0
2024-02-27 00:00:00+09:00,73246.71689189189,74540.47683699324,72351.03692989865,73644.796875,236885,0.0,0.0
2024-02-28 00:00:00+09:00,73744.31967339563,75635.19966502115,70460.15968794076,70559.6796875,815629,0.0,0.0
2024-02-29 00:00:00+09:00,70261.11633455301,70360.63632936115,61901.436770668515,62896.63671875,2642974,0.0,0.0
2024-03-04 00:00:00+09:00,63493.75882523148,64090.8788141835,58219.19892282197,59114.87890625,303564,0.0,0.0
2024-03-05 00:00:00+09:00,58517.76015759005,59512.96016027015,57721.600155445965,58020.16015625,174728,0.0,0.0
2024-03-06 00:00:00+09:00,57721.5967920354,57721.5967920354,55333.11692477876,56228.796875,176283,0.0,0.0
2024-03-07 00:00:00+09:00,56228.797339040335,56527.35732491135,55034.557395556294,56129.27734375,76774,0.0,0.0
2024-03-08 00:00:00+09:00,56527.358442982455,57622.078412828945,55333.11847587719,56726.3984375,141014,0.0,0.0
2024-03-11 00:00:00+09:00,56129.278173575134,58617.27809261658,56029.75817681348,57622.078125,117648,0.0,0.0
2024-03-12 00:00:00+09:00,58219.1993834317,59214.399372892076,57124.47939502529,59015.359375,94212,0.0,0.0
2024-03-13 00:00:00+09:00,59015.35743459895,61602.877322119304,58418.237460555785,61105.27734375,139464,0.0,0.0
2024-03-14 00:00:00+09:00,60806.71973069464,70559.6796875,58716.799739950635,70559.6796875,309759,0.0,0.0
2024-03-15 00:00:00+09:00,63593.280337880715,63991.36033999577,58418.24031038494,58816.3203125,364168,0.0,0.0
2024-03-18 00:00:00+09:00,59114.880314086295,60309.12032043147,58517.760310913705,58816.3203125,98924,0.0,0.0
2024-03-19 00:00:00+09:00,58816.31968375428,59015.35968268407,57622.07969017551,58119.6796875,90333,0.0,0.0
2024-03-20 00:00:00+09:00,58517.757623922414,58517.757623922414,57622.07766029095,57721.59765625,51865,0.0,0.0
2024-03-21 00:00:00+09:00,58020.159999999996,60010.56,58020.159999999996,59712.0,98029,0.0,0.0
2024-03-22 00:00:00+09:00,59413.43890072601,60110.0788878367,58816.31891177399,59114.87890625,73756,0.0,0.0
2024-03-25 00:00:00+09:00,59114.87685381356,59313.916843220344,58418.236890889835,58716.796875,39104,0.0,0.0
2024-03-26 00:00:00+09:00,59313.91750418761,60408.63745812396,58915.837520938025,59413.4375,85764,0.0,0.0
2024-03-27 00:00:00+09:00,58517.756885593226,59413.436837923735,58517.756885593226,58716.796875,59434,0.0,0.0
2024-03-28 00:00:00+09:00,58318.71892098064,59413.43890072601,58020.15892650463,59114.87890625,37904,0.0,0.0
2024-03-29 00:00:00+09:00,59811.5184217437,60209.598411239494,58716.79845063025,59214.3984375,56844,0.0,0.0
2024-04-01 00:00:00+09:00,59313.91697154471,61702.3968495935,59313.91697154471,61204.796875,99521,0.0,0.0
2024-04-02 00:00:00+09:00,60010.55969057882,61901.43968082923,59512.9596931445,60607.6796875,56747,0.0,0.0
2024-04-03 00:00:00+09:00,59911.037667871904,61105.2776213843,59413.437687241734,60209.59765625,67766,0.0,0.0
2024-04-04 00:00:00+09:00,60110.07969006568,61304.31968390804,59711.999692118225,60607.6796875,55391,0.0,0.0
2024-04-05 00:00:00+09:00,59612.479067171924,61403.83903914037,59612.479067171924,59911.0390625,44618,0.0,0.0
2024-04-08 00:00:00+09:00,59712.00061779242,62000.96064147446,59214.40061264415,60408.640625,42097,0.0,0.0
2024-04-09 00:00:00+09:00,61702.39797202093,62697.59793931159,61105.27799164654,61801.91796875,59542,0.0,0.0
2024-04-11 00:00:00+09:00,60408.640307934256,62697.60031960227,59911.04030539773,61304.3203125,173734,0.0,0.0
2024-04-12 00:00:00+09:00,60707.19935708263,61204.79935181282,59015.359375,59015.359375,69646,0.0,0.0
2024-04-15 00:00:00+09:00,59015.35826368186,59612.478246113715,57124.47831931431,58418.23828125,46797,0.0,0.0
2024-04-16 00:00:00+09:00,57721.59952799479,57920.63952636719,56825.91953531901,57323.51953125,40806,0.0,0.0
2024-04-17 00:00:00+09:00,56925.439999999995,58119.68,56029.76,57224.0,50278,0.0,0.0
2024-04-18 00:00:00+09:00,58318.72047854965,58517.76048018293,56925.44046711673,57124.48046875,42788,0.0,0.0
2024-04-19 00:00:00+09:00,56527.36063734291,56527.36063734291,54238.400611535006,55432.640625,85409,0.0,0.0
2024-04-22 00:00:00+09:00,56726.39787946428,59114.87779017857,56726.39787946428,58517.7578125,56812,0.0,0.0
2024-04-23 00:00:00+09:00,57920.6376481681,58915.83760775862,57124.477680495685,57721.59765625,28524,0.0,0.0
2024-04-24 00:00:00+09:00,58318.719686429795,58517.75968535959,57721.59968964041,58119.6796875,21912,0.0,0.0
2024-04-25 00:00:00+09:00,57323.52047038328,58119.68047691638,56825.920466300086,57124.48046875,25589,0.0,0.0
2024-04-26 00:00:00+09:00,57423.0390625,57920.63905437608,56925.439070623914,57423.0390625,22873,0.0,0.0
2024-04-29 00:00:00+09:00,58517.75954138935,59811.51953125,58318.71954294925,59811.51953125,36545,0.0,0.0
2024-04-30 00:00:00+09:00,59811.5170163566,60010.557006427676,58816.317066001255,59512.95703125,39520,0.0,0.0
2024-05-02 00:00:00+09:00,58816.317066001255,60309.116991534276,58816.317066001255,59512.95703125,39759,0.0,0.0
2024-05-03 00:00:00+09:00,60408.63745812396,60408.63745812396,59214.39750837521,59413.4375,24801,0.0,0.0
2024-05-07 00:00:00+09:00,60607.679089413876,63195.19905053828,60010.559098385165,62399.0390625,98890,0.0,0.0
2024-05-08 00:00:00+09:00,62996.159221210626,63692.799212598424,61901.439234744095,63195.19921875,53390,0.0,0.0
2024-05-09 00:00:00+09:00,63294.71689453125,64289.91684570313,62000.95695800781,63692.796875,114175,0.0,0.0
2024-05-10 00:00:00+09:00,64588.476831054686,65185.59680175781,63195.19689941406,63692.796875,34997,0.0,0.0
2024-05-13 00:00:00+09:00,64190.39685058594,64190.39685058594,62797.116918945314,63692.796875,25829,0.0,0.0
2024-05-14 00:00:00+09:00,63792.32048152043,63792.32048152043,62100.48046875,62100.48046875,25987,0.0,0.0
2024-05-16 00:00:00+09:00,63593.27953989055,66081.2795218894,62797.11954565092,64787.51953125,90658,0.0,0.0
2024-05-17 00:00:00+09:00,63394.23862820635,65086.07859159647,62697.59864328101,64986.55859375,31422,0.0,0.0
2024-05-20 00:00:00+09:00,66180.79968465478,66180.79968465478,63792.319696035665,65583.6796875,30946,0.0,0.0
2024-05-21 00:00:00+09:00,64190.39969413885,66081.27968512899,63891.83969556146,65583.6796875,28319,0.0,0.0
2024-05-22 00:00:00+09:00,64986.55666960311,67375.03654719955,64986.55666960311,67076.4765625,71030,0.0,0.0
2024-05-23 00:00:00+09:00,65782.71967419164,66180.79967222003,62100.47969242902,63095.6796875,74226,0.0,0.0
2024-05-24 00:00:00+09:00,62399.03696482358,62498.55695998279,57721.59719234079,57821.1171875,115942,0.0,0.0
2024-05-27 00:00:00+09:00,58617.27984454181,60110.07984058277,57821.119846653295,58915.83984375,52005,0.0,0.0
2024-05-28 00:00:00+09:00,58418.23708585911,60110.07700146321,58418.23708585911,59512.95703125,38510,0.0,0.0
2024-05-29 00:00:00+09:00,57721.59954762895,60110.07952891015,56427.839557768304,59811.51953125,60870,0.0,0.0
2024-05-30 00:00:00+09:00,59214.40046561978,61602.88048440108,58816.320462489566,59612.48046875,89953,0.0,0.0
2024-05-31 00:00:00+09:00,60707.19835410126,63394.23828125,59911.03837568682,63394.23828125,348154,0.0,0.0
2024-06-03 00:00:00+09:00,64588.47730218114,64588.47730218114,62797.11737700509,63593.27734375,37860,0.0,0.0
2024-06-04 00:00:00+09:00,63394.23763020833,68668.79743303571,63095.677641369046,66877.4375,134619,0.0,0.0
2024-06-05 00:00:00+09:00,66379.83937593563,67375.03936657934,65583.67938342066,66479.359375,40833,0.0,0.0
2024-06-07 00:00:00+09:00,65683.19701086957,68668.796875,65583.67701539854,68668.796875,54123,0.0,0.0
2024-06-10 00:00:00+09:00,65981.7578125,67773.11775311086,63792.317885086726,65981.7578125,77480,0.0,0.0
2024-06-11 00:00:00+09:00,65981.75940205628,69265.91937229437,65782.71940386003,68967.359375,64165,0.0,0.0
2024-06-12 00:00:00+09:00,68967.36148330479,73147.20157320205,68569.28147474315,72649.6015625,103027,0.0,0.0
2024-06-13 00:00:00+09:00,71952.9581404321,75237.11805555556,71654.39814814815,72550.078125,184154,0.0,0.0
2024-06-14 00:00:00+09:00,71156.79844835069,72151.9984266493,69166.39849175347,71654.3984375,54622,0.0,0.0
2024-06-17 00:00:00+09:00,70161.59702280405,74042.87685810811,70062.07702702703,73644.796875,56513,0.0,0.0
2024-06-18 00:00:00+09:00,74540.47777989498,74639.99777693089,72749.11783324865,73445.7578125,32211,0.0,0.0
2024-06-19 00:00:00+09:00,74142.40187248659,75535.68190767427,73744.32186243297,74241.921875,45972,0.0,0.0
2024-06-20 00:00:00+09:00,74341.43832059353,75436.15829586331,69166.3984375,69166.3984375,78657,0.0,0.0
2024-06-21 00:00:00+09:00,68768.3184464928,70659.19840377697,67972.15846447842,69166.3984375,50768,0.0,0.0
2024-06-24 00:00:00+09:00,69166.39576696027,69166.39576696027,66180.79594968141,66379.8359375,40276,0.0,0.0
2024-06-25 00:00:00+09:00,67375.0396906981,68967.35968338816,66578.87969435308,68071.6796875,29237,0.0,0.0
2024-06-26 00:00:00+09:00,66777.9212631777,67474.56127635542,64688.00122364458,66081.28125,50495,0.0,0.0
2024-06-27 00:00:00+09:00,64588.48031640016,64887.04031786272,62000.96030372465,63792.3203125,86205,0.0,0.0
2024-06-28 00:00:00+09:00,64488.957962461296,64588.477959316944,62797.11801591524,64289.91796875,41462,0.0,0.0
2024-07-01 00:00:00+09:00,63692.79706790123,65683.19697627315,62797.11710913387,64488.95703125,30757,0.0,0.0
2024-07-02 00:00:00+09:00,63792.31921136811,65185.5991941437,63195.19921875,63195.19921875,34166,0.0,0.0
2024-07-03 00:00:00+09:00,64090.87826236264,64986.55823807889,63294.7182839482,63394.23828125,21476,0.0,0.0
2024-07-04 00:00:00+09:00,63692.799401197604,66479.359375,63394.23940400449,66479.359375,42344,0.0,0.0
2024-07-05 00:00:00+09:00,66578.88089854943,70559.68095227436,66280.32089452006,69464.9609375,75786,0.0,0.0
2024-07-08 00:00:00+09:00,68270.71677631579,68569.27676221805,66180.796875,66180.796875,39983,0.0,0.0
2024-07-09 00:00:00+09:00,67076.48154871323,69066.88159466912,66777.92154181986,67673.6015625,32005,0.0,0.0
2024-07-10 00:00:00+09:00,67076.48,68569.28,66180.8,67176.0,46024,0.0,0.0
2024-07-11 00:00:00+09:00,68171.2,69664.0,66678.4,69664.0,75042,0.0,0.0
2024-07-12 00:00:00+09:00,69763.52155363475,70957.7615802305,68370.24152260637,70161.6015625,50907,0.0,0.0
2024-07-15 00:00:00+09:00,70858.2421875,71355.84220286166,69664.00215063202,70858.2421875,38652,0.0,0.0
2024-07-16 00:00:00+09:00,70758.7209549606,70758.7209549606,69166.40093347064,69464.9609375,20225,0.0,0.0
2024-07-17 00:00:00+09:00,69265.91657725321,70858.23649856939,67773.11665101931,69564.4765625,41689,0.0,0.0
2024-07-18 00:00:00+09:00,70161.60216599368,70858.2421875,68967.3621291257,70858.2421875,41610,0.0,0.0
2024-07-19 00:00:00+09:00,69863.03561875892,70659.19556883024,68469.75570613409,69763.515625,33447,0.0,0.0
2024-07-22 00:00:00+09:00,70062.08031837916,70062.08031837916,67972.16030888206,68768.3203125,25897,0.0,0.0
2024-07-23 00:00:00+09:00,68370.24,70261.12,68370.24,69664.0,24456,0.0,0.0
2024-07-24 00:00:00+09:00,67773.11905696086,69365.43903480428,66578.87907357828,67375.0390625,35855,0.0,0.0
2024-07-25 00:00:00+09:00,67972.15936096557,69066.87935067365,65981.75937967814,66479.359375,26787,0.0,0.0
2024-07-26 00:00:00+09:00,67474.55906111521,68469.75904726735,66081.27908050221,67375.0390625,30453,0.0,0.0
2024-07-29 00:00:00+09:00,67673.59626647145,68668.79621156662,66877.43631039532,67972.15625,20702,0.0,0.0
2024-07-30 00:00:00+09:00,66678.39873298033,67076.47872541603,63394.238795385776,65782.71875,45356,0.0,0.0
2024-07-31 00:00:00+09:00,66479.36121190131,68569.28125,65782.72119920174,68569.28125,39516,0.0,0.0
2024-08-01 00:00:00+09:00,67474.55654209941,68270.71650129822,66678.39658290059,67076.4765625,25707,0.0,0.0
2024-08-02 00:00:00+09:00,67076.47563794379,67574.07560558432,65484.15574149408,67275.515625,27988,0.0,0.0
2024-08-05 00:00:00+09:00,67275.51810151144,67375.03809870302,58915.838337418296,60906.23828125,71523,0.0,0.0
2024-08-06 00:00:00+09:00,66578.87721904342,70957.75703614045,61204.79744351526,63593.27734375,187201,0.0,0.0
2024-08-07 00:00:00+09:00,62797.119999999995,64688.0,61403.84,62200.0,66345,0.0,0.0
2024-08-08 00:00:00+09:00,61304.318620621016,64687.99854448646,61105.27862509952,62498.55859375,129186,0.0,0.0
2024-08-09 00:00:00+09:00,62000.95831902473,65683.19821919153,61503.3583325157,63394.23828125,50187,0.0,0.0
2024-08-12 00:00:00+09:00,63394.24,65683.2,63195.2,64688.0,25558,0.0,0.0
2024-08-13 00:00:00+09:00,64389.43796560565,65683.1979247291,63792.317984471745,64289.91796875,28999,0.0,0.0
2024-08-14 00:00:00+09:00,63792.32015221314,65484.16015625,63195.20015078837,65484.16015625,45533,0.0,0.0
2024-08-16 00:00:00+09:00,66976.95999999999,67574.08,64688.0,64688.0,316295,0.0,0.0
2024-08-19 00:00:00+09:00,65285.12216767372,66678.40221393504,65086.08216106496,65882.2421875,35989,0.0,0.0
2024-08-20 00:00:00+09:00,66479.36,66678.4,64488.96,64688.0,20107,0.0,0.0
2024-08-21 00:00:00+09:00,65285.116994598764,65484.156985435955,64488.95703125,64488.95703125,18237,0.0,0.0
2024-08-22 00:00:00+09:00,65185.59783889518,66081.2778092006,64588.477858691556,65981.7578125,25319,0.0,0.0
2024-08-23 00:00:00+09:00,67574.07841651118,67574.07841651118,65086.07847481343,66678.3984375,21020,0.0,0.0
2024-08-26 00:00:00+09:00,66280.3205887553,70360.640625,66180.80058787129,70360.640625,50641,0.0,0.0
2024-08-27 00:00:00+09:00,70957.75688374125,71554.87685751748,69365.43695367133,71156.796875,36062,0.0,0.0
2024-08-28 00:00:00+09:00,71355.84096301933,71355.84096301933,69365.44093615688,69464.9609375,31875,0.0,0.0
2024-08-29 00:00:00+09:00,70858.24129172714,70858.24129172714,66678.40121552975,68569.28125,61564,0.0,0.0
2024-08-30 00:00:00+09:00,69763.52223207788,70062.08224163028,67773.1221683952,68370.2421875,194466,0.0,0.0
2024-09-02 00:00:00+09:00,67673.59876093295,69365.43872995627,66777.91877733236,68270.71875,45177,0.0,0.0
2024-09-03 00:00:00+09:00,69265.91657725321,69663.99655758226,67076.47668544349,69564.4765625,29387,0.0,0.0
2024-09-04 00:00:00+09:00,68867.84228663142,68867.84228663142,63991.36212471677,65882.2421875,69537,0.0,0.0
2024-09-05 00:00:00+09:00,66578.88061308651,67972.16062591643,65782.72060575514,67872.640625,39676,0.0,0.0
2024-09-06 00:00:00+09:00,68171.2009542162,68967.36096536032,66081.28092496285,66976.9609375,30022,0.0,0.0
2024-09-09 00:00:00+09:00,64986.55488338864,69066.87456213127,64887.03489122419,67474.5546875,46787,0.0,0.0
2024-09-10 00:00:00+09:00,67474.55909455128,71654.39903846155,66976.95910122864,69863.0390625,78475,0.0,0.0
2024-09-11 00:00:00+09:00,70957.75901264772,70957.75901264772,67375.0390625,67375.0390625,38100,0.0,0.0
2024-09-12 00:00:00+09:00,68668.79788306452,73047.67774807152,67574.07791681276,70957.7578125,158632,0.0,0.0
2024-09-13 00:00:00+09:00,73147.19514744719,73147.19514744719,69763.51537191901,70659.1953125,106029,0.0,0.0
2024-09-19 00:00:00+09:00,73147.19875169836,75137.59871773097,71057.27878736412,73246.71875,87514,0.0,0.0
2024-09-20 00:00:00+09:00,72749.12216969131,75038.08223795793,72251.52215485074,73346.2421875,71785,0.0,0.0
2024-09-23 00:00:00+09:00,74639.99813494696,77028.47807526526,73147.19817224801,75038.078125,60705,0.0,0.0
2024-09-24 00:00:00+09:00,76630.39592161018,76630.39592161018,74142.39605402543,76331.8359375,44702,0.0,0.0
2024-09-25 00:00:00+09:00,77725.11833404437,88274.23810793515,77426.55834044368,87478.078125,318425,0.0,0.0
2024-09-26 00:00:00+09:00,84492.47970812707,90463.6796875,84492.47970812707,90463.6796875,134730,0.0,0.0
2024-09-27 00:00:00+09:00,91458.87513241525,91558.39512711865,86880.95537605933,88075.1953125,61982,0.0,0.0
2024-09-30 00:00:00+09:00,89767.04,89767.04,82104.0,82104.0,82087,0.0,0.0
2024-10-02 00:00:00+09:00,81009.27470741223,81705.91466189857,76331.8350130039,76530.875,92470,0.0,0.0
2024-10-04 00:00:00+09:00,77227.51969068877,78222.71968670281,74739.5197006537,78023.6796875,47959,0.0,0.0
2024-10-07 00:00:00+09:00,77824.64123891002,79616.00126742713,75933.76120880862,78521.28125,57405,0.0,0.0
2024-10-08 00:00:00+09:00,78620.8,84094.4,77625.59999999999,82104.0,81370,0.0,0.0
2024-10-10 00:00:00+09:00,84591.99549788136,85985.27542372882,79715.51575741525,82203.515625,128485,0.0,0.0
2024-10-11 00:00:00+09:00,83795.83877758421,87079.9987296748,81606.39880952382,85686.71875,48179,0.0,0.0
2024-10-14 00:00:00+09:00,83596.79530201343,90065.59493847875,83596.79530201343,88970.875,72845,0.0,0.0
2024-10-15 00:00:00+09:00,89169.91873589164,89866.55872601579,86880.95876834086,88174.71875,63672,0.0,0.0
2024-10-16 00:00:00+09:00,85985.27941176471,91359.359375,85686.7194138072,91359.359375,100355,0.0,0.0
2024-10-17 00:00:00+09:00,91558.3972207304,94444.47713312299,90762.23724489796,92653.1171875,63385,0.0,0.0
2024-10-18 00:00:00+09:00,93747.83582674482,93946.87581788441,89966.0759950927,91259.8359375,48498,0.0,0.0
2024-10-21 00:00:00+09:00,92553.59719052094,94344.95713614393,91458.87722375135,92653.1171875,40277,0.0,0.0
2024-10-22 00:00:00+09:00,90762.23724489796,93548.7971603115,89468.47728417025,92653.1171875,375721,0.0,0.0
2024-10-23 00:00:00+09:00,93250.24097821549,93250.24097821549,87677.12091975223,89368.9609375,67374,0.0,0.0
2024-10-24 00:00:00+09:00,89269.44061810915,90264.640625,87776.64060777288,90264.640625,45562,0.0,0.0
2024-10-25 00:00:00+09:00,90264.64161044033,90264.64161044033,86582.40154474431,87577.6015625,48990,0.0,0.0
2024-10-28 00:00:00+09:00,89070.3943242672,89070.3943242672,87079.9944510992,88274.234375,167490,0.0,0.0
2024-10-29 00:00:00+09:00,88274.24064687865,89368.96065490082,84193.92061697783,85288.640625,73233,0.0,0.0
2024-10-30 00:00:00+09:00,86383.35500575374,87279.03495397008,83895.35514959724,86482.875,47172,0.0,0.0
2024-10-31 00:00:00+09:00,87179.52194148937,87279.04194370567,83198.72185283688,84193.921875,53195,0.0,0.0
2024-11-01 00:00:00+09:00,83397.75874700958,85388.15871710527,81606.39877392344,83198.71875,64960,0.0,0.0
2024-11-04 00:00:00+09:00,84591.99872906698,84591.99872906698,80909.75878438995,83198.71875,68951,0.0,0.0
2024-11-05 00:00:00+09:00,81108.80061222956,83099.20062725361,80113.60060471755,82800.640625,75493,0.0,0.0
2024-11-06 00:00:00+09:00,81904.9609375,84293.440964839,81307.84093066525,81904.9609375,182970,0.0,0.0
2024-11-07 00:00:00+09:00,79715.51510989011,81506.875,78421.75518925519,81506.875,57746,0.0,0.0
2024-11-08 00:00:00+09:00,83099.2,83099.2,79416.95999999999,79616.0,52003,0.0,0.0
2024-11-11 00:00:00+09:00,77625.59812259306,80014.0780648267,77426.55812740693,77526.078125,48443,0.0,0.0
2024-11-12 00:00:00+09:00,76829.43873193167,78620.79870236531,75635.19875164257,75734.71875,54750,0.0,0.0
2024-11-13 00:00:00+09:00,75336.63625494723,76431.3562005277,73943.35632420845,75436.15625,51229,0.0,0.0
2024-11-14 00:00:00+09:00,76232.31937662761,77127.99936930339,73843.83939615886,76431.359375,130826,0.0,0.0
2024-11-15 00:00:00+09:00,77526.08127454188,77526.08127454188,75436.16124018324,76033.28125,41427,0.0,0.0
2024-11-18 00:00:00+09:00,74639.99643905387,74739.51643430594,69663.99667645028,72052.4765625,103741,0.0,0.0
2024-11-19 00:00:00+09:00,71256.3212535014,71853.44126400561,70261.1212359944,71057.28125,43857,0.0,0.0
2024-11-20 00:00:00+09:00,70758.71883212878,77327.0387237188,70758.71883212878,75734.71875,75314,0.0,0.0
2024-11-21 00:00:00+09:00,75734.71463105909,77227.5145252324,74639.99470866534,74938.5546875,68711,0.0,0.0
2024-11-22 00:00:00+09:00,76431.35968379446,76630.39968297101,74142.39969326416,75535.6796875,49282,0.0,0.0
2024-11-25 00:00:00+09:00,78222.71583686442,78819.83580508475,75834.23596398305,76331.8359375,128222,0.0,0.0
2024-11-26 00:00:00+09:00,74241.915302267,79615.99496221663,73445.75535264483,79018.875,71767,0.0,0.0
2024-11-27 00:00:00+09:00,78322.23937972887,80113.59936554224,78322.23937972887,78919.359375,46740,0.0,0.0
2024-11-28 00:00:00+09:00,80412.16156832298,80909.76157802794,78222.72152562112,80113.6015625,81489,0.0,0.0
2024-11-29 00:00:00+09:00,81904.95455518369,82800.63449564135,75834.23495874845,79914.5546875,85715,0.0,0.0
2024-12-02 00:00:00+09:00,81208.31469440833,81904.95464889467,75834.23504551366,76530.875,67272,0.0,0.0
2024-12-03 00:00:00+09:00,78620.80061183395,82303.04064048947,78222.72060873607,80312.640625,101247,0.0,0.0
2024-12-04 00:00:00+09:00,81407.36125614251,82104.0012668919,78123.20120546683,81009.28125,57456,0.0,0.0
2024-12-05 00:00:00+09:00,79317.43508429277,80909.75498560855,75535.67531866777,75635.1953125,42252,0.0,0.0
2024-12-06 00:00:00+09:00,77426.55906129343,78023.67905405405,75734.71908180501,77327.0390625,64820,0.0,0.0
2024-12-09 00:00:00+09:00,78023.67871222076,78023.67871222076,75237.11875821288,75734.71875,52077,0.0,0.0
2024-12-10 00:00:00+09:00,76431.359375,76829.4393717448,75436.15938313802,76431.359375,33104,0.0,0.0
2024-12-11 00:00:00+09:00,75635.19673028786,80511.67651947748,75635.19673028786,79516.4765625,47711,0.0,0.0
2024-12-12 00:00:00+09:00,81506.87538257088,81506.87538257088,76928.95564191366,77227.515625,142485,0.0,0.0
2024-12-13 00:00:00+09:00,76132.7993774414,77127.99936930339,72351.03940836589,76431.359375,56923,0.0,0.0
2024-12-16 00:00:00+09:00,77127.99749028498,78720.31743847151,76331.8375161917,76829.4375,49824,0.0,0.0
2024-12-17 00:00:00+09:00,76729.91903881317,77127.99903382646,73545.27907870678,74839.0390625,57024,0.0,0.0
2024-12-18 00:00:00+09:00,75535.6796875,77725.11967844203,74839.03969038208,75535.6796875,39759,0.0,0.0
2024-12-19 00:00:00+09:00,74639.99842701343,75635.19840604028,73246.71845637583,74142.3984375,65033,0.0,0.0
2024-12-20 00:00:00+09:00,73246.71781842818,74042.87779471544,72948.15782732047,73445.7578125,52153,0.0,0.0
2024-12-23 00:00:00+09:00,74142.39814738063,75038.078125,72550.07818716844,75038.078125,26056,0.0,0.0
2024-12-24 00:00:00+09:00,74241.92061591809,75336.640625,73445.76060931307,75336.640625,29002,0.0,0.0
2024-12-26 00:00:00+09:00,74640.0,75137.59999999999,73943.36,74640.0,25259,0.0,0.0
2024-12-27 00:00:00+09:00,74300.0,75400.0,74200.0,74400.0,26285,360.0,0.0
2024-12-30 00:00:00+09:00,75800.0,77500.0,74600.0,75400.0,30444,0.0,0.0
2025-01-02 00:00:00+09:00,74600.0,75400.0,71100.0,72200.0,61246,0.0,0.0
2025-01-03 00:00:00+09:00,71600.0,75900.0,71600.0,74600.0,45319,0.0,0.0
2025-01-06 00:00:00+09:00,73700.0,77000.0,73700.0,76300.0,34423,0.0,0.0
2025-01-07 00:00:00+09:00,77000.0,78000.0,76200.0,76400.0,29554,0.0,0.0
2025-01-08 00:00:00+09:00,76000.0,78200.0,76000.0,77400.0,39871,0.0,0.0
2025-01-09 00:00:00+09:00,76000.0,79600.0,75800.0,78300.0,76515,0.0,0.0
2025-01-10 00:00:00+09:00,77400.0,78800.0,76000.0,77000.0,62622,0.0,0.0
2025-01-13 00:00:00+09:00,76500.0,81200.0,76500.0,80000.0,63200,0.0,0.0
2025-01-14 00:00:00+09:00,79400.0,80600.0,77400.0,79900.0,54679,0.0,0.0
2025-01-15 00:00:00+09:00,81200.0,81200.0,79000.0,80100.0,48166,0.0,0.0
2025-01-16 00:00:00+09:00,80000.0,80600.0,78300.0,79400.0,56481,0.0,0.0
2025-01-17 00:00:00+09:00,78500.0,80300.0,78000.0,79200.0,42505,0.0,0.0
2025-01-20 00:00:00+09:00,78900.0,80200.0,78400.0,79800.0,37805,0.0,0.0
2025-01-21 00:00:00+09:00,80500.0,83400.0,79600.0,79900.0,29392,0.0,0.0
2025-01-22 00:00:00+09:00,81400.0,82400.0,79500.0,81700.0,32968,0.0,0.0
2025-01-23 00:00:00+09:00,83800.0,83800.0,78500.0,79100.0,39734,0.0,0.0
2025-01-24 00:00:00+09:00,79900.0,83900.0,79300.0,81400.0,38056,0.0,0.0
2025-01-31 00:00:00+09:00,84800.0,84900.0,81700.0,84100.0,46278,0.0,0.0
2025-02-03 00:00:00+09:00,79900.0,80800.0,77200.0,78500.0,100555,0.0,0.0
2025-02-04 00:00:00+09:00,78800.0,85000.0,78800.0,82800.0,67119,0.0,0.0
2025-02-05 00:00:00+09:00,84800.0,84900.0,82500.0,82800.0,22801,0.0,0.0
2025-02-06 00:00:00+09:00,82600.0,84400.0,82500.0,84400.0,21011,0.0,0.0
2025-02-07 00:00:00+09:00,82800.0,83800.0,79100.0,79300.0,47150,0.0,0.0
2025-02-10 00:00:00+09:00,80700.0,80700.0,78600.0,79200.0,40563,0.0,0.0
2025-02-11 00:00:00+09:00,78800.0,81600.0,78800.0,80400.0,31797,0.0,0.0
2025-02-12 00:00:00+09:00,81500.0,81600.0,79200.0,80100.0,23361,0.0,0.0
2025-02-13 00:00:00+09:00,80100.0,85200.0,79500.0,83700.0,109194,0.0,0.0
2025-02-14 00:00:00+09:00,84200.0,85800.0,83100.0,84800.0,31568,0.0,0.0
2025-02-17 00:00:00+09:00,86500.0,86500.0,83300.0,84300.0,21650,0.0,0.0
2025-02-18 00:00:00+09:00,83000.0,85000.0,82600.0,83800.0,33188,0.0,0.0
2025-02-19 00:00:00+09:00,82800.0,88400.0,82800.0,86900.0,50913,0.0,0.0
