Datetime,Open,High,Low,Close,Volume,Dividends,Stock Splits
2025-03-25 13:21:00+09:00,1071000.0,1072000.0,1071000.0,1072000.0,0,0.0,0.0
2025-03-25 13:22:00+09:00,1071000.0,1074000.0,1070000.0,1073000.0,294,0.0,0.0
2025-03-25 13:23:00+09:00,1073000.0,1074000.0,1070000.0,1071000.0,46,0.0,0.0
2025-03-25 13:24:00+09:00,1073000.0,1074000.0,1071000.0,1073000.0,41,0.0,0.0
2025-03-25 13:25:00+09:00,1073000.0,1073000.0,1070000.0,1070000.0,111,0.0,0.0
2025-03-25 13:26:00+09:00,1071000.0,1073000.0,1070000.0,1070000.0,36,0.0,0.0
2025-03-25 13:27:00+09:00,1071000.0,1073000.0,1070000.0,1070000.0,52,0.0,0.0
2025-03-25 13:28:00+09:00,1070000.0,1073000.0,1069000.0,1069000.0,86,0.0,0.0
2025-03-25 13:29:00+09:00,1072000.0,1073000.0,1069000.0,1071000.0,93,0.0,0.0
2025-03-25 13:30:00+09:00,1071000.0,1074000.0,1070000.0,1070000.0,86,0.0,0.0
2025-03-25 13:31:00+09:00,1072000.0,1073000.0,1070000.0,1070000.0,51,0.0,0.0
2025-03-25 13:32:00+09:00,1072000.0,1073000.0,1070000.0,1070000.0,40,0.0,0.0
2025-03-25 13:33:00+09:00,1071000.0,1072000.0,1069000.0,1072000.0,295,0.0,0.0
2025-03-25 13:34:00+09:00,1072000.0,1073000.0,1069000.0,1071000.0,119,0.0,0.0
2025-03-25 13:35:00+09:00,1071000.0,1072000.0,1071000.0,1071000.0,70,0.0,0.0
2025-03-25 13:36:00+09:00,1071000.0,1073000.0,1071000.0,1072000.0,44,0.0,0.0
2025-03-25 13:37:00+09:00,1073000.0,1074000.0,1072000.0,1073000.0,250,0.0,0.0
2025-03-25 13:38:00+09:00,1073000.0,1074000.0,1073000.0,1073000.0,18,0.0,0.0
2025-03-25 13:39:00+09:00,1073000.0,1074000.0,1071000.0,1071000.0,147,0.0,0.0
2025-03-25 13:40:00+09:00,1071000.0,1074000.0,1071000.0,1071000.0,56,0.0,0.0
2025-03-25 13:41:00+09:00,1072000.0,1074000.0,1071000.0,1071000.0,103,0.0,0.0
2025-03-25 13:42:00+09:00,1071000.0,1075000.0,1071000.0,1072000.0,306,0.0,0.0
2025-03-25 13:43:00+09:00,1072000.0,1075000.0,1072000.0,1072000.0,28,0.0,0.0
2025-03-25 13:44:00+09:00,1072000.0,1073000.0,1071000.0,1071000.0,47,0.0,0.0
2025-03-25 13:45:00+09:00,1072000.0,1074000.0,1071000.0,1072000.0,64,0.0,0.0
2025-03-25 13:46:00+09:00,1072000.0,1074000.0,1072000.0,1073000.0,111,0.0,0.0
2025-03-25 13:47:00+09:00,1072000.0,1073000.0,1072000.0,1072000.0,43,0.0,0.0
2025-03-25 13:48:00+09:00,1072000.0,1074000.0,1071000.0,1074000.0,74,0.0,0.0
2025-03-25 13:49:00+09:00,1071000.0,1074000.0,1070000.0,1073000.0,334,0.0,0.0
2025-03-25 13:50:00+09:00,1073000.0,1074000.0,1071000.0,1073000.0,43,0.0,0.0
2025-03-25 13:51:00+09:00,1074000.0,1074000.0,1073000.0,1073000.0,112,0.0,0.0
2025-03-25 13:52:00+09:00,1073000.0,1073000.0,1070000.0,1070000.0,96,0.0,0.0
2025-03-25 13:53:00+09:00,1070000.0,1073000.0,1070000.0,1071000.0,128,0.0,0.0
2025-03-25 13:54:00+09:00,1071000.0,1073000.0,1070000.0,1070000.0,49,0.0,0.0
2025-03-25 13:55:00+09:00,1070000.0,1072000.0,1069000.0,1069000.0,95,0.0,0.0
2025-03-25 13:56:00+09:00,1070000.0,1071000.0,1069000.0,1070000.0,52,0.0,0.0
2025-03-25 13:57:00+09:00,1069000.0,1073000.0,1068000.0,1072000.0,359,0.0,0.0
2025-03-25 13:58:00+09:00,1071000.0,1073000.0,1067000.0,1068000.0,156,0.0,0.0
2025-03-25 13:59:00+09:00,1068000.0,1071000.0,1068000.0,1069000.0,108,0.0,0.0
2025-03-25 14:00:00+09:00,1070000.0,1071000.0,1068000.0,1069000.0,126,0.0,0.0
2025-03-25 14:01:00+09:00,1069000.0,1071000.0,1069000.0,1070000.0,70,0.0,0.0
2025-03-25 14:02:00+09:00,1070000.0,1071000.0,1069000.0,1071000.0,78,0.0,0.0
2025-03-25 14:03:00+09:00,1070000.0,1071000.0,1070000.0,1070000.0,91,0.0,0.0
2025-03-25 14:04:00+09:00,1071000.0,1072000.0,1068000.0,1070000.0,136,0.0,0.0
2025-03-25 14:05:00+09:00,1070000.0,1072000.0,1070000.0,1070000.0,56,0.0,0.0
2025-03-25 14:06:00+09:00,1070500.0,1070500.0,1070000.0,1070000.0,31,0.0,0.0
2025-03-25 14:07:00+09:00,1070000.0,1071000.0,1070000.0,1071000.0,91,0.0,0.0
2025-03-25 14:08:00+09:00,1071000.0,1071000.0,1070000.0,1070000.0,69,0.0,0.0
2025-03-25 14:09:00+09:00,1070000.0,1071000.0,1070000.0,1070000.0,47,0.0,0.0
2025-03-25 14:10:00+09:00,1070000.0,1071000.0,1069000.0,1070000.0,109,0.0,0.0
2025-03-25 14:11:00+09:00,1070000.0,1071000.0,1070000.0,1070000.0,51,0.0,0.0
2025-03-25 14:12:00+09:00,1070000.0,1071500.0,1070000.0,1071000.0,82,0.0,0.0
2025-03-25 14:13:00+09:00,1070000.0,1071000.0,1069000.0,1070000.0,69,0.0,0.0
2025-03-25 14:14:00+09:00,1069000.0,1071000.0,1069000.0,1070000.0,101,0.0,0.0
2025-03-25 14:15:00+09:00,1070000.0,1071000.0,1069000.0,1069000.0,39,0.0,0.0
2025-03-25 14:16:00+09:00,1069000.0,1070000.0,1067000.0,1069000.0,121,0.0,0.0
2025-03-25 14:17:00+09:00,1069000.0,1069000.0,1067000.0,1067000.0,67,0.0,0.0
2025-03-25 14:18:00+09:00,1069000.0,1069000.0,1067000.0,1067000.0,58,0.0,0.0
2025-03-25 14:19:00+09:00,1069000.0,1070000.0,1066000.0,1069000.0,109,0.0,0.0
2025-03-25 14:20:00+09:00,1070000.0,1071000.0,1067000.0,1070000.0,271,0.0,0.0
2025-03-25 14:21:00+09:00,1071000.0,1073000.0,1069000.0,1072000.0,162,0.0,0.0
2025-03-25 14:22:00+09:00,1070000.0,1073000.0,1068000.0,1070000.0,66,0.0,0.0
2025-03-25 14:23:00+09:00,1068000.0,1073000.0,1068000.0,1069000.0,211,0.0,0.0
2025-03-25 14:24:00+09:00,1069000.0,1071000.0,1069000.0,1071000.0,46,0.0,0.0
2025-03-25 14:25:00+09:00,1071000.0,1071000.0,1070000.0,1071000.0,84,0.0,0.0
2025-03-25 14:26:00+09:00,1070000.0,1071000.0,1070000.0,1070000.0,35,0.0,0.0
2025-03-25 14:27:00+09:00,1071000.0,1071000.0,1070000.0,1070000.0,50,0.0,0.0
2025-03-25 14:28:00+09:00,1071000.0,1072000.0,1069000.0,1072000.0,102,0.0,0.0
2025-03-25 14:29:00+09:00,1071000.0,1073000.0,1068000.0,1070000.0,115,0.0,0.0
2025-03-25 14:30:00+09:00,1071000.0,1073000.0,1068000.0,1069000.0,126,0.0,0.0
2025-03-25 14:31:00+09:00,1069000.0,1073000.0,1069000.0,1072000.0,76,0.0,0.0
2025-03-25 14:32:00+09:00,1072000.0,1074000.0,1068000.0,1073000.0,117,0.0,0.0
2025-03-25 14:33:00+09:00,1072000.0,1074000.0,1067000.0,1072000.0,172,0.0,0.0
2025-03-25 14:34:00+09:00,1072000.0,1073000.0,1069000.0,1070000.0,66,0.0,0.0
2025-03-25 14:35:00+09:00,1070000.0,1073000.0,1068000.0,1070000.0,137,0.0,0.0
2025-03-25 14:36:00+09:00,1070000.0,1072000.0,1069000.0,1070000.0,180,0.0,0.0
2025-03-25 14:37:00+09:00,1071000.0,1072000.0,1069000.0,1071000.0,105,0.0,0.0
2025-03-25 14:38:00+09:00,1071000.0,1071000.0,1069000.0,1070000.0,109,0.0,0.0
2025-03-25 14:39:00+09:00,1070000.0,1072000.0,1070000.0,1071000.0,64,0.0,0.0
2025-03-25 14:40:00+09:00,1072000.0,1072000.0,1071000.0,1071000.0,67,0.0,0.0
2025-03-25 14:41:00+09:00,1071000.0,1072000.0,1069000.0,1072000.0,106,0.0,0.0
2025-03-25 14:42:00+09:00,1071000.0,1072000.0,1070000.0,1070000.0,49,0.0,0.0
2025-03-25 14:43:00+09:00,1070000.0,1071000.0,1070000.0,1070000.0,111,0.0,0.0
2025-03-25 14:44:00+09:00,1070000.0,1071000.0,1069000.0,1070000.0,79,0.0,0.0
2025-03-25 14:45:00+09:00,1069000.0,1072000.0,1069000.0,1069000.0,254,0.0,0.0
2025-03-25 14:46:00+09:00,1069000.0,1072000.0,1068000.0,1069000.0,168,0.0,0.0
2025-03-25 14:47:00+09:00,1069000.0,1072000.0,1068000.0,1071000.0,204,0.0,0.0
2025-03-25 14:48:00+09:00,1070000.0,1071000.0,1070000.0,1070000.0,27,0.0,0.0
2025-03-25 14:49:00+09:00,1071000.0,1071000.0,1070000.0,1070000.0,75,0.0,0.0
2025-03-25 14:50:00+09:00,1071000.0,1071000.0,1069000.0,1070000.0,202,0.0,0.0
2025-03-25 14:51:00+09:00,1071000.0,1072000.0,1070000.0,1071000.0,93,0.0,0.0
2025-03-25 14:52:00+09:00,1071000.0,1073000.0,1070000.0,1070000.0,258,0.0,0.0
2025-03-25 14:53:00+09:00,1072000.0,1073000.0,1070000.0,1072000.0,86,0.0,0.0
2025-03-25 14:54:00+09:00,1072000.0,1073000.0,1071000.0,1072000.0,140,0.0,0.0
2025-03-25 14:55:00+09:00,1072000.0,1073000.0,1069000.0,1072000.0,134,0.0,0.0
2025-03-25 14:56:00+09:00,1072000.0,1073000.0,1069000.0,1069000.0,104,0.0,0.0
2025-03-25 14:57:00+09:00,1069000.0,1071000.0,1069000.0,1071000.0,47,0.0,0.0
2025-03-25 14:58:00+09:00,1071000.0,1073000.0,1071000.0,1071000.0,81,0.0,0.0
2025-03-25 14:59:00+09:00,1071000.0,1072000.0,1070000.0,1070000.0,183,0.0,0.0
2025-03-26 09:00:00+09:00,1077000.0,1077000.0,1069000.0,1074000.0,766,0.0,0.0
2025-03-26 09:01:00+09:00,1074000.0,1074000.0,1069000.0,1072000.0,94,0.0,0.0
2025-03-26 09:02:00+09:00,1071000.0,1080000.0,1071000.0,1077000.0,434,0.0,0.0
2025-03-26 09:03:00+09:00,1078000.0,1079000.0,1073000.0,1077000.0,193,0.0,0.0
2025-03-26 09:04:00+09:00,1076000.0,1077000.0,1073000.0,1074000.0,121,0.0,0.0
2025-03-26 09:05:00+09:00,1073000.0,1077000.0,1073000.0,1074000.0,351,0.0,0.0
2025-03-26 09:06:00+09:00,1074000.0,1074000.0,1072000.0,1072000.0,31,0.0,0.0
2025-03-26 09:07:00+09:00,1073000.0,1076000.0,1073000.0,1075000.0,144,0.0,0.0
2025-03-26 09:08:00+09:00,1075000.0,1075000.0,1072000.0,1074000.0,425,0.0,0.0
2025-03-26 09:09:00+09:00,1071000.0,1074000.0,1070000.0,1074000.0,364,0.0,0.0
2025-03-26 09:10:00+09:00,1074000.0,1074000.0,1071000.0,1072000.0,75,0.0,0.0
2025-03-26 09:11:00+09:00,1072000.0,1073000.0,1069000.0,1071000.0,210,0.0,0.0
2025-03-26 09:12:00+09:00,1071000.0,1073000.0,1070000.0,1073000.0,197,0.0,0.0
2025-03-26 09:13:00+09:00,1073000.0,1073000.0,1070000.0,1070000.0,132,0.0,0.0
2025-03-26 09:14:00+09:00,1070000.0,1070000.0,1068000.0,1070000.0,133,0.0,0.0
2025-03-26 09:15:00+09:00,1069000.0,1070000.0,1069000.0,1069000.0,21,0.0,0.0
2025-03-26 09:16:00+09:00,1070000.0,1070000.0,1069000.0,1069000.0,46,0.0,0.0
2025-03-26 09:17:00+09:00,1069000.0,1069000.0,1068000.0,1068500.0,10,0.0,0.0
2025-03-26 09:18:00+09:00,1068500.0,1069000.0,1068000.0,1068000.0,332,0.0,0.0
2025-03-26 09:19:00+09:00,1068000.0,1070000.0,1067000.0,1068000.0,147,0.0,0.0
2025-03-26 09:20:00+09:00,1068000.0,1069000.0,1064000.0,1066000.0,397,0.0,0.0
2025-03-26 09:21:00+09:00,1066000.0,1066000.0,1065000.0,1066000.0,193,0.0,0.0
2025-03-26 09:22:00+09:00,1066000.0,1066000.0,1065000.0,1065000.0,17,0.0,0.0
2025-03-26 09:23:00+09:00,1065000.0,1065000.0,1063000.0,1063000.0,323,0.0,0.0
2025-03-26 09:24:00+09:00,1064000.0,1064000.0,1063000.0,1063000.0,156,0.0,0.0
2025-03-26 09:25:00+09:00,1063000.0,1063000.0,1062000.0,1063000.0,151,0.0,0.0
2025-03-26 09:26:00+09:00,1063000.0,1063000.0,1062000.0,1063000.0,140,0.0,0.0
2025-03-26 09:27:00+09:00,1063000.0,1063000.0,1062000.0,1063000.0,37,0.0,0.0
2025-03-26 09:28:00+09:00,1063000.0,1063000.0,1061000.0,1061000.0,340,0.0,0.0
2025-03-26 09:29:00+09:00,1061000.0,1062000.0,1061000.0,1061000.0,103,0.0,0.0
2025-03-26 09:30:00+09:00,1061000.0,1062000.0,1061000.0,1061000.0,111,0.0,0.0
2025-03-26 09:31:00+09:00,1062000.0,1066000.0,1062000.0,1064000.0,501,0.0,0.0
2025-03-26 09:32:00+09:00,1063000.0,1065000.0,1063000.0,1064000.0,56,0.0,0.0
2025-03-26 09:33:00+09:00,1064000.0,1064000.0,1063000.0,1064000.0,30,0.0,0.0
2025-03-26 09:34:00+09:00,1063000.0,1064000.0,1063000.0,1063000.0,30,0.0,0.0
2025-03-26 09:35:00+09:00,1064000.0,1064000.0,1062000.0,1063000.0,102,0.0,0.0
2025-03-26 09:36:00+09:00,1063000.0,1063000.0,1062000.0,1063000.0,34,0.0,0.0
2025-03-26 09:37:00+09:00,1062500.0,1063000.0,1062000.0,1062500.0,37,0.0,0.0
2025-03-26 09:38:00+09:00,1062500.0,1063000.0,1062000.0,1063000.0,18,0.0,0.0
2025-03-26 09:39:00+09:00,1062500.0,1062500.0,1061000.0,1062000.0,192,0.0,0.0
2025-03-26 09:40:00+09:00,1062000.0,1062000.0,1060000.0,1061000.0,238,0.0,0.0
2025-03-26 09:41:00+09:00,1060000.0,1061000.0,1060000.0,1061000.0,346,0.0,0.0
2025-03-26 09:42:00+09:00,1061000.0,1061500.0,1060000.0,1061000.0,91,0.0,0.0
2025-03-26 09:43:00+09:00,1061000.0,1061000.0,1060000.0,1061000.0,110,0.0,0.0
2025-03-26 09:44:00+09:00,1061000.0,1062000.0,1061000.0,1062000.0,40,0.0,0.0
2025-03-26 09:45:00+09:00,1061000.0,1062000.0,1061000.0,1062000.0,48,0.0,0.0
2025-03-26 09:46:00+09:00,1061000.0,1062000.0,1061000.0,1061000.0,30,0.0,0.0
2025-03-26 09:47:00+09:00,1062000.0,1062000.0,1061000.0,1062000.0,50,0.0,0.0
2025-03-26 09:48:00+09:00,1061000.0,1062000.0,1061000.0,1062000.0,28,0.0,0.0
2025-03-26 09:49:00+09:00,1061000.0,1062000.0,1061000.0,1062000.0,65,0.0,0.0
2025-03-26 09:50:00+09:00,1062000.0,1062000.0,1061000.0,1061000.0,9,0.0,0.0
2025-03-26 09:51:00+09:00,1062000.0,1062000.0,1061000.0,1061000.0,41,0.0,0.0
2025-03-26 09:52:00+09:00,1062000.0,1062000.0,1061000.0,1061500.0,11,0.0,0.0
2025-03-26 09:53:00+09:00,1062000.0,1062000.0,1061000.0,1061000.0,26,0.0,0.0
2025-03-26 09:54:00+09:00,1062000.0,1062000.0,1061000.0,1062000.0,35,0.0,0.0
2025-03-26 09:55:00+09:00,1062000.0,1062000.0,1061000.0,1061000.0,30,0.0,0.0
2025-03-26 09:56:00+09:00,1061000.0,1061000.0,1060000.0,1061000.0,161,0.0,0.0
2025-03-26 09:57:00+09:00,1061000.0,1061000.0,1061000.0,1061000.0,9,0.0,0.0
2025-03-26 09:58:00+09:00,1061000.0,1061000.0,1060000.0,1060000.0,45,0.0,0.0
2025-03-26 09:59:00+09:00,1060000.0,1061000.0,1060000.0,1060000.0,15,0.0,0.0
2025-03-26 10:00:00+09:00,1060000.0,1061000.0,1060000.0,1061000.0,289,0.0,0.0
2025-03-26 10:01:00+09:00,1061000.0,1061000.0,1060000.0,1060000.0,95,0.0,0.0
2025-03-26 10:02:00+09:00,1060000.0,1061000.0,1059000.0,1059000.0,113,0.0,0.0
2025-03-26 10:03:00+09:00,1059000.0,1060000.0,1059000.0,1060000.0,13,0.0,0.0
2025-03-26 10:04:00+09:00,1060000.0,1060000.0,1059000.0,1060000.0,187,0.0,0.0
2025-03-26 10:05:00+09:00,1060000.0,1060000.0,1059000.0,1059500.0,47,0.0,0.0
2025-03-26 10:06:00+09:00,1060000.0,1060000.0,1059000.0,1059000.0,22,0.0,0.0
2025-03-26 10:07:00+09:00,1060000.0,1060000.0,1057000.0,1059000.0,514,0.0,0.0
2025-03-26 10:08:00+09:00,1059000.0,1059000.0,1057000.0,1058000.0,124,0.0,0.0
2025-03-26 10:09:00+09:00,1058000.0,1059000.0,1058000.0,1059000.0,254,0.0,0.0
2025-03-26 10:10:00+09:00,1058000.0,1062000.0,1058000.0,1062000.0,248,0.0,0.0
2025-03-26 10:11:00+09:00,1062000.0,1062000.0,1061000.0,1062000.0,32,0.0,0.0
2025-03-26 10:12:00+09:00,1061000.0,1062000.0,1061000.0,1062000.0,30,0.0,0.0
2025-03-26 10:13:00+09:00,1062000.0,1062000.0,1061000.0,1062000.0,97,0.0,0.0
2025-03-26 10:14:00+09:00,1061000.0,1062000.0,1061000.0,1062000.0,50,0.0,0.0
2025-03-26 10:15:00+09:00,1062000.0,1062000.0,1061000.0,1061000.0,59,0.0,0.0
2025-03-26 10:16:00+09:00,1060000.0,1061000.0,1060000.0,1060000.0,23,0.0,0.0
2025-03-26 10:17:00+09:00,1060000.0,1062000.0,1060000.0,1062000.0,160,0.0,0.0
2025-03-26 10:18:00+09:00,1062000.0,1062000.0,1062000.0,1062000.0,44,0.0,0.0
2025-03-26 10:19:00+09:00,1062000.0,1063000.0,1062000.0,1063000.0,17,0.0,0.0
2025-03-26 10:20:00+09:00,1062000.0,1063000.0,1061000.0,1062000.0,84,0.0,0.0
2025-03-26 10:21:00+09:00,1062000.0,1062000.0,1061000.0,1061000.0,28,0.0,0.0
2025-03-26 10:22:00+09:00,1061000.0,1062000.0,1061000.0,1062000.0,17,0.0,0.0
2025-03-26 10:23:00+09:00,1062000.0,1062000.0,1061000.0,1062000.0,68,0.0,0.0
2025-03-26 10:24:00+09:00,1061000.0,1062000.0,1061000.0,1062000.0,16,0.0,0.0
2025-03-26 10:25:00+09:00,1061000.0,1062000.0,1060000.0,1060000.0,37,0.0,0.0
2025-03-26 10:26:00+09:00,1060000.0,1061000.0,1060000.0,1060000.0,31,0.0,0.0
2025-03-26 10:27:00+09:00,1061000.0,1061000.0,1060000.0,1061000.0,14,0.0,0.0
2025-03-26 10:28:00+09:00,1060000.0,1061000.0,1059000.0,1059000.0,69,0.0,0.0
2025-03-26 10:29:00+09:00,1060000.0,1060000.0,1059000.0,1059000.0,77,0.0,0.0
2025-03-26 10:30:00+09:00,1060000.0,1060000.0,1059000.0,1060000.0,23,0.0,0.0
2025-03-26 10:31:00+09:00,1059000.0,1060000.0,1059000.0,1060000.0,25,0.0,0.0
2025-03-26 10:32:00+09:00,1059000.0,1060000.0,1059000.0,1060000.0,22,0.0,0.0
2025-03-26 10:33:00+09:00,1060000.0,1060000.0,1059000.0,1059500.0,38,0.0,0.0
2025-03-26 10:34:00+09:00,1060000.0,1060000.0,1059000.0,1059000.0,70,0.0,0.0
2025-03-26 10:35:00+09:00,1060000.0,1061000.0,1060000.0,1060000.0,202,0.0,0.0
2025-03-26 10:36:00+09:00,1061000.0,1061000.0,1059000.0,1059000.0,97,0.0,0.0
2025-03-26 10:37:00+09:00,1059000.0,1060000.0,1059000.0,1060000.0,10,0.0,0.0
2025-03-26 10:38:00+09:00,1059000.0,1060000.0,1059000.0,1059000.0,19,0.0,0.0
2025-03-26 10:39:00+09:00,1060000.0,1060000.0,1059000.0,1060000.0,16,0.0,0.0
2025-03-26 10:40:00+09:00,1060000.0,1060000.0,1059000.0,1060000.0,27,0.0,0.0
2025-03-26 10:41:00+09:00,1060000.0,1060000.0,1059000.0,1060000.0,34,0.0,0.0
2025-03-26 10:42:00+09:00,1060000.0,1060000.0,1059000.0,1059000.0,15,0.0,0.0
2025-03-26 10:43:00+09:00,1060000.0,1061000.0,1060000.0,1061000.0,225,0.0,0.0
2025-03-26 10:44:00+09:00,1061000.0,1061000.0,1060000.0,1060000.0,30,0.0,0.0
2025-03-26 10:45:00+09:00,1061000.0,1062000.0,1060000.0,1061000.0,101,0.0,0.0
2025-03-26 10:46:00+09:00,1062000.0,1063000.0,1061000.0,1061000.0,126,0.0,0.0
2025-03-26 10:47:00+09:00,1061000.0,1062000.0,1061000.0,1062000.0,11,0.0,0.0
2025-03-26 10:48:00+09:00,1062000.0,1062000.0,1061000.0,1061000.0,13,0.0,0.0
2025-03-26 10:49:00+09:00,1061000.0,1062000.0,1061000.0,1062000.0,36,0.0,0.0
2025-03-26 10:50:00+09:00,1062000.0,1063000.0,1062000.0,1063000.0,86,0.0,0.0
2025-03-26 10:51:00+09:00,1063000.0,1063000.0,1062000.0,1063000.0,12,0.0,0.0
2025-03-26 10:52:00+09:00,1063000.0,1064000.0,1062000.0,1063000.0,93,0.0,0.0
2025-03-26 10:53:00+09:00,1064000.0,1064000.0,1063000.0,1064000.0,288,0.0,0.0
2025-03-26 10:54:00+09:00,1063000.0,1064000.0,1063000.0,1064000.0,130,0.0,0.0
2025-03-26 10:55:00+09:00,1064000.0,1065000.0,1064000.0,1064000.0,10,0.0,0.0
2025-03-26 10:56:00+09:00,1065000.0,1065000.0,1064000.0,1065000.0,12,0.0,0.0
2025-03-26 10:57:00+09:00,1064000.0,1065000.0,1064000.0,1065000.0,16,0.0,0.0
2025-03-26 10:58:00+09:00,1065000.0,1065000.0,1064000.0,1065000.0,13,0.0,0.0
2025-03-26 10:59:00+09:00,1065000.0,1065000.0,1062000.0,1062000.0,216,0.0,0.0
2025-03-26 11:00:00+09:00,1063000.0,1063000.0,1062000.0,1062000.0,361,0.0,0.0
2025-03-26 11:01:00+09:00,1063000.0,1063000.0,1062000.0,1062000.0,22,0.0,0.0
2025-03-26 11:02:00+09:00,1063000.0,1063000.0,1062000.0,1063000.0,21,0.0,0.0
2025-03-26 11:03:00+09:00,1063000.0,1064000.0,1062000.0,1064000.0,56,0.0,0.0
2025-03-26 11:04:00+09:00,1064000.0,1064000.0,1063000.0,1063000.0,47,0.0,0.0
2025-03-26 11:05:00+09:00,1064000.0,1064000.0,1063000.0,1063000.0,13,0.0,0.0
2025-03-26 11:06:00+09:00,1063000.0,1064000.0,1063000.0,1064000.0,19,0.0,0.0
2025-03-26 11:07:00+09:00,1063000.0,1064000.0,1063000.0,1063000.0,20,0.0,0.0
2025-03-26 11:08:00+09:00,1064000.0,1064000.0,1063000.0,1064000.0,13,0.0,0.0
2025-03-26 11:09:00+09:00,1064000.0,1064000.0,1063000.0,1064000.0,12,0.0,0.0
2025-03-26 11:10:00+09:00,1064000.0,1064000.0,1063000.0,1064000.0,68,0.0,0.0
2025-03-26 11:11:00+09:00,1064000.0,1064000.0,1063000.0,1063000.0,20,0.0,0.0
2025-03-26 11:12:00+09:00,1064000.0,1064000.0,1063000.0,1063000.0,19,0.0,0.0
2025-03-26 11:13:00+09:00,1063000.0,1064000.0,1063000.0,1063000.0,138,0.0,0.0
2025-03-26 11:14:00+09:00,1064000.0,1064000.0,1063000.0,1064000.0,20,0.0,0.0
2025-03-26 11:15:00+09:00,1064000.0,1064000.0,1063000.0,1064000.0,13,0.0,0.0
2025-03-26 11:16:00+09:00,1064000.0,1064000.0,1063000.0,1064000.0,25,0.0,0.0
2025-03-26 11:17:00+09:00,1063000.0,1064000.0,1063000.0,1064000.0,18,0.0,0.0
2025-03-26 11:18:00+09:00,1064000.0,1064000.0,1063000.0,1064000.0,23,0.0,0.0
2025-03-26 11:19:00+09:00,1063000.0,1065000.0,1063000.0,1065000.0,150,0.0,0.0
2025-03-26 11:20:00+09:00,1064000.0,1065000.0,1064000.0,1065000.0,21,0.0,0.0
2025-03-26 11:21:00+09:00,1064000.0,1065000.0,1064000.0,1064000.0,15,0.0,0.0
2025-03-26 11:22:00+09:00,1065000.0,1065000.0,1064000.0,1064000.0,60,0.0,0.0
2025-03-26 11:23:00+09:00,1064000.0,1066000.0,1064000.0,1065000.0,143,0.0,0.0
2025-03-26 11:24:00+09:00,1065000.0,1066000.0,1064000.0,1065000.0,48,0.0,0.0
2025-03-26 11:25:00+09:00,1066000.0,1069000.0,1065000.0,1069000.0,123,0.0,0.0
2025-03-26 11:26:00+09:00,1068000.0,1068000.0,1066000.0,1066000.0,31,0.0,0.0
2025-03-26 11:27:00+09:00,1067000.0,1067000.0,1066000.0,1067000.0,38,0.0,0.0
2025-03-26 11:28:00+09:00,1067000.0,1067000.0,1066000.0,1067000.0,20,0.0,0.0
2025-03-26 11:29:00+09:00,1066000.0,1067000.0,1066000.0,1066000.0,21,0.0,0.0
2025-03-26 11:30:00+09:00,1066000.0,1067000.0,1065000.0,1065000.0,36,0.0,0.0
2025-03-26 11:31:00+09:00,1065000.0,1066000.0,1065000.0,1065000.0,11,0.0,0.0
2025-03-26 11:32:00+09:00,1066000.0,1068000.0,1066000.0,1068000.0,253,0.0,0.0
2025-03-26 11:33:00+09:00,1068000.0,1068000.0,1067000.0,1068000.0,16,0.0,0.0
2025-03-26 11:34:00+09:00,1068000.0,1068000.0,1067000.0,1067000.0,9,0.0,0.0
2025-03-26 11:35:00+09:00,1068000.0,1068000.0,1067000.0,1067000.0,20,0.0,0.0
2025-03-26 11:36:00+09:00,1067000.0,1068000.0,1067000.0,1068000.0,16,0.0,0.0
2025-03-26 11:37:00+09:00,1067000.0,1068000.0,1067000.0,1068000.0,25,0.0,0.0
2025-03-26 11:38:00+09:00,1067000.0,1068000.0,1067000.0,1068000.0,17,0.0,0.0
2025-03-26 11:39:00+09:00,1068000.0,1068000.0,1067000.0,1068000.0,30,0.0,0.0
2025-03-26 11:40:00+09:00,1067000.0,1068000.0,1066000.0,1068000.0,160,0.0,0.0
2025-03-26 11:41:00+09:00,1068000.0,1069000.0,1068000.0,1068000.0,42,0.0,0.0
2025-03-26 11:42:00+09:00,1068000.0,1069000.0,1068000.0,1068000.0,36,0.0,0.0
2025-03-26 11:43:00+09:00,1069000.0,1069000.0,1068000.0,1068000.0,33,0.0,0.0
2025-03-26 11:44:00+09:00,1068000.0,1069000.0,1068000.0,1069000.0,13,0.0,0.0
2025-03-26 11:45:00+09:00,1068500.0,1069000.0,1068000.0,1069000.0,25,0.0,0.0
2025-03-26 11:46:00+09:00,1068000.0,1069000.0,1068000.0,1068000.0,96,0.0,0.0
2025-03-26 11:47:00+09:00,1067000.0,1069000.0,1067000.0,1068000.0,47,0.0,0.0
2025-03-26 11:48:00+09:00,1069000.0,1069000.0,1067000.0,1067000.0,16,0.0,0.0
2025-03-26 11:49:00+09:00,1068000.0,1068000.0,1067000.0,1068000.0,29,0.0,0.0
2025-03-26 11:50:00+09:00,1067000.0,1069000.0,1067000.0,1069000.0,32,0.0,0.0
2025-03-26 11:51:00+09:00,1069000.0,1069000.0,1068000.0,1068000.0,15,0.0,0.0
2025-03-26 11:52:00+09:00,1069000.0,1069000.0,1067000.0,1068000.0,46,0.0,0.0
2025-03-26 11:53:00+09:00,1067000.0,1068000.0,1067000.0,1067000.0,18,0.0,0.0
2025-03-26 11:54:00+09:00,1068000.0,1068000.0,1067000.0,1068000.0,19,0.0,0.0
2025-03-26 11:55:00+09:00,1068000.0,1068000.0,1067000.0,1067000.0,8,0.0,0.0
2025-03-26 11:56:00+09:00,1067000.0,1068000.0,1067000.0,1067000.0,19,0.0,0.0
2025-03-26 11:57:00+09:00,1067000.0,1068000.0,1067000.0,1067000.0,62,0.0,0.0
2025-03-26 11:58:00+09:00,1068000.0,1068000.0,1066000.0,1068000.0,16,0.0,0.0
2025-03-26 11:59:00+09:00,1068000.0,1068000.0,1067000.0,1068000.0,25,0.0,0.0
2025-03-26 12:00:00+09:00,1068000.0,1068000.0,1067000.0,1067000.0,26,0.0,0.0
2025-03-26 12:01:00+09:00,1067000.0,1071000.0,1066000.0,1069000.0,648,0.0,0.0
2025-03-26 12:02:00+09:00,1068000.0,1069000.0,1068000.0,1069000.0,32,0.0,0.0
2025-03-26 12:03:00+09:00,1069000.0,1069000.0,1069000.0,1069000.0,2,0.0,0.0
2025-03-26 12:04:00+09:00,1068000.0,1072000.0,1068000.0,1071000.0,417,0.0,0.0
2025-03-26 12:05:00+09:00,1071000.0,1072000.0,1070000.0,1071000.0,94,0.0,0.0
2025-03-26 12:06:00+09:00,1070000.0,1071000.0,1070000.0,1071000.0,36,0.0,0.0
2025-03-26 12:07:00+09:00,1071000.0,1071000.0,1070000.0,1070000.0,10,0.0,0.0
2025-03-26 12:08:00+09:00,1070000.0,1071000.0,1070000.0,1071000.0,47,0.0,0.0
2025-03-26 12:09:00+09:00,1071000.0,1071000.0,1070000.0,1070000.0,68,0.0,0.0
2025-03-26 12:10:00+09:00,1070000.0,1071000.0,1070000.0,1071000.0,62,0.0,0.0
2025-03-26 12:11:00+09:00,1071000.0,1071000.0,1070000.0,1070000.0,9,0.0,0.0
2025-03-26 12:12:00+09:00,1071000.0,1071000.0,1070000.0,1070000.0,14,0.0,0.0
2025-03-26 12:13:00+09:00,1070000.0,1071000.0,1070000.0,1071000.0,8,0.0,0.0
2025-03-26 12:14:00+09:00,1070000.0,1071000.0,1070000.0,1070000.0,60,0.0,0.0
2025-03-26 12:15:00+09:00,1071000.0,1071000.0,1070000.0,1071000.0,137,0.0,0.0
2025-03-26 12:16:00+09:00,1071000.0,1071000.0,1070000.0,1070000.0,21,0.0,0.0
2025-03-26 12:17:00+09:00,1071000.0,1071000.0,1070000.0,1071000.0,84,0.0,0.0
2025-03-26 12:18:00+09:00,1071000.0,1071000.0,1070000.0,1070000.0,7,0.0,0.0
2025-03-26 12:19:00+09:00,1071000.0,1071000.0,1070000.0,1071000.0,5,0.0,0.0
2025-03-26 12:20:00+09:00,1070000.0,1071000.0,1070000.0,1071000.0,8,0.0,0.0
2025-03-26 12:21:00+09:00,1070000.0,1071000.0,1070000.0,1070000.0,84,0.0,0.0
2025-03-26 12:22:00+09:00,1071000.0,1071000.0,1071000.0,1071000.0,22,0.0,0.0
2025-03-26 12:23:00+09:00,1071000.0,1072000.0,1070000.0,1071000.0,77,0.0,0.0
2025-03-26 12:24:00+09:00,1071000.0,1072000.0,1071000.0,1072000.0,9,0.0,0.0
2025-03-26 12:25:00+09:00,1072000.0,1072000.0,1071000.0,1071000.0,123,0.0,0.0
2025-03-26 12:26:00+09:00,1072000.0,1072000.0,1071000.0,1072000.0,99,0.0,0.0
2025-03-26 12:27:00+09:00,1072000.0,1073000.0,1072000.0,1072000.0,25,0.0,0.0
2025-03-26 12:28:00+09:00,1073000.0,1073000.0,1069000.0,1070000.0,115,0.0,0.0
2025-03-26 12:29:00+09:00,1071000.0,1071000.0,1070000.0,1071000.0,18,0.0,0.0
2025-03-26 12:30:00+09:00,1071000.0,1071000.0,1070000.0,1070000.0,36,0.0,0.0
2025-03-26 12:31:00+09:00,1071000.0,1073000.0,1069000.0,1069000.0,260,0.0,0.0
2025-03-26 12:32:00+09:00,1071000.0,1072000.0,1071000.0,1072000.0,6,0.0,0.0
2025-03-26 12:33:00+09:00,1071000.0,1072000.0,1069000.0,1072000.0,10,0.0,0.0
2025-03-26 12:34:00+09:00,1072000.0,1072000.0,1069000.0,1069000.0,15,0.0,0.0
2025-03-26 12:35:00+09:00,1070000.0,1072000.0,1069000.0,1072000.0,67,0.0,0.0
2025-03-26 12:36:00+09:00,1071000.0,1072000.0,1071000.0,1071000.0,22,0.0,0.0
2025-03-26 12:37:00+09:00,1071000.0,1073000.0,1071000.0,1072000.0,75,0.0,0.0
2025-03-26 12:38:00+09:00,1072000.0,1072000.0,1071000.0,1072000.0,11,0.0,0.0
2025-03-26 12:39:00+09:00,1071000.0,1072000.0,1071000.0,1072000.0,16,0.0,0.0
2025-03-26 12:40:00+09:00,1071000.0,1072000.0,1071000.0,1071000.0,10,0.0,0.0
2025-03-26 12:41:00+09:00,1071000.0,1072000.0,1070000.0,1070000.0,59,0.0,0.0
2025-03-26 12:42:00+09:00,1071000.0,1071000.0,1070000.0,1071000.0,20,0.0,0.0
2025-03-26 12:43:00+09:00,1071000.0,1072000.0,1070000.0,1072000.0,93,0.0,0.0
2025-03-26 12:44:00+09:00,1072000.0,1072000.0,1072000.0,1072000.0,7,0.0,0.0
2025-03-26 12:45:00+09:00,1071000.0,1073000.0,1071000.0,1073000.0,75,0.0,0.0
2025-03-26 12:46:00+09:00,1072000.0,1073000.0,1072000.0,1073000.0,13,0.0,0.0
2025-03-26 12:47:00+09:00,1072000.0,1073000.0,1072000.0,1073000.0,44,0.0,0.0
2025-03-26 12:48:00+09:00,1073000.0,1074000.0,1073000.0,1074000.0,88,0.0,0.0
2025-03-26 12:49:00+09:00,1073000.0,1073000.0,1072000.0,1072000.0,17,0.0,0.0
2025-03-26 12:50:00+09:00,1073000.0,1073000.0,1072000.0,1073000.0,13,0.0,0.0
2025-03-26 12:51:00+09:00,1073000.0,1074000.0,1073000.0,1073000.0,66,0.0,0.0
2025-03-26 12:52:00+09:00,1074000.0,1074000.0,1073000.0,1074000.0,19,0.0,0.0
2025-03-26 12:53:00+09:00,1073000.0,1074000.0,1073000.0,1074000.0,51,0.0,0.0
2025-03-26 12:54:00+09:00,1073000.0,1074000.0,1073000.0,1074000.0,18,0.0,0.0
2025-03-26 12:55:00+09:00,1074000.0,1074000.0,1073000.0,1074000.0,12,0.0,0.0
2025-03-26 12:56:00+09:00,1073000.0,1074000.0,1073000.0,1073000.0,22,0.0,0.0
2025-03-26 12:57:00+09:00,1073000.0,1074000.0,1070000.0,1070000.0,83,0.0,0.0
2025-03-26 12:58:00+09:00,1070000.0,1072000.0,1070000.0,1071000.0,76,0.0,0.0
2025-03-26 12:59:00+09:00,1071000.0,1072000.0,1071000.0,1071000.0,14,0.0,0.0
2025-03-26 13:00:00+09:00,1071000.0,1072000.0,1071000.0,1072000.0,50,0.0,0.0
2025-03-26 13:01:00+09:00,1072000.0,1072000.0,1071000.0,1071000.0,20,0.0,0.0
2025-03-26 13:02:00+09:00,1072000.0,1072000.0,1071000.0,1071000.0,62,0.0,0.0
2025-03-26 13:03:00+09:00,1072000.0,1072000.0,1071000.0,1071000.0,72,0.0,0.0
2025-03-26 13:04:00+09:00,1072000.0,1072000.0,1071000.0,1072000.0,12,0.0,0.0
2025-03-26 13:05:00+09:00,1071000.0,1072000.0,1071000.0,1072000.0,232,0.0,0.0
2025-03-26 13:06:00+09:00,1072000.0,1072000.0,1071000.0,1072000.0,21,0.0,0.0
2025-03-26 13:07:00+09:00,1072000.0,1072000.0,1071000.0,1071000.0,6,0.0,0.0
2025-03-26 13:08:00+09:00,1071000.0,1072000.0,1071000.0,1072000.0,44,0.0,0.0
2025-03-26 13:09:00+09:00,1071000.0,1072000.0,1071000.0,1072000.0,15,0.0,0.0
2025-03-26 13:10:00+09:00,1072000.0,1072000.0,1071000.0,1071000.0,86,0.0,0.0
2025-03-26 13:11:00+09:00,1072000.0,1072000.0,1071000.0,1071000.0,15,0.0,0.0
2025-03-26 13:12:00+09:00,1072000.0,1072000.0,1071000.0,1072000.0,151,0.0,0.0
2025-03-26 13:13:00+09:00,1072000.0,1072000.0,1071000.0,1071000.0,11,0.0,0.0
2025-03-26 13:14:00+09:00,1071000.0,1072000.0,1071000.0,1072000.0,40,0.0,0.0
2025-03-26 13:15:00+09:00,1072000.0,1072000.0,1071000.0,1071000.0,10,0.0,0.0
2025-03-26 13:16:00+09:00,1072000.0,1072000.0,1071000.0,1071000.0,78,0.0,0.0
2025-03-26 13:17:00+09:00,1070000.0,1071000.0,1070000.0,1071000.0,14,0.0,0.0
2025-03-26 13:18:00+09:00,1071000.0,1071000.0,1070000.0,1071000.0,99,0.0,0.0
2025-03-26 13:19:00+09:00,1070000.0,1071000.0,1070000.0,1071000.0,9,0.0,0.0
2025-03-26 13:20:00+09:00,1070000.0,1071000.0,1070000.0,1070000.0,47,0.0,0.0
2025-03-26 13:21:00+09:00,1071000.0,1071000.0,1070000.0,1071000.0,30,0.0,0.0
2025-03-26 13:22:00+09:00,1071000.0,1071000.0,1070000.0,1071000.0,12,0.0,0.0
2025-03-26 13:23:00+09:00,1070000.0,1072000.0,1070000.0,1071000.0,202,0.0,0.0
2025-03-26 13:24:00+09:00,1071000.0,1072000.0,1069000.0,1070000.0,157,0.0,0.0
2025-03-26 13:25:00+09:00,1070000.0,1072000.0,1069000.0,1070000.0,442,0.0,0.0
2025-03-26 13:26:00+09:00,1069000.0,1071000.0,1069000.0,1071000.0,53,0.0,0.0
2025-03-26 13:27:00+09:00,1071000.0,1072000.0,1070000.0,1071000.0,97,0.0,0.0
2025-03-26 13:28:00+09:00,1071000.0,1072000.0,1070000.0,1072000.0,42,0.0,0.0
2025-03-26 13:29:00+09:00,1072000.0,1072000.0,1071000.0,1071000.0,21,0.0,0.0
2025-03-26 13:30:00+09:00,1072000.0,1073000.0,1071000.0,1071000.0,125,0.0,0.0
2025-03-26 13:31:00+09:00,1071000.0,1072000.0,1071000.0,1071000.0,34,0.0,0.0
2025-03-26 13:32:00+09:00,1071000.0,1072000.0,1071000.0,1071000.0,27,0.0,0.0
2025-03-26 13:33:00+09:00,1072000.0,1072000.0,1071000.0,1072000.0,46,0.0,0.0
2025-03-26 13:34:00+09:00,1072000.0,1072000.0,1071000.0,1071000.0,15,0.0,0.0
2025-03-26 13:35:00+09:00,1072000.0,1072000.0,1071000.0,1071000.0,57,0.0,0.0
2025-03-26 13:36:00+09:00,1071000.0,1072000.0,1071000.0,1072000.0,55,0.0,0.0
2025-03-26 13:37:00+09:00,1071000.0,1072000.0,1071000.0,1072000.0,31,0.0,0.0
2025-03-26 13:38:00+09:00,1071500.0,1072000.0,1071000.0,1072000.0,53,0.0,0.0
2025-03-26 13:39:00+09:00,1072000.0,1072000.0,1071000.0,1072000.0,46,0.0,0.0
2025-03-26 13:40:00+09:00,1071000.0,1072000.0,1071000.0,1071000.0,34,0.0,0.0
2025-03-26 13:41:00+09:00,1071000.0,1072000.0,1071000.0,1072000.0,180,0.0,0.0
2025-03-26 13:42:00+09:00,1071000.0,1073000.0,1071000.0,1072000.0,273,0.0,0.0
2025-03-26 13:43:00+09:00,1073000.0,1073000.0,1072000.0,1073000.0,16,0.0,0.0
2025-03-26 13:44:00+09:00,1073000.0,1073000.0,1072000.0,1073000.0,126,0.0,0.0
2025-03-26 13:45:00+09:00,1073000.0,1074000.0,1072000.0,1074000.0,70,0.0,0.0
2025-03-26 13:46:00+09:00,1074000.0,1074000.0,1073000.0,1074000.0,20,0.0,0.0
2025-03-26 13:47:00+09:00,1074000.0,1074000.0,1073000.0,1074000.0,77,0.0,0.0
2025-03-26 13:48:00+09:00,1073000.0,1074000.0,1073000.0,1074000.0,63,0.0,0.0
2025-03-26 13:49:00+09:00,1074000.0,1074000.0,1073000.0,1074000.0,24,0.0,0.0
2025-03-26 13:50:00+09:00,1073000.0,1074000.0,1073000.0,1073000.0,53,0.0,0.0
2025-03-26 13:51:00+09:00,1073000.0,1074000.0,1073000.0,1073000.0,33,0.0,0.0
2025-03-26 13:52:00+09:00,1074000.0,1074000.0,1073000.0,1073000.0,81,0.0,0.0
2025-03-26 13:53:00+09:00,1074000.0,1074000.0,1073000.0,1074000.0,23,0.0,0.0
2025-03-26 13:54:00+09:00,1073000.0,1074000.0,1073000.0,1073000.0,248,0.0,0.0
2025-03-26 13:55:00+09:00,1072000.0,1073000.0,1072000.0,1073000.0,82,0.0,0.0
2025-03-26 13:56:00+09:00,1073000.0,1073000.0,1072000.0,1073000.0,51,0.0,0.0
2025-03-26 13:57:00+09:00,1072000.0,1074000.0,1072000.0,1074000.0,86,0.0,0.0
2025-03-26 13:58:00+09:00,1074000.0,1074000.0,1073000.0,1073000.0,19,0.0,0.0
2025-03-26 13:59:00+09:00,1073000.0,1074000.0,1073000.0,1074000.0,20,0.0,0.0
2025-03-26 14:00:00+09:00,1074000.0,1074000.0,1073000.0,1074000.0,37,0.0,0.0
2025-03-26 14:01:00+09:00,1074000.0,1074000.0,1073000.0,1073000.0,26,0.0,0.0
2025-03-26 14:02:00+09:00,1074000.0,1074000.0,1073000.0,1074000.0,31,0.0,0.0
2025-03-26 14:03:00+09:00,1074000.0,1074000.0,1073000.0,1073000.0,48,0.0,0.0
2025-03-26 14:04:00+09:00,1073000.0,1074000.0,1073000.0,1073000.0,18,0.0,0.0
2025-03-26 14:05:00+09:00,1074000.0,1074000.0,1073000.0,1074000.0,50,0.0,0.0
2025-03-26 14:06:00+09:00,1074000.0,1074000.0,1073000.0,1073000.0,49,0.0,0.0
2025-03-26 14:07:00+09:00,1073000.0,1074000.0,1073000.0,1074000.0,38,0.0,0.0
2025-03-26 14:08:00+09:00,1073000.0,1074000.0,1073000.0,1074000.0,30,0.0,0.0
2025-03-26 14:09:00+09:00,1074000.0,1074000.0,1073000.0,1073000.0,32,0.0,0.0
2025-03-26 14:10:00+09:00,1074000.0,1074000.0,1073000.0,1074000.0,63,0.0,0.0
2025-03-26 14:11:00+09:00,1074000.0,1074000.0,1073000.0,1073000.0,52,0.0,0.0
2025-03-26 14:12:00+09:00,1073000.0,1074000.0,1073000.0,1074000.0,45,0.0,0.0
2025-03-26 14:13:00+09:00,1073000.0,1075000.0,1073000.0,1074000.0,198,0.0,0.0
2025-03-26 14:14:00+09:00,1075000.0,1075000.0,1074000.0,1074000.0,23,0.0,0.0
2025-03-26 14:15:00+09:00,1075000.0,1075000.0,1074000.0,1074000.0,33,0.0,0.0
2025-03-26 14:16:00+09:00,1075000.0,1075000.0,1074000.0,1075000.0,197,0.0,0.0
2025-03-26 14:17:00+09:00,1075000.0,1075000.0,1074000.0,1075000.0,47,0.0,0.0
2025-03-26 14:18:00+09:00,1074000.0,1075000.0,1074000.0,1075000.0,71,0.0,0.0
2025-03-26 14:19:00+09:00,1074000.0,1075000.0,1073000.0,1073000.0,78,0.0,0.0
2025-03-26 14:20:00+09:00,1073000.0,1074000.0,1071000.0,1072000.0,158,0.0,0.0
2025-03-26 14:21:00+09:00,1072000.0,1073000.0,1071000.0,1071000.0,194,0.0,0.0
2025-03-26 14:22:00+09:00,1070000.0,1072000.0,1070000.0,1072000.0,86,0.0,0.0
2025-03-26 14:23:00+09:00,1070000.0,1072000.0,1070000.0,1071000.0,67,0.0,0.0
2025-03-26 14:24:00+09:00,1072000.0,1072000.0,1071000.0,1072000.0,37,0.0,0.0
2025-03-26 14:25:00+09:00,1071000.0,1072000.0,1071000.0,1072000.0,55,0.0,0.0
2025-03-26 14:26:00+09:00,1072000.0,1072000.0,1070000.0,1071000.0,75,0.0,0.0
2025-03-26 14:27:00+09:00,1071000.0,1072000.0,1071000.0,1072000.0,69,0.0,0.0
2025-03-26 14:28:00+09:00,1072000.0,1072000.0,1071000.0,1072000.0,38,0.0,0.0
2025-03-26 14:29:00+09:00,1072000.0,1072000.0,1071000.0,1071000.0,52,0.0,0.0
2025-03-26 14:30:00+09:00,1072000.0,1072000.0,1071000.0,1071000.0,27,0.0,0.0
2025-03-26 14:31:00+09:00,1072000.0,1072000.0,1071000.0,1071000.0,41,0.0,0.0
2025-03-26 14:32:00+09:00,1072000.0,1072000.0,1071000.0,1071000.0,46,0.0,0.0
2025-03-26 14:33:00+09:00,1071000.0,1072000.0,1071000.0,1071000.0,59,0.0,0.0
2025-03-26 14:34:00+09:00,1072000.0,1072000.0,1071000.0,1071000.0,76,0.0,0.0
2025-03-26 14:35:00+09:00,1072000.0,1072000.0,1071000.0,1071000.0,39,0.0,0.0
2025-03-26 14:36:00+09:00,1072000.0,1074000.0,1070500.0,1073000.0,273,0.0,0.0
2025-03-26 14:37:00+09:00,1073000.0,1074000.0,1073000.0,1073000.0,46,0.0,0.0
2025-03-26 14:38:00+09:00,1074000.0,1074000.0,1073000.0,1073000.0,30,0.0,0.0
2025-03-26 14:39:00+09:00,1074000.0,1074000.0,1073000.0,1073000.0,74,0.0,0.0
2025-03-26 14:40:00+09:00,1074000.0,1074000.0,1073000.0,1073000.0,29,0.0,0.0
2025-03-26 14:41:00+09:00,1074000.0,1074000.0,1073000.0,1074000.0,62,0.0,0.0
2025-03-26 14:42:00+09:00,1074000.0,1074000.0,1073000.0,1074000.0,94,0.0,0.0
2025-03-26 14:43:00+09:00,1074000.0,1074000.0,1072000.0,1072000.0,37,0.0,0.0
2025-03-26 14:44:00+09:00,1072000.0,1073000.0,1070000.0,1071500.0,244,0.0,0.0
2025-03-26 14:45:00+09:00,1071500.0,1073000.0,1071000.0,1071000.0,68,0.0,0.0
2025-03-26 14:46:00+09:00,1072000.0,1072000.0,1071000.0,1071000.0,95,0.0,0.0
2025-03-26 14:47:00+09:00,1072000.0,1073000.0,1071000.0,1072000.0,195,0.0,0.0
2025-03-26 14:48:00+09:00,1073000.0,1073000.0,1072000.0,1072000.0,29,0.0,0.0
2025-03-26 14:49:00+09:00,1073000.0,1073000.0,1072000.0,1073000.0,44,0.0,0.0
2025-03-26 14:50:00+09:00,1073000.0,1073000.0,1072000.0,1073000.0,44,0.0,0.0
2025-03-26 14:51:00+09:00,1072000.0,1073000.0,1072000.0,1072000.0,58,0.0,0.0
2025-03-26 14:52:00+09:00,1073000.0,1073000.0,1072000.0,1072000.0,65,0.0,0.0
2025-03-26 14:53:00+09:00,1073000.0,1073000.0,1072000.0,1072000.0,158,0.0,0.0
2025-03-26 14:54:00+09:00,1073000.0,1073000.0,1071000.0,1072000.0,147,0.0,0.0
2025-03-26 14:55:00+09:00,1073000.0,1074000.0,1072000.0,1074000.0,220,0.0,0.0
2025-03-26 14:56:00+09:00,1074000.0,1074000.0,1072000.0,1073000.0,88,0.0,0.0
2025-03-26 14:57:00+09:00,1073000.0,1073000.0,1072000.0,1073000.0,15,0.0,0.0
2025-03-26 14:58:00+09:00,1073000.0,1073000.0,1072000.0,1072000.0,63,0.0,0.0
2025-03-26 14:59:00+09:00,1072000.0,1073000.0,1071000.0,1071000.0,214,0.0,0.0
2025-03-27 09:00:00+09:00,1060000.0,1069000.0,1060000.0,1066000.0,451,0.0,0.0
2025-03-27 09:01:00+09:00,1066000.0,1066000.0,1060000.0,1061000.0,201,0.0,0.0
2025-03-27 09:02:00+09:00,1062000.0,1062000.0,1060000.0,1062000.0,75,0.0,0.0
2025-03-27 09:03:00+09:00,1062000.0,1062000.0,1060000.0,1060000.0,145,0.0,0.0
2025-03-27 09:04:00+09:00,1060000.0,1061000.0,1060000.0,1060000.0,82,0.0,0.0
2025-03-27 09:05:00+09:00,1060000.0,1060000.0,1059000.0,1059000.0,124,0.0,0.0
2025-03-27 09:06:00+09:00,1059000.0,1059000.0,1058000.0,1059000.0,55,0.0,0.0
2025-03-27 09:07:00+09:00,1059000.0,1059000.0,1057000.0,1058000.0,247,0.0,0.0
2025-03-27 09:08:00+09:00,1057000.0,1059000.0,1057000.0,1059000.0,116,0.0,0.0
2025-03-27 09:09:00+09:00,1059000.0,1059000.0,1058000.0,1058000.0,164,0.0,0.0
2025-03-27 09:10:00+09:00,1059000.0,1059000.0,1058000.0,1059000.0,42,0.0,0.0
2025-03-27 09:11:00+09:00,1059000.0,1060000.0,1059000.0,1059000.0,92,0.0,0.0
2025-03-27 09:12:00+09:00,1059000.0,1059000.0,1058000.0,1059000.0,23,0.0,0.0
2025-03-27 09:13:00+09:00,1058000.0,1059000.0,1057000.0,1058000.0,220,0.0,0.0
2025-03-27 09:14:00+09:00,1058000.0,1061000.0,1058000.0,1061000.0,149,0.0,0.0
2025-03-27 09:15:00+09:00,1061000.0,1061000.0,1060000.0,1060000.0,3,0.0,0.0
2025-03-27 09:16:00+09:00,1061000.0,1063000.0,1060000.0,1063000.0,20,0.0,0.0
2025-03-27 09:17:00+09:00,1061000.0,1061000.0,1060000.0,1060000.0,72,0.0,0.0
2025-03-27 09:18:00+09:00,1060000.0,1061000.0,1059000.0,1059000.0,80,0.0,0.0
2025-03-27 09:19:00+09:00,1060000.0,1060000.0,1059000.0,1060000.0,44,0.0,0.0
2025-03-27 09:20:00+09:00,1060000.0,1060000.0,1059000.0,1059000.0,64,0.0,0.0
2025-03-27 09:21:00+09:00,1059000.0,1060000.0,1057000.0,1059000.0,288,0.0,0.0
2025-03-27 09:22:00+09:00,1060000.0,1060000.0,1059000.0,1059000.0,42,0.0,0.0
2025-03-27 09:23:00+09:00,1059000.0,1061000.0,1059000.0,1059000.0,154,0.0,0.0
2025-03-27 09:24:00+09:00,1059000.0,1060000.0,1058000.0,1060000.0,28,0.0,0.0
2025-03-27 09:25:00+09:00,1060000.0,1060000.0,1059000.0,1060000.0,42,0.0,0.0
2025-03-27 09:26:00+09:00,1059500.0,1060000.0,1058000.0,1060000.0,154,0.0,0.0
2025-03-27 09:27:00+09:00,1059000.0,1059000.0,1057000.0,1058000.0,112,0.0,0.0
2025-03-27 09:28:00+09:00,1058000.0,1059000.0,1058000.0,1059000.0,143,0.0,0.0
2025-03-27 09:29:00+09:00,1059000.0,1060000.0,1058000.0,1059000.0,61,0.0,0.0
2025-03-27 09:30:00+09:00,1059000.0,1059000.0,1058500.0,1059000.0,29,0.0,0.0
2025-03-27 09:31:00+09:00,1060000.0,1062000.0,1060000.0,1062000.0,113,0.0,0.0
2025-03-27 09:32:00+09:00,1062000.0,1062000.0,1060000.0,1061000.0,13,0.0,0.0
2025-03-27 09:33:00+09:00,1061000.0,1061000.0,1060000.0,1061000.0,18,0.0,0.0
2025-03-27 09:34:00+09:00,1061000.0,1061000.0,1060000.0,1061000.0,14,0.0,0.0
2025-03-27 09:35:00+09:00,1061000.0,1061000.0,1060000.0,1061000.0,48,0.0,0.0
2025-03-27 09:36:00+09:00,1061000.0,1061000.0,1058000.0,1059000.0,65,0.0,0.0
2025-03-27 09:37:00+09:00,1059000.0,1060000.0,1058000.0,1059000.0,36,0.0,0.0
2025-03-27 09:38:00+09:00,1059000.0,1060000.0,1059000.0,1059000.0,25,0.0,0.0
2025-03-27 09:39:00+09:00,1059000.0,1059000.0,1057000.0,1058000.0,141,0.0,0.0
2025-03-27 09:40:00+09:00,1058000.0,1058000.0,1057000.0,1058000.0,93,0.0,0.0
2025-03-27 09:41:00+09:00,1058000.0,1060000.0,1058000.0,1059000.0,78,0.0,0.0
2025-03-27 09:42:00+09:00,1059000.0,1059000.0,1058000.0,1058000.0,7,0.0,0.0
2025-03-27 09:43:00+09:00,1059000.0,1059000.0,1058000.0,1058000.0,53,0.0,0.0
2025-03-27 09:44:00+09:00,1059000.0,1059000.0,1058000.0,1059000.0,22,0.0,0.0
2025-03-27 09:45:00+09:00,1059000.0,1059000.0,1058000.0,1059000.0,29,0.0,0.0
2025-03-27 09:46:00+09:00,1059000.0,1059000.0,1057000.0,1057000.0,49,0.0,0.0
2025-03-27 09:47:00+09:00,1058000.0,1059000.0,1057000.0,1059000.0,37,0.0,0.0
2025-03-27 09:48:00+09:00,1058000.0,1059000.0,1058000.0,1059000.0,65,0.0,0.0
2025-03-27 09:49:00+09:00,1059000.0,1059000.0,1058000.0,1058000.0,32,0.0,0.0
2025-03-27 09:50:00+09:00,1059000.0,1059000.0,1058000.0,1059000.0,20,0.0,0.0
2025-03-27 09:51:00+09:00,1058000.0,1059000.0,1058000.0,1058000.0,126,0.0,0.0
2025-03-27 09:52:00+09:00,1059000.0,1060000.0,1058000.0,1059000.0,72,0.0,0.0
2025-03-27 09:53:00+09:00,1058000.0,1059000.0,1058000.0,1059000.0,18,0.0,0.0
2025-03-27 09:54:00+09:00,1058000.0,1059000.0,1058000.0,1059000.0,18,0.0,0.0
2025-03-27 09:55:00+09:00,1059000.0,1060000.0,1059000.0,1060000.0,33,0.0,0.0
2025-03-27 09:56:00+09:00,1060000.0,1060000.0,1059000.0,1060000.0,40,0.0,0.0
2025-03-27 09:57:00+09:00,1059000.0,1060000.0,1059000.0,1060000.0,8,0.0,0.0
2025-03-27 09:58:00+09:00,1059000.0,1059000.0,1058000.0,1059000.0,81,0.0,0.0
2025-03-27 09:59:00+09:00,1059000.0,1059000.0,1058000.0,1059000.0,14,0.0,0.0
2025-03-27 10:00:00+09:00,1059000.0,1059000.0,1058000.0,1058000.0,44,0.0,0.0
2025-03-27 10:01:00+09:00,1059000.0,1059000.0,1058000.0,1059000.0,9,0.0,0.0
2025-03-27 10:02:00+09:00,1059000.0,1059000.0,1058000.0,1058000.0,24,0.0,0.0
2025-03-27 10:03:00+09:00,1058000.0,1059000.0,1058000.0,1058000.0,27,0.0,0.0
2025-03-27 10:04:00+09:00,1058000.0,1059000.0,1058000.0,1059000.0,15,0.0,0.0
2025-03-27 10:05:00+09:00,1059000.0,1059000.0,1058000.0,1059000.0,14,0.0,0.0
2025-03-27 10:06:00+09:00,1058000.0,1059000.0,1058000.0,1058000.0,10,0.0,0.0
2025-03-27 10:07:00+09:00,1058000.0,1059000.0,1058000.0,1059000.0,37,0.0,0.0
2025-03-27 10:08:00+09:00,1058000.0,1059000.0,1058000.0,1059000.0,16,0.0,0.0
2025-03-27 10:09:00+09:00,1058000.0,1061000.0,1058000.0,1061000.0,287,0.0,0.0
2025-03-27 10:10:00+09:00,1062000.0,1062000.0,1059000.0,1060000.0,61,0.0,0.0
2025-03-27 10:11:00+09:00,1061000.0,1061000.0,1060000.0,1060000.0,14,0.0,0.0
2025-03-27 10:12:00+09:00,1060000.0,1061000.0,1060000.0,1061000.0,4,0.0,0.0
2025-03-27 10:13:00+09:00,1060500.0,1062000.0,1060500.0,1062000.0,43,0.0,0.0
2025-03-27 10:14:00+09:00,1062000.0,1062000.0,1061000.0,1061000.0,14,0.0,0.0
2025-03-27 10:15:00+09:00,1062000.0,1062000.0,1061000.0,1061000.0,10,0.0,0.0
2025-03-27 10:16:00+09:00,1061000.0,1061000.0,1061000.0,1061000.0,5,0.0,0.0
2025-03-27 10:17:00+09:00,1062000.0,1062000.0,1061000.0,1061000.0,7,0.0,0.0
2025-03-27 10:18:00+09:00,1061000.0,1062000.0,1061000.0,1061000.0,17,0.0,0.0
2025-03-27 10:19:00+09:00,1061000.0,1061000.0,1060000.0,1061000.0,6,0.0,0.0
2025-03-27 10:20:00+09:00,1061000.0,1062000.0,1060000.0,1060000.0,26,0.0,0.0
2025-03-27 10:21:00+09:00,1061000.0,1062000.0,1061000.0,1062000.0,21,0.0,0.0
2025-03-27 10:22:00+09:00,1062000.0,1062000.0,1061000.0,1061000.0,3,0.0,0.0
2025-03-27 10:23:00+09:00,1061000.0,1061000.0,1061000.0,1061000.0,8,0.0,0.0
2025-03-27 10:24:00+09:00,1062000.0,1064000.0,1062000.0,1063000.0,88,0.0,0.0
2025-03-27 10:25:00+09:00,1063000.0,1064000.0,1063000.0,1063000.0,16,0.0,0.0
2025-03-27 10:26:00+09:00,1062000.0,1062000.0,1062000.0,1062000.0,7,0.0,0.0
2025-03-27 10:27:00+09:00,1063000.0,1063000.0,1063000.0,1063000.0,9,0.0,0.0
2025-03-27 10:28:00+09:00,1063000.0,1063000.0,1062000.0,1063000.0,15,0.0,0.0
2025-03-27 10:29:00+09:00,1062000.0,1063000.0,1061000.0,1062000.0,41,0.0,0.0
2025-03-27 10:30:00+09:00,1062000.0,1063000.0,1061000.0,1063000.0,18,0.0,0.0
2025-03-27 10:31:00+09:00,1062000.0,1063000.0,1062000.0,1062000.0,19,0.0,0.0
2025-03-27 10:32:00+09:00,1063000.0,1063000.0,1061000.0,1063000.0,9,0.0,0.0
2025-03-27 10:33:00+09:00,1062000.0,1063000.0,1061000.0,1063000.0,23,0.0,0.0
2025-03-27 10:34:00+09:00,1062000.0,1063000.0,1061000.0,1062000.0,18,0.0,0.0
2025-03-27 10:35:00+09:00,1062000.0,1062500.0,1061000.0,1062000.0,37,0.0,0.0
2025-03-27 10:36:00+09:00,1062000.0,1062000.0,1060000.0,1061000.0,142,0.0,0.0
2025-03-27 10:37:00+09:00,1060000.0,1061000.0,1060000.0,1060000.0,23,0.0,0.0
2025-03-27 10:38:00+09:00,1061000.0,1061000.0,1060000.0,1061000.0,3,0.0,0.0
2025-03-27 10:39:00+09:00,1061000.0,1061000.0,1060000.0,1060000.0,23,0.0,0.0
2025-03-27 10:40:00+09:00,1060000.0,1062000.0,1059000.0,1062000.0,160,0.0,0.0
2025-03-27 10:41:00+09:00,1060000.0,1061000.0,1060000.0,1061000.0,20,0.0,0.0
2025-03-27 10:42:00+09:00,1060000.0,1061000.0,1060000.0,1061000.0,24,0.0,0.0
2025-03-27 10:43:00+09:00,1060000.0,1061000.0,1060000.0,1060000.0,14,0.0,0.0
2025-03-27 10:44:00+09:00,1060000.0,1060000.0,1058000.0,1059000.0,323,0.0,0.0
2025-03-27 10:45:00+09:00,1059000.0,1060000.0,1058000.0,1059000.0,27,0.0,0.0
2025-03-27 10:46:00+09:00,1060000.0,1060000.0,1058000.0,1059000.0,22,0.0,0.0
2025-03-27 10:47:00+09:00,1058000.0,1059000.0,1058000.0,1059000.0,38,0.0,0.0
2025-03-27 10:48:00+09:00,1059000.0,1059000.0,1058000.0,1059000.0,83,0.0,0.0
2025-03-27 10:49:00+09:00,1059000.0,1059000.0,1058000.0,1058000.0,74,0.0,0.0
2025-03-27 10:50:00+09:00,1059000.0,1059000.0,1058000.0,1059000.0,25,0.0,0.0
2025-03-27 10:51:00+09:00,1058000.0,1059000.0,1058000.0,1059000.0,18,0.0,0.0
2025-03-27 10:52:00+09:00,1059000.0,1060000.0,1059000.0,1060000.0,10,0.0,0.0
2025-03-27 10:53:00+09:00,1059000.0,1060000.0,1059000.0,1060000.0,24,0.0,0.0
2025-03-27 10:54:00+09:00,1060000.0,1060000.0,1059000.0,1059000.0,26,0.0,0.0
2025-03-27 10:55:00+09:00,1060000.0,1060000.0,1059000.0,1060000.0,8,0.0,0.0
2025-03-27 10:56:00+09:00,1059000.0,1060000.0,1059000.0,1059000.0,160,0.0,0.0
2025-03-27 10:57:00+09:00,1059000.0,1059000.0,1058000.0,1059000.0,14,0.0,0.0
2025-03-27 10:58:00+09:00,1058000.0,1059000.0,1058000.0,1059000.0,15,0.0,0.0
2025-03-27 10:59:00+09:00,1059000.0,1062000.0,1059000.0,1059000.0,174,0.0,0.0
2025-03-27 11:00:00+09:00,1060000.0,1060000.0,1059000.0,1060000.0,14,0.0,0.0
2025-03-27 11:01:00+09:00,1060000.0,1060000.0,1059000.0,1060000.0,17,0.0,0.0
2025-03-27 11:02:00+09:00,1059000.0,1059000.0,1059000.0,1059000.0,12,0.0,0.0
2025-03-27 11:03:00+09:00,1060000.0,1060000.0,1059000.0,1059000.0,12,0.0,0.0
2025-03-27 11:04:00+09:00,1059000.0,1062000.0,1059000.0,1061000.0,79,0.0,0.0
2025-03-27 11:05:00+09:00,1061000.0,1062000.0,1060000.0,1062000.0,25,0.0,0.0
2025-03-27 11:06:00+09:00,1061000.0,1062000.0,1059000.0,1059000.0,89,0.0,0.0
2025-03-27 11:07:00+09:00,1061000.0,1062000.0,1061000.0,1062000.0,16,0.0,0.0
2025-03-27 11:08:00+09:00,1062000.0,1062000.0,1061000.0,1061000.0,16,0.0,0.0
2025-03-27 11:09:00+09:00,1062000.0,1062000.0,1061000.0,1061000.0,33,0.0,0.0
2025-03-27 11:10:00+09:00,1062000.0,1063000.0,1061000.0,1063000.0,100,0.0,0.0
2025-03-27 11:11:00+09:00,1063500.0,1064000.0,1063000.0,1064000.0,2,0.0,0.0
2025-03-27 11:12:00+09:00,1063000.0,1064000.0,1063000.0,1063000.0,43,0.0,0.0
2025-03-27 11:13:00+09:00,1063000.0,1064000.0,1063000.0,1064000.0,32,0.0,0.0
2025-03-27 11:14:00+09:00,1064000.0,1064000.0,1061000.0,1062000.0,101,0.0,0.0
2025-03-27 11:15:00+09:00,1063000.0,1063000.0,1062000.0,1063000.0,2,0.0,0.0
2025-03-27 11:16:00+09:00,1062000.0,1063000.0,1061000.0,1061000.0,50,0.0,0.0
2025-03-27 11:17:00+09:00,1062000.0,1062000.0,1061000.0,1062000.0,20,0.0,0.0
2025-03-27 11:18:00+09:00,1062000.0,1062000.0,1061000.0,1061000.0,10,0.0,0.0
2025-03-27 11:19:00+09:00,1061000.0,1062000.0,1061000.0,1062000.0,29,0.0,0.0
2025-03-27 11:20:00+09:00,1063000.0,1063000.0,1062000.0,1062000.0,14,0.0,0.0
2025-03-27 11:21:00+09:00,1062000.0,1063000.0,1061000.0,1062000.0,25,0.0,0.0
2025-03-27 11:22:00+09:00,1060000.0,1062000.0,1060000.0,1061000.0,39,0.0,0.0
2025-03-27 11:23:00+09:00,1061000.0,1061000.0,1060000.0,1061000.0,26,0.0,0.0
2025-03-27 11:24:00+09:00,1061000.0,1062000.0,1061000.0,1061000.0,25,0.0,0.0
2025-03-27 11:25:00+09:00,1061000.0,1062000.0,1061000.0,1062000.0,1,0.0,0.0
2025-03-27 11:26:00+09:00,1062000.0,1062000.0,1061000.0,1061000.0,22,0.0,0.0
2025-03-27 11:27:00+09:00,1061000.0,1062000.0,1059000.0,1062000.0,21,0.0,0.0
2025-03-27 11:28:00+09:00,1060000.0,1062000.0,1060000.0,1062000.0,15,0.0,0.0
2025-03-27 11:29:00+09:00,1061000.0,1062000.0,1060000.0,1062000.0,18,0.0,0.0
2025-03-27 11:30:00+09:00,1062000.0,1062000.0,1062000.0,1062000.0,26,0.0,0.0
2025-03-27 11:31:00+09:00,1063000.0,1063000.0,1060000.0,1061000.0,24,0.0,0.0
2025-03-27 11:32:00+09:00,1061000.0,1062000.0,1060000.0,1061000.0,15,0.0,0.0
2025-03-27 11:33:00+09:00,1061000.0,1062000.0,1060000.0,1062000.0,15,0.0,0.0
2025-03-27 11:34:00+09:00,1062000.0,1062000.0,1061000.0,1061000.0,20,0.0,0.0
2025-03-27 11:35:00+09:00,1061000.0,1063000.0,1061000.0,1063000.0,143,0.0,0.0
2025-03-27 11:36:00+09:00,1062000.0,1063000.0,1062000.0,1063000.0,29,0.0,0.0
2025-03-27 11:37:00+09:00,1063000.0,1063000.0,1062000.0,1063000.0,36,0.0,0.0
2025-03-27 11:38:00+09:00,1063000.0,1063000.0,1061000.0,1062000.0,50,0.0,0.0
2025-03-27 11:39:00+09:00,1062000.0,1063000.0,1062000.0,1063000.0,13,0.0,0.0
2025-03-27 11:40:00+09:00,1062000.0,1063000.0,1062000.0,1062000.0,13,0.0,0.0
2025-03-27 11:41:00+09:00,1062000.0,1063000.0,1061000.0,1062000.0,38,0.0,0.0
2025-03-27 11:42:00+09:00,1062000.0,1063000.0,1062000.0,1063000.0,1,0.0,0.0
2025-03-27 11:43:00+09:00,1063000.0,1063000.0,1062000.0,1062000.0,17,0.0,0.0
2025-03-27 11:44:00+09:00,1062000.0,1063000.0,1062000.0,1062000.0,18,0.0,0.0
2025-03-27 11:45:00+09:00,1062000.0,1063000.0,1062000.0,1062000.0,19,0.0,0.0
2025-03-27 11:46:00+09:00,1062000.0,1063000.0,1061000.0,1062000.0,32,0.0,0.0
2025-03-27 11:47:00+09:00,1061000.0,1062000.0,1061000.0,1061000.0,32,0.0,0.0
2025-03-27 11:48:00+09:00,1061000.0,1062000.0,1060000.0,1060000.0,35,0.0,0.0
2025-03-27 11:49:00+09:00,1062000.0,1062000.0,1060000.0,1062000.0,66,0.0,0.0
2025-03-27 11:50:00+09:00,1061000.0,1062000.0,1060000.0,1062000.0,24,0.0,0.0
2025-03-27 11:51:00+09:00,1062000.0,1062000.0,1061000.0,1061000.0,30,0.0,0.0
2025-03-27 11:52:00+09:00,1061000.0,1061000.0,1061000.0,1061000.0,0,0.0,0.0
2025-03-27 11:53:00+09:00,1061000.0,1062000.0,1061000.0,1061000.0,30,0.0,0.0
2025-03-27 11:54:00+09:00,1062000.0,1065000.0,1061000.0,1064000.0,231,0.0,0.0
2025-03-27 11:55:00+09:00,1064000.0,1065000.0,1064000.0,1064000.0,19,0.0,0.0
2025-03-27 11:56:00+09:00,1065000.0,1065000.0,1064000.0,1064000.0,63,0.0,0.0
2025-03-27 11:57:00+09:00,1064000.0,1065000.0,1064000.0,1065000.0,37,0.0,0.0
2025-03-27 11:58:00+09:00,1065000.0,1066000.0,1064000.0,1065000.0,171,0.0,0.0
2025-03-27 11:59:00+09:00,1066000.0,1066000.0,1065000.0,1066000.0,32,0.0,0.0
2025-03-27 12:00:00+09:00,1065000.0,1066000.0,1064000.0,1064000.0,27,0.0,0.0
2025-03-27 12:01:00+09:00,1066000.0,1066000.0,1064000.0,1065000.0,24,0.0,0.0
2025-03-27 12:02:00+09:00,1065000.0,1067000.0,1063000.0,1066000.0,77,0.0,0.0
2025-03-27 12:03:00+09:00,1066000.0,1066000.0,1064000.0,1064000.0,44,0.0,0.0
2025-03-27 12:04:00+09:00,1064000.0,1065000.0,1064000.0,1064000.0,19,0.0,0.0
2025-03-27 12:05:00+09:00,1065000.0,1065000.0,1064000.0,1064000.0,17,0.0,0.0
2025-03-27 12:06:00+09:00,1064000.0,1065000.0,1064000.0,1065000.0,21,0.0,0.0
2025-03-27 12:07:00+09:00,1064000.0,1066000.0,1064000.0,1065000.0,44,0.0,0.0
2025-03-27 12:08:00+09:00,1066000.0,1066000.0,1065000.0,1066000.0,35,0.0,0.0
2025-03-27 12:09:00+09:00,1065000.0,1065000.0,1064000.0,1064000.0,22,0.0,0.0
2025-03-27 12:10:00+09:00,1065000.0,1066000.0,1064000.0,1066000.0,34,0.0,0.0
2025-03-27 12:11:00+09:00,1066000.0,1066000.0,1065000.0,1066000.0,17,0.0,0.0
2025-03-27 12:12:00+09:00,1066000.0,1066000.0,1065000.0,1066000.0,21,0.0,0.0
2025-03-27 12:13:00+09:00,1065000.0,1066000.0,1065000.0,1065000.0,51,0.0,0.0
2025-03-27 12:14:00+09:00,1066000.0,1066000.0,1065000.0,1065000.0,28,0.0,0.0
2025-03-27 12:15:00+09:00,1064000.0,1066000.0,1064000.0,1066000.0,16,0.0,0.0
2025-03-27 12:16:00+09:00,1066000.0,1066000.0,1064000.0,1065000.0,31,0.0,0.0
2025-03-27 12:17:00+09:00,1066000.0,1066000.0,1065000.0,1066000.0,16,0.0,0.0
2025-03-27 12:18:00+09:00,1066000.0,1066000.0,1065000.0,1066000.0,13,0.0,0.0
2025-03-27 12:19:00+09:00,1065000.0,1067000.0,1065000.0,1065000.0,50,0.0,0.0
2025-03-27 12:20:00+09:00,1065000.0,1066000.0,1065000.0,1066000.0,41,0.0,0.0
2025-03-27 12:21:00+09:00,1066000.0,1067000.0,1066000.0,1066000.0,39,0.0,0.0
2025-03-27 12:22:00+09:00,1065000.0,1066000.0,1065000.0,1065000.0,8,0.0,0.0
2025-03-27 12:23:00+09:00,1066000.0,1066000.0,1065000.0,1065000.0,25,0.0,0.0
2025-03-27 12:24:00+09:00,1065000.0,1066000.0,1065000.0,1065000.0,20,0.0,0.0
2025-03-27 12:25:00+09:00,1065000.0,1066000.0,1064000.0,1065000.0,49,0.0,0.0
2025-03-27 12:26:00+09:00,1065000.0,1065000.0,1064000.0,1064000.0,16,0.0,0.0
2025-03-27 12:27:00+09:00,1064000.0,1065000.0,1063000.0,1065000.0,25,0.0,0.0
2025-03-27 12:28:00+09:00,1065000.0,1065000.0,1064000.0,1064000.0,36,0.0,0.0
2025-03-27 12:29:00+09:00,1065000.0,1065000.0,1065000.0,1065000.0,0,0.0,0.0
2025-03-27 12:30:00+09:00,1064000.0,1065000.0,1064000.0,1064000.0,29,0.0,0.0
2025-03-27 12:31:00+09:00,1064000.0,1065000.0,1064000.0,1065000.0,24,0.0,0.0
2025-03-27 12:32:00+09:00,1065000.0,1065000.0,1065000.0,1065000.0,9,0.0,0.0
2025-03-27 12:33:00+09:00,1064000.0,1065000.0,1064000.0,1064000.0,63,0.0,0.0
2025-03-27 12:34:00+09:00,1064000.0,1065000.0,1064000.0,1064000.0,26,0.0,0.0
2025-03-27 12:35:00+09:00,1064000.0,1065000.0,1063000.0,1063000.0,11,0.0,0.0
2025-03-27 12:36:00+09:00,1063000.0,1065000.0,1061000.0,1064000.0,60,0.0,0.0
2025-03-27 12:37:00+09:00,1064000.0,1065000.0,1064000.0,1065000.0,27,0.0,0.0
2025-03-27 12:38:00+09:00,1064000.0,1065000.0,1064000.0,1065000.0,26,0.0,0.0
2025-03-27 12:39:00+09:00,1064000.0,1065000.0,1064000.0,1065000.0,7,0.0,0.0
2025-03-27 12:40:00+09:00,1065000.0,1066000.0,1064000.0,1065000.0,48,0.0,0.0
2025-03-27 12:41:00+09:00,1065000.0,1065000.0,1064000.0,1065000.0,20,0.0,0.0
2025-03-27 12:42:00+09:00,1065000.0,1066000.0,1065000.0,1065000.0,22,0.0,0.0
2025-03-27 12:43:00+09:00,1065000.0,1066000.0,1065000.0,1066000.0,22,0.0,0.0
2025-03-27 12:44:00+09:00,1067000.0,1067000.0,1066000.0,1066000.0,13,0.0,0.0
2025-03-27 12:45:00+09:00,1066000.0,1067000.0,1066000.0,1067000.0,18,0.0,0.0
2025-03-27 12:46:00+09:00,1067000.0,1067000.0,1065000.0,1065000.0,43,0.0,0.0
2025-03-27 12:47:00+09:00,1065000.0,1066000.0,1065000.0,1065000.0,35,0.0,0.0
2025-03-27 12:48:00+09:00,1065000.0,1066000.0,1065000.0,1065000.0,16,0.0,0.0
2025-03-27 12:49:00+09:00,1065000.0,1066000.0,1065000.0,1066000.0,58,0.0,0.0
2025-03-27 12:50:00+09:00,1065000.0,1066000.0,1065000.0,1065000.0,18,0.0,0.0
2025-03-27 12:51:00+09:00,1066000.0,1066000.0,1065000.0,1066000.0,17,0.0,0.0
2025-03-27 12:52:00+09:00,1066000.0,1066000.0,1065000.0,1066000.0,20,0.0,0.0
2025-03-27 12:53:00+09:00,1066000.0,1066000.0,1065000.0,1065000.0,23,0.0,0.0
2025-03-27 12:54:00+09:00,1065000.0,1066000.0,1064000.0,1064000.0,24,0.0,0.0
2025-03-27 12:55:00+09:00,1064000.0,1065000.0,1064000.0,1064000.0,20,0.0,0.0
2025-03-27 12:56:00+09:00,1064000.0,1065000.0,1064000.0,1065000.0,18,0.0,0.0
2025-03-27 12:57:00+09:00,1065000.0,1065000.0,1064000.0,1064000.0,19,0.0,0.0
2025-03-27 12:58:00+09:00,1065000.0,1066000.0,1065000.0,1065000.0,27,0.0,0.0
2025-03-27 12:59:00+09:00,1065000.0,1065000.0,1064000.0,1064000.0,19,0.0,0.0
2025-03-27 13:00:00+09:00,1064000.0,1066000.0,1063000.0,1064000.0,34,0.0,0.0
2025-03-27 13:01:00+09:00,1063000.0,1064000.0,1063000.0,1064000.0,15,0.0,0.0
2025-03-27 13:02:00+09:00,1064000.0,1064000.0,1063000.0,1064000.0,11,0.0,0.0
2025-03-27 13:03:00+09:00,1063000.0,1064000.0,1063000.0,1063000.0,24,0.0,0.0
2025-03-27 13:04:00+09:00,1064000.0,1064000.0,1063000.0,1064000.0,40,0.0,0.0
2025-03-27 13:05:00+09:00,1064000.0,1064000.0,1063000.0,1063000.0,25,0.0,0.0
2025-03-27 13:06:00+09:00,1064000.0,1064000.0,1063000.0,1064000.0,10,0.0,0.0
2025-03-27 13:07:00+09:00,1064000.0,1065000.0,1064000.0,1064000.0,30,0.0,0.0
2025-03-27 13:08:00+09:00,1064000.0,1065000.0,1064000.0,1064000.0,49,0.0,0.0
2025-03-27 13:09:00+09:00,1065000.0,1065000.0,1064000.0,1065000.0,2,0.0,0.0
2025-03-27 13:10:00+09:00,1065000.0,1066000.0,1064000.0,1066000.0,30,0.0,0.0
2025-03-27 13:11:00+09:00,1065000.0,1065000.0,1064000.0,1064000.0,20,0.0,0.0
2025-03-27 13:12:00+09:00,1064000.0,1065000.0,1064000.0,1065000.0,9,0.0,0.0
2025-03-27 13:13:00+09:00,1064000.0,1065000.0,1064000.0,1065000.0,29,0.0,0.0
2025-03-27 13:14:00+09:00,1064000.0,1065000.0,1064000.0,1064000.0,44,0.0,0.0
2025-03-27 13:15:00+09:00,1064000.0,1064000.0,1064000.0,1064000.0,24,0.0,0.0
2025-03-27 13:16:00+09:00,1064000.0,1065000.0,1064000.0,1064000.0,10,0.0,0.0
2025-03-27 13:17:00+09:00,1064000.0,1065000.0,1064000.0,1064000.0,14,0.0,0.0
2025-03-27 13:18:00+09:00,1064000.0,1065000.0,1064000.0,1064000.0,17,0.0,0.0
2025-03-27 13:19:00+09:00,1064000.0,1065000.0,1064000.0,1065000.0,49,0.0,0.0
2025-03-27 13:20:00+09:00,1064000.0,1065000.0,1064000.0,1065000.0,19,0.0,0.0
2025-03-27 13:21:00+09:00,1064000.0,1065000.0,1064000.0,1064000.0,24,0.0,0.0
2025-03-27 13:22:00+09:00,1064000.0,1065000.0,1064000.0,1065000.0,9,0.0,0.0
2025-03-27 13:23:00+09:00,1064000.0,1065000.0,1063000.0,1063000.0,42,0.0,0.0
2025-03-27 13:24:00+09:00,1064000.0,1065000.0,1063000.0,1064000.0,41,0.0,0.0
2025-03-27 13:25:00+09:00,1065000.0,1065000.0,1063000.0,1063000.0,30,0.0,0.0
2025-03-27 13:26:00+09:00,1063000.0,1066000.0,1063000.0,1066000.0,50,0.0,0.0
2025-03-27 13:27:00+09:00,1066000.0,1066000.0,1066000.0,1066000.0,22,0.0,0.0
2025-03-27 13:28:00+09:00,1066000.0,1067000.0,1064000.0,1064000.0,148,0.0,0.0
2025-03-27 13:29:00+09:00,1066000.0,1067000.0,1064000.0,1067000.0,40,0.0,0.0
2025-03-27 13:30:00+09:00,1067000.0,1067000.0,1064000.0,1065000.0,34,0.0,0.0
2025-03-27 13:31:00+09:00,1065000.0,1066000.0,1065000.0,1065000.0,17,0.0,0.0
2025-03-27 13:32:00+09:00,1065000.0,1066000.0,1065000.0,1066000.0,18,0.0,0.0
2025-03-27 13:33:00+09:00,1065000.0,1067000.0,1065000.0,1065000.0,40,0.0,0.0
2025-03-27 13:34:00+09:00,1064000.0,1064000.0,1064000.0,1064000.0,14,0.0,0.0
2025-03-27 13:35:00+09:00,1064000.0,1065000.0,1064000.0,1065000.0,86,0.0,0.0
2025-03-27 13:36:00+09:00,1065000.0,1065000.0,1065000.0,1065000.0,2,0.0,0.0
2025-03-27 13:37:00+09:00,1065000.0,1066000.0,1065000.0,1066000.0,24,0.0,0.0
2025-03-27 13:38:00+09:00,1066000.0,1066000.0,1065000.0,1066000.0,29,0.0,0.0
2025-03-27 13:39:00+09:00,1065000.0,1066000.0,1064000.0,1064000.0,25,0.0,0.0
2025-03-27 13:40:00+09:00,1064000.0,1065000.0,1064000.0,1065000.0,27,0.0,0.0
2025-03-27 13:41:00+09:00,1065000.0,1065000.0,1064000.0,1064000.0,15,0.0,0.0
2025-03-27 13:42:00+09:00,1064000.0,1065000.0,1064000.0,1064000.0,24,0.0,0.0
2025-03-27 13:43:00+09:00,1064000.0,1064000.0,1064000.0,1064000.0,8,0.0,0.0
2025-03-27 13:44:00+09:00,1064000.0,1065000.0,1064000.0,1064000.0,15,0.0,0.0
2025-03-27 13:45:00+09:00,1064000.0,1065000.0,1064000.0,1065000.0,27,0.0,0.0
2025-03-27 13:46:00+09:00,1064000.0,1064500.0,1064000.0,1064000.0,6,0.0,0.0
2025-03-27 13:47:00+09:00,1064000.0,1065000.0,1064000.0,1065000.0,27,0.0,0.0
2025-03-27 13:48:00+09:00,1065000.0,1065000.0,1064000.0,1064000.0,29,0.0,0.0
2025-03-27 13:49:00+09:00,1065000.0,1065000.0,1064000.0,1065000.0,44,0.0,0.0
2025-03-27 13:50:00+09:00,1065000.0,1065000.0,1064000.0,1064000.0,17,0.0,0.0
2025-03-27 13:51:00+09:00,1064500.0,1064500.0,1064000.0,1064000.0,16,0.0,0.0
2025-03-27 13:52:00+09:00,1064000.0,1065000.0,1063000.0,1063000.0,71,0.0,0.0
2025-03-27 13:53:00+09:00,1063000.0,1064000.0,1063000.0,1063500.0,20,0.0,0.0
2025-03-27 13:54:00+09:00,1063500.0,1064000.0,1063500.0,1064000.0,14,0.0,0.0
2025-03-27 13:55:00+09:00,1063500.0,1064000.0,1063000.0,1063000.0,25,0.0,0.0
2025-03-27 13:56:00+09:00,1063000.0,1064000.0,1063000.0,1063000.0,9,0.0,0.0
2025-03-27 13:57:00+09:00,1063000.0,1064000.0,1063000.0,1064000.0,14,0.0,0.0
2025-03-27 13:58:00+09:00,1064000.0,1064000.0,1063000.0,1063000.0,28,0.0,0.0
2025-03-27 13:59:00+09:00,1063000.0,1064000.0,1063000.0,1064000.0,9,0.0,0.0
2025-03-27 14:00:00+09:00,1064000.0,1064000.0,1063000.0,1063000.0,82,0.0,0.0
2025-03-27 14:01:00+09:00,1063000.0,1064000.0,1063000.0,1063000.0,20,0.0,0.0
2025-03-27 14:02:00+09:00,1063000.0,1064000.0,1063000.0,1063000.0,20,0.0,0.0
2025-03-27 14:03:00+09:00,1063000.0,1064000.0,1063000.0,1063000.0,29,0.0,0.0
2025-03-27 14:04:00+09:00,1063000.0,1063000.0,1062000.0,1062000.0,46,0.0,0.0
2025-03-27 14:05:00+09:00,1063000.0,1063000.0,1062000.0,1062000.0,23,0.0,0.0
2025-03-27 14:06:00+09:00,1062000.0,1063000.0,1062000.0,1063000.0,36,0.0,0.0
2025-03-27 14:07:00+09:00,1063000.0,1063000.0,1061000.0,1062000.0,15,0.0,0.0
2025-03-27 14:08:00+09:00,1062000.0,1062000.0,1061000.0,1062000.0,38,0.0,0.0
2025-03-27 14:09:00+09:00,1062000.0,1062000.0,1061000.0,1061000.0,31,0.0,0.0
2025-03-27 14:10:00+09:00,1062000.0,1062000.0,1061000.0,1061000.0,26,0.0,0.0
2025-03-27 14:11:00+09:00,1061000.0,1062000.0,1061000.0,1061000.0,18,0.0,0.0
2025-03-27 14:12:00+09:00,1061000.0,1062000.0,1061000.0,1061000.0,39,0.0,0.0
2025-03-27 14:13:00+09:00,1062000.0,1062000.0,1061000.0,1061000.0,20,0.0,0.0
2025-03-27 14:14:00+09:00,1061000.0,1062000.0,1061000.0,1062000.0,31,0.0,0.0
2025-03-27 14:15:00+09:00,1061000.0,1062000.0,1060000.0,1061000.0,125,0.0,0.0
2025-03-27 14:16:00+09:00,1060000.0,1061000.0,1060000.0,1060000.0,11,0.0,0.0
2025-03-27 14:17:00+09:00,1060000.0,1061000.0,1060000.0,1060000.0,40,0.0,0.0
2025-03-27 14:18:00+09:00,1060000.0,1061000.0,1060000.0,1061000.0,30,0.0,0.0
2025-03-27 14:19:00+09:00,1061000.0,1061000.0,1060000.0,1061000.0,6,0.0,0.0
2025-03-27 14:20:00+09:00,1060000.0,1061000.0,1060000.0,1061000.0,35,0.0,0.0
2025-03-27 14:21:00+09:00,1061000.0,1061000.0,1060000.0,1060000.0,21,0.0,0.0
2025-03-27 14:22:00+09:00,1061000.0,1061000.0,1060000.0,1061000.0,89,0.0,0.0
2025-03-27 14:23:00+09:00,1060000.0,1061000.0,1060000.0,1061000.0,19,0.0,0.0
2025-03-27 14:24:00+09:00,1061000.0,1061000.0,1060000.0,1060000.0,49,0.0,0.0
2025-03-27 14:25:00+09:00,1060000.0,1061000.0,1060000.0,1060000.0,37,0.0,0.0
2025-03-27 14:26:00+09:00,1060000.0,1061000.0,1060000.0,1060000.0,7,0.0,0.0
2025-03-27 14:27:00+09:00,1061000.0,1061000.0,1060000.0,1060000.0,31,0.0,0.0
2025-03-27 14:28:00+09:00,1061000.0,1061000.0,1060000.0,1060000.0,23,0.0,0.0
2025-03-27 14:29:00+09:00,1060000.0,1061000.0,1059000.0,1060000.0,248,0.0,0.0
2025-03-27 14:30:00+09:00,1059000.0,1060000.0,1059000.0,1060000.0,32,0.0,0.0
2025-03-27 14:31:00+09:00,1059000.0,1060000.0,1059000.0,1059000.0,33,0.0,0.0
2025-03-27 14:32:00+09:00,1060000.0,1060000.0,1059000.0,1059000.0,103,0.0,0.0
2025-03-27 14:33:00+09:00,1059000.0,1060000.0,1059000.0,1059000.0,16,0.0,0.0
2025-03-27 14:34:00+09:00,1059000.0,1060000.0,1059000.0,1059000.0,16,0.0,0.0
2025-03-27 14:35:00+09:00,1059000.0,1060000.0,1059000.0,1059000.0,56,0.0,0.0
2025-03-27 14:36:00+09:00,1060000.0,1060000.0,1059000.0,1059000.0,30,0.0,0.0
2025-03-27 14:37:00+09:00,1060000.0,1060000.0,1059000.0,1060000.0,18,0.0,0.0
2025-03-27 14:38:00+09:00,1059000.0,1060000.0,1059000.0,1059000.0,37,0.0,0.0
2025-03-27 14:39:00+09:00,1059000.0,1060000.0,1058000.0,1058000.0,68,0.0,0.0
2025-03-27 14:40:00+09:00,1059000.0,1059000.0,1058000.0,1058000.0,57,0.0,0.0
2025-03-27 14:41:00+09:00,1059000.0,1059000.0,1058000.0,1058000.0,35,0.0,0.0
2025-03-27 14:42:00+09:00,1059000.0,1059000.0,1058000.0,1059000.0,64,0.0,0.0
2025-03-27 14:43:00+09:00,1059000.0,1059000.0,1058000.0,1059000.0,64,0.0,0.0
2025-03-27 14:44:00+09:00,1059000.0,1059000.0,1058000.0,1059000.0,21,0.0,0.0
2025-03-27 14:45:00+09:00,1058000.0,1059000.0,1058000.0,1059000.0,42,0.0,0.0
2025-03-27 14:46:00+09:00,1059000.0,1059000.0,1058000.0,1058000.0,33,0.0,0.0
2025-03-27 14:47:00+09:00,1058000.0,1059000.0,1058000.0,1059000.0,21,0.0,0.0
2025-03-27 14:48:00+09:00,1058000.0,1059000.0,1058000.0,1058000.0,171,0.0,0.0
2025-03-27 14:49:00+09:00,1058000.0,1059000.0,1058000.0,1058000.0,30,0.0,0.0
2025-03-27 14:50:00+09:00,1058000.0,1059000.0,1057000.0,1059000.0,151,0.0,0.0
2025-03-27 14:51:00+09:00,1059000.0,1059000.0,1058000.0,1058000.0,46,0.0,0.0
2025-03-27 14:52:00+09:00,1059000.0,1059000.0,1058000.0,1058000.0,13,0.0,0.0
2025-03-27 14:53:00+09:00,1058000.0,1058000.0,1058000.0,1058000.0,54,0.0,0.0
2025-03-27 14:54:00+09:00,1058000.0,1059000.0,1058000.0,1058000.0,15,0.0,0.0
2025-03-27 14:55:00+09:00,1058000.0,1058000.0,1057000.0,1057000.0,133,0.0,0.0
2025-03-27 14:56:00+09:00,1058000.0,1058000.0,1057000.0,1057000.0,30,0.0,0.0
2025-03-27 14:57:00+09:00,1058000.0,1058000.0,1057000.0,1058000.0,91,0.0,0.0
2025-03-27 14:58:00+09:00,1057000.0,1058000.0,1057000.0,1058000.0,80,0.0,0.0
2025-03-27 14:59:00+09:00,1058000.0,1059000.0,1057000.0,1058000.0,31,0.0,0.0
2025-03-28 09:00:00+09:00,1063000.0,1064000.0,1055000.0,1059000.0,484,0.0,0.0
2025-03-28 09:01:00+09:00,1058000.0,1062000.0,1055000.0,1056000.0,413,0.0,0.0
2025-03-28 09:02:00+09:00,1055000.0,1056000.0,1051000.0,1052000.0,350,0.0,0.0
2025-03-28 09:03:00+09:00,1054000.0,1054000.0,1050000.0,1051000.0,261,0.0,0.0
2025-03-28 09:04:00+09:00,1051000.0,1051000.0,1049000.0,1051000.0,273,0.0,0.0
2025-03-28 09:05:00+09:00,1050000.0,1053000.0,1050000.0,1052000.0,292,0.0,0.0
2025-03-28 09:06:00+09:00,1052000.0,1055000.0,1051000.0,1052000.0,238,0.0,0.0
2025-03-28 09:07:00+09:00,1051000.0,1061000.0,1050000.0,1053000.0,825,0.0,0.0
2025-03-28 09:08:00+09:00,1053000.0,1053000.0,1052000.0,1052000.0,211,0.0,0.0
2025-03-28 09:09:00+09:00,1052000.0,1053000.0,1052000.0,1053000.0,147,0.0,0.0
2025-03-28 09:10:00+09:00,1053000.0,1056000.0,1051000.0,1053000.0,493,0.0,0.0
2025-03-28 09:11:00+09:00,1052000.0,1059000.0,1050000.0,1054000.0,157,0.0,0.0
2025-03-28 09:12:00+09:00,1054000.0,1054000.0,1052000.0,1054000.0,30,0.0,0.0
2025-03-28 09:13:00+09:00,1054000.0,1054000.0,1052000.0,1053000.0,35,0.0,0.0
2025-03-28 09:14:00+09:00,1053000.0,1053000.0,1052000.0,1053000.0,20,0.0,0.0
2025-03-28 09:15:00+09:00,1053000.0,1055000.0,1051000.0,1053000.0,338,0.0,0.0
2025-03-28 09:16:00+09:00,1053000.0,1053000.0,1051000.0,1051000.0,44,0.0,0.0
2025-03-28 09:17:00+09:00,1053000.0,1053000.0,1052000.0,1053000.0,10,0.0,0.0
2025-03-28 09:18:00+09:00,1053000.0,1053000.0,1050000.0,1051000.0,100,0.0,0.0
2025-03-28 09:19:00+09:00,1051000.0,1051000.0,1050000.0,1051000.0,49,0.0,0.0
2025-03-28 09:20:00+09:00,1051000.0,1051000.0,1050000.0,1051000.0,19,0.0,0.0
2025-03-28 09:21:00+09:00,1051000.0,1053000.0,1051000.0,1053000.0,70,0.0,0.0
2025-03-28 09:22:00+09:00,1053000.0,1053000.0,1052000.0,1053000.0,33,0.0,0.0
2025-03-28 09:23:00+09:00,1053000.0,1053000.0,1052000.0,1053000.0,27,0.0,0.0
2025-03-28 09:24:00+09:00,1053000.0,1055000.0,1052000.0,1055000.0,346,0.0,0.0
2025-03-28 09:25:00+09:00,1055000.0,1055000.0,1054000.0,1054000.0,10,0.0,0.0
2025-03-28 09:26:00+09:00,1054000.0,1054000.0,1052000.0,1054000.0,31,0.0,0.0
2025-03-28 09:27:00+09:00,1053000.0,1053000.0,1053000.0,1053000.0,9,0.0,0.0
2025-03-28 09:28:00+09:00,1053000.0,1053000.0,1052000.0,1052000.0,10,0.0,0.0
2025-03-28 09:29:00+09:00,1053000.0,1053000.0,1052000.0,1053000.0,10,0.0,0.0
2025-03-28 09:30:00+09:00,1052000.0,1052000.0,1051000.0,1051000.0,150,0.0,0.0
2025-03-28 09:31:00+09:00,1051000.0,1052000.0,1051000.0,1051000.0,70,0.0,0.0
2025-03-28 09:32:00+09:00,1051000.0,1051000.0,1051000.0,1051000.0,6,0.0,0.0
2025-03-28 09:33:00+09:00,1051000.0,1052000.0,1051000.0,1051000.0,9,0.0,0.0
2025-03-28 09:34:00+09:00,1051000.0,1052000.0,1051000.0,1052000.0,81,0.0,0.0
2025-03-28 09:35:00+09:00,1052000.0,1052000.0,1050000.0,1051000.0,73,0.0,0.0
2025-03-28 09:36:00+09:00,1051000.0,1053000.0,1050000.0,1052000.0,84,0.0,0.0
2025-03-28 09:37:00+09:00,1052000.0,1052000.0,1050000.0,1051000.0,211,0.0,0.0
2025-03-28 09:38:00+09:00,1050000.0,1051000.0,1050000.0,1051000.0,20,0.0,0.0
2025-03-28 09:39:00+09:00,1051000.0,1051000.0,1048000.0,1048000.0,481,0.0,0.0
2025-03-28 09:40:00+09:00,1048000.0,1050000.0,1048000.0,1049000.0,111,0.0,0.0
2025-03-28 09:41:00+09:00,1049000.0,1050000.0,1049000.0,1050000.0,47,0.0,0.0
2025-03-28 09:42:00+09:00,1050000.0,1051000.0,1049000.0,1051000.0,25,0.0,0.0
2025-03-28 09:43:00+09:00,1050000.0,1050000.0,1048000.0,1049000.0,41,0.0,0.0
2025-03-28 09:44:00+09:00,1049000.0,1049000.0,1048000.0,1049000.0,36,0.0,0.0
2025-03-28 09:45:00+09:00,1049000.0,1049000.0,1048000.0,1048000.0,18,0.0,0.0
2025-03-28 09:46:00+09:00,1049000.0,1049000.0,1048000.0,1049000.0,13,0.0,0.0
2025-03-28 09:47:00+09:00,1048000.0,1050000.0,1048000.0,1050000.0,68,0.0,0.0
2025-03-28 09:48:00+09:00,1048000.0,1050000.0,1048000.0,1049000.0,103,0.0,0.0
2025-03-28 09:49:00+09:00,1049000.0,1049000.0,1048000.0,1049000.0,33,0.0,0.0
2025-03-28 09:50:00+09:00,1048000.0,1049000.0,1047000.0,1048000.0,136,0.0,0.0
2025-03-28 09:51:00+09:00,1048000.0,1048000.0,1047000.0,1047000.0,53,0.0,0.0
2025-03-28 09:52:00+09:00,1048000.0,1049000.0,1047000.0,1048000.0,97,0.0,0.0
2025-03-28 09:53:00+09:00,1048000.0,1049000.0,1047000.0,1048000.0,0,0.0,0.0
2025-03-28 09:54:00+09:00,1048000.0,1048000.0,1047000.0,1048000.0,12,0.0,0.0
2025-03-28 09:55:00+09:00,1048000.0,1049000.0,1047000.0,1049000.0,61,0.0,0.0
2025-03-28 09:56:00+09:00,1049000.0,1049000.0,1048000.0,1048000.0,11,0.0,0.0
2025-03-28 09:57:00+09:00,1049000.0,1049000.0,1046000.0,1046000.0,1315,0.0,0.0
2025-03-28 09:58:00+09:00,1047000.0,1047000.0,1046000.0,1046000.0,39,0.0,0.0
2025-03-28 09:59:00+09:00,1046000.0,1047000.0,1046000.0,1047000.0,96,0.0,0.0
2025-03-28 10:00:00+09:00,1046000.0,1047000.0,1045000.0,1046000.0,557,0.0,0.0
2025-03-28 10:01:00+09:00,1046000.0,1046000.0,1045000.0,1046000.0,47,0.0,0.0
2025-03-28 10:02:00+09:00,1046000.0,1047000.0,1046000.0,1046000.0,49,0.0,0.0
2025-03-28 10:03:00+09:00,1046500.0,1046500.0,1045000.0,1046000.0,78,0.0,0.0
2025-03-28 10:04:00+09:00,1046000.0,1047000.0,1045000.0,1045000.0,39,0.0,0.0
2025-03-28 10:05:00+09:00,1046000.0,1046000.0,1045000.0,1046000.0,30,0.0,0.0
2025-03-28 10:06:00+09:00,1045000.0,1046000.0,1044000.0,1044000.0,282,0.0,0.0
2025-03-28 10:07:00+09:00,1045000.0,1045000.0,1044000.0,1044000.0,0,0.0,0.0
2025-03-28 10:08:00+09:00,1044000.0,1044000.0,1043000.0,1044000.0,71,0.0,0.0
2025-03-28 10:09:00+09:00,1045000.0,1045000.0,1044000.0,1045000.0,15,0.0,0.0
2025-03-28 10:10:00+09:00,1045000.0,1048000.0,1044000.0,1048000.0,61,0.0,0.0
2025-03-28 10:11:00+09:00,1048000.0,1048000.0,1047000.0,1048000.0,4,0.0,0.0
2025-03-28 10:12:00+09:00,1047000.0,1048000.0,1047000.0,1048000.0,32,0.0,0.0
2025-03-28 10:13:00+09:00,1047000.0,1048000.0,1047000.0,1048000.0,116,0.0,0.0
2025-03-28 10:14:00+09:00,1049000.0,1049000.0,1046000.0,1046000.0,119,0.0,0.0
2025-03-28 10:15:00+09:00,1046000.0,1050000.0,1046000.0,1050000.0,113,0.0,0.0
2025-03-28 10:16:00+09:00,1049000.0,1050000.0,1049000.0,1049000.0,87,0.0,0.0
2025-03-28 10:17:00+09:00,1050000.0,1052000.0,1049000.0,1049000.0,362,0.0,0.0
2025-03-28 10:18:00+09:00,1050000.0,1050000.0,1049000.0,1050000.0,50,0.0,0.0
2025-03-28 10:19:00+09:00,1050000.0,1052000.0,1049000.0,1051000.0,131,0.0,0.0
2025-03-28 10:20:00+09:00,1051000.0,1053000.0,1050000.0,1050000.0,137,0.0,0.0
2025-03-28 10:21:00+09:00,1050000.0,1050000.0,1050000.0,1050000.0,1,0.0,0.0
2025-03-28 10:22:00+09:00,1050000.0,1052000.0,1050000.0,1051000.0,121,0.0,0.0
2025-03-28 10:23:00+09:00,1051000.0,1051000.0,1049000.0,1049000.0,12,0.0,0.0
2025-03-28 10:24:00+09:00,1050000.0,1052000.0,1050000.0,1052000.0,51,0.0,0.0
2025-03-28 10:25:00+09:00,1052000.0,1053000.0,1052000.0,1052000.0,10,0.0,0.0
2025-03-28 10:26:00+09:00,1052000.0,1053000.0,1052000.0,1052000.0,4,0.0,0.0
2025-03-28 10:27:00+09:00,1053000.0,1053000.0,1052000.0,1052000.0,24,0.0,0.0
2025-03-28 10:28:00+09:00,1052000.0,1053000.0,1052000.0,1053000.0,26,0.0,0.0
2025-03-28 10:29:00+09:00,1053000.0,1053000.0,1052000.0,1052000.0,44,0.0,0.0
2025-03-28 10:30:00+09:00,1052000.0,1053000.0,1051000.0,1051000.0,5,0.0,0.0
2025-03-28 10:31:00+09:00,1052000.0,1052000.0,1051000.0,1052000.0,0,0.0,0.0
2025-03-28 10:32:00+09:00,1051000.0,1052000.0,1051000.0,1052000.0,32,0.0,0.0
2025-03-28 10:33:00+09:00,1051000.0,1052000.0,1050000.0,1052000.0,299,0.0,0.0
2025-03-28 10:34:00+09:00,1052000.0,1052000.0,1051000.0,1051000.0,30,0.0,0.0
2025-03-28 10:35:00+09:00,1051000.0,1053000.0,1051000.0,1053000.0,33,0.0,0.0
2025-03-28 10:36:00+09:00,1053000.0,1053000.0,1053000.0,1053000.0,2,0.0,0.0
2025-03-28 10:37:00+09:00,1053000.0,1053000.0,1052000.0,1052000.0,13,0.0,0.0
2025-03-28 10:38:00+09:00,1052000.0,1052000.0,1051000.0,1052000.0,15,0.0,0.0
2025-03-28 10:39:00+09:00,1051000.0,1051000.0,1051000.0,1051000.0,11,0.0,0.0
2025-03-28 10:40:00+09:00,1050000.0,1051000.0,1050000.0,1050000.0,7,0.0,0.0
2025-03-28 10:41:00+09:00,1051000.0,1051000.0,1051000.0,1051000.0,9,0.0,0.0
2025-03-28 10:42:00+09:00,1051000.0,1051000.0,1050000.0,1050000.0,12,0.0,0.0
2025-03-28 10:43:00+09:00,1050000.0,1051000.0,1050000.0,1051000.0,9,0.0,0.0
2025-03-28 10:44:00+09:00,1050000.0,1051000.0,1050000.0,1051000.0,9,0.0,0.0
2025-03-28 10:45:00+09:00,1050000.0,1051000.0,1049000.0,1049000.0,59,0.0,0.0
2025-03-28 10:46:00+09:00,1050000.0,1050000.0,1049000.0,1049000.0,14,0.0,0.0
2025-03-28 10:47:00+09:00,1049000.0,1050000.0,1049000.0,1050000.0,12,0.0,0.0
2025-03-28 10:48:00+09:00,1050000.0,1051000.0,1050000.0,1050000.0,14,0.0,0.0
2025-03-28 10:49:00+09:00,1050000.0,1051000.0,1050000.0,1051000.0,8,0.0,0.0
2025-03-28 10:50:00+09:00,1050000.0,1051000.0,1050000.0,1050000.0,34,0.0,0.0
2025-03-28 10:51:00+09:00,1051000.0,1051000.0,1050000.0,1050000.0,23,0.0,0.0
2025-03-28 10:52:00+09:00,1051000.0,1051000.0,1050000.0,1050000.0,0,0.0,0.0
2025-03-28 10:53:00+09:00,1050000.0,1051000.0,1050000.0,1051000.0,19,0.0,0.0
2025-03-28 10:54:00+09:00,1050000.0,1051000.0,1050000.0,1051000.0,6,0.0,0.0
2025-03-28 10:55:00+09:00,1051000.0,1052000.0,1051000.0,1051000.0,13,0.0,0.0
2025-03-28 10:56:00+09:00,1051000.0,1052000.0,1051000.0,1051000.0,18,0.0,0.0
2025-03-28 10:57:00+09:00,1051000.0,1053000.0,1051000.0,1053000.0,45,0.0,0.0
2025-03-28 10:58:00+09:00,1053000.0,1053000.0,1052000.0,1053000.0,2,0.0,0.0
2025-03-28 10:59:00+09:00,1053000.0,1053000.0,1052000.0,1052000.0,15,0.0,0.0
2025-03-28 11:00:00+09:00,1053000.0,1053000.0,1051000.0,1052000.0,40,0.0,0.0
2025-03-28 11:01:00+09:00,1053000.0,1053000.0,1053000.0,1053000.0,0,0.0,0.0
2025-03-28 11:02:00+09:00,1052000.0,1052000.0,1052000.0,1052000.0,5,0.0,0.0
2025-03-28 11:03:00+09:00,1052000.0,1052000.0,1051000.0,1051000.0,14,0.0,0.0
2025-03-28 11:04:00+09:00,1052000.0,1052000.0,1050000.0,1050000.0,4,0.0,0.0
2025-03-28 11:05:00+09:00,1053000.0,1053000.0,1050000.0,1052000.0,15,0.0,0.0
2025-03-28 11:06:00+09:00,1051000.0,1051000.0,1050000.0,1051000.0,22,0.0,0.0
2025-03-28 11:07:00+09:00,1050000.0,1051000.0,1050000.0,1050000.0,17,0.0,0.0
2025-03-28 11:08:00+09:00,1050000.0,1051000.0,1049000.0,1050000.0,68,0.0,0.0
2025-03-28 11:09:00+09:00,1050000.0,1050000.0,1050000.0,1050000.0,16,0.0,0.0
2025-03-28 11:10:00+09:00,1051000.0,1051000.0,1049000.0,1049000.0,46,0.0,0.0
2025-03-28 11:11:00+09:00,1051000.0,1051000.0,1050000.0,1050000.0,19,0.0,0.0
2025-03-28 11:12:00+09:00,1050000.0,1050000.0,1049000.0,1050000.0,3,0.0,0.0
2025-03-28 11:13:00+09:00,1050000.0,1050000.0,1049000.0,1049000.0,32,0.0,0.0
2025-03-28 11:14:00+09:00,1050000.0,1051000.0,1049000.0,1051000.0,6,0.0,0.0
2025-03-28 11:15:00+09:00,1050000.0,1050000.0,1049000.0,1049000.0,6,0.0,0.0
2025-03-28 11:16:00+09:00,1050000.0,1050000.0,1050000.0,1050000.0,0,0.0,0.0
2025-03-28 11:17:00+09:00,1050000.0,1050000.0,1049000.0,1049000.0,12,0.0,0.0
2025-03-28 11:18:00+09:00,1050000.0,1050000.0,1049000.0,1049000.0,15,0.0,0.0
2025-03-28 11:19:00+09:00,1050000.0,1050000.0,1049000.0,1049000.0,7,0.0,0.0
2025-03-28 11:20:00+09:00,1050000.0,1050000.0,1049000.0,1050000.0,14,0.0,0.0
2025-03-28 11:21:00+09:00,1050000.0,1050000.0,1047000.0,1049000.0,112,0.0,0.0
2025-03-28 11:22:00+09:00,1048000.0,1050000.0,1048000.0,1050000.0,56,0.0,0.0
2025-03-28 11:23:00+09:00,1050000.0,1050000.0,1050000.0,1050000.0,15,0.0,0.0
2025-03-28 11:24:00+09:00,1050000.0,1050000.0,1049000.0,1050000.0,7,0.0,0.0
2025-03-28 11:25:00+09:00,1049000.0,1050000.0,1049000.0,1050000.0,13,0.0,0.0
2025-03-28 11:26:00+09:00,1050000.0,1050000.0,1049000.0,1049000.0,11,0.0,0.0
2025-03-28 11:27:00+09:00,1050000.0,1050000.0,1049000.0,1050000.0,19,0.0,0.0
2025-03-28 11:28:00+09:00,1049000.0,1050000.0,1049000.0,1050000.0,6,0.0,0.0
2025-03-28 11:29:00+09:00,1049000.0,1052000.0,1049000.0,1050000.0,88,0.0,0.0
2025-03-28 11:30:00+09:00,1050000.0,1052000.0,1050000.0,1052000.0,13,0.0,0.0
2025-03-28 11:31:00+09:00,1052000.0,1052000.0,1050000.0,1050000.0,25,0.0,0.0
2025-03-28 11:32:00+09:00,1051000.0,1051000.0,1051000.0,1051000.0,7,0.0,0.0
2025-03-28 11:33:00+09:00,1051000.0,1051000.0,1050000.0,1051000.0,12,0.0,0.0
2025-03-28 11:34:00+09:00,1050000.0,1051000.0,1050000.0,1050000.0,13,0.0,0.0
2025-03-28 11:35:00+09:00,1051000.0,1051000.0,1050000.0,1051000.0,15,0.0,0.0
2025-03-28 11:36:00+09:00,1050000.0,1051000.0,1050000.0,1050000.0,10,0.0,0.0
2025-03-28 11:37:00+09:00,1050000.0,1051000.0,1050000.0,1051000.0,17,0.0,0.0
2025-03-28 11:38:00+09:00,1050000.0,1051000.0,1049000.0,1049000.0,29,0.0,0.0
2025-03-28 11:39:00+09:00,1050000.0,1051000.0,1050000.0,1051000.0,9,0.0,0.0
2025-03-28 11:40:00+09:00,1050000.0,1051000.0,1049000.0,1050000.0,25,0.0,0.0
2025-03-28 11:41:00+09:00,1050000.0,1050000.0,1049000.0,1049000.0,4,0.0,0.0
2025-03-28 11:42:00+09:00,1049000.0,1050000.0,1049000.0,1049000.0,20,0.0,0.0
2025-03-28 11:43:00+09:00,1051000.0,1051000.0,1048000.0,1049000.0,21,0.0,0.0
2025-03-28 11:44:00+09:00,1050000.0,1050000.0,1048000.0,1048000.0,14,0.0,0.0
2025-03-28 11:45:00+09:00,1048000.0,1050000.0,1048000.0,1048000.0,13,0.0,0.0
2025-03-28 11:46:00+09:00,1048000.0,1049000.0,1047000.0,1048000.0,63,0.0,0.0
2025-03-28 11:47:00+09:00,1048000.0,1050000.0,1048000.0,1048000.0,27,0.0,0.0
2025-03-28 11:48:00+09:00,1048000.0,1048000.0,1046000.0,1047000.0,79,0.0,0.0
2025-03-28 11:49:00+09:00,1046000.0,1050000.0,1046000.0,1047000.0,91,0.0,0.0
2025-03-28 11:50:00+09:00,1047000.0,1048000.0,1046000.0,1048000.0,8,0.0,0.0
2025-03-28 11:51:00+09:00,1048000.0,1048000.0,1047000.0,1048000.0,9,0.0,0.0
2025-03-28 11:52:00+09:00,1048000.0,1048000.0,1048000.0,1048000.0,7,0.0,0.0
2025-03-28 11:53:00+09:00,1048000.0,1048000.0,1046000.0,1048000.0,65,0.0,0.0
2025-03-28 11:54:00+09:00,1048000.0,1049000.0,1048000.0,1049000.0,6,0.0,0.0
2025-03-28 11:55:00+09:00,1047000.0,1049000.0,1047000.0,1048000.0,8,0.0,0.0
2025-03-28 11:56:00+09:00,1049000.0,1049000.0,1047000.0,1048000.0,12,0.0,0.0
2025-03-28 11:57:00+09:00,1048000.0,1049000.0,1046000.0,1046000.0,5,0.0,0.0
2025-03-28 11:58:00+09:00,1049000.0,1049000.0,1046000.0,1047000.0,58,0.0,0.0
2025-03-28 11:59:00+09:00,1047000.0,1047000.0,1046000.0,1047000.0,15,0.0,0.0
2025-03-28 12:00:00+09:00,1047000.0,1047000.0,1047000.0,1047000.0,5,0.0,0.0
2025-03-28 12:01:00+09:00,1047000.0,1047000.0,1046000.0,1047000.0,17,0.0,0.0
2025-03-28 12:02:00+09:00,1047000.0,1047000.0,1046000.0,1046000.0,20,0.0,0.0
2025-03-28 12:03:00+09:00,1047000.0,1047000.0,1046000.0,1046000.0,15,0.0,0.0
2025-03-28 12:04:00+09:00,1046000.0,1047000.0,1046000.0,1046000.0,15,0.0,0.0
2025-03-28 12:05:00+09:00,1047000.0,1047000.0,1046000.0,1047000.0,8,0.0,0.0
2025-03-28 12:06:00+09:00,1047000.0,1047000.0,1046000.0,1046000.0,30,0.0,0.0
2025-03-28 12:07:00+09:00,1047000.0,1048000.0,1046000.0,1047000.0,7,0.0,0.0
2025-03-28 12:08:00+09:00,1047000.0,1048000.0,1047000.0,1048000.0,6,0.0,0.0
2025-03-28 12:09:00+09:00,1048000.0,1048000.0,1047000.0,1047000.0,17,0.0,0.0
2025-03-28 12:10:00+09:00,1047000.0,1048000.0,1047000.0,1048000.0,15,0.0,0.0
2025-03-28 12:11:00+09:00,1047000.0,1048000.0,1047000.0,1048000.0,7,0.0,0.0
2025-03-28 12:12:00+09:00,1048000.0,1048000.0,1047000.0,1047000.0,19,0.0,0.0
2025-03-28 12:13:00+09:00,1047000.0,1048000.0,1047000.0,1048000.0,4,0.0,0.0
2025-03-28 12:14:00+09:00,1048000.0,1048000.0,1048000.0,1048000.0,3,0.0,0.0
2025-03-28 12:15:00+09:00,1048000.0,1049000.0,1047000.0,1047000.0,18,0.0,0.0
2025-03-28 12:16:00+09:00,1047000.0,1048000.0,1047000.0,1047000.0,13,0.0,0.0
2025-03-28 12:17:00+09:00,1048000.0,1048000.0,1047000.0,1047000.0,16,0.0,0.0
2025-03-28 12:18:00+09:00,1048000.0,1048000.0,1048000.0,1048000.0,1,0.0,0.0
2025-03-28 12:20:00+09:00,1049000.0,1049000.0,1046000.0,1046000.0,1056,0.0,0.0
2025-03-28 12:21:00+09:00,1047000.0,1047000.0,1046000.0,1047000.0,13,0.0,0.0
2025-03-28 12:22:00+09:00,1047000.0,1048000.0,1047000.0,1047000.0,8,0.0,0.0
2025-03-28 12:23:00+09:00,1047000.0,1048000.0,1047000.0,1047000.0,9,0.0,0.0
2025-03-28 12:24:00+09:00,1047000.0,1048000.0,1046000.0,1046000.0,31,0.0,0.0
2025-03-28 12:25:00+09:00,1047000.0,1048000.0,1046000.0,1048000.0,22,0.0,0.0
2025-03-28 12:26:00+09:00,1049000.0,1049000.0,1048000.0,1049000.0,8,0.0,0.0
2025-03-28 12:27:00+09:00,1049000.0,1049000.0,1048000.0,1049000.0,16,0.0,0.0
2025-03-28 12:28:00+09:00,1049000.0,1049000.0,1049000.0,1049000.0,6,0.0,0.0
2025-03-28 12:29:00+09:00,1048000.0,1048000.0,1046000.0,1047000.0,35,0.0,0.0
2025-03-28 12:30:00+09:00,1047000.0,1049000.0,1046000.0,1048000.0,44,0.0,0.0
2025-03-28 12:31:00+09:00,1049000.0,1051000.0,1048000.0,1049000.0,35,0.0,0.0
2025-03-28 12:32:00+09:00,1050000.0,1050000.0,1048000.0,1049000.0,40,0.0,0.0
2025-03-28 12:33:00+09:00,1049000.0,1049000.0,1048000.0,1048000.0,22,0.0,0.0
2025-03-28 12:34:00+09:00,1048000.0,1049000.0,1048000.0,1049000.0,9,0.0,0.0
2025-03-28 12:35:00+09:00,1048000.0,1049000.0,1048000.0,1048000.0,8,0.0,0.0
2025-03-28 12:36:00+09:00,1049000.0,1050000.0,1047000.0,1048000.0,152,0.0,0.0
2025-03-28 12:37:00+09:00,1049000.0,1049000.0,1047000.0,1048000.0,54,0.0,0.0
2025-03-28 12:38:00+09:00,1048000.0,1048000.0,1047000.0,1048000.0,21,0.0,0.0
2025-03-28 12:39:00+09:00,1048000.0,1048000.0,1047000.0,1048000.0,6,0.0,0.0
2025-03-28 12:40:00+09:00,1048000.0,1048000.0,1047000.0,1048000.0,16,0.0,0.0
2025-03-28 12:41:00+09:00,1048000.0,1048000.0,1047000.0,1048000.0,7,0.0,0.0
2025-03-28 12:42:00+09:00,1048000.0,1049000.0,1047000.0,1047000.0,18,0.0,0.0
2025-03-28 12:43:00+09:00,1048000.0,1048000.0,1048000.0,1048000.0,32,0.0,0.0
2025-03-28 12:44:00+09:00,1048000.0,1048000.0,1047000.0,1047000.0,16,0.0,0.0
2025-03-28 12:45:00+09:00,1048000.0,1048000.0,1047000.0,1047000.0,10,0.0,0.0
2025-03-28 12:46:00+09:00,1048000.0,1049000.0,1047000.0,1047000.0,28,0.0,0.0
2025-03-28 12:47:00+09:00,1049000.0,1049000.0,1047000.0,1048000.0,8,0.0,0.0
2025-03-28 12:48:00+09:00,1047000.0,1049000.0,1047000.0,1047000.0,14,0.0,0.0
2025-03-28 12:49:00+09:00,1048000.0,1048000.0,1048000.0,1048000.0,64,0.0,0.0
2025-03-28 12:50:00+09:00,1048000.0,1048500.0,1048000.0,1048000.0,23,0.0,0.0
2025-03-28 12:51:00+09:00,1047500.0,1048000.0,1047000.0,1048000.0,18,0.0,0.0
2025-03-28 12:52:00+09:00,1048000.0,1048000.0,1047000.0,1048000.0,10,0.0,0.0
2025-03-28 12:53:00+09:00,1048000.0,1048000.0,1048000.0,1048000.0,12,0.0,0.0
2025-03-28 12:54:00+09:00,1048000.0,1049000.0,1047000.0,1047000.0,75,0.0,0.0
2025-03-28 12:55:00+09:00,1049000.0,1049000.0,1047000.0,1048000.0,26,0.0,0.0
2025-03-28 12:56:00+09:00,1048000.0,1049000.0,1048000.0,1049000.0,57,0.0,0.0
2025-03-28 12:57:00+09:00,1047000.0,1050000.0,1046000.0,1046000.0,141,0.0,0.0
2025-03-28 12:58:00+09:00,1048000.0,1049000.0,1047000.0,1047000.0,24,0.0,0.0
2025-03-28 12:59:00+09:00,1047000.0,1049000.0,1047000.0,1049000.0,22,0.0,0.0
2025-03-28 13:00:00+09:00,1049000.0,1050000.0,1046000.0,1050000.0,35,0.0,0.0
2025-03-28 13:01:00+09:00,1050000.0,1050000.0,1047000.0,1047000.0,7,0.0,0.0
2025-03-28 13:02:00+09:00,1048000.0,1050000.0,1048000.0,1050000.0,8,0.0,0.0
2025-03-28 13:03:00+09:00,1049000.0,1049000.0,1048000.0,1049000.0,11,0.0,0.0
2025-03-28 13:04:00+09:00,1050000.0,1050000.0,1048000.0,1050000.0,15,0.0,0.0
2025-03-28 13:05:00+09:00,1050000.0,1050000.0,1048000.0,1049000.0,13,0.0,0.0
2025-03-28 13:06:00+09:00,1050000.0,1050000.0,1048000.0,1049000.0,24,0.0,0.0
2025-03-28 13:07:00+09:00,1049000.0,1049000.0,1048000.0,1049000.0,10,0.0,0.0
2025-03-28 13:08:00+09:00,1049000.0,1049000.0,1048000.0,1048000.0,26,0.0,0.0
2025-03-28 13:09:00+09:00,1049000.0,1049000.0,1048000.0,1049000.0,12,0.0,0.0
2025-03-28 13:10:00+09:00,1049000.0,1049000.0,1048000.0,1049000.0,10,0.0,0.0
2025-03-28 13:11:00+09:00,1049000.0,1049000.0,1048000.0,1048000.0,4,0.0,0.0
2025-03-28 13:12:00+09:00,1048000.0,1049000.0,1047000.0,1049000.0,29,0.0,0.0
2025-03-28 13:13:00+09:00,1048000.0,1049000.0,1047000.0,1048000.0,14,0.0,0.0
2025-03-28 13:14:00+09:00,1048000.0,1048000.0,1047000.0,1047000.0,26,0.0,0.0
2025-03-28 13:15:00+09:00,1047000.0,1048000.0,1047000.0,1047000.0,3,0.0,0.0
2025-03-28 13:16:00+09:00,1047000.0,1049000.0,1047000.0,1049000.0,18,0.0,0.0
2025-03-28 13:17:00+09:00,1048000.0,1049000.0,1046000.0,1049000.0,12,0.0,0.0
2025-03-28 13:18:00+09:00,1049000.0,1049000.0,1048000.0,1048000.0,17,0.0,0.0
2025-03-28 13:19:00+09:00,1048000.0,1048000.0,1047000.0,1048000.0,13,0.0,0.0
2025-03-28 13:20:00+09:00,1048000.0,1048000.0,1047000.0,1048000.0,14,0.0,0.0
2025-03-28 13:21:00+09:00,1047000.0,1048000.0,1047000.0,1047000.0,16,0.0,0.0
2025-03-28 13:22:00+09:00,1047000.0,1048000.0,1046000.0,1048000.0,8,0.0,0.0
2025-03-28 13:23:00+09:00,1048000.0,1049000.0,1047000.0,1049000.0,8,0.0,0.0
2025-03-28 13:24:00+09:00,1048000.0,1048000.0,1047000.0,1047000.0,17,0.0,0.0
2025-03-28 13:25:00+09:00,1048000.0,1048000.0,1047000.0,1047000.0,65,0.0,0.0
2025-03-28 13:26:00+09:00,1047000.0,1048000.0,1046000.0,1047000.0,36,0.0,0.0
2025-03-28 13:27:00+09:00,1048000.0,1048000.0,1046000.0,1047000.0,34,0.0,0.0
2025-03-28 13:28:00+09:00,1047000.0,1047000.0,1046000.0,1046000.0,10,0.0,0.0
2025-03-28 13:29:00+09:00,1047000.0,1047000.0,1047000.0,1047000.0,15,0.0,0.0
2025-03-28 13:30:00+09:00,1046000.0,1047000.0,1045000.0,1047000.0,71,0.0,0.0
2025-03-28 13:31:00+09:00,1047000.0,1047000.0,1045000.0,1045000.0,5,0.0,0.0
2025-03-28 13:32:00+09:00,1046000.0,1047000.0,1045000.0,1046000.0,13,0.0,0.0
2025-03-28 13:33:00+09:00,1046000.0,1046000.0,1045000.0,1045000.0,9,0.0,0.0
2025-03-28 13:34:00+09:00,1046000.0,1047000.0,1046000.0,1047000.0,14,0.0,0.0
2025-03-28 13:35:00+09:00,1047000.0,1047000.0,1045000.0,1045000.0,19,0.0,0.0
2025-03-28 13:36:00+09:00,1045000.0,1046000.0,1045000.0,1045000.0,32,0.0,0.0
2025-03-28 13:37:00+09:00,1046000.0,1046000.0,1046000.0,1046000.0,10,0.0,0.0
2025-03-28 13:38:00+09:00,1046000.0,1046000.0,1045000.0,1046000.0,9,0.0,0.0
2025-03-28 13:39:00+09:00,1046000.0,1046000.0,1045000.0,1046000.0,16,0.0,0.0
2025-03-28 13:40:00+09:00,1046000.0,1046000.0,1045000.0,1046000.0,19,0.0,0.0
2025-03-28 13:41:00+09:00,1046000.0,1046000.0,1045000.0,1046000.0,4,0.0,0.0
2025-03-28 13:42:00+09:00,1045000.0,1046000.0,1045000.0,1045000.0,30,0.0,0.0
2025-03-28 13:43:00+09:00,1046000.0,1046000.0,1045000.0,1045000.0,48,0.0,0.0
2025-03-28 13:44:00+09:00,1046000.0,1047000.0,1045000.0,1046000.0,25,0.0,0.0
2025-03-28 13:45:00+09:00,1046000.0,1046000.0,1045000.0,1045000.0,11,0.0,0.0
2025-03-28 13:46:00+09:00,1046000.0,1046000.0,1045000.0,1046000.0,19,0.0,0.0
2025-03-28 13:47:00+09:00,1046000.0,1046000.0,1046000.0,1046000.0,3,0.0,0.0
2025-03-28 13:48:00+09:00,1046000.0,1046000.0,1045000.0,1045000.0,46,0.0,0.0
2025-03-28 13:49:00+09:00,1046000.0,1046000.0,1045000.0,1045000.0,23,0.0,0.0
2025-03-28 13:50:00+09:00,1046000.0,1046000.0,1045000.0,1045000.0,13,0.0,0.0
2025-03-28 13:51:00+09:00,1046000.0,1046000.0,1045000.0,1045000.0,10,0.0,0.0
2025-03-28 13:52:00+09:00,1045000.0,1046000.0,1045000.0,1046000.0,18,0.0,0.0
2025-03-28 13:53:00+09:00,1046000.0,1046000.0,1045000.0,1045000.0,9,0.0,0.0
2025-03-28 13:54:00+09:00,1045000.0,1046000.0,1044000.0,1044000.0,107,0.0,0.0
2025-03-28 13:55:00+09:00,1044000.0,1046000.0,1044000.0,1044000.0,100,0.0,0.0
2025-03-28 13:56:00+09:00,1044000.0,1045000.0,1044000.0,1045000.0,8,0.0,0.0
2025-03-28 13:57:00+09:00,1045000.0,1046000.0,1044000.0,1045000.0,24,0.0,0.0
2025-03-28 13:58:00+09:00,1044000.0,1045000.0,1044000.0,1045000.0,3,0.0,0.0
2025-03-28 13:59:00+09:00,1044000.0,1045000.0,1044000.0,1044000.0,11,0.0,0.0
2025-03-28 14:00:00+09:00,1045000.0,1047000.0,1044000.0,1044000.0,47,0.0,0.0
2025-03-28 14:01:00+09:00,1044000.0,1047000.0,1044000.0,1044000.0,35,0.0,0.0
2025-03-28 14:02:00+09:00,1046000.0,1047000.0,1046000.0,1047000.0,0,0.0,0.0
2025-03-28 14:03:00+09:00,1046000.0,1047000.0,1046000.0,1046000.0,17,0.0,0.0
2025-03-28 14:04:00+09:00,1046000.0,1046000.0,1045000.0,1045000.0,24,0.0,0.0
2025-03-28 14:05:00+09:00,1045000.0,1046000.0,1045000.0,1045000.0,30,0.0,0.0
2025-03-28 14:06:00+09:00,1045000.0,1046000.0,1045000.0,1045000.0,21,0.0,0.0
2025-03-28 14:07:00+09:00,1046000.0,1046000.0,1045000.0,1045000.0,20,0.0,0.0
2025-03-28 14:08:00+09:00,1046000.0,1046000.0,1045000.0,1046000.0,18,0.0,0.0
2025-03-28 14:09:00+09:00,1046000.0,1046000.0,1045000.0,1045000.0,32,0.0,0.0
2025-03-28 14:10:00+09:00,1046000.0,1046000.0,1045000.0,1046000.0,48,0.0,0.0
2025-03-28 14:11:00+09:00,1046000.0,1046000.0,1045000.0,1046000.0,25,0.0,0.0
2025-03-28 14:12:00+09:00,1046000.0,1046000.0,1045000.0,1045000.0,45,0.0,0.0
2025-03-28 14:13:00+09:00,1046000.0,1046000.0,1046000.0,1046000.0,13,0.0,0.0
2025-03-28 14:14:00+09:00,1046000.0,1046000.0,1045000.0,1046000.0,22,0.0,0.0
2025-03-28 14:15:00+09:00,1046000.0,1046000.0,1045000.0,1046000.0,30,0.0,0.0
2025-03-28 14:16:00+09:00,1046000.0,1047000.0,1045000.0,1047000.0,42,0.0,0.0
2025-03-28 14:17:00+09:00,1046000.0,1046000.0,1044000.0,1044000.0,294,0.0,0.0
2025-03-28 14:18:00+09:00,1045000.0,1047000.0,1044000.0,1044000.0,214,0.0,0.0
2025-03-28 14:19:00+09:00,1045000.0,1045000.0,1044000.0,1045000.0,166,0.0,0.0
2025-03-28 14:20:00+09:00,1045000.0,1045000.0,1044000.0,1045000.0,0,0.0,0.0
2025-03-28 14:21:00+09:00,1044000.0,1045000.0,1044000.0,1045000.0,99,0.0,0.0
2025-03-28 14:22:00+09:00,1045000.0,1045000.0,1044000.0,1044000.0,37,0.0,0.0
2025-03-28 14:23:00+09:00,1045000.0,1045000.0,1044000.0,1044000.0,90,0.0,0.0
2025-03-28 14:24:00+09:00,1045000.0,1045000.0,1044000.0,1044000.0,24,0.0,0.0
2025-03-28 14:25:00+09:00,1045000.0,1045000.0,1044000.0,1045000.0,65,0.0,0.0
2025-03-28 14:26:00+09:00,1044500.0,1045000.0,1044000.0,1045000.0,37,0.0,0.0
2025-03-28 14:27:00+09:00,1045000.0,1045000.0,1044000.0,1044000.0,26,0.0,0.0
2025-03-28 14:28:00+09:00,1044000.0,1045000.0,1044000.0,1045000.0,46,0.0,0.0
2025-03-28 14:29:00+09:00,1044000.0,1045000.0,1044000.0,1045000.0,19,0.0,0.0
2025-03-28 14:30:00+09:00,1045000.0,1045000.0,1044000.0,1044000.0,30,0.0,0.0
2025-03-28 14:31:00+09:00,1045000.0,1045000.0,1044000.0,1045000.0,16,0.0,0.0
2025-03-28 14:32:00+09:00,1045000.0,1045000.0,1044000.0,1045000.0,40,0.0,0.0
2025-03-28 14:33:00+09:00,1044000.0,1045000.0,1044000.0,1045000.0,16,0.0,0.0
2025-03-28 14:34:00+09:00,1045000.0,1045000.0,1044000.0,1045000.0,62,0.0,0.0
2025-03-28 14:35:00+09:00,1044000.0,1045000.0,1044000.0,1044000.0,22,0.0,0.0
2025-03-28 14:36:00+09:00,1045000.0,1045000.0,1044000.0,1044000.0,81,0.0,0.0
2025-03-28 14:37:00+09:00,1045000.0,1045000.0,1044000.0,1045000.0,123,0.0,0.0
2025-03-28 14:38:00+09:00,1045000.0,1045000.0,1045000.0,1045000.0,7,0.0,0.0
2025-03-28 14:39:00+09:00,1045000.0,1045000.0,1044000.0,1044000.0,19,0.0,0.0
2025-03-28 14:40:00+09:00,1045000.0,1045000.0,1044000.0,1045000.0,25,0.0,0.0
2025-03-28 14:41:00+09:00,1045000.0,1045000.0,1044000.0,1045000.0,331,0.0,0.0
2025-03-28 14:42:00+09:00,1045000.0,1045000.0,1044000.0,1044000.0,123,0.0,0.0
2025-03-28 14:43:00+09:00,1044000.0,1045000.0,1043000.0,1044000.0,68,0.0,0.0
2025-03-28 14:44:00+09:00,1044000.0,1045000.0,1043000.0,1045000.0,23,0.0,0.0
2025-03-28 14:45:00+09:00,1045000.0,1045000.0,1044000.0,1045000.0,27,0.0,0.0
2025-03-28 14:46:00+09:00,1045000.0,1045000.0,1044000.0,1045000.0,24,0.0,0.0
2025-03-28 14:47:00+09:00,1044000.0,1045000.0,1044000.0,1045000.0,23,0.0,0.0
2025-03-28 14:48:00+09:00,1045000.0,1045000.0,1043000.0,1044000.0,53,0.0,0.0
2025-03-28 14:49:00+09:00,1044000.0,1044000.0,1043000.0,1043000.0,114,0.0,0.0
2025-03-28 14:50:00+09:00,1043000.0,1044000.0,1043000.0,1044000.0,31,0.0,0.0
2025-03-28 14:51:00+09:00,1044000.0,1044000.0,1043000.0,1043000.0,16,0.0,0.0
2025-03-28 14:52:00+09:00,1043000.0,1043000.0,1042000.0,1042000.0,362,0.0,0.0
2025-03-28 14:53:00+09:00,1042000.0,1043000.0,1042000.0,1042000.0,30,0.0,0.0
2025-03-28 14:54:00+09:00,1042000.0,1043000.0,1042000.0,1042000.0,35,0.0,0.0
2025-03-28 14:55:00+09:00,1043000.0,1044000.0,1043000.0,1043000.0,43,0.0,0.0
2025-03-28 14:56:00+09:00,1043000.0,1044000.0,1043000.0,1043000.0,95,0.0,0.0
2025-03-28 14:57:00+09:00,1042000.0,1043000.0,1042000.0,1042000.0,45,0.0,0.0
2025-03-28 14:58:00+09:00,1043000.0,1043000.0,1041000.0,1041000.0,215,0.0,0.0
2025-03-28 14:59:00+09:00,1041000.0,1043000.0,1041000.0,1043000.0,57,0.0,0.0
2025-03-31 09:00:00+09:00,1027000.0,1038000.0,1027000.0,1033000.0,892,0.0,0.0
2025-03-31 09:01:00+09:00,1033000.0,1033000.0,1025000.0,1028000.0,516,0.0,0.0
2025-03-31 09:02:00+09:00,1027000.0,1028000.0,1023000.0,1024000.0,411,0.0,0.0
2025-03-31 09:03:00+09:00,1023000.0,1025000.0,1021000.0,1023000.0,410,0.0,0.0
2025-03-31 09:04:00+09:00,1022000.0,1023000.0,1022000.0,1022000.0,138,0.0,0.0
2025-03-31 09:05:00+09:00,1022000.0,1025000.0,1021000.0,1025000.0,422,0.0,0.0
2025-03-31 09:06:00+09:00,1025000.0,1027000.0,1022000.0,1026000.0,430,0.0,0.0
2025-03-31 09:07:00+09:00,1025000.0,1025000.0,1023000.0,1023000.0,152,0.0,0.0
2025-03-31 09:08:00+09:00,1023000.0,1023000.0,1023000.0,1023000.0,118,0.0,0.0
2025-03-31 09:09:00+09:00,1023000.0,1026000.0,1023000.0,1026000.0,286,0.0,0.0
2025-03-31 09:10:00+09:00,1026000.0,1026000.0,1023000.0,1023000.0,139,0.0,0.0
2025-03-31 09:11:00+09:00,1023000.0,1023000.0,1021000.0,1021000.0,501,0.0,0.0
2025-03-31 09:12:00+09:00,1022000.0,1022000.0,1019000.0,1020000.0,413,0.0,0.0
2025-03-31 09:13:00+09:00,1020000.0,1020000.0,1017000.0,1019000.0,414,0.0,0.0
2025-03-31 09:14:00+09:00,1019000.0,1020000.0,1015000.0,1016000.0,487,0.0,0.0
2025-03-31 09:15:00+09:00,1017000.0,1017000.0,1016000.0,1016000.0,138,0.0,0.0
2025-03-31 09:16:00+09:00,1017000.0,1020000.0,1016000.0,1020000.0,279,0.0,0.0
2025-03-31 09:17:00+09:00,1019000.0,1019000.0,1015000.0,1016000.0,771,0.0,0.0
2025-03-31 09:18:00+09:00,1016000.0,1016000.0,1015000.0,1016000.0,260,0.0,0.0
2025-03-31 09:19:00+09:00,1016000.0,1016000.0,1015000.0,1015000.0,36,0.0,0.0
2025-03-31 09:20:00+09:00,1015000.0,1019000.0,1015000.0,1018000.0,234,0.0,0.0
2025-03-31 09:21:00+09:00,1017000.0,1019000.0,1016000.0,1016000.0,281,0.0,0.0
2025-03-31 09:22:00+09:00,1016000.0,1018000.0,1016000.0,1018000.0,232,0.0,0.0
2025-03-31 09:23:00+09:00,1018000.0,1019000.0,1018000.0,1019000.0,130,0.0,0.0
2025-03-31 09:24:00+09:00,1020000.0,1023000.0,1019000.0,1022000.0,552,0.0,0.0
2025-03-31 09:25:00+09:00,1023000.0,1023000.0,1021000.0,1021000.0,76,0.0,0.0
2025-03-31 09:26:00+09:00,1021000.0,1024000.0,1020000.0,1020000.0,106,0.0,0.0
2025-03-31 09:27:00+09:00,1021000.0,1022000.0,1020000.0,1021000.0,50,0.0,0.0
2025-03-31 09:28:00+09:00,1022000.0,1022000.0,1021000.0,1022000.0,28,0.0,0.0
2025-03-31 09:29:00+09:00,1021000.0,1022000.0,1021000.0,1022000.0,10,0.0,0.0
2025-03-31 09:30:00+09:00,1022000.0,1022000.0,1017000.0,1018000.0,300,0.0,0.0
2025-03-31 09:31:00+09:00,1018000.0,1020000.0,1018000.0,1020000.0,237,0.0,0.0
2025-03-31 09:32:00+09:00,1020000.0,1021000.0,1019000.0,1021000.0,102,0.0,0.0
2025-03-31 09:33:00+09:00,1021000.0,1021000.0,1020000.0,1021000.0,31,0.0,0.0
2025-03-31 09:34:00+09:00,1021000.0,1021000.0,1020000.0,1021000.0,82,0.0,0.0
2025-03-31 09:35:00+09:00,1020000.0,1020000.0,1019000.0,1019000.0,124,0.0,0.0
2025-03-31 09:36:00+09:00,1019000.0,1020000.0,1018000.0,1018000.0,123,0.0,0.0
2025-03-31 09:37:00+09:00,1019000.0,1019000.0,1017000.0,1017000.0,190,0.0,0.0
2025-03-31 09:38:00+09:00,1018000.0,1018000.0,1017000.0,1017000.0,44,0.0,0.0
2025-03-31 09:39:00+09:00,1018000.0,1018000.0,1016000.0,1017000.0,271,0.0,0.0
2025-03-31 09:40:00+09:00,1017000.0,1018000.0,1016000.0,1016000.0,26,0.0,0.0
2025-03-31 09:41:00+09:00,1018000.0,1018000.0,1016000.0,1016000.0,273,0.0,0.0
2025-03-31 09:42:00+09:00,1016000.0,1016000.0,1015000.0,1016000.0,218,0.0,0.0
2025-03-31 09:43:00+09:00,1017000.0,1017000.0,1015000.0,1015000.0,286,0.0,0.0
2025-03-31 09:44:00+09:00,1016000.0,1017000.0,1015000.0,1016000.0,164,0.0,0.0
2025-03-31 09:45:00+09:00,1017000.0,1018000.0,1016000.0,1018000.0,200,0.0,0.0
2025-03-31 09:46:00+09:00,1018000.0,1019000.0,1017000.0,1019000.0,87,0.0,0.0
2025-03-31 09:47:00+09:00,1019000.0,1020000.0,1019000.0,1020000.0,46,0.0,0.0
2025-03-31 09:48:00+09:00,1019000.0,1019000.0,1017000.0,1018000.0,97,0.0,0.0
2025-03-31 09:49:00+09:00,1017000.0,1019000.0,1017000.0,1018000.0,119,0.0,0.0
2025-03-31 09:50:00+09:00,1019000.0,1019000.0,1017000.0,1018000.0,66,0.0,0.0
2025-03-31 09:51:00+09:00,1018000.0,1021000.0,1018000.0,1020000.0,213,0.0,0.0
2025-03-31 09:52:00+09:00,1020000.0,1021000.0,1020000.0,1021000.0,69,0.0,0.0
2025-03-31 09:53:00+09:00,1021000.0,1022000.0,1021000.0,1021000.0,22,0.0,0.0
2025-03-31 09:54:00+09:00,1022000.0,1022000.0,1021000.0,1021000.0,21,0.0,0.0
2025-03-31 09:55:00+09:00,1022000.0,1023000.0,1021000.0,1022000.0,147,0.0,0.0
2025-03-31 09:56:00+09:00,1022000.0,1023000.0,1022000.0,1023000.0,124,0.0,0.0
2025-03-31 09:57:00+09:00,1023000.0,1023000.0,1023000.0,1023000.0,8,0.0,0.0
2025-03-31 09:58:00+09:00,1022000.0,1022000.0,1022000.0,1022000.0,44,0.0,0.0
2025-03-31 09:59:00+09:00,1022000.0,1022000.0,1021000.0,1022000.0,343,0.0,0.0
2025-03-31 10:00:00+09:00,1023000.0,1023000.0,1020000.0,1021000.0,46,0.0,0.0
2025-03-31 10:01:00+09:00,1021000.0,1023000.0,1021000.0,1023000.0,29,0.0,0.0
2025-03-31 10:02:00+09:00,1022000.0,1023000.0,1022000.0,1022000.0,55,0.0,0.0
2025-03-31 10:03:00+09:00,1022000.0,1024000.0,1021000.0,1023000.0,250,0.0,0.0
2025-03-31 10:04:00+09:00,1023000.0,1024000.0,1022000.0,1023000.0,222,0.0,0.0
2025-03-31 10:05:00+09:00,1024000.0,1024000.0,1022000.0,1023000.0,113,0.0,0.0
2025-03-31 10:06:00+09:00,1023000.0,1024000.0,1023000.0,1024000.0,195,0.0,0.0
2025-03-31 10:07:00+09:00,1023000.0,1023500.0,1022000.0,1023000.0,45,0.0,0.0
2025-03-31 10:08:00+09:00,1022000.0,1023000.0,1022000.0,1023000.0,10,0.0,0.0
2025-03-31 10:09:00+09:00,1023000.0,1023000.0,1020000.0,1021000.0,54,0.0,0.0
2025-03-31 10:10:00+09:00,1021000.0,1023000.0,1020000.0,1022000.0,223,0.0,0.0
2025-03-31 10:11:00+09:00,1022000.0,1022000.0,1020000.0,1021000.0,142,0.0,0.0
2025-03-31 10:12:00+09:00,1020000.0,1021000.0,1020000.0,1021000.0,56,0.0,0.0
2025-03-31 10:13:00+09:00,1021000.0,1023000.0,1021000.0,1023000.0,107,0.0,0.0
2025-03-31 10:14:00+09:00,1023000.0,1024000.0,1022000.0,1023000.0,106,0.0,0.0
2025-03-31 10:15:00+09:00,1024000.0,1024000.0,1023000.0,1023000.0,96,0.0,0.0
2025-03-31 10:16:00+09:00,1022000.0,1024000.0,1022000.0,1024000.0,139,0.0,0.0
2025-03-31 10:17:00+09:00,1024000.0,1025000.0,1024000.0,1025000.0,77,0.0,0.0
2025-03-31 10:18:00+09:00,1024000.0,1025000.0,1023000.0,1023000.0,255,0.0,0.0
2025-03-31 10:19:00+09:00,1025000.0,1025000.0,1023000.0,1024000.0,164,0.0,0.0
2025-03-31 10:20:00+09:00,1025000.0,1026000.0,1024000.0,1024000.0,72,0.0,0.0
2025-03-31 10:21:00+09:00,1025000.0,1025000.0,1023000.0,1024000.0,49,0.0,0.0
2025-03-31 10:22:00+09:00,1024000.0,1025000.0,1024000.0,1024000.0,13,0.0,0.0
2025-03-31 10:23:00+09:00,1025000.0,1025000.0,1024000.0,1024000.0,35,0.0,0.0
2025-03-31 10:24:00+09:00,1024000.0,1024000.0,1022000.0,1024000.0,277,0.0,0.0
2025-03-31 10:25:00+09:00,1024000.0,1024000.0,1023000.0,1024000.0,104,0.0,0.0
2025-03-31 10:26:00+09:00,1025000.0,1025000.0,1022000.0,1022000.0,87,0.0,0.0
2025-03-31 10:27:00+09:00,1022000.0,1025000.0,1022000.0,1024000.0,146,0.0,0.0
2025-03-31 10:28:00+09:00,1023000.0,1024000.0,1023000.0,1023000.0,76,0.0,0.0
2025-03-31 10:29:00+09:00,1023000.0,1025000.0,1023000.0,1024000.0,53,0.0,0.0
2025-03-31 10:30:00+09:00,1024000.0,1025000.0,1023000.0,1023000.0,69,0.0,0.0
2025-03-31 10:31:00+09:00,1024000.0,1024000.0,1022000.0,1023000.0,109,0.0,0.0
2025-03-31 10:32:00+09:00,1023000.0,1024000.0,1022000.0,1023000.0,31,0.0,0.0
2025-03-31 10:33:00+09:00,1023000.0,1023000.0,1022000.0,1022000.0,20,0.0,0.0
2025-03-31 10:34:00+09:00,1023000.0,1023000.0,1022000.0,1022000.0,52,0.0,0.0
2025-03-31 10:35:00+09:00,1022000.0,1022000.0,1021000.0,1022000.0,43,0.0,0.0
2025-03-31 10:36:00+09:00,1021000.0,1022000.0,1021000.0,1021000.0,28,0.0,0.0
2025-03-31 10:37:00+09:00,1021000.0,1022000.0,1021000.0,1021000.0,37,0.0,0.0
2025-03-31 10:38:00+09:00,1021000.0,1022000.0,1021000.0,1022000.0,259,0.0,0.0
2025-03-31 10:39:00+09:00,1023000.0,1023000.0,1022000.0,1022000.0,22,0.0,0.0
2025-03-31 10:40:00+09:00,1023000.0,1023000.0,1022000.0,1022000.0,69,0.0,0.0
2025-03-31 10:41:00+09:00,1022000.0,1023000.0,1022000.0,1022000.0,19,0.0,0.0
2025-03-31 10:42:00+09:00,1022000.0,1023000.0,1022000.0,1022000.0,10,0.0,0.0
2025-03-31 10:43:00+09:00,1022000.0,1023000.0,1021000.0,1021000.0,129,0.0,0.0
2025-03-31 10:44:00+09:00,1021000.0,1021000.0,1021000.0,1021000.0,58,0.0,0.0
2025-03-31 10:45:00+09:00,1021000.0,1022000.0,1021000.0,1021000.0,27,0.0,0.0
2025-03-31 10:46:00+09:00,1021000.0,1022000.0,1021000.0,1021000.0,40,0.0,0.0
2025-03-31 10:47:00+09:00,1022000.0,1023000.0,1021000.0,1022000.0,230,0.0,0.0
2025-03-31 10:48:00+09:00,1022000.0,1023000.0,1022000.0,1022000.0,36,0.0,0.0
2025-03-31 10:49:00+09:00,1023000.0,1023000.0,1022000.0,1022000.0,26,0.0,0.0
2025-03-31 10:50:00+09:00,1022000.0,1023000.0,1022000.0,1023000.0,19,0.0,0.0
2025-03-31 10:51:00+09:00,1023000.0,1023000.0,1022000.0,1022000.0,14,0.0,0.0
2025-03-31 10:52:00+09:00,1022000.0,1023000.0,1022000.0,1022000.0,46,0.0,0.0
2025-03-31 10:53:00+09:00,1022000.0,1023000.0,1022000.0,1023000.0,72,0.0,0.0
2025-03-31 10:54:00+09:00,1022000.0,1024000.0,1022000.0,1024000.0,122,0.0,0.0
2025-03-31 10:55:00+09:00,1023000.0,1023000.0,1023000.0,1023000.0,8,0.0,0.0
2025-03-31 10:56:00+09:00,1023000.0,1024000.0,1023000.0,1023000.0,53,0.0,0.0
2025-03-31 10:57:00+09:00,1022000.0,1024000.0,1022000.0,1023000.0,57,0.0,0.0
2025-03-31 10:58:00+09:00,1024000.0,1024000.0,1023000.0,1024000.0,31,0.0,0.0
2025-03-31 10:59:00+09:00,1024000.0,1024000.0,1023000.0,1024000.0,82,0.0,0.0
2025-03-31 11:00:00+09:00,1024000.0,1025000.0,1024000.0,1024000.0,228,0.0,0.0
2025-03-31 11:01:00+09:00,1024000.0,1025000.0,1023000.0,1024000.0,68,0.0,0.0
2025-03-31 11:02:00+09:00,1023000.0,1024000.0,1023000.0,1024000.0,20,0.0,0.0
2025-03-31 11:03:00+09:00,1024000.0,1024000.0,1023000.0,1024000.0,11,0.0,0.0
2025-03-31 11:04:00+09:00,1024000.0,1024000.0,1023000.0,1023000.0,13,0.0,0.0
2025-03-31 11:05:00+09:00,1024000.0,1024000.0,1023000.0,1023000.0,80,0.0,0.0
2025-03-31 11:06:00+09:00,1023000.0,1024000.0,1023000.0,1024000.0,28,0.0,0.0
2025-03-31 11:07:00+09:00,1023000.0,1024000.0,1023000.0,1023000.0,21,0.0,0.0
2025-03-31 11:08:00+09:00,1024000.0,1024000.0,1023000.0,1023000.0,192,0.0,0.0
2025-03-31 11:09:00+09:00,1023000.0,1024000.0,1021000.0,1021000.0,326,0.0,0.0
2025-03-31 11:10:00+09:00,1021000.0,1022000.0,1020500.0,1021000.0,618,0.0,0.0
2025-03-31 11:11:00+09:00,1021000.0,1023000.0,1021000.0,1022000.0,16,0.0,0.0
2025-03-31 11:12:00+09:00,1022000.0,1023000.0,1022000.0,1022000.0,26,0.0,0.0
2025-03-31 11:13:00+09:00,1022000.0,1023000.0,1021000.0,1022000.0,61,0.0,0.0
2025-03-31 11:14:00+09:00,1023000.0,1023000.0,1023000.0,1023000.0,3,0.0,0.0
2025-03-31 11:15:00+09:00,1022000.0,1023000.0,1021000.0,1021000.0,169,0.0,0.0
2025-03-31 11:16:00+09:00,1021000.0,1023000.0,1021000.0,1022000.0,74,0.0,0.0
2025-03-31 11:17:00+09:00,1023000.0,1025000.0,1023000.0,1023000.0,105,0.0,0.0
2025-03-31 11:18:00+09:00,1024000.0,1024000.0,1023000.0,1023000.0,6,0.0,0.0
2025-03-31 11:19:00+09:00,1023000.0,1024000.0,1022000.0,1022000.0,67,0.0,0.0
2025-03-31 11:20:00+09:00,1022000.0,1023000.0,1021000.0,1022000.0,99,0.0,0.0
2025-03-31 11:21:00+09:00,1022000.0,1023000.0,1022000.0,1023000.0,12,0.0,0.0
2025-03-31 11:22:00+09:00,1022000.0,1023000.0,1022000.0,1023000.0,11,0.0,0.0
2025-03-31 11:23:00+09:00,1023000.0,1023000.0,1022000.0,1023000.0,32,0.0,0.0
2025-03-31 11:24:00+09:00,1023000.0,1024000.0,1022000.0,1024000.0,162,0.0,0.0
2025-03-31 11:25:00+09:00,1024000.0,1024000.0,1023000.0,1023000.0,21,0.0,0.0
2025-03-31 11:26:00+09:00,1023000.0,1024000.0,1023000.0,1024000.0,20,0.0,0.0
2025-03-31 11:27:00+09:00,1024000.0,1024000.0,1023000.0,1024000.0,77,0.0,0.0
2025-03-31 11:28:00+09:00,1024000.0,1025000.0,1023000.0,1024000.0,102,0.0,0.0
2025-03-31 11:29:00+09:00,1023000.0,1024000.0,1023000.0,1024000.0,11,0.0,0.0
2025-03-31 11:30:00+09:00,1023000.0,1024000.0,1023000.0,1023000.0,23,0.0,0.0
2025-03-31 11:31:00+09:00,1024000.0,1024000.0,1023000.0,1024000.0,9,0.0,0.0
2025-03-31 11:32:00+09:00,1024000.0,1024000.0,1023000.0,1024000.0,23,0.0,0.0
2025-03-31 11:33:00+09:00,1024000.0,1024000.0,1023000.0,1023000.0,24,0.0,0.0
2025-03-31 11:34:00+09:00,1023000.0,1024000.0,1023000.0,1023000.0,21,0.0,0.0
2025-03-31 11:35:00+09:00,1023000.0,1024000.0,1023000.0,1023000.0,36,0.0,0.0
2025-03-31 11:36:00+09:00,1024000.0,1024000.0,1023000.0,1024000.0,12,0.0,0.0
2025-03-31 11:37:00+09:00,1023000.0,1024000.0,1023000.0,1023000.0,13,0.0,0.0
2025-03-31 11:38:00+09:00,1024000.0,1024000.0,1023000.0,1024000.0,30,0.0,0.0
2025-03-31 11:39:00+09:00,1024000.0,1024000.0,1023000.0,1023000.0,6,0.0,0.0
2025-03-31 11:40:00+09:00,1024000.0,1024000.0,1023000.0,1023000.0,47,0.0,0.0
2025-03-31 11:41:00+09:00,1024000.0,1024000.0,1023000.0,1024000.0,385,0.0,0.0
2025-03-31 11:42:00+09:00,1024000.0,1025000.0,1023000.0,1025000.0,58,0.0,0.0
2025-03-31 11:43:00+09:00,1024000.0,1025000.0,1024000.0,1025000.0,15,0.0,0.0
2025-03-31 11:44:00+09:00,1025000.0,1025000.0,1024000.0,1025000.0,22,0.0,0.0
2025-03-31 11:45:00+09:00,1024000.0,1025000.0,1024000.0,1024000.0,20,0.0,0.0
2025-03-31 11:46:00+09:00,1025000.0,1025000.0,1024000.0,1024000.0,17,0.0,0.0
2025-03-31 11:47:00+09:00,1024000.0,1025000.0,1024000.0,1025000.0,12,0.0,0.0
2025-03-31 11:48:00+09:00,1025000.0,1025000.0,1024000.0,1024000.0,11,0.0,0.0
2025-03-31 11:49:00+09:00,1024000.0,1025000.0,1024000.0,1024000.0,21,0.0,0.0
2025-03-31 11:50:00+09:00,1025000.0,1025000.0,1024000.0,1024000.0,22,0.0,0.0
2025-03-31 11:51:00+09:00,1024000.0,1025000.0,1024000.0,1024000.0,7,0.0,0.0
2025-03-31 11:52:00+09:00,1025000.0,1025000.0,1024000.0,1024000.0,24,0.0,0.0
2025-03-31 11:53:00+09:00,1025000.0,1025000.0,1024000.0,1024000.0,26,0.0,0.0
2025-03-31 11:54:00+09:00,1025000.0,1025000.0,1024000.0,1024000.0,29,0.0,0.0
2025-03-31 11:55:00+09:00,1024000.0,1025000.0,1024000.0,1024000.0,14,0.0,0.0
2025-03-31 11:56:00+09:00,1024000.0,1025000.0,1024000.0,1025000.0,16,0.0,0.0
2025-03-31 11:57:00+09:00,1024000.0,1024000.0,1021000.0,1024000.0,722,0.0,0.0
2025-03-31 11:58:00+09:00,1023000.0,1023000.0,1023000.0,1023000.0,22,0.0,0.0
2025-03-31 11:59:00+09:00,1024000.0,1024000.0,1023000.0,1024000.0,16,0.0,0.0
2025-03-31 12:00:00+09:00,1024000.0,1024000.0,1023000.0,1023000.0,12,0.0,0.0
2025-03-31 12:01:00+09:00,1023000.0,1024000.0,1023000.0,1023000.0,11,0.0,0.0
2025-03-31 12:02:00+09:00,1024000.0,1024000.0,1023000.0,1024000.0,23,0.0,0.0
2025-03-31 12:03:00+09:00,1024000.0,1024000.0,1021000.0,1022000.0,242,0.0,0.0
2025-03-31 12:04:00+09:00,1022000.0,1024000.0,1021000.0,1023000.0,121,0.0,0.0
2025-03-31 12:05:00+09:00,1022000.0,1023000.0,1022000.0,1022000.0,7,0.0,0.0
2025-03-31 12:06:00+09:00,1022000.0,1023000.0,1022000.0,1022000.0,28,0.0,0.0
2025-03-31 12:07:00+09:00,1023000.0,1023000.0,1021000.0,1021000.0,27,0.0,0.0
2025-03-31 12:08:00+09:00,1021000.0,1022000.0,1021000.0,1022000.0,16,0.0,0.0
2025-03-31 12:09:00+09:00,1021000.0,1022000.0,1021000.0,1022000.0,21,0.0,0.0
2025-03-31 12:10:00+09:00,1022000.0,1022000.0,1020000.0,1020000.0,29,0.0,0.0
2025-03-31 12:11:00+09:00,1021000.0,1021000.0,1020000.0,1020000.0,16,0.0,0.0
2025-03-31 12:12:00+09:00,1020000.0,1021000.0,1020000.0,1021000.0,57,0.0,0.0
2025-03-31 12:13:00+09:00,1021000.0,1021000.0,1020000.0,1020000.0,35,0.0,0.0
2025-03-31 12:14:00+09:00,1021000.0,1021000.0,1020000.0,1021000.0,18,0.0,0.0
2025-03-31 12:15:00+09:00,1021000.0,1022000.0,1020000.0,1021000.0,101,0.0,0.0
2025-03-31 12:16:00+09:00,1022000.0,1022000.0,1021000.0,1021000.0,13,0.0,0.0
2025-03-31 12:17:00+09:00,1022000.0,1022000.0,1021000.0,1022000.0,16,0.0,0.0
2025-03-31 12:18:00+09:00,1022000.0,1022000.0,1021000.0,1021000.0,8,0.0,0.0
2025-03-31 12:19:00+09:00,1021000.0,1022000.0,1021000.0,1021000.0,9,0.0,0.0
2025-03-31 12:20:00+09:00,1022000.0,1022000.0,1021000.0,1021000.0,35,0.0,0.0
2025-03-31 12:21:00+09:00,1021000.0,1022000.0,1021000.0,1022000.0,49,0.0,0.0
2025-03-31 12:22:00+09:00,1021000.0,1021000.0,1021000.0,1021000.0,7,0.0,0.0
2025-03-31 12:23:00+09:00,1022000.0,1022000.0,1020000.0,1022000.0,70,0.0,0.0
2025-03-31 12:24:00+09:00,1021000.0,1022000.0,1021000.0,1021000.0,27,0.0,0.0
2025-03-31 12:25:00+09:00,1021000.0,1022000.0,1021000.0,1021000.0,26,0.0,0.0
2025-03-31 12:26:00+09:00,1022000.0,1022000.0,1021000.0,1021000.0,19,0.0,0.0
2025-03-31 12:27:00+09:00,1022000.0,1022000.0,1021000.0,1021000.0,18,0.0,0.0
2025-03-31 12:28:00+09:00,1021000.0,1022000.0,1021000.0,1021000.0,26,0.0,0.0
2025-03-31 12:29:00+09:00,1021000.0,1024000.0,1020000.0,1024000.0,336,0.0,0.0
2025-03-31 12:30:00+09:00,1022000.0,1024000.0,1022000.0,1022000.0,33,0.0,0.0
2025-03-31 12:31:00+09:00,1022000.0,1025000.0,1022000.0,1025000.0,137,0.0,0.0
2025-03-31 12:32:00+09:00,1023000.0,1024000.0,1023000.0,1023000.0,7,0.0,0.0
2025-03-31 12:33:00+09:00,1024000.0,1025000.0,1023000.0,1024000.0,58,0.0,0.0
2025-03-31 12:34:00+09:00,1024000.0,1025000.0,1024000.0,1025000.0,24,0.0,0.0
2025-03-31 12:35:00+09:00,1025000.0,1025000.0,1024000.0,1025000.0,22,0.0,0.0
2025-03-31 12:36:00+09:00,1024000.0,1025000.0,1024000.0,1024000.0,20,0.0,0.0
2025-03-31 12:37:00+09:00,1025000.0,1025000.0,1024000.0,1024000.0,14,0.0,0.0
2025-03-31 12:38:00+09:00,1024000.0,1025000.0,1022000.0,1023000.0,314,0.0,0.0
2025-03-31 12:39:00+09:00,1023000.0,1023000.0,1021000.0,1022000.0,57,0.0,0.0
2025-03-31 12:40:00+09:00,1021000.0,1022000.0,1021000.0,1021000.0,32,0.0,0.0
2025-03-31 12:41:00+09:00,1021000.0,1022000.0,1020000.0,1020000.0,61,0.0,0.0
2025-03-31 12:42:00+09:00,1022000.0,1022000.0,1020000.0,1020000.0,13,0.0,0.0
2025-03-31 12:43:00+09:00,1021000.0,1021000.0,1020000.0,1020000.0,16,0.0,0.0
2025-03-31 12:44:00+09:00,1021000.0,1021000.0,1020000.0,1020000.0,85,0.0,0.0
2025-03-31 12:45:00+09:00,1021000.0,1021000.0,1019000.0,1019000.0,83,0.0,0.0
2025-03-31 12:46:00+09:00,1019000.0,1019000.0,1018000.0,1018000.0,336,0.0,0.0
2025-03-31 12:47:00+09:00,1017000.0,1019000.0,1017000.0,1019000.0,326,0.0,0.0
2025-03-31 12:48:00+09:00,1019000.0,1019000.0,1017000.0,1018000.0,60,0.0,0.0
2025-03-31 12:49:00+09:00,1017000.0,1018000.0,1017000.0,1017000.0,16,0.0,0.0
2025-03-31 12:50:00+09:00,1018000.0,1018000.0,1016000.0,1016000.0,243,0.0,0.0
2025-03-31 12:51:00+09:00,1016000.0,1017000.0,1015000.0,1016000.0,346,0.0,0.0
2025-03-31 12:52:00+09:00,1016000.0,1017000.0,1016000.0,1017000.0,590,0.0,0.0
2025-03-31 12:53:00+09:00,1017000.0,1017000.0,1016000.0,1017000.0,25,0.0,0.0
2025-03-31 12:54:00+09:00,1017000.0,1017000.0,1016000.0,1017000.0,24,0.0,0.0
2025-03-31 12:55:00+09:00,1016000.0,1019000.0,1016000.0,1017000.0,238,0.0,0.0
2025-03-31 12:56:00+09:00,1017000.0,1017000.0,1015000.0,1016000.0,372,0.0,0.0
2025-03-31 12:57:00+09:00,1015000.0,1016000.0,1015000.0,1015000.0,124,0.0,0.0
2025-03-31 12:58:00+09:00,1015000.0,1016000.0,1015000.0,1016000.0,3,0.0,0.0
2025-03-31 12:59:00+09:00,1016000.0,1016000.0,1015000.0,1015000.0,197,0.0,0.0
2025-03-31 13:00:00+09:00,1016000.0,1016000.0,1015000.0,1015000.0,48,0.0,0.0
2025-03-31 13:01:00+09:00,1015000.0,1016000.0,1015000.0,1015000.0,13,0.0,0.0
2025-03-31 13:02:00+09:00,1015000.0,1016000.0,1015000.0,1015000.0,13,0.0,0.0
2025-03-31 13:03:00+09:00,1015000.0,1016000.0,1015000.0,1015000.0,51,0.0,0.0
2025-03-31 13:04:00+09:00,1016000.0,1016000.0,1015000.0,1015000.0,20,0.0,0.0
2025-03-31 13:05:00+09:00,1016000.0,1016000.0,1015000.0,1015000.0,28,0.0,0.0
2025-03-31 13:06:00+09:00,1015000.0,1016000.0,1015000.0,1016000.0,96,0.0,0.0
2025-03-31 13:07:00+09:00,1015000.0,1018000.0,1015000.0,1018000.0,375,0.0,0.0
2025-03-31 13:08:00+09:00,1017000.0,1018000.0,1017000.0,1017000.0,80,0.0,0.0
2025-03-31 13:09:00+09:00,1017000.0,1018000.0,1017000.0,1018000.0,0,0.0,0.0
2025-03-31 13:10:00+09:00,1017000.0,1018000.0,1017000.0,1017000.0,191,0.0,0.0
2025-03-31 13:11:00+09:00,1017000.0,1017000.0,1017000.0,1017000.0,30,0.0,0.0
2025-03-31 13:12:00+09:00,1017000.0,1018000.0,1017000.0,1018000.0,82,0.0,0.0
2025-03-31 13:13:00+09:00,1018000.0,1019000.0,1017000.0,1019000.0,117,0.0,0.0
2025-03-31 13:14:00+09:00,1019000.0,1020000.0,1019000.0,1019000.0,126,0.0,0.0
2025-03-31 13:15:00+09:00,1019000.0,1020000.0,1018000.0,1019000.0,96,0.0,0.0
2025-03-31 13:16:00+09:00,1017000.0,1018000.0,1017000.0,1018000.0,27,0.0,0.0
2025-03-31 13:17:00+09:00,1017000.0,1018000.0,1017000.0,1018000.0,20,0.0,0.0
2025-03-31 13:18:00+09:00,1018000.0,1021000.0,1017000.0,1019000.0,255,0.0,0.0
2025-03-31 13:19:00+09:00,1019000.0,1020000.0,1018000.0,1020000.0,25,0.0,0.0
