Date,Open,High,Low,Close,Volume,Dividends,Stock Splits
2020-02-21 00:00:00+09:00,6993.875609231652,7008.004650866463,6909.1013594227825,6930.294921875,1934880,0.0,0.0
2020-02-24 00:00:00+09:00,6803.133389087433,6817.262430393949,6640.6494140625,6640.6494140625,2931508,0.0,0.0
2020-02-25 00:00:00+09:00,6591.197586324534,7022.1333341978425,6591.197586324534,6916.16552734375,2806191,0.0,0.0
2020-02-26 00:00:00+09:00,6838.456151248725,6972.682046779434,6817.262588796509,6930.294921875,2313423,0.0,0.0
2020-02-27 00:00:00+09:00,6923.230214508703,7043.327065168548,6894.972132000505,7000.93994140625,1695039,0.0,0.0
2020-02-28 00:00:00+09:00,6993.875494886511,6993.875494886511,6753.681791021721,6789.00439453125,7798094,0.0,0.0
2020-03-02 00:00:00+09:00,6789.004226797122,6845.520391016036,6647.713816249835,6704.22998046875,2018623,0.0,0.0
2020-03-03 00:00:00+09:00,6803.133404934167,6852.585049622162,6668.907512209609,6690.10107421875,1895258,0.0,0.0
2020-03-04 00:00:00+09:00,6746.618588963526,6803.134765625,6661.844323971314,6803.134765625,2467520,0.0,0.0
2020-03-05 00:00:00+09:00,6810.197840561902,6852.584964050877,6647.7138671875,6647.7138671875,2396057,0.0,0.0
2020-03-06 00:00:00+09:00,6605.32719089674,6633.58527513587,6471.10129076087,6499.359375,2482103,0.0,0.0
2020-03-09 00:00:00+09:00,6499.359375,6499.359375,6499.359375,6499.359375,0,0.0,0.0
2020-03-10 00:00:00+09:00,5898.875439453125,6068.423955078125,5891.81091796875,6004.84326171875,3053823,0.0,0.0
2020-03-11 00:00:00+09:00,6004.842787111655,6252.101019522134,5969.520182481586,6054.29443359375,2784860,0.0,0.0
2020-03-12 00:00:00+09:00,6018.971251995894,6054.293853240001,5686.938800301285,5807.03564453125,4539764,0.0,0.0
2020-03-13 00:00:00+09:00,5227.745070684524,5658.680812997707,5164.164387392415,5489.13232421875,4111531,0.0,0.0
2020-03-16 00:00:00+09:00,5588.036585256594,5736.391538847477,5383.1654588691845,5390.22998046875,2427785,0.0,0.0
2020-03-17 00:00:00+09:00,5100.584830016672,5263.068834296982,5015.810566913902,5164.16552734375,3269796,0.0,0.0
2020-03-18 00:00:00+09:00,5164.165205078125,5192.423291015625,4923.971474609375,4945.1650390625,3167429,0.0,0.0
2020-03-19 00:00:00+09:00,5086.455554496952,5100.584597703887,4556.616434236852,4634.326171875,3761628,0.0,0.0
2020-03-20 00:00:00+09:00,4733.228884461106,5256.00341796875,4464.777096984208,5256.00341796875,4574529,0.0,0.0
2020-03-23 00:00:00+09:00,4747.358517530488,4846.2618199790395,4556.616434236852,4634.326171875,3892290,0.0,0.0
2020-03-24 00:00:00+09:00,4740.293303169964,4923.970838017087,4641.39001517536,4909.841796875,3259220,0.0,0.0
2020-03-25 00:00:00+09:00,5100.5836838942305,5411.422578757591,5072.325602543016,5234.8095703125,5753690,0.0,0.0
2020-03-26 00:00:00+09:00,5291.325990608947,5383.164759471319,5142.9710562928085,5157.10009765625,5269532,0.0,0.0
2020-03-27 00:00:00+09:00,5376.099187268709,5482.066976768092,5192.421685469778,5369.03466796875,4177831,0.0,0.0
2020-03-30 00:00:00+09:00,5142.971232476635,5354.906860188585,5086.455065086782,5291.326171875,2592138,0.0,0.0
2020-03-31 00:00:00+09:00,5369.035794526144,5482.068127042484,5263.067982792075,5404.3583984375,3074550,0.0,0.0
2020-04-01 00:00:00+09:00,5305.455241333176,5397.294013819635,5135.90673828125,5135.90673828125,2763532,0.0,0.0
2020-04-02 00:00:00+09:00,5100.584292276303,5248.939237065502,5051.132644013236,5220.68115234375,2165739,0.0,0.0
2020-04-03 00:00:00+09:00,5164.164618337971,5263.067907882063,5093.519411520762,5157.10009765625,2023409,0.0,0.0
2020-04-06 00:00:00+09:00,5227.745101808563,5383.16455078125,5178.293458953617,5383.16455078125,2366158,0.0,0.0
2020-04-07 00:00:00+09:00,5517.391033266129,5573.907202620967,5361.971567540322,5475.00390625,3045444,0.0,0.0
2020-04-08 00:00:00+09:00,5453.809806034483,5453.809806034483,5305.454876077586,5326.6484375,3252387,0.0,0.0
2020-04-09 00:00:00+09:00,5425.552028795812,5453.810112279123,5347.842299216705,5397.2939453125,2442384,0.0,0.0
2020-04-10 00:00:00+09:00,5482.067445302698,5651.6159229924715,5418.486766169032,5630.42236328125,4688039,0.0,0.0
2020-04-13 00:00:00+09:00,5644.552369709257,5792.907313093355,5580.9716796875,5580.9716796875,3178099,0.0,0.0
2020-04-14 00:00:00+09:00,5630.423031676049,5764.64892578125,5602.164948706533,5764.64892578125,2682703,0.0,0.0
2020-04-16 00:00:00+09:00,5672.811042390046,5722.2626953125,5588.036780237268,5722.2626953125,2905308,0.0,0.0
2020-04-17 00:00:00+09:00,5757.5840027895,5863.551806521822,5736.390442043035,5807.03564453125,2787177,0.0,0.0
2020-04-20 00:00:00+09:00,5807.036324035946,5835.294408337823,5701.068507903902,5736.39111328125,2466401,0.0,0.0
2020-04-21 00:00:00+09:00,5694.003741439704,5722.261824523772,5510.326201393262,5609.2294921875,2860195,0.0,0.0
2020-04-22 00:00:00+09:00,5510.32552491766,5672.809482703693,5482.067445302698,5630.42236328125,2288429,0.0,0.0
2020-04-23 00:00:00+09:00,5609.229695895227,5644.552301033106,5538.584485619469,5588.0361328125,2029649,0.0,0.0
2020-04-24 00:00:00+09:00,5524.455363007564,5573.907009479499,5510.32632115844,5545.64892578125,1974492,0.0,0.0
2020-04-27 00:00:00+09:00,5595.100727791117,5948.326783838535,5580.97168554922,5884.74609375,4592760,0.0,0.0
2020-04-28 00:00:00+09:00,5955.390625,6252.100478202847,5849.422820284698,5955.390625,4589743,0.0,0.0
2020-04-29 00:00:00+09:00,5969.520087219527,6075.48789941869,5934.19748315314,5962.45556640625,2538326,0.0,0.0
2020-05-04 00:00:00+09:00,5792.907116699219,5821.1652001953125,5651.61669921875,5651.61669921875,3931182,0.0,0.0
2020-05-06 00:00:00+09:00,5722.2614994475025,5750.519580926256,5665.745336489997,5694.00341796875,2677849,0.0,0.0
2020-05-07 00:00:00+09:00,5623.357996610038,5694.003197572475,5602.164436321306,5665.7451171875,2066022,0.0,0.0
2020-05-08 00:00:00+09:00,5736.390963832094,5743.455484723513,5694.003838483581,5701.068359375,1686237,0.0,0.0
2020-05-11 00:00:00+09:00,5701.068277080408,5750.519922606508,5651.616631554307,5658.68115234375,1573880,0.0,0.0
2020-05-12 00:00:00+09:00,5623.358655951433,5637.487697800558,5510.32632115844,5545.64892578125,1968981,0.0,0.0
2020-05-13 00:00:00+09:00,5475.003611818235,5658.68115234375,5446.745528660464,5658.68115234375,1497535,0.0,0.0
2020-05-14 00:00:00+09:00,5602.164872759283,5602.164872759283,5482.068021766965,5517.390625,2275911,0.0,0.0
2020-05-15 00:00:00+09:00,5616.29345703125,5637.4870172464625,5524.454696098664,5616.29345703125,1395328,0.0,0.0
2020-05-18 00:00:00+09:00,5616.294135026871,5630.4231768759955,5439.681111912819,5545.64892578125,1764831,0.0,0.0
2020-05-19 00:00:00+09:00,5736.390910180215,5814.100639259011,5701.068306053489,5757.58447265625,3188327,0.0,0.0
2020-05-20 00:00:00+09:00,5722.261922049256,5764.649047397769,5679.874796700743,5701.068359375,1647548,0.0,0.0
2020-05-21 00:00:00+09:00,5729.327140542405,5736.391662293999,5665.746444778063,5679.87548828125,2075269,0.0,0.0
2020-05-22 00:00:00+09:00,5665.74592038833,5701.068525877035,5510.326456238026,5531.52001953125,2688790,0.0,0.0
2020-05-25 00:00:00+09:00,5545.649164753268,5672.810546875,5496.197516150373,5672.810546875,2144354,0.0,0.0
2020-05-26 00:00:00+09:00,5658.680916251717,5828.229408124427,5630.422834272932,5785.84228515625,3097687,0.0,0.0
2020-05-27 00:00:00+09:00,5863.552327863337,5948.326578386663,5792.907119093899,5905.939453125,3668870,0.0,0.0
2020-05-28 00:00:00+09:00,6011.9076120476975,6336.8755910773025,6004.843090764445,6174.3916015625,7434397,0.0,0.0
2020-05-29 00:00:00+09:00,6096.681662552198,6449.90771484375,6040.165494185549,6449.90771484375,6520075,0.0,0.0
2020-06-01 00:00:00+09:00,6386.328060752467,6513.489460192229,6336.876405414782,6442.84423828125,2899332,0.0,0.0
2020-06-02 00:00:00+09:00,6407.520164505477,6979.746331346649,6400.45564392719,6852.5849609375,4494389,0.0,0.0
2020-06-03 00:00:00+09:00,6993.875382133153,7311.778808593751,6972.681820369113,7311.77880859375,4612618,0.0,0.0
2020-06-04 00:00:00+09:00,7417.74755859375,7594.360595703125,7036.263398437501,7064.521484375,3975345,0.0,0.0
2020-06-05 00:00:00+09:00,7064.520658426617,7205.81107159515,7000.939972500778,7099.84326171875,2363632,0.0,0.0
2020-06-08 00:00:00+09:00,7276.456278179416,7347.1014847636825,7064.520658426617,7099.84326171875,2200043,0.0,0.0
2020-06-09 00:00:00+09:00,7064.522029663705,7135.167249960343,6902.03802298144,6958.55419921875,2476324,0.0,0.0
2020-06-10 00:00:00+09:00,6958.552380209658,6958.552380209658,6789.003895818762,6944.42333984375,2080846,0.0,0.0
2020-06-11 00:00:00+09:00,6810.198858802356,6859.650510266689,6598.263209669502,6746.6181640625,3509186,0.0,0.0
2020-06-12 00:00:00+09:00,6372.198426011029,6605.32763671875,6372.198426011029,6605.32763671875,2944281,0.0,0.0
2020-06-15 00:00:00+09:00,6464.035487819362,6675.971077583931,6273.29345703125,6273.29345703125,2780928,0.0,0.0
2020-06-16 00:00:00+09:00,6365.13331681591,6697.165798381224,6365.13331681591,6668.90771484375,2269007,0.0,0.0
2020-06-17 00:00:00+09:00,6633.585713353651,6654.779277933055,6456.972675191945,6555.8759765625,1774921,0.0,0.0
2020-06-18 00:00:00+09:00,6442.842589140456,6605.326557945533,6442.842589140456,6513.48779296875,1511173,0.0,0.0
2020-06-19 00:00:00+09:00,6598.263389710325,6647.715042524,6442.843909438776,6577.06982421875,3300875,0.0,0.0
2020-06-22 00:00:00+09:00,6471.100871786589,6577.068680822395,6449.907309979427,6492.29443359375,1473189,0.0,0.0
2020-06-23 00:00:00+09:00,6478.166572670749,6541.747269676242,6343.9406567702645,6471.10205078125,1770308,0.0,0.0
2020-06-24 00:00:00+09:00,6471.100470861486,6598.261833826013,6449.906910367398,6534.68115234375,1618665,0.0,0.0
2020-06-25 00:00:00+09:00,6365.133134908429,6449.907383098109,6280.35888671875,6280.35888671875,1777052,0.0,0.0
2020-06-26 00:00:00+09:00,6372.19731478083,6393.390875694736,6315.68115234375,6315.68115234375,1258950,0.0,0.0
2020-06-29 00:00:00+09:00,6153.198868693362,6195.586002117197,6089.618168557609,6139.06982421875,1644839,0.0,0.0
2020-06-30 00:00:00+09:00,6146.134009648127,6329.811577752554,6146.134009648127,6223.84375,1507048,0.0,0.0
2020-07-01 00:00:00+09:00,6237.9724610468575,6393.391933462521,6237.9724610468575,6308.61767578125,870901,0.0,0.0
2020-07-02 00:00:00+09:00,6308.617255377662,6365.133423398963,6280.359171367012,6301.552734375,852921,0.0,0.0
2020-07-03 00:00:00+09:00,6322.74560546875,6351.003686387046,6273.293963861733,6322.74560546875,682717,0.0,0.0
2020-07-06 00:00:00+09:00,6428.714138814155,6428.714138814155,6252.101113022558,6400.4560546875,1133052,0.0,0.0
2020-07-07 00:00:00+09:00,6464.037148196913,6471.101669670352,6294.488632834371,6308.61767578125,1441525,0.0,0.0
2020-07-08 00:00:00+09:00,6343.940621452894,6343.940621452894,6202.65018444949,6223.84375,1711153,0.0,0.0
2020-07-09 00:00:00+09:00,6223.843951254843,6237.972995412062,6153.19873046875,6153.19873046875,2074990,0.0,0.0
2020-07-10 00:00:00+09:00,6146.1328125,6146.1328125,5927.132677801724,5941.26171875,2350749,0.0,0.0
2020-07-13 00:00:00+09:00,5962.455941133721,6082.552802507267,5934.197856104652,6075.48828125,1955637,0.0,0.0
2020-07-14 00:00:00+09:00,6018.972304687501,6040.165869140626,5948.32708984375,6004.84326171875,1966804,0.0,0.0
2020-07-15 00:00:00+09:00,6068.423926447846,6237.97244127293,6061.3594049968,6209.71435546875,2362682,0.0,0.0
2020-07-16 00:00:00+09:00,6167.326555799177,6294.487928083696,6160.262035116704,6280.35888671875,1888066,0.0,0.0
2020-07-17 00:00:00+09:00,6280.359363374257,6308.617448248831,6216.778672406463,6230.90771484375,1170759,0.0,0.0
2020-07-20 00:00:00+09:00,6216.779107441472,6358.069541701505,6160.262933737458,6336.8759765625,1509594,0.0,0.0
2020-07-21 00:00:00+09:00,6329.81019295302,6407.519916304006,6252.1004696020345,6315.68115234375,1532040,0.0,0.0
2020-07-22 00:00:00+09:00,6358.069812094385,6499.36025236315,6259.16650390625,6259.16650390625,2029753,0.0,0.0
2020-07-23 00:00:00+09:00,6259.165799718325,6273.294842155613,6195.585108750532,6230.90771484375,1475174,0.0,0.0
2020-07-24 00:00:00+09:00,6287.4235284978695,6287.4235284978695,6181.455716219816,6216.7783203125,709116,0.0,0.0
2020-07-27 00:00:00+09:00,6160.262288226082,6315.681749626281,6160.262288226082,6202.6494140625,780121,0.0,0.0
2020-07-28 00:00:00+09:00,6181.455550655242,6209.713633172523,6096.681303103399,6132.00390625,2168806,0.0,0.0
2020-07-29 00:00:00+09:00,6054.294246053201,6167.32657736808,6047.229725346021,6124.939453125,1462380,0.0,0.0
2020-07-30 00:00:00+09:00,6132.00390625,6252.1007569484445,6110.810344362039,6132.00390625,1842447,0.0,0.0
2020-07-31 00:00:00+09:00,6117.87560546875,6146.13369140625,5983.649697265625,6004.84326171875,2645106,0.0,0.0
2020-08-03 00:00:00+09:00,5997.778512947892,6011.90755538122,5927.13330078125,5927.13330078125,1485135,0.0,0.0
2020-08-04 00:00:00+09:00,5920.0685359994895,6054.29443359375,5920.0685359994895,6054.29443359375,1390921,0.0,0.0
2020-08-05 00:00:00+09:00,6054.2954791773145,6082.553567761573,6004.843824154863,6047.23095703125,1170169,0.0,0.0
2020-08-06 00:00:00+09:00,6040.165204638841,6209.713701611159,6040.165204638841,6124.939453125,2423276,0.0,0.0
2020-08-07 00:00:00+09:00,6132.004668059172,6153.198232580115,6026.036845454463,6103.74658203125,1753193,0.0,0.0
2020-08-10 00:00:00+09:00,6110.810390339391,6280.35888671875,6075.487786927025,6280.35888671875,2647901,0.0,0.0
2020-08-11 00:00:00+09:00,6351.004959966333,6428.714698074931,6287.424265150207,6393.39208984375,3535877,0.0,0.0
2020-08-12 00:00:00+09:00,6464.035533558238,6570.003329190341,6343.938698508522,6527.6162109375,3014579,0.0,0.0
2020-08-13 00:00:00+09:00,6499.359307138979,6570.004516999185,6435.778618264793,6506.423828125,2968102,0.0,0.0
2020-08-14 00:00:00+09:00,6506.423595252403,6506.423595252403,6386.326742788461,6428.7138671875,1551834,0.0,0.0
2020-08-18 00:00:00+09:00,6358.068513217037,6407.520157208725,6188.52001953125,6188.52001953125,2145369,0.0,0.0
2020-08-19 00:00:00+09:00,6181.455498961009,6259.165225233662,6181.455498961009,6188.52001953125,1080761,0.0,0.0
2020-08-20 00:00:00+09:00,6153.19755859375,6188.520162259615,5969.520019531249,5969.52001953125,1834558,0.0,0.0
2020-08-21 00:00:00+09:00,5990.713611394063,6139.068547525284,5990.713611394063,6068.42333984375,1172932,0.0,0.0
2020-08-24 00:00:00+09:00,6103.745823732719,6146.13294750864,6004.842534922235,6132.00390625,1293520,0.0,0.0
2020-08-25 00:00:00+09:00,6188.521140749149,6252.101837400681,6146.134009648127,6223.84375,1499954,0.0,0.0
2020-08-26 00:00:00+09:00,6188.520237038353,6216.778320312501,6082.552424760299,6216.7783203125,1590558,0.0,0.0
2020-08-27 00:00:00+09:00,6160.262467334494,6181.456030868902,6082.552734375,6082.552734375,1033160,0.0,0.0
2020-08-28 00:00:00+09:00,6124.940146552191,6209.714404635959,6089.617539017288,6103.74658203125,1399571,0.0,0.0
2020-08-31 00:00:00+09:00,6153.197488987699,6174.391050947474,5976.58447265625,5976.58447265625,2450013,0.0,0.0
2020-09-01 00:00:00+09:00,5990.713678248834,6096.681490953708,5983.649157401843,6061.35888671875,1328052,0.0,0.0
2020-09-02 00:00:00+09:00,6132.004805775087,6132.004805775087,6026.036980790494,6089.61767578125,1453357,0.0,0.0
2020-09-03 00:00:00+09:00,6103.745943684517,6124.9395059889775,6061.358819075596,6068.42333984375,1074525,0.0,0.0
2020-09-04 00:00:00+09:00,5976.58447265625,6026.036117229056,5948.3263900432175,5976.58447265625,1638579,0.0,0.0
2020-09-07 00:00:00+09:00,6026.036117229056,6026.036117229056,5969.519952002992,5976.58447265625,1419269,0.0,0.0
2020-09-08 00:00:00+09:00,6018.971883281802,6040.165446251104,5955.391194373896,5997.7783203125,1565828,0.0,0.0
2020-09-09 00:00:00+09:00,5969.5187530155135,5990.712310718527,5905.938079906473,5948.3251953125,1414235,0.0,0.0
2020-09-10 00:00:00+09:00,5948.3251953125,5990.712310718527,5920.067118375148,5948.3251953125,1764579,0.0,0.0
2020-09-11 00:00:00+09:00,5920.068779564585,5955.391385647907,5913.004258347922,5927.13330078125,1222159,0.0,0.0
2020-09-14 00:00:00+09:00,5955.391408654199,6033.101142337706,5934.197844922333,6026.03662109375,1171958,0.0,0.0
2020-09-15 00:00:00+09:00,5976.584972386064,6026.03662109375,5941.262366166288,6026.03662109375,1160176,0.0,0.0
2020-09-16 00:00:00+09:00,5976.584622411134,6018.971747392773,5969.520101580861,6011.9072265625,813220,0.0,0.0
2020-09-17 00:00:00+09:00,6004.842691285915,6011.907212099192,5948.326524779694,5962.45556640625,1253269,0.0,0.0
2020-09-18 00:00:00+09:00,5997.777882543103,5997.777882543103,5941.26171875,5941.26171875,1274163,0.0,0.0
2020-09-21 00:00:00+09:00,5934.197821997915,5983.649470514563,5920.068779564585,5927.13330078125,975822,0.0,0.0
2020-09-22 00:00:00+09:00,5898.875617149667,5934.198225635593,5828.230400177815,5835.294921875,1978885,0.0,0.0
2020-09-23 00:00:00+09:00,5842.359022845643,5905.939713541667,5807.036416903409,5828.22998046875,1319212,0.0,0.0
2020-09-24 00:00:00+09:00,5821.165643370978,5821.165643370978,5708.13330078125,5708.13330078125,1282199,0.0,0.0
2020-09-25 00:00:00+09:00,5750.5198322777605,5856.487642454869,5736.390790920813,5821.1650390625,1018349,0.0,0.0
2020-09-28 00:00:00+09:00,5863.551860913405,5962.455145314354,5828.229259341637,5955.390625,877258,0.0,0.0
2020-09-29 00:00:00+09:00,6004.842719942817,6061.35888671875,5997.778199095826,6061.35888671875,1772722,0.0,0.0
2020-10-05 00:00:00+09:00,6075.487457098989,6167.326220985369,6040.164855604227,6110.81005859375,1627541,0.0,0.0
2020-10-06 00:00:00+09:00,6103.7465625,6146.13369140625,6004.84326171875,6004.84326171875,1396053,0.0,0.0
2020-10-07 00:00:00+09:00,6054.294246053201,6124.939453125,5955.390956152682,6124.939453125,1185924,0.0,0.0
2020-10-08 00:00:00+09:00,6124.940009630304,6181.4561804227405,6075.488360186922,6117.87548828125,1754142,0.0,0.0
2020-10-12 00:00:00+09:00,6132.005164232922,6153.19873046875,6096.682553839874,6153.19873046875,1167198,0.0,0.0
2020-10-13 00:00:00+09:00,6181.456957642585,6188.521479879891,6103.747213032221,6139.06982421875,1222174,0.0,0.0
2020-10-14 00:00:00+09:00,6117.876178491896,6153.198789222219,6018.972868446992,6047.23095703125,1378069,0.0,0.0
2020-10-15 00:00:00+09:00,6011.907008075376,6033.100569795971,5969.519884634186,5983.64892578125,1294093,0.0,0.0
2020-10-16 00:00:00+09:00,5934.197198275862,6011.9069234913795,5934.197198275862,5941.26171875,1794370,0.0,0.0
2020-10-19 00:00:00+09:00,5990.714026162791,6146.133493822675,5990.714026162791,6075.48828125,2289098,0.0,0.0
2020-10-20 00:00:00+09:00,6033.100870815709,6103.746080075846,5990.713745259627,6054.29443359375,1411564,0.0,0.0
2020-10-21 00:00:00+09:00,6047.230006285919,6146.13330078125,6026.036443179778,6146.13330078125,1731288,0.0,0.0
2020-10-22 00:00:00+09:00,6139.067583513689,6287.422496348888,6110.8095048784135,6273.29345703125,3198811,0.0,0.0
2020-10-23 00:00:00+09:00,6343.939303780843,6527.616833734409,6336.874783398013,6513.48779296875,3248517,0.0,0.0
2020-10-26 00:00:00+09:00,6548.811009485385,6555.875530531216,6393.391546477102,6449.90771484375,2255177,0.0,0.0
2020-10-27 00:00:00+09:00,6379.262091458451,6386.326612046999,6188.520035567667,6237.9716796875,3478736,0.0,0.0
2020-10-28 00:00:00+09:00,6139.0687765159355,6400.4560546875,6132.004255484271,6400.4560546875,2200171,0.0,0.0
2020-10-29 00:00:00+09:00,6237.9719251829565,6407.5204259806815,6223.842883449813,6365.13330078125,2064091,0.0,0.0
2020-10-30 00:00:00+09:00,6358.068614225956,6407.520259003269,6273.294366036276,6280.35888671875,2372661,0.0,0.0
2020-11-02 00:00:00+09:00,6280.359025849811,6527.617255213976,6273.294505010835,6520.552734375,1909739,0.0,0.0
2020-11-03 00:00:00+09:00,6541.747215066125,6605.32791154085,6485.231040421926,6577.06982421875,2070668,0.0,0.0
2020-11-04 00:00:00+09:00,6640.650096606182,6647.714617985551,6506.424190398186,6570.0048828125,1947299,0.0,0.0
2020-11-05 00:00:00+09:00,6598.262238965256,6697.16552734375,6506.423471185226,6697.16552734375,2091838,0.0,0.0
2020-11-06 00:00:00+09:00,6661.843624339384,6732.488837747013,6661.843624339384,6725.42431640625,1361278,0.0,0.0
2020-11-09 00:00:00+09:00,6739.55274961791,6838.456039444589,6739.55274961791,6789.00439453125,1207812,0.0,0.0
2020-11-10 00:00:00+09:00,7064.52146456643,7064.52146456643,6803.134170377472,6965.6181640625,2734226,0.0,0.0
2020-11-11 00:00:00+09:00,6958.552519241182,7205.810730584778,6951.4879989170795,7135.16552734375,2554346,0.0,0.0
2020-11-12 00:00:00+09:00,7064.519864949749,7135.165063599246,7000.939186165201,7029.197265625,2548266,0.0,0.0
2020-11-13 00:00:00+09:00,6958.5518012930215,7029.196997245234,6887.906605340808,6902.03564453125,1687723,0.0,0.0
2020-11-16 00:00:00+09:00,6951.489402963852,7099.844359734422,6930.2958377109135,6986.81201171875,2487395,0.0,0.0
2020-11-17 00:00:00+09:00,7000.93994140625,7135.165833320194,6965.617338271001,7000.93994140625,1877732,0.0,0.0
2020-11-18 00:00:00+09:00,6993.876269531251,7064.521484375,6972.682705078126,7064.521484375,1164944,0.0,0.0
2020-11-19 00:00:00+09:00,7015.069540127841,7022.134061316287,6951.4888494318175,6993.8759765625,1479302,0.0,0.0
2020-11-20 00:00:00+09:00,6958.553864719157,7057.45716838014,6951.489343029087,7043.328125,1627193,0.0,0.0
2020-11-23 00:00:00+09:00,7043.327096451338,7170.488468303017,6993.875451842351,7099.84326171875,1874230,0.0,0.0
2020-11-24 00:00:00+09:00,7135.165527343751,7205.810730584778,7064.520324102723,7135.16552734375,1703438,0.0,0.0
2020-11-25 00:00:00+09:00,7205.811864993842,7276.457079356527,7099.844043449815,7170.4892578125,2023589,0.0,0.0
2020-11-26 00:00:00+09:00,7135.166603458738,7276.45703125,7099.843996510922,7276.45703125,1641954,0.0,0.0
2020-11-27 00:00:00+09:00,7205.81103515625,7276.456241383273,7135.165828929228,7205.81103515625,1172490,0.0,0.0
2020-11-30 00:00:00+09:00,7276.455788442586,7276.455788442586,6944.42333984375,6944.42333984375,3694198,0.0,0.0
2020-12-01 00:00:00+09:00,7057.45580377862,7241.1333322052915,7036.262242806312,7135.16552734375,1487058,0.0,0.0
2020-12-02 00:00:00+09:00,7170.488432042739,7241.133638269761,7099.843225815717,7205.81103515625,1616469,0.0,0.0
2020-12-03 00:00:00+09:00,7205.810730584778,7205.810730584778,7099.8429257232365,7135.16552734375,1848713,0.0,0.0
2020-12-04 00:00:00+09:00,7135.165865010884,7241.133674887283,7099.84326171875,7099.84326171875,1892627,0.0,0.0
2020-12-07 00:00:00+09:00,7099.84326171875,7135.165865010884,6965.617369208645,7099.84326171875,2567586,0.0,0.0
2020-12-08 00:00:00+09:00,7099.842464274498,7099.842464274498,7008.003706030151,7029.197265625,1669707,0.0,0.0
2020-12-09 00:00:00+09:00,6979.7472265625,7135.16669921875,6972.682705078126,7064.521484375,1800969,0.0,0.0
2020-12-10 00:00:00+09:00,7064.520658426617,7170.488468303017,7000.939972500778,7099.84326171875,3031392,0.0,0.0
2020-12-11 00:00:00+09:00,7170.489210406553,7276.45703125,7135.166603458738,7276.45703125,2085951,0.0,0.0
2020-12-14 00:00:00+09:00,7241.1333322052915,7276.455933825805,7135.165527343751,7135.16552734375,1795461,0.0,0.0
2020-12-15 00:00:00+09:00,7135.16669921875,7170.489306640626,7064.521484375,7064.521484375,1878547,0.0,0.0
2020-12-16 00:00:00+09:00,7135.165865010884,7170.488468303017,7099.84326171875,7099.84326171875,1223598,0.0,0.0
2020-12-17 00:00:00+09:00,7099.8429257232365,7135.165527343751,7057.45580377862,7135.16552734375,1806942,0.0,0.0
2020-12-18 00:00:00+09:00,7099.842464274498,7135.165063599246,7029.197265625,7029.197265625,2903942,0.0,0.0
2020-12-21 00:00:00+09:00,7064.521484375,7099.844091796876,7036.263398437501,7064.521484375,1390899,0.0,0.0
2020-12-22 00:00:00+09:00,7064.52169007021,7135.166906970912,7043.328124999999,7043.328125,1770197,0.0,0.0
2020-12-23 00:00:00+09:00,7064.521484375,7135.16669921875,7022.13435546875,7064.521484375,1542164,0.0,0.0
2020-12-24 00:00:00+09:00,7099.844043449815,7170.4892578125,7064.521436268473,7170.4892578125,1884212,0.0,0.0
2020-12-28 00:00:00+09:00,7205.811864993842,7276.457079356527,7135.166650631158,7170.4892578125,4970135,0.0,0.0
2020-12-29 00:00:00+09:00,7141.191398691467,7148.51569756192,7038.651214505128,7097.24560546875,4206637,360.0,0.0
2020-12-30 00:00:00+09:00,7067.948576406732,7141.191566835818,6958.0840907631045,7126.54296875,2031362,0.0,0.0
2021-01-04 00:00:00+09:00,7031.326399842272,7104.569383173962,6965.40771484375,6965.40771484375,2227495,0.0,0.0
2021-01-05 00:00:00+09:00,6980.0560065199015,7053.298986651274,6892.1644303622525,7038.650390625,2318934,0.0,0.0
2021-01-06 00:00:00+09:00,7024.002521427289,7126.542704221849,6921.46233863273,7016.67822265625,3594459,0.0,0.0
2021-01-07 00:00:00+09:00,7177.812668715066,7265.704252413618,7119.2182795826975,7207.10986328125,4155453,0.0,0.0
2021-01-08 00:00:00+09:00,7251.056072031092,7265.704670156408,7126.542987965911,7258.38037109375,3068580,0.0,0.0
2021-01-11 00:00:00+09:00,7258.381429036458,7258.381429036458,7038.652425130208,7119.2197265625,3646861,0.0,0.0
2021-01-12 00:00:00+09:00,7192.462727864583,7214.435628255208,7002.030924479167,7119.2197265625,2818731,0.0,0.0
2021-01-13 00:00:00+09:00,7207.109654850746,7397.541414023632,7199.78535642102,7360.919921875,5405431,0.0,0.0
2021-01-14 00:00:00+09:00,7397.54150390625,7470.78448909344,7324.298518719059,7397.54150390625,3357127,0.0,0.0
2021-01-15 00:00:00+09:00,7470.784961331276,7507.4064562397625,7265.704589843751,7265.70458984375,2747325,0.0,0.0
2021-01-18 00:00:00+09:00,7258.380684595352,7265.7049839743595,7141.19189453125,7141.19189453125,2130656,0.0,0.0
2021-01-19 00:00:00+09:00,7177.812677556818,7302.325754616477,7155.839781605114,7251.0556640625,1897736,0.0,0.0
2021-01-20 00:00:00+09:00,7221.757786431596,7229.082084389438,7089.920423190451,7133.8662109375,2686408,0.0,0.0
2021-01-21 00:00:00+09:00,7148.515114432053,7170.488009251005,7060.62353515625,7060.62353515625,1901090,0.0,0.0
2021-01-22 00:00:00+09:00,7053.298720415901,7060.623018152574,6958.082849839155,6972.7314453125,2337936,0.0,0.0
2021-01-25 00:00:00+09:00,6994.704338522519,7024.00152946921,6928.785658892463,6972.7314453125,1472082,0.0,0.0
2021-01-26 00:00:00+09:00,6936.111643855733,6994.706040002349,6811.598552044173,6818.9228515625,2478368,0.0,0.0
2021-01-27 00:00:00+09:00,6884.841384478831,6914.138581859593,6811.598391026929,6833.5712890625,1294345,0.0,0.0
2021-01-28 00:00:00+09:00,6738.3538161057695,6738.3538161057695,6628.48935171274,6665.11083984375,1725604,0.0,0.0
2021-01-29 00:00:00+09:00,6687.085174560547,6701.733772971414,6445.38330078125,6445.38330078125,3109326,0.0,0.0
2021-02-01 00:00:00+09:00,6503.978113702725,6657.788406932182,6445.38371628198,6584.54541015625,1686081,0.0,0.0
2021-02-02 00:00:00+09:00,6621.165686495288,6709.057266404518,6562.571299889135,6606.51708984375,1599707,0.0,0.0
2021-02-03 00:00:00+09:00,6687.083732722356,6796.948197115385,6606.516458834135,6665.11083984375,2006185,0.0,0.0
2021-02-04 00:00:00+09:00,6679.761142133741,6679.761142133741,6525.950852676713,6599.19384765625,1734561,0.0,0.0
2021-02-05 00:00:00+09:00,6606.518009361602,6833.5712890625,6599.193710016411,6833.5712890625,2103639,0.0,0.0
2021-02-08 00:00:00+09:00,6804.273937196965,6980.057117490535,6782.3010396602685,6892.16552734375,2028560,0.0,0.0
2021-02-09 00:00:00+09:00,6892.16552734375,6958.084219953839,6818.922535554762,6892.16552734375,1629284,0.0,0.0
2021-02-10 00:00:00+09:00,6906.813741090651,7060.624015282489,6884.840844777531,7016.67822265625,2106766,0.0,0.0
2021-02-15 00:00:00+09:00,7045.975346097798,7126.542631760039,7031.326748704663,7067.9482421875,1764113,0.0,0.0
2021-02-16 00:00:00+09:00,7038.6517747653,7067.948972579099,6980.057379137701,7045.97607421875,1312141,0.0,0.0
2021-02-17 00:00:00+09:00,7053.299716511449,7141.191301763928,7009.35392388521,7016.67822265625,1924023,0.0,0.0
2021-02-18 00:00:00+09:00,6994.704897280093,7038.650687210648,6921.4619140625,6921.4619140625,1289629,0.0,0.0
2021-02-19 00:00:00+09:00,6892.16650237878,7024.00390625,6870.193601733577,7024.00390625,1234105,0.0,0.0
2021-02-22 00:00:00+09:00,7038.652506680136,7089.92260818561,7002.031005604797,7024.00390625,1681477,0.0,0.0
2021-02-23 00:00:00+09:00,7097.245347595214,7104.569646199544,7024.00236155192,7031.32666015625,1438638,0.0,0.0
2021-02-24 00:00:00+09:00,7045.97478022289,7163.163549956327,7045.97478022289,7075.27197265625,2631640,0.0,0.0
2021-02-25 00:00:00+09:00,7111.894621746118,7229.083410569947,7082.59742454016,7192.4619140625,1898519,0.0,0.0
2021-02-26 00:00:00+09:00,7141.191301763928,7170.488496848088,6965.408131258971,7016.67822265625,2794858,0.0,0.0
2021-03-02 00:00:00+09:00,7067.948576406732,7177.81306205036,7031.327081192189,7126.54296875,2057937,0.0,0.0
2021-03-03 00:00:00+09:00,7104.5692679679505,7177.812250111951,7089.920671539151,7155.83935546875,1501636,0.0,0.0
2021-03-04 00:00:00+09:00,7133.867509664948,7170.489006121134,7038.6516188788655,7104.5703125,3036412,0.0,0.0
2021-03-05 00:00:00+09:00,7104.569072743237,7155.839158835198,7016.677496585588,7038.650390625,2326215,0.0,0.0
2021-03-08 00:00:00+09:00,7089.921492652623,7287.677567344381,7067.948595464651,7258.38037109375,3650737,0.0,0.0
2021-03-09 00:00:00+09:00,7360.920011312654,7470.78448909344,7324.298518719059,7397.54150390625,4093277,0.0,0.0
2021-03-10 00:00:00+09:00,7287.676937577736,7397.541414023632,7214.433953280472,7360.919921875,2651371,0.0,0.0
2021-03-11 00:00:00+09:00,7397.541414023632,7470.784398320895,7324.298429726368,7360.919921875,3130712,0.0,0.0
2021-03-12 00:00:00+09:00,7324.297644704434,7434.162109375,7236.40607296798,7434.162109375,2384241,0.0,0.0
2021-03-15 00:00:00+09:00,7544.0274742806305,7544.0274742806305,7360.920011312654,7397.54150390625,2114566,0.0,0.0
2021-03-16 00:00:00+09:00,7397.54150390625,7470.78448909344,7397.54150390625,7397.54150390625,1492104,0.0,0.0
2021-03-17 00:00:00+09:00,7397.542309570313,7470.785302734374,7309.6507177734375,7324.29931640625,1417642,0.0,0.0
2021-03-18 00:00:00+09:00,7324.298429726368,7397.541414023632,7243.731146999378,7360.919921875,2447410,0.0,0.0
2021-03-19 00:00:00+09:00,7434.162109375,7470.783597598523,7360.919132927956,7434.162109375,2969786,0.0,0.0
2021-03-22 00:00:00+09:00,7397.54150390625,7470.78448909344,7324.298518719059,7397.54150390625,1656492,0.0,0.0
2021-03-23 00:00:00+09:00,7397.541414023632,7470.784398320895,7316.974131296642,7360.919921875,1372690,0.0,0.0
2021-03-24 00:00:00+09:00,7324.298820265342,7360.920314366669,7280.353027343751,7280.35302734375,1508908,0.0,0.0
2021-03-25 00:00:00+09:00,7251.055998716182,7397.541978488227,7236.407400738978,7309.650390625,1843536,0.0,0.0
2021-03-26 00:00:00+09:00,7360.920812988281,7397.542309570313,7324.29931640625,7324.29931640625,2007029,0.0,0.0
2021-03-29 00:00:00+09:00,7360.920011312654,7434.162996499845,7324.298518719059,7397.54150390625,1715889,0.0,0.0
2021-03-30 00:00:00+09:00,7397.54150390625,7544.0274742806305,7397.54150390625,7397.54150390625,1869799,0.0,0.0
2021-03-31 00:00:00+09:00,7470.78448909344,7470.78448909344,7397.54150390625,7397.54150390625,1501140,0.0,0.0
2021-04-01 00:00:00+09:00,7397.541414023632,7434.162906172263,7324.298429726368,7360.919921875,1842122,0.0,0.0
2021-04-02 00:00:00+09:00,7360.920812988281,7434.163806152344,7324.29931640625,7324.29931640625,1399373,0.0,0.0
2021-04-05 00:00:00+09:00,7324.298429726368,7360.919921875,7309.649832866915,7360.919921875,1325415,0.0,0.0
2021-04-06 00:00:00+09:00,7360.920011312654,7434.162996499845,7324.298518719059,7397.54150390625,1528992,0.0,0.0
2021-04-07 00:00:00+09:00,7434.163003411091,7946.863900198064,7434.163003411091,7800.3779296875,6075671,0.0,0.0
2021-04-08 00:00:00+09:00,7800.379311615566,7873.622309846698,7653.893315153302,7763.7578125,2787882,0.0,0.0
2021-04-09 00:00:00+09:00,7690.514307114685,7690.514307114685,7470.785326911408,7544.0283203125,19929467,0.0,0.0
2021-04-12 00:00:00+09:00,7544.027522160457,7653.8920006385215,7507.406029334435,7617.2705078125,2507164,0.0,0.0
2021-04-13 00:00:00+09:00,7653.892896569294,7653.892896569294,7544.028405230978,7580.64990234375,2097569,0.0,0.0
2021-04-14 00:00:00+09:00,7580.6490149864785,7617.2705078125,7544.027522160457,7617.2705078125,1511168,0.0,0.0
2021-04-15 00:00:00+09:00,7617.2705078125,7727.1349862905645,7580.6490149864785,7617.2705078125,2458383,0.0,0.0
2021-04-16 00:00:00+09:00,7617.271722560976,7653.893221227134,7507.4072265625,7507.4072265625,2358211,0.0,0.0
2021-04-19 00:00:00+09:00,7507.4072265625,7580.650223894817,7507.4072265625,7507.4072265625,1502656,0.0,0.0
2021-04-20 00:00:00+09:00,7544.027522160457,7617.2705078125,7507.406029334435,7617.2705078125,1771442,0.0,0.0
2021-04-21 00:00:00+09:00,7544.026574045567,7580.648062269089,7360.919132927956,7434.162109375,3713285,0.0,0.0
2021-04-22 00:00:00+09:00,7580.649190848215,7763.756659226191,7544.02769717262,7690.513671875,5096248,0.0,0.0
2021-04-23 00:00:00+09:00,7690.513671875001,7763.756659226191,7580.649190848215,7690.513671875,3361830,0.0,0.0
2021-04-26 00:00:00+09:00,7763.7578125,7837.000810731131,7690.514814268868,7763.7578125,3273071,0.0,0.0
2021-04-27 00:00:00+09:00,7763.756437059859,7800.3779296875,7690.513451804577,7800.3779296875,2381397,0.0,0.0
2021-04-28 00:00:00+09:00,7836.999204282408,7946.8636791087965,7800.377712673611,7910.2421875,2848658,0.0,0.0
2021-04-29 00:00:00+09:00,7946.864573492006,7946.864573492006,7800.378590570494,7873.62158203125,2288584,0.0,0.0
2021-04-30 00:00:00+09:00,7873.621495327103,7983.485981308411,7837.0,7837.0,2760979,0.0,0.0
2021-05-03 00:00:00+09:00,7800.377749185427,7873.620732745853,7653.891782064574,7727.134765625,2078620,0.0,0.0
2021-05-04 00:00:00+09:00,7690.513671875001,7800.378152901786,7617.27068452381,7690.513671875,2176279,0.0,0.0
2021-05-06 00:00:00+09:00,7763.756956335616,8020.107421875,7727.135461258562,8020.107421875,4710798,0.0,0.0
2021-05-07 00:00:00+09:00,8056.72998046875,8093.351480379971,7946.865480735085,8056.72998046875,2220802,0.0,0.0
2021-05-10 00:00:00+09:00,8056.728083517699,8313.078522538717,7983.485100940265,8276.45703125,2750105,0.0,0.0
2021-05-11 00:00:00+09:00,8239.835539961283,8386.32150511615,8093.349574806415,8276.45703125,2628447,0.0,0.0
2021-05-12 00:00:00+09:00,8203.215568438914,8276.45856458569,7946.865081925198,8093.35107421875,3495281,0.0,0.0
2021-05-13 00:00:00+09:00,7983.486579998586,8239.837066512302,7946.865081925198,8093.35107421875,3489558,0.0,0.0
2021-05-14 00:00:00+09:00,8129.9716796875,8203.214667792792,8056.728691582208,8129.9716796875,1811715,0.0,0.0
2021-05-17 00:00:00+09:00,8166.593173740147,8203.214667792792,8056.728691582208,8129.9716796875,1730845,0.0,0.0
2021-05-18 00:00:00+09:00,8166.592557383849,8349.700013827432,8129.971066095132,8276.45703125,2048082,0.0,0.0
2021-05-20 00:00:00+09:00,8166.594726562501,8313.080730626401,8129.973225546525,8166.5947265625,2346101,0.0,0.0
2021-05-21 00:00:00+09:00,8166.594312195384,8203.215811353211,7946.865317248424,7983.48681640625,2082681,0.0,0.0
2021-05-24 00:00:00+09:00,8020.108078071974,8166.594070365526,7910.24358385181,8093.35107421875,2565613,0.0,0.0
2021-05-25 00:00:00+09:00,8093.35107421875,8129.9725722921385,8020.108078071974,8093.35107421875,1602100,0.0,0.0
2021-05-26 00:00:00+09:00,8056.72998046875,8093.351480379971,7983.486980646307,8056.72998046875,1566228,0.0,0.0
2021-05-27 00:00:00+09:00,8020.108315564077,8056.729814721904,7910.2438180905965,7983.48681640625,6795728,0.0,0.0
2021-05-28 00:00:00+09:00,8020.108078071974,8166.594070365526,8020.108078071974,8093.35107421875,1762697,0.0,0.0
2021-05-31 00:00:00+09:00,8129.973225546525,8166.594726562501,8056.730223514574,8166.5947265625,1629266,0.0,0.0
2021-06-01 00:00:00+09:00,8166.593348911831,8203.21484375,8093.350359235491,8203.21484375,1115860,0.0,0.0
2021-06-02 00:00:00+09:00,8203.214444444444,8239.8359375,8129.971458333333,8239.8359375,1967544,0.0,0.0
2021-06-03 00:00:00+09:00,8239.836113883535,8349.700595401982,8203.214620044053,8313.0791015625,2273857,0.0,0.0
2021-06-04 00:00:00+09:00,8276.45756162446,8642.672497979525,8276.45756162446,8496.1865234375,3627664,0.0,0.0
2021-06-07 00:00:00+09:00,8496.187097639486,8569.430089860516,8422.944105418455,8532.80859375,1603072,0.0,0.0
2021-06-08 00:00:00+09:00,8569.430089860516,8606.05158597103,8496.187097639486,8532.80859375,1488815,0.0,0.0
2021-06-09 00:00:00+09:00,8496.186925054113,8569.429915787337,8422.943934320887,8459.5654296875,1617817,0.0,0.0
2021-06-10 00:00:00+09:00,8386.322668242872,8459.565660978618,8349.701171875,8349.701171875,2268582,0.0,0.0
2021-06-11 00:00:00+09:00,8313.079675507128,8386.322668242872,8239.836682771382,8349.701171875,2261261,0.0,0.0
2021-06-14 00:00:00+09:00,8349.700013827432,8386.32150511615,8239.835539961283,8276.45703125,1593112,0.0,0.0
2021-06-15 00:00:00+09:00,8239.836287186135,8386.322265625,8166.593297966703,8386.322265625,2011985,0.0,0.0
2021-06-16 00:00:00+09:00,8422.944048713236,8752.53751148897,8386.322552849264,8715.916015625,3850099,0.0,0.0
2021-06-17 00:00:00+09:00,8752.538325940148,8825.78132448358,8569.430829581568,8642.673828125,2406963,0.0,0.0
2021-06-18 00:00:00+09:00,8569.429510708513,8606.051004344019,8422.943536166487,8496.1865234375,3666947,0.0,0.0
2021-06-21 00:00:00+09:00,8349.700013827432,8422.942996404867,8239.835539961283,8276.45703125,2514557,0.0,0.0
2021-06-22 00:00:00+09:00,8386.322265625,8459.565254844432,8349.700771015285,8386.322265625,1891760,0.0,0.0
2021-06-23 00:00:00+09:00,8386.322089241465,8422.943583080947,8276.457607723018,8313.0791015625,1600983,0.0,0.0
2021-06-24 00:00:00+09:00,8313.07961708691,8532.80859375,8313.07961708691,8532.80859375,1749084,0.0,0.0
2021-06-25 00:00:00+09:00,8606.051926753693,8679.294921875,8606.051926753693,8679.294921875,2048514,0.0,0.0
2021-06-28 00:00:00+09:00,8715.915615193515,8862.401591919455,8642.672626830543,8752.537109375,2870340,0.0,0.0
2021-06-29 00:00:00+09:00,8606.051004344019,8642.672497979525,8496.1865234375,8496.1865234375,1834645,0.0,0.0
2021-06-30 00:00:00+09:00,8532.808244063865,8532.808244063865,8349.700771015285,8386.322265625,2025219,0.0,0.0
2021-07-01 00:00:00+09:00,8422.943760234717,8459.565254844432,8349.700771015285,8386.322265625,1397567,0.0,0.0
2021-07-02 00:00:00+09:00,8386.322438954276,8496.186925054113,8386.322438954276,8459.5654296875,1249393,0.0,0.0
2021-07-05 00:00:00+09:00,8532.808017073006,8569.429510708513,8459.565029801994,8496.1865234375,1514389,0.0,0.0
2021-07-06 00:00:00+09:00,8532.808017073006,8569.429510708513,8459.565029801994,8496.1865234375,1238666,0.0,0.0
2021-07-07 00:00:00+09:00,8459.565254844432,8496.18674945415,8313.079276405568,8386.322265625,1985699,0.0,0.0
2021-07-08 00:00:00+09:00,8349.700771015285,8532.808244063865,8349.700771015285,8386.322265625,1797210,0.0,0.0
2021-07-09 00:00:00+09:00,8276.459229610426,8313.080730626401,8056.730223514574,8166.5947265625,3186277,0.0,0.0
2021-07-12 00:00:00+09:00,8239.8359375,8386.321909722223,8203.214444444444,8239.8359375,1929374,0.0,0.0
2021-07-13 00:00:00+09:00,8313.079675507128,8386.322668242872,8276.458179139254,8349.701171875,1266617,0.0,0.0
2021-07-14 00:00:00+09:00,8313.0791015625,8349.700595401982,8239.836113883535,8313.0791015625,998476,0.0,0.0
2021-07-15 00:00:00+09:00,8313.0791015625,8349.700595401982,8239.836113883535,8313.0791015625,1143805,0.0,0.0
2021-07-16 00:00:00+09:00,8313.0791015625,8349.700595401982,8239.836113883535,8313.0791015625,1053379,0.0,0.0
2021-07-19 00:00:00+09:00,8313.078522538717,8313.078522538717,8239.835539961283,8276.45703125,1205816,0.0,0.0
2021-07-20 00:00:00+09:00,8129.971458333333,8239.8359375,8129.971458333333,8239.8359375,1092941,0.0,0.0
2021-07-21 00:00:00+09:00,8276.457430555554,8349.700416666667,8203.214444444444,8239.8359375,1488310,0.0,0.0
2021-07-22 00:00:00+09:00,8422.944105418455,8532.80859375,8386.322609307941,8532.80859375,3901897,0.0,0.0
2021-07-23 00:00:00+09:00,8349.70082310268,8386.322317940849,8203.21484375,8203.21484375,36701721,0.0,0.0
2021-07-26 00:00:00+09:00,8203.215980113637,8239.837480024857,8056.72998046875,8056.72998046875,3983685,0.0,0.0
2021-07-27 00:00:00+09:00,8129.9716796875,8203.214667792792,8093.350185634854,8129.9716796875,2944072,0.0,0.0
2021-07-28 00:00:00+09:00,8093.350185634854,8166.593173740147,8056.728691582208,8129.9716796875,3192146,0.0,0.0
2021-07-29 00:00:00+09:00,8241.34093078337,8278.464088129242,8167.094616091628,8204.2177734375,3295893,150.0,0.0
2021-07-30 00:00:00+09:00,8204.218720748127,8241.341882380473,8055.72607421875,8055.72607421875,3326823,0.0,0.0
2021-08-02 00:00:00+09:00,8092.849235851095,8129.972397483439,8018.602912586405,8055.72607421875,1608934,0.0,0.0
2021-08-03 00:00:00+09:00,8055.725362978025,8129.971679687501,8018.602204623288,8129.9716796875,1754510,0.0,0.0
2021-08-04 00:00:00+09:00,8167.095249720982,8315.587890625,8129.972089494978,8315.587890625,2789648,0.0,0.0
2021-08-05 00:00:00+09:00,8278.464088129242,8315.587245475113,8204.2177734375,8204.2177734375,1974282,0.0,0.0
2021-08-06 00:00:00+09:00,8241.34093078337,8315.587245475113,8167.094616091628,8204.2177734375,2029751,0.0,0.0
2021-08-09 00:00:00+09:00,8278.463977160754,8315.587134009009,8241.3408203125,8241.3408203125,2017747,0.0,0.0
2021-08-10 00:00:00+09:00,8278.463977160754,8352.710290857263,8167.094506615991,8241.3408203125,2144479,0.0,0.0
2021-08-11 00:00:00+09:00,8278.464618055556,8389.834097222221,8241.341458333332,8352.7109375,3163116,0.0,0.0
2021-08-12 00:00:00+09:00,8389.834211077008,8426.957371303013,8278.464730398995,8315.587890625,2936782,0.0,0.0
2021-08-13 00:00:00+09:00,8389.833447705518,8389.833447705518,8167.094506615991,8241.3408203125,2491841,0.0,0.0
2021-08-17 00:00:00+09:00,8204.2177734375,8278.464088129242,8129.971458745757,8204.2177734375,2471075,0.0,0.0
2021-08-18 00:00:00+09:00,8204.2177734375,8241.34093078337,8167.094616091628,8204.2177734375,2032249,0.0,0.0
2021-08-19 00:00:00+09:00,8167.096293604652,8204.219458575582,7944.35730377907,7981.48046875,3094696,0.0,0.0
2021-08-20 00:00:00+09:00,7981.479457475562,8018.602617742891,7758.740495871593,7832.98681640625,2815436,0.0,0.0
2021-08-23 00:00:00+09:00,7870.109639675818,8018.602274386682,7832.986480998102,7944.35595703125,1637399,0.0,0.0
2021-08-24 00:00:00+09:00,8018.602204623288,8167.094838042238,7981.4790462685505,8129.9716796875,2153553,0.0,0.0
2021-08-25 00:00:00+09:00,8129.972054776278,8204.218374911221,8092.848894708806,8167.09521484375,1536421,0.0,0.0
2021-08-26 00:00:00+09:00,8204.218409946987,8315.587890625,8167.095249720982,8315.587890625,2326079,0.0,0.0
2021-08-27 00:00:00+09:00,8278.463436983755,8426.9560546875,8241.34028255782,8426.9560546875,2173145,0.0,0.0
2021-08-30 00:00:00+09:00,8426.956717512725,8464.079874858597,8204.2177734375,8204.2177734375,2422974,0.0,0.0
2021-08-31 00:00:00+09:00,8204.218298611111,8352.7109375,8092.848819444444,8352.7109375,3037236,0.0,0.0
2021-09-01 00:00:00+09:00,8315.58669800885,8389.8330078125,8241.340388205199,8389.8330078125,1627546,0.0,0.0
2021-09-02 00:00:00+09:00,8315.587777777777,8426.957256944444,8315.587777777777,8352.7109375,2585524,0.0,0.0
2021-09-03 00:00:00+09:00,8389.834097222221,8389.834097222221,8278.464618055556,8352.7109375,1604712,0.0,0.0
2021-09-06 00:00:00+09:00,8352.710290857263,8389.833447705518,8204.217663464246,8241.3408203125,2306295,0.0,0.0
2021-09-07 00:00:00+09:00,8204.218374911221,8278.464695046165,8129.972054776278,8167.09521484375,1305667,0.0,0.0
2021-09-08 00:00:00+09:00,8129.971349767737,8278.463977160754,8092.848192919482,8241.3408203125,1920057,0.0,0.0
2021-09-09 00:00:00+09:00,8167.094184027778,8241.340494791666,7907.232096354167,8018.6015625,5995776,0.0,0.0
2021-09-10 00:00:00+09:00,8055.725362978025,8129.971679687501,8018.602204623288,8129.9716796875,2122524,0.0,0.0
2021-09-13 00:00:00+09:00,8129.972054776278,8167.09521484375,8055.725734641334,8167.09521484375,1970736,0.0,0.0
2021-09-14 00:00:00+09:00,8204.217663464246,8278.463977160754,8204.217663464246,8241.3408203125,2147981,0.0,0.0
2021-09-15 00:00:00+09:00,8167.09521484375,8278.464695046165,8129.972054776278,8167.09521484375,2027652,0.0,0.0
2021-09-16 00:00:00+09:00,8167.09521484375,8204.218374911221,8055.725734641334,8167.09521484375,2800947,0.0,0.0
2021-09-17 00:00:00+09:00,8129.971458745757,8204.2177734375,8055.725144054015,8204.2177734375,2174021,0.0,0.0
2021-09-23 00:00:00+09:00,8129.971349767737,8241.3408203125,8092.848192919482,8241.3408203125,2902730,0.0,0.0
2021-09-24 00:00:00+09:00,8278.46484375,8352.71116521861,8241.341683015695,8278.46484375,2671261,0.0,0.0
2021-09-27 00:00:00+09:00,8241.341458333332,8352.7109375,8241.341458333332,8352.7109375,1581382,0.0,0.0
2021-09-28 00:00:00+09:00,8389.832900261563,8464.079209113435,8352.709745835627,8426.9560546875,3228844,0.0,0.0
2021-09-29 00:00:00+09:00,8389.832900261563,8426.9560546875,8315.586591409692,8426.9560546875,2622377,0.0,0.0
2021-09-30 00:00:00+09:00,8426.956377414162,8686.81846834764,8426.956377414162,8649.6953125,3490488,0.0,0.0
2021-10-01 00:00:00+09:00,8575.450309952446,8649.696632982337,8464.08082540761,8538.3271484375,1868187,0.0,0.0
2021-10-05 00:00:00+09:00,8538.326282751092,8649.695756004367,8389.833651746725,8501.203125,3471981,0.0,0.0
2021-10-06 00:00:00+09:00,8575.450309952446,8612.57347146739,8464.08082540761,8538.3271484375,2317148,0.0,0.0
2021-10-07 00:00:00+09:00,8575.449857271635,8723.942495492787,8575.449857271635,8686.8193359375,2798884,0.0,0.0
2021-10-08 00:00:00+09:00,8649.69542194235,8686.818578259697,8538.3259529903,8612.572265625,2316215,0.0,0.0
2021-10-12 00:00:00+09:00,8649.696176382211,8723.942495492787,8575.449857271635,8686.8193359375,3148305,0.0,0.0
2021-10-13 00:00:00+09:00,8649.695953886388,8761.0654296875,8649.695953886388,8761.0654296875,1793877,0.0,0.0
2021-10-14 00:00:00+09:00,8761.064561170213,8798.187716090426,8612.571941489361,8723.94140625,2285118,0.0,0.0
2021-10-15 00:00:00+09:00,8761.065098718618,8872.4345703125,8723.94194152066,8872.4345703125,2348145,0.0,0.0
2021-10-18 00:00:00+09:00,8946.682735188802,8946.682735188802,8835.313240559895,8909.5595703125,1717955,0.0,0.0
2021-10-19 00:00:00+09:00,8946.681929244687,9169.4208984375,8909.558767712551,9169.4208984375,2953960,0.0,0.0
2021-10-20 00:00:00+09:00,9206.545417906746,9392.161252945189,9169.422250899057,9355.0380859375,3563992,0.0,0.0
2021-10-21 00:00:00+09:00,9392.1589575674,9614.897905177695,9355.035799632353,9466.4052734375,3334291,0.0,0.0
2021-10-22 00:00:00+09:00,9466.4052734375,9652.021063112745,9392.1589575674,9466.4052734375,2319347,0.0,0.0
2021-10-25 00:00:00+09:00,9503.528846153846,9726.267803485576,9429.28252704327,9652.021484375,3078599,0.0,0.0
2021-10-26 00:00:00+09:00,9800.513451597744,9874.759765625,9577.774509515979,9874.759765625,2456711,0.0,0.0
2021-10-27 00:00:00+09:00,9874.759546991603,9986.129015566697,9763.39007841651,9949.005859375,2821913,0.0,0.0
2021-10-28 00:00:00+09:00,9949.007294625948,10171.746263908617,9800.5146484375,9800.5146484375,4045228,0.0,0.0
2021-10-29 00:00:00+09:00,9911.885001474056,9949.008166273585,9726.269177476415,9837.638671875,2392909,0.0,0.0
2021-11-01 00:00:00+09:00,9800.515273876405,9911.884765625,9540.653126463016,9911.884765625,2298620,0.0,0.0
2021-11-02 00:00:00+09:00,9874.76040456552,10023.25304222816,9874.76040456552,9986.1298828125,1582771,0.0,0.0
2021-11-03 00:00:00+09:00,10023.252393679511,10097.498707706767,9800.513451597744,9874.759765625,2387662,0.0,0.0
2021-11-04 00:00:00+09:00,9911.883232565488,10097.4990234375,9874.760074391086,10097.4990234375,2293763,0.0,0.0
2021-11-05 00:00:00+09:00,10097.498707706767,10097.498707706767,9837.636608611372,9874.759765625,2526718,0.0,0.0
2021-11-08 00:00:00+09:00,9837.638437792604,9949.0079295412,9652.022618211611,9911.884765625,1670951,0.0,0.0
2021-11-09 00:00:00+09:00,9874.761836674528,10060.37766067217,9726.269177476415,9837.638671875,1468155,0.0,0.0
2021-11-10 00:00:00+09:00,9763.391486890388,9874.760971531723,9726.268325343277,9800.5146484375,1400660,0.0,0.0
2021-11-11 00:00:00+09:00,9800.514879532442,9874.761204377386,9689.145392265029,9726.2685546875,1997456,0.0,0.0
2021-11-12 00:00:00+09:00,9763.388671875,9911.881275249525,9689.142370187737,9763.388671875,1832615,0.0,0.0
2021-11-15 00:00:00+09:00,9800.514085734201,9986.1298828125,9689.144607487222,9986.1298828125,2131892,0.0,0.0
2021-11-16 00:00:00+09:00,9911.883342222094,10060.3759765625,9911.883342222094,10060.3759765625,1505453,0.0,0.0
2021-11-17 00:00:00+09:00,10060.375327950092,10134.621640333487,9837.636390799906,9949.005859375,1796661,0.0,0.0
2021-11-18 00:00:00+09:00,9911.884418402778,10060.37706886574,9763.391767939815,10023.25390625,1551149,0.0,0.0
2021-11-19 00:00:00+09:00,9949.007529222328,10023.25385406727,9577.775904997614,9726.2685546875,3053542,0.0,0.0
2021-11-22 00:00:00+09:00,9689.145782127809,9949.0079295412,9577.776290379214,9911.884765625,2642415,0.0,0.0
2021-11-23 00:00:00+09:00,9986.1298828125,10060.37620164382,9837.637245149861,9986.1298828125,1838815,0.0,0.0
2021-11-24 00:00:00+09:00,9949.007581018519,10097.500231481481,9911.884418402778,10023.25390625,1847800,0.0,0.0
2021-11-25 00:00:00+09:00,10060.37706886574,10097.500231481481,9949.007581018519,10023.25390625,1498620,0.0,0.0
2021-11-26 00:00:00+09:00,9949.00699491279,9986.130155341569,9540.65223019622,9577.775390625,3023428,0.0,0.0
2021-11-29 00:00:00+09:00,9206.54327632874,9503.528543307088,9206.54327632874,9429.2822265625,2861736,0.0,0.0
2021-11-30 00:00:00+09:00,9429.284419952877,9466.407586960566,9095.17591688368,9355.0380859375,4729690,0.0,0.0
2021-12-01 00:00:00+09:00,9355.036474021084,9429.282795243473,9206.543831576304,9243.6669921875,2126224,0.0,0.0
2021-12-02 00:00:00+09:00,9206.5446875,9317.914179687501,8983.805703125001,9280.791015625,1945225,0.0,0.0
2021-12-03 00:00:00+09:00,9317.912641697303,9540.651589307598,9280.789483762253,9466.4052734375,2190403,0.0,0.0
2021-12-06 00:00:00+09:00,9392.158738904425,9614.897681329037,9392.158738904425,9540.6513671875,1375052,0.0,0.0
2021-12-07 00:00:00+09:00,9577.775053879312,9689.14453125,9540.651894755747,9689.14453125,1526303,0.0,0.0
2021-12-08 00:00:00+09:00,9726.267690373565,9800.51400862069,9652.021372126437,9689.14453125,1854494,0.0,0.0
2021-12-09 00:00:00+09:00,9689.14453125,9726.267690373565,9577.775053879312,9689.14453125,2100057,0.0,0.0
2021-12-10 00:00:00+09:00,9652.021484375,9726.267803485576,9577.775165264422,9652.021484375,1393009,0.0,0.0
2021-12-13 00:00:00+09:00,9652.019219344107,9874.758124405895,9652.019219344107,9763.388671875,1753136,0.0,0.0
2021-12-14 00:00:00+09:00,9689.145163796165,9800.5146484375,9614.898840701942,9800.5146484375,1308347,0.0,0.0
2021-12-15 00:00:00+09:00,9800.513451597744,9874.759765625,9726.267137570489,9874.759765625,918487,0.0,0.0
2021-12-16 00:00:00+09:00,9874.761601708802,9911.884765625,9800.515273876405,9911.884765625,1252550,0.0,0.0
2021-12-17 00:00:00+09:00,9911.883342222094,10134.622293732702,9911.883342222094,10060.3759765625,3442434,0.0,0.0
2021-12-20 00:00:00+09:00,9986.129236665884,10023.252393679511,9837.636608611372,9874.759765625,1517871,0.0,0.0
2021-12-21 00:00:00+09:00,9911.88356398118,10023.25304222816,9911.88356398118,9986.1298828125,1187283,0.0,0.0
2021-12-22 00:00:00+09:00,9986.1298828125,10060.37620164382,9949.00672339684,9986.1298828125,1252740,0.0,0.0
2021-12-23 00:00:00+09:00,9986.1298828125,10023.25304222816,9911.88356398118,9986.1298828125,1285750,0.0,0.0
2021-12-24 00:00:00+09:00,9949.005859375,10023.252171758395,9911.882703183303,9949.005859375,1627964,0.0,0.0
2021-12-27 00:00:00+09:00,9949.004426093157,9986.127576936788,9763.388671875,9763.388671875,2577392,0.0,0.0
2021-12-28 00:00:00+09:00,9763.388671875,9800.511822718632,9652.019219344107,9763.388671875,5214031,0.0,0.0
2021-12-29 00:00:00+09:00,9920.864482003892,10157.075541099222,9842.127462305447,10117.70703125,4512421,750.0,0.0
2021-12-30 00:00:00+09:00,10078.338582677165,10117.707092765748,9960.233052411417,9999.6015625,1517816,0.0,0.0
2022-01-04 00:00:00+09:00,10078.338461538462,10235.8125,10038.969951923078,10235.8125,2130795,0.0,0.0
2022-01-05 00:00:00+09:00,10353.918664691091,10393.287176724138,10196.444616558909,10275.181640625,2385685,0.0,0.0
2022-01-06 00:00:00+09:00,10275.181070646888,10353.91809034533,10078.338521400778,10117.70703125,1716327,0.0,0.0
2022-01-07 00:00:00+09:00,10196.445237953245,10314.55078125,10117.708209088742,10314.55078125,1922826,0.0,0.0
2022-01-10 00:00:00+09:00,10393.285870295698,10983.8134765625,10353.917363211245,10983.8134765625,7988069,0.0,0.0
2022-01-11 00:00:00+09:00,10905.078121644114,11574.342843911081,10905.078121644114,11456.2373046875,7886028,0.0,0.0
2022-01-12 00:00:00+09:00,11456.235872614303,11731.8154296875,11338.130348154362,11731.8154296875,4337072,0.0,0.0
2022-01-13 00:00:00+09:00,11653.078697916666,11810.552734375,11613.710188802082,11810.552734375,2678410,0.0,0.0
2022-01-14 00:00:00+09:00,11731.815716145833,11928.65826171875,11416.867643229167,11810.552734375,4598922,0.0,0.0
2022-01-17 00:00:00+09:00,11692.447612040753,11731.816122519003,11377.499528214737,11653.0791015625,1979429,0.0,0.0
2022-01-18 00:00:00+09:00,11653.078413380872,11810.552445994128,11574.341397074244,11731.8154296875,1880801,0.0,0.0
2022-01-19 00:00:00+09:00,11574.341342659884,12086.131946246885,11574.341342659884,11849.9208984375,3263293,0.0,0.0
2022-01-20 00:00:00+09:00,11810.553143475507,11889.29016443201,11534.973570127744,11653.0791015625,2880216,0.0,0.0
2022-01-21 00:00:00+09:00,11534.973228377525,11731.81577493687,11495.604719065657,11692.447265625,1531309,0.0,0.0
2022-01-24 00:00:00+09:00,11692.447740436422,11771.184762257542,11259.394120420258,11416.8681640625,3094990,0.0,0.0
2022-01-25 00:00:00+09:00,11416.868722098214,11416.868722098214,10905.078055245536,11023.18359375,3360048,0.0,0.0
2022-01-26 00:00:00+09:00,11023.18359375,11023.18359375,11023.18359375,11023.18359375,0,0.0,0.0
2022-01-27 00:00:00+09:00,11298.764023574082,11495.606602381993,11101.92144476617,11259.3955078125,3598578,0.0,0.0
2022-01-28 00:00:00+09:00,11377.500553274318,11613.711637425342,11298.763525223976,11534.974609375,3080939,0.0,0.0
2022-02-03 00:00:00+09:00,11574.343123400171,11731.817179500853,11377.500553274318,11534.974609375,2292121,0.0,0.0
2022-02-04 00:00:00+09:00,11534.972729412662,12164.868851155334,11534.972729412662,12086.1318359375,4275274,0.0,0.0
2022-02-07 00:00:00+09:00,12282.975139693708,12282.975139693708,11810.553018936258,11889.2900390625,3163495,0.0,0.0
2022-02-08 00:00:00+09:00,11889.2900390625,11889.2900390625,11889.2900390625,11889.2900390625,0,0.0,0.0
2022-02-09 00:00:00+09:00,11889.2900390625,11889.2900390625,11889.2900390625,11889.2900390625,0,0.0,0.0
2022-02-10 00:00:00+09:00,12519.186011605709,12676.66004948754,12164.869426371584,12243.6064453125,3307556,0.0,0.0
2022-02-11 00:00:00+09:00,11968.027691831683,12086.133228264234,11810.55364325495,11928.6591796875,23609095,0.0,0.0
2022-02-14 00:00:00+09:00,11849.92236328125,11889.29087611607,11416.868722098214,11574.3427734375,5076468,0.0,0.0
2022-02-15 00:00:00+09:00,11574.342207704742,11653.079229525862,11338.13114224138,11416.8681640625,3458230,0.0,0.0
2022-02-16 00:00:00+09:00,11613.711637425342,11653.080151450511,11298.763525223976,11534.974609375,3521163,0.0,0.0
2022-02-17 00:00:00+09:00,11534.972888920931,11968.026478607382,11534.972888920931,11731.8154296875,3989435,0.0,0.0
2022-02-18 00:00:00+09:00,11456.236209753788,11771.184284248739,11456.236209753788,11692.447265625,2477828,0.0,0.0
2022-02-21 00:00:00+09:00,11456.23667497306,11534.97369679418,11377.49965315194,11416.8681640625,1970233,0.0,0.0
2022-02-22 00:00:00+09:00,11416.8681640625,11416.8681640625,11416.8681640625,11416.8681640625,0,0.0,0.0
2022-02-23 00:00:00+09:00,11416.8681640625,11416.8681640625,11416.8681640625,11416.8681640625,0,0.0,0.0
2022-02-24 00:00:00+09:00,11220.0244140625,11298.761427494517,11023.181880482456,11220.0244140625,3355199,0.0,0.0
2022-02-25 00:00:00+09:00,11180.6572265625,11298.762760645906,11023.183181117956,11180.6572265625,3018445,0.0,0.0
2022-02-28 00:00:00+09:00,11180.6572265625,11180.6572265625,11180.6572265625,11180.6572265625,0,0.0,0.0
2022-03-02 00:00:00+09:00,11062.55124814667,11141.288267706434,10668.866150347856,10786.9716796875,4867388,0.0,0.0
2022-03-03 00:00:00+09:00,10983.815012146642,11141.2890625,10905.077986969964,11141.2890625,2354759,0.0,0.0
2022-03-04 00:00:00+09:00,11141.2890625,11141.2890625,11141.2890625,11141.2890625,0,0.0,0.0
2022-03-07 00:00:00+09:00,10747.603933114544,10826.340958265566,10511.392857661476,10590.1298828125,3768541,0.0,0.0
2022-03-08 00:00:00+09:00,10314.549956597222,10668.866558159723,10275.1814453125,10629.498046875,3620282,0.0,0.0
2022-03-10 00:00:00+09:00,10629.498046875,10629.498046875,10629.498046875,10629.498046875,0,0.0,0.0
2022-03-11 00:00:00+09:00,11023.18421930605,11101.92124944395,10905.078674099199,11062.552734375,2014585,0.0,0.0
2022-03-14 00:00:00+09:00,11023.181880482456,11220.0244140625,10944.444867050439,11220.0244140625,1938870,0.0,0.0
2022-03-15 00:00:00+09:00,11338.130514705883,11416.867532169117,11141.287971047794,11377.4990234375,2558480,0.0,0.0
2022-03-16 00:00:00+09:00,11416.8681640625,11456.23667497306,11259.394120420258,11416.8681640625,2004937,0.0,0.0
2022-03-17 00:00:00+09:00,11653.080151450511,11810.554207551195,11534.974609375,11534.974609375,3468479,0.0,0.0
2022-03-18 00:00:00+09:00,11456.23654917124,11653.0791015625,11416.86803869299,11653.0791015625,6435482,0.0,0.0
2022-03-21 00:00:00+09:00,11653.0791015625,11653.0791015625,11653.0791015625,11653.0791015625,0,0.0,0.0
2022-03-22 00:00:00+09:00,11534.972888920931,11810.552445994128,11495.604380767618,11731.8154296875,2141134,0.0,0.0
2022-03-23 00:00:00+09:00,11849.921528999379,12046.764079314982,11810.553018936258,11889.2900390625,2859562,0.0,0.0
2022-03-24 00:00:00+09:00,11810.55329975329,11968.02734375,11771.184788754112,11968.02734375,1770922,0.0,0.0
2022-03-25 00:00:00+09:00,11928.658549125621,11968.027059188742,11731.815998810016,11889.2900390625,1589638,0.0,0.0
2022-03-28 00:00:00+09:00,11849.922432120902,12086.13351050205,11771.185405993852,12007.396484375,1466286,0.0,0.0
2022-03-29 00:00:00+09:00,12086.133093775285,12440.44969913026,12086.133093775285,12164.8701171875,2859632,0.0,0.0
2022-03-30 00:00:00+09:00,12204.238409745065,12204.238409745065,11928.658832750822,11968.02734375,2132742,0.0,0.0
2022-03-31 00:00:00+09:00,12046.763328328583,12204.23735876425,12007.394820719666,12086.1318359375,1968902,0.0,0.0
2022-04-01 00:00:00+09:00,11849.920790283997,12086.1318359375,11849.920790283997,12086.1318359375,1403428,0.0,0.0
2022-04-04 00:00:00+09:00,12086.134140114378,12164.871170343136,12007.39710988562,12046.765625,1171768,0.0,0.0
2022-04-05 00:00:00+09:00,12046.763849431818,12086.132358743687,11653.078756313133,11692.447265625,2576657,0.0,0.0
2022-04-06 00:00:00+09:00,11692.44720703125,11889.289752604167,11653.078697916666,11810.552734375,1845030,0.0,0.0
2022-04-07 00:00:00+09:00,11771.185131110768,12007.396203975866,11692.448106822401,11928.6591796875,2382154,0.0,0.0
2022-04-08 00:00:00+09:00,11928.658832750822,12007.395854749177,11810.55329975329,11968.02734375,1354843,0.0,0.0
2022-04-11 00:00:00+09:00,11968.027558656959,12164.8701171875,11928.65904695085,12164.8701171875,1898856,0.0,0.0
2022-04-12 00:00:00+09:00,12164.8701171875,12204.238628893609,12046.764582069176,12164.8701171875,2038529,0.0,0.0
2022-04-13 00:00:00+09:00,12125.502655228758,12125.502655228758,11928.660079656862,12046.765625,1497102,0.0,0.0
2022-04-14 00:00:00+09:00,12007.395447570007,12125.5009765625,11968.026937905843,12125.5009765625,1475005,0.0,0.0
2022-04-15 00:00:00+09:00,12086.132876747533,12125.50138774671,11968.02734375,11968.02734375,999294,0.0,0.0
2022-04-18 00:00:00+09:00,11928.65945824795,12007.396484375,11849.922432120902,12007.396484375,679329,0.0,0.0
2022-04-19 00:00:00+09:00,12046.765062549446,12440.4501953125,12046.765062549446,12440.4501953125,2875895,0.0,0.0
2022-04-20 00:00:00+09:00,12401.080307006836,12637.291360473631,12361.711798095703,12597.9228515625,3448198,0.0,0.0
2022-04-21 00:00:00+09:00,12716.029923804013,12755.3984375,12479.818841628086,12755.3984375,2020934,0.0,0.0
2022-04-22 00:00:00+09:00,12637.292896412038,12834.135464891975,12558.555869020061,12755.3984375,2621544,0.0,0.0
2022-04-25 00:00:00+09:00,12716.029788246637,12873.503841351858,12401.081682036194,12440.4501953125,2929023,0.0,0.0
2022-04-26 00:00:00+09:00,12519.186940187103,12519.186940187103,12243.607353453424,12361.712890625,2096419,0.0,0.0
2022-04-27 00:00:00+09:00,12125.502655228758,12204.239685457516,11849.923049428104,12046.765625,2350194,0.0,0.0
2022-04-28 00:00:00+09:00,11731.817504084967,12086.134140114378,11298.763837826797,12046.765625,5016438,0.0,0.0
2022-04-29 00:00:00+09:00,11928.659030720339,11968.02754237288,11495.605402542373,11613.7109375,4987409,0.0,0.0
2022-05-02 00:00:00+09:00,11377.50041152801,11771.185546875,11338.131897993311,11771.185546875,1954649,0.0,0.0
2022-05-03 00:00:00+09:00,11731.816277754933,12046.764365748355,11692.447766755757,11968.02734375,2111238,0.0,0.0
2022-05-04 00:00:00+09:00,11968.02631311075,12164.868851155334,11968.02631311075,12086.1318359375,1635531,0.0,0.0
2022-05-06 00:00:00+09:00,12007.39710988562,12086.134140114378,11889.291564542484,12046.765625,1603983,0.0,0.0
2022-05-10 00:00:00+09:00,12007.396628083194,12007.396628083194,11731.817033340301,11771.185546875,1864518,0.0,0.0
2022-05-11 00:00:00+09:00,11771.185693526024,11849.922721576366,11456.237581324658,11534.974609375,2506301,0.0,0.0
2022-05-12 00:00:00+09:00,11416.86731078696,12007.394930310424,11416.86731078696,11849.9208984375,3285891,0.0,0.0
2022-05-13 00:00:00+09:00,12046.764791500796,12401.081403015525,11889.290741938694,12361.712890625,4085943,0.0,0.0
2022-05-16 00:00:00+09:00,12401.081403015525,12440.44991540605,12204.2388410629,12361.712890625,2048792,0.0,0.0
2022-05-17 00:00:00+09:00,12401.081403015525,12597.923964968153,12322.344378234475,12361.712890625,2837785,0.0,0.0
2022-05-18 00:00:00+09:00,12007.394986760697,12007.394986760697,11653.078413380872,11731.8154296875,25912180,0.0,0.0
2022-05-19 00:00:00+09:00,11220.025737923635,11338.131272007042,11023.183181117956,11180.6572265625,10104330,0.0,0.0
2022-05-20 00:00:00+09:00,11101.918463720034,11613.709031196491,11101.918463720034,11495.603515625,4807353,0.0,0.0
2022-05-23 00:00:00+09:00,11534.974609375,11574.343123400171,11298.763525223976,11534.974609375,2109254,0.0,0.0
2022-05-24 00:00:00+09:00,11613.710591084247,11771.184632997256,11613.710591084247,11653.0791015625,2421215,0.0,0.0
2022-05-25 00:00:00+09:00,11692.447612040753,11771.184632997256,11613.710591084247,11653.0791015625,1971404,0.0,0.0
2022-05-26 00:00:00+09:00,11692.447265625,11810.552793560606,11456.236209753788,11692.447265625,2363451,0.0,0.0
2022-05-27 00:00:00+09:00,11692.446921534187,11810.552445994128,11613.709905227559,11731.8154296875,2338613,0.0,0.0
2022-05-30 00:00:00+09:00,11810.554060409699,11928.659601013796,11731.817033340301,11771.185546875,1615577,0.0,0.0
2022-05-31 00:00:00+09:00,11771.183937840813,11889.289462300754,11574.341397074244,11731.8154296875,11738420,0.0,0.0
2022-06-02 00:00:00+09:00,11810.551557148974,11810.551557148974,11456.235010434504,11495.603515625,2865157,0.0,0.0
2022-06-03 00:00:00+09:00,11613.709031196491,11653.077536386987,11416.866505244008,11495.603515625,1658177,0.0,0.0
2022-06-07 00:00:00+09:00,11495.603515625,11574.340526005994,11416.866505244008,11495.603515625,1740445,0.0,0.0
2022-06-08 00:00:00+09:00,11574.342425847457,11692.447960805084,11495.605402542373,11613.7109375,1820335,0.0,0.0
2022-06-09 00:00:00+09:00,11613.709905227559,11771.183937840813,11574.341397074244,11731.8154296875,4449193,0.0,0.0
2022-06-10 00:00:00+09:00,11613.7109375,11692.447960805084,11456.23689088983,11613.7109375,1857951,0.0,0.0
2022-06-13 00:00:00+09:00,11416.869369995551,11416.869369995551,11023.18421930605,11062.552734375,3963793,0.0,0.0
2022-06-14 00:00:00+09:00,10826.339625979965,11298.76171875,10826.339625979965,11298.76171875,3314962,0.0,0.0
2022-06-15 00:00:00+09:00,11259.39467075893,11298.76318359375,10983.81508091518,11023.18359375,2220476,0.0,0.0
2022-06-16 00:00:00+09:00,11141.289842344873,11220.026873032824,10944.447265625,10944.447265625,2134037,0.0,0.0
2022-06-17 00:00:00+09:00,10747.603515625,10865.709048763736,10629.497982486264,10747.603515625,26978864,0.0,0.0
2022-06-20 00:00:00+09:00,10668.865285389458,10747.602298565766,10353.917232684234,10550.759765625,3133997,0.0,0.0
2022-06-21 00:00:00+09:00,10629.497474154135,10708.234492481202,10432.654928336466,10472.0234375,2148219,0.0,0.0
2022-06-22 00:00:00+09:00,10511.393508911133,10590.13053894043,9999.602813720703,10078.33984375,3616020,0.0,0.0
2022-06-23 00:00:00+09:00,10078.34,10235.8140625,9763.391875,9842.12890625,4122431,0.0,0.0
2022-06-24 00:00:00+09:00,9842.127462305447,10117.70703125,9763.390442607004,10117.70703125,2597873,0.0,0.0
2022-06-27 00:00:00+09:00,10196.445546875,10235.8140625,9802.760390625,9842.12890625,4213292,0.0,0.0
2022-06-28 00:00:00+09:00,9881.49609375,9960.233114417331,9724.02205241534,9881.49609375,3742054,0.0,0.0
2022-06-29 00:00:00+09:00,9881.496207209544,9921.34094998055,9522.893522270488,9602.5830078125,4466224,150.0,0.0
2022-06-30 00:00:00+09:00,9562.738248966942,9722.117219783056,9522.893506262913,9642.427734375,2346127,0.0,0.0
2022-07-01 00:00:00+09:00,9722.117252604166,9841.651481119792,9443.204052734376,9562.73828125,2667706,0.0,0.0
2022-07-04 00:00:00+09:00,9562.737392703862,9562.737392703862,9164.290001341202,9283.82421875,2622898,0.0,0.0
2022-07-05 00:00:00+09:00,9323.668896074056,9522.892590434612,9243.979418329833,9483.0478515625,2517453,0.0,0.0
2022-07-06 00:00:00+09:00,9363.514803996128,9403.35954784292,8925.222621681416,9004.912109375,3968253,0.0,0.0
2022-07-07 00:00:00+09:00,9084.602517740175,9204.136761394651,8885.378778316048,9124.447265625,3633084,0.0,0.0
2022-07-08 00:00:00+09:00,9124.44527461611,9363.51370975889,9044.755796235184,9243.9794921875,1963281,0.0,0.0
2022-07-11 00:00:00+09:00,9243.980485660173,9363.514716078193,9164.290998714827,9204.1357421875,1361105,0.0,0.0
2022-07-12 00:00:00+09:00,9164.290077780837,9164.290077780837,8925.221640969163,9044.755859375,2015459,0.0,0.0
2022-07-13 00:00:00+09:00,9124.447265625,9243.981509279476,9084.602517740175,9124.447265625,2247422,0.0,0.0
2022-07-14 00:00:00+09:00,9044.756853221792,9124.446340915376,9004.912109375,9004.912109375,2297018,0.0,0.0
2022-07-15 00:00:00+09:00,8925.221732954546,8965.066472833807,8606.463813920454,8765.8427734375,3138758,0.0,0.0
2022-07-18 00:00:00+09:00,8965.066305659871,9283.82421875,8925.221566523605,9283.82421875,3470919,0.0,0.0
2022-07-19 00:00:00+09:00,9204.134752997037,9363.51370975889,9164.290013806574,9243.9794921875,1545389,0.0,0.0
2022-07-20 00:00:00+09:00,9483.047839304394,9761.961011048641,9443.203100483786,9522.892578125,4041303,0.0,0.0
2022-07-21 00:00:00+09:00,9562.737256659835,9722.1162109375,9403.358302382172,9722.1162109375,3079548,0.0,0.0
2022-07-22 00:00:00+09:00,9722.11723612552,9761.961978896525,9483.048779499482,9602.5830078125,2282212,0.0,0.0
2022-07-25 00:00:00+09:00,9602.582055766214,9722.116272228033,9483.047839304394,9522.892578125,1610250,0.0,0.0
2022-07-26 00:00:00+09:00,9522.892590434612,9522.892590434612,9363.513634946166,9483.0478515625,1850172,0.0,0.0
2022-07-27 00:00:00+09:00,9403.35838607595,9443.203125,9283.824169303798,9443.203125,1862661,0.0,0.0
2022-07-28 00:00:00+09:00,9483.048877992022,9562.738364361701,9243.980418882978,9363.5146484375,2439949,0.0,0.0
2022-07-29 00:00:00+09:00,9363.513634946166,9483.0478515625,9323.668896074056,9483.0478515625,2054621,0.0,0.0
2022-08-01 00:00:00+09:00,9443.204134807182,9483.048877992022,9323.66990525266,9363.5146484375,1707439,0.0,0.0
2022-08-02 00:00:00+09:00,9363.5146484375,9403.35939162234,9243.980418882978,9363.5146484375,1816087,0.0,0.0
2022-08-03 00:00:00+09:00,9323.668908227848,9443.203125,9323.668908227848,9443.203125,1430050,0.0,0.0
2022-08-04 00:00:00+09:00,9483.048877992022,9483.048877992022,9323.66990525266,9363.5146484375,1345945,0.0,0.0
2022-08-05 00:00:00+09:00,9403.359375,9522.89360434322,9363.514631885593,9403.359375,2676614,0.0,0.0
2022-08-08 00:00:00+09:00,9443.204957561727,9682.2734375,9403.36021090535,9682.2734375,3256631,0.0,0.0
2022-08-09 00:00:00+09:00,9722.1162109375,9761.960949506916,9602.581995229251,9722.1162109375,1793147,0.0,0.0
2022-08-10 00:00:00+09:00,9722.117252604166,9722.117252604166,9522.89353841146,9562.73828125,2190402,0.0,0.0
2022-08-11 00:00:00+09:00,9682.271448647103,9801.8056640625,9642.426710175305,9801.8056640625,2718338,0.0,0.0
2022-08-12 00:00:00+09:00,9881.49609375,10001.030320690525,9801.806609122983,9881.49609375,2713720,0.0,0.0
2022-08-16 00:00:00+09:00,9921.340851942054,9961.185594319331,9801.806624810222,9841.6513671875,1601210,0.0,0.0
2022-08-17 00:00:00+09:00,9881.49607806225,9961.18556256275,9761.961851311497,9921.3408203125,1850783,0.0,0.0
2022-08-18 00:00:00+09:00,9801.805688076332,9841.650426645747,9722.1162109375,9722.1162109375,1498647,0.0,0.0
2022-08-19 00:00:00+09:00,9722.117109061244,9921.3408203125,9602.582882310491,9921.3408203125,2548425,0.0,0.0
2022-08-22 00:00:00+09:00,9841.650426645747,9841.650426645747,9642.426733798668,9722.1162109375,1713563,0.0,0.0
2022-08-23 00:00:00+09:00,9602.5830078125,9722.11723612552,9562.738265041495,9602.5830078125,1704136,0.0,0.0
2022-08-24 00:00:00+09:00,9642.426733798668,9761.960949506916,9602.581995229251,9722.1162109375,1882140,0.0,0.0
2022-08-25 00:00:00+09:00,9722.116187118902,9881.495141006097,9722.116187118902,9801.8056640625,1365150,0.0,0.0
2022-08-26 00:00:00+09:00,9841.650402534298,9881.495141006097,9722.116187118902,9801.8056640625,1695519,0.0,0.0
2022-08-29 00:00:00+09:00,9602.583024088543,9642.427766927083,9483.048795572917,9562.73828125,2056779,0.0,0.0
2022-08-30 00:00:00+09:00,9602.5830078125,9682.272493354512,9522.893522270488,9602.5830078125,1666215,0.0,0.0
2022-08-31 00:00:00+09:00,9562.737256659835,9722.1162109375,9522.89251809042,9722.1162109375,5496204,0.0,0.0
2022-09-01 00:00:00+09:00,9642.427920386905,9761.962150804924,9204.1357421875,9204.1357421875,3855632,0.0,0.0
2022-09-02 00:00:00+09:00,9204.136761394651,9283.8262571643,9044.757769855349,9124.447265625,2238388,0.0,0.0
2022-09-05 00:00:00+09:00,9124.44527461611,9363.51370975889,9124.44527461611,9243.9794921875,1810213,0.0,0.0
2022-09-06 00:00:00+09:00,9243.980485660173,9283.825229132846,9124.446255242154,9204.1357421875,1211787,0.0,0.0
2022-09-07 00:00:00+09:00,9124.446340915376,9164.291084762168,8965.067365528208,9004.912109375,1859511,0.0,0.0
2022-09-08 00:00:00+09:00,9044.755859375,9084.600598843612,8845.532162031937,9044.755859375,2772670,0.0,0.0
2022-09-13 00:00:00+09:00,9204.135659427966,9403.359375,9164.29091631356,9403.359375,2863102,0.0,0.0
2022-09-14 00:00:00+09:00,9124.446255242154,9323.66997260552,9084.60151176948,9204.1357421875,2016937,0.0,0.0
2022-09-15 00:00:00+09:00,9283.824206229967,9403.358423477564,9164.289988982371,9323.6689453125,1891997,0.0,0.0
2022-09-16 00:00:00+09:00,9323.669888771186,9443.204118114407,9243.980402542373,9403.359375,2153386,0.0,0.0
2022-09-19 00:00:00+09:00,9443.203162560096,9483.047901642627,9243.979467147436,9323.6689453125,1203409,0.0,0.0
2022-09-20 00:00:00+09:00,9363.513647151898,9443.203125,9323.668908227848,9443.203125,1287105,0.0,0.0
2022-09-21 00:00:00+09:00,9363.514631885593,9443.204118114407,9323.669888771186,9403.359375,1843805,0.0,0.0
2022-09-22 00:00:00+09:00,9283.82514565678,9443.204118114407,9243.980402542373,9403.359375,1789908,0.0,0.0
2022-09-23 00:00:00+09:00,9443.203100483786,9562.737316945608,9363.513622842573,9522.892578125,2279826,0.0,0.0
2022-09-26 00:00:00+09:00,9443.203254061124,9483.047993529735,9004.911119906388,9044.755859375,3321852,0.0,0.0
2022-09-27 00:00:00+09:00,9084.601614583333,9124.446358506944,8765.843663194444,8965.0673828125,2857597,0.0,0.0
2022-09-28 00:00:00+09:00,8885.377006635274,8885.377006635274,8526.774347174656,8725.998046875,4009821,0.0,0.0
2022-09-29 00:00:00+09:00,8765.842786815068,8925.221746575342,8686.153306934932,8725.998046875,2367295,0.0,0.0
2022-09-30 00:00:00+09:00,8646.309625073014,8725.999114705024,8486.930645808996,8526.775390625,2261502,0.0,0.0
2022-10-04 00:00:00+09:00,8606.462837837838,8925.220720720721,8566.618102477478,8845.53125,2238962,0.0,0.0
2022-10-05 00:00:00+09:00,9004.912144252232,9124.44637625558,8805.688424246651,8925.22265625,2443965,0.0,0.0
2022-10-06 00:00:00+09:00,8885.37598536036,8965.065456081082,8845.53125,8845.53125,940751,0.0,0.0
2022-10-07 00:00:00+09:00,8805.688356633771,9084.6015625,8725.998869243422,9084.6015625,1665047,0.0,0.0
2022-10-11 00:00:00+09:00,8925.220720720721,8965.065456081082,8765.841779279279,8845.53125,1626709,0.0,0.0
2022-10-12 00:00:00+09:00,8845.532162031937,9124.445338312224,8765.842683094714,9044.755859375,2553530,0.0,0.0
2022-10-13 00:00:00+09:00,9084.600598843612,9204.134817249449,9004.911119906388,9044.755859375,2414972,0.0,0.0
2022-10-14 00:00:00+09:00,9164.289952531646,9483.04786392405,9164.289952531646,9443.203125,2960492,0.0,0.0
2022-10-17 00:00:00+09:00,9403.358423477564,9483.047901642627,9243.979467147436,9323.6689453125,2094259,0.0,0.0
2022-10-18 00:00:00+09:00,9483.04786392405,9562.737341772152,9323.668908227848,9443.203125,2331163,0.0,0.0
2022-10-19 00:00:00+09:00,9522.89353841146,9562.73828125,9443.204052734376,9562.73828125,2160785,0.0,0.0
2022-10-20 00:00:00+09:00,9522.89353841146,9602.583024088543,9363.514567057293,9562.73828125,4012900,0.0,0.0
2022-10-21 00:00:00+09:00,9522.893621176861,9522.893621176861,9283.825162067818,9363.5146484375,2958137,0.0,0.0
2022-10-24 00:00:00+09:00,9483.049996588428,9522.894744473253,9004.913021970524,9124.447265625,3130649,0.0,0.0
2022-10-25 00:00:00+09:00,9164.2900390625,9243.979517663043,9084.600560461957,9164.2900390625,2126579,0.0,0.0
2022-10-26 00:00:00+09:00,9204.134817249449,9243.97955671806,9004.911119906388,9044.755859375,2296456,0.0,0.0
2022-10-27 00:00:00+09:00,9124.445262204936,9323.668957886266,9084.60052306867,9283.82421875,2107632,0.0,0.0
2022-10-28 00:00:00+09:00,9243.979430379746,9443.203125,9164.289952531646,9443.203125,2371994,0.0,0.0
2022-10-31 00:00:00+09:00,9522.893621176861,9562.738364361701,9283.825162067818,9363.5146484375,2624974,0.0,0.0
2022-11-01 00:00:00+09:00,9403.35939162234,9443.204134807182,9323.66990525266,9363.5146484375,1587902,0.0,0.0
2022-11-02 00:00:00+09:00,9323.668970568428,9363.51370975889,9204.134752997037,9243.9794921875,2408874,0.0,0.0
2022-11-03 00:00:00+09:00,9084.6015625,9204.135793585527,9004.912075109649,9084.6015625,2645627,0.0,0.0
2022-11-04 00:00:00+09:00,9044.757769855349,9164.292013509825,9044.757769855349,9124.447265625,2066898,0.0,0.0
2022-11-07 00:00:00+09:00,9204.1357421875,9243.980485660173,9084.60151176948,9204.1357421875,2049829,0.0,0.0
2022-11-08 00:00:00+09:00,9243.979467147436,9363.513684395031,9164.289988982371,9323.6689453125,2103317,0.0,0.0
2022-11-09 00:00:00+09:00,9363.514631885593,9443.204118114407,9323.669888771186,9403.359375,1638350,0.0,0.0
2022-11-10 00:00:00+09:00,9323.669888771186,9483.048861228814,9283.82514565678,9403.359375,2705729,0.0,0.0
2022-11-11 00:00:00+09:00,9602.582055766214,9642.42679458682,9403.35836166318,9522.892578125,2528678,0.0,0.0
2022-11-14 00:00:00+09:00,9522.892590434612,9562.737329306723,9443.20311269039,9483.0478515625,1894775,0.0,0.0
2022-11-15 00:00:00+09:00,9522.892578125,9602.582055766214,9483.047839304394,9522.892578125,1425191,0.0,0.0
2022-11-16 00:00:00+09:00,9562.737256659835,9761.960949506916,9483.047779521004,9722.1162109375,2711425,0.0,0.0
2022-11-17 00:00:00+09:00,9722.11628479517,9801.80576253939,9483.0478515625,9483.0478515625,2151493,0.0,0.0
2022-11-18 00:00:00+09:00,9483.048877992022,9602.583107546543,9363.5146484375,9363.5146484375,2106079,0.0,0.0
2022-11-21 00:00:00+09:00,9443.204020854855,9682.272477079028,9363.514535446797,9642.427734375,2196632,0.0,0.0
2022-11-22 00:00:00+09:00,9642.427655301113,9841.6513671875,9602.582912923835,9841.6513671875,1934745,0.0,0.0
2022-11-23 00:00:00+09:00,9841.650402534298,9881.495141006097,9722.116187118902,9801.8056640625,1843767,0.0,0.0
2022-11-24 00:00:00+09:00,9841.651304936504,10001.0302734375,9801.806562811254,10001.0302734375,1888066,0.0,0.0
2022-11-25 00:00:00+09:00,10040.875047063253,10120.564531563754,9841.651335811997,9921.3408203125,1260692,0.0,0.0
2022-11-28 00:00:00+09:00,9921.34191743827,9921.34191743827,9642.42869084362,9682.2734375,2234111,0.0,0.0
2022-11-29 00:00:00+09:00,9722.11704854249,10120.564468564724,9722.11704854249,10080.7197265625,2565432,0.0,0.0
2022-11-30 00:00:00+09:00,10040.87393329327,10439.321311598558,10001.029195462741,10359.6318359375,6594930,0.0,0.0
2022-12-01 00:00:00+09:00,10439.322265625,10479.167007096852,10319.788041209447,10439.322265625,2548936,0.0,0.0
2022-12-02 00:00:00+09:00,10399.476631433825,10399.476631433825,10160.408203125,10160.408203125,2013356,0.0,0.0
2022-12-05 00:00:00+09:00,10200.25390625,10279.943389892578,10080.719680786133,10200.25390625,1958008,0.0,0.0
2022-12-06 00:00:00+09:00,10120.56346507353,10279.942417279412,10080.71872702206,10160.408203125,1636968,0.0,0.0
2022-12-07 00:00:00+09:00,10160.4092578125,10200.253999999999,9921.3408046875,9961.185546875,2733905,0.0,0.0
2022-12-08 00:00:00+09:00,10001.0302734375,10120.564499813247,9841.651304936504,10001.0302734375,3010001,0.0,0.0
2022-12-09 00:00:00+09:00,10120.564377714769,10319.7880859375,10040.874894425677,10319.7880859375,2646114,0.0,0.0
2022-12-12 00:00:00+09:00,10240.1005859375,10319.79008466075,10200.255836575876,10240.1005859375,1892067,0.0,0.0
2022-12-13 00:00:00+09:00,10319.79008466075,10319.79008466075,10040.876839129378,10240.1005859375,2144615,0.0,0.0
2022-12-14 00:00:00+09:00,10279.943389892578,10319.788131713867,10120.564422607422,10200.25390625,1502037,0.0,0.0
2022-12-15 00:00:00+09:00,10200.25395256917,10240.098694571394,10080.7197265625,10080.7197265625,1727615,0.0,0.0
2022-12-16 00:00:00+09:00,9961.187340406128,10240.1005859375,9921.342591044504,10240.1005859375,2019523,0.0,0.0
2022-12-19 00:00:00+09:00,10200.253875968992,10319.788101078004,10160.409134265989,10279.943359375,1431662,0.0,0.0
2022-12-20 00:00:00+09:00,10279.943344292955,10359.632827582047,10240.098602648408,10319.7880859375,1655714,0.0,0.0
2022-12-21 00:00:00+09:00,10319.788101078004,10359.632842781008,10240.098617671996,10279.943359375,2136130,0.0,0.0
2022-12-22 00:00:00+09:00,10279.943359375,10319.788101078004,10160.409134265989,10279.943359375,1863013,0.0,0.0
2022-12-23 00:00:00+09:00,10200.252941176472,10240.097679227942,10120.56346507353,10160.408203125,2148171,0.0,0.0
2022-12-26 00:00:00+09:00,10160.408203125,10200.252941176472,10120.56346507353,10160.408203125,2216919,0.0,0.0
2022-12-27 00:00:00+09:00,10200.252884615385,10359.6318359375,10160.408146784855,10359.6318359375,5054983,0.0,0.0
2022-12-28 00:00:00+09:00,10514.767975370763,10557.861286745234,10083.83486162606,10170.021484375,6610706,980.0,0.0
2022-12-29 00:00:00+09:00,10083.835607751624,10256.208866003788,9954.5556640625,9954.5556640625,2983405,0.0,0.0
2023-01-02 00:00:00+09:00,9997.649305555557,10083.8359375,9652.902777777777,9695.99609375,2059497,0.0,0.0
2023-01-03 00:00:00+09:00,9695.995880526747,9911.462455649564,9566.715935453056,9868.369140625,2183993,0.0,0.0
2023-01-04 00:00:00+09:00,9782.18251871061,10256.208984375,9782.18251871061,10256.208984375,2855036,0.0,0.0
2023-01-05 00:00:00+09:00,10213.115159557712,10730.234914472027,10213.115159557712,10687.1416015625,4531914,0.0,0.0
2023-01-06 00:00:00+09:00,10644.048722232681,10945.701924887047,10600.955407567772,10730.2353515625,3900142,0.0,0.0
2023-01-09 00:00:00+09:00,10859.514853200604,10945.701479019657,10600.954975743447,10687.1416015625,2795327,0.0,0.0
2023-01-10 00:00:00+09:00,10687.14130167323,10945.701171875,10600.95467827264,10945.701171875,2435948,0.0,0.0
2023-01-11 00:00:00+09:00,10945.702033780364,10945.702033780364,10644.048828125,10644.048828125,2687370,0.0,0.0
2023-01-12 00:00:00+09:00,10687.142143218623,10816.422088499494,10644.048828125,10644.048828125,2818179,0.0,0.0
2023-01-13 00:00:00+09:00,10687.141727941176,11031.888235294118,10600.955101102942,10988.794921875,4037630,0.0,0.0
2023-01-16 00:00:00+09:00,10988.793908599624,11549.006931390977,10945.700599154135,11462.8203125,6163074,0.0,0.0
2023-01-17 00:00:00+09:00,11376.635639591439,11462.822273224709,11074.982421875,11074.982421875,3369812,0.0,0.0
2023-01-18 00:00:00+09:00,11074.981986999512,11118.075302124023,10859.515411376953,11031.888671875,2369189,0.0,0.0
2023-01-19 00:00:00+09:00,10902.6100390625,10988.7966796875,10687.1434375,10773.330078125,2624786,0.0,0.0
2023-01-20 00:00:00+09:00,10730.234613373525,11031.887795275592,10730.234613373525,10945.701171875,2198932,0.0,0.0
2023-01-25 00:00:00+09:00,11031.88854489164,11161.16848877709,10988.795230263158,11135.3125,8226,0.0,0.0
2023-01-26 00:00:00+09:00,11109.45746438505,11523.1533203125,11109.45746438505,11523.1533203125,13115,0.0,0.0
2023-01-27 00:00:00+09:00,11505.914418930824,11635.194356222182,11393.871806611647,11617.95703125,3132,0.0,0.0
2023-01-30 00:00:00+09:00,11600.720331519195,11643.813646272238,11480.059050210673,11505.9150390625,1136,0.0,0.0
2023-01-31 00:00:00+09:00,11583.482560405298,11635.194536121395,11014.650827528254,11057.744140625,7031,0.0,0.0
2023-02-01 00:00:00+09:00,11040.507334899901,11126.693965148925,10919.84605255127,11031.888671875,9296,0.0,0.0
2023-02-02 00:00:00+09:00,11049.126769484563,11074.982760364792,10747.473542548556,10816.4228515625,12282,0.0,0.0
2023-02-03 00:00:00+09:00,10781.947742986222,10962.939671525559,10687.142447084663,10790.56640625,5695,0.0,0.0
2023-02-06 00:00:00+09:00,10764.709585457897,10764.709585457897,10532.005695299878,10669.904296875,16233,0.0,0.0
2023-02-07 00:00:00+09:00,10635.429728785568,10661.285716780996,10540.624439469004,10600.955078125,3986,0.0,0.0
2023-02-08 00:00:00+09:00,10609.574183654784,11040.507334899901,10609.574183654784,11031.888671875,25813,0.0,0.0
2023-02-09 00:00:00+09:00,11074.981890775845,11135.312531425985,10687.14205802494,10712.998046875,12379,0.0,0.0
2023-02-10 00:00:00+09:00,10721.616949916075,10980.176844206655,10678.523634200978,10911.2275390625,5453,0.0,0.0
2023-02-13 00:00:00+09:00,10825.04013030888,11161.16796875,10825.04013030888,11161.16796875,13324,0.0,0.0
2023-02-14 00:00:00+09:00,11118.07503164714,11143.931020092832,10773.328519037927,10850.896484375,5558,0.0,0.0
2023-02-15 00:00:00+09:00,10816.422755507172,10816.422755507172,10480.29487704918,10514.76953125,12853,0.0,0.0
2023-02-16 00:00:00+09:00,10514.770101246908,10600.956741421063,10376.87147696826,10454.439453125,9741,0.0,0.0
2023-02-17 00:00:00+09:00,10428.581724105343,10764.709564799647,10428.581724105343,10687.1416015625,3267,0.0,0.0
2023-02-20 00:00:00+09:00,10669.905750290052,10721.617732924737,10575.10044879313,10678.5244140625,17379,0.0,0.0
2023-02-21 00:00:00+09:00,10678.5244140625,10764.711051786975,10566.481785020682,10678.5244140625,2534,0.0,0.0
2023-02-22 00:00:00+09:00,10635.430338007589,10652.667664325267,10480.294401148483,10506.150390625,4598,0.0,0.0
2023-02-23 00:00:00+09:00,10523.388671875,10712.999278575451,10506.15134399314,10523.388671875,1568,0.0,0.0
2023-02-24 00:00:00+09:00,10506.150262109059,10687.142186230707,10497.531599055646,10609.57421875,1852,0.0,0.0
2023-02-27 00:00:00+09:00,10549.244733796297,10583.719389789094,10368.252789834105,10471.6767578125,1983694,0.0,0.0
2023-02-28 00:00:00+09:00,10471.676213498975,10566.481512551229,10437.201559298155,10514.76953125,2772077,0.0,0.0
2023-03-02 00:00:00+09:00,10471.67648672659,10540.625796927257,10221.735237249164,10307.921875,4031150,0.0,0.0
2023-03-03 00:00:00+09:00,10299.302007999306,10368.251310144908,10066.598113257898,10092.4541015625,3021688,0.0,0.0
2023-03-06 00:00:00+09:00,10101.073764301753,10221.735055001604,10032.12445533041,10075.2177734375,2968575,0.0,0.0
2023-03-07 00:00:00+09:00,10083.835851283955,10221.734461216043,10040.742535680178,10152.78515625,1857755,0.0,0.0
2023-03-08 00:00:00+09:00,10170.023118964593,10230.353764585569,10014.887173082081,10040.7431640625,2202726,0.0,0.0
2023-03-09 00:00:00+09:00,10083.835082375324,10101.072407302461,9954.555145421793,9980.4111328125,2894562,0.0,0.0
2023-03-10 00:00:00+09:00,9825.276479535398,9842.513806692477,9704.61518943584,9739.08984375,2961524,0.0,0.0
2023-03-13 00:00:00+09:00,9695.995451274672,9851.131378495065,9609.808825041118,9825.275390625,2047813,0.0,0.0
2023-03-14 00:00:00+09:00,9695.996359843324,9704.615023274297,9480.529774069028,9489.1484375,3190350,0.0,0.0
2023-03-15 00:00:00+09:00,9627.046460620777,9799.419718644425,9471.910528399492,9566.7158203125,3159120,0.0,0.0
2023-03-16 00:00:00+09:00,9428.816884275115,9480.528859874428,9377.1049086758,9437.435546875,3285192,0.0,0.0
2023-03-17 00:00:00+09:00,9532.240692276262,9704.613941684513,9489.1473799242,9558.0966796875,4092995,0.0,0.0
2023-03-20 00:00:00+09:00,9540.860897444987,9713.234174724932,9480.530250397005,9497.767578125,2194665,0.0,0.0
2023-03-21 00:00:00+09:00,9540.860134933728,9739.089387963066,9506.385482232974,9713.2333984375,2968024,0.0,0.0
2023-03-22 00:00:00+09:00,9876.988529734765,9894.225857011788,9652.903275133453,9687.3779296875,2280459,0.0,0.0
2023-03-23 00:00:00+09:00,9583.954033430233,9635.666015625,9540.860714934593,9635.666015625,1771366,0.0,0.0
2023-03-24 00:00:00+09:00,9566.716408378747,9575.335071809719,9463.292447207084,9489.1484375,1883684,0.0,0.0
2023-03-27 00:00:00+09:00,9523.622131625341,9532.2407941879,9385.723530624431,9471.91015625,1319731,0.0,0.0
2023-03-28 00:00:00+09:00,9592.57220017175,9670.140169445376,9558.09754716125,9644.2841796875,1664838,0.0,0.0
2023-03-29 00:00:00+09:00,9601.190798611111,9730.470746527779,9592.572135416667,9695.99609375,1487193,0.0,0.0
2023-03-30 00:00:00+09:00,9756.327307412792,9756.327307412792,9592.57269712936,9635.666015625,1933125,0.0,0.0
2023-03-31 00:00:00+09:00,9678.75763533222,9833.8935546875,9644.282986586602,9833.8935546875,2399017,0.0,0.0
2023-04-03 00:00:00+09:00,9833.894682890139,9833.894682890139,9687.377408911934,9713.2333984375,1474356,0.0,0.0
2023-04-04 00:00:00+09:00,9739.08832943282,9799.418965101871,9678.757693763766,9782.181640625,1477816,0.0,0.0
2023-04-05 00:00:00+09:00,9764.945334086262,9825.27597604443,9721.852018401856,9747.7080078125,1213205,0.0,0.0
2023-04-06 00:00:00+09:00,9747.707254036575,9782.181903918226,9540.859354746675,9558.0966796875,2532490,0.0,0.0
2023-04-07 00:00:00+09:00,9592.573500993816,9799.42144710689,9566.717507729682,9756.328125,2251233,0.0,0.0
2023-04-10 00:00:00+09:00,9747.707634626116,9833.894262695312,9652.90234375,9652.90234375,2403073,0.0,0.0
2023-04-11 00:00:00+09:00,9652.902713306808,9799.419986633786,9609.809397622403,9747.7080078125,2690170,0.0,0.0
2023-04-12 00:00:00+09:00,9790.799289398596,9842.511257476404,9721.849998628182,9816.6552734375,1920821,0.0,0.0
2023-04-13 00:00:00+09:00,9782.180628052294,9816.6552734375,9721.849998628182,9816.6552734375,2289701,0.0,0.0
2023-04-14 00:00:00+09:00,9859.751205012853,10101.073786953726,9833.895214090617,10057.98046875,3255002,0.0,0.0
2023-04-17 00:00:00+09:00,10109.691575059422,10161.403552425454,9937.318317172645,9971.79296875,1831062,0.0,0.0
2023-04-18 00:00:00+09:00,9980.412022271654,10049.361328125,9885.606726723305,10049.361328125,1879229,0.0,0.0
2023-04-19 00:00:00+09:00,10066.597596358602,10170.021544266398,10049.360271707304,10118.3095703125,2025210,0.0,0.0
2023-04-20 00:00:00+09:00,10092.454535867082,10135.5478515625,10014.886567615327,10135.5478515625,1979541,0.0,0.0
2023-04-21 00:00:00+09:00,10092.45503324468,10178.641668882978,10066.59904255319,10126.9296875,1172230,0.0,0.0
2023-04-24 00:00:00+09:00,10213.116414283419,10221.735077924164,10040.743141468509,10057.98046875,1720424,0.0,0.0
2023-04-25 00:00:00+09:00,10135.54768115562,10342.395593015939,10075.217040196361,10273.4462890625,3193596,0.0,0.0
2023-04-26 00:00:00+09:00,10178.641668882978,10221.734986702128,10032.124388297872,10126.9296875,2313508,0.0,0.0
2023-04-27 00:00:00+09:00,10075.21637918863,10118.309691332293,9954.555105186371,10014.8857421875,1979105,0.0,0.0
2023-04-28 00:00:00+09:00,10083.836392063618,10126.92970997842,9997.649756234016,10109.6923828125,2574135,0.0,0.0
2023-05-02 00:00:00+09:00,10049.361263131932,10135.547894891211,9997.649284076366,10101.0732421875,1670659,0.0,0.0
2023-05-03 00:00:00+09:00,10006.267140530384,10023.504465492539,9885.605865795307,9963.173828125,1959304,0.0,0.0
2023-05-04 00:00:00+09:00,9911.463209160407,10057.98049138278,9911.463209160407,10040.7431640625,1021844,0.0,0.0
2023-05-08 00:00:00+09:00,10083.83634737415,10187.260309911322,10040.74302965033,10144.1669921875,1832864,0.0,0.0
2023-05-09 00:00:00+09:00,10152.78414003014,10195.87745132059,10083.83484196542,10187.2587890625,1224312,0.0,0.0
2023-05-10 00:00:00+09:00,10126.928292888486,10178.640267150044,9980.411032480737,10066.59765625,1790524,0.0,0.0
2023-05-11 00:00:00+09:00,10083.83484196542,10264.82674938531,10057.978855191148,10187.2587890625,2230408,0.0,0.0
2023-05-12 00:00:00+09:00,10170.023005319148,10213.116323138298,10092.45503324468,10126.9296875,1494669,0.0,0.0
2023-05-15 00:00:00+09:00,10126.927677319274,10213.114295849651,10101.07169176016,10178.6396484375,1466560,0.0,0.0
2023-05-16 00:00:00+09:00,10170.021484375,10247.589444849047,10118.309510725636,10170.021484375,1455657,0.0,0.0
2023-05-17 00:00:00+09:00,10092.4541015625,10135.5474154035,10049.360787721498,10092.4541015625,1556133,0.0,0.0
2023-05-18 00:00:00+09:00,10152.785070615515,10221.734375,10109.691755375212,10221.734375,1171244,0.0,0.0
2023-05-19 00:00:00+09:00,10230.352848090999,10402.726105851589,10230.352848090999,10376.8701171875,2617813,0.0,0.0
2023-05-22 00:00:00+09:00,10333.776326598867,10471.674926453397,10316.539001617051,10368.2509765625,1673318,0.0,0.0
2023-05-23 00:00:00+09:00,10394.107485351562,10394.107485351562,10316.539519042968,10342.3955078125,1274962,0.0,0.0
2023-05-24 00:00:00+09:00,10325.156710228455,10368.250018701863,10247.588754976321,10351.0126953125,1406363,0.0,0.0
2023-05-25 00:00:00+09:00,10282.064994837701,10342.39563604798,10178.64103847722,10238.9716796875,1578453,0.0,0.0
2023-05-26 00:00:00+09:00,10187.259225924074,10256.208526945557,10178.640563296389,10230.3525390625,984327,0.0,0.0
2023-05-30 00:00:00+09:00,10256.2098923495,10419.964504076088,10238.972564799331,10307.921875,1945230,0.0,0.0
2023-05-31 00:00:00+09:00,10273.445253808432,10402.725185693604,10247.589267431396,10325.1572265625,4050502,0.0,0.0
2023-06-01 00:00:00+09:00,10316.53870288746,10316.53870288746,10178.640107025973,10204.49609375,1798785,0.0,0.0
2023-06-02 00:00:00+09:00,10213.115193308453,10282.064494191549,10187.259205477292,10247.58984375,1856371,0.0,0.0
2023-06-05 00:00:00+09:00,10299.302151195234,10428.582094515676,10299.302151195234,10376.8701171875,2051756,0.0,0.0
2023-06-07 00:00:00+09:00,10394.10702537594,10419.963013001254,10299.30173741646,10316.5390625,2435417,0.0,0.0
2023-06-08 00:00:00+09:00,10264.826078365684,10351.0126953125,10256.207416671003,10351.0126953125,2139915,0.0,0.0
2023-06-09 00:00:00+09:00,10376.869971264368,10497.53125,10359.632645730706,10497.53125,2834227,0.0,0.0
2023-06-12 00:00:00+09:00,10480.294531897267,10488.91319516363,10368.25190943455,10402.7265625,1697904,0.0,0.0
2023-06-13 00:00:00+09:00,10419.961988869953,10428.580650564634,10307.919386839092,10351.0126953125,1773018,0.0,0.0
2023-06-14 00:00:00+09:00,10351.01425601012,10359.6329190043,10221.73431109742,10273.4462890625,2150432,0.0,0.0
2023-06-15 00:00:00+09:00,10282.065451826196,10316.540105478589,10247.590798173804,10264.828125,1507490,0.0,0.0
2023-06-16 00:00:00+09:00,10299.301819412321,10342.395132464257,10221.73385591884,10247.58984375,2091946,0.0,0.0
2023-06-19 00:00:00+09:00,10264.82760482098,10316.53958267902,10238.97161589196,10290.68359375,1122609,0.0,0.0
2023-06-20 00:00:00+09:00,10290.682063449729,10351.0126953125,10256.207416671003,10351.0126953125,1467773,0.0,0.0
2023-06-21 00:00:00+09:00,10316.53964695786,10316.53964695786,10213.11569059738,10238.9716796875,2027689,0.0,0.0
2023-06-22 00:00:00+09:00,10264.82700661307,10419.962931146265,10238.97101919087,10385.48828125,1921823,0.0,0.0
2023-06-23 00:00:00+09:00,10333.77544710682,10385.487417651142,10264.826153047727,10282.0634765625,1418053,0.0,0.0
2023-06-26 00:00:00+09:00,10307.921875,10351.015193875419,10221.735237249164,10307.921875,1333817,0.0,0.0
2023-06-27 00:00:00+09:00,10282.06588367475,10325.159202550169,10264.828556124583,10307.921875,1368822,0.0,0.0
2023-06-28 00:00:00+09:00,10325.1572265625,10385.487861442247,10316.538564436822,10325.1572265625,2333518,0.0,0.0
2023-06-29 00:00:00+09:00,10377.659614556418,10430.160422049958,10158.90625,10158.90625,3595228,180.0,0.0
2023-06-30 00:00:00+09:00,10220.156727099236,10368.909008229963,10185.156190362595,10316.408203125,1864357,0.0,0.0
2023-07-03 00:00:00+09:00,10342.65674442058,10447.658335734493,10342.65674442058,10438.908203125,2145642,0.0,0.0
2023-07-04 00:00:00+09:00,10412.6594087373,10438.909810608066,10316.407935211157,10333.908203125,1345042,0.0,0.0
2023-07-05 00:00:00+09:00,10325.157585470086,10386.408520299146,10220.155982905982,10237.65625,1775840,0.0,0.0
2023-07-06 00:00:00+09:00,10237.656352796053,10237.656352796053,9957.652076480263,9975.15234375,3245799,0.0,0.0
2023-07-07 00:00:00+09:00,9931.401233941735,10001.402299907844,9870.15030122139,9940.1513671875,2258674,0.0,0.0
2023-07-10 00:00:00+09:00,10001.40287875878,10080.154082528534,9896.401273732441,9966.40234375,1649381,0.0,0.0
2023-07-11 00:00:00+09:00,9983.903222571258,10053.904296875,9931.40241684345,10053.904296875,1996176,0.0,0.0
2023-07-12 00:00:00+09:00,10062.65362892316,10141.404831236472,9992.652560200217,10106.404296875,1933380,0.0,0.0
2023-07-13 00:00:00+09:00,10176.405675006736,10246.406745858028,10150.1552734375,10150.1552734375,2062734,0.0,0.0
2023-07-14 00:00:00+09:00,10193.906324546755,10333.90847149332,10176.406056178435,10316.408203125,2124253,0.0,0.0
2023-07-17 00:00:00+09:00,10220.15584970111,10281.406783731854,10193.90544940222,10246.40625,1257253,0.0,0.0
2023-07-18 00:00:00+09:00,10342.65853004292,10342.65853004292,10150.155579399143,10193.90625,1762990,0.0,0.0
2023-07-19 00:00:00+09:00,10290.157590051458,10333.908260077187,10158.905579974271,10202.65625,1311493,0.0,0.0
2023-07-20 00:00:00+09:00,10193.905406833925,10255.156340608892,10158.904873248228,10185.1552734375,1667542,0.0,0.0
2023-07-21 00:00:00+09:00,10185.155622209822,10290.1572265625,10106.404418945312,10290.1572265625,1897271,0.0,0.0
2023-07-24 00:00:00+09:00,10281.408304379553,10281.408304379553,10167.656552926843,10211.4072265625,1608681,0.0,0.0
2023-07-25 00:00:00+09:00,10211.405673626772,10281.406740798164,10150.154739851805,10185.1552734375,1448408,0.0,0.0
2023-07-26 00:00:00+09:00,10202.656724591123,10351.409009598025,10071.40470840856,10298.908203125,3589771,0.0,0.0
2023-07-27 00:00:00+09:00,10325.15662003192,10622.6611328125,10325.15662003192,10622.6611328125,5651635,0.0,0.0
2023-07-28 00:00:00+09:00,10412.65994188262,10421.410076287564,10010.153759255227,10045.154296875,9251858,0.0,0.0
2023-07-31 00:00:00+09:00,10088.904640557941,10202.656384120171,10027.65370171674,10193.90625,2466352,0.0,0.0
2023-08-01 00:00:00+09:00,10115.15438034188,10263.906650641025,10036.403178418805,10237.65625,3038794,0.0,0.0
2023-08-02 00:00:00+09:00,10202.656384120171,10316.408127682404,10158.905713519314,10193.90625,4079604,0.0,0.0
2023-08-03 00:00:00+09:00,10132.654430234443,10193.90536375054,10027.652829921131,10123.904296875,7958807,0.0,0.0
2023-08-04 00:00:00+09:00,10141.40513958109,10158.905407293913,10088.90433644262,10150.1552734375,2277799,0.0,0.0
2023-08-07 00:00:00+09:00,10088.9052734375,10158.90635079006,10053.904734761221,10088.9052734375,1709208,0.0,0.0
2023-08-08 00:00:00+09:00,10176.405770195855,10176.405770195855,10071.40416293674,10080.154296875,1915965,0.0,0.0
2023-08-09 00:00:00+09:00,10071.403544357487,10080.153677758319,9992.65234375,9992.65234375,2476512,0.0,0.0
2023-08-10 00:00:00+09:00,9992.652745006584,10036.403413767559,9957.652209997805,9966.40234375,2192390,0.0,0.0
2023-08-11 00:00:00+09:00,9966.401943547506,10053.903277555824,9957.651810146674,9992.65234375,2572077,0.0,0.0
2023-08-14 00:00:00+09:00,9992.654027125218,10071.405240999235,9983.903892250328,10010.154296875,1788848,0.0,0.0
2023-08-16 00:00:00+09:00,9940.152882067137,9975.153420384275,9896.402209170716,9905.15234375,2072739,0.0,0.0
2023-08-17 00:00:00+09:00,9835.149768238336,9940.1513671875,9800.149235255281,9940.1513671875,1736367,0.0,0.0
2023-08-18 00:00:00+09:00,9852.650737313268,10001.403013098638,9843.90060344354,9957.65234375,1488682,0.0,0.0
2023-08-21 00:00:00+09:00,9975.15251758835,10062.653855461933,9940.151982438918,10027.6533203125,1652738,0.0,0.0
2023-08-22 00:00:00+09:00,10027.654431632096,10071.405105417576,9992.653892603712,10018.904296875,1265428,0.0,0.0
2023-08-23 00:00:00+09:00,9992.652296483362,10132.654430234443,9983.90216312392,10123.904296875,1638247,0.0,0.0
2023-08-24 00:00:00+09:00,10123.904871868266,10150.1552734375,10088.90433644262,10150.1552734375,1304347,0.0,0.0
2023-08-25 00:00:00+09:00,10106.405139117916,10158.905945035413,10097.655004798335,10115.1552734375,983882,0.0,0.0
2023-08-28 00:00:00+09:00,10150.155579399143,10193.90625,10132.655311158798,10193.90625,1384244,0.0,0.0
2023-08-29 00:00:00+09:00,10202.655582835185,10316.407317463707,10202.655582835185,10246.40625,1433623,0.0,0.0
2023-08-30 00:00:00+09:00,10290.158168038923,10325.15870602545,10202.656823072604,10228.9072265625,1145566,0.0,0.0
2023-08-31 00:00:00+09:00,10228.906239340628,10421.4091796875,10220.156105688497,10421.4091796875,3961210,0.0,0.0
2023-09-01 00:00:00+09:00,10360.157803285594,10430.15886952401,10333.907403446188,10386.408203125,1746582,0.0,0.0
2023-09-04 00:00:00+09:00,10316.408675814077,10447.660694590337,10316.408675814077,10412.66015625,1280941,0.0,0.0
2023-09-05 00:00:00+09:00,10377.659617909665,10430.160425420168,10360.159348739497,10412.66015625,1013134,0.0,0.0
2023-09-06 00:00:00+09:00,10395.158247254183,10517.660112120815,10377.657980844664,10456.4091796875,1922139,0.0,0.0
2023-09-07 00:00:00+09:00,10412.658513663702,10456.4091796875,10386.408114049424,10456.4091796875,1355111,0.0,0.0
2023-09-08 00:00:00+09:00,10438.910192871093,10500.1611328125,10395.159521484375,10500.1611328125,1164284,0.0,0.0
2023-09-11 00:00:00+09:00,10500.160769628099,10596.41224334969,10473.91036770403,10587.662109375,1737871,0.0,0.0
2023-09-12 00:00:00+09:00,10605.162068853735,10622.662336294086,10491.410330491442,10543.9111328125,1421466,0.0,0.0
2023-09-13 00:00:00+09:00,10543.911383928571,10718.9140625,10535.16125,10718.9140625,2990709,0.0,0.0
2023-09-14 00:00:00+09:00,10727.663928789732,10762.664463630808,10657.66285910758,10736.4140625,2795090,0.0,0.0
2023-09-15 00:00:00+09:00,10745.163832903098,11016.41796875,10727.663566074265,11016.41796875,4631152,0.0,0.0
2023-09-18 00:00:00+09:00,11007.669214333699,11051.419886886695,10937.668138248906,10990.1689453125,1857746,0.0,0.0
2023-09-19 00:00:00+09:00,10981.417794391764,10998.918061793185,10832.665521479683,10928.9169921875,2016411,0.0,0.0
2023-09-20 00:00:00+09:00,10928.918003738307,11007.669214333699,10893.91746569591,10990.1689453125,1843959,0.0,0.0
2023-09-21 00:00:00+09:00,10990.16864008793,11007.668908623102,10893.917163144484,10946.41796875,1997108,0.0,0.0
2023-09-22 00:00:00+09:00,10850.165259626896,10963.9169921875,10815.164726531324,10963.9169921875,2029019,0.0,0.0
2023-09-25 00:00:00+09:00,10981.417618350262,10990.1677519107,10850.165614943686,10876.416015625,1908625,0.0,0.0
2023-09-26 00:00:00+09:00,11018.475711404204,11027.354418665609,10823.144151653283,10849.7802734375,2268365,180.0,0.0
2023-09-27 00:00:00+09:00,10760.992056866844,10894.172651630048,10760.992056866844,10885.2939453125,1574362,0.0,0.0
2023-10-04 00:00:00+09:00,10769.871251103094,10823.143491421824,10672.205477185424,10689.962890625,2778466,0.0,0.0
2023-10-05 00:00:00+09:00,10707.721065056343,10725.47847975793,10574.540454794449,10636.69140625,2145680,0.0,0.0
2023-10-06 00:00:00+09:00,10636.691141285033,10965.203305080982,10627.812434155412,10929.6884765625,2202284,0.0,0.0
2023-10-10 00:00:00+09:00,11071.74802879051,11133.898980034723,10956.324833622684,11027.3544921875,2351878,0.0,0.0
2023-10-11 00:00:00+09:00,11027.354311923154,11116.141383677768,10938.567240168539,11062.869140625,2852523,0.0,0.0
2023-10-12 00:00:00+09:00,11125.02030891199,11125.02030891199,11009.597113368609,11116.1416015625,2031836,0.0,0.0
2023-10-13 00:00:00+09:00,11009.59654106858,11222.685506379585,11009.59654106858,11133.8984375,1613623,0.0,0.0
2023-10-16 00:00:00+09:00,11107.262138718452,11213.80661966539,11080.626018481717,11169.4130859375,1622194,0.0,0.0
2023-10-17 00:00:00+09:00,11213.806195668465,11222.684902078337,11080.625599520385,11107.26171875,1127027,0.0,0.0
2023-10-18 00:00:00+09:00,11142.77799044457,11302.5947265625,11116.14186775825,11302.5947265625,2147826,0.0,0.0
2023-10-19 00:00:00+09:00,11213.807000124503,11240.443121264942,11053.990273281874,11142.77734375,1605914,0.0,0.0
2023-10-20 00:00:00+09:00,11071.747290876896,11187.170478351954,11018.47505050379,11125.01953125,1658176,0.0,0.0
2023-10-23 00:00:00+09:00,11142.77704100768,11142.77704100768,10867.537130034581,10911.9306640625,1890005,0.0,0.0
2023-10-24 00:00:00+09:00,11009.596237530537,11036.232357460047,10849.77951795348,10903.0517578125,1538108,0.0,0.0
2023-10-25 00:00:00+09:00,10885.29418925576,11018.474787003588,10885.29418925576,10982.9599609375,992609,0.0,0.0
2023-10-26 00:00:00+09:00,10903.052116419058,10965.20306496542,10778.750219326332,10832.0224609375,1443807,0.0,0.0
2023-10-27 00:00:00+09:00,10920.809469009337,11036.232658519191,10654.448262448133,10698.841796875,2406313,0.0,0.0
2023-10-30 00:00:00+09:00,10654.447798295454,10681.083917791193,10299.299538352272,10547.9033203125,3138026,0.0,0.0
2023-10-31 00:00:00+09:00,10645.570478269432,10707.721431853992,10512.389863445378,10565.662109375,1822448,0.0,0.0
2023-11-01 00:00:00+09:00,10601.17621851679,10707.720703125,10556.782683263371,10707.720703125,1434002,0.0,0.0
2023-11-02 00:00:00+09:00,10814.264582683916,10885.294235115338,10636.690451605362,10681.083984375,2498708,0.0,0.0
2023-11-03 00:00:00+09:00,10760.992586490938,10849.779654036243,10663.326812191104,10778.75,1792111,0.0,0.0
2023-11-06 00:00:00+09:00,10823.14238234636,11160.533203125,10769.870147486576,11160.533203125,2159112,0.0,0.0
2023-11-07 00:00:00+09:00,11089.505243219934,11098.383950380237,10858.658857052025,11018.4755859375,1938712,0.0,0.0
2023-11-08 00:00:00+09:00,11018.47532684949,11053.990154655612,10849.779894770409,10876.416015625,1314262,0.0,0.0
2023-11-09 00:00:00+09:00,10832.022104667141,10956.323997671518,10832.022104667141,10903.0517578125,1327939,0.0,0.0
2023-11-10 00:00:00+09:00,10858.657078334263,10965.201546805245,10849.778372628349,10938.5654296875,891594,0.0,0.0
2023-11-13 00:00:00+09:00,11000.718948462702,11045.112487399192,10920.810578377015,11009.59765625,939769,0.0,0.0
2023-11-14 00:00:00+09:00,11089.504903060208,11151.655851275917,11027.353954844499,11133.8984375,1584157,0.0,0.0
2023-11-15 00:00:00+09:00,11204.927734375,11249.321267395502,11142.776788146295,11204.927734375,2050637,0.0,0.0
2023-11-16 00:00:00+09:00,11231.565414186507,11267.080245535713,11125.020920138888,11187.171875,947824,0.0,0.0
2023-11-17 00:00:00+09:00,11178.291370028977,11231.56360848821,11080.625599520385,11107.26171875,868029,0.0,0.0
2023-11-20 00:00:00+09:00,11045.11037580064,11142.776142789231,11045.11037580064,11089.50390625,839016,0.0,0.0
2023-11-21 00:00:00+09:00,11178.291657453812,11293.71484375,11116.140710986636,11293.71484375,2486148,0.0,0.0
2023-11-22 00:00:00+09:00,11196.04867433563,11302.593150221457,11196.04867433563,11275.95703125,717389,0.0,0.0
2023-11-23 00:00:00+09:00,11267.080474589398,11311.474014678402,11249.323058553795,11284.837890625,807320,0.0,0.0
2023-11-24 00:00:00+09:00,11284.83573757382,11338.107975516732,11249.320912278543,11275.95703125,738378,0.0,0.0
2023-11-27 00:00:00+09:00,11267.080291819853,11329.231246936275,11231.565460324755,11320.3525390625,1083609,0.0,0.0
2023-11-28 00:00:00+09:00,11320.351048519737,11471.2890625,11240.442688177243,11471.2890625,2100655,0.0,0.0
2023-11-29 00:00:00+09:00,11391.381238555909,11471.289602661132,11346.987702941895,11364.7451171875,1247453,0.0,0.0
2023-11-30 00:00:00+09:00,11364.745583717358,11560.0771484375,11346.9881687428,11560.0771484375,3483732,0.0,0.0
2023-12-01 00:00:00+09:00,11497.925962038875,11551.198205878438,11453.532425505906,11462.4111328125,854419,0.0,0.0
2023-12-04 00:00:00+09:00,11515.682574695269,11524.561281383547,11400.259387747668,11426.8955078125,823568,0.0,0.0
2023-12-05 00:00:00+09:00,11400.259983648257,11462.410933714875,11320.35161927689,11453.5322265625,996243,0.0,0.0
2023-12-06 00:00:00+09:00,11444.653681663496,11515.68333988949,11373.6240234375,11373.6240234375,1401376,0.0,0.0
2023-12-07 00:00:00+09:00,11329.23028869629,11382.502531433105,11284.836753082276,11364.7451171875,973375,0.0,0.0
2023-12-08 00:00:00+09:00,11400.260145272248,11409.138852550497,11346.987901602752,11373.6240234375,719284,0.0,0.0
2023-12-11 00:00:00+09:00,11400.259566202261,11409.13827302952,11338.108618411437,11391.380859375,761723,0.0,0.0
2023-12-12 00:00:00+09:00,11426.894954628333,11489.0458984375,11400.258835852976,11489.0458984375,1130249,0.0,0.0
2023-12-13 00:00:00+09:00,11506.803310954405,11524.56072347131,11418.01624836988,11489.0458984375,916005,0.0,0.0
2023-12-14 00:00:00+09:00,11506.80410968798,11524.5615234375,11453.531868439426,11524.5615234375,2722333,0.0,0.0
2023-12-15 00:00:00+09:00,11551.19883756111,11586.71366872963,11515.68400639259,11577.8349609375,2202586,0.0,0.0
2023-12-18 00:00:00+09:00,11577.833542956656,11577.833542956656,11426.895528976393,11471.2890625,1396798,0.0,0.0
2023-12-19 00:00:00+09:00,11462.410933714875,11506.804469476745,11444.653519410127,11453.5322265625,21327324,0.0,0.0
2023-12-20 00:00:00+09:00,11480.167215466225,11551.196865677925,11453.531096636836,11533.439453125,1555008,0.0,0.0
2023-12-21 00:00:00+09:00,11497.925402813222,11542.318937187018,11471.289282188944,11524.5615234375,1137557,0.0,0.0
2023-12-22 00:00:00+09:00,11560.07675030048,11568.955457481972,11506.804507211538,11542.3193359375,1612131,0.0,0.0
2023-12-26 00:00:00+09:00,11542.3193359375,11551.198043118991,11524.56192157452,11542.3193359375,2543743,0.0,0.0
2023-12-27 00:00:00+09:00,11444.6533203125,11515.68297629582,11293.715301347944,11444.6533203125,2041822,0.0,0.0
2023-12-28 00:00:00+09:00,11444.653556941106,11542.3193359375,11329.230363581732,11542.3193359375,2075179,0.0,0.0
2024-01-02 00:00:00+09:00,11409.138472607574,11471.289421485591,11213.806918990946,11400.259765625,2075510,0.0,0.0
2024-01-03 00:00:00+09:00,11373.62259899527,11453.530954491725,11240.442006501182,11267.078125,1715513,0.0,0.0
2024-01-04 00:00:00+09:00,11204.928656901564,11231.564778906877,11071.748046875,11071.748046875,2206289,0.0,0.0
2024-01-05 00:00:00+09:00,11045.11037580064,11142.776142789231,10991.838139261408,11089.50390625,1436870,0.0,0.0
2024-01-08 00:00:00+09:00,11089.504704334597,11160.534358165403,11053.989877419193,11125.01953125,952830,0.0,0.0
2024-01-09 00:00:00+09:00,11196.049405995582,11222.685526707704,11107.262336955173,11178.2919921875,1180302,0.0,0.0
2024-01-10 00:00:00+09:00,11125.020490597455,11160.53532057542,11080.626953125,11080.626953125,976582,0.0,0.0
2024-01-11 00:00:00+09:00,11133.89899822073,11258.200900912188,11071.748046875,11071.748046875,1485888,0.0,0.0
2024-01-12 00:00:00+09:00,11116.141023724083,11213.806799491627,11089.504903060208,11133.8984375,717352,0.0,0.0
2024-01-15 00:00:00+09:00,11125.019374938094,11187.1703211668,11089.50454852169,11204.927734375,79214,0.0,0.0
2024-01-16 00:00:00+09:00,11142.7769447077,11178.291771623104,11089.504704334597,11125.01953125,771367,0.0,0.0
2024-01-17 00:00:00+09:00,11125.019890499498,11160.534718561748,11036.232820343876,11053.990234375,1075902,0.0,0.0
2024-01-18 00:00:00+09:00,11107.262876215416,11142.777705555834,11053.990632204792,11071.748046875,1102444,0.0,0.0
2024-01-19 00:00:00+09:00,11107.261961729893,11258.199973999603,11080.62584191759,11204.927734375,1183552,0.0,0.0
2024-01-22 00:00:00+09:00,11267.078479691218,11267.078479691218,11160.534002341892,11196.048828125,668847,0.0,0.0
2024-01-23 00:00:00+09:00,11258.200631713868,11364.7451171875,11196.049681854249,11364.7451171875,1396434,0.0,0.0
2024-01-24 00:00:00+09:00,11346.987777944712,11568.955457481972,11320.35165640024,11542.3193359375,2736620,0.0,0.0
2024-01-25 00:00:00+09:00,11533.440250563603,11586.712491905699,11462.41059544081,11568.955078125,1444969,0.0,0.0
2024-01-26 00:00:00+09:00,11568.955118288271,11684.378308263518,11453.531928313023,11657.7421875,1568685,0.0,0.0
2024-01-29 00:00:00+09:00,11657.742324421597,12039.526726516135,11524.56171903978,11968.4970703125,2925020,0.0,0.0
2024-01-30 00:00:00+09:00,11986.254683735637,12146.071412852112,11932.982440696813,11977.3759765625,2247308,0.0,0.0
2024-01-31 00:00:00+09:00,11924.103686593795,12359.160336365274,11924.103686593795,12323.6455078125,3552141,0.0,0.0
2024-02-01 00:00:00+09:00,12350.281446532355,12865.246452929823,12323.645325511798,12794.216796875,6228659,0.0,0.0
2024-02-02 00:00:00+09:00,12900.761397433718,13176.001317131204,12447.947335995921,13060.578125,6674144,0.0,0.0
2024-02-05 00:00:00+09:00,13122.728894332628,13229.273377913136,12652.157425185382,13096.0927734375,4671234,0.0,0.0
2024-02-06 00:00:00+09:00,13060.578468605325,13318.060980902777,12803.09595630787,12945.1552734375,3536212,0.0,0.0
2024-02-07 00:00:00+09:00,12607.76379310345,12980.669482758622,12075.041379310345,12874.125,4325703,0.0,0.0
2024-02-08 00:00:00+09:00,12865.247499438527,13051.70036174923,12732.06688350231,12971.7919921875,3172244,0.0,0.0
2024-02-13 00:00:00+09:00,13122.729345499392,13220.395125472662,12634.40044563304,12767.5810546875,4318452,0.0,0.0
2024-02-14 00:00:00+09:00,12696.551062656026,12767.580718950607,12421.311144514533,12447.947265625,3308665,0.0,0.0
2024-02-15 00:00:00+09:00,12572.249222609385,12634.400172156184,12439.068616437677,12581.1279296875,1763594,0.0,0.0
2024-02-16 00:00:00+09:00,12661.036132150424,13096.0927734375,12661.036132150424,13096.0927734375,4242150,0.0,0.0
2024-02-19 00:00:00+09:00,13149.365328399941,13495.634908283533,13140.48662122344,13371.3330078125,3068160,0.0,0.0
2024-02-20 00:00:00+09:00,13380.211560341704,13477.877338154418,12962.912327869202,13016.1845703125,2502362,0.0,0.0
2024-02-21 00:00:00+09:00,13113.850207189611,13220.394690931165,12962.912188555743,13140.486328125,2312191,0.0,0.0
2024-02-22 00:00:00+09:00,13247.03141330917,13247.03141330917,12954.034069717212,13167.123046875,1770523,0.0,0.0
2024-02-23 00:00:00+09:00,13184.879327114402,13451.240525641966,13167.121913879231,13247.0302734375,3587976,0.0,0.0
2024-02-26 00:00:00+09:00,13202.637804116113,13202.637804116113,12607.764412807586,12989.548828125,4068702,0.0,0.0
2024-02-27 00:00:00+09:00,12954.033344968415,13362.45386167064,12900.761103659428,13264.7880859375,6101989,0.0,0.0
2024-02-28 00:00:00+09:00,13413.205848883006,13543.070912426825,13311.169013241433,13468.8623046875,3366119,640.0,0.0
2024-02-29 00:00:00+09:00,13459.586544410655,13821.353515625,13422.482239670722,13821.353515625,6024363,0.0,0.0
2024-03-04 00:00:00+09:00,13422.481518021046,13682.211637236382,13264.788231354592,13580.1748046875,19050010,0.0,0.0
2024-03-05 00:00:00+09:00,13691.487638756911,13914.113454021252,13376.10106713243,13422.4814453125,5231984,0.0,0.0
2024-03-06 00:00:00+09:00,13468.861721443966,13580.174628232759,13320.444512392241,13450.3095703125,2439972,0.0,0.0
2024-03-07 00:00:00+09:00,13413.205369676485,13450.309672220543,13301.892462044316,13422.4814453125,2322735,0.0,0.0
2024-03-08 00:00:00+09:00,13524.517904784814,13543.070055545835,13153.47488956438,13255.51171875,2853431,0.0,0.0
2024-03-11 00:00:00+09:00,13209.132127192981,13357.549342105263,13079.267064144737,13218.408203125,2181338,0.0,0.0
2024-03-12 00:00:00+09:00,13218.407809625745,13311.168566184522,13079.26667478758,13236.9599609375,2810384,0.0,0.0
2024-03-13 00:00:00+09:00,13255.512926075557,13552.347365287884,13190.580392497859,13543.0712890625,3122499,0.0,0.0
2024-03-14 00:00:00+09:00,13728.592513192612,14210.94846635884,13608.003524901056,14062.53125,18648947,0.0,0.0
2024-03-15 00:00:00+09:00,14071.80643800271,14377.916927425313,13969.769608195174,14127.462890625,5769346,0.0,0.0
2024-03-18 00:00:00+09:00,14071.807868696555,14071.807868696555,13459.586827606263,13830.6298828125,3495088,0.0,0.0
2024-03-19 00:00:00+09:00,13654.383015006822,13802.80022169168,13580.174411664393,13598.7265625,2360692,0.0,0.0
2024-03-20 00:00:00+09:00,13728.592103585996,13932.665769990652,13589.450967401002,13645.107421875,2163979,0.0,0.0
2024-03-21 00:00:00+09:00,13802.80100351537,14248.052648790059,13700.76416813992,14183.1201171875,3738348,0.0,0.0
2024-03-22 00:00:00+09:00,14043.978312602796,14331.536653217518,13969.76970857319,14099.634765625,2059724,0.0,0.0
2024-03-25 00:00:00+09:00,14136.739961996036,14210.948570720424,13904.838059732321,14034.703125,2092278,0.0,0.0
2024-03-26 00:00:00+09:00,14034.702833710524,14183.12004807891,13941.942074730283,14025.4267578125,2213599,0.0,0.0
2024-03-27 00:00:00+09:00,13849.181103883257,13969.770088712783,13496.690225150796,13552.3466796875,2514047,0.0,0.0
2024-03-28 00:00:00+09:00,13674.439877484578,13796.533090676405,13599.305592443454,13702.615234375,2637837,180.0,0.0
2024-03-29 00:00:00+09:00,13740.183463496203,13740.183463496203,13345.728435836025,13449.0380859375,2158189,0.0,0.0
2024-04-01 00:00:00+09:00,13571.130036202914,13571.130036202914,13054.581834132907,13214.2421875,1861825,0.0,0.0
2024-04-02 00:00:00+09:00,13063.974950650578,13279.986038979092,12988.840659058053,13195.4599609375,1671570,0.0,0.0
2024-04-03 00:00:00+09:00,13120.32516408521,13148.500522347384,12904.314084075218,12923.09765625,2355836,0.0,0.0
2024-04-04 00:00:00+09:00,12932.489707407656,13279.985799763563,12932.489707407656,13157.892578125,1583858,0.0,0.0
2024-04-05 00:00:00+09:00,13007.622554036925,13233.025399738648,12988.838983561782,13082.7568359375,880023,0.0,0.0
2024-04-08 00:00:00+09:00,13148.500423200287,13289.37721344886,13017.015418968283,13176.67578125,1552017,0.0,0.0
2024-04-09 00:00:00+09:00,13261.201128347411,13270.592913849074,13017.014705304187,13063.9736328125,1166510,0.0,0.0
2024-04-11 00:00:00+09:00,12622.560321350762,13073.36604711329,12453.508174189814,12932.4892578125,3245321,0.0,0.0
2024-04-12 00:00:00+09:00,12763.437899800754,12866.747551675522,12528.643236449012,12594.3857421875,2604557,0.0,0.0
2024-04-15 00:00:00+09:00,12462.89992682983,12763.437076534845,12350.198495690449,12735.26171875,1771800,0.0,0.0
2024-04-16 00:00:00+09:00,12631.952093779151,12763.437096985775,12491.075304629197,12584.9931640625,2220892,0.0,0.0
2024-04-17 00:00:00+09:00,12678.910365354499,12678.910365354499,12368.9814453125,12368.9814453125,1314789,0.0,0.0
2024-04-18 00:00:00+09:00,12500.466235532407,12801.003365162036,12397.156597222222,12678.91015625,1615309,0.0,0.0
2024-04-19 00:00:00+09:00,12500.466473037066,12763.436466459334,12472.291116598966,12716.4775390625,2059911,0.0,0.0
2024-04-22 00:00:00+09:00,13045.190521477474,13317.552310622792,13045.190521477474,13289.376953125,2449323,0.0,0.0
2024-04-23 00:00:00+09:00,13289.377008142606,13571.130584286973,13261.20165052817,13336.3359375,1983757,0.0,0.0
2024-04-24 00:00:00+09:00,13439.646086695511,13477.213231591935,13101.5417826277,13261.2021484375,1963697,0.0,0.0
2024-04-25 00:00:00+09:00,13007.62285044802,13298.768199447217,13007.62285044802,13167.283203125,1217139,0.0,0.0
2024-04-26 00:00:00+09:00,13261.20085202526,13589.913337734102,13261.20085202526,13477.2119140625,2574082,0.0,0.0
2024-04-29 00:00:00+09:00,13477.212911959346,13524.171841966174,13279.985405930674,13326.9443359375,1924262,0.0,0.0
2024-04-30 00:00:00+09:00,13336.335385738757,13430.253240567903,13270.592887358354,13364.5107421875,1980111,0.0,0.0
2024-05-02 00:00:00+09:00,13251.810014585568,13326.944302407457,13073.366081008584,13129.716796875,1669616,0.0,0.0
2024-05-03 00:00:00+09:00,13195.459461252654,13298.769108280256,13167.2841029724,13270.59375,877182,0.0,0.0
2024-05-07 00:00:00+09:00,13402.078623948424,13486.604697960713,13242.418261925211,13326.9443359375,2314190,0.0,0.0
2024-05-08 00:00:00+09:00,13383.294231546335,13655.656008890086,13336.335304418104,13618.0888671875,2066619,0.0,0.0
2024-05-09 00:00:00+09:00,13627.48165301931,13702.61594194016,13420.86235848697,13467.8212890625,2015366,0.0,0.0
2024-05-10 00:00:00+09:00,13655.656434155628,13862.275719954405,13589.913934128743,13646.2646484375,1942383,0.0,0.0
2024-05-13 00:00:00+09:00,13721.398805635281,13909.23451823809,13636.872734964016,13702.615234375,1605921,0.0,0.0
2024-05-14 00:00:00+09:00,13683.83247827757,13730.791409225674,13542.955685433257,13561.7392578125,1205602,0.0,0.0
2024-05-16 00:00:00+09:00,13702.615290407275,13881.05921810963,13674.43993340164,13749.57421875,1966682,0.0,0.0
2024-05-17 00:00:00+09:00,13749.574347350823,13805.925061889146,13655.656489786952,13693.2236328125,1204116,0.0,0.0
2024-05-20 00:00:00+09:00,13768.357901543419,14059.50325962517,13721.398972820556,13843.4921875,1829573,0.0,0.0
2024-05-21 00:00:00+09:00,13721.399498781102,13993.761295813718,13712.00771267653,13965.5859375,1393864,0.0,0.0
2024-05-22 00:00:00+09:00,14040.719186883223,14050.11097229251,13852.883478697495,13918.6259765625,1587000,0.0,0.0
2024-05-23 00:00:00+09:00,13787.142367705455,13909.235590307751,13552.347708854886,13599.306640625,1836640,0.0,0.0
2024-05-24 00:00:00+09:00,13402.078109434555,13589.913822250735,13355.11918123051,13552.3466796875,1196078,0.0,0.0
2024-05-27 00:00:00+09:00,13524.170840592335,13636.872264263937,13392.685846308797,13477.2119140625,1239343,0.0,0.0
2024-05-28 00:00:00+09:00,13411.469854298522,13449.036996747538,13317.551998175984,13355.119140625,1103613,0.0,0.0
2024-05-29 00:00:00+09:00,13223.633778089888,13467.82019728757,13195.458422028618,13373.90234375,1490822,0.0,0.0
2024-05-30 00:00:00+09:00,13270.593641415717,13355.119715564862,13167.283995233429,13176.67578125,1195849,0.0,0.0
2024-05-31 00:00:00+09:00,13279.985774027435,13411.470781691072,13233.026842718993,13308.1611328125,3595365,0.0,0.0
2024-06-03 00:00:00+09:00,13392.686707785087,13505.38813870614,13270.593490953946,13383.294921875,878513,0.0,0.0
2024-06-04 00:00:00+09:00,13279.984685945274,13467.820395788913,13148.499689054726,13214.2421875,1602271,0.0,0.0
2024-06-05 00:00:00+09:00,13214.24200370095,13308.15985731645,13129.715935447,13223.6337890625,1171072,0.0,0.0
2024-06-07 00:00:00+09:00,13420.861512085303,13542.95472388174,13279.98472924326,13411.4697265625,1565944,0.0,0.0
2024-06-10 00:00:00+09:00,13242.41796875,13355.119398271278,13223.634397163121,13242.41796875,829120,0.0,0.0
2024-06-11 00:00:00+09:00,13251.80975454344,13345.727612477836,13139.108325022164,13242.41796875,1343306,0.0,0.0
2024-06-12 00:00:00+09:00,13157.891405285833,13317.5517578125,13157.891405285833,13317.5517578125,788061,0.0,0.0
2024-06-13 00:00:00+09:00,13242.418601137178,13467.821470943769,13110.93359375,13110.93359375,2592007,0.0,0.0
2024-06-14 00:00:00+09:00,13101.5417826277,13477.213231591935,13092.149996403594,13261.2021484375,2505641,0.0,0.0
2024-06-17 00:00:00+09:00,13251.80958641353,13317.552086133512,13063.973872927867,13101.541015625,1500261,0.0,0.0
2024-06-18 00:00:00+09:00,13129.717141300018,13308.161079558029,13092.149996403594,13261.2021484375,907160,0.0,0.0
2024-06-19 00:00:00+09:00,13317.551516089108,13326.943301361385,13204.850092821782,13279.984375,1458410,0.0,0.0
2024-06-20 00:00:00+09:00,13279.985203309974,13505.388063903638,13251.809845735766,13486.6044921875,1305776,0.0,0.0
2024-06-21 00:00:00+09:00,13430.253055872543,13514.779124056357,13326.943416981216,13373.90234375,4197495,0.0,0.0
2024-06-24 00:00:00+09:00,13373.90358652519,13683.83253199944,13336.336441619222,13608.6982421875,2161796,0.0,0.0
2024-06-25 00:00:00+09:00,13740.18359375,13758.967166673787,13627.48215620728,13740.18359375,1358955,0.0,0.0
2024-06-26 00:00:00+09:00,13608.697634113683,13730.790849602627,13524.171561852108,13589.9140625,1816480,0.0,0.0
2024-06-27 00:00:00+09:00,13627.954155628244,13780.115541873918,13390.201989619378,13742.0751953125,2576067,180.0,0.0
2024-06-28 00:00:00+09:00,13770.606524421375,13970.318359375,13723.056087527655,13970.318359375,2213641,0.0,0.0
2024-07-01 00:00:00+09:00,13941.787654622394,13941.787654622394,13627.95478108724,13694.525390625,1633518,0.0,0.0
2024-07-02 00:00:00+09:00,13561.384524182062,13903.747667850052,13561.384524182062,13770.6064453125,1711786,0.0,0.0
2024-07-03 00:00:00+09:00,13865.707055263832,14265.130715292009,13789.626358115607,13922.767578125,3105248,0.0,0.0
2024-07-04 00:00:00+09:00,13922.767660984848,14198.56018978851,13903.747486584596,14122.4794921875,1937735,0.0,0.0
2024-07-05 00:00:00+09:00,14122.479456459605,14255.620676924544,13998.848323170732,14036.888671875,2437685,0.0,0.0
2024-07-08 00:00:00+09:00,13922.767294564112,14084.438772711372,13884.726946764757,14017.8681640625,1054351,0.0,0.0
2024-07-09 00:00:00+09:00,14084.439407919928,14093.949495298672,13808.64687393635,13970.318359375,1756305,0.0,0.0
2024-07-10 00:00:00+09:00,13884.726589145635,13979.827456194578,13884.726589145635,13941.787109375,1023631,0.0,0.0
2024-07-11 00:00:00+09:00,14074.928096648186,14151.0087890625,13932.276798371346,14151.0087890625,1841911,0.0,0.0
2024-07-12 00:00:00+09:00,14217.57970434636,14227.089791105122,14008.35779565364,14112.96875,1160692,0.0,0.0
2024-07-15 00:00:00+09:00,14160.520129766948,14179.540304555085,13932.278032309321,14027.37890625,964591,0.0,0.0
2024-07-16 00:00:00+09:00,14074.928698375084,14179.539654917062,14017.868176624916,14046.3984375,1327935,0.0,0.0
2024-07-17 00:00:00+09:00,14112.969083845053,14170.029605747392,13979.82786607293,14131.9892578125,1500162,0.0,0.0
2024-07-18 00:00:00+09:00,14255.620077862835,14255.620077862835,14122.478862992868,14170.029296875,1552304,0.0,0.0
2024-07-19 00:00:00+09:00,14074.92938802959,14141.5,14017.868863483525,14141.5,1351086,0.0,0.0
2024-07-22 00:00:00+09:00,14160.519223171676,14217.579743882912,14046.398181749204,14198.5595703125,1385798,0.0,0.0
2024-07-23 00:00:00+09:00,14131.9892578125,14236.600214633454,14112.969083845053,14131.9892578125,1321083,0.0,0.0
2024-07-24 00:00:00+09:00,14084.439071686478,14179.539943203605,13865.707067197087,13951.2978515625,1810483,0.0,0.0
2024-07-25 00:00:00+09:00,13989.337814005507,13989.337814005507,13789.625989332417,13818.15625,1397398,0.0,0.0
2024-07-26 00:00:00+09:00,14084.438431898949,15434.870746098577,14074.928345179233,15387.3203125,14562584,0.0,0.0
2024-07-29 00:00:00+09:00,15320.749770959317,16129.107145590937,15225.648903355595,15529.9716796875,10151683,0.0,0.0
2024-07-30 00:00:00+09:00,15016.427363181601,15149.568581094547,14759.65501434949,14911.81640625,15407636,0.0,0.0
2024-07-31 00:00:00+09:00,15063.977823221094,15254.17956341328,14892.796257048127,14968.876953125,4402644,0.0,0.0
2024-08-01 00:00:00+09:00,14883.286206841243,15387.32081959689,14864.266032774993,15054.4677734375,2916216,0.0,0.0
2024-08-02 00:00:00+09:00,14854.75598459187,14930.83668105585,14265.130586996034,14388.76171875,4726728,0.0,0.0
2024-08-05 00:00:00+09:00,13979.827823229614,14055.908518866238,13066.859475590129,13295.1015625,8090921,0.0,0.0
2024-08-06 00:00:00+09:00,13808.646665194346,14036.888758833922,13428.243175795053,13456.7734375,4467360,0.0,0.0
2024-08-07 00:00:00+09:00,13456.772948210599,14008.357987783897,13333.141818651067,13818.15625,2426268,0.0,0.0
2024-08-08 00:00:00+09:00,13694.524762110726,14065.41814108456,13608.933982347535,13742.0751953125,2421205,0.0,0.0
2024-08-09 00:00:00+09:00,13922.767590107364,14017.86846162449,13732.565847073109,13951.2978515625,3336989,0.0,0.0
2024-08-12 00:00:00+09:00,13932.278032309321,14093.949518008474,13922.767944915255,14027.37890625,1760105,0.0,0.0
2024-08-13 00:00:00+09:00,13989.338655880701,14369.742154341087,13989.338655880701,14284.1513671875,2033796,0.0,0.0
2024-08-14 00:00:00+09:00,14360.231836065406,14655.044542633637,14303.171312213492,14521.9033203125,2030550,0.0,0.0
2024-08-16 00:00:00+09:00,14674.063797650171,14873.775618616246,14597.983103948809,14664.5537109375,2412665,0.0,0.0
2024-08-19 00:00:00+09:00,14674.064375194826,15349.2805583697,14664.554288107856,15254.1796875,3811543,0.0,0.0
2024-08-20 00:00:00+09:00,15311.239761176937,15748.703754353422,15311.239761176937,15701.1533203125,3349843,0.0,0.0
2024-08-21 00:00:00+09:00,15596.542339475684,15739.193641361131,15529.971731929141,15644.0927734375,1639899,0.0,0.0
2024-08-22 00:00:00+09:00,15644.092838149472,15786.744140625,15501.441535673946,15786.744140625,1764164,0.0,0.0
2024-08-23 00:00:00+09:00,15739.193680566052,16014.98619823156,15558.502031061063,15729.68359375,1616728,0.0,0.0
2024-08-26 00:00:00+09:00,15786.744449633909,15919.885667883833,15625.072970330428,15748.7041015625,1870769,0.0,0.0
2024-08-27 00:00:00+09:00,15777.234576550984,15777.234576550984,15358.790742091523,15482.421875,2222476,0.0,0.0
2024-08-28 00:00:00+09:00,15453.891842200172,15529.972540500234,14940.34712867475,15244.669921875,3070368,0.0,0.0
2024-08-29 00:00:00+09:00,15377.81114390011,15434.871667625157,15159.07913628743,15244.669921875,1713914,0.0,0.0
2024-08-30 00:00:00+09:00,15244.669266566205,15339.770135353268,15140.058310900436,15235.1591796875,4836615,0.0,0.0
2024-09-02 00:00:00+09:00,15197.118945192604,15539.482075372161,15025.937380102823,15491.931640625,1736563,0.0,0.0
2024-09-03 00:00:00+09:00,15444.381180683919,15644.09300629621,15339.770224410813,15434.87109375,1509035,0.0,0.0
2024-09-04 00:00:00+09:00,15254.179018554687,15396.830318603515,14987.896591796874,15216.138671875,1986269,0.0,0.0
2024-09-05 00:00:00+09:00,15282.709626898364,15425.360930198598,15178.09867114486,15263.689453125,1525888,0.0,0.0
2024-09-06 00:00:00+09:00,15273.200160457107,15273.200160457107,15025.937891358797,15187.609375,1518681,0.0,0.0
2024-09-09 00:00:00+09:00,14959.366878492589,14997.4072265625,14655.0440939333,14997.4072265625,1977388,0.0,0.0
2024-09-10 00:00:00+09:00,14864.266590294472,14968.877551582533,14740.635454226764,14835.736328125,1666373,0.0,0.0
2024-09-11 00:00:00+09:00,14750.144937714686,14807.205459717452,14084.438847682432,14189.0498046875,4428707,0.0,0.0
2024-09-12 00:00:00+09:00,14274.640686196199,14417.2919921875,14198.559989667505,14417.2919921875,3128322,0.0,0.0
2024-09-13 00:00:00+09:00,14493.372150109437,14693.083971075512,14464.841889971425,14664.5537109375,2510050,0.0,0.0
2024-09-19 00:00:00+09:00,15073.487935126583,15102.018196202533,14778.675237341773,15025.9375,2611902,0.0,0.0
2024-09-20 00:00:00+09:00,15025.93743759984,15149.568568415534,14883.2861328125,14883.2861328125,2698296,0.0,0.0
2024-09-23 00:00:00+09:00,15025.937462702897,15054.467723708029,14721.614678648155,14940.3466796875,1441429,0.0,0.0
2024-09-24 00:00:00+09:00,15006.916979166666,15111.527934027778,14778.674895833334,14978.38671875,1756702,0.0,0.0
2024-09-25 00:00:00+09:00,15159.078274563626,15406.340529983108,14778.6748046875,14778.6748046875,3834581,0.0,0.0
2024-09-26 00:00:00+09:00,14883.286314780667,15311.240234375,14864.266140576474,15311.240234375,2738924,0.0,0.0
2024-09-27 00:00:00+09:00,15397.79837432515,15570.915407890328,15253.5341796875,15253.5341796875,1733226,180.0,0.0
2024-09-30 00:00:00+09:00,15397.798056325606,15436.268507434475,14849.594128024193,14907.2998046875,2488477,0.0,0.0
2024-10-02 00:00:00+09:00,14801.506785403864,15003.47666356727,14676.47781320747,14868.830078125,1343830,0.0,0.0
2024-10-04 00:00:00+09:00,14849.594206021487,15070.799301059373,14772.653303399615,14993.8583984375,1312845,0.0,0.0
2024-10-07 00:00:00+09:00,15109.270307491986,15378.5634765625,15013.09417568109,15378.5634765625,2470045,0.0,0.0
2024-10-08 00:00:00+09:00,15234.299378943218,15282.38744516463,15109.270406767548,15243.9169921875,1643719,0.0,0.0
2024-10-10 00:00:00+09:00,15359.327825317383,15532.444857788085,15234.298857421874,15388.1806640625,2697339,0.0,0.0
2024-10-11 00:00:00+09:00,15426.651037574638,15493.974327638867,15195.828328782998,15301.6220703125,1125786,0.0,0.0
2024-10-14 00:00:00+09:00,15388.181113966142,16224.913462038052,15388.181113966142,15907.5322265625,6610894,0.0,0.0
2024-10-15 00:00:00+09:00,15955.619991654723,16003.708056729029,15724.797279298054,15936.384765625,2905370,0.0,0.0
2024-10-16 00:00:00+09:00,15753.650465334698,16042.178862135701,15724.797625654599,15840.208984375,2409054,0.0,0.0
2024-10-17 00:00:00+09:00,15984.472371964448,15994.089984703296,15724.796828015567,15792.1201171875,1426463,0.0,0.0
2024-10-18 00:00:00+09:00,15811.355768681444,15926.76712465722,15724.797251699612,15782.5029296875,1415204,0.0,0.0
2024-10-21 00:00:00+09:00,15859.443532827707,15926.766822536496,15782.502630303376,15811.35546875,1188579,0.0,0.0
2024-10-22 00:00:00+09:00,15705.561881862966,15984.47265625,15676.709043133273,15984.47265625,1598460,0.0,0.0
2024-10-23 00:00:00+09:00,15984.472956459085,16061.413861183317,15869.061599372739,15955.6201171875,1467225,0.0,0.0
2024-10-24 00:00:00+09:00,16013.3251953125,16090.26609715184,15869.061004363739,16013.3251953125,1138905,0.0,0.0
2024-10-25 00:00:00+09:00,16061.413522760538,16446.118038275763,16022.943071209016,16426.8828125,6127970,0.0,0.0
2024-10-28 00:00:00+09:00,16253.766223342154,16253.766223342154,15253.534455751867,15445.88671875,5814608,0.0,0.0
2024-10-29 00:00:00+09:00,15474.739209467822,15638.238629331683,15388.180693069307,15542.0625,1686278,0.0,0.0
2024-10-30 00:00:00+09:00,15493.974758623232,15503.592371757075,15157.35829893868,15292.0048828125,2281374,0.0,0.0
2024-10-31 00:00:00+09:00,15292.004364468568,15330.474815699936,14839.9765625,14839.9765625,3154873,0.0,0.0
2024-11-01 00:00:00+09:00,14926.535138888888,15176.593072916667,14859.211848958334,15147.740234375,1720352,0.0,0.0
2024-11-04 00:00:00+09:00,15138.122997460074,15205.4462890625,14907.300283394608,15205.4462890625,1621083,0.0,0.0
2024-11-05 00:00:00+09:00,15099.652793523266,15330.475511386041,15013.094274324725,15243.9169921875,1442329,0.0,0.0
2024-11-06 00:00:00+09:00,15272.769214199969,15522.8271484375,15147.740247081205,15522.8271484375,1929026,0.0,0.0
2024-11-07 00:00:00+09:00,15570.915086315525,15628.620762978831,15340.0923796623,15503.591796875,1892583,0.0,0.0
2024-11-08 00:00:00+09:00,15609.385916616773,15676.709207692753,15474.73933446481,15561.2978515625,1192692,0.0,0.0
2024-11-11 00:00:00+09:00,15484.3564453125,15561.297346904114,15417.033156419837,15484.3564453125,1022550,0.0,0.0
2024-11-12 00:00:00+09:00,15417.03370504539,15580.53312674581,15349.710413756984,15493.974609375,1827661,0.0,0.0
2024-11-13 00:00:00+09:00,15378.563252880587,15493.974609375,15215.063831180169,15493.974609375,1591966,0.0,0.0
2024-11-14 00:00:00+09:00,15532.44508373347,15532.44508373347,15253.534305140112,15272.76953125,1985227,0.0,0.0
2024-11-15 00:00:00+09:00,15474.738974492606,15599.7679407253,15282.38671875,15282.38671875,2222015,0.0,0.0
2024-11-18 00:00:00+09:00,15282.386656621564,15676.708779290844,15263.151431125501,15570.9150390625,2298628,0.0,0.0
2024-11-19 00:00:00+09:00,15542.062480933497,15763.267578125,15503.592029248019,15763.267578125,2776072,0.0,0.0
2024-11-20 00:00:00+09:00,15753.650365931668,16051.796374078116,15753.650365931668,15974.85546875,2248291,0.0,0.0
2024-11-21 00:00:00+09:00,16003.70748957713,16253.765419101772,15897.913750162857,16147.9716796875,2487237,0.0,0.0
2024-11-22 00:00:00+09:00,16147.971979182204,16244.14810770622,16013.325399248582,16119.119140625,1972050,0.0,0.0
2024-11-25 00:00:00+09:00,16205.677734375,16253.765798868693,16013.325476400221,16205.677734375,3639479,0.0,0.0
2024-11-26 00:00:00+09:00,16061.414113001729,16176.82547189755,15878.67946141668,15994.0908203125,1961300,0.0,0.0
2024-11-27 00:00:00+09:00,15984.472435735888,16167.207078503025,15974.85482295867,16099.8837890625,2137214,0.0,0.0
2024-11-28 00:00:00+09:00,16147.972230747768,16205.677908761161,15984.472809709821,16157.58984375,1682075,0.0,0.0
2024-11-29 00:00:00+09:00,16224.913057301017,16224.913057301017,15984.472733393179,16071.03125,1752714,0.0,0.0
2024-12-02 00:00:00+09:00,16224.912614076327,16426.882480641594,16176.824550608408,16301.853515625,2406710,0.0,0.0
2024-12-03 00:00:00+09:00,16436.501175281614,16638.471055141716,16417.26594862827,16542.294921875,4053157,0.0,0.0
2024-12-04 00:00:00+09:00,16369.176818555621,16398.029656661183,15744.031992935108,16080.6484375,4839734,0.0,0.0
2024-12-05 00:00:00+09:00,15936.384680046807,15936.384680046807,15417.033580033212,15474.7392578125,2850579,0.0,0.0
2024-12-06 00:00:00+09:00,15436.268460590063,15753.649681275094,15205.445754637316,15570.9150390625,2565675,0.0,0.0
2024-12-09 00:00:00+09:00,15195.828464341117,15311.239819766493,14676.477364926928,14724.5654296875,3703403,0.0,0.0
2024-12-10 00:00:00+09:00,14868.829952892243,14955.388471376093,14772.653821243523,14849.5947265625,2945711,0.0,0.0
2024-12-11 00:00:00+09:00,14859.212067763316,15061.181940529032,14849.594454774473,15032.3291015625,2881489,0.0,0.0
2024-12-12 00:00:00+09:00,15118.887521302315,15215.063650572685,15032.329004958981,15166.9755859375,3449376,0.0,0.0
2024-12-13 00:00:00+09:00,15195.828203665827,15282.38671875,15070.799237433135,15282.38671875,2366768,0.0,0.0
2024-12-16 00:00:00+09:00,15397.798651757937,15493.974783249241,15061.18219153837,15070.7998046875,2108736,0.0,0.0
2024-12-17 00:00:00+09:00,15061.181932824804,15118.887610728347,14532.21321870899,14657.2421875,3371775,0.0,0.0
2024-12-18 00:00:00+09:00,14763.035597658733,15147.740108346909,14753.417984891528,15128.5048828125,1770457,0.0,0.0
2024-12-19 00:00:00+09:00,14878.447391083964,15041.946812964008,14705.330356152153,14897.6826171875,1604639,0.0,0.0
2024-12-20 00:00:00+09:00,14791.888948922897,14984.2412109375,14714.948044117056,14984.2412109375,6347927,0.0,0.0
2024-12-23 00:00:00+09:00,15032.329226986822,15118.887744608626,14839.976965605032,15051.564453125,1556364,0.0,0.0
2024-12-24 00:00:00+09:00,15070.79975505281,15138.123046875,14984.241236995711,15138.123046875,827121,0.0,0.0
2024-12-26 00:00:00+09:00,15147.740330717488,15147.740330717488,14945.770459641255,15013.09375,1881752,0.0,0.0
2024-12-27 00:00:00+09:00,14849.593922595841,14897.681985816682,14753.417796154157,14801.505859375,1040100,0.0,0.0
2024-12-30 00:00:00+09:00,14714.94819199333,14974.623748322625,14714.94819199333,14782.271484375,1138635,0.0,0.0
2025-01-02 00:00:00+09:00,14791.888593954382,14926.535174133422,14666.859626645275,14705.330078125,1141396,0.0,0.0
2025-01-03 00:00:00+09:00,14743.80083052609,14868.82980038704,14638.007086797592,14676.4775390625,1617557,0.0,0.0
2025-01-06 00:00:00+09:00,14724.565208805898,14868.829400923525,14647.624306343163,14839.9765625,1262931,0.0,0.0
2025-01-07 00:00:00+09:00,14878.447566057115,15003.476537200453,14801.50666073814,14849.5947265625,1539096,0.0,0.0
2025-01-08 00:00:00+09:00,14763.0361328125,14878.447490202565,14705.330454117468,14763.0361328125,1579297,0.0,0.0
2025-01-09 00:00:00+09:00,14753.418345424107,14916.917766462053,14753.418345424107,14811.1240234375,1731631,0.0,0.0
2025-01-10 00:00:00+09:00,14801.506064138106,15013.093545236896,14743.8003874748,14907.2998046875,1873402,0.0,0.0
2025-01-13 00:00:00+09:00,14897.682568233853,15041.94676353631,14849.594503133034,14965.005859375,1664145,0.0,0.0
2025-01-14 00:00:00+09:00,15003.476059117269,15013.093671975677,14830.359027665914,14926.53515625,1365474,0.0,0.0
2025-01-15 00:00:00+09:00,14936.153370846136,15099.652796026036,14830.359625141495,14868.830078125,1919248,0.0,0.0
2025-01-16 00:00:00+09:00,15061.181989576638,15061.181989576638,14878.447342193525,14965.005859375,1446496,0.0,0.0
2025-01-17 00:00:00+09:00,14878.446966355847,14993.85831968246,14820.741289692542,14907.2998046875,1140057,0.0,0.0
2025-01-20 00:00:00+09:00,14907.300181254017,15061.181989576638,14878.447342193525,14965.005859375,894957,0.0,0.0
2025-01-21 00:00:00+09:00,15013.093450912125,15080.416739929668,14926.534936460997,15041.9462890625,1156488,0.0,0.0
2025-01-22 00:00:00+09:00,15138.122448575949,15301.62186511076,15099.651997626583,15195.828125,1867978,0.0,0.0
2025-01-23 00:00:00+09:00,15243.916917210303,15340.093049180083,15157.3583984375,15157.3583984375,1611139,0.0,0.0
2025-01-24 00:00:00+09:00,15215.063524305555,15243.916362847222,15090.034557291667,15147.740234375,1128567,0.0,0.0
2025-01-31 00:00:00+09:00,15330.47464212927,15532.444508807259,15166.975226247088,15484.3564453125,2647462,0.0,0.0
2025-02-03 00:00:00+09:00,15282.387217060133,15330.475282563782,14916.917919232388,14984.2412109375,2276627,0.0,0.0
2025-02-04 00:00:00+09:00,14984.240863410794,15128.505056575852,14965.005637655453,15080.4169921875,1701434,0.0,0.0
2025-02-05 00:00:00+09:00,15080.417368170267,15282.387243636833,15070.79975505281,15138.123046875,1527395,0.0,0.0
2025-02-06 00:00:00+09:00,15138.12284443978,15186.210909383997,14820.741615807941,15032.3291015625,2604337,0.0,0.0
2025-02-07 00:00:00+09:00,14907.299598460851,15003.475724902533,14772.653021442495,14801.505859375,2106335,0.0,0.0
2025-02-10 00:00:00+09:00,15205.446487847754,15955.620318367757,15205.446487847754,15686.3271484375,6554417,0.0,0.0
2025-02-11 00:00:00+09:00,15686.326251667302,15772.884765625,15590.150125047638,15772.884765625,1952372,0.0,0.0
2025-02-12 00:00:00+09:00,15965.237411906528,16301.853863362388,15926.766960311572,16205.677734375,3196830,0.0,0.0
2025-02-13 00:00:00+09:00,16253.765020542467,16715.410417575626,16244.147408104276,16532.67578125,4296481,0.0,0.0
2025-02-14 00:00:00+09:00,16349.941234420821,16532.675871746702,16244.147497021628,16398.029296875,2047740,0.0,0.0
2025-02-17 00:00:00+09:00,16484.588315911413,16503.82354148424,16349.941736901634,16474.970703125,1476631,0.0,0.0
2025-02-18 00:00:00+09:00,16474.971876812644,16676.941759715777,16446.11903639791,16580.765625,1210976,0.0,0.0
2025-02-19 00:00:00+09:00,16580.765697129256,16830.823648478072,16503.824789021928,16667.32421875,1854169,0.0,0.0
