Datetime,Open,High,Low,Close,Volume,Dividends,Stock Splits
2025-02-13 13:21:00+09:00,126100.0,126100.0,125800.0,125900.0,0,0.0,0.0
2025-02-13 13:22:00+09:00,125900.0,126000.0,125900.0,125900.0,341,0.0,0.0
2025-02-13 13:23:00+09:00,126000.0,126000.0,125600.0,125800.0,1068,0.0,0.0
2025-02-13 13:24:00+09:00,125800.0,125800.0,125400.0,125500.0,998,0.0,0.0
2025-02-13 13:25:00+09:00,125600.0,125800.0,125600.0,125800.0,819,0.0,0.0
2025-02-13 13:26:00+09:00,125800.0,125900.0,125600.0,125800.0,1454,0.0,0.0
2025-02-13 13:27:00+09:00,125700.0,125800.0,125500.0,125800.0,585,0.0,0.0
2025-02-13 13:28:00+09:00,125800.0,125900.0,125700.0,125800.0,600,0.0,0.0
2025-02-13 13:29:00+09:00,125800.0,126000.0,125700.0,126000.0,678,0.0,0.0
2025-02-13 13:30:00+09:00,126000.0,126000.0,125700.0,125900.0,475,0.0,0.0
2025-02-13 13:31:00+09:00,126000.0,126000.0,125800.0,126000.0,473,0.0,0.0
2025-02-13 13:32:00+09:00,126000.0,126200.0,126000.0,126200.0,708,0.0,0.0
2025-02-13 13:33:00+09:00,126200.0,126300.0,126000.0,126300.0,731,0.0,0.0
2025-02-13 13:34:00+09:00,126300.0,126300.0,126000.0,126200.0,626,0.0,0.0
2025-02-13 13:35:00+09:00,126200.0,126200.0,126000.0,126100.0,489,0.0,0.0
2025-02-13 13:36:00+09:00,126100.0,126200.0,125800.0,125900.0,587,0.0,0.0
2025-02-13 13:37:00+09:00,126000.0,126100.0,125700.0,125800.0,801,0.0,0.0
2025-02-13 13:38:00+09:00,125900.0,126000.0,125600.0,126000.0,616,0.0,0.0
2025-02-13 13:39:00+09:00,126000.0,126300.0,125700.0,126300.0,1556,0.0,0.0
2025-02-13 13:40:00+09:00,126300.0,126300.0,126000.0,126100.0,935,0.0,0.0
2025-02-13 13:41:00+09:00,126200.0,126200.0,126000.0,126200.0,443,0.0,0.0
2025-02-13 13:42:00+09:00,126200.0,126200.0,126100.0,126200.0,383,0.0,0.0
2025-02-13 13:43:00+09:00,126100.0,126300.0,126100.0,126300.0,799,0.0,0.0
2025-02-13 13:44:00+09:00,126300.0,126300.0,126000.0,126200.0,555,0.0,0.0
2025-02-13 13:45:00+09:00,126200.0,126300.0,126100.0,126300.0,442,0.0,0.0
2025-02-13 13:46:00+09:00,126300.0,126400.0,126100.0,126400.0,752,0.0,0.0
2025-02-13 13:47:00+09:00,126400.0,126500.0,126300.0,126500.0,1638,0.0,0.0
2025-02-13 13:48:00+09:00,126500.0,126500.0,126300.0,126500.0,571,0.0,0.0
2025-02-13 13:49:00+09:00,126500.0,126500.0,126300.0,126500.0,569,0.0,0.0
2025-02-13 13:50:00+09:00,126500.0,126500.0,126400.0,126500.0,507,0.0,0.0
2025-02-13 13:51:00+09:00,126500.0,126600.0,126400.0,126400.0,1131,0.0,0.0
2025-02-13 13:52:00+09:00,126500.0,126600.0,126400.0,126500.0,900,0.0,0.0
2025-02-13 13:53:00+09:00,126500.0,126600.0,126400.0,126600.0,436,0.0,0.0
2025-02-13 13:54:00+09:00,126600.0,126600.0,126400.0,126600.0,576,0.0,0.0
2025-02-13 13:55:00+09:00,126600.0,126700.0,126500.0,126700.0,550,0.0,0.0
2025-02-13 13:56:00+09:00,126600.0,126700.0,126000.0,126000.0,2384,0.0,0.0
2025-02-13 13:57:00+09:00,126100.0,126200.0,126000.0,126200.0,774,0.0,0.0
2025-02-13 13:58:00+09:00,126200.0,126200.0,126000.0,126100.0,634,0.0,0.0
2025-02-13 13:59:00+09:00,126100.0,126100.0,125600.0,125900.0,1074,0.0,0.0
2025-02-13 14:00:00+09:00,125900.0,126000.0,125700.0,125900.0,802,0.0,0.0
2025-02-13 14:01:00+09:00,126000.0,126100.0,125900.0,126000.0,1175,0.0,0.0
2025-02-13 14:02:00+09:00,126000.0,126000.0,125800.0,126000.0,660,0.0,0.0
2025-02-13 14:03:00+09:00,126000.0,126200.0,125900.0,126100.0,1211,0.0,0.0
2025-02-13 14:04:00+09:00,126100.0,126100.0,125900.0,126100.0,704,0.0,0.0
2025-02-13 14:05:00+09:00,126100.0,126100.0,125800.0,126000.0,782,0.0,0.0
2025-02-13 14:06:00+09:00,126100.0,126100.0,125900.0,126000.0,488,0.0,0.0
2025-02-13 14:07:00+09:00,126000.0,126000.0,125700.0,126000.0,1001,0.0,0.0
2025-02-13 14:08:00+09:00,126000.0,126000.0,125700.0,126000.0,416,0.0,0.0
2025-02-13 14:09:00+09:00,126000.0,126100.0,125900.0,126000.0,501,0.0,0.0
2025-02-13 14:10:00+09:00,125900.0,126200.0,125900.0,126100.0,770,0.0,0.0
2025-02-13 14:11:00+09:00,126100.0,126200.0,126000.0,126100.0,436,0.0,0.0
2025-02-13 14:12:00+09:00,126100.0,126100.0,125900.0,126100.0,430,0.0,0.0
2025-02-13 14:13:00+09:00,126000.0,126100.0,125900.0,126100.0,1326,0.0,0.0
2025-02-13 14:14:00+09:00,126100.0,126100.0,126000.0,126000.0,539,0.0,0.0
2025-02-13 14:15:00+09:00,126100.0,126200.0,125900.0,126100.0,640,0.0,0.0
2025-02-13 14:16:00+09:00,126100.0,126200.0,125800.0,126200.0,632,0.0,0.0
2025-02-13 14:17:00+09:00,126100.0,126300.0,126100.0,126300.0,543,0.0,0.0
2025-02-13 14:18:00+09:00,126300.0,126500.0,126000.0,126000.0,935,0.0,0.0
2025-02-13 14:19:00+09:00,126200.0,126400.0,126200.0,126400.0,540,0.0,0.0
2025-02-13 14:20:00+09:00,126400.0,126500.0,126200.0,126500.0,711,0.0,0.0
2025-02-13 14:21:00+09:00,126500.0,126500.0,126200.0,126300.0,719,0.0,0.0
2025-02-13 14:22:00+09:00,126300.0,126500.0,126200.0,126400.0,629,0.0,0.0
2025-02-13 14:23:00+09:00,126400.0,126400.0,126200.0,126400.0,773,0.0,0.0
2025-02-13 14:24:00+09:00,126400.0,126400.0,126200.0,126400.0,558,0.0,0.0
2025-02-13 14:25:00+09:00,126400.0,126400.0,126200.0,126400.0,657,0.0,0.0
2025-02-13 14:26:00+09:00,126400.0,126500.0,126200.0,126400.0,774,0.0,0.0
2025-02-13 14:27:00+09:00,126400.0,126500.0,126300.0,126400.0,569,0.0,0.0
2025-02-13 14:28:00+09:00,126400.0,126400.0,126200.0,126400.0,571,0.0,0.0
2025-02-13 14:29:00+09:00,126400.0,126400.0,126200.0,126300.0,1121,0.0,0.0
2025-02-13 14:30:00+09:00,126200.0,126700.0,126100.0,126600.0,3367,0.0,0.0
2025-02-13 14:31:00+09:00,126700.0,126800.0,126500.0,126800.0,2898,0.0,0.0
2025-02-13 14:32:00+09:00,126800.0,126800.0,126600.0,126700.0,1451,0.0,0.0
2025-02-13 14:33:00+09:00,126800.0,127200.0,126700.0,127100.0,14686,0.0,0.0
2025-02-13 14:34:00+09:00,127200.0,127300.0,126900.0,127100.0,3915,0.0,0.0
2025-02-13 14:35:00+09:00,127100.0,127100.0,127000.0,127000.0,1368,0.0,0.0
2025-02-13 14:36:00+09:00,127000.0,127100.0,126900.0,127000.0,1189,0.0,0.0
2025-02-13 14:37:00+09:00,127000.0,127100.0,126800.0,126800.0,1718,0.0,0.0
2025-02-13 14:38:00+09:00,126900.0,126900.0,126800.0,126800.0,1340,0.0,0.0
2025-02-13 14:39:00+09:00,126900.0,126900.0,126500.0,126700.0,2923,0.0,0.0
2025-02-13 14:40:00+09:00,126700.0,126700.0,126400.0,126700.0,696,0.0,0.0
2025-02-13 14:41:00+09:00,126800.0,126800.0,126600.0,126800.0,378,0.0,0.0
2025-02-13 14:42:00+09:00,126800.0,126900.0,126500.0,126700.0,648,0.0,0.0
2025-02-13 14:43:00+09:00,126700.0,126700.0,126500.0,126600.0,591,0.0,0.0
2025-02-13 14:44:00+09:00,126600.0,126700.0,126400.0,126600.0,793,0.0,0.0
2025-02-13 14:45:00+09:00,126600.0,126700.0,126500.0,126600.0,674,0.0,0.0
2025-02-13 14:46:00+09:00,126600.0,126600.0,126200.0,126400.0,1372,0.0,0.0
2025-02-13 14:47:00+09:00,126400.0,126500.0,126200.0,126400.0,718,0.0,0.0
2025-02-13 14:48:00+09:00,126400.0,126500.0,126300.0,126500.0,703,0.0,0.0
2025-02-13 14:49:00+09:00,126500.0,126600.0,126400.0,126600.0,752,0.0,0.0
2025-02-13 14:50:00+09:00,126600.0,126800.0,126500.0,126600.0,949,0.0,0.0
2025-02-13 14:51:00+09:00,126600.0,126700.0,126500.0,126700.0,557,0.0,0.0
2025-02-13 14:52:00+09:00,126700.0,126800.0,126500.0,126500.0,1614,0.0,0.0
2025-02-13 14:53:00+09:00,126600.0,126600.0,126500.0,126600.0,712,0.0,0.0
2025-02-13 14:54:00+09:00,126600.0,126600.0,126500.0,126600.0,608,0.0,0.0
2025-02-13 14:55:00+09:00,126600.0,126600.0,126200.0,126500.0,1700,0.0,0.0
2025-02-13 14:56:00+09:00,126500.0,126500.0,126000.0,126100.0,1171,0.0,0.0
2025-02-13 14:57:00+09:00,126100.0,126200.0,126000.0,126100.0,676,0.0,0.0
2025-02-13 14:58:00+09:00,126000.0,126100.0,125900.0,126000.0,1427,0.0,0.0
2025-02-13 14:59:00+09:00,126000.0,126100.0,125800.0,126000.0,1072,0.0,0.0
2025-02-14 09:00:00+09:00,126100.0,127700.0,125900.0,127400.0,9858,0.0,0.0
2025-02-14 09:01:00+09:00,127000.0,128300.0,126900.0,127900.0,13243,0.0,0.0
2025-02-14 09:02:00+09:00,127900.0,128800.0,127600.0,128700.0,9042,0.0,0.0
2025-02-14 09:03:00+09:00,128500.0,129800.0,128200.0,129800.0,15471,0.0,0.0
2025-02-14 09:04:00+09:00,129700.0,129800.0,128900.0,129400.0,11686,0.0,0.0
2025-02-14 09:05:00+09:00,129400.0,129600.0,129000.0,129300.0,6071,0.0,0.0
2025-02-14 09:06:00+09:00,129300.0,129300.0,127700.0,128100.0,8554,0.0,0.0
2025-02-14 09:07:00+09:00,128100.0,128300.0,127300.0,128000.0,4574,0.0,0.0
2025-02-14 09:08:00+09:00,128000.0,128500.0,127600.0,128400.0,4694,0.0,0.0
2025-02-14 09:09:00+09:00,128500.0,129000.0,128200.0,128500.0,6101,0.0,0.0
2025-02-14 09:10:00+09:00,128500.0,128700.0,128200.0,128300.0,2285,0.0,0.0
2025-02-14 09:11:00+09:00,128300.0,128500.0,128200.0,128300.0,2103,0.0,0.0
2025-02-14 09:12:00+09:00,128400.0,128800.0,128100.0,128800.0,3961,0.0,0.0
2025-02-14 09:13:00+09:00,128800.0,128800.0,128100.0,128200.0,3265,0.0,0.0
2025-02-14 09:14:00+09:00,128200.0,128300.0,127500.0,127500.0,4609,0.0,0.0
2025-02-14 09:15:00+09:00,127600.0,128100.0,127500.0,128100.0,2224,0.0,0.0
2025-02-14 09:16:00+09:00,128100.0,128300.0,126500.0,126700.0,12980,0.0,0.0
2025-02-14 09:17:00+09:00,126700.0,127800.0,126600.0,127300.0,1344,0.0,0.0
2025-02-14 09:18:00+09:00,127300.0,127400.0,127100.0,127200.0,1678,0.0,0.0
2025-02-14 09:19:00+09:00,127200.0,127300.0,126800.0,126900.0,3477,0.0,0.0
2025-02-14 09:20:00+09:00,126900.0,127100.0,126700.0,126800.0,1861,0.0,0.0
2025-02-14 09:21:00+09:00,126800.0,127000.0,126700.0,126900.0,937,0.0,0.0
2025-02-14 09:22:00+09:00,126900.0,127000.0,126700.0,126800.0,3546,0.0,0.0
2025-02-14 09:23:00+09:00,126900.0,126900.0,126100.0,126300.0,5295,0.0,0.0
2025-02-14 09:24:00+09:00,126300.0,126600.0,126200.0,126500.0,476,0.0,0.0
2025-02-14 09:25:00+09:00,126500.0,126600.0,126300.0,126600.0,497,0.0,0.0
2025-02-14 09:26:00+09:00,126600.0,126600.0,126200.0,126200.0,1982,0.0,0.0
2025-02-14 09:27:00+09:00,126200.0,126200.0,125400.0,125500.0,8431,0.0,0.0
2025-02-14 09:28:00+09:00,125500.0,126000.0,125400.0,125900.0,1556,0.0,0.0
2025-02-14 09:29:00+09:00,125900.0,126100.0,125800.0,125900.0,732,0.0,0.0
2025-02-14 09:30:00+09:00,126000.0,126000.0,125300.0,125300.0,3335,0.0,0.0
2025-02-14 09:31:00+09:00,125300.0,125700.0,125300.0,125700.0,1681,0.0,0.0
2025-02-14 09:32:00+09:00,125700.0,126200.0,125600.0,126100.0,608,0.0,0.0
2025-02-14 09:33:00+09:00,126200.0,126200.0,125800.0,125800.0,922,0.0,0.0
2025-02-14 09:34:00+09:00,125800.0,126000.0,125800.0,125900.0,756,0.0,0.0
2025-02-14 09:35:00+09:00,125900.0,126400.0,125800.0,126300.0,1300,0.0,0.0
2025-02-14 09:36:00+09:00,126300.0,126400.0,126200.0,126400.0,576,0.0,0.0
2025-02-14 09:37:00+09:00,126400.0,126500.0,126300.0,126300.0,1101,0.0,0.0
2025-02-14 09:38:00+09:00,126200.0,126300.0,126000.0,126200.0,694,0.0,0.0
2025-02-14 09:39:00+09:00,126200.0,126300.0,126100.0,126300.0,396,0.0,0.0
2025-02-14 09:40:00+09:00,126200.0,126500.0,126200.0,126500.0,810,0.0,0.0
2025-02-14 09:41:00+09:00,126500.0,126600.0,126400.0,126600.0,759,0.0,0.0
2025-02-14 09:42:00+09:00,126600.0,126700.0,126400.0,126600.0,1347,0.0,0.0
2025-02-14 09:43:00+09:00,126600.0,126700.0,126600.0,126700.0,322,0.0,0.0
2025-02-14 09:44:00+09:00,126600.0,126700.0,126300.0,126500.0,918,0.0,0.0
2025-02-14 09:45:00+09:00,126500.0,126600.0,126000.0,126100.0,2307,0.0,0.0
2025-02-14 09:46:00+09:00,126100.0,126200.0,125900.0,125900.0,1268,0.0,0.0
2025-02-14 09:47:00+09:00,125800.0,125900.0,125600.0,125800.0,1111,0.0,0.0
2025-02-14 09:48:00+09:00,125700.0,125900.0,125000.0,125800.0,4534,0.0,0.0
2025-02-14 09:49:00+09:00,125800.0,125900.0,125600.0,125800.0,1280,0.0,0.0
2025-02-14 09:50:00+09:00,125800.0,125900.0,125600.0,125800.0,334,0.0,0.0
2025-02-14 09:51:00+09:00,125800.0,125800.0,125700.0,125800.0,489,0.0,0.0
2025-02-14 09:52:00+09:00,125700.0,126000.0,125700.0,126000.0,716,0.0,0.0
2025-02-14 09:53:00+09:00,126000.0,126000.0,125800.0,126000.0,612,0.0,0.0
2025-02-14 09:54:00+09:00,125900.0,126000.0,125800.0,125800.0,622,0.0,0.0
2025-02-14 09:55:00+09:00,125800.0,125800.0,125300.0,125800.0,1395,0.0,0.0
2025-02-14 09:56:00+09:00,125600.0,125800.0,125500.0,125800.0,959,0.0,0.0
2025-02-14 09:57:00+09:00,125800.0,125900.0,125600.0,125700.0,298,0.0,0.0
2025-02-14 09:58:00+09:00,125700.0,125800.0,125700.0,125700.0,318,0.0,0.0
2025-02-14 09:59:00+09:00,125700.0,125900.0,125500.0,125800.0,500,0.0,0.0
2025-02-14 10:00:00+09:00,125900.0,125900.0,125400.0,125500.0,817,0.0,0.0
2025-02-14 10:01:00+09:00,125400.0,125700.0,125300.0,125400.0,1447,0.0,0.0
2025-02-14 10:02:00+09:00,125400.0,125600.0,125000.0,125400.0,2472,0.0,0.0
2025-02-14 10:03:00+09:00,125500.0,125500.0,125200.0,125400.0,1674,0.0,0.0
2025-02-14 10:04:00+09:00,125400.0,125500.0,125300.0,125300.0,301,0.0,0.0
2025-02-14 10:05:00+09:00,125300.0,125500.0,125300.0,125400.0,287,0.0,0.0
2025-02-14 10:06:00+09:00,125400.0,125500.0,125100.0,125500.0,2296,0.0,0.0
2025-02-14 10:07:00+09:00,125400.0,125500.0,125000.0,125300.0,209,0.0,0.0
2025-02-14 10:08:00+09:00,125200.0,125400.0,125100.0,125400.0,575,0.0,0.0
2025-02-14 10:09:00+09:00,125400.0,125400.0,125100.0,125400.0,226,0.0,0.0
2025-02-14 10:10:00+09:00,125300.0,125800.0,125300.0,125600.0,1109,0.0,0.0
2025-02-14 10:11:00+09:00,125600.0,125700.0,125500.0,125500.0,424,0.0,0.0
2025-02-14 10:12:00+09:00,125600.0,125700.0,125100.0,125400.0,422,0.0,0.0
2025-02-14 10:13:00+09:00,125500.0,125500.0,125300.0,125400.0,211,0.0,0.0
2025-02-14 10:14:00+09:00,125300.0,125600.0,125300.0,125500.0,1540,0.0,0.0
2025-02-14 10:15:00+09:00,125500.0,125600.0,125100.0,125600.0,454,0.0,0.0
2025-02-14 10:16:00+09:00,125600.0,125700.0,125400.0,125700.0,165,0.0,0.0
2025-02-14 10:17:00+09:00,125700.0,126100.0,125600.0,126100.0,1496,0.0,0.0
2025-02-14 10:18:00+09:00,126100.0,126100.0,125900.0,125900.0,776,0.0,0.0
2025-02-14 10:19:00+09:00,125900.0,125900.0,125400.0,125600.0,1646,0.0,0.0
2025-02-14 10:20:00+09:00,125600.0,125700.0,125400.0,125700.0,1128,0.0,0.0
2025-02-14 10:21:00+09:00,125700.0,125700.0,125400.0,125600.0,326,0.0,0.0
2025-02-14 10:22:00+09:00,125500.0,125600.0,125000.0,125100.0,1702,0.0,0.0
2025-02-14 10:23:00+09:00,125200.0,125400.0,125100.0,125300.0,688,0.0,0.0
2025-02-14 10:24:00+09:00,125300.0,125300.0,125100.0,125200.0,515,0.0,0.0
2025-02-14 10:25:00+09:00,125200.0,125500.0,125200.0,125400.0,422,0.0,0.0
2025-02-14 10:26:00+09:00,125300.0,125400.0,125300.0,125400.0,431,0.0,0.0
2025-02-14 10:27:00+09:00,125300.0,125500.0,125300.0,125500.0,819,0.0,0.0
2025-02-14 10:28:00+09:00,125400.0,125700.0,125400.0,125600.0,741,0.0,0.0
2025-02-14 10:29:00+09:00,125600.0,125800.0,125600.0,125800.0,349,0.0,0.0
2025-02-14 10:30:00+09:00,125800.0,125800.0,125400.0,125800.0,663,0.0,0.0
2025-02-14 10:31:00+09:00,125800.0,125900.0,125700.0,125700.0,957,0.0,0.0
2025-02-14 10:32:00+09:00,125700.0,125700.0,125500.0,125600.0,367,0.0,0.0
2025-02-14 10:33:00+09:00,125700.0,125700.0,125400.0,125500.0,356,0.0,0.0
2025-02-14 10:34:00+09:00,125400.0,125500.0,125400.0,125500.0,136,0.0,0.0
2025-02-14 10:35:00+09:00,125500.0,125500.0,125200.0,125300.0,529,0.0,0.0
2025-02-14 10:36:00+09:00,125300.0,125400.0,125200.0,125400.0,227,0.0,0.0
2025-02-14 10:37:00+09:00,125400.0,125500.0,125400.0,125400.0,259,0.0,0.0
2025-02-14 10:38:00+09:00,125400.0,125400.0,125300.0,125300.0,462,0.0,0.0
2025-02-14 10:39:00+09:00,125300.0,125400.0,125200.0,125200.0,527,0.0,0.0
2025-02-14 10:40:00+09:00,125300.0,125300.0,125200.0,125300.0,221,0.0,0.0
2025-02-14 10:41:00+09:00,125200.0,125400.0,125200.0,125300.0,382,0.0,0.0
2025-02-14 10:42:00+09:00,125300.0,125500.0,125200.0,125500.0,238,0.0,0.0
2025-02-14 10:43:00+09:00,125500.0,125500.0,125400.0,125400.0,146,0.0,0.0
2025-02-14 10:44:00+09:00,125500.0,125700.0,125400.0,125700.0,432,0.0,0.0
2025-02-14 10:45:00+09:00,125700.0,125900.0,125700.0,125700.0,562,0.0,0.0
2025-02-14 10:46:00+09:00,125700.0,125800.0,125600.0,125700.0,576,0.0,0.0
2025-02-14 10:47:00+09:00,125700.0,126000.0,125700.0,125900.0,695,0.0,0.0
2025-02-14 10:48:00+09:00,125800.0,125800.0,125600.0,125800.0,631,0.0,0.0
2025-02-14 10:49:00+09:00,125900.0,125900.0,125400.0,125500.0,496,0.0,0.0
2025-02-14 10:50:00+09:00,125500.0,125500.0,125300.0,125400.0,618,0.0,0.0
2025-02-14 10:51:00+09:00,125500.0,125500.0,125300.0,125300.0,893,0.0,0.0
2025-02-14 10:52:00+09:00,125400.0,125400.0,125200.0,125200.0,332,0.0,0.0
2025-02-14 10:53:00+09:00,125200.0,125300.0,125200.0,125200.0,366,0.0,0.0
2025-02-14 10:54:00+09:00,125300.0,125300.0,125200.0,125300.0,90,0.0,0.0
2025-02-14 10:55:00+09:00,125300.0,125400.0,125200.0,125200.0,269,0.0,0.0
2025-02-14 10:56:00+09:00,125200.0,125300.0,125200.0,125200.0,556,0.0,0.0
2025-02-14 10:57:00+09:00,125100.0,125200.0,125000.0,125000.0,1875,0.0,0.0
2025-02-14 10:58:00+09:00,125100.0,125100.0,125000.0,125100.0,439,0.0,0.0
2025-02-14 10:59:00+09:00,125100.0,125100.0,124900.0,125000.0,3029,0.0,0.0
2025-02-14 11:00:00+09:00,124900.0,125000.0,124700.0,124700.0,1211,0.0,0.0
2025-02-14 11:01:00+09:00,124700.0,124900.0,124500.0,124900.0,1948,0.0,0.0
2025-02-14 11:02:00+09:00,124800.0,124800.0,124600.0,124600.0,198,0.0,0.0
2025-02-14 11:03:00+09:00,124700.0,124800.0,124600.0,124600.0,460,0.0,0.0
2025-02-14 11:04:00+09:00,124600.0,125000.0,124600.0,125000.0,857,0.0,0.0
2025-02-14 11:05:00+09:00,125000.0,125000.0,124600.0,124600.0,342,0.0,0.0
2025-02-14 11:06:00+09:00,124700.0,125000.0,124600.0,125000.0,255,0.0,0.0
2025-02-14 11:07:00+09:00,125000.0,125000.0,124900.0,124900.0,761,0.0,0.0
2025-02-14 11:08:00+09:00,124900.0,125000.0,124900.0,124900.0,939,0.0,0.0
2025-02-14 11:09:00+09:00,124900.0,125000.0,124900.0,125000.0,2768,0.0,0.0
2025-02-14 11:10:00+09:00,125000.0,125000.0,124900.0,125000.0,123,0.0,0.0
2025-02-14 11:11:00+09:00,125000.0,125000.0,124900.0,124900.0,666,0.0,0.0
2025-02-14 11:12:00+09:00,124900.0,125000.0,124800.0,124800.0,799,0.0,0.0
2025-02-14 11:13:00+09:00,124800.0,124900.0,124700.0,124900.0,120,0.0,0.0
2025-02-14 11:14:00+09:00,124900.0,124900.0,124700.0,124800.0,635,0.0,0.0
2025-02-14 11:15:00+09:00,124900.0,125300.0,124800.0,125100.0,4764,0.0,0.0
2025-02-14 11:16:00+09:00,125100.0,125200.0,124900.0,124900.0,754,0.0,0.0
2025-02-14 11:17:00+09:00,124900.0,125000.0,124800.0,124900.0,261,0.0,0.0
2025-02-14 11:18:00+09:00,125000.0,125200.0,124900.0,124900.0,479,0.0,0.0
2025-02-14 11:19:00+09:00,125000.0,125200.0,125000.0,125100.0,425,0.0,0.0
2025-02-14 11:20:00+09:00,125200.0,125200.0,124900.0,125000.0,150,0.0,0.0
2025-02-14 11:21:00+09:00,125000.0,125100.0,124900.0,124900.0,396,0.0,0.0
2025-02-14 11:22:00+09:00,124900.0,125100.0,124800.0,124800.0,385,0.0,0.0
2025-02-14 11:23:00+09:00,124900.0,125000.0,124900.0,124900.0,233,0.0,0.0
2025-02-14 11:24:00+09:00,125000.0,125100.0,124900.0,125000.0,100,0.0,0.0
2025-02-14 11:25:00+09:00,125000.0,125200.0,125000.0,125100.0,466,0.0,0.0
2025-02-14 11:26:00+09:00,125100.0,125200.0,125100.0,125200.0,440,0.0,0.0
2025-02-14 11:27:00+09:00,125100.0,125200.0,125100.0,125200.0,156,0.0,0.0
2025-02-14 11:28:00+09:00,125200.0,125300.0,125100.0,125300.0,562,0.0,0.0
2025-02-14 11:29:00+09:00,125200.0,125300.0,125200.0,125300.0,163,0.0,0.0
2025-02-14 11:30:00+09:00,125300.0,125300.0,125200.0,125300.0,182,0.0,0.0
2025-02-14 11:31:00+09:00,125300.0,125300.0,125100.0,125300.0,517,0.0,0.0
2025-02-14 11:32:00+09:00,125200.0,125300.0,125100.0,125200.0,200,0.0,0.0
2025-02-14 11:33:00+09:00,125100.0,125300.0,125100.0,125300.0,171,0.0,0.0
2025-02-14 11:34:00+09:00,125300.0,125300.0,125100.0,125300.0,448,0.0,0.0
2025-02-14 11:35:00+09:00,125300.0,125300.0,125100.0,125100.0,348,0.0,0.0
2025-02-14 11:36:00+09:00,125200.0,125200.0,125000.0,125000.0,552,0.0,0.0
2025-02-14 11:37:00+09:00,125100.0,125200.0,125000.0,125100.0,250,0.0,0.0
2025-02-14 11:38:00+09:00,125100.0,125100.0,125000.0,125000.0,222,0.0,0.0
2025-02-14 11:39:00+09:00,125100.0,125100.0,125000.0,125100.0,216,0.0,0.0
2025-02-14 11:40:00+09:00,125100.0,125100.0,124900.0,125100.0,334,0.0,0.0
2025-02-14 11:41:00+09:00,125100.0,125200.0,125000.0,125000.0,402,0.0,0.0
2025-02-14 11:42:00+09:00,125100.0,125100.0,125000.0,125100.0,50,0.0,0.0
2025-02-14 11:43:00+09:00,125100.0,125100.0,124900.0,125100.0,234,0.0,0.0
2025-02-14 11:44:00+09:00,125000.0,125100.0,125000.0,125100.0,120,0.0,0.0
2025-02-14 11:45:00+09:00,125100.0,125100.0,124900.0,125000.0,405,0.0,0.0
2025-02-14 11:46:00+09:00,125000.0,125000.0,124900.0,125000.0,222,0.0,0.0
2025-02-14 11:47:00+09:00,125000.0,125000.0,124800.0,125000.0,347,0.0,0.0
2025-02-14 11:48:00+09:00,125000.0,125100.0,124800.0,125100.0,914,0.0,0.0
2025-02-14 11:49:00+09:00,124800.0,125100.0,124800.0,125100.0,138,0.0,0.0
2025-02-14 11:50:00+09:00,125100.0,125100.0,124900.0,125100.0,234,0.0,0.0
2025-02-14 11:51:00+09:00,125000.0,125100.0,124900.0,125000.0,204,0.0,0.0
2025-02-14 11:52:00+09:00,125000.0,125000.0,124900.0,125000.0,136,0.0,0.0
2025-02-14 11:53:00+09:00,125000.0,125200.0,125000.0,125100.0,659,0.0,0.0
2025-02-14 11:54:00+09:00,125100.0,125200.0,125100.0,125100.0,99,0.0,0.0
2025-02-14 11:55:00+09:00,125200.0,125300.0,125200.0,125200.0,418,0.0,0.0
2025-02-14 11:56:00+09:00,125200.0,125400.0,125200.0,125400.0,464,0.0,0.0
2025-02-14 11:57:00+09:00,125400.0,125400.0,125300.0,125400.0,398,0.0,0.0
2025-02-14 11:58:00+09:00,125400.0,125400.0,125200.0,125200.0,138,0.0,0.0
2025-02-14 11:59:00+09:00,125200.0,125400.0,125200.0,125400.0,407,0.0,0.0
2025-02-14 12:00:00+09:00,125400.0,125400.0,125200.0,125300.0,262,0.0,0.0
2025-02-14 12:01:00+09:00,125200.0,125300.0,125200.0,125200.0,138,0.0,0.0
2025-02-14 12:02:00+09:00,125300.0,125300.0,125200.0,125300.0,101,0.0,0.0
2025-02-14 12:03:00+09:00,125200.0,125400.0,125200.0,125300.0,597,0.0,0.0
2025-02-14 12:04:00+09:00,125400.0,125400.0,125200.0,125400.0,219,0.0,0.0
2025-02-14 12:05:00+09:00,125400.0,125500.0,125300.0,125500.0,631,0.0,0.0
2025-02-14 12:06:00+09:00,125500.0,125600.0,125400.0,125400.0,506,0.0,0.0
2025-02-14 12:07:00+09:00,125300.0,125500.0,125300.0,125300.0,344,0.0,0.0
2025-02-14 12:08:00+09:00,125500.0,125500.0,125200.0,125200.0,484,0.0,0.0
2025-02-14 12:09:00+09:00,125300.0,125300.0,125200.0,125300.0,198,0.0,0.0
2025-02-14 12:10:00+09:00,125300.0,125300.0,125100.0,125200.0,271,0.0,0.0
2025-02-14 12:11:00+09:00,125200.0,125300.0,125200.0,125300.0,178,0.0,0.0
2025-02-14 12:12:00+09:00,125300.0,125400.0,125200.0,125400.0,228,0.0,0.0
2025-02-14 12:13:00+09:00,125400.0,125500.0,125300.0,125500.0,494,0.0,0.0
2025-02-14 12:14:00+09:00,125400.0,125500.0,125300.0,125400.0,138,0.0,0.0
2025-02-14 12:15:00+09:00,125400.0,125500.0,125300.0,125400.0,166,0.0,0.0
2025-02-14 12:16:00+09:00,125500.0,125600.0,125400.0,125600.0,700,0.0,0.0
2025-02-14 12:17:00+09:00,125600.0,125700.0,125500.0,125600.0,292,0.0,0.0
2025-02-14 12:18:00+09:00,125600.0,125700.0,125600.0,125700.0,385,0.0,0.0
2025-02-14 12:19:00+09:00,125700.0,125700.0,125600.0,125700.0,359,0.0,0.0
2025-02-14 12:20:00+09:00,125700.0,125700.0,125600.0,125700.0,331,0.0,0.0
2025-02-14 12:21:00+09:00,125700.0,125700.0,125600.0,125600.0,174,0.0,0.0
2025-02-14 12:22:00+09:00,125600.0,125700.0,125500.0,125500.0,714,0.0,0.0
2025-02-14 12:23:00+09:00,125500.0,125500.0,125400.0,125400.0,210,0.0,0.0
2025-02-14 12:24:00+09:00,125500.0,125700.0,125400.0,125500.0,254,0.0,0.0
2025-02-14 12:25:00+09:00,125500.0,125700.0,125500.0,125700.0,264,0.0,0.0
2025-02-14 12:26:00+09:00,125500.0,125700.0,125500.0,125700.0,180,0.0,0.0
2025-02-14 12:27:00+09:00,125600.0,125700.0,125500.0,125600.0,332,0.0,0.0
2025-02-14 12:28:00+09:00,125600.0,125700.0,125500.0,125600.0,243,0.0,0.0
2025-02-14 12:29:00+09:00,125600.0,125600.0,125500.0,125600.0,195,0.0,0.0
2025-02-14 12:30:00+09:00,125600.0,125700.0,125500.0,125500.0,199,0.0,0.0
2025-02-14 12:31:00+09:00,125500.0,125700.0,125500.0,125700.0,162,0.0,0.0
2025-02-14 12:32:00+09:00,125700.0,125700.0,125500.0,125700.0,532,0.0,0.0
2025-02-14 12:33:00+09:00,125700.0,125800.0,125700.0,125700.0,767,0.0,0.0
2025-02-14 12:34:00+09:00,125800.0,125800.0,125700.0,125800.0,0,0.0,0.0
2025-02-14 12:35:00+09:00,125800.0,125900.0,125700.0,125800.0,921,0.0,0.0
2025-02-14 12:36:00+09:00,125800.0,125900.0,125600.0,125700.0,1462,0.0,0.0
2025-02-14 12:37:00+09:00,125600.0,125700.0,125600.0,125700.0,102,0.0,0.0
2025-02-14 12:38:00+09:00,125700.0,125900.0,125600.0,125900.0,772,0.0,0.0
2025-02-14 12:39:00+09:00,125900.0,125900.0,125800.0,125800.0,433,0.0,0.0
2025-02-14 12:40:00+09:00,125900.0,126000.0,125700.0,125700.0,1694,0.0,0.0
2025-02-14 12:41:00+09:00,125800.0,125800.0,125700.0,125800.0,140,0.0,0.0
2025-02-14 12:42:00+09:00,125800.0,125900.0,125700.0,125800.0,1352,0.0,0.0
2025-02-14 12:43:00+09:00,125800.0,125800.0,125700.0,125800.0,216,0.0,0.0
2025-02-14 12:44:00+09:00,125700.0,125900.0,125700.0,125800.0,346,0.0,0.0
2025-02-14 12:45:00+09:00,125700.0,125800.0,125600.0,125700.0,809,0.0,0.0
2025-02-14 12:46:00+09:00,125700.0,125800.0,125600.0,125800.0,405,0.0,0.0
2025-02-14 12:47:00+09:00,125800.0,125800.0,125600.0,125800.0,739,0.0,0.0
2025-02-14 12:48:00+09:00,125700.0,125800.0,125600.0,125600.0,389,0.0,0.0
2025-02-14 12:49:00+09:00,125700.0,125700.0,125600.0,125700.0,610,0.0,0.0
2025-02-14 12:50:00+09:00,125600.0,125700.0,125600.0,125600.0,488,0.0,0.0
2025-02-14 12:51:00+09:00,125700.0,125800.0,125600.0,125800.0,474,0.0,0.0
2025-02-14 12:52:00+09:00,125800.0,125800.0,125600.0,125800.0,1015,0.0,0.0
2025-02-14 12:53:00+09:00,125800.0,125800.0,125600.0,125700.0,377,0.0,0.0
2025-02-14 12:54:00+09:00,125700.0,125900.0,125600.0,125900.0,657,0.0,0.0
2025-02-14 12:55:00+09:00,125800.0,125900.0,125800.0,125900.0,222,0.0,0.0
2025-02-14 12:56:00+09:00,125900.0,126000.0,125800.0,126000.0,1287,0.0,0.0
2025-02-14 12:57:00+09:00,125900.0,126100.0,125900.0,126000.0,1231,0.0,0.0
2025-02-14 12:58:00+09:00,126100.0,126100.0,126000.0,126100.0,580,0.0,0.0
2025-02-14 12:59:00+09:00,126100.0,126100.0,125900.0,126000.0,454,0.0,0.0
2025-02-14 13:00:00+09:00,126000.0,126100.0,125900.0,126100.0,116,0.0,0.0
2025-02-14 13:01:00+09:00,126000.0,126100.0,126000.0,126100.0,322,0.0,0.0
2025-02-14 13:02:00+09:00,126100.0,126100.0,126000.0,126100.0,319,0.0,0.0
2025-02-14 13:03:00+09:00,126000.0,126200.0,126000.0,126100.0,871,0.0,0.0
2025-02-14 13:04:00+09:00,126000.0,126000.0,125600.0,125800.0,1132,0.0,0.0
2025-02-14 13:05:00+09:00,125800.0,125800.0,125700.0,125700.0,295,0.0,0.0
2025-02-14 13:06:00+09:00,125700.0,126000.0,125500.0,125700.0,415,0.0,0.0
2025-02-14 13:07:00+09:00,125700.0,125900.0,125600.0,125900.0,312,0.0,0.0
2025-02-14 13:08:00+09:00,125900.0,126000.0,125700.0,125800.0,186,0.0,0.0
2025-02-14 13:09:00+09:00,125800.0,126000.0,125700.0,125800.0,292,0.0,0.0
2025-02-14 13:10:00+09:00,125800.0,125900.0,125700.0,125800.0,225,0.0,0.0
2025-02-14 13:11:00+09:00,125700.0,125800.0,125700.0,125800.0,462,0.0,0.0
2025-02-14 13:12:00+09:00,125800.0,125800.0,125700.0,125700.0,290,0.0,0.0
2025-02-14 13:13:00+09:00,125700.0,125900.0,125700.0,125800.0,335,0.0,0.0
2025-02-14 13:14:00+09:00,125900.0,125900.0,125400.0,125500.0,867,0.0,0.0
2025-02-14 13:15:00+09:00,125700.0,125800.0,125600.0,125800.0,313,0.0,0.0
2025-02-14 13:16:00+09:00,125800.0,126200.0,125800.0,126100.0,1322,0.0,0.0
2025-02-14 13:17:00+09:00,126100.0,126100.0,125700.0,125800.0,517,0.0,0.0
2025-02-14 13:18:00+09:00,125800.0,125800.0,125700.0,125700.0,175,0.0,0.0
2025-02-14 13:19:00+09:00,125800.0,125900.0,125700.0,125900.0,398,0.0,0.0
2025-02-14 13:20:00+09:00,125900.0,125900.0,125800.0,125900.0,453,0.0,0.0
2025-02-14 13:21:00+09:00,125800.0,125900.0,125700.0,125900.0,345,0.0,0.0
2025-02-14 13:22:00+09:00,125800.0,125900.0,125700.0,125800.0,244,0.0,0.0
2025-02-14 13:23:00+09:00,125800.0,125900.0,125700.0,125900.0,344,0.0,0.0
2025-02-14 13:24:00+09:00,125900.0,125900.0,125800.0,125800.0,196,0.0,0.0
2025-02-14 13:25:00+09:00,125800.0,126000.0,125800.0,125900.0,686,0.0,0.0
2025-02-14 13:26:00+09:00,126000.0,126100.0,125900.0,126000.0,481,0.0,0.0
2025-02-14 13:27:00+09:00,126000.0,126100.0,125900.0,126100.0,313,0.0,0.0
2025-02-14 13:28:00+09:00,126100.0,126100.0,125900.0,126000.0,862,0.0,0.0
2025-02-14 13:29:00+09:00,126000.0,126000.0,125900.0,126000.0,437,0.0,0.0
2025-02-14 13:30:00+09:00,126000.0,126000.0,125900.0,126000.0,122,0.0,0.0
2025-02-14 13:31:00+09:00,126000.0,126100.0,125900.0,126100.0,434,0.0,0.0
2025-02-14 13:32:00+09:00,126000.0,126200.0,126000.0,126100.0,455,0.0,0.0
2025-02-14 13:33:00+09:00,126100.0,126200.0,126000.0,126100.0,665,0.0,0.0
2025-02-14 13:34:00+09:00,126100.0,126200.0,126000.0,126100.0,387,0.0,0.0
2025-02-14 13:35:00+09:00,126000.0,126000.0,125800.0,125900.0,1016,0.0,0.0
2025-02-14 13:36:00+09:00,125900.0,125900.0,125700.0,125900.0,412,0.0,0.0
2025-02-14 13:37:00+09:00,125900.0,125900.0,125700.0,125800.0,369,0.0,0.0
2025-02-14 13:38:00+09:00,125700.0,125900.0,125600.0,125800.0,596,0.0,0.0
2025-02-14 13:39:00+09:00,125800.0,125800.0,125500.0,125600.0,574,0.0,0.0
2025-02-14 13:40:00+09:00,125700.0,125700.0,125400.0,125500.0,775,0.0,0.0
2025-02-14 13:41:00+09:00,125600.0,125900.0,125500.0,125900.0,563,0.0,0.0
2025-02-14 13:42:00+09:00,125900.0,126100.0,125800.0,126000.0,949,0.0,0.0
2025-02-14 13:43:00+09:00,126000.0,126000.0,125800.0,126000.0,260,0.0,0.0
2025-02-14 13:44:00+09:00,126000.0,126100.0,125900.0,126100.0,397,0.0,0.0
2025-02-14 13:45:00+09:00,126100.0,126100.0,126000.0,126100.0,364,0.0,0.0
2025-02-14 13:46:00+09:00,126000.0,126000.0,125900.0,126000.0,324,0.0,0.0
2025-02-14 13:47:00+09:00,126000.0,126100.0,125900.0,126000.0,503,0.0,0.0
2025-02-14 13:48:00+09:00,126100.0,126200.0,126000.0,126200.0,667,0.0,0.0
2025-02-14 13:49:00+09:00,126200.0,126200.0,126000.0,126100.0,494,0.0,0.0
2025-02-14 13:50:00+09:00,126100.0,126100.0,125900.0,126000.0,677,0.0,0.0
2025-02-14 13:51:00+09:00,125900.0,126000.0,125700.0,125800.0,395,0.0,0.0
2025-02-14 13:52:00+09:00,125800.0,126000.0,125700.0,125700.0,304,0.0,0.0
2025-02-14 13:53:00+09:00,125700.0,126000.0,125600.0,126000.0,379,0.0,0.0
2025-02-14 13:54:00+09:00,125900.0,126100.0,125900.0,126000.0,464,0.0,0.0
2025-02-14 13:55:00+09:00,126100.0,126100.0,125900.0,126100.0,413,0.0,0.0
2025-02-14 13:56:00+09:00,126100.0,126100.0,125800.0,126000.0,377,0.0,0.0
2025-02-14 13:57:00+09:00,126000.0,126000.0,125900.0,125900.0,372,0.0,0.0
2025-02-14 13:58:00+09:00,126000.0,126000.0,125900.0,125900.0,193,0.0,0.0
2025-02-14 13:59:00+09:00,125900.0,126000.0,125900.0,126000.0,264,0.0,0.0
2025-02-14 14:00:00+09:00,126000.0,126100.0,125900.0,126100.0,267,0.0,0.0
2025-02-14 14:01:00+09:00,126100.0,126100.0,125900.0,126000.0,307,0.0,0.0
2025-02-14 14:02:00+09:00,126000.0,126100.0,126000.0,126000.0,740,0.0,0.0
2025-02-14 14:03:00+09:00,126000.0,126000.0,125900.0,126000.0,279,0.0,0.0
2025-02-14 14:04:00+09:00,126000.0,126000.0,125900.0,126000.0,215,0.0,0.0
2025-02-14 14:05:00+09:00,126000.0,126000.0,125900.0,125900.0,445,0.0,0.0
2025-02-14 14:06:00+09:00,126000.0,126000.0,125700.0,125900.0,936,0.0,0.0
2025-02-14 14:07:00+09:00,125900.0,126000.0,125800.0,126000.0,371,0.0,0.0
2025-02-14 14:08:00+09:00,125900.0,126000.0,125900.0,126000.0,228,0.0,0.0
2025-02-14 14:09:00+09:00,126000.0,126100.0,125900.0,126000.0,354,0.0,0.0
2025-02-14 14:10:00+09:00,126000.0,126100.0,125900.0,126100.0,470,0.0,0.0
2025-02-14 14:11:00+09:00,126000.0,126100.0,125800.0,126100.0,811,0.0,0.0
2025-02-14 14:12:00+09:00,126100.0,126100.0,126000.0,126100.0,317,0.0,0.0
2025-02-14 14:13:00+09:00,126000.0,126100.0,125700.0,126000.0,1013,0.0,0.0
2025-02-14 14:14:00+09:00,126000.0,126000.0,125800.0,125800.0,606,0.0,0.0
2025-02-14 14:15:00+09:00,125800.0,125900.0,125700.0,125800.0,906,0.0,0.0
2025-02-14 14:16:00+09:00,125800.0,125900.0,125600.0,125900.0,607,0.0,0.0
2025-02-14 14:17:00+09:00,126000.0,126000.0,125900.0,125900.0,601,0.0,0.0
2025-02-14 14:18:00+09:00,125900.0,126000.0,125800.0,126000.0,383,0.0,0.0
2025-02-14 14:19:00+09:00,126000.0,126100.0,125900.0,125900.0,701,0.0,0.0
2025-02-14 14:20:00+09:00,125900.0,126100.0,125800.0,126100.0,421,0.0,0.0
2025-02-14 14:21:00+09:00,126000.0,126100.0,125800.0,126000.0,430,0.0,0.0
2025-02-14 14:22:00+09:00,126000.0,126000.0,125900.0,126000.0,332,0.0,0.0
2025-02-14 14:23:00+09:00,126000.0,126100.0,125800.0,126100.0,707,0.0,0.0
2025-02-14 14:24:00+09:00,126100.0,126100.0,126000.0,126100.0,286,0.0,0.0
2025-02-14 14:25:00+09:00,126000.0,126100.0,125900.0,126100.0,397,0.0,0.0
2025-02-14 14:26:00+09:00,126100.0,126100.0,126000.0,126100.0,346,0.0,0.0
2025-02-14 14:27:00+09:00,126100.0,126100.0,126000.0,126100.0,589,0.0,0.0
2025-02-14 14:28:00+09:00,126100.0,126100.0,126000.0,126100.0,408,0.0,0.0
2025-02-14 14:29:00+09:00,126100.0,126100.0,126000.0,126100.0,420,0.0,0.0
2025-02-14 14:30:00+09:00,126100.0,126100.0,126000.0,126100.0,433,0.0,0.0
2025-02-14 14:31:00+09:00,126100.0,126100.0,125600.0,126000.0,698,0.0,0.0
2025-02-14 14:32:00+09:00,126000.0,126000.0,125900.0,126000.0,439,0.0,0.0
2025-02-14 14:33:00+09:00,125900.0,126000.0,125700.0,125900.0,392,0.0,0.0
2025-02-14 14:34:00+09:00,125900.0,125900.0,125800.0,125900.0,403,0.0,0.0
2025-02-14 14:35:00+09:00,125800.0,125900.0,125700.0,125900.0,570,0.0,0.0
2025-02-14 14:36:00+09:00,125800.0,125900.0,125700.0,125900.0,393,0.0,0.0
2025-02-14 14:37:00+09:00,125900.0,125900.0,125700.0,125900.0,502,0.0,0.0
2025-02-14 14:38:00+09:00,125900.0,125900.0,125800.0,125900.0,259,0.0,0.0
2025-02-14 14:39:00+09:00,125900.0,126000.0,125800.0,125900.0,567,0.0,0.0
2025-02-14 14:40:00+09:00,125800.0,125800.0,125600.0,125700.0,795,0.0,0.0
2025-02-14 14:41:00+09:00,125700.0,125800.0,125600.0,125800.0,336,0.0,0.0
2025-02-14 14:42:00+09:00,125700.0,125900.0,125700.0,125900.0,1229,0.0,0.0
2025-02-14 14:43:00+09:00,125800.0,125900.0,125600.0,125800.0,627,0.0,0.0
2025-02-14 14:44:00+09:00,125800.0,125800.0,125600.0,125800.0,309,0.0,0.0
2025-02-14 14:45:00+09:00,125800.0,125900.0,125700.0,125900.0,400,0.0,0.0
2025-02-14 14:46:00+09:00,125900.0,125900.0,125700.0,125800.0,584,0.0,0.0
2025-02-14 14:47:00+09:00,125800.0,125900.0,125700.0,125800.0,439,0.0,0.0
2025-02-14 14:48:00+09:00,125800.0,125800.0,125700.0,125800.0,216,0.0,0.0
2025-02-14 14:49:00+09:00,125800.0,125900.0,125700.0,125900.0,601,0.0,0.0
2025-02-14 14:50:00+09:00,125800.0,125900.0,125700.0,125800.0,447,0.0,0.0
2025-02-14 14:51:00+09:00,125800.0,125900.0,125200.0,125600.0,3414,0.0,0.0
2025-02-14 14:52:00+09:00,125700.0,125800.0,125600.0,125800.0,573,0.0,0.0
2025-02-14 14:53:00+09:00,125800.0,125900.0,125600.0,125900.0,1507,0.0,0.0
2025-02-14 14:54:00+09:00,125900.0,125900.0,125500.0,125600.0,865,0.0,0.0
2025-02-14 14:55:00+09:00,125600.0,125700.0,125500.0,125500.0,1098,0.0,0.0
2025-02-14 14:56:00+09:00,125600.0,125700.0,125500.0,125700.0,578,0.0,0.0
2025-02-14 14:57:00+09:00,125700.0,125800.0,125600.0,125700.0,676,0.0,0.0
2025-02-14 14:58:00+09:00,125700.0,125800.0,125600.0,125800.0,302,0.0,0.0
2025-02-14 14:59:00+09:00,125800.0,125800.0,125600.0,125700.0,459,0.0,0.0
2025-02-17 09:00:00+09:00,125900.0,126400.0,125700.0,125700.0,0,0.0,0.0
2025-02-17 09:01:00+09:00,125600.0,126000.0,125300.0,125600.0,1209,0.0,0.0
2025-02-17 09:02:00+09:00,125600.0,125900.0,125500.0,125800.0,1181,0.0,0.0
2025-02-17 09:03:00+09:00,125900.0,126300.0,125800.0,126300.0,615,0.0,0.0
2025-02-17 09:04:00+09:00,126300.0,126700.0,126200.0,126600.0,1703,0.0,0.0
2025-02-17 09:05:00+09:00,126700.0,126900.0,126500.0,126800.0,3793,0.0,0.0
2025-02-17 09:06:00+09:00,126800.0,126900.0,126500.0,126600.0,2798,0.0,0.0
2025-02-17 09:07:00+09:00,126700.0,127000.0,126300.0,127000.0,2165,0.0,0.0
2025-02-17 09:08:00+09:00,126900.0,127400.0,126900.0,127400.0,3861,0.0,0.0
2025-02-17 09:09:00+09:00,127400.0,127500.0,127300.0,127500.0,2476,0.0,0.0
2025-02-17 09:10:00+09:00,127600.0,127700.0,126700.0,126700.0,3789,0.0,0.0
2025-02-17 09:11:00+09:00,126700.0,127000.0,126000.0,126000.0,2113,0.0,0.0
2025-02-17 09:12:00+09:00,126000.0,126000.0,125500.0,125800.0,1920,0.0,0.0
2025-02-17 09:13:00+09:00,125700.0,125800.0,125300.0,125300.0,2789,0.0,0.0
2025-02-17 09:14:00+09:00,125300.0,125400.0,125000.0,125100.0,1612,0.0,0.0
2025-02-17 09:15:00+09:00,125100.0,125200.0,125000.0,125200.0,748,0.0,0.0
2025-02-17 09:16:00+09:00,125200.0,125300.0,124900.0,125000.0,2027,0.0,0.0
2025-02-17 09:17:00+09:00,125000.0,125200.0,124900.0,125000.0,831,0.0,0.0
2025-02-17 09:18:00+09:00,125000.0,125100.0,124600.0,124900.0,2303,0.0,0.0
2025-02-17 09:19:00+09:00,124900.0,125000.0,124300.0,124600.0,2090,0.0,0.0
2025-02-17 09:20:00+09:00,124600.0,125200.0,124500.0,125000.0,1141,0.0,0.0
2025-02-17 09:21:00+09:00,125000.0,125000.0,124700.0,124900.0,1196,0.0,0.0
2025-02-17 09:22:00+09:00,124900.0,125000.0,124700.0,124800.0,1465,0.0,0.0
2025-02-17 09:23:00+09:00,124800.0,124800.0,124700.0,124700.0,2122,0.0,0.0
2025-02-17 09:24:00+09:00,124800.0,124800.0,124300.0,124700.0,4311,0.0,0.0
2025-02-17 09:25:00+09:00,124800.0,124800.0,124600.0,124700.0,554,0.0,0.0
2025-02-17 09:26:00+09:00,124700.0,124800.0,124400.0,124800.0,1007,0.0,0.0
2025-02-17 09:27:00+09:00,124800.0,125100.0,124700.0,125000.0,1582,0.0,0.0
2025-02-17 09:28:00+09:00,124700.0,125000.0,124700.0,124800.0,181,0.0,0.0
2025-02-17 09:29:00+09:00,124900.0,125000.0,124800.0,124900.0,1200,0.0,0.0
2025-02-17 09:30:00+09:00,124900.0,125000.0,124800.0,124800.0,386,0.0,0.0
2025-02-17 09:31:00+09:00,124900.0,125100.0,124800.0,125000.0,471,0.0,0.0
2025-02-17 09:32:00+09:00,125200.0,125200.0,125000.0,125200.0,154,0.0,0.0
2025-02-17 09:33:00+09:00,125100.0,125100.0,124800.0,124800.0,552,0.0,0.0
2025-02-17 09:34:00+09:00,124800.0,124800.0,124400.0,124600.0,1823,0.0,0.0
2025-02-17 09:35:00+09:00,124600.0,124900.0,124500.0,124500.0,168,0.0,0.0
2025-02-17 09:36:00+09:00,124600.0,124800.0,124000.0,124200.0,5474,0.0,0.0
2025-02-17 09:37:00+09:00,124200.0,124300.0,124200.0,124200.0,314,0.0,0.0
2025-02-17 09:38:00+09:00,124200.0,124300.0,124000.0,124100.0,975,0.0,0.0
2025-02-17 09:39:00+09:00,124300.0,124300.0,124100.0,124300.0,1197,0.0,0.0
2025-02-17 09:40:00+09:00,124300.0,124300.0,124100.0,124100.0,680,0.0,0.0
2025-02-17 09:41:00+09:00,124100.0,124300.0,124100.0,124300.0,157,0.0,0.0
2025-02-17 09:42:00+09:00,124200.0,124500.0,124100.0,124500.0,467,0.0,0.0
2025-02-17 09:43:00+09:00,124500.0,124500.0,124300.0,124400.0,551,0.0,0.0
2025-02-17 09:44:00+09:00,124400.0,124400.0,124300.0,124400.0,71,0.0,0.0
2025-02-17 09:45:00+09:00,124400.0,124400.0,124200.0,124300.0,809,0.0,0.0
2025-02-17 09:46:00+09:00,124300.0,124400.0,124200.0,124300.0,738,0.0,0.0
2025-02-17 09:47:00+09:00,124400.0,124500.0,124400.0,124500.0,1385,0.0,0.0
2025-02-17 09:48:00+09:00,124400.0,124500.0,124400.0,124400.0,460,0.0,0.0
2025-02-17 09:49:00+09:00,124500.0,124800.0,124500.0,124800.0,1457,0.0,0.0
2025-02-17 09:50:00+09:00,124800.0,124800.0,124500.0,124600.0,448,0.0,0.0
2025-02-17 09:51:00+09:00,124700.0,124700.0,124200.0,124200.0,1212,0.0,0.0
2025-02-17 09:52:00+09:00,124200.0,124300.0,124100.0,124300.0,1619,0.0,0.0
2025-02-17 09:53:00+09:00,124300.0,124600.0,124300.0,124600.0,786,0.0,0.0
2025-02-17 09:54:00+09:00,124600.0,124800.0,124500.0,124800.0,402,0.0,0.0
2025-02-17 09:55:00+09:00,124800.0,124900.0,124700.0,124900.0,303,0.0,0.0
2025-02-17 09:56:00+09:00,124900.0,125600.0,124700.0,125600.0,1687,0.0,0.0
2025-02-17 09:57:00+09:00,125500.0,125600.0,125400.0,125400.0,417,0.0,0.0
2025-02-17 09:58:00+09:00,125400.0,125700.0,125200.0,125700.0,773,0.0,0.0
2025-02-17 09:59:00+09:00,125600.0,125800.0,125600.0,125800.0,1624,0.0,0.0
2025-02-17 10:00:00+09:00,125800.0,125900.0,125800.0,125900.0,681,0.0,0.0
2025-02-17 10:01:00+09:00,125900.0,125900.0,125700.0,125700.0,583,0.0,0.0
2025-02-17 10:02:00+09:00,125700.0,125700.0,125200.0,125700.0,1041,0.0,0.0
2025-02-17 10:03:00+09:00,125700.0,125700.0,125300.0,125300.0,618,0.0,0.0
2025-02-17 10:04:00+09:00,125300.0,125400.0,125200.0,125200.0,705,0.0,0.0
2025-02-17 10:05:00+09:00,125300.0,125300.0,125000.0,125200.0,283,0.0,0.0
2025-02-17 10:06:00+09:00,125200.0,125500.0,124900.0,124900.0,677,0.0,0.0
2025-02-17 10:07:00+09:00,124900.0,124900.0,124800.0,124900.0,331,0.0,0.0
2025-02-17 10:08:00+09:00,124900.0,125100.0,124800.0,124800.0,520,0.0,0.0
2025-02-17 10:09:00+09:00,124900.0,124900.0,124700.0,124900.0,316,0.0,0.0
2025-02-17 10:10:00+09:00,124900.0,124900.0,124700.0,124900.0,78,0.0,0.0
2025-02-17 10:11:00+09:00,124800.0,124900.0,124800.0,124900.0,212,0.0,0.0
2025-02-17 10:12:00+09:00,124900.0,125200.0,124800.0,125200.0,378,0.0,0.0
2025-02-17 10:13:00+09:00,125200.0,125400.0,125100.0,125100.0,260,0.0,0.0
2025-02-17 10:14:00+09:00,125100.0,125300.0,125000.0,125000.0,543,0.0,0.0
2025-02-17 10:15:00+09:00,125100.0,125100.0,124800.0,125000.0,626,0.0,0.0
2025-02-17 10:16:00+09:00,124800.0,125000.0,124800.0,125000.0,279,0.0,0.0
2025-02-17 10:17:00+09:00,125000.0,125000.0,124900.0,124900.0,90,0.0,0.0
2025-02-17 10:18:00+09:00,124900.0,125000.0,124800.0,124800.0,470,0.0,0.0
2025-02-17 10:19:00+09:00,124800.0,124900.0,124700.0,124700.0,293,0.0,0.0
2025-02-17 10:20:00+09:00,124700.0,124800.0,124500.0,124500.0,1613,0.0,0.0
2025-02-17 10:21:00+09:00,124500.0,124600.0,124300.0,124500.0,524,0.0,0.0
2025-02-17 10:22:00+09:00,124400.0,124700.0,124300.0,124300.0,586,0.0,0.0
2025-02-17 10:23:00+09:00,124400.0,124800.0,124300.0,124400.0,329,0.0,0.0
2025-02-17 10:24:00+09:00,124400.0,124400.0,124200.0,124200.0,528,0.0,0.0
2025-02-17 10:25:00+09:00,124300.0,124300.0,124000.0,124100.0,5429,0.0,0.0
2025-02-17 10:26:00+09:00,124100.0,124100.0,123700.0,123900.0,2408,0.0,0.0
2025-02-17 10:27:00+09:00,123900.0,124400.0,123900.0,124400.0,382,0.0,0.0
2025-02-17 10:28:00+09:00,124300.0,124400.0,124200.0,124200.0,394,0.0,0.0
2025-02-17 10:29:00+09:00,124200.0,124300.0,124100.0,124300.0,356,0.0,0.0
2025-02-17 10:30:00+09:00,124400.0,124700.0,124300.0,124400.0,648,0.0,0.0
2025-02-17 10:31:00+09:00,124400.0,124700.0,124400.0,124600.0,428,0.0,0.0
2025-02-17 10:32:00+09:00,124600.0,124600.0,124300.0,124400.0,536,0.0,0.0
2025-02-17 10:33:00+09:00,124500.0,124500.0,124300.0,124400.0,582,0.0,0.0
2025-02-17 10:34:00+09:00,124300.0,124400.0,124300.0,124300.0,392,0.0,0.0
2025-02-17 10:35:00+09:00,124300.0,124400.0,124300.0,124300.0,314,0.0,0.0
2025-02-17 10:36:00+09:00,124300.0,124400.0,124300.0,124400.0,341,0.0,0.0
2025-02-17 10:37:00+09:00,124400.0,124800.0,124400.0,124800.0,3440,0.0,0.0
2025-02-17 10:38:00+09:00,124800.0,124800.0,124700.0,124700.0,616,0.0,0.0
2025-02-17 10:39:00+09:00,124700.0,124800.0,124700.0,124700.0,637,0.0,0.0
2025-02-17 10:40:00+09:00,124700.0,124700.0,124400.0,124500.0,701,0.0,0.0
2025-02-17 10:41:00+09:00,124500.0,124700.0,124400.0,124700.0,252,0.0,0.0
2025-02-17 10:42:00+09:00,124700.0,124800.0,124300.0,124700.0,1268,0.0,0.0
2025-02-17 10:43:00+09:00,124600.0,124700.0,124500.0,124700.0,362,0.0,0.0
2025-02-17 10:44:00+09:00,124700.0,124800.0,124500.0,124700.0,339,0.0,0.0
2025-02-17 10:45:00+09:00,124800.0,124800.0,124700.0,124800.0,328,0.0,0.0
2025-02-17 10:46:00+09:00,124800.0,124800.0,124500.0,124700.0,653,0.0,0.0
2025-02-17 10:47:00+09:00,124700.0,124800.0,124500.0,124700.0,177,0.0,0.0
2025-02-17 10:48:00+09:00,124700.0,125300.0,124700.0,125000.0,2846,0.0,0.0
2025-02-17 10:49:00+09:00,125000.0,125100.0,125000.0,125100.0,263,0.0,0.0
2025-02-17 10:50:00+09:00,125100.0,125100.0,124800.0,125000.0,564,0.0,0.0
2025-02-17 10:51:00+09:00,125000.0,125200.0,125000.0,125000.0,619,0.0,0.0
2025-02-17 10:52:00+09:00,125100.0,125100.0,125000.0,125000.0,294,0.0,0.0
2025-02-17 10:53:00+09:00,125100.0,125100.0,125000.0,125100.0,341,0.0,0.0
2025-02-17 10:54:00+09:00,125100.0,125100.0,125000.0,125000.0,230,0.0,0.0
2025-02-17 10:55:00+09:00,125100.0,125100.0,124900.0,125000.0,302,0.0,0.0
2025-02-17 10:56:00+09:00,125000.0,125000.0,124900.0,124900.0,229,0.0,0.0
2025-02-17 10:57:00+09:00,125000.0,125100.0,124900.0,125000.0,593,0.0,0.0
2025-02-17 10:58:00+09:00,125000.0,125100.0,125000.0,125000.0,230,0.0,0.0
2025-02-17 10:59:00+09:00,125000.0,125400.0,125000.0,125300.0,947,0.0,0.0
2025-02-17 11:00:00+09:00,125400.0,125700.0,125400.0,125600.0,708,0.0,0.0
2025-02-17 11:01:00+09:00,125600.0,125700.0,125500.0,125500.0,328,0.0,0.0
2025-02-17 11:02:00+09:00,125600.0,125600.0,125400.0,125500.0,493,0.0,0.0
2025-02-17 11:03:00+09:00,125500.0,125600.0,125500.0,125600.0,191,0.0,0.0
2025-02-17 11:04:00+09:00,125600.0,125700.0,125400.0,125400.0,539,0.0,0.0
2025-02-17 11:05:00+09:00,125600.0,125600.0,125500.0,125500.0,250,0.0,0.0
2025-02-17 11:06:00+09:00,125500.0,125600.0,125400.0,125500.0,740,0.0,0.0
2025-02-17 11:07:00+09:00,125600.0,125600.0,125500.0,125600.0,126,0.0,0.0
2025-02-17 11:08:00+09:00,125500.0,125800.0,125400.0,125800.0,703,0.0,0.0
2025-02-17 11:09:00+09:00,125700.0,125800.0,125700.0,125700.0,1042,0.0,0.0
2025-02-17 11:10:00+09:00,125700.0,125800.0,125700.0,125800.0,323,0.0,0.0
2025-02-17 11:11:00+09:00,125800.0,125900.0,125700.0,125800.0,416,0.0,0.0
2025-02-17 11:12:00+09:00,125800.0,125800.0,125700.0,125800.0,503,0.0,0.0
2025-02-17 11:13:00+09:00,125800.0,125900.0,125600.0,125800.0,1260,0.0,0.0
2025-02-17 11:14:00+09:00,125800.0,125900.0,125700.0,125900.0,411,0.0,0.0
2025-02-17 11:15:00+09:00,125900.0,126000.0,125800.0,125900.0,407,0.0,0.0
2025-02-17 11:16:00+09:00,126000.0,126000.0,125800.0,125900.0,594,0.0,0.0
2025-02-17 11:17:00+09:00,125800.0,126000.0,125800.0,126000.0,429,0.0,0.0
2025-02-17 11:18:00+09:00,125900.0,126100.0,125900.0,126000.0,1546,0.0,0.0
2025-02-17 11:19:00+09:00,126100.0,126200.0,125900.0,126000.0,415,0.0,0.0
2025-02-17 11:20:00+09:00,126000.0,126000.0,125800.0,125800.0,446,0.0,0.0
2025-02-17 11:21:00+09:00,125800.0,126000.0,125600.0,125700.0,1206,0.0,0.0
2025-02-17 11:22:00+09:00,125700.0,125700.0,125600.0,125700.0,252,0.0,0.0
2025-02-17 11:23:00+09:00,125700.0,125800.0,125600.0,125700.0,399,0.0,0.0
2025-02-17 11:24:00+09:00,125800.0,125800.0,125600.0,125600.0,234,0.0,0.0
2025-02-17 11:25:00+09:00,125700.0,125900.0,125600.0,125900.0,391,0.0,0.0
2025-02-17 11:26:00+09:00,125900.0,125900.0,125700.0,125900.0,165,0.0,0.0
2025-02-17 11:27:00+09:00,125900.0,125900.0,125800.0,125900.0,364,0.0,0.0
2025-02-17 11:28:00+09:00,126000.0,126000.0,125800.0,125900.0,519,0.0,0.0
2025-02-17 11:29:00+09:00,125900.0,126000.0,125800.0,125800.0,474,0.0,0.0
2025-02-17 11:30:00+09:00,125900.0,125900.0,125700.0,125700.0,156,0.0,0.0
2025-02-17 11:31:00+09:00,125800.0,125800.0,125600.0,125700.0,323,0.0,0.0
2025-02-17 11:32:00+09:00,125700.0,125700.0,125500.0,125500.0,290,0.0,0.0
2025-02-17 11:33:00+09:00,125500.0,125700.0,125500.0,125600.0,223,0.0,0.0
2025-02-17 11:34:00+09:00,125600.0,125700.0,125500.0,125600.0,178,0.0,0.0
2025-02-17 11:35:00+09:00,125700.0,125800.0,125500.0,125800.0,435,0.0,0.0
2025-02-17 11:36:00+09:00,125800.0,125900.0,125700.0,125800.0,153,0.0,0.0
2025-02-17 11:37:00+09:00,125900.0,125900.0,125600.0,125800.0,348,0.0,0.0
2025-02-17 11:38:00+09:00,125800.0,126000.0,125800.0,125900.0,498,0.0,0.0
2025-02-17 11:39:00+09:00,125900.0,126100.0,125900.0,126000.0,720,0.0,0.0
2025-02-17 11:40:00+09:00,126100.0,126100.0,125900.0,126100.0,398,0.0,0.0
2025-02-17 11:41:00+09:00,126100.0,126100.0,125900.0,126000.0,125,0.0,0.0
2025-02-17 11:42:00+09:00,126000.0,126100.0,125900.0,126000.0,333,0.0,0.0
2025-02-17 11:43:00+09:00,126000.0,126000.0,125900.0,126000.0,328,0.0,0.0
2025-02-17 11:44:00+09:00,125900.0,126100.0,125900.0,125900.0,389,0.0,0.0
2025-02-17 11:45:00+09:00,125900.0,126000.0,125900.0,126000.0,234,0.0,0.0
2025-02-17 11:46:00+09:00,126000.0,126000.0,125800.0,125900.0,503,0.0,0.0
2025-02-17 11:47:00+09:00,126000.0,126000.0,125600.0,125800.0,892,0.0,0.0
2025-02-17 11:48:00+09:00,125800.0,125900.0,125600.0,125700.0,134,0.0,0.0
2025-02-17 11:49:00+09:00,125700.0,125800.0,125600.0,125600.0,374,0.0,0.0
2025-02-17 11:50:00+09:00,125600.0,125800.0,125600.0,125600.0,175,0.0,0.0
2025-02-17 11:51:00+09:00,125700.0,125700.0,125600.0,125700.0,354,0.0,0.0
2025-02-17 11:52:00+09:00,125800.0,125800.0,125500.0,125600.0,312,0.0,0.0
2025-02-17 11:53:00+09:00,125800.0,125800.0,125500.0,125600.0,235,0.0,0.0
2025-02-17 11:54:00+09:00,125500.0,125600.0,125500.0,125500.0,270,0.0,0.0
2025-02-17 11:55:00+09:00,125600.0,125700.0,125400.0,125700.0,419,0.0,0.0
2025-02-17 11:56:00+09:00,125600.0,125800.0,125600.0,125800.0,400,0.0,0.0
2025-02-17 11:57:00+09:00,125700.0,125800.0,125600.0,125700.0,184,0.0,0.0
2025-02-17 11:58:00+09:00,125700.0,125900.0,125600.0,125900.0,493,0.0,0.0
2025-02-17 11:59:00+09:00,125900.0,126000.0,125500.0,125500.0,473,0.0,0.0
2025-02-17 12:00:00+09:00,125800.0,125800.0,125600.0,125700.0,164,0.0,0.0
2025-02-17 12:01:00+09:00,125700.0,125800.0,125700.0,125800.0,514,0.0,0.0
2025-02-17 12:02:00+09:00,125800.0,125800.0,125700.0,125800.0,270,0.0,0.0
2025-02-17 12:03:00+09:00,125800.0,126100.0,125700.0,126100.0,811,0.0,0.0
2025-02-17 12:04:00+09:00,126100.0,126100.0,125800.0,126000.0,579,0.0,0.0
2025-02-17 12:05:00+09:00,125900.0,126000.0,125900.0,126000.0,163,0.0,0.0
2025-02-17 12:06:00+09:00,126000.0,126000.0,125900.0,125900.0,271,0.0,0.0
2025-02-17 12:07:00+09:00,126000.0,126000.0,125800.0,126000.0,244,0.0,0.0
2025-02-17 12:08:00+09:00,126000.0,126100.0,125900.0,125900.0,331,0.0,0.0
2025-02-17 12:09:00+09:00,126000.0,126100.0,125800.0,125900.0,489,0.0,0.0
2025-02-17 12:10:00+09:00,126100.0,126100.0,126000.0,126100.0,495,0.0,0.0
2025-02-17 12:11:00+09:00,126100.0,126100.0,126000.0,126100.0,360,0.0,0.0
2025-02-17 12:12:00+09:00,126200.0,126200.0,125900.0,126000.0,263,0.0,0.0
2025-02-17 12:13:00+09:00,126000.0,126200.0,126000.0,126200.0,821,0.0,0.0
2025-02-17 12:14:00+09:00,126100.0,126200.0,126000.0,126200.0,221,0.0,0.0
2025-02-17 12:15:00+09:00,126200.0,126200.0,126100.0,126100.0,351,0.0,0.0
2025-02-17 12:16:00+09:00,126200.0,126200.0,126100.0,126200.0,612,0.0,0.0
2025-02-17 12:17:00+09:00,126100.0,126200.0,126100.0,126200.0,698,0.0,0.0
2025-02-17 12:18:00+09:00,126200.0,126300.0,126100.0,126100.0,292,0.0,0.0
2025-02-17 12:19:00+09:00,126200.0,126300.0,126100.0,126100.0,262,0.0,0.0
2025-02-17 12:20:00+09:00,126100.0,126200.0,126100.0,126200.0,192,0.0,0.0
2025-02-17 12:21:00+09:00,126100.0,126100.0,125800.0,125900.0,688,0.0,0.0
2025-02-17 12:22:00+09:00,125900.0,125900.0,125700.0,125800.0,268,0.0,0.0
2025-02-17 12:23:00+09:00,125800.0,125900.0,125700.0,125700.0,500,0.0,0.0
2025-02-17 12:24:00+09:00,125700.0,125900.0,125700.0,125900.0,178,0.0,0.0
2025-02-17 12:25:00+09:00,125800.0,126200.0,125700.0,126000.0,830,0.0,0.0
2025-02-17 12:26:00+09:00,126100.0,126100.0,125700.0,125900.0,202,0.0,0.0
2025-02-17 12:27:00+09:00,125900.0,126000.0,125800.0,125900.0,89,0.0,0.0
2025-02-17 12:28:00+09:00,126000.0,126000.0,125700.0,125800.0,287,0.0,0.0
2025-02-17 12:29:00+09:00,125800.0,126000.0,125700.0,125900.0,185,0.0,0.0
2025-02-17 12:30:00+09:00,125900.0,126100.0,125900.0,126100.0,239,0.0,0.0
2025-02-17 12:31:00+09:00,126000.0,126100.0,125900.0,126000.0,193,0.0,0.0
2025-02-17 12:32:00+09:00,125900.0,126000.0,125700.0,126000.0,171,0.0,0.0
2025-02-17 12:33:00+09:00,125800.0,126000.0,125800.0,125900.0,262,0.0,0.0
2025-02-17 12:34:00+09:00,125800.0,125900.0,125800.0,125800.0,138,0.0,0.0
2025-02-17 12:35:00+09:00,125900.0,126000.0,125900.0,125900.0,198,0.0,0.0
2025-02-17 12:36:00+09:00,125900.0,126100.0,125900.0,126100.0,298,0.0,0.0
2025-02-17 12:37:00+09:00,126000.0,126100.0,125900.0,126000.0,448,0.0,0.0
2025-02-17 12:38:00+09:00,126000.0,126000.0,125900.0,126000.0,100,0.0,0.0
2025-02-17 12:39:00+09:00,126000.0,126100.0,125900.0,126100.0,475,0.0,0.0
2025-02-17 12:40:00+09:00,126100.0,126200.0,126000.0,126200.0,1281,0.0,0.0
2025-02-17 12:41:00+09:00,126200.0,126400.0,126200.0,126300.0,2183,0.0,0.0
2025-02-17 12:42:00+09:00,126300.0,126400.0,126200.0,126300.0,298,0.0,0.0
2025-02-17 12:43:00+09:00,126400.0,126400.0,126300.0,126300.0,238,0.0,0.0
2025-02-17 12:44:00+09:00,126400.0,126400.0,126300.0,126400.0,1432,0.0,0.0
2025-02-17 12:45:00+09:00,126400.0,126500.0,126300.0,126400.0,1329,0.0,0.0
2025-02-17 12:46:00+09:00,126400.0,126600.0,126400.0,126500.0,1430,0.0,0.0
2025-02-17 12:47:00+09:00,126600.0,126600.0,126400.0,126600.0,549,0.0,0.0
2025-02-17 12:48:00+09:00,126600.0,126600.0,126400.0,126500.0,233,0.0,0.0
2025-02-17 12:49:00+09:00,126500.0,126600.0,126400.0,126400.0,252,0.0,0.0
2025-02-17 12:50:00+09:00,126600.0,126600.0,126300.0,126600.0,358,0.0,0.0
2025-02-17 12:51:00+09:00,126500.0,126600.0,126500.0,126600.0,277,0.0,0.0
2025-02-17 12:52:00+09:00,126600.0,126600.0,126300.0,126300.0,416,0.0,0.0
2025-02-17 12:53:00+09:00,126400.0,126600.0,126300.0,126600.0,135,0.0,0.0
2025-02-17 12:54:00+09:00,126500.0,126600.0,126400.0,126500.0,232,0.0,0.0
2025-02-17 12:55:00+09:00,126500.0,126600.0,126400.0,126500.0,282,0.0,0.0
2025-02-17 12:56:00+09:00,126500.0,126600.0,126400.0,126600.0,554,0.0,0.0
2025-02-17 12:57:00+09:00,126600.0,126600.0,126400.0,126600.0,971,0.0,0.0
2025-02-17 12:58:00+09:00,126500.0,126700.0,126500.0,126700.0,432,0.0,0.0
2025-02-17 12:59:00+09:00,126600.0,126700.0,126600.0,126600.0,352,0.0,0.0
2025-02-17 13:00:00+09:00,126600.0,126700.0,126600.0,126700.0,422,0.0,0.0
2025-02-17 13:01:00+09:00,126600.0,126700.0,126500.0,126500.0,461,0.0,0.0
2025-02-17 13:02:00+09:00,126500.0,126700.0,126500.0,126500.0,129,0.0,0.0
2025-02-17 13:03:00+09:00,126600.0,126600.0,126400.0,126400.0,289,0.0,0.0
2025-02-17 13:04:00+09:00,126400.0,126500.0,126400.0,126500.0,216,0.0,0.0
2025-02-17 13:05:00+09:00,126500.0,126700.0,126400.0,126600.0,477,0.0,0.0
2025-02-17 13:06:00+09:00,126700.0,126700.0,126400.0,126600.0,430,0.0,0.0
2025-02-17 13:07:00+09:00,126500.0,126700.0,126500.0,126700.0,420,0.0,0.0
2025-02-17 13:08:00+09:00,126700.0,126700.0,126600.0,126600.0,141,0.0,0.0
2025-02-17 13:09:00+09:00,126600.0,126700.0,126500.0,126600.0,281,0.0,0.0
2025-02-17 13:10:00+09:00,126600.0,126600.0,126400.0,126500.0,656,0.0,0.0
2025-02-17 13:11:00+09:00,126500.0,126600.0,126400.0,126600.0,492,0.0,0.0
2025-02-17 13:12:00+09:00,126500.0,126600.0,126500.0,126600.0,573,0.0,0.0
2025-02-17 13:13:00+09:00,126600.0,126600.0,126500.0,126600.0,249,0.0,0.0
2025-02-17 13:14:00+09:00,126500.0,126600.0,126400.0,126400.0,766,0.0,0.0
2025-02-17 13:15:00+09:00,126500.0,126500.0,126400.0,126500.0,276,0.0,0.0
2025-02-17 13:16:00+09:00,126400.0,126500.0,126400.0,126500.0,115,0.0,0.0
2025-02-17 13:17:00+09:00,126500.0,126500.0,126400.0,126500.0,127,0.0,0.0
2025-02-17 13:18:00+09:00,126500.0,126600.0,126400.0,126600.0,547,0.0,0.0
2025-02-17 13:19:00+09:00,126500.0,126500.0,126400.0,126500.0,145,0.0,0.0
2025-02-17 13:20:00+09:00,126400.0,126500.0,126400.0,126500.0,459,0.0,0.0
2025-02-17 13:21:00+09:00,126400.0,126500.0,126300.0,126400.0,663,0.0,0.0
2025-02-17 13:22:00+09:00,126400.0,126700.0,126400.0,126700.0,3700,0.0,0.0
2025-02-17 13:23:00+09:00,126600.0,126800.0,126600.0,126700.0,2194,0.0,0.0
2025-02-17 13:24:00+09:00,126700.0,126800.0,126700.0,126800.0,617,0.0,0.0
2025-02-17 13:25:00+09:00,126800.0,126900.0,126700.0,126900.0,1548,0.0,0.0
2025-02-17 13:26:00+09:00,126800.0,126900.0,126800.0,126900.0,511,0.0,0.0
2025-02-17 13:27:00+09:00,126900.0,127300.0,126800.0,127300.0,6236,0.0,0.0
2025-02-17 13:28:00+09:00,127400.0,127500.0,127200.0,127400.0,3166,0.0,0.0
2025-02-17 13:29:00+09:00,127400.0,127400.0,127300.0,127400.0,384,0.0,0.0
2025-02-17 13:30:00+09:00,127300.0,127400.0,126200.0,126200.0,5232,0.0,0.0
2025-02-17 13:31:00+09:00,126200.0,126400.0,126100.0,126200.0,980,0.0,0.0
2025-02-17 13:32:00+09:00,126200.0,126500.0,126100.0,126400.0,724,0.0,0.0
2025-02-17 13:33:00+09:00,126400.0,126500.0,126200.0,126300.0,369,0.0,0.0
2025-02-17 13:34:00+09:00,126200.0,126300.0,126100.0,126200.0,528,0.0,0.0
2025-02-17 13:35:00+09:00,126200.0,126400.0,126100.0,126300.0,1039,0.0,0.0
2025-02-17 13:36:00+09:00,126200.0,126400.0,126200.0,126400.0,297,0.0,0.0
2025-02-17 13:37:00+09:00,126400.0,126400.0,126300.0,126400.0,373,0.0,0.0
2025-02-17 13:38:00+09:00,126400.0,126500.0,126400.0,126400.0,358,0.0,0.0
2025-02-17 13:39:00+09:00,126400.0,126500.0,126400.0,126500.0,676,0.0,0.0
2025-02-17 13:40:00+09:00,126500.0,126600.0,126200.0,126400.0,725,0.0,0.0
2025-02-17 13:41:00+09:00,126300.0,126800.0,126300.0,126600.0,511,0.0,0.0
2025-02-17 13:42:00+09:00,126600.0,126700.0,126400.0,126700.0,1544,0.0,0.0
2025-02-17 13:43:00+09:00,126700.0,127000.0,126500.0,126700.0,1057,0.0,0.0
2025-02-17 13:44:00+09:00,126600.0,126900.0,126400.0,126400.0,425,0.0,0.0
2025-02-17 13:45:00+09:00,126500.0,126500.0,126300.0,126300.0,185,0.0,0.0
2025-02-17 13:46:00+09:00,126400.0,126400.0,126100.0,126300.0,1077,0.0,0.0
2025-02-17 13:47:00+09:00,126100.0,126300.0,126100.0,126200.0,166,0.0,0.0
2025-02-17 13:48:00+09:00,126200.0,126200.0,126100.0,126100.0,711,0.0,0.0
2025-02-17 13:49:00+09:00,126100.0,126100.0,126000.0,126000.0,630,0.0,0.0
2025-02-17 13:50:00+09:00,126100.0,126200.0,125900.0,126100.0,335,0.0,0.0
2025-02-17 13:51:00+09:00,126100.0,126100.0,125900.0,126100.0,322,0.0,0.0
2025-02-17 13:52:00+09:00,126100.0,126100.0,125900.0,125900.0,627,0.0,0.0
2025-02-17 13:53:00+09:00,125900.0,126100.0,125900.0,126000.0,840,0.0,0.0
2025-02-17 13:54:00+09:00,125900.0,126100.0,125900.0,125900.0,215,0.0,0.0
2025-02-17 13:55:00+09:00,125800.0,126000.0,125800.0,126000.0,228,0.0,0.0
2025-02-17 13:56:00+09:00,126000.0,126000.0,125800.0,125900.0,453,0.0,0.0
2025-02-17 13:57:00+09:00,125800.0,125900.0,125700.0,125900.0,1059,0.0,0.0
2025-02-17 13:58:00+09:00,125800.0,125900.0,125700.0,125800.0,933,0.0,0.0
2025-02-17 13:59:00+09:00,125800.0,125900.0,125800.0,125900.0,526,0.0,0.0
2025-02-17 14:00:00+09:00,125800.0,125900.0,125700.0,125800.0,231,0.0,0.0
2025-02-17 14:01:00+09:00,125900.0,126100.0,125800.0,126000.0,834,0.0,0.0
2025-02-17 14:02:00+09:00,126000.0,126100.0,125900.0,126100.0,663,0.0,0.0
2025-02-17 14:03:00+09:00,126000.0,126100.0,125900.0,125900.0,273,0.0,0.0
2025-02-17 14:04:00+09:00,125900.0,126000.0,125700.0,125700.0,397,0.0,0.0
2025-02-17 14:05:00+09:00,125900.0,126000.0,125700.0,126000.0,403,0.0,0.0
2025-02-17 14:06:00+09:00,126000.0,126000.0,125800.0,125900.0,270,0.0,0.0
2025-02-17 14:07:00+09:00,125900.0,126000.0,125700.0,125900.0,1278,0.0,0.0
2025-02-17 14:08:00+09:00,126000.0,126400.0,125900.0,126100.0,703,0.0,0.0
2025-02-17 14:09:00+09:00,126100.0,126400.0,126100.0,126300.0,353,0.0,0.0
2025-02-17 14:10:00+09:00,126300.0,126300.0,126100.0,126100.0,325,0.0,0.0
2025-02-17 14:11:00+09:00,126100.0,126200.0,126000.0,126000.0,427,0.0,0.0
2025-02-17 14:12:00+09:00,126100.0,126200.0,126000.0,126000.0,346,0.0,0.0
2025-02-17 14:13:00+09:00,126100.0,126200.0,126000.0,126100.0,407,0.0,0.0
2025-02-17 14:14:00+09:00,126100.0,126200.0,126100.0,126200.0,331,0.0,0.0
2025-02-17 14:15:00+09:00,126100.0,126200.0,126000.0,126200.0,341,0.0,0.0
2025-02-17 14:16:00+09:00,126100.0,126200.0,126000.0,126100.0,278,0.0,0.0
2025-02-17 14:17:00+09:00,126100.0,126200.0,126000.0,126100.0,457,0.0,0.0
2025-02-17 14:18:00+09:00,126200.0,126200.0,126000.0,126100.0,417,0.0,0.0
2025-02-17 14:19:00+09:00,126100.0,126300.0,126000.0,126300.0,451,0.0,0.0
2025-02-17 14:20:00+09:00,126400.0,126400.0,126100.0,126300.0,229,0.0,0.0
2025-02-17 14:21:00+09:00,126200.0,126400.0,126200.0,126300.0,546,0.0,0.0
2025-02-17 14:22:00+09:00,126400.0,126400.0,126200.0,126400.0,400,0.0,0.0
2025-02-17 14:23:00+09:00,126400.0,126500.0,126300.0,126500.0,1161,0.0,0.0
2025-02-17 14:24:00+09:00,126500.0,126500.0,126400.0,126500.0,695,0.0,0.0
2025-02-17 14:25:00+09:00,126400.0,126800.0,126400.0,126700.0,1291,0.0,0.0
2025-02-17 14:26:00+09:00,126700.0,126900.0,126600.0,126900.0,988,0.0,0.0
2025-02-17 14:27:00+09:00,126900.0,127000.0,126800.0,126900.0,1197,0.0,0.0
2025-02-17 14:28:00+09:00,127000.0,127300.0,126900.0,127300.0,3278,0.0,0.0
2025-02-17 14:29:00+09:00,127300.0,127900.0,127200.0,127800.0,8275,0.0,0.0
2025-02-17 14:30:00+09:00,127800.0,128000.0,127500.0,127500.0,3580,0.0,0.0
2025-02-17 14:31:00+09:00,127500.0,127600.0,127200.0,127400.0,1577,0.0,0.0
2025-02-17 14:32:00+09:00,127400.0,127500.0,127100.0,127100.0,849,0.0,0.0
2025-02-17 14:33:00+09:00,127100.0,127200.0,126700.0,126900.0,1889,0.0,0.0
2025-02-17 14:34:00+09:00,126900.0,127100.0,126700.0,127000.0,589,0.0,0.0
2025-02-17 14:35:00+09:00,127000.0,127200.0,127000.0,127100.0,436,0.0,0.0
2025-02-17 14:36:00+09:00,127100.0,127200.0,126900.0,127000.0,412,0.0,0.0
2025-02-17 14:37:00+09:00,127000.0,127300.0,127000.0,127200.0,876,0.0,0.0
2025-02-17 14:38:00+09:00,127100.0,127400.0,127100.0,127400.0,1139,0.0,0.0
2025-02-17 14:39:00+09:00,127400.0,127400.0,127200.0,127300.0,619,0.0,0.0
2025-02-17 14:40:00+09:00,127300.0,127500.0,127200.0,127300.0,1504,0.0,0.0
2025-02-17 14:41:00+09:00,127300.0,127500.0,127300.0,127500.0,459,0.0,0.0
2025-02-17 14:42:00+09:00,127500.0,127700.0,127500.0,127600.0,785,0.0,0.0
2025-02-17 14:43:00+09:00,127600.0,127700.0,127500.0,127700.0,608,0.0,0.0
2025-02-17 14:44:00+09:00,127600.0,127700.0,127600.0,127700.0,668,0.0,0.0
2025-02-17 14:45:00+09:00,127700.0,127800.0,127500.0,127600.0,1834,0.0,0.0
2025-02-17 14:46:00+09:00,127500.0,127600.0,127500.0,127500.0,1105,0.0,0.0
2025-02-17 14:47:00+09:00,127500.0,127600.0,127300.0,127300.0,1068,0.0,0.0
2025-02-17 14:48:00+09:00,127400.0,127600.0,127300.0,127600.0,539,0.0,0.0
2025-02-17 14:49:00+09:00,127600.0,127600.0,127400.0,127500.0,593,0.0,0.0
2025-02-17 14:50:00+09:00,127500.0,127500.0,127400.0,127500.0,658,0.0,0.0
2025-02-17 14:51:00+09:00,127400.0,127500.0,127400.0,127500.0,800,0.0,0.0
2025-02-17 14:52:00+09:00,127500.0,127500.0,127300.0,127400.0,400,0.0,0.0
2025-02-17 14:53:00+09:00,127300.0,127400.0,127300.0,127400.0,713,0.0,0.0
2025-02-17 14:54:00+09:00,127400.0,127400.0,127300.0,127300.0,719,0.0,0.0
2025-02-17 14:55:00+09:00,127200.0,127400.0,127200.0,127300.0,570,0.0,0.0
2025-02-17 14:56:00+09:00,127300.0,127300.0,127200.0,127300.0,745,0.0,0.0
2025-02-17 14:57:00+09:00,127300.0,127300.0,127200.0,127200.0,585,0.0,0.0
2025-02-17 14:58:00+09:00,127200.0,127300.0,127100.0,127200.0,485,0.0,0.0
2025-02-17 14:59:00+09:00,127200.0,127300.0,127000.0,127000.0,914,0.0,0.0
2025-02-18 09:00:00+09:00,129000.0,129000.0,127400.0,127800.0,11704,0.0,0.0
2025-02-18 09:01:00+09:00,128000.0,128000.0,127000.0,127000.0,4175,0.0,0.0
2025-02-18 09:02:00+09:00,127100.0,127600.0,126900.0,127400.0,1627,0.0,0.0
2025-02-18 09:03:00+09:00,127300.0,127300.0,126600.0,126600.0,3679,0.0,0.0
2025-02-18 09:04:00+09:00,126600.0,126900.0,126600.0,126700.0,1654,0.0,0.0
2025-02-18 09:05:00+09:00,126600.0,126900.0,126600.0,126700.0,2362,0.0,0.0
2025-02-18 09:06:00+09:00,126600.0,126700.0,126200.0,126500.0,4434,0.0,0.0
2025-02-18 09:07:00+09:00,126500.0,126700.0,126400.0,126400.0,1724,0.0,0.0
2025-02-18 09:08:00+09:00,126500.0,126500.0,126200.0,126300.0,2426,0.0,0.0
2025-02-18 09:09:00+09:00,126400.0,126700.0,126300.0,126500.0,1278,0.0,0.0
2025-02-18 09:10:00+09:00,126400.0,126500.0,126100.0,126200.0,3401,0.0,0.0
2025-02-18 09:11:00+09:00,126100.0,126100.0,125800.0,125800.0,5441,0.0,0.0
2025-02-18 09:12:00+09:00,126000.0,126000.0,125900.0,126000.0,561,0.0,0.0
2025-02-18 09:13:00+09:00,126000.0,126200.0,125900.0,126100.0,607,0.0,0.0
2025-02-18 09:14:00+09:00,126100.0,126200.0,126000.0,126000.0,462,0.0,0.0
2025-02-18 09:15:00+09:00,126100.0,126100.0,125600.0,125700.0,4567,0.0,0.0
2025-02-18 09:16:00+09:00,125600.0,125700.0,125200.0,125300.0,5240,0.0,0.0
2025-02-18 09:17:00+09:00,125300.0,125400.0,125100.0,125200.0,2029,0.0,0.0
2025-02-18 09:18:00+09:00,125200.0,125600.0,125100.0,125600.0,3243,0.0,0.0
2025-02-18 09:19:00+09:00,125600.0,125900.0,125500.0,125800.0,950,0.0,0.0
2025-02-18 09:20:00+09:00,125700.0,125800.0,125700.0,125800.0,217,0.0,0.0
2025-02-18 09:21:00+09:00,125800.0,126100.0,125800.0,126000.0,396,0.0,0.0
2025-02-18 09:22:00+09:00,126000.0,126100.0,125400.0,125500.0,4213,0.0,0.0
2025-02-18 09:23:00+09:00,125500.0,125900.0,125500.0,125600.0,2076,0.0,0.0
2025-02-18 09:24:00+09:00,125600.0,125800.0,125600.0,125700.0,793,0.0,0.0
2025-02-18 09:25:00+09:00,125700.0,125700.0,125600.0,125700.0,647,0.0,0.0
2025-02-18 09:26:00+09:00,125700.0,125800.0,125600.0,125700.0,582,0.0,0.0
2025-02-18 09:27:00+09:00,125700.0,125700.0,125300.0,125300.0,1526,0.0,0.0
2025-02-18 09:28:00+09:00,125400.0,125400.0,125100.0,125200.0,3133,0.0,0.0
2025-02-18 09:29:00+09:00,125200.0,125200.0,125100.0,125200.0,765,0.0,0.0
2025-02-18 09:30:00+09:00,125100.0,125200.0,125100.0,125200.0,856,0.0,0.0
2025-02-18 09:31:00+09:00,125100.0,125200.0,125100.0,125200.0,633,0.0,0.0
2025-02-18 09:32:00+09:00,125200.0,125300.0,125000.0,125000.0,3675,0.0,0.0
2025-02-18 09:33:00+09:00,125000.0,125300.0,125000.0,125100.0,627,0.0,0.0
2025-02-18 09:34:00+09:00,125100.0,125300.0,125100.0,125200.0,794,0.0,0.0
2025-02-18 09:35:00+09:00,125200.0,125200.0,125000.0,125100.0,1092,0.0,0.0
2025-02-18 09:36:00+09:00,125100.0,125200.0,124700.0,124800.0,7977,0.0,0.0
2025-02-18 09:37:00+09:00,124800.0,124800.0,124600.0,124700.0,2104,0.0,0.0
2025-02-18 09:38:00+09:00,124600.0,124800.0,124600.0,124700.0,1342,0.0,0.0
2025-02-18 09:39:00+09:00,124700.0,124800.0,124600.0,124600.0,1595,0.0,0.0
2025-02-18 09:40:00+09:00,124700.0,124800.0,124300.0,124300.0,8176,0.0,0.0
2025-02-18 09:41:00+09:00,124300.0,124400.0,123900.0,124000.0,6892,0.0,0.0
2025-02-18 09:42:00+09:00,124000.0,124100.0,123600.0,123900.0,3904,0.0,0.0
2025-02-18 09:43:00+09:00,124000.0,124300.0,123900.0,124100.0,2043,0.0,0.0
2025-02-18 09:44:00+09:00,124100.0,124300.0,124100.0,124300.0,845,0.0,0.0
2025-02-18 09:45:00+09:00,124300.0,124400.0,124200.0,124300.0,921,0.0,0.0
2025-02-18 09:46:00+09:00,124300.0,124400.0,124100.0,124100.0,2432,0.0,0.0
2025-02-18 09:47:00+09:00,124100.0,124400.0,124100.0,124400.0,1073,0.0,0.0
2025-02-18 09:48:00+09:00,124400.0,124600.0,124300.0,124500.0,1023,0.0,0.0
2025-02-18 09:49:00+09:00,124500.0,124700.0,124400.0,124500.0,655,0.0,0.0
2025-02-18 09:50:00+09:00,124700.0,124800.0,124600.0,124800.0,941,0.0,0.0
2025-02-18 09:51:00+09:00,124800.0,124900.0,124700.0,124900.0,574,0.0,0.0
2025-02-18 09:52:00+09:00,124800.0,124900.0,124500.0,124600.0,1710,0.0,0.0
2025-02-18 09:53:00+09:00,124600.0,124600.0,124400.0,124500.0,617,0.0,0.0
2025-02-18 09:54:00+09:00,124500.0,124500.0,124400.0,124500.0,414,0.0,0.0
2025-02-18 09:55:00+09:00,124500.0,124500.0,124300.0,124400.0,739,0.0,0.0
2025-02-18 09:56:00+09:00,124400.0,124600.0,124400.0,124600.0,465,0.0,0.0
2025-02-18 09:57:00+09:00,124400.0,124500.0,124300.0,124400.0,815,0.0,0.0
2025-02-18 09:58:00+09:00,124500.0,124500.0,124300.0,124400.0,477,0.0,0.0
2025-02-18 09:59:00+09:00,124500.0,124900.0,124300.0,124700.0,711,0.0,0.0
2025-02-18 10:00:00+09:00,124600.0,124900.0,124500.0,124900.0,357,0.0,0.0
2025-02-18 10:01:00+09:00,124900.0,124900.0,124800.0,124800.0,143,0.0,0.0
2025-02-18 10:02:00+09:00,124800.0,124900.0,124700.0,124800.0,894,0.0,0.0
2025-02-18 10:03:00+09:00,124800.0,124800.0,124700.0,124700.0,260,0.0,0.0
2025-02-18 10:04:00+09:00,124900.0,124900.0,124600.0,124800.0,445,0.0,0.0
2025-02-18 10:05:00+09:00,124800.0,124900.0,124700.0,124900.0,113,0.0,0.0
2025-02-18 10:06:00+09:00,124900.0,125000.0,124900.0,124900.0,187,0.0,0.0
2025-02-18 10:07:00+09:00,125000.0,125000.0,124900.0,125000.0,113,0.0,0.0
2025-02-18 10:08:00+09:00,124900.0,125100.0,124900.0,125100.0,863,0.0,0.0
2025-02-18 10:09:00+09:00,125100.0,125100.0,124900.0,125100.0,343,0.0,0.0
2025-02-18 10:10:00+09:00,125100.0,125100.0,124800.0,124900.0,1211,0.0,0.0
2025-02-18 10:11:00+09:00,124900.0,125000.0,124800.0,124900.0,304,0.0,0.0
2025-02-18 10:12:00+09:00,125000.0,125000.0,124800.0,124800.0,363,0.0,0.0
2025-02-18 10:13:00+09:00,124800.0,124900.0,124700.0,124800.0,154,0.0,0.0
2025-02-18 10:14:00+09:00,124800.0,125100.0,124700.0,125000.0,640,0.0,0.0
2025-02-18 10:15:00+09:00,125100.0,125100.0,125000.0,125000.0,704,0.0,0.0
2025-02-18 10:16:00+09:00,124900.0,125100.0,124800.0,125100.0,971,0.0,0.0
2025-02-18 10:17:00+09:00,125200.0,125200.0,124900.0,125000.0,1234,0.0,0.0
2025-02-18 10:18:00+09:00,125100.0,125100.0,125000.0,125000.0,0,0.0,0.0
2025-02-18 10:19:00+09:00,125100.0,125100.0,124700.0,124700.0,2265,0.0,0.0
2025-02-18 10:20:00+09:00,124700.0,124700.0,124600.0,124700.0,446,0.0,0.0
2025-02-18 10:21:00+09:00,124600.0,124700.0,124400.0,124400.0,717,0.0,0.0
2025-02-18 10:22:00+09:00,124500.0,124500.0,124400.0,124500.0,320,0.0,0.0
2025-02-18 10:23:00+09:00,124400.0,124400.0,124300.0,124400.0,406,0.0,0.0
2025-02-18 10:24:00+09:00,124400.0,124500.0,124300.0,124300.0,1472,0.0,0.0
2025-02-18 10:25:00+09:00,124300.0,124400.0,124300.0,124400.0,543,0.0,0.0
2025-02-18 10:26:00+09:00,124400.0,124500.0,124300.0,124400.0,717,0.0,0.0
2025-02-18 10:27:00+09:00,124300.0,124400.0,124300.0,124300.0,203,0.0,0.0
2025-02-18 10:28:00+09:00,124400.0,124400.0,124200.0,124300.0,1223,0.0,0.0
2025-02-18 10:29:00+09:00,124300.0,124300.0,124100.0,124100.0,2887,0.0,0.0
2025-02-18 10:30:00+09:00,124100.0,124200.0,124000.0,124200.0,0,0.0,0.0
2025-02-18 10:31:00+09:00,124100.0,124200.0,124100.0,124100.0,410,0.0,0.0
2025-02-18 10:32:00+09:00,124100.0,124200.0,124000.0,124100.0,604,0.0,0.0
2025-02-18 10:33:00+09:00,124100.0,124100.0,124000.0,124100.0,222,0.0,0.0
2025-02-18 10:34:00+09:00,124100.0,124100.0,123900.0,124000.0,3574,0.0,0.0
2025-02-18 10:35:00+09:00,124000.0,124100.0,123900.0,124000.0,458,0.0,0.0
2025-02-18 10:36:00+09:00,123900.0,124100.0,123900.0,124000.0,657,0.0,0.0
2025-02-18 10:37:00+09:00,124100.0,124100.0,123700.0,123800.0,3061,0.0,0.0
2025-02-18 10:38:00+09:00,123700.0,124000.0,123700.0,123800.0,1504,0.0,0.0
2025-02-18 10:39:00+09:00,123900.0,123900.0,123800.0,123800.0,464,0.0,0.0
2025-02-18 10:40:00+09:00,123800.0,123900.0,123800.0,123800.0,436,0.0,0.0
2025-02-18 10:41:00+09:00,123800.0,123900.0,123800.0,123800.0,443,0.0,0.0
2025-02-18 10:42:00+09:00,123900.0,123900.0,123800.0,123900.0,398,0.0,0.0
2025-02-18 10:43:00+09:00,123800.0,123900.0,123800.0,123800.0,302,0.0,0.0
2025-02-18 10:44:00+09:00,123800.0,124200.0,123800.0,124000.0,1378,0.0,0.0
2025-02-18 10:45:00+09:00,124000.0,124000.0,123900.0,124000.0,314,0.0,0.0
2025-02-18 10:46:00+09:00,124000.0,124100.0,123900.0,124000.0,257,0.0,0.0
2025-02-18 10:47:00+09:00,124000.0,124100.0,124000.0,124100.0,487,0.0,0.0
2025-02-18 10:48:00+09:00,124200.0,124300.0,124100.0,124300.0,97,0.0,0.0
2025-02-18 10:49:00+09:00,124300.0,124300.0,124200.0,124300.0,103,0.0,0.0
2025-02-18 10:50:00+09:00,124200.0,124400.0,124200.0,124200.0,1003,0.0,0.0
2025-02-18 10:51:00+09:00,124300.0,124300.0,124200.0,124300.0,0,0.0,0.0
2025-02-18 10:52:00+09:00,124300.0,124300.0,124000.0,124100.0,462,0.0,0.0
2025-02-18 10:53:00+09:00,124100.0,124100.0,123900.0,123900.0,710,0.0,0.0
2025-02-18 10:54:00+09:00,124000.0,124200.0,123600.0,123700.0,5565,0.0,0.0
2025-02-18 10:55:00+09:00,123600.0,123700.0,123600.0,123600.0,649,0.0,0.0
2025-02-18 10:56:00+09:00,123600.0,123700.0,123600.0,123700.0,309,0.0,0.0
2025-02-18 10:57:00+09:00,123800.0,123800.0,123600.0,123700.0,474,0.0,0.0
2025-02-18 10:58:00+09:00,123700.0,123800.0,123600.0,123700.0,982,0.0,0.0
2025-02-18 10:59:00+09:00,123700.0,123800.0,123600.0,123700.0,600,0.0,0.0
2025-02-18 11:00:00+09:00,123800.0,124000.0,123700.0,123900.0,524,0.0,0.0
2025-02-18 11:01:00+09:00,123900.0,123900.0,123700.0,123900.0,434,0.0,0.0
2025-02-18 11:02:00+09:00,123900.0,124000.0,123800.0,123900.0,219,0.0,0.0
2025-02-18 11:03:00+09:00,123800.0,124000.0,123800.0,124000.0,63,0.0,0.0
2025-02-18 11:04:00+09:00,123900.0,124000.0,123700.0,123700.0,1209,0.0,0.0
2025-02-18 11:05:00+09:00,123800.0,123900.0,123700.0,123800.0,328,0.0,0.0
2025-02-18 11:06:00+09:00,123900.0,124000.0,123700.0,123800.0,174,0.0,0.0
2025-02-18 11:07:00+09:00,123800.0,123900.0,123700.0,123800.0,383,0.0,0.0
2025-02-18 11:08:00+09:00,123800.0,123900.0,123600.0,123700.0,1866,0.0,0.0
2025-02-18 11:09:00+09:00,123700.0,123700.0,123600.0,123600.0,196,0.0,0.0
2025-02-18 11:10:00+09:00,123700.0,123700.0,123600.0,123700.0,237,0.0,0.0
2025-02-18 11:11:00+09:00,123700.0,123800.0,123700.0,123800.0,296,0.0,0.0
2025-02-18 11:12:00+09:00,123700.0,123800.0,123700.0,123800.0,1029,0.0,0.0
2025-02-18 11:13:00+09:00,123700.0,123800.0,123700.0,123800.0,296,0.0,0.0
2025-02-18 11:14:00+09:00,123800.0,123900.0,123800.0,123900.0,515,0.0,0.0
2025-02-18 11:15:00+09:00,123800.0,124000.0,123800.0,124000.0,234,0.0,0.0
2025-02-18 11:16:00+09:00,124000.0,124100.0,123900.0,124000.0,527,0.0,0.0
2025-02-18 11:17:00+09:00,124000.0,124100.0,124000.0,124100.0,577,0.0,0.0
2025-02-18 11:18:00+09:00,124000.0,124200.0,124000.0,124200.0,551,0.0,0.0
2025-02-18 11:19:00+09:00,124100.0,124200.0,124000.0,124100.0,341,0.0,0.0
2025-02-18 11:20:00+09:00,124000.0,124100.0,123900.0,123900.0,655,0.0,0.0
2025-02-18 11:21:00+09:00,123900.0,124000.0,123900.0,123900.0,248,0.0,0.0
2025-02-18 11:22:00+09:00,124000.0,124000.0,123800.0,123800.0,711,0.0,0.0
2025-02-18 11:23:00+09:00,123800.0,123900.0,123700.0,123700.0,1383,0.0,0.0
2025-02-18 11:24:00+09:00,123800.0,123800.0,123500.0,123700.0,4248,0.0,0.0
2025-02-18 11:25:00+09:00,123600.0,123700.0,123500.0,123600.0,387,0.0,0.0
2025-02-18 11:26:00+09:00,123600.0,123700.0,123600.0,123600.0,727,0.0,0.0
2025-02-18 11:27:00+09:00,123700.0,123700.0,123600.0,123600.0,174,0.0,0.0
2025-02-18 11:28:00+09:00,123600.0,123800.0,123600.0,123800.0,490,0.0,0.0
2025-02-18 11:29:00+09:00,123800.0,123800.0,123700.0,123700.0,39,0.0,0.0
2025-02-18 11:30:00+09:00,123700.0,123800.0,123700.0,123700.0,162,0.0,0.0
2025-02-18 11:31:00+09:00,123700.0,123800.0,123700.0,123700.0,122,0.0,0.0
2025-02-18 11:32:00+09:00,123800.0,123800.0,123700.0,123800.0,474,0.0,0.0
2025-02-18 11:33:00+09:00,123800.0,123900.0,123800.0,123800.0,166,0.0,0.0
2025-02-18 11:34:00+09:00,123900.0,123900.0,123700.0,123800.0,211,0.0,0.0
2025-02-18 11:35:00+09:00,123800.0,123900.0,123700.0,123900.0,427,0.0,0.0
2025-02-18 11:36:00+09:00,124000.0,124000.0,123800.0,123900.0,487,0.0,0.0
2025-02-18 11:37:00+09:00,123900.0,124000.0,123800.0,123900.0,188,0.0,0.0
2025-02-18 11:38:00+09:00,123900.0,124000.0,123800.0,123900.0,221,0.0,0.0
2025-02-18 11:39:00+09:00,123900.0,124000.0,123900.0,124000.0,167,0.0,0.0
2025-02-18 11:40:00+09:00,124000.0,124000.0,123800.0,123900.0,456,0.0,0.0
2025-02-18 11:41:00+09:00,124000.0,124100.0,123900.0,124000.0,310,0.0,0.0
2025-02-18 11:42:00+09:00,124100.0,124100.0,124000.0,124100.0,604,0.0,0.0
2025-02-18 11:43:00+09:00,124000.0,124600.0,124000.0,124600.0,932,0.0,0.0
2025-02-18 11:44:00+09:00,124500.0,124600.0,124500.0,124600.0,167,0.0,0.0
2025-02-18 11:45:00+09:00,124600.0,124600.0,124500.0,124600.0,294,0.0,0.0
2025-02-18 11:46:00+09:00,124600.0,124700.0,124500.0,124700.0,695,0.0,0.0
2025-02-18 11:47:00+09:00,124600.0,124700.0,124500.0,124600.0,1048,0.0,0.0
2025-02-18 11:48:00+09:00,124600.0,124600.0,124300.0,124400.0,759,0.0,0.0
2025-02-18 11:49:00+09:00,124400.0,124400.0,124300.0,124400.0,173,0.0,0.0
2025-02-18 11:50:00+09:00,124300.0,124400.0,124300.0,124300.0,115,0.0,0.0
2025-02-18 11:51:00+09:00,124300.0,124400.0,124200.0,124200.0,129,0.0,0.0
2025-02-18 11:52:00+09:00,124200.0,124300.0,124200.0,124200.0,110,0.0,0.0
2025-02-18 11:53:00+09:00,124300.0,124400.0,124200.0,124400.0,296,0.0,0.0
2025-02-18 11:54:00+09:00,124300.0,124400.0,124300.0,124400.0,116,0.0,0.0
2025-02-18 11:55:00+09:00,124300.0,124400.0,124300.0,124400.0,148,0.0,0.0
2025-02-18 11:56:00+09:00,124400.0,124500.0,124400.0,124500.0,138,0.0,0.0
2025-02-18 11:57:00+09:00,124400.0,124800.0,124400.0,124800.0,1448,0.0,0.0
2025-02-18 11:58:00+09:00,124800.0,124800.0,124700.0,124800.0,1061,0.0,0.0
2025-02-18 11:59:00+09:00,124800.0,124900.0,124800.0,124800.0,718,0.0,0.0
2025-02-18 12:00:00+09:00,124700.0,124800.0,124700.0,124700.0,208,0.0,0.0
2025-02-18 12:01:00+09:00,124800.0,124800.0,124700.0,124700.0,274,0.0,0.0
2025-02-18 12:02:00+09:00,124700.0,124800.0,124700.0,124800.0,134,0.0,0.0
2025-02-18 12:03:00+09:00,124800.0,124900.0,124700.0,124900.0,1063,0.0,0.0
2025-02-18 12:04:00+09:00,124800.0,124900.0,124700.0,124800.0,390,0.0,0.0
2025-02-18 12:05:00+09:00,124800.0,124900.0,124800.0,124800.0,428,0.0,0.0
2025-02-18 12:06:00+09:00,124800.0,124800.0,124700.0,124800.0,24,0.0,0.0
2025-02-18 12:07:00+09:00,124800.0,124800.0,124700.0,124800.0,159,0.0,0.0
2025-02-18 12:08:00+09:00,124800.0,124800.0,124700.0,124800.0,446,0.0,0.0
2025-02-18 12:09:00+09:00,124700.0,124800.0,124700.0,124800.0,83,0.0,0.0
2025-02-18 12:10:00+09:00,124700.0,124800.0,124700.0,124700.0,90,0.0,0.0
2025-02-18 12:11:00+09:00,124700.0,124800.0,124600.0,124600.0,647,0.0,0.0
2025-02-18 12:12:00+09:00,124600.0,124700.0,124500.0,124500.0,1115,0.0,0.0
2025-02-18 12:13:00+09:00,124500.0,124600.0,124400.0,124400.0,860,0.0,0.0
2025-02-18 12:14:00+09:00,124500.0,124500.0,124300.0,124400.0,217,0.0,0.0
2025-02-18 12:15:00+09:00,124500.0,124500.0,124300.0,124300.0,396,0.0,0.0
2025-02-18 12:16:00+09:00,124300.0,124400.0,124300.0,124300.0,400,0.0,0.0
2025-02-18 12:17:00+09:00,124300.0,124400.0,124300.0,124300.0,265,0.0,0.0
2025-02-18 12:18:00+09:00,124400.0,124400.0,124300.0,124300.0,178,0.0,0.0
2025-02-18 12:19:00+09:00,124300.0,124500.0,124300.0,124500.0,508,0.0,0.0
2025-02-18 12:20:00+09:00,124400.0,124500.0,124300.0,124400.0,154,0.0,0.0
2025-02-18 12:21:00+09:00,124300.0,124500.0,124300.0,124500.0,174,0.0,0.0
2025-02-18 12:22:00+09:00,124400.0,124500.0,124400.0,124500.0,152,0.0,0.0
2025-02-18 12:23:00+09:00,124400.0,124500.0,124400.0,124400.0,305,0.0,0.0
2025-02-18 12:24:00+09:00,124500.0,124500.0,124400.0,124400.0,55,0.0,0.0
2025-02-18 12:25:00+09:00,124500.0,124500.0,124400.0,124400.0,265,0.0,0.0
2025-02-18 12:26:00+09:00,124400.0,124500.0,124400.0,124400.0,84,0.0,0.0
2025-02-18 12:27:00+09:00,124500.0,124500.0,124400.0,124500.0,62,0.0,0.0
2025-02-18 12:28:00+09:00,124400.0,124500.0,124400.0,124400.0,140,0.0,0.0
2025-02-18 12:29:00+09:00,124500.0,124500.0,124400.0,124500.0,43,0.0,0.0
2025-02-18 12:30:00+09:00,124400.0,124500.0,124400.0,124400.0,446,0.0,0.0
2025-02-18 12:31:00+09:00,124400.0,124700.0,124400.0,124700.0,494,0.0,0.0
2025-02-18 12:32:00+09:00,124600.0,124700.0,124500.0,124600.0,396,0.0,0.0
2025-02-18 12:33:00+09:00,124600.0,124700.0,124500.0,124600.0,141,0.0,0.0
2025-02-18 12:34:00+09:00,124600.0,124700.0,124600.0,124700.0,68,0.0,0.0
2025-02-18 12:35:00+09:00,124700.0,124700.0,124600.0,124600.0,49,0.0,0.0
2025-02-18 12:36:00+09:00,124700.0,124700.0,124500.0,124600.0,570,0.0,0.0
2025-02-18 12:37:00+09:00,124500.0,124600.0,124500.0,124500.0,94,0.0,0.0
2025-02-18 12:38:00+09:00,124500.0,124600.0,124400.0,124400.0,139,0.0,0.0
2025-02-18 12:39:00+09:00,124400.0,124700.0,124400.0,124600.0,331,0.0,0.0
2025-02-18 12:40:00+09:00,124600.0,124600.0,124400.0,124500.0,113,0.0,0.0
2025-02-18 12:41:00+09:00,124600.0,124600.0,124500.0,124600.0,140,0.0,0.0
2025-02-18 12:42:00+09:00,124500.0,124600.0,124400.0,124500.0,98,0.0,0.0
2025-02-18 12:43:00+09:00,124500.0,124500.0,124400.0,124400.0,197,0.0,0.0
2025-02-18 12:44:00+09:00,124400.0,124500.0,124400.0,124400.0,400,0.0,0.0
2025-02-18 12:45:00+09:00,124400.0,124500.0,124300.0,124400.0,167,0.0,0.0
2025-02-18 12:46:00+09:00,124400.0,124500.0,124300.0,124500.0,459,0.0,0.0
2025-02-18 12:47:00+09:00,124500.0,124600.0,124400.0,124400.0,170,0.0,0.0
2025-02-18 12:48:00+09:00,124400.0,124500.0,124300.0,124400.0,682,0.0,0.0
2025-02-18 12:49:00+09:00,124400.0,124500.0,124400.0,124400.0,41,0.0,0.0
2025-02-18 12:50:00+09:00,124500.0,124500.0,124400.0,124500.0,148,0.0,0.0
2025-02-18 12:51:00+09:00,124500.0,124500.0,124400.0,124400.0,168,0.0,0.0
2025-02-18 12:52:00+09:00,124400.0,124500.0,124400.0,124500.0,217,0.0,0.0
2025-02-18 12:53:00+09:00,124500.0,124600.0,124500.0,124500.0,531,0.0,0.0
2025-02-18 12:54:00+09:00,124500.0,124600.0,124400.0,124500.0,403,0.0,0.0
2025-02-18 12:55:00+09:00,124500.0,124600.0,124400.0,124600.0,187,0.0,0.0
2025-02-18 12:56:00+09:00,124500.0,124600.0,124500.0,124600.0,542,0.0,0.0
2025-02-18 12:57:00+09:00,124600.0,124600.0,124400.0,124400.0,470,0.0,0.0
2025-02-18 12:58:00+09:00,124500.0,124500.0,124400.0,124500.0,129,0.0,0.0
2025-02-18 12:59:00+09:00,124500.0,124600.0,124400.0,124600.0,313,0.0,0.0
2025-02-18 13:00:00+09:00,124600.0,124800.0,124600.0,124700.0,774,0.0,0.0
2025-02-18 13:01:00+09:00,124700.0,124800.0,124600.0,124600.0,446,0.0,0.0
2025-02-18 13:02:00+09:00,124700.0,124700.0,124700.0,124700.0,189,0.0,0.0
2025-02-18 13:03:00+09:00,124700.0,124700.0,124500.0,124600.0,191,0.0,0.0
2025-02-18 13:04:00+09:00,124600.0,124600.0,124500.0,124500.0,29,0.0,0.0
2025-02-18 13:05:00+09:00,124500.0,124500.0,124400.0,124400.0,221,0.0,0.0
2025-02-18 13:06:00+09:00,124400.0,124500.0,124400.0,124500.0,124,0.0,0.0
2025-02-18 13:07:00+09:00,124500.0,124500.0,124400.0,124400.0,109,0.0,0.0
2025-02-18 13:08:00+09:00,124400.0,124500.0,124400.0,124500.0,99,0.0,0.0
2025-02-18 13:09:00+09:00,124400.0,124600.0,124400.0,124600.0,226,0.0,0.0
2025-02-18 13:10:00+09:00,124500.0,124600.0,124500.0,124600.0,49,0.0,0.0
2025-02-18 13:11:00+09:00,124600.0,124600.0,124500.0,124500.0,93,0.0,0.0
2025-02-18 13:12:00+09:00,124500.0,124500.0,124400.0,124500.0,86,0.0,0.0
2025-02-18 13:13:00+09:00,124500.0,124500.0,124400.0,124500.0,373,0.0,0.0
2025-02-18 13:14:00+09:00,124500.0,124500.0,124400.0,124400.0,319,0.0,0.0
2025-02-18 13:15:00+09:00,124500.0,124500.0,124400.0,124500.0,8,0.0,0.0
2025-02-18 13:16:00+09:00,124400.0,124500.0,124400.0,124400.0,147,0.0,0.0
2025-02-18 13:17:00+09:00,124500.0,124500.0,124400.0,124400.0,355,0.0,0.0
2025-02-18 13:18:00+09:00,124500.0,124500.0,124300.0,124300.0,1875,0.0,0.0
2025-02-18 13:19:00+09:00,124300.0,124400.0,124200.0,124200.0,727,0.0,0.0
2025-02-18 13:20:00+09:00,124200.0,124300.0,124200.0,124300.0,370,0.0,0.0
2025-02-18 13:21:00+09:00,124200.0,124300.0,124200.0,124300.0,153,0.0,0.0
2025-02-18 13:22:00+09:00,124200.0,124300.0,124200.0,124200.0,205,0.0,0.0
2025-02-18 13:23:00+09:00,124200.0,124300.0,124200.0,124300.0,299,0.0,0.0
2025-02-18 13:24:00+09:00,124200.0,124300.0,124200.0,124300.0,236,0.0,0.0
2025-02-18 13:25:00+09:00,124200.0,124300.0,124200.0,124200.0,95,0.0,0.0
2025-02-18 13:26:00+09:00,124200.0,124300.0,124200.0,124300.0,180,0.0,0.0
2025-02-18 13:27:00+09:00,124200.0,124300.0,124200.0,124200.0,234,0.0,0.0
2025-02-18 13:28:00+09:00,124300.0,124300.0,124200.0,124200.0,84,0.0,0.0
2025-02-18 13:29:00+09:00,124300.0,124300.0,124200.0,124300.0,253,0.0,0.0
2025-02-18 13:30:00+09:00,124200.0,124300.0,124200.0,124200.0,74,0.0,0.0
2025-02-18 13:31:00+09:00,124300.0,124300.0,124200.0,124200.0,534,0.0,0.0
2025-02-18 13:32:00+09:00,124300.0,124300.0,124100.0,124100.0,738,0.0,0.0
2025-02-18 13:33:00+09:00,124100.0,124200.0,124100.0,124100.0,231,0.0,0.0
2025-02-18 13:34:00+09:00,124200.0,124200.0,124100.0,124200.0,1127,0.0,0.0
2025-02-18 13:35:00+09:00,124200.0,124200.0,124100.0,124100.0,354,0.0,0.0
2025-02-18 13:36:00+09:00,124100.0,124200.0,124100.0,124100.0,694,0.0,0.0
2025-02-18 13:37:00+09:00,124100.0,124100.0,124000.0,124000.0,553,0.0,0.0
2025-02-18 13:38:00+09:00,124000.0,124100.0,124000.0,124000.0,150,0.0,0.0
2025-02-18 13:39:00+09:00,124100.0,124100.0,124000.0,124000.0,254,0.0,0.0
2025-02-18 13:40:00+09:00,124000.0,124100.0,124000.0,124100.0,225,0.0,0.0
2025-02-18 13:41:00+09:00,124000.0,124200.0,124000.0,124200.0,255,0.0,0.0
2025-02-18 13:42:00+09:00,124200.0,124300.0,124100.0,124100.0,645,0.0,0.0
2025-02-18 13:43:00+09:00,124100.0,124200.0,123800.0,123800.0,8351,0.0,0.0
2025-02-18 13:44:00+09:00,123900.0,124000.0,123800.0,123900.0,311,0.0,0.0
2025-02-18 13:45:00+09:00,123900.0,124000.0,123800.0,123900.0,1107,0.0,0.0
2025-02-18 13:46:00+09:00,123800.0,123900.0,123800.0,123900.0,318,0.0,0.0
2025-02-18 13:47:00+09:00,123900.0,124000.0,123800.0,124000.0,714,0.0,0.0
2025-02-18 13:48:00+09:00,123900.0,124100.0,123800.0,124000.0,310,0.0,0.0
2025-02-18 13:49:00+09:00,124000.0,124000.0,123900.0,123900.0,296,0.0,0.0
2025-02-18 13:50:00+09:00,124000.0,124000.0,123900.0,123900.0,296,0.0,0.0
2025-02-18 13:51:00+09:00,123900.0,124100.0,123900.0,124000.0,568,0.0,0.0
2025-02-18 13:52:00+09:00,124000.0,124100.0,123900.0,124000.0,362,0.0,0.0
2025-02-18 13:53:00+09:00,123900.0,124100.0,123900.0,124000.0,354,0.0,0.0
2025-02-18 13:54:00+09:00,124000.0,124200.0,124000.0,124100.0,1095,0.0,0.0
2025-02-18 13:55:00+09:00,124100.0,124200.0,124100.0,124200.0,230,0.0,0.0
2025-02-18 13:56:00+09:00,124200.0,124200.0,124100.0,124100.0,496,0.0,0.0
2025-02-18 13:57:00+09:00,124100.0,124300.0,124100.0,124200.0,604,0.0,0.0
2025-02-18 13:58:00+09:00,124200.0,124300.0,124100.0,124200.0,453,0.0,0.0
2025-02-18 13:59:00+09:00,124300.0,124500.0,124200.0,124400.0,1844,0.0,0.0
2025-02-18 14:00:00+09:00,124400.0,124500.0,124400.0,124500.0,161,0.0,0.0
2025-02-18 14:01:00+09:00,124500.0,124600.0,124300.0,124300.0,929,0.0,0.0
2025-02-18 14:02:00+09:00,124300.0,124400.0,124200.0,124300.0,381,0.0,0.0
2025-02-18 14:03:00+09:00,124200.0,124400.0,124200.0,124300.0,455,0.0,0.0
2025-02-18 14:04:00+09:00,124300.0,124400.0,124200.0,124200.0,402,0.0,0.0
2025-02-18 14:05:00+09:00,124200.0,124300.0,124200.0,124200.0,342,0.0,0.0
2025-02-18 14:06:00+09:00,124300.0,124400.0,124200.0,124400.0,797,0.0,0.0
2025-02-18 14:07:00+09:00,124400.0,124400.0,124300.0,124300.0,366,0.0,0.0
2025-02-18 14:08:00+09:00,124300.0,124400.0,124200.0,124300.0,495,0.0,0.0
2025-02-18 14:09:00+09:00,124200.0,124300.0,124200.0,124300.0,228,0.0,0.0
2025-02-18 14:10:00+09:00,124300.0,124300.0,124100.0,124100.0,104,0.0,0.0
2025-02-18 14:11:00+09:00,124200.0,124200.0,124100.0,124200.0,224,0.0,0.0
2025-02-18 14:12:00+09:00,124200.0,124200.0,124100.0,124100.0,110,0.0,0.0
2025-02-18 14:13:00+09:00,124100.0,124200.0,124100.0,124200.0,707,0.0,0.0
2025-02-18 14:14:00+09:00,124100.0,124400.0,124100.0,124300.0,570,0.0,0.0
2025-02-18 14:15:00+09:00,124300.0,124400.0,124300.0,124400.0,142,0.0,0.0
2025-02-18 14:16:00+09:00,124300.0,124400.0,124300.0,124400.0,1547,0.0,0.0
2025-02-18 14:17:00+09:00,124400.0,124400.0,124300.0,124300.0,453,0.0,0.0
2025-02-18 14:18:00+09:00,124300.0,124400.0,124200.0,124300.0,822,0.0,0.0
2025-02-18 14:19:00+09:00,124400.0,124400.0,124300.0,124400.0,749,0.0,0.0
2025-02-18 14:20:00+09:00,124400.0,124400.0,124200.0,124200.0,651,0.0,0.0
2025-02-18 14:21:00+09:00,124200.0,124400.0,124200.0,124300.0,204,0.0,0.0
2025-02-18 14:22:00+09:00,124200.0,124300.0,124200.0,124300.0,314,0.0,0.0
2025-02-18 14:23:00+09:00,124200.0,124200.0,124100.0,124100.0,243,0.0,0.0
2025-02-18 14:24:00+09:00,124200.0,124200.0,124100.0,124100.0,533,0.0,0.0
2025-02-18 14:25:00+09:00,124100.0,124200.0,124000.0,124000.0,532,0.0,0.0
2025-02-18 14:26:00+09:00,124000.0,124200.0,124000.0,124000.0,215,0.0,0.0
2025-02-18 14:27:00+09:00,124000.0,124200.0,124000.0,124100.0,459,0.0,0.0
2025-02-18 14:28:00+09:00,124100.0,124200.0,124000.0,124100.0,232,0.0,0.0
2025-02-18 14:29:00+09:00,124200.0,124200.0,124000.0,124100.0,826,0.0,0.0
2025-02-18 14:30:00+09:00,124000.0,124200.0,124000.0,124000.0,318,0.0,0.0
2025-02-18 14:31:00+09:00,124000.0,124100.0,124000.0,124000.0,420,0.0,0.0
2025-02-18 14:32:00+09:00,124100.0,124200.0,124000.0,124100.0,670,0.0,0.0
2025-02-18 14:33:00+09:00,124100.0,124200.0,124100.0,124100.0,166,0.0,0.0
2025-02-18 14:34:00+09:00,124100.0,124200.0,124100.0,124200.0,394,0.0,0.0
2025-02-18 14:35:00+09:00,124200.0,124500.0,124100.0,124300.0,1313,0.0,0.0
2025-02-18 14:36:00+09:00,124300.0,124400.0,124300.0,124300.0,372,0.0,0.0
2025-02-18 14:37:00+09:00,124300.0,124400.0,124300.0,124400.0,196,0.0,0.0
2025-02-18 14:38:00+09:00,124300.0,124400.0,124200.0,124400.0,1155,0.0,0.0
2025-02-18 14:39:00+09:00,124300.0,124300.0,124000.0,124200.0,190,0.0,0.0
2025-02-18 14:40:00+09:00,124200.0,124600.0,124200.0,124500.0,918,0.0,0.0
2025-02-18 14:41:00+09:00,124600.0,124800.0,124600.0,124700.0,933,0.0,0.0
2025-02-18 14:42:00+09:00,124700.0,124800.0,124600.0,124600.0,977,0.0,0.0
2025-02-18 14:43:00+09:00,124600.0,124800.0,124600.0,124600.0,623,0.0,0.0
2025-02-18 14:44:00+09:00,124600.0,124700.0,124500.0,124700.0,580,0.0,0.0
2025-02-18 14:45:00+09:00,124600.0,124600.0,124500.0,124500.0,306,0.0,0.0
2025-02-18 14:46:00+09:00,124600.0,124600.0,124500.0,124600.0,245,0.0,0.0
2025-02-18 14:47:00+09:00,124500.0,124600.0,124500.0,124500.0,447,0.0,0.0
2025-02-18 14:48:00+09:00,124500.0,124600.0,124500.0,124500.0,338,0.0,0.0
2025-02-18 14:49:00+09:00,124600.0,124600.0,124400.0,124400.0,452,0.0,0.0
2025-02-18 14:50:00+09:00,124500.0,124500.0,124400.0,124400.0,239,0.0,0.0
2025-02-18 14:51:00+09:00,124400.0,124500.0,124400.0,124500.0,229,0.0,0.0
2025-02-18 14:52:00+09:00,124500.0,124600.0,124400.0,124500.0,922,0.0,0.0
2025-02-18 14:53:00+09:00,124600.0,124600.0,124300.0,124300.0,1231,0.0,0.0
2025-02-18 14:54:00+09:00,124500.0,124500.0,124300.0,124300.0,803,0.0,0.0
2025-02-18 14:55:00+09:00,124300.0,124400.0,124300.0,124400.0,198,0.0,0.0
2025-02-18 14:56:00+09:00,124300.0,124400.0,124300.0,124400.0,760,0.0,0.0
2025-02-18 14:57:00+09:00,124400.0,124600.0,124400.0,124500.0,635,0.0,0.0
2025-02-18 14:58:00+09:00,124600.0,124600.0,124500.0,124500.0,251,0.0,0.0
2025-02-18 14:59:00+09:00,124600.0,124700.0,124500.0,124700.0,1154,0.0,0.0
2025-02-19 09:00:00+09:00,122300.0,122800.0,121100.0,121100.0,25371,0.0,0.0
2025-02-19 09:01:00+09:00,121200.0,121300.0,120100.0,120200.0,13495,0.0,0.0
2025-02-19 09:02:00+09:00,120200.0,120500.0,119800.0,119900.0,20786,0.0,0.0
2025-02-19 09:03:00+09:00,119800.0,119900.0,119200.0,119400.0,9667,0.0,0.0
2025-02-19 09:04:00+09:00,119600.0,120300.0,119500.0,119800.0,4537,0.0,0.0
2025-02-19 09:05:00+09:00,119800.0,120000.0,119500.0,119700.0,6516,0.0,0.0
2025-02-19 09:06:00+09:00,119700.0,119800.0,118100.0,118200.0,25852,0.0,0.0
2025-02-19 09:07:00+09:00,118200.0,118700.0,118100.0,118200.0,12297,0.0,0.0
2025-02-19 09:08:00+09:00,118300.0,118900.0,118000.0,118800.0,7796,0.0,0.0
2025-02-19 09:09:00+09:00,118600.0,118900.0,117700.0,117700.0,21303,0.0,0.0
2025-02-19 09:10:00+09:00,117700.0,117900.0,117400.0,117900.0,18181,0.0,0.0
2025-02-19 09:11:00+09:00,117800.0,118700.0,117400.0,118600.0,8356,0.0,0.0
2025-02-19 09:12:00+09:00,118600.0,119100.0,118500.0,119000.0,4958,0.0,0.0
2025-02-19 09:13:00+09:00,119100.0,119200.0,118000.0,118600.0,13045,0.0,0.0
2025-02-19 09:14:00+09:00,118600.0,119000.0,118500.0,118900.0,2464,0.0,0.0
2025-02-19 09:15:00+09:00,118900.0,119600.0,118900.0,119500.0,5490,0.0,0.0
2025-02-19 09:16:00+09:00,119600.0,119600.0,118700.0,118800.0,7741,0.0,0.0
2025-02-19 09:17:00+09:00,119000.0,119000.0,118700.0,118800.0,2320,0.0,0.0
2025-02-19 09:18:00+09:00,118900.0,119000.0,118800.0,119000.0,1873,0.0,0.0
2025-02-19 09:19:00+09:00,118900.0,119000.0,118700.0,118800.0,4118,0.0,0.0
2025-02-19 09:20:00+09:00,118900.0,119100.0,118800.0,119100.0,3761,0.0,0.0
2025-02-19 09:21:00+09:00,119100.0,119400.0,118900.0,119300.0,1670,0.0,0.0
2025-02-19 09:22:00+09:00,119300.0,119300.0,119000.0,119100.0,1643,0.0,0.0
2025-02-19 09:23:00+09:00,119100.0,119200.0,118000.0,118600.0,13345,0.0,0.0
2025-02-19 09:24:00+09:00,118500.0,118600.0,118100.0,118200.0,2662,0.0,0.0
2025-02-19 09:25:00+09:00,118200.0,118300.0,117400.0,117700.0,12451,0.0,0.0
2025-02-19 09:26:00+09:00,117600.0,117800.0,117000.0,117000.0,21813,0.0,0.0
2025-02-19 09:27:00+09:00,117000.0,117600.0,116900.0,117500.0,8769,0.0,0.0
2025-02-19 09:28:00+09:00,117500.0,118200.0,117400.0,118000.0,4449,0.0,0.0
2025-02-19 09:29:00+09:00,118000.0,118200.0,118000.0,118200.0,2557,0.0,0.0
2025-02-19 09:30:00+09:00,118200.0,118200.0,117400.0,117700.0,4613,0.0,0.0
2025-02-19 09:31:00+09:00,117600.0,118100.0,117400.0,118000.0,5026,0.0,0.0
2025-02-19 09:32:00+09:00,118100.0,118100.0,117100.0,117600.0,11484,0.0,0.0
2025-02-19 09:33:00+09:00,117600.0,117900.0,117300.0,117900.0,1925,0.0,0.0
2025-02-19 09:34:00+09:00,117800.0,118100.0,117800.0,118100.0,1994,0.0,0.0
2025-02-19 09:35:00+09:00,118100.0,118100.0,117800.0,118100.0,2469,0.0,0.0
2025-02-19 09:36:00+09:00,118100.0,118400.0,118100.0,118300.0,2585,0.0,0.0
2025-02-19 09:37:00+09:00,118300.0,118500.0,118200.0,118400.0,3858,0.0,0.0
2025-02-19 09:38:00+09:00,118400.0,118600.0,118400.0,118500.0,1807,0.0,0.0
2025-02-19 09:39:00+09:00,118600.0,118700.0,118500.0,118600.0,931,0.0,0.0
2025-02-19 09:40:00+09:00,118700.0,118800.0,118600.0,118600.0,2549,0.0,0.0
2025-02-19 09:41:00+09:00,118700.0,118700.0,118300.0,118400.0,2991,0.0,0.0
2025-02-19 09:42:00+09:00,118400.0,118800.0,118300.0,118600.0,3073,0.0,0.0
2025-02-19 09:43:00+09:00,118700.0,118800.0,118500.0,118800.0,1274,0.0,0.0
2025-02-19 09:44:00+09:00,118700.0,119000.0,118700.0,119000.0,5818,0.0,0.0
2025-02-19 09:45:00+09:00,119000.0,119100.0,118900.0,119000.0,3670,0.0,0.0
2025-02-19 09:46:00+09:00,119000.0,119100.0,118900.0,119100.0,1566,0.0,0.0
2025-02-19 09:47:00+09:00,119100.0,119200.0,119000.0,119000.0,2231,0.0,0.0
2025-02-19 09:48:00+09:00,119000.0,119000.0,118400.0,118700.0,7657,0.0,0.0
2025-02-19 09:49:00+09:00,118600.0,118800.0,118600.0,118700.0,954,0.0,0.0
2025-02-19 09:50:00+09:00,118700.0,118900.0,118700.0,118900.0,601,0.0,0.0
2025-02-19 09:51:00+09:00,118900.0,119000.0,118800.0,118900.0,1355,0.0,0.0
2025-02-19 09:52:00+09:00,119000.0,119100.0,118800.0,118900.0,1452,0.0,0.0
2025-02-19 09:53:00+09:00,119000.0,119000.0,118500.0,118900.0,5228,0.0,0.0
2025-02-19 09:54:00+09:00,119000.0,119000.0,118800.0,118800.0,577,0.0,0.0
2025-02-19 09:55:00+09:00,118900.0,119100.0,118800.0,119100.0,1189,0.0,0.0
2025-02-19 09:56:00+09:00,119000.0,119100.0,118700.0,118700.0,1142,0.0,0.0
2025-02-19 09:57:00+09:00,118700.0,118800.0,118600.0,118600.0,1227,0.0,0.0
2025-02-19 09:58:00+09:00,118700.0,118800.0,118500.0,118700.0,699,0.0,0.0
2025-02-19 09:59:00+09:00,118700.0,119300.0,118600.0,119200.0,2719,0.0,0.0
2025-02-19 10:00:00+09:00,119200.0,119400.0,119200.0,119200.0,1788,0.0,0.0
2025-02-19 10:01:00+09:00,119200.0,119700.0,119100.0,119600.0,4467,0.0,0.0
2025-02-19 10:02:00+09:00,119600.0,119600.0,119400.0,119500.0,3215,0.0,0.0
2025-02-19 10:03:00+09:00,119500.0,119700.0,119400.0,119500.0,3530,0.0,0.0
2025-02-19 10:04:00+09:00,119500.0,119500.0,119200.0,119300.0,1765,0.0,0.0
2025-02-19 10:05:00+09:00,119400.0,119500.0,119300.0,119300.0,813,0.0,0.0
2025-02-19 10:06:00+09:00,119400.0,119500.0,119300.0,119400.0,684,0.0,0.0
2025-02-19 10:07:00+09:00,119400.0,119700.0,119400.0,119600.0,1706,0.0,0.0
2025-02-19 10:08:00+09:00,119600.0,119600.0,119400.0,119500.0,1089,0.0,0.0
2025-02-19 10:09:00+09:00,119600.0,119600.0,119100.0,119100.0,1684,0.0,0.0
2025-02-19 10:10:00+09:00,119100.0,119300.0,119100.0,119200.0,808,0.0,0.0
2025-02-19 10:11:00+09:00,119300.0,119300.0,118900.0,118900.0,1080,0.0,0.0
2025-02-19 10:12:00+09:00,118900.0,119200.0,118900.0,119000.0,588,0.0,0.0
2025-02-19 10:13:00+09:00,119100.0,119100.0,118700.0,119100.0,1474,0.0,0.0
2025-02-19 10:14:00+09:00,119000.0,119100.0,118900.0,118900.0,174,0.0,0.0
2025-02-19 10:15:00+09:00,119000.0,119000.0,118800.0,118900.0,1100,0.0,0.0
2025-02-19 10:16:00+09:00,118900.0,119100.0,118900.0,119000.0,565,0.0,0.0
2025-02-19 10:17:00+09:00,119100.0,119200.0,118900.0,119000.0,2270,0.0,0.0
2025-02-19 10:18:00+09:00,118900.0,119100.0,118800.0,118800.0,1503,0.0,0.0
2025-02-19 10:19:00+09:00,118800.0,119000.0,118800.0,119000.0,478,0.0,0.0
2025-02-19 10:20:00+09:00,119000.0,119000.0,118600.0,118600.0,4930,0.0,0.0
2025-02-19 10:21:00+09:00,118600.0,118700.0,118500.0,118600.0,4142,0.0,0.0
2025-02-19 10:22:00+09:00,118700.0,118700.0,118200.0,118300.0,2387,0.0,0.0
2025-02-19 10:23:00+09:00,118300.0,119000.0,118300.0,118500.0,586,0.0,0.0
2025-02-19 10:24:00+09:00,118500.0,118600.0,118300.0,118300.0,1675,0.0,0.0
2025-02-19 10:25:00+09:00,118300.0,118400.0,118100.0,118200.0,2671,0.0,0.0
2025-02-19 10:26:00+09:00,118100.0,118200.0,118000.0,118100.0,3914,0.0,0.0
2025-02-19 10:27:00+09:00,118100.0,118200.0,118000.0,118000.0,1162,0.0,0.0
2025-02-19 10:28:00+09:00,118000.0,118100.0,117900.0,118100.0,2005,0.0,0.0
2025-02-19 10:29:00+09:00,118100.0,118400.0,118000.0,118200.0,881,0.0,0.0
2025-02-19 10:30:00+09:00,118200.0,118400.0,118200.0,118200.0,609,0.0,0.0
2025-02-19 10:31:00+09:00,118200.0,118300.0,118000.0,118000.0,1130,0.0,0.0
2025-02-19 10:32:00+09:00,118000.0,118100.0,118000.0,118000.0,1988,0.0,0.0
2025-02-19 10:33:00+09:00,118100.0,118100.0,118000.0,118100.0,696,0.0,0.0
2025-02-19 10:34:00+09:00,118100.0,118300.0,118000.0,118200.0,669,0.0,0.0
2025-02-19 10:35:00+09:00,118100.0,118200.0,118100.0,118100.0,419,0.0,0.0
2025-02-19 10:36:00+09:00,118100.0,118200.0,118000.0,118200.0,477,0.0,0.0
2025-02-19 10:37:00+09:00,118200.0,118300.0,118100.0,118100.0,514,0.0,0.0
2025-02-19 10:38:00+09:00,118100.0,118300.0,118100.0,118100.0,359,0.0,0.0
2025-02-19 10:39:00+09:00,118200.0,118200.0,118100.0,118200.0,422,0.0,0.0
2025-02-19 10:40:00+09:00,118200.0,118400.0,118200.0,118300.0,353,0.0,0.0
2025-02-19 10:41:00+09:00,118400.0,118500.0,118300.0,118400.0,273,0.0,0.0
2025-02-19 10:42:00+09:00,118500.0,118500.0,118300.0,118300.0,551,0.0,0.0
2025-02-19 10:43:00+09:00,118300.0,118500.0,118200.0,118400.0,1567,0.0,0.0
2025-02-19 10:44:00+09:00,118500.0,118500.0,118300.0,118300.0,326,0.0,0.0
2025-02-19 10:45:00+09:00,118300.0,119000.0,118300.0,119000.0,1569,0.0,0.0
2025-02-19 10:46:00+09:00,118900.0,119000.0,118900.0,118900.0,642,0.0,0.0
2025-02-19 10:47:00+09:00,118900.0,119000.0,118900.0,118900.0,1255,0.0,0.0
2025-02-19 10:48:00+09:00,119000.0,119000.0,118800.0,118900.0,1300,0.0,0.0
2025-02-19 10:49:00+09:00,119000.0,119200.0,118900.0,119000.0,1358,0.0,0.0
2025-02-19 10:50:00+09:00,119000.0,119100.0,118800.0,118800.0,983,0.0,0.0
2025-02-19 10:51:00+09:00,118900.0,118900.0,118800.0,118900.0,578,0.0,0.0
2025-02-19 10:52:00+09:00,118900.0,119100.0,118800.0,119000.0,1528,0.0,0.0
2025-02-19 10:53:00+09:00,119000.0,119000.0,118800.0,118900.0,1628,0.0,0.0
2025-02-19 10:54:00+09:00,119000.0,119200.0,118900.0,119100.0,843,0.0,0.0
2025-02-19 10:55:00+09:00,119100.0,119200.0,119000.0,119200.0,654,0.0,0.0
2025-02-19 10:56:00+09:00,119100.0,119600.0,119100.0,119500.0,2916,0.0,0.0
2025-02-19 10:57:00+09:00,119500.0,119600.0,119400.0,119500.0,645,0.0,0.0
2025-02-19 10:58:00+09:00,119400.0,119600.0,119300.0,119500.0,1129,0.0,0.0
2025-02-19 10:59:00+09:00,119400.0,119900.0,119300.0,119700.0,5045,0.0,0.0
2025-02-19 11:00:00+09:00,119800.0,119800.0,119500.0,119600.0,459,0.0,0.0
2025-02-19 11:01:00+09:00,119500.0,119800.0,119500.0,119600.0,1537,0.0,0.0
2025-02-19 11:02:00+09:00,119700.0,119800.0,119600.0,119800.0,910,0.0,0.0
2025-02-19 11:03:00+09:00,119800.0,120000.0,119700.0,119900.0,3878,0.0,0.0
2025-02-19 11:04:00+09:00,119800.0,120000.0,119800.0,120000.0,1547,0.0,0.0
2025-02-19 11:05:00+09:00,120000.0,120000.0,119800.0,119900.0,488,0.0,0.0
2025-02-19 11:06:00+09:00,119900.0,119900.0,119800.0,119800.0,1130,0.0,0.0
2025-02-19 11:07:00+09:00,119800.0,120000.0,119800.0,119900.0,1431,0.0,0.0
2025-02-19 11:08:00+09:00,119800.0,120200.0,119800.0,120200.0,3852,0.0,0.0
2025-02-19 11:09:00+09:00,120300.0,120300.0,120100.0,120100.0,622,0.0,0.0
2025-02-19 11:10:00+09:00,120100.0,120200.0,120000.0,120000.0,1007,0.0,0.0
2025-02-19 11:11:00+09:00,120000.0,120200.0,119900.0,120100.0,1416,0.0,0.0
2025-02-19 11:12:00+09:00,120000.0,120100.0,120000.0,120000.0,297,0.0,0.0
2025-02-19 11:13:00+09:00,120100.0,120100.0,119700.0,119700.0,1914,0.0,0.0
2025-02-19 11:14:00+09:00,119700.0,119800.0,119600.0,119600.0,501,0.0,0.0
2025-02-19 11:15:00+09:00,119700.0,119700.0,119400.0,119500.0,819,0.0,0.0
2025-02-19 11:16:00+09:00,119500.0,119800.0,119500.0,119800.0,291,0.0,0.0
2025-02-19 11:17:00+09:00,119800.0,119800.0,119600.0,119600.0,412,0.0,0.0
2025-02-19 11:18:00+09:00,119600.0,119700.0,119500.0,119600.0,206,0.0,0.0
2025-02-19 11:19:00+09:00,119600.0,119900.0,119600.0,119900.0,605,0.0,0.0
2025-02-19 11:20:00+09:00,119800.0,120000.0,119700.0,119800.0,625,0.0,0.0
2025-02-19 11:21:00+09:00,119800.0,119800.0,119500.0,119600.0,894,0.0,0.0
2025-02-19 11:22:00+09:00,119600.0,119600.0,119500.0,119500.0,347,0.0,0.0
2025-02-19 11:23:00+09:00,119600.0,119800.0,119400.0,119700.0,731,0.0,0.0
2025-02-19 11:24:00+09:00,119700.0,119800.0,119600.0,119600.0,400,0.0,0.0
2025-02-19 11:25:00+09:00,119700.0,119700.0,119500.0,119600.0,305,0.0,0.0
2025-02-19 11:26:00+09:00,119500.0,119800.0,119500.0,119700.0,759,0.0,0.0
2025-02-19 11:27:00+09:00,119700.0,119700.0,119500.0,119500.0,545,0.0,0.0
2025-02-19 11:28:00+09:00,119500.0,119600.0,119400.0,119500.0,230,0.0,0.0
2025-02-19 11:29:00+09:00,119500.0,119600.0,119400.0,119400.0,245,0.0,0.0
2025-02-19 11:30:00+09:00,119400.0,119500.0,119100.0,119200.0,1846,0.0,0.0
2025-02-19 11:31:00+09:00,119200.0,119400.0,119100.0,119300.0,1273,0.0,0.0
2025-02-19 11:32:00+09:00,119200.0,119400.0,119100.0,119200.0,443,0.0,0.0
2025-02-19 11:33:00+09:00,119200.0,119300.0,119100.0,119200.0,359,0.0,0.0
2025-02-19 11:34:00+09:00,119300.0,119400.0,119200.0,119200.0,249,0.0,0.0
2025-02-19 11:35:00+09:00,119200.0,119300.0,119200.0,119300.0,269,0.0,0.0
2025-02-19 11:36:00+09:00,119300.0,119300.0,119200.0,119300.0,402,0.0,0.0
2025-02-19 11:37:00+09:00,119200.0,119400.0,119200.0,119400.0,512,0.0,0.0
2025-02-19 11:38:00+09:00,119300.0,119400.0,119200.0,119300.0,156,0.0,0.0
2025-02-19 11:39:00+09:00,119300.0,119300.0,119200.0,119300.0,212,0.0,0.0
2025-02-19 11:40:00+09:00,119300.0,119400.0,119300.0,119400.0,1315,0.0,0.0
2025-02-19 11:41:00+09:00,119300.0,119400.0,119300.0,119400.0,153,0.0,0.0
2025-02-19 11:42:00+09:00,119400.0,119400.0,119300.0,119300.0,246,0.0,0.0
2025-02-19 11:43:00+09:00,119300.0,119400.0,119200.0,119400.0,1342,0.0,0.0
2025-02-19 11:44:00+09:00,119300.0,119400.0,119300.0,119300.0,277,0.0,0.0
2025-02-19 11:45:00+09:00,119400.0,119400.0,119200.0,119400.0,793,0.0,0.0
2025-02-19 11:46:00+09:00,119400.0,119500.0,119300.0,119500.0,409,0.0,0.0
2025-02-19 11:47:00+09:00,119500.0,119500.0,119300.0,119400.0,2166,0.0,0.0
2025-02-19 11:48:00+09:00,119400.0,119500.0,119200.0,119400.0,1478,0.0,0.0
2025-02-19 11:49:00+09:00,119400.0,119500.0,119400.0,119500.0,96,0.0,0.0
2025-02-19 11:50:00+09:00,119500.0,119500.0,119400.0,119500.0,295,0.0,0.0
2025-02-19 11:51:00+09:00,119500.0,119500.0,119300.0,119300.0,463,0.0,0.0
2025-02-19 11:52:00+09:00,119400.0,119500.0,119300.0,119400.0,189,0.0,0.0
2025-02-19 11:53:00+09:00,119500.0,119500.0,119400.0,119400.0,288,0.0,0.0
2025-02-19 11:54:00+09:00,119400.0,119500.0,119400.0,119500.0,177,0.0,0.0
2025-02-19 11:55:00+09:00,119400.0,119500.0,119400.0,119500.0,202,0.0,0.0
2025-02-19 11:56:00+09:00,119500.0,119500.0,119400.0,119400.0,278,0.0,0.0
2025-02-19 11:57:00+09:00,119500.0,119500.0,119300.0,119400.0,1578,0.0,0.0
2025-02-19 11:58:00+09:00,119400.0,119400.0,119300.0,119300.0,348,0.0,0.0
2025-02-19 11:59:00+09:00,119400.0,119500.0,119200.0,119500.0,4288,0.0,0.0
2025-02-19 12:00:00+09:00,119400.0,119500.0,119400.0,119400.0,286,0.0,0.0
2025-02-19 12:01:00+09:00,119400.0,119500.0,119300.0,119500.0,457,0.0,0.0
2025-02-19 12:02:00+09:00,119400.0,119500.0,119400.0,119400.0,177,0.0,0.0
2025-02-19 12:03:00+09:00,119500.0,119500.0,119300.0,119400.0,277,0.0,0.0
2025-02-19 12:04:00+09:00,119400.0,119500.0,119300.0,119400.0,334,0.0,0.0
2025-02-19 12:05:00+09:00,119300.0,119500.0,119300.0,119300.0,149,0.0,0.0
2025-02-19 12:06:00+09:00,119400.0,119500.0,119300.0,119300.0,224,0.0,0.0
2025-02-19 12:07:00+09:00,119300.0,119500.0,119300.0,119400.0,205,0.0,0.0
2025-02-19 12:08:00+09:00,119400.0,119500.0,119400.0,119400.0,487,0.0,0.0
2025-02-19 12:09:00+09:00,119400.0,119500.0,119300.0,119300.0,336,0.0,0.0
2025-02-19 12:10:00+09:00,119300.0,119500.0,119300.0,119400.0,165,0.0,0.0
2025-02-19 12:11:00+09:00,119400.0,119500.0,119400.0,119400.0,274,0.0,0.0
2025-02-19 12:12:00+09:00,119400.0,119500.0,119400.0,119500.0,303,0.0,0.0
2025-02-19 12:13:00+09:00,119400.0,119500.0,119300.0,119400.0,397,0.0,0.0
2025-02-19 12:14:00+09:00,119400.0,119500.0,119300.0,119400.0,615,0.0,0.0
2025-02-19 12:15:00+09:00,119400.0,119500.0,119400.0,119500.0,125,0.0,0.0
2025-02-19 12:16:00+09:00,119400.0,119500.0,119400.0,119400.0,174,0.0,0.0
2025-02-19 12:17:00+09:00,119400.0,119500.0,119400.0,119500.0,669,0.0,0.0
2025-02-19 12:18:00+09:00,119500.0,119600.0,119400.0,119400.0,263,0.0,0.0
2025-02-19 12:19:00+09:00,119500.0,119500.0,119400.0,119500.0,264,0.0,0.0
2025-02-19 12:20:00+09:00,119500.0,119500.0,119300.0,119300.0,664,0.0,0.0
2025-02-19 12:21:00+09:00,119400.0,119400.0,119300.0,119300.0,338,0.0,0.0
2025-02-19 12:22:00+09:00,119400.0,119400.0,119300.0,119300.0,152,0.0,0.0
2025-02-19 12:23:00+09:00,119300.0,119400.0,119200.0,119200.0,612,0.0,0.0
2025-02-19 12:24:00+09:00,119200.0,119400.0,119200.0,119300.0,300,0.0,0.0
2025-02-19 12:25:00+09:00,119300.0,119400.0,119200.0,119200.0,207,0.0,0.0
2025-02-19 12:26:00+09:00,119200.0,119300.0,119200.0,119200.0,422,0.0,0.0
2025-02-19 12:27:00+09:00,119300.0,119300.0,119200.0,119300.0,293,0.0,0.0
2025-02-19 12:28:00+09:00,119200.0,119200.0,119100.0,119200.0,1315,0.0,0.0
2025-02-19 12:29:00+09:00,119200.0,119200.0,119100.0,119100.0,273,0.0,0.0
2025-02-19 12:30:00+09:00,119200.0,119200.0,119100.0,119100.0,320,0.0,0.0
2025-02-19 12:31:00+09:00,119200.0,119200.0,119100.0,119200.0,208,0.0,0.0
2025-02-19 12:32:00+09:00,119100.0,119300.0,119100.0,119300.0,580,0.0,0.0
2025-02-19 12:33:00+09:00,119300.0,119300.0,119200.0,119300.0,91,0.0,0.0
2025-02-19 12:34:00+09:00,119200.0,119300.0,119200.0,119300.0,256,0.0,0.0
2025-02-19 12:35:00+09:00,119300.0,119400.0,119200.0,119200.0,934,0.0,0.0
2025-02-19 12:36:00+09:00,119200.0,119300.0,119100.0,119200.0,256,0.0,0.0
2025-02-19 12:37:00+09:00,119200.0,119300.0,119100.0,119200.0,2261,0.0,0.0
2025-02-19 12:38:00+09:00,119100.0,119300.0,119000.0,119000.0,588,0.0,0.0
2025-02-19 12:39:00+09:00,119100.0,119300.0,119000.0,119100.0,494,0.0,0.0
2025-02-19 12:40:00+09:00,119100.0,119100.0,119000.0,119000.0,333,0.0,0.0
2025-02-19 12:41:00+09:00,119100.0,119100.0,119000.0,119000.0,189,0.0,0.0
2025-02-19 12:42:00+09:00,119000.0,119100.0,119000.0,119000.0,269,0.0,0.0
2025-02-19 12:43:00+09:00,119000.0,119100.0,119000.0,119000.0,801,0.0,0.0
2025-02-19 12:44:00+09:00,119000.0,119100.0,119000.0,119100.0,269,0.0,0.0
2025-02-19 12:45:00+09:00,119100.0,119100.0,118900.0,118900.0,2369,0.0,0.0
2025-02-19 12:46:00+09:00,118900.0,119000.0,118800.0,118800.0,966,0.0,0.0
2025-02-19 12:47:00+09:00,118800.0,118900.0,118800.0,118800.0,1236,0.0,0.0
2025-02-19 12:48:00+09:00,118800.0,118900.0,118700.0,118700.0,1125,0.0,0.0
2025-02-19 12:49:00+09:00,118800.0,118900.0,118800.0,118900.0,452,0.0,0.0
2025-02-19 12:50:00+09:00,118900.0,119100.0,118800.0,118900.0,632,0.0,0.0
2025-02-19 12:51:00+09:00,119000.0,119100.0,119000.0,119000.0,239,0.0,0.0
2025-02-19 12:52:00+09:00,119100.0,119100.0,119000.0,119000.0,396,0.0,0.0
2025-02-19 12:53:00+09:00,119000.0,119000.0,118900.0,118900.0,1521,0.0,0.0
2025-02-19 12:54:00+09:00,118900.0,119000.0,118900.0,118900.0,170,0.0,0.0
2025-02-19 12:55:00+09:00,119000.0,119000.0,118800.0,118800.0,590,0.0,0.0
2025-02-19 12:56:00+09:00,118800.0,119000.0,118800.0,118900.0,438,0.0,0.0
2025-02-19 12:57:00+09:00,118900.0,119100.0,118900.0,119100.0,1726,0.0,0.0
2025-02-19 12:58:00+09:00,119100.0,119200.0,119000.0,119000.0,257,0.0,0.0
2025-02-19 12:59:00+09:00,119100.0,119100.0,119000.0,119000.0,251,0.0,0.0
2025-02-19 13:00:00+09:00,119100.0,119200.0,119000.0,119100.0,684,0.0,0.0
2025-02-19 13:01:00+09:00,119100.0,119100.0,118900.0,118900.0,525,0.0,0.0
2025-02-19 13:02:00+09:00,118900.0,119100.0,118900.0,119000.0,364,0.0,0.0
2025-02-19 13:03:00+09:00,119000.0,119100.0,118900.0,119000.0,349,0.0,0.0
2025-02-19 13:04:00+09:00,119000.0,119100.0,118800.0,119000.0,2421,0.0,0.0
2025-02-19 13:05:00+09:00,118800.0,119000.0,118800.0,118800.0,507,0.0,0.0
2025-02-19 13:06:00+09:00,118900.0,118900.0,118800.0,118900.0,430,0.0,0.0
2025-02-19 13:07:00+09:00,118800.0,118900.0,118700.0,118700.0,433,0.0,0.0
2025-02-19 13:08:00+09:00,118700.0,118800.0,118600.0,118700.0,3065,0.0,0.0
2025-02-19 13:09:00+09:00,118700.0,118700.0,118600.0,118600.0,747,0.0,0.0
2025-02-19 13:10:00+09:00,118600.0,118800.0,118600.0,118700.0,1410,0.0,0.0
2025-02-19 13:11:00+09:00,118700.0,118900.0,118700.0,118700.0,795,0.0,0.0
2025-02-19 13:12:00+09:00,118800.0,118900.0,118700.0,118900.0,617,0.0,0.0
2025-02-19 13:13:00+09:00,118800.0,118900.0,118700.0,118800.0,356,0.0,0.0
2025-02-19 13:14:00+09:00,118700.0,118900.0,118700.0,118800.0,229,0.0,0.0
2025-02-19 13:15:00+09:00,118900.0,118900.0,118800.0,118900.0,296,0.0,0.0
2025-02-19 13:16:00+09:00,118900.0,119000.0,118800.0,118900.0,843,0.0,0.0
2025-02-19 13:17:00+09:00,118900.0,119200.0,118900.0,119100.0,1026,0.0,0.0
2025-02-19 13:18:00+09:00,119100.0,119200.0,119100.0,119100.0,381,0.0,0.0
2025-02-19 13:19:00+09:00,119200.0,119200.0,119100.0,119200.0,291,0.0,0.0
