Datetime,Open,High,Low,Close,Volume,Dividends,Stock Splits
2025-02-13 13:21:00+09:00,354000.0,354000.0,353500.0,354000.0,0,0.0,0.0
2025-02-13 13:22:00+09:00,354000.0,354000.0,353500.0,354000.0,564,0.0,0.0
2025-02-13 13:23:00+09:00,354000.0,354000.0,353500.0,354000.0,473,0.0,0.0
2025-02-13 13:24:00+09:00,354000.0,354000.0,353500.0,354000.0,176,0.0,0.0
2025-02-13 13:25:00+09:00,354000.0,354500.0,353500.0,354000.0,718,0.0,0.0
2025-02-13 13:26:00+09:00,354000.0,354500.0,353500.0,353500.0,461,0.0,0.0
2025-02-13 13:27:00+09:00,353500.0,354000.0,353500.0,354000.0,255,0.0,0.0
2025-02-13 13:28:00+09:00,354000.0,354000.0,353000.0,353500.0,579,0.0,0.0
2025-02-13 13:29:00+09:00,353000.0,354000.0,353000.0,353500.0,293,0.0,0.0
2025-02-13 13:30:00+09:00,353500.0,353500.0,353000.0,353000.0,326,0.0,0.0
2025-02-13 13:31:00+09:00,353000.0,353500.0,353000.0,353500.0,370,0.0,0.0
2025-02-13 13:32:00+09:00,353500.0,353500.0,353000.0,353500.0,387,0.0,0.0
2025-02-13 13:33:00+09:00,353000.0,353500.0,353000.0,353500.0,275,0.0,0.0
2025-02-13 13:34:00+09:00,353000.0,353500.0,353000.0,353500.0,167,0.0,0.0
2025-02-13 13:35:00+09:00,353500.0,353500.0,353000.0,353500.0,424,0.0,0.0
2025-02-13 13:36:00+09:00,353500.0,354000.0,353000.0,353500.0,469,0.0,0.0
2025-02-13 13:37:00+09:00,353500.0,354000.0,353000.0,353500.0,569,0.0,0.0
2025-02-13 13:38:00+09:00,353000.0,353500.0,353000.0,353500.0,150,0.0,0.0
2025-02-13 13:39:00+09:00,353000.0,353500.0,353000.0,353500.0,218,0.0,0.0
2025-02-13 13:40:00+09:00,353500.0,353500.0,353000.0,353500.0,193,0.0,0.0
2025-02-13 13:41:00+09:00,353500.0,353500.0,353000.0,353500.0,118,0.0,0.0
2025-02-13 13:42:00+09:00,353000.0,353500.0,353000.0,353500.0,266,0.0,0.0
2025-02-13 13:43:00+09:00,353000.0,354000.0,353000.0,354000.0,1219,0.0,0.0
2025-02-13 13:44:00+09:00,353500.0,354000.0,353500.0,353500.0,341,0.0,0.0
2025-02-13 13:45:00+09:00,353500.0,354000.0,353500.0,353500.0,135,0.0,0.0
2025-02-13 13:46:00+09:00,353500.0,354000.0,353000.0,353000.0,606,0.0,0.0
2025-02-13 13:47:00+09:00,353000.0,354000.0,353000.0,353500.0,478,0.0,0.0
2025-02-13 13:48:00+09:00,353500.0,354000.0,353000.0,353500.0,222,0.0,0.0
2025-02-13 13:49:00+09:00,354000.0,354000.0,353500.0,354000.0,333,0.0,0.0
2025-02-13 13:50:00+09:00,354000.0,354000.0,353500.0,354000.0,410,0.0,0.0
2025-02-13 13:51:00+09:00,354000.0,354000.0,353500.0,353500.0,237,0.0,0.0
2025-02-13 13:52:00+09:00,353500.0,354000.0,353500.0,354000.0,622,0.0,0.0
2025-02-13 13:53:00+09:00,353500.0,354000.0,353000.0,353500.0,839,0.0,0.0
2025-02-13 13:54:00+09:00,354000.0,354000.0,353500.0,354000.0,250,0.0,0.0
2025-02-13 13:55:00+09:00,354000.0,354000.0,353500.0,354000.0,504,0.0,0.0
2025-02-13 13:56:00+09:00,354000.0,354000.0,353000.0,353000.0,728,0.0,0.0
2025-02-13 13:57:00+09:00,353000.0,353500.0,353000.0,353500.0,280,0.0,0.0
2025-02-13 13:58:00+09:00,353000.0,353500.0,353000.0,353500.0,573,0.0,0.0
2025-02-13 13:59:00+09:00,353000.0,354000.0,353000.0,354000.0,391,0.0,0.0
2025-02-13 14:00:00+09:00,353500.0,354000.0,353500.0,354000.0,180,0.0,0.0
2025-02-13 14:01:00+09:00,354000.0,354000.0,353500.0,354000.0,394,0.0,0.0
2025-02-13 14:02:00+09:00,353500.0,354000.0,353500.0,354000.0,531,0.0,0.0
2025-02-13 14:03:00+09:00,354000.0,354000.0,353500.0,353500.0,688,0.0,0.0
2025-02-13 14:04:00+09:00,353500.0,354500.0,353500.0,354000.0,584,0.0,0.0
2025-02-13 14:05:00+09:00,353500.0,354000.0,353500.0,354000.0,326,0.0,0.0
2025-02-13 14:06:00+09:00,353500.0,354000.0,353500.0,353500.0,306,0.0,0.0
2025-02-13 14:07:00+09:00,353500.0,354000.0,353500.0,353500.0,779,0.0,0.0
2025-02-13 14:08:00+09:00,353500.0,354000.0,353500.0,354000.0,620,0.0,0.0
2025-02-13 14:09:00+09:00,353500.0,354000.0,353500.0,354000.0,194,0.0,0.0
2025-02-13 14:10:00+09:00,353500.0,354000.0,353000.0,353500.0,637,0.0,0.0
2025-02-13 14:11:00+09:00,353000.0,354000.0,353000.0,353500.0,395,0.0,0.0
2025-02-13 14:12:00+09:00,353500.0,354000.0,353500.0,354000.0,493,0.0,0.0
2025-02-13 14:13:00+09:00,353500.0,354000.0,353500.0,353500.0,500,0.0,0.0
2025-02-13 14:14:00+09:00,353500.0,354000.0,353500.0,353500.0,474,0.0,0.0
2025-02-13 14:15:00+09:00,353500.0,354500.0,353500.0,354000.0,402,0.0,0.0
2025-02-13 14:16:00+09:00,353500.0,354500.0,353000.0,353500.0,686,0.0,0.0
2025-02-13 14:17:00+09:00,353500.0,354000.0,353000.0,353000.0,496,0.0,0.0
2025-02-13 14:18:00+09:00,353000.0,353500.0,353000.0,353000.0,204,0.0,0.0
2025-02-13 14:19:00+09:00,353000.0,353500.0,352500.0,353000.0,866,0.0,0.0
2025-02-13 14:20:00+09:00,352500.0,353000.0,352500.0,353000.0,517,0.0,0.0
2025-02-13 14:21:00+09:00,352500.0,353500.0,352500.0,352500.0,325,0.0,0.0
2025-02-13 14:22:00+09:00,352500.0,353500.0,352500.0,353000.0,506,0.0,0.0
2025-02-13 14:23:00+09:00,353000.0,354000.0,352500.0,354000.0,835,0.0,0.0
2025-02-13 14:24:00+09:00,353500.0,353500.0,352500.0,353500.0,716,0.0,0.0
2025-02-13 14:25:00+09:00,353000.0,353500.0,353000.0,353500.0,465,0.0,0.0
2025-02-13 14:26:00+09:00,353000.0,354000.0,353000.0,353000.0,732,0.0,0.0
2025-02-13 14:27:00+09:00,353000.0,353500.0,353000.0,353500.0,197,0.0,0.0
2025-02-13 14:28:00+09:00,353000.0,354000.0,353000.0,354000.0,716,0.0,0.0
2025-02-13 14:29:00+09:00,353500.0,354000.0,353500.0,353500.0,390,0.0,0.0
2025-02-13 14:30:00+09:00,353500.0,354000.0,353500.0,353500.0,347,0.0,0.0
2025-02-13 14:31:00+09:00,353500.0,354000.0,353500.0,354000.0,406,0.0,0.0
2025-02-13 14:32:00+09:00,353500.0,354000.0,353500.0,354000.0,747,0.0,0.0
2025-02-13 14:33:00+09:00,353500.0,354000.0,353500.0,354000.0,612,0.0,0.0
2025-02-13 14:34:00+09:00,353500.0,354500.0,353500.0,354500.0,903,0.0,0.0
2025-02-13 14:35:00+09:00,354000.0,354500.0,354000.0,354000.0,400,0.0,0.0
2025-02-13 14:36:00+09:00,354000.0,355000.0,354000.0,354500.0,3786,0.0,0.0
2025-02-13 14:37:00+09:00,354500.0,355000.0,354500.0,355000.0,503,0.0,0.0
2025-02-13 14:38:00+09:00,354500.0,355000.0,354500.0,354500.0,622,0.0,0.0
2025-02-13 14:39:00+09:00,354500.0,355000.0,354500.0,354500.0,1517,0.0,0.0
2025-02-13 14:40:00+09:00,354000.0,355000.0,354000.0,354500.0,1633,0.0,0.0
2025-02-13 14:41:00+09:00,354500.0,355000.0,354000.0,355000.0,734,0.0,0.0
2025-02-13 14:42:00+09:00,355000.0,355000.0,354500.0,355000.0,310,0.0,0.0
2025-02-13 14:43:00+09:00,354500.0,355000.0,354500.0,354500.0,723,0.0,0.0
2025-02-13 14:44:00+09:00,355000.0,355000.0,354500.0,355000.0,447,0.0,0.0
2025-02-13 14:45:00+09:00,355000.0,355000.0,354500.0,354500.0,581,0.0,0.0
2025-02-13 14:46:00+09:00,354500.0,355000.0,354500.0,354500.0,1297,0.0,0.0
2025-02-13 14:47:00+09:00,354500.0,355000.0,354500.0,355000.0,506,0.0,0.0
2025-02-13 14:48:00+09:00,355000.0,355000.0,354500.0,355000.0,315,0.0,0.0
2025-02-13 14:49:00+09:00,355000.0,355000.0,354500.0,355000.0,2049,0.0,0.0
2025-02-13 14:50:00+09:00,355000.0,355000.0,354500.0,355000.0,677,0.0,0.0
2025-02-13 14:51:00+09:00,354500.0,355000.0,354500.0,354500.0,379,0.0,0.0
2025-02-13 14:52:00+09:00,355000.0,355000.0,354500.0,355000.0,804,0.0,0.0
2025-02-13 14:53:00+09:00,354500.0,355000.0,354500.0,355000.0,1044,0.0,0.0
2025-02-13 14:54:00+09:00,355000.0,355500.0,354500.0,355000.0,1394,0.0,0.0
2025-02-13 14:55:00+09:00,355000.0,355500.0,355000.0,355000.0,1224,0.0,0.0
2025-02-13 14:56:00+09:00,355000.0,355500.0,355000.0,355500.0,758,0.0,0.0
2025-02-13 14:57:00+09:00,355500.0,356000.0,355000.0,356000.0,3427,0.0,0.0
2025-02-13 14:58:00+09:00,356000.0,358000.0,355500.0,357500.0,7959,0.0,0.0
2025-02-13 14:59:00+09:00,358000.0,359500.0,357500.0,359000.0,9937,0.0,0.0
2025-02-14 09:00:00+09:00,355500.0,356000.0,354000.0,355000.0,5857,0.0,0.0
2025-02-14 09:01:00+09:00,355500.0,356000.0,354500.0,354500.0,2264,0.0,0.0
2025-02-14 09:02:00+09:00,355000.0,356000.0,354500.0,355000.0,1741,0.0,0.0
2025-02-14 09:03:00+09:00,355000.0,355500.0,355000.0,355000.0,668,0.0,0.0
2025-02-14 09:04:00+09:00,355000.0,357000.0,355000.0,356500.0,1465,0.0,0.0
2025-02-14 09:05:00+09:00,356500.0,356500.0,354500.0,356000.0,1356,0.0,0.0
2025-02-14 09:06:00+09:00,356500.0,357000.0,356000.0,356500.0,784,0.0,0.0
2025-02-14 09:07:00+09:00,356500.0,357000.0,356000.0,356000.0,851,0.0,0.0
2025-02-14 09:08:00+09:00,356500.0,357500.0,356500.0,357000.0,1226,0.0,0.0
2025-02-14 09:09:00+09:00,357000.0,358000.0,357000.0,357500.0,1090,0.0,0.0
2025-02-14 09:10:00+09:00,357500.0,358000.0,357000.0,358000.0,1181,0.0,0.0
2025-02-14 09:11:00+09:00,358000.0,358500.0,357500.0,358000.0,1939,0.0,0.0
2025-02-14 09:12:00+09:00,357500.0,358500.0,357500.0,358500.0,592,0.0,0.0
2025-02-14 09:13:00+09:00,358000.0,359000.0,358000.0,358500.0,1139,0.0,0.0
2025-02-14 09:14:00+09:00,358500.0,358500.0,357500.0,358000.0,1167,0.0,0.0
2025-02-14 09:15:00+09:00,358000.0,358000.0,356500.0,356500.0,917,0.0,0.0
2025-02-14 09:16:00+09:00,356500.0,357000.0,356500.0,356500.0,291,0.0,0.0
2025-02-14 09:17:00+09:00,357000.0,357000.0,356000.0,356500.0,449,0.0,0.0
2025-02-14 09:18:00+09:00,356500.0,356500.0,356000.0,356000.0,190,0.0,0.0
2025-02-14 09:19:00+09:00,356000.0,356000.0,355000.0,355000.0,3019,0.0,0.0
2025-02-14 09:20:00+09:00,355500.0,355500.0,353500.0,355500.0,2156,0.0,0.0
2025-02-14 09:21:00+09:00,355500.0,357500.0,355000.0,357500.0,1094,0.0,0.0
2025-02-14 09:22:00+09:00,357500.0,358000.0,357500.0,358000.0,666,0.0,0.0
2025-02-14 09:23:00+09:00,358000.0,358000.0,357500.0,358000.0,933,0.0,0.0
2025-02-14 09:24:00+09:00,358000.0,358500.0,357500.0,358000.0,1434,0.0,0.0
2025-02-14 09:25:00+09:00,358000.0,358000.0,357500.0,358000.0,693,0.0,0.0
2025-02-14 09:26:00+09:00,358000.0,358500.0,357500.0,358000.0,554,0.0,0.0
2025-02-14 09:27:00+09:00,358500.0,359000.0,358000.0,358500.0,1154,0.0,0.0
2025-02-14 09:28:00+09:00,358500.0,359500.0,357500.0,357500.0,3188,0.0,0.0
2025-02-14 09:29:00+09:00,358000.0,358000.0,357000.0,357500.0,1336,0.0,0.0
2025-02-14 09:30:00+09:00,357500.0,358000.0,357500.0,357500.0,336,0.0,0.0
2025-02-14 09:31:00+09:00,357500.0,357500.0,356500.0,356500.0,964,0.0,0.0
2025-02-14 09:32:00+09:00,357000.0,357500.0,356500.0,357000.0,1388,0.0,0.0
2025-02-14 09:33:00+09:00,357500.0,358000.0,357000.0,357500.0,396,0.0,0.0
2025-02-14 09:34:00+09:00,358000.0,358000.0,357000.0,357000.0,339,0.0,0.0
2025-02-14 09:35:00+09:00,357000.0,357500.0,357000.0,357000.0,217,0.0,0.0
2025-02-14 09:36:00+09:00,357000.0,357500.0,356000.0,356500.0,923,0.0,0.0
2025-02-14 09:37:00+09:00,356500.0,357000.0,356000.0,356000.0,392,0.0,0.0
2025-02-14 09:38:00+09:00,356000.0,356000.0,355500.0,356000.0,172,0.0,0.0
2025-02-14 09:39:00+09:00,355500.0,355500.0,354500.0,354500.0,968,0.0,0.0
2025-02-14 09:40:00+09:00,354500.0,355000.0,354500.0,354500.0,479,0.0,0.0
2025-02-14 09:41:00+09:00,354500.0,355000.0,354000.0,354000.0,643,0.0,0.0
2025-02-14 09:42:00+09:00,354000.0,354000.0,353000.0,353500.0,1099,0.0,0.0
2025-02-14 09:43:00+09:00,353500.0,354000.0,353500.0,353500.0,220,0.0,0.0
2025-02-14 09:44:00+09:00,354000.0,354000.0,353500.0,354000.0,321,0.0,0.0
2025-02-14 09:45:00+09:00,354000.0,354000.0,353000.0,353000.0,1768,0.0,0.0
2025-02-14 09:46:00+09:00,353000.0,353500.0,352500.0,352500.0,580,0.0,0.0
2025-02-14 09:47:00+09:00,353000.0,353000.0,352500.0,352500.0,232,0.0,0.0
2025-02-14 09:48:00+09:00,353000.0,354000.0,352500.0,353500.0,2256,0.0,0.0
2025-02-14 09:49:00+09:00,353500.0,354000.0,353000.0,353000.0,369,0.0,0.0
2025-02-14 09:50:00+09:00,353500.0,354000.0,353000.0,354000.0,220,0.0,0.0
2025-02-14 09:51:00+09:00,353500.0,354500.0,353500.0,354000.0,564,0.0,0.0
2025-02-14 09:52:00+09:00,354000.0,355500.0,354000.0,355500.0,460,0.0,0.0
2025-02-14 09:53:00+09:00,355000.0,355500.0,355000.0,355000.0,194,0.0,0.0
2025-02-14 09:54:00+09:00,355000.0,355500.0,354500.0,354500.0,387,0.0,0.0
2025-02-14 09:55:00+09:00,354500.0,355500.0,354000.0,355500.0,314,0.0,0.0
2025-02-14 09:56:00+09:00,355000.0,355500.0,354500.0,355000.0,467,0.0,0.0
2025-02-14 09:57:00+09:00,355500.0,355500.0,354500.0,354500.0,565,0.0,0.0
2025-02-14 09:58:00+09:00,354500.0,355500.0,354500.0,355500.0,101,0.0,0.0
2025-02-14 09:59:00+09:00,355000.0,355000.0,354000.0,354500.0,386,0.0,0.0
2025-02-14 10:00:00+09:00,354500.0,355000.0,354000.0,354500.0,251,0.0,0.0
2025-02-14 10:01:00+09:00,354500.0,355500.0,354500.0,355500.0,121,0.0,0.0
2025-02-14 10:02:00+09:00,355500.0,356000.0,355000.0,355000.0,271,0.0,0.0
2025-02-14 10:03:00+09:00,355000.0,355500.0,355000.0,355000.0,119,0.0,0.0
2025-02-14 10:04:00+09:00,355000.0,355500.0,355000.0,355500.0,177,0.0,0.0
2025-02-14 10:05:00+09:00,355500.0,355500.0,354500.0,354500.0,570,0.0,0.0
2025-02-14 10:06:00+09:00,355000.0,355000.0,354000.0,354000.0,385,0.0,0.0
2025-02-14 10:07:00+09:00,354500.0,354500.0,354000.0,354500.0,201,0.0,0.0
2025-02-14 10:08:00+09:00,354000.0,355000.0,354000.0,355000.0,250,0.0,0.0
2025-02-14 10:09:00+09:00,354000.0,355000.0,354000.0,354500.0,225,0.0,0.0
2025-02-14 10:10:00+09:00,354500.0,354500.0,353500.0,354500.0,832,0.0,0.0
2025-02-14 10:11:00+09:00,354000.0,354500.0,353500.0,353500.0,106,0.0,0.0
2025-02-14 10:12:00+09:00,353500.0,354000.0,353000.0,353000.0,294,0.0,0.0
2025-02-14 10:13:00+09:00,353000.0,353500.0,353000.0,353000.0,133,0.0,0.0
2025-02-14 10:14:00+09:00,353000.0,353500.0,353000.0,353500.0,219,0.0,0.0
2025-02-14 10:15:00+09:00,353000.0,353500.0,352500.0,352500.0,1196,0.0,0.0
2025-02-14 10:16:00+09:00,352500.0,353000.0,352000.0,352500.0,570,0.0,0.0
2025-02-14 10:17:00+09:00,352000.0,353000.0,352000.0,353000.0,612,0.0,0.0
2025-02-14 10:18:00+09:00,352500.0,353500.0,352500.0,353500.0,530,0.0,0.0
2025-02-14 10:19:00+09:00,353000.0,353500.0,353000.0,353500.0,363,0.0,0.0
2025-02-14 10:20:00+09:00,353500.0,354000.0,353000.0,353000.0,221,0.0,0.0
2025-02-14 10:21:00+09:00,353500.0,353500.0,353000.0,353500.0,315,0.0,0.0
2025-02-14 10:22:00+09:00,353000.0,353500.0,353000.0,353000.0,201,0.0,0.0
2025-02-14 10:23:00+09:00,353000.0,353500.0,352500.0,353000.0,614,0.0,0.0
2025-02-14 10:24:00+09:00,353000.0,353000.0,352000.0,352000.0,1893,0.0,0.0
2025-02-14 10:25:00+09:00,352500.0,353500.0,352500.0,352500.0,428,0.0,0.0
2025-02-14 10:26:00+09:00,353000.0,353000.0,352500.0,352500.0,211,0.0,0.0
2025-02-14 10:27:00+09:00,352500.0,353000.0,352500.0,352500.0,211,0.0,0.0
2025-02-14 10:28:00+09:00,353000.0,353000.0,352500.0,352500.0,348,0.0,0.0
2025-02-14 10:29:00+09:00,353000.0,353500.0,352500.0,353500.0,506,0.0,0.0
2025-02-14 10:30:00+09:00,353500.0,354000.0,353500.0,353500.0,279,0.0,0.0
2025-02-14 10:31:00+09:00,353500.0,354000.0,353500.0,354000.0,207,0.0,0.0
2025-02-14 10:32:00+09:00,353500.0,354000.0,353000.0,353500.0,324,0.0,0.0
2025-02-14 10:33:00+09:00,353500.0,354000.0,353000.0,354000.0,153,0.0,0.0
2025-02-14 10:34:00+09:00,353500.0,354000.0,353500.0,354000.0,217,0.0,0.0
2025-02-14 10:35:00+09:00,354000.0,354000.0,352500.0,352500.0,617,0.0,0.0
2025-02-14 10:36:00+09:00,352500.0,353000.0,352500.0,352500.0,149,0.0,0.0
2025-02-14 10:37:00+09:00,352500.0,353500.0,352500.0,352500.0,693,0.0,0.0
2025-02-14 10:38:00+09:00,352500.0,353500.0,352500.0,353500.0,464,0.0,0.0
2025-02-14 10:39:00+09:00,353000.0,353500.0,352500.0,353000.0,293,0.0,0.0
2025-02-14 10:40:00+09:00,352500.0,353500.0,352500.0,353000.0,321,0.0,0.0
2025-02-14 10:41:00+09:00,353500.0,353500.0,352500.0,352500.0,130,0.0,0.0
2025-02-14 10:42:00+09:00,352500.0,353000.0,352500.0,352500.0,123,0.0,0.0
2025-02-14 10:43:00+09:00,352500.0,353000.0,352500.0,353000.0,115,0.0,0.0
2025-02-14 10:44:00+09:00,352500.0,353000.0,352500.0,352500.0,175,0.0,0.0
2025-02-14 10:45:00+09:00,352500.0,353000.0,352500.0,352500.0,654,0.0,0.0
2025-02-14 10:46:00+09:00,352500.0,353000.0,352500.0,352500.0,237,0.0,0.0
2025-02-14 10:47:00+09:00,352500.0,353000.0,352500.0,353000.0,195,0.0,0.0
2025-02-14 10:48:00+09:00,352500.0,353000.0,352500.0,352500.0,51,0.0,0.0
2025-02-14 10:49:00+09:00,352500.0,354000.0,352500.0,353500.0,666,0.0,0.0
2025-02-14 10:50:00+09:00,353500.0,354000.0,353500.0,353500.0,126,0.0,0.0
2025-02-14 10:51:00+09:00,354000.0,354000.0,353500.0,354000.0,61,0.0,0.0
2025-02-14 10:52:00+09:00,354000.0,354000.0,353500.0,354000.0,196,0.0,0.0
2025-02-14 10:53:00+09:00,354000.0,354000.0,353500.0,353500.0,234,0.0,0.0
2025-02-14 10:54:00+09:00,353500.0,353500.0,353000.0,353500.0,353,0.0,0.0
2025-02-14 10:55:00+09:00,353500.0,354500.0,353500.0,354000.0,516,0.0,0.0
2025-02-14 10:56:00+09:00,354000.0,354500.0,354000.0,354500.0,352,0.0,0.0
2025-02-14 10:57:00+09:00,354500.0,354500.0,354000.0,354000.0,133,0.0,0.0
2025-02-14 10:58:00+09:00,354000.0,354500.0,354000.0,354000.0,255,0.0,0.0
2025-02-14 10:59:00+09:00,354000.0,354500.0,354000.0,354000.0,131,0.0,0.0
2025-02-14 11:00:00+09:00,354000.0,354500.0,354000.0,354500.0,142,0.0,0.0
2025-02-14 11:01:00+09:00,354500.0,354500.0,354000.0,354000.0,574,0.0,0.0
2025-02-14 11:02:00+09:00,354000.0,355000.0,354000.0,355000.0,671,0.0,0.0
2025-02-14 11:03:00+09:00,355000.0,355000.0,354500.0,355000.0,132,0.0,0.0
2025-02-14 11:04:00+09:00,354500.0,355500.0,354500.0,355000.0,535,0.0,0.0
2025-02-14 11:05:00+09:00,355000.0,355500.0,354500.0,355000.0,149,0.0,0.0
2025-02-14 11:06:00+09:00,355000.0,355500.0,354500.0,355500.0,177,0.0,0.0
2025-02-14 11:07:00+09:00,354500.0,355000.0,354500.0,355000.0,116,0.0,0.0
2025-02-14 11:08:00+09:00,355000.0,355500.0,354500.0,355500.0,576,0.0,0.0
2025-02-14 11:09:00+09:00,356000.0,356000.0,355000.0,355500.0,51,0.0,0.0
2025-02-14 11:10:00+09:00,355500.0,356000.0,355000.0,355000.0,265,0.0,0.0
2025-02-14 11:11:00+09:00,355500.0,356000.0,355000.0,355500.0,267,0.0,0.0
2025-02-14 11:12:00+09:00,355500.0,356000.0,355500.0,356000.0,128,0.0,0.0
2025-02-14 11:13:00+09:00,355500.0,356000.0,355500.0,356000.0,334,0.0,0.0
2025-02-14 11:14:00+09:00,356000.0,356000.0,355500.0,356000.0,100,0.0,0.0
2025-02-14 11:15:00+09:00,356000.0,356000.0,355500.0,355500.0,120,0.0,0.0
2025-02-14 11:16:00+09:00,355500.0,356000.0,355500.0,355500.0,156,0.0,0.0
2025-02-14 11:17:00+09:00,355500.0,356000.0,355500.0,356000.0,364,0.0,0.0
2025-02-14 11:18:00+09:00,355500.0,356000.0,355500.0,355500.0,111,0.0,0.0
2025-02-14 11:19:00+09:00,356000.0,356000.0,355500.0,355500.0,63,0.0,0.0
2025-02-14 11:20:00+09:00,356000.0,356000.0,355500.0,356000.0,104,0.0,0.0
2025-02-14 11:21:00+09:00,355500.0,356000.0,355500.0,356000.0,253,0.0,0.0
2025-02-14 11:22:00+09:00,355500.0,356000.0,355500.0,355500.0,19,0.0,0.0
2025-02-14 11:23:00+09:00,355500.0,356000.0,355500.0,355500.0,173,0.0,0.0
2025-02-14 11:24:00+09:00,356000.0,356500.0,355500.0,356500.0,1293,0.0,0.0
2025-02-14 11:25:00+09:00,356500.0,356500.0,356000.0,356500.0,379,0.0,0.0
2025-02-14 11:26:00+09:00,356000.0,356500.0,356000.0,356000.0,105,0.0,0.0
2025-02-14 11:27:00+09:00,356000.0,356500.0,356000.0,356000.0,113,0.0,0.0
2025-02-14 11:28:00+09:00,356500.0,357000.0,356000.0,356500.0,278,0.0,0.0
2025-02-14 11:29:00+09:00,356000.0,356500.0,356000.0,356000.0,179,0.0,0.0
2025-02-14 11:30:00+09:00,356000.0,356500.0,356000.0,356000.0,207,0.0,0.0
2025-02-14 11:31:00+09:00,356500.0,356500.0,356000.0,356500.0,201,0.0,0.0
2025-02-14 11:32:00+09:00,356500.0,357000.0,356000.0,356500.0,143,0.0,0.0
2025-02-14 11:33:00+09:00,356000.0,357000.0,356000.0,356500.0,134,0.0,0.0
2025-02-14 11:34:00+09:00,357000.0,357000.0,356500.0,356500.0,171,0.0,0.0
2025-02-14 11:35:00+09:00,356500.0,357000.0,356000.0,356000.0,358,0.0,0.0
2025-02-14 11:36:00+09:00,356500.0,356500.0,355500.0,355500.0,270,0.0,0.0
2025-02-14 11:37:00+09:00,356000.0,356500.0,355500.0,355500.0,523,0.0,0.0
2025-02-14 11:38:00+09:00,356000.0,356000.0,355500.0,355500.0,141,0.0,0.0
2025-02-14 11:39:00+09:00,355500.0,357000.0,355500.0,356000.0,277,0.0,0.0
2025-02-14 11:40:00+09:00,356000.0,357000.0,356000.0,356500.0,86,0.0,0.0
2025-02-14 11:41:00+09:00,356500.0,357000.0,356500.0,356500.0,34,0.0,0.0
2025-02-14 11:42:00+09:00,356500.0,357000.0,356500.0,357000.0,92,0.0,0.0
2025-02-14 11:43:00+09:00,357000.0,357500.0,356500.0,357000.0,288,0.0,0.0
2025-02-14 11:44:00+09:00,357000.0,357500.0,356500.0,356500.0,131,0.0,0.0
2025-02-14 11:45:00+09:00,357000.0,357500.0,356500.0,357500.0,197,0.0,0.0
2025-02-14 11:46:00+09:00,357000.0,357500.0,357000.0,357500.0,189,0.0,0.0
2025-02-14 11:47:00+09:00,357500.0,357500.0,357000.0,357500.0,74,0.0,0.0
2025-02-14 11:48:00+09:00,357000.0,357500.0,357000.0,357500.0,326,0.0,0.0
2025-02-14 11:49:00+09:00,357000.0,357500.0,357000.0,357500.0,319,0.0,0.0
2025-02-14 11:50:00+09:00,357500.0,357500.0,356500.0,356500.0,378,0.0,0.0
2025-02-14 11:51:00+09:00,357000.0,357000.0,356500.0,357000.0,147,0.0,0.0
2025-02-14 11:52:00+09:00,357000.0,357000.0,356500.0,356500.0,94,0.0,0.0
2025-02-14 11:53:00+09:00,357000.0,357500.0,356500.0,357500.0,237,0.0,0.0
2025-02-14 11:54:00+09:00,357500.0,357500.0,357000.0,357000.0,74,0.0,0.0
2025-02-14 11:55:00+09:00,357500.0,357500.0,357000.0,357000.0,147,0.0,0.0
2025-02-14 11:56:00+09:00,357000.0,357500.0,356500.0,357000.0,397,0.0,0.0
2025-02-14 11:57:00+09:00,357000.0,357500.0,356500.0,357000.0,123,0.0,0.0
2025-02-14 11:58:00+09:00,357000.0,357000.0,356500.0,356500.0,128,0.0,0.0
2025-02-14 11:59:00+09:00,356500.0,357000.0,356500.0,357000.0,368,0.0,0.0
2025-02-14 12:00:00+09:00,357000.0,357500.0,356500.0,357000.0,356,0.0,0.0
2025-02-14 12:01:00+09:00,357000.0,357000.0,356500.0,357000.0,180,0.0,0.0
2025-02-14 12:02:00+09:00,357000.0,357000.0,356000.0,356000.0,479,0.0,0.0
2025-02-14 12:03:00+09:00,356000.0,356500.0,356000.0,356000.0,114,0.0,0.0
2025-02-14 12:04:00+09:00,356000.0,356500.0,356000.0,356000.0,114,0.0,0.0
2025-02-14 12:05:00+09:00,356500.0,356500.0,356000.0,356000.0,58,0.0,0.0
2025-02-14 12:06:00+09:00,356000.0,356500.0,356000.0,356000.0,164,0.0,0.0
2025-02-14 12:07:00+09:00,356500.0,356500.0,356000.0,356500.0,167,0.0,0.0
2025-02-14 12:08:00+09:00,356500.0,356500.0,356000.0,356000.0,254,0.0,0.0
2025-02-14 12:09:00+09:00,356000.0,356500.0,356000.0,356000.0,110,0.0,0.0
2025-02-14 12:10:00+09:00,356500.0,356500.0,355500.0,355500.0,450,0.0,0.0
2025-02-14 12:11:00+09:00,355500.0,356500.0,355500.0,356500.0,584,0.0,0.0
2025-02-14 12:12:00+09:00,356000.0,356500.0,355500.0,355500.0,205,0.0,0.0
2025-02-14 12:13:00+09:00,356000.0,356000.0,355500.0,356000.0,69,0.0,0.0
2025-02-14 12:14:00+09:00,356000.0,356000.0,355500.0,356000.0,63,0.0,0.0
2025-02-14 12:15:00+09:00,356000.0,356500.0,355500.0,356500.0,647,0.0,0.0
2025-02-14 12:16:00+09:00,356000.0,356500.0,356000.0,356000.0,227,0.0,0.0
2025-02-14 12:17:00+09:00,356500.0,356500.0,356000.0,356000.0,52,0.0,0.0
2025-02-14 12:18:00+09:00,356000.0,356500.0,355500.0,356000.0,285,0.0,0.0
2025-02-14 12:19:00+09:00,356000.0,356000.0,355500.0,356000.0,204,0.0,0.0
2025-02-14 12:20:00+09:00,356000.0,356000.0,355500.0,355500.0,97,0.0,0.0
2025-02-14 12:21:00+09:00,356000.0,356000.0,355500.0,356000.0,107,0.0,0.0
2025-02-14 12:22:00+09:00,355500.0,356000.0,355500.0,356000.0,552,0.0,0.0
2025-02-14 12:23:00+09:00,355500.0,356000.0,355500.0,356000.0,81,0.0,0.0
2025-02-14 12:24:00+09:00,356000.0,356000.0,355500.0,356000.0,101,0.0,0.0
2025-02-14 12:25:00+09:00,356000.0,356000.0,355500.0,355500.0,55,0.0,0.0
2025-02-14 12:26:00+09:00,355500.0,356000.0,355500.0,355500.0,146,0.0,0.0
2025-02-14 12:27:00+09:00,355500.0,356000.0,355500.0,356000.0,275,0.0,0.0
2025-02-14 12:28:00+09:00,356000.0,356000.0,355500.0,355500.0,133,0.0,0.0
2025-02-14 12:29:00+09:00,356000.0,356000.0,355500.0,355500.0,117,0.0,0.0
2025-02-14 12:30:00+09:00,356000.0,356000.0,355500.0,356000.0,151,0.0,0.0
2025-02-14 12:31:00+09:00,356000.0,356000.0,355500.0,355500.0,88,0.0,0.0
2025-02-14 12:32:00+09:00,356000.0,356000.0,355500.0,356000.0,173,0.0,0.0
2025-02-14 12:33:00+09:00,356000.0,356000.0,355500.0,356000.0,76,0.0,0.0
2025-02-14 12:34:00+09:00,356000.0,356000.0,355500.0,356000.0,46,0.0,0.0
2025-02-14 12:35:00+09:00,356000.0,356000.0,355500.0,355500.0,214,0.0,0.0
2025-02-14 12:36:00+09:00,355500.0,356000.0,355500.0,355500.0,108,0.0,0.0
2025-02-14 12:37:00+09:00,355500.0,356000.0,355500.0,356000.0,147,0.0,0.0
2025-02-14 12:38:00+09:00,356000.0,356000.0,355000.0,355000.0,836,0.0,0.0
2025-02-14 12:39:00+09:00,355500.0,355500.0,355000.0,355500.0,159,0.0,0.0
2025-02-14 12:40:00+09:00,355500.0,355500.0,355000.0,355000.0,100,0.0,0.0
2025-02-14 12:41:00+09:00,355500.0,355500.0,355000.0,355000.0,124,0.0,0.0
2025-02-14 12:42:00+09:00,355500.0,355500.0,354500.0,355000.0,826,0.0,0.0
2025-02-14 12:43:00+09:00,355000.0,355000.0,354500.0,355000.0,86,0.0,0.0
2025-02-14 12:44:00+09:00,354500.0,355000.0,354500.0,355000.0,358,0.0,0.0
2025-02-14 12:45:00+09:00,354500.0,355000.0,354500.0,355000.0,0,0.0,0.0
2025-02-14 12:46:00+09:00,355000.0,355000.0,354500.0,355000.0,94,0.0,0.0
2025-02-14 12:47:00+09:00,355000.0,355000.0,354500.0,354500.0,463,0.0,0.0
2025-02-14 12:48:00+09:00,355000.0,355000.0,354500.0,354500.0,10,0.0,0.0
2025-02-14 12:49:00+09:00,354500.0,355000.0,354500.0,355000.0,134,0.0,0.0
2025-02-14 12:50:00+09:00,354500.0,355500.0,354500.0,355500.0,439,0.0,0.0
2025-02-14 12:51:00+09:00,355500.0,355500.0,354500.0,355000.0,299,0.0,0.0
2025-02-14 12:52:00+09:00,354500.0,355000.0,354500.0,354500.0,76,0.0,0.0
2025-02-14 12:53:00+09:00,354500.0,355000.0,354500.0,355000.0,142,0.0,0.0
2025-02-14 12:54:00+09:00,354500.0,355000.0,354500.0,354500.0,71,0.0,0.0
2025-02-14 12:55:00+09:00,354500.0,356000.0,354500.0,355500.0,1202,0.0,0.0
2025-02-14 12:56:00+09:00,355500.0,356000.0,355500.0,355500.0,131,0.0,0.0
2025-02-14 12:57:00+09:00,355500.0,356000.0,355500.0,355500.0,104,0.0,0.0
2025-02-14 12:58:00+09:00,356000.0,356500.0,355500.0,356000.0,303,0.0,0.0
2025-02-14 12:59:00+09:00,356000.0,356500.0,356000.0,356000.0,107,0.0,0.0
2025-02-14 13:00:00+09:00,356500.0,356500.0,356000.0,356000.0,106,0.0,0.0
2025-02-14 13:01:00+09:00,356000.0,357000.0,356000.0,357000.0,380,0.0,0.0
2025-02-14 13:02:00+09:00,356500.0,357000.0,356500.0,356500.0,146,0.0,0.0
2025-02-14 13:03:00+09:00,356500.0,357000.0,356000.0,356000.0,515,0.0,0.0
2025-02-14 13:04:00+09:00,356500.0,357000.0,356000.0,357000.0,227,0.0,0.0
2025-02-14 13:05:00+09:00,356500.0,357000.0,356000.0,356500.0,340,0.0,0.0
2025-02-14 13:06:00+09:00,356500.0,357000.0,356000.0,356500.0,134,0.0,0.0
2025-02-14 13:07:00+09:00,357000.0,357000.0,356500.0,357000.0,196,0.0,0.0
2025-02-14 13:08:00+09:00,357000.0,357000.0,356500.0,357000.0,363,0.0,0.0
2025-02-14 13:09:00+09:00,357000.0,357000.0,356500.0,357000.0,149,0.0,0.0
2025-02-14 13:10:00+09:00,357000.0,357000.0,356000.0,356500.0,379,0.0,0.0
2025-02-14 13:11:00+09:00,356000.0,356500.0,356000.0,356000.0,201,0.0,0.0
2025-02-14 13:12:00+09:00,356500.0,356500.0,356000.0,356500.0,172,0.0,0.0
2025-02-14 13:13:00+09:00,356500.0,356500.0,355500.0,356000.0,907,0.0,0.0
2025-02-14 13:14:00+09:00,356000.0,356000.0,354500.0,355000.0,810,0.0,0.0
2025-02-14 13:15:00+09:00,355000.0,355500.0,355000.0,355500.0,111,0.0,0.0
2025-02-14 13:16:00+09:00,355500.0,356000.0,355000.0,356000.0,625,0.0,0.0
2025-02-14 13:17:00+09:00,356000.0,356500.0,356000.0,356500.0,94,0.0,0.0
2025-02-14 13:18:00+09:00,356000.0,356500.0,356000.0,356000.0,85,0.0,0.0
2025-02-14 13:19:00+09:00,356500.0,357000.0,355000.0,356000.0,532,0.0,0.0
2025-02-14 13:20:00+09:00,356000.0,356000.0,355500.0,356000.0,182,0.0,0.0
2025-02-14 13:21:00+09:00,356000.0,356000.0,355500.0,356000.0,95,0.0,0.0
2025-02-14 13:22:00+09:00,355500.0,356000.0,355500.0,355500.0,301,0.0,0.0
2025-02-14 13:23:00+09:00,355500.0,356000.0,355000.0,355500.0,293,0.0,0.0
2025-02-14 13:24:00+09:00,355500.0,355500.0,354500.0,355500.0,426,0.0,0.0
2025-02-14 13:25:00+09:00,355000.0,355500.0,355000.0,355500.0,194,0.0,0.0
2025-02-14 13:26:00+09:00,355500.0,356000.0,355500.0,356000.0,125,0.0,0.0
2025-02-14 13:27:00+09:00,356000.0,356000.0,355500.0,356000.0,110,0.0,0.0
2025-02-14 13:28:00+09:00,356000.0,356000.0,355000.0,356000.0,333,0.0,0.0
2025-02-14 13:29:00+09:00,356000.0,356000.0,355000.0,355000.0,162,0.0,0.0
2025-02-14 13:30:00+09:00,355500.0,356000.0,355000.0,356000.0,156,0.0,0.0
2025-02-14 13:31:00+09:00,356000.0,356000.0,355500.0,356000.0,173,0.0,0.0
2025-02-14 13:32:00+09:00,356000.0,356000.0,355500.0,356000.0,111,0.0,0.0
2025-02-14 13:33:00+09:00,355500.0,356000.0,355000.0,355500.0,362,0.0,0.0
2025-02-14 13:34:00+09:00,355500.0,356000.0,355000.0,355500.0,147,0.0,0.0
2025-02-14 13:35:00+09:00,355500.0,356000.0,355000.0,356000.0,260,0.0,0.0
2025-02-14 13:36:00+09:00,355500.0,356000.0,355500.0,356000.0,146,0.0,0.0
2025-02-14 13:37:00+09:00,356000.0,356000.0,355000.0,355500.0,179,0.0,0.0
2025-02-14 13:38:00+09:00,355500.0,356500.0,355000.0,356000.0,271,0.0,0.0
2025-02-14 13:39:00+09:00,356000.0,356000.0,355500.0,356000.0,137,0.0,0.0
2025-02-14 13:40:00+09:00,356000.0,356000.0,355500.0,355500.0,189,0.0,0.0
2025-02-14 13:41:00+09:00,356000.0,356000.0,355500.0,355500.0,191,0.0,0.0
2025-02-14 13:42:00+09:00,356000.0,356000.0,355500.0,355500.0,297,0.0,0.0
2025-02-14 13:43:00+09:00,356000.0,356000.0,355500.0,355500.0,276,0.0,0.0
2025-02-14 13:44:00+09:00,356000.0,356000.0,355500.0,356000.0,294,0.0,0.0
2025-02-14 13:45:00+09:00,356000.0,356000.0,355500.0,355500.0,169,0.0,0.0
2025-02-14 13:46:00+09:00,356000.0,356500.0,355500.0,356000.0,172,0.0,0.0
2025-02-14 13:47:00+09:00,356000.0,356000.0,355000.0,355000.0,998,0.0,0.0
2025-02-14 13:48:00+09:00,355000.0,355500.0,355000.0,355500.0,269,0.0,0.0
2025-02-14 13:49:00+09:00,355500.0,355500.0,354500.0,354500.0,699,0.0,0.0
2025-02-14 13:50:00+09:00,355000.0,355000.0,354500.0,354500.0,141,0.0,0.0
2025-02-14 13:51:00+09:00,354500.0,355000.0,354500.0,355000.0,117,0.0,0.0
2025-02-14 13:52:00+09:00,355000.0,355000.0,354500.0,355000.0,125,0.0,0.0
2025-02-14 13:53:00+09:00,355000.0,355000.0,354500.0,354500.0,381,0.0,0.0
2025-02-14 13:54:00+09:00,355000.0,355500.0,354500.0,355000.0,252,0.0,0.0
2025-02-14 13:55:00+09:00,354500.0,355500.0,354500.0,355500.0,192,0.0,0.0
2025-02-14 13:56:00+09:00,355000.0,355500.0,355000.0,355500.0,106,0.0,0.0
2025-02-14 13:57:00+09:00,355500.0,355500.0,355000.0,355500.0,144,0.0,0.0
2025-02-14 13:58:00+09:00,355500.0,355500.0,355000.0,355500.0,156,0.0,0.0
2025-02-14 13:59:00+09:00,355500.0,355500.0,354500.0,355000.0,542,0.0,0.0
2025-02-14 14:00:00+09:00,355500.0,355500.0,355000.0,355500.0,252,0.0,0.0
2025-02-14 14:01:00+09:00,355500.0,356000.0,355000.0,355500.0,184,0.0,0.0
2025-02-14 14:02:00+09:00,355500.0,356000.0,355000.0,355500.0,268,0.0,0.0
2025-02-14 14:03:00+09:00,356000.0,356000.0,355000.0,356000.0,182,0.0,0.0
2025-02-14 14:04:00+09:00,355500.0,356000.0,355500.0,356000.0,203,0.0,0.0
2025-02-14 14:05:00+09:00,356000.0,356000.0,355500.0,356000.0,213,0.0,0.0
2025-02-14 14:06:00+09:00,356000.0,356000.0,355500.0,355500.0,270,0.0,0.0
2025-02-14 14:07:00+09:00,356000.0,356000.0,355500.0,355500.0,551,0.0,0.0
2025-02-14 14:08:00+09:00,355500.0,356000.0,355500.0,356000.0,191,0.0,0.0
2025-02-14 14:09:00+09:00,355500.0,356000.0,355500.0,356000.0,139,0.0,0.0
2025-02-14 14:10:00+09:00,356000.0,356500.0,355500.0,356500.0,290,0.0,0.0
2025-02-14 14:11:00+09:00,356500.0,356500.0,356000.0,356000.0,221,0.0,0.0
2025-02-14 14:12:00+09:00,356000.0,356000.0,355500.0,355500.0,282,0.0,0.0
2025-02-14 14:13:00+09:00,355500.0,356000.0,355500.0,355500.0,405,0.0,0.0
2025-02-14 14:14:00+09:00,356000.0,356000.0,355000.0,355500.0,215,0.0,0.0
2025-02-14 14:15:00+09:00,356000.0,356000.0,355000.0,355500.0,150,0.0,0.0
2025-02-14 14:16:00+09:00,355500.0,356000.0,355000.0,355500.0,384,0.0,0.0
2025-02-14 14:17:00+09:00,355000.0,356000.0,355000.0,355000.0,142,0.0,0.0
2025-02-14 14:18:00+09:00,355500.0,355500.0,355000.0,355500.0,263,0.0,0.0
2025-02-14 14:19:00+09:00,355500.0,355500.0,355000.0,355500.0,148,0.0,0.0
2025-02-14 14:20:00+09:00,355500.0,355500.0,355000.0,355500.0,149,0.0,0.0
2025-02-14 14:21:00+09:00,355000.0,355500.0,355000.0,355500.0,283,0.0,0.0
2025-02-14 14:22:00+09:00,355000.0,355500.0,355000.0,355000.0,178,0.0,0.0
2025-02-14 14:23:00+09:00,355000.0,356000.0,355000.0,356000.0,363,0.0,0.0
2025-02-14 14:24:00+09:00,356000.0,356500.0,355500.0,356000.0,179,0.0,0.0
2025-02-14 14:25:00+09:00,356000.0,356500.0,355000.0,355500.0,279,0.0,0.0
2025-02-14 14:26:00+09:00,355500.0,356000.0,355000.0,356000.0,218,0.0,0.0
2025-02-14 14:27:00+09:00,355500.0,356000.0,355500.0,355500.0,247,0.0,0.0
2025-02-14 14:28:00+09:00,356000.0,356000.0,355000.0,356000.0,181,0.0,0.0
2025-02-14 14:29:00+09:00,355500.0,356000.0,355000.0,355500.0,528,0.0,0.0
2025-02-14 14:30:00+09:00,355500.0,356000.0,355000.0,355500.0,286,0.0,0.0
2025-02-14 14:31:00+09:00,355500.0,355500.0,355000.0,355500.0,387,0.0,0.0
2025-02-14 14:32:00+09:00,355000.0,355500.0,354500.0,355000.0,369,0.0,0.0
2025-02-14 14:33:00+09:00,355000.0,355500.0,354500.0,355500.0,137,0.0,0.0
2025-02-14 14:34:00+09:00,355000.0,355500.0,354500.0,355000.0,343,0.0,0.0
2025-02-14 14:35:00+09:00,355000.0,355000.0,354500.0,355000.0,129,0.0,0.0
2025-02-14 14:36:00+09:00,354500.0,355000.0,354500.0,355000.0,238,0.0,0.0
2025-02-14 14:37:00+09:00,354500.0,355500.0,354500.0,355000.0,301,0.0,0.0
2025-02-14 14:38:00+09:00,354500.0,355500.0,354000.0,354500.0,959,0.0,0.0
2025-02-14 14:39:00+09:00,354500.0,354500.0,354000.0,354000.0,253,0.0,0.0
2025-02-14 14:40:00+09:00,354000.0,355000.0,354000.0,354500.0,403,0.0,0.0
2025-02-14 14:41:00+09:00,354500.0,355000.0,354000.0,355000.0,218,0.0,0.0
2025-02-14 14:42:00+09:00,354500.0,355000.0,354500.0,354500.0,175,0.0,0.0
2025-02-14 14:43:00+09:00,354500.0,355000.0,354500.0,355000.0,148,0.0,0.0
2025-02-14 14:44:00+09:00,355000.0,355000.0,354000.0,355000.0,338,0.0,0.0
2025-02-14 14:45:00+09:00,354500.0,355000.0,354500.0,355000.0,161,0.0,0.0
2025-02-14 14:46:00+09:00,355000.0,355000.0,354500.0,355000.0,221,0.0,0.0
2025-02-14 14:47:00+09:00,354500.0,354500.0,354000.0,354500.0,430,0.0,0.0
2025-02-14 14:48:00+09:00,354000.0,354500.0,354000.0,354000.0,243,0.0,0.0
2025-02-14 14:49:00+09:00,354500.0,354500.0,354000.0,354000.0,239,0.0,0.0
2025-02-14 14:50:00+09:00,354500.0,354500.0,353500.0,353500.0,1331,0.0,0.0
2025-02-14 14:51:00+09:00,353500.0,354000.0,353500.0,353500.0,297,0.0,0.0
2025-02-14 14:52:00+09:00,354000.0,354000.0,353500.0,353500.0,240,0.0,0.0
2025-02-14 14:53:00+09:00,354000.0,354500.0,353500.0,353500.0,808,0.0,0.0
2025-02-14 14:54:00+09:00,354000.0,354500.0,353500.0,354000.0,186,0.0,0.0
2025-02-14 14:55:00+09:00,354000.0,354000.0,353500.0,354000.0,222,0.0,0.0
2025-02-14 14:56:00+09:00,354000.0,354000.0,353500.0,354000.0,309,0.0,0.0
2025-02-14 14:57:00+09:00,353500.0,354000.0,353500.0,353500.0,211,0.0,0.0
2025-02-14 14:58:00+09:00,353500.0,354000.0,353500.0,353500.0,308,0.0,0.0
2025-02-14 14:59:00+09:00,354000.0,354500.0,353500.0,354500.0,502,0.0,0.0
2025-02-17 09:00:00+09:00,354500.0,356500.0,353500.0,354000.0,0,0.0,0.0
2025-02-17 09:01:00+09:00,354500.0,354500.0,353500.0,354000.0,1768,0.0,0.0
2025-02-17 09:02:00+09:00,353500.0,355500.0,353500.0,355000.0,763,0.0,0.0
2025-02-17 09:03:00+09:00,354500.0,355500.0,354500.0,355000.0,343,0.0,0.0
2025-02-17 09:04:00+09:00,355000.0,355000.0,354500.0,354500.0,214,0.0,0.0
2025-02-17 09:05:00+09:00,354500.0,355000.0,354500.0,355000.0,358,0.0,0.0
2025-02-17 09:06:00+09:00,354500.0,356500.0,354500.0,356000.0,1933,0.0,0.0
2025-02-17 09:07:00+09:00,356000.0,356000.0,355500.0,356000.0,170,0.0,0.0
2025-02-17 09:08:00+09:00,355500.0,356000.0,354500.0,354500.0,1522,0.0,0.0
2025-02-17 09:09:00+09:00,354500.0,356000.0,354500.0,355000.0,1258,0.0,0.0
2025-02-17 09:10:00+09:00,355000.0,356000.0,354000.0,354500.0,1471,0.0,0.0
2025-02-17 09:11:00+09:00,354500.0,354500.0,353500.0,354000.0,593,0.0,0.0
2025-02-17 09:12:00+09:00,354000.0,354000.0,353500.0,353500.0,210,0.0,0.0
2025-02-17 09:13:00+09:00,353500.0,355000.0,353500.0,355000.0,749,0.0,0.0
2025-02-17 09:14:00+09:00,355000.0,355000.0,354500.0,354500.0,272,0.0,0.0
2025-02-17 09:15:00+09:00,354500.0,355000.0,354500.0,355000.0,400,0.0,0.0
2025-02-17 09:16:00+09:00,355000.0,355000.0,354500.0,354500.0,106,0.0,0.0
2025-02-17 09:17:00+09:00,354500.0,355000.0,354500.0,354500.0,131,0.0,0.0
2025-02-17 09:18:00+09:00,354500.0,355000.0,354500.0,355000.0,498,0.0,0.0
2025-02-17 09:19:00+09:00,355000.0,355000.0,354500.0,354500.0,409,0.0,0.0
2025-02-17 09:20:00+09:00,355000.0,355000.0,354000.0,354000.0,220,0.0,0.0
2025-02-17 09:21:00+09:00,354000.0,354500.0,352500.0,354500.0,2801,0.0,0.0
2025-02-17 09:22:00+09:00,354000.0,354500.0,353000.0,353000.0,1012,0.0,0.0
2025-02-17 09:23:00+09:00,353500.0,354000.0,353000.0,353500.0,127,0.0,0.0
2025-02-17 09:24:00+09:00,353500.0,353500.0,353000.0,353000.0,184,0.0,0.0
2025-02-17 09:25:00+09:00,353000.0,354000.0,353000.0,353500.0,383,0.0,0.0
2025-02-17 09:26:00+09:00,354000.0,354000.0,353500.0,353500.0,78,0.0,0.0
2025-02-17 09:27:00+09:00,354000.0,354000.0,353500.0,353500.0,69,0.0,0.0
2025-02-17 09:28:00+09:00,354000.0,354000.0,353500.0,354000.0,164,0.0,0.0
2025-02-17 09:29:00+09:00,354000.0,355000.0,353500.0,354500.0,923,0.0,0.0
2025-02-17 09:30:00+09:00,354500.0,355000.0,354500.0,355000.0,163,0.0,0.0
2025-02-17 09:31:00+09:00,354500.0,355000.0,354500.0,354500.0,65,0.0,0.0
2025-02-17 09:32:00+09:00,355000.0,355000.0,354500.0,354500.0,205,0.0,0.0
2025-02-17 09:33:00+09:00,354500.0,355000.0,354500.0,355000.0,52,0.0,0.0
2025-02-17 09:34:00+09:00,354500.0,355000.0,354500.0,355000.0,89,0.0,0.0
2025-02-17 09:35:00+09:00,354500.0,356000.0,354500.0,355500.0,1445,0.0,0.0
2025-02-17 09:36:00+09:00,355500.0,356000.0,355500.0,355500.0,289,0.0,0.0
2025-02-17 09:37:00+09:00,356000.0,356000.0,355000.0,356000.0,338,0.0,0.0
2025-02-17 09:38:00+09:00,355500.0,356000.0,354500.0,354500.0,429,0.0,0.0
2025-02-17 09:39:00+09:00,355000.0,355500.0,354500.0,355000.0,108,0.0,0.0
2025-02-17 09:40:00+09:00,355000.0,355500.0,355000.0,355000.0,65,0.0,0.0
2025-02-17 09:41:00+09:00,355000.0,355500.0,355000.0,355500.0,131,0.0,0.0
2025-02-17 09:42:00+09:00,355000.0,355500.0,355000.0,355500.0,312,0.0,0.0
2025-02-17 09:43:00+09:00,355500.0,356000.0,355500.0,356000.0,149,0.0,0.0
2025-02-17 09:44:00+09:00,355500.0,356500.0,355500.0,356500.0,2136,0.0,0.0
2025-02-17 09:45:00+09:00,356500.0,356500.0,356000.0,356000.0,35,0.0,0.0
2025-02-17 09:46:00+09:00,356500.0,356500.0,356000.0,356500.0,154,0.0,0.0
2025-02-17 09:47:00+09:00,356000.0,356500.0,355500.0,355500.0,1192,0.0,0.0
2025-02-17 09:48:00+09:00,355500.0,356000.0,355500.0,355500.0,120,0.0,0.0
2025-02-17 09:49:00+09:00,356000.0,356000.0,355500.0,356000.0,74,0.0,0.0
2025-02-17 09:50:00+09:00,355500.0,356000.0,355500.0,355500.0,123,0.0,0.0
2025-02-17 09:51:00+09:00,355500.0,356000.0,355500.0,356000.0,92,0.0,0.0
2025-02-17 09:52:00+09:00,355500.0,356000.0,355500.0,355500.0,95,0.0,0.0
2025-02-17 09:53:00+09:00,355500.0,356000.0,355500.0,355500.0,40,0.0,0.0
2025-02-17 09:54:00+09:00,356000.0,356000.0,355500.0,355500.0,45,0.0,0.0
2025-02-17 09:55:00+09:00,356000.0,356000.0,355000.0,355000.0,297,0.0,0.0
2025-02-17 09:56:00+09:00,355500.0,355500.0,355000.0,355500.0,132,0.0,0.0
2025-02-17 09:57:00+09:00,355000.0,355500.0,355000.0,355500.0,139,0.0,0.0
2025-02-17 09:58:00+09:00,355000.0,355500.0,355000.0,355000.0,122,0.0,0.0
2025-02-17 09:59:00+09:00,355000.0,355500.0,355000.0,355000.0,187,0.0,0.0
2025-02-17 10:00:00+09:00,355000.0,355500.0,355000.0,355500.0,39,0.0,0.0
2025-02-17 10:01:00+09:00,355500.0,355500.0,355000.0,355000.0,75,0.0,0.0
2025-02-17 10:02:00+09:00,355500.0,355500.0,355000.0,355500.0,171,0.0,0.0
2025-02-17 10:03:00+09:00,355500.0,356000.0,355500.0,356000.0,432,0.0,0.0
2025-02-17 10:04:00+09:00,356000.0,356500.0,355500.0,356500.0,254,0.0,0.0
2025-02-17 10:05:00+09:00,356500.0,357500.0,356000.0,357500.0,1661,0.0,0.0
2025-02-17 10:06:00+09:00,357500.0,358000.0,357000.0,358000.0,744,0.0,0.0
2025-02-17 10:07:00+09:00,358000.0,359500.0,358000.0,358000.0,4668,0.0,0.0
2025-02-17 10:08:00+09:00,358000.0,359000.0,358000.0,359000.0,735,0.0,0.0
2025-02-17 10:09:00+09:00,359000.0,359000.0,358000.0,358500.0,685,0.0,0.0
2025-02-17 10:10:00+09:00,358500.0,358500.0,357000.0,357000.0,1386,0.0,0.0
2025-02-17 10:11:00+09:00,357500.0,357500.0,357000.0,357500.0,200,0.0,0.0
2025-02-17 10:12:00+09:00,357000.0,357500.0,357000.0,357500.0,454,0.0,0.0
2025-02-17 10:13:00+09:00,357500.0,358000.0,357000.0,357500.0,205,0.0,0.0
2025-02-17 10:14:00+09:00,357500.0,357500.0,357000.0,357500.0,426,0.0,0.0
2025-02-17 10:15:00+09:00,357000.0,358000.0,357000.0,357500.0,189,0.0,0.0
2025-02-17 10:16:00+09:00,357500.0,359000.0,357500.0,359000.0,1056,0.0,0.0
2025-02-17 10:17:00+09:00,359000.0,360000.0,358500.0,359500.0,2517,0.0,0.0
2025-02-17 10:18:00+09:00,359500.0,361500.0,359500.0,361500.0,3503,0.0,0.0
2025-02-17 10:19:00+09:00,361500.0,362000.0,360500.0,361000.0,1486,0.0,0.0
2025-02-17 10:20:00+09:00,361000.0,361000.0,359500.0,360000.0,907,0.0,0.0
2025-02-17 10:21:00+09:00,360000.0,361500.0,360000.0,361000.0,982,0.0,0.0
2025-02-17 10:22:00+09:00,361500.0,362000.0,361000.0,361500.0,814,0.0,0.0
2025-02-17 10:23:00+09:00,361500.0,362000.0,361000.0,361500.0,1040,0.0,0.0
2025-02-17 10:24:00+09:00,361500.0,362000.0,360500.0,361000.0,1088,0.0,0.0
2025-02-17 10:25:00+09:00,361000.0,361000.0,360000.0,360500.0,568,0.0,0.0
2025-02-17 10:26:00+09:00,360500.0,361000.0,359500.0,360500.0,584,0.0,0.0
2025-02-17 10:27:00+09:00,360500.0,361000.0,360500.0,360500.0,431,0.0,0.0
2025-02-17 10:28:00+09:00,361000.0,361000.0,360500.0,361000.0,343,0.0,0.0
2025-02-17 10:29:00+09:00,361000.0,361000.0,360000.0,360500.0,351,0.0,0.0
2025-02-17 10:30:00+09:00,360500.0,361000.0,360000.0,360500.0,714,0.0,0.0
2025-02-17 10:31:00+09:00,360000.0,361000.0,360000.0,360500.0,421,0.0,0.0
2025-02-17 10:32:00+09:00,360500.0,361000.0,359500.0,360500.0,402,0.0,0.0
2025-02-17 10:33:00+09:00,360500.0,360500.0,360000.0,360500.0,209,0.0,0.0
2025-02-17 10:34:00+09:00,360500.0,360500.0,360000.0,360500.0,290,0.0,0.0
2025-02-17 10:35:00+09:00,360500.0,360500.0,360000.0,360500.0,227,0.0,0.0
2025-02-17 10:36:00+09:00,360500.0,360500.0,360000.0,360500.0,387,0.0,0.0
2025-02-17 10:37:00+09:00,360000.0,360500.0,360000.0,360500.0,105,0.0,0.0
2025-02-17 10:38:00+09:00,360500.0,360500.0,360000.0,360500.0,459,0.0,0.0
2025-02-17 10:39:00+09:00,360500.0,361000.0,360000.0,361000.0,1638,0.0,0.0
2025-02-17 10:40:00+09:00,361000.0,361000.0,360500.0,361000.0,429,0.0,0.0
2025-02-17 10:41:00+09:00,360500.0,361000.0,359500.0,360000.0,2609,0.0,0.0
2025-02-17 10:42:00+09:00,360000.0,360000.0,358000.0,359000.0,1032,0.0,0.0
2025-02-17 10:43:00+09:00,359000.0,359500.0,358000.0,359000.0,204,0.0,0.0
2025-02-17 10:44:00+09:00,358500.0,359500.0,358000.0,359000.0,596,0.0,0.0
2025-02-17 10:45:00+09:00,358500.0,359000.0,358000.0,358000.0,350,0.0,0.0
2025-02-17 10:46:00+09:00,358500.0,359500.0,358000.0,359000.0,249,0.0,0.0
2025-02-17 10:47:00+09:00,359000.0,359000.0,358500.0,359000.0,233,0.0,0.0
2025-02-17 10:48:00+09:00,359000.0,359000.0,358000.0,358000.0,338,0.0,0.0
2025-02-17 10:49:00+09:00,358000.0,358500.0,358000.0,358500.0,232,0.0,0.0
2025-02-17 10:50:00+09:00,358500.0,359000.0,358500.0,359000.0,138,0.0,0.0
2025-02-17 10:51:00+09:00,359000.0,359000.0,357500.0,357500.0,1055,0.0,0.0
2025-02-17 10:52:00+09:00,357500.0,358500.0,357500.0,358500.0,532,0.0,0.0
2025-02-17 10:53:00+09:00,358500.0,358500.0,358000.0,358500.0,189,0.0,0.0
2025-02-17 10:54:00+09:00,358500.0,358500.0,358000.0,358500.0,218,0.0,0.0
2025-02-17 10:55:00+09:00,358500.0,359000.0,358000.0,359000.0,394,0.0,0.0
2025-02-17 10:56:00+09:00,359000.0,359000.0,358000.0,359000.0,487,0.0,0.0
2025-02-17 10:57:00+09:00,359000.0,359000.0,358000.0,358500.0,202,0.0,0.0
2025-02-17 10:58:00+09:00,358500.0,358500.0,358000.0,358500.0,250,0.0,0.0
2025-02-17 10:59:00+09:00,358500.0,358500.0,358000.0,358500.0,297,0.0,0.0
2025-02-17 11:00:00+09:00,358000.0,358500.0,358000.0,358500.0,312,0.0,0.0
2025-02-17 11:01:00+09:00,358000.0,358500.0,358000.0,358500.0,300,0.0,0.0
2025-02-17 11:02:00+09:00,358000.0,359000.0,358000.0,359000.0,219,0.0,0.0
2025-02-17 11:03:00+09:00,358500.0,359000.0,358000.0,358500.0,449,0.0,0.0
2025-02-17 11:04:00+09:00,359000.0,359500.0,358500.0,359500.0,210,0.0,0.0
2025-02-17 11:05:00+09:00,359500.0,359500.0,358500.0,359000.0,490,0.0,0.0
2025-02-17 11:06:00+09:00,359000.0,359000.0,358500.0,359000.0,373,0.0,0.0
2025-02-17 11:07:00+09:00,358500.0,359000.0,358500.0,359000.0,316,0.0,0.0
2025-02-17 11:08:00+09:00,359000.0,359000.0,358000.0,358000.0,481,0.0,0.0
2025-02-17 11:09:00+09:00,358000.0,358500.0,358000.0,358500.0,257,0.0,0.0
2025-02-17 11:10:00+09:00,358000.0,358500.0,357000.0,358000.0,1483,0.0,0.0
2025-02-17 11:11:00+09:00,358000.0,358500.0,358000.0,358500.0,219,0.0,0.0
2025-02-17 11:12:00+09:00,358500.0,358500.0,357500.0,358000.0,526,0.0,0.0
2025-02-17 11:13:00+09:00,358000.0,359500.0,358000.0,358000.0,398,0.0,0.0
2025-02-17 11:14:00+09:00,358000.0,359000.0,357500.0,358500.0,466,0.0,0.0
2025-02-17 11:15:00+09:00,358500.0,359500.0,358000.0,358500.0,422,0.0,0.0
2025-02-17 11:16:00+09:00,358500.0,359000.0,358000.0,359000.0,292,0.0,0.0
2025-02-17 11:17:00+09:00,359000.0,359000.0,358500.0,359000.0,230,0.0,0.0
2025-02-17 11:18:00+09:00,359000.0,359000.0,358500.0,359000.0,431,0.0,0.0
2025-02-17 11:19:00+09:00,359000.0,359500.0,358500.0,359500.0,208,0.0,0.0
2025-02-17 11:20:00+09:00,359500.0,359500.0,358000.0,358500.0,393,0.0,0.0
2025-02-17 11:21:00+09:00,358500.0,359500.0,357500.0,358000.0,1045,0.0,0.0
2025-02-17 11:22:00+09:00,357500.0,358000.0,357500.0,358000.0,132,0.0,0.0
2025-02-17 11:23:00+09:00,358000.0,358500.0,357500.0,358500.0,204,0.0,0.0
2025-02-17 11:24:00+09:00,358500.0,358500.0,357500.0,358000.0,383,0.0,0.0
2025-02-17 11:25:00+09:00,357500.0,358000.0,357500.0,358000.0,76,0.0,0.0
2025-02-17 11:26:00+09:00,358000.0,358000.0,357500.0,358000.0,266,0.0,0.0
2025-02-17 11:27:00+09:00,358000.0,358000.0,357500.0,358000.0,616,0.0,0.0
2025-02-17 11:28:00+09:00,358000.0,358500.0,357500.0,358000.0,363,0.0,0.0
2025-02-17 11:29:00+09:00,357500.0,358500.0,357500.0,358000.0,268,0.0,0.0
2025-02-17 11:30:00+09:00,357500.0,359000.0,357500.0,358000.0,544,0.0,0.0
2025-02-17 11:31:00+09:00,358000.0,358000.0,357500.0,357500.0,564,0.0,0.0
2025-02-17 11:32:00+09:00,358000.0,358000.0,357500.0,358000.0,207,0.0,0.0
2025-02-17 11:33:00+09:00,358000.0,358000.0,357000.0,357000.0,827,0.0,0.0
2025-02-17 11:34:00+09:00,357500.0,357500.0,356500.0,357000.0,1261,0.0,0.0
2025-02-17 11:35:00+09:00,357000.0,357500.0,357000.0,357500.0,186,0.0,0.0
2025-02-17 11:36:00+09:00,357000.0,358000.0,357000.0,357500.0,64,0.0,0.0
2025-02-17 11:37:00+09:00,357500.0,357500.0,357000.0,357500.0,132,0.0,0.0
2025-02-17 11:38:00+09:00,357500.0,357500.0,356500.0,357000.0,827,0.0,0.0
2025-02-17 11:39:00+09:00,356500.0,357500.0,356500.0,357500.0,202,0.0,0.0
2025-02-17 11:40:00+09:00,357500.0,357500.0,357000.0,357500.0,78,0.0,0.0
2025-02-17 11:41:00+09:00,357000.0,357500.0,357000.0,357000.0,82,0.0,0.0
2025-02-17 11:42:00+09:00,357000.0,357500.0,357000.0,357500.0,55,0.0,0.0
2025-02-17 11:43:00+09:00,357500.0,358000.0,357000.0,357500.0,88,0.0,0.0
2025-02-17 11:44:00+09:00,357500.0,357500.0,357000.0,357500.0,88,0.0,0.0
2025-02-17 11:45:00+09:00,357500.0,357500.0,357000.0,357500.0,121,0.0,0.0
2025-02-17 11:46:00+09:00,357500.0,357500.0,357000.0,357000.0,46,0.0,0.0
2025-02-17 11:47:00+09:00,357500.0,357500.0,356500.0,357000.0,730,0.0,0.0
2025-02-17 11:48:00+09:00,357000.0,357000.0,356500.0,357000.0,295,0.0,0.0
2025-02-17 11:49:00+09:00,357000.0,357500.0,356500.0,357000.0,208,0.0,0.0
2025-02-17 11:50:00+09:00,357000.0,357000.0,356000.0,356500.0,1278,0.0,0.0
2025-02-17 11:51:00+09:00,356500.0,357500.0,356000.0,356500.0,193,0.0,0.0
2025-02-17 11:52:00+09:00,357000.0,357000.0,356500.0,357000.0,46,0.0,0.0
2025-02-17 11:53:00+09:00,357000.0,357000.0,356000.0,356000.0,896,0.0,0.0
2025-02-17 11:54:00+09:00,355500.0,356500.0,355500.0,356500.0,449,0.0,0.0
2025-02-17 11:55:00+09:00,356000.0,356500.0,356000.0,356500.0,103,0.0,0.0
2025-02-17 11:56:00+09:00,356500.0,356500.0,356000.0,356500.0,130,0.0,0.0
2025-02-17 11:57:00+09:00,356500.0,356500.0,356000.0,356500.0,106,0.0,0.0
2025-02-17 11:58:00+09:00,356500.0,356500.0,356000.0,356500.0,168,0.0,0.0
2025-02-17 11:59:00+09:00,356500.0,356500.0,355500.0,356500.0,596,0.0,0.0
2025-02-17 12:00:00+09:00,356000.0,356500.0,355500.0,356000.0,222,0.0,0.0
2025-02-17 12:01:00+09:00,355500.0,356000.0,355000.0,355500.0,1033,0.0,0.0
2025-02-17 12:02:00+09:00,355500.0,356000.0,355000.0,355500.0,867,0.0,0.0
2025-02-17 12:03:00+09:00,355500.0,355500.0,355000.0,355500.0,472,0.0,0.0
2025-02-17 12:04:00+09:00,355500.0,356000.0,355000.0,356000.0,181,0.0,0.0
2025-02-17 12:05:00+09:00,355500.0,356000.0,355500.0,356000.0,101,0.0,0.0
2025-02-17 12:06:00+09:00,355500.0,356000.0,355500.0,356000.0,98,0.0,0.0
2025-02-17 12:07:00+09:00,356000.0,356000.0,355500.0,355500.0,101,0.0,0.0
2025-02-17 12:08:00+09:00,355500.0,356000.0,355000.0,355000.0,840,0.0,0.0
2025-02-17 12:09:00+09:00,355500.0,355500.0,355000.0,355500.0,560,0.0,0.0
2025-02-17 12:10:00+09:00,355500.0,355500.0,355000.0,355000.0,85,0.0,0.0
2025-02-17 12:11:00+09:00,355000.0,355500.0,355000.0,355500.0,411,0.0,0.0
2025-02-17 12:12:00+09:00,355500.0,356000.0,355000.0,356000.0,71,0.0,0.0
2025-02-17 12:13:00+09:00,356000.0,356000.0,355500.0,356000.0,31,0.0,0.0
2025-02-17 12:14:00+09:00,356000.0,356000.0,355500.0,355500.0,100,0.0,0.0
2025-02-17 12:15:00+09:00,356000.0,356000.0,354500.0,355000.0,1494,0.0,0.0
2025-02-17 12:16:00+09:00,355000.0,355000.0,354000.0,354000.0,1294,0.0,0.0
2025-02-17 12:17:00+09:00,354500.0,354500.0,354000.0,354500.0,169,0.0,0.0
2025-02-17 12:18:00+09:00,354500.0,355000.0,354000.0,354500.0,1078,0.0,0.0
2025-02-17 12:19:00+09:00,354500.0,354500.0,354000.0,354000.0,187,0.0,0.0
2025-02-17 12:20:00+09:00,354500.0,354500.0,354000.0,354500.0,495,0.0,0.0
2025-02-17 12:21:00+09:00,354500.0,354500.0,354000.0,354500.0,107,0.0,0.0
2025-02-17 12:22:00+09:00,354500.0,354500.0,354000.0,354000.0,605,0.0,0.0
2025-02-17 12:23:00+09:00,354000.0,354500.0,353500.0,354000.0,323,0.0,0.0
2025-02-17 12:24:00+09:00,354000.0,354500.0,353500.0,354000.0,1022,0.0,0.0
2025-02-17 12:25:00+09:00,354000.0,354500.0,353500.0,354500.0,159,0.0,0.0
2025-02-17 12:26:00+09:00,354000.0,355000.0,354000.0,354500.0,184,0.0,0.0
2025-02-17 12:27:00+09:00,354500.0,354500.0,354000.0,354500.0,71,0.0,0.0
2025-02-17 12:28:00+09:00,354500.0,354500.0,354000.0,354000.0,114,0.0,0.0
2025-02-17 12:29:00+09:00,354000.0,354500.0,354000.0,354500.0,739,0.0,0.0
2025-02-17 12:30:00+09:00,354000.0,354500.0,353500.0,354500.0,647,0.0,0.0
2025-02-17 12:31:00+09:00,354000.0,354500.0,354000.0,354000.0,205,0.0,0.0
2025-02-17 12:32:00+09:00,354000.0,354500.0,353500.0,353500.0,432,0.0,0.0
2025-02-17 12:33:00+09:00,354000.0,354000.0,353500.0,353500.0,102,0.0,0.0
2025-02-17 12:34:00+09:00,354000.0,354500.0,353500.0,354500.0,223,0.0,0.0
2025-02-17 12:35:00+09:00,354000.0,354500.0,354000.0,354000.0,48,0.0,0.0
2025-02-17 12:36:00+09:00,354500.0,354500.0,354000.0,354500.0,306,0.0,0.0
2025-02-17 12:37:00+09:00,354500.0,354500.0,354000.0,354500.0,355,0.0,0.0
2025-02-17 12:38:00+09:00,354500.0,354500.0,354000.0,354500.0,138,0.0,0.0
2025-02-17 12:39:00+09:00,354500.0,354500.0,354000.0,354500.0,91,0.0,0.0
2025-02-17 12:40:00+09:00,354000.0,354500.0,354000.0,354500.0,99,0.0,0.0
2025-02-17 12:41:00+09:00,354500.0,354500.0,354000.0,354500.0,130,0.0,0.0
2025-02-17 12:42:00+09:00,354000.0,354500.0,354000.0,354500.0,98,0.0,0.0
2025-02-17 12:43:00+09:00,354000.0,354500.0,354000.0,354500.0,86,0.0,0.0
2025-02-17 12:44:00+09:00,354500.0,354500.0,354000.0,354500.0,521,0.0,0.0
2025-02-17 12:45:00+09:00,354500.0,354500.0,354000.0,354500.0,88,0.0,0.0
2025-02-17 12:46:00+09:00,354500.0,354500.0,354000.0,354500.0,153,0.0,0.0
2025-02-17 12:47:00+09:00,354000.0,354500.0,354000.0,354500.0,378,0.0,0.0
2025-02-17 12:48:00+09:00,354500.0,354500.0,354000.0,354500.0,106,0.0,0.0
2025-02-17 12:49:00+09:00,354500.0,354500.0,354000.0,354500.0,74,0.0,0.0
2025-02-17 12:50:00+09:00,354500.0,355000.0,354000.0,355000.0,151,0.0,0.0
2025-02-17 12:51:00+09:00,355000.0,355000.0,354500.0,355000.0,45,0.0,0.0
2025-02-17 12:52:00+09:00,354500.0,355000.0,354500.0,355000.0,249,0.0,0.0
2025-02-17 12:53:00+09:00,355000.0,355000.0,354500.0,355000.0,127,0.0,0.0
2025-02-17 12:54:00+09:00,355000.0,355000.0,354500.0,355000.0,48,0.0,0.0
2025-02-17 12:55:00+09:00,354500.0,355000.0,354000.0,354500.0,550,0.0,0.0
2025-02-17 12:56:00+09:00,354500.0,355000.0,354500.0,355000.0,171,0.0,0.0
2025-02-17 12:57:00+09:00,355000.0,355000.0,354500.0,355000.0,53,0.0,0.0
2025-02-17 12:58:00+09:00,355000.0,355000.0,354500.0,355000.0,91,0.0,0.0
2025-02-17 12:59:00+09:00,355000.0,355000.0,354500.0,355000.0,62,0.0,0.0
2025-02-17 13:00:00+09:00,354500.0,355000.0,354500.0,355000.0,120,0.0,0.0
2025-02-17 13:01:00+09:00,355000.0,355000.0,354000.0,354000.0,438,0.0,0.0
2025-02-17 13:02:00+09:00,354500.0,354500.0,354000.0,354500.0,83,0.0,0.0
2025-02-17 13:03:00+09:00,354000.0,354500.0,354000.0,354500.0,170,0.0,0.0
2025-02-17 13:04:00+09:00,354000.0,354500.0,354000.0,354500.0,192,0.0,0.0
2025-02-17 13:05:00+09:00,354000.0,354500.0,354000.0,354500.0,415,0.0,0.0
2025-02-17 13:06:00+09:00,354500.0,355000.0,354000.0,354500.0,472,0.0,0.0
2025-02-17 13:07:00+09:00,354500.0,355000.0,353000.0,353000.0,2360,0.0,0.0
2025-02-17 13:08:00+09:00,353500.0,353500.0,353000.0,353000.0,1833,0.0,0.0
2025-02-17 13:09:00+09:00,353500.0,353500.0,353000.0,353000.0,455,0.0,0.0
2025-02-17 13:10:00+09:00,353000.0,353500.0,353000.0,353000.0,355,0.0,0.0
2025-02-17 13:11:00+09:00,353500.0,353500.0,353000.0,353500.0,351,0.0,0.0
2025-02-17 13:12:00+09:00,354000.0,354000.0,353500.0,354000.0,86,0.0,0.0
2025-02-17 13:13:00+09:00,354000.0,354000.0,353500.0,354000.0,48,0.0,0.0
2025-02-17 13:14:00+09:00,354000.0,354000.0,353500.0,354000.0,144,0.0,0.0
2025-02-17 13:15:00+09:00,354000.0,354500.0,354000.0,354000.0,102,0.0,0.0
2025-02-17 13:16:00+09:00,354000.0,354500.0,353500.0,354000.0,148,0.0,0.0
2025-02-17 13:17:00+09:00,354000.0,354500.0,354000.0,354500.0,329,0.0,0.0
2025-02-17 13:18:00+09:00,354000.0,354500.0,354000.0,354000.0,80,0.0,0.0
2025-02-17 13:19:00+09:00,354000.0,354500.0,354000.0,354000.0,65,0.0,0.0
2025-02-17 13:20:00+09:00,354500.0,354500.0,354000.0,354000.0,123,0.0,0.0
2025-02-17 13:21:00+09:00,354000.0,354500.0,354000.0,354000.0,71,0.0,0.0
2025-02-17 13:22:00+09:00,354500.0,354500.0,354000.0,354500.0,129,0.0,0.0
2025-02-17 13:23:00+09:00,354500.0,354500.0,354000.0,354000.0,132,0.0,0.0
2025-02-17 13:24:00+09:00,354500.0,354500.0,354000.0,354000.0,114,0.0,0.0
2025-02-17 13:25:00+09:00,354000.0,354500.0,354000.0,354500.0,142,0.0,0.0
2025-02-17 13:26:00+09:00,354500.0,354500.0,354000.0,354500.0,424,0.0,0.0
2025-02-17 13:27:00+09:00,354000.0,354500.0,354000.0,354500.0,182,0.0,0.0
2025-02-17 13:28:00+09:00,354500.0,354500.0,354000.0,354000.0,85,0.0,0.0
2025-02-17 13:29:00+09:00,354500.0,354500.0,354000.0,354000.0,176,0.0,0.0
2025-02-17 13:30:00+09:00,354000.0,354500.0,354000.0,354000.0,72,0.0,0.0
2025-02-17 13:31:00+09:00,354500.0,354500.0,354000.0,354500.0,363,0.0,0.0
2025-02-17 13:32:00+09:00,354500.0,355000.0,354000.0,355000.0,153,0.0,0.0
2025-02-17 13:33:00+09:00,354500.0,355000.0,354500.0,355000.0,104,0.0,0.0
2025-02-17 13:34:00+09:00,355000.0,355000.0,354500.0,355000.0,48,0.0,0.0
2025-02-17 13:35:00+09:00,355000.0,355000.0,354500.0,354500.0,1107,0.0,0.0
2025-02-17 13:36:00+09:00,354500.0,355000.0,354000.0,354500.0,103,0.0,0.0
2025-02-17 13:37:00+09:00,354500.0,355000.0,354500.0,354500.0,90,0.0,0.0
2025-02-17 13:38:00+09:00,355000.0,355000.0,354500.0,355000.0,107,0.0,0.0
2025-02-17 13:39:00+09:00,355000.0,355000.0,354500.0,355000.0,51,0.0,0.0
2025-02-17 13:40:00+09:00,355000.0,355000.0,354500.0,355000.0,423,0.0,0.0
2025-02-17 13:41:00+09:00,354500.0,355000.0,354500.0,355000.0,56,0.0,0.0
2025-02-17 13:42:00+09:00,355000.0,355000.0,354000.0,354500.0,216,0.0,0.0
2025-02-17 13:43:00+09:00,354500.0,355000.0,354000.0,354500.0,106,0.0,0.0
2025-02-17 13:44:00+09:00,354500.0,355000.0,354000.0,355000.0,116,0.0,0.0
2025-02-17 13:45:00+09:00,355000.0,355000.0,354500.0,355000.0,115,0.0,0.0
2025-02-17 13:46:00+09:00,355000.0,355000.0,354500.0,354500.0,73,0.0,0.0
2025-02-17 13:47:00+09:00,354500.0,355000.0,354500.0,354500.0,83,0.0,0.0
2025-02-17 13:48:00+09:00,354500.0,355000.0,354500.0,355000.0,239,0.0,0.0
2025-02-17 13:49:00+09:00,355000.0,355000.0,354500.0,354500.0,84,0.0,0.0
2025-02-17 13:50:00+09:00,355000.0,355500.0,354500.0,355000.0,685,0.0,0.0
2025-02-17 13:51:00+09:00,354500.0,355000.0,354500.0,355000.0,234,0.0,0.0
2025-02-17 13:52:00+09:00,355000.0,355000.0,354000.0,354000.0,774,0.0,0.0
2025-02-17 13:53:00+09:00,354500.0,354500.0,354000.0,354000.0,92,0.0,0.0
2025-02-17 13:54:00+09:00,354000.0,354500.0,354000.0,354000.0,153,0.0,0.0
2025-02-17 13:55:00+09:00,354500.0,355500.0,354000.0,355000.0,1009,0.0,0.0
2025-02-17 13:56:00+09:00,354500.0,355000.0,354500.0,355000.0,224,0.0,0.0
2025-02-17 13:57:00+09:00,354500.0,355000.0,354500.0,355000.0,146,0.0,0.0
2025-02-17 13:58:00+09:00,355000.0,355000.0,354500.0,354500.0,97,0.0,0.0
2025-02-17 13:59:00+09:00,355000.0,355000.0,354500.0,355000.0,320,0.0,0.0
2025-02-17 14:00:00+09:00,355000.0,355000.0,354500.0,355000.0,149,0.0,0.0
2025-02-17 14:01:00+09:00,355000.0,355000.0,354500.0,354500.0,138,0.0,0.0
2025-02-17 14:02:00+09:00,354500.0,355000.0,354000.0,354500.0,245,0.0,0.0
2025-02-17 14:03:00+09:00,354500.0,354500.0,354000.0,354000.0,148,0.0,0.0
2025-02-17 14:04:00+09:00,354500.0,354500.0,354000.0,354500.0,150,0.0,0.0
2025-02-17 14:05:00+09:00,354000.0,354500.0,354000.0,354000.0,98,0.0,0.0
2025-02-17 14:06:00+09:00,354000.0,354500.0,354000.0,354000.0,176,0.0,0.0
2025-02-17 14:07:00+09:00,354500.0,354500.0,354000.0,354500.0,283,0.0,0.0
2025-02-17 14:08:00+09:00,354500.0,354500.0,354000.0,354500.0,305,0.0,0.0
2025-02-17 14:09:00+09:00,354000.0,354500.0,354000.0,354000.0,117,0.0,0.0
2025-02-17 14:10:00+09:00,354500.0,354500.0,354000.0,354500.0,122,0.0,0.0
2025-02-17 14:11:00+09:00,354000.0,354500.0,354000.0,354500.0,113,0.0,0.0
2025-02-17 14:12:00+09:00,354500.0,354500.0,354000.0,354500.0,100,0.0,0.0
2025-02-17 14:13:00+09:00,354500.0,354500.0,354000.0,354500.0,96,0.0,0.0
2025-02-17 14:14:00+09:00,354000.0,354500.0,354000.0,354000.0,635,0.0,0.0
2025-02-17 14:15:00+09:00,354000.0,354500.0,354000.0,354000.0,936,0.0,0.0
2025-02-17 14:16:00+09:00,354000.0,354500.0,353500.0,354000.0,694,0.0,0.0
2025-02-17 14:17:00+09:00,354000.0,354000.0,353500.0,354000.0,229,0.0,0.0
2025-02-17 14:18:00+09:00,353500.0,354000.0,353500.0,353500.0,140,0.0,0.0
2025-02-17 14:19:00+09:00,353500.0,354000.0,353500.0,354000.0,159,0.0,0.0
2025-02-17 14:20:00+09:00,353500.0,354000.0,353500.0,354000.0,118,0.0,0.0
2025-02-17 14:21:00+09:00,354000.0,354000.0,353500.0,353500.0,112,0.0,0.0
2025-02-17 14:22:00+09:00,353500.0,354000.0,353500.0,354000.0,92,0.0,0.0
2025-02-17 14:23:00+09:00,353500.0,354000.0,353500.0,354000.0,207,0.0,0.0
2025-02-17 14:24:00+09:00,354000.0,354500.0,353500.0,354500.0,397,0.0,0.0
2025-02-17 14:25:00+09:00,354000.0,354500.0,354000.0,354500.0,159,0.0,0.0
2025-02-17 14:26:00+09:00,354000.0,354500.0,354000.0,354500.0,217,0.0,0.0
2025-02-17 14:27:00+09:00,354000.0,354500.0,354000.0,354000.0,135,0.0,0.0
2025-02-17 14:28:00+09:00,354000.0,354500.0,354000.0,354500.0,145,0.0,0.0
2025-02-17 14:29:00+09:00,354000.0,354500.0,353500.0,354000.0,2185,0.0,0.0
2025-02-17 14:30:00+09:00,354000.0,354000.0,353500.0,354000.0,153,0.0,0.0
2025-02-17 14:31:00+09:00,354000.0,354000.0,353500.0,354000.0,120,0.0,0.0
2025-02-17 14:32:00+09:00,354000.0,354000.0,353500.0,353500.0,164,0.0,0.0
2025-02-17 14:33:00+09:00,353500.0,354000.0,353500.0,353500.0,215,0.0,0.0
2025-02-17 14:34:00+09:00,354000.0,354000.0,353500.0,354000.0,73,0.0,0.0
2025-02-17 14:35:00+09:00,354000.0,354000.0,353500.0,354000.0,127,0.0,0.0
2025-02-17 14:36:00+09:00,353500.0,354000.0,353500.0,354000.0,127,0.0,0.0
2025-02-17 14:37:00+09:00,353500.0,354000.0,353500.0,354000.0,55,0.0,0.0
2025-02-17 14:38:00+09:00,353500.0,354000.0,353500.0,353500.0,156,0.0,0.0
2025-02-17 14:39:00+09:00,353500.0,354000.0,353500.0,354000.0,142,0.0,0.0
2025-02-17 14:40:00+09:00,354000.0,354000.0,353500.0,353500.0,96,0.0,0.0
2025-02-17 14:41:00+09:00,354000.0,354000.0,353500.0,353500.0,107,0.0,0.0
2025-02-17 14:42:00+09:00,354000.0,354000.0,353500.0,354000.0,117,0.0,0.0
2025-02-17 14:43:00+09:00,354000.0,354000.0,353500.0,353500.0,131,0.0,0.0
2025-02-17 14:44:00+09:00,354000.0,354000.0,353500.0,354000.0,179,0.0,0.0
2025-02-17 14:45:00+09:00,354000.0,354000.0,353500.0,354000.0,89,0.0,0.0
2025-02-17 14:46:00+09:00,353500.0,354000.0,353500.0,354000.0,96,0.0,0.0
2025-02-17 14:47:00+09:00,354000.0,354000.0,353500.0,354000.0,81,0.0,0.0
2025-02-17 14:48:00+09:00,353500.0,354000.0,353500.0,354000.0,147,0.0,0.0
2025-02-17 14:49:00+09:00,353500.0,354000.0,353500.0,353500.0,197,0.0,0.0
2025-02-17 14:50:00+09:00,353500.0,354000.0,353500.0,354000.0,170,0.0,0.0
2025-02-17 14:51:00+09:00,354000.0,354000.0,353500.0,354000.0,81,0.0,0.0
2025-02-17 14:52:00+09:00,353500.0,354500.0,353500.0,354500.0,880,0.0,0.0
2025-02-17 14:53:00+09:00,354000.0,354000.0,353500.0,354000.0,1041,0.0,0.0
2025-02-17 14:54:00+09:00,354000.0,354000.0,353500.0,354000.0,475,0.0,0.0
2025-02-17 14:55:00+09:00,353500.0,354500.0,353500.0,354000.0,1213,0.0,0.0
2025-02-17 14:56:00+09:00,354000.0,354500.0,353500.0,353500.0,323,0.0,0.0
2025-02-17 14:57:00+09:00,353500.0,354500.0,353500.0,354000.0,477,0.0,0.0
2025-02-17 14:58:00+09:00,354000.0,354000.0,353500.0,354000.0,255,0.0,0.0
2025-02-17 14:59:00+09:00,354000.0,354500.0,353500.0,353500.0,352,0.0,0.0
2025-02-18 09:00:00+09:00,355000.0,355000.0,353500.0,354000.0,3422,0.0,0.0
2025-02-18 09:01:00+09:00,354000.0,354000.0,353500.0,354000.0,1777,0.0,0.0
2025-02-18 09:02:00+09:00,353500.0,354500.0,353000.0,354000.0,491,0.0,0.0
2025-02-18 09:03:00+09:00,354500.0,354500.0,353500.0,353500.0,773,0.0,0.0
2025-02-18 09:04:00+09:00,353000.0,353500.0,352500.0,353000.0,664,0.0,0.0
2025-02-18 09:05:00+09:00,353000.0,353500.0,351500.0,352000.0,1384,0.0,0.0
2025-02-18 09:06:00+09:00,351500.0,352000.0,351500.0,352000.0,352,0.0,0.0
2025-02-18 09:07:00+09:00,351500.0,353000.0,351500.0,353000.0,1079,0.0,0.0
2025-02-18 09:08:00+09:00,353000.0,353500.0,352000.0,352500.0,497,0.0,0.0
2025-02-18 09:09:00+09:00,352500.0,352500.0,352000.0,352000.0,396,0.0,0.0
2025-02-18 09:10:00+09:00,352000.0,352500.0,351500.0,352500.0,448,0.0,0.0
2025-02-18 09:11:00+09:00,352500.0,353000.0,352000.0,352500.0,64,0.0,0.0
2025-02-18 09:12:00+09:00,353000.0,353000.0,352500.0,352500.0,152,0.0,0.0
2025-02-18 09:13:00+09:00,352500.0,353000.0,352000.0,352500.0,421,0.0,0.0
2025-02-18 09:14:00+09:00,352500.0,353000.0,352500.0,352500.0,81,0.0,0.0
2025-02-18 09:15:00+09:00,352500.0,353000.0,352500.0,352500.0,155,0.0,0.0
2025-02-18 09:16:00+09:00,353000.0,353000.0,352500.0,353000.0,127,0.0,0.0
2025-02-18 09:17:00+09:00,352500.0,353000.0,352500.0,352500.0,103,0.0,0.0
2025-02-18 09:18:00+09:00,352500.0,353000.0,352000.0,352500.0,426,0.0,0.0
2025-02-18 09:19:00+09:00,352500.0,352500.0,352000.0,352000.0,460,0.0,0.0
2025-02-18 09:20:00+09:00,352500.0,352500.0,351500.0,352000.0,890,0.0,0.0
2025-02-18 09:21:00+09:00,352000.0,352000.0,351500.0,351500.0,338,0.0,0.0
2025-02-18 09:22:00+09:00,352000.0,352000.0,351500.0,352000.0,128,0.0,0.0
2025-02-18 09:23:00+09:00,352000.0,352000.0,351000.0,351000.0,1487,0.0,0.0
2025-02-18 09:24:00+09:00,351000.0,352000.0,351000.0,351500.0,299,0.0,0.0
2025-02-18 09:25:00+09:00,351500.0,351500.0,351000.0,351000.0,143,0.0,0.0
2025-02-18 09:26:00+09:00,351000.0,351500.0,351000.0,351500.0,806,0.0,0.0
2025-02-18 09:27:00+09:00,351000.0,351500.0,351000.0,351500.0,283,0.0,0.0
2025-02-18 09:28:00+09:00,351000.0,351000.0,350500.0,351000.0,554,0.0,0.0
2025-02-18 09:29:00+09:00,351000.0,351000.0,350500.0,351000.0,146,0.0,0.0
2025-02-18 09:30:00+09:00,350500.0,352000.0,350500.0,351500.0,659,0.0,0.0
2025-02-18 09:31:00+09:00,352000.0,352500.0,351500.0,351500.0,159,0.0,0.0
2025-02-18 09:32:00+09:00,351500.0,352000.0,351500.0,351500.0,381,0.0,0.0
2025-02-18 09:33:00+09:00,351500.0,352000.0,351000.0,351500.0,223,0.0,0.0
2025-02-18 09:34:00+09:00,351500.0,351500.0,351000.0,351000.0,297,0.0,0.0
2025-02-18 09:35:00+09:00,351500.0,351500.0,351000.0,351000.0,276,0.0,0.0
2025-02-18 09:36:00+09:00,351500.0,352500.0,351000.0,352500.0,137,0.0,0.0
2025-02-18 09:37:00+09:00,351500.0,352500.0,351500.0,351500.0,124,0.0,0.0
2025-02-18 09:38:00+09:00,351500.0,352000.0,351500.0,352000.0,157,0.0,0.0
2025-02-18 09:39:00+09:00,352000.0,352000.0,351500.0,351500.0,39,0.0,0.0
2025-02-18 09:40:00+09:00,352000.0,352000.0,351500.0,351500.0,113,0.0,0.0
2025-02-18 09:41:00+09:00,351500.0,351500.0,351000.0,351000.0,192,0.0,0.0
2025-02-18 09:42:00+09:00,351500.0,351500.0,351500.0,351500.0,115,0.0,0.0
2025-02-18 09:43:00+09:00,351500.0,352000.0,351500.0,351500.0,41,0.0,0.0
2025-02-18 09:44:00+09:00,351500.0,352000.0,351000.0,351000.0,145,0.0,0.0
2025-02-18 09:45:00+09:00,351000.0,351500.0,351000.0,351500.0,98,0.0,0.0
2025-02-18 09:46:00+09:00,351000.0,351500.0,351000.0,351000.0,82,0.0,0.0
2025-02-18 09:47:00+09:00,351000.0,351500.0,351000.0,351000.0,109,0.0,0.0
2025-02-18 09:48:00+09:00,351500.0,351500.0,351000.0,351500.0,39,0.0,0.0
2025-02-18 09:49:00+09:00,351500.0,351500.0,351000.0,351000.0,108,0.0,0.0
2025-02-18 09:50:00+09:00,351000.0,351500.0,351000.0,351000.0,365,0.0,0.0
2025-02-18 09:51:00+09:00,351000.0,351500.0,350500.0,350500.0,511,0.0,0.0
2025-02-18 09:52:00+09:00,351000.0,351000.0,350500.0,351000.0,108,0.0,0.0
2025-02-18 09:53:00+09:00,350500.0,351000.0,350500.0,351000.0,252,0.0,0.0
2025-02-18 09:54:00+09:00,351000.0,351000.0,350500.0,350500.0,95,0.0,0.0
2025-02-18 09:55:00+09:00,350500.0,351000.0,350500.0,350500.0,121,0.0,0.0
2025-02-18 09:56:00+09:00,350500.0,351000.0,350000.0,350500.0,1615,0.0,0.0
2025-02-18 09:57:00+09:00,350500.0,350500.0,350000.0,350500.0,710,0.0,0.0
2025-02-18 09:58:00+09:00,350500.0,350500.0,350000.0,350000.0,83,0.0,0.0
2025-02-18 09:59:00+09:00,350000.0,351000.0,350000.0,351000.0,1154,0.0,0.0
2025-02-18 10:00:00+09:00,351000.0,351500.0,351000.0,351500.0,20,0.0,0.0
2025-02-18 10:01:00+09:00,351000.0,351500.0,351000.0,351500.0,21,0.0,0.0
2025-02-18 10:02:00+09:00,351000.0,351500.0,351000.0,351000.0,31,0.0,0.0
2025-02-18 10:03:00+09:00,351000.0,351500.0,351000.0,351000.0,87,0.0,0.0
2025-02-18 10:04:00+09:00,351500.0,351500.0,351000.0,351000.0,269,0.0,0.0
2025-02-18 10:05:00+09:00,351000.0,351000.0,350500.0,350500.0,82,0.0,0.0
2025-02-18 10:06:00+09:00,350500.0,351000.0,350500.0,351000.0,122,0.0,0.0
2025-02-18 10:07:00+09:00,350500.0,351000.0,350500.0,350500.0,58,0.0,0.0
2025-02-18 10:08:00+09:00,351000.0,351000.0,350500.0,350500.0,236,0.0,0.0
2025-02-18 10:09:00+09:00,350500.0,351000.0,350500.0,350500.0,55,0.0,0.0
2025-02-18 10:10:00+09:00,350500.0,351000.0,350500.0,351000.0,51,0.0,0.0
2025-02-18 10:11:00+09:00,351000.0,351000.0,350500.0,350500.0,115,0.0,0.0
2025-02-18 10:12:00+09:00,350500.0,351000.0,350500.0,350500.0,236,0.0,0.0
2025-02-18 10:13:00+09:00,350500.0,351000.0,350500.0,350500.0,83,0.0,0.0
2025-02-18 10:14:00+09:00,350500.0,351000.0,350500.0,350500.0,78,0.0,0.0
2025-02-18 10:15:00+09:00,351000.0,351000.0,350000.0,350500.0,792,0.0,0.0
2025-02-18 10:16:00+09:00,350500.0,350500.0,350000.0,350000.0,147,0.0,0.0
2025-02-18 10:17:00+09:00,350500.0,350500.0,350000.0,350500.0,152,0.0,0.0
2025-02-18 10:18:00+09:00,350500.0,350500.0,350000.0,350000.0,116,0.0,0.0
2025-02-18 10:19:00+09:00,350000.0,350500.0,349000.0,349500.0,4675,0.0,0.0
2025-02-18 10:20:00+09:00,349000.0,349500.0,349000.0,349000.0,214,0.0,0.0
2025-02-18 10:21:00+09:00,349000.0,349500.0,349000.0,349000.0,353,0.0,0.0
2025-02-18 10:22:00+09:00,349000.0,349500.0,349000.0,349000.0,176,0.0,0.0
2025-02-18 10:23:00+09:00,349000.0,349500.0,349000.0,349000.0,567,0.0,0.0
2025-02-18 10:24:00+09:00,349500.0,349500.0,348000.0,348500.0,3380,0.0,0.0
2025-02-18 10:25:00+09:00,348500.0,348500.0,348000.0,348500.0,612,0.0,0.0
2025-02-18 10:26:00+09:00,348500.0,348500.0,348000.0,348000.0,661,0.0,0.0
2025-02-18 10:27:00+09:00,348500.0,349000.0,348000.0,348500.0,460,0.0,0.0
2025-02-18 10:28:00+09:00,348500.0,349000.0,348000.0,348500.0,680,0.0,0.0
2025-02-18 10:29:00+09:00,348500.0,348500.0,348000.0,348500.0,230,0.0,0.0
2025-02-18 10:30:00+09:00,348500.0,348500.0,348000.0,348500.0,289,0.0,0.0
2025-02-18 10:31:00+09:00,348000.0,348500.0,348000.0,348500.0,175,0.0,0.0
2025-02-18 10:32:00+09:00,348500.0,348500.0,348000.0,348000.0,928,0.0,0.0
2025-02-18 10:33:00+09:00,348000.0,348500.0,347500.0,348000.0,1014,0.0,0.0
2025-02-18 10:34:00+09:00,348000.0,348000.0,347500.0,348000.0,226,0.0,0.0
2025-02-18 10:35:00+09:00,347500.0,348000.0,347500.0,348000.0,94,0.0,0.0
2025-02-18 10:36:00+09:00,347500.0,348000.0,347500.0,348000.0,866,0.0,0.0
2025-02-18 10:37:00+09:00,347500.0,348000.0,347500.0,348000.0,115,0.0,0.0
2025-02-18 10:38:00+09:00,347500.0,348500.0,347500.0,348000.0,600,0.0,0.0
2025-02-18 10:39:00+09:00,349000.0,349000.0,348500.0,349000.0,111,0.0,0.0
2025-02-18 10:40:00+09:00,348500.0,349000.0,348000.0,348500.0,374,0.0,0.0
2025-02-18 10:41:00+09:00,348000.0,349000.0,348000.0,348500.0,344,0.0,0.0
2025-02-18 10:42:00+09:00,349000.0,349000.0,348500.0,348500.0,183,0.0,0.0
2025-02-18 10:43:00+09:00,348500.0,349000.0,348500.0,348500.0,134,0.0,0.0
2025-02-18 10:44:00+09:00,348500.0,349000.0,348000.0,348000.0,360,0.0,0.0
2025-02-18 10:45:00+09:00,348500.0,348500.0,348000.0,348000.0,212,0.0,0.0
2025-02-18 10:46:00+09:00,348500.0,348500.0,348000.0,348000.0,297,0.0,0.0
2025-02-18 10:47:00+09:00,348000.0,348500.0,347500.0,348000.0,1229,0.0,0.0
2025-02-18 10:48:00+09:00,348000.0,349000.0,348000.0,348500.0,595,0.0,0.0
2025-02-18 10:49:00+09:00,349000.0,349000.0,348000.0,348500.0,234,0.0,0.0
2025-02-18 10:50:00+09:00,348500.0,348500.0,348000.0,348500.0,146,0.0,0.0
2025-02-18 10:51:00+09:00,348000.0,348500.0,348000.0,348500.0,93,0.0,0.0
2025-02-18 10:52:00+09:00,348500.0,348500.0,348000.0,348500.0,82,0.0,0.0
2025-02-18 10:53:00+09:00,348500.0,349000.0,348000.0,349000.0,184,0.0,0.0
2025-02-18 10:54:00+09:00,348500.0,349000.0,348500.0,349000.0,112,0.0,0.0
2025-02-18 10:55:00+09:00,348500.0,349000.0,348500.0,348500.0,341,0.0,0.0
2025-02-18 10:56:00+09:00,348500.0,349000.0,348500.0,349000.0,166,0.0,0.0
2025-02-18 10:57:00+09:00,349000.0,349000.0,348500.0,349000.0,28,0.0,0.0
2025-02-18 10:58:00+09:00,348500.0,349000.0,348500.0,348500.0,204,0.0,0.0
2025-02-18 10:59:00+09:00,349000.0,349000.0,348500.0,348500.0,40,0.0,0.0
2025-02-18 11:00:00+09:00,349000.0,349000.0,348500.0,349000.0,77,0.0,0.0
2025-02-18 11:01:00+09:00,349000.0,349000.0,348500.0,348500.0,52,0.0,0.0
2025-02-18 11:02:00+09:00,348500.0,349000.0,348500.0,349000.0,155,0.0,0.0
2025-02-18 11:03:00+09:00,348500.0,349000.0,348500.0,349000.0,135,0.0,0.0
2025-02-18 11:04:00+09:00,348500.0,349000.0,348500.0,348500.0,408,0.0,0.0
2025-02-18 11:05:00+09:00,349000.0,349000.0,348000.0,348000.0,427,0.0,0.0
2025-02-18 11:06:00+09:00,348000.0,348500.0,348000.0,348500.0,128,0.0,0.0
2025-02-18 11:07:00+09:00,348000.0,348500.0,348000.0,348000.0,36,0.0,0.0
2025-02-18 11:08:00+09:00,348000.0,349000.0,348000.0,348500.0,131,0.0,0.0
2025-02-18 11:09:00+09:00,349000.0,349000.0,348500.0,349000.0,195,0.0,0.0
2025-02-18 11:10:00+09:00,349000.0,349000.0,348500.0,348500.0,108,0.0,0.0
2025-02-18 11:11:00+09:00,349000.0,349000.0,348500.0,349000.0,108,0.0,0.0
2025-02-18 11:12:00+09:00,349000.0,349000.0,348500.0,349000.0,115,0.0,0.0
2025-02-18 11:13:00+09:00,349000.0,349000.0,348500.0,349000.0,155,0.0,0.0
2025-02-18 11:14:00+09:00,348500.0,349000.0,348500.0,349000.0,289,0.0,0.0
2025-02-18 11:15:00+09:00,349000.0,349000.0,348500.0,348500.0,94,0.0,0.0
2025-02-18 11:16:00+09:00,349000.0,349500.0,348500.0,349500.0,224,0.0,0.0
2025-02-18 11:17:00+09:00,349500.0,350000.0,349000.0,350000.0,453,0.0,0.0
2025-02-18 11:18:00+09:00,350000.0,350000.0,349500.0,349500.0,143,0.0,0.0
2025-02-18 11:19:00+09:00,350000.0,350000.0,349500.0,350000.0,112,0.0,0.0
2025-02-18 11:20:00+09:00,350000.0,350000.0,349500.0,349500.0,102,0.0,0.0
2025-02-18 11:21:00+09:00,350000.0,350000.0,349500.0,350000.0,294,0.0,0.0
2025-02-18 11:22:00+09:00,350000.0,350500.0,349500.0,350000.0,380,0.0,0.0
2025-02-18 11:23:00+09:00,349500.0,350000.0,349000.0,349500.0,188,0.0,0.0
2025-02-18 11:24:00+09:00,349500.0,350500.0,349500.0,350000.0,793,0.0,0.0
2025-02-18 11:25:00+09:00,350000.0,350500.0,350000.0,350000.0,67,0.0,0.0
2025-02-18 11:26:00+09:00,350000.0,350500.0,350000.0,350500.0,277,0.0,0.0
2025-02-18 11:27:00+09:00,350000.0,350500.0,350000.0,350000.0,132,0.0,0.0
2025-02-18 11:28:00+09:00,350500.0,350500.0,350000.0,350500.0,125,0.0,0.0
2025-02-18 11:29:00+09:00,350500.0,350500.0,350000.0,350000.0,62,0.0,0.0
2025-02-18 11:30:00+09:00,350000.0,350500.0,350000.0,350000.0,49,0.0,0.0
2025-02-18 11:31:00+09:00,350500.0,350500.0,350000.0,350500.0,284,0.0,0.0
2025-02-18 11:32:00+09:00,350000.0,350500.0,350000.0,350500.0,457,0.0,0.0
2025-02-18 11:33:00+09:00,350500.0,350500.0,350000.0,350000.0,114,0.0,0.0
2025-02-18 11:34:00+09:00,350500.0,350500.0,350000.0,350500.0,110,0.0,0.0
2025-02-18 11:35:00+09:00,350500.0,350500.0,350000.0,350500.0,235,0.0,0.0
2025-02-18 11:36:00+09:00,350000.0,350500.0,350000.0,350500.0,101,0.0,0.0
2025-02-18 11:37:00+09:00,350500.0,351000.0,350500.0,351000.0,633,0.0,0.0
2025-02-18 11:38:00+09:00,351000.0,351000.0,350500.0,351000.0,167,0.0,0.0
2025-02-18 11:39:00+09:00,351000.0,351000.0,350500.0,350500.0,108,0.0,0.0
2025-02-18 11:40:00+09:00,350500.0,351000.0,350500.0,351000.0,174,0.0,0.0
2025-02-18 11:41:00+09:00,350500.0,351000.0,350500.0,350500.0,190,0.0,0.0
2025-02-18 11:42:00+09:00,350500.0,351000.0,350500.0,351000.0,182,0.0,0.0
2025-02-18 11:43:00+09:00,351000.0,351000.0,350500.0,351000.0,37,0.0,0.0
2025-02-18 11:44:00+09:00,350500.0,351000.0,350500.0,350500.0,67,0.0,0.0
2025-02-18 11:45:00+09:00,350500.0,351000.0,350500.0,350500.0,145,0.0,0.0
2025-02-18 11:46:00+09:00,350500.0,351000.0,350500.0,350500.0,220,0.0,0.0
2025-02-18 11:47:00+09:00,350500.0,351000.0,350500.0,350500.0,292,0.0,0.0
2025-02-18 11:48:00+09:00,350500.0,351000.0,350500.0,351000.0,41,0.0,0.0
2025-02-18 11:49:00+09:00,351000.0,351000.0,350500.0,350500.0,258,0.0,0.0
2025-02-18 11:50:00+09:00,350500.0,351000.0,350500.0,350500.0,300,0.0,0.0
2025-02-18 11:51:00+09:00,351000.0,351000.0,350500.0,351000.0,139,0.0,0.0
2025-02-18 11:52:00+09:00,351000.0,351000.0,350500.0,350500.0,144,0.0,0.0
2025-02-18 11:53:00+09:00,351000.0,351000.0,350500.0,350500.0,43,0.0,0.0
2025-02-18 11:54:00+09:00,351000.0,351000.0,350000.0,350500.0,144,0.0,0.0
2025-02-18 11:55:00+09:00,350500.0,350500.0,350000.0,350500.0,40,0.0,0.0
2025-02-18 11:56:00+09:00,350500.0,350500.0,350000.0,350500.0,36,0.0,0.0
2025-02-18 11:57:00+09:00,350000.0,350500.0,350000.0,350500.0,104,0.0,0.0
2025-02-18 11:58:00+09:00,350000.0,350500.0,350000.0,350000.0,254,0.0,0.0
2025-02-18 11:59:00+09:00,350500.0,350500.0,350000.0,350500.0,152,0.0,0.0
2025-02-18 12:00:00+09:00,350000.0,351000.0,350000.0,350000.0,265,0.0,0.0
2025-02-18 12:01:00+09:00,351000.0,351000.0,350000.0,350500.0,107,0.0,0.0
2025-02-18 12:02:00+09:00,350500.0,350500.0,350000.0,350500.0,24,0.0,0.0
2025-02-18 12:03:00+09:00,350500.0,350500.0,350000.0,350500.0,40,0.0,0.0
2025-02-18 12:04:00+09:00,350500.0,350500.0,350000.0,350500.0,21,0.0,0.0
2025-02-18 12:05:00+09:00,350500.0,350500.0,350000.0,350500.0,210,0.0,0.0
2025-02-18 12:06:00+09:00,350000.0,351000.0,350000.0,351000.0,338,0.0,0.0
2025-02-18 12:07:00+09:00,351000.0,351000.0,350000.0,350000.0,677,0.0,0.0
2025-02-18 12:08:00+09:00,350500.0,350500.0,350000.0,350500.0,291,0.0,0.0
2025-02-18 12:09:00+09:00,350000.0,350500.0,350000.0,350500.0,78,0.0,0.0
2025-02-18 12:10:00+09:00,350500.0,350500.0,350000.0,350500.0,40,0.0,0.0
2025-02-18 12:11:00+09:00,350000.0,350000.0,349500.0,349500.0,538,0.0,0.0
2025-02-18 12:12:00+09:00,349500.0,350000.0,349500.0,350000.0,27,0.0,0.0
2025-02-18 12:13:00+09:00,349500.0,350000.0,349500.0,350000.0,73,0.0,0.0
2025-02-18 12:14:00+09:00,350000.0,350000.0,349500.0,350000.0,67,0.0,0.0
2025-02-18 12:15:00+09:00,350000.0,350000.0,349500.0,350000.0,128,0.0,0.0
2025-02-18 12:16:00+09:00,349500.0,350000.0,349500.0,349500.0,274,0.0,0.0
2025-02-18 12:17:00+09:00,350000.0,350000.0,349500.0,350000.0,208,0.0,0.0
2025-02-18 12:18:00+09:00,350000.0,350000.0,349500.0,350000.0,32,0.0,0.0
2025-02-18 12:19:00+09:00,349500.0,350000.0,349500.0,349500.0,146,0.0,0.0
2025-02-18 12:20:00+09:00,350000.0,350000.0,349500.0,349500.0,51,0.0,0.0
2025-02-18 12:21:00+09:00,350000.0,350000.0,349500.0,350000.0,42,0.0,0.0
2025-02-18 12:22:00+09:00,349500.0,350000.0,349500.0,350000.0,74,0.0,0.0
2025-02-18 12:23:00+09:00,349500.0,350000.0,349500.0,349500.0,154,0.0,0.0
2025-02-18 12:24:00+09:00,350000.0,350000.0,349500.0,350000.0,193,0.0,0.0
2025-02-18 12:25:00+09:00,349500.0,350000.0,349500.0,349500.0,323,0.0,0.0
2025-02-18 12:26:00+09:00,349500.0,350000.0,349500.0,350000.0,157,0.0,0.0
2025-02-18 12:27:00+09:00,350000.0,350000.0,349500.0,350000.0,43,0.0,0.0
2025-02-18 12:28:00+09:00,350000.0,350000.0,349500.0,350000.0,257,0.0,0.0
2025-02-18 12:29:00+09:00,350000.0,350500.0,349500.0,350000.0,514,0.0,0.0
2025-02-18 12:30:00+09:00,350500.0,350500.0,350000.0,350500.0,104,0.0,0.0
2025-02-18 12:31:00+09:00,350000.0,350500.0,350000.0,350500.0,70,0.0,0.0
2025-02-18 12:32:00+09:00,350500.0,350500.0,349500.0,350000.0,379,0.0,0.0
2025-02-18 12:33:00+09:00,350000.0,350000.0,349500.0,350000.0,47,0.0,0.0
2025-02-18 12:34:00+09:00,349500.0,350000.0,349500.0,349500.0,150,0.0,0.0
2025-02-18 12:35:00+09:00,349500.0,350000.0,349500.0,349500.0,340,0.0,0.0
2025-02-18 12:36:00+09:00,349500.0,350000.0,349500.0,349500.0,94,0.0,0.0
2025-02-18 12:37:00+09:00,350000.0,350000.0,349500.0,349500.0,91,0.0,0.0
2025-02-18 12:38:00+09:00,350000.0,350000.0,349500.0,350000.0,90,0.0,0.0
2025-02-18 12:39:00+09:00,349500.0,350000.0,349500.0,349500.0,113,0.0,0.0
2025-02-18 12:40:00+09:00,350000.0,350000.0,349500.0,349500.0,95,0.0,0.0
2025-02-18 12:41:00+09:00,349500.0,350000.0,349500.0,350000.0,100,0.0,0.0
2025-02-18 12:42:00+09:00,349500.0,350000.0,349500.0,350000.0,58,0.0,0.0
2025-02-18 12:43:00+09:00,349500.0,350000.0,349500.0,350000.0,218,0.0,0.0
2025-02-18 12:44:00+09:00,350000.0,350000.0,349500.0,349500.0,204,0.0,0.0
2025-02-18 12:45:00+09:00,349500.0,350000.0,349000.0,349500.0,1100,0.0,0.0
2025-02-18 12:46:00+09:00,349500.0,349500.0,349000.0,349500.0,47,0.0,0.0
2025-02-18 12:47:00+09:00,349500.0,349500.0,349000.0,349000.0,57,0.0,0.0
2025-02-18 12:48:00+09:00,349500.0,349500.0,349000.0,349500.0,191,0.0,0.0
2025-02-18 12:49:00+09:00,349000.0,349500.0,349000.0,349500.0,54,0.0,0.0
2025-02-18 12:50:00+09:00,349500.0,349500.0,349000.0,349500.0,405,0.0,0.0
2025-02-18 12:51:00+09:00,349500.0,349500.0,349000.0,349500.0,122,0.0,0.0
2025-02-18 12:52:00+09:00,349000.0,349500.0,348500.0,349000.0,1843,0.0,0.0
2025-02-18 12:53:00+09:00,349000.0,349000.0,348500.0,349000.0,211,0.0,0.0
2025-02-18 12:54:00+09:00,349000.0,349000.0,348500.0,349000.0,83,0.0,0.0
2025-02-18 12:55:00+09:00,349000.0,349000.0,348500.0,348500.0,49,0.0,0.0
2025-02-18 12:56:00+09:00,348500.0,349000.0,348500.0,348500.0,109,0.0,0.0
2025-02-18 12:57:00+09:00,349000.0,349000.0,348500.0,349000.0,78,0.0,0.0
2025-02-18 12:58:00+09:00,349000.0,349000.0,348500.0,349000.0,861,0.0,0.0
2025-02-18 12:59:00+09:00,349000.0,349500.0,349000.0,349500.0,23,0.0,0.0
2025-02-18 13:00:00+09:00,349500.0,349500.0,349000.0,349000.0,154,0.0,0.0
2025-02-18 13:01:00+09:00,349000.0,349500.0,349000.0,349500.0,158,0.0,0.0
2025-02-18 13:02:00+09:00,349500.0,349500.0,349000.0,349000.0,197,0.0,0.0
2025-02-18 13:03:00+09:00,349500.0,349500.0,349000.0,349500.0,121,0.0,0.0
2025-02-18 13:04:00+09:00,349000.0,349500.0,349000.0,349000.0,95,0.0,0.0
2025-02-18 13:05:00+09:00,349000.0,349500.0,349000.0,349000.0,264,0.0,0.0
2025-02-18 13:06:00+09:00,349500.0,349500.0,349000.0,349500.0,61,0.0,0.0
2025-02-18 13:07:00+09:00,349000.0,349500.0,349000.0,349500.0,78,0.0,0.0
2025-02-18 13:08:00+09:00,349000.0,349500.0,349000.0,349500.0,116,0.0,0.0
2025-02-18 13:09:00+09:00,349500.0,349500.0,349000.0,349500.0,149,0.0,0.0
2025-02-18 13:10:00+09:00,349500.0,349500.0,349000.0,349500.0,308,0.0,0.0
2025-02-18 13:11:00+09:00,349000.0,349500.0,349000.0,349000.0,204,0.0,0.0
2025-02-18 13:12:00+09:00,349000.0,349500.0,349000.0,349000.0,465,0.0,0.0
2025-02-18 13:13:00+09:00,349000.0,349500.0,349000.0,349500.0,47,0.0,0.0
2025-02-18 13:14:00+09:00,349000.0,349500.0,349000.0,349000.0,109,0.0,0.0
2025-02-18 13:15:00+09:00,349000.0,349500.0,349000.0,349000.0,61,0.0,0.0
2025-02-18 13:16:00+09:00,349000.0,349500.0,349000.0,349500.0,149,0.0,0.0
2025-02-18 13:17:00+09:00,349000.0,349500.0,349000.0,349500.0,108,0.0,0.0
2025-02-18 13:18:00+09:00,349500.0,349500.0,349000.0,349000.0,378,0.0,0.0
2025-02-18 13:19:00+09:00,349500.0,349500.0,349000.0,349000.0,146,0.0,0.0
2025-02-18 13:20:00+09:00,349500.0,349500.0,349000.0,349500.0,159,0.0,0.0
2025-02-18 13:21:00+09:00,349500.0,349500.0,349000.0,349500.0,87,0.0,0.0
2025-02-18 13:22:00+09:00,349000.0,349500.0,349000.0,349500.0,64,0.0,0.0
2025-02-18 13:23:00+09:00,349500.0,349500.0,349000.0,349500.0,291,0.0,0.0
2025-02-18 13:24:00+09:00,349500.0,350000.0,349000.0,349500.0,262,0.0,0.0
2025-02-18 13:25:00+09:00,350000.0,350000.0,349500.0,349500.0,86,0.0,0.0
2025-02-18 13:26:00+09:00,350000.0,350000.0,349500.0,350000.0,263,0.0,0.0
2025-02-18 13:27:00+09:00,350000.0,350000.0,349500.0,349500.0,59,0.0,0.0
2025-02-18 13:28:00+09:00,349500.0,350000.0,349500.0,349500.0,224,0.0,0.0
2025-02-18 13:29:00+09:00,349500.0,349500.0,349000.0,349500.0,1033,0.0,0.0
2025-02-18 13:30:00+09:00,349500.0,350000.0,349000.0,349500.0,93,0.0,0.0
2025-02-18 13:31:00+09:00,349500.0,349500.0,349000.0,349000.0,102,0.0,0.0
2025-02-18 13:32:00+09:00,349000.0,349500.0,349000.0,349500.0,110,0.0,0.0
2025-02-18 13:33:00+09:00,349500.0,349500.0,349000.0,349000.0,113,0.0,0.0
2025-02-18 13:34:00+09:00,349500.0,349500.0,349000.0,349500.0,75,0.0,0.0
2025-02-18 13:35:00+09:00,349500.0,350000.0,349000.0,349500.0,217,0.0,0.0
2025-02-18 13:36:00+09:00,349500.0,350000.0,349000.0,349500.0,232,0.0,0.0
2025-02-18 13:37:00+09:00,349000.0,349500.0,349000.0,349000.0,172,0.0,0.0
2025-02-18 13:38:00+09:00,349000.0,349500.0,348500.0,349000.0,1727,0.0,0.0
2025-02-18 13:39:00+09:00,349000.0,349000.0,348500.0,349000.0,159,0.0,0.0
2025-02-18 13:40:00+09:00,349000.0,349000.0,348500.0,349000.0,258,0.0,0.0
2025-02-18 13:41:00+09:00,349000.0,349000.0,348500.0,349000.0,442,0.0,0.0
2025-02-18 13:42:00+09:00,349000.0,349000.0,348000.0,348000.0,2338,0.0,0.0
2025-02-18 13:43:00+09:00,348500.0,349000.0,348000.0,348500.0,174,0.0,0.0
2025-02-18 13:44:00+09:00,349000.0,349000.0,348500.0,348500.0,92,0.0,0.0
2025-02-18 13:45:00+09:00,348500.0,349500.0,348500.0,348500.0,364,0.0,0.0
2025-02-18 13:46:00+09:00,348500.0,349500.0,348500.0,349500.0,268,0.0,0.0
2025-02-18 13:47:00+09:00,349000.0,350000.0,349000.0,349000.0,694,0.0,0.0
2025-02-18 13:48:00+09:00,349500.0,349500.0,349000.0,349000.0,58,0.0,0.0
2025-02-18 13:49:00+09:00,349000.0,349500.0,349000.0,349000.0,76,0.0,0.0
2025-02-18 13:50:00+09:00,349500.0,349500.0,349000.0,349000.0,235,0.0,0.0
2025-02-18 13:51:00+09:00,349500.0,349500.0,349000.0,349500.0,41,0.0,0.0
2025-02-18 13:52:00+09:00,349500.0,349500.0,349000.0,349500.0,185,0.0,0.0
2025-02-18 13:53:00+09:00,349500.0,350000.0,349000.0,349500.0,180,0.0,0.0
2025-02-18 13:54:00+09:00,349000.0,350000.0,349000.0,349500.0,185,0.0,0.0
2025-02-18 13:55:00+09:00,349500.0,349500.0,349000.0,349000.0,184,0.0,0.0
2025-02-18 13:56:00+09:00,349500.0,349500.0,349000.0,349500.0,257,0.0,0.0
2025-02-18 13:57:00+09:00,349500.0,349500.0,349000.0,349500.0,175,0.0,0.0
2025-02-18 13:58:00+09:00,349000.0,349500.0,349000.0,349000.0,160,0.0,0.0
2025-02-18 13:59:00+09:00,349000.0,349500.0,349000.0,349500.0,104,0.0,0.0
2025-02-18 14:00:00+09:00,349000.0,349500.0,349000.0,349500.0,155,0.0,0.0
2025-02-18 14:01:00+09:00,349500.0,349500.0,349000.0,349000.0,95,0.0,0.0
2025-02-18 14:02:00+09:00,349000.0,349500.0,349000.0,349500.0,232,0.0,0.0
2025-02-18 14:03:00+09:00,349500.0,349500.0,349000.0,349000.0,181,0.0,0.0
2025-02-18 14:04:00+09:00,349000.0,349500.0,349000.0,349500.0,196,0.0,0.0
2025-02-18 14:05:00+09:00,349500.0,349500.0,349000.0,349500.0,318,0.0,0.0
2025-02-18 14:06:00+09:00,349500.0,349500.0,349000.0,349500.0,104,0.0,0.0
2025-02-18 14:07:00+09:00,349000.0,350000.0,349000.0,350000.0,239,0.0,0.0
2025-02-18 14:08:00+09:00,349500.0,350000.0,349500.0,350000.0,144,0.0,0.0
2025-02-18 14:09:00+09:00,349500.0,350000.0,349500.0,349500.0,171,0.0,0.0
2025-02-18 14:10:00+09:00,350000.0,350000.0,349500.0,349500.0,110,0.0,0.0
2025-02-18 14:11:00+09:00,350000.0,350000.0,349500.0,350000.0,240,0.0,0.0
2025-02-18 14:12:00+09:00,350000.0,350000.0,349500.0,349500.0,100,0.0,0.0
2025-02-18 14:13:00+09:00,350000.0,350000.0,349500.0,350000.0,215,0.0,0.0
2025-02-18 14:14:00+09:00,349500.0,350000.0,349500.0,350000.0,247,0.0,0.0
2025-02-18 14:15:00+09:00,350000.0,350000.0,349500.0,349500.0,215,0.0,0.0
2025-02-18 14:16:00+09:00,350000.0,350000.0,349500.0,350000.0,137,0.0,0.0
2025-02-18 14:17:00+09:00,349500.0,350000.0,349500.0,349500.0,147,0.0,0.0
2025-02-18 14:18:00+09:00,350000.0,350000.0,349500.0,349500.0,196,0.0,0.0
2025-02-18 14:19:00+09:00,349500.0,350000.0,349500.0,349500.0,133,0.0,0.0
2025-02-18 14:20:00+09:00,350000.0,350000.0,349500.0,350000.0,112,0.0,0.0
2025-02-18 14:21:00+09:00,349500.0,350500.0,349500.0,350500.0,577,0.0,0.0
2025-02-18 14:22:00+09:00,350500.0,350500.0,350000.0,350500.0,226,0.0,0.0
2025-02-18 14:23:00+09:00,350500.0,350500.0,350000.0,350500.0,244,0.0,0.0
2025-02-18 14:24:00+09:00,350500.0,350500.0,350000.0,350500.0,589,0.0,0.0
2025-02-18 14:25:00+09:00,350000.0,351000.0,350000.0,351000.0,359,0.0,0.0
2025-02-18 14:26:00+09:00,350500.0,351000.0,350000.0,351000.0,185,0.0,0.0
2025-02-18 14:27:00+09:00,350500.0,351000.0,350000.0,350000.0,243,0.0,0.0
2025-02-18 14:28:00+09:00,350500.0,351000.0,350000.0,351000.0,655,0.0,0.0
2025-02-18 14:29:00+09:00,351000.0,351000.0,350500.0,351000.0,153,0.0,0.0
2025-02-18 14:30:00+09:00,350500.0,351000.0,350500.0,351000.0,222,0.0,0.0
2025-02-18 14:31:00+09:00,350500.0,351000.0,350000.0,350000.0,376,0.0,0.0
2025-02-18 14:32:00+09:00,350500.0,350500.0,350000.0,350500.0,215,0.0,0.0
2025-02-18 14:33:00+09:00,350500.0,350500.0,350000.0,350500.0,123,0.0,0.0
2025-02-18 14:34:00+09:00,350000.0,350500.0,350000.0,350000.0,141,0.0,0.0
2025-02-18 14:35:00+09:00,350000.0,350500.0,350000.0,350500.0,121,0.0,0.0
2025-02-18 14:36:00+09:00,350000.0,350500.0,349500.0,350000.0,1450,0.0,0.0
2025-02-18 14:37:00+09:00,350500.0,350500.0,349500.0,350000.0,221,0.0,0.0
2025-02-18 14:38:00+09:00,350000.0,350000.0,349500.0,349500.0,223,0.0,0.0
2025-02-18 14:39:00+09:00,349500.0,350000.0,349500.0,350000.0,147,0.0,0.0
2025-02-18 14:40:00+09:00,350000.0,350000.0,349500.0,350000.0,348,0.0,0.0
2025-02-18 14:41:00+09:00,349500.0,350000.0,349500.0,350000.0,290,0.0,0.0
2025-02-18 14:42:00+09:00,349500.0,350000.0,349500.0,349500.0,160,0.0,0.0
2025-02-18 14:43:00+09:00,349500.0,350000.0,349500.0,350000.0,100,0.0,0.0
2025-02-18 14:44:00+09:00,350000.0,350000.0,349500.0,350000.0,162,0.0,0.0
2025-02-18 14:45:00+09:00,350000.0,350000.0,349500.0,350000.0,173,0.0,0.0
2025-02-18 14:46:00+09:00,350000.0,350000.0,349000.0,349000.0,1066,0.0,0.0
2025-02-18 14:47:00+09:00,349500.0,349500.0,349000.0,349000.0,116,0.0,0.0
2025-02-18 14:48:00+09:00,349000.0,349500.0,349000.0,349500.0,204,0.0,0.0
2025-02-18 14:49:00+09:00,349000.0,349500.0,349000.0,349500.0,221,0.0,0.0
2025-02-18 14:50:00+09:00,349000.0,350000.0,349000.0,350000.0,1000,0.0,0.0
2025-02-18 14:51:00+09:00,349500.0,350000.0,349500.0,349500.0,104,0.0,0.0
2025-02-18 14:52:00+09:00,350000.0,350000.0,349500.0,350000.0,218,0.0,0.0
2025-02-18 14:53:00+09:00,349500.0,350000.0,349000.0,350000.0,2054,0.0,0.0
2025-02-18 14:54:00+09:00,349500.0,350000.0,349500.0,350000.0,361,0.0,0.0
2025-02-18 14:55:00+09:00,349500.0,350000.0,349500.0,349500.0,186,0.0,0.0
2025-02-18 14:56:00+09:00,349500.0,350000.0,349500.0,349500.0,281,0.0,0.0
2025-02-18 14:57:00+09:00,349500.0,350000.0,349000.0,350000.0,641,0.0,0.0
2025-02-18 14:58:00+09:00,349500.0,350000.0,349000.0,349500.0,296,0.0,0.0
2025-02-18 14:59:00+09:00,349500.0,350000.0,349000.0,349500.0,435,0.0,0.0
2025-02-19 09:00:00+09:00,353500.0,356500.0,353500.0,355000.0,5190,0.0,0.0
2025-02-19 09:01:00+09:00,355000.0,356500.0,354500.0,355500.0,2895,0.0,0.0
2025-02-19 09:02:00+09:00,355000.0,356000.0,355000.0,355500.0,1614,0.0,0.0
2025-02-19 09:03:00+09:00,355500.0,357000.0,355500.0,357000.0,3285,0.0,0.0
2025-02-19 09:04:00+09:00,356500.0,359000.0,356500.0,358000.0,4120,0.0,0.0
2025-02-19 09:05:00+09:00,358500.0,359000.0,358000.0,358000.0,1345,0.0,0.0
2025-02-19 09:06:00+09:00,358000.0,358500.0,357500.0,357500.0,800,0.0,0.0
2025-02-19 09:07:00+09:00,357500.0,358500.0,357000.0,357500.0,1954,0.0,0.0
2025-02-19 09:08:00+09:00,357500.0,358000.0,357000.0,357500.0,741,0.0,0.0
2025-02-19 09:09:00+09:00,357500.0,359000.0,357500.0,358500.0,2687,0.0,0.0
2025-02-19 09:10:00+09:00,358500.0,359500.0,358000.0,359000.0,3077,0.0,0.0
2025-02-19 09:11:00+09:00,359500.0,360000.0,358000.0,358500.0,2777,0.0,0.0
2025-02-19 09:12:00+09:00,358500.0,359500.0,358000.0,359000.0,997,0.0,0.0
2025-02-19 09:13:00+09:00,359000.0,359500.0,358500.0,359000.0,736,0.0,0.0
2025-02-19 09:14:00+09:00,359000.0,359000.0,358000.0,358500.0,647,0.0,0.0
2025-02-19 09:15:00+09:00,358500.0,358500.0,357000.0,357500.0,2624,0.0,0.0
2025-02-19 09:16:00+09:00,357500.0,359000.0,357000.0,358500.0,960,0.0,0.0
2025-02-19 09:17:00+09:00,359000.0,360500.0,358500.0,360500.0,6496,0.0,0.0
2025-02-19 09:18:00+09:00,360500.0,361500.0,360000.0,361000.0,3052,0.0,0.0
2025-02-19 09:19:00+09:00,361000.0,361500.0,360500.0,361000.0,715,0.0,0.0
2025-02-19 09:20:00+09:00,361000.0,361000.0,359500.0,359500.0,1197,0.0,0.0
2025-02-19 09:21:00+09:00,359500.0,360500.0,359500.0,359500.0,1196,0.0,0.0
2025-02-19 09:22:00+09:00,360000.0,360500.0,359500.0,360500.0,560,0.0,0.0
2025-02-19 09:23:00+09:00,360000.0,361000.0,360000.0,360500.0,1418,0.0,0.0
2025-02-19 09:24:00+09:00,360500.0,361000.0,360000.0,361000.0,950,0.0,0.0
2025-02-19 09:25:00+09:00,361000.0,361500.0,361000.0,361000.0,3080,0.0,0.0
2025-02-19 09:26:00+09:00,361500.0,361500.0,361000.0,361000.0,946,0.0,0.0
2025-02-19 09:27:00+09:00,361000.0,362000.0,361000.0,361500.0,1756,0.0,0.0
2025-02-19 09:28:00+09:00,362000.0,362000.0,360500.0,361000.0,1297,0.0,0.0
2025-02-19 09:29:00+09:00,361000.0,361500.0,360500.0,361500.0,1579,0.0,0.0
2025-02-19 09:30:00+09:00,361500.0,361500.0,360500.0,360500.0,1004,0.0,0.0
2025-02-19 09:31:00+09:00,360500.0,360500.0,359500.0,359500.0,768,0.0,0.0
2025-02-19 09:32:00+09:00,359500.0,360000.0,359500.0,360000.0,968,0.0,0.0
2025-02-19 09:33:00+09:00,360000.0,360500.0,359500.0,360000.0,1431,0.0,0.0
2025-02-19 09:34:00+09:00,360000.0,361000.0,360000.0,361000.0,250,0.0,0.0
2025-02-19 09:35:00+09:00,361000.0,361500.0,360500.0,361500.0,865,0.0,0.0
2025-02-19 09:36:00+09:00,361000.0,361500.0,361000.0,361500.0,239,0.0,0.0
2025-02-19 09:37:00+09:00,361500.0,361500.0,360000.0,361500.0,1150,0.0,0.0
2025-02-19 09:38:00+09:00,361000.0,362000.0,361000.0,361500.0,1274,0.0,0.0
2025-02-19 09:39:00+09:00,362000.0,362000.0,361000.0,362000.0,1476,0.0,0.0
2025-02-19 09:40:00+09:00,361500.0,362000.0,360500.0,361000.0,1663,0.0,0.0
2025-02-19 09:41:00+09:00,361000.0,361500.0,360500.0,361500.0,366,0.0,0.0
2025-02-19 09:42:00+09:00,361500.0,361500.0,360000.0,360000.0,629,0.0,0.0
2025-02-19 09:43:00+09:00,360500.0,361500.0,360000.0,361000.0,571,0.0,0.0
2025-02-19 09:44:00+09:00,361000.0,362000.0,361000.0,362000.0,2095,0.0,0.0
2025-02-19 09:45:00+09:00,361500.0,362500.0,361500.0,362500.0,4341,0.0,0.0
2025-02-19 09:46:00+09:00,362500.0,363000.0,362000.0,362500.0,1513,0.0,0.0
2025-02-19 09:47:00+09:00,362500.0,363000.0,362000.0,363000.0,696,0.0,0.0
2025-02-19 09:48:00+09:00,362500.0,363000.0,362500.0,362500.0,435,0.0,0.0
2025-02-19 09:49:00+09:00,362500.0,363000.0,362500.0,363000.0,1356,0.0,0.0
2025-02-19 09:50:00+09:00,363000.0,363000.0,362000.0,362500.0,872,0.0,0.0
2025-02-19 09:51:00+09:00,362500.0,363000.0,362500.0,362500.0,685,0.0,0.0
2025-02-19 09:52:00+09:00,363000.0,363000.0,362500.0,363000.0,869,0.0,0.0
2025-02-19 09:53:00+09:00,363000.0,363000.0,362500.0,363000.0,611,0.0,0.0
2025-02-19 09:54:00+09:00,363000.0,364500.0,362500.0,364000.0,4682,0.0,0.0
2025-02-19 09:55:00+09:00,364000.0,364500.0,364000.0,364000.0,1552,0.0,0.0
2025-02-19 09:56:00+09:00,364500.0,364500.0,364000.0,364500.0,743,0.0,0.0
2025-02-19 09:57:00+09:00,364500.0,365000.0,364000.0,365000.0,1710,0.0,0.0
2025-02-19 09:58:00+09:00,364500.0,365000.0,364500.0,365000.0,420,0.0,0.0
2025-02-19 09:59:00+09:00,365000.0,365000.0,364000.0,364500.0,1171,0.0,0.0
2025-02-19 10:00:00+09:00,364500.0,365000.0,364000.0,365000.0,1316,0.0,0.0
2025-02-19 10:01:00+09:00,365000.0,365000.0,363000.0,363500.0,925,0.0,0.0
2025-02-19 10:02:00+09:00,363500.0,364000.0,363500.0,364000.0,443,0.0,0.0
2025-02-19 10:03:00+09:00,364000.0,364000.0,363500.0,364000.0,943,0.0,0.0
2025-02-19 10:04:00+09:00,363500.0,364500.0,363500.0,364500.0,762,0.0,0.0
2025-02-19 10:05:00+09:00,364000.0,365000.0,364000.0,364500.0,1429,0.0,0.0
2025-02-19 10:06:00+09:00,364500.0,365500.0,364500.0,365500.0,4107,0.0,0.0
2025-02-19 10:07:00+09:00,365500.0,365500.0,365000.0,365000.0,1188,0.0,0.0
2025-02-19 10:08:00+09:00,365000.0,366000.0,365000.0,366000.0,2232,0.0,0.0
2025-02-19 10:09:00+09:00,365500.0,366000.0,364500.0,365000.0,1807,0.0,0.0
2025-02-19 10:10:00+09:00,365500.0,365500.0,365000.0,365500.0,305,0.0,0.0
2025-02-19 10:11:00+09:00,365000.0,365500.0,364500.0,365500.0,912,0.0,0.0
2025-02-19 10:12:00+09:00,365000.0,365500.0,365000.0,365500.0,458,0.0,0.0
2025-02-19 10:13:00+09:00,365500.0,365500.0,365000.0,365500.0,326,0.0,0.0
2025-02-19 10:14:00+09:00,365500.0,365500.0,364500.0,365000.0,829,0.0,0.0
2025-02-19 10:15:00+09:00,365000.0,365500.0,364500.0,365000.0,422,0.0,0.0
2025-02-19 10:16:00+09:00,365000.0,365000.0,364500.0,365000.0,340,0.0,0.0
2025-02-19 10:17:00+09:00,365000.0,365000.0,364500.0,364500.0,246,0.0,0.0
2025-02-19 10:18:00+09:00,365000.0,365000.0,364500.0,365000.0,387,0.0,0.0
2025-02-19 10:19:00+09:00,364500.0,365000.0,364500.0,365000.0,1843,0.0,0.0
2025-02-19 10:20:00+09:00,365000.0,365500.0,364500.0,365500.0,1765,0.0,0.0
2025-02-19 10:21:00+09:00,365000.0,366000.0,365000.0,366000.0,2100,0.0,0.0
2025-02-19 10:22:00+09:00,366000.0,367000.0,365500.0,367000.0,4855,0.0,0.0
2025-02-19 10:23:00+09:00,367000.0,367000.0,365500.0,366000.0,1719,0.0,0.0
2025-02-19 10:24:00+09:00,366000.0,367000.0,365500.0,367000.0,822,0.0,0.0
2025-02-19 10:25:00+09:00,366500.0,367000.0,366000.0,366000.0,543,0.0,0.0
2025-02-19 10:26:00+09:00,366500.0,366500.0,366000.0,366000.0,1486,0.0,0.0
2025-02-19 10:27:00+09:00,366500.0,367000.0,365000.0,365500.0,1377,0.0,0.0
2025-02-19 10:28:00+09:00,365500.0,366000.0,365000.0,366000.0,2037,0.0,0.0
2025-02-19 10:29:00+09:00,366000.0,366500.0,366000.0,366000.0,1570,0.0,0.0
2025-02-19 10:30:00+09:00,366000.0,367000.0,366000.0,367000.0,909,0.0,0.0
2025-02-19 10:31:00+09:00,367000.0,367500.0,366500.0,367500.0,3475,0.0,0.0
2025-02-19 10:32:00+09:00,367500.0,367500.0,366500.0,366500.0,2444,0.0,0.0
2025-02-19 10:33:00+09:00,366500.0,367000.0,366000.0,367000.0,1089,0.0,0.0
2025-02-19 10:34:00+09:00,367000.0,367000.0,365500.0,365500.0,1008,0.0,0.0
2025-02-19 10:35:00+09:00,365500.0,366500.0,365500.0,366500.0,903,0.0,0.0
2025-02-19 10:36:00+09:00,366500.0,366500.0,365000.0,365000.0,742,0.0,0.0
2025-02-19 10:37:00+09:00,365500.0,366000.0,365000.0,365500.0,565,0.0,0.0
2025-02-19 10:38:00+09:00,365000.0,366000.0,365000.0,366000.0,328,0.0,0.0
2025-02-19 10:39:00+09:00,366000.0,366500.0,365500.0,366000.0,589,0.0,0.0
2025-02-19 10:40:00+09:00,365500.0,366000.0,365500.0,366000.0,412,0.0,0.0
2025-02-19 10:41:00+09:00,366500.0,366500.0,366000.0,366500.0,319,0.0,0.0
2025-02-19 10:42:00+09:00,366000.0,367500.0,366000.0,367500.0,3821,0.0,0.0
2025-02-19 10:43:00+09:00,367500.0,367500.0,367000.0,367500.0,1405,0.0,0.0
2025-02-19 10:44:00+09:00,367500.0,368000.0,367000.0,367500.0,1613,0.0,0.0
2025-02-19 10:45:00+09:00,368000.0,368000.0,367000.0,367500.0,1491,0.0,0.0
2025-02-19 10:46:00+09:00,367500.0,368000.0,367000.0,368000.0,1267,0.0,0.0
2025-02-19 10:47:00+09:00,368000.0,368000.0,367500.0,367500.0,681,0.0,0.0
2025-02-19 10:48:00+09:00,368000.0,368500.0,367500.0,368500.0,3505,0.0,0.0
2025-02-19 10:49:00+09:00,368500.0,369500.0,368500.0,369500.0,4090,0.0,0.0
2025-02-19 10:50:00+09:00,369500.0,369500.0,369000.0,369500.0,1229,0.0,0.0
2025-02-19 10:51:00+09:00,369500.0,369500.0,369000.0,369500.0,2084,0.0,0.0
2025-02-19 10:52:00+09:00,369000.0,369500.0,368500.0,369000.0,1545,0.0,0.0
2025-02-19 10:53:00+09:00,369000.0,369500.0,368500.0,369500.0,1286,0.0,0.0
2025-02-19 10:54:00+09:00,369000.0,369500.0,368500.0,369000.0,606,0.0,0.0
2025-02-19 10:55:00+09:00,369000.0,369500.0,369000.0,369500.0,1594,0.0,0.0
2025-02-19 10:56:00+09:00,369500.0,369500.0,369000.0,369500.0,642,0.0,0.0
2025-02-19 10:57:00+09:00,369500.0,369500.0,369000.0,369500.0,689,0.0,0.0
2025-02-19 10:58:00+09:00,369500.0,369500.0,369000.0,369500.0,1878,0.0,0.0
2025-02-19 10:59:00+09:00,369000.0,369500.0,369000.0,369000.0,503,0.0,0.0
2025-02-19 11:00:00+09:00,369500.0,370000.0,369000.0,370000.0,2118,0.0,0.0
2025-02-19 11:01:00+09:00,370000.0,370500.0,369500.0,370500.0,7730,0.0,0.0
2025-02-19 11:02:00+09:00,370500.0,370500.0,368500.0,369000.0,1233,0.0,0.0
2025-02-19 11:03:00+09:00,368500.0,369000.0,367500.0,367500.0,1239,0.0,0.0
2025-02-19 11:04:00+09:00,368000.0,368000.0,367000.0,368000.0,1141,0.0,0.0
2025-02-19 11:05:00+09:00,368000.0,368000.0,367000.0,367000.0,664,0.0,0.0
2025-02-19 11:06:00+09:00,367000.0,367500.0,367000.0,367500.0,670,0.0,0.0
2025-02-19 11:07:00+09:00,367000.0,368000.0,367000.0,368000.0,751,0.0,0.0
2025-02-19 11:08:00+09:00,368000.0,369000.0,367500.0,368500.0,1162,0.0,0.0
2025-02-19 11:09:00+09:00,368500.0,369000.0,368000.0,368500.0,557,0.0,0.0
2025-02-19 11:10:00+09:00,368500.0,369500.0,368000.0,369500.0,655,0.0,0.0
2025-02-19 11:11:00+09:00,369000.0,369500.0,369000.0,369500.0,318,0.0,0.0
2025-02-19 11:12:00+09:00,369500.0,369500.0,369000.0,369500.0,711,0.0,0.0
2025-02-19 11:13:00+09:00,369500.0,370000.0,369000.0,370000.0,1069,0.0,0.0
2025-02-19 11:14:00+09:00,370000.0,370000.0,369500.0,369500.0,223,0.0,0.0
2025-02-19 11:15:00+09:00,370000.0,370000.0,369500.0,370000.0,343,0.0,0.0
2025-02-19 11:16:00+09:00,370000.0,370000.0,369500.0,370000.0,880,0.0,0.0
2025-02-19 11:17:00+09:00,370000.0,370500.0,369500.0,370500.0,2707,0.0,0.0
2025-02-19 11:18:00+09:00,370500.0,370500.0,370000.0,370000.0,984,0.0,0.0
2025-02-19 11:19:00+09:00,370500.0,370500.0,370000.0,370500.0,1032,0.0,0.0
2025-02-19 11:20:00+09:00,370500.0,370500.0,370000.0,370000.0,1320,0.0,0.0
2025-02-19 11:21:00+09:00,370000.0,370500.0,369500.0,370000.0,717,0.0,0.0
2025-02-19 11:22:00+09:00,370000.0,370000.0,369500.0,370000.0,1243,0.0,0.0
2025-02-19 11:23:00+09:00,370000.0,370000.0,369500.0,370000.0,966,0.0,0.0
2025-02-19 11:24:00+09:00,370000.0,370000.0,369000.0,369500.0,579,0.0,0.0
2025-02-19 11:25:00+09:00,370000.0,370000.0,369500.0,369500.0,1086,0.0,0.0
2025-02-19 11:26:00+09:00,370000.0,370000.0,369000.0,370000.0,530,0.0,0.0
2025-02-19 11:27:00+09:00,370000.0,370000.0,369500.0,369500.0,1335,0.0,0.0
2025-02-19 11:28:00+09:00,370000.0,370000.0,369500.0,370000.0,373,0.0,0.0
2025-02-19 11:29:00+09:00,369500.0,370000.0,369000.0,369500.0,540,0.0,0.0
2025-02-19 11:30:00+09:00,369000.0,370000.0,369000.0,369500.0,314,0.0,0.0
2025-02-19 11:31:00+09:00,369500.0,369500.0,369000.0,369000.0,474,0.0,0.0
2025-02-19 11:32:00+09:00,369000.0,369500.0,369000.0,369000.0,314,0.0,0.0
2025-02-19 11:33:00+09:00,369500.0,369500.0,369000.0,369500.0,255,0.0,0.0
2025-02-19 11:34:00+09:00,369500.0,369500.0,369000.0,369500.0,543,0.0,0.0
2025-02-19 11:35:00+09:00,369500.0,369500.0,368500.0,369500.0,426,0.0,0.0
2025-02-19 11:36:00+09:00,369500.0,369500.0,369000.0,369500.0,465,0.0,0.0
2025-02-19 11:37:00+09:00,369000.0,369500.0,369000.0,369500.0,458,0.0,0.0
2025-02-19 11:38:00+09:00,369500.0,369500.0,369000.0,369000.0,273,0.0,0.0
2025-02-19 11:39:00+09:00,369500.0,369500.0,368500.0,369000.0,860,0.0,0.0
2025-02-19 11:40:00+09:00,369000.0,369500.0,369000.0,369500.0,301,0.0,0.0
2025-02-19 11:41:00+09:00,369500.0,369500.0,368500.0,369000.0,1299,0.0,0.0
2025-02-19 11:42:00+09:00,369000.0,369000.0,368000.0,368000.0,606,0.0,0.0
2025-02-19 11:43:00+09:00,368500.0,368500.0,367500.0,367500.0,1012,0.0,0.0
2025-02-19 11:44:00+09:00,367500.0,368000.0,367500.0,368000.0,667,0.0,0.0
2025-02-19 11:45:00+09:00,368000.0,368000.0,367500.0,368000.0,514,0.0,0.0
2025-02-19 11:46:00+09:00,368000.0,368000.0,367500.0,368000.0,383,0.0,0.0
2025-02-19 11:47:00+09:00,368000.0,368500.0,367500.0,368000.0,1035,0.0,0.0
2025-02-19 11:48:00+09:00,368500.0,369000.0,368000.0,369000.0,597,0.0,0.0
2025-02-19 11:49:00+09:00,369000.0,369000.0,368500.0,368500.0,426,0.0,0.0
2025-02-19 11:50:00+09:00,369000.0,369000.0,368500.0,368500.0,306,0.0,0.0
2025-02-19 11:51:00+09:00,368500.0,369000.0,368000.0,368500.0,461,0.0,0.0
2025-02-19 11:52:00+09:00,368500.0,368500.0,368000.0,368500.0,273,0.0,0.0
2025-02-19 11:53:00+09:00,368000.0,368500.0,368000.0,368500.0,196,0.0,0.0
2025-02-19 11:54:00+09:00,368500.0,368500.0,368000.0,368000.0,329,0.0,0.0
2025-02-19 11:55:00+09:00,367500.0,368000.0,367500.0,368000.0,269,0.0,0.0
2025-02-19 11:56:00+09:00,368000.0,368000.0,367500.0,368000.0,177,0.0,0.0
2025-02-19 11:57:00+09:00,368000.0,368000.0,367500.0,368000.0,212,0.0,0.0
2025-02-19 11:58:00+09:00,368000.0,368000.0,367500.0,368000.0,328,0.0,0.0
2025-02-19 11:59:00+09:00,368000.0,368000.0,367500.0,368000.0,231,0.0,0.0
2025-02-19 12:00:00+09:00,368000.0,368000.0,367500.0,367500.0,465,0.0,0.0
2025-02-19 12:01:00+09:00,367500.0,368000.0,367500.0,368000.0,330,0.0,0.0
2025-02-19 12:02:00+09:00,368000.0,368000.0,367500.0,367500.0,211,0.0,0.0
2025-02-19 12:03:00+09:00,368000.0,368000.0,367500.0,368000.0,1750,0.0,0.0
2025-02-19 12:04:00+09:00,367500.0,368000.0,366000.0,366500.0,1815,0.0,0.0
2025-02-19 12:05:00+09:00,366500.0,367000.0,366000.0,367000.0,564,0.0,0.0
2025-02-19 12:06:00+09:00,366500.0,367500.0,366500.0,367500.0,230,0.0,0.0
2025-02-19 12:07:00+09:00,367000.0,367500.0,367000.0,367500.0,366,0.0,0.0
2025-02-19 12:08:00+09:00,367500.0,368000.0,367000.0,367500.0,238,0.0,0.0
2025-02-19 12:09:00+09:00,368000.0,368000.0,367500.0,368000.0,196,0.0,0.0
2025-02-19 12:10:00+09:00,367500.0,368000.0,367500.0,367500.0,223,0.0,0.0
2025-02-19 12:11:00+09:00,368000.0,368000.0,367500.0,367500.0,134,0.0,0.0
2025-02-19 12:12:00+09:00,368000.0,368000.0,367500.0,368000.0,281,0.0,0.0
2025-02-19 12:13:00+09:00,368000.0,368000.0,367500.0,368000.0,169,0.0,0.0
2025-02-19 12:14:00+09:00,368000.0,368000.0,367500.0,368000.0,223,0.0,0.0
2025-02-19 12:15:00+09:00,368000.0,368000.0,367500.0,368000.0,476,0.0,0.0
2025-02-19 12:16:00+09:00,368000.0,368500.0,367500.0,368500.0,405,0.0,0.0
2025-02-19 12:17:00+09:00,368500.0,368500.0,368000.0,368500.0,177,0.0,0.0
2025-02-19 12:18:00+09:00,368500.0,368500.0,368000.0,368500.0,209,0.0,0.0
2025-02-19 12:19:00+09:00,368500.0,368500.0,368000.0,368500.0,348,0.0,0.0
2025-02-19 12:20:00+09:00,368500.0,368500.0,368000.0,368500.0,437,0.0,0.0
2025-02-19 12:21:00+09:00,368500.0,368500.0,368000.0,368500.0,424,0.0,0.0
2025-02-19 12:22:00+09:00,368500.0,369000.0,368000.0,368500.0,790,0.0,0.0
2025-02-19 12:23:00+09:00,369000.0,369000.0,368500.0,369000.0,292,0.0,0.0
2025-02-19 12:24:00+09:00,368500.0,369000.0,368500.0,368500.0,291,0.0,0.0
2025-02-19 12:25:00+09:00,369000.0,369000.0,368000.0,368000.0,710,0.0,0.0
2025-02-19 12:26:00+09:00,368500.0,368500.0,367500.0,367500.0,700,0.0,0.0
2025-02-19 12:27:00+09:00,368000.0,368500.0,367500.0,368500.0,280,0.0,0.0
2025-02-19 12:28:00+09:00,368500.0,369000.0,368000.0,368500.0,579,0.0,0.0
2025-02-19 12:29:00+09:00,369000.0,369000.0,368500.0,369000.0,420,0.0,0.0
2025-02-19 12:30:00+09:00,369000.0,369000.0,368500.0,369000.0,268,0.0,0.0
2025-02-19 12:31:00+09:00,369000.0,369000.0,368500.0,368500.0,337,0.0,0.0
2025-02-19 12:32:00+09:00,369000.0,369000.0,368000.0,368500.0,252,0.0,0.0
2025-02-19 12:33:00+09:00,368500.0,368500.0,368000.0,368500.0,237,0.0,0.0
2025-02-19 12:34:00+09:00,368500.0,368500.0,367000.0,367000.0,1949,0.0,0.0
2025-02-19 12:35:00+09:00,367000.0,368000.0,367000.0,367500.0,816,0.0,0.0
2025-02-19 12:36:00+09:00,368000.0,368000.0,367500.0,368000.0,198,0.0,0.0
2025-02-19 12:37:00+09:00,368000.0,368000.0,367500.0,368000.0,254,0.0,0.0
2025-02-19 12:38:00+09:00,367500.0,368000.0,367500.0,367500.0,192,0.0,0.0
2025-02-19 12:39:00+09:00,368000.0,368000.0,367500.0,368000.0,247,0.0,0.0
2025-02-19 12:40:00+09:00,367500.0,368000.0,367500.0,368000.0,164,0.0,0.0
2025-02-19 12:41:00+09:00,368000.0,368000.0,367000.0,367500.0,1026,0.0,0.0
2025-02-19 12:42:00+09:00,367000.0,367500.0,367000.0,367500.0,250,0.0,0.0
2025-02-19 12:43:00+09:00,367500.0,367500.0,366500.0,367000.0,314,0.0,0.0
2025-02-19 12:44:00+09:00,367000.0,367000.0,366500.0,367000.0,306,0.0,0.0
2025-02-19 12:45:00+09:00,366500.0,367000.0,366000.0,366500.0,649,0.0,0.0
2025-02-19 12:46:00+09:00,366000.0,366500.0,366000.0,366500.0,485,0.0,0.0
2025-02-19 12:47:00+09:00,366500.0,366500.0,365500.0,366000.0,618,0.0,0.0
2025-02-19 12:48:00+09:00,366000.0,366500.0,365500.0,366000.0,767,0.0,0.0
2025-02-19 12:49:00+09:00,366000.0,366500.0,365500.0,366000.0,219,0.0,0.0
2025-02-19 12:50:00+09:00,366000.0,366500.0,365500.0,366000.0,390,0.0,0.0
2025-02-19 12:51:00+09:00,365500.0,366500.0,365500.0,366000.0,248,0.0,0.0
2025-02-19 12:52:00+09:00,366500.0,366500.0,366000.0,366500.0,172,0.0,0.0
2025-02-19 12:53:00+09:00,366500.0,366500.0,366000.0,366000.0,250,0.0,0.0
2025-02-19 12:54:00+09:00,366500.0,366500.0,366000.0,366000.0,220,0.0,0.0
2025-02-19 12:55:00+09:00,366500.0,366500.0,365500.0,366500.0,508,0.0,0.0
2025-02-19 12:56:00+09:00,366000.0,366500.0,366000.0,366500.0,254,0.0,0.0
2025-02-19 12:57:00+09:00,366500.0,367000.0,366000.0,367000.0,409,0.0,0.0
2025-02-19 12:58:00+09:00,366500.0,366500.0,365500.0,366000.0,634,0.0,0.0
2025-02-19 12:59:00+09:00,366500.0,366500.0,366000.0,366500.0,196,0.0,0.0
2025-02-19 13:00:00+09:00,366500.0,367000.0,366000.0,366500.0,317,0.0,0.0
2025-02-19 13:01:00+09:00,366500.0,367000.0,365500.0,366000.0,648,0.0,0.0
2025-02-19 13:02:00+09:00,366000.0,366500.0,365500.0,366500.0,237,0.0,0.0
2025-02-19 13:03:00+09:00,366500.0,367000.0,366000.0,367000.0,340,0.0,0.0
2025-02-19 13:04:00+09:00,367000.0,367000.0,366500.0,366500.0,348,0.0,0.0
2025-02-19 13:05:00+09:00,366500.0,366500.0,366000.0,366500.0,359,0.0,0.0
2025-02-19 13:06:00+09:00,366500.0,367000.0,366000.0,367000.0,163,0.0,0.0
2025-02-19 13:07:00+09:00,367000.0,367000.0,365500.0,366000.0,495,0.0,0.0
2025-02-19 13:08:00+09:00,366000.0,366000.0,365500.0,366000.0,299,0.0,0.0
2025-02-19 13:09:00+09:00,365500.0,366000.0,365500.0,366000.0,224,0.0,0.0
2025-02-19 13:10:00+09:00,366000.0,366000.0,365500.0,366000.0,192,0.0,0.0
2025-02-19 13:11:00+09:00,366000.0,366000.0,365500.0,366000.0,291,0.0,0.0
2025-02-19 13:12:00+09:00,366000.0,367000.0,365500.0,367000.0,408,0.0,0.0
2025-02-19 13:13:00+09:00,367000.0,367000.0,366500.0,366500.0,541,0.0,0.0
2025-02-19 13:14:00+09:00,367000.0,367000.0,366000.0,366500.0,335,0.0,0.0
2025-02-19 13:15:00+09:00,366500.0,367000.0,366000.0,366500.0,299,0.0,0.0
2025-02-19 13:16:00+09:00,366500.0,367000.0,366000.0,366500.0,456,0.0,0.0
2025-02-19 13:17:00+09:00,366500.0,367000.0,366000.0,366500.0,277,0.0,0.0
2025-02-19 13:18:00+09:00,366500.0,367000.0,366500.0,367000.0,254,0.0,0.0
2025-02-19 13:19:00+09:00,367000.0,367000.0,366500.0,367000.0,197,0.0,0.0
